MeshVersionFormatted 1

Dimension
2

Vertices
4870
0.0 0.0 1
0.5 0.0 1
0.5 0.5 1
0.0 0.5 1
0.25 0.0 1
0.5 0.25 1
0.25 0.5 1
0.125 0.25 0
0.0 0.25 1
0.0 0.375 1
0.125 0.5 1
0.1875 0.375 0
0.3645833333333333 0.3645833333333333 0
0.269345238095238 0.2559523809523811 0
0.19552788220551365 0.29286105889724307 0
0.2658301259100127 0.3411938514440863 0
0.3274862076135275 0.3010431584914671 0
0.38253223280934573 0.1700362237431028 0
0.3374526057192909 0.22816281564466828 0
0.4138034175991909 0.2757254255862096 0
0.3927308074294798 0.22448952247461287 0
0.36764554941673966 0.26475812459387343 0
0.38006628900213296 0.31509871276385193 0
0.38680605776923804 0.28673317792992775 0
0.35701964312801104 0.29336382494459706 0
0.3493673097147982 0.32456422686089625 0
0.3447739744123243 0.30689902569154637 0
0.33070502519508016 0.319987041484239 0
0.34127133171910684 0.31723957270036923 0
0.334378769666318 0.3091413655959178 0
0.32343004620960436 0.3114777556883321 0
0.32827392756370766 0.3073550218067611 0
0.33516648961649514 0.3154532289112125 0
0.340246991369763 0.3111291022073587 0
0.3377019523728689 0.29933062267813426 0
0.3331062501678675 0.3032421258313075 0
0.3389744718713155 0.305229862442747 0
0.3476116011649148 0.29715920756169617 0
0.3428623062823154 0.2718285184996055 0
0.32981615170582185 0.28361578817476457 0
0.33133708375006926 0.2926885640194426 0
0.34185386460755907 0.2862616933557978 0
0.33530283694349194 0.28735988734489154 0
0.33721631121931384 0.27868585167747856 0
0.31689504293349324 0.25620132078213037 0
0.32538841800387347 0.268950436387032 0
0.3341255867699058 0.2703881136518623 0
0.3321285833384416 0.25525651109605774 0
0.3308338509817009 0.26312496348411174 0
0.34163475615673766 0.26086147440916135 0
0.33682027475493687 0.26478935314595314 0
0.32465687529140524 0.2580678104685091 0
0.32381513485287805 0.244496096323513 0
0.3221522604451738 0.25141119072722357 0
0.31172395841344314 0.24524601133422713 0
0.3287244630948927 0.2759443064694204 0
0.30420633495658245 0.28334677071562925 0
0.3170318282815807 0.2815216415515055 0
0.32121012314272757 0.2752360389692696 0
0.3150684346942529 0.2666218673828751 0
0.32362038274724586 0.2813697785271599 0
0.3205634698219551 0.29174372481405025 0
0.3256928261077099 0.2951517489066274 0
0.3183780080341278 0.3005970877598288 0
0.3092520876819513 0.2936479216719702 0
0.31532022422781214 0.2951458474461104 0
0.3138548327439677 0.28804213379846383 0
0.3195951492572845 0.26204498554847666 0
0.2982509245186616 0.25830357559547185 0
0.3078818618729621 0.2599917739402434 0
0.3101195445210263 0.252701393616001 0
0.29999345914428666 0.24662191106313022 0
0.30609337166482214 0.24793462502206487 0
0.3049676255037085 0.23833685838050678 0
0.277404613962634 0.22742433992434163 0
0.2902847494129328 0.23515729454948675 0
0.2970861886644762 0.23924073150718214 0
0.2996963845282219 0.22718713407154265 0
0.29634417308561545 0.23277063216920513 0
0.28980123794779256 0.225044348831424 0
0.2876745535491817 0.2472108919851232 0
0.29373397722186834 0.24482422960484582 0
0.29325071454234025 0.25248266219751103 0
0.2819677578646002 0.25883214543908717 0
0.29016212273058656 0.26019385300522396 0
0.2866241418977048 0.2539069028794729 0
0.2772840785845968 0.2490113202536027 0
0.28255326819710863 0.2806452328945445 0
0.28437510725968396 0.26968192889514014 0
0.29691029650010525 0.27081859433853517 0
0.29539321734600305 0.26432676805365085 0
0.3029640209142347 0.2659807187436609 0
0.3048697121307672 0.27457185309697246 0
0.30886380342317954 0.2691789530405508 0
0.3122141679994644 0.2758358036664281 0
0.2853571858128517 0.263772062348288 0
0.2760603267739946 0.2556222097902621 0
0.2732431193541622 0.26677677824396556 0
0.28097881036963807 0.23945151820105653 0
0.26336990376443364 0.23813980089336345 0
0.26806214151619656 0.2464742827339288 0
0.27416697416645214 0.2423127198492579 0
0.27497271390606326 0.23469171678209388 0
0.2696363485866874 0.2379806185598604 0
0.26719709117755747 0.22804915641442958 0
0.19082354701854345 0.2048532512725953 0
0.2282244549162623 0.21903869643859847 0
0.26695040604966047 0.14032739576900186 0
0.2696347499422593 0.18418107421916277 0
0.301760996631014 0.19373424049009336 0
0.2981730548331256 0.2103029611194114 0
0.2962933219830201 0.2189833606926486 0
0.31110476176281093 0.21764703784712577 0
0.3034899845446412 0.21599806457550835 0
0.3059449193753803 0.22306803402006944 0
0.3190101353539535 0.2303377068744384 0
0.3134171497007732 0.22501416051415765 0
0.30790527505380794 0.23085919666058072 0
0.32651044981288796 0.2168579767302693 0
0.3189095937953987 0.2192437287487212 0
0.3099324884504656 0.20465387857469258 0
0.30493652672235283 0.20931809188610284 0
0.30249891335785273 0.2016993402540552 0
0.2867020737174089 0.1991460871783133 0
0.284235914600897 0.21257576923840327 0
0.28916273639863915 0.21785301783305167 0
0.29114348975236365 0.21106533651865916 0
0.2864249364873343 0.20603647263874494 0
0.2942003403506585 0.2028984399911409 0
0.26919914092133496 0.20189287024498084 0
0.2771832077381117 0.20657884930941467 0
0.28132469894396556 0.2202321270752664 0
0.27740666844359185 0.19705341482641003 0
0.2669467533505213 0.21487523175144477 0
0.2730751836410944 0.2204001831307454 0
0.2769283188129168 0.2140242577464485 0
0.27050852420659716 0.20880661383618399 0
0.2936098763120961 0.19471034526718306 0
0.31661202181999903 0.21060069766393036 0
0.341034583118729 0.17644433242501595 0
0.32699418960694027 0.19221465864077222 0
0.31981106792783864 0.20028282083521398 0
0.31586560881367676 0.20471440441220226 0
0.31059682555735446 0.21157470138296267 0
0.32142248218430297 0.2139488324157003 0
0.32928978044439666 0.20609315776213658 0
0.3248088883842992 0.22473770977756577 0
0.3322749758267763 0.22222636255772957 0
0.35202187468123614 0.21022972593452752 0
0.3431860916813267 0.21793608080908744 0
0.3384956183325593 0.22202699750040938 0
0.34657590238243224 0.2265571037282564 0
0.33510626425616785 0.21340649812796308 0
0.3429975115853496 0.20880131641150845 0
0.3363394736932083 0.20645602737124916 0
0.34501845027257766 0.19244068438433737 0
0.34221495687087566 0.20039951801997347 0
0.35279376836571413 0.1996527156497982 0
0.34779317617559113 0.20411729852072433 0
0.3359886952371018 0.19373314077387208 0
0.3331284232502135 0.2001782792738075 0
0.339395700755952 0.18534675759853264 0
0.32753548104111524 0.1785612965116411 0
0.33465661367288546 0.17987225374472451 0
0.33296323442580156 0.1690741965377432 0
0.3299404387230696 0.18549405263577526 0
0.35221054461629 0.21936459333781905 0
0.3695837266268172 0.23877817175804958 0
0.3591681994526319 0.2306186049145196 0
0.3728722955180271 0.21436846711114282 0
0.36199171441819544 0.21459319270800498 0
0.35599774004250323 0.21471699119420623 0
0.35361917269109483 0.22627147451774807 0
0.36092101725810255 0.22266599017820216 0
0.36753434228784443 0.21943571498922512 0
0.37923853304002925 0.22641998945359376 0
0.3743656908787066 0.22128682759117502 0
0.36861800983158305 0.22896731233830728 0
0.38468488527622935 0.21637039684340803 0
0.34488907603385444 0.2436940564422349 0
0.35070318101913805 0.23570885790012336 0
0.3431166792738329 0.23362369370705677 0
0.33307686202875036 0.23836923166495808 0
0.32695311927498333 0.23276032419930792 0
0.32116643237983694 0.2375004565801184 0
0.31302930639262205 0.23718807525500415 0
0.33300703832626055 0.23229809357743472 0
0.33971216567398194 0.23941404588738424 0
0.3351249121050544 0.24695450097164837 0
0.3396910480690402 0.25329420940902186 0
0.3299190758339674 0.2436594539895533 0
0.3284449734661264 0.24994931425721728 0
0.3525188711643601 0.2540325484070925 0
0.34598714539936243 0.25571027056903584 0
0.35188156985973407 0.2651049533802141 0
0.34551748679408284 0.2659790996098948 0
0.3545022009704521 0.24458421732077926 0
0.3492988395970366 0.24842429200518165 0
0.36545636257745207 0.2518159700303204 0
0.3585493264276934 0.2503660916822342 0
0.35998907011052345 0.2595266955539323 0
0.3634870726561036 0.2440203565997512 0
0.362658607062511 0.23689055958648053 0
0.35412131107457057 0.25967932429886725 0
0.3598305687486359 0.26797722114512323 0
0.37014432975684863 0.2819201363250503 0
0.36673899833851303 0.27365303442888095 0
0.35545774611877334 0.2803419628401056 0
0.36291583403747574 0.28006274971877054 0
0.35897822627212106 0.27463138886070176 0
0.35086147591501443 0.27356798600109306 0
0.3594214783738783 0.2864711373984623 0
0.3687718484843251 0.29359419719814694 0
0.3454349805556331 0.27926008768253935 0
0.38197468863910566 0.272212148965625 0
0.3740706673454646 0.2699066113521036 0
0.3762152095583348 0.2772558824001341 0
0.3835032049838071 0.2797678379263661 0
0.37777525712871673 0.28674968912772086 0
0.3985407631389452 0.27690301842224246 0
0.3902843503621018 0.27446355784039467 0
0.39261910439724496 0.2817532705833699 0
0.4092501734181742 0.30704945885867874 0
0.5 0.375 1
0.40547887899070734 0.2914137379036763 0
0.4002323425824821 0.28500825687850273 0
0.3946801566245546 0.2949072654381514 0
0.39326543124931207 0.28839046681367697 0
0.39939522174623165 0.2910452977372384 0
0.40896216764340354 0.2832093007578093 0
0.4061544182789729 0.27608517593969406 0
0.40016804122551164 0.25620371305238326 0
0.40129617632170983 0.26670601851719056 0
0.39588094128354534 0.2707135055039768 0
0.3827723428047942 0.2547762141000873 0
0.3802576188510015 0.2633973840874493 0
0.38860647629259387 0.2659082809694283 0
0.37352293677470344 0.2567555859695879 0
0.4251771919857611 0.294935230634991 0
0.4199893392279716 0.2850348589444069 0
0.41487260975365553 0.2817248937494622 0
0.41350595738775997 0.2899800730397304 0
0.4197641785634478 0.29146226291339683 0
0.4145990447222466 0.29931782894741427 0
0.42660553275750246 0.3133401532457653 0
0.371632113540982 0.28801275972410223 0
0.3664385671999839 0.25830605806291973 0
0.4187560932231615 0.3079097792676874 0
0.41236954526533515 0.3255295884533762 0
0.41788266380295075 0.31756054418839946 0
0.41356641861056204 0.31230500152354 0
0.4014290003569546 0.317872975074452 0
0.40676462361381616 0.3134909617031565 0
0.3975760239246636 0.30624510904279384 0
0.40788433359713744 0.3202937271136664 0
0.39995270283746165 0.3316272447184372 0
0.4053766307283169 0.3269809290341359 0
0.4116933082984581 0.33984377118966297 0
0.4101898371130367 0.3325996786259324 0
0.42501817001582054 0.33330020530292037 0
0.4176941297501054 0.33104220436017157 0
0.42375668615054496 0.32438483771794935 0
0.4179139848538385 0.323473768704774 0
0.5 0.3125 1
0.4498853943286934 0.32523467554003443 0
0.4367467537602722 0.3270937332772224 0
0.42976320625548614 0.328081873408936 0
0.43462483330736873 0.3372690573318136 0
0.43216140830897853 0.319859132414672 0
0.44223772267912215 0.3185431011408288 0
0.44317752099061475 0.3251849993317857 0
0.4464473433779511 0.3365679496483005 0
0.44031238055509925 0.3331462048353871 0
0.46903778275280206 0.29562980365875574 0
0.45730606463235307 0.3090377586059759 0
0.4511860443982253 0.3160322119957311 0
0.46599951779824367 0.3228190531335294 0
0.4596024886809952 0.31722176833451865 0
0.45814035093563094 0.32534698059147465 0
0.47032483036333655 0.3497469673312206 0
0.5 0.34375 1
0.46610061528843344 0.3366141493649069 0
0.46388709437886083 0.3297324526107109 0
0.4556982731747404 0.3345051069461724 0
0.4759664496869626 0.3296439289437296 0
0.47182612912756666 0.30970576798040717 0
0.46447087610687715 0.31144151234069584 0
0.46955870292618007 0.3165493934566884 0
0.4840743798739648 0.31756128556666663 0
0.4769459134919109 0.31519948603418646 0
0.4744235413340073 0.3222838761048678 0
0.5 0.28125 1
0.48512838829584737 0.3024414466021243 0
0.4794060143005828 0.3077743232843796 0
0.4664681220894034 0.30345299253760316 0
0.45530918892665984 0.29545403039537943 0
0.4621458594018015 0.29769965215661315 0
0.462299467335683 0.2857022590820087 0
0.456893726943431 0.302159734857292 0
0.44072277931672227 0.30244081863661515 0
0.4488741588615619 0.30609187985792374 0
0.44758441475819727 0.2980464314854863 0
0.43733749921392717 0.2896005986753416 0
0.441099684739742 0.29547508006569634 0
0.44819197401338773 0.2870515735712008 0
0.43309592805391645 0.29645896807271305 0
0.42753698031018067 0.3040099813682613 0
0.45007748696436456 0.29266997953221197 0
0.4420332782364337 0.31043992969089135 0
0.43464376901688934 0.30754365177550874 0
0.43290242132148876 0.3136005762364065 0
0.4742522054563533 0.30167618930989576 0
0.4804651342352031 0.2910464788721093 0
0.47553694911019345 0.29529656179533104 0
0.4720135395132489 0.28622871013184287 0
0.46694885141705617 0.2897970784245005 0
0.4843477150656622 0.2744134318198609 0
0.4680363129323199 0.2697312439031453 0
0.4675570316563453 0.2785749396458467 0
0.4764541624850793 0.27851878418920367 0
0.47687618177161933 0.2696888932273891 0
0.4723182812998966 0.24091237448369984 0
0.5 0.125 1
0.5 0.1875 1
0.47238888934501716 0.2556504122287594 0
0.4724258967941724 0.2633749878291866 0
0.4846931950720484 0.2594538403302057 0
0.4779432003276247 0.25948617868771007 0
0.4812667641094444 0.24873426126372872 0
0.46012159106714573 0.2595715597277421 0
0.4656759020497519 0.26340732618668916 0
0.4567980272853171 0.270323477151738 0
0.45940499236546367 0.27806429346483974 0
0.4625576508284336 0.272693138679345 0
0.44943423751507805 0.2771128637905521 0
0.4838576370868083 0.26691832881474964 0
0.5 0.265625 1
0.49223826337634213 0.2701339233611305 0
0.4917873622013243 0.27871659482799566 0
0.48425243670619894 0.28316086202219415 0
0.5 0.296875 1
0.4928707570955658 0.2891629978763511 0
0.5 0.2890625 1
0.4899363587183543 0.2841879430069703 0
0.4782410831307075 0.2851260211973961 0
0.5 0.2734375 1
0.4926212569445855 0.26185816117758565 0
0.5 0.2578125 1
0.49107815546915495 0.2526731732641775 0
0.5 0.21875 1
0.5 0.234375 1
0.49011630265328016 0.24088004367203175 0
0.48765263280856114 0.24701677102844122 0
0.4850809752770337 0.25342248369277737 0
0.4917131116893463 0.2973844266122841 0
0.487036727628174 0.29253373551219497 0
0.49334194954697846 0.30632080881156865 0
0.5 0.3046875 1
0.49188866991773456 0.314563316176982 0
0.48648325254249813 0.30963186392128894 0
0.4932883850472856 0.32989477847741205 0
0.5 0.328125 1
0.49480285205187685 0.3220268863368909 0
0.5 0.3203125 1
0.5 0.3359375 1
0.4874039162852271 0.32468239102107066 0
0.48066730736803115 0.3248167265651256 0
0.4845688912984784 0.3338107595807837 0
0.49159952453486183 0.33984374999999845 0
0.48106226662569684 0.34501037632611004 0
0.5 0.359375 1
0.4912587130358024 0.35156250000000017 0
0.4939492614248751 0.3457764172530829 0
0.5 0.3515625 1
0.4852211523542423 0.34016375828137807 0
0.4773717048871504 0.3377060789891583 0
0.47416399078287813 0.3439112986861239 0
0.4410712034147776 0.28111453948160153 0
0.4340581267418501 0.25571831023678576 0
0.43983423098948543 0.2677896924574709 0
0.44291289160428954 0.27422373301764325 0
0.44853680804829177 0.2675791301102142 0
0.44396081960081435 0.25839752605662597 0
0.4378568183371742 0.2613182642937191 0
0.42449541465547885 0.26629349800922275 0
0.4322096894818279 0.266581627314054 0
0.428578992240387 0.2603749314499737 0
0.41481979131942415 0.2552496623228422 0
0.42105218730057337 0.25954976983605577 0
0.4246285838750738 0.24769974942915726 0
0.4209369249311263 0.2530502855018827 0
0.41445529548945326 0.24462939912726842 0
0.4276373684849117 0.2537152097783245 0
0.4124204747086724 0.2653936722606915 0
0.42795662111780436 0.2770380816505319 0
0.4207689728355368 0.2775790695659293 0
0.41887162887557416 0.27069456323071206 0
0.4354913597132175 0.2759317140769348 0
0.4327195781819739 0.28326518838208864 0
0.4262349123926995 0.28329005958083675 0
0.430231496243085 0.28992948841651506 0
0.41831222914679095 0.2647993950663347 0
0.4077019710960209 0.25892187132527555 0
0.406759292412475 0.2497347069861403 0
0.4124855216046474 0.25001338981475923 0
0.4028007626474577 0.23541408712926176 0
0.3957196713650302 0.24507887590840902 0
0.4002671608283814 0.24971229950023918 0
0.403536715442997 0.24291807547055516 0
0.4292776377829568 0.21390634486615998 0
0.42428875155994455 0.2304365037338749 0
0.444381972126434 0.23720053799705812 0
0.44152871011269645 0.24774652580401 0
0.43308000430073873 0.24723274781589158 0
0.4376959258650333 0.24105057465509258 0
0.42844675066980437 0.23895900127784198 0
0.41986147720244654 0.23787206625564936 0
0.4202729301018132 0.24374251307540093 0
0.41251019793544 0.22845915309480222 0
0.41156412727779734 0.23677506431066617 0
0.4180151871695498 0.23173692765498072 0
0.45263479502874393 0.2508136806436226 0
0.44854394277892107 0.24398555193283863 0
0.4603176523441791 0.24157123022749327 0
0.4531424830713606 0.2364957815163188 0
0.46551489557869213 0.2266143818508826 0
0.46075593804103354 0.233342127088391 0
0.46612650165915837 0.23775438891293646 0
0.4514907155756925 0.2217412245649954 0
0.45444771669323336 0.2288799251957023 0
0.4589733966878633 0.22282351602681708 0
0.460840744676525 0.18350535937210674 0
0.45801029459530423 0.20307435359297998 0
0.4693724861036183 0.21241832154301007 0
0.4655563173403985 0.21900348305764514 0
0.479847132268101 0.22288682188990072 0
0.4732180166942175 0.21904518129770045 0
0.483756391270219 0.20850061988254567 0
0.4770852991325267 0.212371818283872 0
0.4731414479401921 0.19789190468704293 0
0.4731882615952134 0.20565619852474196 0
0.46603274294636277 0.20181705361345945 0
0.4604733128638559 0.21165949447045665 0
0.45603288038134704 0.2167456801363815 0
0.44325348985773844 0.20968884464070722 0
0.44880449789132887 0.2147360609524412 0
0.4508626218581293 0.2068963525719895 0
0.43879249251075025 0.22017127102912165 0
0.44524517439857886 0.22011854181073628 0
0.4420872864831959 0.22852177281176367 0
0.4483098134073391 0.22724059825349796 0
0.4484569252275903 0.2330530832466507 0
0.43295362608594806 0.22730031993220648 0
0.4300762105276768 0.23288845061309488 0
0.43181430965729634 0.22041157968021446 0
0.44724021974346073 0.19152738046149537 0
0.44414950637273526 0.20036722713959257 0
0.46527738080864944 0.20788171484013673 0
0.46532035898427215 0.1921271364832345 0
0.4548544411430327 0.24484433634193722 0
0.46200939571582694 0.25059088936398566 0
0.4665284058809674 0.24507481297712919 0
0.47322184090125763 0.24827723365531634 0
0.457407890514153 0.25431236883296343 0
0.45185128830321153 0.26019612986380836 0
0.4563188679691434 0.2642857244197254 0
0.45629641695428286 0.19134107897642466 0
0.451902866087208 0.19797465451584473 0
0.4603725534913474 0.19673748856322285 0
0.5 0.15625 1
0.4811888415686322 0.17878612801269217 0
0.4715422097158456 0.18341982672095972 0
0.47244859129691397 0.19064406790816316 0
0.4866659220577596 0.1929419979790924 0
0.4792570775405352 0.1936502461501516 0
0.4801610256562292 0.20148315109538856 0
0.4823108238476722 0.18648952918861014 0
0.4912611056713056 0.18514450301709434 0
0.5 0.171875 1
0.5 0.1796875 1
0.466000144398404 0.1595238840402207 0
0.466100590319215 0.17209123107692081 0
0.4736447159439232 0.17543867954480513 0
0.4734296472499485 0.16574857784221467 0
0.4670646410445495 0.1657994508631797 0
0.44709305715925923 0.16595907597160892 0
0.45709173197580005 0.1674911113227813 0
0.45389602454048333 0.15495388381503578 0
0.45283154229739186 0.1619011202404561 0
0.4595093148751994 0.161230283819204 0
0.45044238576541146 0.17749371034014763 0
0.45163901878313145 0.1851489209026456 0
0.45144520227224855 0.17094892914769932 0
0.45864342023256116 0.17557380862001917 0
0.4661560954886328 0.17903579110248893 0
0.46621326499072885 0.18618858503240246 0
0.41757682509920674 0.18611627402788525 0
0.43198323180093284 0.19115324756810123 0
0.43955142518956014 0.19379934736487808 0
0.44041886393879837 0.18258873541354262 0
0.4373362148147809 0.18798907627949024 0
0.42869152991089077 0.17947447784340997 0
0.43218754340014237 0.20271495359067407 0
0.43784409716755307 0.19988809013641168 0
0.4462559647216586 0.2522702587438024 0
0.43991292241416813 0.2537186648102434 0
0.407272227646759 0.26955834841682524 0
0.45392979575831216 0.28272176620459005 0
0.4564488754695629 0.2888897058536143 0
0.4614793386459556 0.2918836993580194 0
0.4295273742350578 0.30892026587912014 0
0.42139473679621836 0.3007630099373529 0
0.45203084809715455 0.3105967197429429 0
0.4501750933960911 0.3315106773071439 0
0.45438759169045484 0.3504018540071747 0
0.4594284274314718 0.34281506307419596 0
0.45229650339206096 0.3410242553044843 0
0.4422110826373815 0.3481951218884176 0
0.4461381567911255 0.34304060896117766 0
0.4623627149094661 0.3502326883264193 0
0.45934006937999666 0.3958071400334843 0
0.5 0.4375 1
0.46777672009194865 0.37347922440257875 0
0.4670396659789482 0.3613971649456177 0
0.4585464578262572 0.35839322782126054 0
0.45996459616737567 0.367892283954711 0
0.4666493412464923 0.35499881977413544 0
0.4760114242362195 0.3576387734143675 0
0.46649819507219614 0.34373204196734647 0
0.47465815939842365 0.36699591763134903 0
0.48740601439165127 0.364063130420497 0
0.48046374113054174 0.36305911316044914 0
0.4849610615213373 0.35646557835392384 0
0.4850256229496522 0.35005252346785903 0
0.4881715622435834 0.3451684120765084 0
0.4685163341825551 0.36737059361707786 0
0.4771979785995115 0.3507890828914163 0
0.44268601953792525 0.36561645995824243 0
0.4489365076188205 0.3583165682861438 0
0.4478571110168753 0.3517386439763492 0
0.43997949982089024 0.3569731016862141 0
0.4125806947466023 0.37029799788172996 0
0.42728151972092215 0.36569468613675443 0
0.4349717397856312 0.36328662533695316 0
0.42721191986068796 0.3519889030543725 0
0.42935443401975304 0.35883109133148516 0
0.4171600432811471 0.35889301613256713 0
0.42326676162214577 0.36073734175596445 0
0.41981789936780456 0.3676348090270342 0
0.375 0.5 1
0.4272549308519223 0.39901004224791986 0
0.42762768500790005 0.3823526510758787 0
0.42547331904301927 0.3740648411932474 0
0.4165029063501739 0.3808205577540712 0
0.4181328219709665 0.3742207493549414 0
0.4223812344016908 0.37929252199264196 0
0.436870259072735 0.37552618781537717 0
0.4374018030426029 0.36917671419742126 0
0.4311462858857573 0.37090997966300154 0
0.4349464531985581 0.3510209228068804 0
0.4364387152091695 0.3441063290728694 0
0.4268147919881662 0.3425624152301449 0
0.41962278835770206 0.33915211896993985 0
0.4164679065152647 0.3487826031246387 0
0.4208930617732381 0.3535585642609581 0
0.3932257872107992 0.3554526053769231 0
0.4055615740649269 0.3546081243838011 0
0.4086274411816957 0.3472259477867325 0
0.40257065371409884 0.34038279778756253 0
0.4048021669221158 0.3349463987671071 0
0.41232331493983776 0.3541452303895375 0
0.4513331780068345 0.36669461994474006 0
0.44600349081168145 0.3742248200972553 0
0.4571056074060904 0.38014520968952825 0
0.454835489067017 0.3731555120800083 0
0.4612657516185588 0.3749305814353331 0
0.46657896615591593 0.38343613742016863 0
0.48046821823092317 0.3800564293455148 0
0.48277846080291836 0.37155716214446016 0
0.5 0.40625 1
0.4904065238548421 0.3781942117298169 0
0.4900671851520242 0.37088216909459015 0
0.4949431423482621 0.3650505092745868 0
0.5 0.3671875 1
0.49309060014282546 0.3583093257448572 0
0.5 0.390625 1
0.48753624811213425 0.39032663321207867 0
0.486280279232126 0.3836237632153511 0
0.49408516348925535 0.38527249971052013 0
0.5 0.3828125 1
0.47527485967127275 0.3745441525111706 0
0.47345438828757425 0.3814618829341609 0
0.47391747265973466 0.3960336901034381 0
0.4785312352137275 0.388593805281097 0
0.4711854648265092 0.38918893616015154 0
0.46399382847779996 0.39022686602301354 0
0.45600239965635836 0.38829296122267154 0
0.4483927892638915 0.38311405484853567 0
0.44363521880147605 0.3982846087717714 0
0.45115606596569124 0.3949439770795921 0
0.4445667126743728 0.3902454531547231 0
0.4352053482408136 0.39323429918133684 0
0.4400549473228828 0.3832327735122853 0
0.43395100862890407 0.3812438629957889 0
0.4536357332991297 0.4106627647091717 0
0.4544996622549696 0.4024714985149442 0
0.44697077871265434 0.40581862292834603 0
0.4375 0.5 1
0.4213384910860086 0.4480927154014196 0
0.43592214188723294 0.4280273715917257 0
0.4433166618436591 0.4178534043694176 0
0.44722979348664527 0.4124694073950363 0
0.4375080127864956 0.40951758620684353 0
0.4530384425437855 0.420805225557607 0
0.4408198043459953 0.40403647587830116 0
0.4333845471326389 0.40328503046826764 0
0.4191242619309529 0.41719997321367075 0
0.42758275829460873 0.41160382282180763 0
0.46708896075415374 0.40794047803503924 0
0.4618683974503054 0.40273349984546947 0
0.4603896730263553 0.4094366633179341 0
0.4666041676784291 0.4215161662601317 0
0.46507406833173215 0.4146650256341886 0
0.4582190692521212 0.4160941269686778 0
0.47895747697198676 0.4151608075249231 0
0.4720805039086765 0.4131002434928978 0
0.47821627916310866 0.4051285330436184 0
0.46879625653963347 0.40100814685360964 0
0.48891806218487105 0.40938138863312085 0
0.4825347184855814 0.4098529985728253 0
0.41750697400557635 0.4055649474463816 0
0.42109980303156674 0.4109954539774045 0
0.4281465795468932 0.42164654970511223 0
0.435843075879821 0.42019572434518593 0
0.4333390220880928 0.4143364242250767 0
0.4249333213387927 0.41678975870317064 0
0.41700454537021836 0.43287762657900286 0
0.42669253472205987 0.43134642005247315 0
0.4303161857904649 0.42693069974516057 0
0.42080425937647215 0.42550482837975395 0
0.4082803972875276 0.42371594118560796 0
0.41423196740462004 0.42678319783932195 0
0.4068363475143142 0.4338256229298889 0
0.4127558944985271 0.44231263090855344 0
0.4204741588468117 0.4401141200029629 0
0.43347015738796146 0.4427423604148545 0
0.42655489557056064 0.4434915002612489 0
0.43119219119721325 0.45400633959944797 0
0.4293986643475141 0.4374504084179644 0
0.41220370713144916 0.43638987561870896 0
0.3776169006667522 0.46051359818575816 0
0.4028719344005186 0.4662508990848794 0
0.41025417354124527 0.4552893325999254 0
0.3981115609938828 0.44621891329363533 0
0.40472440172679225 0.4416065668087521 0
0.39506789432887557 0.4348084556448087 0
0.3986617065164224 0.4399609973495837 0
0.38977099505355545 0.44233253782066345 0
0.3889680388825789 0.4549488139610319 0
0.39183428815444205 0.4487975449393774 0
0.3534580804598559 0.4111419789229658 0
0.3731203906245839 0.4249841026569275 0
0.38313659244668496 0.43203543608643163 0
0.38854033562272006 0.4358396320859123 0
0.40522069101310865 0.4493647834676376 0
0.39825412551732225 0.4555323506767995 0
0.4004035801120451 0.42774880367668017 0
0.39365636490205547 0.40486166204936747 0
0.39918943218726927 0.41566861604835237 0
0.40216027137246385 0.421471134029407 0
0.3908159166745981 0.42604862848287794 0
0.3821300169023199 0.4228257259110032 0
0.3785760557953238 0.4278740181342425 0
0.36661676976769164 0.4438564624824603 0
0.37429992911960996 0.4371399413926312 0
0.3817847720299127 0.4404831573479906 0
0.38348987120695727 0.4486527892370798 0
0.375084681897377 0.44614429887827833 0
0.3682130866191604 0.4547630093060397 0
0.36977995926450646 0.4489635824311954 0
0.37557427182034436 0.4534657900796607 0
0.38214103311625885 0.45538248667503106 0
0.3894598828847645 0.41638727396154673 0
0.37314558184458196 0.40520580652591437 0
0.37551538675946977 0.41509798900729544 0
0.3768463020293775 0.4206535757285875 0
0.3824793824226007 0.41583188681365824 0
0.3646010279287643 0.4124827194610035 0
0.36887631327680925 0.4187227773447131 0
0.35783989997512716 0.4216996123084584 0
0.3633285044648579 0.43234223333506216 0
0.36577022358614786 0.42539719153213384 0
0.3676843217016913 0.4373249375491678 0
0.37072295989033893 0.41101612859710934 0
0.39466111607017684 0.4205830884692653 0
0.3125 0.5 1
0.3228584534014047 0.4558311631345201 0
0.34547040425929143 0.4525216061516453 0
0.35712024280521204 0.4508164987616934 0
0.34375 0.5 1
0.35975430247155926 0.47915969835473265 0
0.3666487393921352 0.46788537426027127 0
0.3704415363765205 0.46168309510113686 0
0.4142654572368376 0.44933315154414427 0
0.43756726080270025 0.3988524805292284 0
0.4457321575213616 0.4273831872051755 0
0.4414048441604827 0.4365027475850014 0
0.4605379065994859 0.43999510293746263 0
0.4555117549254554 0.4308989930345575 0
0.4487335709970009 0.4343938396044282 0
0.4489934006033358 0.4490853697478401 0
0.4468896350637136 0.4417745135559316 0
0.4405617914556786 0.4475535252155598 0
0.4540761939456803 0.4436646326562295 0
0.46940239331944 0.46312868187055894 0
0.5 0.46875 1
0.46321556236595934 0.45223422756090564 0
0.45610448148465 0.4506597986543725 0
0.44735937747949284 0.4733118173686395 0
0.4500138662667411 0.46132252754652747 0
0.45802580505981133 0.458828132864721 0
0.4514036301476569 0.4550455065123561 0
0.4568362339970472 0.4691215373803052 0
0.4623658152317228 0.46454513138944564 0
0.46875 0.5 1
0.46870049280566944 0.47782804260274975 0
0.4672032514676572 0.4703901103287218 0
0.48274103819220193 0.4711320460280736 0
0.47506543047333155 0.4688074689466153 0
0.4648157246460352 0.4585294554357222 0
0.47549780081936205 0.45246323149846196 0
0.47752203546215166 0.460694618273072 0
0.5 0.453125 1
0.48772114149080814 0.4538218989659974 0
0.48136008451202716 0.455386188465906 0
0.48657153300774925 0.46286261598174244 0
0.5 0.4609375 1
0.4940624972925383 0.45703124999999833 0
0.4937077765915006 0.4648437499999984 0
0.4801317679348704 0.4659132165903328 0
0.47683175911260683 0.4768096387354482 0
0.4910887931424656 0.48573445536912724 0
0.5 0.484375 1
0.49424885886167563 0.476562499999999 0
0.5 0.4765625 1
0.5 0.4921875 1
0.48508108893137697 0.4794815938764615 0
0.47714229322374047 0.48992127168419786 0
0.484375 0.5 1
0.4921875 0.5 1
0.488281249999999 0.4931257698838487 0
0.48394162071299707 0.48724851885695536 0
0.47847637757119504 0.4833301816160693 0
0.48197384411568417 0.4940885846323653 0
0.4753105782650062 0.4969294361826646 0
0.4765625 0.5 1
0.49426978280785466 0.49426978280785416 0
0.4869280074407103 0.48371959807537535 0
0.48839985525359464 0.4740487877202023 0
0.45673282026142137 0.48169935817741594 0
0.453941785724666 0.47538707500922023 0
0.4614478592973466 0.4758413774600528 0
0.46569642465114847 0.47456309366925786 0
0.45055667468651045 0.4677312115123076 0
0.44001342562635026 0.4653968833889052 0
0.42999448880739205 0.4820619903999775 0
0.40625 0.5 1
0.4374123720273025 0.4751773577390872 0
0.42622314338824907 0.4669655512646343 0
0.42955693140791934 0.4741520071745215 0
0.4333292179853296 0.4680355500637923 0
0.4343003963662002 0.4607102448122853 0
0.41423273608759104 0.4768943844276089 0
0.4224299429674697 0.4785133453843763 0
0.41961732957066206 0.4711925735836569 0
0.41125447094511497 0.46868839596242695 0
0.41797842788579553 0.46144955388879666 0
0.41882778626013273 0.4545621694367657 0
0.4252150538430376 0.45884591699510513 0
0.41582829415421646 0.4903774137454775 0
0.421875 0.5 1
0.4231993080219421 0.4867101980578535 0
0.4169585148199193 0.4834077429801001 0
0.40420820091657944 0.48491659278832006 0
0.41079911516637035 0.48598539327283935 0
0.4063928815313158 0.4923007585716483 0
0.38995993476957047 0.49314735026050655 0
0.390625 0.5 1
0.39843749999999917 0.4960040701279816 0
0.3984375 0.5 1
0.3828125 0.5 1
0.37890624999999994 0.48877193697148363 0
0.3789062499999957 0.4950654618686901 0
0.36986124594014297 0.4919186994200797 0
0.359375 0.5 1
0.39644159259896644 0.48791978248204815 0
0.3963348931531506 0.4760995603277997 0
0.3986124494726448 0.4819895938117842 0
0.40532886714956406 0.47548247987367764 0
0.4005586922708333 0.4718092950644577 0
0.3922644480547232 0.46509692286213783 0
0.3850373698061649 0.46249623787792044 0
0.3781966204473158 0.4732215645184052 0
0.38614891135902646 0.4707494148486637 0
0.37991883525998166 0.46677579329766616 0
0.37338003671399933 0.46848168374212573 0
0.36935977427406025 0.4773842082950141 0
0.3848842799033708 0.48070775614041894 0
0.3916137808094382 0.4827900355692534 0
0.40914967787614676 0.4801684767440381 0
0.42187466415829167 0.49328908294906687 0
0.42968750000000105 0.4966441504967082 0
0.4296875 0.5 1
0.42999677572804507 0.48935635001204264 0
0.44028029016910414 0.48570594576990095 0
0.4433195964463339 0.4792231636906212 0
0.44903057568126364 0.48585447376386237 0
0.453125 0.5 1
0.4569076731430224 0.49123977586004286 0
0.4494898369922332 0.4796841077406949 0
0.4453125 0.5 1
0.44140624999999906 0.4933423722987383 0
0.43504758123262444 0.49322115603946143 0
0.44921874999999983 0.4934653356148505 0
0.4609375 0.5 1
0.4648383411681864 0.48632261465574333 0
0.4692230089290451 0.49246667259148086 0
0.4717845950194512 0.48540627558017674 0
0.462871043579974 0.4938035419276707 0
0.4360910092665845 0.48119218330195807 0
0.3897493504669434 0.47626611225251586 0
0.3769448429141055 0.4810700663767984 0
0.37053188544510146 0.48461966439743676 0
0.3857608120021392 0.4876054018236978 0
0.36374001708343895 0.4738518356710846 0
0.3527305902498788 0.4647923571405302 0
0.35592286562827474 0.47213226007084697 0
0.35974108232187035 0.46610749405974666 0
0.35751737519936755 0.45861853165041067 0
0.36382040163527535 0.46082159129831607 0
0.3620668056202729 0.45447583674977937 0
0.351782750159793 0.45499930693055124 0
0.33250201590822787 0.4779543266225628 0
0.3459707240979431 0.4821164673243946 0
0.35242480776037416 0.47859762974305325 0
0.3443760730552327 0.4715133299807938 0
0.35434773019359134 0.48980286677706997 0
0.36255372170753325 0.4875669530400483 0
0.3597557548231699 0.49347447565823316 0
0.3399907111893927 0.4775943451105848 0
0.328125 0.5 1
0.33674292058762273 0.4881042117898256 0
0.34524748983525405 0.49110630604362165 0
0.3435541307680527 0.4619385780455774 0
0.3345343805946275 0.4675355320264348 0
0.34046486403562426 0.4670264310955127 0
0.33391746193352373 0.45647498982086837 0
0.34033807891855594 0.45638068030866924 0
0.33698306651251797 0.44657635366793286 0
0.3287776595846063 0.4494591681354898 0
0.3224258482882295 0.41826088656665533 0
0.3091923765251912 0.4372008930515517 0
0.3178104846270525 0.4452066053554376 0
0.32819718955100496 0.4346879595239519 0
0.33076059755140585 0.4419842340509015 0
0.3413317962891613 0.43417180368219527 0
0.3348439252499385 0.4364511944131876 0
0.3343849577967404 0.4247718593836029 0
0.3234995863348188 0.44043681324192824 0
0.31806808137660203 0.43120480712596193 0
0.322448081922378 0.44951465873430285 0
0.31631420772754 0.4381758090730968 0
0.3253645967619574 0.4264557751496971 0
0.34597853771492987 0.44276539058656794 0
0.3523716053881359 0.43375542721075255 0
0.34695432783013835 0.43668466832086744 0
0.35481954170882557 0.44226547286949225 0
0.3608947247310106 0.43886506528770625 0
0.35070367208388076 0.44790283034498796 0
0.3572916015414733 0.42871898036057526 0
0.3478871078838678 0.4244532760363107 0
0.35149865093032423 0.41814334431763134 0
0.33882189861830314 0.4108207092794414 0
0.34332743353276607 0.4176549931317208 0
0.34614183443084373 0.4108972957888327 0
0.34277618724409575 0.38272860734624703 0
0.34262653576961044 0.397031899090405 0
0.3500842356954777 0.40251946170623415 0
0.3425491331267436 0.4044298387800565 0
0.32861338440121307 0.40058465804252114 0
0.3350723583225205 0.4043516113067028 0
0.3274024546415653 0.41008185690177695 0
0.35355314415030814 0.3899937924862393 0
0.34943130102483333 0.3955954541570501 0
0.34636900391085723 0.38902483054873066 0
0.3600171750011784 0.40360419373018647 0
0.35687575902084395 0.39675596442759825 0
0.3676095876729677 0.3959767774069774 0
0.3359784873427457 0.41759753185496556 0
0.329297541034214 0.4198777275315425 0
0.36678363461493113 0.4027471077941989 0
0.3831974080389015 0.3929013750699558 0
0.37595699569090274 0.39724450586324506 0
0.38338943770094086 0.404346215847954 0
0.3817229732551757 0.3986501455772829 0
0.3735442629138064 0.3850154571083407 0
0.37254969710949404 0.3915642148712589 0
0.36395025746986187 0.3869083084545114 0
0.36199608193674815 0.39296940732105773 0
0.3667455481092216 0.3758161116110329 0
0.3559447693873454 0.3789925720655847 0
0.34991818444939315 0.3828263631746675 0
0.34651090075044416 0.37081654744643405 0
0.34642174692409156 0.37733008621879954 0
0.3355578860479268 0.37392400798493314 0
0.3577721950337912 0.38515042325969384 0
0.36797014300949216 0.3820230280514569 0
0.3786321416967164 0.40912137807539367 0
0.3882805557964797 0.4094311035503628 0
0.39446950750829696 0.4112652584201029 0
0.4029197613515906 0.40693880129846677 0
0.40838697650125766 0.4144369011570028 0
0.41031128610703604 0.4072915460495962 0
0.41462681672001594 0.4122855526470452 0
0.41079376105786153 0.3934447872688445 0
0.4069435114932213 0.4002424146361042 0
0.4138554790721188 0.39966820257728847 0
0.42022755470783535 0.392668507995913 0
0.39705506872555396 0.39015226868920816 0
0.40345077908462706 0.3937748681191501 0
0.406689647256997 0.3839856961416775 0
0.39690970843025436 0.3978660255371126 0
0.3892784643964511 0.3975244994615381 0
0.4130318003666668 0.38685385324598326 0
0.4205566379926823 0.39936829740904084 0
0.4277762705176735 0.39136785597656587 0
0.4327135530247823 0.38743414267573445 0
0.35929585000182956 0.40959915423725834 0
0.30571781398542525 0.4024911823993687 0
0.3041545217309826 0.42017643659401416 0
0.30936665453710704 0.42789169501552476 0
0.3160844388859315 0.4233314694386479 0
0.29456804605984677 0.43227087979894274 0
0.30266012097078454 0.43242237198143707 0
0.29873796138941283 0.42572959113296843 0
0.24751789751800468 0.397677778523086 0
0.27219430470934675 0.4134083988763888 0
0.2893652200664458 0.41116915633716206 0
0.2871107551896862 0.4229172798778075 0
0.2924423927530379 0.4263160715138919 0
0.29483752179392125 0.4179434596821864 0
0.28481851201046093 0.43239431911226195 0
0.2991092946777636 0.4206735502334097 0
0.3009143199339412 0.41314216013747523 0
0.31253873433378837 0.4120510071242192 0
0.306918331197948 0.4146399358439478 0
0.3162781719687915 0.4170730960045521 0
0.2983746780789613 0.44513465688395576 0
0.30252843550395636 0.43945645548797363 0
0.30808255966547127 0.4478778405463828 0
0.3147537406973789 0.4531861284291936 0
0.296954782143909 0.4687087956629775 0
0.3137500226006683 0.4700010817542673 0
0.31645102525164837 0.46172487635895043 0
0.3046990195577289 0.45962281198900484 0
0.30994764898566857 0.46418129908256245 0
0.3051919318059673 0.4714404999212539 0
0.3118639048090851 0.4849479919284327 0
0.3105592093230498 0.47719089764895006 0
0.28125 0.5 1
0.2983159541984477 0.48323840577393634 0
0.30534702141942704 0.48205582356793164 0
0.296875 0.5 1
0.3046875 0.5 1
0.30323003800412957 0.49096222408522383 0
0.2941375725979781 0.49132193510076033 0
0.277925233948328 0.47782009788462065 0
0.28752229638951227 0.48278082574265296 0
0.2928128907135492 0.4855155374119408 0
0.2890625 0.5 1
0.29916458405060614 0.4758303397565659 0
0.29053656542323236 0.4746039771527098 0
0.28443116118771605 0.4769973202841734 0
0.2799875567636344 0.4566776148710888 0
0.27990502547672963 0.4673413895746469 0
0.2885889389706257 0.4660421331981383 0
0.283550612790827 0.46203739753331596 0
0.2929756802613224 0.4553515018327388 0
0.294424351809682 0.4621912752633066 0
0.28487657091474083 0.4708997790099684 0
0.3214689755931424 0.4793442101623623 0
0.31655104016605773 0.4755471062434357 0
0.32482045091258255 0.4699200849636377 0
0.3192652010314788 0.4672221531423974 0
0.30254678002619423 0.4656317048373848 0
0.3083973403216081 0.4543283817222105 0
0.300570991403267 0.45280034864950425 0
0.326635842979791 0.4758736882758045 0
0.328110906490803 0.46234633522692226 0
0.3278915515429135 0.48584163364978405 0
0.3197629377666244 0.48745360221888323 0
0.3250808417912614 0.4929690854548281 0
0.3177837818594951 0.49468330245160846 0
0.3203125 0.5 1
0.3105247281500441 0.49275307331335666 0
0.33235428792779786 0.4939943871367071 0
0.3359375 0.5 1
0.33935346071831646 0.4942561221302943 0
0.30776028088271784 0.4882613292428868 0
0.24096735688245358 0.4617078284071456 0
0.2597933189024545 0.4689679702913812 0
0.2693455312853749 0.46192745863364604 0
0.2712897940769542 0.47114005328898784 0
0.27405597672375676 0.46574480722665795 0
0.26603592701489853 0.46743739056706507 0
0.278163086513601 0.48912358597643213 0
0.2851562499999994 0.49301507242332976 0
0.2901448731432899 0.4948099646202549 0
0.28111790936502135 0.48340716285884355 0
0.26528501537838506 0.4837403250137276 0
0.27054458867428877 0.4785158715157953 0
0.2630018663802426 0.47618213690460665 0
0.2721562417708116 0.4853980497965459 0
0.265625 0.5 1
0.2669668509497007 0.491838550346146 0
0.2734375 0.5 1
0.2773437500000012 0.49523239437891314 0
0.25562210338686037 0.4899708680340162 0
0.2573343835581325 0.48201808535028445 0
0.1875 0.5 1
0.21875 0.5 1
0.23685706518612243 0.4817699233687601 0
0.24707057835030505 0.48396895190575767 0
0.2559458722468881 0.47499974166788295 0
0.2498019167629108 0.46683777833096135 0
0.2578125 0.5 1
0.2616544628243197 0.4887180705056171 0
0.2408221103196558 0.4721301731671495 0
0.2428804421391101 0.47861214216917713 0
0.24964353608848364 0.4776391826835606 0
0.24691112823941916 0.4721972541257293 0
0.2438243662657706 0.46695982836334193 0
0.21352495657932305 0.46653757356241915 0
0.22664112135549583 0.47193254586239697 0
0.23380423911897605 0.466820187134771 0
0.22396040077463417 0.44545317964337966 0
0.23091644611440446 0.45519955594276024 0
0.22547300254704028 0.4627214147539838 0
0.23136752929750445 0.46125659130042124 0
0.22181239271908867 0.4543416985792968 0
0.21829716117166864 0.46086671013703645 0
0.19180880058734998 0.4423871972612641 0
0.20376160238611504 0.4534780035300537 0
0.21279730768392455 0.4536943745170175 0
0.20868981377334292 0.4364495078173458 0
0.20847037358808637 0.4456133835859606 0
0.21622703009502278 0.4466590282490081 0
0.21867601859561772 0.436964104239306 0
0.20075074799600484 0.4408439624673911 0
0.19743510613617474 0.44830990572716245 0
0.1830717590179338 0.4723490321657165 0
0.19202554739465647 0.46138830526995067 0
0.187687467591088 0.4519359997865662 0
0.19670139788001748 0.4556643906520079 0
0.2024878060218863 0.4651630940927802 0
0.20812907544853215 0.45986607730880363 0
0.19171131443613793 0.4151446060831821 0
0.1940607078354139 0.42875766891844896 0
0.2013752608043783 0.4326035883678968 0
0.20324815437414323 0.420162799988443 0
0.2001487420056695 0.4260575713792286 0
0.1963333405566602 0.4202892652690642 0
0.19496918596025536 0.4359085673628678 0
0.18253821517917168 0.4338546890115191 0
0.18844712537347874 0.4367371554651908 0
0.1812487337556404 0.44399577709325433 0
0.170996263285687 0.45889021368418237 0
0.18146654685107783 0.46051267543791946 0
0.18699267285259644 0.4579764925308708 0
0.17914373469392514 0.4522834216764762 0
0.1661349409255241 0.4445681372035153 0
0.17377617377156612 0.44650895257147105 0
0.1723393100879561 0.4361534122108101 0
0.16836597355848418 0.451796935081995 0
0.12899824889251507 0.45998836147431693 0
0.1500802116102193 0.4626118725456939 0
0.1602015341078944 0.4588587405901654 0
0.14972583104664655 0.44613220036989903 0
0.15275851101818197 0.4543106317141361 0
0.16013155374903615 0.4503796519385896 0
0.15758667661241538 0.4417441987720941 0
0.120877184231494 0.38521643337367917 0
0.13734014453594312 0.4147088539264439 0
0.14564571105027202 0.4295877855426049 0
0.1499514389531622 0.43730124264567205 0
0.16067980276804533 0.4276465781444485 0
0.15338352172433894 0.43032694169846286 0
0.15912839489609337 0.43469432547325765 0
0.1660541034491137 0.4325242412014474 0
0.16414227272162074 0.43855929251391074 0
0.1750169450357108 0.42425900404080713 0
0.16769744009657395 0.425313997851964 0
0.17208672325930247 0.42984795576759344 0
0.16721836852434163 0.39607150499492194 0
0.15898715636259744 0.41083152531516187 0
0.16171864366433164 0.41904928626975824 0
0.15051473621435316 0.41948767083407074 0
0.1552154556362023 0.42404282093971596 0
0.15600390329847255 0.41638596126285193 0
0.14790222266696665 0.40845623756919963 0
0.17259163285192758 0.4108723946246643 0
0.17040518778203473 0.4181815297648718 0
0.16578349018862432 0.4128174085061584 0
0.16708769693050743 0.40449473412610887 0
0.13371722687024304 0.4413048616334895 0
0.1423826068239588 0.4415262394604014 0
0.13823990761405672 0.43397875253368895 0
0.11607973491802151 0.42535751475996564 0
0.12636630575371147 0.43170779909298335 0
0.13187039756836844 0.43510568052270465 0
0.13777269405896003 0.4522668667088795 0
0.14327066432908594 0.4482670052136311 0
0.14484927014678825 0.45634148815233494 0
0.13754164628898782 0.4608505504023594 0
0.13125160671382533 0.4804191191586586 0
0.13230681556904764 0.4699630946224598 0
0.0625 0.5 1
0.10730218407095353 0.47272091608095484 0
0.09375 0.5 1
0.12009901933776634 0.4740123566132169 0
0.12454863411514176 0.4670003590437661 0
0.1103587081860747 0.45307803606412733 0
0.11894049541093098 0.458523794833123 0
0.12544066838263232 0.4491521099404395 0
0.12481820981312919 0.44037236707780125 0
0.11640697936246457 0.4453806358693149 0
0.11748286742850185 0.43459118057680346 0
0.08893467897577854 0.4342058740943357 0
0.10235670922913442 0.44056549492058555 0
0.11062165653641437 0.4393553733936733 0
0.10489297719385163 0.4290585903198508 0
0.10580575778003885 0.43529274389878964 0
0.09746161706378606 0.43333056093151623 0
0.09114193412467635 0.41373743387567 0
0.09221661776439878 0.42420655652725886 0
0.098554797479127 0.426632573423553 0
0.10653701020092714 0.41527088061945516 0
0.10397759691589648 0.42195756997826894 0
0.11084469750702482 0.4207528696314169 0
0.1228677130182538 0.4123620494512611 0
0.11461980382803497 0.41335297075951916 0
0.09868081566929958 0.41609699299315456 0
0.10061277760291903 0.39670101392505935 0
0.09764001156876936 0.40619911500050176 0
0.10828716316136369 0.4046557621747297 0
0.11946429223271547 0.4188548555860952 0
0.12338634299360002 0.4250283773395711 0
0.10739652227630951 0.4461574252118431 0
0.08803787299150324 0.458537635563019 0
0.09874502486329903 0.4539547201115796 0
0.10055086704621631 0.44726010751608225 0
0.08984624368457361 0.4479634479126826 0
0.09409941885456345 0.4408788493832909 0
0.09235939278342928 0.4538349655880619 0
0.10254201083091168 0.4025191021449834 0
0.10352826394629007 0.4093229814995577 0
0.07617613291559197 0.39426696988142407 0
0.08567352509391432 0.4024537806165013 0
0.09314315134841747 0.3995773972707793 0
0.08608203670107921 0.3923775785748893 0
0.06527129073843942 0.3101813273194008 0
0.0732283269292303 0.3518993317640061 0
0.07723518461999698 0.37290691586243674 0
0.0792967305992857 0.38371541066685905 0
0.09910529229042184 0.375187477542732 0
0.08791756576525417 0.37647027474622663 0
0.08727364027624751 0.38445552469425953 0
0.09410293947207263 0.38098764720264217 0
0.08157875527890805 0.37767930056416604 0
0.05599042378610515 0.3825598619059828 0
0.06750340386534526 0.38596479744556667 0
0.07236929424267013 0.37943585665400203 0
0.06360450445480535 0.3779813285644909 0
0.04549271929308117 0.35648186794264125 0
0.05282827364929936 0.36868086234806097 0
0.05668886247491326 0.37510100446661365 0
0.06453095365786246 0.36601455840910474 0
0.059117532574493356 0.3692697811996414 0
0.05686932284778176 0.35940215934324066 0
0.04498618246634969 0.3777673084055707 0
0.0512754413915438 0.3783562272571493 0
0.04723439219306382 0.38763493026198276 0
0.06903670032919686 0.3723826337094719 0
0.07299648217490891 0.3748255911073177 0
0.05815934371583878 0.39639284513717965 0
0.05439411299037833 0.3898966805784803 0
0.0615890914559788 0.39006567325057195 0
0.06740131207763617 0.39730944474683333 0
0.070358493099378 0.3916632737409364 0
0.059844626851293714 0.4264514806785027 0
0.0 0.4375 1
0.06134825055184394 0.41129061597576244 0
0.06213762280220704 0.403331466433599 0
0.04930771673595999 0.40607774140340813 0
0.04930356001569867 0.3971864689200113 0
0.04976522755691624 0.3920865638186373 0
0.04139539738875077 0.39389973590377736 0
0.056162107375981554 0.40675754591464713 0
0.05167279875235561 0.4171268098480972 0
0.05410759102399247 0.4009868687282018 0
0.07411610468418293 0.4085381868214568 0
0.07366105443289739 0.4011882115925084 0
0.06844620935696541 0.4052001461830848 0
0.0793826155906393 0.4045230535059293 0
0.08195201848210246 0.4133547664028547 0
0.08674028543004617 0.4089037025144066 0
0.09166160084268245 0.40542131509994356 0
0.07169841984811953 0.42125369600947704 0
0.07532395754673796 0.4153554438582595 0
0.06841127583097383 0.413064574005606 0
0.06313538306415227 0.4191228556608707 0
0.0577330875427913 0.41623552157858573 0
0.08145627117781701 0.42621308727634893 0
0.08025986755730394 0.41972824331983294 0
0.08718744861454246 0.41943309337603407 0
0.07074829275747994 0.43520234561736 0
0.07986831743197037 0.4351938069509168 0
0.07532125518213754 0.4490298751396176 0
0.07531407639004928 0.4413623123623348 0
0.06368872948028059 0.44520698139785714 0
0.07013515051990733 0.44520094590552217 0
0.06692109367225559 0.45498086693213485 0
0.08234093838337822 0.4451895181786309 0
0.08738056339205828 0.4407439128931532 0
0.08214315057954391 0.45316370899055425 0
0.07594233350949986 0.4658854151756914 0
0.08091102425472207 0.460435200644656 0
0.07353057412969961 0.4586967716158851 0
0.08770472418104673 0.4716186424487648 0
0.08595025025356477 0.46502921349331705 0
0.09752646758585784 0.46547526198887457 0
0.0 0.46875 1
0.033221645799573776 0.46070432052113347 0
0.049635469751254324 0.4552760334178387 0
0.05823225385260943 0.4524329535599962 0
0.049375851143827774 0.4400721744832414 0
0.05187652947027965 0.4476336193790429 0
0.056833470942613096 0.4418000601564981 0
0.054841555371665913 0.4334396158251918 0
0.06328128306757182 0.4374264403743728 0
0.06535761256191669 0.4307507161957429 0
0.06633457653258068 0.4245377279837844 0
0.05134869771969189 0.42565393425374987 0
0.055984318084406584 0.42192317206503016 0
0.023074979573545228 0.42030957839181293 0
0.0 0.40625 1
0.037612495894922666 0.4208621238723267 0
0.045215587837976655 0.4211511040528589 0
0.041751858936813976 0.4121186194946804 0
0.04099632738597779 0.43199671575828913 0
0.04532107833400796 0.4274356567127353 0
0.048152691323920686 0.43349585747240005 0
0.03850372166423938 0.4478619712570048 0
0.04522573444761488 0.44983313272550557 0
0.039796355884369236 0.45590107064011687 0
0.04568634047724546 0.47086467943453586 0
0.05886868217602688 0.4663518240406908 0
0.06736847625948796 0.4647630185709527 0
0.062098969391878804 0.46010271100269595 0
0.05485032704056066 0.4603152032238238 0
0.04724715157203543 0.46296553871308704 0
0.0396330582384624 0.46556482350590955 0
0.021116351961731138 0.4833310694802627 0
0.03125 0.5 1
0.03394466902765019 0.47816870852466403 0
0.038705058190314716 0.4727315835242631 0
0.029642662913029288 0.46959965044575325 0
0.045265617834333964 0.48327808257499494 0
0.04358874395018449 0.47700741767621496 0
0.05473859982881758 0.4773853154033942 0
0.06976198361889664 0.47978784192068913 0
0.07079186209720013 0.47192071988864515 0
0.06284286944677192 0.47488109508351944 0
0.07934244389952673 0.47704104081219123 0
0.052077406854612394 0.46802373366746397 0
0.062113710952219924 0.4552856961437265 0
0.08100099019482183 0.4704395636836407 0
0.078125 0.5 1
0.07742989181905129 0.4884513822528512 0
0.07566331823314745 0.48228981925500836 0
0.09027301261632997 0.4847386330379251 0
0.08297085192753782 0.4834981983924899 0
0.08758422712112075 0.47845360165619194 0
0.09805505530209452 0.47769175701442324 0
0.10066431431732355 0.47145917557873296 0
0.109375 0.5 1
0.10190537720138795 0.4897641553533947 0
0.10619411386122261 0.4817461208125132 0
0.11218453961993415 0.49010632782281094 0
0.10712927371873078 0.4874023354559581 0
0.11521914076939749 0.4816056191898215 0
0.12310197735642879 0.4892116545757135 0
0.1231120225570481 0.4813133705023764 0
0.11744099131738253 0.4871907836715482 0
0.11352068624081119 0.47514941185358284 0
0.11542592453115598 0.4665742890029213 0
0.11184600919687027 0.46021900229253143 0
0.10488603760719015 0.4579432376150751 0
0.10524131489929978 0.46547150875532967 0
0.1171875 0.5 1
0.12109374999999943 0.49512610224689596 0
0.10691116270543946 0.49395458244039436 0
0.10025737878174484 0.4968179257276504 0
0.1015625 0.5 1
0.09417681395455568 0.49167790174841697 0
0.08542387037069668 0.49203430750483085 0
0.0859375 0.5 1
0.0972328669952963 0.48460418464407706 0
0.02594851511604764 0.4768186764257718 0
0.014894916602028832 0.4666075816289975 0
0.017103768608616444 0.47530483564912945 0
0.021999198240888928 0.46943241812665787 0
0.022323622807027814 0.4582706879040744 0
0.02594245997227556 0.46396145222475094 0
0.0 0.484375 1
0.010545646423829696 0.48359959015615334 0
0.01576808742298339 0.4809887168304184 0
0.008203644954147247 0.4729360912962426 0
0.0 0.4765625 1
0.0059861645703990825 0.47901204559403393 0
0.015625 0.5 1
0.016019628969811645 0.49089101434717797 0
0.006319504466854891 0.4924728227973916 0
0.0078125 0.5 1
0.0 0.4921875 1
0.01175456108390294 0.49526927972134926 0
0.0234375 0.5 1
0.024802080294650107 0.4913139070832264 0
0.029044759261049602 0.4845127532149007 0
0.03730215121948296 0.48582618439868697 0
0.03265487327102375 0.49222084658339316 0
0.046875 0.5 1
0.041177382255578265 0.49352850278704674 0
0.0390625 0.5 1
0.05031112312020021 0.4912308888865028 0
0.0546875 0.5 1
0.05246345736402735 0.48428846660805197 0
0.06011141536302587 0.4904643869239933 0
0.06240180878349104 0.48283481739825423 0
0.06870410366943439 0.4888853358671094 0
0.06524756166760785 0.49424479477065436 0
0.0703125 0.5 1
0.07332668757013311 0.49389011164106617 0
0.055468281468348694 0.49413372855493687 0
0.04491376044183777 0.4890782268807842 0
0.005466668165815428 0.48662360458732845 0
0.04486983273050628 0.4580115046042898 0
0.030661713236980793 0.41221988991440284 0
0.03623132635280319 0.41485666456373027 0
0.04796411189291221 0.4121430037562262 0
0.07419025392543858 0.42843011419777277 0
0.08738648033828357 0.4281594784513257 0
0.05014156704315466 0.3619914233625488 0
0.038654509968760825 0.3669678841078192 0
0.04576443771480603 0.3676336835772497 0
0.06565345486535125 0.3569690677667529 0
0.056109802195868905 0.33451574812790325 0
0.0 0.3125 1
0.05813781498410193 0.3469086499061516 0
0.06581244221282065 0.34901280611484004 0
0.06428369758275834 0.3395405326309389 0
0.059936507419503085 0.3534024259580902 0
0.0521035577288951 0.3520760569055255 0
0.048772196549801305 0.342078882649555 0
0.07456842312705884 0.3626677655640822 0
0.07154400825373369 0.35757654187190224 0
0.08573252806059124 0.36522695279572087 0
0.08190649495058348 0.3562869644569959 0
0.08056227178334271 0.3621509545190115 0
0.1067753675364006 0.3509325760975794 0
0.09486223797923224 0.35603101989890973 0
0.08793832796057925 0.3335808202247352 0
0.0825208345129009 0.3442959191592133 0
0.07955831426572774 0.3501553997198143 0
0.08843616846711518 0.3587811750209337 0
0.08859364549389936 0.35026641787990365 0
0.09783440046224073 0.34650838168077297 0
0.10041535099017447 0.35253908422806696 0
0.10380909036383582 0.3640974751885397 0
0.0948071191342884 0.36524333093011413 0
0.09985446679499015 0.3689626845742813 0
0.11024794468587548 0.37337105345625254 0
0.09026089734564909 0.37018088738404303 0
0.0552467206758464 0.3410193714906431 0
0.030575496605981953 0.3170838309403349 0
0.041835252840397574 0.3280078268949846 0
0.04781230075827356 0.33380664224376244 0
0.05295542718866572 0.32252564952051027 0
0.048372698016344286 0.3272492335993491 0
0.04404020376178406 0.3184611028653995 0
0.036692126410005126 0.33928881961823826 0
0.04322957158595299 0.33853022632260094 0
0.04100743495839364 0.3479288464702175 0
0.0472519196399158 0.3481391272879626 0
0.0 0.34375 1
0.019759384610506175 0.3531436355142068 0
0.02979337596333998 0.34813210379085086 0
0.035549272556205436 0.35624373103859736 0
0.04058711856271641 0.3536018375455872 0
0.035440149057160045 0.3502231982861474 0
0.027413845197368825 0.35591855060312033 0
0.03119233693954226 0.3633169514795555 0
0.027192402402580872 0.3809439191231695 0
0.03127342956205464 0.3726026721318697 0
0.01670541020776878 0.3680866808912307 0
0.022949566513296136 0.3736991126112038 0
0.024094855767629302 0.36614520262636685 0
0.018718226174931647 0.36071444911547645 0
0.0 0.359375 1
0.009213451396881138 0.3620802841306106 0
0.011785980930069506 0.3798395408857318 0
0.01947432431636082 0.380599134181713 0
0.016168730053146976 0.37476804110531103 0
0.014005352501225 0.396665008313123 0
0.0 0.390625 1
0.022888708893394647 0.39072520350403583 0
0.03624034624026326 0.38020174142592605 0
0.03919918732876798 0.3739043744395291 0
0.03241410090313458 0.3890788672368974 0
0.03989310714066832 0.38664608869131045 0
0.027105423194138476 0.3867430879149855 0
0.02948203111575776 0.4004936943729395 0
0.0346277012487416 0.39573145037999097 0
0.03765099488774172 0.40415926641037564 0
0.043286226986955945 0.40629196147128904 0
0.04353289535853044 0.39991395834585475 0
0.03183774975656844 0.4061791408157317 0
0.021221430845837722 0.40724716680659256 0
0.021576971699178958 0.3992532832115892 0
0.014652742744087257 0.3880205066201598 0
0.006769558640150055 0.38619015417190783 0
0.0 0.3828125 1
0.005282614575642467 0.37890624999999967 0
0.007393026904277602 0.3705271401538534 0
0.0 0.3671875 1
0.0069285315327801715 0.3938169282426748 0
0.0 0.3984375 1
0.007609205721480862 0.4023437500000005 0
0.0 0.421875 1
0.008817868903548376 0.41406249999999994 0
0.005930775596070034 0.408438567350089 0
0.0 0.4140625 1
0.013592880088703407 0.40805818450650844 0
0.01671176598133111 0.4154393727955708 0
0.012017308602658743 0.4281650223929426 0
0.016331780337174723 0.4225279081804572 0
0.023290848170182843 0.43232380034777335 0
0.016255829001846068 0.40245053791303376 0
0.01143930467272224 0.3669795814208371 0
0.007297825083026485 0.35156250000000017 0
0.0 0.3515625 1
0.005612332435204685 0.3573028229534339 0
0.013072983827840176 0.35594399870407145 0
0.03689198499856644 0.32183811496748277 0
0.025474692112511337 0.33043385233696254 0
0.0336915512580344 0.329467518553067 0
0.028893980162080057 0.3240908273692874 0
0.014950790194968682 0.31703952486551734 0
0.02038822595321933 0.32359881047173605 0
0.022765886155242616 0.3160944349645446 0
0.015460615139800906 0.2884706776055775 0
0.0 0.28125 1
0.017192336712247926 0.3027905536842621 0
0.02800190997123819 0.3060814101882893 0
0.027244382601406658 0.3120608095480172 0
0.018092353810471185 0.310232935600804 0
0.00857525178685761 0.3076082402604356 0
0.0 0.296875 1
0.0 0.328125 1
0.012220002667943042 0.3349875276883253 0
0.018120915787304844 0.3305962166353153 0
0.009684501447839763 0.3254200053447782 0
0.021351894411045656 0.34109830081832326 0
0.030280282593340722 0.335878733370923 0
0.027820598277424752 0.341917353213484 0
0.012700285834786256 0.34414849675892867 0
0.018516707379432354 0.34685140160927036 0
0.006477771893411768 0.33988165073928744 0
0.0 0.3359375 1
0.005843257885988933 0.3320312500000002 0
0.006604092475036433 0.3176393717179715 0
0.0 0.3203125 1
0.009086565417186415 0.29840753892756205 0
0.015791003956747617 0.2956953709790818 0
0.02994277619434069 0.29142830229543293 0
0.022328573133046363 0.29177650358389734 0
0.02644746622712945 0.2984204256048606 0
0.02544565420533824 0.27651355617078627 0
0.021961599037467108 0.2837517909405545 0
0.03014346325204128 0.2832324274054533 0
0.07150812351927492 0.2493086346268643 0
0.04952225295968966 0.26468107115780154 0
0.05317774336278303 0.28789684733236987 0
0.041247488718313206 0.2876047189465225 0
0.03489590497701209 0.2874491918466226 0
0.03839869564330415 0.27245861985122083 0
0.03718741532973103 0.2800801124973316 0
0.03814778515412687 0.28441957892939057 0
0.04529912974416972 0.28056090750801277 0
0.03220227156456619 0.27538082546229964 0
0.024799928042201644 0.25165370034944573 0
0.026827641132266124 0.264039345370359 0
0.032621068099955255 0.2682381256182601 0
0.03706966072365491 0.25600376962876864 0
0.03309699029633773 0.2614852129595711 0
0.041279975961507724 0.2632355073480639 0
0.03039630814468493 0.2553475802698675 0
0.03505821290281625 0.24219828965039444 0
0.0 0.125 1
0.031099536552801586 0.24819584724150867 0
0.0 0.1875 1
0.0 0.21875 1
0.02096631308035477 0.23720219543249177 0
0.02467204299445953 0.2439533924834296 0
0.012196753499085961 0.2464084394086826 0
0.01896936000883727 0.24789931728578854 0
0.0 0.265625 1
0.01270849092164883 0.26021216002649816 0
0.01831761779198174 0.25531611113810593 0
0.019661937997038775 0.2625172773990507 0
0.024347569336733134 0.2580865639600039 0
0.012043383684806735 0.2738586599883411 0
0.014274661916143478 0.2671279506210829 0
0.007274034424165947 0.26507809881441163 0
0.0048816998723627365 0.2569385848108744 0
0.0 0.2578125 1
0.019272652897337397 0.27252001735024073 0
0.016745600258381947 0.27906276792412155 0
0.008576697024885933 0.2817174327171904 0
0.0 0.2890625 1
0.010974303135200689 0.25336510459333356 0
0.01710902016609915 0.2839041159366021 0
0.04724647049054212 0.28636819853336937 0
0.04691444807926171 0.2999276884910308 0
0.03668150317956319 0.2991666426069338 0
0.0 0.3046875 1
0.04113062527160438 0.3085202900122239 0
0.03735363704489795 0.31465161943856723 0
0.0343321153372976 0.3085613134674982 0
0.04157278747515037 0.3025750223744025 0
0.053131821700327694 0.31035560030777615 0
0.04756402611521559 0.3066078246179442 0
0.05036322077040934 0.3164017747428013 0
0.04216229664233062 0.2946485425764331 0
0.04893257633975778 0.293332566077322 0
0.05874491185144005 0.2999415097067534 0
0.007756052357217896 0.28943913896703 0
0.05753881006659828 0.275314486440193 0
0.05257817765627377 0.28064208004110547 0
0.04963872289700007 0.27293182258379506 0
0.043932836761506465 0.27473495867268916 0
0.04460013533077452 0.26852529059407537 0
0.06752831537704572 0.32510176835637195 0
0.06343205739320261 0.33176521516039376 0
0.07520269221362304 0.33441026223382436 0
0.06977057922362179 0.33107094898366074 0
0.07735896283291818 0.32481471503594334 0
0.06001870773816835 0.32507612639340777 0
0.06379759701146276 0.31803518520736057 0
0.05724139803905112 0.3158943861031232 0
0.07340400625417506 0.31577253624218243 0
0.07234619885986851 0.32162122857159 0
0.09835152321228854 0.310246765516191 0
0.0818419206914927 0.29478879216747583 0
0.07527727522979817 0.3043374237315899 0
0.07164955820553089 0.3096141341778299 0
0.0864215710323669 0.3154648046563402 0
0.07997579911022992 0.31828411940889906 0
0.08641402129145627 0.32465352756304666 0
0.08036209177652306 0.3103891863473156 0
0.08932141916864517 0.30584801283108803 0
0.10316779038592036 0.32638665665012706 0
0.09535506325485099 0.3200665092466758 0
0.0937732691426316 0.3279907411051836 0
0.09683224975783392 0.33702401817823346 0
0.09049100174248864 0.34226286035663483 0
0.09915588666009675 0.3312025772596314 0
0.10929394275929673 0.3386236596487762 0
0.10262886207090927 0.3412066551488629 0
0.10402044266043496 0.31734366759892213 0
0.12369789591055114 0.32376072266583894 0
0.12130309649603688 0.29772590984181285 0
0.1109315846604051 0.30601054790871746 0
0.10541277418555936 0.31041890688940776 0
0.11313754677868806 0.32276500038242334 0
0.11300144589276408 0.3142604706100848 0
0.118874364033323 0.31841983822180653 0
0.1216622367613498 0.3082575478278419 0
0.11587367625802952 0.3091552235843928 0
0.10729473288467688 0.3222140886730226 0
0.1588365606178829 0.30171792058054225 0
0.1397884495128582 0.3023674818059702 0
0.12987817856281791 0.3027054327821659 0
0.1320528356179027 0.3147784348424699 0
0.12562244533798478 0.3171740085946512 0
0.13502002273294797 0.30801161164364255 0
0.15063527470622098 0.3188927031218401 0
0.14444202223538607 0.311135399980349 0
0.14050383747612272 0.3206304829035883 0
0.15214007965476226 0.3580684301347513 0
0.14879736661850002 0.33858006477291563 0
0.14706651371555093 0.3284890119680975 0
0.134054724809001 0.3326856699403593 0
0.14184775448679493 0.3345781193179461 0
0.13937278483547488 0.32777802928072686 0
0.13176581109349972 0.32487011602367244 0
0.13342560972171033 0.3522682548632484 0
0.1405756370235685 0.3448224021347755 0
0.13057530256940247 0.3423752871563096 0
0.12014371845778668 0.35073786871024837 0
0.12710389314729842 0.3487325416651682 0
0.1348665224031475 0.3464960158476276 0
0.13666754846587098 0.3391359763127461 0
0.12356379894004299 0.334388025080554 0
0.12153836628835409 0.3424969727214564 0
0.11655950138275578 0.33694593673303674 0
0.11768902019691838 0.3291700378835957 0
0.12825811504134263 0.33014035259979996 0
0.12928048701717174 0.33644081738277926 0
0.14303853408663036 0.3543433516436436 0
0.1508412563388634 0.348260349247471 0
0.18839426698733908 0.3352755129947578 0
0.1688031339653872 0.3394119736017882 0
0.16362583229844754 0.351557405152711 0
0.15656734421199325 0.35249211694873334 0
0.16084835711831638 0.3281525811406766 0
0.1538901608991831 0.32556490502164914 0
0.1549111966831306 0.3334684110588317 0
0.16220092696287086 0.3356367154443304 0
0.158570030701406 0.34379231782841346 0
0.16515525163052974 0.3450331647858991 0
0.18191823667519708 0.3524041457148036 0
0.17430323237276943 0.3469755181168903 0
0.15283137846371184 0.34278424091188964 0
0.17251471918835826 0.3575396392729781 0
0.1823081525357056 0.3642951738168948 0
0.17911485403144634 0.3584479776350014 0
0.17597100770042592 0.3526913325112587 0
0.16245928794722284 0.36288578131341004 0
0.16606203730125152 0.3575325251791901 0
0.18289152736362135 0.3429835774553529 0
0.17779244631636776 0.33352515683062206 0
0.16943917022749397 0.33046429553223056 0
0.18135333019989797 0.31087855964948213 0
0.1685831492617591 0.3165269637251406 0
0.15972502799431137 0.318588481015729 0
0.16536798801209546 0.3227737193448888 0
0.16239272159990026 0.30998931496346016 0
0.15331705334431958 0.30899110531881796 0
0.1550473854551849 0.3147737231032473 0
0.14924873934584293 0.3001727981530166 0
0.14792904344512361 0.30612924720263035 0
0.17203114754809207 0.3070624438022676 0
0.16573230964065255 0.30365335354700723 0
0.17746065731163785 0.2895069597544519 0
0.16543241366735723 0.29146971261489657 0
0.16370968208946315 0.2976076284200862 0
0.15524288623856197 0.29192053121243877 0
0.1656122992467486 0.32756726236566686 0
0.17690782155864077 0.32301062229975935 0
0.1711015843480199 0.32466138388073273 0
0.1758743947366127 0.315751440079801 0
0.18420098189251324 0.3276915036401036 0
0.18465143575333337 0.31896758005609954 0
0.19962554517339065 0.3241143492429667 0
0.19627286063681432 0.309512348422041 0
0.1890212889510508 0.312469004190691 0
0.1927687090751838 0.31970739447971686 0
0.19973720861374342 0.3164028147444583 0
0.2239093072891127 0.29993358430968053 0
0.2107280652863073 0.3065607713430581 0
0.21326821100158647 0.32045532009302236 0
0.20592768558656244 0.3203490288844436 0
0.20941067544735853 0.33333533339490057 0
0.2095118528872203 0.32634796747194156 0
0.22177219679238663 0.33001991340963177 0
0.21616305014912235 0.326444277171246 0
0.22526748200227623 0.31834942603125327 0
0.20969167000577515 0.313929704979095 0
0.20376640640041777 0.30933900489109695 0
0.20370413886470254 0.299071645111745 0
0.2182306690855548 0.3134925919763638 0
0.22652699398267298 0.30899853279710243 0
0.192368839262917 0.3278673528810845 0
0.19908095287315858 0.3362387717267907 0
0.19813361398878654 0.3301217781767093 0
0.1887796324071279 0.3015052854110721 0
0.18614679630527825 0.30704783962798027 0
0.17908197812420507 0.30029528954209345 0
0.17181202494735176 0.2965709987942856 0
0.188228144522942 0.3304161017899841 0
0.17787118536316243 0.30609051722101904 0
0.18480178786248835 0.2939196949580745 0
0.19040438518132083 0.29581749761162446 0
0.19648849760184042 0.30180083415132636 0
0.18874858189275995 0.27904090842889306 0
0.1846203651274451 0.2859087073830453 0
0.19231955196849834 0.28586203946605315 0
0.21952936820463342 0.2672719747379704 0
0.2048311340826279 0.2749667329723373 0
0.2028167621420316 0.28528500308405685 0
0.1748291298606335 0.2753485905051655 0
0.17819537892839554 0.2820466642567252 0
0.16874481988562534 0.28260130478795553 0
0.17112938551384202 0.2885447612925756 0
0.15064482772334156 0.26123877718941446 0
0.16152690249465562 0.2703677616631302 0
0.1672977950848929 0.27520896979327925 0
0.1712609773001281 0.2646245565175335 0
0.15759570564018793 0.2809140472491576 0
0.1601393241658712 0.2872125072691013 0
0.21838331081677576 0.2829682021973214 0
0.21018955530262273 0.2813685860778458 0
0.210942427129218 0.2916838739462117 0
0.21570872239436595 0.27488296425428044 0
0.20400862319641622 0.2921301679891831 0
0.21114980375356077 0.29912685511759785 0
0.2178022541898999 0.2952171247372582 0
0.21665210602072701 0.2890243215690798 0
0.2263813996626642 0.29042057080242273 0
0.23226171951476607 0.2760915785337394 0
0.22407072981946952 0.27431615500180895 0
0.22665782447280372 0.2821629332810863 0
0.24453789058923447 0.2544847744458595 0
0.25708546728633314 0.2527861475310259 0
0.26016110921977265 0.24543440773251782 0
0.24969333616674907 0.24537438165979744 0
0.250575008563419 0.25188720205745646 0
0.2522172635713358 0.26401836546248075 0
0.2486026063096007 0.22676773740106032 0
0.25770605898187887 0.23022050194509341 0
0.26072383746761946 0.2215828237202265 0
0.2547316826276864 0.22433532728363217 0
0.24952018695600123 0.2050913243102095 0
0.24782779386758452 0.2158773114216368 0
0.25721487249231767 0.21208698225782585 0
0.26292762695574956 0.20666148548811583 0
0.26697660091698716 0.22179662525535782 0
0.25127368035436537 0.21089222650194997 0
0.25407340216542157 0.21782598017661528 0
0.2576994166229604 0.1932771841256227 0
0.2622212463501925 0.19922413451654747 0
0.26859458124697694 0.19301674677007646 0
0.2549143508441611 0.20008742670134125 0
0.24088830667968217 0.1903768396634583 0
0.2468290596892056 0.1967809266087328 0
0.24996963629928057 0.18791005580469838 0
0.23273117023166906 0.20390132357570948 0
0.24121835918014567 0.2031887483520528 0
0.2364170419943465 0.19690223127923187 0
0.21140996220679212 0.18820304360401707 0
0.22325638287257438 0.19444162220409952 0
0.2311747164205082 0.18851556267104977 0
0.22945629073431287 0.19770662634332023 0
0.22107673601218347 0.20609954447436787 0
0.23777272955979084 0.21304926550248646 0
0.24408949556243106 0.2097243034915094 0
0.2630211349322254 0.18788155708408547 0
0.25645277632470886 0.1683821198000483 0
0.2615636928378204 0.17751650452765966 0
0.28162743465083506 0.1614379901023141 0
0.2954154370494588 0.17526629671134927 0
0.2966029026624023 0.1851824197678724 0
0.31203382408587077 0.18170662693228845 0
0.32060488980992696 0.18540754432549308 0
0.31914936735000815 0.17700297955757224 0
0.30789836742903026 0.1677167074504063 0
0.31210445840484363 0.1740795616201651 0
0.3204084196071316 0.1640187034251271 0
0.31471863434650765 0.1677798700023454 0
0.31141180878750413 0.15659314332378715 0
0.30378378998058925 0.17500822208811273 0
0.3246065961429207 0.17097897154914157 0
0.30420111108259335 0.18292397710837047 0
0.32955903334246944 0.17342279858907 0
0.3124867488913857 0.192433137714581 0
0.3088786106675309 0.1872126729190603 0
0.3076241524146014 0.19720778730908253 0
0.3068736165219692 0.20152130336691676 0
0.3197506110186768 0.19299733164392566 0
0.314849771881944 0.18696054181262542 0
0.283227499266065 0.1817549760238926 0
0.285879124388447 0.1902678558038188 0
0.2918021476066503 0.18890841438720013 0
0.27737348664906303 0.1882478159698856 0
0.29057996058418406 0.18087451145765066 0
0.2696198587632562 0.1670118432614623 0
0.2699364860453336 0.17559619058153822 0
0.27875601365610103 0.17097287590768848 0
0.2871166300383392 0.17299966928644953 0
0.28405563688414237 0.16736904632593025 0
0.2935229786573884 0.1658696258517179 0
0.3005100960284107 0.16835420898315645 0
0.3004743307519382 0.157387948801539 0
0.29035738764659025 0.15618578526447965 0
0.28810240820308036 0.16228225180659242 0
0.29503203323677696 0.16001699779737566 0
0.3002102088442426 0.11643947577538104 0
0.29777535432385643 0.13693026916010456 0
0.30517067626444255 0.14636148368792284 0
0.29632823054130025 0.14910870289496145 0
0.3019155622537118 0.15148843565102443 0
0.29936996453395515 0.1432949468998417 0
0.2821035828712947 0.14316485422898304 0
0.2907423964612882 0.1424836271853398 0
0.29523874581434595 0.140947888763226 0
0.2908146443260692 0.13534505905093525 0
0.28692835813171075 0.1492329468907421 0
0.27700030633345735 0.1521746482230623 0
0.28319769353733215 0.15486631221634894 0
0.27400599960412386 0.14452844843837723 0
0.26435071987753167 0.15271892119488245 0
0.2705822235998347 0.15027861959997288 0
0.27026885676097606 0.1586548828772011 0
0.2617497588261471 0.1612302355980168 0
0.26303898516690777 0.16772261490473467 0
0.23832595388952382 0.14941911745764055 0
0.24902136449502157 0.15734058279777072 0
0.2566860421862762 0.15502975199632565 0
0.2495968062970475 0.14538253048516334 0
0.2514302021552781 0.15146362838511948 0
0.25450730376218983 0.1616699109158306 0
0.24501346756237322 0.1680596559875431 0
0.2751659281331765 0.16323886800892165 0
0.2381610002280234 0.17833287383161003 0
0.24386147655593232 0.18337280102011536 0
0.2521158058214742 0.17864072963945624 0
0.25648804966051053 0.184536174581686 0
0.25640286513296323 0.17440708147543493 0
0.2368929000272528 0.18495080647038775 0
0.30623996932701353 0.1610762405848545 0
0.2768589704347343 0.17807784932457313 0
0.23004943574383188 0.21134247318563135 0
0.24072110224833865 0.22185570100694657 0
0.234813238731324 0.21893686733716716 0
0.2317294831087929 0.23261686164959056 0
0.23492471035178417 0.2261495638885425 0
0.24145010361079072 0.23339645815200094 0
0.24265813369970757 0.22752674666227257 0
0.23562636846394638 0.2450193969586779 0
0.2426048366905059 0.247376991762561 0
0.24440171073806435 0.24019062270382907 0
0.252534509315355 0.23718134013592485 0
0.25494327088113977 0.24260579766964324 0
0.24776221688017433 0.23303413943003332 0
0.23618693639780183 0.2380297963976805 0
0.2213665925047974 0.18366328223058057 0
0.21814371432979965 0.18978319720850248 0
0.2123716855184232 0.19924256855461392 0
0.2250415933640482 0.18857377670506292 0
0.2293829987015841 0.17979830668817504 0
0.21435164973129037 0.1588675152727285 0
0.22003261664193893 0.17065049755724848 0
0.23190295263276764 0.16786992484875088 0
0.23298109828314334 0.174328060492652 0
0.23842731313010604 0.17009978605352974 0
0.22614819103630107 0.1737521223037908 0
0.23883264736521928 0.15975721675927085 0
0.22674275430475002 0.15516830283954614 0
0.23159904296297296 0.1605943824032522 0
0.2334201266277418 0.15407832472042407 0
0.22831279048768574 0.14378829405921378 0
0.22349899393389588 0.16295764239576982 0
0.22059507508879556 0.15717826757486075 0
0.2137667735866646 0.14432341402984677 0
0.21571630061008648 0.15152882651525995 0
0.22111868648471214 0.14620069163314875 0
0.22062559477687463 0.13279711727678573 0
0.2188957583471073 0.1395716117559965 0
0.2082747356551631 0.13325148161689843 0
0.1989312439010155 0.15220382039019198 0
0.20740067799716666 0.15377873670892245 0
0.20464248867037743 0.1450509492267534 0
0.1795411298489547 0.13086516835553916 0
0.19095148891993333 0.13997582505152 0
0.19695941507394396 0.14477288290951576 0
0.20106948411461478 0.13749227242958523 0
0.186688729173457 0.15147533533148833 0
0.19293021215544742 0.14981913298830093 0
0.1923183341644998 0.16010201418970046 0
0.20370655362591839 0.16611639120885527 0
0.20774284192216932 0.1606030591771642 0
0.21199076991337995 0.16794709150689957 0
0.20544785400395213 0.17789578656336658 0
0.21369403771932613 0.17619314574035608 0
0.21055669553869802 0.1818186221714649 0
0.20682275455148244 0.17167413820199168 0
0.19499782495344417 0.11893492941491697 0
0.200067339977506 0.12754821230255156 0
0.2138416490478343 0.11648317418012229 0
0.204598474657427 0.11908280269881164 0
0.2072609474628584 0.12595325507015093 0
0.21429094466611134 0.1286962516499958 0
0.2126024739623183 0.12264356414249357 0
0.22235327918900427 0.12318531203924292 0
0.2143838629784705 0.135069466977526 0
0.2570026368282124 0.07042516683509334 0
0.23740572952331693 0.09531299074982624 0
0.2274607974472535 0.1079429284487837 0
0.22217946917856146 0.114650148416818 0
0.2341905666866482 0.11867490605791056 0
0.22890523368304433 0.11451318499696181 0
0.23736210191187776 0.10921008302071317 0
0.2154496999391654 0.10391817080769057 0
0.21689413617495648 0.11048842735586875 0
0.2069928317103337 0.10922127278394 0
0.19989502316865718 0.11271937818291973 0
0.125 0.0 1
0.1875 0.0 1
0.17741204363372604 0.05815049698815136 0
0.16909837023605415 0.09349187999699521 0
0.1834427486890679 0.10479373592842299 0
0.19695000156535755 0.09779386643450834 0
0.2004325065616427 0.10486002107818372 0
0.20747746725718627 0.09699671990923199 0
0.19193829784998995 0.1046550910923646 0
0.1878256424653649 0.11300392685863804 0
0.19381089981652103 0.11076490861320053 0
0.1716609739061719 0.11635823724869199 0
0.17925058844314434 0.11230662936267174 0
0.1726721983816437 0.10370986787467897 0
0.17320549180344658 0.11011711202963495 0
0.15343726908386704 0.10853666240332216 0
0.16319156623497613 0.11095059995407436 0
0.17932850361991876 0.12158695333700714 0
0.18813899704376283 0.12602658960829005 0
0.18672378409403848 0.13357007938265716 0
0.19451024205401668 0.1330291098783038 0
0.17925716449174994 0.142508123520115 0
0.18472443505216712 0.1394876091109682 0
0.1516440281146696 0.1366975023394889 0
0.15463701288641785 0.17854189548257995 0
0.17233707403595105 0.1669911754167325 0
0.1814621996557658 0.16103629363922228 0
0.17667559491840626 0.152210651322402 0
0.17390466331225896 0.1594243050912198 0
0.16061172662324683 0.1501791636027909 0
0.16288646773920223 0.1610875324976865 0
0.16839406874177595 0.1531685415847641 0
0.16818434952670702 0.14208981273090715 0
0.1660401977723115 0.1476717507151209 0
0.17357373715190638 0.14619062886751621 0
0.18191967723237287 0.15507734628382433 0
0.1814203958968954 0.14827840391761207 0
0.18671512307893173 0.1790547627536979 0
0.18761727446793483 0.16901683179114418 0
0.17989721584136545 0.1686071565154005 0
0.17345350847709357 0.18026061702146556 0
0.1749078750993764 0.17345656596506298 0
0.16425773490158802 0.1739475255130286 0
0.17994177067943828 0.17809002270655874 0
0.1812881524131482 0.19289711518587005 0
0.18236532103290984 0.18533441197170986 0
0.19579778476374635 0.1911056835992478 0
0.1900350678630919 0.18600076995424925 0
0.18870430189612286 0.19330811241345178 0
0.19413607499623434 0.19827812253065003 0
0.20336613597691391 0.19663783009815008 0
0.19812363383194695 0.18267503473296484 0
0.19710412270546454 0.17311080424452832 0
0.1909321062001258 0.17437425533001477 0
0.19651617333619034 0.16594239015086243 0
0.20026887274306326 0.15952051363010927 0
0.2040057639104498 0.21129653463995804 0
0.19899251824655242 0.20484676713395583 0
0.20655919558561453 0.20413859496001663 0
0.21309073650473576 0.2105029822555521 0
0.21510954468265317 0.20472090326100498 0
0.21036608906055643 0.23171125934491807 0
0.20941386784567875 0.22080976902006114 0
0.20889012317934427 0.2148136860474025 0
0.18843782730030884 0.22644045118410686 0
0.19986826001388108 0.22713588925718148 0
0.20139487997324956 0.21907459802105816 0
0.19444835832934834 0.22193428801140402 0
0.19480487130892893 0.21293349776737508 0
0.18103561086464462 0.2146969622626562 0
0.18744860588973528 0.21885933626025703 0
0.18761780213257415 0.21145376442260255 0
0.18002315589947127 0.20368644630414265 0
0.18590747926956794 0.19978857741307812 0
0.20636143102492926 0.2265687250434547 0
0.2193380397064247 0.22543524680190555 0
0.21966886733636118 0.21652384284259982 0
0.21544497360095086 0.22082887750884683 0
0.22378038331364367 0.21177190951962957 0
0.22083729848171782 0.23712951782993322 0
0.22831644430168144 0.24091585984817274 0
0.2179544000551521 0.2521040292398868 0
0.22764057776677496 0.2506824431816214 0
0.22153623685460747 0.2450288417377044 0
0.2097983381221434 0.2435307441819217 0
0.21540089204098423 0.2463670554162524 0
0.20861205545057065 0.2528255099421591 0
0.19047547268913861 0.24578766906524796 0
0.20041690937179776 0.2470564857704121 0
0.20207962368527113 0.237236596013798 0
0.19372810541491303 0.23377258504167306 0
0.19572377842457062 0.24076064463805946 0
0.20410678642647076 0.24263054856097352 0
0.20826302817178258 0.23753361688638358 0
0.19339790792729533 0.26247079170057025 0
0.2000970968405788 0.2562160833750233 0
0.19480500185740543 0.2514459248653542 0
0.1835059709118577 0.2556060661039853 0
0.2025586469061779 0.2655675415136569 0
0.20636363336182992 0.25956626739687566 0
0.21101370965653649 0.2667214286109354 0
0.21572379329665337 0.2600013863517076 0
0.2251068952826345 0.2597213306756959 0
0.22985927238914303 0.26739292126921493 0
0.2352629203617421 0.258737692955647 0
0.23718102023066442 0.2519245479371122 0
0.24151364514780244 0.268855236713626 0
0.2353822399004266 0.27054864484141455 0
0.21508979781804433 0.26980781083052807 0
0.2421339845624271 0.2614823309212707 0
0.22989029157246063 0.2561876093347462 0
0.22322700876218002 0.25431983047873635 0
0.1953000541583209 0.2719418292948906 0
0.19724181132298235 0.2796367730077175 0
0.21702206671124072 0.23167540649527957 0
0.20901630706558513 0.19397322354073257 0
0.20356401840311986 0.18832986755115547 0
0.1988573413904996 0.18741360240104413 0
0.16354905242212642 0.18483372469913933 0
0.13693415636878942 0.21307467307235212 0
0.14823690860460748 0.19706492911381915 0
0.15412078610636856 0.18873073136081134 0
0.13679875508868594 0.18274559916848254 0
0.1445925773566342 0.1882479758643744 0
0.14961479512152565 0.18339493567347778 0
0.14375231271326738 0.17230291987185328 0
0.14829068987061378 0.17699950541139983 0
0.1539501404287672 0.1675406077367325 0
0.15781263930914638 0.17282153667555558 0
0.1534061265406201 0.15737312221155014 0
0.14556782141762575 0.16289080927539162 0
0.1174987803446694 0.16235770466812002 0
0.1314871171383198 0.16505592489705684 0
0.13891421461212267 0.1664885430089684 0
0.1372057216445404 0.15537745776295434 0
0.13360138213021777 0.17406337320613866 0
0.1393192879350735 0.17688751570775113 0
0.12292863385326418 0.17181666559210013 0
0.12643520825937982 0.18163229062244252 0
0.13189268476502528 0.17962248485646626 0
0.12879116001257795 0.1704405895495406 0
0.07368105109464329 0.19494423943112185 0
0.09941762541685249 0.18574999937606942 0
0.10829599165268132 0.17392847029351438 0
0.11658565355557939 0.17961682213176386 0
0.12212130137844542 0.17763924445159307 0
0.12754583124568972 0.1759760204061518 0
0.1155262496516616 0.1722762388564508 0
0.10813284504668066 0.18305068218017503 0
0.11834848994699593 0.19607689939536876 0
0.11510777426053313 0.18809953609480992 0
0.1058263070510986 0.19651696370138472 0
0.1120068947112011 0.19400616826346748 0
0.10535652834855756 0.18950582331753094 0
0.1233573986046547 0.1893951514862578 0
0.13130421203601628 0.20057071873957524 0
0.12554460280305801 0.1962530825545347 0
0.12167096917631703 0.20742080357283388 0
0.1335931863604442 0.19151689012849585 0
0.1291501617981337 0.18720028565711064 0
0.13956892231597529 0.19784392774107212 0
0.13965575813243145 0.19177642461529465 0
0.13745376029902728 0.20532129264602225 0
0.14961163120005883 0.21003017104948224 0
0.14279766016685203 0.2095735229895783 0
0.14547328646837177 0.22071497891261496 0
0.1466073225087249 0.20379321922922786 0
0.15683470617053327 0.2027087955461216 0
0.16455369586685897 0.21754788102509456 0
0.15829708137948786 0.21137527104451168 0
0.15290923363092085 0.21745118645357947 0
0.15823112630976652 0.23967874515565202 0
0.15356389645941898 0.2290453255990309 0
0.1510730611332415 0.22337041823021475 0
0.15902495726283278 0.22326425849629605 0
0.16210045624955965 0.23163943336961662 0
0.17417195694362492 0.2424002727852596 0
0.18300184655487292 0.23593720424934167 0
0.1890846868118082 0.23908248713764374 0
0.18787397726909832 0.23242186656052374 0
0.16659206979967447 0.23875206445015146 0
0.1638946680648525 0.25259635087493254 0
0.16769812410882437 0.24615248878651272 0
0.16063229831256307 0.24632633800933654 0
0.15490399089683243 0.2532905845983962 0
0.17370897934088245 0.2540447808949525 0
0.16000049460028734 0.2611368915888627 0
0.14008206121656483 0.25046328787706507 0
0.14705039915489285 0.2541973806267676 0
0.14995231698560096 0.24486770452835543 0
0.13760331415796662 0.26345796732493754 0
0.14377664605001803 0.26030666057522006 0
0.14572225401518019 0.2717404139361468 0
0.17344295436232496 0.22945120492735133 0
0.18008297802532375 0.22367553656805148 0
0.1825425469934932 0.21939667385938144 0
0.17318935459453347 0.21840429378558945 0
0.1682698001662262 0.22404359660692383 0
0.17392246963188007 0.209799232818487 0
0.1686304861935067 0.19841702660528165 0
0.1646547429546129 0.20584586568344312 0
0.1707732809613186 0.2043420834712025 0
0.17991979365037716 0.23019263193576175 0
0.16819944493818764 0.2327624715617287 0
0.16762479587805632 0.21172295607988842 0
0.16154022287883854 0.1933273343532989 0
0.15500097122338796 0.19559621936867036 0
0.1623913721206199 0.19962506842333502 0
0.15242709256113277 0.20005247717598765 0
0.1758632625527827 0.1977298961755012 0
0.1731343569227964 0.1892054847412126 0
0.16692881592856654 0.19011743458857167 0
0.1694471777402037 0.18459579923459998 0
0.13420401934337553 0.2853828335458308 0
0.13456521143116287 0.29467446054982305 0
0.142968557699193 0.29458863182713346 0
0.149237686489436 0.2938616710245652 0
0.14491304629199456 0.28396223429395356 0
0.14007529632536544 0.28856809723410826 0
0.1265839296776085 0.2903318819878891 0
0.12764722071834825 0.2966740931661721 0
0.12007292605974743 0.2719659565085834 0
0.11168767483753655 0.28527574559226077 0
0.11837320216890303 0.2900505659290613 0
0.12278173311190893 0.2813427309645699 0
0.1281339427265673 0.2843775686634368 0
0.13297639037780187 0.2739665470209589 0
0.10938132821034838 0.29557283164308407 0
0.10209555951620145 0.30157870979467455 0
0.1155448963350371 0.2955270931269892 0
0.10784775433815623 0.30113458856969766 0
0.09641131319697259 0.2872609696357495 0
0.10155828781297623 0.2935047970295703 0
0.10677980447274191 0.2895833096419292 0
0.09193086780810109 0.296197652102491 0
0.09522486828065928 0.30226632340872955 0
0.0878542503616637 0.28856233504931944 0
0.0886771562105872 0.2651893601880075 0
0.09046622968082392 0.2769533228246075 0
0.09142653085736573 0.2832677349203984 0
0.12616504582015098 0.27528568981332074 0
0.12766205680306786 0.26528872820858873 0
0.11581520860921543 0.2594753672613949 0
0.12053347327831718 0.26483800065457036 0
0.12454721674101704 0.2579549594593485 0
0.1324126106517357 0.254412279223744 0
0.13843932632066663 0.25669491161985436 0
0.13195393039729955 0.26068762396554324 0
0.1332677700143089 0.2678219350994464 0
0.13882093204602394 0.2791122138432792 0
0.1154841106724207 0.2783712489880296 0
0.10889584392994449 0.26880496622991695 0
0.11391453783324233 0.27240040857413994 0
0.10641913538137947 0.2775624670187542 0
0.09837690720516733 0.2789804879992144 0
0.10251092207112271 0.28433534110627134 0
0.09645693375301129 0.27002422821250854 0
0.10291435328496089 0.27184231036248413 0
0.10062626400913216 0.2546387191916768 0
0.10185469329460901 0.26322929156181013 0
0.1043656908535827 0.26729205785068594 0
0.10871963198208474 0.26179375366903795 0
0.11375098904437671 0.2651751218244046 0
0.0946220304788696 0.25988042608188766 0
0.08727054395535824 0.24539979998509195 0
0.08535032554014958 0.2554810562758128 0
0.09280174954679905 0.2516768556010561 0
0.10268015001361742 0.23739670569782328 0
0.09596862156093883 0.24331075935223903 0
0.10462757208360295 0.24637202180637155 0
0.10985125272238738 0.25323971804224815 0
0.11748694740096403 0.2519065929041864 0
0.11767769338494212 0.23690210859314412 0
0.11958801345217812 0.24442984831913872 0
0.13271150968362927 0.23709322746290337 0
0.12516905411908494 0.23900728197935242 0
0.1253605466035726 0.22394407635246635 0
0.12325125785301842 0.23145008180854157 0
0.11026789419583115 0.22375220952287553 0
0.11573057904631463 0.22933666964859306 0
0.10800756307108618 0.23142726422163806 0
0.11172081275302065 0.2424200521182971 0
0.11161554221903659 0.23633206885845795 0
0.0920657597756247 0.22256198083864182 0
0.08909924886200915 0.23386143887120084 0
0.09057585988780614 0.2400095611688961 0
0.09904026880673449 0.22878636391199839 0
0.13254776310616131 0.2457525065989922 0
0.09892854114249033 0.2487152547274912 0
0.10143306725511171 0.21908549008873404 0
0.09100424146294667 0.2053435294142363 0
0.09413978714954539 0.21379216991849345 0
0.10400272691548759 0.2078738436490936 0
0.11241960692317496 0.20348814527049958 0
0.09726660796361589 0.20782554415753401 0
0.09719115335282884 0.19887463388578674 0
0.0993160741818193 0.19248393953870555 0
0.08603806662102494 0.18891596464288724 0
0.09190618616710489 0.19356875217786093 0
0.08312289833593554 0.1986194348918136 0
0.10263743556025283 0.20182977152368464 0
0.07860997706875326 0.21474958341561012 0
0.08651971846636342 0.21662020757485967 0
0.08411421849839104 0.20913354109873075 0
0.07453283823880547 0.2052482556189565 0
0.0800296309387539 0.22640479847711523 0
0.08558935738939455 0.2230478245725168 0
0.051870494851912766 0.2205983907569881 0
0.06467779282092685 0.21510261869504912 0
0.06063999911306806 0.2012094999583263 0
0.06835896586453356 0.2005714073422767 0
0.06504282318226842 0.20746321227828735 0
0.054585559627167275 0.21014875360742488 0
0.057711094646254534 0.21653837993838532 0
0.06418165651502608 0.2320777742999381 0
0.0627857923188505 0.2235421489542584 0
0.05542477085623827 0.22912787382198066 0
0.05449143895449153 0.2463710183825669 0
0.0573521051668293 0.23787902785048473 0
0.04540756135982418 0.23592185419906614 0
0.05080612865059483 0.24040173477767848 0
0.04431280570290959 0.24853283434910575 0
0.044859848821438675 0.25630981567931066 0
0.0458804186877306 0.2612254052530638 0
0.05321933356448142 0.25713796733176886 0
0.05998513108884917 0.2651316408060092 0
0.05458878443884177 0.2687357483428109 0
0.047076804159713125 0.227601227737819 0
0.03436114168035216 0.2293780254519888 0
0.04103005824449996 0.23071591040687903 0
0.039605968873062024 0.2205244070954789 0
0.036564058506103156 0.23568733000504152 0
0.02861736352171441 0.23492271718418503 0
0.02011630627470041 0.2203690705959495 0
0.022592987524017186 0.22868203132710307 0
0.02887599708539157 0.22228471432368666 0
0.030056782214924395 0.19589971960259814 0
0.027193974259187688 0.20899052149834724 0
0.02567503275154446 0.21593620653039478 0
0.03399529104713642 0.2141168213731018 0
0.016652817257684558 0.21032422162772485 0
0.03620980222408692 0.2041037469281891 0
0.009371107101956091 0.22809580821120198 0
0.0 0.234375 1
0.015830529560367637 0.23180630395719978 0
0.015378598622659903 0.22511535281765266 0
0.008765979783232269 0.21933143225212867 0
0.013655743245991489 0.23901830784566008 0
0.04573233617472423 0.22153874736049373 0
0.04428415063001726 0.21127738336340518 0
0.0635431260828011 0.2446924011489244 0
0.07227211389514714 0.23881077322972225 0
0.06933767529759648 0.2438739477893872 0
0.060312769766330314 0.2525174269439898 0
0.05935610727154023 0.25880394074997876 0
0.0707531456474491 0.2608660993194649 0
0.07114481150134855 0.22655711409316484 0
0.07549399965896554 0.22104318989321076 0
0.07165139664202166 0.21522254267248636 0
0.06851219846891723 0.22076084627653433 0
0.07042587629631653 0.23280193802582344 0
0.07051990581290611 0.20949232071420473 0
0.0692267576912048 0.2727371181053909 0
0.0762372401372452 0.2833608446218039 0
0.08381889117562845 0.2811944834922545 0
0.0827031938497482 0.2721159087063673 0
0.07962098817771919 0.26341812353293825 0
0.07370853664922115 0.2672797482411357 0
0.07708404044304232 0.2555504566670572 0
0.07949600560211863 0.24778437282182994 0
0.08108790819019802 0.23910839150329946 0
0.08110545264074077 0.28806163961967274 0
0.07217040722479483 0.2924437104240698 0
0.07599219537957201 0.29779802909095326 0
0.06748755858975058 0.2998273299743611 0
0.06317414129219528 0.30431823937577596 0
0.06497973843901039 0.2837722139211937 0
0.058373056539546955 0.28381532491132466 0
0.06047198597265468 0.29183430520927567 0
0.05500397182301199 0.2949070177783882 0
0.06623185020312093 0.2938541420947536 0
0.07070975711153511 0.2863378170065727 0
0.08254346498938595 0.23259125924504406 0
0.06275580160943138 0.2711825393102693 0
0.0481836536484221 0.19929290335440025 0
0.03957420473106805 0.19517104926251488 0
0.04198861271601203 0.20118034098984502 0
0.0564672352805129 0.17093837740163273 0
0.03306154212062015 0.17262640189949535 0
0.03397635810405219 0.18457513887958005 0
0.0344750191750276 0.1910883285124742 0
0.05000437723788482 0.18443755639675027 0
0.04659495038854229 0.19155893566989254 0
0.05540770484875066 0.1937787878928878 0
0.06470848267394862 0.19178848342741617 0
0.04199442963384229 0.1849795562714071 0
0.04526616765135577 0.17387242796958957 0
0.04568286559124491 0.1800306003627816 0
0.05272769219115387 0.17744470254271302 0
0.059381318709151795 0.18406262224119588 0
0.05483779233239824 0.18787508520071 0
0.07394172591218945 0.17972241054592059 0
0.06736616141510876 0.18425641774495274 0
0.0743449974741367 0.1873424630771263 0
0.08085792518863852 0.18317708591367454 0
0.08823901830453117 0.15974987512940295 0
0.08268178734795038 0.17087535368513554 0
0.07975836447132331 0.17672799482554727 0
0.09016836297790697 0.17827138741464976 0
0.0722717888413661 0.1693319610960327 0
0.06356575901617698 0.17624787542493825 0
0.06415817190081732 0.1680559218777947 0
0.07123271671900458 0.1495058503964679 0
0.05439536036654672 0.15370855851630777 0
0.05752954465237311 0.16207115509387707 0
0.06681828818627285 0.15844636018581765 0
0.06057489626660515 0.15616117736817223 0
0.06126652567939178 0.14540738643481163 0
0.045477400472306174 0.16181950772464807 0
0.05142222059116865 0.16583673100731067 0
0.05143452586333593 0.1594112387238349 0
0.03276338558869756 0.12880869400871992 0
0.045640783035476716 0.13946775826944802 0
0.05244247247894842 0.14509775028911745 0
0.0573091956108007 0.13229456445654847 0
0.05269617748383337 0.1378676303840167 0
0.04681871389746388 0.12830694210331353 0
0.04214171774137196 0.15061865332704058 0
0.04869443142335463 0.15047464377827668 0
0.0712764518705643 0.1352329279639685 0
0.06834534276461264 0.14236047466955334 0
0.06375770123446657 0.13630740466361582 0
0.05860792658332601 0.13978860056187137 0
0.06477911408284724 0.15103243486389317 0
0.07758321358138065 0.1582015247662822 0
0.07213680406930459 0.1555123284992315 0
0.07229598020024332 0.1625109857094011 0
0.0787889200022513 0.16507895023803204 0
0.06972995134377902 0.17506990089819074 0
0.09223219665461123 0.1686951585473786 0
0.08656152342725174 0.16586262953337946 0
0.08815117399828504 0.17282614089298787 0
0.09900844625554973 0.1751660603364624 0
0.10251467087673037 0.18033038737346616 0
0.09594630465887224 0.18058432294226476 0
0.10309823655258216 0.15848063370965235 0
0.09588930012620389 0.1616987060188057 0
0.10267706818416344 0.1672207110598461 0
0.1095573418786539 0.16317207254362104 0
0.09486642804075113 0.14972377412557597 0
0.0932958799282972 0.1558890785345451 0
0.08521592076279912 0.1505480990230437 0
0.08330371673120772 0.15627380673722926 0
0.08861607882404433 0.13345210804151172 0
0.08938822889039941 0.14249179598242084 0
0.10462999592317147 0.13663705645283986 0
0.09616246611199668 0.137360334042542 0
0.10100430749481007 0.14411754667029156 0
0.11626508065082802 0.1468953236339822 0
0.1090209827997492 0.14338421126178785 0
0.10565506734120719 0.1507737092803586 0
0.11276752619697128 0.1553484108591784 0
0.09997670264523081 0.1531674548536796 0
0.11895507656667048 0.13211680901639736 0
0.11242113985509412 0.13636903549782786 0
0.11931531197731732 0.13981645413585306 0
0.13518625588370647 0.13521566699512072 0
0.1266990380536544 0.13561274976358945 0
0.10804373760085624 0.12249664439917889 0
0.10830328877568682 0.1300415789387656 0
0.09796450719188503 0.12662030881804104 0
0.09439060774272501 0.13154184598490917 0
0.08853816286212768 0.1235335366137796 0
0.12848588511173925 0.14733785111759992 0
0.12243912409069002 0.14535907670220627 0
0.12274124859807824 0.15466410848265114 0
0.13120049597166655 0.14092545396688425 0
0.14262279051199875 0.14465283453606187 0
0.13566877008945089 0.14659784125981423 0
0.13011486856035653 0.11772133368335716 0
0.1262613389259324 0.12625740086410137 0
0.08039452793611998 0.13870719630021877 0
0.0753283272410359 0.14369478852215867 0
0.07822023192239969 0.15008180502139903 0
0.08327717582703746 0.14443547789875064 0
0.07915131511693145 0.12826781360335027 0
0.0770383671986101 0.13381315955167333 0
0.08516561035612502 0.12851962166292463 0
0.06293194614528619 0.08443601159432806 0
0.07352231187258931 0.10543396986063433 0
0.07895494147449658 0.11620547035405468 0
0.0669731756286948 0.12243330230055165 0
0.06382403550763444 0.12901311655940298 0
0.055759410502200644 0.12110983058328417 0
0.0718294010854114 0.1279238239754573 0
0.0757631107679415 0.12229020310793318 0
0.13597513096032418 0.1255047496518293 0
0.14235631389977244 0.114602399506538 0
0.1368873779089628 0.11872005171536176 0
0.13143922245002093 0.1300237722160664 0
0.11854418382225944 0.11763570762927625 0
0.11914210425432278 0.12486512210196153 0
0.12431057876754112 0.12023889400713918 0
0.15139179299135025 0.14814991950700385 0
0.15745658283190528 0.1425545079168164 0
0.14861905002127856 0.14235986462486144 0
0.14341651405369069 0.13594134615880202 0
0.14857156473071395 0.12498941288735774 0
0.14217670847913122 0.1228849145036224 0
0.14133884924144755 0.12955155570903834 0
0.14798228066814698 0.13140124027767103 0
0.15710657362966907 0.12900682262794427 0
0.16281469759372091 0.1208770345395137 0
0.17084844952661613 0.12642283219473496 0
0.16854241910644527 0.12117156874425605 0
0.1639877908043828 0.12776949319086192 0
0.16879964578778678 0.13413444169381997 0
0.16261842177691122 0.13765784428055686 0
0.1738632340380622 0.13852755744774548 0
0.15732631926461813 0.13494821548409727 0
0.15684531208788693 0.11568002845071439 0
0.14963085200491213 0.11473733175228107 0
0.15501189892904066 0.12238192910878413 0
0.16591312401228459 0.11602429848339232 0
0.14461850923577074 0.15239129147275313 0
0.14757552827505435 0.15741660793481402 0
0.12487076644273688 0.16174810096267755 0
0.12990684007476577 0.1563721344257719 0
0.09768139805427517 0.11154845455103854 0
0.09519751701800541 0.1191336977671422 0
0.10156288465754988 0.12103574396886596 0
0.0879945612418917 0.11257569116602689 0
0.08501086041968332 0.11821611424783877 0
0.09043446734210174 0.08939696226484245 0
0.09169110229998502 0.10124702445318207 0
0.09237955055471458 0.10773908850155196 0
0.04893651258255838 0.20616451714678946 0
0.05412442560543428 0.2021190768976863 0
0.03834794020541027 0.2098280417558111 0
0.04984928226059217 0.21449569371182448 0
0.014737911037677038 0.21660402039263124 0
0.029593231146631746 0.2026567788607566 0
0.018384594365353238 0.19849340849728236 0
0.02132991663917901 0.20496669452447033 0
0.03459023470550734 0.22353342839230006 0
0.029458099827462902 0.24066717124743744 0
0.050224831295783846 0.2513255460348277 0
0.037681036080132374 0.24934988636420338 0
0.08055022300553064 0.20416578531630653 0
0.08935533719290138 0.19929529082320507 0
0.08009924589150223 0.19242142277146992 0
0.11240677139496967 0.213733052851118 0
0.11570190063764184 0.20861471938582016 0
0.10973591852822204 0.20860724479114579 0
0.10584002517878634 0.21419524478688984 0
0.1178614191992373 0.22013538509947997 0
0.1250091119587928 0.2153489802699602 0
0.11891296193350111 0.21397554527176063 0
0.13195532716493952 0.21936969748862323 0
0.1331928660650824 0.2281947937487855 0
0.13842375251642774 0.22296195125396928 0
0.14319700034546162 0.23296430165356014 0
0.13710362827078082 0.23286858072585026 0
0.12907732553799178 0.23243440183953948 0
0.12980599327375011 0.20866241559643814 0
0.10402706546503605 0.2248708589729204 0
0.09277475298873532 0.2287872533531962 0
0.09601732716830702 0.23513878408929392 0
0.15059258881197224 0.23669047665184229 0
0.1553820609126464 0.2666422291058641 0
0.15323899366415233 0.27428221557907567 0
0.14778864107270248 0.278014928625436 0
0.16495604083201146 0.2650590848939023 0
0.17962372720516784 0.2484484892965639 0
0.18333892910943028 0.24273991689761087 0
0.168065171836854 0.25831199150800155 0
0.17769668640004216 0.26054058010452313 0
0.18529058801234802 0.26359387522915206 0
0.17892337049126483 0.2684597812045311 0
0.18233210751020013 0.2751467771065406 0
0.11896408373657964 0.16780452309706123 0
0.14807294229836848 0.16825517650363617 0
0.15695074047627797 0.1622817633082025 0
0.15936043774322858 0.15613145935248524 0
0.1576021113103979 0.18379962042516937 0
0.16557224042516858 0.16730425322275788 0
0.15976811922323916 0.16735649772597957 0
0.18710369004674332 0.163049086743453 0
0.19431382281892712 0.12513603439835014 0
0.18848962055265606 0.11950305143438117 0
0.18308332277922923 0.1169149397909113 0
0.1632930081350418 0.10125633708610154 0
0.15922566569176536 0.10606143812317491 0
0.1510961766099365 0.09505614378277416 0
0.15386010650094514 0.1015196883326172 0
0.14206009748617457 0.10274286228524007 0
0.14610662914848455 0.10857525972590763 0
0.1497825101082397 0.11056176936937188 0
0.15996163273701183 0.09271300286132222 0
0.14787455568473745 0.06492374791043727 0
0.15179139014538548 0.07974339608011534 0
0.16564033991216537 0.08007744651601735 0
0.16501687512629762 0.08739109564945136 0
0.1757546751138679 0.08462305941284691 0
0.15863738869726832 0.08316386645517874 0
0.15222577804185444 0.0874352732444852 0
0.13156500970550483 0.08474385664503488 0
0.14142143170549865 0.0897279546905098 0
0.14583818771853374 0.08393779908060471 0
0.14332785254808253 0.07405287594448763 0
0.13848714553615296 0.08054342121387381 0
0.12423859026488676 0.06486632655958184 0
0.1298367798118216 0.07409190068985345 0
0.136582316179952 0.07407238831717071 0
0.10950413357479874 0.08011868392548002 0
0.1208306008617623 0.08101928755834024 0
0.12164052671737734 0.07275417432760684 0
0.11550480775888873 0.07632515515424618 0
0.11341170219569567 0.06567200832038464 0
0.11637445656012961 0.03233638424687264 0
0.117632910600529 0.04924770295669165 0
0.11829708575695894 0.05817300129016569 0
0.13117251905997032 0.05272751581705665 0
0.12381482312440405 0.05327503800246539 0
0.12793469342561492 0.058927809782089134 0
0.13835609967393467 0.060424370478004266 0
0.13318817097411248 0.06669198851551598 0
0.1266834560801465 0.04211347024202829 0
0.1404216921752769 0.06739194507552305 0
0.10475747729751896 0.05469318842980084 0
0.11093938982139336 0.05872052347557448 0
0.11109240201720129 0.0517274020438221 0
0.10107766298287409 0.03858450071810401 0
0.0625 0.0 1
0.10466187407965 0.04624038166248671 0
0.1018888443417762 0.06585475619023612 0
0.11016972561753889 0.03899486098173431 0
0.11237126901573857 0.04523502579206817 0
0.08519420859850897 0.05068750953487121 0
0.09540959159356867 0.05057197116838814 0
0.09824362728822136 0.04457823594324603 0
0.08582257385901013 0.035038271835796525 0
0.09306612059813245 0.03846325963446451 0
0.09375 0.0 1
0.09735180785186191 0.020027184811761686 0
0.09321264282893774 0.0287811533123652 0
0.08653484501785966 0.04290410597741274 0
0.05619822968114133 0.04168599711068461 0
0.0 0.0625 1
0.07128664000971738 0.04428486947381845 0
0.07855460693436371 0.039661570654807396 0
0.06626143905207768 0.028360717731581414 0
0.07089958936252798 0.035652031654288596 0
0.0779779021490947 0.02602850866471433 0
0.07257205344742726 0.029467276916867225 0
0.07929525581137771 0.032801510923759686 0
0.06242218062825557 0.03592381359411307 0
0.06365429956073138 0.04349712496238264 0
0.06539461497942939 0.06400364842732711 0
0.06646990900194577 0.053585283153482564 0
0.03125 0.0 1
0.04321112645964326 0.021415685483994883 0
0.051518465954523716 0.030388755044945814 0
0.0588899525033007 0.029374736388263597 0
0.055932769254724214 0.03517806881170603 0
0.060623848999860556 0.014678626915439908 0
0.05403073565679844 0.02135108940650777 0
0.06166562244984135 0.02225187906696646 0
0.07146428409228092 0.017045700163714872 0
0.06796957606713998 0.022292460486012695 0
0.07831898361635875 0.04731554598652629 0
0.07688433097936118 0.05893577480931428 0
0.0796121691944778 0.05337388151629796 0
0.0862848193881873 0.06009637462971836 0
0.07955014639486718 0.0759942990932237 0
0.08065012308299666 0.06708483872199983 0
0.0729954503929318 0.06567752242639371 0
0.06705281645549067 0.07456809956393776 0
0.09164566616742627 0.07296499928097402 0
0.08774459399961042 0.06703918815485384 0
0.08521514677611922 0.07295135042232355 0
0.08625061800687073 0.08167375449619528 0
0.0948312812368032 0.06662086946230843 0
0.07517143128590595 0.08795243912860722 0
0.0828167565974347 0.08852881098436502 0
0.07941000589930917 0.08272373143071564 0
0.07285187199476664 0.07922098284437759 0
0.07372018501837908 0.07245769682994879 0
0.07832854729541873 0.09706881569376127 0
0.06945289294249253 0.08479777025878635 0
0.0655449624294243 0.09628774725067969 0
0.07180209018057776 0.0988823103304479 0
0.08267178875059114 0.10512754254739391 0
0.08519417131974356 0.0985683515089219 0
0.07824860575540796 0.1098059828043546 0
0.07009831988412868 0.11387606927534663 0
0.06337394542574587 0.10623335116272487 0
0.062071776481178335 0.11579401118219933 0
0.05134683162589412 0.10946425758950074 0
0.05559789945563826 0.1145122650401165 0
0.04628491927750969 0.11804101022349295 0
0.04991319226944768 0.12299919570745617 0
0.0 0.09375 1
0.026065600610463962 0.10032565261621353 0
0.03784491274027898 0.10727768307224768 0
0.044168523434312934 0.11100981391762661 0
0.0550380804171471 0.09920396598962951 0
0.04557703679888557 0.10139993739154647 0
0.05106587427617479 0.10356905143815112 0
0.04683091303046504 0.08532329785851409 0
0.04874261739821058 0.09355961568700354 0
0.05695379179626131 0.09073424670223817 0
0.05475939000982185 0.08266507825107605 0
0.04418453296200032 0.06427718013306773 0
0.04762345552209883 0.07453420264363816 0
0.04948778747283511 0.08009480904046565 0
0.05975693328213963 0.09581978212884013 0
0.06312656172900169 0.09060702439075441 0
0.035983429010193586 0.09218108992501296 0
0.04208633168757129 0.09543131995177985 0
0.035807704476858666 0.09986581921416943 0
0.035273866798694896 0.07905068662958596 0
0.03952887713090839 0.07154310836625077 0
0.02011288489471624 0.06549843938915491 0
0.029164652025892693 0.07062863734607047 0
0.031679562782559983 0.05564069793166904 0
0.03532921470103426 0.06372764374679678 0
0.027464661032276655 0.06240990986679999 0
0.0 0.03125 1
0.01893586497988818 0.05240256313991068 0
0.021608022543722672 0.05876322897503004 0
0.01063131435338846 0.05963298789716268 0
0.0 0.078125 1
0.007809084646824057 0.0703125 0
0.0 0.0703125 1
0.015628417593765754 0.08593750000000001 0
0.024683967743689104 0.08030563750394368 0
0.021790046101298505 0.07308984956099228 0
0.024660996387607898 0.09036490539601248 0
0.029768641400093596 0.0947240642412803 0
0.03065092815668872 0.0853489238365576 0
0.021528481954073985 0.08532809180759682 0
0.015969143481733065 0.0966699858293829 0
0.021986410046797706 0.0958214673557689 0
0.00865738039818749 0.09153046204971425 0
0.007411516160283155 0.08283681143189958 0
0.0 0.0859375 1
0.014178884860098086 0.07734095726461203 0
0.006217238060566389 0.07653043470704483 0
0.014894612460504905 0.07029164002540361 0
0.015098485191389737 0.11484498401190245 0
0.01834015862212948 0.10589192052791212 0
0.0 0.109375 1
0.006616139021041344 0.1015625 0
0.0 0.1015625 1
0.010223758787472715 0.09707286355914707 0
0.008394666936056883 0.10977641537106156 0
0.01213075534322165 0.10466794769599086 0
0.0 0.1171875 1
0.007786877596596749 0.11754789795208069 0
0.016840162295358906 0.13079707689738157 0
0.0 0.15625 1
0.013972228476938504 0.12303907677150888 0
0.007066046417675874 0.12458908167756058 0
0.0 0.140625 1
0.003999298992092662 0.1328125 0
0.0 0.1328125 1
0.011994005353591942 0.14183496341538523 0
0.006233457114616452 0.13888607960533264 0
0.010206093589396625 0.1304436428869531 0
0.024042850126085147 0.12372532692405522 0
0.025073508245861145 0.13197896834989328 0
0.019903634628838495 0.1387248767996866 0
0.032077093665245304 0.14270029506771195 0
0.026689580539524985 0.13857145724292974 0
0.02351467559401382 0.14829359783113646 0
0.017798835178629558 0.14498491263480487 0
0.010022450931434257 0.15239184871299527 0
0.0 0.1484375 1
0.006635908406643752 0.1462968521216849 0
0.01176868229932872 0.17187499999999997 0
0.0 0.171875 1
0.008114603781887041 0.1623826758487875 0
0.0 0.1640625 1
0.005884341149664266 0.16869069985012444 0
0.02226245963296843 0.16238592875796665 0
0.015189411895644402 0.15855610565708889 0
0.01756704711094145 0.15197680727682994 0
0.015829988231212917 0.1658193517406976 0
0.02233324676213833 0.17457056400326448 0
0.026764811726980187 0.16845229540514087 0
0.03520619145111935 0.1625547211653994 0
0.039622275807901064 0.16875925552160023 0
0.013926021567517748 0.18547018600966722 0
0.01577914096579289 0.1782073648276627 0
0.005963353039743077 0.15679429856639004 0
0.032435789644235026 0.1525998708263502 0
0.02550127454245912 0.1555719231363104 0
0.02874968255276183 0.16129268296177016 0
0.038255087047686286 0.156343301657724 0
0.036449575326903634 0.1474981511648778 0
0.029273011806864875 0.14775818296223595 0
0.033451779994546814 0.11760601147250571 0
0.03992606170999832 0.11612091496264261 0
0.027208368438342786 0.11005592137251007 0
0.031572974355544826 0.10501567080440226 0
0.020933483227366944 0.11189429142097462 0
0.026410312291341206 0.11707234322419342 0
0.03324574415249065 0.11141990547731521 0
0.030287660101339754 0.12303407111822973 0
0.02962825871087816 0.07671913089480929 0
0.006150299651601948 0.06416147443877625 0
0.0055114213507148424 0.04536816726145856 0
0.0 0.046875 1
0.0 0.0546875 1
0.0 0.0390625 1
0.010832072418306754 0.03515625 0
0.004711702427341146 0.03515624999999999 0
0.0 0.015625 1
0.007771887422823958 0.026670324755971697 0
0.0 0.0234375 1
0.02563676159232325 0.025022656440413325 0
0.016918315585534516 0.028166692816726797 0
0.02326762603919976 0.0398400475057652 0
0.023316894581548245 0.03224983028905286 0
0.017611083942771923 0.0360080620504803 0
0.016063163894330955 0.044383919892198614 0
0.03773572159737075 0.03613869224645814 0
0.03142390951549304 0.030866202871008365 0
0.03057905556868407 0.038291844640297897 0
0.0369794244712196 0.046595175054049025 0
0.03898834792113207 0.028224897266753802 0
0.03382685742715294 0.020309966016553393 0
0.044586771599503194 0.03316707037273998 0
0.04614879290328145 0.027028005839068024 0
0.015942625369002383 0.01180090404460172 0
0.015625 0.0 1
0.013533171308599606 0.02015652866032797 0
0.02146312419381375 0.017918023524425182 0
0.02566161520779106 0.008579429779501126 0
0.008052364114345652 0.014050854783294108 0
0.0058571946114275185 0.020314917463782327 0
0.0078125 0.0 1
0.01171875 0.006009864574958057 0
0.0 0.0078125 1
0.0060716835004839004 0.008291378307973758 0
0.0283622262824865 0.015406669836667396 0
0.046875 0.0 1
0.0387090661957756 0.009372074114519154 0
0.03212490667173885 0.0099705361272237 0
0.03908059799846664 0.016096460983961752 0
0.048570822476352374 0.012990381332014772 0
0.04524035780465895 0.006819274294016742 0
0.05476134330552097 0.0056651819561980175 0
0.0546875 0.0 1
0.05485151922637581 0.012019791645858447 0
0.06196785775460169 0.007391197880297678 0
0.078125 0.0 1
0.07031249999999999 0.00427722982684213 0
0.0703125 0.0 1
0.06803752846186485 0.010918628088350741 0
0.07850855593714574 0.009974085589705674 0
0.07953822821243778 0.018044101294728842 0
0.0891484119671709 0.012717218351630543 0
0.08629900447816562 0.02350996778055154 0
0.08553837002978289 0.017536639153297427 0
0.0859375 0.0 1
0.08984375000000011 0.0057776922773998644 0
0.109375 0.0 1
0.10090956317444959 0.009049859303191729 0
0.09583568808900161 0.013470612154053895 0
0.04860628579571832 0.018930358979258932 0
0.0234375 0.0 1
0.01934844197820015 0.005804508805536398 0
0.028045338944035103 0.047435987853751124 0
0.021815568701863308 0.0468470031576865 0
0.025488533129465425 0.053475741770315895 0
0.04124118240904557 0.055167563593036595 0
0.04727396412446263 0.04682281019910182 0
0.0436711774519245 0.04043950642877091 0
0.04966985068608848 0.03750088047936714 0
0.04206693627432764 0.04941148104292413 0
0.05622224529256188 0.052048259274666185 0
0.061853022339630526 0.04943686025617454 0
0.05324393993687245 0.046874002893217664 0
0.04888413112011945 0.054339924877588 0
0.05536612925162114 0.06220137591557561 0
0.061241599589162365 0.05831033597642477 0
0.049287314758704195 0.060610512873311845 0
0.050644473403133015 0.06783395039561149 0
0.05918096081024828 0.07039130828953578 0
0.06012137010222255 0.07766339708144905 0
0.05421504438880094 0.07473033898150658 0
0.03630557151826669 0.05227574015462714 0
0.010468547318039565 0.04145889612493981 0
0.007365372329858928 0.05275397168964006 0
0.013071691881787261 0.04997952117314731 0
0.03451295458135604 0.06920234613653438 0
0.09741775032998874 0.05867920234844115 0
0.0914030675462305 0.05586671172453449 0
0.07015155886719732 0.05922994531058667 0
0.10373108748563449 0.02839906973741454 0
0.10582261760873683 0.03438227754860684 0
0.1090282090067408 0.01774631314121998 0
0.10375250790334896 0.02176633645754772 0
0.09837289480121268 0.025865539516930235 0
0.09861405067317322 0.0325043611233837 0
0.12808871406835542 0.06884133654480959 0
0.1548665867649336 0.037814210391245 0
0.14444707206991234 0.04753888716731091 0
0.14616081387732474 0.056231317538874025 0
0.16175690596318665 0.057671645824347945 0
0.15459593326926185 0.050053155295361584 0
0.14893349353636687 0.0511695242839427 0
0.15374650213725366 0.05925092381036074 0
0.15849704484220545 0.07004365693756216 0
0.15763253734105914 0.07661375974663742 0
0.15874376160049888 0.0634931928580417 0
0.16990135939043588 0.06719331096735341 0
0.16841749167960207 0.04423634181195222 0
0.1625885166585541 0.04971526585871406 0
0.16968944969676025 0.05447911465407951 0
0.16765358929461174 0.0608719108133379 0
0.16106140633166427 0.0422504302716811 0
0.1702307779967729 0.022902759627555492 0
0.15625 0.0 1
0.16389684519360673 0.031747580651068745 0
0.17665351218043593 0.03419252437383625 0
0.17083893689428248 0.030028604149386375 0
0.16888263822336186 0.03700540337717476 0
0.15333824728660742 0.017496050727513646 0
0.15457087355595017 0.02761989308606474 0
0.16191097856862885 0.02363513525342731 0
0.171875 0.0 1
0.16499230012565919 0.011016281435281024 0
0.1655937513727106 0.01784877771793383 0
0.17535532300240983 0.013546765284789078 0
0.15954468311860848 0.0149385449040386 0
0.15824710999650748 0.007392131326636729 0
0.140625 0.0 1
0.14843749999999986 0.006076522021470671 0
0.1484375 0.0 1
0.1640625 0.0 1
0.16796875000000014 0.005217682669449277 0
0.1328125 0.018104895189218803 0
0.14325513433009437 0.023860678250862962 0
0.14980225019929747 0.023063535553160448 0
0.14651619935863497 0.03295498789784749 0
0.15220118489161943 0.032790079815760736 0
0.13416123062581178 0.032253433813794884 0
0.1404874442574373 0.02998496101729048 0
0.1351379058605887 0.025021776589567276 0
0.1242560172975403 0.024830856311156484 0
0.12502943729853708 0.03353400576293522 0
0.12134102075953708 0.012316943346913594 0
0.1257237695685908 0.01789249064699831 0
0.13906573227869243 0.01006520126485459 0
0.1328125 0.0 1
0.1289062499999999 0.007862380801559266 0
0.13466700597642786 0.00582292763369546 0
0.13331767179381807 0.012046102397448225 0
0.14006635089688896 0.01729519003721127 0
0.14264297014756228 0.005465996201201791 0
0.15277328097515697 0.01097715448266192 0
0.14674182704140595 0.014783805937398517 0
0.18236844594666823 0.023469479705628123 0
0.17616893694134733 0.025984838451014073 0
0.13884090935528845 0.05277119615189322 0
0.1358377684875168 0.04393395902725009 0
0.14042581080001643 0.03771386308273322 0
0.1321599782078823 0.03850126071779131 0
0.130520152795569 0.046747108887644634 0
0.12720268787066463 0.07998544632765268 0
0.1508005877530034 0.07207783129897288 0
0.1316931169910749 0.09672846528868172 0
0.13474006198864494 0.09070290651499599 0
0.13897896393244294 0.09637093519553058 0
0.16702518565953092 0.10614305321200707 0
0.1688081181395618 0.09932738046605895 0
0.1789085360271841 0.09579467342421193 0
0.18796294571354102 0.09649035683080764 0
0.18403709304004798 0.08831583871337056 0
0.18634803857107637 0.07199811576761674 0
0.18285777400924533 0.0798263197899708 0
0.19828062100128718 0.08201053136473967 0
0.19088172145748344 0.07871167548406216 0
0.1917971997710084 0.08660518497825066 0
0.19308744924386392 0.09279184602517208 0
0.200345048803371 0.067433484669518 0
0.19399966565016394 0.07171853704477528 0
0.2007885999308642 0.07493100853815016 0
0.2277515546547856 0.06957400660607466 0
0.21390071322865153 0.07039341797960703 0
0.21072688775288018 0.08243572582443973 0
0.20457099212070945 0.08025494939129178 0
0.2036329202659238 0.08904098078873018 0
0.20779370261877317 0.073959805552305 0
0.19026990415595207 0.05935473335672304 0
0.1899667641687813 0.06619065725232672 0
0.18349198378521733 0.062478848883910656 0
0.17687245033013435 0.06534280642401318 0
0.17553829477724456 0.07437262391377554 0
0.18034660683082934 0.07046958254195362 0
0.168696884688168 0.07394163548004001 0
0.2020119978058011 0.09473107131862571 0
0.17194432366091825 0.0795759919921511 0
0.21889226893804214 0.09190097231264206 0
0.2113059113111058 0.09023986231055323 0
0.20794989232780786 0.0865653118608936 0
0.21437181993253196 0.09710769440424434 0
0.1748820378398369 0.09090040444629169 0
0.17831046017244187 0.10173783787020368 0
0.20909742306540888 0.10318282513892542 0
0.20837499689549882 0.11477829653297277 0
0.23322130262781793 0.10224846905331594 0
0.2280078327116702 0.09437294479718873 0
0.221924370119722 0.09940290303627523 0
0.23400040827835855 0.08191022279817681 0
0.22551982809976145 0.08550451650123081 0
0.2318020718257185 0.08852527073607115 0
0.22717811741179858 0.0776152507462996 0
0.22101253366204537 0.07313450205670285 0
0.2153552038634377 0.07721615276431873 0
0.2180598550282617 0.08427623346627088 0
0.23285480734655 0.09336310902596766 0
0.2563069245871991 0.12082201991839656 0
0.24549620628521926 0.11719949324568292 0
0.2394842119722487 0.11518495460480911 0
0.23165894521234062 0.12981914400247735 0
0.22543860521383444 0.12870106220743743 0
0.21732669630950185 0.16448781683318714 0
0.24470669590825364 0.16183613349397227 0
0.24293691298025485 0.15437459073581794 0
0.251785692209704 0.19354436713126447 0
0.2631744537880813 0.23229455894075823 0
0.26386110274635766 0.25186889657210815 0
0.24211476315170397 0.29958682092614863 0
0.23296343652407195 0.2972087180519323 0
0.2374365306422755 0.2864898496120132 0
0.2328705146160108 0.28227539079089364 0
0.23275261547241136 0.29082797193112264 0
0.22981128898920186 0.3031396972215175 0
0.23908971920921748 0.3121908773326019 0
0.23323652583314342 0.30890974518112085 0
0.23899274619388888 0.30550256134212955 0
0.2521353884322988 0.308656868892768 0
0.2459668616219369 0.3054014445582823 0
0.2554244831737898 0.29495262643013337 0
0.2493613939837931 0.29896932950006283 0
0.2471898909979273 0.28910713838737473 0
0.24102706610214653 0.2925913288682811 0
0.26071981824153617 0.2787702232833162 0
0.25555972770570634 0.286039289756854 0
0.2698447052326615 0.29071373407480466 0
0.26342795425480464 0.28615867654270705 0
0.26289242232683024 0.2937102817411924 0
0.27595632798325576 0.3144565561676123 0
0.2710453787305163 0.3030626748273638 0
0.2684669762475387 0.2970805295380249 0
0.2607654949162046 0.3035237388942599 0
0.2790927172813599 0.29604740079362485 0
0.2721875286318197 0.2806161809419073 0
0.24975419173248486 0.27645208590449316 0
0.24970970340109955 0.2830304003328695 0
0.2773521687824098 0.2871350414324019 0
0.27738855074033697 0.27415395525685227 0
0.2804733196318042 0.30575436846884 0
0.294487604819226 0.2988094810978298 0
0.28633432666692343 0.29996910533451254 0
0.2921676208909053 0.31174027518505376 0
0.29119360518691273 0.3048920042467959 0
0.302054706660701 0.3068406533934074 0
0.2889926418958617 0.28941710699362994 0
0.28347832079513313 0.2867156454939538 0
0.2848875649298024 0.29399378187987024 0
0.2981808417778778 0.2903451829667929 0
0.3021850078906026 0.2971302116164138 0
0.304423406039931 0.2896267853527527 0
0.2926441944438545 0.2799870393793458 0
0.2939859751476825 0.2859286286287602 0
0.2993265226554211 0.278565326357632 0
0.2903617791065405 0.2733482885221205 0
0.2901932981352326 0.267340509351042 0
0.30796325398240165 0.33118920488939774 0
0.3022606919449897 0.31968184322576954 0
0.2991031974404319 0.3133102455164442 0
0.28406969889172473 0.313144516723171 0
0.28302394018854576 0.3324194625859527 0
0.2899720745121579 0.32313059070148203 0
0.29546404922874175 0.3190818128085466 0
0.28891237656682917 0.31701956843712725 0
0.28126456881591155 0.3215398868442227 0
0.2848497944788624 0.32654215309701995 0
0.29221759002013853 0.3320533102888107 0
0.2982195247548721 0.32666344794221613 0
0.28893501783394493 0.36523571344008327 0
0.28826514016362265 0.34841587978337274 0
0.2879169453609718 0.3396731213363191 0
0.2769664342127021 0.34178272915959124 0
0.2831187756446702 0.3442425293145281 0
0.274024684783071 0.3580643802388007 0
0.28066366336889176 0.3525298428083678 0
0.2723979848313998 0.3493638885778643 0
0.2541993535547513 0.3572687368595333 0
0.2642030471435146 0.35539838188287687 0
0.2819043977597142 0.360767347792363 0
0.2893640824715336 0.3567953689109022 0
0.30720203513484096 0.35019417447725404 0
0.29957909178043407 0.34123171841925964 0
0.2932956544211523 0.34383721829985947 0
0.2993056998230597 0.33390965715794124 0
0.3012947065542582 0.36163293980322186 0
0.29448892025991696 0.3612869678799443 0
0.29739398027904146 0.37125307765238175 0
0.297839074450907 0.35229502338506846 0
0.26960601177743837 0.38378271711833056 0
0.2785699387573734 0.3737791006517493 0
0.2756706657107792 0.36610298869005986 0
0.2680472018330485 0.3733679612626663 0
0.2824505094115313 0.3679278215601035 0
0.28846696532512994 0.376130375106726 0
0.2673087908986299 0.3264676721869853 0
0.27351455565594984 0.32181707836514944 0
0.26427541976948793 0.3146668199347344 0
0.2674190715810323 0.32014903961812485 0
0.2559062182233439 0.32310838155740024 0
0.2749038418087932 0.33013673690486556 0
0.26834921563538094 0.3340094683666283 0
0.2741135209365212 0.3362823550517127 0
0.2572332701023404 0.3341456696846082 0
0.262752784903086 0.33093885745365015 0
0.2661148858211839 0.3079630814340967 0
0.25891354404347156 0.31023140995030757 0
0.2540293471142368 0.3158803958969094 0
0.24657452180724207 0.3139749444721649 0
0.23894802085569103 0.3293781043542516 0
0.2409925041878933 0.32080076227045323 0
0.23338054967643412 0.3179678043235863 0
0.22969445525829582 0.32603395354174736 0
0.23563987298738062 0.3240572476843852 0
0.24767995442605928 0.32692710475423864 0
0.24892948201554332 0.3202972078637556 0
0.24627824420849098 0.3387130678990029 0
0.24454278937794974 0.3325303348236537 0
0.29134882204570234 0.3707967994069309 0
0.28111378281335514 0.38507651468194104 0
0.28260350058890854 0.3788059679272163 0
0.27569308076723 0.38021919358373774 0
0.26665109377420837 0.36427065322972557 0
0.26012907492879317 0.36129634616813905 0
0.24541949341154848 0.37657392128851436 0
0.25146450199958525 0.367674046974947 0
0.23023210755763254 0.35653142926467973 0
0.2096611483795109 0.35405348557477634 0
0.20675889600040379 0.34372798233015595 0
0.1946664889341871 0.34844480397310174 0
0.2024392609851634 0.35051275711580243 0
0.19530518756848178 0.3616857949411197 0
0.20291397582040732 0.3586799664991037 0
0.19704858981600776 0.35496579960770913 0
0.1894204701667342 0.354056744590982 0
0.18797504458528555 0.3474476181842247 0
0.20562749280549633 0.37668196123836367 0
0.21312997558942676 0.3663455728730756 0
0.2093177458932129 0.36078588895434816 0
0.20346200766909903 0.3678028666642942 0
0.2194464508405575 0.357927568274554 0
0.19672058702546177 0.374150616302214 0
0.19709560272701804 0.3677952616349565 0
0.18954934298803724 0.36668965825366656 0
0.18761523971084024 0.36039227455544665 0
0.19395639588748473 0.3946158948125904 0
0.1985041096400218 0.3848108272478995 0
0.19263882311369945 0.38031282488703383 0
0.17964682805500704 0.3877376430774199 0
0.18519664081987997 0.3823695937403462 0
0.17413883669970334 0.37486873490266964 0
0.17823746999808188 0.38072767378001876 0
0.16695745647136617 0.3842555582037868 0
0.1734851195257594 0.38532979711328774 0
0.1873137610032701 0.3901112901582084 0
0.19334103317678175 0.3883733046193065 0
0.17990873890432954 0.4004606708488583 0
0.18700609630162657 0.39771500625682316 0
0.18151368549307997 0.3940634224211086 0
0.1744537814175163 0.3956921776045668 0
0.18658715623618707 0.4071780013878952 0
0.1740051275335838 0.40408876037604485 0
0.1795240940586182 0.4087778192319082 0
0.17845343010230355 0.4168628009204212 0
0.18482268689131856 0.42431858330614375 0
0.190956615331516 0.42338548497386896 0
0.200139068903285 0.37905798499234167 0
0.2089143793971572 0.37117672342192776 0
0.22554579060494295 0.38484029227188293 0
0.21906300376396393 0.3757774636745329 0
0.20038438024896832 0.3634098354357075 0
0.22610396702965974 0.3669996496630896 0
0.22527896646743803 0.3606262349869119 0
0.2197159853853641 0.36470860980559255 0
0.21201989030556959 0.38946923338415496 0
0.20621305533769688 0.384380662554435 0
0.20339145026082792 0.393458071376714 0
0.21371108124954075 0.38168179939660984 0
0.2129995288430041 0.3756590556912591 0
0.2186740809725906 0.3868369644625895 0
0.22376176556868263 0.40942507064855044 0
0.22540747405918724 0.3971873743463536 0
0.22360758083116125 0.390992895508115 0
0.23473781518568118 0.39111758047903 0
0.21278514536452373 0.4024512999809937 0
0.21755010796313543 0.39611171132409756 0
0.22013201409958358 0.4030128392984057 0
0.2098538607575771 0.3961105026028369 0
0.24361313857411704 0.42733022535348847 0
0.23206163381189493 0.4345209455439383 0
0.22585145069442938 0.43838673533049266 0
0.20010209886148453 0.40567512738384776 0
0.1990527531131911 0.4131975384219876 0
0.20811199876307712 0.4106268710974313 0
0.19974141907269552 0.4175288761459275 0
0.205868557058405 0.40180081687317903 0
0.1932038316200317 0.40227132487665734 0
0.1939799411414876 0.408884467533516 0
0.21678410860725728 0.42105849815441304 0
0.2102084335749526 0.417704544861045 0
0.21670063016270874 0.4130991370799737 0
0.21405695730031346 0.42944820290700536 0
0.20875854956243545 0.42468211797183003 0
0.2071199795032697 0.43055644241370067 0
0.22404461116271399 0.42848739527740665 0
0.23360523198377314 0.4241268576151173 0
0.22574778901886214 0.4195604131170775 0
0.23000958495169793 0.42890453948088403 0
0.23724849992020614 0.4299795713632684 0
0.24586355599663964 0.4450518753395855 0
0.24362658688577218 0.43633222935497784 0
0.2366960363120372 0.4427569805551495 0
0.2301634803526073 0.44332693075363333 0
0.2643468351079615 0.4356633459160277 0
0.25385171418450736 0.4318159417437036 0
0.2509581907707709 0.43909811653304015 0
0.25769861348122697 0.4375604299082483 0
0.25682553915939554 0.44927543019414473 0
0.2520916368736738 0.44522462733400153 0
0.24873343970285722 0.4539406265600943 0
0.2477457907475893 0.43182506353050615 0
0.2475574488731253 0.4605308880572642 0
0.23964112184711148 0.451968564335285 0
0.23666728966528558 0.45733345454243385 0
0.23360663964443168 0.4490687537300087 0
0.2376272747106373 0.4368110717391152 0
0.24295229217128123 0.41215988136148235 0
0.23384126843566683 0.41467737112137276 0
0.2400940638720168 0.4195612493914573 0
0.23554003350181524 0.4030798005066648 0
0.23724572211165704 0.4092528422633489 0
0.24335002917793147 0.4043245470551297 0
0.23048407419718156 0.4077989976914186 0
0.2262880539634912 0.4032862392722094 0
0.2577356112180636 0.40898254965233344 0
0.25120193112239886 0.4046179775100822 0
0.2507348345734947 0.4123898944603499 0
0.25924867782705635 0.42098693424399436 0
0.25645247935789106 0.41524182711822055 0
0.2499247979160881 0.4211713054389972 0
0.2643938106004903 0.41492972721448396 0
0.2704650316128107 0.42530056513144876 0
0.2692462841735154 0.41905153132174944 0
0.27827602182398764 0.4205338268382799 0
0.27779737841494206 0.4285325881903076 0
0.2714953752610752 0.4328963662561174 0
0.27244388704697114 0.44596454181612155 0
0.26997089580339684 0.4395755258579869 0
0.2641829657395687 0.445488972610333 0
0.2791832360671626 0.43968283009723486 0
0.2807547753860543 0.44812487869954487 0
0.2888224227278696 0.44225573631953335 0
0.2847513154806959 0.4381651401711428 0
0.26417791758131887 0.45452046213522096 0
0.26127850315914636 0.4615296175555885 0
0.2546102021153749 0.4583893527957011 0
0.27224671337153594 0.45439726706689043 0
0.2841673410133948 0.4162620610327639 0
0.26196471769791085 0.39557897658449226 0
0.2549655964824098 0.3981722397820297 0
0.25427569173276826 0.38556839652330416 0
0.25163286699955945 0.3920338620476029 0
0.24325727777404482 0.3902493015232598 0
0.23962073768779765 0.3967981281602878 0
0.26136046149062386 0.3796928211290072 0
0.2595597838978354 0.3710920237958011 0
0.2530370817754359 0.3752450756984678 0
0.2619597151107352 0.3876245971961192 0
0.26874423434294753 0.3915975216127386 0
0.27057962980765105 0.40248550332468663 0
0.26504877629679563 0.407495753414546 0
0.2604823976937451 0.4023200657758136 0
0.2787134755853056 0.39551568680640525 0
0.2754167004609692 0.3892621096933489 0
0.2725505777198667 0.39655457124715005 0
0.28045627624645936 0.40578060071453564 0
0.2765062196812047 0.4011708450874655 0
0.27439383330061456 0.4075024617151007 0
0.2936490374622053 0.39345432050915935 0
0.28578958710307384 0.39164717572022467 0
0.2878886976292335 0.40051227122187155 0
0.29676188175390256 0.4018744887723731 0
0.2916766970103328 0.40541816940789055 0
0.2915361060360116 0.3846493334605672 0
0.30937961227902605 0.38502344337763034 0
0.30040880296788586 0.3871761671473873 0
0.30171368566858653 0.3953015268936459 0
0.3114679737576871 0.3945789156072393 0
0.3030533278434651 0.37842850915706233 0
0.2956326494921687 0.37846177292482236 0
0.31844860611785253 0.36999212580569474 0
0.3118880822196548 0.37628540165018237 0
0.3246788919389391 0.38468639827204165 0
0.31988181301695795 0.37805239309779193 0
0.3170360083885667 0.3851616044381478 0
0.3214173810510738 0.3939295380532542 0
0.32804015722962976 0.3772044550128367 0
0.3281148067939135 0.3671211967915835 0
0.33378985216655754 0.3842835035745301 0
0.3376079389054916 0.37960450745907276 0
0.3386985246713309 0.39031782348038135 0
0.3302896091498832 0.392144470284734 0
0.309288500240909 0.3670092284017409 0
0.30424637255839054 0.37166802782062297 0
0.3174645756805169 0.35745774052714296 0
0.3091366051038463 0.35860410113152624 0
0.30344320070359837 0.3555294964934697 0
0.3153572755934753 0.36392899625529046 0
0.32245274153481757 0.362660825667245 0
0.33985221018607187 0.3463976094073602 0
0.32858840195132033 0.3517860010118376 0
0.3238813967319324 0.3562985780847014 0
0.3187504202472827 0.3462353354303394 0
0.3354357604093167 0.3971687212539511 0
0.32640110381832194 0.39575875487183737 0
0.3243445543936519 0.3721351898530207 0
0.3162329916828363 0.39104153702529126 0
0.3170140110436884 0.40300788799855053 0
0.3166360839450566 0.3972174959401407 0
0.31146327194666557 0.4006210672041913 0
0.31983357456211825 0.410032165644236 0
0.32338454441214404 0.4045287680803599 0
0.30627725718408594 0.39070741055021113 0
0.2555228498008895 0.4645012633890369 0
0.2880699763218063 0.4497008463334695 0
0.29496923194469643 0.43914727671498555 0
0.2546734868490934 0.4254661231843831 0
0.26191338535436876 0.42828497397778975 0
0.22784478342326672 0.41388725423861994 0
0.238913614604557 0.424777448602406 0
0.19927067990110556 0.3988999293224369 0
0.1882539406756895 0.4025110211748964 0
0.18527426578583595 0.41748438659580256 0
0.17989617271446146 0.42818007355960896 0
0.22315081666851302 0.3441855417526616 0
0.2299337834274753 0.33637551457477766 0
0.2380869807921249 0.3376773724981628 0
0.22284081966802763 0.3370658122857315 0
0.21633462395270509 0.3344485942897358 0
0.21486937935324332 0.34701894768572483 0
0.21570495520827582 0.3530828952137642 0
0.21741677634186976 0.34094530750769675 0
0.21130919839181336 0.33935439625142133 0
0.22413935111640332 0.351822312255119 0
0.23308418821919769 0.3311290569342035 0
0.1996426753013712 0.34334321477481766 0
0.192530659522501 0.3413837480245604 0
0.20508305147805575 0.33776573791008074 0
0.23896670963939687 0.3656881406898939 0
0.2461630501813952 0.36071859550255186 0
0.23852995083871678 0.3573604342727098 0
0.2410114263920835 0.34745807288120456 0
0.2318765297107627 0.3469384153789549 0
0.2361984631293017 0.3515140741480943 0
0.23665822117848626 0.34343213121544874 0
0.2286126410618863 0.3420786082416884 0
0.24471802996547332 0.35364902923540875 0
0.24908451660849532 0.3564389831163011 0
0.25329110266489097 0.3466879241855566 0
0.25314012407054726 0.33974980959638673 0
0.2591873169938585 0.3430889181264003 0
0.25945482346087834 0.350156527643951 0
0.2658144104584772 0.3479314408523733 0
0.2470290125051161 0.3451237447344906 0
0.24474927919669975 0.3696158009470202 0
0.3016177077357221 0.34722083431473777 0
0.3027362510713423 0.32969092147638057 0
0.27663286969498285 0.3013489239087948 0
0.2746597082239297 0.308260130091824 0
0.2544632683970862 0.30274935655945234 0
0.2195872373361475 0.30609209833042805 0
0.15456107963879126 0.2977283904041852 0
0.1757183849472167 0.3401648723436706 0
0.18266370431773005 0.33700271783941854 0
0.14652046026540777 0.344116724566216 0
0.14868190117018432 0.3535363372601887 0
0.13431122708299906 0.37146918968852427 0
0.1437818285333092 0.36550876535751353 0
0.1461411254404622 0.3597442564054295 0
0.1367066561870625 0.36037231988638235 0
0.13773224034883005 0.36640068782632124 0
0.12579721236807662 0.36007294225116715 0
0.13131737274474908 0.35783802648477664 0
0.11451752174432715 0.3605246651571298 0
0.12003265113732683 0.35718460036801913 0
0.13475439784981516 0.31990519417583513 0
0.1460658668960094 0.3226551367278798 0
0.1386404104615946 0.31429336401650765 0
0.12829820381946588 0.3092223834840011 0
0.12402901349260928 0.3029048956480525 0
0.09196437449291008 0.31189057590608393 0
0.08135937782123366 0.3307537188920321 0
0.08125171615709247 0.3375838592973502 0
0.08045643318400929 0.38979562400557305 0
0.08187891349189423 0.3972535566307158 0
0.11165908624965813 0.4307527109346705 0
0.11901432763826682 0.4401922622296571 0
0.1170107839308408 0.45208000831365724 0
0.12452278678816794 0.45545556281362143 0
0.12710913507895083 0.4747198086836112 0
0.14544661362732572 0.4765704039724522 0
0.15625 0.5 1
0.14105738580885568 0.46893010062219426 0
0.13742752312827497 0.47576112743755694 0
0.14042817416329223 0.4861628602224706 0
0.140625 0.5 1
0.14838935945517442 0.4697989241578831 0
0.16499765693797971 0.4810417168934734 0
0.1556408017257458 0.47697542010287614 0
0.14363198372575012 0.4630050933625244 0
0.15021003392568033 0.48517142440350364 0
0.15796942674747488 0.4844156412456124 0
0.15478693790755835 0.49195154814295206 0
0.171875 0.5 1
0.16570061355756707 0.4915132716236071 0
0.16037870265653567 0.4950922720244721 0
0.1640625 0.5 1
0.1484375 0.5 1
0.1445312499999997 0.49302446594506316 0
0.1796875000000008 0.4878267345510383 0
0.1716877376118845 0.48585198318538775 0
0.17269516757458742 0.4929138966014385 0
0.1796875 0.5 1
0.17876902561465766 0.4939133672755191 0
0.17756037324798155 0.47925278832157747 0
0.17257455341486197 0.46962072918435394 0
0.17721489206995408 0.4733251903289915 0
0.17561295632881177 0.46369249930181305 0
0.16558054899533248 0.465168108695048 0
0.15714175668540278 0.4680656214216723 0
0.16267851447631138 0.4735796756657463 0
0.1533755562625405 0.47201248859788436 0
0.15043832231830206 0.4794254438356697 0
0.1449921833981174 0.48244162649539074 0
0.13205542374202728 0.48933729531526926 0
0.1375498731938677 0.49369644733332385 0
0.1310027787563649 0.4963063790008863 0
0.1328125 0.5 1
0.17821719575077405 0.4384577789612088 0
0.18694952565245296 0.44595369865757173 0
0.2134716696623052 0.4408062341401624 0
0.2336925724490723 0.4748329656096081 0
0.234375 0.5 1
0.2401064007540163 0.49149633522441727 0
0.24136054411058644 0.48567139504443363 0
0.22860986795143515 0.48993105689851385 0
0.22703519666783648 0.4809963704521659 0
0.21608851979913637 0.4875317451225131 0
0.2228059237958153 0.48634785319329665 0
0.22053311995013458 0.49310118636786016 0
0.2265625 0.5 1
0.21715665233649367 0.47688538893867033 0
0.22305809951738412 0.4766288068945202 0
0.23167827251096204 0.4847841684659476 0
0.2069079114553915 0.47467111095249764 0
0.21076985410710936 0.48162137143693406 0
0.19540564534962615 0.4856104783558989 0
0.203125 0.5 1
0.20664246925428228 0.49068383414865374 0
0.21307263411294014 0.4948527385410451 0
0.2109375 0.5 1
0.20257176591716528 0.48162859210442577 0
0.19396703711545565 0.47458213943904054 0
0.18695453559830932 0.4811005131438064 0
0.19687254642274626 0.47981112607783183 0
0.18813530599927397 0.4753395620056625 0
0.18793087062411185 0.4894441266518514 0
0.1953125 0.5 1
0.19437191886422533 0.49279884919577566 0
0.20020164946853602 0.48996868274862815 0
0.18477597970183732 0.49460208035231945 0
0.2004562965873421 0.47188892821333045 0
0.19491544545415795 0.4677028164851383 0
0.1878523523064074 0.4671167596974259 0
0.21271155470853742 0.47263424946896815 0
0.2076721265411649 0.46853441910204824 0
0.2339725805177171 0.4935454814621706 0
0.2421875 0.5 1
0.24796752857619464 0.4917840388738435 0
0.31194167075531604 0.442882822624872 0
0.3397957998601785 0.44069356011341926 0
0.342672830746021 0.4474845596401753 0
0.3471831986232795 0.4664496972715569 0
0.34912718277098576 0.4601987257803525 0
0.3979667667346421 0.46201015762648373 0
0.40451629146245777 0.4593916914792285 0
0.3671875 0.5 1
0.41125985039773405 0.46195112444169284 0
0.44179751169229764 0.47110745331148296 0
0.46541790808240474 0.43136192496699644 0
0.47238118365045123 0.4409938222305572 0
0.46668877696704125 0.4377761249756791 0
0.46619001014161493 0.4453025379439781 0
0.46013905280736966 0.4460831536231911 0
0.46938596848541575 0.45077797662373187 0
0.4776710309337373 0.4278438920109724 0
0.47283937264042414 0.4335391952394267 0
0.48381737918435724 0.43795533868069103 0
0.4820814451997499 0.44659924940193885 0
0.4790627474055114 0.43392170690650733 0
0.4875041251052589 0.4287905274865502 0
0.5 0.421875 1
0.4708413832426594 0.42694704361881136 0
0.47507324188967387 0.4211736137153597 0
0.4922650806344929 0.4444606726423249 0
0.5 0.4453125 1
0.4866461028800676 0.44301969076460657 0
0.47861252778650865 0.44140632888795844 0
0.4918668344774219 0.43624014921519105 0
0.5 0.4296875 1
0.4940002659847105 0.4257812500000003 0
0.49268557788817197 0.41720126214703157 0
0.5 0.4140625 1
0.4951203946178899 0.41015625000000067 0
0.4831959784010028 0.4219975033784958 0
0.48921653525265085 0.42212353103099437 0
0.48599759652415336 0.4157547022267262 0
0.460713894757975 0.4258008228978132 0
0.46032243884547513 0.434177480353699 0
0.4515656845422473 0.42651600686300906 0
0.4410262060577691 0.43073662567199983 0
0.4352063898732064 0.4345014520879965 0
0.4474002455559027 0.42188936321436565 0
0.4237116078240951 0.3184834548000824 0
0.4065099800009412 0.2994377126591538 0
0.40353996281978893 0.30480600668035096 0
0.3738522428397556 0.26315700619423404 0
0.3762171557570697 0.24674494195818922 0
0.3698737155801989 0.24528172115780816 0
0.38593365964880366 0.24550508909797228 0
0.3799022962402097 0.23693155196577634 0
0.3752682863581831 0.24079000091925462 0
0.3904194066989688 0.23594117036570503 0
0.38468215699872965 0.23135298459082745 0
0.38544383334214977 0.2394414166022772 0
0.39672552639759756 0.2383893922453208 0
0.39679686339924836 0.23084492940919618 0
0.40428624416973724 0.22723299820395937 0
0.41107793041154905 0.20987297450351697 0
0.4096679442544103 0.21932990449922835 0
0.4197863177254216 0.22118677240375323 0
0.4156216429493972 0.21538399813989423 0
0.4224731593161583 0.21486252605104633 0
0.41423985583751033 0.222913579550318 0
0.425999082579539 0.2238833001710526 0
0.3984306172652884 0.21282089275023772 0
0.40188414277760226 0.21981334908808162 0
0.40531859896274625 0.21376803081015722 0
0.3749533077223851 0.231967322575523 0
0.38146202574727245 0.24915487161257086 0
0.3911386144736744 0.2524544456045466 0
0.3884245055973119 0.258908828598553 0
0.3952073482048412 0.2622345808994929 0
0.4004434265404652 0.2614858754102384 0
0.3564640325343865 0.23849372414651324 0
0.36715589520803155 0.20111237220401088 0
0.3594592227641505 0.20545582103721108 0
0.3673168130945563 0.20890356350225037 0
0.3618317599873749 0.18211150730824285 0
0.35486592907631714 0.18962139587124482 0
0.34852843914723236 0.18242597249734674 0
0.34915072127006447 0.1882665240806472 0
0.3551960148700543 0.18294203025763517 0
0.3560066502953138 0.16249434634584106 0
0.35264264055414235 0.17260089283780544 0
0.36404149461727664 0.1707819168231489 0
0.3578690859304526 0.16872740265597325 0
0.3589727621786219 0.17567930677609825 0
0.3440079099947078 0.16411364751132335 0
0.3398515321692712 0.16963523549751813 0
0.3460264480512525 0.17206969418389795 0
0.35040385769186255 0.16624256764980508 0
0.36042039656448627 0.19599845930502582 0
0.37029390167493004 0.18998673064873378 0
0.3665385436309399 0.1949328862659581 0
0.3623852343139238 0.18918295428083837 0
0.3264598549678771 0.19897060219804055 0
0.28119709424790645 0.20190767419854297 0
0.27183495321957934 0.2507894373780617 0
0.28199910067596007 0.24533972883962105 0
0.2872491361940111 0.2408093517124681 0
0.2843970641330852 0.23037076001936518 0
0.3136075633249174 0.26099542699687006 0
0.34158890782755447 0.29337150050450045 0
0.3498024551578934 0.289031846447994 0
0.3500969221506936 0.28303833694741987 0
0.34330139077496213 0.30118672866732576 0
0.3385335228912652 0.32840227709210307 0
0.34291470940030183 0.32355972906255104 0
0.35089720332524105 0.3147366373846785 0
0.3561097731368292 0.30466650524446975 0
0.3537381208111925 0.2987876237580703 0
0.3509537283328899 0.3083817473751448 0
0.3469059563627731 0.3191481832236142 0
0.365469607757269 0.31589555492232285 0
0.35774446114527186 0.3208354493893027 0
0.3739808957373211 0.33771609622826215 0
0.38819532775441057 0.3399119205124532 0
0.3954618725720806 0.3377391899921355 0
0.3885861255482385 0.3279813263478088 0
0.39038935186392393 0.33401209027218426 0
0.3816175807374768 0.33334992195515334 0
0.39414444254705433 0.34657072765874475 0
0.39915731587114694 0.35157765794465656 0
0.40255735243661217 0.3464965394394717 0
0.3801826171676516 0.324280357158924 0
0.36754745193259375 0.3276552949411518 0
0.35752212483835 0.331610476634931 0
0.35510081356274037 0.32617070679867183 0
0.37472371336868654 0.3301537426759968 0
0.37942388995773774 0.32904870160511795 0
0.36406375745162656 0.3222073950322052 0
0.36515440038526 0.33627290113782077 0
0.3542124430092963 0.3456064823152514 0
0.3674364563417049 0.3500287405065287 0
0.36862421460774225 0.3427644815827012 0
0.3611074740054582 0.3426091387866762 0
0.35520083094155425 0.33845088113055566 0
0.3467529025870836 0.3409300493532516 0
0.37875759512930224 0.34815059468702564 0
0.386752265266707 0.35029459975630217 0
0.38398952247166895 0.34461898964462273 0
0.38009812966153045 0.3395538998206477 0
0.37911652572481574 0.3627896563701906 0
0.3857130355457053 0.35824015732054787 0
0.3789355082193679 0.3554701635867035 0
0.37131110682755897 0.3593207065036209 0
0.3729881201163814 0.3531675829760994 0
0.3917587052786224 0.374063055774078 0
0.3924022652391328 0.364750737275514 0
0.34898248737719073 0.3328944866472094 0
0.3417900294742265 0.33522593051877403 0
0.3286375506590024 0.33731390192456534 0
0.3349047108749472 0.33432297503781855 0
0.32827053919571525 0.32848333165364474 0
0.3345012918697931 0.34153919251317116 0
0.3278793973567989 0.3445474601601286 0
0.33363527924738756 0.34786887443338116 0
0.33883444239102734 0.359777339230344 0
0.3311055393821301 0.35912278517687307 0
0.33541626546403414 0.3541805005742759 0
0.31857962730020606 0.33330901208083336 0
0.32450396991566854 0.33306278770510195 0
0.3333776029041129 0.3253497570304699 0
0.31896540696413606 0.32194026801054904 0
0.32517387142464255 0.3229990993868261 0
0.3142256317303711 0.32747034895501326 0
0.3107624683189543 0.3197058607208264 0
0.30688363332565627 0.312951724274173 0
0.31519723104813635 0.312668162673272 0
0.3185959017666177 0.3071091148853038 0
0.3103715632492176 0.30412464395336364 0
0.3064980130796363 0.32449635301491525 0
0.31175104396546177 0.33986352679972454 0
0.3123121184706718 0.34627747259831354 0
0.3182289031802114 0.3397779361305045 0
0.3128806839267641 0.3342060879570008 0
0.3053231952288837 0.337506193750037 0
0.3066862531718706 0.34359012791087645 0
0.33554247695257017 0.3664676576766182 0
0.3422313346549934 0.36560384075257346 0
0.35321801667063196 0.36094700223076676 0
0.38499960549775597 0.3689175478518358 0
0.38247506764465355 0.3792458662347054 0
0.37571316663306087 0.3719450198444959 0
0.3714020186257028 0.36636865496267523 0
0.3757741683345798 0.3786703146336933 0
0.3813567615399393 0.3734998260868752 0
0.3806322626347894 0.38619020512670854 0
0.389182187210452 0.38676806066869723 0
0.39154302601082347 0.3921255798805761 0
0.39608703821194025 0.38155457790737624 0
0.402311081124141 0.372962410161277 0
0.39728064025527776 0.3758688185645858 0
0.40878041853839486 0.37677397015921066 0
0.40548154739326037 0.36405892139935364 0
0.3996848820116011 0.359284099549762 0
0.39906814106991445 0.36679138914103043 0
0.41223212205151577 0.3635361933995901 0
0.3890565310367799 0.3801288225522642 0
0.35564376539546927 0.36980925873244974 0
0.35841343162391665 0.36428804210986526 0
0.36187836898591874 0.3564961378312267 0
0.3600614275364429 0.34963210339022754 0
0.3532633030209571 0.3532474467905594 0
0.34629505490179013 0.35705637265874063 0
0.3467066894845708 0.3495309368417831 0
0.3506472866136712 0.3664137666758277 0
0.35181697555268826 0.37453128018968534 0
0.36041730012339374 0.37424938498113736 0
0.32390641609500764 0.3485906013340992 0
0.40079028935033406 0.38537837142899817 0
0.3724641383557064 0.3207231205070807 0
0.3960503445089279 0.324252026807997 0
0.39128931200209144 0.3147805445666485 0
0.38581041615867184 0.3196174958336303 0
0.38510523682492576 0.3244940275342064 0
0.39745368593192076 0.31273793525151045 0
0.3584272283761791 0.3122502309432015 0
0.36277741981535055 0.2995152907084741 0
0.36534861637200133 0.3075040703606561 0
0.3731460809263911 0.17843797408484469 0
0.3664697761278374 0.1771358209370717 0
0.3910390242938457 0.18898354524427396 0
0.38377062355646374 0.1808635332833992 0
0.3771128854361009 0.18554422741960022 0
0.38387322777824306 0.18808474840515688 0
0.3857438489240581 0.20218554036419606 0
0.3866589612694235 0.19488966595696278 0
0.3778520379700136 0.1945223042987319 0
0.39832804796587 0.20005863271481286 0
0.39343868223095413 0.19534038449855826 0
0.40468591964834294 0.1885777102985995 0
0.39789948104862033 0.19002512140993447 0
0.39808532364119864 0.17426307262220786 0
0.39559100561815214 0.18211578332414377 0
0.40282207940068493 0.20640405671933 0
0.408046682095608 0.1979397065239331 0
0.4064741097326328 0.20927112234743994 0
0.3762667090200479 0.20482145650147332 0
0.4036797189984349 0.18036256448811633 0
0.41561337380035096 0.1638018221415361 0
0.40793225129376537 0.17084687393173212 0
0.39025206627177456 0.17609743395235583 0
0.38951735949278543 0.1830325623599223 0
0.41254273787626455 0.17861535289761402 0
0.4206396877404871 0.17862097542427993 0
0.41659599559183197 0.17173052090528584 0
0.4286567894378614 0.16621056044324029 0
0.4217547039695447 0.167065951698467 0
0.4259755312062182 0.17284958731381292 0
0.42385155720165224 0.15571140636746217 0
0.4107345208659927 0.18526862217832507 0
0.413320045234817 0.19243769295689162 0
0.4228199374218383 0.19424087889641942 0
0.4254179627950163 0.1868101846812217 0
0.39588458874400195 0.1500016374196359 0
0.3993193997863484 0.16192059955635787 0
0.39236026114629435 0.16745771398273993 0
0.3905192919212382 0.15800221434362086 0
0.3861384105474016 0.16376213083909955 0
0.3716992016640396 0.14823398192521942 0
0.3737429337408543 0.16081096116845375 0
0.3795036622649986 0.16412207104148271 0
0.381285409836521 0.15435529006522655 0
0.37262297252222326 0.16942635434236847 0
0.3773349577294372 0.17367382465562675 0
0.3746291489726534 0.15421241244427536 0
0.3641184680992947 0.15565637499562784 0
0.36355336236937114 0.16321646595929146 0
0.3692607820326162 0.16460879367434658 0
0.33993884502583305 0.12337851015084073 0
0.3541700499058073 0.13791330660759274 0
0.3527325496285255 0.15037984279297634 0
0.35719492465758396 0.1556735141693028 0
0.3618095836186698 0.1457158130346608 0
0.35538081696490903 0.1443690648503587 0
0.3443478321898654 0.14309686554515133 0
0.3659882806008167 0.14998365336175926 0
0.3881105816293464 0.15058759077382766 0
0.38811566372413103 0.09879207579320727 0
0.375 0.0 1
0.3900676802346292 0.12469002506164276 0
0.39105487093882046 0.13778736037507747 0
0.39157175369976494 0.14464498860146865 0
0.4023462448714821 0.1403845848408569 0
0.38083478373162544 0.1420059768234562 0
0.38230427947646684 0.14813523325167813 0
0.3688497464829455 0.13118146390558466 0
0.3627190507234277 0.1371841064379457 0
0.3680053650716179 0.1420619468168732 0
0.3574296120164289 0.12564976751779428 0
0.3580025694922983 0.13236700941315144 0
0.3483666880230289 0.12980586014704748 0
0.34928892620355073 0.11985741150044414 0
0.3457154544331833 0.1245431154147053 0
0.3516917659724847 0.1250971297013575 0
0.36619826576940717 0.1047094227410814 0
0.3290269409037527 0.08022769806107943 0
0.3369198405037507 0.1011868529485003 0
0.3409682872698777 0.11193727764980498 0
0.3432161927805723 0.11790646542091603 0
0.35945211235595476 0.11419059330792694 0
0.35571735470336313 0.11943949177789871 0
0.3384558924135861 0.13406219387871887 0
0.3273160265628383 0.1477655742010158 0
0.33508330056593116 0.14270016481573433 0
0.32330225155146175 0.13312301651249944 0
0.32765707750263684 0.1398006853494611 0
0.33092118078980876 0.13291317895976223 0
0.3267514659613857 0.11993788012697267 0
0.3269468692662052 0.1270327205544635 0
0.3338493705404099 0.1266509103911275 0
0.31466870841924255 0.1238207697575645 0
0.32034006677246046 0.1272146825104451 0
0.31167770041115456 0.13525434385008142 0
0.3050165515356226 0.13849815140446478 0
0.3036609827318392 0.12725326683673555 0
0.318003118080255 0.14337705580204274 0
0.31099266571562956 0.1423141935678846 0
0.3116293424394751 0.14944113123661903 0
0.3199715942386975 0.15327418116128333 0
0.3216072074801441 0.1478045464858858 0
0.3371747408163495 0.1543950237738349 0
0.3394994863012186 0.14794483991657306 0
0.3452857705362936 0.15367433471058697 0
0.3497389724463743 0.15918710428696145 0
0.3416291990116326 0.15852460619447797 0
0.3283778984660031 0.15683167114589291 0
0.33442030448438226 0.16154850067812543 0
0.327653898627958 0.16414234032432948 0
0.32269713062552646 0.158544513588678 0
0.31798151792196355 0.136869617232111 0
0.34520120042128677 0.13610180033596378 0
0.3743984842669372 0.1370850801090352 0
0.3748942186719769 0.14310631856826656 0
0.3791816266518202 0.12703005815840407 0
0.3748264133178364 0.13112347072975158 0
0.39656783687882186 0.15625914235697363 0
0.40849381146732316 0.15396230060252902 0
0.4074901877885186 0.16265506150763345 0
0.3880317375434906 0.1709785748699534 0
0.40155949845088085 0.16837751014114294 0
0.3794623881301723 0.21133461398748973 0
0.3800683996052068 0.20013505407787224 0
0.37328900775024326 0.19909151515745827 0
0.402285715586457 0.19486367820869388 0
0.40341435489562955 0.14808154908040977 0
0.41590674766532815 0.14242538291511644 0
0.4088250336198594 0.14340811448625074 0
0.4107027022612433 0.13093155878064058 0
0.4079208558487731 0.13689247114155242 0
0.3998722114573622 0.12950674515223468 0
0.39302722856091543 0.13105282545644473 0
0.3851297851915463 0.13239597610671558 0
0.4081124647252268 0.10874531068446651 0
0.39971968140142367 0.11743020226112913 0
0.4061861654762322 0.12338776348377596 0
0.4069747672279021 0.11604357430316223 0
0.4187035793528945 0.12101742023905947 0
0.41495157848486114 0.11354924051787801 0
0.412085883572114 0.12030682763905852 0
0.5 0.0625 1
0.44378974733198245 0.06522357073370504 0
0.4275714572796611 0.0883127361672075 0
0.4353515560298251 0.1079769155900567 0
0.4257132058808504 0.11281920641265501 0
0.4193718878697016 0.09998605154011665 0
0.41508399977064664 0.10609050258643382 0
0.4222343863109762 0.10655490206559469 0
0.40726566679243026 0.09604057509422993 0
0.40963529341970806 0.1022632226328118 0
0.39848527980630716 0.10294671511015324 0
0.44106660081457566 0.1330424349029985 0
0.4358793112373036 0.12104087205252652 0
0.4272911244276463 0.12126414431901222 0
0.4318131551923651 0.1299201382118869 0
0.43784654319183763 0.1273124002801487 0
0.4669022783001214 0.11475399319892582 0
0.45171893383271694 0.11951665380235048 0
0.446392767323645 0.12627954435267358 0
0.4557711634742625 0.13914434942053314 0
0.4565009383733968 0.1287615352778941 0
0.44927564107413603 0.13402875075617293 0
0.443644098749829 0.14624489546501612 0
0.44885704480170574 0.14124190103591305 0
0.45067656022486513 0.14835512415548865 0
0.4436407951706177 0.11863343050984486 0
0.4491300441639117 0.10581140599979488 0
0.44833771409656714 0.11305821686230715 0
0.4577728337613755 0.11223291105430115 0
0.4695590399336619 0.08734272279808472 0
0.5 0.09375 1
0.44253355924380083 0.1087568994548214 0
0.44038492293700326 0.0950857709635022 0
0.4396110165742315 0.10221181322647191 0
0.43083099140212106 0.09765323486793746 0
0.43422660791374135 0.0912292880160814 0
0.4452244703169181 0.08051236031278479 0
0.43481614256113343 0.08083273215891572 0
0.44103034998726304 0.0872098394894391 0
0.45475294965192226 0.0922988087734053 0
0.4487673503599305 0.08739296424287761 0
0.4477677081876076 0.09471704717626642 0
0.4591474035732222 0.08083273098578198 0
0.4521717852581772 0.08128756134415756 0
0.4549148019343389 0.06963745201488312 0
0.44565799883045987 0.10060693342430935 0
0.4587514021757895 0.10188886710444084 0
0.4636305654352256 0.09422598114467885 0
0.4700869234084994 0.1037217054275839 0
0.47202491441646116 0.09546124731744209 0
0.5 0.109375 1
0.48570856009083857 0.10302914126565815 0
0.47780013311415864 0.10117374049204897 0
0.47910703949251254 0.11338527521909525 0
0.4805932408691052 0.10705051712983607 0
0.4888886456984487 0.11233842534912196 0
0.48504551053253975 0.08807324277779745 0
0.4772201235433938 0.08944953642457053 0
0.4822436598506168 0.09507746532635296 0
0.49113359708629073 0.09457113166174981 0
0.5 0.1015625 1
0.4931798979798258 0.10546874999999921 0
0.4780732025294208 0.07136490766353776 0
0.47561292973450553 0.08031128780255196 0
0.48529184000856274 0.07816152779034133 0
0.5 0.078125 1
0.49480524735084236 0.0859375000000002 0
0.5 0.0859375 1
0.46714579609872353 0.0731713286848916 0
0.4684251594355262 0.08024463861991528 0
0.4730261353645474 0.07478843398287387 0
0.48229790896785774 0.09978457040276048 0
0.46481386058910745 0.10036420611098498 0
0.46379556478183964 0.10778298181003133 0
0.4624163217769884 0.08718547245027293 0
0.49264772381983457 0.07886958233647304 0
0.4954949688185444 0.0703125 0
0.5 0.0703125 1
0.48611098947274434 0.05969613511591689 0
0.4925848806355117 0.06342926555477868 0
0.5 0.03125 1
0.5 0.046875 1
0.4937112570496708 0.05399594847122724 0
0.5 0.0546875 1
0.4856476262494746 0.06797967313130858 0
0.48963137236371385 0.0731137042510455 0
0.48397763937246263 0.039062499999999445 0
0.4375 0.0 1
0.4843638589205304 0.049449671124134835 0
0.48786965666359033 0.05412407962665016 0
0.4918246302503166 0.04599243479222468 0
0.5 0.0390625 1
0.4919888196862308 0.03515624999999886 0
0.46875 0.0 1
0.478925260782232 0.018532729647137366 0
0.483664816497563 0.028252905120458003 0
0.5 0.015625 1
0.49251016890918187 0.02605742711113606 0
0.5 0.0234375 1
0.48652115710736826 0.020844563011282916 0
0.4935054594236273 0.018867154515844222 0
0.4920433719446822 0.007812500000000066 0
0.484375 0.0 1
0.48491748668460355 0.012478997710677881 0
0.4907476636430544 0.013607885276197221 0
0.48588703695339835 0.006185559105691327 0
0.4765625000000007 0.005187322075400732 0
0.4765625 0.0 1
0.47816312598399197 0.01178579979963299 0
0.46708870697239696 0.010978802594534752 0
0.4862657011528028 0.033586961043258416 0
0.489656119290452 0.04054024130944639 0
0.4600260186454426 0.03434632094618684 0
0.47253744086605715 0.03398424825874982 0
0.4755617429449856 0.026188371276119723 0
0.4660741494767196 0.02699234777040147 0
0.4662568829481842 0.033306703132313854 0
0.4661211927678207 0.051685351730882435 0
0.4684405731430111 0.04251265059228826 0
0.45807791409032395 0.04477196738422065 0
0.454592586902836 0.05696253297836167 0
0.45914191231733426 0.05166968503752712 0
0.46382221514285715 0.04622445329094694 0
0.42448003451645866 0.03309913822511098 0
0.40761601800429376 0.06173670233366767 0
0.4197015359953907 0.0734420134821621 0
0.4260562345154626 0.07959679505521006 0
0.4320393153021449 0.06885233829048537 0
0.4264841688141786 0.07279701545222833 0
0.42188700131612666 0.060439095630359464 0
0.4225330522577944 0.06723280059717475 0
0.41506317592102987 0.06451558165017314 0
0.4071769218101701 0.07428175390804578 0
0.4094901466335835 0.06808251004216384 0
0.3990472589052498 0.06771699283165337 0
0.41441776207689507 0.08525535798249541 0
0.4214348822308678 0.08488987153847953 0
0.41829493855279853 0.0921498281681624 0
0.42438590622277483 0.09530484859550041 0
0.4117848721927949 0.0912734109855694 0
0.40397371280657324 0.08427107018625223 0
0.4095914647136349 0.0805642438836856 0
0.39830967393033245 0.07694658549673432 0
0.3923021659730677 0.08744445231712536 0
0.3974805685884222 0.08343998306454162 0
0.3747243059382257 0.07041748703867015 0
0.3871459090659848 0.07141016224806361 0
0.39013726506104196 0.079294422860773 0
0.3803283444963379 0.07850640797668088 0
0.3938355018231088 0.07194476255871803 0
0.3808347303151526 0.07216987049562261 0
0.3821120454366631 0.0561864941018584 0
0.37985718315434824 0.06404902293469554 0
0.36154559211199083 0.05454292135601064 0
0.36974015104106356 0.061147600935969555 0
0.3759260982388633 0.058667047518913266 0
0.3728862443560824 0.04213286634775037 0
0.3760780722161318 0.05009257343205046 0
0.3941614403435591 0.03822136408100848 0
0.38391936506518104 0.04232841737732159 0
0.383015705250925 0.049257455739590485 0
0.3956976137972733 0.05443482900392094 0
0.39140525091097417 0.04682814438497818 0
0.38867379572847455 0.053518808367344246 0
0.39105198852895273 0.06266987236885896 0
0.38520430905896863 0.061327907411502416 0
0.3783615708754544 0.044557082596696634 0
0.36773961868073834 0.04881646583582222 0
0.3678318535336292 0.055129347160308574 0
0.3125 0.0 1
0.34126800073001073 0.023108965274292098 0
0.34375 0.0 1
0.35225392982650394 0.03827946978193983 0
0.3626833702512182 0.03959961388684416 0
0.36025087446419407 0.046929373265873146 0
0.3596982063690846 0.021325536792652113 0
0.35848571927674794 0.030904462190480732 0
0.3724769049033997 0.02780924689722355 0
0.36492753986965604 0.026853658741079853 0
0.3678655329438536 0.03394149081723409 0
0.37003749660483304 0.016782481037409105 0
0.3681482173673666 0.03940257742052438 0
0.3785344381631147 0.0348037938741536 0
0.39028583628873564 0.018506357646674937 0
0.40625 0.0 1
0.3824819925607185 0.02526477146418185 0
0.3781172294791733 0.02904481577933677 0
0.38716248425621885 0.03278803324313502 0
0.3969225205631513 0.027440147896753368 0
0.389762444361139 0.02595292257654704 0
0.39320281548193975 0.03223169350626754 0
0.38833140559004886 0.03850680999266139 0
0.3864652657619449 0.02197949978044432 0
0.38066276474807326 0.011758610250501235 0
0.390625 0.0 1
0.37612687198379724 0.021218565640681173 0
0.3815604909170245 0.018006475781876467 0
0.35075819864365837 0.025060123179425176 0
0.344285626120107 0.03248676836039103 0
0.33370743280161563 0.055414738269375645 0
0.3475646529574371 0.053003581831358115 0
0.35477486537961 0.05177745320422773 0
0.35365981254905265 0.045001303235746734 0
0.34353409008910335 0.04361117695404319 0
0.3533170739752339 0.06501773749380887 0
0.3559360385611361 0.05860569708702457 0
0.36193229409489414 0.06479570794365654 0
0.3581524335474046 0.08538452945097393 0
0.3578768825319515 0.07469256232001292 0
0.3577263495925098 0.06885156319334731 0
0.34312096319991275 0.07573517783686574 0
0.35085286351636025 0.08022311807218185 0
0.35033236339410995 0.07233639750728818 0
0.3423870581439229 0.06482818188143892 0
0.3407934446877038 0.08864936187493234 0
0.34990379525071563 0.08930779120860106 0
0.345688522811081 0.08427551443857124 0
0.3447869338874896 0.09675034011481787 0
0.3561141701642407 0.09905774792054067 0
0.35094015677460677 0.0955005379458617 0
0.34610805242384385 0.0794932646271381 0
0.3338114283442964 0.07088340433128615 0
0.33605774690983164 0.07793059886060545 0
0.3344866819615724 0.08503024699005637 0
0.33388568922093953 0.0933822733538631 0
0.31906400300691906 0.10363651006158774 0
0.32769938820707945 0.10027937022273888 0
0.3230687301689812 0.08990300773242074 0
0.32140285587367384 0.09686788010090303 0
0.29183893099423414 0.0861150520946836 0
0.3053100453973047 0.09509552382674236 0
0.31315548375452334 0.09780646032339052 0
0.31254342039215866 0.08686996863153418 0
0.31061061057800415 0.09246351177499128 0
0.3057653880546568 0.1064855645530342 0
0.3123100042730346 0.10457236686246242 0
0.311637835597495 0.11442345412960124 0
0.3277004933935491 0.09405743416383647 0
0.3265375049179711 0.11007545395649346 0
0.3318173514553329 0.10573473471164077 0
0.33325529066885556 0.11486324849946014 0
0.31885141751023005 0.11143986626160658 0
0.30546802928575545 0.11284671241498238 0
0.3068405931295205 0.12033548435745876 0
0.3139623642461427 0.06661726861806821 0
0.3233160015914218 0.07140654019877615 0
0.32816703991434387 0.06318666883453948 0
0.320961774856437 0.06447579023744988 0
0.32270370746507043 0.05343125007023218 0
0.32773749827858145 0.057019699373190125 0
0.3244914632923196 0.03368179680827333 0
0.33423532448640414 0.03054637983834093 0
0.32460277880594196 0.014394340791655453 0
0.328125 0.0 1
0.326768787347742 0.024050890912165786 0
0.33399885010697405 0.023279085194828207 0
0.33734805276860635 0.011000175336292514 0
0.3375034158459355 0.017638772431848766 0
0.3479940089644736 0.014449639207473507 0
0.33144470065644427 0.014459448005142305 0
0.331008753656612 0.006948731762671469 0
0.33752401348602545 0.00373957273479295 0
0.3359375 0.0 1
0.34676332265441345 0.02043554973853502 0
0.30472738286187334 0.023923681276059178 0
0.3157334321945875 0.02652617175524543 0
0.32016810550026387 0.020460256273450262 0
0.3138263990308758 0.011169947903417996 0
0.3218533108438862 0.027973278290669246 0
0.32853970961519163 0.029554344176921602 0
0.3324375292657487 0.04166750615786869 0
0.3382217498956 0.036896684083990494 0
0.3305007215542771 0.03564853462037002 0
0.3397930692573368 0.028757987442120214 0
0.32845161652187854 0.06889599431871524 0
0.33529178542891974 0.0638797676010178 0
0.33959606518519075 0.058693377496852564 0
0.3146309372588812 0.07684016715395783 0
0.31934299666636307 0.08305303445782761 0
0.32307154225148904 0.07782405593409808 0
0.31735037060807114 0.07152900596705775 0
0.2996573619788686 0.07268612085400518 0
0.305635791772859 0.08020013438051461 0
0.30782001104634926 0.07232695017454428 0
0.3032431375013698 0.061244500760887506 0
0.3035234525766558 0.06761504746396253 0
0.2945938300289435 0.06481652577768317 0
0.2902488281867318 0.04203779445425737 0
0.2947676218008433 0.05297960902417678 0
0.2972272911300692 0.0589354565361434 0
0.2877825213552707 0.07476293592552505 0
0.2932826205956902 0.07122400819652146 0
0.29487842295089856 0.07889422648803181 0
0.33994558595447283 0.0704706518829731 0
0.3479337829816756 0.060211058831569325 0
0.36813338326850725 0.07977776833373432 0
0.36556850489531917 0.07206502537880455 0
0.36943479392767353 0.06728664522621901 0
0.3616618101415971 0.07994455228703855 0
0.37399779986352827 0.07690652476183042 0
0.3400218643603671 0.0506793986376389 0
0.33756337761939487 0.04505103752571225 0
0.34820404535782845 0.04716817916391193 0
0.34621841011125787 0.03820493240984979 0
0.3509211312096672 0.03173597997615273 0
0.3577629931857793 0.03661416363984426 0
0.39770120327007646 0.060992998787236734 0
0.40249621713398864 0.06352982813245016 0
0.4136177591493493 0.09733705079178814 0
0.43979542767904967 0.0733666238604293 0
0.44771993652303993 0.07298115348779499 0
0.44215900026106325 0.03640257594492429 0
0.44924428454529347 0.01931502564571725 0
0.45663684194134446 0.02539488931128873 0
0.462618109328185 0.01873447432691615 0
0.45551663147552074 0.009474645353347555 0
0.453125 0.0 1
0.46099030902185556 0.012629834328358513 0
0.4609375 0.0 1
0.46484375000000117 0.005024006407132956 0
0.455918574265574 0.018733968815095006 0
0.47078267562276144 0.01952197658923367 0
0.47245493270758326 0.013728710711214039 0
0.4453125000000005 0.00701124118827836 0
0.4453125 0.0 1
0.44938964428482836 0.012488463923115785 0
0.4393711427490976 0.015689965838356423 0
0.4374012367421759 0.007968334860631995 0
0.42209447871960765 0.015985414680929986 0
0.4306978029483159 0.013790575258205463 0
0.421875 0.0 1
0.4296875 0.0 1
0.4257812499999997 0.007218468630046213 0
0.4317095329104197 0.005760377636883077 0
0.4286677562263748 0.02379226538748597 0
0.43395730632451196 0.01965902258591078 0
0.43674282326536856 0.028675103020964883 0
0.445969591001786 0.02796990460841557 0
0.451091019927411 0.03536150579709507 0
0.4551300393283686 0.03108271064681738 0
0.4477078415482278 0.045172358014924634 0
0.4523038714845387 0.05039377979792565 0
0.4423389607451925 0.05453166803275362 0
0.44704131089121435 0.03945375687254519 0
0.4560289422325989 0.03899427107813008 0
0.4508671665786575 0.024876017931730946 0
0.4427307471562795 0.021797490749023363 0
0.4477731156762748 0.05923868649958724 0
0.4502382428526581 0.06519745520672507 0
0.43746226498232543 0.0455146378621294 0
0.4313009634946254 0.054674115941579456 0
0.43678262172856075 0.05170946139600563 0
0.42602830408768816 0.044475359987041406 0
0.42337931693854636 0.05230719629018721 0
0.40970808270483006 0.043319224954838906 0
0.40054448435298773 0.04501013991557989 0
0.4177172393973544 0.046028187748842826 0
0.4207787506501038 0.03939634012613298 0
0.4110133474819289 0.029420217841504195 0
0.4172480939243888 0.03308479248608464 0
0.41830636297616897 0.024148250691826245 0
0.41108311794620456 0.036437562718849126 0
0.40332497651155225 0.03300567931939162 0
0.4077976489850309 0.014311095918758874 0
0.41087780306402844 0.021552303896763103 0
0.4148970277529387 0.015566969334194117 0
0.4140625 0.0 1
0.4125952767921666 0.007884509904454278 0
0.41911788470949984 0.00615816499239323 0
0.4023793240600144 0.020891558298709853 0
0.40509871341099507 0.0267732476101614 0
0.3979117822041054 0.011692059090358399 0
0.3960443121310383 0.02116053985426655 0
0.41096751369090817 0.05278984415943675 0
0.41564217662844627 0.05773519143643607 0
0.40595168879481053 0.04863781237363489 0
0.40432620169744116 0.007447277761519965 0
0.3984375 0.0 1
0.3945312500000016 0.0056822093382379295 0
0.38677034608203537 0.006833677812394132 0
0.3868457011598116 0.013176707345177917 0
0.3828125 0.0 1
0.3789062500000007 0.0053616655087068464 0
0.3700977157098117 0.007675352180512498 0
0.359375 0.0 1
0.3671875 0.0 1
0.3618450345661261 0.012174546465569 0
0.36328124999999994 0.005545319808592009 0
0.37439834140656264 0.012257552747167373 0
0.36420992490023124 0.017556670053155424 0
0.3552723085971329 0.015459899538925246 0
0.3515625 0.0 1
0.35260907193390545 0.007923919875685036 0
0.3450434265312451 0.007468181545255969 0
0.4004839590108473 0.038671879645225886 0
0.42359476691339853 0.027105212778680072 0
0.42924732464631754 0.06188939876205859 0
0.43665524405073763 0.06296021483947442 0
0.44149173986947776 0.060091007739497194 0
0.4426909732994202 0.048514037567323635 0
0.4303423859486033 0.03014137231550368 0
0.4338152449545457 0.037868335017552684 0
0.4276247587200824 0.03846461901512001 0
0.45106229727563635 0.00555985217798353 0
0.47505846512974265 0.04906561614107752 0
0.47991105087968944 0.044414471201414896 0
0.4747047138625183 0.040273587626186665 0
0.47359196220960637 0.060617312433175426 0
0.47182841363256484 0.06764375416686477 0
0.4635091698169025 0.06182119338090389 0
0.47952677768081553 0.06445080483370617 0
0.4569517807225522 0.06324411391896576 0
0.4681189862337057 0.05760466848630682 0
0.4795124349537945 0.05554907437532939 0
0.4921875 0.0 1
0.48334605412617493 0.07299639239219395 0
0.48129298624956485 0.08302106527820018 0
0.48546288733159815 0.12655100581045306 0
0.48463686144934337 0.11883274541046764 0
0.47424832863369387 0.12384788174410244 0
0.4803384883015227 0.12319609892621669 0
0.4782055650373562 0.1320450427989276 0
0.492319435153798 0.12191387058964537 0
0.5 0.1171875 1
0.4939336276725187 0.11593318904907418 0
0.4670550828802452 0.1323742432667281 0
0.4725567699553008 0.1297182656387007 0
0.4914653613539246 0.14202022696381578 0
0.5 0.140625 1
0.49434146304169135 0.1328125000000002 0
0.5 0.1328125 1
0.4861511969178348 0.13500050647081224 0
0.49126737482990784 0.12774594844304218 0
0.5 0.1484375 1
0.47699740564524495 0.14745159506474864 0
0.48342435838849945 0.1425861757457481 0
0.4761337533812704 0.13963322152899207 0
0.46582425007097594 0.14472894325180688 0
0.458722548394415 0.14851432346269844 0
0.46127247812841987 0.15473887301928665 0
0.4719062672028338 0.14405709662776878 0
0.469714530080445 0.15208120841078296 0
0.47805185768798975 0.15715353727292591 0
0.48817034481827515 0.15261089490757895 0
0.4831224512269343 0.14886490904574026 0
0.49472709402170967 0.152343750000001 0
0.4918273358953292 0.16177000669616667 0
0.5 0.1640625 1
0.4850368219531804 0.15917165350417156 0
0.48503241741582975 0.16935547632249615 0
0.47943169140344294 0.17257140657480585 0
0.4916466034077399 0.17578125000000006 0
0.49347109235156494 0.16879799697751724 0
0.4858107509573929 0.17517126923911103 0
0.48025394383278286 0.16426149725507616 0
0.4944889545795437 0.18058783566463785 0
0.4722711607950759 0.15958519285087902 0
0.46051396934023997 0.13426065227514192 0
0.4551288730838235 0.10676447749278793 0
0.4330743524655348 0.1414555813270956 0
0.43511919600455645 0.13539534734992528 0
0.4403907835779093 0.14002720470010346 0
0.43265768623696615 0.11462838033331595 0
0.439054933378654 0.11414721086846373 0
0.3967342324618655 0.12350714399560073 0
0.43445731306645663 0.15246153938750773 0
0.44380291133754074 0.15637589611713873 0
0.44041026319374693 0.15136233385030654 0
0.43624255984705096 0.16131280180239788 0
0.44225547505074847 0.16226355446393512 0
0.4376607818658339 0.1718327736108317 0
0.4446728699685382 0.17326046468004305 0
0.4344798217552111 0.16690602346867925 0
0.43032330471408303 0.1579010122047952 0
0.43531629245717285 0.17816555546418464 0
0.42722222098906276 0.14778080202182128 0
0.42433814705472456 0.13924261619629125 0
0.4177875869369266 0.13464877063860806 0
0.42464822585977785 0.1318331774463994 0
0.4190198765290055 0.12788512600416813 0
0.4135774964512441 0.12590341370320693 0
0.4271541997744799 0.12684486380046833 0
0.4652795475366476 0.12357885328549792 0
0.4610280587146949 0.11823545672413527 0
0.4568992673245794 0.12269628593277755 0
0.45611731468247907 0.11701465043666454 0
0.47334079862129147 0.11706696830635216 0
0.4729469087430017 0.11009369210072185 0
0.4618362730474521 0.0686148578932294 0
0.4318827174102126 0.043482985479099456 0
0.40314970872942163 0.05564900740609449 0
0.3686348004306659 0.0923576128804231 0
0.3750824396465549 0.08593927798624465 0
0.3687763050630539 0.08605205746982307 0
0.37834547965387666 0.09566492223502032 0
0.3743082330909657 0.09160924273365198 0
0.3837123613549445 0.0864623883059803 0
0.3874200753334136 0.0920893717124783 0
0.3716645320740358 0.09937148381394532 0
0.3789054805508835 0.11225431804316947 0
0.3785795373650135 0.10396117100776024 0
0.3726314015315222 0.108347927632705 0
0.3663457640787619 0.11195500875143001 0
0.3708185262374095 0.12114877503216039 0
0.3728962138925805 0.11491422552315436 0
0.378586073197903 0.1196507380230706 0
0.38690132163960694 0.11630471746701439 0
0.3866611875289863 0.10748964374035594 0
0.393763605540426 0.11170697225275157 0
0.39310662375645855 0.11814636891271735 0
0.40093384294999534 0.11020583089641683 0
0.3920763066763837 0.10392480436302708 0
0.40366203398658285 0.10524306947817062 0
0.36471624870175556 0.12516080310516925 0
0.3646421685949436 0.11844822870507947 0
0.360801345296089 0.09276793303770749 0
0.36272170555414657 0.0990903378421392 0
0.274858315591824 0.05860703115516533 0
0.283780532249303 0.06471697140538346 0
0.2891894925240483 0.05876911250370233 0
0.28203512039591433 0.05769632709415328 0
0.2715503541452967 0.0730070097293395 0
0.2798596316286363 0.07209904620695362 0
0.2765988419171079 0.06563480969986671 0
0.2667924354137906 0.0643340796259779 0
0.2772264646346887 0.08647685929308045 0
0.2816598824694403 0.07985877289176452 0
0.27435200810906835 0.0797572737836726 0
0.25734131816309824 0.09100858585978461 0
0.2668712252673333 0.08693194993842161 0
0.28453978040950645 0.08658200357326463 0
0.2805787236942666 0.10770190743945825 0
0.2889566051216697 0.09834178475261998 0
0.28853745681316506 0.09178986927222484 0
0.29670417982038094 0.09455678114755812 0
0.30146197969231514 0.08756011412231765 0
0.29997700352772805 0.08185452559219078 0
0.2965559782786691 0.10407523456149138 0
0.2878945934681494 0.08112367861557969 0
0.30230193308181563 0.10091990196468092 0
0.2887195339059172 0.10655901063736949 0
0.29456155352707586 0.11138680485803878 0
0.2893915998306687 0.12285038175228494 0
0.29378792403488263 0.11793549208335918 0
0.2855209508012681 0.11496444043763936 0
0.2965851020949784 0.12486122335815225 0
0.29156973969503525 0.12893068430484955 0
0.2781860222088165 0.13029483063123795 0
0.28506169774362344 0.13141619450534375 0
0.28069302292027554 0.13656296732070577 0
0.2731380184027851 0.13594924532440728 0
0.2672306741775589 0.12559491631185302 0
0.2663713404735856 0.13294747411151042 0
0.25949301334488034 0.12841706992533097 0
0.2719203582275303 0.12978165255564816 0
0.27581839443744444 0.12069545642183366 0
0.2786148814289312 0.11435120619694941 0
0.26424265022661547 0.1064917728652537 0
0.26942361056528624 0.114088236714106 0
0.2724583453762907 0.1064534808109552 0
0.268306726760353 0.09708139576801536 0
0.2611697941629717 0.1141525283258184 0
0.2629324301162232 0.12054526118493074 0
0.251411465586972 0.10579163640429422 0
0.253268630701537 0.11349917746059734 0
0.2577083396731333 0.10831741702962043 0
0.2588049597937728 0.0996358571758364 0
0.2625359854851889 0.09456508664870707 0
0.2826883944150367 0.1212476255151761 0
0.2722528782905164 0.09134702711552324 0
0.2802853392560778 0.09560715019928527 0
0.2773407634976518 0.10172951419533745 0
0.26979989218699646 0.12012225232681088 0
0.25856588338103104 0.0806939409009324 0
0.26092284087980644 0.08620377460824222 0
0.2663319020538107 0.07900210143591367 0
0.26424142769530806 0.07191368214744623 0
0.24608698897644884 0.07734026485174465 0
0.2507205481553595 0.08499254796269466 0
0.24207529222720758 0.08499838298238414 0
0.2464034389098075 0.09317208467301209 0
0.24364786189100285 0.10156911128904686 0
0.24471595410726138 0.10885370636691462 0
0.25269221012688414 0.09623511172263934 0
0.23780263914299507 0.08927838607387496 0
0.253062465575293 0.07627836693895636 0
0.25132872251344884 0.034011792349485634 0
0.2612873356417175 0.04803733808065358 0
0.26648620128302547 0.0553593343127791 0
0.2757188094309361 0.04397387064811576 0
0.27759325682296 0.05142597700724132 0
0.28631354813819115 0.049957060103971704 0
0.27056620853655966 0.049231712998583206 0
0.28303507486955404 0.04339050311630228 0
0.28258270149564635 0.021066894495574934 0
0.28125 0.0 1
0.27847069989310663 0.03231660936316536 0
0.2789707617919965 0.038588102698836446 0
0.2689781723931979 0.036229185729682 0
0.26569793090342037 0.05041234944022406 0
0.2545232846755806 0.05834672723637616 0
0.26129784147181745 0.060028967576362065 0
0.266637462943682 0.04311330267413169 0
0.25991871858622817 0.036988824812620974 0
0.25286093173752694 0.04347212123057705 0
0.26280467458740725 0.017005397593312113 0
0.25870370558053485 0.02661325086652462 0
0.2639992626689065 0.03125205207142588 0
0.2568040229125465 0.032094637737383476 0
0.24669816392119584 0.01580971890558984 0
0.24947850455239734 0.02479244527307781 0
0.2553175917078886 0.019488793221676588 0
0.25594358378961457 0.008848129669616945 0
0.265625 0.0 1
0.26456494161185284 0.008560763190629674 0
0.27355526881352193 0.014840558037803564 0
0.2677169416779396 0.013623570511211951 0
0.2734375000000002 0.005313416600910908 0
0.2734375 0.0 1
0.2832448097887356 0.010449408314042346 0
0.2794530899020446 0.00575814363339887 0
0.27972063928031865 0.015559028110664775 0
0.29443151202482765 0.016476400704910316 0
0.296875 0.0 1
0.2890625 0.0 1
0.2929687499999996 0.007840081960089501 0
0.30323172849399177 0.010543842970887897 0
0.29895917765986557 0.005931590552534733 0
0.3060346820900391 0.0036622718107951744 0
0.3046875 0.0 1
0.2872131628411545 0.005814583394728488 0
0.28912343240986327 0.012933411994063147 0
0.3015267081068486 0.017507951698845704 0
0.3093601786365082 0.017606235311269466 0
0.2697255835583938 0.02359848701132437 0
0.2759086552858619 0.02108594255364125 0
0.2636511800906941 0.023045861247392392 0
0.2719921391014941 0.03007007164207308 0
0.2578125 0.0 1
0.21875 0.0 1
0.2209622948158712 0.028697155450595833 0
0.23434956751819988 0.04161600596904939 0
0.24385263204440552 0.040076875215026356 0
0.23717280817456915 0.02894057780797423 0
0.23829051759544792 0.03584165799261291 0
0.24430435457071012 0.03132659477911681 0
0.24895424874372837 0.029692989817966347 0
0.2417715808405582 0.022256248639703564 0
0.2292218089357438 0.01854621818723095 0
0.23489186240173154 0.02244717611998142 0
0.23728886539165753 0.012891927049440163 0
0.234375 0.0 1
0.22817886685653607 0.026133335867398914 0
0.22741100255884084 0.03541039013859589 0
0.21869039001343843 0.052142849129584286 0
0.22518023087571604 0.04488648914386913 0
0.21204107721261964 0.039665604418869564 0
0.21765341415199144 0.04468508714487888 0
0.21955317302082789 0.03691359845099292 0
0.22292755636960276 0.033263252092723114 0
0.2311363822454431 0.05674379391382737 0
0.24072540374304205 0.05087539058100388 0
0.23973094879319398 0.04473532123855109 0
0.2318087303187084 0.04898146373369249 0
0.2256831027655363 0.052361164981489024 0
0.22189655555874674 0.06154689382148389 0
0.21922696625319302 0.0671707553586734 0
0.21123709969616036 0.059932503693127595 0
0.20815255972245914 0.049660745246494595 0
0.20138899690509093 0.05729081019590638 0
0.20518771069768232 0.06280685990810823 0
0.20712978872067458 0.055566889026238596 0
0.1929916082058625 0.04303429950449458 0
0.1994989987864272 0.04880268355634918 0
0.20449488327145127 0.04248379353486905 0
0.2016654331779898 0.023395225172887692 0
0.20511706894553597 0.03263758324186802 0
0.19157647095352173 0.05118546346519358 0
0.19539558814051505 0.05598539980121666 0
0.18126021644728707 0.045196017053568155 0
0.176200232123694 0.05074172776067199 0
0.18382096280672466 0.05329873616014125 0
0.1875255131267596 0.046283745722852314 0
0.2132573298368243 0.03154257407212189 0
0.21314466168758012 0.019382834161633628 0
0.21538247343646386 0.025442491262492282 0
0.2217634378680582 0.02091329313236878 0
0.22244933244948759 0.010140708537884647 0
0.21831746218460538 0.015285758660174231 0
0.203125 0.0 1
0.20922941858383323 0.009125586575786073 0
0.19609851571490713 0.01130477791116184 0
0.2021706889520467 0.007242892481089434 0
0.1953125 0.0 1
0.20320539739107854 0.015359327568618844 0
0.20700816765636573 0.02025357860290155 0
0.20847752029175548 0.026814348390964294 0
0.19140625000000006 0.005951314265299858 0
0.1868405182883453 0.0146862370631107 0
0.19201470192212206 0.02285084296224611 0
0.19693428272153668 0.018095636364784715 0
0.18783343776655798 0.033168591794397816 0
0.18743797457898898 0.027002228129510412 0
0.19641712213639842 0.030620950868154903 0
0.19348988285477434 0.036492483862662115 0
0.2002001684405827 0.037269645696481016 0
0.21606264917573373 0.006725458971989322 0
0.2109375 0.0 1
0.22996123837029775 0.01101933567692922 0
0.2265625 0.0 1
0.23046875000000033 0.004828990643031528 0
0.21698591915467041 0.0579725314175866 0
0.22846913078118541 0.06290172155860367 0
0.23946009482626904 0.06745848207085713 0
0.23156864666439492 0.03108421416497508 0
0.24792258420264818 0.007815786035794886 0
0.2421875 0.0 1
0.23828124999999986 0.00589236274041224 0
0.25257044569408826 0.013988432757980472 0
0.2543194307602254 0.050839316057851976 0
0.24751578544965433 0.048358279529919945 0
0.24664341413072405 0.05642261647219072 0
0.259651661695005 0.05403459043953665 0
0.23893408947712752 0.0587168411194935 0
0.23472044197068015 0.06335703229508746 0
0.2485905619051017 0.06554579635934618 0
0.24495433801176453 0.07093689393637846 0
0.23834692939427923 0.07529511306416178 0
0.2339967422130897 0.07067980843570744 0
0.2587028548719066 0.04274846226899534 0
0.25476575282447395 0.06459064480329614 0
0.18265254560669697 0.03814704282196329 0
0.18179387533280256 0.007101693394319837 0
0.1796875 0.0 1
0.17482433968619568 0.006577763460823173 0
0.18079797835162334 0.01713974043605137 0
0.1750932465194223 0.0413118066268137 0
0.2925849201645419 0.02929714673047122 0
0.29732787705995634 0.023608901638991153 0
0.2899000596400568 0.02236708536831791 0
0.28499701999530863 0.028325745354595033 0
0.2879936186272226 0.035039791372436374 0
0.2792349591625526 0.026234687222983968 0
0.30365744164424363 0.037911869157271454 0
0.3007346524949442 0.030653294948221454 0
0.2956045468602122 0.03644944644433747 0
0.29831803287208963 0.0444105372031426 0
0.3041426283627466 0.051843887625488076 0
0.3090419829310743 0.03152594879717087 0
0.3154060204294228 0.0423550933243148 0
0.3164469742055378 0.03445877788721001 0
0.3103149993186935 0.03806239754719284 0
0.30683272890858904 0.044775746447222875 0
0.3119110225993543 0.05733054093693555 0
0.31283769815143536 0.049651251846795016 0
0.30916618754217606 0.06280677034736118 0
0.3184026656372679 0.05841253245186533 0
0.3239288977583114 0.042187733977924635 0
0.3197686162840596 0.04742290558471266 0
0.2930947984608888 0.04726645632184107 0
0.25099409444156134 0.1187346219660655 0
0.2447943040295394 0.13032586956497774 0
0.2518558285591352 0.12715503419220459 0
0.24611313838520754 0.12381443669592357 0
0.23839758008778 0.1256409928343826 0
0.2517632153069428 0.13639729013559612 0
0.25966104693058595 0.13718667633534454 0
0.26043136712061166 0.14542819472273458 0
0.2662943791979805 0.1462051700058951 0
0.25502869880736284 0.14193841168702975 0
0.23285947935464574 0.12423219623435235 0
0.22791827702682105 0.12057864647015022 0
0.24122442301581257 0.13975876411334306 0
0.24711666712383534 0.14003076135616221 0
0.24333706897867752 0.14565763883081337 0
0.23810648306491666 0.1331868206530239 0
0.2318773766005813 0.1372568089408776 0
0.23517885013936815 0.14329703899840948 0
0.22523836305652056 0.13758306691081465 0
0.32499507892395363 0.08441704850523765 0
0.3295065516617812 0.08835078614481862 0
0.32920135433418046 0.048898718378698317 0
0.3106582482250348 0.023415568958634787 0
0.3212593907195616 0.005948125808931953 0
0.3203125 0.0 1
0.31527720276058324 0.005333942176102877 0
0.3196594056048257 0.11860981896624423 0
0.3375879593511771 0.1070727536835081 0
0.34883367399481346 0.10584141834872896 0
0.34818140598560743 0.11287799468588645 0
0.34309776051899166 0.1029484553047207 0
0.35660563790854594 0.10688389956919371 0
0.3956079466719866 0.09511014005619277 0
0.40178372151214237 0.09122875061740976 0
0.4012854244238903 0.09747207524966008 0
0.5 0.0078125 1
0.42908531573756614 0.10456921625918647 0
0.41604052656726126 0.1559972437979128 0
0.41381687963858504 0.14923257268488507 0
0.4204141669533111 0.1475335998290818 0
0.310167100332945 0.12875116391298996 0
0.41692215984888403 0.20203681543019242 0
0.4185764059874425 0.2089349520862673 0
0.42448848920813403 0.20386975080262634 0
0.4174995222312173 0.19634474132631832 0
0.41082365768779905 0.20358593629441737 0
0.42884855545876954 0.19699129995376752 0
0.3929420966327668 0.20648346137868864 0
0.38637567765101105 0.2093909555005713 0
0.39148756624339703 0.2143238477935114 0
0.3956820355207544 0.218969733060015 0
0.2527612815628652 0.49495753401324305 0
0.11050176746314519 0.3663227086390265 0
0.1210229966506214 0.3702303385378568 0
0.12799733147089412 0.3673077452112606 0
0.11735161236665004 0.3776883733124508 0
0.10750219120012722 0.385891690037829 0
0.10128414616318719 0.3821238516613668 0
0.0964830046702148 0.3892067708457296 0
0.1072597128275295 0.3792771272235978 0
0.10289747767889575 0.39055701192918 0
0.11216116273480282 0.39509524291198506 0
0.1141011429608143 0.38380023157876997 0
0.11839134083817753 0.40318490894617937 0
0.12137686131436239 0.3944417504682892 0
0.1164367692163639 0.3900831332933336 0
0.13839137512100072 0.38889399114012074 0
0.12914299804799428 0.3893949172361799 0
0.13208798477056038 0.402425439399441 0
0.13409109693523202 0.39512466780652217 0
0.12760045951652194 0.3972690147606712 0
0.14164223465099085 0.4011216555709561 0
0.13332016828394413 0.3808913529131869 0
0.12575644725844073 0.37719316324567875 0
0.1269708394936343 0.38342695245530906 0
0.1461508993889522 0.3783687332415249 0
0.14154555944782168 0.3726632753785285 0
0.1396007492013406 0.3789444916921878 0
0.13762247155292812 0.40732356592517255 0
0.13030442100369807 0.41001654665259457 0
0.12535294126935698 0.40484809321651855 0
0.1288791148086531 0.4184596909406841 0
0.13358037683444912 0.42620663600361236 0
0.15408377834327122 0.39684163758262847 0
0.1608697236693703 0.4001856450651191 0
0.1545151768311646 0.40452352034987105 0
0.14855904343722115 0.40100494975570306 0
0.14644681421359276 0.3924546808693408 0
0.14056841702748216 0.3948611711802884 0
0.15554419877876496 0.38545846539631834 0
0.15244903279426017 0.3908466360904707 0
0.16040805529020244 0.3918355204542566 0
0.14776818637514672 0.3853808396679706 0
0.14201136709062742 0.38428575549508776 0
0.1533492520340783 0.41008926670022827 0
0.11290880586484354 0.4009633415224491 0
0.11382768217938231 0.407275656962827 0
0.09211509272755673 0.3935231996981275 0
0.1601621543488208 0.3745276125563062 0
0.1541201864888364 0.36728788073563046 0
0.14857150766151653 0.37170346157139234 0
0.15336739281398862 0.37721734855396716 0
0.1600715413889644 0.3684621854486839 0
0.16723127037968122 0.37138861483322827 0
0.16584472132148992 0.3777954936146112 0
0.17408346247984113 0.3663832940568785 0
0.17126493511620838 0.37994009997721856 0
0.1566222991957431 0.3619281257092247 0
0.16015897311472063 0.35718936383628896 0
0.1411742419241585 0.4223262133326664 0
0.11349730020801929 0.35342758241844324 0
0.11254146862195845 0.3457002744900746 0
0.1077477258479361 0.35806829113677796 0
0.23223192406675783 0.36336813236417637 0
0.2335363326847156 0.37616123759915693 0
0.2382459982680078 0.3833093283018898 0
0.24522199452169274 0.38355131889560196 0
0.25059221128854126 0.3807743812036869 0
0.2317052445803508 0.382493262444374 0
0.22634120823401535 0.3744027454434791 0
0.3009261280907475 0.4067388305834982 0
0.23212095044733952 0.3973010838555942 0
0.18774875818462136 0.43006124077063157 0
0.18085205046272573 0.37161282198482876 0
0.25363249428872264 0.3289801814795449 0
0.27129035041757626 0.3435293554610275 0
0.2409784479137656 0.2777035998799535 0
0.24328579109530346 0.28374077176097867 0
0.2565627276743779 0.2713400077770432 0
0.2654945010083516 0.2712208405136825 0
0.26606941718460997 0.26324602385237683 0
0.25920949891519046 0.264818765739919 0
0.261275088984053 0.2582503628431344 0
0.26683076776934106 0.2773505651747212 0
0.24834558947960997 0.26971222454209964 0
0.2787256095914063 0.26854932401611814 0
0.22152326912384757 0.10572755603264859 0
0.12344209624969052 0.09082367405662516 0
0.12019135611360071 0.10408322424142008 0
0.12447033981638479 0.09810401483397425 0
0.11458177392245719 0.0879337165364591 0
0.11593142989462711 0.09651391614140917 0
0.10289128960069677 0.09416886638117339 0
0.10981816295904545 0.09307927681134949 0
0.10526643663336253 0.08670546227093118 0
0.10792498291008631 0.10360670094482029 0
0.11410953934860747 0.1025226314633575 0
0.11244639878248837 0.11121781747843675 0
0.11926322740222077 0.11084675980521894 0
0.1050433846314722 0.11046706790332658 0
0.10821527468675794 0.11606490624638956 0
0.09792822443441247 0.0884797905861029 0
0.09947695058814773 0.07882322459279752 0
0.09898814357960507 0.0720237977116147 0
0.10726519621098198 0.07214921164692496 0
0.09491267834828061 0.09491373298758429 0
0.0995280575279881 0.10124746352069262 0
0.09341140637246902 0.08278943173339769 0
0.1324637040314398 0.10734215891886319 0
0.12672001283724807 0.104234697843773 0
0.1264734336528826 0.11146736118106589 0
0.13903965131761395 0.10875177207954949 0
0.1173103148197305 0.019852324596271603 0
0.11144244905598162 0.02559018734607748 0
0.11802947889146756 0.026183343981752677 0
0.1171875 0.0 1
0.11328125000000017 0.008176062979754546 0
0.11429854285166274 0.01435830588080089 0
0.10692441558270391 0.006191976867244109 0
0.1015625 0.0 1
0.12109375 0.0055415310167561726 0
0.0390625 0.0 1
0.022573634227933247 0.18978444748813358 0
0.022269801494963815 0.18218040733975222 0
0.027632857394881825 0.18577420721317656 0
0.028628068267363343 0.17849048092868516 0
0.016061345074685637 0.1920139659731263 0
0.007641661788445051 0.19114113960471393 0
0.0 0.203125 1
0.0049204621785905065 0.21093750000000003 0
0.0 0.2109375 1
0.009623254190950649 0.20251984081522378 0
0.011356128655495604 0.196356164977377 0
0.004309639162188363 0.19744476464358365 0
0.0 0.1953125 1
0.010682258948368866 0.2086339988508214 0
0.023907710839402914 0.19578809458964644 0
0.0 0.1796875 1
0.007873673729836363 0.17877796335983992 0
0.005915266637061244 0.18492497630089233 0
0.037480118096470554 0.08551583550249738 0
0.04223611764978192 0.08933409250923495 0
0.18805295475887737 0.2704565218036579 0
0.14050728982725827 0.2415122481382607 0
0.14417044352693456 0.24617189046630947 0
0.039957674146237035 0.13322538516514015 0
0.03342175350641022 0.13580397270014746 0
0.0386988170632657 0.14041215948337438 0
0.038251766534338455 0.17823841777296281 0
0.07612105964631799 0.2758125767710853 0
0.07034462906517706 0.27949642856502255 0
0.06703011337451165 0.2548195052181887 0
0.007338554540660887 0.23519476022214236 0
0.0 0.2421875 1
0.005476909748521184 0.24609375000000003 0
0.0 0.2265625 1
0.04200329711996427 0.24197933876437652 0
0.11842295111641403 0.20221359786624413 0
0.15198280088533897 0.2854689144661432 0
0.1857029759729908 0.24978277266687268 0
0.19023766921025842 0.25646522675930966 0
0.22455825428621437 0.23070923294526166 0
0.22846402040446448 0.22552507517595355 0
0.22017629521630835 0.17721053575593823 0
0.20882120511412167 0.13987849578798853 0
0.24520192645568065 0.17560734613752152 0
0.25044801995027377 0.17170015810178227 0
0.10987175929433414 0.3306824354132658 0
0.10467660244260987 0.33429606081551083 0
0.08259565752483009 0.30233788252568533 0
0.07255869441262426 0.34296775684068603 0
0.03858841344612963 0.333340457552803 0
0.03207828716401509 0.42862545787508455 0
0.030308624296834747 0.42150968851252835 0
0.02580254417617505 0.4262696204942908 0
0.031488825876930415 0.4395137289737424 0
0.03951341331461996 0.43989216929024133 0
0.04437660508064181 0.4437093617104845 0
0.035049649491025736 0.43424641078583887 0
0.019279885935811873 0.4451657546767644 0
0.028525570689207996 0.4491250794441732 0
0.03331152647993584 0.4539259782632459 0
0.0331072432622389 0.4452751725367239 0
0.025683743532661816 0.44298644899549044 0
0.022070705608713635 0.4514234961207646 0
0.0 0.453125 1
0.011264833040971738 0.4552509034810144 0
0.03783598337704104 0.42687567899130396 0
0.008310814785590459 0.4446757236502782 0
0.0 0.4453125 1
0.006242812219405978 0.4509535595403591 0
0.013617874095310576 0.44889344635413475 0
0.014135268077573634 0.43731187070406186 0
0.007024164616840777 0.43413982026183606 0
0.004844384459182541 0.42724438960338185 0
0.0 0.4296875 1
0.006771649514393385 0.4206355162948634 0
0.013877004610771718 0.4430929543288333 0
0.020719518134888343 0.43850068360568534 0
0.017075655285615537 0.4318123901815681 0
0.020079086353665995 0.4268997138352329 0
0.0 0.4609375 1
0.0070396786748638624 0.46484375000000017 0
0.005893901891427023 0.4586121897912613 0
0.015902318566034284 0.4600270679485302 0
0.02394524953518331 0.4135233730379489 0
0.04041842931186275 0.36064548576834266 0
0.07969344576255517 0.4941103676131118 0
0.09929023805360034 0.4598371046135464 0
0.13227329046544348 0.44807023173667987 0
0.1446717231671331 0.4150463691884458 0
0.32835160727819673 0.4567774669752788 0
0.4129037202589872 0.4191289126533138 0
0.3411925478967 0.42700778007776347 0
0.3604099440406909 0.4453463651776137 0
0.3515625 0.5 1
0.35033191279856785 0.49418493571363065 0
0.4140625 0.5 1
0.4117767807494174 0.49460724945158396 0
0.4345259603920022 0.4488182116699313 0
0.36335918983564996 0.42021521075286383 0
0.4921293621052336 0.39957103040837355 0
0.4834778015545516 0.3981063395558256 0
0.48704210320739133 0.403336547721646 0
0.5 0.3984375 1
0.49370712704774883 0.39302386018317215 0
0.4355948172409667 0.20957489066997542 0
0.43722573396176956 0.2338517822095836 0
0.4895584731961704 0.22927136669140957 0
0.5 0.2265625 1
0.48950426218922943 0.2187757373263289 0
0.4833452955459361 0.21547581552806977 0
0.494728455988042 0.20910810856709205 0
0.5 0.203125 1
0.5 0.2109375 1
0.49126439684547574 0.20074216937902967 0
0.4855616189011936 0.19884859028098373 0
0.4893741615793953 0.2064249992212182 0
0.5 0.1953125 1
0.4937367087122429 0.1918561675766355 0
0.49474379093829074 0.21536173472451126 0
0.48604233396763336 0.22404157322750232 0
0.493763497675429 0.22400169262150985 0
0.4798435214274483 0.23347040234507657 0
0.4799997800387814 0.24115411529801792 0
0.48637423800355684 0.2352421192393826 0
0.47357202179395247 0.22817647182999243 0
0.46864505359349573 0.23202932330105053 0
0.4739500107556481 0.2350366553393071 0
0.4932700865728095 0.23491075439305822 0
0.46576219881417924 0.2560685074514056 0
0.4719948634624599 0.33448973245038244 0
0.5 0.2421875 1
0.38130130642690113 0.3007318176779576 0
0.382302180096666 0.29304374638474123 0
0.37564961978639017 0.2960868661494806 0
0.37348121960425607 0.30448602519208384 0
0.38793256049161445 0.2976859241537934 0
0.3879896244934708 0.3065516000533869 0
0.3933598573688615 0.301283238372097 0
0.3809099509927649 0.30793470597255257 0
0.38560253782464776 0.31228482291271265 0
0.3690965677375555 0.29991782104370157 0
0.3725979678686432 0.31238340383848795 0
0.3856931738436764 0.22341745134569807 0
0.32950664179174 0.2118903506975835 0
0.3176431855013734 0.24283368330328778 0
0.21969265976608648 0.4701841429782714 0
0.1476803905708771 0.04055889139285682 0
0.15307258898366646 0.04389700279311223 0
0.03963994761436853 0.12432506875438223 0
0.11875797844310693 0.04014665766785535 0
0.0 0.2734375 1
0.005944263502361547 0.2758622010717159 0
0.4423344610994029 0.45646543928708677 0

Edges
256
1 2760 1
1 2762 1
2 4200 1
2 4581 1
3 746 1
3 750 1
4 1334 1
4 1335 1
5 4424 1
5 4502 1
6 348 1
6 4848 1
7 1036 1
7 3421 1
9 1536 1
9 4749 1
10 1442 1
10 1445 1
11 1310 1
11 3381 1
224 584 1
224 590 1
264 358 1
264 364 1
281 365 1
281 374 1
292 343 1
292 346 1
323 4209 1
323 4216 1
324 480 1
324 4834 1
337 346 1
337 348 1
341 343 1
341 358 1
350 4825 1
350 4830 1
351 4825 1
351 4848 1
362 364 1
362 365 1
371 374 1
371 584 1
470 4219 1
470 4233 1
479 480 1
479 4233 1
522 3449 1
522 3453 1
550 791 1
550 3430 1
580 3456 1
580 4820 1
586 590 1
586 4820 1
608 813 1
608 821 1
696 974 1
696 1004 1
700 1007 1
700 4811 1
716 737 1
716 745 1
725 756 1
725 825 1
733 737 1
733 3449 1
743 745 1
743 746 1
749 750 1
749 756 1
767 790 1
767 4813 1
781 813 1
781 4813 1
788 790 1
788 791 1
795 3430 1
795 4811 1
818 821 1
818 825 1
851 1004 1
851 1007 1
970 980 1
970 1026 1
973 974 1
973 980 1
1024 1026 1
1024 1036 1
1030 3366 1
1030 3411 1
1031 3394 1
1031 3404 1
1127 1346 1
1127 1352 1
1129 1314 1
1129 1317 1
1201 4785 1
1201 4791 1
1242 1329 1
1242 4797 1
1256 1447 1
1256 1452 1
1274 1337 1
1274 1344 1
1288 1317 1
1288 1352 1
1296 1310 1
1296 1314 1
1325 1329 1
1325 1335 1
1331 1334 1
1331 1337 1
1342 1344 1
1342 1346 1
1368 1492 1
1368 1546 1
1405 1461 1
1405 1489 1
1419 1445 1
1419 1461 1
1425 1442 1
1425 1447 1
1449 1452 1
1449 4791 1
1472 1540 1
1472 4868 1
1478 1540 1
1478 1546 1
1479 1489 1
1479 1492 1
1519 2676 1
1519 2684 1
1521 4730 1
1521 4733 1
1522 4726 1
1522 4751 1
1527 1536 1
1527 4868 1
1918 2875 1
1918 4711 1
1919 4479 1
1919 4519 1
2261 4749 1
2261 4751 1
2551 2772 1
2551 2777 1
2561 2784 1
2561 4715 1
2566 2652 1
2566 2732 1
2578 2790 1
2578 4717 1
2620 2664 1
2620 2672 1
2646 2733 1
2646 2738 1
2650 2652 1
2650 2664 1
2670 2672 1
2670 2676 1
2679 2696 1
2679 2701 1
2682 2684 1
2682 2696 1
2699 2701 1
2699 4733 1
2731 2732 1
2731 2733 1
2736 2738 1
2736 2762 1
2754 2760 1
2754 2790 1
2765 2772 1
2765 4717 1
2775 2777 1
2775 2784 1
2786 4711 1
2786 4715 1
2843 2859 1
2843 2860 1
2851 2860 1
2851 4519 1
2857 2859 1
2857 2875 1
3345 3360 1
3345 3361 1
3349 3361 1
3349 3381 1
3357 3360 1
3357 3366 1
3386 3394 1
3386 3421 1
3401 3404 1
3401 3411 1
3445 3453 1
3445 3456 1
3705 4167 1
3705 4171 1
3786 3863 1
3786 3869 1
3816 3846 1
3816 3853 1
3836 3846 1
3836 4209 1
3851 3853 1
3851 3863 1
3866 3877 1
3866 3884 1
3867 3869 1
3867 3877 1
3873 4110 1
3873 4117 1
3879 3893 1
3879 4104 1
3882 3884 1
3882 4581 1
3888 3893 1
3888 4200 1
3955 4415 1
3955 4570 1
3957 4048 1
3957 4177 1
3970 4152 1
3970 4163 1
3980 4163 1
3980 4167 1
4039 4048 1
4039 4570 1
4102 4104 1
4102 4110 1
4116 4117 1
4116 4152 1
4170 4171 1
4170 4177 1
4214 4216 1
4214 4219 1
4381 4404 1
4381 4410 1
4399 4404 1
4399 4424 1
4409 4410 1
4409 4415 1
4425 4493 1
4425 4495 1
4437 4495 1
4437 4502 1
4475 4479 1
4475 4493 1
4724 4726 1
4724 4730 1
4781 4785 1
4781 4797 1
4829 4830 1
4829 4834 1

Triangles
9482
1 2760 2763 0
3 750 757 0
5 4398 4501 0
6 348 349 0
6 349 353 0
7 3421 3422 0
7 3422 4597 0
8 2162 2189 0
8 2189 2191 0
8 2191 2193 0
8 2193 2205 0
9 4749 4750 0
11 1310 1311 0
11 1311 3380 0
12 3085 3091 0
12 3091 3093 0
12 3093 3095 0
12 3095 4669 0
13 910 3633 0
13 3570 3609 0
13 3625 3626 0
14 97 98 0
14 98 4676 0
14 2953 3522 0
14 4676 4678 0
15 1691 1705 0
15 1704 1708 0
15 1708 1711 0
15 1711 1726 0
16 3045 3046 0
16 3046 4671 0
16 3047 3048 0
17 32 3594 0
18 3648 3690 0
18 3684 3765 0
19 148 151 0
19 151 152 0
19 152 182 0
19 182 187 0
20 230 231 0
20 231 507 0
20 394 397 0
21 3476 3477 0
21 3477 4860 0
21 4595 4596 0
22 201 247 0
22 247 3470 0
23 3549 3636 0
23 3636 4859 0
23 4856 4857 0
24 218 222 0
24 222 228 0
24 228 4853 0
25 212 213 0
25 213 3643 0
26 3532 3537 0
26 3533 3539 0
26 3539 3552 0
26 3552 3574 0
27 34 37 0
27 37 3530 0
27 38 3536 0
28 31 33 0
28 33 3587 0
28 3587 3589 0
29 33 34 0
29 34 3533 0
29 3532 3587 0
29 3533 3537 0
30 32 36 0
30 36 37 0
31 28 3589 0
31 32 33 0
31 3588 3593 0
31 3593 3594 0
32 17 36 0
32 30 33 0
32 31 3594 0
33 29 3587 0
33 30 34 0
34 27 3533 0
34 30 37 0
35 36 41 0
35 41 3527 0
35 3527 3530 0
36 17 41 0
36 35 37 0
37 35 3530 0
38 27 3530 0
38 3527 3528 0
38 3528 3535 0
38 3535 3536 0
39 44 47 0
39 47 51 0
39 51 196 0
39 196 211 0
39 211 214 0
40 41 63 0
41 17 63 0
41 40 43 0
41 43 3527 0
42 43 44 0
42 44 214 0
42 214 3529 0
43 40 44 0
43 42 3527 0
44 39 214 0
44 40 56 0
45 52 68 0
45 68 3526 0
46 47 56 0
46 56 59 0
46 59 60 0
46 60 68 0
47 44 56 0
47 46 49 0
47 49 51 0
48 49 52 0
48 50 51 0
48 52 192 0
48 189 190 0
49 46 52 0
49 48 51 0
50 48 190 0
50 190 194 0
50 194 196 0
51 50 196 0
52 45 54 0
52 46 68 0
52 54 192 0
53 54 4862 0
53 185 191 0
53 191 192 0
54 45 55 0
54 53 192 0
54 55 4862 0
55 45 71 0
55 71 73 0
55 73 74 0
55 74 186 0
55 186 4862 0
56 40 61 0
57 58 67 0
57 67 2995 0
57 93 95 0
57 2993 2997 0
57 2997 2998 0
58 57 95 0
58 59 61 0
58 61 62 0
58 62 67 0
59 56 61 0
59 58 95 0
60 59 95 0
60 94 3526 0
61 40 62 0
62 40 63 0
62 63 64 0
62 64 66 0
62 66 67 0
63 17 64 0
64 17 3594 0
64 3594 3595 0
65 66 3595 0
65 2994 2995 0
66 64 3595 0
66 65 67 0
67 65 2995 0
68 60 3526 0
69 70 92 0
69 72 73 0
70 69 71 0
70 71 3526 0
71 45 3526 0
71 69 73 0
72 69 83 0
73 72 74 0
74 72 77 0
74 77 79 0
74 79 118 0
74 118 186 0
75 103 105 0
75 105 135 0
75 132 3525 0
76 77 3524 0
76 99 3525 0
77 72 82 0
77 76 79 0
77 82 3524 0
78 79 80 0
78 80 112 0
78 112 115 0
78 115 118 0
79 76 80 0
79 78 118 0
80 76 3525 0
81 82 83 0
81 83 86 0
81 86 3523 0
81 3523 3524 0
82 72 83 0
82 81 3524 0
83 69 85 0
83 85 86 0
84 85 96 0
84 96 4681 0
85 69 91 0
85 84 86 0
85 91 3000 0
86 84 97 0
86 87 3523 0
87 86 97 0
87 97 3522 0
87 102 3523 0
88 89 2999 0
88 2979 2983 0
89 88 2983 0
89 96 3000 0
89 2983 4681 0
90 91 92 0
90 92 93 0
90 93 2998 0
90 2996 2999 0
90 2999 3000 0
91 69 92 0
91 90 3000 0
92 70 94 0
93 57 2998 0
93 92 94 0
93 94 95 0
94 60 95 0
94 70 3526 0
96 85 3000 0
96 89 4681 0
97 14 3522 0
97 84 98 0
98 84 4681 0
98 2983 4675 0
98 4675 4676 0
99 76 3524 0
99 102 103 0
99 103 3525 0
100 101 1736 0
100 1736 1854 0
100 1741 2952 0
101 100 104 0
101 102 3522 0
102 87 3522 0
102 99 3523 0
102 101 104 0
103 75 3525 0
103 102 104 0
103 104 105 0
104 100 2952 0
105 104 2952 0
105 1741 1742 0
105 1742 1748 0
106 1967 1975 0
106 1975 1986 0
106 1986 1989 0
106 1989 1990 0
106 1990 1991 0
107 1843 1845 0
107 1845 4758 0
107 1993 1994 0
107 1994 1996 0
108 1821 4554 0
109 1753 1768 0
109 1768 1770 0
109 1770 1798 0
109 1798 1842 0
110 123 138 0
110 138 1773 0
110 1773 1784 0
110 1784 1787 0
110 1787 1788 0
111 112 127 0
111 127 129 0
112 80 126 0
112 111 114 0
112 114 115 0
112 126 127 0
113 114 144 0
114 111 122 0
114 113 115 0
114 122 144 0
115 113 117 0
115 117 118 0
116 117 120 0
116 120 147 0
116 147 184 0
116 184 185 0
116 185 186 0
117 113 120 0
117 116 118 0
118 116 186 0
119 120 145 0
119 145 4861 0
120 113 139 0
120 119 147 0
120 139 145 0
121 122 1789 0
121 143 144 0
122 111 123 0
122 121 144 0
122 123 1789 0
123 110 1788 0
123 111 129 0
123 129 138 0
123 1788 1789 0
124 128 3521 0
124 133 1793 0
125 126 132 0
125 132 136 0
126 80 132 0
126 125 127 0
127 125 128 0
127 128 129 0
128 124 129 0
128 125 131 0
128 131 3521 0
129 124 138 0
130 131 137 0
130 137 1747 0
130 1747 1752 0
130 1752 1753 0
131 125 136 0
131 130 133 0
131 133 3521 0
131 136 137 0
132 75 135 0
132 80 3525 0
132 135 136 0
133 124 3521 0
133 130 1753 0
133 1753 1795 0
134 135 1748 0
134 1742 1746 0
134 1746 1747 0
135 105 1748 0
135 134 136 0
136 134 137 0
137 134 1747 0
138 124 1793 0
138 1793 1794 0
139 113 144 0
139 143 146 0
140 162 164 0
140 164 165 0
140 165 3513 0
140 3513 3514 0
141 160 161 0
141 161 3520 0
142 143 1788 0
142 1786 1790 0
142 1790 3520 0
143 121 1788 0
143 139 144 0
143 142 146 0
145 139 146 0
145 146 4861 0
146 142 3520 0
146 155 4861 0
147 119 148 0
147 148 187 0
148 19 187 0
148 119 153 0
149 150 154 0
149 154 159 0
149 158 3500 0
150 149 167 0
150 151 153 0
150 153 154 0
151 148 153 0
151 150 152 0
152 150 167 0
152 167 173 0
152 173 181 0
152 181 182 0
153 119 4861 0
154 153 155 0
154 155 157 0
154 157 159 0
155 146 161 0
155 153 4861 0
156 157 160 0
156 160 162 0
156 162 3505 0
157 155 161 0
157 156 158 0
157 158 159 0
158 149 159 0
158 156 3505 0
158 3503 3516 0
160 141 166 0
160 157 161 0
161 146 3520 0
162 140 3504 0
162 160 166 0
162 3504 3505 0
163 164 166 0
163 166 1775 0
163 1775 1776 0
163 1776 1783 0
163 1783 1785 0
164 162 166 0
164 163 1785 0
165 164 1785 0
165 1783 3754 0
166 141 1775 0
167 149 172 0
167 172 174 0
168 178 3492 0
168 202 203 0
169 173 174 0
169 174 178 0
169 178 203 0
169 203 3498 0
170 175 3501 0
170 3501 3663 0
170 3663 3767 0
171 172 3500 0
171 3500 3501 0
172 149 3500 0
172 171 174 0
173 167 174 0
173 169 181 0
174 171 175 0
174 175 178 0
175 170 177 0
175 171 3501 0
175 177 178 0
176 177 179 0
176 179 4860 0
176 3477 3492 0
177 170 3767 0
177 176 3492 0
178 168 203 0
178 177 3492 0
179 177 3767 0
179 3767 4594 0
179 4594 4595 0
179 4595 4860 0
180 181 197 0
180 197 198 0
181 169 3498 0
181 180 182 0
182 180 188 0
183 184 187 0
183 187 188 0
183 188 189 0
183 189 191 0
184 147 187 0
184 183 191 0
185 53 4862 0
185 184 191 0
186 185 4862 0
187 182 188 0
188 180 189 0
189 48 192 0
189 180 190 0
190 180 198 0
191 189 192 0
193 194 198 0
193 198 200 0
193 200 201 0
193 201 204 0
194 190 198 0
194 193 204 0
194 195 196 0
195 194 204 0
195 204 205 0
195 205 211 0
196 195 211 0
197 181 3498 0
198 197 200 0
199 200 202 0
199 202 3472 0
199 238 247 0
200 197 202 0
200 199 201 0
201 22 205 0
201 199 247 0
202 168 3472 0
202 197 3498 0
203 202 3498 0
204 201 205 0
205 22 207 0
205 207 210 0
205 210 211 0
206 207 217 0
206 217 219 0
206 219 246 0
207 22 216 0
207 206 209 0
207 209 210 0
207 216 217 0
208 209 212 0
208 212 3529 0
209 206 212 0
209 208 210 0
210 208 211 0
211 208 3529 0
212 25 3528 0
212 206 246 0
212 3528 3529 0
213 212 246 0
213 246 4851 0
213 4851 4858 0
214 211 3529 0
215 216 236 0
215 236 237 0
216 22 3470 0
216 215 217 0
217 215 218 0
217 218 219 0
218 24 219 0
218 215 221 0
218 221 222 0
219 24 4850 0
219 4850 4851 0
220 221 234 0
221 215 237 0
221 220 222 0
222 220 226 0
222 226 228 0
223 244 248 0
223 248 251 0
223 251 253 0
223 253 3469 0
224 581 582 0
225 226 230 0
225 230 242 0
225 242 3468 0
226 220 231 0
226 225 229 0
227 228 229 0
227 229 3468 0
227 3468 3469 0
227 3469 4855 0
228 226 229 0
228 227 4853 0
229 225 3468 0
230 20 241 0
230 226 231 0
230 241 242 0
231 220 233 0
231 233 507 0
232 403 3497 0
233 220 234 0
233 234 3496 0
233 403 507 0
233 3496 3497 0
234 221 237 0
234 237 3496 0
235 236 238 0
235 238 3493 0
235 3493 3494 0
235 3494 3495 0
236 216 3470 0
236 235 3495 0
237 236 3495 0
237 3495 3496 0
238 199 3472 0
238 236 3470 0
238 3471 3493 0
239 243 401 0
239 306 307 0
239 307 512 0
240 241 396 0
240 396 400 0
241 20 396 0
241 240 242 0
242 240 243 0
242 243 244 0
242 244 3468 0
243 239 512 0
243 240 400 0
243 400 401 0
244 223 3468 0
244 243 512 0
245 248 511 0
245 269 3467 0
246 219 4851 0
247 238 3470 0
248 244 512 0
248 245 250 0
248 250 251 0
248 307 511 0
249 250 263 0
250 245 3467 0
250 249 255 0
251 250 255 0
252 253 255 0
252 255 257 0
252 257 3637 0
252 3637 3638 0
252 3638 3641 0
253 251 255 0
253 252 3641 0
254 3469 3641 0
254 3638 4854 0
254 4854 4855 0
255 249 257 0
256 257 570 0
256 569 3542 0
256 3542 3544 0
256 3544 3637 0
257 249 259 0
257 256 3637 0
257 259 570 0
258 259 261 0
258 261 563 0
258 563 564 0
258 564 568 0
258 568 569 0
258 569 570 0
259 249 261 0
259 258 570 0
260 261 262 0
260 262 267 0
260 267 268 0
260 268 562 0
260 562 563 0
261 249 263 0
261 260 563 0
262 261 263 0
262 263 3467 0
263 250 3467 0
265 270 276 0
265 276 279 0
265 279 514 0
266 267 269 0
266 269 270 0
266 270 271 0
266 271 273 0
267 262 269 0
267 266 268 0
268 266 273 0
268 273 561 0
268 561 562 0
269 245 311 0
269 262 3467 0
270 265 271 0
270 269 311 0
271 265 514 0
272 273 514 0
272 284 517 0
272 517 519 0
272 519 561 0
273 271 514 0
273 272 561 0
274 295 297 0
274 297 510 0
275 278 513 0
276 270 309 0
276 278 279 0
276 309 513 0
277 278 288 0
277 288 291 0
278 275 287 0
278 276 513 0
278 277 279 0
278 287 288 0
279 277 283 0
279 283 284 0
279 284 514 0
280 377 537 0
280 520 529 0
282 283 4847 0
282 377 529 0
283 277 285 0
283 282 284 0
283 285 4847 0
284 272 514 0
284 282 516 0
284 516 517 0
285 277 291 0
285 291 367 0
285 367 368 0
285 368 376 0
285 376 4847 0
286 287 295 0
286 295 312 0
287 275 295 0
287 286 288 0
288 286 290 0
288 290 291 0
289 290 294 0
289 294 360 0
289 359 366 0
289 366 367 0
290 286 294 0
290 289 367 0
291 290 367 0
292 342 344 0
293 294 312 0
293 312 314 0
293 313 356 0
293 355 357 0
293 357 360 0
294 286 312 0
294 293 360 0
295 274 312 0
295 275 299 0
296 297 299 0
296 299 302 0
296 302 308 0
296 308 509 0
296 509 510 0
297 295 299 0
297 296 510 0
298 315 316 0
298 316 510 0
299 275 301 0
299 301 302 0
300 301 309 0
300 309 310 0
301 275 513 0
301 300 302 0
302 300 304 0
302 304 308 0
303 304 306 0
303 306 401 0
304 300 306 0
304 303 305 0
304 305 308 0
305 303 378 0
305 335 508 0
305 508 509 0
306 239 401 0
306 300 310 0
307 248 512 0
307 306 310 0
307 310 511 0
308 305 509 0
309 270 311 0
309 301 513 0
310 309 311 0
310 311 511 0
311 245 511 0
312 274 314 0
313 293 314 0
313 314 315 0
313 315 345 0
313 340 356 0
314 274 315 0
315 274 316 0
315 298 319 0
315 319 320 0
315 320 345 0
316 274 510 0
317 320 321 0
317 321 336 0
317 336 338 0
317 338 339 0
317 339 340 0
318 319 334 0
319 298 333 0
319 318 320 0
319 333 334 0
320 317 340 0
320 318 321 0
320 340 345 0
321 318 326 0
321 326 328 0
321 328 336 0
322 428 4844 0
323 4215 4218 0
324 478 4241 0
324 4834 4835 0
325 326 4846 0
326 318 331 0
326 325 328 0
326 331 4846 0
327 328 354 0
328 325 329 0
328 327 336 0
328 329 354 0
329 325 463 0
329 353 354 0
329 463 4840 0
330 331 466 0
330 464 4846 0
331 318 334 0
331 330 4846 0
331 332 466 0
332 331 334 0
332 333 335 0
332 335 382 0
332 382 466 0
333 298 508 0
333 332 334 0
335 305 378 0
335 333 508 0
335 378 381 0
335 381 382 0
336 327 347 0
337 338 347 0
338 336 347 0
339 292 344 0
339 346 292 0
340 313 345 0
340 339 344 0
340 344 356 0
342 341 355 0
342 343 341 0
342 355 356 0
343 342 292 0
344 342 356 0
346 338 337 0
346 339 338 0
347 327 349 0
347 348 337 0
348 347 349 0
349 327 354 0
350 4825 4838 0
352 6 353 0
352 353 4840 0
352 4840 4841 0
352 4841 4845 0
352 4848 6 0
353 329 4840 0
353 349 354 0
355 293 356 0
355 358 357 0
357 264 359 0
357 358 264 0
357 359 360 0
358 355 341 0
359 289 360 0
359 363 366 0
359 364 363 0
361 365 369 0
362 361 363 0
363 361 366 0
363 364 362 0
364 359 264 0
365 281 369 0
365 361 362 0
366 361 368 0
367 366 368 0
368 361 369 0
368 369 375 0
368 375 376 0
369 281 373 0
369 373 535 0
370 375 535 0
370 534 537 0
371 583 585 0
372 374 585 0
372 533 534 0
372 534 535 0
373 372 535 0
374 371 585 0
374 372 373 0
374 373 281 0
375 369 535 0
375 370 376 0
376 370 377 0
376 377 4847 0
377 280 529 0
377 282 4847 0
377 370 537 0
378 303 399 0
379 384 387 0
379 387 393 0
379 393 414 0
379 414 506 0
380 381 398 0
381 378 398 0
381 380 382 0
382 380 383 0
382 383 465 0
382 465 466 0
383 380 384 0
383 384 506 0
384 379 506 0
384 380 386 0
384 386 387 0
385 386 395 0
385 395 397 0
385 397 402 0
386 380 398 0
386 385 387 0
387 385 389 0
387 389 393 0
388 389 402 0
388 394 403 0
388 403 405 0
389 385 402 0
389 388 391 0
389 391 393 0
390 391 418 0
391 388 405 0
391 390 393 0
391 392 418 0
392 391 405 0
392 404 409 0
392 409 420 0
392 417 418 0
393 390 414 0
394 20 507 0
394 388 402 0
395 386 398 0
395 396 397 0
395 398 399 0
395 399 400 0
396 20 397 0
396 395 400 0
397 394 402 0
398 378 399 0
399 303 401 0
400 399 401 0
403 232 404 0
403 233 3497 0
403 394 507 0
403 404 405 0
404 232 408 0
404 392 405 0
404 408 409 0
406 409 3479 0
406 419 420 0
406 3479 3480 0
406 3480 3481 0
407 408 3494 0
407 3473 3478 0
407 3476 3479 0
408 232 3494 0
408 407 409 0
409 406 420 0
409 407 3479 0
410 455 3488 0
410 503 4822 0
410 3486 4589 0
411 416 417 0
411 417 421 0
411 421 3484 0
411 453 454 0
411 3484 3488 0
412 413 415 0
412 415 4823 0
412 450 452 0
413 412 423 0
413 414 415 0
413 423 505 0
413 505 506 0
414 390 416 0
414 413 506 0
415 414 416 0
415 416 4823 0
416 390 418 0
416 411 454 0
416 454 4823 0
417 392 420 0
417 416 418 0
417 420 421 0
419 406 3481 0
419 3481 3483 0
419 3483 3487 0
420 419 421 0
421 419 3487 0
422 423 460 0
422 460 461 0
422 461 464 0
422 464 465 0
422 465 505 0
423 412 425 0
423 422 505 0
423 425 460 0
424 425 427 0
424 427 428 0
424 428 462 0
425 412 452 0
425 424 460 0
426 427 431 0
426 431 435 0
426 435 437 0
426 437 4842 0
426 4842 4843 0
427 425 430 0
427 426 4843 0
427 430 431 0
428 322 462 0
428 427 4843 0
428 4843 4844 0
429 430 451 0
430 425 452 0
430 429 431 0
431 429 444 0
432 459 467 0
432 467 492 0
432 492 494 0
432 494 495 0
432 495 496 0
433 442 458 0
433 443 447 0
433 447 468 0
433 468 469 0
434 435 443 0
434 443 458 0
435 431 444 0
435 434 437 0
436 437 4827 0
436 4827 4837 0
436 4837 4839 0
436 4839 4842 0
437 434 439 0
437 436 4842 0
437 439 4827 0
438 439 441 0
438 441 476 0
438 476 4832 0
438 4832 4833 0
439 434 441 0
439 438 4827 0
440 441 442 0
440 442 459 0
440 459 473 0
440 473 475 0
440 475 476 0
441 434 458 0
441 440 476 0
442 433 469 0
442 441 458 0
443 433 458 0
443 435 444 0
443 444 447 0
444 429 446 0
444 446 447 0
445 446 449 0
445 448 4822 0
446 429 449 0
446 445 447 0
447 445 457 0
447 457 468 0
448 445 449 0
448 449 450 0
448 450 453 0
448 453 455 0
448 455 4822 0
449 429 451 0
450 412 4823 0
450 449 451 0
450 451 452 0
451 430 452 0
453 411 3488 0
453 450 4823 0
454 453 4823 0
455 410 4822 0
455 453 3488 0
456 457 499 0
456 467 468 0
456 499 501 0
457 445 504 0
457 456 468 0
459 432 496 0
459 442 469 0
460 424 461 0
461 424 462 0
461 462 4846 0
462 322 463 0
462 463 4846 0
463 322 4840 0
463 325 4846 0
464 330 465 0
464 461 4846 0
465 330 466 0
465 383 505 0
467 456 492 0
467 459 469 0
468 467 469 0
471 472 483 0
471 483 4236 0
471 4236 4239 0
472 471 477 0
472 473 496 0
473 459 496 0
473 472 477 0
474 475 477 0
474 477 478 0
474 478 4835 0
474 4831 4832 0
475 473 477 0
475 474 4832 0
476 475 4832 0
477 471 478 0
478 324 4835 0
478 471 4239 0
478 4237 4241 0
479 480 4237 0
479 4237 4238 0
480 324 4241 0
481 485 490 0
481 490 4225 0
481 4225 4227 0
481 4227 4242 0
482 483 495 0
483 472 495 0
483 482 484 0
483 484 4236 0
484 482 485 0
484 485 4242 0
485 481 4242 0
485 482 487 0
485 487 490 0
486 489 493 0
486 493 4257 0
487 482 494 0
487 489 490 0
488 489 4252 0
488 3810 4224 0
488 4224 4225 0
489 486 4252 0
489 487 493 0
489 488 490 0
490 488 4225 0
491 492 500 0
491 493 494 0
491 500 4257 0
492 456 500 0
492 491 494 0
493 487 494 0
493 491 4257 0
494 482 495 0
495 472 496 0
497 3669 3670 0
497 3670 3679 0
497 3678 4590 0
498 499 504 0
498 504 4592 0
498 3678 3679 0
499 457 504 0
499 498 501 0
500 456 501 0
500 501 4260 0
501 498 502 0
501 502 4260 0
502 498 3679 0
502 3670 3674 0
502 3674 4260 0
503 410 4589 0
503 504 4822 0
503 4589 4592 0
504 445 4822 0
504 503 4592 0
505 383 506 0
508 298 509 0
509 298 510 0
515 516 520 0
515 520 525 0
515 525 539 0
515 539 540 0
516 282 529 0
516 515 517 0
517 515 519 0
518 519 540 0
518 540 541 0
518 541 560 0
518 560 561 0
519 515 540 0
519 518 561 0
520 280 527 0
520 516 529 0
521 596 628 0
522 3448 3452 0
523 526 536 0
523 530 591 0
523 591 592 0
524 525 527 0
524 527 528 0
524 528 530 0
524 530 536 0
525 520 527 0
525 524 526 0
525 526 572 0
526 523 576 0
526 524 536 0
527 280 528 0
528 280 537 0
530 523 536 0
530 528 532 0
530 532 579 0
530 579 591 0
531 532 533 0
531 533 585 0
532 528 533 0
532 531 579 0
533 372 585 0
533 528 537 0
534 370 535 0
534 533 537 0
538 539 572 0
538 572 573 0
539 525 572 0
539 538 541 0
540 539 541 0
541 538 544 0
541 544 546 0
541 546 560 0
542 549 555 0
542 555 3618 0
542 3616 3619 0
542 3619 3622 0
543 544 559 0
544 538 558 0
544 543 546 0
544 558 559 0
545 546 548 0
545 548 565 0
546 543 548 0
546 545 560 0
547 548 549 0
547 549 3622 0
548 543 549 0
548 547 565 0
549 542 3622 0
549 543 553 0
549 553 555 0
551 602 705 0
551 616 618 0
551 618 632 0
551 631 935 0
551 928 936 0
552 553 604 0
552 604 937 0
553 543 559 0
553 552 556 0
553 559 604 0
554 555 556 0
554 556 928 0
554 928 934 0
554 931 3618 0
555 553 556 0
555 554 3618 0
556 552 928 0
557 558 573 0
557 573 603 0
557 603 604 0
558 538 573 0
558 557 559 0
559 557 604 0
560 545 562 0
561 560 562 0
562 545 565 0
563 562 564 0
564 562 565 0
564 565 571 0
565 547 571 0
566 3546 3547 0
566 3547 3620 0
567 568 571 0
567 571 3622 0
567 3547 3548 0
567 3619 3620 0
568 564 571 0
568 567 3548 0
569 256 570 0
569 568 3548 0
571 547 3622 0
572 526 575 0
573 572 575 0
573 575 598 0
573 598 603 0
574 575 576 0
574 576 577 0
574 577 597 0
574 597 598 0
575 526 576 0
575 574 598 0
576 523 577 0
577 523 592 0
577 592 595 0
577 595 596 0
577 596 597 0
578 579 581 0
578 581 588 0
578 588 594 0
579 531 582 0
579 578 591 0
580 3456 3457 0
580 3457 4817 0
581 579 582 0
581 590 589 0
582 531 583 0
582 584 224 0
583 531 585 0
584 582 583 0
584 583 371 0
586 4820 4821 0
587 588 589 0
587 589 4821 0
587 4817 4818 0
588 581 589 0
588 587 594 0
589 586 4821 0
589 590 586 0
590 581 224 0
591 578 592 0
592 578 594 0
592 594 595 0
593 594 4818 0
593 627 628 0
594 587 4818 0
594 593 595 0
595 593 596 0
596 521 597 0
596 593 628 0
597 521 600 0
597 600 601 0
598 597 601 0
598 601 603 0
599 600 606 0
599 606 607 0
599 607 615 0
599 615 705 0
600 521 606 0
600 599 601 0
601 599 602 0
601 602 603 0
602 551 936 0
602 599 705 0
602 936 937 0
603 602 937 0
604 603 937 0
605 606 621 0
605 621 624 0
606 521 620 0
606 605 607 0
606 620 621 0
607 605 612 0
607 612 613 0
607 613 615 0
608 812 823 0
609 644 645 0
609 645 647 0
609 647 648 0
609 648 779 0
610 634 706 0
610 706 3464 0
610 3464 3465 0
611 612 3466 0
611 634 635 0
612 605 614 0
612 611 613 0
612 614 3466 0
613 611 635 0
614 605 624 0
614 624 3461 0
614 3461 3463 0
614 3463 3466 0
615 613 616 0
615 616 705 0
616 551 705 0
616 613 618 0
617 632 636 0
617 636 640 0
617 640 4808 0
618 613 635 0
618 635 636 0
619 620 628 0
620 521 628 0
620 619 621 0
621 619 623 0
621 623 624 0
622 623 626 0
622 626 3447 0
622 3433 3461 0
623 619 626 0
623 622 624 0
624 622 3461 0
625 626 627 0
625 627 630 0
625 630 3460 0
626 619 627 0
626 625 3447 0
627 593 4818 0
627 619 628 0
627 4818 4819 0
629 630 4819 0
629 3455 3460 0
630 627 4819 0
630 629 3460 0
631 551 632 0
631 632 924 0
631 923 927 0
631 927 935 0
632 617 924 0
632 618 636 0
633 634 639 0
633 639 640 0
634 610 639 0
634 611 706 0
634 633 635 0
635 633 636 0
636 633 640 0
637 638 645 0
637 645 650 0
638 637 640 0
638 639 3465 0
639 610 3465 0
639 638 640 0
640 637 642 0
640 642 4808 0
641 642 643 0
641 643 667 0
641 667 670 0
641 670 922 0
641 922 4808 0
642 637 650 0
642 641 4808 0
643 642 650 0
643 650 655 0
643 655 657 0
643 656 667 0
644 609 704 0
645 638 649 0
645 644 650 0
646 647 649 0
646 649 3465 0
646 707 713 0
646 713 4815 0
647 645 649 0
647 646 4815 0
648 647 4815 0
648 772 779 0
648 4815 4870 0
649 638 3465 0
650 644 655 0
651 681 682 0
651 682 802 0
651 802 805 0
651 805 806 0
652 776 799 0
652 799 800 0
652 800 3428 0
652 3428 3429 0
652 3429 3431 0
653 665 704 0
653 704 778 0
653 777 3431 0
654 655 665 0
654 665 666 0
655 644 665 0
655 654 657 0
656 643 657 0
656 657 658 0
656 658 664 0
656 664 671 0
657 654 658 0
658 654 660 0
658 660 677 0
659 660 666 0
659 666 3428 0
659 801 802 0
660 654 666 0
660 659 677 0
661 690 882 0
661 882 885 0
661 885 888 0
661 888 896 0
661 896 938 0
662 673 675 0
662 675 693 0
662 691 692 0
663 664 676 0
664 658 676 0
664 663 671 0
665 644 704 0
665 653 3429 0
666 665 3429 0
667 656 671 0
667 671 695 0
668 904 933 0
669 670 695 0
669 695 920 0
669 920 921 0
669 921 922 0
670 667 695 0
670 669 922 0
671 663 672 0
671 672 683 0
671 683 695 0
672 663 673 0
672 673 686 0
672 686 687 0
673 662 686 0
673 663 675 0
674 675 678 0
674 678 680 0
674 680 4810 0
675 663 676 0
675 674 693 0
675 676 678 0
676 658 677 0
676 677 678 0
677 659 682 0
678 677 681 0
679 680 681 0
679 681 703 0
679 703 840 0
679 840 841 0
680 678 681 0
680 679 841 0
680 841 4810 0
681 651 703 0
681 677 682 0
682 659 802 0
683 672 687 0
683 687 919 0
683 919 920 0
684 694 901 0
684 901 903 0
684 903 905 0
684 904 918 0
685 686 689 0
685 689 694 0
685 694 918 0
686 662 689 0
686 685 687 0
687 685 918 0
687 918 919 0
688 689 4816 0
689 662 692 0
689 688 694 0
689 692 4816 0
690 661 938 0
690 692 880 0
690 880 881 0
690 881 882 0
690 938 4816 0
691 662 693 0
691 693 878 0
691 878 880 0
692 690 4816 0
692 691 880 0
693 674 878 0
694 684 918 0
694 688 901 0
695 683 920 0
696 974 1005 0
697 860 4807 0
698 842 3427 0
698 854 858 0
698 858 3425 0
699 839 842 0
699 842 879 0
699 877 4810 0
700 853 4812 0
700 1007 1008 0
701 807 833 0
701 833 848 0
702 703 806 0
702 806 807 0
702 807 835 0
702 835 838 0
702 838 840 0
703 651 806 0
703 702 840 0
704 609 778 0
706 611 3466 0
706 710 3464 0
707 646 3465 0
707 710 712 0
707 712 713 0
708 714 3462 0
708 3435 3436 0
708 3436 3437 0
709 710 3463 0
709 3461 3462 0
710 706 3463 0
710 707 3464 0
710 709 714 0
711 712 714 0
711 714 718 0
711 718 722 0
711 722 4870 0
712 710 714 0
712 711 713 0
713 711 4870 0
714 708 3437 0
714 709 3462 0
715 724 730 0
715 730 731 0
715 731 732 0
717 718 3437 0
717 3436 3438 0
718 714 3437 0
718 717 721 0
718 721 722 0
719 761 820 0
719 816 3432 0
720 721 723 0
720 723 764 0
720 764 765 0
720 765 4870 0
721 717 730 0
721 720 722 0
722 720 4870 0
723 721 724 0
723 724 727 0
723 727 762 0
723 761 764 0
724 715 727 0
724 721 730 0
725 825 829 0
726 727 729 0
726 729 741 0
726 741 828 0
726 762 763 0
727 715 729 0
727 726 763 0
728 729 740 0
728 736 759 0
729 715 732 0
729 728 741 0
729 732 740 0
730 717 3438 0
731 730 3438 0
731 3434 3451 0
732 731 735 0
732 735 736 0
732 736 740 0
733 737 738 0
733 738 3448 0
734 735 3442 0
734 3442 3450 0
735 731 3442 0
735 734 736 0
736 728 740 0
736 734 738 0
736 738 739 0
736 739 759 0
737 716 739 0
738 734 3448 0
738 737 739 0
739 716 744 0
739 744 759 0
741 728 747 0
741 747 753 0
741 753 828 0
742 746 757 0
742 751 752 0
742 752 758 0
743 742 744 0
744 742 758 0
744 745 743 0
744 747 759 0
745 744 716 0
746 3 757 0
746 742 743 0
747 728 759 0
747 744 758 0
748 752 754 0
748 754 755 0
748 755 827 0
748 827 828 0
750 749 751 0
750 751 757 0
751 742 757 0
751 749 754 0
752 748 753 0
752 751 754 0
752 753 758 0
753 747 758 0
753 748 828 0
754 756 755 0
755 725 827 0
755 756 725 0
756 754 749 0
760 761 762 0
760 762 826 0
760 817 820 0
761 719 764 0
761 723 762 0
761 760 820 0
762 726 826 0
762 727 763 0
764 719 3432 0
765 764 3432 0
765 771 772 0
765 772 4870 0
766 770 830 0
767 786 4814 0
768 770 771 0
768 771 3432 0
768 816 830 0
769 770 775 0
769 775 777 0
769 777 779 0
770 766 774 0
770 768 830 0
770 769 771 0
770 774 775 0
771 765 3432 0
771 769 772 0
772 648 4870 0
772 769 779 0
773 774 783 0
773 783 810 0
774 766 782 0
774 773 775 0
774 782 783 0
775 773 776 0
775 776 777 0
776 652 3431 0
776 773 799 0
777 653 778 0
777 776 3431 0
777 778 779 0
778 609 779 0
780 782 811 0
780 4813 4814 0
781 811 812 0
782 766 814 0
782 780 783 0
783 780 785 0
783 785 810 0
784 785 786 0
784 786 796 0
784 796 798 0
784 798 799 0
784 799 810 0
785 780 4814 0
785 784 810 0
786 767 789 0
786 785 4814 0
786 789 796 0
787 791 793 0
787 793 834 0
788 787 789 0
789 787 796 0
789 790 788 0
790 789 767 0
791 550 793 0
791 787 788 0
792 793 794 0
792 794 833 0
792 808 834 0
793 550 794 0
793 792 834 0
796 787 809 0
797 798 809 0
797 809 831 0
798 796 809 0
798 797 799 0
799 773 810 0
799 797 800 0
800 797 801 0
800 801 3428 0
801 659 3428 0
801 797 831 0
802 801 804 0
802 804 805 0
803 804 808 0
803 808 832 0
804 801 831 0
804 803 805 0
805 803 806 0
806 803 807 0
807 701 835 0
807 803 832 0
807 832 833 0
808 792 832 0
808 804 831 0
808 809 834 0
809 787 834 0
809 808 831 0
811 782 814 0
811 4813 780 0
812 811 814 0
812 813 781 0
812 814 823 0
813 812 608 0
814 766 830 0
814 815 823 0
815 814 830 0
815 816 817 0
815 817 822 0
815 822 823 0
816 719 820 0
816 768 3432 0
816 815 830 0
817 760 819 0
817 816 820 0
817 819 824 0
818 821 824 0
819 760 826 0
819 818 824 0
819 825 818 0
819 826 829 0
821 608 822 0
821 822 824 0
822 608 823 0
822 817 824 0
825 819 829 0
826 726 828 0
826 827 829 0
827 725 829 0
827 826 828 0
832 792 833 0
833 794 848 0
835 701 837 0
835 837 838 0
836 837 3426 0
836 3426 3427 0
837 701 845 0
837 836 838 0
837 845 846 0
837 846 3426 0
838 836 839 0
838 839 840 0
839 699 841 0
839 836 3427 0
840 839 841 0
841 699 4810 0
842 698 879 0
842 839 3427 0
843 850 852 0
843 852 1000 0
844 845 847 0
844 847 853 0
845 701 847 0
845 844 846 0
846 844 850 0
846 850 856 0
846 856 3426 0
847 701 848 0
847 848 849 0
847 849 4812 0
848 794 849 0
849 3430 795 0
849 4811 4812 0
850 843 855 0
850 844 852 0
850 855 856 0
851 1002 1006 0
852 844 853 0
852 853 1008 0
853 700 1008 0
853 847 4812 0
854 698 3427 0
854 856 858 0
855 843 998 0
855 993 999 0
856 854 3426 0
856 855 857 0
856 857 858 0
857 855 999 0
857 999 4807 0
858 857 859 0
858 859 3425 0
859 857 860 0
859 860 865 0
859 865 3424 0
859 3424 3425 0
860 697 871 0
860 857 4807 0
861 873 942 0
861 892 900 0
861 942 957 0
861 957 3264 0
862 870 872 0
862 872 3423 0
863 869 871 0
863 871 961 0
863 960 3423 0
864 865 869 0
864 869 870 0
864 870 873 0
865 860 869 0
865 864 867 0
865 867 3424 0
866 867 4809 0
866 876 3424 0
867 864 868 0
867 866 3424 0
867 868 4809 0
868 864 873 0
868 873 900 0
868 899 4809 0
869 860 871 0
869 863 872 0
870 862 941 0
870 869 872 0
870 941 942 0
871 697 961 0
872 863 3423 0
873 861 900 0
873 870 942 0
874 876 877 0
874 877 879 0
874 879 3425 0
875 876 881 0
876 866 4809 0
876 874 3424 0
876 875 877 0
877 699 879 0
877 875 878 0
877 878 4810 0
878 674 4810 0
878 875 880 0
879 698 3425 0
880 875 881 0
881 876 4809 0
882 881 884 0
882 884 885 0
883 884 899 0
884 881 4809 0
884 883 885 0
885 883 889 0
886 895 3244 0
886 3242 3243 0
887 888 889 0
887 889 3257 0
888 885 889 0
888 887 894 0
888 894 897 0
889 883 891 0
889 891 3257 0
890 891 892 0
890 892 3265 0
890 3245 3257 0
891 883 892 0
891 890 3257 0
892 861 3264 0
892 883 899 0
892 899 900 0
892 3264 3265 0
893 894 895 0
893 895 912 0
893 912 916 0
894 887 895 0
894 893 897 0
895 886 912 0
895 887 3244 0
896 888 897 0
896 897 909 0
896 898 901 0
896 901 938 0
897 893 909 0
898 896 909 0
899 868 900 0
899 884 4809 0
901 688 938 0
901 898 903 0
902 903 907 0
902 907 3612 0
902 3612 3613 0
902 3613 3614 0
903 898 907 0
903 902 905 0
904 668 919 0
904 684 905 0
904 905 933 0
905 902 933 0
906 907 908 0
906 908 917 0
906 917 3610 0
906 3610 3612 0
907 898 908 0
907 906 3612 0
908 898 909 0
908 909 916 0
908 916 917 0
909 893 916 0
910 13 3609 0
910 917 3633 0
910 3608 3610 0
911 912 3632 0
911 3632 3633 0
912 886 914 0
912 911 916 0
912 914 3632 0
913 914 915 0
913 915 3604 0
913 3604 3631 0
913 3631 3632 0
914 886 3243 0
914 913 3632 0
915 914 3243 0
915 3240 3241 0
915 3241 3603 0
915 3603 3604 0
916 911 917 0
917 910 3610 0
917 911 3633 0
918 904 919 0
919 668 920 0
920 668 921 0
921 668 932 0
922 921 923 0
922 923 924 0
922 924 4808 0
923 631 924 0
923 921 926 0
923 926 927 0
924 617 4808 0
925 926 930 0
925 930 931 0
925 931 934 0
926 921 932 0
926 925 927 0
927 925 928 0
927 928 935 0
928 551 935 0
928 552 936 0
928 925 934 0
929 930 932 0
929 932 3614 0
929 3613 3615 0
929 3615 3635 0
930 926 932 0
930 929 3635 0
931 554 934 0
931 930 3635 0
931 3616 3618 0
932 668 933 0
932 933 3614 0
933 902 3614 0
936 552 937 0
938 688 4816 0
939 955 956 0
939 956 4666 0
939 3225 3230 0
939 3230 3231 0
939 3231 3263 0
940 941 945 0
940 945 953 0
940 953 954 0
940 954 956 0
940 956 957 0
941 862 944 0
941 940 942 0
941 944 945 0
942 940 957 0
943 944 3269 0
944 862 959 0
944 943 945 0
944 959 3269 0
945 943 950 0
945 950 953 0
946 3175 3207 0
947 3184 3214 0
947 3214 3221 0
948 951 3201 0
948 3201 3219 0
948 3219 3226 0
949 950 952 0
949 952 3188 0
949 3187 3201 0
950 943 952 0
950 949 951 0
950 951 953 0
951 948 954 0
951 949 3201 0
952 943 3196 0
953 951 954 0
954 948 3226 0
954 3226 4666 0
955 939 3263 0
955 3261 3264 0
956 954 4666 0
956 955 957 0
957 955 3264 0
958 959 960 0
958 960 997 0
958 988 3268 0
958 3195 3269 0
959 862 3423 0
959 958 3269 0
960 863 961 0
960 959 3423 0
960 961 996 0
960 996 997 0
961 697 964 0
961 964 996 0
962 967 981 0
962 981 982 0
962 982 986 0
962 986 989 0
962 989 995 0
963 964 994 0
964 697 999 0
964 963 966 0
964 966 996 0
965 966 995 0
965 989 997 0
966 963 967 0
966 965 996 0
966 967 995 0
967 962 995 0
967 963 969 0
967 969 972 0
967 972 981 0
968 969 992 0
968 991 1001 0
968 1001 1005 0
968 1005 1009 0
969 963 992 0
969 968 972 0
970 1026 1027 0
971 972 975 0
971 975 976 0
971 976 979 0
971 979 982 0
972 968 1009 0
972 971 981 0
973 980 1018 0
974 973 975 0
974 975 1005 0
975 972 1009 0
975 973 976 0
976 973 1018 0
977 983 1019 0
977 985 990 0
977 1019 1023 0
978 979 1017 0
978 1017 1019 0
979 976 1017 0
979 978 982 0
980 970 1017 0
980 1017 1018 0
981 971 982 0
982 978 983 0
982 983 990 0
983 977 990 0
983 978 1019 0
984 987 1014 0
984 1012 3200 0
984 3194 3268 0
985 977 1013 0
985 986 990 0
985 1013 1014 0
986 982 990 0
986 985 987 0
986 987 989 0
987 984 988 0
987 985 1014 0
987 988 989 0
988 958 997 0
988 984 3268 0
989 965 995 0
989 988 997 0
991 968 992 0
991 992 993 0
991 993 998 0
991 998 1000 0
991 1000 1001 0
992 963 994 0
993 855 998 0
993 992 994 0
993 994 999 0
994 964 999 0
996 965 997 0
998 843 1000 0
999 697 4807 0
1000 852 1006 0
1001 1000 1002 0
1001 1002 1003 0
1001 1003 1005 0
1002 1000 1006 0
1002 1004 1003 0
1003 696 1005 0
1003 1004 696 0
1004 1002 851 0
1005 975 1009 0
1006 852 1008 0
1006 1007 851 0
1007 1006 1008 0
1010 1042 1045 0
1010 1045 1049 0
1010 1049 3167 0
1011 1015 1022 0
1011 1022 1034 0
1011 1034 3267 0
1012 984 1014 0
1012 1014 1015 0
1012 1015 3198 0
1012 3197 3200 0
1013 977 1021 0
1013 1021 1022 0
1014 1013 1015 0
1015 1011 3198 0
1015 1013 1022 0
1016 1017 1027 0
1017 970 1027 0
1017 976 1018 0
1017 1016 1019 0
1019 1016 1023 0
1020 1021 1023 0
1020 1023 1025 0
1020 1025 1037 0
1021 977 1023 0
1021 1020 1022 0
1022 1020 1029 0
1022 1029 1034 0
1023 1016 1025 0
1025 1016 1027 0
1025 1026 1024 0
1025 1036 1037 0
1026 1025 1027 0
1028 1029 1037 0
1028 1036 4597 0
1029 1020 1037 0
1029 1028 1033 0
1029 1033 1040 0
1030 3366 3414 0
1032 1039 3388 0
1032 3388 3397 0
1033 1028 3422 0
1033 1039 1040 0
1034 1029 1040 0
1034 1035 3267 0
1034 1040 1041 0
1035 1034 1041 0
1035 1041 1042 0
1035 1042 3165 0
1035 3165 3267 0
1036 7 4597 0
1036 1025 1024 0
1036 1028 1037 0
1038 1039 3385 0
1039 1032 3385 0
1039 1033 3388 0
1039 1038 1041 0
1040 1039 1041 0
1041 1038 1042 0
1042 1010 3165 0
1042 1038 1045 0
1043 1051 4863 0
1043 3418 3419 0
1044 1045 3385 0
1044 3385 3390 0
1044 3390 3396 0
1044 3396 4863 0
1045 1038 3385 0
1045 1044 1048 0
1045 1048 1049 0
1046 1047 1050 0
1046 1050 1057 0
1046 1057 1058 0
1046 1058 3134 0
1046 3134 3156 0
1046 3156 3168 0
1047 1046 3168 0
1047 1048 1050 0
1048 1044 4863 0
1048 1047 1049 0
1049 1047 3167 0
1050 1048 1051 0
1050 1051 1054 0
1050 1054 1057 0
1051 1043 1066 0
1051 1048 4863 0
1052 1059 1060 0
1052 1060 3383 0
1053 1054 1066 0
1054 1051 1066 0
1054 1053 1056 0
1054 1056 1057 0
1055 1056 1059 0
1055 1058 3384 0
1055 1059 1069 0
1055 1069 3147 0
1056 1053 1060 0
1056 1055 3384 0
1057 1056 3384 0
1058 1055 3145 0
1058 1057 3384 0
1058 3145 3148 0
1059 1052 1073 0
1059 1056 1060 0
1060 1053 1064 0
1060 1063 3383 0
1061 1078 3417 0
1061 3368 3370 0
1061 3370 3371 0
1062 1064 1065 0
1062 1065 3416 0
1062 3416 3417 0
1063 1060 1064 0
1063 1064 1079 0
1063 1079 1080 0
1063 1080 3383 0
1064 1053 1065 0
1064 1062 1079 0
1065 1053 1066 0
1065 1066 3419 0
1065 3415 3416 0
1066 1043 3419 0
1067 1072 3109 0
1067 3104 3141 0
1067 3109 3276 0
1067 3136 3138 0
1068 1069 1073 0
1068 1073 4668 0
1069 1059 1073 0
1069 1068 1071 0
1069 1071 3147 0
1070 1071 1072 0
1070 1072 3138 0
1070 3137 3143 0
1070 3143 3146 0
1071 1068 1072 0
1071 1070 3146 0
1071 3146 3147 0
1072 1067 3138 0
1072 1068 3109 0
1073 1052 1075 0
1073 1075 4668 0
1074 1075 1076 0
1074 1076 3382 0
1074 3277 4668 0
1075 1052 3383 0
1075 1074 4668 0
1076 1075 3383 0
1076 1080 1082 0
1076 1082 3382 0
1077 1078 3371 0
1077 3371 3372 0
1078 1061 3371 0
1078 1077 1080 0
1078 1079 3417 0
1079 1062 3417 0
1079 1078 1080 0
1080 1076 3383 0
1080 1077 1084 0
1081 1082 1084 0
1081 1084 1090 0
1081 1090 1091 0
1081 1091 1100 0
1082 1080 1084 0
1082 1081 1083 0
1082 1083 3382 0
1083 1081 1100 0
1083 1099 1103 0
1083 1103 3277 0
1083 3277 3382 0
1084 1077 1087 0
1084 1087 1090 0
1085 1121 1124 0
1085 1124 1126 0
1085 1126 1131 0
1085 1131 1133 0
1085 1133 3342 0
1085 3342 4805 0
1086 1087 3373 0
1086 3350 3353 0
1087 1077 3372 0
1087 1086 1089 0
1087 1089 1090 0
1087 3372 3373 0
1088 1089 1122 0
1089 1086 1123 0
1089 1088 1090 0
1090 1088 1091 0
1091 1088 1095 0
1091 1095 1098 0
1091 1098 1100 0
1092 4601 4619 0
1092 4610 4611 0
1092 4619 4620 0
1093 4624 4806 0
1094 1095 1117 0
1094 1107 1108 0
1094 1117 4655 0
1095 1088 1116 0
1095 1094 1097 0
1095 1097 1098 0
1095 1116 1117 0
1096 1097 1108 0
1097 1094 1108 0
1097 1096 1098 0
1098 1096 1099 0
1098 1099 1100 0
1099 1083 1100 0
1099 1096 1102 0
1099 1102 1103 0
1101 1102 1112 0
1101 1112 3107 0
1101 3107 3108 0
1101 3108 3277 0
1102 1096 1106 0
1102 1101 1103 0
1102 1106 1112 0
1103 1101 3277 0
1104 1114 4630 0
1104 3096 3097 0
1104 3097 3103 0
1104 3103 3105 0
1104 4630 4637 0
1105 1106 1109 0
1105 1109 4640 0
1106 1096 1108 0
1106 1105 1113 0
1106 1108 1109 0
1107 1094 4655 0
1107 4655 4806 0
1108 1107 1109 0
1109 1107 4640 0
1110 4617 4632 0
1110 4631 4640 0
1110 4640 4806 0
1111 1112 1113 0
1111 1113 1114 0
1111 1114 3105 0
1111 3105 3106 0
1111 3106 3107 0
1112 1106 1113 0
1112 1111 3107 0
1113 1105 1114 0
1114 1104 3105 0
1114 1105 4630 0
1115 1116 1122 0
1115 1122 4805 0
1116 1088 1122 0
1116 1115 1117 0
1117 1115 1120 0
1117 1120 4628 0
1117 4628 4655 0
1118 1137 3339 0
1118 1149 1156 0
1118 1156 1157 0
1119 1120 1135 0
1119 1135 1137 0
1119 1137 1157 0
1119 1157 4628 0
1120 1115 1135 0
1120 1119 4628 0
1121 1085 4805 0
1121 1122 1123 0
1121 1123 1124 0
1122 1089 1123 0
1122 1121 4805 0
1123 1086 3353 0
1124 1123 3353 0
1125 1303 3343 0
1125 3343 3347 0
1125 3347 3348 0
1125 3348 3378 0
1126 1124 3346 0
1126 3346 3347 0
1127 1346 1354 0
1127 1348 1351 0
1128 1294 1295 0
1128 1295 1309 0
1130 1131 3343 0
1130 1301 1305 0
1130 1305 1306 0
1131 1126 3343 0
1131 1130 1306 0
1132 1136 3341 0
1132 1160 1161 0
1132 1307 1308 0
1133 1131 1306 0
1133 1306 1307 0
1133 1307 3341 0
1133 3341 3342 0
1134 1135 4805 0
1135 1115 4805 0
1135 1134 1136 0
1135 1136 3340 0
1136 1132 1158 0
1136 1134 3341 0
1136 1140 3340 0
1137 1118 1157 0
1137 1135 3340 0
1137 1140 3339 0
1138 1143 1163 0
1138 1163 1234 0
1138 1227 1362 0
1139 1140 1158 0
1139 1158 1161 0
1139 1161 1163 0
1140 1136 1158 0
1140 1137 3340 0
1140 1139 1142 0
1140 1142 3339 0
1141 1142 1143 0
1141 1143 1146 0
1141 1146 1148 0
1141 1148 1149 0
1141 1149 3339 0
1142 1139 1143 0
1142 1141 3339 0
1143 1138 1362 0
1143 1139 1163 0
1143 1145 1146 0
1144 1145 1225 0
1144 1215 1216 0
1144 1216 1217 0
1145 1143 1362 0
1145 1144 1152 0
1146 1145 1152 0
1147 1148 1152 0
1147 1152 1166 0
1147 1166 4642 0
1148 1146 1152 0
1148 1147 1149 0
1149 1118 3339 0
1149 1147 1151 0
1149 1151 1156 0
1150 1151 4642 0
1150 4609 4626 0
1150 4625 4627 0
1151 1147 4642 0
1151 1150 1156 0
1152 1144 1154 0
1152 1154 1166 0
1153 1165 1169 0
1153 1169 4643 0
1153 4604 4606 0
1153 4606 4607 0
1154 1144 1217 0
1154 1165 1166 0
1155 1165 4607 0
1155 4607 4641 0
1155 4641 4642 0
1156 1150 4627 0
1157 1156 4627 0
1157 4627 4628 0
1158 1132 1161 0
1159 1164 4804 0
1160 1132 1308 0
1160 1308 4804 0
1161 1160 1164 0
1161 1162 1163 0
1162 1161 1164 0
1162 1164 1235 0
1162 1233 1234 0
1163 1162 1234 0
1164 1159 1235 0
1164 1160 4804 0
1165 1153 4607 0
1165 1154 1169 0
1165 1155 1166 0
1166 1155 4642 0
1167 1198 1199 0
1167 1199 3337 0
1167 3337 3338 0
1168 1169 1217 0
1168 1214 3338 0
1169 1154 1217 0
1169 1168 1170 0
1169 1170 4643 0
1170 1168 3338 0
1170 1177 4643 0
1171 1551 2293 0
1171 1569 1570 0
1172 1366 1370 0
1172 1370 4766 0
1173 1179 1194 0
1173 1193 1375 0
1173 1375 1379 0
1174 1177 3337 0
1174 1181 1182 0
1175 1176 1393 0
1175 1391 1392 0
1175 1392 4605 0
1176 1175 1178 0
1176 1177 1179 0
1176 1179 1377 0
1176 1377 1393 0
1177 1170 3337 0
1177 1174 1179 0
1177 1176 1178 0
1177 1178 4604 0
1177 4604 4643 0
1178 1175 4603 0
1178 4603 4604 0
1179 1173 1377 0
1179 1174 1182 0
1179 1182 1194 0
1180 1181 1197 0
1181 1174 1199 0
1181 1180 1183 0
1182 1181 1183 0
1182 1183 1193 0
1182 1193 1194 0
1183 1180 1186 0
1183 1186 1188 0
1183 1188 1193 0
1184 1363 4802 0
1185 1186 1191 0
1185 1190 1365 0
1186 1180 1191 0
1186 1185 1188 0
1187 1188 1189 0
1187 1189 1366 0
1187 1366 1376 0
1188 1185 1189 0
1188 1187 1193 0
1189 1185 1363 0
1189 1363 1373 0
1190 1185 1191 0
1190 1191 1192 0
1190 1192 1430 0
1190 1427 1428 0
1191 1180 1192 0
1192 1180 1196 0
1192 1196 1206 0
1192 1206 1207 0
1192 1207 1430 0
1193 1173 1194 0
1193 1187 1375 0
1195 1196 1197 0
1195 1197 1198 0
1195 1198 1203 0
1195 1203 1210 0
1195 1205 1206 0
1196 1180 1197 0
1196 1195 1206 0
1197 1181 1199 0
1198 1167 1212 0
1198 1197 1199 0
1198 1212 1213 0
1199 1174 3337 0
1200 1221 1252 0
1200 1249 1253 0
1200 1253 1254 0
1202 1203 1213 0
1202 1213 1220 0
1202 1220 1221 0
1202 1221 1222 0
1203 1198 1213 0
1203 1202 1208 0
1203 1208 1210 0
1204 1205 1210 0
1204 1208 1360 0
1204 1360 1435 0
1204 1435 1436 0
1205 1195 1210 0
1205 1204 1436 0
1206 1205 1207 0
1207 1205 1436 0
1207 1429 1430 0
1208 1202 1222 0
1208 1204 1210 0
1208 1209 1360 0
1209 1208 1222 0
1209 1222 1254 0
1209 1253 1258 0
1209 1258 1360 0
1211 1212 1214 0
1211 1214 1215 0
1211 1215 1219 0
1211 1219 1220 0
1212 1167 3338 0
1212 1211 1213 0
1213 1211 1220 0
1214 1168 1216 0
1214 1212 3338 0
1215 1144 1225 0
1215 1214 1216 0
1216 1168 1217 0
1218 1219 1224 0
1218 1224 1361 0
1219 1215 1224 0
1219 1218 1220 0
1220 1218 1221 0
1221 1200 1254 0
1221 1218 1252 0
1222 1221 1254 0
1223 1224 1225 0
1223 1225 1362 0
1223 1227 1361 0
1224 1215 1225 0
1224 1223 1361 0
1225 1145 1362 0
1226 1227 1229 0
1226 1229 1231 0
1226 1231 1250 0
1226 1250 1251 0
1226 1251 1361 0
1227 1138 1234 0
1227 1223 1362 0
1227 1226 1361 0
1228 1229 1233 0
1228 1233 1235 0
1228 1235 1238 0
1229 1227 1233 0
1229 1228 1231 0
1230 1231 1232 0
1230 1232 1286 0
1230 1245 1248 0
1230 1248 1250 0
1231 1228 1232 0
1231 1230 1250 0
1232 1228 1238 0
1232 1238 1268 0
1232 1268 1269 0
1232 1269 1286 0
1233 1162 1235 0
1233 1227 1234 0
1235 1159 1237 0
1235 1237 1238 0
1236 1237 1287 0
1237 1159 1240 0
1237 1236 1238 0
1237 1240 1287 0
1238 1236 1268 0
1239 1240 1241 0
1239 1241 1295 0
1239 1284 1287 0
1240 1159 1241 0
1240 1239 1287 0
1241 1159 4804 0
1242 4797 4798 0
1243 1265 1272 0
1243 1272 1277 0
1243 1277 1324 0
1243 1323 4777 0
1244 1245 1270 0
1244 1270 1271 0
1244 1271 1357 0
1245 1230 1286 0
1245 1244 1247 0
1245 1247 1248 0
1246 1247 4773 0
1247 1244 1264 0
1247 1246 1248 0
1247 1264 4773 0
1248 1246 1249 0
1248 1249 1250 0
1249 1200 1251 0
1249 1246 1262 0
1250 1249 1251 0
1251 1200 1252 0
1251 1252 1361 0
1252 1218 1361 0
1253 1209 1254 0
1253 1249 1262 0
1255 1454 4801 0
1255 4769 4770 0
1255 4770 4796 0
1256 1447 1448 0
1256 1448 1451 0
1257 1258 4783 0
1258 1253 1261 0
1258 1257 1259 0
1258 1259 1360 0
1258 1261 4783 0
1259 1257 1359 0
1259 1359 1434 0
1259 1434 1435 0
1260 1261 1262 0
1260 1262 4772 0
1260 4772 4774 0
1260 4774 4783 0
1261 1253 1262 0
1261 1260 4783 0
1262 1246 4772 0
1263 1264 1265 0
1263 1265 4777 0
1263 4772 4773 0
1263 4777 4778 0
1264 1244 1357 0
1264 1263 4773 0
1265 1243 4777 0
1265 1264 1357 0
1266 1271 1285 0
1267 1268 1283 0
1267 1280 1285 0
1268 1236 1282 0
1268 1267 1269 0
1268 1282 1283 0
1269 1267 1270 0
1269 1270 1286 0
1270 1245 1286 0
1270 1267 1285 0
1271 1266 1272 0
1271 1270 1285 0
1271 1272 1357 0
1272 1265 1357 0
1272 1266 1276 0
1272 1276 1277 0
1273 1319 1339 0
1274 1337 1338 0
1274 1338 1341 0
1275 1276 1279 0
1275 1279 1340 0
1276 1266 1279 0
1276 1275 1277 0
1277 1275 1319 0
1277 1319 1322 0
1277 1322 1324 0
1278 1279 1280 0
1278 1280 1347 0
1278 1347 1355 0
1279 1266 1280 0
1279 1278 1340 0
1280 1266 1285 0
1280 1267 1283 0
1280 1283 1349 0
1281 1282 1284 0
1281 1284 1290 0
1281 1290 1350 0
1282 1236 1287 0
1282 1281 1283 0
1283 1281 1349 0
1284 1239 1293 0
1284 1282 1287 0
1288 1352 1353 0
1288 1353 4803 0
1289 1290 1292 0
1289 1292 1316 0
1289 1316 4803 0
1290 1284 1292 0
1290 1289 1350 0
1291 1292 1293 0
1291 1293 1294 0
1291 1294 1318 0
1291 1315 1316 0
1292 1284 1293 0
1292 1291 1316 0
1293 1239 1294 0
1294 1128 1298 0
1294 1239 1295 0
1294 1298 1318 0
1295 1241 1309 0
1297 1298 1300 0
1297 1300 1312 0
1297 1312 1313 0
1297 1313 1315 0
1297 1315 1318 0
1298 1128 1305 0
1298 1297 1318 0
1299 1296 1312 0
1299 1300 1301 0
1299 1301 1304 0
1299 1304 1311 0
1299 1310 1296 0
1300 1298 1301 0
1300 1299 1312 0
1301 1130 1303 0
1301 1298 1305 0
1301 1303 1304 0
1302 1303 3378 0
1302 3378 3380 0
1303 1125 3378 0
1303 1130 3343 0
1303 1302 1304 0
1304 1302 1311 0
1305 1128 1306 0
1306 1128 1309 0
1307 1132 3341 0
1307 1306 1309 0
1308 1307 1309 0
1308 1309 4804 0
1309 1241 4804 0
1310 1299 1311 0
1311 1302 3380 0
1312 1314 1313 0
1313 1129 1315 0
1313 1314 1129 0
1314 1312 1296 0
1315 1129 1316 0
1315 1291 1318 0
1316 1317 4803 0
1317 1288 4803 0
1317 1316 1129 0
1319 1273 1321 0
1319 1275 1339 0
1319 1321 1322 0
1320 1321 1328 0
1320 1328 4798 0
1320 4798 4800 0
1321 1273 1327 0
1321 1320 1322 0
1321 1327 1328 0
1322 1320 4800 0
1323 1243 1324 0
1323 1324 4800 0
1323 4776 4777 0
1324 1322 4800 0
1325 1329 1330 0
1325 1330 1356 0
1326 1327 1332 0
1326 1332 1333 0
1326 1333 1356 0
1327 1273 1332 0
1327 1326 1330 0
1328 1242 4798 0
1328 1327 1330 0
1328 1329 1242 0
1329 1328 1330 0
1330 1326 1356 0
1331 1334 1336 0
1332 1273 1338 0
1332 1331 1336 0
1332 1337 1331 0
1333 1332 1336 0
1333 1334 4 0
1333 1335 1356 0
1334 1333 1336 0
1335 1325 1356 0
1335 1333 4 0
1337 1332 1338 0
1338 1273 1339 0
1338 1339 1341 0
1339 1275 1340 0
1339 1340 1341 0
1340 1278 1355 0
1341 1340 1343 0
1341 1344 1274 0
1342 1343 1345 0
1342 1345 1354 0
1343 1340 1355 0
1344 1341 1343 0
1344 1343 1342 0
1345 1343 1355 0
1345 1347 1354 0
1346 1342 1354 0
1347 1280 1349 0
1347 1345 1355 0
1347 1348 1354 0
1348 1127 1354 0
1348 1347 1349 0
1348 1349 1350 0
1348 1350 1351 0
1349 1281 1350 0
1350 1289 1353 0
1351 1350 1353 0
1351 1352 1127 0
1352 1351 1353 0
1353 1289 4803 0
1358 1359 4769 0
1358 4769 4801 0
1359 1257 4769 0
1359 1358 1437 0
1360 1259 1435 0
1363 1184 1373 0
1363 1185 1365 0
1363 1365 4802 0
1364 1365 1428 0
1364 1412 4802 0
1365 1190 1428 0
1365 1364 4802 0
1366 1172 1376 0
1366 1189 1372 0
1367 1371 1394 0
1367 1394 1397 0
1367 1397 1399 0
1367 1398 1568 0
1368 1477 1491 0
1369 1370 1372 0
1369 1372 1373 0
1369 1373 1404 0
1369 1374 1394 0
1370 1366 1372 0
1370 1369 1371 0
1370 1371 4766 0
1371 1367 1564 0
1371 1369 1394 0
1371 1564 1566 0
1371 1565 4766 0
1372 1189 1373 0
1373 1184 1404 0
1374 1369 1404 0
1375 1187 1376 0
1375 1376 1378 0
1375 1378 1379 0
1376 1172 1378 0
1377 1173 1379 0
1377 1379 1385 0
1377 1385 1390 0
1377 1390 1393 0
1378 1172 1384 0
1378 1384 1386 0
1379 1378 1385 0
1380 1387 1589 0
1380 1589 4657 0
1380 4656 4658 0
1381 1385 1386 0
1381 1386 1387 0
1381 1387 1388 0
1381 1388 1389 0
1381 1389 1390 0
1382 1579 1584 0
1382 1584 1585 0
1382 1585 1586 0
1382 1586 3336 0
1383 1384 4766 0
1384 1172 4766 0
1384 1383 1386 0
1385 1378 1386 0
1385 1381 1390 0
1386 1383 1586 0
1387 1380 1388 0
1387 1386 1586 0
1387 1585 1589 0
1388 1380 4658 0
1389 1388 4658 0
1390 1389 1391 0
1390 1391 1393 0
1391 1175 1393 0
1391 1389 4598 0
1392 1391 4598 0
1392 4598 4599 0
1392 4599 4601 0
1392 4601 4605 0
1394 1374 1397 0
1395 1464 1467 0
1395 1467 1470 0
1395 1470 1475 0
1395 1475 1549 0
1396 1397 4767 0
1397 1374 1402 0
1397 1396 1399 0
1397 1402 4767 0
1398 1367 1399 0
1398 1399 1400 0
1398 1400 1553 0
1398 1553 1570 0
1399 1396 1400 0
1400 1396 1464 0
1400 1464 1548 0
1400 1547 1553 0
1401 1402 1403 0
1401 1403 1410 0
1401 1407 1485 0
1401 1484 4767 0
1402 1374 1403 0
1402 1401 4767 0
1403 1374 1404 0
1403 1404 1409 0
1403 1409 1410 0
1404 1184 1409 0
1406 1407 1411 0
1406 1411 1418 0
1406 1418 1463 0
1406 1463 1487 0
1407 1401 1410 0
1407 1406 1487 0
1407 1410 1411 0
1408 1409 4802 0
1409 1184 4802 0
1409 1408 1410 0
1410 1408 1411 0
1411 1408 1412 0
1411 1412 1417 0
1411 1417 1418 0
1412 1364 1414 0
1412 1408 4802 0
1412 1414 1417 0
1413 1414 1427 0
1413 1427 1429 0
1413 1429 1431 0
1414 1364 1428 0
1414 1413 1416 0
1414 1416 1417 0
1415 1416 1423 0
1415 1423 1459 0
1416 1413 1422 0
1416 1415 1417 0
1416 1422 1423 0
1417 1415 1418 0
1418 1415 1459 0
1418 1420 1463 0
1419 1461 1462 0
1420 1418 1459 0
1420 1419 1462 0
1420 1445 1419 0
1420 1462 1463 0
1421 1422 1440 0
1421 1440 1441 0
1421 1441 1443 0
1421 1443 1444 0
1422 1413 1431 0
1422 1421 1423 0
1422 1426 1440 0
1423 1421 1444 0
1423 1444 1459 0
1424 1426 1439 0
1424 1439 1458 0
1425 1441 1446 0
1426 1422 1431 0
1426 1424 1440 0
1426 1429 1433 0
1426 1432 1439 0
1427 1190 1430 0
1427 1414 1428 0
1429 1207 1433 0
1429 1426 1431 0
1429 1427 1430 0
1432 1426 1433 0
1432 1433 1434 0
1432 1434 1437 0
1432 1437 1438 0
1432 1438 1439 0
1433 1207 1436 0
1434 1359 1437 0
1434 1433 1436 0
1435 1434 1436 0
1437 1358 1438 0
1438 1358 4801 0
1438 1453 1458 0
1439 1438 1458 0
1440 1424 1446 0
1441 1440 1446 0
1441 1442 1443 0
1442 10 1443 0
1442 1441 1425 0
1443 10 1444 0
1444 1420 1459 0
1445 1420 1444 0
1445 1444 10 0
1446 1424 1448 0
1446 1447 1425 0
1447 1446 1448 0
1448 1424 1458 0
1449 1452 4792 0
1450 1451 1453 0
1450 1452 1451 0
1450 1453 1454 0
1450 1454 4792 0
1451 1448 1453 0
1451 1452 1256 0
1452 1450 4792 0
1453 1438 1454 0
1453 1448 1458 0
1454 1255 1456 0
1454 1438 4801 0
1454 1456 4792 0
1455 1456 4796 0
1455 4788 4789 0
1455 4789 4790 0
1455 4790 4792 0
1456 1255 4796 0
1456 1455 4792 0
1457 4768 4774 0
1457 4771 4794 0
1457 4794 4795 0
1457 4795 4796 0
1460 1405 1488 0
1460 1461 1405 0
1461 1460 1462 0
1462 1460 1463 0
1463 1460 1486 0
1463 1486 1487 0
1464 1395 1548 0
1464 1396 1466 0
1464 1466 1467 0
1465 1466 1484 0
1466 1396 4767 0
1466 1465 1467 0
1467 1465 1469 0
1467 1469 1470 0
1468 1469 1482 0
1468 1482 1491 0
1469 1465 1481 0
1469 1468 1470 0
1469 1481 1482 0
1470 1468 1476 0
1471 1494 1557 0
1471 1539 1542 0
1472 1539 1557 0
1472 4868 4869 0
1473 1474 1476 0
1473 1476 1477 0
1473 1477 1493 0
1473 1493 1494 0
1473 1494 1497 0
1474 1473 1497 0
1474 1475 1476 0
1474 1497 1545 0
1474 1545 1549 0
1475 1470 1476 0
1475 1474 1549 0
1476 1468 1477 0
1477 1468 1491 0
1478 1540 1557 0
1479 1482 1490 0
1480 1481 1483 0
1480 1483 1486 0
1480 1486 1488 0
1480 1488 1490 0
1481 1465 1483 0
1481 1480 1482 0
1482 1480 1490 0
1482 1492 1491 0
1483 1465 1484 0
1483 1484 1485 0
1483 1485 1487 0
1484 1401 1485 0
1484 1466 4767 0
1485 1407 1487 0
1486 1460 1488 0
1486 1483 1487 0
1488 1489 1490 0
1489 1479 1490 0
1489 1488 1405 0
1491 1492 1368 0
1492 1482 1479 0
1493 1478 1557 0
1493 1546 1478 0
1494 1471 1496 0
1494 1493 1557 0
1494 1496 1497 0
1495 1496 1499 0
1495 1499 1500 0
1495 1500 1505 0
1495 1505 1545 0
1496 1471 1499 0
1496 1495 1497 0
1497 1495 1545 0
1498 1499 1538 0
1498 1512 1513 0
1499 1471 1542 0
1499 1498 1500 0
1500 1498 1510 0
1500 1507 1508 0
1501 2268 2270 0
1501 2270 2287 0
1501 2286 4747 0
1502 1560 1562 0
1502 1562 2241 0
1502 2241 2242 0
1502 2242 2243 0
1502 2243 2244 0
1503 1543 1559 0
1503 1559 2295 0
1503 2295 2296 0
1503 2296 2297 0
1504 1505 1508 0
1504 1508 1509 0
1504 1509 1543 0
1504 1543 1555 0
1505 1500 1508 0
1505 1504 1554 0
1506 1507 1510 0
1506 1510 1513 0
1506 1513 1516 0
1506 1516 1562 0
1507 1500 1510 0
1507 1506 1561 0
1508 1507 1509 0
1509 1507 1561 0
1510 1498 1513 0
1511 1517 1531 0
1512 1498 1537 0
1512 1530 1531 0
1513 1512 1515 0
1513 1515 1516 0
1514 1515 1517 0
1514 1517 2465 0
1515 1512 1531 0
1515 1514 1516 0
1516 1514 2240 0
1516 2240 2241 0
1517 1511 1520 0
1517 1515 1531 0
1517 1520 2465 0
1518 1520 2463 0
1518 2249 4752 0
1519 2676 2681 0
1519 2681 2683 0
1520 1511 1524 0
1520 1518 2465 0
1520 1524 2463 0
1521 4733 4735 0
1523 1524 1526 0
1523 1526 2265 0
1523 2250 2463 0
1524 1511 1526 0
1524 1523 2463 0
1525 1526 1541 0
1525 1541 4750 0
1526 1511 1529 0
1526 1525 2265 0
1526 1529 1541 0
1528 1529 1530 0
1528 1530 1533 0
1528 1533 1534 0
1528 1534 1535 0
1528 1535 1541 0
1529 1511 1531 0
1529 1528 1541 0
1530 1512 1537 0
1530 1529 1531 0
1532 1533 1537 0
1532 1537 1538 0
1532 1538 1539 0
1532 1539 4869 0
1533 1530 1537 0
1533 1532 1534 0
1534 1527 1535 0
1534 1532 4869 0
1534 4868 1527 0
1535 9 4750 0
1535 1536 9 0
1536 1535 1527 0
1537 1498 1538 0
1538 1499 1542 0
1539 1471 1557 0
1539 1472 4869 0
1539 1538 1542 0
1540 1472 1557 0
1541 1535 4750 0
1543 1503 1555 0
1543 1509 1559 0
1544 1550 1554 0
1544 1554 1555 0
1544 1555 2297 0
1545 1505 1554 0
1546 1477 1368 0
1546 1493 1477 0
1547 1400 1548 0
1547 1548 1549 0
1547 1549 1550 0
1547 1550 1552 0
1547 1552 1553 0
1548 1395 1549 0
1549 1545 1550 0
1550 1544 1552 0
1550 1545 1554 0
1551 1171 1570 0
1551 1552 1556 0
1551 1556 2293 0
1552 1544 1556 0
1552 1551 1553 0
1553 1551 1570 0
1554 1504 1555 0
1555 1503 2297 0
1556 1544 2297 0
1556 2292 2293 0
1556 2296 2298 0
1558 1559 1560 0
1558 1560 2244 0
1558 2244 2301 0
1558 2294 2295 0
1559 1509 1560 0
1559 1558 2295 0
1560 1502 2244 0
1560 1509 1561 0
1560 1561 1562 0
1561 1506 1562 0
1562 1516 2241 0
1563 1564 1568 0
1563 1568 1569 0
1563 1569 1572 0
1564 1367 1568 0
1564 1563 1566 0
1565 1371 1566 0
1565 1566 1567 0
1565 1567 3335 0
1565 3335 3336 0
1565 3336 4766 0
1566 1563 1572 0
1567 1566 1572 0
1567 1572 1578 0
1567 1578 1579 0
1567 1579 3335 0
1568 1398 1570 0
1569 1171 1571 0
1569 1568 1570 0
1569 1571 1572 0
1571 1171 1576 0
1571 1576 1580 0
1572 1571 1578 0
1573 1581 2153 0
1573 1583 3334 0
1574 2152 4765 0
1575 1576 2292 0
1575 2291 4765 0
1576 1171 2293 0
1576 1575 1580 0
1577 1578 1580 0
1577 1580 1581 0
1577 1581 3334 0
1578 1571 1580 0
1578 1577 1579 0
1579 1382 3335 0
1579 1577 1583 0
1579 1583 1584 0
1580 1575 4765 0
1581 1573 3334 0
1581 1580 4765 0
1581 2152 2153 0
1582 1583 1590 0
1582 1590 1600 0
1582 1600 4763 0
1582 4763 4764 0
1583 1573 1590 0
1583 1577 3334 0
1583 1582 1584 0
1584 1582 1587 0
1585 1387 1586 0
1585 1584 1587 0
1585 1587 4764 0
1586 1383 3336 0
1587 1582 4764 0
1588 1589 4764 0
1588 1626 4657 0
1589 1585 4764 0
1589 1588 4657 0
1590 1573 1594 0
1590 1594 1596 0
1590 1596 1600 0
1591 1595 1597 0
1591 1597 1605 0
1591 1605 1616 0
1591 1616 1628 0
1592 1593 2147 0
1592 2137 2138 0
1592 2138 3333 0
1593 1592 1599 0
1593 1594 2148 0
1594 1573 2146 0
1594 1593 1596 0
1594 2146 2148 0
1595 1591 1627 0
1595 1596 1597 0
1595 1627 4763 0
1596 1593 1599 0
1596 1595 1600 0
1597 1596 1599 0
1597 1598 1605 0
1598 1597 1599 0
1598 1599 3333 0
1599 1592 3333 0
1600 1595 4763 0
1601 1658 1659 0
1601 1659 1661 0
1601 1661 3315 0
1602 1603 2132 0
1602 1661 1662 0
1602 2132 2133 0
1603 1602 1606 0
1603 1606 3332 0
1603 3332 3333 0
1604 1605 3332 0
1604 1606 3331 0
1605 1598 3332 0
1605 1604 3329 0
1606 1602 1608 0
1606 1604 3332 0
1606 1608 3331 0
1607 1608 1660 0
1607 1637 3330 0
1608 1602 1662 0
1608 1607 3330 0
1608 1609 3331 0
1608 1659 1660 0
1609 1608 3330 0
1609 1615 3329 0
1609 3329 3331 0
1610 1635 4654 0
1611 1612 1638 0
1611 1638 1644 0
1611 1644 3318 0
1612 1611 1614 0
1612 1614 1615 0
1612 1615 3330 0
1612 1637 1638 0
1613 1614 1623 0
1613 1623 1629 0
1614 1611 3318 0
1614 1613 1615 0
1614 1618 1623 0
1615 1609 3330 0
1615 1613 1616 0
1615 1616 3329 0
1616 1605 3329 0
1616 1613 1628 0
1617 1621 1622 0
1617 1622 1630 0
1617 1630 3323 0
1617 3323 3326 0
1618 1614 3318 0
1618 1622 1623 0
1619 1621 1625 0
1619 1625 1629 0
1620 1621 3328 0
1620 3328 4656 0
1620 4656 4657 0
1621 1617 3326 0
1621 1619 1622 0
1621 1620 1625 0
1621 3325 3328 0
1622 1618 1630 0
1622 1619 1623 0
1623 1619 1629 0
1624 1625 1626 0
1624 1626 1627 0
1624 1627 1628 0
1624 1628 1629 0
1625 1620 4657 0
1625 1624 1629 0
1626 1588 4763 0
1626 1625 4657 0
1627 1591 1628 0
1627 1626 4763 0
1628 1613 1629 0
1630 1618 3318 0
1630 3318 3319 0
1630 3319 3322 0
1630 3322 3323 0
1631 1635 3319 0
1632 1651 3317 0
1632 1694 1696 0
1632 1695 3290 0
1633 1639 1653 0
1633 1652 3316 0
1634 1635 1640 0
1634 1640 1641 0
1634 1641 1643 0
1634 1643 1648 0
1634 1645 1650 0
1634 1650 4654 0
1635 1610 3319 0
1635 1631 1640 0
1635 1634 4654 0
1636 1637 1656 0
1636 1656 1657 0
1636 1657 1669 0
1637 1607 1656 0
1637 1612 3330 0
1637 1636 1638 0
1638 1636 1639 0
1638 1639 1640 0
1638 1640 1644 0
1639 1633 1641 0
1639 1636 1669 0
1640 1631 1644 0
1640 1639 1641 0
1641 1633 1643 0
1642 1643 1651 0
1642 1647 1648 0
1642 1651 3079 0
1642 3078 3088 0
1643 1633 3316 0
1643 1642 1648 0
1644 1631 3318 0
1645 1634 1648 0
1645 1647 4651 0
1646 1647 3088 0
1646 3087 4669 0
1647 1642 3088 0
1647 1645 1648 0
1647 1646 4651 0
1649 1650 4651 0
1649 4648 4653 0
1649 4653 4654 0
1650 1645 4651 0
1650 1649 4654 0
1651 1632 3290 0
1651 1643 3316 0
1651 3316 3317 0
1652 1633 1653 0
1652 1653 1671 0
1652 1670 1673 0
1652 1673 3317 0
1653 1639 1669 0
1653 1669 1671 0
1654 1672 1702 0
1655 1656 1658 0
1655 1658 1663 0
1655 1663 1672 0
1656 1607 1660 0
1656 1655 1657 0
1657 1655 1671 0
1658 1601 1664 0
1658 1656 1660 0
1659 1608 1662 0
1659 1658 1660 0
1661 1602 2133 0
1661 1659 1662 0
1661 2133 2134 0
1661 2134 3315 0
1663 1658 1664 0
1663 1664 1700 0
1663 1699 1702 0
1664 1601 1667 0
1664 1667 1700 0
1665 1699 1700 0
1665 1700 1715 0
1666 1667 1668 0
1666 1668 1721 0
1666 1714 1715 0
1667 1601 3315 0
1667 1666 1700 0
1668 1667 3315 0
1668 2134 4754 0
1669 1657 1671 0
1670 1652 1671 0
1670 1671 1672 0
1670 1672 1674 0
1671 1655 1672 0
1672 1654 1674 0
1672 1663 1702 0
1673 1670 1674 0
1673 1674 1678 0
1673 1678 1694 0
1673 1694 1701 0
1673 1701 3317 0
1674 1654 1677 0
1674 1677 1678 0
1675 1678 1679 0
1675 1679 1683 0
1675 1683 1685 0
1675 1685 1696 0
1676 1677 1698 0
1676 1697 1705 0
1677 1654 1698 0
1677 1676 1678 0
1678 1675 1694 0
1678 1676 1679 0
1679 1676 1690 0
1680 1693 3314 0
1680 1728 1730 0
1680 1730 2955 0
1680 2955 2959 0
1681 1689 1690 0
1681 1690 1691 0
1681 1691 1727 0
1681 1727 3314 0
1682 1683 1689 0
1682 1689 1692 0
1683 1679 1689 0
1683 1682 1685 0
1684 1685 1687 0
1684 1687 3282 0
1684 3282 3286 0
1684 3286 3291 0
1685 1682 1687 0
1685 1684 1696 0
1686 1687 1688 0
1686 1688 3056 0
1686 3056 3279 0
1686 3279 3281 0
1686 3281 3282 0
1687 1682 1688 0
1687 1686 3282 0
1688 1682 1692 0
1688 1692 1693 0
1688 1693 3055 0
1688 3055 3056 0
1689 1679 1690 0
1689 1681 1692 0
1690 1676 1705 0
1691 15 1726 0
1691 1690 1705 0
1691 1726 1727 0
1692 1681 3314 0
1693 1680 2959 0
1693 1692 3314 0
1693 2959 2961 0
1693 2961 3055 0
1694 1632 1701 0
1694 1675 1696 0
1695 1632 1696 0
1695 1696 3291 0
1695 3289 3290 0
1696 1684 3291 0
1697 1676 1698 0
1697 1698 1699 0
1697 1699 1703 0
1697 1703 1704 0
1697 1704 1705 0
1698 1654 1702 0
1699 1663 1700 0
1699 1665 1703 0
1699 1698 1702 0
1700 1666 1715 0
1701 1632 3317 0
1703 1665 1707 0
1703 1707 1708 0
1704 15 1705 0
1704 1703 1708 0
1706 1707 1713 0
1706 1713 2497 0
1706 2030 2031 0
1706 2497 4738 0
1707 1665 1713 0
1707 1706 1708 0
1708 1706 2031 0
1709 1725 2026 0
1709 2018 2019 0
1709 2019 2020 0
1709 2020 2021 0
1710 1711 2031 0
1710 2016 2018 0
1710 2018 2026 0
1711 1708 2031 0
1711 1710 1723 0
1711 1723 1724 0
1711 1724 1726 0
1712 1713 1714 0
1712 1714 1718 0
1712 1718 1719 0
1712 1719 2496 0
1712 2496 2497 0
1713 1665 1715 0
1713 1712 2497 0
1714 1666 1721 0
1714 1713 1715 0
1716 2102 2104 0
1716 2104 2487 0
1717 1718 1720 0
1717 1720 2488 0
1717 2104 2490 0
1718 1714 1720 0
1718 1717 2490 0
1719 1718 2490 0
1719 2490 2493 0
1719 2493 2494 0
1719 2494 2496 0
1720 1714 1721 0
1720 1721 4754 0
1721 1668 4754 0
1722 1723 1725 0
1722 1725 1732 0
1722 1732 1733 0
1723 1710 1725 0
1723 1722 1729 0
1724 1723 1729 0
1725 1709 1732 0
1725 1710 2026 0
1726 1724 1727 0
1727 1724 1728 0
1727 1728 3314 0
1728 1680 3314 0
1728 1724 1729 0
1728 1729 1730 0
1729 1722 1730 0
1730 1722 1733 0
1730 1733 2957 0
1730 2957 2958 0
1731 1732 2021 0
1731 2021 2025 0
1731 2025 4672 0
1732 1709 2021 0
1732 1731 1733 0
1733 1731 2957 0
1734 1738 1739 0
1734 1739 2027 0
1734 2022 2023 0
1735 1736 2953 0
1735 1737 1854 0
1735 2953 4678 0
1736 101 2953 0
1736 1735 1854 0
1737 1735 1738 0
1737 1738 1851 0
1737 1851 1852 0
1737 1852 1853 0
1737 1853 1854 0
1738 1734 1851 0
1738 1735 1739 0
1739 1735 4678 0
1739 4674 4680 0
1740 1741 1855 0
1740 1745 1750 0
1741 100 1853 0
1741 105 2952 0
1741 1740 1743 0
1741 1853 1855 0
1742 134 1748 0
1742 1741 1743 0
1742 1743 1750 0
1743 1740 1750 0
1744 1746 1749 0
1744 1749 1767 0
1745 1740 1844 0
1745 1749 1750 0
1745 1766 1767 0
1746 1742 1750 0
1746 1744 1754 0
1747 1746 1754 0
1749 1745 1767 0
1749 1746 1750 0
1751 1752 1754 0
1751 1754 2951 0
1751 1757 1838 0
1752 1747 1754 0
1752 1751 1753 0
1753 109 1795 0
1753 1751 1768 0
1754 1744 1756 0
1754 1756 2951 0
1755 1756 1760 0
1755 1760 1763 0
1755 1763 1840 0
1756 1744 1759 0
1756 1755 1757 0
1756 1757 2951 0
1756 1759 1760 0
1757 1751 2951 0
1757 1755 1836 0
1757 1836 1837 0
1757 1837 1838 0
1758 1759 1766 0
1758 1766 1843 0
1759 1744 1767 0
1759 1758 1760 0
1760 1758 1764 0
1761 1857 1858 0
1761 1858 2033 0
1761 2033 2034 0
1762 1764 1765 0
1762 1765 1978 0
1762 1858 1860 0
1763 1760 1764 0
1763 1764 1860 0
1763 1860 1861 0
1764 1758 1765 0
1764 1762 1860 0
1765 1758 1843 0
1765 1843 1996 0
1765 1977 1978 0
1766 1745 1844 0
1766 1759 1767 0
1766 1844 1845 0
1768 1751 1838 0
1769 1825 1826 0
1769 1826 1839 0
1769 1839 4762 0
1770 1768 1838 0
1770 1837 1839 0
1771 1801 1834 0
1771 1819 1820 0
1772 1773 1796 0
1772 1782 1784 0
1772 1796 1800 0
1772 1800 1802 0
1772 1802 1803 0
1773 138 1794 0
1773 1772 1784 0
1773 1794 1796 0
1774 1775 1791 0
1775 141 1790 0
1775 1774 1776 0
1775 1790 1791 0
1776 1774 1778 0
1776 1778 1780 0
1776 1780 1783 0
1777 1778 1782 0
1777 1782 1803 0
1777 1803 1841 0
1778 1774 1782 0
1778 1777 1780 0
1779 1780 1781 0
1779 1781 3755 0
1780 1777 1841 0
1780 1779 1783 0
1781 1780 1841 0
1781 1812 3744 0
1781 3744 3745 0
1781 3745 3755 0
1782 1772 1803 0
1782 1774 1784 0
1783 165 1785 0
1783 1779 3754 0
1784 1774 1787 0
1786 142 1788 0
1786 1787 1791 0
1787 1774 1791 0
1787 1786 1788 0
1788 121 1789 0
1790 141 3520 0
1790 1786 1791 0
1792 1793 1795 0
1792 1795 1842 0
1793 133 1795 0
1793 1792 1796 0
1794 1793 1796 0
1795 109 1842 0
1796 1792 1800 0
1797 1798 1826 0
1797 1824 1834 0
1798 1770 1826 0
1798 1797 1799 0
1798 1799 1842 0
1799 1797 1834 0
1799 1800 1842 0
1800 1792 1842 0
1800 1799 1801 0
1800 1801 1802 0
1801 1771 1806 0
1801 1799 1834 0
1802 1801 1806 0
1802 1806 1807 0
1803 1802 1807 0
1803 1804 1841 0
1804 1803 1807 0
1804 1807 1811 0
1804 1811 1812 0
1804 1812 1841 0
1805 1806 1820 0
1806 1771 1820 0
1806 1805 1807 0
1807 1805 1811 0
1808 4028 4029 0
1808 4029 4331 0
1809 1813 1816 0
1809 1816 1817 0
1809 1817 4332 0
1810 1812 1813 0
1810 1813 3740 0
1810 3740 3743 0
1810 3743 3744 0
1811 1805 1818 0
1811 1815 1816 0
1812 1781 1841 0
1812 1810 3744 0
1812 1811 1813 0
1813 1809 3740 0
1813 1811 1816 0
1814 1815 1818 0
1814 1818 1819 0
1814 1819 1821 0
1814 1821 4335 0
1815 1811 1818 0
1815 1814 1817 0
1816 1815 1817 0
1817 1814 4335 0
1818 1805 1820 0
1819 1771 1834 0
1819 1818 1820 0
1821 108 4336 0
1821 1819 1823 0
1821 1823 4554 0
1822 1823 1824 0
1822 1824 1825 0
1822 1825 1829 0
1822 1829 4553 0
1822 4553 4554 0
1823 1819 1824 0
1823 1822 4554 0
1824 1797 1825 0
1824 1819 1834 0
1825 1769 1832 0
1825 1797 1826 0
1826 1770 1839 0
1827 1871 4563 0
1828 1829 1832 0
1828 1832 2949 0
1828 2949 2950 0
1829 1825 1832 0
1829 1828 1831 0
1829 1831 4553 0
1830 1831 4560 0
1831 1828 2950 0
1831 1830 4555 0
1831 2950 4560 0
1832 1769 4762 0
1832 1833 2949 0
1833 1832 4762 0
1833 1866 2949 0
1835 1836 1840 0
1835 1840 1861 0
1835 1861 1865 0
1835 1865 1866 0
1835 1866 4761 0
1836 1755 1840 0
1836 1835 4761 0
1837 1770 1838 0
1837 1836 4761 0
1837 4761 4762 0
1839 1837 4762 0
1840 1763 1861 0
1843 107 1996 0
1843 1766 1845 0
1844 1740 1849 0
1845 1844 1847 0
1845 1847 4758 0
1846 1847 1848 0
1846 1848 1856 0
1846 1856 1998 0
1846 1998 4757 0
1846 4757 4758 0
1847 1844 1849 0
1847 1846 4758 0
1848 1847 1849 0
1848 1849 1855 0
1848 1852 1856 0
1849 1740 1855 0
1850 1851 2023 0
1851 1734 2023 0
1851 1850 1852 0
1852 1848 1855 0
1852 1850 1856 0
1853 100 1854 0
1853 1852 1855 0
1856 1850 1998 0
1857 1761 1896 0
1857 1895 4759 0
1858 1762 1859 0
1858 1857 1860 0
1858 1859 2033 0
1859 1762 1978 0
1859 1968 2033 0
1860 1857 1861 0
1861 1857 4759 0
1862 1874 2948 0
1863 1867 4759 0
1863 1893 2948 0
1864 1865 1867 0
1864 1867 1873 0
1865 1861 1867 0
1865 1864 1866 0
1866 1833 4761 0
1866 1864 1868 0
1866 1868 2949 0
1867 1861 4759 0
1867 1863 1873 0
1868 1864 1870 0
1868 1870 1871 0
1868 1871 2950 0
1869 1870 1873 0
1869 1873 1874 0
1869 1874 1877 0
1870 1864 1873 0
1870 1869 1871 0
1871 1827 2950 0
1871 1869 1872 0
1871 1872 4563 0
1872 1869 1877 0
1872 1877 4564 0
1872 4562 4563 0
1873 1863 2948 0
1874 1862 1876 0
1874 1873 2948 0
1874 1876 1877 0
1875 1876 1882 0
1875 1882 1883 0
1875 1883 4760 0
1876 1862 1882 0
1876 1875 1877 0
1877 1875 1879 0
1877 1879 4564 0
1878 1879 1906 0
1878 1903 1905 0
1878 1905 2947 0
1878 2947 4564 0
1879 1875 1906 0
1879 1878 4564 0
1880 1887 1899 0
1880 1899 1902 0
1880 1902 1903 0
1880 1903 1906 0
1880 1906 4760 0
1881 1882 1973 0
1882 1862 1892 0
1882 1881 1883 0
1882 1892 1973 0
1883 1881 1886 0
1883 1886 1887 0
1883 1887 4760 0
1884 1935 1936 0
1884 1936 1937 0
1884 1937 1940 0
1884 1939 2436 0
1885 1886 1889 0
1885 1888 1940 0
1885 1937 1938 0
1886 1881 1889 0
1886 1885 1887 0
1887 1880 4760 0
1887 1885 1938 0
1888 1885 1889 0
1888 1889 1890 0
1888 1890 1953 0
1888 1953 1954 0
1889 1881 1890 0
1890 1881 1973 0
1890 1972 2505 0
1891 1892 1893 0
1891 1893 1897 0
1891 1897 1970 0
1891 1970 1972 0
1891 1972 1973 0
1892 1862 1893 0
1892 1891 1973 0
1893 1862 2948 0
1893 1863 1895 0
1893 1895 1897 0
1894 1895 1896 0
1894 1896 2034 0
1894 1969 1970 0
1895 1857 1896 0
1895 1863 4759 0
1895 1894 1897 0
1896 1761 2034 0
1897 1894 1970 0
1898 1899 2506 0
1898 1927 1928 0
1898 2506 2507 0
1899 1887 1938 0
1899 1898 1901 0
1899 1901 1902 0
1899 1938 2506 0
1900 1904 2931 0
1901 1898 1917 0
1901 1917 2931 0
1902 1901 1904 0
1903 1878 1906 0
1903 1902 1904 0
1903 1904 1905 0
1904 1900 1905 0
1904 1901 2931 0
1905 1900 1910 0
1905 1910 4557 0
1906 1875 4760 0
1907 4310 4362 0
1907 4359 4371 0
1907 4371 4511 0
1907 4511 4516 0
1908 2932 2942 0
1908 2942 4370 0
1908 4366 4367 0
1909 1910 4682 0
1910 1900 1915 0
1910 1909 1912 0
1910 1912 4557 0
1910 1915 4682 0
1911 1912 1913 0
1911 1913 2945 0
1911 2945 4550 0
1911 4550 4556 0
1911 4556 4557 0
1912 1909 1913 0
1912 1911 4557 0
1913 1909 2932 0
1913 2932 4367 0
1913 4367 4368 0
1914 1915 1916 0
1914 1916 2930 0
1914 2927 2934 0
1914 2934 4682 0
1915 1900 2931 0
1915 1914 4682 0
1916 1915 2931 0
1916 1917 1924 0
1916 1924 2930 0
1917 1898 1928 0
1917 1916 2931 0
1918 2875 2876 0
1918 2876 4716 0
1919 4479 4483 0
1919 4483 4518 0
1920 2839 4466 0
1920 2917 2918 0
1920 4466 4467 0
1921 2509 2516 0
1921 2516 2520 0
1921 2520 2928 0
1922 1926 1927 0
1922 1927 1930 0
1922 1930 2929 0
1923 1924 1926 0
1923 1926 2898 0
1923 2898 2905 0
1923 2905 2922 0
1924 1917 1928 0
1924 1923 2922 0
1924 1925 2930 0
1925 1924 2922 0
1925 2913 2925 0
1925 2925 2927 0
1925 2927 2930 0
1926 1922 2898 0
1926 1924 1928 0
1927 1898 2507 0
1927 1926 1928 0
1927 2507 2508 0
1929 1930 1935 0
1929 1935 2432 0
1929 2432 2441 0
1930 1927 2508 0
1930 1929 1932 0
1930 1932 2929 0
1931 1932 2895 0
1931 2895 2896 0
1931 2896 2929 0
1932 1929 2441 0
1932 1931 2929 0
1932 1934 2895 0
1933 2438 2439 0
1933 2439 2515 0
1934 1932 2441 0
1934 2438 2510 0
1934 2510 2895 0
1935 1884 2431 0
1935 1930 2508 0
1935 2431 2432 0
1936 1935 2507 0
1937 1885 1940 0
1937 1936 1938 0
1938 1936 2506 0
1939 1884 1940 0
1939 1940 1954 0
1939 1952 2436 0
1940 1888 1954 0
1941 2422 2423 0
1941 2423 2424 0
1941 2424 2428 0
1941 2428 2429 0
1941 2429 2437 0
1942 1960 2502 0
1942 2042 2044 0
1942 2044 2046 0
1943 1944 1957 0
1943 1957 1959 0
1943 1959 1960 0
1943 1960 2503 0
1944 1943 1946 0
1944 1946 1953 0
1944 1953 2505 0
1945 1946 1949 0
1945 1949 1952 0
1945 1952 1954 0
1946 1943 2503 0
1946 1945 1953 0
1946 1948 1949 0
1947 1949 2501 0
1947 2047 2421 0
1947 2421 2422 0
1948 1946 2503 0
1948 2500 2501 0
1948 2503 2504 0
1949 1947 1951 0
1949 1948 2501 0
1949 1951 1952 0
1950 1951 2422 0
1950 2422 2435 0
1950 2434 2436 0
1951 1947 2422 0
1951 1950 1952 0
1952 1939 1954 0
1952 1950 2436 0
1953 1890 2505 0
1953 1945 1954 0
1955 1956 1971 0
1956 1955 1961 0
1956 1957 2505 0
1957 1944 2505 0
1957 1956 1961 0
1958 1959 1961 0
1958 1961 1963 0
1958 1963 2128 0
1958 2128 2130 0
1959 1957 1961 0
1959 1958 1960 0
1960 1942 2046 0
1960 1958 2130 0
1960 2036 2502 0
1960 2046 2504 0
1961 1955 1963 0
1962 1963 1966 0
1962 1966 1991 0
1962 1991 2127 0
1962 2127 2128 0
1963 1955 1965 0
1963 1962 2128 0
1963 1965 1966 0
1964 1965 2035 0
1965 1955 1969 0
1965 1964 1966 0
1965 1969 2035 0
1966 1964 1967 0
1966 1967 1991 0
1967 106 1991 0
1967 1964 1968 0
1967 1968 1975 0
1968 1859 1976 0
1968 1964 2034 0
1969 1894 2034 0
1969 1955 1971 0
1969 2034 2035 0
1970 1969 1971 0
1970 1971 1972 0
1971 1956 1972 0
1972 1890 1973 0
1972 1956 2505 0
1974 1975 1976 0
1974 1976 1977 0
1974 1977 1981 0
1974 1981 1984 0
1974 1984 1986 0
1975 1968 1976 0
1975 1974 1986 0
1976 1859 1978 0
1977 1765 1996 0
1977 1976 1978 0
1977 1994 1995 0
1979 1980 1995 0
1979 1993 2032 0
1980 1979 1992 0
1980 1981 1995 0
1981 1977 1995 0
1981 1980 1984 0
1982 1983 2008 0
1982 2008 2097 0
1982 2097 2120 0
1982 2112 2113 0
1983 1982 1985 0
1983 1984 1992 0
1983 1992 2007 0
1983 2007 2008 0
1984 1980 1992 0
1984 1983 1985 0
1984 1985 1986 0
1985 1982 1988 0
1986 1985 1988 0
1986 1988 1989 0
1987 1988 2113 0
1987 2113 2114 0
1987 2114 2116 0
1988 1982 2113 0
1988 1987 1989 0
1989 1987 1990 0
1990 1987 2116 0
1990 2116 2119 0
1990 2119 2127 0
1991 1990 2127 0
1992 1979 2007 0
1993 107 4758 0
1993 1979 1995 0
1994 1977 1996 0
1994 1993 1995 0
1997 1998 2001 0
1997 2001 2003 0
1997 2002 2011 0
1997 2011 2032 0
1997 2032 4757 0
1998 1850 2000 0
1998 1997 4757 0
1998 2000 2001 0
1999 2001 2029 0
2000 1850 2023 0
2000 2023 2028 0
2000 2028 2029 0
2001 1999 2003 0
2001 2000 2029 0
2002 1997 2003 0
2002 2003 2004 0
2002 2004 2010 0
2002 2010 2011 0
2003 1999 2004 0
2004 1999 2019 0
2004 2006 2010 0
2005 2006 2014 0
2005 2014 4755 0
2006 2004 2013 0
2006 2005 2009 0
2006 2009 2010 0
2006 2013 2014 0
2007 1979 2011 0
2008 2007 2009 0
2008 2009 2096 0
2008 2096 2097 0
2009 2005 2096 0
2009 2007 2010 0
2010 2007 2011 0
2011 1979 2032 0
2012 2013 2016 0
2012 2016 2030 0
2012 2030 4738 0
2012 2495 4756 0
2013 2004 2017 0
2013 2012 4756 0
2014 2013 4756 0
2015 2103 2491 0
2015 2491 4755 0
2015 4755 4756 0
2016 1710 2030 0
2016 2013 2017 0
2016 2017 2018 0
2017 2004 2019 0
2018 1709 2026 0
2018 2017 2019 0
2019 1999 2029 0
2020 2019 2029 0
2021 2020 2028 0
2021 2022 2025 0
2022 1734 2027 0
2022 2021 2028 0
2023 2022 2028 0
2024 2025 2027 0
2024 2027 4680 0
2025 2022 2027 0
2025 2024 4672 0
2027 1739 4680 0
2028 2020 2029 0
2030 1706 4738 0
2030 1710 2031 0
2032 1993 4757 0
2033 1968 2034 0
2034 1964 2035 0
2036 1960 2130 0
2036 2123 2502 0
2037 2080 2082 0
2037 2082 2083 0
2037 2083 2478 0
2037 2476 2482 0
2038 2039 2124 0
2038 2078 2079 0
2038 2124 2126 0
2039 2038 2041 0
2039 2041 2042 0
2039 2042 2502 0
2039 2123 2124 0
2040 2041 2079 0
2040 2076 2077 0
2041 2038 2079 0
2041 2040 2054 0
2042 1942 2502 0
2042 2041 2054 0
2043 2044 2054 0
2043 2051 2499 0
2044 2042 2054 0
2044 2043 2499 0
2044 2045 2046 0
2045 2044 2499 0
2045 2047 2500 0
2045 2500 2504 0
2046 2045 2504 0
2047 1947 2501 0
2047 2045 2048 0
2047 2048 2443 0
2048 2045 2499 0
2048 2051 2052 0
2048 2052 2443 0
2049 2366 2379 0
2049 2379 2393 0
2049 2393 2444 0
2049 2444 2498 0
2050 2051 2053 0
2050 2053 2058 0
2050 2058 2444 0
2050 2444 2445 0
2051 2043 2054 0
2051 2048 2499 0
2051 2050 2052 0
2052 2050 2445 0
2052 2396 2442 0
2052 2442 2443 0
2053 2051 2054 0
2053 2054 2057 0
2053 2057 2064 0
2054 2040 2057 0
2055 2058 2064 0
2055 2063 2065 0
2055 2065 2498 0
2056 2057 2077 0
2056 2062 2063 0
2056 2063 2064 0
2057 2040 2077 0
2057 2056 2064 0
2058 2053 2064 0
2058 2055 2444 0
2059 2217 2466 0
2059 2222 2228 0
2059 2228 2312 0
2059 2312 2321 0
2059 2321 2468 0
2060 2066 2071 0
2060 2071 2214 0
2060 2214 2216 0
2060 2215 2362 0
2061 2062 2066 0
2061 2066 2361 0
2061 2360 2365 0
2061 2365 2366 0
2062 2056 2072 0
2062 2061 2065 0
2063 2055 2064 0
2063 2062 2065 0
2065 2061 2366 0
2065 2366 2498 0
2066 2060 2361 0
2066 2062 2068 0
2066 2068 2071 0
2067 2068 2072 0
2067 2072 2074 0
2067 2074 4753 0
2068 2062 2072 0
2068 2067 2070 0
2068 2070 2071 0
2069 2070 2211 0
2069 2211 2218 0
2069 2213 2214 0
2070 2067 2211 0
2070 2069 2071 0
2071 2069 2214 0
2072 2056 2077 0
2073 2074 2076 0
2073 2076 2078 0
2073 2078 2080 0
2073 2080 2482 0
2074 2072 2077 0
2074 2073 2075 0
2074 2075 4753 0
2075 2073 2482 0
2075 2470 4753 0
2075 2474 2475 0
2076 2040 2079 0
2076 2074 2077 0
2078 2038 2084 0
2078 2076 2079 0
2080 2037 2482 0
2080 2078 2084 0
2081 2082 2084 0
2081 2084 2126 0
2081 2085 2087 0
2081 2087 2088 0
2082 2080 2084 0
2082 2081 2083 0
2083 2081 2088 0
2083 2088 2091 0
2083 2091 2479 0
2084 2038 2126 0
2085 2081 2126 0
2085 2124 2125 0
2086 2087 2122 0
2086 2114 2115 0
2087 2085 2118 0
2087 2086 2088 0
2087 2118 2122 0
2088 2086 2092 0
2089 2090 2093 0
2089 2093 2098 0
2089 2098 2101 0
2089 2101 2107 0
2089 2107 2486 0
2090 2089 2486 0
2090 2091 2092 0
2090 2092 2093 0
2091 2088 2092 0
2091 2090 2479 0
2092 2086 2115 0
2093 2092 2115 0
2093 2115 2121 0
2094 2095 2492 0
2094 2098 2121 0
2094 2111 2120 0
2095 2094 2120 0
2095 2096 2492 0
2096 2005 2492 0
2096 2095 2097 0
2097 2095 2120 0
2098 2093 2121 0
2098 2094 2100 0
2098 2100 2101 0
2099 2100 2103 0
2099 2103 2493 0
2100 2094 2103 0
2100 2099 2101 0
2101 2099 2102 0
2101 2102 2107 0
2102 1716 2106 0
2102 2099 2104 0
2102 2106 2107 0
2103 2015 2494 0
2103 2094 2491 0
2104 1717 2487 0
2104 2099 2493 0
2105 2106 2164 0
2105 2163 2205 0
2105 2205 4739 0
2105 4739 4740 0
2106 1716 2109 0
2106 2105 4740 0
2106 2109 2164 0
2107 2106 4740 0
2108 2109 2110 0
2108 2110 2166 0
2109 1716 2110 0
2109 2108 2164 0
2110 1716 2487 0
2110 2144 2166 0
2110 2487 2488 0
2110 2488 2489 0
2111 2094 2121 0
2111 2112 2120 0
2112 1982 2120 0
2112 2111 2114 0
2113 2112 2114 0
2114 2086 2122 0
2114 2111 2115 0
2115 2111 2121 0
2116 2114 2122 0
2117 2118 2125 0
2117 2123 2129 0
2118 2085 2125 0
2118 2117 2119 0
2118 2119 2122 0
2119 2116 2122 0
2119 2117 2127 0
2123 2036 2129 0
2123 2039 2502 0
2123 2117 2125 0
2124 2085 2126 0
2124 2123 2125 0
2127 2117 2128 0
2128 2117 2129 0
2128 2129 2130 0
2129 2036 2130 0
2131 2132 2137 0
2131 2137 2143 0
2131 2143 2144 0
2131 2144 2167 0
2132 1603 2138 0
2132 2131 2136 0
2133 2132 2136 0
2134 1668 3315 0
2134 2133 2136 0
2134 2135 4754 0
2135 2134 2136 0
2135 2136 2167 0
2135 2167 2489 0
2135 2489 4754 0
2136 2131 2167 0
2137 1592 2141 0
2137 2132 2138 0
2137 2141 2142 0
2137 2142 2143 0
2138 1603 3333 0
2139 2142 2168 0
2139 2168 2170 0
2139 2170 2180 0
2140 2141 2147 0
2140 2145 2151 0
2140 2151 2173 0
2141 1592 2147 0
2141 2140 2142 0
2142 2139 2158 0
2142 2140 2168 0
2143 2142 2158 0
2144 2110 2167 0
2144 2143 2158 0
2144 2158 2166 0
2145 2140 2147 0
2145 2147 2148 0
2145 2148 2150 0
2145 2150 2151 0
2146 1573 2153 0
2147 1593 2148 0
2148 2146 2150 0
2149 2150 2152 0
2149 2152 2154 0
2149 2154 2157 0
2149 2157 2172 0
2149 2172 2173 0
2150 2146 2153 0
2150 2149 2173 0
2151 2150 2173 0
2152 1574 2154 0
2152 1581 4765 0
2152 2150 2153 0
2154 1574 2289 0
2155 2156 2283 0
2155 2283 2284 0
2156 2155 2174 0
2156 2157 2282 0
2156 2282 2283 0
2157 2154 2282 0
2157 2156 2172 0
2158 2139 2159 0
2158 2159 2166 0
2159 2139 2161 0
2159 2161 2162 0
2159 2162 2165 0
2159 2165 2166 0
2160 2161 2180 0
2160 2179 2188 0
2160 2188 2189 0
2161 2139 2180 0
2161 2160 2162 0
2162 8 2163 0
2162 2160 2189 0
2162 2163 2165 0
2163 8 2205 0
2163 2105 2164 0
2163 2164 2165 0
2164 2108 2165 0
2165 2108 2166 0
2167 2110 2489 0
2168 2140 2171 0
2169 2170 2171 0
2169 2171 2175 0
2169 2175 2178 0
2169 2178 2179 0
2169 2179 2180 0
2170 2168 2171 0
2170 2169 2180 0
2171 2140 2173 0
2171 2172 2175 0
2172 2156 2174 0
2172 2171 2173 0
2172 2174 2175 0
2174 2155 2181 0
2174 2177 2178 0
2175 2174 2178 0
2176 2177 2181 0
2176 2181 2184 0
2176 2184 2206 0
2176 2187 2188 0
2177 2174 2181 0
2177 2176 2179 0
2178 2177 2179 0
2179 2160 2180 0
2179 2176 2188 0
2181 2155 2183 0
2181 2183 2184 0
2182 2183 2287 0
2182 2287 2288 0
2183 2155 2284 0
2183 2182 2184 0
2183 2284 2286 0
2183 2286 2287 0
2184 2182 2186 0
2184 2186 2206 0
2185 2186 2485 0
2185 2198 2200 0
2186 2182 2203 0
2186 2185 2187 0
2186 2187 2206 0
2186 2203 2485 0
2187 2176 2206 0
2187 2185 2199 0
2188 2187 2199 0
2189 2188 2199 0
2190 2191 2199 0
2190 2199 2200 0
2191 2189 2199 0
2191 2190 2193 0
2192 2193 2481 0
2192 2480 4739 0
2193 2190 2195 0
2193 2192 2205 0
2193 2195 2481 0
2194 2195 2197 0
2194 2197 2473 0
2194 2473 2474 0
2194 2474 2476 0
2194 2476 2477 0
2194 2477 2481 0
2195 2190 2197 0
2195 2194 2481 0
2196 2197 2198 0
2196 2198 2483 0
2196 2207 2472 0
2196 2469 2473 0
2197 2190 2200 0
2197 2196 2473 0
2198 2185 2204 0
2198 2197 2200 0
2198 2204 2483 0
2199 2185 2200 0
2201 2204 2484 0
2202 2203 2288 0
2202 2224 2484 0
2202 2288 2300 0
2202 2484 2485 0
2203 2182 2288 0
2203 2202 2485 0
2204 2185 2485 0
2204 2201 2207 0
2204 2207 2483 0
2205 2192 4739 0
2207 2196 2483 0
2207 2201 2209 0
2207 2209 2472 0
2208 2209 2221 0
2208 2221 2466 0
2208 2466 2467 0
2209 2201 2220 0
2209 2208 2212 0
2209 2212 2472 0
2209 2220 2221 0
2210 2211 2471 0
2210 2212 2218 0
2210 2471 2472 0
2211 2067 4753 0
2211 2210 2218 0
2211 2470 2471 0
2212 2208 2213 0
2212 2210 2472 0
2212 2213 2218 0
2213 2069 2218 0
2213 2208 2467 0
2214 2213 2216 0
2215 2060 2216 0
2215 2216 2217 0
2215 2217 2468 0
2215 2322 2326 0
2215 2326 2362 0
2216 2213 2467 0
2217 2059 2468 0
2217 2216 2467 0
2219 2220 2224 0
2219 2222 2466 0
2219 2224 2275 0
2219 2275 2276 0
2219 2276 2279 0
2220 2201 2224 0
2220 2219 2221 0
2221 2219 2466 0
2222 2059 2466 0
2222 2219 2279 0
2223 2224 2300 0
2223 2274 2275 0
2224 2201 2484 0
2224 2202 2300 0
2224 2223 2275 0
2225 2231 2233 0
2225 2233 2234 0
2225 2234 2245 0
2225 2245 2266 0
2225 2266 2457 0
2226 2229 2279 0
2226 2276 2277 0
2227 2228 2229 0
2227 2229 2230 0
2227 2230 2455 0
2227 2311 2312 0
2228 2222 2279 0
2228 2227 2312 0
2229 2226 2230 0
2229 2228 2279 0
2230 2226 2231 0
2230 2231 2457 0
2230 2454 2455 0
2231 2225 2457 0
2231 2226 2233 0
2232 2233 2274 0
2232 2269 2270 0
2232 2274 2278 0
2233 2226 2277 0
2233 2232 2234 0
2234 2232 2236 0
2234 2236 2238 0
2234 2237 2245 0
2235 2236 2268 0
2235 2268 2271 0
2235 2271 2464 0
2236 2232 2268 0
2236 2235 2238 0
2237 2234 2238 0
2237 2238 4752 0
2238 2235 2239 0
2238 2239 4752 0
2239 2235 2464 0
2239 2240 2465 0
2239 2465 4752 0
2240 1514 2465 0
2240 2239 2464 0
2241 2240 2242 0
2242 2240 2464 0
2242 2271 2272 0
2243 2242 2272 0
2243 2272 2273 0
2243 2273 2301 0
2244 2243 2301 0
2245 2237 2247 0
2245 2247 2266 0
2246 2247 2249 0
2246 2249 2250 0
2246 2250 2252 0
2246 2252 2253 0
2246 2253 2462 0
2247 2237 2249 0
2247 2246 2462 0
2247 2248 2266 0
2248 2247 2462 0
2248 2257 2456 0
2249 1518 2463 0
2249 2237 4752 0
2250 1523 2252 0
2250 2249 2463 0
2251 2252 2263 0
2251 2263 2458 0
2252 1523 2262 0
2252 2251 2253 0
2252 2262 2263 0
2253 2251 2256 0
2253 2256 2257 0
2253 2257 2462 0
2254 2259 2459 0
2254 2459 4732 0
2254 4718 4720 0
2255 2256 2258 0
2255 2258 2461 0
2256 2251 2258 0
2256 2255 2257 0
2257 2248 2462 0
2257 2255 2259 0
2257 2259 2456 0
2258 2251 2458 0
2258 2458 4731 0
2259 2254 2303 0
2259 2255 2459 0
2259 2303 2304 0
2259 2304 2456 0
2260 2262 4748 0
2262 1523 2265 0
2262 2260 2263 0
2262 2265 4748 0
2263 2260 2264 0
2263 2264 2458 0
2264 1522 4725 0
2264 4725 4731 0
2264 4751 1522 0
2265 1525 4750 0
2266 2248 2267 0
2266 2267 2457 0
2267 2248 2456 0
2267 2304 2454 0
2267 2454 2457 0
2268 1501 4747 0
2268 2232 2270 0
2269 2232 2278 0
2269 2278 2300 0
2270 2269 2287 0
2271 2242 2464 0
2271 2268 4747 0
2272 2271 4747 0
2273 2272 4747 0
2273 2284 2285 0
2273 2285 2301 0
2274 2223 2278 0
2274 2233 2277 0
2275 2274 2277 0
2276 2226 2279 0
2276 2275 2277 0
2278 2223 2300 0
2280 2285 4745 0
2280 4745 4746 0
2281 2282 2289 0
2281 2289 2290 0
2281 2290 2299 0
2281 2299 4746 0
2282 2154 2289 0
2282 2281 4745 0
2283 2282 4745 0
2284 2273 2286 0
2284 2283 2285 0
2285 2280 2301 0
2285 2283 4745 0
2286 1501 2287 0
2286 2273 4747 0
2287 2269 2288 0
2288 2269 2300 0
2289 1574 2290 0
2290 1574 2291 0
2290 2291 2292 0
2290 2292 2298 0
2290 2298 2299 0
2291 1574 4765 0
2291 1575 2292 0
2292 1556 2298 0
2292 1576 2293 0
2294 1558 2301 0
2294 2301 4746 0
2295 2294 2296 0
2296 1556 2297 0
2296 2294 2298 0
2298 2294 2299 0
2299 2294 4746 0
2301 2280 4746 0
2302 2303 2310 0
2302 2310 2311 0
2302 2311 2455 0
2303 2254 2308 0
2303 2302 2304 0
2303 2308 2313 0
2304 2267 2456 0
2304 2302 2454 0
2305 2314 2337 0
2306 2708 2709 0
2306 2709 2710 0
2306 2710 4744 0
2307 2308 4720 0
2307 4720 4721 0
2307 4721 4744 0
2308 2254 4720 0
2308 2307 2313 0
2309 2310 2313 0
2309 2313 2315 0
2309 2315 2316 0
2309 2316 2317 0
2309 2317 2318 0
2310 2303 2313 0
2310 2309 2318 0
2311 2227 2455 0
2311 2310 2318 0
2312 2311 2318 0
2312 2317 2320 0
2312 2320 2321 0
2313 2307 4744 0
2314 2305 2316 0
2314 2315 4744 0
2314 2336 2337 0
2315 2313 4744 0
2315 2314 2316 0
2316 2305 2328 0
2317 2312 2318 0
2317 2316 2328 0
2319 2320 2356 0
2320 2317 2328 0
2320 2319 2321 0
2320 2328 2356 0
2321 2319 2322 0
2321 2322 2468 0
2322 2215 2468 0
2322 2319 2325 0
2322 2325 2326 0
2323 2357 2358 0
2323 2358 2370 0
2324 2325 2327 0
2324 2327 2355 0
2324 2355 2358 0
2324 2358 2359 0
2325 2319 2356 0
2325 2324 2359 0
2326 2325 2359 0
2326 2357 2360 0
2326 2360 2362 0
2327 2325 2356 0
2327 2329 2354 0
2327 2354 2355 0
2328 2305 2329 0
2328 2329 2356 0
2329 2305 2332 0
2329 2327 2356 0
2329 2332 2333 0
2329 2333 2354 0
2330 2348 2400 0
2330 2400 2401 0
2331 2332 2338 0
2331 2335 2351 0
2331 2338 2346 0
2332 2305 2337 0
2332 2331 2334 0
2332 2337 2338 0
2333 2332 2334 0
2333 2334 2351 0
2333 2351 2353 0
2333 2353 2354 0
2334 2331 2351 0
2335 2331 2341 0
2335 2341 2350 0
2335 2348 2351 0
2336 2314 2710 0
2336 2345 2346 0
2336 2709 2717 0
2337 2336 2338 0
2338 2336 2346 0
2339 2689 2727 0
2339 2727 4866 0
2339 4741 4742 0
2340 2341 2346 0
2340 2345 4743 0
2341 2331 2346 0
2341 2340 2343 0
2341 2343 2350 0
2342 2343 2344 0
2342 2344 2619 0
2342 2349 2350 0
2343 2340 2344 0
2343 2342 2350 0
2344 2340 4741 0
2344 4741 4866 0
2345 2336 2717 0
2345 2340 2346 0
2345 2717 2718 0
2345 2718 4743 0
2347 2348 2349 0
2347 2349 2410 0
2347 2410 2412 0
2348 2330 2351 0
2348 2335 2349 0
2348 2347 2400 0
2349 2335 2350 0
2349 2342 2410 0
2351 2330 2353 0
2352 2353 2401 0
2353 2330 2401 0
2353 2352 2354 0
2354 2352 2355 0
2355 2352 2370 0
2357 2323 2364 0
2357 2326 2359 0
2357 2364 2365 0
2358 2355 2370 0
2358 2357 2359 0
2360 2061 2361 0
2360 2357 2365 0
2360 2361 2362 0
2361 2060 2362 0
2363 2364 2380 0
2363 2378 2379 0
2364 2323 2368 0
2364 2363 2365 0
2364 2368 2380 0
2365 2363 2366 0
2366 2049 2498 0
2366 2363 2379 0
2367 2368 2369 0
2367 2369 2372 0
2367 2372 2375 0
2367 2375 2380 0
2368 2323 2369 0
2368 2367 2380 0
2369 2323 2370 0
2369 2370 2401 0
2369 2401 2402 0
2370 2352 2401 0
2371 2372 2399 0
2371 2399 2405 0
2372 2369 2402 0
2372 2371 2374 0
2372 2374 2375 0
2373 2374 2389 0
2374 2371 2389 0
2374 2373 2375 0
2375 2373 2377 0
2375 2377 2378 0
2375 2378 2380 0
2376 2377 2383 0
2376 2383 2392 0
2376 2392 2393 0
2377 2373 2382 0
2377 2376 2378 0
2377 2382 2383 0
2378 2363 2380 0
2378 2376 2379 0
2379 2376 2393 0
2381 2382 2387 0
2381 2387 2419 0
2382 2373 2387 0
2382 2381 2383 0
2383 2381 2385 0
2383 2385 2392 0
2384 2385 2417 0
2384 2395 2396 0
2384 2414 2427 0
2385 2381 2398 0
2385 2384 2394 0
2385 2398 2417 0
2386 2387 2388 0
2386 2388 2448 0
2386 2418 2419 0
2386 2448 4696 0
2387 2373 2388 0
2387 2386 2419 0
2388 2373 2389 0
2388 2389 2390 0
2388 2390 2447 0
2388 2447 2448 0
2389 2371 2405 0
2390 2389 2405 0
2390 2405 2450 0
2391 2392 2394 0
2391 2394 2396 0
2391 2396 2445 0
2392 2385 2394 0
2392 2391 2393 0
2393 2391 2445 0
2394 2384 2396 0
2395 2384 2424 0
2395 2421 2442 0
2396 2052 2445 0
2396 2395 2442 0
2397 2398 2420 0
2397 2420 4706 0
2398 2381 2419 0
2398 2397 2414 0
2398 2414 2417 0
2398 2419 2420 0
2399 2372 2402 0
2399 2400 2404 0
2399 2404 2405 0
2400 2347 2404 0
2400 2399 2402 0
2401 2400 2402 0
2403 2404 2412 0
2403 2412 2413 0
2403 2413 2450 0
2404 2347 2412 0
2404 2403 2405 0
2405 2403 2450 0
2406 2595 2607 0
2406 2607 2635 0
2406 2629 2630 0
2406 2630 2809 0
2407 2606 2610 0
2407 2610 2612 0
2407 2612 2613 0
2407 2613 2614 0
2408 2413 2613 0
2408 2449 2450 0
2409 2410 2411 0
2409 2411 2615 0
2410 2342 2411 0
2410 2409 2412 0
2411 2342 2619 0
2412 2409 2413 0
2413 2408 2450 0
2413 2409 2613 0
2414 2384 2417 0
2414 2397 2416 0
2414 2416 2426 0
2414 2426 2427 0
2415 2416 4707 0
2416 2397 4704 0
2416 2415 2426 0
2416 4704 4707 0
2418 2386 4696 0
2418 4693 4694 0
2418 4694 4706 0
2419 2418 2420 0
2420 2418 4706 0
2421 2047 2443 0
2421 2395 2423 0
2422 1941 2437 0
2422 2421 2423 0
2423 2395 2424 0
2424 2384 2427 0
2424 2427 2428 0
2425 2426 2439 0
2425 2439 2440 0
2426 2415 2439 0
2426 2425 2427 0
2427 2425 2428 0
2428 2425 2429 0
2429 2425 2440 0
2429 2430 2433 0
2429 2433 2437 0
2430 2429 2440 0
2430 2432 2433 0
2430 2438 2441 0
2431 1884 2434 0
2432 2430 2441 0
2432 2431 2433 0
2433 2431 2434 0
2433 2434 2435 0
2433 2435 2437 0
2434 1884 2436 0
2434 1950 2435 0
2435 2422 2437 0
2438 1933 2510 0
2438 1934 2441 0
2438 2430 2440 0
2439 2415 2514 0
2439 2438 2440 0
2439 2514 2515 0
2442 2421 2443 0
2444 2055 2498 0
2444 2393 2445 0
2446 2447 2449 0
2446 2449 2453 0
2446 2453 4702 0
2447 2390 2450 0
2447 2446 2448 0
2448 2446 4695 0
2448 4695 4696 0
2449 2408 2612 0
2449 2447 2450 0
2451 2599 4703 0
2451 4697 4701 0
2452 2453 2610 0
2452 2610 2611 0
2452 2611 4701 0
2452 4701 4702 0
2453 2449 2610 0
2453 2452 4702 0
2454 2230 2457 0
2454 2302 2455 0
2458 2264 4731 0
2459 2255 2461 0
2459 2461 4732 0
2460 2461 4727 0
2460 4722 4732 0
2460 4727 4728 0
2461 2258 4727 0
2461 2460 4732 0
2465 1518 4752 0
2466 2217 2467 0
2469 2196 2472 0
2469 2470 2475 0
2470 2075 2475 0
2470 2211 4753 0
2470 2469 2471 0
2471 2469 2472 0
2473 2469 2475 0
2474 2075 2482 0
2474 2473 2475 0
2476 2037 2478 0
2476 2474 2482 0
2477 2476 2478 0
2477 2478 2480 0
2477 2480 2481 0
2478 2083 2479 0
2478 2479 2480 0
2479 2090 2486 0
2479 2486 4739 0
2480 2192 2481 0
2480 2479 4739 0
2484 2204 2485 0
2486 2107 4739 0
2487 1717 2488 0
2488 1720 2489 0
2489 1720 4754 0
2490 2104 2493 0
2491 2094 2492 0
2491 2492 4755 0
2492 2005 4755 0
2493 2103 2494 0
2494 2015 2495 0
2494 2495 2496 0
2495 2012 4738 0
2495 2015 4756 0
2496 2495 4738 0
2497 2496 4738 0
2500 1948 2504 0
2500 2047 2501 0
2503 1960 2504 0
2506 1936 2507 0
2507 1935 2508 0
2509 1921 2896 0
2509 2510 2512 0
2509 2512 2516 0
2510 1933 2512 0
2510 2509 2895 0
2511 2512 2513 0
2511 2513 2894 0
2512 1933 2514 0
2512 2511 2516 0
2513 2512 2514 0
2513 2514 4707 0
2514 1933 2515 0
2514 2415 4707 0
2516 2511 2523 0
2517 2527 2546 0
2517 2543 2828 0
2517 2828 2832 0
2517 2832 2835 0
2517 2833 2891 0
2518 2522 2523 0
2518 2523 2526 0
2518 2526 2527 0
2518 2527 2891 0
2519 2520 2522 0
2519 2522 2834 0
2519 2834 2921 0
2519 2921 2923 0
2520 2516 2522 0
2520 2519 2923 0
2520 2521 2928 0
2521 2520 2923 0
2521 2899 2928 0
2522 2516 2523 0
2522 2518 2834 0
2523 2511 2525 0
2523 2525 2526 0
2524 2528 2893 0
2524 2893 4683 0
2525 2511 2894 0
2526 2525 2528 0
2527 2517 2891 0
2527 2526 2528 0
2527 2528 2531 0
2527 2531 2546 0
2528 2524 2890 0
2528 2525 2893 0
2528 2530 2531 0
2529 2534 2536 0
2529 2536 2539 0
2529 2539 2542 0
2529 2542 2544 0
2529 2544 2825 0
2530 2528 2890 0
2530 2534 2825 0
2531 2530 2544 0
2531 2544 2546 0
2532 2535 4686 0
2532 4686 4690 0
2532 4690 4698 0
2532 4698 4700 0
2533 2534 2890 0
2533 2890 4683 0
2533 4683 4686 0
2534 2529 2825 0
2534 2530 2890 0
2534 2533 2535 0
2534 2535 2536 0
2535 2532 4700 0
2535 2533 4686 0
2536 2535 4700 0
2537 2554 2820 0
2537 2820 4709 0
2537 2871 4867 0
2537 4709 4710 0
2538 2539 2549 0
2538 2549 2555 0
2538 2555 4867 0
2539 2536 2548 0
2539 2538 2541 0
2539 2541 2542 0
2539 2548 2549 0
2540 2541 2889 0
2541 2538 2545 0
2541 2540 2542 0
2541 2545 2889 0
2542 2540 2543 0
2542 2543 2544 0
2543 2517 2546 0
2543 2540 2885 0
2544 2530 2825 0
2544 2543 2546 0
2545 2538 4867 0
2545 2871 2888 0
2545 2888 2889 0
2547 2548 2553 0
2547 2553 2816 0
2548 2536 2553 0
2548 2547 2549 0
2549 2547 2552 0
2549 2552 2555 0
2550 2552 2558 0
2550 2558 2560 0
2550 2560 2824 0
2552 2547 2557 0
2552 2550 2554 0
2552 2554 2555 0
2552 2557 2558 0
2553 2536 4700 0
2553 2600 2816 0
2554 2537 4867 0
2554 2550 2820 0
2555 2554 4867 0
2556 2557 2817 0
2557 2547 2816 0
2557 2556 2564 0
2557 2816 2817 0
2558 2557 2564 0
2559 2560 2564 0
2559 2564 2568 0
2559 2568 2573 0
2559 2573 2782 0
2560 2558 2564 0
2560 2559 2563 0
2560 2563 2824 0
2562 2563 2782 0
2562 2781 2788 0
2562 2782 2783 0
2562 2788 2822 0
2562 2822 2823 0
2563 2559 2782 0
2563 2562 2823 0
2563 2823 2824 0
2564 2556 2588 0
2565 2574 2575 0
2565 2575 2801 0
2565 2801 2802 0
2567 2568 2588 0
2567 2577 2801 0
2568 2564 2588 0
2568 2567 2570 0
2568 2570 2573 0
2569 2570 2574 0
2569 2574 2581 0
2569 2581 2585 0
2569 2585 2587 0
2570 2567 2575 0
2570 2569 2572 0
2570 2572 2573 0
2571 2572 2587 0
2571 2586 2780 0
2571 2780 2782 0
2572 2569 2587 0
2572 2571 2573 0
2573 2571 2782 0
2574 2565 2582 0
2574 2570 2575 0
2575 2567 2801 0
2576 2594 2595 0
2576 2595 2808 0
2576 2804 2805 0
2576 2805 2818 0
2577 2567 2588 0
2577 2588 2590 0
2577 2590 2818 0
2578 2766 2767 0
2579 2749 2750 0
2579 2750 2768 0
2579 2768 2789 0
2580 2581 2582 0
2580 2582 2798 0
2580 2751 2752 0
2581 2574 2582 0
2581 2580 2584 0
2581 2584 2585 0
2582 2565 2798 0
2583 2584 2773 0
2583 2586 2587 0
2583 2773 2774 0
2583 2774 2778 0
2584 2580 2752 0
2584 2583 2585 0
2584 2752 2789 0
2585 2583 2587 0
2586 2571 2587 0
2586 2583 2778 0
2586 2778 2779 0
2586 2779 2780 0
2588 2556 2590 0
2589 2590 2591 0
2589 2591 2593 0
2589 2593 2594 0
2589 2594 2818 0
2590 2556 2591 0
2590 2589 2818 0
2591 2556 2817 0
2592 2593 2598 0
2592 2598 2599 0
2592 2599 2603 0
2592 2603 2604 0
2592 2604 2605 0
2593 2591 2597 0
2593 2592 2605 0
2593 2597 2598 0
2594 2576 2818 0
2594 2593 2605 0
2595 2406 2809 0
2595 2594 2605 0
2595 2604 2607 0
2596 2597 2600 0
2596 2600 4699 0
2596 4698 4703 0
2597 2591 2600 0
2597 2596 2598 0
2598 2596 2599 0
2599 2451 2602 0
2599 2596 4703 0
2599 2602 2603 0
2600 2553 4699 0
2600 2591 2817 0
2601 2602 2606 0
2601 2606 2609 0
2602 2451 2611 0
2602 2601 2603 0
2603 2601 2604 0
2604 2595 2605 0
2604 2601 2607 0
2606 2407 2609 0
2606 2602 2611 0
2607 2601 2608 0
2607 2608 2635 0
2608 2601 2609 0
2608 2609 2614 0
2608 2614 2634 0
2608 2634 2635 0
2609 2407 2614 0
2610 2449 2612 0
2610 2606 2611 0
2611 2451 4701 0
2612 2408 2613 0
2613 2409 2615 0
2614 2613 2615 0
2614 2615 2617 0
2614 2616 2626 0
2614 2624 2634 0
2615 2411 2617 0
2616 2614 2617 0
2616 2617 2618 0
2616 2618 2623 0
2616 2623 2626 0
2617 2411 2618 0
2618 2411 2619 0
2618 2619 4866 0
2619 2344 4866 0
2620 2662 2673 0
2621 2638 2723 0
2622 2623 2721 0
2622 2721 2726 0
2623 2618 2721 0
2623 2622 2625 0
2623 2625 2626 0
2624 2614 2626 0
2624 2626 2628 0
2624 2628 2629 0
2624 2629 2634 0
2625 2622 2638 0
2626 2625 2628 0
2627 2628 4737 0
2628 2625 2637 0
2628 2627 2629 0
2628 2637 4737 0
2629 2406 2635 0
2629 2627 2630 0
2630 2627 2633 0
2630 2633 2810 0
2631 2632 2640 0
2631 2640 2644 0
2631 2644 2795 0
2631 2795 2806 0
2631 2806 2807 0
2632 2631 2807 0
2632 2633 2639 0
2632 2639 2640 0
2632 2807 2810 0
2633 2627 2639 0
2633 2632 2810 0
2634 2629 2635 0
2636 2637 2638 0
2636 2638 2657 0
2636 2657 2658 0
2636 2658 4736 0
2636 4736 4737 0
2637 2625 2638 0
2637 2636 4737 0
2638 2621 2657 0
2638 2622 2723 0
2639 2627 4736 0
2639 2658 2728 0
2639 2728 2815 0
2640 2639 2815 0
2641 2642 2655 0
2641 2655 2667 0
2642 2641 2645 0
2642 2645 2815 0
2643 2644 2645 0
2643 2645 2794 0
2643 2792 2811 0
2644 2640 2815 0
2644 2643 2795 0
2645 2641 2648 0
2645 2644 2815 0
2645 2648 2794 0
2647 2648 2649 0
2647 2649 2814 0
2647 2744 2793 0
2647 2793 2794 0
2648 2641 2649 0
2648 2647 2794 0
2649 2641 2667 0
2649 2667 2729 0
2649 2732 2813 0
2649 2813 2814 0
2650 2652 2666 0
2651 2652 2729 0
2651 2665 2666 0
2652 2566 2729 0
2652 2651 2666 0
2653 2656 2661 0
2653 2660 2662 0
2653 2662 2663 0
2653 2663 2665 0
2654 2655 2728 0
2654 2658 2659 0
2654 2659 2665 0
2655 2642 2728 0
2655 2654 2665 0
2655 2665 2667 0
2656 2653 2659 0
2656 2657 2661 0
2657 2621 2661 0
2657 2656 2658 0
2658 2639 4736 0
2658 2654 2728 0
2658 2656 2659 0
2659 2653 2665 0
2660 2653 2661 0
2660 2661 2669 0
2660 2669 2675 0
2661 2621 2669 0
2662 2660 2673 0
2662 2664 2663 0
2663 2650 2666 0
2663 2664 2650 0
2664 2662 2620 0
2665 2651 2667 0
2665 2663 2666 0
2667 2651 2729 0
2668 2669 2724 0
2668 2674 2675 0
2668 2724 2725 0
2669 2621 2722 0
2669 2668 2675 0
2669 2722 2724 0
2670 2671 2674 0
2671 2620 2673 0
2671 2672 2620 0
2671 2673 2675 0
2672 2671 2670 0
2673 2660 2675 0
2674 2668 2677 0
2674 2671 2675 0
2674 2676 2670 0
2676 2674 2677 0
2676 2677 2681 0
2677 2668 2680 0
2677 2680 2681 0
2678 2680 2688 0
2678 2685 2687 0
2678 2688 2689 0
2678 2689 2690 0
2679 2696 2713 0
2680 2668 2688 0
2680 2678 2687 0
2681 2680 2687 0
2682 2683 2686 0
2682 2686 2697 0
2683 2681 2687 0
2683 2684 1519 0
2684 2683 2682 0
2685 2678 2690 0
2685 2686 2687 0
2685 2690 2694 0
2685 2694 2695 0
2685 2695 2697 0
2686 2683 2687 0
2686 2685 2697 0
2688 2668 2725 0
2688 2725 2727 0
2689 2339 4742 0
2689 2688 2727 0
2690 2689 2692 0
2690 2692 2693 0
2690 2693 2694 0
2691 2692 4742 0
2691 2718 2719 0
2691 4742 4743 0
2692 2689 4742 0
2692 2691 2719 0
2693 2692 2719 0
2694 2693 2705 0
2695 2694 2705 0
2695 2696 2697 0
2695 2704 2713 0
2696 2682 2697 0
2696 2695 2713 0
2698 2700 2706 0
2698 2706 2707 0
2698 2707 2712 0
2698 2712 4734 0
2699 2701 2702 0
2699 2702 4734 0
2700 2698 2702 0
2700 2701 2713 0
2700 2704 2706 0
2701 2679 2713 0
2701 2700 2702 0
2702 2698 4734 0
2703 2704 2715 0
2703 2715 2716 0
2704 2695 2705 0
2704 2700 2713 0
2704 2703 2706 0
2704 2705 2715 0
2705 2693 2715 0
2706 2703 2708 0
2707 2706 2708 0
2707 2708 4721 0
2708 2306 4721 0
2708 2703 2716 0
2709 2336 2710 0
2709 2708 2716 0
2709 2714 2717 0
2710 2314 4744 0
2711 2712 4719 0
2711 4718 4722 0
2711 4722 4723 0
2711 4723 4735 0
2712 2707 4719 0
2712 2711 4734 0
2714 2709 2716 0
2714 2715 2719 0
2715 2693 2719 0
2715 2714 2716 0
2717 2714 2718 0
2718 2691 4743 0
2718 2714 2719 0
2720 2721 4866 0
2720 2725 2726 0
2721 2618 4866 0
2721 2720 2726 0
2722 2621 2723 0
2722 2723 2726 0
2723 2622 2726 0
2724 2722 2725 0
2725 2720 2727 0
2725 2722 2726 0
2727 2720 4866 0
2728 2642 2815 0
2729 2732 2649 0
2730 2733 2735 0
2730 2735 2812 0
2730 2812 2814 0
2731 2730 2813 0
2732 2729 2566 0
2732 2731 2813 0
2733 2646 2735 0
2733 2730 2731 0
2734 2735 2737 0
2734 2737 2740 0
2734 2740 2743 0
2734 2743 2812 0
2735 2646 2737 0
2735 2734 2812 0
2736 2758 2759 0
2736 2762 2763 0
2737 2738 2759 0
2738 2736 2759 0
2738 2737 2646 0
2739 2740 2756 0
2739 2756 2764 0
2740 2737 2755 0
2740 2739 2742 0
2740 2742 2743 0
2740 2755 2756 0
2741 2742 2747 0
2741 2747 2792 0
2741 2792 2793 0
2742 2739 2746 0
2742 2741 2743 0
2742 2746 2747 0
2743 2741 2744 0
2743 2744 2812 0
2744 2647 2814 0
2744 2741 2793 0
2745 2746 2749 0
2745 2749 2751 0
2745 2751 2797 0
2746 2739 2750 0
2746 2745 2747 0
2747 2745 2748 0
2747 2748 2792 0
2748 2745 2797 0
2748 2797 2799 0
2748 2799 2811 0
2749 2579 2752 0
2749 2746 2750 0
2750 2739 2764 0
2750 2764 2767 0
2750 2767 2768 0
2751 2580 2798 0
2751 2749 2752 0
2752 2579 2789 0
2753 2755 2758 0
2753 2758 2761 0
2753 2761 2791 0
2754 2790 2791 0
2755 2737 2759 0
2755 2753 2756 0
2756 2753 2757 0
2756 2757 2764 0
2757 2578 2767 0
2757 2753 2791 0
2757 2790 2578 0
2758 2736 2763 0
2758 2755 2759 0
2760 2754 2761 0
2760 2761 2763 0
2761 2754 2791 0
2761 2758 2763 0
2762 1 2763 0
2764 2757 2767 0
2767 2766 2768 0
2768 2766 2769 0
2768 2769 2789 0
2769 2766 2770 0
2769 2770 2771 0
2769 2771 2773 0
2769 2773 2789 0
2770 2765 2771 0
2770 4717 2765 0
2771 2551 2774 0
2771 2772 2551 0
2772 2771 2765 0
2773 2584 2789 0
2773 2771 2774 0
2774 2551 2776 0
2774 2776 2778 0
2776 2775 2779 0
2776 2777 2775 0
2777 2776 2551 0
2778 2776 2779 0
2779 2781 2783 0
2779 2784 2785 0
2780 2779 2783 0
2781 2562 2783 0
2781 2779 2785 0
2781 2785 2788 0
2782 2780 2783 0
2784 2561 2785 0
2784 2779 2775 0
2785 2561 2787 0
2785 2787 2788 0
2786 4711 4712 0
2786 4712 4714 0
2787 2821 2822 0
2787 4715 4714 0
2788 2787 2822 0
2790 2757 2791 0
2792 2643 2794 0
2792 2748 2811 0
2793 2792 2794 0
2795 2643 2811 0
2795 2799 2803 0
2795 2803 2806 0
2796 2797 2798 0
2796 2798 2802 0
2796 2802 2803 0
2797 2751 2798 0
2797 2796 2799 0
2798 2565 2802 0
2799 2795 2811 0
2799 2796 2803 0
2800 2801 2805 0
2801 2577 2805 0
2801 2800 2802 0
2802 2800 2803 0
2803 2800 2804 0
2803 2804 2806 0
2804 2576 2808 0
2804 2800 2805 0
2805 2577 2818 0
2806 2804 2807 0
2807 2804 2808 0
2807 2808 2810 0
2808 2595 2809 0
2808 2809 2810 0
2809 2630 2810 0
2812 2744 2814 0
2813 2730 2814 0
2816 2600 2817 0
2819 2820 2824 0
2819 2822 4709 0
2820 2550 2824 0
2820 2819 4709 0
2821 2787 4714 0
2821 4708 4709 0
2821 4712 4713 0
2822 2819 2823 0
2822 2821 4709 0
2823 2819 2824 0
2826 2841 4865 0
2827 2828 2885 0
2827 2885 2886 0
2827 2886 2887 0
2827 2887 4864 0
2827 4864 4865 0
2828 2543 2885 0
2828 2827 2831 0
2828 2831 2832 0
2829 2830 2838 0
2829 2838 2839 0
2829 2839 2840 0
2830 2829 2832 0
2830 2831 4865 0
2831 2827 4865 0
2831 2830 2832 0
2832 2829 2835 0
2833 2517 2835 0
2833 2834 2891 0
2833 2835 2836 0
2833 2836 2921 0
2834 2518 2891 0
2834 2833 2921 0
2835 2829 2840 0
2836 2835 2840 0
2836 2840 2918 0
2836 2918 2919 0
2836 2919 2921 0
2837 2838 2841 0
2837 2841 2847 0
2837 2847 4522 0
2838 2830 2841 0
2838 2837 2839 0
2839 1920 2840 0
2839 2837 4466 0
2840 1920 2918 0
2841 2826 2844 0
2841 2830 4865 0
2841 2844 2847 0
2842 2846 2850 0
2842 2850 2853 0
2842 2853 2854 0
2842 2854 4521 0
2843 2856 2858 0
2844 2826 2866 0
2844 2846 2847 0
2844 2849 2850 0
2845 2846 2884 0
2845 2883 4488 0
2845 4487 4517 0
2845 4517 4522 0
2846 2842 2884 0
2846 2844 2850 0
2846 2845 2847 0
2847 2845 4522 0
2848 2849 2864 0
2848 2864 2882 0
2849 2844 2866 0
2849 2848 2850 0
2850 2848 2855 0
2851 4519 4520 0
2852 2853 2855 0
2852 2855 2856 0
2852 2856 2861 0
2852 2861 4520 0
2853 2850 2855 0
2853 2852 2854 0
2854 2852 4520 0
2854 4518 4521 0
2855 2848 2881 0
2856 2855 2881 0
2856 2860 2861 0
2857 2859 2880 0
2858 2856 2881 0
2858 2859 2843 0
2858 2881 2882 0
2859 2858 2880 0
2860 2851 2861 0
2860 2856 2843 0
2861 2851 4520 0
2862 2869 2870 0
2862 2870 2873 0
2862 2873 2878 0
2862 2878 2879 0
2863 2864 2865 0
2863 2865 2868 0
2863 2868 2869 0
2863 2869 2879 0
2863 2879 2882 0
2864 2849 2866 0
2864 2863 2882 0
2865 2864 2866 0
2865 2866 4864 0
2866 2826 4864 0
2867 2868 2887 0
2867 2887 2888 0
2868 2865 2887 0
2868 2867 2869 0
2869 2862 2879 0
2869 2867 2870 0
2870 2867 2871 0
2870 2871 4710 0
2871 2537 4710 0
2871 2545 4867 0
2871 2867 2888 0
2872 2873 4708 0
2872 4708 4713 0
2872 4712 4716 0
2873 2870 4708 0
2873 2872 2876 0
2873 2876 2878 0
2874 2877 2880 0
2874 2880 2882 0
2875 2857 2877 0
2876 2872 4716 0
2876 2875 2877 0
2876 2877 2878 0
2877 2857 2880 0
2877 2874 2878 0
2878 2874 2879 0
2879 2874 2882 0
2880 2858 2882 0
2881 2848 2882 0
2883 2845 2884 0
2883 2884 4521 0
2883 4484 4485 0
2883 4485 4488 0
2884 2842 4521 0
2885 2540 2889 0
2886 2885 2889 0
2887 2865 4864 0
2887 2886 2888 0
2888 2886 2889 0
2890 2524 4683 0
2892 2893 2894 0
2892 2894 4704 0
2892 4704 4705 0
2893 2525 2894 0
2893 2892 4683 0
2894 2513 4704 0
2895 2509 2896 0
2896 1921 2897 0
2896 2897 2929 0
2897 1921 2928 0
2897 2898 2929 0
2898 1922 2929 0
2898 2897 2899 0
2898 2899 2905 0
2899 2521 2901 0
2899 2897 2928 0
2899 2901 2904 0
2899 2904 2905 0
2900 2901 2920 0
2901 2521 2919 0
2901 2900 2903 0
2901 2903 2904 0
2901 2919 2920 0
2902 2903 2908 0
2902 2908 2912 0
2902 2912 2913 0
2903 2900 2907 0
2903 2902 2904 0
2903 2907 2908 0
2904 2902 2913 0
2905 2904 2913 0
2905 2913 2922 0
2906 2907 2916 0
2906 2915 4464 0
2906 4455 4456 0
2907 2900 2916 0
2907 2906 2908 0
2908 2906 2914 0
2909 2938 2939 0
2909 2939 4452 0
2909 4451 4498 0
2909 4498 4510 0
2909 4510 4514 0
2910 2914 4456 0
2910 2939 2940 0
2911 2912 2914 0
2911 2914 2940 0
2911 2925 2926 0
2911 2940 2941 0
2912 2908 2914 0
2912 2911 2926 0
2913 1925 2922 0
2913 2912 2926 0
2914 2906 4456 0
2914 2910 2940 0
2915 2906 2916 0
2915 2916 2917 0
2915 2917 4467 0
2915 4463 4464 0
2916 2900 2917 0
2917 1920 4467 0
2917 2900 2920 0
2918 2917 2920 0
2919 2521 2923 0
2919 2918 2920 0
2921 2919 2923 0
2924 2925 2941 0
2924 2933 2934 0
2925 2911 2941 0
2925 2913 2926 0
2925 2924 2927 0
2927 1914 2930 0
2927 2924 2934 0
2932 1908 4367 0
2932 1909 2934 0
2932 2933 2942 0
2933 2924 2936 0
2933 2932 2934 0
2933 2936 2937 0
2933 2937 2942 0
2934 1909 4682 0
2935 2936 2938 0
2935 2938 4513 0
2935 4365 4370 0
2936 2924 2941 0
2936 2935 2937 0
2937 2935 4370 0
2938 2909 4514 0
2938 2936 2941 0
2939 2910 4452 0
2939 2938 2941 0
2940 2939 2941 0
2942 2937 4370 0
2943 4339 4548 0
2943 4347 4348 0
2944 2945 4368 0
2944 4350 4546 0
2944 4546 4549 0
2944 4549 4550 0
2945 1913 4368 0
2945 2944 4550 0
2946 2947 4556 0
2946 4550 4561 0
2946 4561 4562 0
2946 4562 4564 0
2947 1905 4557 0
2947 2946 4564 0
2949 1868 2950 0
2950 1827 4560 0
2953 14 4678 0
2953 101 3522 0
2954 2955 2968 0
2955 1730 2958 0
2955 2954 2962 0
2955 2958 2968 0
2956 2957 4672 0
2956 4672 4673 0
2957 1731 4672 0
2957 2956 2958 0
2958 2956 2968 0
2959 2955 2962 0
2960 2961 2962 0
2960 2962 2964 0
2960 2964 3052 0
2960 3052 3054 0
2960 3054 3055 0
2961 2959 2962 0
2961 2960 3055 0
2962 2954 2964 0
2963 2964 3313 0
2963 3050 3051 0
2963 3051 3052 0
2964 2954 2966 0
2964 2963 3052 0
2964 2966 3313 0
2965 2966 2967 0
2965 2967 2970 0
2965 2970 2973 0
2965 2973 2977 0
2965 2977 3313 0
2966 2954 2968 0
2966 2965 3313 0
2967 2966 2968 0
2967 2968 4673 0
2968 2956 4673 0
2969 2970 2981 0
2969 2980 4674 0
2969 4674 4675 0
2969 4675 4679 0
2970 2967 2981 0
2970 2969 2972 0
2970 2972 2973 0
2971 2972 2979 0
2971 2979 2982 0
2972 2969 4679 0
2972 2971 2973 0
2973 2971 2976 0
2973 2976 2977 0
2974 2984 3004 0
2974 3004 3009 0
2974 3009 3040 0
2974 3040 3042 0
2974 3041 3049 0
2974 3049 3312 0
2975 2976 3311 0
2975 3311 3312 0
2976 2971 2978 0
2976 2975 2977 0
2976 2978 3311 0
2977 2975 3049 0
2977 3049 3050 0
2977 3050 3313 0
2978 2971 2982 0
2978 2982 2992 0
2978 2986 3311 0
2979 88 2982 0
2979 2972 4679 0
2980 2969 2981 0
2980 2981 4673 0
2980 4672 4680 0
2981 2967 4673 0
2982 88 2991 0
2982 2991 2992 0
2983 98 4681 0
2983 2979 4679 0
2984 2974 3312 0
2984 2986 2988 0
2984 2988 3004 0
2985 2986 2992 0
2985 2990 2993 0
2985 2993 2994 0
2986 2978 2992 0
2986 2984 3311 0
2986 2985 2988 0
2987 2988 2989 0
2987 2989 3003 0
2987 3003 3007 0
2987 3007 3008 0
2988 2985 2989 0
2988 2987 3004 0
2989 2985 2994 0
2989 2994 3595 0
2990 2985 2992 0
2990 2991 2996 0
2990 2996 2997 0
2991 88 2996 0
2991 2990 2992 0
2993 57 2995 0
2993 2990 2997 0
2994 65 3595 0
2994 2993 2995 0
2996 88 2999 0
2996 90 2998 0
2997 2996 2998 0
2999 89 3000 0
3001 3310 3596 0
3001 3590 3600 0
3001 3600 3601 0
3002 3003 3592 0
3002 3591 3596 0
3003 2989 3592 0
3003 3002 3007 0
3004 2987 3008 0
3004 3008 3009 0
3005 3010 3011 0
3005 3011 3015 0
3005 3015 3017 0
3005 3016 3046 0
3006 3007 3012 0
3007 3002 3012 0
3007 3006 3008 0
3008 3006 3009 0
3009 3006 3010 0
3009 3010 3044 0
3010 3005 3044 0
3010 3006 3011 0
3011 3006 3012 0
3011 3012 3028 0
3011 3026 3027 0
3012 3002 3596 0
3013 3023 3024 0
3013 3024 3030 0
3013 3030 3062 0
3014 3015 3027 0
3014 3027 3032 0
3015 3011 3027 0
3015 3014 3017 0
3016 3005 3017 0
3016 3017 3019 0
3016 3019 3020 0
3016 3020 4671 0
3017 3014 3019 0
3018 3019 3023 0
3018 3023 3035 0
3018 3035 3066 0
3019 3014 3024 0
3019 3018 3020 0
3020 3018 3022 0
3020 3022 3306 0
3020 3306 4671 0
3021 3022 3067 0
3021 3067 3069 0
3021 3069 3293 0
3021 3293 3301 0
3021 3301 3302 0
3021 3302 3305 0
3022 3018 3066 0
3022 3021 3305 0
3022 3066 3067 0
3022 3305 3306 0
3023 3013 3037 0
3023 3019 3024 0
3024 3014 3032 0
3025 3248 3249 0
3025 3249 3250 0
3025 3250 3309 0
3025 3309 3602 0
3026 3011 3028 0
3026 3028 3601 0
3026 3601 3602 0
3027 3026 3309 0
3028 3012 3310 0
3028 3310 3601 0
3029 3030 3032 0
3029 3032 3250 0
3029 3246 3247 0
3030 3024 3032 0
3030 3029 3031 0
3030 3031 3062 0
3031 3029 3247 0
3031 3232 3233 0
3032 3027 3309 0
3033 3036 3065 0
3033 3065 3217 0
3034 3035 3037 0
3034 3037 3038 0
3034 3038 3064 0
3034 3064 3065 0
3035 3023 3037 0
3035 3034 3036 0
3035 3036 3066 0
3036 3033 3208 0
3036 3034 3065 0
3036 3208 3209 0
3037 3013 3062 0
3038 3037 3062 0
3038 3062 3233 0
3039 3040 3044 0
3039 3044 3045 0
3039 3045 3048 0
3040 3009 3044 0
3040 3039 3042 0
3041 2974 3042 0
3041 3042 3043 0
3041 3043 3051 0
3042 3039 3043 0
3043 3039 3048 0
3043 3048 4670 0
3043 3058 3059 0
3044 3005 3046 0
3045 16 3048 0
3045 3044 3046 0
3046 3016 4671 0
3047 16 3304 0
3047 3303 4670 0
3048 3047 4670 0
3049 2975 3312 0
3049 3041 3050 0
3050 2963 3313 0
3050 3041 3051 0
3051 3043 3059 0
3052 3051 3059 0
3053 3054 3058 0
3053 3058 3061 0
3053 3061 3280 0
3053 3280 3288 0
3054 3052 3059 0
3054 3053 3057 0
3055 3054 3057 0
3056 3055 3057 0
3056 3057 3288 0
3057 3053 3288 0
3058 3043 4670 0
3058 3054 3059 0
3060 3061 4670 0
3060 3295 3298 0
3060 3303 3307 0
3061 3058 4670 0
3061 3060 3280 0
3062 3031 3233 0
3063 3064 3227 0
3064 3038 3227 0
3064 3063 3065 0
3065 3063 3217 0
3066 3036 3209 0
3067 3066 3209 0
3068 3210 4663 0
3069 3067 3209 0
3069 3209 3210 0
3069 3210 3308 0
3070 3116 3287 0
3070 3287 3296 0
3070 3294 4659 0
3070 3296 3297 0
3071 3072 3283 0
3071 3283 3284 0
3072 3071 3074 0
3072 3074 3289 0
3072 3289 3291 0
3073 3074 3077 0
3073 3077 3078 0
3073 3078 3079 0
3073 3079 3290 0
3074 3071 3076 0
3074 3073 3289 0
3074 3076 3077 0
3075 3076 3114 0
3075 3086 3087 0
3075 3087 3088 0
3076 3071 3082 0
3076 3075 3077 0
3076 3082 3114 0
3077 3075 3078 0
3078 1642 3079 0
3078 3075 3088 0
3079 1651 3290 0
3080 3083 3111 0
3080 3111 3122 0
3081 3082 3084 0
3081 3084 3117 0
3081 3113 3122 0
3082 3071 3284 0
3082 3081 3083 0
3082 3083 3114 0
3083 3080 3085 0
3083 3081 3111 0
3083 3085 3086 0
3083 3086 3114 0
3084 3082 3284 0
3084 3116 3117 0
3084 3284 3287 0
3085 12 3087 0
3085 3080 3110 0
3086 3075 3114 0
3086 3085 3087 0
3087 12 4669 0
3087 1646 3088 0
3089 3098 3099 0
3089 3099 3120 0
3089 3120 3274 0
3090 3091 3110 0
3090 3110 3119 0
3090 3119 3120 0
3091 3085 3110 0
3091 3090 3099 0
3092 3093 3098 0
3092 3098 3102 0
3092 3102 3103 0
3093 3091 3099 0
3093 3092 3095 0
3094 3095 4652 0
3094 4649 4651 0
3094 4651 4669 0
3095 3092 3097 0
3095 3094 4669 0
3095 3097 4652 0
3096 1104 4637 0
3096 4635 4650 0
3096 4650 4652 0
3097 3092 3103 0
3097 3096 4652 0
3098 3089 3101 0
3098 3093 3099 0
3098 3101 3102 0
3099 3090 3120 0
3100 3101 3275 0
3100 3104 3106 0
3101 3089 3140 0
3101 3100 3102 0
3101 3140 3275 0
3102 3100 3103 0
3103 3100 3105 0
3104 1067 3276 0
3104 3100 3275 0
3105 3100 3106 0
3106 3104 3276 0
3107 3106 3276 0
3108 3107 3276 0
3108 3109 4668 0
3109 1068 4668 0
3109 3108 3276 0
3110 3080 3119 0
3111 3081 3122 0
3112 3113 4665 0
3113 3081 3117 0
3113 3112 3123 0
3113 3115 4665 0
3113 3121 3122 0
3115 3113 3117 0
3115 3116 4659 0
3115 4659 4660 0
3115 4660 4665 0
3116 3070 4659 0
3116 3084 3287 0
3116 3115 3117 0
3118 3119 3121 0
3118 3121 3123 0
3118 3123 3129 0
3118 3129 3131 0
3119 3080 3121 0
3119 3118 3120 0
3120 3118 3131 0
3120 3131 3139 0
3120 3139 3274 0
3121 3080 3122 0
3121 3113 3123 0
3123 3112 3126 0
3123 3126 3129 0
3124 3130 3177 0
3124 3176 3272 0
3125 3126 4667 0
3126 3112 3127 0
3126 3125 3129 0
3126 3127 4667 0
3127 3112 4664 0
3127 3206 3207 0
3127 3207 4667 0
3128 3129 3130 0
3128 3130 3144 0
3128 3137 3139 0
3129 3125 3130 0
3129 3128 3131 0
3130 3124 3144 0
3130 3125 3177 0
3131 3128 3139 0
3132 3152 3273 0
3132 3172 3183 0
3133 3134 3151 0
3133 3151 3152 0
3133 3152 3169 0
3133 3155 3156 0
3134 1058 3148 0
3134 3133 3156 0
3134 3148 3151 0
3135 3136 3141 0
3135 3140 3274 0
3136 1067 3141 0
3136 3135 3137 0
3136 3137 3138 0
3137 1070 3138 0
3137 3128 3144 0
3137 3135 3139 0
3139 3135 3274 0
3140 3089 3274 0
3140 3135 3141 0
3140 3141 3275 0
3141 3104 3275 0
3142 3143 3144 0
3142 3144 3150 0
3142 3145 3146 0
3143 3137 3144 0
3143 3142 3146 0
3144 3124 3272 0
3145 1055 3147 0
3145 3142 3148 0
3146 3145 3147 0
3148 3142 3150 0
3148 3150 3151 0
3149 3150 3171 0
3149 3171 3172 0
3149 3172 3273 0
3150 3144 3272 0
3150 3149 3151 0
3151 3149 3152 0
3152 3132 3154 0
3152 3149 3273 0
3152 3154 3169 0
3153 3154 3159 0
3153 3159 3162 0
3153 3162 3163 0
3153 3163 3166 0
3154 3132 3164 0
3154 3153 3155 0
3154 3155 3169 0
3155 3133 3169 0
3155 3153 3166 0
3155 3166 3168 0
3156 3155 3168 0
3157 3160 3271 0
3157 3189 3191 0
3157 3191 3192 0
3158 3159 3164 0
3158 3164 3270 0
3158 3270 3271 0
3159 3154 3164 0
3159 3158 3160 0
3159 3160 3162 0
3160 3157 3192 0
3160 3158 3271 0
3160 3161 3162 0
3161 3160 3192 0
3161 3192 3197 0
3161 3197 3199 0
3162 3161 3163 0
3163 3161 3199 0
3163 3165 3166 0
3164 3132 3183 0
3164 3183 3270 0
3165 1010 3166 0
3165 3163 3199 0
3165 3199 3267 0
3166 1010 3167 0
3166 3167 3168 0
3167 1047 3168 0
3170 3171 3174 0
3170 3174 3175 0
3170 3175 3180 0
3170 3180 3183 0
3171 3150 3272 0
3171 3170 3172 0
3172 3132 3273 0
3172 3170 3183 0
3173 3174 3176 0
3173 3176 3177 0
3173 3177 4667 0
3174 3171 3176 0
3174 3173 3175 0
3175 946 3179 0
3175 3173 3207 0
3175 3179 3180 0
3176 3124 3177 0
3176 3171 3272 0
3177 3125 4667 0
3178 3179 3215 0
3179 946 3203 0
3179 3178 3180 0
3179 3203 3215 0
3180 3178 3182 0
3180 3182 3183 0
3181 3182 3184 0
3181 3184 3186 0
3181 3186 3271 0
3182 3178 3184 0
3182 3181 3183 0
3183 3181 3270 0
3184 947 3186 0
3184 3178 3214 0
3185 3186 3187 0
3185 3187 3188 0
3185 3188 3189 0
3185 3189 3271 0
3186 947 3187 0
3186 3185 3271 0
3187 947 3201 0
3187 949 3188 0
3188 952 3193 0
3189 3157 3271 0
3189 3188 3193 0
3190 3191 3193 0
3190 3193 3194 0
3190 3194 3200 0
3191 3189 3193 0
3191 3190 3192 0
3192 3190 3197 0
3193 952 3196 0
3194 984 3200 0
3194 3193 3196 0
3194 3195 3268 0
3195 958 3268 0
3195 3194 3196 0
3195 3196 3269 0
3196 943 3269 0
3197 1012 3198 0
3197 3190 3200 0
3197 3198 3199 0
3198 1011 3267 0
3199 3198 3267 0
3201 947 3221 0
3202 3203 3205 0
3202 3205 3211 0
3202 3211 3212 0
3202 3212 3218 0
3202 3213 3215 0
3203 946 3205 0
3203 3202 3215 0
3204 3205 4662 0
3204 3208 3211 0
3204 4662 4663 0
3205 946 3206 0
3205 3204 3211 0
3205 3206 4662 0
3206 946 3207 0
3206 3127 4661 0
3206 4661 4662 0
3207 3173 4667 0
3208 3033 3211 0
3208 3204 4663 0
3209 3208 3210 0
3210 3068 3308 0
3210 3208 4663 0
3211 3033 3212 0
3212 3033 3217 0
3212 3217 3218 0
3213 3202 3218 0
3213 3214 3215 0
3213 3218 3220 0
3213 3220 3221 0
3214 3178 3215 0
3214 3213 3221 0
3216 3217 3223 0
3216 3223 3224 0
3217 3063 3223 0
3217 3216 3218 0
3218 3216 3220 0
3219 3201 3221 0
3219 3220 3224 0
3219 3224 3226 0
3220 3216 3224 0
3220 3219 3221 0
3222 3223 3227 0
3222 3227 3229 0
3222 3229 3230 0
3223 3063 3227 0
3223 3222 3224 0
3224 3222 3225 0
3224 3225 3226 0
3225 939 4666 0
3225 3222 3230 0
3226 3225 4666 0
3227 3038 3233 0
3228 3229 3232 0
3228 3231 3266 0
3228 3232 3235 0
3228 3235 3238 0
3228 3238 3260 0
3229 3227 3233 0
3229 3228 3266 0
3230 3229 3266 0
3231 3228 3260 0
3231 3230 3266 0
3231 3260 3262 0
3231 3262 3263 0
3232 3031 3247 0
3232 3229 3233 0
3234 3235 3246 0
3234 3246 3251 0
3234 3251 3252 0
3234 3252 3259 0
3235 3232 3247 0
3235 3234 3237 0
3235 3237 3238 0
3236 3237 3240 0
3236 3240 3242 0
3236 3242 3245 0
3237 3234 3259 0
3237 3236 3238 0
3238 3236 3239 0
3238 3239 3260 0
3239 3236 3245 0
3239 3245 3258 0
3239 3258 3265 0
3240 915 3243 0
3240 3237 3259 0
3241 3240 3259 0
3241 3252 3583 0
3241 3583 3603 0
3242 886 3244 0
3242 3240 3243 0
3242 3244 3245 0
3244 887 3257 0
3245 890 3258 0
3245 3244 3257 0
3246 3029 3249 0
3246 3235 3247 0
3246 3249 3251 0
3248 3025 3598 0
3248 3256 3634 0
3249 3029 3250 0
3249 3248 3251 0
3250 3032 3309 0
3251 3248 3252 0
3252 3241 3259 0
3252 3248 3255 0
3252 3255 3583 0
3253 3562 3630 0
3254 3255 3634 0
3254 3580 3581 0
3254 3581 3584 0
3255 3248 3634 0
3255 3254 3583 0
3256 3248 3598 0
3256 3580 3634 0
3256 3598 3599 0
3258 890 3265 0
3260 3239 3262 0
3261 955 3263 0
3261 3262 3265 0
3262 3239 3265 0
3262 3261 3263 0
3264 3261 3265 0
3270 3181 3271 0
3277 1074 3382 0
3277 3108 4668 0
3278 3281 3299 0
3278 3283 3285 0
3279 3056 3288 0
3279 3280 3298 0
3279 3298 3299 0
3280 3060 3298 0
3280 3279 3288 0
3281 3278 3285 0
3281 3279 3299 0
3282 3281 3285 0
3282 3285 3286 0
3283 3072 3286 0
3283 3278 3287 0
3284 3283 3287 0
3285 3283 3286 0
3286 3072 3291 0
3287 3278 3296 0
3289 1695 3291 0
3289 3073 3290 0
3292 3293 3308 0
3292 3308 4660 0
3293 3069 3308 0
3293 3292 3294 0
3293 3294 3300 0
3293 3300 3301 0
3294 3070 3297 0
3294 3292 4659 0
3294 3297 3300 0
3295 3060 3307 0
3295 3297 3298 0
3296 3278 3299 0
3297 3295 3300 0
3297 3296 3298 0
3298 3296 3299 0
3300 3295 3307 0
3301 3300 3302 0
3302 3300 3307 0
3302 3303 3304 0
3302 3304 3305 0
3303 3047 3304 0
3303 3060 4670 0
3303 3302 3307 0
3304 16 3306 0
3305 3304 3306 0
3306 16 4671 0
3308 3068 4660 0
3309 3026 3602 0
3310 3001 3601 0
3310 3012 3596 0
3311 2984 3312 0
3316 1652 3317 0
3318 1631 3319 0
3319 1610 3322 0
3320 3324 4622 0
3320 4618 4619 0
3320 4622 4623 0
3321 3322 4645 0
3321 4645 4646 0
3322 1610 4645 0
3322 3321 3323 0
3323 3321 3324 0
3323 3324 4600 0
3324 3320 4600 0
3324 3321 4622 0
3325 1621 3326 0
3325 3326 4600 0
3326 3323 4600 0
3327 3328 4599 0
3327 4598 4658 0
3328 3325 4599 0
3328 3327 4656 0
3329 1604 3331 0
3332 1598 3333 0
3335 1382 3336 0
3336 1383 4766 0
3337 1170 3338 0
3341 1134 3342 0
3342 1134 4805 0
3343 1126 3347 0
3344 3346 3350 0
3344 3350 3375 0
3344 3375 3376 0
3344 3376 3377 0
3345 3356 3359 0
3346 1124 3353 0
3346 3344 3347 0
3347 3344 3377 0
3348 3347 3377 0
3348 3354 3362 0
3348 3362 3379 0
3350 1086 3373 0
3350 3346 3353 0
3350 3373 3375 0
3351 3352 3374 0
3351 3369 3370 0
3352 3351 3355 0
3352 3355 3376 0
3354 3348 3377 0
3354 3355 3356 0
3354 3356 3362 0
3355 3351 3358 0
3355 3354 3376 0
3355 3358 3359 0
3356 3355 3359 0
3356 3361 3362 0
3357 3358 3365 0
3357 3365 3367 0
3358 3351 3364 0
3358 3360 3359 0
3358 3364 3365 0
3359 3360 3345 0
3360 3358 3357 0
3361 3349 3362 0
3361 3356 3345 0
3362 3349 3379 0
3363 3364 3368 0
3363 3368 3407 0
3363 3407 3410 0
3363 3410 3414 0
3364 3351 3368 0
3364 3363 3365 0
3365 3363 3367 0
3366 3357 3367 0
3366 3367 3414 0
3367 3363 3414 0
3368 1061 3407 0
3368 3351 3370 0
3369 3351 3374 0
3370 3369 3371 0
3371 3369 3372 0
3372 3369 3374 0
3373 3372 3374 0
3373 3374 3375 0
3374 3352 3375 0
3375 3352 3376 0
3376 3354 3377 0
3378 3348 3379 0
3378 3379 3380 0
3379 3381 3380 0
3380 3381 11 0
3381 3379 3349 0
3385 1032 3397 0
3386 3394 3420 0
3387 3388 3422 0
3388 1033 3422 0
3388 3387 3397 0
3389 3392 3397 0
3389 3394 3393 0
3389 3397 3420 0
3390 3385 3397 0
3390 3392 3396 0
3391 3392 3393 0
3391 3393 3403 0
3392 3389 3393 0
3392 3390 3397 0
3392 3391 3395 0
3392 3395 3396 0
3393 1031 3403 0
3393 3394 1031 0
3394 3389 3420 0
3395 3391 3399 0
3395 3399 3418 0
3395 3418 4863 0
3396 3395 4863 0
3397 3387 3420 0
3398 3399 3405 0
3398 3405 3415 0
3398 3415 3419 0
3399 3391 3402 0
3399 3398 3418 0
3399 3402 3405 0
3400 3405 3413 0
3400 3407 3408 0
3401 3411 3412 0
3401 3412 3413 0
3402 3391 3403 0
3402 3401 3413 0
3402 3404 3401 0
3404 3402 3403 0
3404 3403 1031 0
3405 3400 3408 0
3405 3402 3413 0
3405 3408 3415 0
3406 3407 3409 0
3406 3409 3417 0
3407 1061 3409 0
3407 3400 3410 0
3407 3406 3408 0
3408 3406 3415 0
3409 1061 3417 0
3410 3400 3412 0
3410 3412 3414 0
3411 1030 3412 0
3412 1030 3414 0
3412 3400 3413 0
3415 1065 3419 0
3415 3406 3416 0
3416 3406 3417 0
3418 1043 4863 0
3418 3398 3419 0
3420 3421 3386 0
3421 3387 3422 0
3421 3420 3387 0
3422 1028 4597 0
3424 874 3425 0
3426 854 3427 0
3428 666 3429 0
3429 653 3431 0
3430 794 550 0
3430 849 794 0
3433 622 3446 0
3433 3435 3462 0
3434 731 3438 0
3434 3435 3440 0
3434 3440 3443 0
3434 3443 3451 0
3435 708 3462 0
3435 3433 3440 0
3435 3434 3436 0
3436 717 3437 0
3436 3434 3438 0
3439 3440 3446 0
3439 3446 3447 0
3439 3447 3458 0
3440 3433 3446 0
3440 3439 3443 0
3441 3443 3444 0
3441 3444 3452 0
3441 3450 3451 0
3442 731 3451 0
3443 3439 3444 0
3443 3441 3451 0
3444 3439 3458 0
3444 3458 3459 0
3445 3453 3454 0
3445 3454 3455 0
3446 622 3447 0
3447 625 3458 0
3448 734 3450 0
3448 3449 733 0
3448 3450 3452 0
3449 3448 522 0
3450 3441 3452 0
3450 3442 3451 0
3452 3444 3454 0
3452 3453 522 0
3453 3452 3454 0
3454 3444 3459 0
3455 629 3457 0
3455 3454 3459 0
3455 3456 3445 0
3455 3459 3460 0
3456 3455 3457 0
3457 629 4817 0
3458 625 3460 0
3459 3458 3460 0
3461 709 3463 0
3461 3433 3462 0
3463 706 3466 0
3464 707 3465 0
3468 223 3469 0
3469 253 3641 0
3469 254 4855 0
3471 238 3472 0
3471 3472 3475 0
3471 3473 3493 0
3472 168 3475 0
3473 407 3494 0
3473 3471 3475 0
3473 3475 3478 0
3474 3475 3492 0
3474 3477 3478 0
3475 168 3492 0
3475 3474 3478 0
3476 21 3480 0
3476 407 3478 0
3477 176 4860 0
3477 3474 3492 0
3477 3476 3478 0
3479 3476 3480 0
3480 21 3481 0
3481 21 3490 0
3482 3483 3491 0
3482 3491 3662 0
3482 3662 4591 0
3483 3481 3490 0
3483 3482 3485 0
3483 3485 3487 0
3483 3490 3491 0
3484 421 3487 0
3484 3485 3486 0
3484 3486 3488 0
3485 3482 4588 0
3485 3484 3487 0
3486 410 3488 0
3486 3485 4588 0
3486 4588 4589 0
3489 3490 4596 0
3490 21 4596 0
3490 3489 3491 0
3491 3489 3660 0
3491 3660 3662 0
3493 3473 3494 0
3494 232 3496 0
3495 3494 3496 0
3496 232 3497 0
3499 3500 3516 0
3499 3516 3518 0
3499 3518 3769 0
3500 158 3516 0
3500 3499 3501 0
3501 3499 3663 0
3502 3506 3511 0
3502 3511 3646 0
3502 3517 3519 0
3503 158 3505 0
3503 3505 3506 0
3503 3506 3519 0
3504 140 3514 0
3505 3504 3506 0
3506 3502 3519 0
3506 3504 3508 0
3506 3508 3511 0
3507 3510 3515 0
3507 3515 3750 0
3508 3504 3514 0
3508 3510 3511 0
3508 3514 3515 0
3509 3510 3693 0
3509 3693 3694 0
3510 3507 3693 0
3510 3508 3515 0
3510 3509 3511 0
3511 3509 3646 0
3512 3513 3753 0
3513 165 3753 0
3513 3512 3514 0
3514 3512 3515 0
3515 3512 3750 0
3516 3503 3519 0
3517 3502 3646 0
3517 3518 3519 0
3517 3645 3649 0
3517 3649 3653 0
3517 3653 3769 0
3518 3516 3519 0
3518 3517 3769 0
3523 99 3524 0
3527 38 3530 0
3527 42 3528 0
3528 25 3535 0
3528 42 3529 0
3531 3532 3574 0
3531 3574 3575 0
3531 3575 3577 0
3531 3577 3587 0
3532 26 3574 0
3532 29 3537 0
3532 3531 3587 0
3533 26 3537 0
3533 27 3536 0
3533 3536 3642 0
3534 3535 3643 0
3534 3643 3644 0
3535 25 3643 0
3535 3534 3536 0
3536 3534 3642 0
3538 3539 3642 0
3538 3642 3644 0
3538 3644 4859 0
3539 3533 3642 0
3539 3538 3555 0
3540 3545 3566 0
3541 3542 3546 0
3541 3546 3565 0
3541 3565 3566 0
3542 569 3546 0
3542 3541 3544 0
3543 3544 3545 0
3543 3545 3554 0
3543 3554 3640 0
3544 3541 3545 0
3544 3543 3637 0
3545 3540 3553 0
3545 3541 3566 0
3545 3553 3554 0
3546 566 3564 0
3546 569 3548 0
3546 3564 3565 0
3547 567 3620 0
3547 3546 3548 0
3549 23 3639 0
3549 3553 3636 0
3549 3639 3640 0
3550 3551 3555 0
3550 3553 3556 0
3550 3555 3636 0
3551 3550 3556 0
3551 3552 3555 0
3551 3556 3561 0
3551 3561 3574 0
3552 3539 3555 0
3552 3551 3574 0
3553 3540 3556 0
3553 3549 3554 0
3553 3550 3636 0
3554 3549 3640 0
3555 3538 3636 0
3556 3540 3559 0
3556 3559 3560 0
3556 3560 3561 0
3557 3560 3627 0
3557 3627 3628 0
3557 3628 3630 0
3558 3559 3571 0
3558 3570 3626 0
3558 3626 3627 0
3559 3540 3563 0
3559 3558 3560 0
3559 3563 3571 0
3560 3557 3561 0
3560 3558 3627 0
3561 3557 3562 0
3561 3562 3574 0
3562 3253 3575 0
3562 3557 3630 0
3563 3540 3566 0
3563 3564 3569 0
3563 3569 3571 0
3564 566 3568 0
3564 3563 3565 0
3564 3568 3569 0
3565 3563 3566 0
3567 3568 3606 0
3567 3606 3608 0
3567 3608 3609 0
3568 566 3573 0
3568 3567 3569 0
3568 3573 3606 0
3569 3567 3570 0
3569 3570 3571 0
3570 13 3626 0
3570 3558 3571 0
3570 3567 3609 0
3572 3573 3621 0
3572 3615 3623 0
3573 566 3620 0
3573 3572 3606 0
3573 3620 3621 0
3574 3562 3575 0
3575 3253 3579 0
3576 3577 3579 0
3576 3579 3580 0
3576 3580 3599 0
3577 3575 3579 0
3577 3576 3578 0
3577 3578 3587 0
3578 3576 3586 0
3578 3586 3589 0
3579 3253 3581 0
3580 3254 3634 0
3580 3256 3599 0
3580 3579 3581 0
3581 3253 3584 0
3582 3583 3584 0
3582 3584 3629 0
3583 3254 3584 0
3583 3582 3603 0
3584 3253 3630 0
3585 3586 3599 0
3585 3588 3589 0
3585 3599 3600 0
3586 3576 3599 0
3586 3585 3589 0
3587 3578 3589 0
3588 31 3589 0
3588 3585 3590 0
3588 3590 3591 0
3588 3591 3593 0
3590 3001 3596 0
3590 3585 3600 0
3591 3002 3592 0
3591 3590 3596 0
3591 3592 3593 0
3592 2989 3595 0
3593 3592 3595 0
3594 3593 3595 0
3597 3598 3602 0
3598 3025 3602 0
3598 3597 3599 0
3599 3597 3600 0
3600 3597 3601 0
3601 3597 3602 0
3603 3582 3604 0
3604 3582 3629 0
3604 3629 3631 0
3605 3625 3631 0
3606 3572 3611 0
3607 3610 3611 0
3607 3611 3623 0
3608 910 3609 0
3608 3606 3611 0
3610 3607 3612 0
3610 3608 3611 0
3611 3572 3623 0
3612 3607 3613 0
3613 929 3614 0
3613 3607 3623 0
3615 3572 3617 0
3615 3613 3623 0
3615 3617 3635 0
3616 542 3618 0
3616 931 3617 0
3616 3617 3621 0
3617 931 3635 0
3617 3572 3621 0
3619 567 3622 0
3619 3616 3621 0
3620 3619 3621 0
3624 3625 3633 0
3625 13 3633 0
3625 3605 3626 0
3625 3624 3631 0
3626 3605 3628 0
3627 3626 3628 0
3628 3605 3629 0
3628 3629 3630 0
3629 3584 3630 0
3629 3605 3631 0
3631 3624 3632 0
3632 3624 3633 0
3636 3538 4859 0
3637 3543 3639 0
3638 254 3641 0
3638 3637 3639 0
3638 3639 4857 0
3639 23 4857 0
3639 3543 3640 0
3642 3534 3644 0
3643 213 4858 0
3644 3643 4858 0
3644 4852 4859 0
3645 3517 3646 0
3645 3646 3689 0
3645 3648 3649 0
3645 3689 3690 0
3646 3509 3689 0
3647 3650 3668 0
3648 18 3765 0
3648 3645 3690 0
3648 3667 3668 0
3649 3648 3650 0
3649 3650 3653 0
3650 3647 3652 0
3650 3648 3668 0
3650 3652 3653 0
3651 3652 3655 0
3651 3655 4593 0
3651 3663 3768 0
3651 4593 4594 0
3652 3647 3655 0
3652 3651 3768 0
3653 3652 3768 0
3653 3768 3769 0
3654 3655 3770 0
3654 3660 4593 0
3655 3647 3657 0
3655 3654 4593 0
3655 3657 3770 0
3656 3657 3659 0
3656 3659 3664 0
3656 3661 3770 0
3656 3664 3676 0
3656 3676 3677 0
3657 3647 3659 0
3657 3656 3770 0
3658 3659 3667 0
3658 3667 3682 0
3658 3682 3766 0
3659 3647 3668 0
3659 3658 3664 0
3660 3489 4593 0
3660 3654 3661 0
3660 3661 4591 0
3661 3654 3770 0
3661 3656 3677 0
3661 3677 4590 0
3661 4587 4591 0
3662 3660 4591 0
3663 3499 3769 0
3663 3651 4594 0
3664 3658 3666 0
3664 3666 3669 0
3664 3669 3676 0
3665 3666 3764 0
3665 3764 4583 0
3666 3658 3766 0
3666 3665 3671 0
3667 3648 3765 0
3667 3659 3668 0
3669 497 3676 0
3669 3666 3671 0
3670 502 3679 0
3670 3669 3671 0
3670 3671 3674 0
3671 3665 3673 0
3671 3673 3674 0
3672 3673 3675 0
3672 3675 4259 0
3672 4254 4258 0
3673 3665 3675 0
3673 3672 3674 0
3674 3672 4258 0
3674 4256 4260 0
3675 3665 4583 0
3675 4583 4585 0
3676 497 3677 0
3677 497 4590 0
3678 497 3679 0
3678 498 4592 0
3678 4589 4590 0
3680 3683 3703 0
3680 3703 3708 0
3680 3708 3709 0
3680 3709 3771 0
3681 3682 3683 0
3681 3683 3762 0
3681 3762 3763 0
3681 3763 3764 0
3681 3764 3766 0
3682 3667 3765 0
3682 3681 3766 0
3683 3680 3762 0
3683 3682 3684 0
3683 3684 3688 0
3683 3688 3703 0
3684 18 3687 0
3684 3682 3765 0
3684 3687 3688 0
3685 3691 3702 0
3685 3702 3714 0
3685 3714 3759 0
3686 3687 3689 0
3686 3689 3694 0
3687 18 3690 0
3687 3686 3688 0
3688 3686 3691 0
3688 3691 3711 0
3689 3509 3694 0
3689 3687 3690 0
3691 3685 3711 0
3691 3686 3692 0
3691 3692 3702 0
3692 3686 3694 0
3692 3693 3698 0
3692 3698 3702 0
3693 3507 3698 0
3693 3692 3694 0
3695 3719 3728 0
3695 3728 3736 0
3695 3736 4026 0
3696 3700 3701 0
3696 3701 3757 0
3697 3698 3750 0
3698 3507 3750 0
3698 3697 3699 0
3698 3699 3702 0
3699 3697 3700 0
3699 3700 3713 0
3699 3713 3714 0
3700 3696 3713 0
3700 3697 3701 0
3701 3697 3749 0
3701 3728 3757 0
3702 3699 3714 0
3703 3688 3711 0
3704 4280 4283 0
3704 4283 4578 0
3705 4167 4168 0
3705 4168 4169 0
3706 3760 4291 0
3706 3777 3778 0
3706 4291 4292 0
3706 4292 4295 0
3707 3708 3710 0
3707 3710 3778 0
3708 3703 3711 0
3708 3707 3709 0
3709 3707 3777 0
3710 3708 3711 0
3710 3711 3759 0
3710 3758 3778 0
3711 3685 3759 0
3712 3713 3716 0
3712 3716 4299 0
3713 3696 3716 0
3713 3712 3714 0
3714 3712 3758 0
3714 3758 3759 0
3715 3716 3720 0
3715 3720 3727 0
3715 3727 4300 0
3716 3696 3717 0
3716 3715 4299 0
3716 3717 3720 0
3717 3696 3757 0
3717 3719 3720 0
3718 3719 3725 0
3718 3725 4575 0
3719 3695 3725 0
3719 3717 3728 0
3719 3718 3720 0
3720 3718 3727 0
3721 4284 4287 0
3721 4287 4288 0
3721 4288 4577 0
3722 4007 4008 0
3722 4008 4009 0
3722 4009 4566 0
3722 4031 4060 0
3723 4003 4576 0
3724 3725 4026 0
3724 4026 4573 0
3724 4573 4576 0
3724 4574 4575 0
3725 3695 4026 0
3725 3724 4575 0
3726 3727 4575 0
3726 4288 4300 0
3726 4575 4577 0
3727 3718 4575 0
3727 3726 4300 0
3728 3701 3730 0
3728 3717 3757 0
3728 3730 3733 0
3728 3733 3736 0
3729 3730 3748 0
3729 3745 3746 0
3729 3747 3752 0
3730 3701 3748 0
3730 3729 3732 0
3730 3732 3733 0
3731 3732 3756 0
3732 3729 3746 0
3732 3731 3733 0
3732 3742 3756 0
3733 3731 3735 0
3733 3735 3736 0
3734 3735 3738 0
3734 3738 4572 0
3734 4024 4026 0
3735 3731 3738 0
3735 3734 3736 0
3736 3734 4026 0
3737 3738 4586 0
3737 4022 4572 0
3738 3731 3756 0
3738 3737 4572 0
3738 3739 4586 0
3739 3738 3756 0
3739 3740 4586 0
3740 1809 3741 0
3740 3739 3743 0
3740 3741 4586 0
3741 1809 4331 0
3741 4029 4586 0
3742 3732 3746 0
3742 3743 3756 0
3743 3739 3756 0
3743 3742 3744 0
3744 3742 3746 0
3745 3729 3752 0
3745 3744 3746 0
3745 3752 3755 0
3747 3729 3748 0
3747 3748 3749 0
3747 3749 3751 0
3747 3751 3753 0
3748 3701 3749 0
3749 3697 3750 0
3749 3750 3751 0
3750 3512 3751 0
3751 3512 3753 0
3752 3747 3753 0
3752 3753 3754 0
3752 3754 3755 0
3753 165 3754 0
3754 1779 3755 0
3758 3710 3759 0
3758 3712 3761 0
3758 3761 3778 0
3760 3706 3778 0
3760 3761 4289 0
3760 4289 4291 0
3761 3712 4289 0
3761 3760 3778 0
3762 3680 3771 0
3763 3762 3771 0
3763 3771 4584 0
3764 3666 3766 0
3764 3763 4583 0
3767 3663 4594 0
3768 3663 3769 0
3771 3709 3773 0
3771 3773 4584 0
3772 3773 3775 0
3772 3775 4263 0
3772 4262 4585 0
3773 3709 3775 0
3773 3772 4584 0
3774 3775 3776 0
3774 3776 3781 0
3774 3781 4266 0
3775 3709 3776 0
3775 3774 4263 0
3776 3709 3777 0
3776 3777 4250 0
3777 3706 4250 0
3777 3707 3778 0
3779 3782 4296 0
3779 4296 4298 0
3780 3781 4250 0
3780 4250 4295 0
3780 4294 4296 0
3781 3776 4250 0
3781 3780 3782 0
3781 3782 3785 0
3781 3785 4266 0
3782 3779 3784 0
3782 3780 4296 0
3782 3784 3785 0
3783 3784 3790 0
3783 3790 3799 0
3783 3799 4267 0
3783 4265 4266 0
3784 3779 3792 0
3784 3783 3785 0
3784 3792 3793 0
3785 3783 4266 0
3786 3862 3865 0
3786 3865 3868 0
3787 4095 4183 0
3787 4133 4134 0
3787 4183 4184 0
3788 3820 3924 0
3789 3817 4249 0
3789 4248 4582 0
3790 3784 3793 0
3790 3793 4582 0
3791 3792 4094 0
3791 3923 3924 0
3791 3924 4582 0
3792 3779 3795 0
3792 3791 3793 0
3792 3795 4094 0
3793 3791 4582 0
3794 3795 4580 0
3794 3925 4094 0
3795 3779 4298 0
3795 3794 4094 0
3795 4298 4580 0
3796 4294 4297 0
3796 4297 4578 0
3796 4578 4580 0
3797 3801 3804 0
3797 3804 3807 0
3797 3807 4247 0
3798 3799 4248 0
3798 3800 4267 0
3798 4248 4249 0
3799 3790 4248 0
3799 3798 4267 0
3800 3798 3801 0
3800 3801 4246 0
3800 4246 4264 0
3800 4264 4267 0
3801 3797 4246 0
3801 3798 3811 0
3802 3814 3859 0
3802 3859 4273 0
3802 4268 4269 0
3803 3804 3811 0
3803 3811 3813 0
3803 3813 4271 0
3804 3801 3811 0
3804 3803 4270 0
3804 3806 3807 0
3805 3806 4243 0
3805 4223 4224 0
3806 3804 4270 0
3806 3805 3807 0
3807 3805 3809 0
3807 3809 4247 0
3808 3809 3810 0
3808 3810 4252 0
3808 4245 4247 0
3808 4252 4253 0
3809 3805 3810 0
3809 3808 4247 0
3810 488 4252 0
3810 3805 4224 0
3811 3798 4249 0
3812 3813 3817 0
3812 3817 3831 0
3812 3831 3832 0
3812 3832 4244 0
3813 3811 4249 0
3813 3812 4244 0
3813 3814 4271 0
3814 3802 4269 0
3814 3813 4244 0
3814 4269 4271 0
3815 3833 3860 0
3816 3845 3852 0
3817 3789 3819 0
3817 3813 4249 0
3817 3819 3831 0
3818 3819 3820 0
3818 3820 3821 0
3818 3821 3824 0
3818 3824 3827 0
3818 3827 3831 0
3819 3789 4582 0
3819 3818 3831 0
3820 3788 3821 0
3820 3819 4582 0
3821 3788 3823 0
3821 3823 3824 0
3822 3823 4095 0
3822 4095 4096 0
3823 3788 3912 0
3823 3822 3824 0
3823 3912 3914 0
3823 3913 4095 0
3824 3822 3826 0
3824 3826 3827 0
3825 3826 3829 0
3825 3828 3860 0
3826 3822 3829 0
3826 3825 3827 0
3827 3825 3832 0
3828 3825 3829 0
3828 3829 3830 0
3828 3830 4274 0
3828 3854 3855 0
3828 3855 3860 0
3829 3822 4096 0
3830 3829 4096 0
3830 4096 4134 0
3830 4134 4197 0
3830 4197 4274 0
3831 3827 3832 0
3832 3825 3833 0
3832 3833 3858 0
3832 3858 3859 0
3832 3859 4244 0
3833 3815 3835 0
3833 3825 3860 0
3833 3835 3858 0
3834 3835 3838 0
3834 3838 4273 0
3835 3815 3843 0
3835 3834 3858 0
3835 3843 3844 0
3836 4209 4210 0
3837 3840 3857 0
3837 3845 3847 0
3838 3835 3844 0
3838 3840 4273 0
3838 3844 3857 0
3839 3840 3841 0
3839 3841 4204 0
3839 4204 4206 0
3839 4206 4272 0
3839 4272 4273 0
3840 3837 3841 0
3840 3838 3857 0
3840 3839 4273 0
3841 3837 3847 0
3841 3847 4210 0
3842 3843 4202 0
3842 3850 3861 0
3843 3815 3849 0
3843 3842 3844 0
3843 3849 4202 0
3844 3842 3845 0
3844 3845 3857 0
3845 3837 3857 0
3845 3842 3852 0
3845 3846 3847 0
3846 3836 3847 0
3846 3845 3816 0
3847 3836 4210 0
3848 3849 3856 0
3848 3856 4194 0
3848 3870 4201 0
3848 4194 4196 0
3849 3815 3855 0
3849 3848 4201 0
3849 3850 4202 0
3849 3855 3856 0
3850 3842 4202 0
3850 3849 4201 0
3851 3852 3861 0
3851 3861 3862 0
3852 3842 3861 0
3852 3853 3816 0
3853 3852 3851 0
3854 3828 4274 0
3855 3815 3860 0
3855 3854 3856 0
3856 3854 4194 0
3858 3834 3859 0
3859 3814 4244 0
3859 3834 4273 0
3861 3850 3871 0
3862 3861 3871 0
3862 3863 3851 0
3863 3862 3786 0
3864 3865 3870 0
3864 3870 4196 0
3864 4196 4199 0
3865 3862 3871 0
3865 3864 3868 0
3866 3877 3878 0
3866 3878 3883 0
3867 3868 3876 0
3868 3864 3875 0
3868 3869 3786 0
3868 3875 3876 0
3869 3868 3867 0
3870 3848 4196 0
3870 3865 3871 0
3870 3871 4201 0
3871 3850 4201 0
3872 3874 4191 0
3872 3896 3897 0
3872 4191 4192 0
3873 4109 4113 0
3873 4113 4119 0
3874 3872 3897 0
3874 3875 4199 0
3874 4190 4191 0
3875 3864 4199 0
3875 3874 3876 0
3876 3874 3897 0
3876 3877 3867 0
3877 3876 3897 0
3878 3877 3897 0
3879 3892 4105 0
3880 3881 3900 0
3880 3900 4107 0
3880 4107 4108 0
3881 3880 3885 0
3881 3883 3896 0
3881 3896 3899 0
3881 3899 3900 0
3882 3884 3886 0
3882 3886 3890 0
3883 3878 3896 0
3883 3881 3885 0
3883 3884 3866 0
3883 3885 3886 0
3884 3883 3886 0
3885 3880 3889 0
3885 3889 3890 0
3886 3885 3890 0
3887 3882 3890 0
3887 3889 3891 0
3887 4581 3882 0
3888 3891 3892 0
3889 3880 3894 0
3889 3887 3890 0
3891 3889 3894 0
3891 4200 3887 0
3892 3891 3894 0
3892 3893 3888 0
3892 3894 4108 0
3892 3895 4105 0
3893 3892 3879 0
3894 3880 4108 0
3895 3892 4108 0
3895 4100 4103 0
3895 4103 4105 0
3896 3872 3899 0
3896 3878 3897 0
3898 3901 3902 0
3898 3902 3904 0
3898 3904 3908 0
3898 3905 4130 0
3899 3872 4192 0
3900 3899 3901 0
3900 3901 4107 0
3901 3898 4099 0
3901 3899 3902 0
3901 4099 4100 0
3901 4100 4107 0
3902 3899 3904 0
3903 3904 4190 0
3903 3907 3908 0
3903 4190 4198 0
3904 3899 4192 0
3904 3903 3908 0
3905 3898 3908 0
3905 3907 4127 0
3905 4126 4130 0
3906 3907 4195 0
3906 4195 4197 0
3907 3903 4198 0
3907 3905 3908 0
3907 3906 4127 0
3909 4143 4145 0
3909 4145 4181 0
3909 4181 4186 0
3909 4186 4188 0
3910 3917 3919 0
3910 3919 4093 0
3910 4093 4276 0
3910 4159 4160 0
3911 3912 3922 0
3911 3918 3919 0
3911 3921 3927 0
3912 3788 3922 0
3912 3911 3914 0
3913 3823 3914 0
3913 3914 3916 0
3913 3916 4182 0
3913 4182 4183 0
3914 3911 3916 0
3915 3916 3917 0
3915 3917 4160 0
3915 4136 4182 0
3916 3911 3917 0
3916 3915 4182 0
3917 3910 4160 0
3917 3911 3919 0
3918 3911 3927 0
3918 3926 3928 0
3919 3918 3920 0
3919 3920 4093 0
3920 3918 3928 0
3920 3928 3935 0
3920 3935 3950 0
3920 3950 4092 0
3920 4092 4093 0
3921 3911 3922 0
3921 3922 3923 0
3921 3923 3925 0
3921 3925 3926 0
3921 3926 3927 0
3922 3788 3923 0
3923 3788 3924 0
3923 3791 4094 0
3924 3820 4582 0
3925 3794 4579 0
3925 3923 4094 0
3926 3918 3927 0
3926 3925 4579 0
3928 3926 3930 0
3928 3930 3933 0
3928 3933 3935 0
3929 3930 4579 0
3930 3926 4579 0
3930 3929 3933 0
3931 3936 4085 0
3931 4082 4083 0
3932 3933 3934 0
3932 3934 3936 0
3932 3936 3938 0
3932 3938 3951 0
3933 3929 4282 0
3933 3932 3935 0
3934 3933 4282 0
3935 3932 3950 0
3936 3931 3938 0
3936 3934 4085 0
3937 3938 3941 0
3937 3941 3943 0
3937 3943 3946 0
3937 3946 3949 0
3937 3949 3951 0
3938 3931 4083 0
3938 3937 3951 0
3938 3940 3941 0
3939 3953 3954 0
3939 3954 3992 0
3940 3938 4083 0
3941 3940 3954 0
3942 3943 3953 0
3942 3953 3967 0
3942 3965 3968 0
3943 3941 3954 0
3943 3942 3952 0
3944 3948 3977 0
3944 3976 4180 0
3945 3946 3952 0
3945 3952 3968 0
3945 3968 3977 0
3946 3943 3952 0
3946 3945 3948 0
3946 3948 3949 0
3947 3948 4141 0
3947 4141 4276 0
3948 3944 4141 0
3948 3945 3977 0
3948 3947 3949 0
3949 3947 3950 0
3949 3950 3951 0
3950 3932 3951 0
3950 3947 4092 0
3952 3942 3968 0
3953 3939 3960 0
3953 3943 3954 0
3953 3959 3967 0
3954 3940 3992 0
3955 4570 4571 0
3956 3983 3984 0
3956 3984 4059 0
3956 4041 4043 0
3956 4043 4049 0
3957 4177 4179 0
3958 3988 4088 0
3958 4088 4089 0
3958 4089 4090 0
3958 4090 4091 0
3959 3953 3960 0
3959 3960 3988 0
3959 3962 3965 0
3959 3965 3967 0
3959 3988 4091 0
3960 3939 3987 0
3960 3987 3988 0
3961 3962 3983 0
3961 3983 4176 0
3962 3959 4091 0
3962 3961 3964 0
3962 3964 3965 0
3963 3964 3966 0
3963 3966 3981 0
3964 3961 4175 0
3964 3963 3965 0
3965 3942 3967 0
3965 3963 3968 0
3966 3964 4175 0
3966 4169 4174 0
3968 3963 3972 0
3968 3972 3973 0
3968 3973 3977 0
3969 3975 3978 0
3969 3978 3982 0
3969 3982 4166 0
3969 4157 4158 0
3970 4152 4153 0
3970 4153 4162 0
3971 3972 3981 0
3971 3981 3982 0
3972 3963 3981 0
3972 3971 3973 0
3973 3971 3975 0
3973 3975 3976 0
3973 3976 3977 0
3974 3975 4158 0
3974 4155 4156 0
3975 3969 4158 0
3975 3971 3978 0
3975 3974 3976 0
3976 3944 3977 0
3976 3974 4148 0
3976 4148 4180 0
3978 3971 3982 0
3979 3982 4174 0
3979 4165 4166 0
3980 4163 4164 0
3980 4164 4165 0
3981 3966 4174 0
3982 3979 4166 0
3982 3981 4174 0
3983 3956 4049 0
3983 3962 4090 0
3983 4049 4176 0
3984 3983 4090 0
3984 4057 4059 0
3985 4032 4035 0
3985 4035 4567 0
3986 3987 3991 0
3986 3991 4080 0
3986 4062 4086 0
3986 4086 4088 0
3987 3939 3991 0
3987 3986 4088 0
3988 3958 4091 0
3988 3987 4088 0
3989 4057 4089 0
3989 4086 4087 0
3990 3991 3992 0
3990 3992 3995 0
3990 3995 3998 0
3990 3998 3999 0
3990 3999 4080 0
3991 3939 3992 0
3991 3990 4080 0
3992 3940 4083 0
3993 3997 4084 0
3993 4084 4279 0
3993 4279 4301 0
3994 3995 4082 0
3994 3997 3998 0
3994 4082 4084 0
3995 3992 4082 0
3995 3994 3998 0
3996 3998 4006 0
3996 4006 4008 0
3996 4008 4079 0
3997 3993 4001 0
3997 3994 4084 0
3997 4001 4002 0
3997 4002 4006 0
3998 3996 4079 0
3998 3997 4006 0
3999 3998 4079 0
3999 4061 4062 0
3999 4062 4080 0
4000 4001 4003 0
4000 4003 4010 0
4001 3993 4301 0
4001 4000 4002 0
4002 4000 4009 0
4003 3723 4010 0
4003 4001 4005 0
4003 4005 4574 0
4003 4574 4576 0
4004 4005 4301 0
4004 4301 4302 0
4004 4302 4577 0
4005 4001 4301 0
4005 4004 4574 0
4006 4002 4008 0
4007 3722 4060 0
4007 4060 4061 0
4007 4061 4079 0
4008 4002 4009 0
4008 4007 4079 0
4009 4000 4010 0
4009 4010 4566 0
4010 3723 4012 0
4010 4012 4023 0
4010 4023 4566 0
4011 4012 4024 0
4011 4024 4027 0
4012 3723 4025 0
4012 4011 4014 0
4012 4014 4023 0
4013 4014 4019 0
4013 4018 4064 0
4013 4064 4565 0
4013 4565 4566 0
4014 4011 4017 0
4014 4013 4023 0
4014 4017 4019 0
4015 4078 4322 0
4015 4316 4324 0
4016 4017 4325 0
4016 4320 4321 0
4017 4011 4021 0
4017 4016 4019 0
4017 4021 4325 0
4018 4013 4019 0
4018 4019 4321 0
4018 4063 4064 0
4019 4016 4321 0
4020 4021 4022 0
4020 4022 4028 0
4020 4028 4327 0
4020 4323 4325 0
4021 4011 4027 0
4021 4020 4325 0
4022 3737 4029 0
4022 4021 4027 0
4022 4027 4572 0
4023 4013 4566 0
4024 3734 4572 0
4024 4012 4025 0
4024 4025 4026 0
4025 3723 4573 0
4026 4025 4573 0
4027 4024 4572 0
4028 1808 4327 0
4028 4022 4029 0
4029 3737 4586 0
4029 3741 4331 0
4030 4033 4066 0
4030 4066 4069 0
4030 4069 4541 0
4030 4539 4542 0
4031 3722 4065 0
4031 4033 4060 0
4031 4065 4066 0
4032 3985 4061 0
4032 4033 4035 0
4033 4030 4542 0
4033 4031 4066 0
4033 4032 4060 0
4034 4035 4542 0
4034 4540 4544 0
4034 4544 4567 0
4035 4033 4542 0
4035 4034 4567 0
4036 4054 4055 0
4036 4055 4058 0
4036 4058 4543 0
4037 4041 4059 0
4037 4057 4058 0
4038 4040 4052 0
4038 4052 4053 0
4038 4053 4569 0
4039 4046 4569 0
4040 4038 4045 0
4040 4041 4055 0
4041 3956 4059 0
4041 4037 4055 0
4041 4040 4045 0
4042 4043 4045 0
4042 4045 4046 0
4042 4046 4047 0
4042 4047 4179 0
4043 4041 4045 0
4043 4042 4044 0
4043 4044 4049 0
4044 4042 4179 0
4045 4038 4046 0
4046 4038 4569 0
4046 4048 4047 0
4047 3957 4179 0
4047 4048 3957 0
4048 4046 4039 0
4049 4044 4176 0
4050 4418 4419 0
4050 4419 4568 0
4051 4052 4054 0
4051 4054 4536 0
4051 4534 4568 0
4052 4040 4054 0
4052 4051 4568 0
4053 4052 4419 0
4053 4412 4414 0
4053 4414 4571 0
4054 4036 4536 0
4054 4040 4055 0
4055 4037 4058 0
4056 4057 4087 0
4056 4087 4567 0
4057 3984 4089 0
4057 3989 4087 0
4057 4037 4059 0
4057 4056 4058 0
4058 4056 4543 0
4060 4032 4061 0
4061 3985 4062 0
4061 3999 4079 0
4062 3985 4086 0
4062 3986 4080 0
4063 4018 4068 0
4063 4068 4069 0
4064 4063 4065 0
4064 4065 4565 0
4065 3722 4565 0
4065 4063 4066 0
4066 4063 4069 0
4067 4068 4322 0
4068 4018 4321 0
4068 4067 4069 0
4068 4321 4322 0
4069 4067 4071 0
4069 4071 4541 0
4070 4071 4072 0
4070 4072 4075 0
4070 4075 4533 0
4070 4533 4539 0
4070 4539 4541 0
4071 4067 4072 0
4071 4070 4541 0
4072 4067 4077 0
4072 4077 4304 0
4072 4304 4305 0
4073 4377 4379 0
4073 4379 4527 0
4073 4527 4531 0
4073 4531 4532 0
4073 4532 4545 0
4074 4075 4305 0
4074 4305 4377 0
4074 4377 4545 0
4074 4532 4533 0
4075 4072 4305 0
4075 4074 4533 0
4076 4077 4078 0
4076 4078 4324 0
4077 4067 4078 0
4077 4076 4304 0
4078 4015 4324 0
4078 4067 4322 0
4081 4082 4085 0
4081 4085 4278 0
4081 4278 4279 0
4082 3931 4085 0
4082 3992 4083 0
4082 4081 4084 0
4084 4081 4279 0
4085 3934 4278 0
4086 3985 4567 0
4086 3989 4088 0
4087 4086 4567 0
4088 3989 4089 0
4089 3984 4090 0
4090 3962 4091 0
4092 3947 4276 0
4093 4092 4276 0
4095 3787 4096 0
4095 3913 4183 0
4096 3787 4134 0
4097 4122 4123 0
4097 4123 4124 0
4097 4124 4129 0
4097 4129 4135 0
4097 4135 4187 0
4098 4106 4131 0
4098 4131 4132 0
4099 3898 4125 0
4099 4125 4131 0
4100 3895 4107 0
4100 4099 4106 0
4101 4103 4106 0
4101 4104 4105 0
4101 4106 4111 0
4101 4111 4189 0
4102 4101 4189 0
4103 4100 4106 0
4103 4101 4105 0
4104 3879 4105 0
4104 4101 4102 0
4106 4098 4111 0
4106 4099 4131 0
4107 3895 4108 0
4109 4110 4189 0
4109 4111 4112 0
4109 4112 4113 0
4110 4102 4189 0
4110 4109 3873 0
4111 4098 4112 0
4111 4109 4189 0
4112 4098 4132 0
4113 4112 4115 0
4113 4115 4119 0
4114 4115 4120 0
4114 4120 4181 0
4114 4146 4151 0
4114 4151 4154 0
4115 4112 4121 0
4115 4114 4118 0
4115 4118 4119 0
4116 4117 4118 0
4116 4118 4154 0
4117 3873 4119 0
4118 4114 4154 0
4118 4117 4119 0
4120 4115 4121 0
4120 4121 4122 0
4120 4122 4186 0
4121 4112 4132 0
4122 4097 4187 0
4122 4121 4132 0
4123 4122 4132 0
4124 4123 4125 0
4124 4125 4130 0
4125 3898 4130 0
4125 4123 4131 0
4126 3905 4127 0
4126 4127 4185 0
4126 4129 4130 0
4127 3906 4133 0
4127 4128 4185 0
4128 4127 4133 0
4128 4133 4184 0
4128 4137 4185 0
4129 4124 4130 0
4129 4126 4185 0
4131 4123 4132 0
4133 3787 4184 0
4133 3906 4134 0
4134 3906 4197 0
4135 4129 4185 0
4135 4137 4275 0
4136 3915 4139 0
4136 4137 4183 0
4136 4138 4275 0
4137 4128 4184 0
4137 4135 4185 0
4137 4136 4275 0
4138 4136 4139 0
4138 4139 4142 0
4138 4142 4143 0
4138 4143 4188 0
4138 4188 4275 0
4139 3915 4160 0
4140 4141 4180 0
4140 4142 4159 0
4140 4159 4161 0
4141 3944 4180 0
4141 4140 4161 0
4141 4161 4276 0
4142 4139 4160 0
4142 4140 4147 0
4143 3909 4188 0
4143 4142 4147 0
4144 4145 4147 0
4144 4147 4148 0
4144 4148 4156 0
4145 4143 4147 0
4145 4144 4146 0
4145 4146 4181 0
4146 4114 4181 0
4146 4144 4150 0
4146 4150 4151 0
4147 4140 4180 0
4148 3974 4156 0
4148 4147 4180 0
4149 4150 4155 0
4149 4155 4157 0
4149 4157 4162 0
4150 4144 4156 0
4150 4149 4151 0
4151 4149 4153 0
4151 4153 4154 0
4152 4116 4154 0
4153 4149 4162 0
4153 4152 4154 0
4155 3974 4158 0
4155 4150 4156 0
4157 3969 4166 0
4157 4155 4158 0
4159 3910 4276 0
4159 4142 4160 0
4161 4159 4276 0
4162 4157 4164 0
4162 4163 3970 0
4163 4162 4164 0
4164 4157 4166 0
4165 3979 4168 0
4165 4164 4166 0
4165 4167 3980 0
4167 4165 4168 0
4168 3979 4174 0
4169 3966 4172 0
4169 4168 4174 0
4169 4171 3705 0
4169 4172 4173 0
4170 4171 4173 0
4170 4173 4178 0
4171 4169 4173 0
4172 3966 4175 0
4172 4175 4176 0
4172 4176 4178 0
4173 4172 4178 0
4175 3961 4176 0
4176 4044 4178 0
4177 4170 4178 0
4177 4178 4179 0
4178 4044 4179 0
4181 4120 4186 0
4182 4136 4183 0
4183 4137 4184 0
4186 4122 4187 0
4186 4187 4188 0
4187 4135 4275 0
4188 4187 4275 0
4190 3874 4199 0
4190 3904 4192 0
4190 4193 4198 0
4191 4190 4192 0
4193 4190 4199 0
4193 4194 4195 0
4193 4195 4198 0
4194 3854 4274 0
4194 4193 4196 0
4195 3907 4198 0
4195 4194 4274 0
4196 4193 4199 0
4197 4195 4274 0
4200 3891 3888 0
4200 4581 3887 0
4203 4204 4208 0
4203 4208 4218 0
4204 3841 4210 0
4204 4203 4206 0
4205 4206 4207 0
4205 4207 4212 0
4205 4212 4268 0
4205 4268 4272 0
4206 4203 4207 0
4206 4205 4272 0
4207 4203 4217 0
4207 4217 4222 0
4208 323 4218 0
4208 4204 4210 0
4208 4209 323 0
4209 4208 4210 0
4211 4212 4222 0
4211 4222 4226 0
4211 4223 4243 0
4211 4243 4268 0
4212 4207 4222 0
4212 4211 4268 0
4213 4219 4231 0
4213 4229 4230 0
4214 4213 4215 0
4215 4213 4217 0
4215 4216 4214 0
4215 4217 4218 0
4216 4215 323 0
4217 4203 4218 0
4217 4213 4221 0
4217 4221 4222 0
4219 470 4231 0
4219 4213 4214 0
4220 4221 4230 0
4221 4213 4230 0
4221 4220 4222 0
4222 4220 4226 0
4223 3805 4243 0
4223 4211 4226 0
4223 4226 4227 0
4224 4223 4225 0
4225 4223 4227 0
4226 4220 4227 0
4227 4220 4228 0
4227 4228 4242 0
4228 4220 4230 0
4228 4230 4234 0
4228 4234 4240 0
4228 4240 4242 0
4229 4213 4231 0
4229 4231 4232 0
4229 4232 4234 0
4230 4229 4234 0
4231 470 4232 0
4232 4233 4238 0
4233 479 4238 0
4233 4232 470 0
4234 4232 4235 0
4234 4235 4240 0
4235 4232 4238 0
4235 4236 4240 0
4235 4237 4239 0
4236 484 4240 0
4236 4235 4239 0
4237 478 4239 0
4237 480 4241 0
4237 4235 4238 0
4240 484 4242 0
4243 3806 4268 0
4245 3808 4253 0
4245 4246 4247 0
4245 4251 4261 0
4245 4261 4262 0
4246 3797 4247 0
4246 4245 4262 0
4246 4262 4264 0
4248 3789 4249 0
4248 3790 4582 0
4250 3706 4295 0
4251 4245 4253 0
4251 4253 4254 0
4251 4254 4259 0
4251 4259 4261 0
4252 486 4255 0
4253 4252 4254 0
4254 3672 4259 0
4254 4252 4255 0
4254 4255 4258 0
4255 486 4256 0
4255 4256 4258 0
4256 486 4257 0
4256 3674 4258 0
4256 4257 4260 0
4257 500 4260 0
4259 3675 4261 0
4261 3675 4585 0
4262 3772 4263 0
4262 4261 4585 0
4262 4263 4264 0
4263 3774 4265 0
4264 4263 4265 0
4264 4265 4267 0
4265 3774 4266 0
4265 3783 4267 0
4268 3802 4272 0
4268 3806 4270 0
4269 4268 4270 0
4269 4270 4271 0
4270 3803 4271 0
4272 3802 4273 0
4277 4279 4281 0
4277 4281 4284 0
4277 4284 4302 0
4278 3934 4282 0
4279 4277 4301 0
4279 4278 4281 0
4280 3704 4286 0
4280 4281 4282 0
4280 4282 4283 0
4281 4278 4282 0
4281 4280 4284 0
4282 3929 4283 0
4283 3929 4578 0
4284 3721 4302 0
4284 4280 4286 0
4284 4286 4287 0
4285 4286 4293 0
4286 3704 4293 0
4286 4285 4287 0
4287 4285 4290 0
4288 3726 4577 0
4288 4287 4290 0
4288 4290 4300 0
4289 3712 4299 0
4289 4290 4291 0
4289 4299 4300 0
4290 4285 4291 0
4290 4289 4300 0
4291 4285 4292 0
4292 4285 4293 0
4292 4293 4294 0
4292 4294 4295 0
4293 3704 4297 0
4294 3780 4295 0
4294 3796 4296 0
4294 4293 4297 0
4296 3796 4298 0
4297 3704 4578 0
4298 3796 4580 0
4299 3715 4300 0
4301 4277 4302 0
4302 3721 4577 0
4303 4306 4309 0
4303 4309 4310 0
4303 4310 4374 0
4303 4374 4378 0
4304 4076 4308 0
4304 4308 4309 0
4305 4304 4306 0
4305 4306 4377 0
4306 4303 4376 0
4306 4304 4309 0
4306 4376 4377 0
4307 4308 4313 0
4307 4313 4361 0
4307 4361 4362 0
4308 4076 4312 0
4308 4307 4309 0
4308 4312 4313 0
4309 4307 4310 0
4310 1907 4387 0
4310 4307 4362 0
4311 4312 4316 0
4311 4316 4356 0
4312 4076 4324 0
4312 4311 4313 0
4313 4311 4315 0
4313 4315 4361 0
4314 4352 4369 0
4315 4311 4355 0
4315 4346 4353 0
4315 4353 4360 0
4315 4360 4361 0
4316 4015 4319 0
4316 4312 4324 0
4316 4319 4356 0
4317 4318 4326 0
4317 4326 4330 0
4317 4330 4342 0
4317 4342 4345 0
4317 4345 4357 0
4318 4317 4357 0
4318 4319 4320 0
4318 4320 4323 0
4318 4323 4326 0
4319 4015 4320 0
4319 4318 4356 0
4320 4015 4321 0
4320 4016 4325 0
4321 4015 4322 0
4323 4020 4327 0
4323 4320 4325 0
4326 4323 4327 0
4326 4327 4330 0
4327 1808 4329 0
4327 4329 4330 0
4328 4329 4331 0
4328 4331 4332 0
4328 4332 4334 0
4328 4334 4354 0
4329 1808 4331 0
4329 4328 4330 0
4330 4328 4354 0
4331 1809 4332 0
4332 1817 4334 0
4333 4334 4335 0
4333 4335 4336 0
4333 4336 4340 0
4333 4340 4341 0
4333 4341 4354 0
4334 1817 4335 0
4334 4333 4354 0
4335 1821 4336 0
4336 108 4338 0
4336 4338 4340 0
4337 4338 4339 0
4337 4339 4348 0
4337 4348 4358 0
4338 108 4552 0
4338 4337 4340 0
4339 2943 4348 0
4339 4338 4552 0
4340 4337 4358 0
4341 4340 4358 0
4341 4342 4354 0
4342 4330 4354 0
4342 4341 4344 0
4342 4344 4345 0
4343 4344 4347 0
4343 4347 4351 0
4343 4351 4352 0
4344 4341 4358 0
4344 4343 4345 0
4345 4343 4346 0
4345 4346 4357 0
4346 4315 4355 0
4346 4343 4352 0
4346 4352 4353 0
4346 4355 4357 0
4347 2943 4350 0
4347 4344 4348 0
4347 4350 4351 0
4348 4344 4358 0
4349 4350 4368 0
4349 4367 4369 0
4350 2943 4546 0
4350 2944 4368 0
4350 4349 4351 0
4351 4349 4352 0
4352 4314 4353 0
4352 4349 4369 0
4353 4314 4360 0
4355 4311 4356 0
4355 4356 4357 0
4356 4318 4357 0
4359 1907 4362 0
4359 4360 4364 0
4359 4364 4371 0
4360 4314 4364 0
4360 4359 4361 0
4361 4359 4362 0
4363 4364 4365 0
4363 4365 4513 0
4364 4314 4369 0
4364 4363 4371 0
4365 2935 4513 0
4365 4364 4366 0
4365 4366 4370 0
4366 1908 4370 0
4366 4364 4369 0
4367 4349 4368 0
4367 4366 4369 0
4371 4363 4512 0
4372 4389 4390 0
4372 4390 4428 0
4372 4428 4431 0
4372 4431 4432 0
4373 4385 4508 0
4373 4505 4515 0
4374 4310 4387 0
4374 4387 4508 0
4375 4376 4378 0
4375 4378 4388 0
4376 4303 4378 0
4376 4375 4379 0
4377 4073 4545 0
4377 4376 4379 0
4378 4374 4385 0
4378 4385 4388 0
4379 4375 4383 0
4379 4383 4527 0
4380 4407 4417 0
4380 4417 4525 0
4380 4525 4526 0
4380 4526 4528 0
4381 4410 4416 0
4382 4383 4384 0
4382 4384 4423 0
4382 4423 4528 0
4382 4526 4527 0
4383 4375 4384 0
4383 4382 4527 0
4384 4375 4388 0
4384 4388 4389 0
4384 4389 4393 0
4384 4393 4423 0
4385 4373 4388 0
4385 4374 4508 0
4386 4387 4516 0
4386 4505 4508 0
4387 1907 4516 0
4387 4386 4508 0
4388 4373 4515 0
4389 4372 4394 0
4389 4388 4515 0
4390 4389 4515 0
4390 4505 4506 0
4391 4397 4504 0
4391 4398 4400 0
4391 4400 4402 0
4391 4402 4420 0
4391 4420 4422 0
4392 4393 4394 0
4392 4394 4432 0
4392 4396 4397 0
4392 4397 4422 0
4393 4389 4394 0
4393 4392 4422 0
4393 4420 4423 0
4394 4372 4432 0
4395 4396 4433 0
4395 4433 4436 0
4395 4436 4501 0
4395 4501 4504 0
4396 4392 4432 0
4396 4395 4397 0
4396 4431 4433 0
4397 4391 4422 0
4397 4395 4504 0
4398 4391 4504 0
4400 4399 4403 0
4400 4424 4399 0
4401 4402 4403 0
4401 4403 4406 0
4401 4406 4407 0
4401 4407 4421 0
4402 4400 4403 0
4402 4401 4420 0
4403 4404 4406 0
4404 4381 4406 0
4404 4403 4399 0
4405 4406 4416 0
4405 4416 4417 0
4406 4381 4416 0
4406 4405 4407 0
4407 4380 4421 0
4407 4405 4417 0
4408 4411 4413 0
4408 4412 4418 0
4408 4418 4524 0
4408 4524 4525 0
4410 4409 4411 0
4410 4411 4416 0
4411 4408 4417 0
4411 4409 4413 0
4412 4053 4419 0
4412 4408 4413 0
4412 4413 4414 0
4413 4415 4414 0
4414 3955 4571 0
4414 4415 3955 0
4415 4413 4409 0
4416 4411 4417 0
4417 4408 4525 0
4418 4050 4524 0
4418 4412 4419 0
4419 4052 4568 0
4420 4393 4422 0
4420 4401 4421 0
4420 4421 4423 0
4421 4380 4528 0
4423 4421 4528 0
4424 4398 5 0
4424 4400 4398 0
4425 4473 4492 0
4426 4438 4445 0
4426 4444 4469 0
4426 4469 4471 0
4426 4471 4472 0
4427 4430 4448 0
4427 4439 4500 0
4427 4448 4449 0
4428 4390 4506 0
4428 4430 4431 0
4429 4430 4500 0
4430 4427 4500 0
4430 4428 4448 0
4430 4429 4431 0
4431 4396 4432 0
4431 4429 4433 0
4433 4429 4435 0
4433 4435 4436 0
4434 4435 4438 0
4434 4438 4472 0
4434 4472 4473 0
4434 4473 4494 0
4435 4429 4500 0
4435 4434 4436 0
4436 4434 4494 0
4436 4494 4503 0
4437 4502 4503 0
4438 4426 4472 0
4438 4435 4500 0
4439 4427 4441 0
4439 4441 4444 0
4439 4444 4445 0
4439 4445 4500 0
4440 4441 4450 0
4440 4450 4451 0
4440 4451 4497 0
4441 4427 4449 0
4441 4440 4443 0
4441 4443 4444 0
4441 4449 4450 0
4442 4443 4454 0
4442 4454 4460 0
4442 4460 4462 0
4442 4462 4469 0
4443 4440 4454 0
4443 4442 4444 0
4444 4426 4445 0
4444 4442 4469 0
4445 4438 4500 0
4446 4447 4509 0
4446 4509 4510 0
4447 4446 4449 0
4447 4448 4506 0
4447 4506 4507 0
4447 4507 4509 0
4448 4428 4506 0
4448 4447 4449 0
4449 4446 4450 0
4450 4446 4451 0
4451 2909 4452 0
4451 4446 4498 0
4451 4452 4497 0
4452 2910 4453 0
4452 4453 4497 0
4453 2910 4456 0
4453 4456 4457 0
4453 4457 4497 0
4454 4440 4457 0
4454 4457 4459 0
4454 4459 4460 0
4455 2906 4464 0
4456 4455 4457 0
4457 4440 4497 0
4457 4455 4459 0
4458 4459 4463 0
4458 4463 4468 0
4458 4468 4517 0
4458 4490 4491 0
4459 4455 4464 0
4459 4458 4460 0
4460 4458 4491 0
4461 4462 4489 0
4461 4480 4481 0
4461 4481 4482 0
4461 4485 4486 0
4462 4460 4491 0
4462 4461 4482 0
4463 2915 4467 0
4463 4459 4464 0
4463 4467 4468 0
4465 4466 4522 0
4466 2837 4522 0
4466 4465 4467 0
4467 4465 4468 0
4468 4465 4517 0
4469 4462 4482 0
4470 4471 4482 0
4471 4469 4482 0
4471 4470 4472 0
4472 4470 4474 0
4473 4472 4474 0
4473 4474 4492 0
4473 4495 4496 0
4474 4470 4476 0
4474 4476 4492 0
4475 4476 4478 0
4476 4470 4481 0
4476 4493 4492 0
4477 4478 4480 0
4477 4480 4486 0
4478 4476 4480 0
4478 4477 4483 0
4478 4479 4475 0
4479 4478 4483 0
4480 4461 4486 0
4480 4476 4481 0
4481 4470 4482 0
4483 4477 4484 0
4483 4484 4518 0
4484 2883 4521 0
4484 4477 4486 0
4485 4461 4489 0
4485 4484 4486 0
4487 2845 4488 0
4487 4488 4489 0
4487 4489 4490 0
4487 4490 4517 0
4488 4485 4489 0
4489 4462 4491 0
4490 4458 4517 0
4490 4489 4491 0
4492 4493 4425 0
4493 4476 4475 0
4494 4473 4496 0
4494 4496 4503 0
4495 4437 4496 0
4495 4473 4425 0
4496 4437 4503 0
4498 4446 4510 0
4499 4509 4511 0
4499 4511 4512 0
4499 4512 4513 0
4499 4513 4514 0
4501 4398 4504 0
4501 4436 4503 0
4501 4502 5 0
4502 4501 4503 0
4505 4373 4508 0
4505 4386 4507 0
4505 4390 4515 0
4506 4505 4507 0
4507 4386 4511 0
4509 4499 4510 0
4509 4507 4511 0
4510 4499 4514 0
4511 4371 4512 0
4511 4386 4516 0
4512 4363 4513 0
4513 2938 4514 0
4517 4465 4522 0
4518 2854 4520 0
4518 4484 4521 0
4518 4519 1919 0
4519 4518 4520 0
4523 4524 4530 0
4523 4530 4531 0
4524 4050 4530 0
4524 4523 4525 0
4525 4523 4526 0
4526 4382 4528 0
4526 4523 4527 0
4527 4523 4531 0
4529 4530 4534 0
4529 4534 4537 0
4529 4537 4538 0
4530 4050 4534 0
4530 4529 4531 0
4531 4529 4532 0
4532 4074 4545 0
4532 4529 4538 0
4533 4532 4538 0
4533 4538 4540 0
4534 4050 4568 0
4534 4051 4536 0
4534 4536 4537 0
4535 4536 4543 0
4535 4543 4544 0
4536 4036 4543 0
4536 4535 4537 0
4537 4535 4538 0
4538 4535 4540 0
4539 4030 4541 0
4539 4533 4540 0
4539 4540 4542 0
4540 4034 4542 0
4540 4535 4544 0
4543 4056 4567 0
4544 4543 4567 0
4546 2943 4548 0
4546 4548 4549 0
4547 4548 4551 0
4547 4551 4559 0
4547 4558 4561 0
4548 4339 4551 0
4548 4547 4549 0
4549 4547 4550 0
4550 2946 4556 0
4550 4547 4561 0
4551 4339 4552 0
4551 4552 4555 0
4551 4555 4559 0
4552 108 4553 0
4552 4553 4555 0
4553 108 4554 0
4553 1831 4555 0
4555 1830 4559 0
4556 2947 4557 0
4558 4547 4559 0
4558 4559 4560 0
4558 4560 4563 0
4559 1830 4560 0
4560 1827 4563 0
4561 4558 4562 0
4562 1872 4564 0
4562 4558 4563 0
4565 3722 4566 0
4569 4053 4571 0
4569 4570 4039 0
4570 4569 4571 0
4573 3723 4576 0
4574 3724 4576 0
4574 4004 4577 0
4575 4574 4577 0
4578 3929 4579 0
4578 4579 4580 0
4579 3794 4580 0
4581 4200 2 0
4583 3763 4584 0
4583 4584 4585 0
4584 3772 4585 0
4587 3661 4590 0
4587 4588 4591 0
4588 3482 4591 0
4588 4587 4589 0
4589 3678 4592 0
4589 4587 4590 0
4593 3489 4595 0
4594 4593 4595 0
4595 21 4860 0
4595 3489 4596 0
4598 1389 4658 0
4598 3327 4599 0
4599 3325 4600 0
4599 4600 4619 0
4600 3320 4619 0
4601 1092 4608 0
4601 4599 4619 0
4602 4603 4605 0
4602 4605 4608 0
4602 4608 4611 0
4603 1175 4605 0
4603 4602 4606 0
4604 1153 4643 0
4604 4603 4606 0
4605 4601 4608 0
4606 4602 4607 0
4607 4602 4611 0
4607 4610 4641 0
4608 1092 4611 0
4609 1150 4642 0
4609 4610 4616 0
4609 4616 4626 0
4610 1092 4613 0
4610 4607 4611 0
4610 4609 4641 0
4610 4613 4616 0
4612 4613 4618 0
4612 4618 4639 0
4612 4633 4634 0
4613 1092 4620 0
4613 4612 4615 0
4613 4615 4616 0
4614 4615 4617 0
4614 4617 4624 0
4614 4624 4625 0
4614 4625 4626 0
4615 4612 4634 0
4615 4614 4616 0
4616 4614 4626 0
4617 1110 4624 0
4617 4615 4634 0
4618 3320 4623 0
4618 4613 4620 0
4618 4623 4639 0
4619 4618 4620 0
4621 4622 4646 0
4621 4638 4639 0
4621 4646 4647 0
4622 3321 4646 0
4622 4621 4623 0
4623 4621 4639 0
4624 1093 4625 0
4624 1110 4806 0
4625 1093 4627 0
4625 1150 4626 0
4627 1093 4628 0
4628 1093 4655 0
4629 4630 4631 0
4629 4631 4632 0
4629 4632 4633 0
4629 4633 4636 0
4629 4636 4637 0
4630 1105 4631 0
4630 4629 4637 0
4631 1105 4640 0
4631 1110 4632 0
4632 4617 4633 0
4633 4612 4639 0
4633 4617 4634 0
4635 3096 4637 0
4635 4636 4638 0
4635 4638 4647 0
4635 4644 4650 0
4636 4633 4638 0
4636 4635 4637 0
4638 4621 4647 0
4638 4633 4639 0
4640 1107 4806 0
4641 4609 4642 0
4644 4635 4647 0
4644 4645 4648 0
4644 4648 4649 0
4644 4649 4650 0
4645 1610 4653 0
4645 4644 4647 0
4646 4645 4647 0
4648 1649 4649 0
4648 4645 4653 0
4649 1649 4651 0
4649 3094 4650 0
4650 3094 4652 0
4651 1646 4669 0
4653 1610 4654 0
4655 1093 4806 0
4656 1380 4657 0
4656 3327 4658 0
4659 3292 4660 0
4660 3068 4661 0
4660 4661 4664 0
4660 4664 4665 0
4661 3068 4662 0
4661 3127 4664 0
4662 3068 4663 0
4664 3112 4665 0
4672 2024 4680 0
4672 2980 4673 0
4674 1739 4677 0
4674 2980 4680 0
4675 2983 4679 0
4675 4674 4677 0
4676 4675 4677 0
4676 4677 4678 0
4677 1739 4678 0
4683 2892 4685 0
4683 4685 4687 0
4684 4685 4705 0
4684 4705 4706 0
4685 2892 4705 0
4685 4684 4687 0
4686 4683 4687 0
4686 4687 4689 0
4686 4689 4690 0
4687 4684 4692 0
4688 4689 4691 0
4688 4691 4702 0
4689 4687 4692 0
4689 4688 4690 0
4690 4688 4697 0
4690 4697 4698 0
4691 4689 4692 0
4691 4692 4693 0
4691 4693 4695 0
4691 4695 4702 0
4692 4684 4694 0
4693 2418 4696 0
4693 4692 4694 0
4694 4684 4706 0
4695 2446 4702 0
4695 4693 4696 0
4697 2451 4703 0
4697 4688 4701 0
4698 2596 4699 0
4698 4697 4703 0
4698 4699 4700 0
4699 2553 4700 0
4701 4688 4702 0
4704 2397 4706 0
4704 2513 4707 0
4705 4704 4706 0
4708 2821 4713 0
4708 2870 4710 0
4709 4708 4710 0
4711 1918 4716 0
4712 2821 4714 0
4712 2872 4713 0
4712 4711 4716 0
4714 4715 2786 0
4715 2787 2561 0
4717 2766 2578 0
4717 2770 2766 0
4718 2254 4732 0
4718 2711 4719 0
4718 4719 4720 0
4719 2707 4721 0
4720 4719 4721 0
4721 2306 4744 0
4722 2460 4728 0
4722 4718 4732 0
4723 1521 4735 0
4723 4722 4728 0
4723 4728 4729 0
4723 4730 1521 0
4725 4724 4727 0
4725 4726 4724 0
4725 4727 4731 0
4726 4725 1522 0
4727 2258 4731 0
4727 4724 4729 0
4728 4727 4729 0
4730 4723 4729 0
4730 4729 4724 0
4733 2699 4734 0
4733 4734 4735 0
4734 2711 4735 0
4736 2627 4737 0
4739 2107 4740 0
4741 2339 4866 0
4741 2340 4743 0
4742 4741 4743 0
4745 2281 4746 0
4748 2265 4750 0
4748 4749 2261 0
4748 4751 2260 0
4749 4748 4750 0
4751 2264 2260 0
4751 4748 2261 0
4755 2014 4756 0
4757 1993 4758 0
4761 1833 4762 0
4763 1588 4764 0
4768 1457 4770 0
4768 4769 4783 0
4769 1255 4801 0
4769 1257 4783 0
4769 4768 4770 0
4770 1457 4796 0
4771 1457 4774 0
4771 4772 4778 0
4771 4778 4779 0
4771 4779 4794 0
4772 1246 4773 0
4772 1263 4778 0
4772 4771 4774 0
4774 4768 4783 0
4775 4779 4780 0
4775 4780 4787 0
4775 4787 4793 0
4775 4793 4794 0
4776 1323 4780 0
4777 4776 4778 0
4778 4776 4779 0
4779 4775 4794 0
4779 4776 4780 0
4780 1323 4800 0
4780 4782 4787 0
4781 4785 4786 0
4781 4786 4799 0
4782 4780 4800 0
4782 4786 4787 0
4784 1201 4789 0
4784 4785 1201 0
4784 4788 4793 0
4785 4784 4786 0
4786 4782 4799 0
4786 4784 4787 0
4787 4784 4793 0
4788 1455 4795 0
4788 4784 4789 0
4789 4791 4790 0
4790 1449 4792 0
4790 4791 1449 0
4791 4789 1201 0
4793 4788 4794 0
4794 4788 4795 0
4795 1455 4796 0
4797 4781 4799 0
4798 4797 4799 0
4798 4799 4800 0
4799 4782 4800 0
4811 700 4812 0
4811 849 795 0
4813 767 4814 0
4813 811 781 0
4815 713 4870 0
4817 587 4821 0
4817 629 4819 0
4817 4820 580 0
4818 4817 4819 0
4820 4817 4821 0
4824 4825 4845 0
4824 4837 4838 0
4825 351 4845 0
4825 4824 4838 0
4826 4827 4833 0
4826 4833 4836 0
4826 4836 4838 0
4827 438 4833 0
4827 4826 4837 0
4828 4830 4836 0
4829 4828 4831 0
4830 350 4836 0
4830 4828 4829 0
4831 474 4835 0
4831 4828 4833 0
4831 4834 4829 0
4832 4831 4833 0
4833 4828 4836 0
4834 4831 4835 0
4836 350 4838 0
4837 4824 4839 0
4837 4826 4838 0
4839 4824 4841 0
4839 4840 4844 0
4840 322 4844 0
4840 4839 4841 0
4841 4824 4845 0
4842 4839 4844 0
4843 4842 4844 0
4845 4848 352 0
4848 4845 351 0
4849 4850 4853 0
4849 4853 4854 0
4849 4854 4856 0
4850 24 4853 0
4850 4849 4851 0
4851 4849 4852 0
4851 4852 4858 0
4852 3644 4858 0
4852 4849 4856 0
4852 4856 4859 0
4853 227 4855 0
4854 3638 4857 0
4854 4853 4855 0
4856 23 4859 0
4856 4854 4857 0
4864 2826 4865 0
4868 1534 4869 0

End
