MeshVersionFormatted 1

Dimension
2

Vertices
2913
-81.42844977912038 30.655 1
-81.435829 30.526070999999995 1
-81.39346899999998 30.395553000000003 1
-81.39620300000001 30.331085999999992 1
-81.30897800000001 29.96943999999998 1
-81.253877 29.776852 1
-81.163581 29.555289999999996 1
-80.96617599999999 29.147959999999994 1
-80.709725 28.75669199999999 1
-80.57424000000002 28.585338999999994 1
-80.525094 28.459454 1
-80.58903 28.407871999999998 1
-80.606823 28.29640399999999 1
-80.59416399999999 28.195863999999997 1
-80.530964 28.01365599999999 1
-80.384408 27.741190999999993 1
-80.261462 27.394352999999988 1
-80.09390900000001 27.018586999999997 1
-80.031362 26.796339000000003 1
-80.03615800000001 26.60258600000001 1
-80.108775 26.090087999999998 1
-80.12100799999999 25.813198999999987 1
-80.237858 25.727228000000007 1
-80.340026 25.467887999999988 1
-80.31035999999999 25.373100000000004 1
-80.25301499999999 25.340493999999996 1
-80.39971699999998 25.108491999999995 1
-80.461342 25.132487 1
-80.465501 25.21175499999999 1
-80.582083 25.21068 1
-80.722391 25.15954699999999 1
-80.868151 25.175953 1
-80.900577 25.139669 1
-81.08393 25.10619399999999 1
-81.172044 25.222276 1
-81.12140999999998 25.338749999999994 1
-81.16796999999998 25.46948900000001 1
-81.27148900000002 25.614339999999984 1
-81.290328 25.687505999999992 1
-81.41504 25.78435 1
-81.642345 25.905431000000004 1
-81.68953999999998 25.85271 1
-81.80174799999999 26.091405 1
-81.833142 26.294517999999997 1
-81.868983 26.378647999999984 1
-82.00589900000001 26.534412999999997 1
-82.10062499999998 26.510763999999998 1
-82.14255399999999 26.643910999999992 1
-82.091355 26.666770999999986 1
-82.051105 26.864954999999995 1
-82.11547800000001 26.951132 1
-82.181198 26.921363 1
-82.145071 26.788833999999994 1
-82.249888 26.762945999999996 1
-82.445718 27.060633999999983 1
-82.522032 27.228374999999986 1
-82.70782099999997 27.48761499999999 1
-82.641346 27.525508000000006 1
-82.514265 27.705588000000002 1
-82.39190100000002 27.823856999999997 1
-82.41531799999998 27.900378 1
-82.67557199999999 28.00544199999999 1
-82.72060799999998 27.936155999999997 1
-82.638423 27.904629999999994 1
-82.58762499999999 27.81900999999999 1
-82.63981999999997 27.703906999999997 1
-82.738022 27.706807 1
-82.85216799999999 27.885971999999985 1
-82.792986 28.00649099999998 1
-82.73146099999998 28.32501499999999 1
-82.66988199999999 28.433054999999992 1
-82.655132 28.674851999999998 1
-82.715027 28.72697099999999 1
-82.738695 28.824795999999996 1
-82.68886399999998 28.905608999999988 1
-82.76405499999998 28.999707000000015 1
-82.763751 29.054518 1
-82.83421600000001 29.154919999999983 1
-82.99857899999999 29.174124000000003 1
-83.05654199999998 29.12990899999999 1
-83.07726499999998 29.255330999999998 1
-83.16457799999998 29.296822999999993 1
-83.218075 29.420492 1
-83.280229 29.433412999999998 1
-83.395742 29.526314 1
-83.406437 29.650325000000002 1
-83.54248500000001 29.728152000000005 1
-83.586836 29.818941000000002 1
-83.68079099999999 29.921573999999985 1
-83.92536399999999 30.034567999999986 1
-84.02427399999999 30.103270999999992 1
-84.15727799999999 30.072714000000005 1
-84.23701399999997 30.08556 1
-84.33428 30.037079999999996 1
-84.361962 29.98773900000001 1
-84.34446 29.899024999999998 1
-84.451705 29.929085000000004 1
-84.535873 29.91009199999999 1
-84.88177699999999 29.73388199999999 1
-85.12147299999998 29.715854 1
-85.275 29.69238220883236 1
-85.275 23.30499999999999 1
-78.97499999999998 23.30499999999999 1
-78.97499999999998 30.655 1
-80.20172488956018 30.655 1
-78.97499999999998 26.979999999999997 1
-78.97499999999998 28.8175 1
-82.125 23.30499999999999 1
-78.97499999999998 25.14249999999999 1
-82.54544499999999 27.952909999999996 1
-82.5778055 27.615548000000004 1
-85.275 26.498691104416174 1
-82.07123 26.76586299999999 1
-80.80443001584642 25.086376225160556 0
-82.90841899603689 29.027914033682862 0
-84.25841835781232 29.962083228928144 0
-80.54999999999998 23.30499999999999 1
-80.5820662417612 24.73130626554565 0
-80.50582293652168 24.92711762976182 0
-80.46722035800575 25.026258446647862 0
-80.75644426882954 30.336245756948614 0
-80.81508733434029 30.655 1
-81.0764538969316 30.34981713956951 0
-81.23727663333632 30.356637518392183 0
-80.22821156539159 25.450846483844924 0
-83.27046655099592 29.324422927813085 0
-81.56067973891854 25.78484095182322 0
-81.5286925 25.8448905 1
-80.47552688430834 28.332600048642426 0
-81.45312862934814 25.606579247206785 0
-82.80537466484023 28.562668653854864 0
-84.45041162684501 29.727360482078755 0
-82.9155340893112 28.730235509425622 0
-83.93945992058468 29.590454615511963 0
-83.74931119238998 29.683343470357762 0
-83.6514059574775 29.7311707960652 0
-82.10919110827136 26.226615242379275 0
-81.97669931844304 26.283059296101378 0
-82.02389267850823 26.404949769060348 0
-81.937441 26.456530499999992 1
-83.60247150496602 29.53027725468919 0
-83.65913996829933 29.6228803192205 0
-83.78491087951814 29.482274114817972 0
-83.75303725491531 29.58031700461329 0
-83.49811644368606 29.579951668411645 0
-83.75206592167933 29.813104990161857 0
-84.15383592672488 29.729152546015854 0
-84.2310049754319 29.834448108375607 0
-84.42208860108342 29.828408482706593 0
-82.798150435498 28.4345945646859 0
-83.43033566941814 29.365035402125407 0
-83.5048644187892 29.45967691740873 0
-83.66196841590737 29.25929403237914 0
-83.6269711559451 29.393633219225894 0
-83.26972466384258 29.11034580024638 0
-83.16842654887213 29.176110540633626 0
-83.2672257312721 29.217394309623344 0
-83.46000154804979 29.16834103204679 0
-83.35675938666729 29.165930954583363 0
-83.41269246893346 28.982419788457428 0
-83.40619374953171 29.260809942877778 0
-83.53416009739887 29.273383878557922 0
-79.61201128827973 25.254382180969962 0
-79.92873386360773 25.32557049873916 0
-80.08955433393137 25.36171739712097 0
-80.28894199999999 25.597558 1
-80.17542963621302 24.855557769576617 0
-80.33492499644044 24.917660668852623 0
-80.62694917926679 25.031366474398038 0
-80.71325475230925 25.066727018386608 0
-80.74758351925331 24.859935123182648 0
-80.95492607308526 24.92823920095003 0
-80.90024861114952 25.02688433779686 0
-80.7972071148898 24.967833471348694 0
-80.6936132188339 24.950117020498023 0
-80.62449735902644 24.84751341646587 0
-81.01063273521453 25.023592536471845 0
-81.46509896982951 24.694138488439076 0
-81.25414890664669 24.881327213383678 0
-81.10453748986767 24.904783207170514 0
-81.26093182631077 25.063320987277468 0
-81.12798699999999 25.164234999999998 1
-80.56143638447014 25.1102442300515 0
-83.53468910528623 29.368917046674294 0
-83.06690349999998 29.192619999999994 1
-83.75269006659597 29.354656540954895 0
-83.98247423024836 29.36451709843686 0
-83.86610983329282 29.39389671561247 0
-83.87510089768796 29.184374666080508 0
-83.90188985262742 29.29047817885254 0
-84.06614752398792 29.19257290834119 0
-83.99863727467176 29.266051444416107 0
-84.15541961572605 29.342346519398074 0
-83.94850649797047 29.475113594306734 0
-84.11990059291567 29.546581886544754 0
-84.02248891889325 29.538941567102803 0
-84.07969522590648 29.4343834032165 0
-84.04324408609226 29.66506466215253 0
-84.00602953051192 29.85674726260158 0
-84.03773725890963 29.978337647838657 0
-84.12303379803822 29.891164962383595 0
-84.0862183951082 29.800231253699963 0
-83.89447151514436 29.745171837482978 0
-83.99552838202248 29.754650029553712 0
-84.09077599999999 30.0879925 1
-83.77562448270345 29.242003662793767 0
-83.67956957147113 28.992795906663897 0
-83.76215341154816 29.104080333946765 0
-83.62073657041857 29.12274052427407 0
-83.54524981222518 29.01027280054227 0
-83.52835167483072 29.103181281629958 0
-83.56096260961303 28.60613459047874 0
-83.58742827692238 28.809538129264645 0
-83.50006037293542 28.895978958865395 0
-83.23537966892138 28.715832440400042 0
-83.42056700066271 28.728260148002867 0
-83.48973824452017 28.798173250637102 0
-83.60554507464401 28.915222104311738 0
-83.76969547067081 28.83268792647054 0
-83.94019132182025 28.97322704799725 0
-83.8727798383707 29.068052640161216 0
-83.81282349110181 28.954055494668637 0
-83.99813308219883 29.085792024310216 0
-83.96940473046445 29.17600279378085 0
-85.275 28.09553665662427 1
-84.72145444390306 28.700121515203048 0
-85.275 28.893959432728316 1
-84.37472971005425 28.920968995919115 0
-84.15581688114796 28.93343079971092 0
-84.13739380154082 29.07214089790519 0
-84.2705129238394 29.01924290049983 0
-84.26500576794949 29.199331791078354 0
-84.16643787985055 29.170613330800023 0
-84.4593919980451 29.115147512318835 0
-84.38218005788322 29.03326636294809 0
-84.5347424298596 28.966748811406053 0
-84.35365454640349 29.137510298383024 0
-84.46160639644832 29.386777186091443 0
-84.38233097106863 29.27310038350602 0
-84.53610052470174 29.250346026781514 0
-84.30132889017574 29.41407003001775 0
-84.19350691868947 29.456902822780734 0
-84.31301940726615 29.60062353075846 0
-84.22165171710776 29.555050011956723 0
-84.27748755873118 29.719456315475906 0
-84.20989222969818 29.650728446805992 0
-84.36588081159785 29.681157997126494 0
-84.47299451693638 29.553234568526065 0
-84.27889660532138 29.307423306432167 0
-84.37503824895627 29.362666923672762 0
-84.26418825350956 28.90813928365077 0
-84.08861775588547 28.400664438055948 0
-84.35690059173308 28.591955315076188 0
-84.33763025938327 28.757989483370082 0
-84.17517813310165 28.771566160515437 0
-84.05400403645542 28.985838001700817 0
-84.01453953499836 28.822121355913737 0
-83.07597364399474 28.483164282173234 0
-83.1590931637708 28.111480959458994 0
-82.96508497175301 28.257916085026512 0
-82.85745100824002 28.323421439857693 0
-82.76222349999999 28.165752999999984 1
-82.86349854262798 28.212177241125517 0
-82.98371337675106 28.08086055268357 0
-82.90966953629547 27.98899911741523 0
-83.16859366021613 27.776928332003784 0
-83.07734418933364 27.929618720816798 0
-82.96847296859315 27.888619773061183 0
-83.05845737449577 27.814720708020953 0
-83.0152821230503 27.509519087913674 0
-83.06622107175498 27.65796772227023 0
-82.86959405435577 28.097073298501968 0
-82.97385979325786 28.39351537530184 0
-82.94317913456034 28.531442352243857 0
-82.89396925043238 28.44812022913295 0
-83.06115156865089 28.649166913518233 0
-83.02971501157043 28.56269696622222 0
-83.69937364683369 29.17349799760115 0
-83.68536221915433 29.47462082541403 0
-83.3379855 29.4798635 1
-82.18201538785735 26.371014142242622 0
-81.89629892163646 26.180773506048666 0
-81.81744499999999 26.1929615 1
-82.0669490751416 25.905526288582863 0
-81.95340515787254 26.025654536199102 0
-81.77517440648661 25.53385391093858 0
-81.69630528234552 25.683599578513828 0
-81.65262031382993 25.76654248990342 0
-81.48812130092927 25.707042426521983 0
-81.58345148319641 25.61751184873164 0
-81.68119647185551 25.579999449364355 0
-81.53965998949334 25.357303739492313 0
-81.66714134252526 25.432607009821133 0
-81.54737974112683 25.48979353069161 0
-81.36010480280473 25.434235637580464 0
-81.46377532699383 25.428195091432343 0
-81.40357770626797 25.28769686773469 0
-81.24849448528313 25.367151672231834 0
-81.146727 25.280513 1
-81.84420962811201 24.987288454265016 0
-81.91711470114258 25.274139454610975 0
-81.81259726136516 25.385662267964975 0
-81.52216379348997 25.565868388062253 0
-79.76079033692305 28.684988292139366 0
-80.13327038404428 28.539444843235735 0
-80.34979670661583 28.600426650047595 0
-80.3705333751149 28.44673632290649 0
-80.45964267657246 28.557542350574337 0
-80.47280800646573 28.753389284383815 0
-80.43538760315357 28.65753880882527 0
-80.30191396503407 28.764877217258 0
-80.0508139990941 25.59539722177097 0
-80.16961513899088 25.625446089845063 0
-80.08651961802721 25.70410196296744 0
-79.56949169751552 25.92754765009918 0
-78.97499999999998 26.061249999999994 1
-79.79507034766553 25.739616242771866 0
-79.93726736905731 25.692909607872995 0
-80.13400525935812 25.516362833997302 0
-81.12176855673033 30.655 1
-81.2751091679252 30.58154791233751 0
-81.27510916792536 30.655 1
-81.33256425701231 30.487452844273566 0
-81.36685635508063 30.58679904093753 0
-81.35177947352287 30.655 1
-82.9163975 29.16452199999999 1
-82.453083 27.764722499999998 1
-82.49689555754158 27.850003864839223 0
-81.14002767593965 30.496333146776493 0
-81.15475907643878 30.402890703637013 0
-81.18077902243124 30.581406785612607 0
-81.19843886232785 30.655 1
-80.96842794553709 30.556969774679278 0
-80.96842794553531 30.655 1
-81.02967417604557 30.457165454678123 0
-80.87728664744085 30.43234528474503 0
-80.92021032553096 30.25434233710409 0
-80.85736762344695 30.333365218614073 0
-80.96529255578696 30.363140417824813 0
-80.85316840419897 30.54562292270444 0
-80.50840611195024 30.655 1
-80.66174672314423 30.540294695221785 0
-80.66174672314526 30.655 1
-80.75958602788276 30.466491691370887 0
-80.7566123640066 30.573323417379335 0
-80.8041734895648 30.400255304484126 0
-81.06903210203127 30.568547134720713 0
-81.30813798021727 30.405133219931862 0
-79.92866379622167 25.9065269859813 0
-79.89305295439394 25.798110790987387 0
-80.00814083967205 25.78887936378161 0
-79.79919027939002 25.512348546825525 0
-79.92264421172571 25.56101701383846 0
-79.82551040132212 25.626496871892808 0
-79.58382544092471 25.62211558254077 0
-79.70521503529197 25.594125781356336 0
-79.66954444266314 25.71664871400749 0
-79.60548522537978 25.438828862747666 0
-79.6969608554217 25.489755415780053 0
-79.77920938831947 25.360177634526863 0
-79.51365337302192 25.771874820321926 0
-79.8980155800313 25.44257800255365 0
-80.01695323899823 25.47645495261517 0
-79.99979089481855 25.385257107700166 0
-80.09321976974162 25.44437496661072 0
-78.97499999999998 25.601874999999993 1
-79.28076133157263 25.571429820745138 0
-79.42521196639602 25.63911445846963 0
-79.23187225751502 25.86375104002804 0
-79.297157638444 25.7244208310226 0
-79.4054055057329 25.74814782567403 0
-79.11323504515916 25.72320133588881 0
-78.97499999999998 25.831562499999993 1
-79.10285302278419 25.85231009530282 0
-79.15244608763626 26.026244140634656 0
-79.16100125957693 25.929767690217812 0
-79.04191736162971 25.958610187488386 0
-78.97499999999998 25.946406249999995 1
-78.97499999999998 25.71671874999999 1
-79.20564029421975 25.65685478532142 0
-79.09669145617397 25.60263724015686 0
-79.03728681151142 25.37218749999889 0
-78.97499999999998 25.372187499999992 1
-79.00614340575618 25.25734374999863 0
-78.97499999999998 25.25734374999999 1
-78.97499999999998 25.19992187499999 1
-78.97499999999998 25.314765624999993 1
-79.09644553549633 25.17121093750345 0
-79.006143405758 25.487031250000694 0
-78.97499999999998 25.487031249999994 1
-78.99057170288559 25.42960937499962 0
-78.97499999999998 25.42960937499999 1
-78.97499999999998 25.40089843749999 1
-78.97499999999998 25.458320312499993 1
-78.97499999999998 25.544453124999993 1
-79.25631821975844 24.22375000000078 0
-78.97499999999998 24.22374999999999 1
-79.14555339553723 24.692278531670233 0
-78.97499999999998 24.68312499999999 1
-79.08969991218207 24.928535400524396 0
-78.97499999999998 24.91281249999999 1
-79.04917021010309 24.797968749999537 0
-78.97499999999998 24.79796874999999 1
-78.97499999999998 25.027656249999993 1
-79.09434755207388 25.049837732763354 0
-79.42255938113702 24.976522253933087 0
-79.27948729488328 25.10734225433328 0
-79.17743907104894 25.109106197888167 0
-79.23113861445296 25.263004139970427 0
-79.11792396943767 25.28867564109281 0
-79.20832606300222 25.424879208120114 0
-79.10617680676769 25.45251375538861 0
-79.1794818756827 25.532506839580837 0
-79.40905631486206 25.37062251499117 0
-79.39953620993349 25.505927386422186 0
-79.3021091497822 25.469701757137887 0
-79.49344341591666 25.44454738012056 0
-79.55374905780042 25.525638151152144 0
-79.52002585422933 25.32907541886108 0
-79.41077835718974 25.206252286388917 0
-79.47083101852192 25.561251616168136 0
-79.33771894378899 25.287681006492264 0
-79.05906906846806 24.710202947375443 0
-78.97499999999998 24.45343749999999 1
-79.05838554119913 24.5682812499997 0
-78.97499999999998 24.56828124999999 1
-79.31025553343551 24.483858540819327 0
-79.14740969892017 24.415948665348434 0
-79.06943897492664 24.472561506864245 0
-79.26754677783208 24.357068210305016 0
-79.81271057307761 24.244020516675047 0
-79.54696959600825 24.333534175956824 0
-79.4016439078846 24.27864208797876 0
-79.37720853109121 24.390717431198418 0
-79.58603384876353 24.01029291219817 0
-79.76249999999999 23.30499999999999 1
-79.5267992052845 24.167115427819034 0
-79.37675282271469 24.12472128250224 0
-79.4764729420075 24.058508061126453 0
-79.17631048853305 23.714647896097876 0
-78.97499999999998 23.764374999999987 1
-79.42739837750935 23.79840723178729 0
-79.48212389832688 23.922761875843964 0
-79.27139104855608 23.94128136830627 0
-79.37012914578092 24.006547598610222 0
-79.37271738935354 23.89531082971865 0
-79.27192212808373 23.807797038506415 0
-79.72261997626792 23.74270625063331 0
-79.62326984131991 23.860646903777212 0
-79.52533410941527 23.82952706778382 0
-79.54339810369055 23.603014421960857 0
-79.36874999999998 23.30499999999999 1
-79.5080762334819 23.714174172670138 0
-79.34208131085515 23.635938237965362 0
-79.44493828823741 23.632919828397675 0
-79.38877717596186 23.47315756026371 0
-79.62062698471065 23.68874627001904 0
-79.73117047274457 23.511516044070895 0
-79.71866682207697 23.62680682249911 0
-79.63851489297696 23.559790672010912 0
-79.56562499999998 23.30499999999999 1
-79.6272856644241 23.42518168502268 0
-80.19399713163097 23.620034482998552 0
-80.15624999999999 23.30499999999999 1
-79.95709096358695 23.67669166778035 0
-79.85226877134518 23.582972958228527 0
-80.03598869447639 23.482966450536733 0
-79.959375 23.30499999999999 1
-79.86249936567026 23.427293805974678 0
-79.96197307944425 23.56575119079587 0
-80.07757849238651 23.594630830790358 0
-80.10236374474465 23.760506869693362 0
-80.04994970262057 23.683548863394616 0
-79.83827910526941 23.70410001785273 0
-79.94004832303176 23.87403553766256 0
-79.81682780189014 23.832387557018688 0
-79.91665008483623 23.77260702577872 0
-79.81590758640728 24.038215423321052 0
-79.85064024224351 23.935454715917494 0
-79.98755932870863 24.038982844128025 0
-79.72030640874172 23.948652562011887 0
-79.50097299874597 23.414079206429335 0
-79.4836236360201 23.517205831494415 0
-79.57233035016294 23.497538988037803 0
-79.41394983814716 23.384888179233368 0
-79.46718749999998 23.30499999999999 1
-79.66406249999999 23.30499999999999 1
-79.73114520989807 23.405877765750176 0
-79.27513262252846 23.708857482280088 0
-79.9012690768364 24.14246882222944 0
-80.29106513383651 24.37977558370081 0
-80.04021554433317 24.35302728703451 0
-79.94156713671725 24.267000604516497 0
-80.10340181267496 24.180996080711786 0
-80.03892446406488 24.254933463637762 0
-80.00607041951628 24.14213695736974 0
-79.83567678822897 24.488001379157325 0
-79.85799989258258 24.362828728097263 0
-79.95376359131711 24.444483943789457 0
-79.97938041615902 24.69597254784011 0
-79.93425417415978 24.573520165074424 0
-80.14591170672414 24.539528416557346 0
-80.0472906920857 24.601405033798272 0
-80.04875142541701 24.49420216077179 0
-80.17546428115605 24.69616133303886 0
-79.71859446886697 24.72253640729551 0
-79.53220912711829 24.572771732564235 0
-79.43221705145606 24.500894027489796 0
-79.4779579800747 24.409236171058897 0
-79.36129584184445 24.705045909955135 0
-79.35768457005997 24.589396619722223 0
-79.45097482120816 24.644364560665014 0
-79.50174392642995 24.81600204743147 0
-79.25627810477377 24.650444172199176 0
-79.80727481954071 24.620314690065932 0
-79.85310199716736 24.749648383286 0
-79.73227469880456 25.001880609038274 0
-79.76077653672972 24.86047771855721 0
-79.96907737641891 24.940130861035414 0
-79.84549247018106 24.95112739242307 0
-79.89897735466563 24.852264223374682 0
-79.92370915149877 25.13021339521129 0
-79.82861034641085 25.06512450103272 0
-79.92279044156723 25.029538690208927 0
-80.12594274925357 25.078026362303692 0
-80.01834581123869 25.07900824128 0
-80.0733940031671 25.21546529981066 0
-79.79812495428028 25.211682495625936 0
-80.32636599999998 25.224492999999995 1
-80.19968022519235 25.22557723490259 0
-79.61969215353389 24.905614008597233 0
-79.617443214081 24.786145743764116 0
-79.53669481321087 24.71233652518259 0
-79.52189980391125 24.64295756212126 0
-79.6436161355444 24.62498593717299 0
-79.65293385965066 24.460146078422866 0
-79.73492993605745 24.535580364599326 0
-79.72427814663631 24.345766861079486 0
-79.63362245475639 24.368660361184215 0
-79.64739959817143 24.232276368963934 0
-79.63170389546225 24.11714154336674 0
-79.71294033479039 24.052319984615004 0
-79.77747525153755 24.14054578668751 0
-79.57018980342802 25.077471583562918 0
-79.63403630406276 25.002803926084567 0
-79.53094462194932 24.968365634155067 0
-79.55375975017047 24.474856152072096 0
-80.26182132360745 25.10232235263468 0
-80.21344731441789 24.98075292439646 0
-80.09149490067082 24.959042911286268 0
-80.0475801288172 24.837643048977263 0
-80.1214189846845 24.775847808284443 0
-80.33440007809489 25.024253809114136 0
-79.9677556466825 24.78881948268284 0
-79.89832331599133 25.228609506654493 0
-79.18587763585307 24.540609021045025 0
-80.35271718615083 24.581613939925038 0
-80.24073244623455 24.602742559865025 0
-80.24910122774399 24.48746718084868 0
-80.14791039614424 24.41519443054007 0
-80.19178755485551 24.28552720301442 0
-80.45909748437056 23.96987208269684 0
-80.38672670255431 24.179597646620277 0
-80.30643480341611 24.26417401068701 0
-80.24479257738504 24.12525403301101 0
-80.47697000640052 24.345669830245413 0
-80.37848693675512 24.332576130913484 0
-80.41141337922511 24.461835465152202 0
-80.63297874213798 24.51029226432398 0
-80.50158745334983 24.580295296455063 0
-80.52965024631203 24.451980116477408 0
-80.67608071610331 24.313211469345962 0
-80.62421248045615 24.4051214223859 0
-80.79951442856158 24.44346031788389 0
-80.98800089181323 24.650335420405565 0
-81.01051434741746 24.793934963464963 0
-80.87659583155754 24.81716239906779 0
-80.86596895390736 24.907813615605466 0
-80.7580749954159 24.675628140366378 0
-80.69504561573689 24.764492360313547 0
-81.18415855554943 24.693146527182225 0
-81.12535994086355 24.791821250520123 0
-81.08032093852074 24.698127347062275 0
-81.12298282887681 24.502653383090816 0
-81.12794628830889 24.606129078219926 0
-81.31777547613787 24.545166577121226 0
-80.60750953920326 24.62079628115721 0
-80.35453939748027 24.051141243686395 0
-80.19569904472662 23.934242545557638 0
-80.33243669834309 23.914809690207125 0
-80.24572108608908 23.795430503870325 0
-80.50042120836277 23.701603567880824 0
-80.44447285531521 23.830302341298854 0
-80.34478271776166 23.814657504816076 0
-80.71705784305301 23.872290969020103 0
-80.57524240759945 23.887150910127882 0
-80.53783180798514 23.794377239007385 0
-81.33749999999999 23.30499999999999 1
-80.6954564167704 23.676886096237745 0
-80.66819591580497 24.090114329021063 0
-80.57517248290361 24.009950141290147 0
-80.682882668713 23.979016837014917 0
-81.11848652353392 24.059668895629656 0
-80.89255438934734 24.063254323425713 0
-80.81170462517 23.96143287227424 0
-80.53315431859464 24.15276331315638 0
-80.45823686946201 24.076659831917247 0
-81.00284186342519 23.89267275916589 0
-80.91888684831449 23.95933595338797 0
-80.86240802664972 23.81278157081674 0
-81.0219732145788 24.00296429220124 0
-80.77956993246829 24.0699584171675 0
-80.8464730867668 24.242062270685334 0
-80.74258746724074 24.183390669866377 0
-80.6319373786106 24.20865099847071 0
-80.57106555328487 24.295948316569433 0
-80.15835439039721 23.84236615315054 0
-80.0650602440123 23.933814943984185 0
-80.03473905698274 23.83661978223654 0
-80.12999904978894 24.05030619336467 0
-80.25428642473564 24.020999213499902 0
-79.97958248025809 23.951964347129294 0
-81.09984375533453 23.558787625527064 0
-80.94375 23.30499999999999 1
-81.01146320484551 23.714144180576422 0
-80.96192430252736 23.80122434882399 0
-80.18893091958174 23.71685315789387 0
-80.29828965085238 24.77588625126325 0
-80.31236415089673 24.675068984545977 0
-80.4386853424079 24.74409499816451 0
-80.50482946041548 24.675517924126048 0
-80.51762395750019 24.81896345181074 0
-80.4152324619386 24.847872125607335 0
-80.26555115566795 24.859966674957843 0
-79.71918956237498 23.84063186914059 0
-79.96424718856083 23.408376683799474 0
-80.05781249999998 23.30499999999999 1
-79.86093749999999 23.30499999999999 1
-79.1760735363092 23.50022862313765 0
-79.17187499999997 23.30499999999999 1
-78.97499999999998 23.53468749999999 1
-79.23159964552647 23.601695822649937 0
-79.28495530138191 23.50657146017515 0
-79.23646391380373 23.401270425400075 0
-79.24007434510116 24.08124674245465 0
-78.97499999999998 23.994062499999988 1
-79.12578049334915 23.98218775958773 0
-79.1410127526612 23.84652295426956 0
-78.97499999999998 23.879218749999986 1
-79.06667060847045 23.90686345102671 0
-79.09632383167104 24.131640118292566 0
-79.18679767864786 24.159497167191766 0
-79.13701181532251 24.28310115304817 0
-79.06809772529759 24.220418343713515 0
-78.97499999999998 24.338593749999987 1
-79.07115861806201 24.3550861113453 0
-78.97499999999998 24.10890624999999 1
-79.05493667086435 24.04585372505734 0
-79.43826239253647 24.193747365530992 0
-79.34498273146463 24.208831953874046 0
-79.20491555019073 25.76615969170966 0
-79.33532937857643 25.642955785498803 0
-79.5096708761083 25.67868902118474 0
-79.61910365538924 25.821901579218583 0
-79.75090556270844 25.9482685126089 0
-79.66369315034291 25.90731309900822 0
-79.74905405309022 25.838876362162516 0
-79.64658776828145 26.057072959346876 0
-79.39467230533891 26.11931089163221 0
-79.5111846079552 26.04996042429845 0
-79.5671696879565 26.276566720952165 0
-79.504786647267 26.17176004849702 0
-79.62270047121055 26.172544524326014 0
-80.0724665 26.346337000000005 1
-79.81555448298516 26.342330181039568 0
-79.69911396435258 26.28017005164743 0
-79.36332982403795 26.32692715338703 0
-78.97499999999998 26.520624999999995 1
-79.41050957657183 26.22787565831579 0
-79.22446930862448 26.20002378249676 0
-79.85194254407057 26.134026516546967 0
-79.73432113969797 26.135428663178796 0
-79.79207689477258 26.046231595319195 0
-79.91315071065804 26.02798178657457 0
-79.98518088773773 26.140243822482326 0
-79.84692492767353 25.957804828543924 0
-79.91319909647471 26.252057378106393 0
-80.02495813497835 26.244927572052696 0
-80.09062075 26.2182125 1
-79.79953328097274 26.23220137294131 0
-79.62549956619337 26.558207386867636 0
-79.62953306777801 26.410511409735744 0
-79.76346661899356 26.488072131509796 0
-79.67543441281639 26.48566801698974 0
-79.46154516839887 26.479826811133634 0
-79.5188731562953 26.38054337334968 0
-79.5609598795074 26.48254177604154 0
-79.37435111387228 25.952621736616035 0
-79.26272605177067 25.987405811119096 0
-79.23782080221294 26.09267535251293 0
-79.43811459399323 25.857710647140365 0
-79.33406729589528 25.82910919409052 0
-79.47412245348097 25.957214479891263 0
-79.79864401116703 26.728040630786808 0
-79.74066048128883 26.613977928831478 0
-79.88714518013784 26.575493246255547 0
-79.60025276587565 26.757123142283966 0
-79.64636043128148 26.661915156981436 0
-79.48387736156084 26.641995857464305 0
-79.31073699041826 26.933395450245225 0
-79.43356309105604 26.809237765601917 0
-79.62162311758047 27.11811410040741 0
-79.4891627343398 26.987074347138403 0
-79.54470775010596 26.872098744710254 0
-79.72048906279583 26.88611438616984 0
-79.62443272592321 26.98151886287464 0
-79.63532029996334 26.84496913296586 0
-79.88380229815662 26.868502249584488 0
-79.82256809502739 27.06668060544619 0
-79.71166333205133 27.051639611002443 0
-79.8104583159956 26.954389448549296 0
-79.79654339546676 26.825359635442958 0
-79.91809079879854 26.751668553532976 0
-79.8724054358675 26.668887807980372 0
-80.03376 26.699462500000006 1
-79.41418901743585 26.9129047190242 0
-79.1886434088591 26.68977807408636 0
-78.97499999999998 26.750312499999996 1
-79.32261584403624 26.581580876417576 0
-79.41956528826897 26.568230031947586 0
-79.37054060638324 26.699088214130384 0
-79.28099185326617 26.66708360920195 0
-79.28339803884427 26.80163193597444 0
-79.13515203732314 26.901108724463047 0
-79.17376174125636 26.79844638347521 0
-79.06433017430057 26.81588230330189 0
-78.97499999999998 26.86515625 1
-79.22951308366459 26.881530223612415 0
-79.15567911268637 26.51191828721196 0
-79.50308372109085 26.738963447562472 0
-79.88387249041217 26.44892591328989 0
-79.72880567090428 26.393505360881598 0
-79.83502881611102 25.867859489244882 0
-80.21858506034684 28.65141826284935 0
-80.00629396858545 28.894663096549603 0
-80.03337976207227 28.70404155278904 0
-80.11564832834945 28.64135956873853 0
-80.15631439277367 28.78448195048472 0
-80.05548499224594 28.804417637774417 0
-80.42499102548832 29.31891625448549 0
-80.2679510971961 29.063111904036063 0
-80.2472955884119 28.909708478016903 0
-80.12681707643372 28.90182861201866 0
-80.05409325881094 29.107859629995772 0
-80.06083939151266 28.994390489694986 0
-80.1725372357708 29.00421296892483 0
-79.86012080899125 29.03939218660273 0
-79.9540113646555 28.988039194153224 0
-79.82236439969371 28.85885249563166 0
-79.92689433235063 28.780114302131622 0
-79.82885706717335 28.75871777671709 0
-79.90209637291204 28.622819384698644 0
-80.01414753097758 28.571328209384404 0
-79.64116039719119 27.907326300388636 0
-78.97499999999998 27.89875 1
-79.96801285495457 28.160484017091655 0
-80.02206311357052 28.36242696705425 0
-79.89616933518599 28.46225725008459 0
-80.05034641995239 28.468099251951323 0
-80.20461981964536 28.370186630419045 0
-80.235562448508 28.82256930953245 0
-79.86670475016264 28.295804027112784 0
-79.9705931073859 28.26799819097918 0
-80.13512781960317 28.210261443241627 0
-80.32239153291582 28.22395079291293 0
-80.36064367379976 28.33227913067911 0
-80.22517112290245 28.26619580044349 0
-80.11557246504925 28.313819505443405 0
-80.13393504620818 27.908854306350108 0
-80.088992294557 28.059738089082277 0
-79.8819082045606 27.934075106962364 0
-80.01122129142762 27.95443766513845 0
-79.98360874411676 28.05620087944842 0
-79.82406947174158 28.085649029344673 0
-79.98547474773892 27.697157169244928 0
-80.03200831964003 27.82242896758484 0
-79.89913193505748 27.800508745903176 0
-79.64964900012606 27.5043412934336 0
-79.800538527651 27.63039864670846 0
-79.88083930509572 27.697484173700495 0
-80.1877995325402 27.693280027374556 0
-80.14177121616824 27.79629572483522 0
-80.08692033991423 27.70999709637074 0
-80.06313329186946 27.49076339299996 0
-80.11977545666235 27.595524978128022 0
-79.93272632122297 27.559502891578934 0
-80.18627274328975 27.491878087623732 0
-80.322935 27.56777199999999 1
-80.2233182874232 27.59601862935055 0
-80.29576453190184 27.67759139416636 0
-80.35367149999999 27.654481499999992 1
-80.27136354824589 27.80517512458524 0
-80.457686 27.877423499999992 1
-80.42104699999999 27.809307249999993 1
-80.34378882061658 27.894775583210233 0
-79.88526232154834 27.311389578359037 0
-79.94683839135406 27.428206676150133 0
-79.79048441511907 27.435985845619246 0
-79.87136825608023 27.486501452489808 0
-80.1776855 27.206469999999992 1
-80.07456096921126 27.330142688134895 0
-80.15774342575126 27.39213573478404 0
-79.9783051319061 27.336982687808085 0
-79.97768155535313 27.157326261179083 0
-80.02103521370395 27.60459697299255 0
-80.068299298914 27.22008982733456 0
-80.13579725 27.112528499999996 1
-79.75175638297623 27.53545505283049 0
-79.64267806409156 27.310716706458564 0
-79.76395242857267 27.317457520941137 0
-79.70932424275176 27.205978928213437 0
-79.69894827008355 27.12863429153632 0
-79.68891946742843 27.405989686702693 0
-80.24710601561657 28.024699083465833 0
-80.15830511515934 27.998248548202206 0
-80.23997863018687 27.918460135632422 0
-80.38944378115406 28.029684894949565 0
-80.31527655885571 28.112790281541773 0
-80.20634193428388 28.126667848071136 0
-80.494325 27.94553974999999 1
-80.4731283425049 28.135781324826073 0
-80.562564 28.10475999999999 1
-80.49986243123143 28.233879505322 0
-79.75575046142777 27.972757107071725 0
-79.57237444544049 28.16084943592721 0
-79.63965942209403 28.04301213289496 0
-79.70950820600832 28.161024192500683 0
-79.64063615043405 28.40041184180428 0
-79.64080124722797 28.270858237539233 0
-79.75563523749338 28.266285997837173 0
-79.83459111044637 28.19291677110716 0
-79.41448080653538 28.335346733135623 0
-78.97499999999998 28.358125 1
-79.51840880129174 28.27070226657324 0
-79.52098885326815 28.39071419669457 0
-79.30470090355493 28.676651930127385 0
-79.38856826404316 28.51531983766501 0
-79.5665299993892 28.571777223486137 0
-79.574494323473 28.473515239287025 0
-79.71523049407088 28.534375932462034 0
-79.43299190474782 28.42986395986083 0
-79.28859192651758 28.409073239037333 0
-79.35355695377567 28.121536299536583 0
-79.4573375989599 28.172518958197045 0
-79.47533469349145 28.00476432936087 0
-79.56902058383314 27.974379498230018 0
-79.45347283318645 27.777733617100786 0
-79.53298846240803 27.86328125444549 0
-79.6246005325622 27.698400509482493 0
-79.752989480343 27.77332094508302 0
-79.62023404877668 27.80386578448173 0
-79.67441014700958 27.606183564659123 0
-79.79401613377557 27.872490167207072 0
-79.54715506550296 28.06832071925965 0
-79.2840252878756 28.256934021545103 0
-79.24986166043266 28.54567915616562 0
-79.12328282239268 28.435998423107943 0
-78.97499999999998 28.5878125 1
-79.12877173218101 28.673347560539536 0
-79.21746486099906 28.63621110914142 0
-79.13115341400497 28.55455444535761 0
-79.21223797638254 28.46121882977626 0
-78.97499999999998 29.73625 1
-78.97499999999998 29.276874999999997 1
-79.21220154409188 28.916437323950213 0
-79.21476990680581 28.77969416846751 0
-79.10235583412783 28.845978461705617 0
-79.0568056590581 28.750671871033916 0
-78.97499999999998 28.702656249999997 1
-79.0412016054582 29.06217263250708 0
-78.97499999999998 29.0471875 1
-78.97499999999998 28.93234375 1
-78.97499999999998 29.16203125 1
-79.1700295161152 29.219453125005014 0
-79.06406149468793 29.21945312500073 0
-79.11704550539456 29.399409735098214 0
-78.97499999999998 29.506562499999998 1
-79.08529109781844 28.957897754953322 0
-79.13951307786557 28.9089045674285 0
-78.97499999999998 28.47296875 1
-78.97499999999998 28.1284375 1
-79.16400060523007 28.10974458821099 0
-79.27132855559506 27.913897909181976 0
-79.35479673519744 28.00094419464772 0
-79.26222165529403 28.060294875622215 0
-79.25137662192569 28.161025770689353 0
-79.39039687797967 27.88326570363344 0
-79.1161631858911 28.26944207552618 0
-78.97499999999998 28.243281250000003 1
-79.0745312081818 28.169957608273304 0
-79.2054772548708 28.33542987897586 0
-79.07134203771058 28.354788347586602 0
-79.38299401794525 28.240005399368556 0
-79.66097864339477 28.6329840208527 0
-79.4982571356231 28.7806051503547 0
-79.56006023426978 28.68523634960317 0
-79.66058962076542 28.81809366846129 0
-79.43273391083765 28.670433335028292 0
-79.3562866548836 28.850747888372336 0
-79.30805865582434 28.770347580502538 0
-79.4038756911165 28.762166819922395 0
-79.5283887254326 29.020339259903402 0
-79.35044409662625 29.028797597470874 0
-79.30919624659455 28.938323368408373 0
-79.47174823220737 28.90569762657111 0
-79.56537459095073 28.86018335701239 0
-79.43794956580315 28.993709264445087 0
-79.44477970140446 29.13740014146355 0
-79.30338029385094 29.1649514222295 0
-79.43430793706601 29.460279196217012 0
-79.2986394338435 29.343739146250407 0
-79.26167705719705 29.253302308101695 0
-79.3946661823807 29.25682874051362 0
-79.40165403663492 29.361054447170165 0
-79.64653909014606 29.292288925585495 0
-79.53671105391005 29.371593910695093 0
-79.5247054239207 29.24116621461687 0
-79.64187160443822 29.1326763023193 0
-79.54354030873267 29.143994268149616 0
-80.01481727323635 29.918012625955598 0
-79.72339852198216 29.690622231382136 0
-79.60032126248467 29.548507393379776 0
-79.66030068197713 29.42704902540447 0
-79.7473144411765 29.545557679532042 0
-79.6750442292142 29.608146637565632 0
-79.47696890908689 29.779687962302365 0
-79.56009226588279 29.675541373782412 0
-79.39399364987241 29.628216997450235 0
-79.49599636311206 29.585356716175845 0
-79.46714896087681 29.686605035928576 0
-79.91117371198759 29.334046891445208 0
-79.79902475344264 29.416391109635214 0
-79.7842839174681 29.278771866445087 0
-79.9010283391013 29.184054559637637 0
-79.99918494239635 29.57145697130983 0
-79.86492639338344 29.639451366644668 0
-79.86561338586365 29.517983174614287 0
-79.97166403595756 29.446640819743838 0
-80.2193706025961 29.4574657548992 0
-80.09407347530139 29.485092712421306 0
-80.11717252044689 29.29190946229179 0
-80.13935959978278 29.392534994486788 0
-80.27060583514906 29.310837511093073 0
-80.02122787025831 29.347467013887133 0
-80.01501914987473 29.226120733650845 0
-80.20850395384808 29.7061268522358 0
-80.12180689257362 29.610872668879487 0
-80.24780356514773 29.58327628193101 0
-80.70525036566056 29.79732366015212 0
-80.46274786797053 29.719747675971227 0
-80.33740912487842 29.679652103994002 0
-80.42368045111115 29.509597853544104 0
-80.42627086050723 29.617822569589435 0
-80.66197485485327 29.558037524450526 0
-80.55463474003635 29.629373398848056 0
-80.54884195928332 29.504230874994466 0
-80.72245523352748 29.28503364284783 0
-80.66083994287212 29.41458484727989 0
-80.53879886612683 29.3768991261126 0
-80.56122028091704 29.192209208249906 0
-80.51625978921922 29.280456932628354 0
-80.4480083464417 29.414419758302852 0
-80.33368054412094 29.435895323022656 0
-80.91967653144758 29.458261109158904 0
-81.06487849999999 29.351624999999995 1
-80.78200105667894 29.485357120803368 0
-80.76073386351712 29.382667071068827 0
-80.87983493806246 29.27965116701509 0
-80.89135751495303 29.677685692283458 0
-80.77831035062519 29.614709507387865 0
-80.88022910077798 29.564709732256244 0
-81.02179324563119 29.556636703614554 0
-81.09417634433622 29.71275611114367 0
-81.09327950550305 29.618332391171517 0
-81.02567519020751 29.45041928320367 0
-81.11422974999999 29.453457499999995 1
-80.79062400276464 29.725557872810803 0
-80.95146424460508 29.934082098765753 0
-80.83123129754642 29.860528669900294 0
-80.95160595625579 29.798805296712686 0
-80.78018130554831 30.079021885809297 0
-80.7089215857471 29.947161948897755 0
-80.84184787792255 29.978219600383206 0
-80.9529182565666 30.095879135138922 0
-80.67489500049179 29.679257194368258 0
-80.58154984627168 29.76619208687544 0
-80.41409750453394 30.019358669548144 0
-80.30825222802977 29.86474368207419 0
-80.2881220964792 29.766730359092886 0
-80.470618618484 29.874781097761968 0
-80.05416879229247 29.759515951154864 0
-80.16870292479105 29.84233069841098 0
-80.07652845110742 29.849200832842246 0
-80.20734825872138 30.047356748554392 0
-80.12802702810949 29.957462857140467 0
-80.23469506208912 29.943283305759135 0
-80.30869141414469 30.018356523814806 0
-80.35822269044206 30.35246552237414 0
-80.30296802688271 30.18993098618752 0
-79.9961362589182 30.153784570563957 0
-80.03636322270093 30.0383458374317 0
-80.11719752408995 30.13124250291409 0
-80.1025787417007 30.38908127653853 0
-79.58836244478007 30.655 1
-80.0782393371323 30.25836748599009 0
-79.79594918216881 30.019297014039157 0
-79.91865162511152 29.99732684801446 0
-79.87651266886729 30.115611615315323 0
-79.82717444781535 29.840059748906906 0
-79.91459261700972 29.894449636552103 0
-79.56388430539234 30.29526186427786 0
-79.70431528827854 30.17779670872045 0
-79.85923918535485 30.36676908663063 0
-79.89504366717013 30.655 1
-79.90160165930925 30.243509855448682 0
-79.98241300431319 30.34019289508032 0
-79.98336276160416 30.50998397037742 0
-79.9363324255161 30.425348849154346 0
-79.74170305597511 30.655 1
-79.8081542308804 30.51401759738577 0
-79.78267599218718 30.271546077373856 0
-79.80116315585796 30.176469819194146 0
-79.6732759009837 30.283364782393754 0
-79.63706742106618 30.459300990974402 0
-80.05657796337377 30.33002385619293 0
-80.19030844171186 30.223179739334324 0
-80.271631827836 30.291243286765443 0
-80.03763585079285 29.662282322286995 0
-79.53435236310708 29.472334431084025 0
-79.18809106167856 29.073257479536558 0
-79.27710820157824 29.079658942538952 0
-79.10975665272719 29.132510046673797 0
-79.74702420116257 30.41032403231464 0
-79.70226971880652 30.550261468396457 0
-79.89678661178851 30.556659007001972 0
-79.81837336157261 30.655 1
-80.12628526904588 30.531684819838986 0
-80.04838427836515 30.655 1
-80.24023990120851 30.43946864274408 0
-80.39333523674867 30.523579119702507 0
-80.35506550075522 30.655 1
-80.27839519516192 30.56139111105147 0
-80.43173580635272 30.655 1
-80.33622850280165 30.44613808395171 0
-80.19410770528556 30.352261679869798 0
-80.53542978165883 30.40526193945852 0
-80.65075895919703 30.42397501712839 0
-80.72196988635233 30.40223819873537 0
-80.51881799595628 30.529795530080445 0
-80.49561806793754 30.21509772023173 0
-80.61336394133043 30.28969659307135 0
-80.63072892577124 30.13206423112296 0
-80.74078675892052 30.20509367476912 0
-80.84712831497296 30.169132134231017 0
-80.51352551082984 30.09279451164779 0
-80.60562178977715 30.012462317589716 0
-80.59969469666387 29.88873008344834 0
-80.40749455736609 30.13973222074466 0
-80.50830923861918 29.972852817689997 0
-80.3930962284005 30.249950680619136 0
-80.47373113067529 30.31892933467883 0
-79.8193618807853 29.734733114093185 0
-79.93825071555855 29.733051193928222 0
-80.38601792184474 29.925044285805676 0
-80.393688124253 29.80097020954363 0
-81.12412155116846 30.01343554097648 0
-81.0870497722739 29.86658565857575 0
-81.15482542013514 29.792645697122303 0
-81.20378642073021 29.905557464214777 0
-81.2814275 29.87314599999999 1
-81.04644141129417 29.954941374925777 0
-81.16376128514734 30.190620993298804 0
-81.03490251564932 30.195408444538046 0
-81.05722146251544 30.093493205024654 0
-81.10182778980943 30.26019393869108 0
-81.35259050000002 30.15026299999999 1
-81.37439675000002 30.24067449999999 1
-81.04198608941563 29.787418108304585 0
-81.208729 29.666071 1
-80.86054250629152 29.377703229570375 0
-80.8379505 28.952325999999992 1
-80.79595216864934 29.130505259526004 0
-80.90206325 29.05014299999999 1
-80.87654111023798 29.183342021131416 0
-80.681010366296 29.17057906369312 0
-80.58111785181308 28.959883801218247 0
-80.6977202201434 29.033629172095306 0
-80.58834174229762 29.07751726310229 0
-80.42681737598748 29.09987394306198 0
-80.70367484960542 28.89515851571027 0
-80.77383775000001 28.854508999999993 1
-80.58804120206217 28.824599961898702 0
-80.64198250000001 28.671015499999992 1
-80.5419526888746 28.680487350519286 0
-80.37298091361389 28.970877491536527 0
-80.479002717855 29.00236196782155 0
-80.45815354861396 28.878317310550102 0
-80.34943375003722 28.863742260256387 0
-80.35334978861184 29.208790148130685 0
-80.22276078778611 29.187473211726203 0
-80.11921139792261 29.18837620906264 0
-80.33856980171396 29.119584294573407 0
-80.45520229183975 29.198256771763855 0
-81.01552724999999 29.249792499999995 1
-80.2661196196803 29.39153542350431 0
-79.97887242034756 29.14859195810797 0
-79.7737948247224 29.1465377734 0
-79.70034851763678 29.21084084251809 0
-79.72086849360929 29.015546901896368 0
-79.65248257981902 28.928496237528496 0
-79.62508188897803 29.03614854992314 0
-79.80252411479583 28.957219569659923 0
-79.22046628419942 29.821736934381363 0
-78.97499999999998 30.195625 1
-79.34131206852565 29.755538040819893 0
-79.37485936265945 29.960179642702748 0
-79.32204490266093 29.863767082025642 0
-79.21159325479664 29.986944171978376 0
-79.1869189900488 29.617095332485956 0
-79.28849760852383 29.659125480137035 0
-79.29139286124034 29.508365355642702 0
-79.38027747701923 29.53611664222457 0
-79.17482719312925 29.50091968328891 0
-79.21915809336653 29.408485287340902 0
-78.97499999999998 29.62140625 1
-79.07661477547207 29.563984374999954 0
-79.08598809985487 29.685616141800807 0
-79.18476539823679 29.722518912363704 0
-79.3312691200665 30.20562658052932 0
-79.30989398447188 30.07523627336921 0
-79.50330880092814 30.108576397830515 0
-79.4004950110652 30.127331058869366 0
-79.47092769569782 30.22225385623267 0
-79.28168122239003 30.655 1
-79.37617985206546 30.438572435588906 0
-79.45151068687758 30.342658313336333 0
-79.54309351322101 30.40288153439827 0
-79.52717859595742 30.535862471166517 0
-79.43502183358505 30.655 1
-79.3319526421728 30.32629700470945 0
-78.97499999999998 30.4253125 1
-79.17489346444256 30.453013939524922 0
-79.15443544484403 30.266965380106534 0
-79.25329642064592 30.26640539481221 0
-79.2732742804912 30.414260055734363 0
-79.2993409548575 30.533866537281554 0
-79.41104008725621 30.54530740468142 0
-79.17593716125658 30.12551018332207 0
-79.0835872876429 30.183834427656976 0
-78.97499999999998 29.9659375 1
-79.06738424583465 30.055903800096775 0
-78.97499999999998 30.08078125 1
-79.46832873479748 30.461376623949352 0
-79.10025039072718 29.89812221887925 0
-79.06818145120633 29.793542873997335 0
-78.97499999999998 29.851093749999997 1
-79.12206116609812 29.98497926152947 0
-79.46698905076823 28.576835412420092 0
-79.77240728098035 28.414788573967225 0
-79.82442502932363 28.54529610394585 0
-79.89556693234532 28.02610934192767 0
-80.06200478412968 28.150341746227433 0
-79.92639107165544 28.371073136872283 0
-80.2584536359524 28.509858074432888 0
-81.70103247151681 25.1763680252928 0
-81.65881453953291 25.301144899463615 0
-81.53668255097065 25.190291256650454 0
-81.57282284353643 25.273179742274838 0
-81.7754546368123 25.271079173055718 0
-81.84707422564722 25.1382065886267 0
-82.17249175205045 25.056543540676202 0
-82.01933945906066 25.13545646101043 0
-81.93199796061073 25.061108385882946 0
-82.04797876130897 24.83407149298435 0
-81.963780618387 24.93420182911627 0
-81.7890231603275 24.701785160276394 0
-81.90323064017447 24.797820568553583 0
-82.09125703884042 24.955929231721527 0
-82.0293001124317 25.035278141787032 0
-82.4267370576033 24.768168023507318 0
-82.27501422047999 24.890667112237228 0
-82.16149649089223 24.862369302610386 0
-82.18766785309471 24.515542667383006 0
-82.14499575202393 24.686723408731577 0
-82.19801836687806 24.957699650594755 0
-82.34453341533396 25.048255521446478 0
-82.2770865774099 25.43795616229655 0
-82.03265526474127 25.52005456487531 0
-81.9017737033086 25.487003027141945 0
-81.91971219821134 25.381311251498666 0
-82.11212627452669 25.323030381905053 0
-82.00785825031532 25.325557500932554 0
-82.06225011608261 25.417452173584397 0
-82.17093080457327 25.41447640158922 0
-82.18951723175397 25.582157714096436 0
-81.91575910630715 25.707288156156597 0
-81.87144257864858 25.59951519668183 0
-81.98056599265011 25.617641375297886 0
-82.06722919429674 25.74853967487271 0
-81.80671374704485 25.689129881214853 0
-81.96454979159547 25.826850015593276 0
-82.0915614480445 25.638292645419583 0
-81.96916181288074 25.926823192078235 0
-81.83111826438927 25.88309852763709 0
-81.74564399999998 25.9720575 1
-81.85211486192608 25.988815160791646 0
-81.84719080872225 25.782556758758506 0
-82.12977190353169 25.503909359933644 0
-83.01451926305016 25.98446717887813 0
-82.55793027429652 26.09086699556151 0
-82.55486131360533 25.705330475034785 0
-82.3199549346899 25.82748418296451 0
-82.18133928950463 25.82723684405639 0
-82.19485821997849 25.705011943418388 0
-82.37492128761518 25.63564063500253 0
-82.27322993806713 25.640061584151045 0
-82.31981557375549 25.539861038197277 0
-82.62903611576343 25.350293378460783 0
-82.5059561969407 25.496509148798634 0
-82.4194315139655 25.54629015207161 0
-82.51105292929313 25.605452868692208 0
-82.7079717756492 25.54164930062605 0
-82.62320385846527 25.615807586070467 0
-82.83982153462208 25.777889322708003 0
-82.69699115024515 25.74298552875705 0
-82.7960248805892 25.64741915538185 0
-83.32952294815244 25.540918758831083 0
-83.06956395131328 25.628182648193107 0
-82.9199206966311 25.454739331143866 0
-82.82763180842376 25.531569569562436 0
-82.75708861498816 25.4094295422158 0
-82.94774654756054 25.582007959466896 0
-82.96533844900425 25.719373067546726 0
-82.89101432748767 25.65908249264979 0
-83.1477039188354 25.822649363534268 0
-83.07459721496103 25.739092527322786 0
-83.23039354718993 25.67645309803142 0
-83.02433541312944 25.856828461616004 0
-82.8920791815555 25.91085401595291 0
-82.93155225865281 25.81858887786672 0
-82.90101627422176 24.92956140601289 0
-82.79493723989741 25.159263243241533 0
-82.73970889445454 25.278853815460582 0
-82.56337665780866 25.127129188446332 0
-82.67457340064946 25.176225632679706 0
-82.57820921259463 25.244006419297495 0
-82.41138861347325 25.20579735001918 0
-82.48493730500493 25.353905772837656 0
-82.69870270992023 24.971105099355615 0
-82.72208476513842 25.077835132013327 0
-82.8105761899633 25.002522482236156 0
-82.96120420352328 25.09670210308271 0
-82.48658295946866 25.260772695472863 0
-82.55858614223756 25.41590108897901 0
-82.90979185365282 25.28485230563572 0
-82.82290331669246 25.3342250695451 0
-82.25025717358469 26.045892967944912 0
-82.17991809882486 25.9478739093018 0
-82.29470285740082 25.939751069947672 0
-82.40691006416341 26.049113036460476 0
-82.10363579516897 26.076861960023518 0
-82.04613601336278 25.9995783718501 0
-82.19533559058362 26.148439906736307 0
-82.01318789100092 26.155196937278507 0
-82.5298862035612 25.898309757825906 0
-82.41012891288604 25.906740330220902 0
-82.44340984073372 25.777948865760504 0
-82.35387201196336 25.733405828095204 0
-82.45700714731606 25.683770075064874 0
-82.60326314265181 25.80970033572703 0
-82.73520535852965 25.89586979097463 0
-82.75645589153581 25.809340060727287 0
-82.50156202682902 26.000755686638026 0
-82.41953386945781 26.29744394877293 0
-82.4544423868222 26.17118306860919 0
-82.32555687852795 26.152202396489745 0
-82.25716673484884 26.263825959278744 0
-82.34640394798959 26.2417377023665 0
-82.62715164154262 26.286889780147504 0
-82.5215908702454 26.2577044139982 0
-82.53041471322358 26.431283848324483 0
-82.83180894695633 26.149734229672035 0
-82.89812952857078 26.039423830079926 0
-83.04702418945043 26.204033717070992 0
-82.94764182944559 26.144283267954265 0
-82.89872158961198 26.33817793958761 0
-82.8938106343253 26.23382018846261 0
-82.7667972777931 26.292091717891903 0
-82.70119798849352 26.176110428190267 0
-82.74143964373053 26.038810051259265 0
-82.62773258122846 25.98050074237413 0
-82.64429280097218 25.890975279599562 0
-82.65637614236644 26.088426055365797 0
-82.80782076519932 25.964308780707366 0
-82.75398140441447 26.540641214763372 0
-82.69237884584435 26.412859664235267 0
-82.81599441746016 26.432005342452445 0
-83.31589950625762 26.789385489876107 0
-83.04766505560048 26.636268235575805 0
-82.97319332260984 26.487223087581636 0
-82.86847244658954 26.533979061987825 0
-82.62310489567898 26.524995981665445 0
-82.65277675387951 26.83201395258718 0
-82.822301728742 26.727633868138778 0
-82.81626336698068 26.623862856913185 0
-82.93191754938553 26.63093594639455 0
-82.98219875109561 26.79841289934372 0
-82.91853210082654 26.726241005776075 0
-82.60633139699125 26.377542767303332 0
-82.82903519450213 26.928423609692743 0
-83.14843623122658 26.771243266314908 0
-83.19102679105092 27.160070452920255 0
-83.09618850356848 26.97371246367763 0
-83.21946720034525 26.897548934168935 0
-83.21612327381558 27.029987980957337 0
-83.40800627383693 26.968571057303876 0
-83.35186919187625 27.123639234575467 0
-83.26345869681278 27.10658242106293 0
-83.30137401822473 26.965878721186268 0
-83.11814694206576 26.871402965648354 0
-84.35164701187763 27.397878955357843 0
-83.86269909383827 27.220872235908534 0
-83.61509221611176 27.131234711089903 0
-83.48473287733356 27.0840426113708 0
-83.62147741592688 26.909954110559156 0
-83.58180498910484 27.01954176100687 0
-83.51292051691263 26.932629673430803 0
-83.52331750585162 26.711213963127364 0
-83.54672292401905 26.823264968511154 0
-83.4255300293991 26.845712879319525 0
-83.41354006579068 26.734197907956855 0
-83.39193680281825 26.357359858483807 0
-83.43104605753065 26.544156071962842 0
-83.28844782787488 26.62684763339803 0
-83.45150381803434 26.641867783054874 0
-83.6002002386195 26.559737965706034 0
-83.74645454372617 26.72660678449846 0
-83.65949139681271 26.801597558530347 0
-83.8434182425097 26.926969710911514 0
-83.73441299506403 27.034867526438244 0
-83.73471919980621 26.888835576382252 0
-83.33857848794906 26.880096325688893 0
-83.47834767752357 27.305323211910046 0
-83.44506045051301 27.193630261824637 0
-83.55212917185355 27.222527846281157 0
-83.70855759627672 27.436198182938142 0
-83.60746552680847 27.346111933621472 0
-83.30216796688094 27.2970223901807 0
-83.74178345970991 27.2971487630569 0
-83.65910914243729 27.228951044294895 0
-83.44996734135327 27.624616001752123 0
-83.49796711928698 27.467974773636822 0
-83.60332771565596 27.452519619339835 0
-83.52506452807167 27.38219716167141 0
-83.69363520654319 27.68737566140946 0
-83.67390550308494 27.56017151786052 0
-83.9775342426708 27.57821002359448 0
-83.82376713739028 27.602059713589767 0
-83.76616236684163 27.519128948260466 0
-83.8531287538832 27.397249095261593 0
-83.83295999249552 27.307706646657714 0
-84.00126809786892 27.316839170001533 0
-83.57578671334456 27.64052214172831 0
-83.52192590441777 27.560991427391134 0
-83.5027921820866 27.995758108229094 0
-83.49067979166169 27.808151724611815 0
-83.5976912756101 27.757062803091806 0
-83.59804136868621 27.895414358935543 0
-83.80396457429909 28.186261131426928 0
-83.67222668577071 28.061211720625366 0
-83.60098916815407 27.993591010256807 0
-83.50320316624125 27.709090410716957 0
-83.35870006178786 27.741144527312525 0
-83.35542311654339 27.911078468743312 0
-83.39815918378808 27.82690400931776 0
-83.25129104896149 27.563014450611117 0
-83.33890315374643 27.631633858799976 0
-83.25322469085867 27.70366721226717 0
-83.36953763773069 27.502279731477078 0
-83.25562838675333 27.425982360041537 0
-83.14354267733493 27.49101931271795 0
-83.05182139449423 27.308978352401788 0
-83.17805049211663 27.32510806680085 0
-83.10479363112114 27.396415657463116 0
-83.1250474695781 27.237911688405706 0
-82.9434649247632 27.124070511637356 0
-83.06983965311986 27.124233653655313 0
-83.00653977213777 27.211310994235593 0
-82.85098284050906 27.342762684558306 0
-82.88894031247537 27.229913583683967 0
-82.94923760754843 27.313003102678074 0
-82.9306204274103 27.42861592600722 0
-82.81793931581468 27.453276493552995 0
-82.79913517783933 27.586710026951895 0
-82.90454391708691 27.540652878875445 0
-82.70547831919082 27.231013203928644 0
-82.61492649999998 27.35799499999999 1
-82.73409234229473 27.368009431665126 0
-82.79739792341074 27.26193091415727 0
-82.79596262401374 27.114098909891318 0
-82.62293311132966 27.073656683189316 0
-82.70019758976318 27.133454526354456 0
-82.69884401148133 27.61127300934828 0
-82.90732615851235 27.71736233204234 0
-82.82495819751597 27.67544813786057 0
-83.22534021411948 27.24579733703589 0
-83.15132232266217 27.59600225795932 0
-83.40996699460118 27.396080516563057 0
-82.96450289275572 27.628085470793415 0
-83.00388765469833 27.733449212668692 0
-82.56847925 27.293184999999987 1
-83.38985201677342 27.30978576570499 0
-83.2759781140135 27.824547913344134 0
-83.21881184535222 27.956768225903073 0
-83.16097584626884 27.875986884488096 0
-83.34593875681212 28.098158181618675 0
-83.31007294345814 28.00255962619393 0
-83.91804096463416 27.88775776862808 0
-83.83266093555055 27.75752809499444 0
-83.71504017007265 27.825942077282367 0
-83.81488563538987 27.86228466770774 0
-83.7265772273437 27.94957188759363 0
-83.80269697431586 28.055679770372294 0
-83.84516395523777 27.961274593055556 0
-84.0781310517286 28.119334389364177 0
-83.94598908084016 28.063383714036704 0
-84.07041148111819 27.95354711439823 0
-84.03452968509164 28.038291243383718 0
-83.9575034576789 28.220208573965635 0
-83.99195430750856 28.138843994039426 0
-83.89337046455297 28.146082205625568 0
-84.09297075190192 28.259641705514746 0
-84.58959733166839 28.136177228747737 0
-84.33269209055219 28.16334898896376 0
-84.2626251002512 28.335457032188707 0
-84.16224238880858 28.332358485346525 0
-84.21379525556338 28.21389481903122 0
-84.22476093744532 28.02943348523949 0
-84.24543952437057 28.123219371809924 0
-84.44161465885585 27.965109161369192 0
-84.34640856421858 28.041841901724684 0
-84.46636083962414 28.09324278635842 0
-84.47386534113 28.27003490929087 0
-84.50518029596886 28.180150309236165 0
-84.26227727530468 27.758213843320313 0
-84.3094221683705 27.89852123832258 0
-84.175934465575 27.865300326886107 0
-84.22847036016742 27.939000953584124 0
-84.04133004194668 27.811558284157663 0
-83.93771749903685 27.781754725510673 0
-84.01959740421735 27.692105041627055 0
-84.13905332762324 27.73207549313975 0
-83.909438523457 27.673710036828954 0
-84.2396515071692 27.561352112867368 0
-84.11014720968917 27.593948830449456 0
-84.05952896122908 27.45389257093654 0
-84.21796784314213 27.66357534670247 0
-84.38127897774578 27.64480562514436 0
-84.44235157505818 27.79913585419181 0
-84.40064204626614 27.881938954740423 0
-84.36059420489654 27.742240286943847 0
-85.275 27.29711388052022 1
-84.85722091044015 27.545711823343897 0
-84.62783378765079 27.636486439991394 0
-84.68010447240601 27.88317975901915 0
-84.54658313309814 27.88258692852059 0
-84.56535501139389 27.7523217167265 0
-84.69986855533847 27.750107686589672 0
-85.02162289034062 27.865898902562748 0
-85.275 27.696325268572245 1
-84.84913015668556 27.840279998226816 0
-84.75564937845172 27.826396079387184 0
-84.47402410416635 27.69735304350754 0
-84.50120301013371 27.54126248471741 0
-84.61281583573867 28.00179568442836 0
-84.52015556188222 28.01639712169178 0
-84.86300937910453 28.114220862110034 0
-84.72348584301697 28.090113922373558 0
-84.81446662948225 27.97935825447309 0
-84.71348251064316 27.9891504954219 0
-84.65726326145453 27.94861612619797 0
-84.92355439102951 27.932688168690536 0
-85.0796432419334 28.05648472363527 0
-85.02090737715756 27.970241252960108 0
-85.275 27.895930962598257 1
-85.14380795192172 27.918910398122478 0
-84.96721598691164 28.069930298318845 0
-85.275 28.494748044676292 1
-85.05533532160199 28.32999202278793 0
-84.9673000916937 28.21486184355225 0
-85.10994400488335 28.19701153038384 0
-85.275 28.29514235065028 1
-85.16259235392134 28.29633449576121 0
-85.275 28.394945197663287 1
-85.14080910944497 28.444846621167503 0
-84.90564771914252 28.530619949652785 0
-85.01042928868858 28.452642421791737 0
-85.08868008674578 28.667179583733027 0
-85.275 28.694353738702304 1
-85.01754137856159 28.571587613787898 0
-85.13262946279407 28.560206455101834 0
-85.18704517236253 28.645077633044362 0
-84.90892752894479 28.726683478234918 0
-84.93336159392086 28.628215540717026 0
-84.80927153693305 28.61072025423802 0
-84.70074772132428 28.382115322358317 0
-84.6984828767582 28.23505295142717 0
-84.78073007268634 28.1746150457423 0
-84.59515236934908 28.310192925715846 0
-84.53977355509653 28.504977176320427 0
-84.50179580687703 28.388915321882433 0
-84.60245797745503 28.42022112132969 0
-84.69886339921842 28.523071645029667 0
-84.41631150018151 28.48113195270481 0
-84.38191342524877 28.363515072362393 0
-84.34160208294237 28.26729286544633 0
-84.80491472049283 28.453998596361515 0
-84.8264346952744 28.31139719518418 0
-84.94040089066328 28.32665405451735 0
-84.90592844678147 28.425724087213588 0
-84.99642625361365 28.377969555563357 0
-85.19421749305874 28.506603477219556 0
-85.03066603606113 28.142359274833776 0
-85.13780934719546 27.765419839268084 0
-85.19758523331171 27.83994621815858 0
-85.275 27.79612811558525 1
-85.275 27.995733809611263 1
-85.17447809797751 28.016965347695635 0
-85.17569893780897 28.118991528161725 0
-84.97078631772142 27.689701114395117 0
-85.275 27.496719574546233 1
-85.13874069993194 27.596522421559087 0
-85.07557552838374 27.680625385954652 0
-85.09721976171123 27.39691672753163 0
-85.16339999751825 27.487271590933453 0
-85.20767447296721 27.38542862027655 0
-85.275 27.396916727533227 1
-85.275 27.59652242155924 1
-85.18139211356332 27.681208891414723 0
-84.94433598967065 27.79276513720545 0
-84.83119094850599 27.701352642981963 0
-84.89569829077472 27.632144011280587 0
-85.00510239024774 27.531659466024426 0
-84.74906531828799 27.607620555924058 0
-84.68145418377077 27.36407359085277 0
-84.74623562504502 27.477247853178724 0
-84.6153091380904 27.47706302434506 0
-84.495464575735 27.3975590945144 0
-84.4237218680656 27.472390229667536 0
-84.32260687809692 27.498084205933505 0
-84.19992720337098 27.423248047359298 0
-84.14371302597159 27.50264249165601 0
-84.11066746340916 27.35124386141444 0
-84.15191310263121 27.028956455469185 0
-84.10239830966357 27.18640262671474 0
-84.42293979912283 27.12075216086435 0
-84.42326855780291 27.268570415202028 0
-84.25460029245282 27.25963744207866 0
-84.34260274929139 27.194840329137175 0
-84.22906982685353 27.13280628476793 0
-84.31729345994073 26.98667200415283 0
-84.24326093892766 27.041675530355104 0
-84.3367608373014 27.305144608339855 0
-84.59750729583496 27.194273402662244 0
-84.53554764107638 27.290425585005696 0
-84.49464501054986 27.194502175956753 0
-84.89432482949663 27.31735322587831 0
-84.92168840366256 27.43899292358389 0
-84.82080763269985 27.39778900528771 0
-84.9952154760356 27.35855492260865 0
-85.275 26.897902492468198 1
-85.0512239376673 27.077280557447022 0
-85.10053237362716 27.233312543347367 0
-84.96304009341571 27.19095506190604 0
-84.77812993477356 26.956467738360132 0
-84.89968434608818 27.050764479102146 0
-85.01459186155206 27.26794669160332 0
-84.74786353761469 27.12097702128502 0
-84.83931916868208 27.20557256600613 0
-84.7191504444452 27.243752321219787 0
-84.8055936038528 27.046559346169904 0
-84.60011352391219 27.00875514693205 0
-84.5278139451795 27.09051932935306 0
-84.4617092099204 26.95921917444768 0
-84.61803031811537 26.740575392000384 0
-84.57095006354639 26.87211839013596 0
-84.36314542337797 26.72354681277627 0
-84.48816725152528 26.76829309025706 0
-84.38780355748636 26.851681235306547 0
-84.18294256715484 26.82466478597102 0
-84.28986807940007 26.804088085591864 0
-84.25344289734366 26.902911103682566 0
-84.20548723256705 26.653712547697747 0
-84.50435164853148 26.526043970505423 0
-84.5306952575179 26.64946914877077 0
-84.41311284329728 26.61004173934071 0
-84.24764781153459 26.33876186492662 0
-84.357368229499 26.4579407429263 0
-84.73459140470835 26.541426035165813 0
-84.64800170213935 26.62443150935573 0
-84.6210786911305 26.50967885868075 0
-85.275 24.90184555220808 1
-84.91129335070259 25.690817255018505 0
-85.275 25.700268328312127 1
-84.79402455089541 26.11011437548497 0
-84.73484548973495 26.321710383799175 0
-84.53637720074403 26.330001211000674 0
-84.55081724421197 26.43299736444679 0
-84.44758019391159 26.394960859051114 0
-84.63738650275293 26.368350046330438 0
-84.72752536257067 26.431559891208348 0
-85.00983646079378 26.39520382348397 0
-85.275 26.09947971636415 1
-84.87688833526428 26.47711390840986 0
-84.38857635526382 26.221134541466206 0
-84.83727834187313 26.73521414578404 0
-84.72689222674117 26.706728576229576 0
-84.75359499221744 26.831375776720662 0
-84.6756283484388 26.91161984781303 0
-84.3822269480331 26.934678640124847 0
-84.40032935490399 27.029906443325007 0
-84.8489690241084 26.604918743691634 0
-85.275 26.698296798442186 1
-85.05379565507918 26.688968869858527 0
-84.93838660874708 26.678613857583912 0
-85.00835343373106 26.547125127066657 0
-84.97934832425226 26.870393891484646 0
-84.92921466505261 26.78083732641449 0
-84.8630269471268 26.87669979672389 0
-84.92557187469858 26.954420358571536 0
-85.13249674559657 26.47236910031319 0
-85.18288263951439 26.598493951433234 0
-85.275 26.59849395142918 1
-85.17185412526159 26.27373571574915 0
-85.275 26.299085410390163 1
-85.19981368823045 26.382491490016253 0
-85.275 26.39888825740317 1
-85.10219980250191 26.349614741741476 0
-84.97107577511801 26.20031632522158 0
-85.06750465440015 26.24785615199719 0
-85.09601675063894 26.06845559441112 0
-85.275 26.199282563377157 1
-85.16731014920435 26.15876591528733 0
-85.08763683320167 26.599926241093456 0
-84.96466231858992 26.470730732347267 0
-84.8793445822377 26.332251653327933 0
-84.81418255410915 26.229825743928195 0
-84.97492456542699 26.300849105875223 0
-84.8176634149424 26.403657754674075 0
-84.29561985503989 26.56683698434254 0
-84.12790704144038 26.483030113227983 0
-84.2419794499559 26.464465825840115 0
-84.19692248457328 26.554633020194256 0
-84.06132942023957 26.616264059610273 0
-83.8504243605692 26.427622276404506 0
-83.98160797161536 26.493175335524196 0
-83.89230643757496 26.638374820482895 0
-83.88066081411256 26.531151304839895 0
-83.73750881467514 26.516780044258724 0
-83.6955765148539 26.62367184680689 0
-83.79615129022856 26.60145540065973 0
-83.60790906600484 26.34345594802403 0
-83.72805890611677 26.388731127210328 0
-83.63534411698214 26.45271219097005 0
-83.50487955609381 26.427400113883802 0
-83.51875938924715 26.51790055980329 0
-83.88170446673051 25.798928878242247 0
-83.88270626165598 26.114103578339083 0
-83.83395109469537 26.267504757937598 0
-84.04122957411884 26.293023319470933 0
-84.04894458676186 26.40427757692997 0
-83.94260618103473 26.355757065534064 0
-84.13861730865878 26.342164522093647 0
-84.18644890098501 26.12630035585668 0
-84.19000726753444 26.24032021617725 0
-84.28442033683892 26.180308288882106 0
-84.45577460655574 25.75360331999753 0
-84.42023584168734 25.987090146432994 0
-84.29573462370895 26.043918946523554 0
-84.28080612826183 25.84641963724118 0
-84.32462622918943 25.94242124080795 0
-84.39582654129053 25.85192005013987 0
-84.56945588007993 25.890354688375375 0
-84.4745953321441 25.907484805709604 0
-84.14383233626056 25.95608701420838 0
-84.20118446428968 26.03216933437557 0
-84.39803716946973 26.103250810728156 0
-84.58573118301948 26.078918282828372 0
-84.50223591503263 26.17093483643101 0
-84.64047543373297 26.212482716180155 0
-84.73121383148273 26.18224384163622 0
-84.48788280620475 26.060219146961053 0
-84.5560669501067 26.2425779397382 0
-83.97155016458466 26.58705066582554 0
-84.09007337683644 25.748569101507726 0
-84.16349419956018 25.840271199062645 0
-84.0364564095188 26.073412539754536 0
-83.9232248306604 25.95638584633587 0
-84.03042690086846 25.87156780700768 0
-84.04363618768717 25.972185642162636 0
-83.9402141671544 25.867703063257533 0
-83.94709587669615 26.046582041504564 0
-83.6000079313647 25.95741320370461 0
-83.76148267214687 25.914833379613345 0
-83.8220944668951 26.014468478979136 0
-83.60707519826767 25.656745414519413 0
-83.7278965926274 25.759694060557084 0
-83.6595377447502 25.855698234862714 0
-83.45378920167506 25.80355934469351 0
-83.54912966822516 25.859358409925665 0
-83.40491786866802 25.996413575614287 0
-83.45721999265815 25.90704811971723 0
-83.2997310293699 25.874863884602632 0
-83.54925084068638 25.749800611161497 0
-83.43196455718596 25.653167421755874 0
-83.34024137448266 25.743257689803336 0
-83.24525215370973 25.786056535089315 0
-83.32625244555122 25.642545363103203 0
-83.20756205505178 26.060913410316378 0
-83.1931024009407 25.937895067092953 0
-83.29311330024005 25.988498692609294 0
-83.11635312767335 26.009275195436143 0
-83.1147754260607 26.11843247983048 0
-83.25317998936588 26.238100478384236 0
-83.33970696444514 26.123948443349214 0
-83.37299368211059 26.239049337048247 0
-83.51809584149616 26.13472273386881 0
-83.42698461034388 26.1610717371581 0
-83.5060050628025 26.26361404100572 0
-83.24865373058756 26.144799945138328 0
-83.02360040651575 26.0821682951205 0
-83.88935854132292 25.447828139633582 0
-83.84480392185428 25.622490638539684 0
-83.72593956005981 25.639618026531412 0
-83.62959481123166 25.392007875923728 0
-83.64904448117665 25.52698891368527 0
-83.52151312184806 25.55740500369529 0
-83.75453891730726 25.442896234743664 0
-83.77312151335572 25.54603754623007 0
-83.8358872504687 25.06433574334664 0
-83.82869985622958 25.260811914595326 0
-83.72914733372954 25.326409895256567 0
-83.82598819122101 25.36503687305508 0
-83.97482559078492 25.31676148438524 0
-83.94846082231494 25.16682340262206 0
-84.58064571065104 25.13294846263323 0
-84.2666046085561 25.18816872989215 0
-84.12915118016521 24.855281272595747 0
-84.00512213708542 24.99151613726573 0
-83.93702358814569 25.06631633219815 0
-84.10490904125608 25.216600907658005 0
-84.0545013640573 25.104286494051895 0
-84.14735662812024 24.996431449349533 0
-84.1736925750318 25.11300306364131 0
-84.32838610746386 25.016793858632866 0
-84.26774248929404 25.09175523616146 0
-84.4060076411505 25.14160051548977 0
-84.48676518603844 25.004833559584135 0
-84.4106967181262 25.05214314461277 0
-84.43075287324513 25.447613160034262 0
-84.3806593650504 25.297657078488694 0
-84.35237101955732 25.212975258538847 0
-84.24855515283099 24.911629785501486 0
-83.7 23.30499999999999 1
-84.48750000000001 23.30499999999999 1
-84.54241421540299 24.134250418893306 0
-85.275 24.103422776104033 1
-84.3645111284819 24.51123171319945 0
-84.27442267482022 24.70213150279564 0
-84.22699965207165 24.80262212839723 0
-84.09810849516198 24.680361343845075 0
-84.40331383180279 24.824392287379613 0
-84.35268496062386 24.915466170144008 0
-84.49825103195035 25.236670556961172 0
-84.48109463579775 25.3474512438362 0
-84.71921073875458 25.32760900304246 0
-84.61167588259272 25.47581381780129 0
-84.59775859787015 25.308799938925 0
-84.67484879604147 25.212539546146374 0
-85.275 25.301056940260104 1
-84.98960241622748 25.157280737224156 0
-84.79527794227327 24.974456619701563 0
-84.70678604546085 25.079194604712548 0
-84.83765895846487 25.215858461939423 0
-84.64756148066915 25.388736663140655 0
-84.81004279893978 25.50663030388223 0
-84.75732213213134 25.161795520349326 0
-84.60546364956187 25.016307764229364 0
-84.56055467900049 24.861188907676414 0
-84.6815910934208 24.910207557275584 0
-84.77209497956129 24.51279582030121 0
-84.85268954943082 24.740161130417324 0
-84.79104588458057 24.84923780396268 0
-84.66815847882495 24.70783212466389 0
-84.75468860672625 24.756733819504547 0
-84.76641317668826 24.634980412918477 0
-84.9385461256519 24.581760500693278 0
-85.275 24.502634164156056 1
-84.84287693593522 24.577311711650484 0
-84.89687552078624 24.44698229833344 0
-85.08785735082805 24.461765647268166 0
-84.98943885153444 24.492194591444747 0
-84.7290398951774 24.279967704662276 0
-84.78689724607139 24.389663574796227 0
-84.5822156307534 24.427513746774935 0
-84.67865040982666 24.37665074852982 0
-84.5662278152166 24.280351028894092 0
-84.93372151046937 24.242117532692117 0
-85.00191436367129 24.358169578369637 0
-84.88333202513122 24.3388005765514 0
-85.11982538155667 24.210823102052977 0
-85.275 24.303028470130045 1
-85.12971828828854 24.33959088318967 0
-85.19293522098636 24.42950982578109 0
-85.275 24.40283131714305 1
-85.03274648027035 24.261991168049448 0
-84.64742658742813 24.192125025207705 0
-84.88125000000001 23.30499999999999 1
-84.81593444969104 23.76216193649881 0
-84.70353304933866 23.966112138879694 0
-84.64537189111701 24.071644453899392 0
-84.47640111569176 23.909727879614948 0
-84.58245594806112 23.968177008537946 0
-84.61972701833835 23.775107558426193 0
-84.64149881610659 23.87944271251597 0
-84.72046273074407 23.808526018866463 0
-84.82279923143126 24.100635428776013 0
-84.75131524843664 24.17743782415038 0
-84.82896754317508 24.24799302367327 0
-84.73924152941062 24.0545849585764 0
-84.84575352027939 23.960153143039115 0
-84.80677635763061 23.86478231831871 0
-85.275 23.70421138805201 1
-85.02240584202383 23.832306781012093 0
-84.91853879600792 23.87475626970236 0
-85.04218869606757 24.029009922512078 0
-85.00488364302456 24.144179989882996 0
-84.907639009518 24.148343563816542 0
-84.95056530267512 23.97576956152654 0
-84.4347958225249 24.369079672486755 0
-84.43443769316362 24.226841049275194 0
-84.38406420025747 24.058842067003116 0
-84.48556221450116 24.0185470423402 0
-84.44651347602428 24.13166861095699 0
-84.11369512577483 24.29876837952275 0
-84.28203630258515 24.298344528974326 0
-84.37490124967852 24.298110712991967 0
-84.52392487968312 24.359396656667656 0
-84.65149855884106 24.8105714317308 0
-85.01584033400974 24.904321282782643 0
-84.89569933245413 24.908381724074648 0
-84.95232065038115 24.804296516664703 0
-85.275 24.702239858182068 1
-85.11859931612365 24.768884124742986 0
-84.95982551528948 25.02635168809328 0
-84.8599103894526 25.09607191657234 0
-85.275 25.10145124623409 1
-85.1258076575804 25.028670124573306 0
-85.04213253985914 25.07648335707705 0
-85.15006593704614 25.168247168517613 0
-85.14539594963034 24.900548340929937 0
-85.275 25.001648399221086 1
-85.01462203675197 24.688745872681146 0
-85.07100455664161 24.58163290554543 0
-85.17093929609207 24.536806374353663 0
-85.275 24.602437011169062 1
-85.16451467885813 24.656292366962738 0
-84.92104772789243 24.674744367568376 0
-85.19656986331164 24.73502270943736 0
-85.21090929457765 24.830129169607417 0
-85.275 24.802042705195074 1
-84.32599201935521 24.403735020428044 0
-84.18089022938727 24.51637869097291 0
-84.20187935150629 24.39363762859578 0
-84.19789181871609 24.3089244193037 0
-84.18021035927006 24.101422897398283 0
-84.23714119866285 23.86471573538995 0
-84.34808104041277 23.933413710844192 0
-84.27032784944888 24.023595357211512 0
-84.31527311694548 24.171020249922027 0
-84.21327460870395 24.20310954249673 0
-84.47679525391028 24.478297152270738 0
-84.58998988586768 24.578464040336016 0
-84.68990186489295 24.570198096259652 0
-84.51291656656618 24.71333446142341 0
-84.45221516348835 24.6023689781292 0
-84.34433448042579 24.61841698875758 0
-84.24052667601266 24.602774530032065 0
-84.40188479149968 24.713369703366876 0
-84.58900549493814 24.667358945114874 0
-84.4915195994876 24.801830106776006 0
-84.46756465144719 24.90419538637836 0
-84.86672591708512 25.365316454993657 0
-85.05786456451675 25.337906262321834 0
-84.98269411581475 25.49385820187701 0
-84.89324171993346 25.45797749546157 0
-85.275 25.500662634286115 1
-85.12951573447145 25.46853530456242 0
-85.04706683171166 25.42879408022907 0
-85.17323856687328 25.35958778211698 0
-85.275 25.40085978727311 1
-85.13079068246338 25.26765501808596 0
-85.17667103406858 25.600465481296904 0
-85.275 25.60046548129912 1
-85.07039640662018 25.564058458065876 0
-85.0728125197823 25.730320674164663 0
-85.17212159868916 25.7032875799615 0
-85.275 25.89987402233814 1
-85.1552722958397 25.837317813240137 0
-85.16572641964298 25.96316228323008 0
-84.97907448656574 25.915311334754247 0
-85.04856670610971 25.83427958073498 0
-84.9340854832002 25.806415227618558 0
-84.79637266592344 25.927050841070866 0
-84.88572868214949 25.890134570866177 0
-84.89943440409033 26.024952639459176 0
-84.78673967220084 25.777132655008863 0
-85.00422685719441 26.017325955236704 0
-85.275 25.999676869351145 1
-85.19048197716201 26.055274130393265 0
-85.275 25.800071175325133 1
-84.69102456721845 25.85855140657057 0
-84.59795371573848 25.751037218809273 0
-84.68106340348898 25.98913039513083 0
-84.77111908942328 26.018273745670342 0
-84.68678836282322 26.090712265887632 0
-84.78435817960741 25.640672565436606 0
-84.69976748247483 25.710399662384273 0
-84.60198850800667 25.61328460427614 0
-84.70153813768037 25.551223006708216 0
-84.72471598300906 25.453315035290647 0
-84.50937317898448 25.537681410092638 0
-84.4957407184936 25.648910783072047 0
-84.27531193787453 25.624737401669595 0
-84.38652478290247 25.56556756738361 0
-84.22773296580644 25.73682580476068 0
-84.34361813700579 25.719874122253803 0
-84.40548184467166 25.653957399669572 0
-84.10210283724841 25.4931568688968 0
-84.26392566302081 25.452328830957565 0
-84.20076054517313 25.543080680380676 0
-84.09936195851512 25.621017177764205 0
-83.97239627034791 25.675885455165215 0
-83.94771150746364 25.55572734890315 0
-83.88473449127333 25.706217338472275 0
-84.1534048169028 25.355385210506828 0
-84.19633090548673 25.262520274173543 0
-84.17524668561971 25.44195593724588 0
-84.05120458052617 25.39576642609102 0
-83.98452865991742 25.46608772943816 0
-84.34571966182075 25.39267386701328 0
-85.00732544344959 25.648123665210754 0
-84.80489996560632 25.29978501494309 0
-84.94664980582202 25.272217156869857 0
-85.0379999089699 25.240861314475794 0
-84.01366098990391 25.232645755765358 0
-83.9167325389577 25.249689432308937 0
-83.84883914723727 25.163179091715254 0
-83.64547421555642 25.139556683017002 0
-83.74242283259775 25.19212151457055 0
-83.61695674124448 25.264487919318537 0
-83.3027804061498 25.12705194936911 0
-83.47293816270238 25.165893071852796 0
-83.56440313981685 25.186771358282204 0
-83.34548931699129 25.332089664358296 0
-83.49192526096672 25.34126560127001 0
-83.53153087529775 25.445938769306213 0
-83.43033829882299 25.493027613236336 0
-83.414842058826 25.3983616474203 0
-83.42351467011862 25.25995812156409 0
-83.12233300810183 25.357425837553027 0
-83.00120618495959 25.36464754603101 0
-83.04606972399637 25.220991100558642 0
-83.069316254613 25.487613764393014 0
-83.2087903742483 25.46852312162423 0
-83.22911424314394 25.571498779102075 0
-83.1343974027813 25.55778374490962 0
-83.23547868068862 25.3585641597184 0
-83.3119560663548 25.43455073962877 0
-83.26556291067948 25.241771217059398 0
-83.15403732106294 25.25017208143562 0
-83.14121806703042 25.08327564305657 0
-83.20728520694183 25.15946789923355 0
-83.40794318670484 24.418912669614496 0
-83.50336983040519 24.786927387103905 0
-83.42778518226768 24.97156249848388 0
-83.26005586667374 24.96471069056966 0
-83.34949306902371 24.83172309668936 0
-83.44424361519751 24.870511421615014 0
-83.63147384678 24.94025099478767 0
-83.52653564077879 24.935780373353857 0
-83.57447252863237 25.044399669628767 0
-83.5775643421388 25.116160269851168 0
-83.47365238858319 25.063316154718276 0
-83.34565370351491 24.925709115765752 0
-83.09888092403082 24.759748770372088 0
-83.21256485881526 24.836203819923778 0
-83.12019702164497 24.94336810948147 0
-83.04643724610219 25.02598345151022 0
-83.2740918357335 24.621968988579926 0
-83.27792216480731 24.739021544114593 0
-83.18078702819555 24.68361116437533 0
-82.98492846535538 24.285712847731272 0
-83.10814249815047 24.47221602460743 0
-83.03966891471991 24.613925988960663 0
-83.17177237274694 24.56852951657255 0
-83.25753288066342 24.44269610575091 0
-83.409097607828 24.676140121585828 0
-83.41419819314662 24.76730305004958 0
-83.38228570300916 24.54764413530901 0
-83.69022330763654 24.54209658490622 0
-83.56421705126886 24.639647483156576 0
-83.47208518079563 24.59595189567793 0
-83.49601738434404 24.697680634804126 0
-83.29057026807918 24.530045725472544 0
-83.75424951462952 24.754955515180146 0
-83.62633460741067 24.751519893534805 0
-83.67431099753435 24.65169912841841 0
-83.82498996176207 24.61761863124296 0
-83.68784677691022 24.84428040996055 0
-83.5853457750102 24.848613491643686 0
-83.84967414355538 24.89523652910912 0
-83.75184371989981 24.97237191856654 0
-83.73052529586968 25.07623890859406 0
-83.91276983077596 24.749720088173877 0
-83.97665055333707 24.863855976515936 0
-84.02331055409726 24.76279619074332 0
-83.83516666271053 24.80250879641469 0
-83.8320500367071 24.708142369491473 0
-83.87410872580254 24.371963386737754 0
-83.80973806961906 24.48683074506195 0
-83.66472629972614 24.330097372428174 0
-83.76263264083022 24.384963223909004 0
-83.79831682768764 24.206497665655018 0
-83.99426615392488 24.514768605082114 0
-84.0882528685133 24.437372264662244 0
-83.98152710768383 24.403534028984836 0
-83.90690338883789 24.468426999930404 0
-83.96806710722079 24.25080176584255 0
-84.12877264310868 24.37317306723864 0
-84.02508717592877 24.322735930446992 0
-83.87161267835987 24.273015531821926 0
-83.94483242848375 23.992475514123143 0
-83.91003174978151 24.125813623093475 0
-83.74191827722245 24.010726253596776 0
-83.84665478399472 24.038062035907036 0
-83.83231890723155 23.87867384941264 0
-84.04292457388561 24.089287615377305 0
-84.10134036033033 24.186247417000903 0
-84.09519551319939 23.93822494490939 0
-84.17267270319059 24.00160709116266 0
-83.97753726365683 23.847620059796487 0
-84.11132934142022 23.79557664932886 0
-84.09375 23.30499999999999 1
-83.94114681623385 23.55607168205612 0
-83.87274648133666 23.712654544076724 0
-84.0043753824976 23.718618317222028 0
-83.941558198115 23.649482529936712 0
-84.2094168887493 23.54645848256289 0
-84.24366166585116 23.703811519800972 0
-84.20034184728016 23.782640256767657 0
-84.38569622401982 23.7777617123052 0
-83.89258297086255 23.805416890992383 0
-84.00743661187131 23.93049030970857 0
-83.91485926114255 23.909588597651563 0
-84.12012503756175 23.6482939562594 0
-84.07408482725779 23.517860382175428 0
-84.290625 23.30499999999999 1
-84.16566714585046 23.41898266557325 0
-84.1921875 23.30499999999999 1
-84.03055991395483 23.606566111124526 0
-83.70170377990833 23.544706551771302 0
-83.8192576409949 23.596057787551594 0
-83.896875 23.30499999999999 1
-83.81755555634719 23.439725752065698 0
-83.97422535183647 23.420799801955607 0
-83.90125073412037 23.474635396137842 0
-83.9953125 23.30499999999999 1
-84.0697557212294 23.399818470425696 0
-83.69860229152353 23.424869265523295 0
-82.91923766034667 23.50499864640539 0
-82.9125 23.30499999999999 1
-83.30625 23.30499999999999 1
-83.46394153074526 23.49090125835551 0
-83.50312500000001 23.30499999999999 1
-83.6015625 23.30499999999999 1
-83.58964692109319 23.487647898569076 0
-83.53320692963915 23.737052714697196 0
-83.52979426172463 23.605191875240326 0
-83.64852134493516 23.66809370090012 0
-83.75994625849289 23.69383432306307 0
-83.27158944187777 23.67784901124734 0
-83.39147655764575 23.608771652171722 0
-83.39283614593661 23.749704922945348 0
-83.16352585365657 23.998412358106425 0
-83.25169539949547 23.849638700116106 0
-83.2999698678287 23.76818235174414 0
-83.485254509799 23.99004403674871 0
-83.47323801832079 23.85672625583949 0
-83.64522371411128 23.86804689980619 0
-83.6839697664353 23.76868210847559 0
-83.55566915780273 23.91649682993401 0
-83.61044114432083 24.039417300812943 0
-83.47125862102962 24.20892372296126 0
-83.5135317859855 24.1017394937557 0
-83.63564725664742 24.185118975870722 0
-83.32674296669242 24.089998822144747 0
-83.42204794986063 24.065472790162513 0
-83.34235439151013 23.95322837130244 0
-83.26243064254095 24.01338180909307 0
-83.36850928697459 23.851693359306324 0
-83.5647090644022 24.274752867290555 0
-83.46237215196264 24.32078413607131 0
-83.55836022677433 24.438185179889764 0
-83.71044858038493 24.245521162676834 0
-83.66213105143436 23.960693595492472 0
-83.24147724351252 23.487014187514365 0
-83.35245405591611 23.503570802587948 0
-83.28462672408779 23.577998690039507 0
-83.1085403992086 23.60578369405692 0
-83.30986656800714 23.40881933714446 0
-83.40468750000001 23.30499999999999 1
-83.41051756942124 23.405535650273265 0
-83.52465500751718 23.406618093468747 0
-83.14228396856002 23.74992159358213 0
-82.92352781171351 23.72511501780868 0
-83.03733363222624 23.698472374831034 0
-83.01774730052786 23.871193942206222 0
-82.95761868867136 23.614350579678643 0
-82.77236278225423 23.617961287394312 0
-82.86439633426978 23.585658773288692 0
-82.51875 23.30499999999999 1
-82.71562499999999 23.30499999999999 1
-82.76932391273091 23.462044893507475 0
-83.13536447710403 23.867396449668828 0
-83.17976095164448 23.665129262806325 0
-82.54318318981473 23.544440273083797 0
-82.62701722540822 23.423001143775036 0
-82.71144739345894 23.394131639491935 0
-82.67089111370656 23.541951197316592 0
-82.61064138282116 23.728119341091094 0
-82.60862439836066 23.62463317909637 0
-82.45978287617153 23.679296893584475 0
-82.50366900662969 23.427505662748764 0
-82.39978511129158 24.122169681010263 0
-82.46969872734448 23.906140697441604 0
-82.50700341268441 23.790871402052048 0
-82.76902014686182 23.92819575265822 0
-82.62124957670099 23.891516089472844 0
-82.72167015380579 23.802953760820447 0
-82.84694253381724 23.827164034169705 0
-82.90559147767819 23.95296332921803 0
-82.79854350107634 24.15431948487209 0
-82.81990284382489 24.036541556219646 0
-82.97690513075828 24.111792978807518 0
-82.88189560283915 24.108609860399824 0
-82.6462271941287 24.065870763404273 0
-82.72680585497619 24.01414193345621 0
-83.02270981347186 23.995802377226884 0
-82.80162949612898 23.725422878591946 0
-82.70567051311137 23.693840776333126 0
-82.58193306256761 24.351966041020773 0
-82.6591216908919 24.219040583088333 0
-82.80284311321685 24.346113056118835 0
-82.69180127618412 24.326891430025753 0
-82.76210878627396 24.25108125503654 0
-82.87801253444216 24.239483241758503 0
-82.6993920467622 24.613390975102572 0
-82.66687263615832 24.470902242120307 0
-82.8273085777492 24.509242068520685 0
-82.737617836987 24.52971168717484 0
-82.50213928298113 24.58345364715512 0
-82.5444419184798 24.46853910464959 0
-82.36274199045869 24.466894810581728 0
-82.45442851257768 24.37527452227599 0
-82.45329772379856 24.50023041890672 0
-82.36144624275602 24.610079214156777 0
-82.28815342839182 24.537817885885794 0
-82.25273845413626 24.6470385634316 0
-82.24465620687515 24.77061019811566 0
-82.33495997706845 24.7144664202328 0
-82.445270872456 24.667986555814984 0
-82.59528860384779 24.747545334724535 0
-82.27019811731566 24.28259748989125 0
-82.3469739257803 24.359428800849813 0
-82.23006965662712 24.39947279052634 0
-81.85781206993094 24.329262253155157 0
-82.06061429377532 24.275964680465115 0
-82.16438360468426 24.311593275135227 0
-82.06710037734481 24.4260036295182 0
-82.17027263393014 24.125511452630086 0
-82.38603819857516 24.243616919343413 0
-82.51951060556688 24.197223347928073 0
-82.5808277705809 24.262450104709377 0
-82.47400913065842 24.281511579055476 0
-82.51708028211291 24.06808040035775 0
-82.58027431979002 23.986352555657383 0
-82.59887167333956 24.14698502265744 0
-82.6066577857698 24.559599970891348 0
-81.97295797236463 24.35491367375564 0
-81.90592080276389 24.541569120932714 0
-81.8952707617008 24.432378267134816 0
-81.6908858448519 24.50742796622557 0
-81.77404003514273 24.418055675636207 0
-81.79845923298232 24.524146404713196 0
-81.4735348973527 24.22182876401055 0
-81.6753281102408 24.241012025198646 0
-81.75263667177676 24.313948683397243 0
-81.82947229752659 24.15506785603424 0
-81.9392396339284 24.226612258258786 0
-81.99017605273205 24.028485089789044 0
-82.04214602141217 24.14745721812119 0
-81.93121966014375 24.11893921305495 0
-81.82690872833912 23.986510771591146 0
-81.99895605886674 23.655816275085645 0
-81.95131341574188 23.841131658494565 0
-81.9247788466793 23.94434305727834 0
-81.68268459325898 24.073002299955384 0
-81.54187750286279 23.6747150423897 0
-81.65272888043623 23.859559088445227 0
-81.71292431068805 23.959934628439754 0
-81.77984505725279 24.071524595397264 0
-81.73078620463474 24.159274398047295 0
-81.58190968255738 24.152755682511195 0
-81.38035567260825 23.95607587740485 0
-81.53905415418139 23.995058868028334 0
-81.47096149338377 24.09823525631154 0
-81.28542695876155 24.16392191118342 0
-81.38905814635461 24.161764152940993 0
-81.34050417262151 24.31948966321451 0
-81.33512239888832 24.061017888280666 0
-81.22673110206297 24.072124199925433 0
-81.19351957667344 23.88416860531477 0
-81.11534176192873 23.954534502323934 0
-81.14053426546836 24.3027533724114 0
-81.15965458883429 24.178477058090397 0
-81.00468269126944 24.218243137142558 0
-81.02318122960337 24.111395099029814 0
-80.91570291128205 24.16456189138294 0
-80.99179075593803 24.3904140546815 0
-80.93604427247448 24.299671705716136 0
-80.88858574746153 24.391322055652285 0
-80.94132142440218 24.51966648343924 0
-80.86824850072551 24.619442890478474 0
-80.76723672095514 24.557481253335403 0
-80.90698291532634 24.716843557559635 0
-81.02918668253619 24.47949570220523 0
-81.04039465570715 24.572582068428467 0
-81.04324604925364 24.30769883592916 0
-81.24429409508764 24.26601823771042 0
-81.5140725628808 24.416483612132133 0
-81.63268282245149 24.363653108224295 0
-81.60404303345933 24.45891540425636 0
-81.58024319921738 24.60350508392373 0
-81.45231930528485 24.55944412846732 0
-81.69704824893071 24.62627133656558 0
-81.62445258055442 24.80846103957953 0
-81.62170438443073 24.701807829829274 0
-81.53771898334107 24.310010657588602 0
-81.44053132792637 24.344288671917113 0
-81.36472804007776 24.435912331503985 0
-81.23740258283527 24.445909746651797 0
-81.44530642429942 24.47159710891611 0
-81.7654669919037 24.84572545195399 0
-81.65060438182434 24.994941088863975 0
-81.67669546406029 24.896208320325538 0
-81.71188160396323 24.763058419641546 0
-81.75030995714643 25.064557030470592 0
-81.74753859110234 24.965499673992557 0
-81.61208355638485 25.10336983033875 0
-81.44233158996127 25.032280960578774 0
-81.54750026189444 25.019368811104773 0
-81.47626128828729 24.87388399708408 0
-81.57295024192322 24.916722759752474 0
-81.36707239482833 24.933327466283547 0
-81.3479018752531 25.02600360855912 0
-81.38678335069876 25.154500695869054 0
-81.29377316460877 25.233884970040382 0
-81.2397985442129 25.15583382539331 0
-81.47413172587103 25.120467020080433 0
-81.49280323132248 23.840825201468817 0
-81.56661007624639 23.90274392132205 0
-81.4705148322265 23.93156054624009 0
-81.33385294440774 23.798222537339644 0
-81.43629692152803 23.733827287386543 0
-81.2869773805549 23.60996521196562 0
-81.42690718806341 23.593211212828823 0
-81.3413101165963 23.696401114798316 0
-81.19131845894907 23.73038990064863 0
-81.34024380703845 23.462122124856766 0
-81.73124999999999 23.30499999999999 1
-81.59987331455139 23.47106423756789 0
-81.53437499999998 23.30499999999999 1
-81.5349423874095 23.562656610269595 0
-81.47068877936435 23.448295118676654 0
-81.69718305316226 23.608859615000732 0
-81.3977627306931 23.382532658145404 0
-81.4359375 23.30499999999999 1
-81.75899651881747 23.46195027596539 0
-81.85485322327564 23.58874183630351 0
-81.77018938816119 23.553118743187124 0
-81.95487168709751 23.413495597131654 0
-81.928125 23.30499999999999 1
-81.82968749999999 23.30499999999999 1
-82.0265625 23.30499999999999 1
-81.84968025534809 23.40839968735714 0
-81.96683655792687 23.536489259232148 0
-81.88058195362423 23.49775856292935 0
-82.10481813882403 23.460987553213087 0
-82.30112413532765 23.407086510492455 0
-82.321875 23.30499999999999 1
-82.4066223947629 23.37537862975261 0
-82.4203125 23.30499999999999 1
-82.2234375 23.30499999999999 1
-82.39096041948301 23.530735361878815 0
-82.19550801744845 23.406856571863663 0
-82.2302723464394 23.568135402803843 0
-82.29970938245611 23.502573805435258 0
-82.33346268320997 23.647593776629822 0
-82.35037063578984 23.803851342136113 0
-82.30859683435447 23.973330764227214 0
-82.15295217389767 23.845079019139686 0
-82.20331753645014 23.70987521907161 0
-82.29338927641501 23.730973496767373 0
-82.08525653905953 23.74287860884305 0
-82.05222731807231 23.8382769098465 0
-81.98896030309332 23.75202837487491 0
-81.836831466716 23.74025736617624 0
-81.79586432142246 23.861933222364854 0
-82.11771783154533 23.620163712705477 0
-82.06095137901966 23.54465330866602 0
-81.78345409236422 23.657078936821744 0
-81.71764127117628 23.75802834473474 0
-81.60902962569219 23.760104697344048 0
-81.90403103195237 23.67142075546951 0
-82.26155657999621 23.871848162195366 0
-82.37220925937353 23.89912216985846 0
-82.41791426397872 24.008709242968802 0
-82.46255181735074 23.58779208206413 0
-81.68227704737612 23.516128811208507 0
-81.6753852957528 23.395803792450142 0
-81.21622440809337 23.500956372802747 0
-81.140625 23.30499999999999 1
-81.10840251694464 23.429992545881483 0
-80.93812157772766 23.483358858665902 0
-81.03361333345039 23.489704529442477 0
-80.97848821043193 23.597577019499184 0
-80.88610936536962 23.686657155386076 0
-81.0421875 23.30499999999999 1
-81.18229600078323 23.625017437405376 0
-81.24247567056757 23.806562765052796 0
-81.09462427306937 23.80867904202478 0
-81.4013789182808 23.864106150168084 0
-81.29661871909462 23.894967930268795 0
-81.9134105768354 24.66978759425746 0
-81.83302115408013 24.615052312151544 0
-82.03504633218188 24.598354353026103 0
-82.0303135740672 24.7168273455309 0
-82.00006634475272 24.502692631313742 0
-82.13048246813624 24.59219648123361 0
-82.78067114952411 24.783932536445334 0
-82.79691215566385 24.893051233055147 0
-82.69713286470008 24.719107039235542 0
-82.83739507340886 24.652258897443186 0
-82.93997859851645 24.77450595893886 0
-82.85795512498431 24.739170919184268 0
-82.94482090584508 24.66627756778177 0
-82.94076252796054 24.546828536855198 0
-83.02814831776762 24.861006960746906 0
-82.99321446418244 24.948381630798377 0
-83.02993687461337 24.52182547554656 0
-82.95172101922327 24.414389062830363 0
-83.05603741495474 24.372686947877234 0
-83.16780149596359 24.208754066891867 0
-83.19829363172542 24.102919939272763 0
-83.08845009219775 24.128582288437 0
-83.06824436031935 24.22793686197805 0
-83.31950528445489 24.253151249110292 0
-83.26983662273307 24.1692111234256 0
-82.89858601024935 24.333797162572914 0
-83.32132886566868 24.35865095942236 0
-83.19806965581567 24.331324151846477 0
-83.1132545531659 24.3046223805889 0
-83.37877146393652 24.174043633610996 0
-82.85852016755183 24.42116194928114 0
-82.7062110045123 24.137948734301165 0
-82.94048458660488 23.817602852763912 0
-82.86630082476272 23.406669196429654 0
-82.81406249999999 23.30499999999999 1
-83.20312372192784 23.92136640013182 0
-83.7845464506396 24.297276741289373 0
-83.66577042969136 24.437504656145094 0
-83.5864314943413 24.538185389364994 0
-83.47465255161636 24.494882668438866 0
-83.72680175438256 24.121090534501054 0
-83.7984375 23.30499999999999 1
-83.94875604431377 24.63059259601374 0
-83.34138936663183 25.030098251563295 0
-83.23473309982226 25.0581677633792 0
-83.05379262415798 25.124599916191094 0
-82.95076402922528 25.194948663944757 0
-83.79266702191818 25.826877104814965 0
-84.08239289277115 26.182271387527805 0
-83.96437314750105 26.201432409792808 0
-83.86063480363393 26.345665638721144 0
-83.62722862747385 26.702432277768423 0
-83.99844499055342 26.792644843658255 0
-83.87051314217798 26.767015658599107 0
-83.91892162483732 26.857487509678208 0
-84.04471984066288 26.930581805439992 0
-84.01367984874106 27.071992845496027 0
-83.9431070078451 26.98238978423238 0
-83.88958291881347 27.097139928971373 0
-84.08520713746863 26.84026861440531 0
-84.14942731030293 26.924076556032343 0
-83.78753773155397 26.81111752261477 0
-84.11019974876372 26.724329634936293 0
-83.82963498261763 27.02205591425665 0
-84.296435769425 26.403941639553178 0
-84.36759511680702 26.325183771123648 0
-84.7023240783904 27.02755983187499 0
-85.275 27.09750818649421 1
-85.15935878603838 27.128915425436638 0
-85.16144137141184 26.98550743672937 0
-85.275 27.197311033507216 1
-85.04873244911809 26.96221745852599 0
-85.275 26.997705339481204 1
-84.15769516473063 27.266256721527352 0
-83.98162061675231 27.19718359408407 0
-84.60671970209603 28.62479512144616 0
-84.48073197855176 28.6165770650906 0
-84.5328255997286 28.78779330690627 0
-84.53905020351188 28.69236640468998 0
-84.47360250005426 28.87791567604698 0
-84.40346074557682 28.681494565740213 0
-84.53537888326314 27.627624790567786 0
-83.94483701589716 27.467445355676563 0
-83.78337907596965 27.68235875436144 0
-83.1623550293121 26.48583456511964 0
-83.30273612130122 26.48718901323094 0
-83.23365564954646 26.371458703732777 0
-83.30833126605322 26.31428325824476 0
-83.07995667646088 26.35505643116511 0
-83.16428314205108 26.29319386149828 0
-83.06753707983026 26.454228657819915 0
-82.98548967125602 26.387951302009274 0
-83.23883045258061 26.718814854262174 0
-83.16764497897658 26.621041287796146 0
-83.06805798906335 26.80159582732216 0
-82.59777202064063 26.186921368179235 0
-82.35092228806691 26.563934165955082 0
-82.22413905600261 26.545043867145125 0
-82.18024089591626 26.46355650764975 0
-82.32073536917154 26.41996228158934 0
-82.42298049658243 26.473674931427503 0
-82.49577099449056 26.605680375017986 0
-82.27334426648784 26.64970182208043 0
-82.40604073737467 26.736238579185375 0
-82.40717853345691 26.6409064841788 0
-82.54755295537107 26.73738324755666 0
-82.67512684677175 26.664571224226904 0
-82.58117853572361 26.648131530313005 0
-82.49720211430986 26.899187133542608 0
-82.347803 26.91178999999999 1
-82.47625391333086 26.80393224023863 0
-82.2988455 26.83736799999999 1
-82.3967605 26.986211999999988 1
-82.61123571174117 26.949547759803757 0
-82.53785842782872 27.019069355720912 0
-82.71842243724018 26.921323721051117 0
-82.76805017841767 27.013344031265568 0
-82.88039965468946 27.029668838638152 0
-82.95890084495157 26.926191139507342 0
-82.76240736849466 26.82021254061344 0
-82.87276428333898 26.826881082199282 0
-83.00019839673358 27.02895436473595 0
-82.86259890703424 25.086863671152003 0
-82.35315114742042 25.327033175452694 0
-82.23288827738446 25.310004345399005 0
-82.40029267727004 25.43242912166304 0
-82.26411230212085 25.16863778364509 0
-82.34993677780754 25.13891893378556 0
-82.3247405923691 25.238780197361265 0
-82.13819918389653 25.17806295012302 0
-82.05151303713778 25.23279681927864 0
-82.25977907869658 25.07868927540619 0
-82.42345491528536 24.919311572971772 0
-82.52177771449993 24.845839280434646 0
-82.54949797598294 24.98546074395741 0
-82.46193430405923 25.0655530423515 0
-82.61652895024794 24.89958999874571 0
-82.68445397015624 24.821685013180225 0
-82.62626059861155 25.04945466302544 0
-82.33930759870485 24.95643266408666 0
-82.36132107699808 24.8423549007043 0
-81.93388780111304 25.17948609807388 0
-81.84544009384757 25.311704594701787 0
-82.0898516888418 26.32693171494679 0
-83.18867533627318 28.576890246716303 0
-83.15472287933892 28.66562384486229 0
-83.08216805862043 28.872067565951102 0
-83.09008859298491 28.758879657307883 0
-83.28702799244117 28.344002542306473 0
-83.20257834410667 28.4455498384766 0
-83.11165606158733 28.31651482356547 0
-83.19563819267741 28.35388918446889 0
-83.22793119901489 28.225061904811433 0
-83.36283222285874 28.23218676306015 0
-83.4935346571391 28.40239818126576 0
-83.36363352385732 28.529004350341175 0
-83.26679564587964 28.518753599682565 0
-83.39996308292102 28.33896240126674 0
-83.54240228478538 28.22958577651485 0
-83.55437594296762 28.107288670335606 0
-83.45157541519123 28.158958551591976 0
-83.43571603709542 28.064344611118464 0
-83.40130519680315 28.43771243057529 0
-83.48501579871996 28.518243630189655 0
-83.452445816185 28.623145838191018 0
-83.33504951985954 28.644933391511337 0
-83.30798837174403 28.434976055413703 0
-83.37950580023677 28.162006214022796 0
-83.06427095176248 28.393513712851412 0
-83.07337733334384 28.199654059641492 0
-84.03561163926967 28.60858642410505 0
-84.07062753369641 28.71984905789441 0
-83.82648339703786 28.448601773813067 0
-83.85626404224725 28.31390865206991 0
-83.97760114821509 28.343466106001113 0
-83.97610811111126 28.482699538398144 0
-83.91343035396434 28.412402706835657 0
-83.67952640884164 28.34547077734099 0
-83.62202459936158 28.476612363806325 0
-83.58969011567753 28.38425738668546 0
-83.72143404970879 28.442023308227256 0
-83.7620600934434 28.635317838177144 0
-83.70222965185047 28.546976221693956 0
-83.89643332590968 28.597366127148963 0
-83.94293801822519 28.716337783443862 0
-83.80974659282663 28.547299147351332 0
-83.75889056262048 28.279266531815964 0
-84.11029613931075 28.845895632227847 0
-84.24793537633145 28.663443910353507 0
-84.14168858757279 28.636343847622044 0
-84.11589772142885 28.518336483423287 0
-84.24225054242406 28.5359904637251 0
-84.19195612891787 28.43821760590076 0
-84.30339282347902 28.44271667335446 0
-84.26045755890357 28.81327845103897 0
-84.3712061632544 29.503334165470022 0
-84.74181764234966 29.45122488519378 0
-84.59194232568 29.46147854976797 0
-84.56620237669117 29.35533545502606 0
-84.7381224524588 29.249233691930336 0
-84.63726764033954 29.278150095021463 0
-84.62959971711514 29.10809641684835 0
-84.7126497545172 29.350729080997645 0
-85.275 29.29317082078034 1
-84.91298635024764 29.34706416001118 0
-84.81331375080164 29.375993121013533 0
-84.91551140690778 29.541935828335657 0
-85.16592579467796 29.492776514807034 0
-85.275 29.49277651480635 1
-85.22046289733318 29.59257936181558 0
-85.275 29.592579361819354 1
-85.275 29.392973667793346 1
-85.12914333885051 29.343072244285004 0
-85.0270122324427 29.447536810931226 0
-84.92857351376367 29.444314382197412 0
-85.02096134647246 29.33946391759475 0
-85.08376362270052 29.080093383751507 0
-85.275 29.093565126754328 1
-85.07922115562839 29.216282032739787 0
-84.89991688251891 29.142131397635016 0
-84.95978940379534 29.24119619245457 0
-84.84933410323629 29.255644668956005 0
-85.00347297975021 29.145585431178823 0
-85.17484004937242 29.151301247267742 0
-85.05831872137098 29.587301394910597 0
-85.13815620015131 29.627868750264852 0
-85.00162499999999 29.724867999999994 1
-84.93530627426844 29.64435224775562 0
-85.18009403377962 29.253883193628045 0
-84.54630105225739 29.15519789827822 0
-84.75437106326596 28.921860529825032 0
-84.65376820343158 28.98937433272554 0
-84.61357697608017 28.876416379928507 0
-84.63987372246075 28.771354401444324 0
-84.7454012739876 28.809879369811533 0
-84.77738935807503 29.064871741842705 0
-84.79872397818148 29.165778429823618 0
-84.68064120796812 29.657496174952303 0
-84.70882499999999 29.821986999999993 1
-84.80618092523407 29.61618820209351 0
-84.71681625932472 29.55601748676392 0
-84.81830298088215 29.516420692207916 0
-84.58556018088422 29.758447232360503 0
-84.53927325974763 29.650357825868856 0
-84.62234899999999 29.866039499999992 1
-84.51487532633826 29.81924949239202 0
-84.60941893453858 29.56813494322267 0
-84.795301 29.777934499999994 1
-84.5018337179945 29.467643296959814 0
-84.19956457215798 29.262679950395885 0
-84.45141865938929 29.209031985077182 0
-83.87132366047773 29.879874096982654 0
-83.80307749999999 29.978070999999986 1
-83.94820042711005 29.939804283067627 0
-84.16411789457396 29.977419713827693 0
-84.06822153581592 29.34777330247739 0
-81.19215300039359 24.974761091668604 0
-83.56843760410764 29.63964050362111 0
-82.85913311567269 28.896627863905877 0
-82.83724015745652 28.796451825533183 0
-82.97544197063547 28.92785882970499 0
-82.93910783391992 28.83098127343179 0
-83.0822879966408 29.002273650396095 0
-83.16972223149243 29.067208652816163 0
-83.00083400315161 29.05225749251337 0
-84.93998321354009 28.95743649117311 0
-84.863055615733 28.856804977693326 0
-84.87823130409855 29.040733792258063 0
-84.82885338878772 28.771601224636402 0
-85.04162586531227 28.826290700218433 0
-85.16933664779722 28.779821304120148 0
-84.95637954217473 28.865182998614756 0
-85.06865714164772 28.95220213099856 0
-85.275 28.993762279741322 1
-85.17769399118423 28.94386085623748 0
-85.12771999497662 28.864174220253492 0
-85.1821568861842 29.047436041015388 0
-85.00987929436351 28.730388955020896 0
-85.275 28.79415658571531 1
-83.82750888353102 28.73161864713956 0
-83.8924821588339 28.835854294457757 0
-83.68924924130394 28.736967302209912 0
-83.59022779891112 28.705750324432067 0
-83.32684211023444 28.738902858946936 0
-83.24338658578999 28.876925271034136 0
-83.26097916684759 28.993136403899975 0
-83.16907213722017 28.947612527178528 0
-83.1810801515685 28.799276731918376 0
-83.37139881614127 28.860086139296417 0
-83.34095551816031 29.04609999221594 0
-83.25440866730479 28.131363881927676 0
-83.39409475385108 26.45440028233736 0
-80.79724821710367 23.555620156130985 0
-80.88423862721832 23.59227722030134 0
-80.74687499999999 23.30499999999999 1
-80.81727825770925 23.42122179035436 0
-80.6399902021104 23.463491461118675 0
-80.7188691656008 23.401399853824174 0
-80.84531249999999 23.30499999999999 1
-80.90811286281769 23.39314364512894 0
-81.00591466964734 23.39586745477259 0
-80.68585940016358 23.56547478809037 0
-80.59040720575845 23.629816079558353 0
-80.40373688083864 23.48811654379909 0
-80.35312499999998 23.30499999999999 1
-80.47912235784365 23.582612639087426 0
-80.35575017864488 23.66609737853307 0
-80.5214202477469 23.47155103745248 0
-80.45156249999998 23.30499999999999 1
-80.45174215756528 23.402850642508792 0
-80.4141548778095 23.740611998129708 0
-80.29979538185886 23.55555156184906 0
-80.17947264174622 23.47716992465337 0
-80.10453850972344 23.401051291126272 0
-80.25468749999999 23.30499999999999 1
-80.79216967662467 23.654712660038054 0
-80.29442455072328 23.424873988490724 0
-80.57578608826645 23.395152456578668 0
-81.23906249999999 23.30499999999999 1
-81.25461869209556 23.406122064588033 0
-82.1684223757756 23.9848746288824 0
-82.0911715031258 24.055204726842135 0
-82.06484942150888 23.947620120637023 0
-81.36229421070556 24.790742082080076 0
-81.25589958927046 24.77356992301654 0
-81.29921472645073 24.662721308830562 0
-81.22785933120126 24.591212338530536 0
-81.39071498365888 24.633242524961624 0
-81.52366884277666 24.7807206075627 0
-81.14528422640134 24.403890946978468 0
-81.85716898540734 24.887398674334946 0
-82.11746750701218 24.202213297200114 0
-82.28559147721019 24.16248018396345 0
-82.25400504100077 24.062664747076656 0
-82.6171875 23.30499999999999 1
-83.07705062993799 23.43675587481272 0
-83.109375 23.30499999999999 1
-83.1977741914175 23.37978731341447 0
-83.2078125 23.30499999999999 1
-82.97549538905196 23.394956741932027 0
-83.0109375 23.30499999999999 1
-83.14403000143055 23.51172483392494 0
-83.02871670800214 23.53320762309065 0
-84.38906249999961 23.472492154712114 0
-84.27575822793551 23.45244474116308 0
-84.37496833270681 23.624990074302108 0
-84.31041338478776 23.54731329772428 0
-84.5789838371981 23.566945335800025 0
-84.46574115979878 23.55647921767611 0
-84.51545004673454 23.434099266832582 0
-84.51065490563981 23.68838762530907 0
-84.50968651689749 23.801558382453045 0
-84.68437500000002 23.30499999999999 1
-84.65911024668021 23.447009195271225 0
-84.78281249999961 23.395764959140013 0
-84.7828125 23.30499999999999 1
-84.78671226094383 23.580108009909786 0
-84.70692919170513 23.680784409216166 0
-84.60796337704774 23.663194157579408 0
-84.68247257876293 23.579452205527815 0
-84.74884454282297 23.488696323205865 0
-84.58593750000001 23.30499999999999 1
-84.42334345688698 23.6983555732062 0
-84.33348534369621 23.704665566899042 0
-84.97127798955556 23.643854889259657 0
-84.94244404081077 23.470128681171552 0
-84.87791096578263 23.400140498139653 0
-85.275 23.504605694025997 1
-85.10403627840951 23.532564590017973 0
-85.00481526698137 23.549032649669716 0
-85.078125 23.30499999999999 1
-84.98463018522992 23.366484993376496 0
-84.97968750000001 23.30499999999999 1
-85.08634189110843 23.419321864988927 0
-85.1765625 23.30499999999999 1
-85.20098225560255 23.41703271361559 0
-85.275 23.404802847012995 1
-85.275 23.604408541039003 1
-85.12054495601276 23.687086690227943 0
-85.02727278877616 23.729824801355193 0
-84.92468180722582 23.766110770609522 0
-85.17495985199069 23.603130247091617 0
-84.89440776904888 23.567357369763226 0
-84.86859486948579 23.670167159906853 0
-84.84326683687992 23.48798050240032 0
-84.38906250000001 23.30499999999999 1
-84.43264795828603 23.388746077354742 0
-84.33950770692961 23.38440069122312 0
-84.08709212110189 24.571913790277748 0
-84.05591545182729 24.913182850538057 0
-84.89609278329652 26.12863346926752 0
-84.90197386666397 25.57601731631829 0
-85.275 25.201254093247098 1
-85.275 23.90381708207802 1
-85.18575784133874 23.804014235062212 0
-85.275 23.804014235065015 1
-85.1410516486392 23.933790720466188 0
-85.04182542928288 23.929700084388166 0
-85.275 24.003619929091027 1
-85.16226108210154 24.05474444494564 0
-85.09546652873323 24.120392077152747 0
-85.275 24.20322562311704 1
-83.51193631294396 26.024301879359246 0
-83.68111710404472 26.102458717018894 0
-83.62478511623003 26.216964542130125 0
-83.73907083972689 26.202078867685703 0
-83.69546797626354 26.293157392742174 0
-83.69714030210358 25.998297771904625 0
-85.1599925842547 26.798099645454485 0
-85.12198154384684 26.89210299181833 0
-85.17449649898128 26.698647580497706 0
-85.05397579078902 26.795029942474386 0
-85.275 26.798099645455192 1
-84.86826519671921 28.221392894203525 0
-83.1346497733723 28.013163890619406 0
-83.75815892734491 27.15573147978313 0
-79.0847001519836 30.368782586115856 0
-78.97499999999998 30.31046875 1
-78.97499999999998 30.540156250000003 1
-79.0689085972323 30.482734375001943 0
-79.128340611195 30.655 1
-79.14567017583443 30.552636363334095 0
-79.54876923948254 29.939436612150658 0
-79.62225245337102 29.81039903754149 0
-79.6873652140212 29.93292097859323 0
-79.7232582134677 29.835283437114523 0
-79.78260461222752 29.924633691976435 0
-79.677612095308 30.05662057994844 0
-79.5383977052564 29.84808823632969 0
-79.57708510163941 30.037726383130053 0
-79.46883028776028 30.0086302642336 0
-79.63821737889553 29.721285659631263 0
-79.58987496107768 30.1836579722463 0
-80.79258966942429 29.035673383008046 0
-81.26174330816465 30.24651792264282 0
-81.23925773628127 30.081926678931836 0
-79.36542489124909 28.605753893870876 0
-78.97499999999998 28.01359375 1
-79.12061612050047 27.956171875005484 0
-79.20957726109242 27.983538292267998 0
-78.97499999999998 27.439375 1
-78.97499999999998 27.6690625 1
-79.14745850429956 27.76207647956351 0
-79.30106176723582 27.758254471655448 0
-79.22586218632597 27.82455053186562 0
-79.21820548821412 27.516834315053963 0
-79.40010105261152 27.589335460374585 0
-79.53801382210388 27.58541466545431 0
-79.51722479702188 27.691017124657975 0
-79.46372537120997 27.399821256967147 0
-79.57635363089037 27.401766014649308 0
-79.51857634741566 27.485530386843827 0
-79.3866070040935 27.694917213145928 0
-79.27420569597886 27.63254320633494 0
-79.13869286986848 27.626722227745432 0
-79.08768532448259 27.50610342554346 0
-79.04340434959047 27.595923554774867 0
-78.97499999999998 27.554218749999997 1
-79.17624831758238 27.228034790958457 0
-78.97499999999998 27.209687499999998 1
-79.16397917095128 27.377264826762236 0
-78.97499999999998 27.32453125 1
-79.0712254919291 27.267109374996597 0
-79.0608238378915 27.381953125002163 0
-79.31939231315376 27.314922945704566 0
-79.33703120513081 27.45007289228553 0
-79.24532624196627 27.425978308305023 0
-79.3142790605161 27.5442899438339 0
-79.42243122678586 27.49530951266027 0
-79.22610533889639 27.30725323256869 0
-79.33755276652985 27.123649033193765 0
-79.38172652159602 27.020406250282992 0
-79.42662484286039 26.975312149708508 0
-79.46514955284847 27.23226275397543 0
-79.46803143454602 27.108774897803265 0
-79.53912129250286 27.304962783564772 0
-79.41611127447064 27.31563125180587 0
-79.36335104015792 27.222597519863644 0
-79.07782151469748 27.851349824810853 0
-78.97499999999998 27.78390625 1
-79.07433795161256 28.052159958316572 0
-79.18269754190686 27.061178050783255 0
-79.28016557291305 27.03080228965566 0
-79.08196012024763 27.13978414565314 0
-78.97499999999998 27.094843749999995 1
-79.07589184806838 27.02815444003811 0
-79.23815474593496 27.146874547381042 0
-79.27328156929278 27.23015564432358 0
-79.07009821405995 27.69912542499565 0
-78.97499999999998 29.391718749999995 1
-79.83632201009567 27.19354245401255 0
-79.9572878037956 26.35924366420264 0
-80.05431225000001 26.474461500000007 1
-79.96181961957085 26.510236388789725 0
-79.2818254336631 26.444477782272756 0
-79.24627280548287 26.52967472379544 0
-79.14850560352889 26.346802830266352 0
-78.97499999999998 26.290937499999995 1
-79.25617658058617 26.33966292716344 0
-79.19172224321802 26.427638822027877 0
-79.37902423878433 26.42484004263363 0
-79.09211493569008 26.22457196004212 0
-79.13969592972336 26.130705805520154 0
-78.97499999999998 26.176093749999993 1
-78.97499999999998 26.405781249999997 1
-79.06278224718665 26.463203124999524 0
-78.97499999999998 26.635468749999994 1
-79.06831643169598 26.578046874998645 0
-79.07412761320211 26.69289062500228 0
-79.95025376434872 26.997584190191585 0
-80.01317458885356 27.069006372128165 0
-79.9154455563231 27.08578649437513 0
-79.98873747186802 26.896127153652362 0
-80.0626355 26.907463 1
-79.55943488464152 27.048508445350727 0
-79.080642873556 23.759702893153044 0
-78.97499999999998 23.64953124999999 1
-79.08833009971018 23.592109375002888 0
-79.27031249999997 23.30499999999999 1
-78.97499999999998 23.41984374999999 1
-79.07343750000098 23.36242187500003 0
-79.07343749999998 23.30499999999999 1
-79.06864880941062 23.477265625000616 0
-80.75950375731117 23.768702276673427 0
-80.64893985672654 23.783888785254643 0
-80.78474657385735 24.333843449962433 0
-80.47347156905353 24.240015764018437 0
-80.71832522069451 24.482055954159772 0
-79.6930841342473 25.129416414384842 0
-79.5229416325711 25.18203957987398 0
-79.44499099713322 25.092839686565863 0
-79.71505297067375 25.276552961708372 0
-79.36294636079253 24.847324224501836 0
-79.2436983745373 24.78459587266306 0
-79.24045383163138 24.9354745280884 0
-79.33548535420455 24.938346936671845 0
-79.14966970372998 24.838346127632256 0
-81.35954675200084 25.54581382783017 0
-81.27095798246368 25.48958026641166 0
-81.2197295 25.541914499999997 1
-82.89208769785769 28.625656152763572 0
-82.81415482292506 28.694834022229333 0
-82.74111857926256 28.633311717092983 0
-82.66250699999999 28.553953499999995 1
-83.72932152685668 28.91538139063998 0
-83.6653903875388 28.19017802993148 0
-80.1148915 25.951643499999992 1
-80.00978050531715 25.978605920787757 0
-83.84997091892846 29.648332595068887 0

Edges
367
1 2 1
1 325 1
2 3 1
3 4 1
4 1087 1
5 1080 1
5 1086 1
6 1080 1
6 1089 1
7 986 1
7 1089 1
8 1093 1
8 1114 1
9 1101 1
9 1103 1
10 11 1
10 1103 1
11 12 1
12 13 1
13 14 1
14 832 1
15 830 1
15 832 1
16 801 1
16 804 1
17 798 1
17 810 1
18 817 1
18 2878 1
19 725 1
19 2878 1
20 725 1
20 2857 1
21 689 1
21 2911 1
22 23 1
22 2911 1
23 166 1
24 25 1
24 166 1
25 26 1
26 529 1
27 28 1
27 529 1
28 29 1
29 30 1
30 31 1
31 32 1
32 33 1
33 34 1
34 182 1
35 182 1
35 299 1
36 37 1
36 299 1
37 2904 1
38 39 1
38 2904 1
39 40 1
40 128 1
41 42 1
41 128 1
42 1215 1
43 283 1
43 1215 1
44 45 1
44 283 1
45 140 1
46 47 1
46 140 1
47 48 1
48 49 1
49 113 1
50 51 1
50 113 1
51 52 1
52 53 1
53 54 1
54 2476 1
55 56 1
55 2477 1
56 1421 1
57 58 1
57 1407 1
58 111 1
59 111 1
59 327 1
60 61 1
60 327 1
61 110 1
62 63 1
62 110 1
63 64 1
64 65 1
65 66 1
66 67 1
67 68 1
68 69 1
69 262 1
70 71 1
70 262 1
71 2908 1
72 73 1
72 2908 1
73 74 1
74 75 1
75 76 1
76 77 1
77 78 1
78 326 1
79 80 1
79 326 1
80 185 1
81 82 1
81 185 1
82 83 1
83 84 1
84 280 1
85 86 1
85 280 1
86 87 1
87 88 1
88 89 1
89 2617 1
90 91 1
90 2617 1
91 205 1
92 93 1
92 205 1
93 94 1
94 95 1
95 96 1
96 97 1
97 98 1
98 2609 1
99 2591 1
99 2612 1
100 101 1
100 2591 1
101 2575 1
102 2739 1
102 2741 1
103 2884 1
103 2886 1
104 2783 1
104 2785 1
105 1048 1
105 1051 1
106 737 1
106 2849 1
107 879 1
107 882 1
108 2315 1
108 2324 1
109 386 1
109 404 1
112 1643 1
112 1647 1
117 2659 1
117 2673 1
122 334 1
122 343 1
225 1502 1
225 1537 1
227 2638 1
227 2643 1
316 378 1
316 2868 1
320 332 1
320 334 1
322 325 1
322 332 1
341 343 1
341 1053 1
366 379 1
366 395 1
373 378 1
373 379 1
383 387 1
383 393 1
385 386 1
385 387 1
390 394 1
390 395 1
392 393 1
392 394 1
397 655 1
397 657 1
399 403 1
399 426 1
401 403 1
401 404 1
424 426 1
424 655 1
436 487 1
436 638 1
441 649 1
441 2881 1
452 486 1
452 2883 1
461 486 1
461 487 1
464 637 1
464 2679 1
468 637 1
468 638 1
598 2308 1
598 2683 1
624 2359 1
624 2663 1
640 2883 1
640 2886 1
641 2881 1
641 2884 1
646 649 1
646 657 1
674 689 1
674 2857 1
678 2869 1
678 2871 1
728 737 1
728 2871 1
765 2802 1
765 2844 1
798 801 1
803 804 1
803 830 1
810 817 1
843 890 1
843 899 1
868 879 1
868 890 1
873 1135 1
873 1166 1
874 883 1
874 2854 1
881 882 1
881 883 1
887 1135 1
887 2854 1
891 899 1
891 2802 1
975 986 1
975 1114 1
1014 1029 1
1014 1149 1
1024 1046 1
1024 1048 1
1029 1046 1
1051 1053 1
1086 1087 1
1091 1093 1
1091 1101 1
1124 1162 1
1124 2782 1
1144 1149 1
1144 2785 1
1151 2782 1
1151 2783 1
1160 1162 1
1160 1166 1
1407 1421 1
1472 1547 1
1472 2435 1
1480 1536 1
1480 1548 1
1495 1536 1
1495 1537 1
1498 1504 1
1498 1509 1
1502 1504 1
1509 2643 1
1541 1547 1
1541 1548 1
1581 2437 1
1581 2777 1
1612 1872 1
1612 1881 1
1614 1914 1
1614 1931 1
1623 1652 1
1623 1929 1
1633 1643 1
1633 2777 1
1645 1647 1
1645 1652 1
1774 2096 1
1774 2406 1
1775 2726 1
1775 2750 1
1777 2763 1
1777 2766 1
1790 1911 1
1790 2757 1
1808 1825 1
1808 1876 1
1822 1825 1
1822 2766 1
1828 2720 1
1828 2737 1
1843 2742 1
1843 2760 1
1863 1876 1
1863 1881 1
1867 1872 1
1867 2757 1
1907 1911 1
1907 1914 1
1918 1929 1
1918 1931 1
2064 2080 1
2064 2088 1
2078 2080 1
2078 2750 1
2084 2088 1
2084 2406 1
2092 2399 1
2092 2705 1
2093 2132 1
2093 2703 1
2095 2096 1
2095 2132 1
2142 2323 1
2142 2699 1
2143 2399 1
2143 2699 1
2301 2303 1
2301 2314 1
2303 2308 1
2313 2314 1
2313 2315 1
2321 2323 1
2321 2324 1
2353 2359 1
2353 2683 1
2432 2435 1
2432 2437 1
2474 2476 1
2474 2477 1
2568 2576 1
2568 2582 1
2573 2575 1
2573 2576 1
2582 2638 1
2603 2609 1
2603 2612 1
2659 2663 1
2669 2673 1
2669 2679 1
2701 2703 1
2701 2705 1
2717 2720 1
2717 2726 1
2732 2741 1
2732 2742 1
2735 2737 1
2735 2739 1
2758 2760 1
2758 2763 1
2805 2822 1
2805 2826 1
2806 2822 1
2806 2844 1
2824 2826 1
2824 2849 1
2862 2868 1
2862 2869 1

Triangles
5457
1 2 324 0
2 3 323 0
2 323 324 0
3 4 348 0
4 124 348 0
4 1087 2799 0
5 1079 2800 0
6 1078 1079 0
7 982 984 0
8 1093 1094 0
10 11 308 0
10 308 1104 0
11 12 129 0
11 129 307 0
11 307 308 0
12 13 129 0
13 14 833 0
14 831 833 0
15 827 831 0
16 800 802 0
17 810 812 0
18 2874 2875 0
19 723 2877 0
20 706 724 0
20 2857 2858 0
21 2911 2912 0
22 23 314 0
22 314 351 0
23 166 313 0
23 313 314 0
24 25 125 0
25 26 125 0
26 529 530 0
27 28 120 0
27 120 553 0
28 29 183 0
29 30 183 0
30 31 183 0
31 32 114 0
31 114 170 0
31 170 183 0
32 33 114 0
33 34 177 0
34 181 2621 0
35 299 2288 0
35 2288 2289 0
36 37 298 0
38 39 2902 0
38 2902 2903 0
39 40 289 0
39 130 2902 0
40 127 289 0
41 42 127 0
42 1214 1217 0
43 282 285 0
43 285 1216 0
44 45 138 0
44 138 282 0
46 47 139 0
47 48 2462 0
47 2462 2463 0
48 53 54 0
48 54 2467 0
51 52 50 0
52 53 50 0
53 48 49 0
53 113 50 0
55 56 2479 0
56 1406 1412 0
56 1411 2479 0
57 58 1413 0
57 1403 1408 0
58 111 1413 0
60 61 328 0
61 110 328 0
63 64 62 0
64 110 62 0
65 66 59 0
65 110 64 0
65 327 328 0
66 67 1413 0
66 111 59 0
67 68 1415 0
67 1404 1413 0
68 69 265 0
68 265 268 0
68 268 1414 0
68 1414 1415 0
69 262 272 0
70 71 150 0
70 150 261 0
70 261 263 0
72 73 2907 0
73 74 2624 0
73 2624 2906 0
73 2906 2907 0
74 75 2623 0
74 2623 2624 0
75 76 2623 0
76 77 115 0
76 115 2623 0
77 78 115 0
79 80 2629 0
80 156 2628 0
80 2627 2629 0
81 82 156 0
82 83 126 0
82 126 157 0
83 84 126 0
85 86 145 0
85 145 152 0
86 87 2622 0
87 88 136 0
87 136 2622 0
88 89 146 0
90 91 200 0
90 200 2618 0
92 93 2619 0
93 94 116 0
93 116 2619 0
94 95 116 0
95 96 116 0
96 97 149 0
96 149 245 0
97 98 2610 0
98 2609 2610 0
99 2591 2592 0
99 2592 2604 0
100 101 2590 0
101 2574 2590 0
102 2739 2740 0
103 2884 2885 0
105 1051 1052 0
106 2849 2850 0
107 877 878 0
108 2315 2319 0
108 2319 2326 0
109 386 388 0
109 388 405 0
110 65 328 0
111 66 1413 0
112 1641 1642 0
113 53 49 0
114 33 173 0
114 173 174 0
115 326 2629 0
116 96 148 0
116 148 2619 0
117 2673 2674 0
117 2674 2682 0
118 176 580 0
118 580 587 0
118 587 631 0
118 631 632 0
119 120 169 0
119 169 175 0
119 175 176 0
119 176 632 0
119 632 633 0
120 28 183 0
120 119 168 0
120 168 553 0
121 338 1063 0
122 334 340 0
122 340 345 0
123 330 1085 0
124 4 2799 0
124 330 348 0
125 26 165 0
125 165 365 0
125 166 24 0
126 84 151 0
126 151 161 0
127 42 288 0
127 128 41 0
127 288 290 0
128 127 40 0
129 13 833 0
130 39 289 0
130 289 290 0
130 290 303 0
130 296 2902 0
131 274 275 0
131 2908 2907 0
132 149 2610 0
132 2607 2608 0
133 276 2905 0
133 2624 2626 0
133 2905 2906 0
134 143 2913 0
134 203 204 0
135 136 146 0
135 146 203 0
135 203 2913 0
136 88 146 0
136 135 142 0
136 142 2622 0
137 138 2508 0
137 281 1287 0
137 1271 1274 0
138 45 139 0
138 137 1274 0
138 139 2508 0
139 47 2463 0
139 140 46 0
139 281 2508 0
140 139 45 0
141 142 279 0
141 145 2622 0
142 135 144 0
142 141 2622 0
142 144 279 0
143 134 194 0
143 144 2913 0
143 186 279 0
144 135 2913 0
144 143 279 0
145 86 2622 0
145 141 152 0
146 2617 2616 0
147 148 245 0
147 198 202 0
147 245 246 0
148 96 245 0
148 147 202 0
148 201 2619 0
149 97 2610 0
149 132 247 0
150 131 275 0
150 2908 131 0
151 85 152 0
151 152 184 0
151 280 85 0
152 141 154 0
152 154 184 0
153 154 186 0
153 186 206 0
153 206 278 0
154 141 279 0
154 153 162 0
154 162 184 0
155 156 157 0
155 157 159 0
155 159 2654 0
156 82 157 0
156 155 2628 0
156 185 81 0
157 126 161 0
158 159 161 0
158 160 2654 0
158 161 162 0
158 162 211 0
159 157 161 0
159 158 2654 0
160 158 211 0
160 210 214 0
160 214 2653 0
160 2650 2654 0
161 151 162 0
162 151 184 0
162 153 209 0
162 209 211 0
163 358 2896 0
163 2893 2894 0
164 360 362 0
164 362 364 0
164 364 527 0
164 527 555 0
165 26 530 0
165 364 365 0
166 125 319 0
167 505 552 0
167 549 634 0
168 119 633 0
168 549 553 0
168 633 634 0
169 120 183 0
169 170 175 0
170 114 174 0
170 169 183 0
170 174 175 0
171 174 578 0
171 577 580 0
172 173 177 0
172 177 180 0
172 180 576 0
172 576 577 0
172 577 578 0
173 33 177 0
173 172 578 0
174 171 175 0
174 173 578 0
175 171 176 0
176 118 632 0
176 171 580 0
177 34 2621 0
178 2264 2265 0
178 2265 2692 0
178 2688 2693 0
179 180 2621 0
179 2285 2688 0
179 2688 2689 0
180 177 2621 0
180 179 582 0
181 182 2289 0
181 2286 2621 0
182 35 2289 0
182 181 34 0
185 156 80 0
186 143 188 0
186 154 279 0
186 188 190 0
186 190 206 0
187 188 194 0
187 194 197 0
187 197 2620 0
188 143 194 0
188 187 190 0
189 190 224 0
190 187 192 0
190 189 206 0
190 192 224 0
191 192 2620 0
191 193 2614 0
191 223 224 0
192 187 2620 0
192 191 224 0
193 191 2620 0
193 197 242 0
193 241 249 0
193 249 2614 0
194 134 196 0
194 196 197 0
195 196 198 0
195 198 246 0
196 134 198 0
196 195 197 0
197 193 2620 0
197 195 242 0
198 134 204 0
198 147 246 0
199 200 201 0
199 201 202 0
199 202 204 0
199 203 2616 0
199 2616 2618 0
200 199 2618 0
200 205 2619 0
201 148 202 0
201 200 2619 0
202 198 204 0
203 134 2913 0
203 146 2616 0
203 199 204 0
205 92 2619 0
205 200 91 0
206 189 208 0
206 208 278 0
207 208 222 0
207 222 2909 0
208 189 221 0
208 207 209 0
208 209 278 0
208 221 222 0
209 153 278 0
209 207 210 0
209 210 211 0
210 160 211 0
210 207 218 0
212 2528 2529 0
212 2529 2647 0
213 214 218 0
213 218 2909 0
213 219 2646 0
213 2646 2647 0
214 210 218 0
214 213 217 0
214 217 2653 0
215 2509 2510 0
215 2510 2652 0
216 217 2647 0
216 2529 2530 0
216 2530 2648 0
216 2648 2653 0
217 213 2647 0
217 216 2653 0
218 207 2909 0
219 213 2909 0
219 222 2645 0
219 2644 2646 0
220 221 223 0
220 223 256 0
220 256 257 0
220 257 2645 0
221 189 224 0
221 220 222 0
222 219 2909 0
222 220 2645 0
223 191 230 0
223 221 224 0
223 230 256 0
225 1537 1538 0
225 1538 1539 0
226 1515 1523 0
226 1523 2440 0
226 2440 2598 0
226 2598 2599 0
226 2599 2633 0
227 2635 2640 0
228 231 235 0
228 235 236 0
228 236 2444 0
228 254 2559 0
229 230 231 0
229 231 251 0
229 251 2559 0
230 191 233 0
230 229 256 0
231 228 251 0
231 230 233 0
231 232 237 0
232 231 233 0
232 233 2614 0
233 191 2614 0
234 235 237 0
234 237 2615 0
235 231 237 0
235 234 236 0
236 234 2594 0
236 2566 2596 0
236 2596 2597 0
237 232 239 0
237 239 2615 0
238 239 250 0
238 250 2560 0
238 2560 2613 0
239 232 249 0
239 238 240 0
239 240 2615 0
239 249 250 0
240 238 2563 0
240 2563 2565 0
240 2565 2594 0
240 2594 2615 0
241 193 242 0
241 242 244 0
241 244 2560 0
242 195 244 0
243 244 246 0
243 245 247 0
243 247 248 0
243 248 2560 0
244 195 246 0
244 243 2560 0
245 149 247 0
245 243 246 0
247 132 248 0
248 132 2608 0
248 2608 2611 0
248 2611 2613 0
249 232 2614 0
249 241 250 0
250 241 2560 0
251 228 2559 0
252 1442 2539 0
252 2539 2540 0
252 2540 2555 0
252 2555 2557 0
253 1524 2558 0
254 228 2444 0
254 2442 2445 0
254 2445 2553 0
254 2553 2559 0
255 2536 2552 0
255 2552 2559 0
255 2553 2554 0
256 229 2552 0
257 256 2552 0
257 2536 2549 0
257 2549 2645 0
258 273 274 0
258 274 277 0
258 277 2509 0
258 2509 2514 0
258 2514 2533 0
259 264 2534 0
259 1424 2779 0
259 2517 2655 0
260 261 273 0
260 273 2533 0
260 2515 2534 0
261 150 275 0
261 260 263 0
262 70 263 0
262 263 272 0
263 260 264 0
263 264 272 0
264 259 2779 0
264 260 2534 0
264 265 272 0
265 69 272 0
265 264 267 0
265 267 268 0
266 269 1425 0
266 1388 1417 0
267 264 2779 0
268 267 269 0
268 269 1420 0
269 266 271 0
269 267 1425 0
269 271 1420 0
270 271 1417 0
270 1391 1394 0
270 1394 1402 0
270 1402 1405 0
270 1405 1419 0
271 266 1417 0
271 270 1419 0
271 1419 1420 0
273 258 2533 0
273 261 275 0
274 131 2905 0
274 273 275 0
276 133 2512 0
276 277 2905 0
277 274 2905 0
277 276 2509 0
280 151 84 0
281 137 2508 0
281 139 2463 0
281 2463 2464 0
282 138 1274 0
282 283 44 0
283 282 43 0
284 1209 1211 0
284 1211 1213 0
284 1213 1272 0
285 282 1274 0
285 1213 1216 0
286 291 1210 0
287 288 1210 0
288 42 1217 0
288 287 290 0
289 127 290 0
290 287 291 0
290 291 294 0
290 294 303 0
291 286 293 0
291 287 1210 0
291 293 294 0
292 293 1176 0
292 1176 1178 0
293 286 302 0
293 292 294 0
293 302 1176 0
294 292 296 0
294 296 303 0
295 296 297 0
295 297 298 0
295 298 2903 0
296 130 303 0
296 292 297 0
296 295 2902 0
297 292 1178 0
297 1177 2287 0
297 2287 2288 0
298 37 2903 0
298 297 2288 0
298 299 36 0
299 298 2288 0
300 1180 1183 0
300 1183 1185 0
300 1185 2695 0
301 1179 2507 0
301 1200 1202 0
301 1202 2495 0
301 2495 2506 0
302 286 1199 0
302 1199 1200 0
302 1200 2507 0
304 761 762 0
304 762 1170 0
304 850 904 0
304 904 907 0
305 744 1174 0
306 307 1174 0
307 129 776 0
307 306 308 0
307 770 1174 0
308 306 310 0
308 310 1104 0
309 310 311 0
309 311 1108 0
309 1102 1104 0
310 306 311 0
310 309 1104 0
311 306 744 0
311 744 748 0
311 748 771 0
311 771 1108 0
312 313 319 0
312 319 363 0
313 166 319 0
313 312 314 0
314 312 318 0
314 318 351 0
315 361 701 0
315 701 703 0
316 375 377 0
317 318 354 0
317 354 356 0
317 356 357 0
317 357 667 0
317 667 743 0
318 312 353 0
318 317 350 0
318 350 351 0
318 353 354 0
319 125 365 0
320 331 347 0
321 323 329 0
321 325 324 0
321 329 331 0
321 332 322 0
323 3 348 0
323 321 324 0
324 325 1 0
325 321 322 0
326 79 2629 0
326 115 78 0
327 60 328 0
327 65 59 0
329 323 348 0
329 330 335 0
329 335 347 0
330 123 335 0
330 124 1085 0
330 329 348 0
331 329 347 0
332 321 331 0
332 331 320 0
333 334 347 0
333 335 336 0
333 336 340 0
334 320 347 0
334 333 340 0
335 123 339 0
335 333 347 0
336 335 339 0
336 338 346 0
337 338 339 0
337 339 1083 0
337 994 1064 0
338 121 346 0
338 336 339 0
338 337 1064 0
339 123 1083 0
340 336 344 0
340 344 345 0
341 343 1059 0
342 343 345 0
342 344 1057 0
342 1057 1059 0
343 122 345 0
343 342 1059 0
344 336 346 0
344 342 345 0
344 346 1058 0
346 121 1058 0
349 350 743 0
349 684 2912 0
350 317 743 0
350 349 351 0
351 349 2912 0
351 2911 22 0
352 353 362 0
353 312 363 0
353 352 354 0
354 352 356 0
355 356 418 0
355 418 421 0
355 421 663 0
356 352 359 0
356 355 357 0
356 359 418 0
357 355 663 0
357 361 664 0
357 664 667 0
358 163 419 0
358 359 360 0
358 360 2896 0
358 417 418 0
359 352 360 0
359 358 418 0
360 164 555 0
360 352 362 0
360 528 2896 0
361 315 664 0
361 357 663 0
361 371 701 0
362 353 363 0
362 363 364 0
363 319 365 0
364 165 527 0
364 363 365 0
366 379 381 0
367 380 662 0
367 415 416 0
368 371 663 0
368 415 662 0
369 374 376 0
369 376 699 0
369 698 702 0
370 371 662 0
370 380 661 0
370 661 702 0
371 361 663 0
371 368 662 0
371 370 702 0
372 373 374 0
372 374 661 0
372 379 373 0
372 380 381 0
374 369 661 0
374 373 377 0
375 316 2867 0
375 376 377 0
376 374 377 0
376 375 699 0
377 378 316 0
378 377 373 0
379 372 381 0
380 367 413 0
380 370 662 0
380 372 661 0
381 380 413 0
381 395 366 0
382 387 383 0
382 391 412 0
382 393 391 0
384 382 410 0
384 386 385 0
386 384 388 0
387 382 384 0
387 384 385 0
388 384 410 0
389 381 412 0
389 394 390 0
391 389 412 0
391 393 392 0
393 382 383 0
394 389 391 0
394 391 392 0
395 381 389 0
395 389 390 0
396 430 660 0
396 645 652 0
396 652 653 0
398 402 2901 0
398 514 556 0
399 403 423 0
399 423 425 0
400 404 405 0
400 405 2899 0
400 2899 2901 0
401 400 402 0
402 398 423 0
402 400 2901 0
402 403 401 0
403 402 423 0
404 109 405 0
404 400 401 0
405 388 408 0
405 408 2899 0
406 407 2895 0
406 513 2897 0
406 2897 2900 0
407 406 2900 0
407 408 409 0
407 409 422 0
407 420 2895 0
408 388 409 0
408 407 2899 0
409 388 410 0
409 410 411 0
409 411 422 0
410 382 412 0
411 410 412 0
411 412 413 0
411 413 416 0
411 416 422 0
412 381 413 0
413 367 416 0
414 415 417 0
414 417 419 0
414 419 420 0
414 420 422 0
415 367 662 0
415 368 421 0
415 414 416 0
416 414 422 0
417 358 419 0
417 415 421 0
418 417 421 0
419 163 2894 0
420 407 422 0
420 419 2894 0
420 2894 2895 0
421 368 663 0
423 398 425 0
424 426 429 0
424 429 656 0
425 398 556 0
425 426 399 0
426 425 429 0
427 428 556 0
428 427 430 0
428 429 556 0
428 430 653 0
428 653 656 0
429 425 556 0
429 428 656 0
430 396 653 0
430 427 434 0
430 433 660 0
431 490 543 0
432 433 509 0
432 437 659 0
432 509 547 0
432 539 540 0
433 430 434 0
433 432 659 0
433 434 509 0
433 659 660 0
434 427 508 0
434 508 509 0
435 439 541 0
435 541 542 0
436 487 488 0
437 432 540 0
437 439 659 0
437 540 541 0
438 439 445 0
438 445 645 0
438 645 660 0
439 435 443 0
439 437 541 0
439 438 659 0
439 443 445 0
440 447 489 0
440 489 642 0
440 642 2882 0
441 649 2880 0
442 443 450 0
442 450 453 0
442 453 455 0
442 454 489 0
443 435 449 0
443 442 446 0
443 449 450 0
444 445 446 0
444 446 447 0
444 447 648 0
445 443 446 0
445 444 645 0
446 442 447 0
447 440 648 0
447 442 489 0
448 449 635 0
449 435 481 0
449 448 457 0
449 481 635 0
450 449 457 0
451 453 457 0
451 457 460 0
451 460 484 0
453 450 457 0
453 451 455 0
454 442 455 0
454 455 456 0
454 456 643 0
455 451 483 0
456 455 483 0
456 482 485 0
456 485 644 0
457 448 459 0
457 459 460 0
458 459 466 0
458 466 469 0
458 469 488 0
459 448 474 0
459 458 460 0
460 458 462 0
460 462 484 0
462 458 488 0
462 461 482 0
462 482 484 0
462 487 461 0
463 471 473 0
463 473 627 0
463 627 2671 0
463 2671 2676 0
463 2676 2677 0
464 637 2678 0
465 466 474 0
465 474 477 0
466 459 474 0
466 465 470 0
467 470 471 0
467 471 2677 0
467 2677 2678 0
469 436 488 0
469 466 470 0
469 470 636 0
469 638 436 0
470 465 473 0
470 467 636 0
471 463 2677 0
471 470 473 0
472 473 619 0
472 617 627 0
473 465 477 0
473 472 627 0
473 477 619 0
474 448 476 0
474 476 477 0
475 476 479 0
475 479 622 0
476 448 635 0
476 475 477 0
477 475 619 0
478 479 481 0
478 481 542 0
478 542 543 0
479 476 481 0
479 478 480 0
479 480 622 0
480 478 490 0
480 490 496 0
480 496 620 0
480 618 622 0
481 435 542 0
481 476 635 0
482 456 483 0
482 483 484 0
482 486 485 0
483 451 484 0
485 452 644 0
485 486 452 0
486 482 461 0
487 462 488 0
489 454 642 0
490 431 493 0
490 478 543 0
490 493 496 0
491 559 568 0
492 493 499 0
492 499 504 0
492 504 560 0
492 560 561 0
493 431 498 0
493 492 495 0
493 495 496 0
493 498 499 0
494 495 561 0
494 561 565 0
494 565 620 0
495 492 561 0
495 494 496 0
496 494 620 0
497 498 538 0
498 431 538 0
498 497 499 0
499 497 501 0
499 501 504 0
500 501 515 0
500 515 516 0
500 516 554 0
501 497 515 0
501 500 503 0
501 503 504 0
502 503 505 0
502 505 558 0
502 558 559 0
502 559 560 0
503 500 552 0
503 502 504 0
504 502 560 0
505 167 628 0
505 503 552 0
505 628 629 0
506 515 535 0
507 508 512 0
507 512 534 0
507 534 535 0
507 535 536 0
507 536 547 0
508 427 511 0
508 507 547 0
508 511 512 0
509 508 547 0
510 511 514 0
510 513 533 0
510 514 2898 0
511 427 514 0
511 510 512 0
512 510 533 0
512 533 534 0
513 406 546 0
513 510 2897 0
513 531 532 0
513 532 533 0
514 398 2898 0
514 427 556 0
515 497 537 0
515 506 516 0
516 506 518 0
516 518 521 0
516 521 554 0
517 518 531 0
517 531 545 0
517 545 2893 0
518 506 532 0
518 517 520 0
518 520 521 0
519 520 524 0
519 524 526 0
519 526 550 0
519 550 551 0
519 551 554 0
520 517 523 0
520 519 521 0
520 523 524 0
521 519 554 0
522 523 528 0
522 528 555 0
523 517 2893 0
523 522 524 0
524 522 526 0
525 526 527 0
525 527 530 0
525 530 548 0
525 548 549 0
525 549 550 0
526 522 527 0
526 525 550 0
527 165 530 0
527 522 555 0
528 360 555 0
528 523 2893 0
528 2893 2896 0
529 27 548 0
530 529 548 0
531 513 546 0
531 518 532 0
532 506 535 0
533 532 535 0
534 533 535 0
535 515 537 0
536 535 537 0
536 537 538 0
536 538 539 0
536 539 547 0
537 497 538 0
538 431 540 0
539 432 547 0
539 538 540 0
540 431 543 0
541 540 543 0
542 541 543 0
544 545 546 0
544 546 2895 0
545 531 546 0
545 544 2893 0
546 406 2895 0
548 27 553 0
549 167 550 0
549 168 634 0
549 548 553 0
550 167 551 0
551 167 552 0
551 552 554 0
552 500 554 0
557 558 629 0
557 629 630 0
557 630 631 0
558 505 629 0
558 557 559 0
559 491 560 0
559 557 568 0
560 491 561 0
561 491 564 0
561 564 565 0
562 588 607 0
563 564 567 0
563 567 2891 0
563 606 607 0
564 491 567 0
564 563 565 0
565 563 588 0
565 588 621 0
566 567 568 0
566 568 571 0
566 571 573 0
566 573 616 0
566 616 2891 0
567 491 568 0
567 566 2891 0
568 557 570 0
568 570 571 0
569 570 587 0
569 587 2255 0
569 2255 2892 0
570 557 631 0
570 569 571 0
571 569 573 0
572 573 2892 0
572 614 615 0
572 615 616 0
573 569 2892 0
573 572 616 0
574 2252 2890 0
574 2890 2892 0
575 576 583 0
575 583 2258 0
575 2253 2254 0
575 2254 2256 0
576 180 582 0
576 575 2256 0
576 582 583 0
577 171 578 0
577 576 2256 0
577 579 580 0
579 577 2256 0
579 2254 2255 0
580 579 587 0
581 582 2689 0
581 2689 2690 0
581 2690 2691 0
582 179 2689 0
582 581 583 0
583 581 585 0
583 585 2258 0
584 585 2691 0
584 2257 2258 0
584 2272 2694 0
585 581 2691 0
585 584 2258 0
586 2265 2273 0
586 2271 2272 0
586 2272 2691 0
586 2690 2692 0
587 570 631 0
587 579 2255 0
588 562 590 0
588 563 607 0
588 590 621 0
589 590 591 0
589 591 617 0
589 617 618 0
589 618 620 0
589 620 621 0
590 562 593 0
590 589 621 0
590 593 594 0
591 590 594 0
591 594 2671 0
592 597 2889 0
592 2667 2670 0
592 2670 2671 0
592 2671 2675 0
593 562 596 0
593 596 597 0
593 597 2675 0
594 593 2675 0
595 596 602 0
595 602 605 0
595 605 610 0
595 610 2888 0
595 2888 2889 0
596 562 601 0
596 595 2889 0
596 601 602 0
597 592 2675 0
597 596 2889 0
598 2683 2684 0
599 2666 2667 0
599 2667 2889 0
600 601 606 0
600 606 615 0
601 562 607 0
601 600 602 0
602 600 612 0
603 611 2248 0
603 2242 2244 0
604 605 612 0
604 612 2249 0
605 602 612 0
605 604 609 0
605 609 610 0
606 563 2891 0
606 601 607 0
608 609 611 0
608 611 2244 0
608 2244 2362 0
609 604 611 0
609 608 626 0
610 609 626 0
610 626 2358 0
610 2358 2888 0
611 603 2244 0
611 604 2248 0
612 600 614 0
612 614 2249 0
613 614 2890 0
614 572 2890 0
614 600 615 0
614 613 2249 0
615 606 616 0
616 606 2891 0
617 472 619 0
617 591 627 0
618 480 620 0
618 617 619 0
618 619 622 0
619 475 622 0
620 565 621 0
623 625 2360 0
623 2352 2354 0
623 2354 2356 0
623 2356 2357 0
624 2663 2664 0
624 2664 2665 0
625 623 2357 0
625 626 2362 0
625 2299 2360 0
625 2357 2358 0
626 608 2362 0
626 625 2358 0
627 591 2671 0
628 167 634 0
629 628 630 0
630 628 633 0
631 630 632 0
632 630 633 0
633 628 634 0
636 467 2678 0
636 637 468 0
636 638 469 0
637 636 2678 0
638 636 468 0
639 642 643 0
639 643 644 0
639 644 2885 0
639 2885 2887 0
641 2881 2882 0
641 2882 2887 0
642 454 643 0
642 639 2882 0
643 456 644 0
644 640 2885 0
644 2883 640 0
645 396 660 0
645 444 647 0
645 647 651 0
645 651 652 0
646 657 658 0
647 444 648 0
647 648 650 0
647 650 658 0
648 440 2880 0
649 646 650 0
649 650 2880 0
650 646 658 0
650 648 2880 0
651 647 658 0
652 651 654 0
653 652 654 0
653 654 656 0
654 655 656 0
654 657 397 0
655 424 656 0
655 654 397 0
657 651 658 0
657 654 651 0
659 438 660 0
661 369 702 0
664 315 666 0
664 666 667 0
665 666 668 0
665 668 683 0
665 683 686 0
665 686 743 0
666 315 668 0
666 665 667 0
667 665 743 0
668 315 670 0
668 670 673 0
668 673 682 0
668 682 683 0
669 670 703 0
669 698 699 0
669 699 700 0
670 315 703 0
670 669 672 0
670 672 673 0
671 672 679 0
671 679 696 0
672 669 679 0
672 671 673 0
673 671 676 0
673 676 682 0
674 688 2856 0
675 676 742 0
675 687 690 0
675 693 741 0
675 741 2856 0
676 671 692 0
676 675 690 0
676 692 742 0
677 679 680 0
677 680 2863 0
677 2859 2865 0
678 2871 2872 0
679 669 680 0
679 677 696 0
680 669 700 0
680 700 2867 0
680 2861 2863 0
681 682 690 0
682 676 690 0
682 681 683 0
683 681 684 0
683 684 686 0
684 349 686 0
684 681 685 0
684 685 2912 0
685 21 2912 0
685 681 687 0
685 687 688 0
685 689 21 0
686 349 743 0
687 675 2856 0
687 681 690 0
688 687 2856 0
689 685 688 0
689 688 674 0
691 694 697 0
691 697 709 0
692 671 696 0
692 694 742 0
692 696 697 0
693 675 742 0
693 694 705 0
693 705 706 0
693 706 741 0
694 691 705 0
694 692 697 0
694 693 742 0
695 696 2865 0
696 677 2865 0
696 695 697 0
697 695 709 0
698 369 699 0
698 669 703 0
698 701 702 0
699 375 700 0
700 375 2867 0
701 371 702 0
701 698 703 0
704 705 708 0
704 707 717 0
704 717 722 0
704 722 723 0
704 723 724 0
705 691 708 0
705 704 724 0
706 20 2858 0
706 705 724 0
707 704 708 0
707 708 740 0
707 714 717 0
708 691 709 0
708 709 740 0
709 695 730 0
709 730 731 0
709 731 740 0
710 726 733 0
710 733 738 0
710 738 2847 0
710 2836 2837 0
711 714 740 0
711 731 733 0
712 716 2879 0
712 819 821 0
712 821 822 0
712 2838 2840 0
713 714 726 0
713 726 2837 0
713 2836 2839 0
713 2839 2879 0
714 707 740 0
714 711 726 0
714 713 716 0
714 716 717 0
715 716 720 0
715 720 721 0
715 721 722 0
716 712 720 0
716 713 2879 0
716 715 717 0
717 715 722 0
718 721 2874 0
718 2874 2877 0
719 720 822 0
719 822 2855 0
719 2855 2876 0
720 712 822 0
720 719 721 0
721 718 722 0
721 719 2874 0
722 718 723 0
723 718 2877 0
724 725 20 0
725 723 19 0
725 724 723 0
726 710 2837 0
726 711 733 0
727 732 2860 0
727 739 2872 0
727 2872 2873 0
728 736 2873 0
729 730 2865 0
729 2859 2860 0
730 695 2865 0
730 729 731 0
731 711 740 0
731 729 732 0
731 732 733 0
732 727 733 0
732 729 2860 0
733 727 735 0
733 735 738 0
734 106 2850 0
734 735 736 0
734 737 106 0
735 727 2873 0
735 734 738 0
736 735 2873 0
737 734 736 0
737 736 728 0
738 734 2846 0
738 2846 2847 0
739 727 2860 0
739 2860 2864 0
739 2864 2870 0
739 2870 2872 0
741 706 2858 0
744 305 747 0
744 306 1174 0
744 747 748 0
745 749 760 0
746 747 763 0
747 305 763 0
747 746 748 0
748 746 749 0
748 749 753 0
748 753 771 0
749 745 753 0
749 746 760 0
750 953 973 0
750 969 971 0
750 971 1113 0
751 752 756 0
751 756 1110 0
751 1110 1112 0
752 751 1105 0
752 753 756 0
752 1105 1108 0
753 745 755 0
753 752 771 0
753 755 756 0
754 755 758 0
754 758 1116 0
754 955 1111 0
755 745 758 0
755 754 756 0
756 754 1111 0
757 758 1122 0
757 944 1116 0
758 745 759 0
758 757 1116 0
758 759 1122 0
759 745 760 0
759 760 761 0
759 761 907 0
759 907 1120 0
759 1120 1122 0
760 746 762 0
761 304 907 0
761 760 762 0
762 746 763 0
762 763 768 0
762 768 1170 0
763 305 769 0
764 834 863 0
764 860 861 0
765 2802 2803 0
765 2803 2843 0
766 773 1172 0
766 783 1171 0
766 784 841 0
767 769 778 0
767 773 1173 0
768 763 769 0
768 769 1173 0
768 1169 1170 0
769 305 770 0
769 767 1173 0
769 770 778 0
770 305 1174 0
770 307 776 0
770 776 777 0
770 777 778 0
771 752 1108 0
772 773 841 0
772 840 1169 0
772 1169 1173 0
773 766 841 0
773 767 778 0
773 772 1173 0
773 774 1172 0
774 773 778 0
774 777 829 0
774 829 1172 0
775 776 833 0
775 828 829 0
776 129 833 0
776 775 777 0
777 774 778 0
777 775 829 0
779 782 825 0
779 825 826 0
780 782 783 0
780 783 1172 0
781 782 786 0
781 786 787 0
781 787 863 0
781 834 1171 0
782 779 786 0
782 780 825 0
782 781 1171 0
783 766 1172 0
783 782 1171 0
784 766 1171 0
784 834 836 0
784 836 837 0
784 837 841 0
785 786 793 0
785 793 815 0
786 779 792 0
786 785 787 0
786 792 793 0
787 785 790 0
787 790 860 0
787 860 863 0
788 818 823 0
788 823 2815 0
788 2815 2816 0
789 790 796 0
789 796 809 0
789 809 818 0
789 818 862 0
790 785 796 0
790 789 860 0
791 792 802 0
792 779 826 0
792 791 793 0
793 791 795 0
793 795 815 0
794 795 797 0
794 796 815 0
794 797 812 0
795 791 799 0
795 794 815 0
796 785 815 0
796 794 807 0
796 807 809 0
797 17 812 0
797 795 799 0
797 798 17 0
798 797 799 0
798 799 800 0
799 791 800 0
800 791 802 0
800 801 798 0
801 800 16 0
802 792 826 0
802 804 16 0
803 804 805 0
804 802 805 0
805 802 826 0
805 824 827 0
805 830 803 0
806 807 813 0
806 813 814 0
806 814 2855 0
807 794 811 0
807 806 808 0
807 808 809 0
807 811 813 0
808 806 820 0
808 820 823 0
809 808 818 0
810 811 812 0
811 794 812 0
811 810 816 0
813 811 816 0
814 813 816 0
814 817 2875 0
814 2875 2876 0
817 18 2875 0
817 814 816 0
817 816 810 0
818 788 862 0
818 808 823 0
819 712 2840 0
819 820 821 0
820 806 2855 0
820 819 823 0
821 820 2855 0
822 821 2855 0
823 819 2815 0
824 805 826 0
824 825 829 0
825 780 829 0
825 824 826 0
827 824 828 0
827 828 831 0
828 775 831 0
828 824 829 0
829 780 1172 0
830 805 827 0
830 827 15 0
831 775 833 0
831 832 15 0
832 831 14 0
834 764 836 0
834 781 863 0
834 784 1171 0
835 836 864 0
836 764 856 0
836 835 837 0
836 856 864 0
837 835 839 0
837 839 840 0
837 840 841 0
838 839 845 0
838 845 849 0
838 849 850 0
838 850 1169 0
839 835 844 0
839 838 840 0
839 844 845 0
840 772 841 0
840 838 1169 0
842 844 903 0
843 890 902 0
844 835 854 0
844 842 845 0
844 854 903 0
845 842 851 0
846 866 870 0
846 870 876 0
846 876 910 0
846 908 2801 0
846 910 911 0
847 851 852 0
847 852 866 0
847 866 2801 0
848 849 1168 0
849 845 851 0
849 848 850 0
849 851 1168 0
850 304 1170 0
850 848 904 0
851 842 852 0
851 847 1168 0
852 842 865 0
852 865 901 0
853 854 855 0
853 855 894 0
853 865 903 0
853 894 895 0
853 895 896 0
854 835 864 0
854 853 903 0
855 854 864 0
855 856 858 0
855 858 897 0
856 764 858 0
856 855 864 0
857 858 861 0
857 861 2813 0
857 2813 2817 0
858 764 861 0
858 857 897 0
859 860 862 0
859 862 2812 0
859 2812 2813 0
860 764 863 0
860 789 862 0
860 859 861 0
861 859 2813 0
862 788 2812 0
865 842 903 0
865 853 896 0
865 896 898 0
865 898 901 0
866 846 2801 0
866 852 872 0
867 871 872 0
867 872 901 0
867 901 902 0
868 869 871 0
869 870 871 0
869 879 878 0
870 866 871 0
870 869 876 0
871 866 872 0
871 890 868 0
872 852 901 0
875 876 889 0
875 889 1040 0
875 1040 1041 0
876 869 878 0
876 875 909 0
876 877 889 0
876 909 910 0
877 876 878 0
877 882 888 0
877 888 889 0
878 879 107 0
879 869 868 0
880 883 1042 0
881 880 888 0
882 877 107 0
882 881 888 0
883 874 885 0
883 880 881 0
883 885 1042 0
884 885 886 0
884 886 1134 0
884 919 1040 0
884 1040 1042 0
885 874 886 0
885 884 1042 0
886 887 1136 0
886 1133 1134 0
886 2854 887 0
887 1135 1136 0
888 880 1040 0
889 888 1040 0
890 867 902 0
890 871 867 0
891 899 900 0
891 900 2845 0
892 895 2804 0
892 2804 2845 0
893 894 897 0
893 897 2808 0
893 2808 2809 0
894 855 897 0
894 893 2804 0
895 892 896 0
895 894 2804 0
896 892 898 0
897 857 2808 0
898 892 900 0
898 899 902 0
899 843 902 0
899 898 900 0
900 892 2845 0
901 898 902 0
904 848 906 0
904 906 907 0
905 906 908 0
905 908 911 0
905 911 915 0
905 915 916 0
906 848 1168 0
906 905 907 0
907 905 916 0
907 916 1120 0
908 846 911 0
908 906 1168 0
908 1168 2801 0
909 875 914 0
909 914 917 0
910 909 911 0
911 909 915 0
912 915 917 0
912 917 918 0
912 918 929 0
912 929 1121 0
913 914 1041 0
914 875 1041 0
914 913 917 0
915 909 917 0
915 912 916 0
916 912 1120 0
917 913 918 0
918 913 919 0
918 919 923 0
918 923 927 0
918 927 929 0
919 884 922 0
919 913 1041 0
919 922 923 0
920 924 1131 0
920 939 1039 0
920 1131 1132 0
921 922 1134 0
922 884 1134 0
922 921 923 0
923 921 924 0
923 924 927 0
924 920 926 0
924 921 1131 0
924 926 927 0
925 926 933 0
925 933 943 0
925 943 1118 0
926 920 1039 0
926 925 927 0
927 925 928 0
927 928 929 0
928 925 1118 0
928 1117 1119 0
928 1119 1121 0
929 928 1121 0
930 1003 1020 0
931 934 935 0
931 935 2796 0
932 933 1039 0
933 926 1039 0
933 932 934 0
933 934 942 0
933 942 943 0
934 931 946 0
934 932 935 0
934 946 947 0
935 932 937 0
935 937 2796 0
936 937 940 0
936 940 1125 0
936 1125 1127 0
936 1126 2793 0
937 932 939 0
937 936 2788 0
937 939 940 0
937 2788 2796 0
938 939 1132 0
939 920 1132 0
939 932 1039 0
939 938 940 0
940 938 1125 0
941 942 948 0
941 948 954 0
941 954 955 0
942 934 947 0
942 941 943 0
942 947 948 0
943 941 944 0
943 944 1117 0
943 1117 1118 0
944 757 1117 0
944 941 955 0
944 955 1116 0
945 946 1038 0
946 931 1072 0
946 945 947 0
946 1072 1073 0
947 945 948 0
948 945 950 0
948 950 954 0
949 950 957 0
949 957 958 0
949 958 973 0
949 973 1115 0
950 945 957 0
950 949 952 0
950 952 954 0
951 952 953 0
951 953 1110 0
951 1110 1111 0
952 949 1115 0
952 951 954 0
953 750 1109 0
953 952 1115 0
953 1109 1110 0
954 951 955 0
955 754 1116 0
955 951 1111 0
956 957 1001 0
956 1001 1002 0
957 945 1038 0
957 956 958 0
958 956 961 0
958 961 963 0
958 962 973 0
959 987 995 0
959 995 996 0
959 996 1067 0
960 961 1075 0
961 956 999 0
961 960 963 0
961 999 1075 0
962 958 963 0
962 963 966 0
962 966 972 0
962 972 973 0
963 960 965 0
963 965 966 0
964 965 995 0
965 960 996 0
965 964 966 0
966 964 968 0
966 968 969 0
966 969 972 0
967 968 977 0
967 970 971 0
967 977 978 0
967 978 1094 0
967 1092 1095 0
968 964 976 0
968 967 969 0
968 976 977 0
969 750 972 0
969 967 971 0
970 967 1095 0
970 1095 1098 0
970 1098 1099 0
970 1099 1113 0
971 970 1113 0
972 750 973 0
973 953 1115 0
974 975 1090 0
974 976 981 0
974 981 982 0
974 982 985 0
975 974 985 0
975 978 1090 0
976 964 980 0
976 974 1090 0
976 980 981 0
977 976 1090 0
978 977 1090 0
979 980 987 0
979 983 984 0
979 987 990 0
979 990 1088 0
980 964 995 0
980 979 981 0
981 979 982 0
982 979 984 0
982 986 985 0
983 979 1088 0
984 1089 7 0
985 986 975 0
986 982 7 0
987 959 989 0
987 980 995 0
987 989 990 0
988 989 993 0
988 993 994 0
988 994 1081 0
989 959 992 0
989 988 990 0
989 992 993 0
990 988 1077 0
990 1077 1088 0
991 992 1066 0
991 1062 1063 0
991 1063 1064 0
992 959 1067 0
992 991 993 0
993 991 994 0
994 337 1083 0
994 991 1064 0
994 1083 1084 0
995 965 996 0
996 960 1000 0
996 1000 1067 0
997 1007 1068 0
997 1065 1069 0
997 1069 1074 0
998 999 1002 0
998 1002 1006 0
998 1006 1074 0
998 1074 1075 0
999 956 1002 0
999 998 1075 0
1000 960 1075 0
1001 957 1038 0
1001 1038 1073 0
1002 1001 1003 0
1002 1003 1005 0
1002 1005 1006 0
1003 930 1005 0
1003 1001 1020 0
1004 1005 1011 0
1004 1011 1012 0
1004 1012 1036 0
1005 930 1011 0
1005 1004 1006 0
1006 1004 1007 0
1006 1007 1074 0
1007 997 1074 0
1007 1004 1009 0
1007 1009 1068 0
1008 1037 1049 0
1008 1049 1054 0
1008 1054 1056 0
1008 1056 1071 0
1009 1004 1036 0
1009 1036 1037 0
1009 1037 1070 0
1010 1011 1017 0
1010 1017 1018 0
1010 1018 1025 0
1011 930 1017 0
1011 1010 1012 0
1012 1010 1015 0
1012 1015 1036 0
1013 1026 1028 0
1013 1027 1047 0
1013 1047 1049 0
1013 1049 1055 0
1014 1029 1044 0
1014 1044 1148 0
1015 1010 1025 0
1015 1025 1026 0
1015 1026 1035 0
1015 1035 1055 0
1016 1017 2791 0
1016 2789 2792 0
1017 930 1020 0
1017 1016 1018 0
1017 1020 2791 0
1018 1016 1032 0
1019 1020 1073 0
1019 1072 2790 0
1019 2790 2791 0
1020 1001 1073 0
1020 1019 2791 0
1021 1033 2797 0
1021 1143 1146 0
1021 1146 1147 0
1022 1031 1032 0
1022 1032 2792 0
1022 2792 2797 0
1023 1025 1031 0
1023 1031 1043 0
1025 1018 1032 0
1025 1023 1026 0
1026 1013 1035 0
1026 1023 1028 0
1027 1013 1028 0
1027 1028 1045 0
1027 1048 1047 0
1028 1023 1030 0
1028 1030 1045 0
1029 1030 1044 0
1030 1023 1043 0
1030 1043 1044 0
1031 1022 1033 0
1031 1025 1032 0
1031 1033 1043 0
1032 1016 2792 0
1033 1021 1147 0
1033 1022 2797 0
1033 1034 1043 0
1034 1033 1147 0
1034 1147 1148 0
1035 1013 1055 0
1036 1015 1055 0
1037 1008 1070 0
1037 1036 1055 0
1038 946 1073 0
1040 880 1042 0
1040 919 1041 0
1043 1034 1044 0
1044 1034 1148 0
1045 1046 1024 0
1045 1048 1027 0
1046 1030 1029 0
1046 1045 1030 0
1047 105 1052 0
1047 1048 105 0
1048 1045 1024 0
1049 1037 1055 0
1049 1047 1052 0
1049 1052 1054 0
1050 1053 1059 0
1051 1050 1052 0
1052 1050 1054 0
1053 341 1059 0
1053 1050 1051 0
1054 1050 1056 0
1056 1050 1059 0
1056 1057 1061 0
1056 1061 1071 0
1057 344 1058 0
1057 1056 1059 0
1057 1058 1061 0
1058 121 1061 0
1060 1061 1062 0
1060 1062 1065 0
1060 1065 1068 0
1060 1068 1070 0
1060 1070 1071 0
1061 121 1063 0
1061 1060 1071 0
1062 991 1066 0
1062 1061 1063 0
1063 338 1064 0
1065 997 1068 0
1065 1062 1066 0
1065 1066 1069 0
1066 992 1067 0
1066 1067 1069 0
1067 1000 1069 0
1068 1009 1070 0
1069 1000 1074 0
1070 1008 1071 0
1072 931 2790 0
1072 1019 1073 0
1074 1000 1075 0
1076 1077 1081 0
1076 1081 1084 0
1076 1082 2800 0
1077 988 1081 0
1077 1076 1079 0
1077 1078 1088 0
1078 983 1088 0
1078 1077 1079 0
1078 1089 983 0
1079 1076 2800 0
1079 1080 6 0
1080 1079 5 0
1081 994 1084 0
1082 1076 1084 0
1082 1083 1085 0
1082 1085 2799 0
1082 2799 2800 0
1083 123 1085 0
1083 1082 1084 0
1085 124 2799 0
1086 5 2800 0
1087 1086 2799 0
1089 984 983 0
1089 1078 6 0
1091 1100 2798 0
1092 967 1094 0
1092 1093 2798 0
1093 1091 2798 0
1093 1092 1094 0
1094 1114 8 0
1095 1092 1097 0
1095 1097 1098 0
1096 1097 1100 0
1096 1100 1102 0
1096 1102 1107 0
1097 1092 2798 0
1097 1096 1098 0
1098 1096 1106 0
1099 1098 1106 0
1099 1105 1112 0
1099 1109 1113 0
1100 9 1102 0
1100 1097 2798 0
1100 1101 9 0
1101 1100 1091 0
1102 309 1107 0
1102 1103 1104 0
1103 10 1104 0
1103 1102 9 0
1105 751 1112 0
1105 1099 1106 0
1105 1106 1107 0
1105 1107 1108 0
1106 1096 1107 0
1107 309 1108 0
1109 750 1113 0
1109 1099 1112 0
1110 756 1111 0
1110 1109 1112 0
1114 978 975 0
1114 1094 978 0
1117 757 1119 0
1117 928 1118 0
1119 757 1122 0
1119 1120 1121 0
1120 912 1121 0
1120 1119 1122 0
1123 1125 1138 0
1123 1138 1165 0
1125 938 1130 0
1125 1123 1127 0
1125 1130 1138 0
1126 936 1127 0
1126 1127 1128 0
1126 1128 1140 0
1126 1140 1142 0
1126 1142 2795 0
1126 2787 2793 0
1127 1123 1128 0
1128 1123 1164 0
1128 1164 1167 0
1129 1130 1131 0
1129 1131 1133 0
1129 1133 1136 0
1129 1136 1137 0
1129 1137 1138 0
1130 938 1132 0
1130 1129 1138 0
1131 921 1134 0
1131 1130 1132 0
1133 886 1136 0
1133 1131 1134 0
1135 873 1137 0
1136 1135 1137 0
1137 873 1165 0
1138 1137 1165 0
1139 1140 1158 0
1140 1128 1158 0
1140 1139 1142 0
1141 1142 1143 0
1141 1143 2797 0
1141 2794 2795 0
1142 1139 1143 0
1142 1141 2795 0
1143 1021 2797 0
1143 1139 1150 0
1144 1149 1157 0
1144 1156 2786 0
1145 1146 1150 0
1145 1150 1155 0
1145 1155 1156 0
1145 1156 1157 0
1145 1157 1163 0
1146 1143 1150 0
1146 1145 1163 0
1147 1146 1163 0
1148 1147 1163 0
1148 1149 1014 0
1149 1148 1157 0
1150 1139 1154 0
1150 1154 1155 0
1151 2783 2784 0
1152 1153 2781 0
1152 2781 2784 0
1152 2784 2786 0
1153 1152 1155 0
1153 1154 1158 0
1153 1158 1159 0
1153 2782 2781 0
1154 1139 1158 0
1154 1153 1155 0
1155 1152 1156 0
1156 1144 1157 0
1156 1152 2786 0
1157 1148 1163 0
1158 1128 1167 0
1159 1158 1161 0
1159 1162 1124 0
1160 1161 1167 0
1161 1158 1167 0
1162 1159 1161 0
1162 1161 1160 0
1164 1123 1165 0
1164 1160 1167 0
1164 1166 1160 0
1166 1164 1165 0
1166 1165 873 0
1168 847 2801 0
1169 768 1173 0
1169 850 1170 0
1175 1176 1179 0
1175 1177 1178 0
1175 1179 1180 0
1175 1180 2278 0
1175 2278 2280 0
1176 302 1179 0
1176 1175 1178 0
1177 297 1178 0
1177 1175 2280 0
1177 2280 2290 0
1179 301 1180 0
1179 302 2507 0
1180 300 2278 0
1180 301 2506 0
1181 1182 2494 0
1181 1188 1189 0
1181 2491 2496 0
1182 1181 1189 0
1182 1183 2506 0
1183 1180 2506 0
1183 1182 1189 0
1184 1185 1188 0
1184 1188 1192 0
1184 1192 1194 0
1184 1194 2368 0
1185 1183 1189 0
1185 1184 1187 0
1185 1187 2695 0
1186 1187 2365 0
1186 2266 2277 0
1186 2365 2366 0
1187 1184 2368 0
1187 1186 2274 0
1187 2274 2695 0
1188 1181 1195 0
1188 1185 1189 0
1190 2191 2505 0
1190 2497 2498 0
1191 1192 1195 0
1191 1195 2504 0
1191 2504 2505 0
1192 1188 1195 0
1192 1191 2190 0
1193 2188 2196 0
1193 2196 2200 0
1193 2200 2370 0
1194 1192 2190 0
1194 2189 2370 0
1194 2367 2368 0
1195 1181 2496 0
1195 2496 2504 0
1196 2492 2500 0
1196 2497 2504 0
1197 1204 1218 0
1197 1205 1227 0
1197 1227 2490 0
1197 2488 2489 0
1198 1199 1208 0
1198 1208 1212 0
1198 1212 1218 0
1199 286 1207 0
1199 1198 1203 0
1199 1207 1208 0
1200 301 2507 0
1200 1199 1203 0
1201 1202 1203 0
1201 1203 1204 0
1201 1204 2489 0
1201 2489 2494 0
1201 2494 2495 0
1202 1200 1203 0
1202 1201 2495 0
1203 1198 1218 0
1204 1197 2489 0
1204 1203 1218 0
1205 1197 1218 0
1205 1212 1224 0
1205 1224 1226 0
1205 1226 1227 0
1206 1207 1210 0
1206 1210 1217 0
1207 286 1210 0
1207 1206 1208 0
1208 1206 1209 0
1208 1209 1212 0
1209 284 1223 0
1209 1206 1211 0
1209 1223 1224 0
1210 288 1217 0
1211 1206 1217 0
1212 1205 1218 0
1212 1209 1224 0
1213 285 1272 0
1213 1211 1214 0
1213 1214 1216 0
1214 1211 1217 0
1214 1215 1216 0
1215 43 1216 0
1215 1214 42 0
1219 1248 1249 0
1219 1249 1293 0
1219 1293 1741 0
1220 1270 1285 0
1220 1285 2460 0
1221 1231 1279 0
1221 1277 1280 0
1222 1223 1269 0
1222 1269 1276 0
1222 1276 1277 0
1222 1277 1278 0
1223 284 1268 0
1223 1222 1224 0
1223 1268 1269 0
1224 1222 1278 0
1225 1226 1278 0
1225 1278 1279 0
1226 1224 1278 0
1226 1225 1227 0
1227 1225 1230 0
1227 1230 2490 0
1228 1232 1241 0
1228 1241 1253 0
1228 1253 1256 0
1228 1256 1258 0
1228 1258 1264 0
1229 1230 1231 0
1229 1231 1233 0
1229 1232 1264 0
1229 1258 2490 0
1230 1225 1231 0
1230 1229 2490 0
1231 1221 1233 0
1231 1225 1279 0
1232 1228 1264 0
1232 1229 1233 0
1232 1233 1236 0
1232 1236 1240 0
1232 1240 1241 0
1233 1221 1235 0
1233 1235 1236 0
1234 1235 1282 0
1234 1243 1244 0
1234 1249 1250 0
1235 1221 1280 0
1235 1234 1236 0
1235 1280 1282 0
1236 1234 1244 0
1237 1725 1978 0
1237 1978 1989 0
1237 1985 1986 0
1238 1242 1243 0
1238 1243 1246 0
1238 1246 1247 0
1238 1247 1987 0
1239 1240 1242 0
1239 1242 1984 0
1239 1265 1266 0
1240 1236 1244 0
1240 1239 1241 0
1241 1239 1266 0
1242 1238 1984 0
1242 1240 1244 0
1243 1234 1250 0
1243 1242 1244 0
1245 1246 1248 0
1245 1248 1730 0
1246 1243 1248 0
1246 1245 1247 0
1247 1245 1727 0
1247 1726 1728 0
1247 1728 1986 0
1247 1986 1987 0
1248 1219 1732 0
1248 1243 1250 0
1249 1234 1282 0
1249 1248 1250 0
1249 1281 1304 0
1251 1261 2487 0
1251 1262 2380 0
1252 1253 1266 0
1252 1265 2411 0
1252 2411 2487 0
1253 1241 1266 0
1253 1252 1255 0
1253 1255 1256 0
1254 1255 2503 0
1254 1257 1263 0
1254 2499 2500 0
1255 1252 1260 0
1255 1254 1256 0
1255 1260 2503 0
1256 1254 1263 0
1257 1254 2500 0
1257 2492 2493 0
1258 1229 1264 0
1258 1256 1263 0
1258 1263 2488 0
1258 2488 2490 0
1259 1260 1261 0
1259 1261 2372 0
1259 2372 2502 0
1259 2499 2503 0
1260 1252 2487 0
1260 1259 2503 0
1261 1251 2372 0
1261 1260 2487 0
1262 1251 2487 0
1262 2009 2380 0
1263 1257 2488 0
1265 1239 1982 0
1265 1252 1266 0
1265 1982 1983 0
1265 1983 2411 0
1267 1268 1271 0
1267 1271 1273 0
1267 1273 1286 0
1268 284 1272 0
1268 1267 1269 0
1269 1267 1270 0
1269 1270 1276 0
1270 1220 1283 0
1270 1267 1286 0
1271 137 1273 0
1271 1268 1272 0
1271 1272 1274 0
1272 285 1274 0
1273 137 1287 0
1275 1276 1283 0
1275 1283 1301 0
1275 1301 1302 0
1276 1270 1283 0
1276 1275 1277 0
1277 1221 1279 0
1277 1275 1280 0
1278 1277 1279 0
1280 1275 1302 0
1281 1249 1282 0
1281 1282 1302 0
1281 1300 1304 0
1282 1280 1302 0
1283 1220 1301 0
1284 1285 1288 0
1284 1288 2464 0
1284 2464 2465 0
1285 1270 1286 0
1285 1284 1290 0
1285 1286 1288 0
1285 1290 2460 0
1286 1273 1287 0
1286 1287 1288 0
1287 281 2464 0
1288 1287 2464 0
1289 1290 1319 0
1289 1298 1299 0
1289 1299 2460 0
1290 1284 1291 0
1290 1289 2460 0
1290 1291 1319 0
1291 1284 2465 0
1291 1312 1319 0
1291 2465 2466 0
1292 1293 1300 0
1293 1249 1304 0
1293 1292 1295 0
1293 1295 1741 0
1294 1295 1297 0
1294 1296 2456 0
1294 1733 1741 0
1294 2453 2454 0
1295 1292 1297 0
1295 1294 1741 0
1296 1294 1297 0
1296 1297 1298 0
1296 1298 1307 0
1296 1307 2456 0
1297 1292 1298 0
1298 1289 1306 0
1298 1292 1299 0
1298 1306 1307 0
1299 1292 1300 0
1299 1300 1303 0
1299 1303 2460 0
1300 1281 1301 0
1300 1293 1304 0
1300 1301 1303 0
1301 1220 1303 0
1301 1281 1302 0
1303 1220 2460 0
1305 1306 1312 0
1305 1312 2471 0
1306 1289 1319 0
1306 1305 1307 0
1307 1305 1311 0
1307 1310 2456 0
1308 1321 1324 0
1308 1324 1352 0
1308 1340 1341 0
1308 1341 1344 0
1308 1344 2457 0
1309 1310 1316 0
1309 1316 1318 0
1309 1317 2459 0
1309 1321 2458 0
1309 2449 2455 0
1310 1307 1311 0
1310 1309 2455 0
1310 1311 1316 0
1310 2455 2456 0
1311 1305 1315 0
1311 1315 1316 0
1312 1291 2466 0
1312 1306 1319 0
1312 2466 2472 0
1313 2470 2475 0
1313 2473 2478 0
1313 2478 2480 0
1313 2480 2484 0
1314 1315 2471 0
1314 2471 2484 0
1314 2484 2485 0
1315 1305 2471 0
1315 1314 1318 0
1316 1315 1318 0
1317 1309 1318 0
1317 1318 2485 0
1318 1314 2485 0
1320 2480 2481 0
1320 2481 2482 0
1320 2482 2483 0
1320 2483 2485 0
1321 1308 2457 0
1321 1309 2459 0
1321 2457 2458 0
1322 1325 1397 0
1322 1395 1416 0
1323 1324 1330 0
1323 1330 2483 0
1323 2483 2486 0
1324 1321 1330 0
1324 1323 1325 0
1324 1325 1329 0
1324 1329 1352 0
1325 1322 1328 0
1325 1323 1397 0
1325 1328 1329 0
1326 1327 1334 0
1326 1334 1337 0
1326 1337 1340 0
1326 1340 1352 0
1327 1326 1329 0
1327 1328 1416 0
1328 1322 1416 0
1328 1327 1329 0
1329 1326 1352 0
1330 1321 2459 0
1330 2459 2483 0
1331 1558 1567 0
1331 1567 1573 0
1332 1359 1371 0
1332 1371 1372 0
1332 1372 2439 0
1332 2423 2780 0
1333 1334 1355 0
1333 1355 1360 0
1333 1360 2780 0
1334 1327 1354 0
1334 1333 1336 0
1334 1336 1337 0
1334 1354 1355 0
1335 1336 1350 0
1335 1350 1351 0
1336 1333 1350 0
1336 1335 1337 0
1337 1335 1339 0
1337 1339 1340 0
1338 1339 2416 0
1339 1335 1348 0
1339 1338 1341 0
1339 1348 2416 0
1340 1308 1352 0
1340 1339 1341 0
1341 1338 1345 0
1342 1675 1739 0
1342 1736 2452 0
1342 2450 2656 0
1343 1344 1345 0
1343 1345 1676 0
1343 1675 2656 0
1344 1341 1345 0
1344 1343 2450 0
1344 2449 2458 0
1345 1338 1346 0
1345 1346 1676 0
1346 1338 2416 0
1346 1669 1674 0
1346 1674 1676 0
1347 1348 2426 0
1347 1667 1671 0
1347 1670 2416 0
1348 1335 1351 0
1348 1347 2416 0
1348 1351 2426 0
1349 1350 2428 0
1349 2419 2426 0
1350 1333 2780 0
1350 1349 1351 0
1351 1349 2426 0
1353 1354 1422 0
1354 1327 1358 0
1354 1353 1355 0
1354 1358 1422 0
1355 1353 1357 0
1355 1357 1360 0
1356 1357 1363 0
1356 1363 1366 0
1356 1366 1369 0
1356 1369 1370 0
1357 1353 1364 0
1357 1356 1359 0
1357 1359 1360 0
1358 1327 1416 0
1358 1390 1418 0
1358 1418 1422 0
1359 1332 2780 0
1359 1356 1370 0
1359 1370 1371 0
1360 1359 2780 0
1361 1373 1374 0
1361 1374 1389 0
1362 1363 1364 0
1362 1364 1418 0
1363 1357 1364 0
1363 1362 1374 0
1364 1353 1418 0
1365 1366 1373 0
1365 1373 1377 0
1365 1377 1430 0
1365 1430 2448 0
1366 1363 1374 0
1366 1365 2448 0
1366 1368 1369 0
1367 1368 1463 0
1367 1461 1465 0
1367 1465 1466 0
1367 1466 2447 0
1368 1366 2448 0
1368 1367 2447 0
1369 1368 2447 0
1370 1369 2447 0
1371 1370 1372 0
1372 1370 2447 0
1372 1466 1563 0
1372 1563 2438 0
1372 1565 2439 0
1373 1361 1382 0
1373 1366 1374 0
1374 1362 1389 0
1375 1376 1385 0
1375 1384 2526 0
1376 1375 1378 0
1376 1377 1382 0
1376 1382 1383 0
1376 1383 1385 0
1377 1373 1382 0
1377 1376 1378 0
1377 1378 1430 0
1378 1375 1381 0
1378 1381 1432 0
1379 1380 2910 0
1379 1439 1441 0
1380 1379 1433 0
1380 1381 2524 0
1380 2524 2910 0
1381 1375 2524 0
1381 1380 1432 0
1382 1361 1383 0
1383 1361 1387 0
1383 1387 1388 0
1383 1388 1423 0
1384 1375 1385 0
1384 1385 1423 0
1384 1423 1424 0
1384 1424 1427 0
1384 1427 2526 0
1385 1383 1423 0
1386 1387 1389 0
1386 1389 1390 0
1386 1390 1391 0
1386 1391 1417 0
1387 1361 1389 0
1387 1386 1388 0
1388 266 1423 0
1388 1386 1417 0
1389 1362 1418 0
1390 1358 1393 0
1390 1389 1418 0
1390 1393 1394 0
1391 270 1417 0
1391 1390 1394 0
1392 1393 1395 0
1392 1395 1398 0
1392 1398 1401 0
1392 1401 1402 0
1393 1358 1416 0
1393 1392 1394 0
1394 1392 1402 0
1395 1322 1397 0
1395 1393 1416 0
1395 1397 1398 0
1396 1397 2486 0
1397 1323 2486 0
1397 1396 1398 0
1398 1396 1400 0
1398 1400 1401 0
1399 1400 1409 0
1400 1396 1410 0
1400 1399 1401 0
1401 1399 1402 0
1402 1399 1403 0
1402 1403 1405 0
1403 57 1404 0
1403 1399 1408 0
1403 1404 1405 0
1404 57 1413 0
1404 67 1415 0
1405 1404 1415 0
1405 1415 1419 0
1406 1407 1408 0
1406 1408 1409 0
1406 1409 1410 0
1406 1410 1412 0
1406 1421 1407 0
1407 57 1408 0
1408 1399 1409 0
1409 1400 1410 0
1410 1396 2482 0
1411 56 1412 0
1411 1412 2481 0
1411 2478 2479 0
1412 1410 2481 0
1414 268 1420 0
1415 1414 1419 0
1418 1353 1422 0
1419 1414 1420 0
1421 1406 56 0
1423 266 1425 0
1424 259 2655 0
1424 1423 1425 0
1424 1425 2779 0
1425 267 2779 0
1426 1427 2655 0
1427 1424 2655 0
1427 1426 2526 0
1428 1431 1434 0
1428 1434 1436 0
1428 1436 1438 0
1428 1437 1459 0
1428 1459 1460 0
1429 1430 1431 0
1429 1431 1460 0
1429 1460 1463 0
1429 1463 2448 0
1430 1378 1432 0
1430 1429 2448 0
1431 1428 1460 0
1431 1430 1432 0
1431 1432 1434 0
1432 1380 1433 0
1432 1433 1434 0
1433 1379 1441 0
1434 1433 1436 0
1435 1438 1440 0
1435 1440 1442 0
1435 1442 1447 0
1435 1447 1449 0
1436 1433 1441 0
1437 1428 1438 0
1437 1438 1448 0
1437 1448 1458 0
1437 1457 1459 0
1438 1435 1448 0
1438 1436 1440 0
1439 1379 2538 0
1439 1440 1441 0
1439 2538 2539 0
1440 1436 1441 0
1440 1439 1442 0
1442 252 1446 0
1442 1439 2539 0
1442 1446 1447 0
1443 1452 1454 0
1443 1454 1519 0
1443 1485 1486 0
1444 1447 1526 0
1444 1453 1454 0
1445 1446 2557 0
1445 1525 1526 0
1445 2557 2558 0
1446 252 2557 0
1446 1445 1447 0
1447 1444 1449 0
1447 1445 1526 0
1448 1435 1449 0
1448 1449 1451 0
1448 1451 1458 0
1449 1444 1451 0
1450 1451 1452 0
1450 1452 1486 0
1451 1444 1452 0
1451 1450 1456 0
1451 1456 1458 0
1452 1443 1486 0
1452 1444 1454 0
1453 1444 1526 0
1454 1453 1519 0
1455 1456 1471 0
1456 1450 1470 0
1456 1455 1457 0
1456 1457 1458 0
1456 1470 1471 0
1457 1437 1458 0
1457 1455 1462 0
1459 1457 1462 0
1460 1459 1461 0
1460 1461 1463 0
1461 1367 1463 0
1461 1459 1462 0
1461 1462 1465 0
1462 1455 1467 0
1463 1368 2448 0
1464 1465 1467 0
1464 1467 1468 0
1464 1468 1560 0
1464 1560 1561 0
1464 1561 1562 0
1465 1462 1467 0
1465 1464 1562 0
1466 1372 2447 0
1466 1465 1562 0
1466 1561 1563 0
1467 1455 1471 0
1468 1467 1471 0
1468 1471 1483 0
1468 1483 2446 0
1468 1484 1559 0
1468 1559 1560 0
1469 1470 1476 0
1469 1476 1477 0
1469 1477 1483 0
1470 1450 1476 0
1470 1469 1471 0
1471 1469 1483 0
1473 1552 1553 0
1473 1553 1578 0
1473 1578 1579 0
1474 1477 1478 0
1474 1478 1554 0
1474 1554 1557 0
1474 1557 2446 0
1475 1476 1491 0
1476 1450 1486 0
1476 1475 1477 0
1476 1485 1491 0
1477 1474 2446 0
1477 1475 1478 0
1478 1475 1482 0
1478 1482 1551 0
1478 1551 1554 0
1479 1492 1494 0
1479 1494 1496 0
1479 1496 1534 0
1479 1534 1543 0
1479 1543 1550 0
1480 1548 1549 0
1481 1482 1489 0
1481 1489 1492 0
1481 1492 1550 0
1481 1550 1551 0
1482 1475 1489 0
1482 1481 1551 0
1483 1477 2446 0
1484 1468 2446 0
1484 1557 1558 0
1484 1558 1559 0
1485 1443 1488 0
1485 1476 1486 0
1485 1488 1490 0
1485 1490 1491 0
1487 1488 1518 0
1487 1518 2778 0
1488 1443 1517 0
1488 1487 1489 0
1488 1489 1490 0
1488 1517 1518 0
1489 1475 1490 0
1489 1487 1497 0
1490 1475 1491 0
1492 1479 1550 0
1492 1489 1497 0
1493 1494 1497 0
1493 1497 1533 0
1493 1501 1539 0
1494 1492 1497 0
1494 1493 1496 0
1496 1493 1538 0
1496 1495 1535 0
1496 1537 1495 0
1497 1487 1500 0
1497 1500 1533 0
1498 1504 1532 0
1499 1500 1529 0
1499 1529 1531 0
1500 1487 2778 0
1500 1499 1501 0
1500 1501 1533 0
1501 1493 1533 0
1501 1499 1503 0
1501 1503 1539 0
1502 225 1539 0
1503 1499 1505 0
1503 1502 1539 0
1503 1504 1502 0
1504 1503 1505 0
1504 1505 1532 0
1505 1499 1507 0
1505 1507 1511 0
1505 1511 1532 0
1506 1507 1530 0
1507 1499 1531 0
1507 1506 1510 0
1507 1510 1511 0
1508 1510 2642 0
1509 1498 1512 0
1509 1512 2635 0
1510 1506 1514 0
1510 1508 1511 0
1510 1514 2642 0
1511 1508 1512 0
1511 1512 1532 0
1512 1498 1532 0
1512 1508 2635 0
1513 1514 1515 0
1513 1515 2633 0
1513 2631 2636 0
1513 2636 2642 0
1514 1506 1515 0
1514 1513 2642 0
1515 226 2633 0
1515 1506 1527 0
1516 1517 1519 0
1516 1519 1522 0
1516 1522 1523 0
1516 1523 1527 0
1516 1527 1528 0
1517 1443 1519 0
1517 1516 1528 0
1518 1517 1528 0
1518 1528 2778 0
1519 1453 1521 0
1519 1521 1522 0
1520 1521 1524 0
1520 1524 2441 0
1521 1453 1525 0
1521 1520 1522 0
1522 1520 1523 0
1523 1515 1527 0
1523 1520 2440 0
1524 253 2441 0
1524 1521 1525 0
1524 1525 2558 0
1525 1445 2558 0
1525 1453 1526 0
1527 1506 1530 0
1528 1527 1530 0
1528 1529 2778 0
1529 1500 2778 0
1529 1528 1530 0
1529 1530 1531 0
1530 1507 1531 0
1534 1496 1535 0
1534 1536 1549 0
1536 1480 1549 0
1536 1534 1535 0
1536 1535 1495 0
1537 1496 1538 0
1538 1493 1539 0
1540 1543 1553 0
1542 1543 1549 0
1542 1545 1553 0
1543 1534 1549 0
1543 1540 1550 0
1543 1542 1553 0
1544 1545 1546 0
1544 1546 1583 0
1544 1583 1587 0
1545 1541 1546 0
1545 1544 1553 0
1545 1548 1541 0
1546 1472 1583 0
1546 1547 1472 0
1547 1546 1541 0
1548 1542 1549 0
1548 1545 1542 0
1550 1540 1551 0
1551 1540 1552 0
1551 1552 1554 0
1552 1473 1554 0
1552 1540 1553 0
1553 1544 1580 0
1554 1473 1556 0
1554 1556 1557 0
1555 1556 1579 0
1555 1574 1575 0
1555 1579 1590 0
1556 1473 1579 0
1556 1555 1557 0
1557 1484 2446 0
1557 1555 1558 0
1558 1331 1559 0
1558 1555 1575 0
1559 1331 1560 0
1560 1331 1561 0
1561 1331 1573 0
1561 1466 1562 0
1561 1568 2438 0
1563 1561 2438 0
1564 1565 1570 0
1564 1570 1572 0
1564 1572 2425 0
1564 2420 2421 0
1565 1372 2438 0
1565 1564 2421 0
1565 2421 2439 0
1566 1567 1576 0
1566 1576 1593 0
1566 1593 1631 0
1567 1558 1575 0
1567 1566 1569 0
1567 1569 1573 0
1567 1575 1576 0
1568 1561 1573 0
1568 1569 1570 0
1568 1570 2438 0
1569 1566 1572 0
1569 1568 1573 0
1570 1565 2438 0
1570 1569 1572 0
1571 1572 1631 0
1572 1566 1631 0
1572 1571 1602 0
1572 1602 2425 0
1574 1555 1590 0
1574 1588 2431 0
1574 1592 1593 0
1575 1574 1576 0
1576 1574 1593 0
1577 1578 1580 0
1577 1580 1587 0
1577 1584 1589 0
1577 1589 1590 0
1578 1553 1580 0
1578 1577 1579 0
1579 1577 1590 0
1580 1544 1587 0
1581 2773 2774 0
1582 1583 2433 0
1582 2433 2434 0
1582 2434 2436 0
1583 1582 1584 0
1583 1584 1587 0
1583 2435 2433 0
1584 1577 1587 0
1584 1582 1586 0
1584 1586 1589 0
1585 1591 1640 0
1585 1628 1629 0
1585 1629 2431 0
1586 1582 1640 0
1588 1574 1590 0
1588 1589 1591 0
1588 1591 2431 0
1589 1586 1591 0
1589 1588 1590 0
1591 1585 2431 0
1591 1586 1640 0
1592 1574 2431 0
1593 1592 1594 0
1593 1594 1631 0
1594 1592 1596 0
1594 1596 1599 0
1594 1599 1630 0
1594 1630 1631 0
1595 1596 1629 0
1596 1592 1629 0
1596 1595 1598 0
1596 1598 1599 0
1597 1598 1606 0
1597 1606 1660 0
1598 1595 1605 0
1598 1597 1599 0
1598 1605 1606 0
1599 1597 1601 0
1599 1601 1602 0
1599 1602 1630 0
1600 1601 1603 0
1600 1603 2427 0
1600 2424 2425 0
1601 1597 1603 0
1601 1600 1602 0
1602 1571 1630 0
1602 1600 2425 0
1603 1597 1660 0
1603 1660 1663 0
1603 1663 1664 0
1603 1664 2427 0
1604 1605 1611 0
1604 1611 1618 0
1604 1618 1619 0
1605 1595 1610 0
1605 1604 1606 0
1605 1610 1611 0
1606 1604 1608 0
1606 1608 1660 0
1607 1662 2429 0
1607 2429 2430 0
1608 1604 1619 0
1608 1619 2430 0
1609 1610 1627 0
1609 1624 1659 0
1609 1627 1632 0
1610 1595 1627 0
1610 1609 1611 0
1611 1609 1621 0
1613 1916 1962 0
1613 1962 2756 0
1614 1913 1917 0
1615 1657 2755 0
1615 1926 1935 0
1615 1935 1936 0
1616 1620 1621 0
1616 1621 1659 0
1616 1656 1657 0
1616 1657 1701 0
1617 1618 1620 0
1617 1620 1703 0
1617 1625 2430 0
1618 1611 1620 0
1618 1617 1619 0
1619 1617 2430 0
1620 1611 1621 0
1620 1616 1700 0
1620 1700 1703 0
1621 1609 1659 0
1622 1641 1648 0
1622 1648 1658 0
1623 1929 1930 0
1624 1609 1632 0
1624 1632 1636 0
1624 1636 1655 0
1624 1655 1656 0
1624 1656 1659 0
1625 1617 1703 0
1625 1686 2430 0
1626 1627 1628 0
1626 1628 1639 0
1627 1595 1628 0
1627 1626 1632 0
1628 1585 1639 0
1628 1595 1629 0
1629 1592 2431 0
1630 1571 1631 0
1632 1626 1635 0
1632 1635 1636 0
1633 1642 2775 0
1634 1635 1638 0
1634 1638 2776 0
1634 2773 2775 0
1635 1626 1638 0
1635 1634 1636 0
1636 1634 1654 0
1636 1641 1655 0
1637 1638 1639 0
1637 1639 1640 0
1637 1640 2436 0
1637 2436 2774 0
1637 2774 2776 0
1638 1626 1639 0
1638 1637 2776 0
1639 1585 1640 0
1640 1582 2436 0
1641 112 1646 0
1641 1622 1655 0
1641 1636 1654 0
1641 1646 1648 0
1642 1641 1654 0
1642 1643 112 0
1642 1654 2775 0
1643 1642 1633 0
1644 1652 1653 0
1645 1644 1646 0
1646 1644 1648 0
1646 1647 1645 0
1647 1646 112 0
1648 1644 1650 0
1648 1650 1658 0
1649 1650 1651 0
1649 1651 1928 0
1649 1656 1658 0
1649 1928 2755 0
1650 1644 1653 0
1650 1649 1658 0
1651 1650 1653 0
1651 1653 1930 0
1651 1920 1928 0
1652 1623 1653 0
1652 1644 1645 0
1653 1623 1930 0
1654 1634 2775 0
1655 1622 1656 0
1656 1616 1659 0
1656 1622 1658 0
1656 1649 1657 0
1657 1615 1701 0
1657 1649 2755 0
1660 1608 1662 0
1660 1662 1663 0
1661 1662 1683 0
1662 1607 1683 0
1662 1608 2429 0
1662 1661 1663 0
1663 1661 1664 0
1664 1661 1666 0
1664 1666 1704 0
1664 1704 2417 0
1664 2417 2427 0
1665 1666 1682 0
1665 1682 2415 0
1666 1661 1681 0
1666 1665 1668 0
1666 1668 1704 0
1666 1681 1682 0
1667 1347 2418 0
1667 1668 1671 0
1668 1665 1669 0
1668 1667 1704 0
1668 1669 1671 0
1669 1346 1670 0
1669 1665 1673 0
1669 1670 1671 0
1669 1673 1674 0
1670 1346 2416 0
1670 1347 1671 0
1672 1673 2771 0
1673 1665 2415 0
1673 1672 1674 0
1673 1679 2771 0
1674 1672 1675 0
1674 1675 1676 0
1675 1342 2656 0
1675 1343 1676 0
1675 1672 1739 0
1677 1711 1953 0
1677 1953 1955 0
1677 1955 2412 0
1678 1679 2414 0
1678 1712 1715 0
1678 1715 2768 0
1678 2768 2770 0
1679 1673 2415 0
1679 1678 2770 0
1679 1682 2414 0
1679 2770 2771 0
1680 1681 1683 0
1680 1683 1685 0
1680 1685 2413 0
1680 2413 2414 0
1681 1661 1683 0
1681 1680 1682 0
1682 1679 2415 0
1682 1680 2414 0
1683 1607 1685 0
1684 1685 1686 0
1684 1686 1689 0
1684 1689 1696 0
1684 1696 1707 0
1684 1707 2413 0
1685 1607 1686 0
1685 1684 2413 0
1686 1607 2430 0
1686 1625 1697 0
1687 1692 1694 0
1687 1693 1933 0
1687 1933 1943 0
1687 1943 1948 0
1688 1689 1697 0
1688 1697 1702 0
1689 1686 1697 0
1689 1688 1691 0
1689 1691 1696 0
1690 1691 1692 0
1690 1692 1947 0
1691 1688 1692 0
1691 1690 1695 0
1691 1695 1696 0
1692 1687 1947 0
1692 1688 1694 0
1693 1687 1694 0
1693 1694 1702 0
1693 1698 1934 0
1693 1932 1933 0
1694 1688 1702 0
1695 1690 1706 0
1695 1706 1709 0
1695 1709 1710 0
1696 1695 1707 0
1697 1625 1699 0
1697 1699 1702 0
1698 1693 1702 0
1698 1699 1700 0
1698 1700 1936 0
1699 1625 1703 0
1699 1698 1702 0
1700 1616 1701 0
1700 1699 1703 0
1700 1701 1936 0
1701 1615 1936 0
1704 1667 2417 0
1705 1706 1946 0
1705 1946 1952 0
1705 1952 1953 0
1706 1690 1946 0
1706 1705 1709 0
1707 1695 1710 0
1707 1710 1712 0
1707 1712 2414 0
1708 1709 1711 0
1708 1711 2412 0
1708 1714 1715 0
1709 1705 1953 0
1709 1708 1710 0
1710 1708 1712 0
1711 1677 2412 0
1711 1709 1953 0
1712 1678 2414 0
1712 1708 1715 0
1713 1718 1720 0
1713 1720 1722 0
1713 1722 2767 0
1713 2767 2768 0
1713 2768 2772 0
1714 1708 2412 0
1714 1718 2772 0
1715 1714 2772 0
1716 1717 1744 0
1716 1744 1746 0
1716 1746 1747 0
1717 1716 1724 0
1717 1718 2412 0
1718 1713 2772 0
1718 1714 2412 0
1718 1717 1724 0
1719 1720 1724 0
1719 1724 1725 0
1719 1725 1726 0
1720 1718 1724 0
1720 1719 1722 0
1721 1722 1723 0
1721 1723 1731 0
1721 1731 1735 0
1721 1735 1738 0
1721 1738 2767 0
1722 1719 1723 0
1722 1721 2767 0
1723 1719 1726 0
1723 1726 1727 0
1723 1727 1730 0
1723 1730 1731 0
1724 1716 1725 0
1725 1237 1728 0
1725 1716 1747 0
1725 1747 1978 0
1726 1247 1727 0
1726 1725 1728 0
1727 1245 1730 0
1728 1237 1986 0
1729 1730 1732 0
1729 1732 1733 0
1729 1733 1740 0
1730 1248 1732 0
1730 1729 1731 0
1731 1729 1735 0
1732 1219 1741 0
1733 1294 2454 0
1733 1732 1741 0
1733 1734 1740 0
1734 1733 2454 0
1734 1735 1740 0
1734 2451 2452 0
1735 1729 1740 0
1735 1734 1736 0
1735 1736 1738 0
1736 1342 1739 0
1736 1734 2452 0
1737 1738 1739 0
1737 1739 2769 0
1738 1736 1739 0
1738 1737 2767 0
1739 1672 2769 0
1742 1748 1749 0
1742 1749 1954 0
1742 1954 1960 0
1743 1744 1955 0
1743 1953 1954 0
1744 1717 1955 0
1744 1743 1749 0
1745 1746 1748 0
1745 1748 1752 0
1745 1752 1971 0
1745 1971 1976 0
1745 1976 1977 0
1746 1744 1749 0
1746 1745 1977 0
1747 1746 1977 0
1747 1977 1978 0
1748 1742 1753 0
1748 1746 1749 0
1749 1743 1954 0
1750 1760 2032 0
1750 2032 2033 0
1750 2033 2034 0
1751 1752 1753 0
1751 1753 1967 0
1751 1967 1968 0
1751 1968 1970 0
1752 1748 1753 0
1752 1751 1970 0
1752 1970 1971 0
1753 1742 1754 0
1753 1754 1967 0
1754 1742 1960 0
1754 1959 1966 0
1754 1966 1967 0
1755 1760 1968 0
1756 1767 1784 0
1756 1768 1769 0
1756 1784 1788 0
1756 1788 1789 0
1756 1789 1793 0
1756 1793 1798 0
1757 1764 1957 0
1758 1763 1773 0
1758 1773 1780 0
1758 1780 1781 0
1758 1781 2037 0
1758 2037 2754 0
1759 1760 1762 0
1759 1762 1763 0
1759 1763 2754 0
1760 1750 1968 0
1760 1755 1762 0
1760 1759 2032 0
1761 1762 1966 0
1761 1956 1957 0
1762 1755 1966 0
1762 1761 1764 0
1763 1758 2754 0
1763 1762 1764 0
1763 1764 1766 0
1763 1765 1773 0
1764 1757 1766 0
1764 1761 1957 0
1765 1763 1766 0
1765 1766 1769 0
1765 1769 1783 0
1766 1757 1772 0
1766 1767 1769 0
1767 1756 1769 0
1767 1766 1772 0
1767 1772 1784 0
1768 1756 1798 0
1768 1798 1799 0
1768 1799 1902 0
1769 1768 1783 0
1770 1785 1961 0
1771 1772 1957 0
1771 1957 1961 0
1772 1757 1957 0
1772 1771 1784 0
1773 1765 1783 0
1775 2750 2751 0
1776 1817 1827 0
1776 1827 1831 0
1776 1831 1853 0
1776 1853 1854 0
1777 2763 2764 0
1778 1850 1882 0
1778 1882 1883 0
1778 1883 1898 0
1779 1780 1782 0
1779 1782 1899 0
1779 1897 1898 0
1780 1773 1783 0
1780 1779 1781 0
1781 1779 1898 0
1781 1898 2753 0
1782 1780 1783 0
1782 1783 1902 0
1783 1768 1902 0
1784 1771 1785 0
1784 1785 1788 0
1785 1770 1787 0
1785 1771 1961 0
1785 1787 1795 0
1786 1788 1795 0
1786 1795 1941 0
1786 1903 1963 0
1787 1770 1942 0
1787 1939 1940 0
1787 1940 1941 0
1788 1785 1795 0
1788 1786 1789 0
1789 1786 1963 0
1791 1794 1964 0
1791 1865 1866 0
1791 1964 1965 0
1792 1793 1866 0
1793 1789 1797 0
1793 1792 1800 0
1793 1797 1866 0
1794 1791 1866 0
1794 1797 1963 0
1794 1963 1964 0
1795 1787 1941 0
1796 1903 1941 0
1796 1937 2756 0
1797 1789 1963 0
1797 1794 1866 0
1798 1793 1800 0
1799 1798 1800 0
1799 1800 1859 0
1799 1859 1901 0
1799 1901 1902 0
1800 1792 1803 0
1800 1803 1859 0
1801 1806 1809 0
1801 1809 1810 0
1801 1810 1814 0
1801 1814 1816 0
1801 1816 1894 0
1802 1803 1862 0
1802 1862 1878 0
1803 1792 1861 0
1803 1802 1805 0
1803 1805 1859 0
1803 1861 1862 0
1804 1805 1806 0
1804 1806 1894 0
1804 1894 1900 0
1805 1802 1806 0
1805 1804 1859 0
1806 1801 1894 0
1806 1802 1878 0
1807 1809 1878 0
1807 1873 1874 0
1808 1824 1875 0
1809 1806 1878 0
1809 1807 1810 0
1810 1807 1812 0
1810 1812 1819 0
1810 1819 1820 0
1811 1812 1874 0
1811 1874 1875 0
1812 1807 1874 0
1812 1811 1819 0
1813 1814 1839 0
1814 1810 1820 0
1814 1813 1816 0
1814 1820 1839 0
1815 1816 1817 0
1815 1817 1858 0
1815 1858 1892 0
1815 1892 1893 0
1815 1893 1894 0
1816 1813 1817 0
1816 1815 1894 0
1817 1776 1851 0
1817 1813 1827 0
1817 1851 1858 0
1818 1819 1826 0
1818 1826 1847 0
1818 1847 1848 0
1819 1811 1823 0
1819 1818 1820 0
1819 1823 1826 0
1820 1818 1839 0
1821 1777 2764 0
1821 2764 2765 0
1821 2766 1777 0
1822 1821 1823 0
1822 1823 1824 0
1823 1811 1824 0
1823 1821 1826 0
1824 1811 1875 0
1824 1825 1822 0
1825 1824 1808 0
1826 1821 1847 0
1827 1813 1838 0
1828 2719 2731 0
1828 2731 2736 0
1829 1836 1842 0
1829 1842 1845 0
1829 1845 2745 0
1829 2745 2748 0
1830 1831 1840 0
1830 1840 1841 0
1830 1841 1842 0
1831 1827 1838 0
1831 1830 1833 0
1831 1833 1853 0
1831 1838 1840 0
1832 1833 1835 0
1832 1835 2716 0
1833 1830 1835 0
1833 1832 1853 0
1834 1835 1836 0
1834 1836 2722 0
1834 2715 2716 0
1834 2722 2723 0
1835 1830 1836 0
1835 1834 2716 0
1836 1829 2722 0
1836 1830 1842 0
1837 1838 1839 0
1837 1839 1848 0
1837 1848 1849 0
1838 1813 1839 0
1838 1837 1840 0
1839 1818 1848 0
1840 1837 1841 0
1841 1837 1849 0
1842 1841 1845 0
1843 2742 2746 0
1843 2743 2759 0
1844 1845 2762 0
1844 2744 2745 0
1845 1841 1849 0
1845 1844 2745 0
1845 1849 2762 0
1846 1847 2765 0
1846 2761 2762 0
1847 1821 2765 0
1847 1846 1849 0
1848 1847 1849 0
1849 1846 2762 0
1850 1778 1892 0
1850 1851 1857 0
1850 1857 1882 0
1851 1776 1854 0
1851 1850 1858 0
1851 1854 1890 0
1852 1853 1888 0
1852 1888 1889 0
1852 1889 1890 0
1853 1832 1888 0
1853 1852 1854 0
1854 1852 1890 0
1855 1885 1891 0
1855 1891 2059 0
1856 1857 1890 0
1856 1890 1891 0
1857 1851 1890 0
1857 1856 1882 0
1858 1850 1892 0
1859 1804 1900 0
1859 1895 1901 0
1860 1861 1865 0
1860 1865 1869 0
1860 1868 1871 0
1861 1792 1865 0
1861 1860 1862 0
1862 1860 1864 0
1862 1864 1873 0
1862 1873 1878 0
1863 1876 1877 0
1863 1877 1879 0
1864 1860 1871 0
1864 1871 1880 0
1865 1791 1869 0
1865 1792 1866 0
1867 1868 1870 0
1868 1860 1869 0
1868 1869 1870 0
1869 1791 1870 0
1870 1791 1965 0
1870 2757 1867 0
1871 1612 1880 0
1871 1872 1612 0
1872 1868 1867 0
1872 1871 1868 0
1873 1807 1878 0
1873 1864 1877 0
1874 1873 1877 0
1875 1874 1877 0
1875 1876 1808 0
1876 1875 1877 0
1877 1864 1879 0
1879 1864 1880 0
1879 1881 1863 0
1881 1879 1880 0
1881 1880 1612 0
1882 1856 1884 0
1883 1882 1884 0
1883 1884 2046 0
1883 2046 2753 0
1884 1856 1885 0
1884 1885 2050 0
1885 1855 2050 0
1885 1856 1891 0
1886 1889 2061 0
1886 2058 2059 0
1887 1888 2072 0
1887 2060 2061 0
1888 1832 2072 0
1888 1887 1889 0
1889 1886 1890 0
1889 1887 2061 0
1890 1886 1891 0
1891 1886 2059 0
1892 1778 1896 0
1893 1892 1896 0
1893 1896 1900 0
1894 1893 1900 0
1895 1859 1900 0
1895 1896 1899 0
1895 1899 1901 0
1896 1778 1897 0
1896 1895 1900 0
1896 1897 1899 0
1897 1778 1898 0
1897 1779 1899 0
1898 1883 2753 0
1899 1782 1901 0
1901 1782 1902 0
1903 1786 1941 0
1903 1796 1906 0
1903 1904 1964 0
1903 1906 1909 0
1904 1903 1909 0
1904 1909 1910 0
1904 1910 1912 0
1904 1912 1965 0
1905 1906 2756 0
1906 1796 2756 0
1906 1905 1909 0
1907 1908 1913 0
1908 1909 1915 0
1908 1911 1910 0
1909 1905 1915 0
1909 1908 1910 0
1910 1790 1912 0
1910 1911 1790 0
1911 1908 1907 0
1912 1870 1965 0
1912 2757 1870 0
1913 1908 1915 0
1913 1914 1907 0
1913 1915 1916 0
1913 1916 1917 0
1914 1913 1614 0
1915 1905 1962 0
1916 1613 1923 0
1916 1915 1962 0
1917 1916 1919 0
1917 1931 1614 0
1918 1919 1920 0
1919 1916 1922 0
1920 1651 1930 0
1920 1919 1922 0
1920 1921 1928 0
1920 1929 1918 0
1921 1920 1922 0
1921 1922 1923 0
1921 1923 1925 0
1921 1925 1926 0
1921 1926 1928 0
1922 1916 1923 0
1923 1613 1927 0
1924 1925 1927 0
1924 1927 1932 0
1924 1932 1934 0
1924 1934 1935 0
1925 1923 1927 0
1925 1924 1926 0
1926 1615 2755 0
1926 1924 1935 0
1927 1613 1937 0
1927 1937 1938 0
1928 1926 2755 0
1929 1920 1930 0
1931 1917 1919 0
1931 1919 1918 0
1932 1693 1934 0
1932 1927 1938 0
1933 1932 1938 0
1933 1938 1939 0
1933 1939 1943 0
1934 1698 1936 0
1935 1934 1936 0
1937 1613 2756 0
1937 1796 1940 0
1938 1937 1940 0
1939 1787 1942 0
1939 1938 1940 0
1939 1942 1943 0
1940 1796 1941 0
1942 1770 1945 0
1943 1942 1945 0
1943 1945 1948 0
1944 1945 1950 0
1944 1946 1947 0
1944 1947 1948 0
1944 1950 1951 0
1944 1951 1952 0
1945 1770 1950 0
1945 1944 1948 0
1946 1690 1947 0
1946 1944 1952 0
1947 1687 1948 0
1949 1951 1958 0
1949 1958 1959 0
1949 1959 1960 0
1950 1770 1961 0
1950 1956 1958 0
1951 1949 1952 0
1951 1950 1958 0
1952 1949 1954 0
1953 1743 1955 0
1953 1952 1954 0
1954 1949 1960 0
1955 1717 2412 0
1956 1761 1959 0
1956 1950 1961 0
1957 1956 1961 0
1958 1956 1959 0
1959 1754 1960 0
1959 1761 1966 0
1962 1905 2756 0
1963 1903 1964 0
1964 1904 1965 0
1966 1755 1967 0
1967 1755 1968 0
1968 1750 2034 0
1969 1970 2034 0
1969 2002 2003 0
1970 1968 2034 0
1970 1969 1971 0
1971 1969 1974 0
1971 1974 1976 0
1972 1973 2004 0
1972 2004 2408 0
1972 2408 2409 0
1973 1972 1980 0
1973 1974 2003 0
1973 2003 2004 0
1974 1969 2003 0
1974 1973 1980 0
1975 1979 1980 0
1975 1980 1990 0
1975 1988 1989 0
1976 1974 1980 0
1977 1976 1979 0
1978 1977 1979 0
1978 1979 1989 0
1979 1975 1989 0
1979 1976 1980 0
1980 1972 1990 0
1981 1982 1984 0
1981 1984 1985 0
1981 1985 1988 0
1981 1988 1991 0
1982 1239 1984 0
1982 1981 1983 0
1983 1981 1991 0
1983 1991 2410 0
1983 2410 2411 0
1984 1238 1987 0
1985 1237 1989 0
1985 1984 1987 0
1986 1985 1987 0
1988 1975 1990 0
1988 1985 1989 0
1988 1990 1991 0
1990 1972 1993 0
1991 1990 1993 0
1991 1993 2410 0
1992 1993 2409 0
1992 2008 2009 0
1992 2009 2410 0
1993 1972 2409 0
1993 1992 2410 0
1994 2017 2025 0
1994 2020 2404 0
1994 2123 2391 0
1995 1999 2031 0
1996 1999 2005 0
1996 2005 2408 0
1997 2005 2007 0
1997 2007 2008 0
1997 2008 2409 0
1998 1999 2019 0
1999 1995 2019 0
1999 1996 2001 0
1999 1998 2005 0
1999 2001 2031 0
2000 2001 2002 0
2000 2002 2034 0
2000 2030 2031 0
2001 1996 2004 0
2001 2000 2031 0
2002 1969 2034 0
2002 2001 2004 0
2003 2002 2004 0
2004 1996 2408 0
2005 1997 2408 0
2005 1998 2007 0
2006 2007 2012 0
2006 2012 2015 0
2006 2015 2377 0
2006 2375 2379 0
2007 1998 2011 0
2007 2006 2379 0
2007 2011 2012 0
2008 1992 2409 0
2008 2007 2379 0
2008 2379 2380 0
2009 1262 2410 0
2009 2008 2380 0
2010 2011 2018 0
2010 2018 2020 0
2010 2020 2025 0
2011 1998 2019 0
2011 2010 2012 0
2012 2010 2016 0
2013 2165 2177 0
2013 2177 2390 0
2013 2382 2383 0
2013 2383 2393 0
2014 2016 2017 0
2014 2017 2392 0
2015 2012 2016 0
2015 2016 2381 0
2016 2010 2025 0
2016 2014 2381 0
2017 1994 2391 0
2017 2016 2025 0
2017 2391 2392 0
2018 2011 2019 0
2018 2019 2024 0
2019 1995 2024 0
2020 1994 2025 0
2020 2018 2023 0
2020 2023 2404 0
2021 2028 2029 0
2021 2029 2041 0
2021 2041 2402 0
2021 2402 2403 0
2022 2023 2024 0
2022 2024 2027 0
2022 2027 2028 0
2022 2028 2403 0
2023 2018 2024 0
2023 2022 2403 0
2023 2403 2404 0
2024 1995 2027 0
2026 2027 2030 0
2026 2030 2038 0
2026 2038 2039 0
2027 1995 2031 0
2027 2026 2028 0
2028 2021 2403 0
2028 2026 2039 0
2029 2028 2039 0
2029 2039 2407 0
2030 2000 2033 0
2030 2027 2031 0
2030 2032 2038 0
2032 1759 2036 0
2032 2030 2033 0
2032 2036 2038 0
2033 2000 2034 0
2035 2036 2037 0
2035 2037 2407 0
2036 1759 2754 0
2036 2035 2038 0
2037 1781 2407 0
2037 2036 2754 0
2038 2035 2039 0
2039 2035 2407 0
2040 2041 2048 0
2040 2047 2051 0
2040 2049 2052 0
2040 2052 2401 0
2041 2029 2048 0
2041 2040 2043 0
2041 2043 2402 0
2042 2043 2401 0
2042 2122 2124 0
2042 2124 2402 0
2043 2040 2401 0
2043 2042 2402 0
2044 2052 2054 0
2044 2054 2056 0
2044 2056 2405 0
2044 2125 2401 0
2045 2046 2047 0
2045 2047 2048 0
2045 2048 2407 0
2045 2407 2753 0
2046 1884 2050 0
2046 2045 2753 0
2046 2050 2051 0
2047 2040 2048 0
2047 2046 2051 0
2048 2029 2407 0
2049 2040 2051 0
2049 2051 2059 0
2050 1855 2051 0
2051 1855 2059 0
2052 2044 2401 0
2052 2049 2054 0
2053 2054 2058 0
2053 2058 2074 0
2053 2074 2075 0
2054 2049 2058 0
2054 2053 2056 0
2055 2056 2057 0
2055 2057 2126 0
2055 2113 2405 0
2056 2053 2075 0
2056 2055 2405 0
2057 2056 2075 0
2057 2073 2101 0
2057 2101 2111 0
2057 2110 2126 0
2058 1886 2061 0
2058 2049 2059 0
2058 2060 2074 0
2060 1887 2063 0
2060 2058 2061 0
2060 2062 2074 0
2062 2060 2063 0
2062 2063 2067 0
2062 2067 2073 0
2062 2073 2075 0
2063 1887 2071 0
2063 2071 2076 0
2064 2088 2089 0
2065 2068 2081 0
2065 2077 2086 0
2065 2086 2087 0
2066 2067 2068 0
2066 2068 2083 0
2066 2083 2101 0
2067 2063 2076 0
2067 2066 2073 0
2067 2076 2081 0
2068 2065 2083 0
2068 2067 2081 0
2069 2070 2711 0
2070 2069 2076 0
2070 2071 2728 0
2070 2710 2711 0
2071 1887 2072 0
2071 2070 2076 0
2071 2072 2728 0
2072 1832 2716 0
2072 2716 2727 0
2072 2727 2728 0
2073 2057 2075 0
2073 2066 2101 0
2074 2062 2075 0
2076 2069 2077 0
2076 2077 2081 0
2077 2065 2081 0
2077 2069 2079 0
2077 2079 2089 0
2078 2080 2709 0
2078 2709 2752 0
2079 2064 2089 0
2079 2069 2709 0
2079 2080 2064 0
2080 2079 2709 0
2082 2083 2085 0
2082 2085 2090 0
2082 2090 2097 0
2082 2097 2099 0
2082 2099 2100 0
2082 2100 2101 0
2083 2065 2087 0
2083 2082 2101 0
2084 2085 2087 0
2085 2083 2087 0
2086 2077 2089 0
2086 2084 2087 0
2086 2088 2084 0
2088 2086 2089 0
2090 2096 2134 0
2090 2406 1774 0
2091 2139 2707 0
2092 2398 2704 0
2094 2097 2134 0
2095 2132 2133 0
2095 2133 2134 0
2096 2090 1774 0
2096 2095 2134 0
2097 2090 2134 0
2097 2094 2099 0
2098 2099 2103 0
2098 2103 2104 0
2098 2104 2109 0
2098 2109 2112 0
2098 2110 2111 0
2099 2094 2103 0
2099 2098 2100 0
2100 2098 2111 0
2101 2100 2111 0
2102 2103 2129 0
2102 2129 2146 0
2103 2094 2128 0
2103 2102 2104 0
2103 2128 2129 0
2104 2102 2107 0
2104 2107 2121 0
2105 2120 2400 0
2105 2145 2169 0
2105 2169 2386 0
2106 2107 2135 0
2106 2119 2121 0
2106 2135 2145 0
2106 2145 2400 0
2107 2102 2135 0
2107 2106 2121 0
2108 2109 2119 0
2109 2104 2121 0
2109 2108 2112 0
2110 2057 2111 0
2110 2098 2112 0
2110 2112 2126 0
2112 2108 2113 0
2112 2113 2126 0
2113 2055 2126 0
2113 2108 2115 0
2113 2115 2116 0
2113 2116 2405 0
2114 2115 2118 0
2114 2118 2394 0
2115 2108 2118 0
2115 2114 2116 0
2116 2114 2122 0
2116 2122 2125 0
2116 2125 2405 0
2117 2118 2119 0
2117 2119 2120 0
2117 2120 2385 0
2117 2385 2389 0
2117 2389 2394 0
2118 2108 2119 0
2118 2117 2394 0
2119 2106 2400 0
2119 2109 2121 0
2120 2105 2385 0
2120 2119 2400 0
2122 2042 2125 0
2122 2114 2123 0
2122 2123 2124 0
2123 1994 2124 0
2123 2114 2388 0
2123 2388 2391 0
2124 1994 2404 0
2125 2042 2401 0
2125 2044 2405 0
2127 2128 2131 0
2127 2131 2702 0
2127 2702 2706 0
2128 2094 2133 0
2128 2127 2129 0
2129 2127 2706 0
2130 2137 2146 0
2130 2146 2706 0
2130 2706 2707 0
2131 2093 2702 0
2131 2128 2133 0
2131 2132 2093 0
2132 2131 2133 0
2133 2094 2134 0
2135 2102 2146 0
2135 2137 2138 0
2135 2138 2145 0
2136 2137 2139 0
2136 2139 2141 0
2136 2141 2170 0
2136 2161 2397 0
2137 2130 2139 0
2137 2135 2146 0
2137 2136 2397 0
2138 2137 2397 0
2138 2162 2169 0
2139 2091 2141 0
2139 2130 2707 0
2140 2141 2144 0
2140 2144 2150 0
2140 2150 2171 0
2141 2091 2144 0
2141 2140 2170 0
2144 2091 2398 0
2144 2149 2150 0
2145 2105 2400 0
2145 2138 2169 0
2146 2129 2706 0
2147 2148 2154 0
2147 2154 2325 0
2147 2325 2349 0
2148 2142 2154 0
2148 2147 2150 0
2148 2699 2142 0
2149 2144 2398 0
2149 2148 2150 0
2149 2399 2143 0
2149 2699 2148 0
2150 2147 2152 0
2150 2152 2171 0
2151 2152 2153 0
2151 2153 2157 0
2151 2157 2159 0
2151 2159 2160 0
2151 2160 2171 0
2152 2147 2349 0
2152 2151 2171 0
2153 2152 2349 0
2153 2329 2330 0
2154 2142 2322 0
2154 2322 2325 0
2155 2202 2203 0
2155 2203 2206 0
2155 2206 2348 0
2155 2331 2698 0
2156 2157 2330 0
2156 2330 2347 0
2156 2347 2348 0
2157 2153 2330 0
2157 2156 2159 0
2158 2159 2168 0
2159 2156 2207 0
2159 2158 2160 0
2160 2158 2161 0
2160 2161 2170 0
2160 2170 2171 0
2161 2136 2170 0
2161 2158 2162 0
2161 2162 2397 0
2162 2138 2397 0
2162 2158 2164 0
2162 2164 2166 0
2162 2165 2169 0
2163 2164 2396 0
2163 2176 2177 0
2164 2158 2168 0
2164 2163 2166 0
2164 2168 2396 0
2165 2013 2387 0
2165 2162 2166 0
2165 2166 2177 0
2166 2163 2177 0
2167 2168 2207 0
2167 2206 2208 0
2167 2208 2396 0
2168 2159 2207 0
2168 2167 2396 0
2169 2165 2386 0
2170 2140 2171 0
2172 2175 2204 0
2172 2204 2205 0
2173 2175 2176 0
2173 2176 2396 0
2174 2175 2179 0
2174 2179 2181 0
2174 2181 2395 0
2175 2172 2179 0
2175 2173 2204 0
2175 2174 2176 0
2176 2163 2396 0
2176 2174 2177 0
2177 2174 2390 0
2178 2181 2209 0
2178 2193 2373 0
2178 2373 2374 0
2179 2172 2183 0
2179 2183 2209 0
2180 2181 2374 0
2180 2374 2378 0
2180 2378 2395 0
2181 2178 2374 0
2181 2179 2209 0
2181 2180 2395 0
2182 2183 2186 0
2182 2186 2187 0
2182 2187 2192 0
2182 2192 2193 0
2182 2193 2209 0
2183 2172 2185 0
2183 2182 2209 0
2183 2185 2186 0
2184 2185 2195 0
2184 2195 2196 0
2185 2172 2205 0
2185 2184 2186 0
2186 2184 2187 0
2187 2184 2188 0
2187 2188 2189 0
2187 2189 2191 0
2187 2191 2192 0
2188 1193 2189 0
2188 2184 2196 0
2189 1193 2370 0
2189 1194 2190 0
2189 2190 2191 0
2190 1191 2505 0
2191 1190 2192 0
2191 2190 2505 0
2192 1190 2193 0
2193 1190 2498 0
2193 2178 2209 0
2193 2498 2501 0
2193 2501 2502 0
2194 2195 2202 0
2194 2202 2697 0
2195 2185 2205 0
2195 2194 2196 0
2196 2194 2199 0
2196 2199 2200 0
2197 2210 2220 0
2198 2199 2696 0
2199 2194 2696 0
2199 2198 2200 0
2200 2198 2210 0
2200 2210 2369 0
2200 2369 2370 0
2201 2222 2696 0
2201 2685 2686 0
2201 2696 2697 0
2201 2697 2698 0
2202 2155 2697 0
2202 2195 2205 0
2203 2202 2205 0
2203 2204 2208 0
2204 2173 2208 0
2204 2203 2205 0
2206 2167 2207 0
2206 2203 2208 0
2206 2207 2348 0
2207 2156 2348 0
2208 2173 2396 0
2210 2197 2212 0
2210 2198 2220 0
2210 2212 2369 0
2211 2212 2215 0
2211 2215 2366 0
2211 2365 2367 0
2211 2367 2369 0
2212 2197 2214 0
2212 2211 2369 0
2212 2214 2215 0
2213 2214 2262 0
2213 2262 2263 0
2213 2263 2264 0
2213 2264 2266 0
2214 2197 2218 0
2214 2213 2215 0
2214 2218 2262 0
2215 2213 2266 0
2215 2266 2366 0
2216 2234 2237 0
2216 2237 2239 0
2216 2239 2240 0
2216 2240 2270 0
2217 2218 2233 0
2217 2233 2234 0
2217 2234 2269 0
2218 2197 2219 0
2218 2217 2262 0
2218 2219 2233 0
2219 2197 2220 0
2219 2220 2223 0
2219 2223 2232 0
2219 2232 2233 0
2220 2198 2222 0
2220 2222 2223 0
2221 2222 2686 0
2221 2686 2687 0
2222 2198 2696 0
2222 2201 2686 0
2222 2221 2223 0
2223 2221 2224 0
2223 2224 2232 0
2224 2221 2227 0
2224 2227 2339 0
2224 2231 2232 0
2225 2317 2345 0
2225 2335 2340 0
2225 2340 2341 0
2226 2227 2687 0
2226 2336 2337 0
2226 2337 2338 0
2226 2338 2339 0
2227 2221 2687 0
2227 2226 2339 0
2228 2231 2236 0
2229 2291 2344 0
2230 2231 2339 0
2230 2339 2343 0
2230 2343 2344 0
2231 2224 2339 0
2231 2228 2232 0
2231 2230 2292 0
2232 2228 2233 0
2233 2228 2234 0
2234 2216 2269 0
2234 2228 2236 0
2234 2236 2237 0
2235 2237 2293 0
2235 2293 2363 0
2235 2363 2364 0
2236 2231 2292 0
2236 2292 2293 0
2237 2235 2241 0
2237 2236 2293 0
2238 2239 2241 0
2238 2241 2242 0
2238 2242 2246 0
2238 2246 2260 0
2239 2237 2241 0
2239 2238 2240 0
2240 2238 2260 0
2240 2260 2272 0
2241 2235 2364 0
2242 603 2246 0
2242 2241 2364 0
2242 2243 2244 0
2243 2242 2364 0
2243 2361 2362 0
2244 2243 2362 0
2245 2246 2247 0
2245 2247 2259 0
2245 2259 2694 0
2246 603 2248 0
2246 2245 2260 0
2247 2246 2248 0
2247 2248 2249 0
2247 2249 2251 0
2247 2251 2259 0
2248 604 2249 0
2249 613 2251 0
2250 2251 2252 0
2250 2252 2253 0
2250 2253 2257 0
2250 2257 2694 0
2251 613 2890 0
2251 2250 2259 0
2252 574 2253 0
2252 2251 2890 0
2253 574 2255 0
2253 575 2258 0
2254 579 2256 0
2254 2253 2255 0
2255 574 2892 0
2257 584 2694 0
2257 2253 2258 0
2259 2250 2694 0
2260 2245 2694 0
2261 2262 2269 0
2261 2269 2270 0
2261 2270 2273 0
2262 2217 2269 0
2262 2261 2263 0
2263 2261 2273 0
2264 178 2268 0
2264 2263 2265 0
2265 586 2692 0
2265 2263 2273 0
2266 1186 2366 0
2266 2264 2268 0
2266 2268 2277 0
2267 2268 2693 0
2267 2276 2277 0
2268 178 2693 0
2268 2267 2277 0
2269 2216 2270 0
2270 2240 2271 0
2270 2271 2273 0
2271 586 2273 0
2271 2240 2272 0
2272 584 2691 0
2272 2260 2694 0
2274 1186 2277 0
2274 2276 2279 0
2274 2279 2695 0
2275 2276 2284 0
2275 2278 2279 0
2276 2267 2284 0
2276 2274 2277 0
2276 2275 2279 0
2278 300 2279 0
2278 2275 2280 0
2279 300 2695 0
2280 2275 2282 0
2280 2282 2290 0
2281 2282 2283 0
2281 2283 2285 0
2281 2285 2286 0
2281 2286 2287 0
2281 2287 2290 0
2282 2275 2284 0
2282 2281 2290 0
2283 2282 2284 0
2283 2284 2693 0
2284 2267 2693 0
2285 179 2286 0
2285 2283 2688 0
2286 179 2621 0
2286 181 2287 0
2287 181 2289 0
2287 1177 2290 0
2288 2287 2289 0
2291 2229 2295 0
2291 2292 2344 0
2291 2295 2363 0
2292 2230 2344 0
2292 2291 2293 0
2293 2291 2363 0
2294 2295 2298 0
2294 2298 2361 0
2294 2361 2364 0
2295 2229 2297 0
2295 2294 2363 0
2295 2297 2298 0
2296 2297 2300 0
2296 2300 2352 0
2296 2352 2360 0
2297 2229 2304 0
2297 2296 2298 0
2297 2304 2305 0
2298 2296 2299 0
2298 2299 2361 0
2299 625 2362 0
2299 2296 2360 0
2300 2297 2305 0
2300 2305 2307 0
2300 2307 2684 0
2301 2303 2351 0
2301 2309 2316 0
2302 2303 2305 0
2302 2304 2350 0
2302 2350 2351 0
2303 2302 2351 0
2304 2229 2306 0
2304 2302 2305 0
2304 2306 2350 0
2305 2308 2307 0
2306 2229 2344 0
2306 2311 2350 0
2307 598 2684 0
2307 2308 598 0
2308 2305 2303 0
2309 2301 2351 0
2309 2311 2318 0
2310 2311 2342 0
2310 2317 2318 0
2310 2342 2345 0
2311 2306 2342 0
2311 2309 2350 0
2311 2310 2318 0
2312 2313 2316 0
2312 2315 2313 0
2312 2316 2318 0
2312 2317 2319 0
2313 2314 2316 0
2314 2301 2316 0
2315 2312 2319 0
2316 2309 2318 0
2317 2225 2341 0
2317 2310 2345 0
2317 2312 2318 0
2319 2317 2341 0
2320 2324 2326 0
2320 2326 2328 0
2321 2320 2322 0
2322 2320 2325 0
2322 2323 2321 0
2323 2322 2142 0
2324 108 2326 0
2324 2320 2321 0
2325 2320 2328 0
2325 2328 2329 0
2325 2329 2349 0
2326 2319 2327 0
2326 2327 2328 0
2327 2319 2341 0
2328 2327 2329 0
2329 2153 2349 0
2329 2327 2333 0
2329 2333 2334 0
2330 2329 2334 0
2330 2334 2346 0
2330 2346 2347 0
2331 2155 2348 0
2331 2346 2685 0
2331 2685 2698 0
2332 2333 2335 0
2332 2335 2336 0
2332 2336 2687 0
2333 2327 2340 0
2333 2332 2346 0
2334 2333 2346 0
2335 2225 2337 0
2335 2333 2340 0
2336 2226 2687 0
2336 2335 2337 0
2337 2225 2345 0
2338 2337 2345 0
2338 2342 2343 0
2339 2338 2343 0
2340 2327 2341 0
2342 2306 2343 0
2342 2338 2345 0
2343 2306 2344 0
2346 2331 2347 0
2346 2332 2685 0
2347 2331 2348 0
2350 2309 2351 0
2352 623 2360 0
2352 2300 2684 0
2353 2354 2684 0
2354 2352 2684 0
2354 2359 2665 0
2355 2356 2665 0
2355 2657 2658 0
2356 2354 2665 0
2356 2355 2357 0
2357 2355 2658 0
2358 2357 2658 0
2358 2658 2680 0
2358 2680 2888 0
2359 624 2665 0
2359 2354 2353 0
2361 2243 2364 0
2361 2299 2362 0
2363 2294 2364 0
2365 1187 2368 0
2365 2211 2366 0
2367 1194 2370 0
2367 2365 2368 0
2369 2367 2370 0
2371 2372 2376 0
2371 2373 2502 0
2372 1251 2375 0
2372 2371 2502 0
2372 2375 2376 0
2373 2193 2502 0
2373 2371 2374 0
2374 2371 2376 0
2374 2376 2377 0
2374 2377 2378 0
2375 1251 2379 0
2375 2006 2377 0
2376 2375 2377 0
2377 2015 2378 0
2378 2015 2381 0
2378 2381 2382 0
2378 2382 2395 0
2379 1251 2380 0
2381 2014 2383 0
2382 2013 2390 0
2382 2381 2383 0
2382 2390 2395 0
2383 2014 2392 0
2383 2392 2393 0
2384 2385 2386 0
2384 2386 2387 0
2384 2387 2393 0
2384 2388 2389 0
2385 2105 2386 0
2385 2384 2389 0
2386 2165 2387 0
2387 2013 2393 0
2388 2114 2394 0
2388 2384 2392 0
2389 2388 2394 0
2390 2174 2395 0
2391 2388 2392 0
2392 2384 2393 0
2398 2091 2704 0
2399 2149 2398 0
2399 2398 2092 0
2402 2124 2403 0
2403 2124 2404 0
2406 2085 2084 0
2406 2090 2085 0
2407 1781 2753 0
2408 1997 2409 0
2410 1262 2411 0
2411 1262 2487 0
2413 1707 2414 0
2417 1667 2418 0
2417 2418 2419 0
2417 2419 2420 0
2417 2420 2424 0
2417 2424 2427 0
2418 1347 2426 0
2419 1349 2422 0
2419 2418 2426 0
2420 1564 2425 0
2420 2419 2422 0
2421 2420 2422 0
2421 2422 2423 0
2421 2423 2439 0
2422 1349 2428 0
2423 1332 2439 0
2423 2422 2428 0
2423 2428 2780 0
2424 1600 2427 0
2424 2420 2425 0
2428 1350 2780 0
2429 1608 2430 0
2433 2432 2434 0
2433 2435 2432 0
2434 1581 2774 0
2434 2437 1581 0
2435 1583 1472 0
2436 2434 2774 0
2437 2434 2432 0
2440 1520 2441 0
2440 2441 2443 0
2440 2443 2598 0
2441 253 2445 0
2442 254 2444 0
2442 2443 2445 0
2442 2444 2597 0
2442 2597 2598 0
2443 2441 2445 0
2443 2442 2598 0
2444 236 2597 0
2445 253 2553 0
2449 1309 2458 0
2449 1344 2450 0
2449 2450 2451 0
2449 2451 2453 0
2449 2453 2455 0
2450 1342 2452 0
2450 1343 2656 0
2451 1734 2454 0
2451 2450 2452 0
2453 1294 2456 0
2453 2451 2454 0
2455 2453 2456 0
2457 1344 2458 0
2459 1317 2483 0
2461 2462 2467 0
2461 2467 2469 0
2462 48 2467 0
2462 2461 2464 0
2463 2462 2464 0
2464 2461 2465 0
2465 2461 2466 0
2466 2461 2469 0
2466 2469 2470 0
2466 2470 2472 0
2467 54 2468 0
2467 2468 2469 0
2469 2468 2470 0
2470 1313 2471 0
2470 2468 2475 0
2470 2471 2472 0
2471 1312 2472 0
2471 1313 2484 0
2473 1313 2475 0
2473 2477 2479 0
2474 2473 2475 0
2475 2476 2474 0
2476 2468 54 0
2476 2475 2468 0
2477 55 2479 0
2477 2473 2474 0
2478 1411 2481 0
2478 2473 2479 0
2480 1320 2484 0
2480 2478 2481 0
2481 1410 2482 0
2482 1396 2486 0
2483 1317 2485 0
2483 2482 2486 0
2484 1320 2485 0
2488 1197 2490 0
2488 1257 2493 0
2489 2488 2493 0
2489 2491 2494 0
2491 1181 2494 0
2491 2489 2493 0
2491 2492 2496 0
2492 1196 2496 0
2492 1257 2500 0
2492 2491 2493 0
2494 1182 2495 0
2495 1182 2506 0
2496 1196 2504 0
2497 1190 2505 0
2497 1196 2500 0
2498 2497 2499 0
2498 2499 2501 0
2499 1254 2503 0
2499 1259 2501 0
2499 2497 2500 0
2501 1259 2502 0
2504 2497 2505 0
2509 215 2530 0
2509 276 2510 0
2510 276 2512 0
2510 2512 2652 0
2511 2512 2626 0
2511 2625 2627 0
2511 2627 2651 0
2511 2651 2652 0
2512 133 2626 0
2512 2511 2652 0
2513 2514 2531 0
2514 2509 2521 0
2514 2513 2516 0
2514 2516 2533 0
2514 2521 2531 0
2515 260 2533 0
2515 2516 2517 0
2515 2517 2534 0
2516 2513 2517 0
2516 2515 2533 0
2517 259 2534 0
2517 2513 2518 0
2517 2518 2655 0
2518 2513 2522 0
2518 2522 2523 0
2518 2523 2525 0
2518 2525 2532 0
2518 2532 2655 0
2519 2522 2527 0
2519 2527 2528 0
2519 2528 2543 0
2519 2543 2544 0
2520 2521 2530 0
2520 2527 2531 0
2521 2509 2530 0
2521 2520 2531 0
2522 2513 2531 0
2522 2519 2523 0
2523 2519 2544 0
2523 2524 2525 0
2523 2542 2910 0
2524 1375 2526 0
2524 2523 2910 0
2525 2524 2526 0
2525 2526 2532 0
2526 1426 2532 0
2527 2520 2528 0
2527 2522 2531 0
2528 212 2543 0
2528 2520 2529 0
2529 216 2647 0
2529 2520 2530 0
2530 215 2648 0
2532 1426 2655 0
2535 2536 2554 0
2535 2540 2548 0
2535 2548 2549 0
2535 2554 2555 0
2536 255 2554 0
2536 257 2552 0
2536 2535 2549 0
2537 2538 2551 0
2537 2540 2541 0
2537 2545 2550 0
2538 1379 2551 0
2538 2537 2541 0
2539 2538 2541 0
2540 2535 2555 0
2540 2537 2548 0
2540 2539 2541 0
2542 2523 2544 0
2542 2543 2545 0
2542 2545 2551 0
2542 2551 2910 0
2543 212 2547 0
2543 2542 2544 0
2545 2537 2551 0
2545 2543 2547 0
2545 2547 2550 0
2546 2547 2647 0
2546 2548 2550 0
2547 212 2647 0
2547 2546 2550 0
2548 2537 2550 0
2548 2546 2644 0
2549 2548 2644 0
2549 2644 2645 0
2551 1379 2910 0
2552 229 2559 0
2553 253 2556 0
2553 255 2559 0
2554 2553 2556 0
2555 2554 2556 0
2555 2556 2557 0
2556 253 2558 0
2557 2556 2558 0
2560 248 2613 0
2561 2562 2605 0
2561 2605 2606 0
2562 2561 2567 0
2562 2563 2613 0
2563 238 2613 0
2563 2562 2567 0
2564 2565 2567 0
2564 2567 2570 0
2564 2570 2586 0
2564 2586 2601 0
2565 2563 2567 0
2565 2564 2566 0
2565 2566 2594 0
2566 236 2594 0
2566 2564 2601 0
2567 2561 2570 0
2568 2582 2588 0
2568 2588 2593 0
2569 2570 2579 0
2569 2579 2580 0
2569 2580 2585 0
2569 2585 2586 0
2570 2561 2606 0
2570 2569 2586 0
2571 2578 2579 0
2571 2579 2606 0
2572 2576 2577 0
2572 2577 2578 0
2572 2578 2589 0
2572 2589 2590 0
2573 2572 2574 0
2574 2572 2590 0
2574 2575 2573 0
2575 2574 101 0
2576 2568 2577 0
2576 2572 2573 0
2577 2568 2593 0
2578 2571 2589 0
2578 2577 2580 0
2579 2570 2606 0
2579 2578 2580 0
2580 2577 2583 0
2580 2583 2585 0
2581 2583 2588 0
2581 2588 2641 0
2582 2638 2641 0
2583 2577 2593 0
2583 2581 2587 0
2584 2585 2587 0
2584 2587 2632 0
2584 2600 2601 0
2585 2583 2587 0
2585 2584 2586 0
2586 2584 2601 0
2587 2581 2630 0
2587 2630 2632 0
2588 2582 2641 0
2588 2583 2593 0
2589 100 2590 0
2589 2571 2592 0
2589 2591 100 0
2591 2589 2592 0
2592 2571 2604 0
2594 234 2615 0
2595 2596 2600 0
2595 2600 2632 0
2595 2630 2631 0
2596 2566 2600 0
2596 2595 2597 0
2597 2595 2599 0
2598 2597 2599 0
2599 2595 2631 0
2599 2631 2633 0
2600 2566 2601 0
2600 2584 2632 0
2602 2604 2605 0
2602 2605 2611 0
2603 2602 2607 0
2604 2571 2606 0
2604 2612 99 0
2605 2562 2611 0
2605 2604 2606 0
2607 132 2610 0
2607 2602 2608 0
2607 2609 2603 0
2608 2602 2611 0
2609 2607 2610 0
2611 2562 2613 0
2612 2602 2603 0
2612 2604 2602 0
2616 2617 2618 0
2617 90 2618 0
2617 146 89 0
2623 115 2625 0
2623 2625 2626 0
2624 133 2906 0
2624 2623 2626 0
2625 115 2629 0
2625 2511 2626 0
2627 80 2628 0
2627 2625 2629 0
2627 2628 2651 0
2628 155 2650 0
2628 2650 2651 0
2630 2581 2637 0
2630 2595 2632 0
2631 1513 2633 0
2631 2630 2636 0
2634 2635 2642 0
2634 2636 2637 0
2634 2637 2640 0
2635 1508 2642 0
2635 2634 2640 0
2635 2643 1509 0
2636 2630 2637 0
2636 2634 2642 0
2637 2581 2641 0
2637 2639 2640 0
2638 227 2639 0
2638 2639 2641 0
2639 227 2640 0
2639 2637 2641 0
2643 2635 227 0
2644 219 2645 0
2644 2546 2646 0
2646 2546 2647 0
2648 215 2652 0
2648 2649 2653 0
2649 2648 2652 0
2649 2650 2653 0
2650 155 2654 0
2650 160 2653 0
2650 2649 2651 0
2651 2649 2652 0
2657 2355 2660 0
2657 2660 2662 0
2657 2662 2666 0
2657 2666 2680 0
2658 2657 2680 0
2659 117 2682 0
2660 2355 2664 0
2660 2659 2662 0
2660 2663 2659 0
2661 2662 2682 0
2662 2659 2682 0
2662 2661 2666 0
2663 2660 2664 0
2664 2355 2665 0
2666 599 2680 0
2666 2661 2667 0
2667 592 2889 0
2667 2661 2672 0
2668 2670 2672 0
2668 2672 2674 0
2668 2674 2681 0
2669 2679 2681 0
2670 2667 2672 0
2670 2668 2676 0
2671 594 2675 0
2671 2670 2676 0
2672 2661 2682 0
2673 2669 2674 0
2674 2669 2681 0
2674 2672 2682 0
2676 2668 2681 0
2677 464 2678 0
2677 2676 2681 0
2677 2679 464 0
2679 2677 2681 0
2680 599 2888 0
2683 2353 2684 0
2685 2201 2698 0
2685 2332 2687 0
2686 2685 2687 0
2688 178 2692 0
2688 2283 2693 0
2689 2688 2690 0
2690 586 2691 0
2690 2688 2692 0
2696 2194 2697 0
2697 2155 2698 0
2699 2149 2143 0
2700 2704 2707 0
2700 2705 2704 0
2701 2700 2702 0
2702 2700 2706 0
2702 2703 2701 0
2703 2702 2093 0
2704 2091 2707 0
2704 2705 2092 0
2705 2700 2701 0
2706 2700 2707 0
2708 2709 2711 0
2708 2710 2713 0
2708 2713 2714 0
2708 2714 2751 0
2708 2751 2752 0
2709 2069 2711 0
2709 2708 2752 0
2710 2070 2728 0
2710 2708 2711 0
2712 2713 2715 0
2712 2715 2723 0
2712 2723 2724 0
2713 2710 2727 0
2713 2712 2714 0
2714 1775 2751 0
2714 2712 2718 0
2714 2726 1775 0
2715 1834 2723 0
2715 2713 2727 0
2716 2715 2727 0
2717 2718 2719 0
2718 2712 2724 0
2718 2724 2725 0
2718 2726 2714 0
2719 2718 2725 0
2719 2720 2717 0
2719 2725 2749 0
2720 2719 1828 0
2721 2722 2748 0
2721 2747 2749 0
2722 1829 2748 0
2722 2721 2724 0
2723 2722 2724 0
2724 2721 2725 0
2725 2721 2749 0
2726 2718 2717 0
2727 2710 2728 0
2729 2734 2747 0
2729 2747 2748 0
2730 2731 2749 0
2730 2734 2738 0
2731 2719 2749 0
2731 2730 2736 0
2732 2733 2746 0
2733 2732 2740 0
2733 2734 2743 0
2733 2743 2746 0
2734 2729 2743 0
2734 2730 2747 0
2734 2733 2738 0
2735 2736 2738 0
2736 2730 2738 0
2736 2737 1828 0
2737 2736 2735 0
2738 2733 2740 0
2738 2739 2735 0
2739 2738 2740 0
2740 2741 102 0
2741 2740 2732 0
2742 2732 2746 0
2743 1843 2746 0
2743 2729 2744 0
2743 2744 2759 0
2744 1844 2759 0
2744 2729 2745 0
2745 2729 2748 0
2747 2721 2748 0
2747 2730 2749 0
2750 2078 2752 0
2751 2750 2752 0
2757 1912 1790 0
2758 2759 2761 0
2759 1844 2761 0
2759 2760 1843 0
2760 2759 2758 0
2761 1844 2762 0
2761 1846 2764 0
2761 2763 2758 0
2763 2761 2764 0
2764 1846 2765 0
2766 1821 1822 0
2767 1737 2768 0
2768 1715 2772 0
2768 1737 2769 0
2768 2769 2770 0
2769 1672 2771 0
2770 2769 2771 0
2773 1634 2776 0
2774 2773 2776 0
2775 2777 1633 0
2777 2773 1581 0
2777 2775 2773 0
2781 1151 2784 0
2781 2782 1151 0
2782 1153 1159 0
2782 1159 1124 0
2783 2785 2786 0
2784 2783 2786 0
2785 1144 2786 0
2785 2783 104 0
2787 1126 2795 0
2787 2788 2793 0
2788 936 2793 0
2788 2787 2789 0
2788 2789 2790 0
2788 2790 2796 0
2789 1016 2791 0
2789 2787 2794 0
2790 931 2796 0
2790 2789 2791 0
2792 2789 2794 0
2792 2794 2797 0
2794 1141 2797 0
2794 2787 2795 0
2799 1086 2800 0
2802 891 2845 0
2803 2802 2845 0
2803 2804 2809 0
2803 2809 2843 0
2804 893 2809 0
2804 2803 2845 0
2805 2820 2828 0
2806 2844 2853 0
2807 2808 2818 0
2807 2818 2819 0
2807 2819 2853 0
2808 857 2817 0
2808 2807 2809 0
2808 2817 2818 0
2809 2807 2843 0
2810 2818 2832 0
2810 2830 2831 0
2811 2812 2833 0
2812 788 2816 0
2812 2811 2813 0
2812 2816 2833 0
2813 2811 2817 0
2814 2815 2840 0
2814 2830 2833 0
2814 2840 2841 0
2815 819 2840 0
2815 2814 2816 0
2816 2814 2833 0
2817 2811 2818 0
2818 2810 2819 0
2818 2811 2832 0
2819 2810 2820 0
2819 2820 2821 0
2819 2821 2853 0
2820 2810 2825 0
2820 2822 2821 0
2820 2825 2828 0
2821 2806 2853 0
2821 2822 2806 0
2822 2820 2805 0
2823 2825 2834 0
2823 2834 2852 0
2824 2826 2827 0
2824 2827 2848 0
2825 2810 2831 0
2825 2823 2827 0
2825 2827 2828 0
2825 2831 2834 0
2826 2805 2828 0
2827 2823 2848 0
2827 2826 2828 0
2829 2830 2841 0
2829 2841 2842 0
2829 2842 2852 0
2830 2810 2832 0
2830 2814 2841 0
2830 2829 2831 0
2830 2832 2833 0
2831 2829 2834 0
2832 2811 2833 0
2834 2829 2852 0
2835 2836 2847 0
2835 2847 2851 0
2835 2851 2852 0
2836 710 2847 0
2836 713 2837 0
2836 2835 2839 0
2838 712 2839 0
2838 2839 2842 0
2839 712 2879 0
2839 2835 2842 0
2840 2838 2841 0
2841 2838 2842 0
2842 2835 2852 0
2843 2807 2853 0
2843 2844 765 0
2844 2843 2853 0
2846 734 2850 0
2846 2848 2851 0
2847 2846 2851 0
2848 2823 2851 0
2848 2846 2850 0
2848 2849 2824 0
2849 2848 2850 0
2851 2823 2852 0
2854 886 874 0
2855 814 2876 0
2856 741 2858 0
2856 2857 674 0
2857 2856 2858 0
2859 677 2863 0
2859 729 2865 0
2859 2863 2864 0
2860 2859 2864 0
2861 680 2866 0
2861 2869 2870 0
2862 2861 2866 0
2863 2861 2864 0
2864 2861 2870 0
2866 680 2867 0
2866 2868 2862 0
2867 2868 2866 0
2868 2867 316 0
2869 678 2870 0
2869 2861 2862 0
2870 678 2872 0
2871 728 2873 0
2872 2871 2873 0
2874 719 2876 0
2874 2878 2877 0
2875 2874 2876 0
2877 2878 19 0
2878 2874 18 0
2880 440 2882 0
2880 2881 441 0
2881 2880 2882 0
2882 639 2887 0
2883 644 452 0
2884 641 2887 0
2885 2884 2887 0
2885 2886 103 0
2886 2885 640 0
2888 599 2889 0
2890 572 2892 0
2893 163 2896 0
2893 544 2894 0
2894 544 2895 0
2897 510 2898 0
2897 2898 2899 0
2897 2899 2900 0
2898 398 2901 0
2899 407 2900 0
2899 2898 2901 0
2902 295 2903 0
2903 2904 38 0
2904 2903 37 0
2905 131 2906 0
2906 131 2907 0
2907 2908 72 0
2908 150 71 0
2911 351 2912 0

End
