MeshVersionFormatted 1

Dimension
2

Vertices
2132
0.0 0.0 1
1.0 0.0 1
1.0 1.0 1
0.0 1.0 1
0.5 0.0 1
1.0 0.5 1
0.0 0.5 1
0.0 0.75 1
0.25 1.0 1
0.6530254327119408 0.6024705679367084 0
0.7656633807621174 0.3224651280366132 0
1.0 0.25 1
0.8845662015087836 0.3654468882716562 0
0.75 0.0 1
0.625 0.0 1
0.6840232058861635 0.14295082287343258 0
0.25 0.0 1
0.3635768221480952 0.48176969904174455 0
0.6351338899982055 0.6968422506046634 0
0.625 1.0 1
0.375 1.0 1
0.2931645282536589 0.8595600810507479 0
0.1229779977335917 0.8816235734194435 0
0.125 1.0 1
0.0 0.25 1
0.0 0.375 1
0.12582226117984902 0.5354106352643269 0
0.19127696710782363 0.5922589563519464 0
0.0 0.625 1
0.10342795200658826 0.30151710321132225 0
0.125 0.0 1
0.09799001294191996 0.1389709177258636 0
0.0 0.125 1
0.17690585477426066 0.07216999753925515 0
0.375 0.0 1
0.3363876707185519 0.10686719154780476 0
0.5608282441588993 0.05998553833432854 0
0.8582426924341698 0.14478728168173055 0
0.7885628439799555 0.1953377593287119 0
0.895397279929854 0.47595120448605865 0
0.4353727909741058 0.6582329293422063 0
1.0 0.125 1
0.875 0.0 1
1.0 0.75 1
1.0 0.625 1
0.8617545985185697 0.8617947193209352 0
1.0 0.875 1
0.6389791149748846 0.8127678810466096 0
0.875 1.0 1
0.0 0.875 1
0.4689417398082083 0.5447444574932481 0
0.6058936195290036 0.5624837908002039 0
0.81030221087301 0.501934188814202 0
1.0 0.43667129771053387 1
1.0 0.3111955337010605 1
0.8301499280349983 0.3593839048051296 0
0.853639552369433 0.4135027888042352 0
0.6876872765126851 0.0 1
0.45074350716076605 0.2332057536938194 0
0.38285396166873054 0.527661956470908 0
0.5515108958000865 0.6490809636856671 0
0.5951087847957306 0.6027777143935825 0
0.5286143468578127 0.9337691987129035 0
0.57313343045487 1.0 1
0.6893907109700569 1.0 1
0.5152482801706377 0.8157211013955468 0
0.30220871627586565 1.0 1
0.4376375457934167 1.0 1
0.40935324022472047 0.9340013621816585 0
0.41076287001622325 0.807013995291214 0
0.33843487541489436 0.7992362851112116 0
0.3769179331022662 0.8809865753226903 0
0.05939387905553373 1.0 1
0.18912161472877745 1.0 1
0.13292537595750245 0.9332937910266739 0
0.23343966397013788 0.9494531818356625 0
0.0 0.3154383744543791 1
0.0 0.44826758932421573 1
0.05517736871992037 0.5128129846114882 0
0.17718851196220223 0.5345841110229205 0
0.17985444330587375 0.6627081019097565 0
0.21723986705791917 0.545981787674947 0
0.02455632828249078 0.7078792452456307 0
0.13609262302169353 0.684676432116077 0
0.0 0.5599005246863565 1
0.0 0.6876515109314282 1
0.04164590079113061 0.26490535977437174 0
0.14882504433564278 0.2920962148960099 0
0.18450558529035854 0.0 1
0.05874242318125177 0.0 1
0.06058566230225139 0.20352146345506042 0
0.09546624581036432 0.04934787116096883 0
0.14272277920360055 0.21217098260164416 0
0.0 0.059002493771801084 1
0.0 0.17361252185755816 1
0.042148299088518866 0.13373382450469398 0
0.14424090048829333 0.10727520708069593 0
0.20730530000010658 0.14849641227428928 0
0.4884859855799689 0.06271265122681871 0
0.43060556477163286 0.16329309270350315 0
0.3047070506733689 0.0 1
0.293067951002612 0.11811276098579278 0
0.6275976146920277 0.14456255664721387 0
0.6148396892143283 0.01872074468779505 0
0.5734809374609544 0.1219318410622079 0
0.8704080231810344 0.34209827705301205 0
0.9644824547908302 0.2646683131137407 0
0.744177426833944 0.17183967839524006 0
0.8478682020023601 0.5327084695013524 0
0.40932441626551586 0.7310203428616727 0
1.0 0.18583959272236228 1
1.0 0.05704476236847107 1
0.9422096602836124 0.0 1
0.8202660583438359 0.0 1
1.0 0.6872913578550229 1
1.0 0.5616897489693324 1
0.7459788657419091 0.7114928701829915 0
0.755984408651156 0.5922430147185966 0
0.7979263825449378 0.9429390302181238 0
0.8755864101472483 0.7474897645499871 0
0.8519224616459885 0.8312226207841354 0
1.0 0.9440572212624918 1
1.0 0.8133593639961432 1
0.9687081732734947 0.8525948433900776 0
0.7728945455064086 0.8812356591919457 0
0.7108112270479658 0.7908279378473528 0
0.664777235380879 0.8917081372950572 0
0.8141979961182363 1.0 1
0.9392020919282038 1.0 1
0.0 0.8129843990285506 1
0.0 0.9405982886268293 1
0.05865591304314224 0.8733403435304823 0
0.4340475540796601 0.5690163499955511 0
0.6795063028016106 0.6371900662965343 0
0.7491308708519341 0.669158822257849 0
0.5723490883124963 0.575467774748421 0
0.61148239862069 0.5846538808545814 0
0.649093866641836 0.4574701575161765 0
0.5724484309528117 0.5088351831710984 0
0.7355392501336318 0.34294725128811104 0
0.7788199816964594 0.4313536902301602 0
0.7749573823265135 0.3823468847944128 0
0.7402177117558543 0.37897733408521145 0
0.8119079754885787 0.5257047091528178 0
1.0 0.4681229336135919 1
1.0 0.40563392189526887 1
1.0 0.2802850867472863 1
0.8572114172467482 0.36489111438940913 0
0.7942372938771555 0.34812531556917803 0
0.9656299486262717 0.38211771420408236 0
0.9081753856813052 0.36287823881229453 0
0.9675158264672182 0.41953172245720455 0
0.8060081845824183 0.43843846338583514 0
0.869918601272483 0.3906514705134129 0
0.840193444013355 0.38617803155275754 0
0.7077500585970585 0.45493529626634027 0
0.6780071655624408 0.4586589865310617 0
0.7069196263808188 0.5111333339858254 0
0.6746297722245026 0.5931101314121348 0
0.8042857134710291 0.5460654758656445 0
0.7908188699788725 0.5239266012322742 0
0.7329901944184559 0.3130540987416544 0
0.7188901773296165 0.0 1
0.6563907384903315 0.0 1
0.5358527611591768 0.0 1
0.5595479930168811 0.03653749991661196 0
0.6100378526796543 0.0548579308529828 0
0.712889589117567 0.1215690655031251 0
0.48457955950976367 0.45157922575287607 0
0.5236433715634866 0.5051479492931029 0
0.5350792098635169 0.4625255494027572 0
0.44441070496859725 0.38664727485189776 0
0.44738204752056326 0.2702674249054151 0
0.37330717277239944 0.40886062285907454 0
0.5531654603420194 0.5474066852322444 0
0.615831708441246 0.6039788666084367 0
0.589906406268385 0.5793639590235146 0
0.5758928724100169 0.5933710882703234 0
0.6550902601622972 0.7104084940721891 0
0.5474683945464245 0.6741734941639463 0
0.5688694960003355 0.6701499148612566 0
0.6284252752920853 0.6410901446780771 0
0.5540206520479312 0.8794487489664851 0
0.47330591384120535 0.8913114440109781 0
0.5402299932094999 1.0 1
0.6576971765853681 1.0 1
0.5425103071287203 0.7210418775313264 0
0.4115647230376366 0.7482487082861761 0
0.5061511421767021 0.7671509877458315 0
0.5372686190851313 0.8307946251605156 0
0.27429547335720317 1.0 1
0.335093384432756 1.0 1
0.4063533109041236 1.0 1
0.46885300820235465 1.0 1
0.45840464155379523 0.9518585743819222 0
0.4557695284751063 0.9189322931383631 0
0.4210362396559016 0.9189005553556312 0
0.39183987230919365 0.7889208615056741 0
0.4222590637078874 0.8458965824651661 0
0.3734187133185542 0.8024810643922834 0
0.40322673236987716 0.8893674664905431 0
0.3864778235303633 0.8394615213190478 0
0.381302398900732 0.9085357616434926 0
0.28968322822450987 0.8403231469260203 0
0.30279437693296135 0.8048382787584054 0
0.30433051430306707 0.753069253680278 0
0.20019694802199434 0.7152045517715718 0
0.21432457388438914 0.6904289117692142 0
0.35001837576090833 0.71496271137128 0
0.33779058998946776 0.731368387707096 0
0.028995227685952776 1.0 1
0.09134079644584611 1.0 1
0.03961991706150038 0.9732704238846888 0
0.15748759161311401 1.0 1
0.21994551274529886 1.0 1
0.21253348010726442 0.9539858752331928 0
0.12909633863357026 0.9658896685286524 0
0.12521618406415036 0.9049110013298411 0
0.07701910883248411 0.9359443125696422 0
0.231973597548915 0.9727361938448803 0
0.27682396029094264 0.8510729607634115 0
0.18307450812192932 0.9175596662983467 0
0.08216041216779739 0.43287312086858937 0
0.02330330058993284 0.4863493951597196 0
0.15735634056367948 0.31329302152372224 0
0.12199236519931035 0.32102275330710933 0
0.11844127738867964 0.3592614638729863 0
0.2271265886839496 0.4043039534436311 0
0.13921674887186972 0.3828542893200671 0
0.0 0.2835249080584211 1
0.0 0.3458867125301125 1
0.0 0.41535747902378256 1
0.0 0.4759934265740325 1
0.021516546243192533 0.4620928014464898 0
0.032990072513494464 0.38465922224006144 0
0.14184308668074705 0.4321641337714305 0
0.11240231877703363 0.5126523965332412 0
0.07240022860520763 0.4663775878392616 0
0.04372158240357975 0.49522207370703186 0
0.09767918419521347 0.5359154301679572 0
0.026629719520701145 0.514065738586379 0
0.15273589815003558 0.5344571536723055 0
0.20095180345025182 0.6159060723879133 0
0.18089013449522798 0.6926520448771784 0
0.21152728643291902 0.6589144256699019 0
0.14043202278349812 0.5597420489723484 0
0.1656678126110818 0.5974883492841597 0
0.16487737552799717 0.5527149880763244 0
0.1973103679624003 0.5347809408791376 0
0.023366288349064974 0.7363729832826241 0
0.045464479870388305 0.7252314729397581 0
0.11209937285814654 0.5583174492388424 0
0.06759047589326758 0.5355081832559508 0
0.12180963014648709 0.5772481093331288 0
0.1567833177947694 0.6772596479638151 0
0.0 0.5293530621107179 1
0.0 0.5917449146242454 1
0.0 0.6563638171214912 1
0.0 0.718863449832134 1
0.06762502815466503 0.28005425643342075 0
0.027207423179329893 0.26539613708467347 0
0.12598022753568386 0.29339668836385535 0
0.09588464886028233 0.3700450017645813 0
0.10015482662576206 0.3256459001700996 0
0.06797419207767026 0.36729514713419253 0
0.216430281618222 0.0 1
0.1540738007328406 0.0 1
0.09081455057646544 0.0 1
0.0285405964872541 0.0 1
0.0760229437725228 0.1720642440961463 0
0.031560448305922126 0.20961095038275707 0
0.1083390891141883 0.026506832869019992 0
0.07691124327799441 0.029730527640137602 0
0.10271146499632451 0.09672593217367001 0
0.17612077038629528 0.23537270451351186 0
0.1212760490543966 0.18841992779481123 0
0.09391848488678825 0.2085855440368477 0
0.0 0.02872135938733352 1
0.0 0.09102553664753357 1
0.0 0.14717572515250085 1
0.0 0.2065653764450405 1
0.017577862387026758 0.1800434459243635 0
0.04895809914120357 0.15414500540381715 0
0.06443969773715254 0.14154088439704188 0
0.3000524264481756 0.06950649354557396 0
0.24041956425667985 0.2532229348077452 0
0.15977715753078164 0.089909749599107 0
0.11677455870274948 0.13399100623152363 0
0.18662114390245887 0.09536883452776104 0
0.16674178695015043 0.11924739626149539 0
0.4921239921246555 0.1055352696137522 0
0.5179134688110837 0.07353305883506975 0
0.4786328386064219 0.03005799812045764 0
0.4801191246688651 0.20082986754230578 0
0.4398167229759488 0.13611358584491584 0
0.4691723385606827 0.0 1
0.40667747378893915 0.0 1
0.33738036111644515 0.0 1
0.2758545341797907 0.0 1
0.34272572628527637 0.1292989808789804 0
0.33698370257510374 0.1696165585977756 0
0.6573859530760531 0.14857449651212604 0
0.5649653486535379 0.13893393631548134 0
0.8361818627427721 0.09799376103026652 0
0.9763043485924635 0.23322371656989868 0
0.8012339447363196 0.31353916469340964 0
0.825223237505761 0.3310952285848283 0
0.8472427317918072 0.3425773681116686 0
0.8576200842514577 0.29115936685179433 0
0.9704680880416684 0.3024161969377455 0
0.7673353945296989 0.18421657358110335 0
0.6995687617390282 0.1635210556654816 0
0.8447292023554853 0.1674045181549834 0
0.8333152114654147 0.5158505702765026 0
0.8887333442395154 0.49679760101984594 0
0.8276967764268758 0.5407085930926977 0
0.86817927369172 0.5707250001581393 0
0.9456248539119906 0.48878187191261335 0
0.9749207681064368 0.48599301469823764 0
0.9038733196540688 0.3924734516336964 0
0.932165060827439 0.3728656115900703 0
0.41749329183716144 0.6849526369616042 0
0.38973250899210593 0.7474110086957991 0
0.523558617554913 0.6917305908266892 0
0.5307038176248975 0.6633007869224664 0
0.4981715866579209 0.7128039645523986 0
1.0 0.21748227012548474 1
1.0 0.1550263865491489 1
0.9710404598184541 0.20548031479589196 0
0.9713254630873079 0.10487322744006966 0
0.9033961530897882 0.1533937292005053 0
0.9099682152638635 0.0 1
0.9674907792829406 0.03231936522924997 0
0.8491282715584424 0.0 1
0.7875957162250536 0.0 1
0.806460448135517 0.026153010142171442 0
0.8265355871970635 0.046213153099434835 0
0.8673623887247843 0.09749824581830825 0
0.9008960335407358 0.09859638176486724 0
0.06412611570666497 0.7657395291919137 0
0.023209269429345883 0.7650448667150739 0
0.17395413330846818 0.7225020943102515 0
0.11672444216659765 0.8548610073055213 0
0.1408830593836129 0.8620444575205766 0
0.9049738500187477 0.7102238885037232 0
0.9168117146618456 0.7533985201672424 0
0.9759030319555733 0.7353269372373497 0
0.8242513856578432 0.7136689248801936 0
0.7901199874580858 0.6837308236975871 0
1.0 0.7185931694116622 1
1.0 0.6560938659176704 1
1.0 0.5931370169714568 1
1.0 0.5306475213733779 1
0.8855110971542266 0.6024079699708421 0
0.8221064238028652 0.5663733522771979 0
0.9528518987335012 0.6275392277044602 0
0.8702455497202476 0.6206608188524624 0
0.7704593013448753 0.6795555217678675 0
0.7484979200621684 0.5585884243473429 0
0.7755122375255403 0.6131430141421229 0
0.7792439356608354 0.5485685396160802 0
0.7845620937591116 0.5901200870220937 0
0.8607878683798679 0.6876939532723105 0
0.8007929653330267 0.6718531481567072 0
0.7877478898617143 0.9796932813835714 0
0.8265888954035738 0.9136832069098734 0
0.8016087543410392 0.8356078219652427 0
0.7906503201728415 0.7726212912076319 0
0.9344984546357157 0.7672062233594182 0
0.9770208796748536 0.7654632003565697 0
0.9562020222314092 0.7522581186485447 0
0.8784389113625178 0.7048595392923882 0
1.0 0.844388665530497 1
1.0 0.7819004820064178 1
0.9772638608822931 0.7948637837317669 0
0.9311017896987192 0.8175871705816897 0
0.809951098103989 0.8862501205620389 0
0.7381306663672544 0.7983450004816637 0
0.6627697788262863 0.7927680262814208 0
0.6146884054878545 0.8021059314510879 0
0.6346148933318221 0.7289359794188858 0
0.6097275474652093 0.7094923775801911 0
0.632147548263955 0.7843258283483292 0
0.6681794082263675 0.7342470308549958 0
0.6819118843231097 0.8608006902389499 0
0.6631161346394011 0.8296151409853894 0
0.5617015853920636 0.8493399260956158 0
0.608345376775193 0.8969464246764555 0
0.5919745911251806 0.8397218160214512 0
0.6514632538248871 0.8612310263583578 0
0.8450008203681453 1.0 1
0.9075501432280998 1.0 1
0.9750240648144212 0.9163002615954933 0
0.9205708508497078 0.9649121628883554 0
0.878495994176229 0.8929604769083829 0
0.8973747073456736 0.9288955297583867 0
0.0 0.7816151855223824 1
0.0 0.8441114312060966 1
0.024191345555470596 0.79141884418835 0
0.0 0.908652922150526 1
0.0 0.970999269065902 1
0.023292813363907584 0.9514034178302075 0
0.033028550718363046 0.9011388148860983 0
0.07986751829500095 0.8788873802411052 0
0.09018864046567357 0.8566952135644442 0
0.4900482814465958 0.5391249338472939 0
0.45494067016692713 0.5621828945862181 0
0.5423814235444402 0.5703124834145168 0
0.653238190321485 0.6282223821092234 0
0.7042622524954533 0.6988223882154511 0
0.7207125648491329 0.7165411384811564 0
0.7070387391671076 0.6774634078678211 0
0.7531468664525238 0.6903614456542437 0
0.5819730058527172 0.5575255980102065 0
0.5575168242586638 0.5234738811049123 0
0.5616973184626226 0.5666926304499423 0
0.5577088549843637 0.5836206908295747 0
0.6329739236760052 0.5928282462351673 0
0.6092188621906213 0.49807901441339536 0
0.5775634269119402 0.5322549593516925 0
0.7588719680703006 0.41119051704091997 0
0.7294904459420478 0.40805681689160817 0
0.705884510191709 0.42382793930911655 0
0.6864938732836824 0.43800210694273756 0
0.7777795789229309 0.4574674973350398 0
0.7917558618655078 0.4096675809700812 0
0.9263054009963277 0.3464677785451701 0
0.8621888014377115 0.4357230837492738 0
0.8857006321436937 0.45005385567359263 0
0.7351601120981135 0.43397218860946457 0
0.6594161465822321 0.4835269349899698 0
0.7112564257394046 0.5573634678772103 0
0.7183013823349256 0.48583971920263913 0
0.6536086213746336 0.5783603311849119 0
0.670876906945048 0.6138997589010596 0
0.8063844735656467 0.4720026423462511 0
0.7610303348709839 0.5258244436168754 0
0.7296839799539969 0.5311579746730503 0
0.5491026851034567 0.503153454655293 0
0.5683181679577151 0.48980497485540797 0
0.5888778976185445 0.490280209872274 0
0.6132512928675289 0.4799616493998257 0
0.6218849760337692 0.4574618600694531 0
0.5620690828456577 0.404946228320011 0
0.6637856548954494 0.43737135419512335 0
0.7037666268100079 0.3926370144401849 0
0.6573834192218897 0.41106514194531746 0
0.5528624449172606 0.3137799079781939 0
0.5443001263171866 0.3568379230661884 0
0.7077811956130386 0.3581345187912832 0
0.70789320245654 0.3282833364585251 0
0.5713391383114524 0.3605790672941002 0
0.5540183816972554 0.38183448763784383 0
0.5987628535847586 0.3663258873269501 0
0.6089109956860206 0.3923106910103527 0
0.5726502376466608 0.3182500801960396 0
0.5610097451811297 0.3365084193674313 0
0.537392015671377 0.2653254437967542 0
0.5444458780702485 0.28865718091224396 0
0.6352064290351502 0.2819158770565339 0
0.5184016392381082 0.0 1
0.5364250117487823 0.0344739340917659 0
0.6764965419715363 0.16743018100198276 0
0.6542056864667561 0.17652303680748926 0
0.6196435546133688 0.169065228252952 0
0.6610074809985063 0.23498270209282254 0
0.6399012034939527 0.021010972041114163 0
0.6317322161756322 0.06003153882403461 0
0.6027889004588939 0.038879391681535695 0
0.6671312565022081 0.021927858292994255 0
0.6499229970020028 0.04366480627027993 0
0.6539207568814775 0.06756464102477157 0
0.6767155960049183 0.08450015306002617 0
0.739404397676317 0.03139719803548435 0
0.6808258300110109 0.10784074911554425 0
0.6935427251493292 0.12363872244635811 0
0.7278895713862817 0.13235989281489893 0
0.47567120435324073 0.4408373724676452 0
0.43848270185371707 0.493866846222825 0
0.4755179863024017 0.5259372281112646 0
0.4964213113471535 0.5201666041517566 0
0.5146395500409893 0.47005203974747367 0
0.5549375398444859 0.45606255626142633 0
0.5393858241356745 0.4429327658866362 0
0.5251582414247767 0.4144645570109015 0
0.48092997034348894 0.4255949440566767 0
0.4899035441790701 0.4392129159405167 0
0.5386465387359545 0.3989656884443961 0
0.43774485856057865 0.4203778455890232 0
0.4489409149266224 0.4330377811388206 0
0.39765597971591937 0.37779511665188725 0
0.41214394609156024 0.38339728807076884 0
0.45368939817726445 0.41741337454599853 0
0.46415483205048114 0.42885379745509367 0
0.48923520812857896 0.4068263651480493 0
0.4654531586373575 0.3819654740099257 0
0.48059436712038517 0.3415682633778366 0
0.42440760980282144 0.40925650945814074 0
0.4410474767238441 0.40378335828480877 0
0.4743196964556868 0.2422034950333251 0
0.4307092583907517 0.22392499083931722 0
0.39286794613060516 0.19040548348938374 0
0.31470243849925494 0.49127745956187213 0
0.33068339505945 0.48107088093774364 0
0.3963285977467711 0.5352290757238877 0
0.3937100208627 0.574489741530685 0
0.43567233399990507 0.5506283368774504 0
0.4104226440856813 0.5232207920648089 0
0.3786286259541343 0.37658989614976074 0
0.345941545332243 0.4697181106759284 0
0.39783885299117083 0.40304717737696055 0
0.38069461351433226 0.41816390713276086 0
0.40455965082291473 0.4499636672260181 0
0.38833552089632895 0.42830179286605286 0
0.3694682716685018 0.44697207151265617 0
0.37985009385099194 0.45765365017945764 0
0.39326772820947 0.46072016721904197 0
0.3655299450499757 0.4635895196208959 0
0.5766909929813889 0.6116968313624055 0
0.6783280672073211 0.7042428312448359 0
0.695887770767155 0.7237951140485005 0
0.5766293329466716 0.6477000807660608 0
0.587292127815879 0.6908418533068068 0
0.6316578014432868 0.6158028444104688 0
0.6094647335147085 0.6220244420235063 0
0.6543512290838795 0.6542508555795535 0
0.6767823016960381 0.6635095089338128 0
0.5442966921732699 0.9057062508994684 0
0.5849154161015029 0.8712708487019352 0
0.5062043478602942 0.924212217941943 0
0.4577580838737511 0.9009604593135405 0
0.4673244198092978 0.9332699114821461 0
0.5975420235397952 0.9348147934787711 0
0.5598147984452475 0.9331066631577436 0
0.5212261009721325 1.0 1
0.5189601543186871 0.7211364958029045 0
0.48064856849556886 0.7734960135492708 0
0.5013951533702833 0.7384443925555538 0
0.5345063355482412 0.8597097478028641 0
0.5137085980327428 0.8420933965463229 0
0.4932261862484374 0.8271534344840762 0
0.35398913451109953 1.0 1
0.3032567714081962 0.987011434214019 0
0.2924871334505061 0.9006144015891525 0
0.26823574099180264 0.9487077390978457 0
0.48443504414622246 1.0 1
0.4450116845424789 0.9059395520670016 0
0.4800836601445562 0.9498588245909343 0
0.47254694319417073 0.9768215445104433 0
0.4375311502075575 0.9513153530604749 0
0.420461091588115 0.9471776892446927 0
0.4472219300321526 0.9346735284710997 0
0.3381271870400877 0.9684770896517305 0
0.437338075828771 0.9203492736412185 0
0.40336097169425567 0.7673043717928496 0
0.41724643651209753 0.8279200816838376 0
0.42702539224401215 0.865087344216479 0
0.4156838803965524 0.7854460891083922 0
0.4277187079962754 0.8010466737691117 0
0.43919011543541325 0.7867875172538406 0
0.34453331231314077 0.7800779385059138 0
0.38471632730372823 0.7686021438439254 0
0.36789107439181706 0.7586623075866357 0
0.32592236817127834 0.8149738009219281 0
0.389631055836842 0.8092047055486757 0
0.35490174792023793 0.7978095050519517 0
0.41273659737307433 0.9041462496517683 0
0.3906831617336707 0.8793470767735311 0
0.40868519436230827 0.8607155829365671 0
0.40427911106137343 0.841332049029251 0
0.37956593222633933 0.855884270161501 0
0.39709824600294436 0.8239219704578451 0
0.37650874604323553 0.822637578604229 0
0.30911952598874143 0.8467082389041152 0
0.31468152730592486 0.869213798231388 0
0.3864258520723022 0.8933468907135892 0
0.3915123646227523 0.9234222803642183 0
0.3715823191997212 0.8965076421699957 0
0.27870179616708035 0.8005061682284086 0
0.30613762872524075 0.8270145938027916 0
0.32176201144615996 0.7912297299925498 0
0.32383456614486145 0.769350175351172 0
0.2669733007918484 0.7790924352487756 0
0.27940629562227925 0.7514342284159325 0
0.23976155184480247 0.6740791103614712 0
0.38149272662625483 0.5877280259420032 0
0.33939656157767634 0.6430408363160208 0
0.34253393423483525 0.6698661892259519 0
0.29092322959016137 0.6770417402700322 0
0.34592953949095995 0.7546751977658046 0
0.20237719095010118 0.976893872192038 0
0.22234853722842807 0.9318445221455944 0
0.1781922897675424 0.9358888964321632 0
0.10474744553926353 0.9768914475418305 0
0.049233426361242706 0.9456566032968962 0
0.10366459218306377 0.9508331533102945 0
0.10356442113101715 0.9207823214842015 0
0.22369569317446994 0.910494621485668 0
0.25619144997750537 0.8789657008629445 0
0.14817504163697667 0.8855027386877106 0
0.26296358383406454 0.4539178744712802 0
0.2864160116394066 0.4430125639681377 0
0.2806011447053498 0.46899241004804765 0
0.21237800613521646 0.304608029546548 0
0.23498536332496098 0.30843657891648263 0
0.24221212636049844 0.33158396983346883 0
0.24341252860518642 0.3688419533261407 0
0.3055359420841935 0.33953610717858584 0
0.054786038354306066 0.4540226943443662 0
0.09368300829653915 0.41850795728762985 0
0.06348168887308607 0.41446875950623624 0
0.15807920889671728 0.3336525913004918 0
0.15974631540569265 0.29609818588821113 0
0.1420956794807973 0.31084086725326737 0
0.11116430087994097 0.3134031192279508 0
0.12885401288599252 0.3471557385045005 0
0.10399704393522369 0.3502833046663764 0
0.11080580357920232 0.3748559881821735 0
0.17478178279575032 0.3240674884313476 0
0.17301727589974392 0.3409740078091633 0
0.2498828808358065 0.39469261132737865 0
0.17269476982605694 0.3875537012189215 0
0.12216126801512166 0.3862299536486139 0
0.2449803739072369 0.4191108929699935 0
0.20567989672101014 0.41171034192494416 0
0.0 0.26697395849330163 1
0.0 0.29967330257343117 1
0.0 0.3308370114066565 1
0.0 0.39631125183608673 1
0.0 0.43256590093237995 1
0.019172710438296946 0.4412772199706921 0
0.016010414980101837 0.380966604900375 0
0.0204339894784266 0.4016393061833634 0
0.012328054541976169 0.36044821380968933 0
0.06343353961145351 0.3908768890901549 0
0.09154871597009036 0.39275046671293407 0
0.10883285140810296 0.45085648481614776 0
0.1315086673189059 0.45122140497523394 0
0.10976773708720021 0.4181080906852835 0
0.04565424080140671 0.47210544593892056 0
0.06313813326453113 0.4908507553921412 0
0.09502970200004156 0.4688608400547913 0
0.06877134242701495 0.4449130737746127 0
0.14200929318802416 0.4721544967120222 0
0.16520203170959877 0.5124612143638162 0
0.1290728286172054 0.49177764194796625 0
0.2334324403989483 0.5012559503534656 0
0.13987078241503673 0.5126945221676237 0
0.26515616804814657 0.6303827321157127 0
0.17862799908960814 0.615607879714239 0
0.16541182234273435 0.575712056799404 0
0.21415188482551714 0.5200799898794604 0
0.21674263848945768 0.5744365916395934 0
0.0262261652534038 0.679020941866595 0
0.02791044905676532 0.6540011674124285 0
0.09865325169815313 0.684178057022886 0
0.04462507816409639 0.7513293909247833 0
0.08083598127126838 0.5636455057468472 0
0.08680431977276165 0.5941808213432926 0
0.14125397471639187 0.5910921734516373 0
0.15599271573120713 0.6552542290780451 0
0.13231479506507945 0.6619741476517853 0
0.05718988438417544 0.6465729222130976 0
0.08529847190515001 0.2860861558867935 0
0.01564526231220629 0.25691941497070464 0
0.014544020767438456 0.2734405859524703 0
0.014541999328274468 0.2899524519491757 0
0.13825312681086857 0.29832591667962943 0
0.11597547877775537 0.30148847328320355 0
0.1268432134015136 0.30889656935822585 0
0.0934447763666112 0.35852565867830133 0
0.08677444964175166 0.37981312409717294 0
0.09879073074060876 0.3819850492106574 0
0.11660767690077488 0.34549846257365674 0
0.13822170346893378 0.33512925313912445 0
0.1227020899741566 0.33342851608119517 0
0.11256363730822624 0.32572849586005176 0
0.09568969331696646 0.3390586121160704 0
0.09602408345060602 0.31222072015955277 0
0.05890422009949091 0.37649939917271646 0
0.07239653565064912 0.37967701002743837 0
0.08200565005215275 0.3670330688634752 0
0.08278613275727167 0.353548831788199 0
0.20436805507351302 0.03273274073442303 0
0.06797978352038701 0.18917240244119518 0
0.08360618093507602 0.15211001789544779 0
0.046266417716595974 0.2034908857154805 0
0.015726229325726402 0.23702023669756292 0
0.047172933187094396 0.22070361507358538 0
0.06233623350419599 0.11992488101750426 0
0.12104012915809263 0.052613368049654476 0
0.10071276402842952 0.12023705871194117 0
0.12266125452475218 0.11177486021183658 0
0.153644305359487 0.05845757938800661 0
0.13850782722645796 0.027102678996688223 0
0.12906437568290124 0.08431617563597478 0
0.163996264624351 0.22025693350819991 0
0.12438392396435127 0.20403777002875917 0
0.07790331479881767 0.20542695175537248 0
0.1093255914030402 0.21464352515263166 0
0.08993174634527361 0.18849909362609182 0
0.10858428781328915 0.1976215336136339 0
0.022192982137475836 0.11449660143789295 0
0.0 0.189108598834658 1
0.0 0.22658096313464487 1
0.014376837563092945 0.2176499783863044 0
0.0518644239899515 0.19106326350591424 0
0.01870902191786545 0.16087467866103605 0
0.03567771544874109 0.1697623231574775 0
0.06600238968041394 0.15890171092950972 0
0.22971745285357825 0.081683495356134 0
0.22977014346745728 0.1261699469805152 0
0.2515388613268946 0.1403375584438197 0
0.2603271050148776 0.11466800239636811 0
0.31242414799130563 0.09454610587272046 0
0.18207950623195496 0.052109959679678214 0
0.21609400894968608 0.24269591538935534 0
0.24003698537929236 0.2742044704745042 0
0.23882613943020764 0.18060452575248637 0
0.15613189405683037 0.20145249150818748 0
0.10774599787980979 0.15643161373733822 0
0.1975391072157677 0.12208759461281284 0
0.4935895231016559 0.09260864879772558 0
0.4891439591271391 0.1164398785798749 0
0.5036495956859643 0.06579759611955127 0
0.502064550289179 0.10056804773658648 0
0.5346981914540541 0.0804235293792423 0
0.5173676532258361 0.035874595210152 0
0.4870692699842463 0.043909598077581595 0
0.49147118284075986 0.013132581478211927 0
0.4913928775291708 0.18521838364307525 0
0.4673552420391511 0.21755315568086825 0
0.5026067476310726 0.2004649503490069 0
0.4184287654716911 0.17339473053794935 0
0.42945222541652806 0.2009771839295384 0
0.43084395939472103 0.1820020970317076 0
0.44819822720194014 0.2106780978564992 0
0.4620345566972004 0.19798533800327783 0
0.481523191914797 0.1500716917506845 0
0.44333299378335034 0.15183430539110165 0
0.47917468648878064 0.13661182496877222 0
0.4690017114232643 0.11209193002748605 0
0.35539116202003046 0.11266883410251569 0
0.36397432689888315 0.13229658139482295 0
0.3952386174598214 0.15143286807980036 0
0.36586205316883075 0.08377853879919246 0
0.4846206272130201 0.0 1
0.4224077223298899 0.0 1
0.3908751207816796 0.0 1
0.4704722666969943 0.042008890191491545 0
0.4612466297032899 0.011833446465357961 0
0.46307207251834553 0.028032657505004995 0
0.3554809766816869 0.0 1
0.26028038748781335 0.1646073582220647 0
0.3025191106673597 0.14323373807804934 0
0.31213890191222704 0.1666011134798073 0
0.2874629140465055 0.16387546235352934 0
0.34598480723823205 0.021217242230591755 0
0.3373143127971845 0.042655430648484045 0
0.31973348984340694 0.1229117298004154 0
0.35975374582615866 0.1696198861425629 0
0.35144180494288035 0.14952391757790878 0
0.5260124216907949 0.2410452569236234 0
0.5677815614124382 0.21420855843856532 0
0.580830712170365 0.24178692771587532 0
0.5247085720527441 0.19555955794658614 0
0.5132788049375667 0.21912919606848533 0
0.5483088912167312 0.19787254921997371 0
0.5000548189749938 0.14268411303548933 0
0.48992475079194453 0.14310839624647478 0
0.49343924551717905 0.15437653394247 0
0.5011266735635392 0.16933165425940708 0
0.5201739772989292 0.17224918437869485 0
0.5080743714609389 0.1840616900756198 0
0.5675682007249082 0.1813335681716603 0
0.543313420842735 0.13816946396330593 0
0.573679108316136 0.05100386517823606 0
0.5288636859439194 0.0488724247090337 0
0.5067732459290551 0.01839756337088877 0
0.5783198899060865 0.15679709623970625 0
0.5858048775833328 0.13733285635012213 0
0.5894397879167719 0.11832520218186637 0
0.6022947870461404 0.15227480504654367 0
0.5643382198318877 0.10861220335542493 0
0.5641935382857552 0.0799820268027767 0
0.555629817305683 0.12228276203960381 0
0.33017439481458355 0.5175857852426898 0
0.345778818045092 0.48998634392411644 0
0.30233139331481573 0.5208619818736746 0
0.33634527669278497 0.5860016918022298 0
0.3355359953660873 0.5605175707718875 0
0.3398372098759896 0.6226871046870696 0
0.29044465011908865 0.6466025215880613 0
0.3165244244886114 0.6268648854623846 0
0.8175900619016625 0.07418155630558401 0
0.837536802831289 0.14193341074954957 0
0.8496998710470846 0.1236636238940196 0
0.7982012432035324 0.05248744011494522 0
0.7727337228171005 0.0323311530786667 0
0.7549899472973036 0.055267412596609986 0
0.7761993304105527 0.060589629320819405 0
0.8769210541139566 0.16185257100123523 0
0.8104650457306843 0.2845725149780973 0
0.7515356742860823 0.29175463660145007 0
0.835944088003551 0.2813832025987766 0
0.943011489506005 0.23086769576797883 0
0.9385046079009207 0.2940663984254067 0
0.9759696160776348 0.3421170705735559 0
0.692696933019855 0.20465236303957327 0
0.7153089880473676 0.18571824933625675 0
0.8143081086244386 0.18152797039042784 0
0.8478649027926735 0.2684764179673291 0
0.8525956361369817 0.24708801942752506 0
0.8384593697070079 0.19900890015338227 0
0.8629877870384579 0.5111248092427046 0
0.8694610692796992 0.5424564107662109 0
0.8462320793145467 0.5551154157460512 0
0.9132901381383574 0.4933156477563394 0
0.9220052792063671 0.4613152300736327 0
0.936300673586219 0.40467669088941416 0
0.9120293165870008 0.42671225920935985 0
0.38746730411303254 0.7249062429379233 0
0.36406576666738055 0.7346762381488834 0
0.4306783758732404 0.7409302972544362 0
0.3779360249302446 0.608088211554136 0
0.4053786430693163 0.6611854784921328 0
0.960788565907506 0.13603025737747318 0
0.9327240185187001 0.1615158937787443 0
0.8959339585643886 0.03383608677879815 0
0.8319075183798598 0.020945419781381393 0
0.8477273083907497 0.06987031773888588 0
0.8581523381130155 0.03413883127330096 0
0.9202979715631224 0.12934022922142788 0
0.9383249059577721 0.10113613280480498 0
0.8816300814601453 0.0671701750791471 0
0.14985574123373746 0.7057428937972409 0
0.1407727085211196 0.7478389865138307 0
0.13604626912082943 0.8443507167116996 0
0.16241418684526784 0.8646228416414323 0
0.1087679982997248 0.8099404428375229 0
0.0945767000837736 0.7803450963812193 0
0.9277444990883241 0.716621043711071 0
0.8883329473041565 0.7303589749435168 0
0.893968040768265 0.7562036910525131 0
0.9335441040743073 0.7396355309070608 0
0.9109803368567412 0.7787465026571094 0
0.7618675030549582 0.7303750363663059 0
0.8380757678951039 0.6901953394184919 0
0.7859553306152197 0.6661744874018428 0
0.7848693280159009 0.7278148145426632 0
0.8133020238315589 0.6872175092393004 0
0.973138684687492 0.7058837812730371 0
0.9506867737214255 0.7233191558566774 0
0.9205336047388819 0.5469030596679857 0
0.9673781698772873 0.5160993718948254 0
0.9709165374807273 0.5505664994636886 0
0.9107149544912495 0.6364821243845538 0
0.9753571216976981 0.6123800955093669 0
0.9299192435060835 0.6195877459393005 0
0.9073688420393593 0.6119016505229113 0
0.8601543583015093 0.5968984661728162 0
0.8742353340903392 0.6443567485020687 0
0.8903684850026922 0.6267803401712639 0
0.7720755264717195 0.7045898906479019 0
0.727870569888853 0.5853719294868414 0
0.7533101671051663 0.6202131744907581 0
0.7951313953753016 0.6085585225072242 0
0.7944248587413182 0.631776707799451 0
0.8340051993838746 0.6014643682517526 0
0.8486345190847306 0.670340329019941 0
0.8001413266845347 0.6531840511350667 0
0.8580368195804956 0.9205674229351298 0
0.8436917212260961 0.8892860256637786 0
0.7017206499514055 0.8888523494264393 0
0.740076687684305 0.8851693582984673 0
0.7543536027308156 0.7537104779114954 0
0.7368160767191034 0.7354549300766229 0
0.7641938011955202 0.776852587362607 0
0.7990229805463461 0.7486988992329375 0
0.8368690783991134 0.7543566069519964 0
0.8881753179416275 0.7783612064189386 0
0.889627436277669 0.8115683946584419 0
0.9555375890854368 0.7792169002618189 0
0.9331877656297881 0.7919995095148988 0
0.9751967772858448 0.8245406917402555 0
0.950325894196778 0.8317046091779037 0
0.7524353325990312 0.8593397269061477 0
0.7800922667502105 0.8195667636584048 0
0.731698361807402 0.7663246112608615 0
0.7130875692049451 0.740975910409786 0
0.6971346629211693 0.8341854589712725 0
0.6895341439191165 0.8089712591023828 0
0.6888233046928723 0.784850340489014 0
0.5658183272472945 0.8189746321696777 0
0.5576954845473103 0.6958389333315024 0
0.6174274863047248 0.7575625060999263 0
0.6054374891410116 0.9703037793488168 0
0.6375941564339752 0.9672012968980528 0
0.6164264009532021 0.828846246985544 0
0.6386332801924609 0.8377462659058494 0
0.6351095031475639 0.8865482210243549 0
0.963767382914283 0.9598669974209673 0
0.8961093686897833 0.861199865638502 0
0.01900543437741527 0.834301746454056 0
0.025702735127496802 0.9276591172627842 0
0.053841645440275115 0.918341441951834 0
0.018888611123390135 0.884369179682295 0
0.03949684615598002 0.8779976300891807 0
0.0239836563403622 0.8585971836870071 0
0.1019399430570077 0.894536893589502 0
0.057729605554573585 0.8931515475089852 0
0.10203872040112415 0.8724970608250604 0
0.5352948569236723 0.528122719758033 0
0.40219480088564447 0.617411980209423 0
0.5104586264839506 0.5358380776765707 0
0.514463079443999 0.5181413642447342 0
0.520479935083653 0.5747032670453264 0
0.5050047969323268 0.5569555412129605 0
0.48195533373711485 0.5617944310566044 0
0.5594024235806861 0.6060187009930784 0
0.5425782967556125 0.6233597885267371 0
0.5359612675602462 0.5960338519668212 0
0.6957878314421808 0.6573781629189744 0
0.7240231859995887 0.6582300601749267 0
0.7296096061332294 0.688506190324332 0
0.634090773365964 0.4984634132576624 0
0.6251998002498692 0.5435196764666412 0
0.7595489770978392 0.4400313396766839 0
0.8211199577553943 0.41081430889536813 0
0.9485528852699283 0.3538193071298394 0
0.8281778139255692 0.45783183654666837 0
0.8369986572900415 0.4354902030913532 0
0.8816448108434132 0.41849505436648654 0
0.8536150647398392 0.45680634775632434 0
0.7749862826376333 0.4930851941797235 0
0.5524352936627239 0.4777018650208807 0
0.5550981733516698 0.4375173017378213 0
0.5954339457858289 0.46253726109539456 0
0.564985518658082 0.42520140703337217 0
0.6130345674097536 0.4163853455953412 0
0.5858957455121432 0.4151684281649392 0
0.6328402233376856 0.4001308386449813 0
0.5076834183493967 0.30844588875160905 0
0.7633588817224514 0.2662341660374901 0
0.728839728763587 0.2907591851574487 0
0.7383716816442621 0.2683703667788328 0
0.7066456172594762 0.29923026799059516 0
0.7082824193676006 0.23091295525231803 0
0.6560836959177031 0.301396122490922 0
0.5910025386277014 0.3359742120742057 0
0.5808040449882593 0.38607084790355817 0
0.6216646757816804 0.34618195510208283 0
0.6144874967539258 0.319240850949122 0
0.5674864877514149 0.26825068404233743 0
0.5708064069366334 0.2979903248933409 0
0.591373760300632 0.30809468947121815 0
0.6319139656102203 0.3042440610663255 0
0.5915720831295712 0.28296808601587253 0
0.54593031216265 0.018392471554369585 0
0.6913811431601483 0.1821624111478651 0
0.6706779038923663 0.19053131728472844 0
0.6666020570836927 0.21404874179435388 0
0.6575843754136953 0.2746739718308857 0
0.5906196651714608 0.053395328367816595 0
0.5785405819382013 0.06668855630305154 0
0.5961187564294057 0.06895279660174218 0
0.6458996469729551 0.1236227361367449 0
0.652948767418797 0.08924494455645701 0
0.6616108702534863 0.10536563458135605 0
0.6719425327145419 0.12488023713116707 0
0.7051848189599635 0.07018819803921952 0
0.7034392092223088 0.0992017623859936 0
0.7229869680858774 0.15705786048034004 0
0.7060348722522923 0.1404141031930183 0
0.510030270885503 0.49035099989385766 0
0.4953722797334156 0.4775675592758018 0
0.43562615430480517 0.5260551690430819 0
0.42725538743530017 0.4656302431244823 0
0.4732076598128957 0.49970270995818 0
0.43792447098837967 0.45959888490765677 0
0.46688590421679016 0.4737826150246691 0
0.49340353577390644 0.4985304334654691 0
0.4989333786044592 0.4560205266304783 0
0.5319808345661903 0.4860744198086448 0
0.5204802706656064 0.44946876670753316 0
0.5446192619729845 0.4217361209086625 0
0.4983832900467552 0.4230675095567105 0
0.4102001130798134 0.3671272270246556 0
0.469312011593056 0.4135164461538448 0
0.508930329707432 0.4093951365866383 0
0.48187452172679673 0.35691959379964966 0
0.47065454090428815 0.3305075447719674 0
0.45750498830650077 0.40036875244448517 0
0.4660414397922126 0.36254038672728284 0
0.42967266662647374 0.37188287182986446 0
0.4896435764506239 0.26939679772136815 0
0.5143553144587727 0.2603042204105396 0
0.3808836451995586 0.2107731790299519 0
0.5164631910068783 0.28567606349819435 0
0.4641694843134337 0.286428054492015 0
0.4704233378181178 0.3096761230321917 0
0.45087649802197927 0.30389541889036026 0
0.45055381167257785 0.3357625721331866 0
0.33051192090602227 0.49896326978118294 0
0.279136749695864 0.4919542307812949 0
0.29835106887130325 0.501261788620979 0
0.3760436901261716 0.5126086638429909 0
0.34571429599578507 0.5081293647838965 0
0.3304030712009394 0.5386030369317905 0
0.356455557983389 0.5476911749003607 0
0.4445532636468511 0.5350856276475788 0
0.42173816368212036 0.5282767423781535 0
0.40048385330813374 0.5546219019723231 0
0.3889451235051459 0.39186307337474785 0
0.36448860262583477 0.4192757558316237 0
0.35846454944654355 0.40345861958628326 0
0.2794794453466409 0.3950519995160987 0
0.26612719774996485 0.3729580948702229 0
0.2637351510591891 0.4309619506842464 0
0.2815525414201626 0.4186710369081154 0
0.4091750410982834 0.4151746837134506 0
0.393706453056477 0.4170915308238953 0
0.3870503343318955 0.4443377989662504 0
0.459482722019972 0.444860033712286 0
0.4187200064973325 0.4426886241493915 0
0.38125115183232167 0.47444676701732413 0
0.5679558446653579 0.6265033551711231 0
0.6124851953973128 0.68247420846108 0
0.6610954436758032 0.6837384598074369 0
0.4446721476640853 0.8911421882167151 0
0.4865292792523307 0.9286330000303857 0
0.4725971232964197 0.912885753377071 0
0.5015751312619613 0.9447057956513291 0
0.5237461144131076 0.9819712526002765 0
0.5741939178863412 0.9051241124319692 0
0.5344444345005623 0.7734590784912733 0
0.5404618786449145 0.8025952707723472 0
0.4768256527832301 0.859934495792473 0
0.44086235933482365 0.8502128076782701 0
0.4469584585807129 0.8726025184168096 0
0.4582601649911287 0.8863452548004336 0
0.46669197665623896 0.8735091566214704 0
0.48939751489533956 0.8749238413498267 0
0.5116010959795855 0.8662463905484887 0
0.43427875241544533 0.8303258483395313 0
0.4933622808786082 0.7974877765690724 0
0.30870197529550897 0.9653892950161879 0
0.31018911614286065 0.8918774416242145 0
0.2880043009446569 0.9226576144345543 0
0.29320481408006344 0.8797355107117704 0
0.27627978470577563 0.8892779330471765 0
0.28382920937592826 0.970358085845072 0
0.2475840751294214 0.9571484100397588 0
0.29407811700257935 0.9455959446220265 0
0.24662595827467312 0.938289629285189 0
0.40685981472499944 0.9542727352135192 0
0.3459629686982978 0.9837791804931684 0
0.32485617646483805 0.9813165740956123 0
0.32589598145081106 0.963081337140441 0
0.4258176605680526 0.763839655934612 0
0.4184344040082891 0.891338014148591 0
0.34676967372584155 0.8145186237278481 0
0.3961964154832741 0.9056698416257529 0
0.43016827714786837 0.9019581420293254 0
0.4143959059862509 0.8769440738052616 0
0.3614381115980897 0.8133391001178389 0
0.36949909830661576 0.8400188996641412 0
0.322618526402089 0.8337175233748969 0
0.33496999481318124 0.8692213728309968 0
0.4064961761518608 0.9170171609251345 0
0.3913485987353028 0.9427354416408619 0
0.36136284878315517 0.882744850550254 0
0.2753749724361401 0.8689733993859596 0
0.29706342601553876 0.7778672576382819 0
0.2450486726164648 0.7014265995284455 0
0.317685849978912 0.6589400867806642 0
0.26456720312485593 0.6599267730787739 0
0.32880487096033373 0.709872180802284 0
0.17326440445354008 0.9785698623828705 0
0.2053714315732586 0.9149855989327043 0
0.18699897896123788 0.9564374339854504 0
0.19835131947703882 0.9331591798240872 0
0.15876303178139028 0.9523798257568171 0
0.14812594545219626 0.9790898267863118 0
0.07505834780431188 0.9687486227970439 0
0.23818279244833462 0.8684753406261718 0
0.28527247167601855 0.8214228489626859 0
0.27026369290881364 0.8364079169341978 0
0.1737639096442144 0.8825862423018395 0
0.23660553573718054 0.8924570836765076 0
0.3737444284563693 0.3552306604681519 0
0.35168774092166266 0.24604807767177142 0
0.30012381640809604 0.2937099310793643 0
0.2991404031461571 0.48062073095419044 0
0.2546032629388591 0.4794959717234199 0
0.22768278632270855 0.28869919753326995 0
0.2723559500989508 0.2936020855293066 0
0.2813032828367913 0.31508940171032257 0
0.3037294605866326 0.3210818434906525 0
0.2669830249127522 0.3322633482832561 0
0.324473258821276 0.3066561948935835 0
0.2880172919171937 0.3347032286151817 0
0.03764218110905658 0.4499603890786337 0
0.08543074523936305 0.405158168385493 0
0.066494951712349 0.42872096119585107 0
0.05250397197859035 0.40407254728026687 0
0.07694065202275957 0.4170465914243168 0
0.1484243589051001 0.30132183292770537 0
0.14631510506512002 0.3223119766380767 0
0.13269187037674154 0.32193465537694876 0
0.10376960028020166 0.36207347640752213 0
0.1844586972804146 0.37126049228786284 0
0.1461246808994485 0.3508950608928786 0
0.13265569606924466 0.359093850315163 0
0.1435884213287685 0.3669143074176238 0
0.2280701105826874 0.38408328838023625 0
0.20312644283187947 0.38647462452812736 0
0.12767579183042632 0.3718194566382775 0
0.16848353651443007 0.36777948871411964 0
0.10606932013749866 0.39043629276067204 0
0.2439976360188784 0.4416033475680934 0
0.028896835563787412 0.36800931187458613 0
0.16514381929868066 0.4058521030213449 0
0.18359319030073973 0.4086423357666525 0
0.13389474185434372 0.3985116793801703 0
0.1521157362028337 0.3937124063475349 0
0.11701186782366826 0.40160536170837574 0
0.11965310178785082 0.43408356309966317 0
0.10111583492507369 0.4048211174215621 0
0.08209346588855203 0.484727953358724 0
0.1036589036915045 0.48970343142544775 0
0.156265007776667 0.45165335374239657 0
0.153269287095296 0.4913404227016338 0
0.11831553047545953 0.4703033686225561 0
0.19230218974016675 0.6371515285383129 0
0.21761217017998727 0.6301811005524386 0
0.2413688761191329 0.6168958207155338 0
0.18934991727654704 0.5586994375001887 0
0.25966063250664195 0.5078291307073206 0
0.26436404047735856 0.6052939114157422 0
0.21790505932059062 0.6030234526578705 0
0.10936168330487481 0.7231177325511375 0
0.12006684734880034 0.7024430793581645 0
0.10610540676608501 0.6626677978875745 0
0.088241725544996 0.7601173436674857 0
0.0489400199913998 0.5562175053845329 0
0.023753881879672367 0.5442288304135312 0
0.10294595304935762 0.5772206822471202 0
0.1669814227463128 0.6378709204265433 0
0.06917561983441155 0.6193640952283009 0
0.08836472280341079 0.641988851830481 0
0.079188948793643 0.6673568861306238 0
0.03294889614353887 0.6256818661721126 0
0.03181768440513609 0.28020807858265917 0
0.02789409993229218 0.295600893185365 0
0.04918044053383991 0.27988279169596886 0
0.175021969248147 0.305846409640475 0
0.16053359639398124 0.2413611414863966 0
0.14456813412279157 0.23173582033641663 0
0.10891899570478322 0.23162668098029413 0
0.09867176900130933 0.28921471429704787 0
0.1085824223453274 0.33655305653975703 0
0.09050302678556393 0.29936275159152903 0
0.048486293079085904 0.3873181357464271 0
0.09192786025526227 0.3486319211411461 0
0.055736439575419634 0.1734533143760666 0
0.03529990061683996 0.19171367922143553 0
0.03170018942882002 0.24612248330819528 0
0.05952662448573721 0.26344293706809924 0
0.03213209572817755 0.2261124193507115 0
0.05894432866487602 0.2336313576423391 0
0.037969879199160755 0.04103886531612843 0
0.023031595503009736 0.07067459781636805 0
0.08184153624243745 0.10807064828613842 0
0.10061897123388908 0.07230561036031498 0
0.16928560353673391 0.02908055852366636 0
0.1736588018209134 0.26868634097781435 0
0.06729999541491517 0.22001563670654928 0
0.0929138361535744 0.16969286254992796 0
0.10829818002807635 0.1789215909317035 0
0.04455184659110919 0.1111010761294721 0
0.016983466711093062 0.19874775761421257 0
0.032357560988889554 0.15203143031036148 0
0.32955964242968555 0.25306075557039515 0
0.3361228342568049 0.2209764043833506 0
0.296849158592727 0.1862498028890045 0
0.23640698324577106 0.100941987857653 0
0.3350549114153865 0.08341163429244905 0
0.25300026135572806 0.08411849676270187 0
0.2344388563495183 0.02313543389744615 0
0.2144691160412081 0.09990257580548134 0
0.20481635469941764 0.06979818539028566 0
0.192059717424329 0.24358001810882776 0
0.1744688889217191 0.2517461744762889 0
0.2016393140733018 0.26137824706321394 0
0.20741537065208002 0.28216964759040214 0
0.2613820681665521 0.2689215680467651 0
0.23325482328768787 0.1553551104384519 0
0.22026814266347455 0.19389708189303895 0
0.19862026041162542 0.19328808123195085 0
0.12595236144540636 0.1725968840760555 0
0.4932497830022758 0.1306916099663844 0
0.507037980094303 0.08786778184708743 0
0.5476962401695905 0.06941747793820177 0
0.5171678277010351 0.05622192579972007 0
0.5320674505482266 0.063744153211824 0
0.49710070167760684 0.03251114747116648 0
0.4901675317528399 0.22022639547485032 0
0.4135553449392635 0.18804586290217862 0
0.47356418278160695 0.18426386205580234 0
0.44585970759245985 0.1908910084787645 0
0.4826362915236244 0.16713297099031577 0
0.4161766537311421 0.12342419447692883 0
0.48130945301748485 0.10893493847831441 0
0.4645800242890951 0.1286865834632706 0
0.3739769372818588 0.11601321553927782 0
0.3726394285889369 0.1509393146511898 0
0.40281167422826153 0.17105214427589363 0
0.384955068118738 0.1328712757742326 0
0.41386772978396336 0.15777075754263803 0
0.35307889898535355 0.09364850039161504 0
0.35087737569553196 0.074242575119945 0
0.35369247143875443 0.0555165477431873 0
0.4466256053966921 0.017713247299324344 0
0.42759296776352274 0.014500111781500192 0
0.3977191433736475 0.061911790099916625 0
0.46813801634959756 0.06310465308338993 0
0.47558704554612485 0.014034097897718423 0
0.2756298287304757 0.1410535858631895 0
0.3663255496393053 0.018060656902035333 0
0.31979118227452763 0.07308356543729948 0
0.31853000198561815 0.025431793829466257 0
0.29184022188481956 0.018936769744259802 0
0.3617118500566163 0.20925422096623056 0
0.3276300341702478 0.14746246194140655 0
0.5520409215521542 0.24135550092048788 0
0.5927895601467716 0.2613600838752809 0
0.616527980188813 0.1959298810183174 0
0.5383518858950247 0.2183468234595275 0
0.5318484076737758 0.15621700810078162 0
0.5117855415711666 0.15379218824811308 0
0.5417791301246664 0.17795548895296115 0
0.554421931467025 0.15791627478611012 0
0.5815938596740924 0.033614419584837386 0
0.5441663688216696 0.05289446261572472 0
0.5956227665282597 0.17599599858761308 0
0.5929462730764535 0.0999542025797217 0
0.6004199705550609 0.0848195382103699 0
0.6229171391669386 0.11880016180565836 0
0.5278318401505485 0.10436825964499916 0
0.31796309607770396 0.5251831923896482 0
0.35081812665483997 0.606975409102567 0
0.3314561836597465 0.6070652365924747 0
0.3095731591946762 0.5391224146316762 0
0.29033731630202697 0.5363239626966835 0
0.8234937289645431 0.12276839327221134 0
0.7291382680443126 0.058475554481001585 0
0.7890504252715477 0.07903559515587325 0
0.9030493588020595 0.18494167592650193 0
0.8526314344777657 0.3206174008747876 0
0.8801132511378342 0.24094694378142867 0
0.9387739412700558 0.19492070891946164 0
0.9257884772092388 0.2632934327077643 0
0.8959594448049649 0.2635559340136167 0
0.9465392090779842 0.32569867965247945 0
0.7493533042594795 0.24559104049176084 0
0.7733914266853078 0.23878176468147613 0
0.7693935217863945 0.21134394215467484 0
0.7575671105178156 0.22435383607975015 0
0.8249490834995604 0.25823988361783257 0
0.8310364965887531 0.2292579755419142 0
0.8107273689442885 0.2100361139237474 0
0.8433606915867952 0.5796733587283356 0
0.8969869643229652 0.5236701309355608 0
0.9643088018441424 0.4572778055384939 0
0.40082247180020736 0.7070985749168632 0
0.34636076128313564 0.6937989508097597 0
0.4554442648251001 0.7584966041927861 0
0.491381213769448 0.6883269937715963 0
0.4840898480222359 0.7534066014184522 0
0.4465995622944363 0.6882523493279845 0
0.47878929438810264 0.706804686279292 0
0.8821322245339915 0.1307251548106214 0
0.9678190196064415 0.173417153403893 0
0.9328654456439935 0.03315392697646021 0
0.9608646832465844 0.07003055126233768 0
0.1525820003577276 0.7316345361319021 0
0.1322771256719059 0.8052320382664709 0
0.22056500112343802 0.8046758296812107 0
0.1072136135918183 0.768125760231822 0
0.07748346736711512 0.7762846056533355 0
0.8966299075223182 0.6863944228405332 0
0.8876583396910303 0.6655468508412908 0
0.8780653702414043 0.6826738972022338 0
0.9104080791845759 0.7339814747325913 0
0.8658134025447298 0.7294344556911816 0
0.851377353453442 0.7093088931466139 0
0.7973711283889645 0.7077084043732307 0
0.9318006111626137 0.5182666896291258 0
0.9470174670921792 0.5395056508667773 0
0.9116292359729532 0.5726816257642824 0
0.9473620589446169 0.6968943201530442 0
0.9399474284684869 0.6688465774093596 0
0.9537825602119904 0.6492245438796422 0
0.9700745727833502 0.6729170823398001 0
0.6992079909257285 0.5876392664909091 0
0.7684235363215925 0.6570466888122722 0
0.794073991221113 0.5687549773753606 0
0.8105785614762441 0.5913811480016369 0
0.8673134134304161 0.6663942942328037 0
0.7628293025929931 0.9163154398223832 0
0.7539419373260485 0.9552977195951462 0
0.7209939607761342 0.9262722858178472 0
0.7756379639655392 0.7506905340267802 0
0.8243684015273456 0.8553851532983103 0
0.8056380503730745 0.7283388042577686 0
0.786003109068192 0.796181943649721 0
0.8557842261426575 0.75224811719993 0
0.8050821794581692 0.7877144923745985 0
0.9532477452868501 0.8065396867257051 0
0.9116216050747589 0.8035367132738116 0
0.7189776538494489 0.8514371928188441 0
0.7613579298198017 0.8033772670514698 0
0.6912898035151159 0.7455553408169275 0
0.7017925457642795 0.7661745556801566 0
0.6494925673233796 0.760287065211559 0
0.5719177497653244 0.9627759953644941 0
0.681639893209482 0.9186873541163001 0
0.8871392951385908 0.966813303401118 0
0.9365008667935465 0.9254808764147682 0
0.043861179919721716 0.7774998107748975 0
0.030745375953026254 0.8169557941344163 0
0.07901380786503644 0.9065834293899192 0
0.43029889793844245 0.584494789867321 0
0.39573945092680696 0.5936877385202474 0
0.5275156854943855 0.551004224225908 0
0.7497698712812607 0.6463913448347394 0
0.594365329453857 0.5151350122939949 0
0.6776387291532698 0.5089139797130564 0
0.6302074341789472 0.5691534433108452 0
0.6001519252540803 0.5379499353053775 0
0.6840634696071611 0.41595763263599084 0
0.8376344165981909 0.4852877756760221 0
0.8711948141674961 0.47941086274293265 0
0.6790783782459832 0.568567868506496 0
0.5729685974382407 0.47065224249184784 0
0.6347624201539807 0.43227840938314216 0
0.5289348793508488 0.30963470450871605 0
0.5136969170758102 0.32933432527182493 0
0.5373005486164828 0.3336065322329233 0
0.5262941431571939 0.3786569621242444 0
0.8034305826517781 0.23657380778385628 0
0.6847691582415616 0.28012585784673544 0
0.671479701350433 0.25321116112298303 0
0.6731352687825072 0.3929763981880102 0
0.6274681981354486 0.3723890400605149 0
0.6806554022082032 0.3709064735453393 0
0.6241790404285446 0.039162106205195585 0
0.5727840649340681 0.0963638838963765 0
0.7113739819461322 0.03822202282646417 0
0.6806607634358626 0.050274932719140686 0
0.7655634389270037 0.1400223400121464 0
0.7291626226588223 0.10995726341046924 0
0.7463735442472792 0.07444498505691952 0
0.4055152579921918 0.49546372655102444 0
0.44642313777472703 0.5111291202588248 0
0.4391713764587279 0.4739928159152087 0
0.41581459060152703 0.45784539263097557 0
0.45733244734751405 0.49701730927616966 0
0.42951811845172344 0.45179252523989194 0
0.4528088647116725 0.463235405144967 0
0.47046193803552144 0.4570164547080327 0
0.48245945905030596 0.46669766905925825 0
0.45297611135330884 0.4821537298440566 0
0.5086747242087625 0.5061920063412426 0
0.5256597199040924 0.4320518328082388 0
0.5076097509291513 0.43656538042896903 0
0.4670437744544017 0.3462079792549821 0
0.43987853830230006 0.35389454447785423 0
0.5013597226127303 0.24180778581940673 0
0.48998300977810627 0.32347855178218576 0
0.4554495877492272 0.31810731960778393 0
0.4075433197646712 0.211368955231728 0
0.4431512197024844 0.2877942306509323 0
0.3154729218281328 0.5093016530559511 0
0.3694560450483209 0.5299583051476101 0
0.3785952091866907 0.5417961433950427 0
0.43170514770206947 0.538254805592225 0
0.3846375282912369 0.4057970597894456 0
0.27814628562640126 0.3527604195744172 0
0.26294762737896815 0.41264069373472373 0
0.3019092820661262 0.40575873084172714 0
0.4035028654575294 0.43265317510485374 0
0.43261100982380324 0.4370837935818707 0
0.3621543741109665 0.4996014804713644 0
0.6024294929486782 0.6440812340673755 0
0.5934024502095797 0.6667109605927949 0
0.6325915353079246 0.6700907322490227 0
0.49925271709630137 0.972684999499165 0
0.5177633168239639 0.9572558843416654 0
0.5953133088503224 0.8107796380454043 0
0.4545604212639989 0.8336033647607485 0
0.4939589148246118 0.9049279122146497 0
0.4940453338614403 0.8524696005616043 0
0.528179363314425 0.8840624943668463 0
0.47526485188411555 0.8406187898548148 0
0.42776568024458506 0.8157088586100243 0
0.32878177787240576 0.8858890317430812 0
0.308339805476366 0.911630486191792 0
0.2655919587058272 0.9237326524276257 0
0.27603835655180103 0.9080028544621972 0
0.25878972324456917 0.9740169271763466 0
0.4277403795315807 0.933756524907375 0
0.38583566649745593 0.9809820505212588 0
0.3203971475382155 0.9449013394459521 0
0.3738216052993577 0.96759395205987 0
0.365302876635677 0.9827887328037856 0
0.3745363826041435 0.9215419819314704 0
0.3385000649641726 0.9541143202884524 0
0.352731937038087 0.9467235022744477 0
0.36762154247486845 0.7797253520250864 0
0.4294634970001154 0.8832824164290515 0
0.39243026797703273 0.8656611965865566 0
0.362719958222699 0.8549183031800477 0
0.3272898149246022 0.8513621907766629 0
0.3531713888323754 0.8697538947659643 0
0.37742082569165314 0.9331800821006151 0
0.3640696360558807 0.9112249973051586 0
0.3656652147367589 0.6772685975590524 0
0.3719215727363809 0.705553482852466 0
0.3906213532941835 0.6829990788567679 0
0.3634650011484701 0.6533389215381136 0
0.35974387507249683 0.6300184103832548 0
0.32158417677325746 0.6855552913626968 0
0.2427784338148588 0.9166521773938183 0
0.25689809946034814 0.8550684275931887 0
0.16064049411783435 0.9306649640818948 0
0.354227827142161 0.3521634915268222 0
0.3449704653609508 0.3371840919518269 0
0.32607797880501355 0.33359927482198437 0
0.31514976298615377 0.38672510026761725 0
0.35890163903986494 0.3855543761419745 0
0.36616024756135296 0.33211280870607524 0
0.3844501640708458 0.2983424190504463 0
0.4319543629884887 0.3374282488588997 0
0.32670740461317516 0.28226594710434355 0
0.31737616624586823 0.47437095035843513 0
0.2489844173618821 0.290590060804602 0
0.2579378706702838 0.31185440862890046 0
0.05276285604397629 0.43878621573049925 0
0.1920475511013527 0.3149121878923088 0
0.17920645595538687 0.3541398681583886 0
0.1552277897765643 0.37610186350807523 0
0.15572950056592272 0.36258480424370837 0
0.037796714976157886 0.398221303265694 0
0.01849149462148176 0.422999022750071 0
0.22114849397251457 0.431137913774213 0
0.19229555550208907 0.43391744401769416 0
0.14698842651852784 0.4122398530360318 0
0.1277006525487807 0.41638444636523375 0
0.10066958162176112 0.43340208972953004 0
0.08780025317130327 0.44970437220644 0
0.0829359657538944 0.5084913723866048 0
0.1658020803559046 0.42690161880993116 0
0.1624725970452152 0.47322663544978566 0
0.23926382373921526 0.5278252336377957 0
0.18997378167356527 0.5148656370885712 0
0.23996920008855985 0.6446896802600471 0
0.28227694342757187 0.5159136319861987 0
0.24611921240554638 0.5588689225117491 0
0.24235563834196194 0.5901010259602223 0
0.27771611945149555 0.5573539663430612 0
0.0940214529785912 0.7090031484757325 0
0.13021199412162957 0.7258138568033717 0
0.07047809257540104 0.717143232182257 0
0.11855074848769369 0.6796552719013705 0
0.0676566201217228 0.7418672966452453 0
0.05250144691695779 0.590152745373839 0
0.024787606905695713 0.5737202248553009 0
0.15474507387050998 0.616213034287387 0
0.05253660615653267 0.673075632517297 0
0.02913105883021161 0.3351628385351896 0
0.04919541568315185 0.30809609250231856 0
0.07181195941620679 0.3472400084534012 0
0.0769949157679419 0.32318194602631856 0
0.17418494582814328 0.2868839762655491 0
0.19191950438079997 0.29457891026280175 0
0.11226699251883727 0.29067392134297326 0
0.13659760107185737 0.2830804739027212 0
0.1588470409046841 0.25897224520722917 0
0.12588001187930717 0.224675128224002 0
0.12905418086039044 0.24275831846593127 0
0.04465148225566617 0.3712250240734244 0
0.04279719569177393 0.23626332639010597 0
0.08188398787214209 0.1305466211009261 0
0.156028977966865 0.2785392492118349 0
0.031734766241899186 0.09256097143653663 0
0.32189975700453405 0.19066495111415066 0
0.28148595375717805 0.09104899609535182 0
0.23773471813213698 0.05498232365851185 0
0.1855747492137279 0.25999561200872195 0
0.22186038725383755 0.2671108235931346 0
0.3049757972209878 0.2648973100359706 0
0.2841485508965248 0.25269259378253633 0
0.3073194772728445 0.2385308059656215 0
0.238763359941219 0.2037050649165853 0
0.1752211428500152 0.20103998407142998 0
0.13969992184023913 0.19052088149005134 0
0.13983442647712974 0.12855960078857107 0
0.1909647844380942 0.16794455249368365 0
0.21611094246162757 0.17345254868401677 0
0.5024347787853152 0.04996116624946929 0
0.3819888405097195 0.17061003222976032 0
0.44766588420092296 0.17114720612291262 0
0.4584112589132954 0.1829881068912442 0
0.4390359900958101 0.12193784969825938 0
0.4010687218598079 0.12441197583256068 0
0.4277011262284045 0.14655826726802335 0
0.41157985582677115 0.13856649770953441 0
0.4853863799423265 0.09723398495899793 0
0.42047857979562575 0.09740687598676116 0
0.39171817412098775 0.07355603887623433 0
0.38197608311887343 0.06377590293190115 0
0.39467972642974897 0.031318331805068086 0
0.41406207433519593 0.012132572751649197 0
0.33510651079200204 0.06413070608917945 0
0.3172355986387113 0.05257070838558216 0
0.2654429754456984 0.02886251779518119 0
0.29445774619837767 0.043100589112077675 0
0.3710318792613166 0.1900776471963101 0
0.3487386567297667 0.19178499715361744 0
0.6143347056727574 0.26971759333047 0
0.645216790023484 0.20025830329070315 0
0.647966656533503 0.2247535052343758 0
0.6089471054467155 0.24380394876576125 0
0.5791910867206315 0.10934516460652477 0
0.6149828017012096 0.07442060201114199 0
0.604976407623399 0.13139755139939283 0
0.6164860702323172 0.09702806176109978 0
0.5241285007842638 0.09109440662899536 0
0.5404709088781201 0.0976977637372319 0
0.5377556833580386 0.11710726843230776 0
0.5138593662088389 0.10311059521601527 0
0.528205339769735 0.13012057095875873 0
0.3086183058150517 0.598398551557827 0
0.31496056003108436 0.5723946147711778 0
0.28844666653696277 0.61723811573119 0
0.2679711835640315 0.5809681272615389 0
0.31807147438258215 0.5523779615338565 0
0.7888966206951745 0.16950920759346913 0
0.8067122252369983 0.10079474101775698 0
0.8990544269329329 0.3410327999115636 0
0.8687492248711095 0.19101696966056342 0
0.8597625826417463 0.22092295278624416 0
0.9165406815391821 0.2120437168067641 0
0.8705630568586177 0.2664654572906764 0
0.9166746060210049 0.31863245244165916 0
0.7878675991196771 0.21904072416770484 0
0.7454226751479015 0.2032422352718257 0
0.9401581609319413 0.4338813434856578 0
0.46893494913372075 0.6675781533162901 0
0.42994515700000563 0.7128880399037311 0
0.9189335889885826 0.06774968977438244 0
0.21142399409253265 0.8944671866552858 0
0.1223665174502591 0.8298765996580104 0
0.14848451314883 0.7866810841723447 0
0.13116432130475641 0.7708428245199879 0
0.168289373675614 0.7950957038818975 0
0.1504522246214027 0.7661491300689454 0
0.16699096162373536 0.7498545467376868 0
0.15702640066860857 0.8100632731844124 0
0.14468850833349767 0.8277506115925316 0
0.15426803359464347 0.8455212467800726 0
0.17429174624644905 0.8490683230259218 0
0.08793984160245406 0.810725570164386 0
0.09745525734367032 0.833433228558921 0
0.8932057175098705 0.5562606116371037 0
0.9723014638282124 0.5811384818504166 0
0.9215545514606105 0.6913096117976331 0
0.9117009556048074 0.66300086298977 0
0.9327216998432545 0.6439635334110325 0
0.974925936229284 0.6407935660100482 0
0.6911339716827466 0.6131858068510139 0
0.7307980034415593 0.6290177141383684 0
0.7367514406953903 0.6075612667971982 0
0.705767859860689 0.6347016296501696 0
0.7156706899658037 0.609669833036469 0
0.8132301937316709 0.6168490877813527 0
0.857955063723063 0.6330763850379167 0
0.8387814188279141 0.9437846906067872 0
0.8727195965553557 0.7673210930091495 0
0.8415738888220597 0.7329533616642178 0
0.8723337253350005 0.7924076743995176 0
0.847185512595549 0.7773683049748608 0
0.8701793798368723 0.815905768012767 0
0.7183238875039659 0.8165766570658385 0
0.7488279338565531 0.8285913320471371 0
0.5570541049126666 0.7503109237155021 0
0.5774025297176708 0.7231501350513002 0
0.5892226920455966 0.7561947286786581 0
0.5504442514630743 0.9809316257147928 0
0.6392978389572295 0.9247735653874735 0
0.6774468562064073 0.9594125512399752 0
0.6173389014065128 0.8599195049449572 0
0.8793848429320861 0.8356018271909914 0
0.953427693106083 0.8855234413555012 0
0.9165685454226649 0.8908577083901811 0
0.05282710516652121 0.8215196582169665 0
0.04828228580358029 0.8578413874526336 0
0.46953406921328533 0.5865287997079854 0
0.4465593159571634 0.5822033883076104 0
0.5034705694214139 0.6608316318959241 0
0.6543133665776826 0.508070597922054 0
0.6897849045216988 0.48364361017812285 0
0.6170023041819354 0.5186379057652172 0
0.6049586175531333 0.4383490874545932 0
0.5221589619467478 0.3990952449545179 0
0.792694660055655 0.26183839697448247 0
0.7808523198934527 0.29029101328663176 0
0.7152385338812788 0.2719783560546303 0
0.7338105295593076 0.2288009115148271 0
0.6854826015496479 0.3144355621011522 0
0.6822766084287025 0.34073134578398373 0
0.6144270492860868 0.29356705127280597 0
0.5846457969247 0.08373358750692549 0
0.6387813242235508 0.10271230547106228 0
0.6927733822715957 0.022860024970594743 0
0.7467295664026766 0.14721010040254703 0
0.75209526701266 0.12203451560075664 0
0.766614571488535 0.160198636732032 0
0.4006781536183608 0.4764033402445624 0
0.4145557139787817 0.4840322021362797 0
0.41521156635938117 0.5085323366223774 0
0.3922649182811693 0.48869324536222036 0
0.40254123071633363 0.5097576694276816 0
0.4052254825267151 0.4637158198392208 0
0.4663375685799254 0.4868291032338726 0
0.4806712208537057 0.5104812585720051 0
0.4437319772251915 0.44845747271937286 0
0.51306928588653 0.423193796541096 0
0.45402702866838834 0.3529971490033879 0
0.4901950373355357 0.2968598556371473 0
0.43173204400148335 0.24827715507159048 0
0.412129399955657 0.541717666096708 0
0.37445014442588537 0.43228203068604243 0
0.3396300747453172 0.39647166215219387 0
0.297959041352753 0.425251768867072 0
0.39244193049718884 0.5026663785869689 0
0.587793584400069 0.625706830817876 0
0.6136194665549991 0.6614003949030205 0
0.542401810715276 0.9595630172011157 0
0.4602160249242853 0.8552216339489076 0
0.509255045753011 0.8884817879726142 0
0.5173418214194165 0.9071885617709625 0
0.47108466273096394 0.8163245394485615 0
0.4641358426121605 0.7907667196812652 0
0.3451585352239811 0.884230385330122 0
0.3258229187812475 0.9044735331899617 0
0.2588021767651093 0.9015193428965584 0
0.4240752221917243 0.96301600774915 0
0.44634408028078154 0.9760859044188531 0
0.38872816713005676 0.9626509574895483 0
0.35821623868368707 0.8274045113500847 0
0.34452368180969495 0.8533013350270108 0
0.36081747037876005 0.930193460052238 0
0.3839757672686143 0.6628116439744343 0
0.3393672335055717 0.37074112712458485 0
0.3460216039736262 0.3186754625055597 0
0.3855626414458706 0.3175112202307292 0
0.34929163374791405 0.27011041480433334 0
0.4051964185872691 0.3025828812854764 0
0.42011926411046885 0.32174545783643504 0
0.44040268513320696 0.3201390508084689 0
0.22095067773028873 0.36549549363601436 0
0.1632340433507893 0.3515558779295469 0
0.0365355406280189 0.4315356652863871 0
0.036373190313141616 0.4131320817422022 0
0.22861166497896473 0.45236645783752616 0
0.22535511892992866 0.4733434901839709 0
0.04905859907770354 0.6987227315203073 0
0.0228089146096955 0.6016148319036755 0
0.029506615691434306 0.3199585999320753 0
0.041508952947694695 0.3290614766527554 0
0.01368463807340767 0.34162676302939027 0
0.02845367111991621 0.3514426245480126 0
0.04261815668859605 0.29400305259691273 0
0.05300011665623725 0.321745655643101 0
0.05788443257519411 0.29486816316464093 0
0.06492819077532878 0.338084554302134 0
0.06253917071450284 0.35750938100812396 0
0.08773613675249202 0.3206243489211397 0
0.08184953974950858 0.3107609779699836 0
0.06563242263873806 0.3121681972130339 0
0.06426764013742764 0.3275869060011752 0
0.08645149541202672 0.33090521735432343 0
0.08381395621196974 0.27281085443877784 0
0.12043376755738344 0.2795268933899092 0
0.14475601942250832 0.24958614773293208 0
0.13340786623967826 0.2561548390311635 0
0.09866394037553501 0.22196179500253915 0
0.06028985831884271 0.09355165166128716 0
0.044978551163944266 0.07185020240112651 0
0.07148631576404267 0.06377028659062993 0
0.08413523864036601 0.22073008425553325 0
0.051305331122054466 0.2495578951142545 0
0.18950778935599102 0.2192031913013442 0
0.21459978650593864 0.21597500591456517 0
0.18919467964189937 0.27553334287498765 0
0.2836067842996372 0.2250087827174937 0
0.30430803865346556 0.20889939137977298 0
0.2381509316461047 0.22808035933698328 0
0.1325875564342557 0.15086591557295842 0
0.1569747279359655 0.14653219026872844 0
0.18123010042753437 0.14537247546628215 0
0.45864446176741275 0.155603229464345 0
0.46514256828451483 0.16932948702661804 0
0.45409439607193886 0.11606358297739437 0
0.3883002313363458 0.11652383464186804 0
0.43508932750110685 0.031121922773470298 0
0.426083938266477 0.06313387411073428 0
0.43129831306657906 0.11311039801116428 0
0.40646694477127915 0.0765612544176482 0
0.3992000116046334 0.10612617569674238 0
0.3922424966331216 0.08861547180784338 0
0.3591351092768579 0.03700962731398536 0
0.36716362076967746 0.06827714837644146 0
0.2726395219625167 0.061648275884910855 0
0.5889272839146111 0.19688416610462448 0
0.598112662108301 0.2190613426838888 0
0.6406066562048061 0.2503078181006543 0
0.6263749292855134 0.22147803020021534 0
0.5566815379971485 0.0962381793522409 0
0.5505304978106802 0.10891503884386627 0
0.5245795800952521 0.14163118792419863 0
0.29280085286986085 0.5775681817509492 0
0.7840123456303618 0.14499800343454447 0
0.8298681577344575 0.3037732639884015 0
0.8829127158683625 0.2840201857194322 0
0.8834965872814057 0.3122280250966382 0
0.9080023591678948 0.23747255188689315 0
0.9069639746292603 0.2900793289889513 0
0.2215696180000313 0.8762350107844821 0
0.19565047171839237 0.7396351370073508 0
0.18180664869118693 0.8637366152709073 0
0.16573614987390678 0.8288880425140749 0
0.20331882835008824 0.8202910496788696 0
0.2501902458507102 0.833561786879075 0
0.2645690679786232 0.8168784355996775 0
0.18600803764959908 0.7889146272124232 0
0.2006145727353784 0.8018564459277435 0
0.21823840724131308 0.7562902695416542 0
0.24882945328011488 0.7548511634400681 0
0.23880279332012413 0.8496847948729057 0
0.0815665783820062 0.791984690181062 0
0.9494335523776316 0.6008321659647724 0
0.9029842397141948 0.5924945595216045 0
0.8189016649405013 0.639892504538583 0
0.8497382100216833 0.6183442952375446 0
0.8532988551377376 0.6509651196368484 0
0.8164385812804145 0.663949266721186 0
0.867192981359054 0.947824045322594 0
0.8220149420318329 0.972589172796739 0
0.8173854616351217 0.7678307944835072 0
0.8476967586688108 0.8045653754232979 0
0.676400854913885 0.7641141353512315 0
0.5267997621343992 0.7453517042562077 0
0.5697883974869217 0.7850685442736244 0
0.904788516536229 0.8306420171840956 0
0.9318579481639797 0.8534134903714223 0
0.07420933961360475 0.8269180559886405 0
0.04713521017951651 0.7995876824675636 0
0.03994161516530546 0.8377850050221164 0
0.06893558724539575 0.858513984084797 0
0.4960618129519052 0.5805772377129375 0
0.4349562775317768 0.600000961408753 0
0.41374587711734734 0.6401772307449066 0
0.4822905211073775 0.6444309565420584 0
0.5240173963781122 0.6415087623036659 0
0.5136406795572078 0.5937896491573936 0
0.6621752834337618 0.5238481744128325 0
0.6858365390793093 0.5357541902513018 0
0.7436054528259503 0.467569256847785 0
0.7389811298085021 0.5028626348942928 0
0.6988892573996625 0.2529745883605261 0
0.6627545630955012 0.32642645369180756 0
0.6538605841328572 0.38440334250577507 0
0.63456316513379 0.08237221024237597 0
0.7494169933440087 0.09594016396697763 0
0.4139799200335553 0.4711548258732256 0
0.4256658334526947 0.4811530569237372 0
0.42982602153618776 0.5082218838729946 0
0.4214577547101855 0.49618859719437614 0
0.42134981538244054 0.5188856674103123 0
0.37791403758378267 0.4931844315756028 0
0.4629263542888326 0.5146930739190377 0
0.48025168100198334 0.48351048708795036 0
0.5199027801457117 0.3521852511352123 0
0.500021024865956 0.37005063088782536 0
0.5053162005199568 0.3920701485348648 0
0.4501077181102548 0.3685254748586893 0
0.4211515791893932 0.4252774534980684 0
0.3934861897665187 0.5189185664346702 0
0.4451661538703129 0.8109602103030468 0
0.3551339927994269 0.8968020109201309 0
0.4047769234696742 0.9736664502544045 0
0.37141803108393256 0.9502188218553824 0
0.355067617656253 0.9647535511841907 0
0.34071204965506463 0.8341809440251642 0
0.35538044888904 0.8420873547982937 0
0.3253362728285689 0.9228633372508683 0
0.34009531497665185 0.9359265445480731 0
0.2611271721510601 0.7306240971445612 0
0.38594682251279816 0.639807481290041 0
0.32612938005131586 0.7485899943829574 0
0.33707020311609215 0.35097352499619583 0
0.29280024134444904 0.37203894370721685 0
0.41223894912109743 0.3384470409135073 0
0.3661513491406612 0.30723370122161514 0
0.3460132223436106 0.2947885365202185 0
0.36592278102014425 0.22895682223313785 0
0.4132298826067812 0.23450437796659124 0
0.3691006936764386 0.2834610122461678 0
0.4218341557780073 0.2775162887623778 0
0.4296586979227506 0.3030271641296756 0
0.1916539511973018 0.33760012232187886 0
0.20048915387849572 0.359173743248589 0
0.050996285749354935 0.42203873501210865 0
0.24351860633589806 0.46034440232292795 0
0.20688550148619947 0.49599014059470026 0
0.1822526494115523 0.45973675852077917 0
0.20005363914563157 0.47459218062155867 0
0.2663926860833138 0.534326613689989 0
0.30089035620824134 0.5553881028691815 0
0.09025084117826422 0.7329950650502329 0
0.11402054506838635 0.7475610052329437 0
0.07456268600131627 0.6911807507311402 0
0.10061331155869101 0.6176695341981165 0
0.017368784655623574 0.30782997652327715 0
0.04095174762320885 0.31733927926632216 0
0.015087489877391447 0.3254264673577052 0
0.05488589750665966 0.33460022077178736 0
0.03936553242079278 0.3586971767334156 0
0.05713575477442325 0.3659956450009315 0
0.07379259243750165 0.35861572100238276 0
0.07502302597656546 0.3349475929973244 0
0.08374676185406545 0.3420064654393122 0
0.06677182258112904 0.24917400160316613 0
0.0943942472784937 0.2791050353120007 0
0.07446010540015914 0.26248190082675765 0
0.12792498734716481 0.2679521673378603 0
0.11495084202008553 0.24463662450791943 0
0.08356774496059252 0.08692959948882369 0
0.2778585275538193 0.2023057854376659 0
0.2578870464014034 0.19193457612503567 0
0.2751182214242559 0.18132209531525922 0
0.5208510210179489 0.117473481926316 0
0.5033783516923646 0.11526965449660333 0
0.46711978802275655 0.14531104393238045 0
0.47450843125327846 0.09781369385558593 0
0.45629124775293545 0.04351924929400404 0
0.4059514421298581 0.0456101305494136 0
0.4152452231966857 0.027620756403533293 0
0.41936746898925814 0.08451686872644748 0
0.425019250735541 0.04872548007545486 0
0.4131735664210093 0.0615727643007777 0
0.44180566948450106 0.10909771321150374 0
0.38368516002679687 0.1031731208481334 0
0.38385642942277154 0.01689853815359119 0
0.7738597171933046 0.12713176194784223 0
0.8125189184967067 0.1502717605487556 0
0.8891673867789137 0.21475980377043347 0
0.4758292470585053 0.7303552533118585 0
0.4690956061817417 0.6923612938034356 0
0.11415790334096095 0.7884719848926801 0
0.1980131023120848 0.8748887013539297 0
0.1874822124065527 0.8336815280059504 0
0.19122637386698266 0.7656315517497282 0
0.23836969083968626 0.7841264464006159 0
0.243472154375991 0.8114955452109833 0
0.20592542756196527 0.8378661743840562 0
0.06797554958009369 0.8060107889492782 0
0.9422553264773593 0.5699847250140925 0
0.9243473272013865 0.5948234779883701 0
0.8409424394545099 0.6362478157888226 0
0.8562167263165334 0.9709807406986894 0
0.8035663218606579 0.8102633479993993 0
0.8200517789508376 0.7401693841458961 0
0.8262606195880744 0.8214131993966377 0
0.6035253853607896 0.7822907968264475 0
0.7178792124326172 0.9666216767402345 0
0.07903066823481736 0.8434760822220965 0
0.41929960524659093 0.5961763072897199 0
0.5000262542275318 0.631822975908344 0
0.5168339939114596 0.6169213605405411 0
0.6406720511240458 0.5246465876230451 0
0.6540073773127436 0.5493146058686251 0
0.5771038003448477 0.44372502798842994 0
0.7239545862054004 0.2511420171041628 0
0.6401551782858291 0.32484512291064305 0
0.6531879705588363 0.351699350779638 0
0.7663277282822346 0.0766483670547001 0
0.49841955086275996 0.345358601999314 0
0.32291464716969986 0.409977774330475 0
0.3442217385922923 0.4194500854890092 0
0.3517540300309484 0.4515838214344812 0
0.3579381529887153 0.43500034119654946 0
0.30198877705497046 0.4608674128033898 0
0.42309339984820316 0.9822116894408318 0
0.34401630525512356 0.9137261192170549 0
0.3397160850689338 0.8967300583458526 0
0.26364458437285304 0.6828259715939458 0
0.31505013175064756 0.358707622124859 0
0.39044855129803174 0.23283995688564596 0
0.3934689136725 0.27916171687193453 0
0.20889977800012227 0.45409704334123197 0
0.1426050824729719 0.638510513316507 0
0.03434902307709728 0.30714921784696403 0
0.05784468585017236 0.3466254727069122 0
0.043364093380556794 0.34480415704577233 0
0.07398205934727896 0.2971771614483155 0
0.07665699336538877 0.23590398255132852 0
0.10677702963297371 0.27816391776305505 0
0.14261477029932215 0.26571852626040093 0
0.12118132574136804 0.2559123473984009 0
0.26116491101852796 0.23980841301863484 0
0.1623369590985386 0.1855797951932389 0
0.16961398921586723 0.16644695619918734 0
0.17831750609040659 0.18279643181787586 0
0.5120573138269942 0.13202955296000318 0
0.480554262249293 0.08535980523713138 0
0.44899460879311803 0.03369652969062876 0
0.4008587643330688 0.014668142953513461 0
0.43174079919093333 0.07505882937311442 0
0.4418897256508654 0.04495760662929392 0
0.459804345806633 0.10114551635974338 0
0.45903990168797665 0.7106361167946657 0
0.19296677970726875 0.8526503857122674 0
0.18106604680537555 0.8115044634694086 0
0.20874291750228535 0.7840314243971078 0
0.21677993513278115 0.8563170681448437 0
0.06408341658496514 0.7863584969086688 0
0.831535491075776 0.6224565387970851 0
0.82471723045612 0.7939017643295173 0
0.06021496340179866 0.8414954933393161 0
0.4260175679726287 0.6176023681351355 0
0.4352580189244262 0.6346207529542367 0
0.45984999074417193 0.6358299974983255 0
0.4511763638441974 0.6006070483410433 0
0.7760539431990716 0.10402145394664973 0
0.337121062172754 0.4542170408695454 0
0.27597090497848625 0.7038643051758723 0
0.3157439107577877 0.7296429602415575 0
0.296133459141475 0.3506865533961171 0
0.4048325525611571 0.2550376887264984 0
0.3753390503261959 0.2560893844157773 0
0.17972865252922987 0.48869769717626665 0
0.11391509192357838 0.5966500751620745 0
0.1281235134250803 0.6166974193870904 0
0.05036205854252169 0.3573452188783507 0
0.08704305217096574 0.2587196827757519 0
0.11430847479239525 0.26769231165796925 0
0.26024960492595367 0.21609947950914304 0
0.14797163203154706 0.1682706942597073 0
0.4600338174010788 0.07175012715436692 0
0.43149540154712185 0.10282768044391515 0
0.4372335122456876 0.06109342267938916 0
0.7962410337996022 0.1254125123445208 0
0.4488398239501348 0.7296159958598002 0
0.259003230306014 0.7995442487473184 0
0.22508119129296905 0.8290308961835735 0
0.4916397934044861 0.6056427517799978 0
0.28905932352919056 0.7284832265159917 0
0.11609250952123557 0.6399825175470776 0
0.09829097558174936 0.2667544906627374 0
0.0885196707215926 0.24598038844469094 0
0.09299492097997118 0.2330816498488118 0
0.45399745978284106 0.05809145582313083 0
0.4646362539248387 0.08574849587636113 0
0.44685952471573326 0.6161617291951432 0
0.32033493936004565 0.45789704688347493 0
0.3100864536165822 0.4394227131421649 0
0.30399558898115386 0.7052702302899916 0
0.10181641316293602 0.24433197056785178 0
0.44069409650803465 0.09712012325075674 0
0.46629203270769437 0.6129315024329841 0
0.4795814389228764 0.626842953360091 0
0.3258824876663633 0.42824208044874384 0
0.10806547722050601 0.25507183871533995 0
0.09617313119078591 0.25354910236336375 0
0.44465171236518897 0.0705134926355126 0
0.3122957486573129 0.42111310718195416 0
0.0 0.6406819085607456 1
0.5830413927278928 0.0 1
0.8083366761591423 0.38286735193449356 0
0.044340151933256945 0.18163762900921626 0
0.4798800430779053 0.12225825313575199 0
0.36829855192177824 0.09943022750329143 0
0.019040313619217916 0.13853470596695788 0
0.42600748420927576 0.1201068271335044 0
0.4505461253648084 0.12909292227099506 0
0.4266820732881925 0.13143498197236383 0
0.37999824925466286 0.07839867403523891 0
0.4101007017527088 0.11347670890424512 0
0.41179333780788685 0.10350375188425431 0
0.40822965704324593 0.09318538550442292 0
0.4538018846282059 0.1411363820380009 0
0.4701427958531512 0.15694067375264315 0
0.3777467411649959 0.0907042185494858 0
0.4304188330956234 0.08909293730806948 0
0.49539118054024217 0.07816310435855119 0
1.0 0.09076558097119908 1
0.4211024534243507 0.11056899179233853 0
0.45361943036630575 0.0 1
0.31865105035431085 1.0 1
0.7513434641762491 1.0 1
0.9696010459641019 1.0 1
1.0 0.9720286106312459 1
0.4543558152883328 0.2520731213177935 0
0.46593318981579157 0.2639506974778036 0
0.4015819109003763 0.8743148050185484 0
0.04431957850486144 0.5328013366601619 0
0.34884917665332876 0.526030704815401 0
0.38877569442914706 0.048095820178180704 0
0.6072517415240611 0.7348424277319909 0
0.48281054228051123 0.07344651198645157 0
0.3711845660378784 0.05054012091523509 0
0.3401424900911585 0.439290383048315 0
0.7945019756357138 0.9076481208793579 0
0.4202700662443396 0.07215874812215117 0
0.3689044398697335 0.8692513873742854 0
0.4113391931103431 0.399091261221538 0
0.21701091984237317 0.34144217556307543 0
0.6869827264514122 0.6804665474841869 0
0.5684022124701522 0.017467827739617612 0
0.4021226811317713 0.39128167319114926 0
0.48005741071428454 0.37218838987419395 0
0.4272576826527224 0.3910557046135345 0
0.518694067685961 0.7920533974151556 0
0.22292555434627598 0.3219320915035906 0
0.2076974653194167 0.32287887852398023 0
0.829753217593833 0.6736131884624902 0
0.8947492888968291 0.6474018624555176 0
0.48559048617968487 0.3862793643250055 0
0.6048284492939393 0.11271767085541466 0
0.4733324957893003 0.3973082084390377 0
0.36155160177553824 0.3676591878306892 0
0.39120192369872264 0.3611519464296101 0
0.28431027707022993 0.596133727012918 0
0.8895287620595436 0.5805394579934957 0
0.3772940268754613 0.03392613843818063 0
0.3905461323080264 0.3405970119868446 0
0.32625334559351665 0.44436715150209694 0
0.681305913193005 0.23170632270425484 0
0.3736868859880141 0.39567953748325957 0
1.0 0.3745070669749952 1
0.6044464898993137 0.0 1
0.8339529348963154 0.6557617211090971 0
0.7727229077517671 0.5721151224507097 0
0.7983734843238055 0.8606370801887152 0
0.7088707860180515 0.5344591728437437 0
0.6396666669557923 0.16395775560742662 0
0.38081570467064857 0.8705040219798598 0
0.07801599200775214 0.3917215899358228 0
0.0983349251278143 0.7965461607241784 0
0.42515943717991306 0.5441915956757586 0
0.2562462600071484 0.3522368978331542 0
0.37591958470203235 0.5661313006310184 0
0.3078957253154115 0.9301559042148965 0
0.394641197027584 0.8527348342294472 0
0.11999031201684535 0.2356709493859142 0
0.284549149265681 0.2742194011150201 0
0.3982963466517906 0.13658560400785794 0
0.17451966815075362 0.44272321728977704 0
0.07950004392493122 0.2500137447197435 0
0.45159855113546515 0.09204598793939124 0
0.4416103889306125 0.08395966638430559 0
0.4535348727033567 0.08160228070268752 0
0.19722796811758722 0.6737183208692576 0
0.5270387525449393 0.017291692096697602 0
0.3518449830272116 0.5712669630480833 0
0.35579549424211165 0.7687644902288225 0
0.3631198209020486 0.5877078151663088 0
0.1514630463168598 0.9116529167578399 0
0.8274484243192044 0.5847054097247222 0
0.3611969754052621 0.5155139665438642 0
0.7707826684606716 0.6354297824254935 0
0.8960247551291175 0.7932195820564263 0
0.7757872618916767 0.8457055109676229 0
0.06993138490708535 0.4042839402630579 0
0.6345360197141855 0.18227816992366608 0
0.549467044875037 0.08466164925579878 0
0.420679239504581 0.3538622783840251 0
0.20266573156859888 0.23015841935845385 0
0.874658568425353 0.5873667621779567 0
0.40251719523594354 0.32403778042851467 0
0.3300871780089061 0.46777877348557406 0
0.22055834775893415 0.7168508667554127 0
0.7624919020103883 0.35593812393330887 0
0.5519939383228002 0.0 1
0.4124379957221982 0.5748340638125741 0
0.41982349556018533 0.5539469278993062 0
0.727163265081679 0.08501652297058326 0
0.2346784138351231 0.7304920604209763 0
0.2144686003209865 0.7315485790352292 0
0.16816524533160443 0.7745804181190556 0
0.5925499655441292 0.01789828058415351 0
0.43824274304528005 0.0 1
0.23535522525897265 0.35156130462280516 0
0.5028305725591775 1.0 1
0.6356734322026677 0.4753296307576384 0
0.4530928351498836 0.5427918332642191 0
0.5058987970551684 0.07564014218693331 0
0.47493118994099437 0.05496420584394321 0
0.27862756025471475 0.9347975207474472 0
0.46600034069431945 0.05180914085020287 0
0.4493406721389151 0.102647331951458 0
0.4716186914726081 0.07546226216072349 0
0.7836067560746658 0.6496092107344149 0
0.16589437831732126 0.9016718537841405 0
0.45823072134326526 0.5319794691194663 0
0.44886359189766006 0.5235958538133682 0
0.18843902557803122 0.8978896457966483 0
0.2981887682741273 0.3889618975790191 0
0.13195098416583034 0.7879991034783367 0
0.6202319943859943 0.9497687880213429 0
0.7175492335906076 0.20891114968400157 0
0.4058902787335861 0.35251688072491305 0
1.0 0.34249040375029216 1
1.0 0.911420999447405 1
0.7824793596580056 1.0 1
0.0 0.36053114641920975 1
0.4773819470271693 0.06537949698454815 0

Edges
144
1 269 1
1 278 1
2 112 1
2 113 1
3 2016 1
3 2017 1
4 211 1
4 401 1
5 461 1
5 747 1
6 145 1
6 353 1
7 233 1
7 256 1
8 259 1
8 397 1
9 191 1
9 215 1
12 147 1
12 327 1
14 163 1
14 335 1
15 164 1
15 2056 1
17 266 1
17 299 1
20 64 1
20 186 1
21 193 1
21 542 1
24 212 1
24 214 1
25 626 1
25 705 1
26 629 1
26 2131 1
29 257 1
29 1992 1
31 267 1
31 268 1
33 279 1
33 280 1
35 749 1
35 753 1
42 328 1
42 2011 1
43 332 1
43 334 1
44 350 1
44 374 1
45 351 1
45 352 1
47 373 1
47 2129 1
49 391 1
49 392 1
50 398 1
50 400 1
54 145 1
54 146 1
55 147 1
55 2128 1
58 163 1
58 164 1
64 185 1
65 186 1
65 2015 1
67 191 1
67 2014 1
68 193 1
68 194 1
73 211 1
73 212 1
74 214 1
74 215 1
77 627 1
77 628 1
78 233 1
78 630 1
85 256 1
85 257 1
86 258 1
86 259 1
89 266 1
89 267 1
90 268 1
90 269 1
94 278 1
94 279 1
95 280 1
95 704 1
101 298 1
101 299 1
111 327 1
111 328 1
112 2011 1
113 332 1
114 334 1
114 335 1
115 350 1
115 351 1
116 352 1
116 353 1
122 2017 1
122 2129 1
123 373 1
123 374 1
128 391 1
128 2130 1
129 392 1
129 2016 1
130 397 1
130 398 1
131 400 1
131 401 1
146 2055 1
165 461 1
165 2099 1
185 535 1
192 542 1
192 2014 1
194 546 1
230 626 1
230 627 1
231 628 1
231 2131 1
232 629 1
232 630 1
258 1992 1
281 704 1
281 705 1
296 747 1
296 2013 1
297 748 1
297 749 1
298 753 1
535 2109 1
546 2109 1
748 2107 1
1993 2056 1
1993 2099 1
2013 2107 1
2015 2130 1
2055 2128 1

Triangles
4118
1 269 278 0
2 112 333 0
5 730 747 0
5 779 730 0
6 855 319 0
7 224 241 0
7 241 256 0
8 341 397 0
9 215 220 0
9 220 1412 0
10 159 435 0
10 409 524 0
10 418 434 0
11 140 162 0
11 149 2098 0
11 162 804 0
11 804 1619 0
11 1619 306 0
12 305 327 0
13 151 320 0
14 335 799 0
15 104 2056 0
15 164 467 0
16 302 970 0
16 312 463 0
16 476 974 0
18 1026 1794 0
18 1395 788 0
19 179 381 0
19 381 382 0
19 1398 1029 0
20 64 897 0
20 898 186 0
21 542 1417 0
22 575 1050 0
22 1050 1073 0
23 218 910 0
23 343 344 0
23 910 912 0
24 212 594 0
25 705 688 0
27 237 648 0
27 242 246 0
27 246 252 0
28 243 650 0
28 651 1138 0
29 1681 1153 0
30 615 679 0
30 679 1163 0
30 1488 669 0
32 288 721 0
33 279 703 0
34 694 716 0
34 1192 289 0
35 1230 753 0
36 300 760 0
36 715 1188 0
37 777 965 0
38 796 797 0
39 311 1550 0
39 811 1272 0
39 1272 1558 0
40 315 1344 0
40 429 819 0
41 322 826 0
41 826 1776 0
41 1561 1281 0
42 330 2011 0
44 347 350 0
46 873 1315 0
46 1605 903 0
47 124 373 0
47 393 1606 0
48 899 380 0
48 900 899 0
49 1329 392 0
49 1885 1329 0
50 398 909 0
51 406 919 0
51 2120 480 0
52 414 1341 0
52 1340 137 0
53 144 161 0
53 436 1343 0
53 935 436 0
53 1343 314 0
54 1275 152 0
56 148 155 0
56 149 307 0
56 155 1994 0
56 307 308 0
57 154 933 0
57 428 932 0
58 1627 470 0
59 500 2018 0
59 501 737 0
60 505 1387 0
60 1387 1386 0
61 180 325 0
61 522 181 0
62 137 176 0
62 176 525 0
62 519 178 0
62 525 1649 0
63 528 534 0
63 530 1654 0
63 534 1651 0
64 1601 1327 0
65 186 1603 0
65 1603 1890 0
66 190 540 0
66 540 541 0
66 1046 2038 0
66 2038 1037 0
67 191 543 0
68 193 1908 0
69 197 1413 0
69 551 1056 0
70 198 558 0
70 556 572 0
70 559 1407 0
71 564 581 0
71 566 1062 0
71 581 561 0
72 568 576 0
72 578 1072 0
72 1072 2030 0
72 2030 2062 0
73 211 213 0
73 213 1085 0
74 214 1079 0
75 217 596 0
75 218 2083 0
75 596 597 0
76 592 1055 0
77 627 1838 0
78 630 631 0
79 239 641 0
79 253 2021 0
79 641 1463 0
80 242 645 0
80 645 1467 0
80 1138 248 0
81 244 255 0
81 245 2078 0
81 255 661 0
81 1149 1135 0
82 1466 1470 0
83 250 259 0
83 654 1680 0
84 1143 1476 0
85 256 1147 0
85 1147 1479 0
86 83 259 0
86 654 83 0
87 1154 261 0
88 613 1108 0
88 668 1489 0
88 1489 1496 0
89 266 684 0
89 684 1176 0
90 268 273 0
90 273 1172 0
91 685 699 0
91 687 707 0
91 689 687 0
91 1178 689 0
92 691 1175 0
93 697 1159 0
93 698 1508 0
93 1159 1491 0
94 1172 1173 0
95 280 708 0
95 282 704 0
96 283 1183 0
97 287 290 0
97 693 696 0
98 712 1198 0
98 1511 1510 0
98 1714 722 0
99 725 2010 0
99 729 1512 0
99 2025 2132 0
100 734 1220 0
100 740 1514 0
100 1220 1518 0
101 298 1232 0
102 714 1499 0
103 302 2061 0
103 1538 1249 0
104 467 1358 0
104 469 2106 0
105 781 303 0
105 782 781 0
105 784 1536 0
106 148 308 0
106 308 1260 0
106 1260 1739 0
106 1552 13 0
107 147 310 0
107 305 12 0
107 1263 806 0
108 311 1559 0
108 973 1628 0
108 1628 1630 0
109 314 815 0
109 816 817 0
110 188 323 0
110 822 1276 0
111 327 329 0
111 329 1284 0
113 2 333 0
113 333 1285 0
114 334 830 0
117 877 411 0
117 925 413 0
118 359 2058 0
118 360 866 0
119 1311 2028 0
120 843 844 0
121 46 1315 0
121 1315 1888 0
121 1595 1605 0
122 393 2129 0
123 885 375 0
124 885 373 0
125 887 2088 0
126 378 1596 0
126 892 893 0
126 893 1325 0
127 385 874 0
127 874 1328 0
127 1328 1602 0
129 394 902 0
130 399 1332 0
131 400 905 0
132 404 911 0
133 507 407 0
134 1586 923 0
135 413 925 0
135 924 1337 0
137 62 177 0
137 177 52 0
138 157 431 0
138 431 2110 0
138 1347 445 0
139 415 439 0
139 420 415 0
139 440 441 0
140 11 2098 0
140 143 450 0
141 421 426 0
142 143 2098 0
142 149 1994 0
143 140 2098 0
143 421 422 0
144 53 314 0
144 160 161 0
144 314 316 0
145 6 319 0
146 150 2055 0
147 55 310 0
147 107 12 0
148 13 154 0
148 56 308 0
148 106 13 0
148 154 155 0
149 11 306 0
149 56 1994 0
149 142 2098 0
149 306 307 0
150 146 152 0
150 152 820 0
152 146 54 0
152 1275 1560 0
153 436 425 0
153 929 932 0
153 931 436 0
154 13 320 0
154 57 155 0
154 320 933 0
155 57 929 0
156 424 423 0
156 1614 157 0
157 138 445 0
157 424 156 0
157 445 424 0
158 438 2060 0
158 1614 433 0
158 1781 1339 0
158 1783 438 0
159 10 434 0
159 434 1345 0
159 1583 435 0
160 144 316 0
160 355 1308 0
161 437 935 0
162 451 947 0
162 945 804 0
163 14 474 0
163 1360 1627 0
164 58 470 0
165 959 2079 0
166 37 1245 0
166 462 959 0
166 777 37 0
166 959 2034 0
166 1245 462 0
167 469 1358 0
167 966 964 0
168 477 974 0
168 1363 477 0
169 478 487 0
170 916 1375 0
171 483 936 0
172 499 2037 0
172 1800 496 0
173 1384 1823 0
173 1823 1643 0
173 2018 2019 0
174 1015 1016 0
175 408 1336 0
175 414 416 0
175 415 420 0
175 416 408 0
176 137 418 0
176 524 525 0
177 178 136 0
177 414 52 0
178 177 62 0
178 417 136 0
178 519 920 0
180 61 181 0
180 324 325 0
181 522 1397 0
181 895 180 0
182 524 409 0
182 526 1398 0
182 1398 1650 0
183 387 529 0
183 528 1405 0
184 1032 531 0
184 1041 1042 0
184 1042 1043 0
184 1043 1403 0
185 535 1034 0
186 898 1603 0
187 536 324 0
187 895 1599 0
187 1598 1766 0
187 1766 536 0
188 1060 555 0
189 537 1280 0
189 1036 2038 0
189 1046 537 0
190 66 1037 0
190 387 539 0
190 539 540 0
190 894 387 0
191 9 1412 0
192 1058 1057 0
193 21 1414 0
193 1805 1908 0
194 68 1661 0
195 550 552 0
195 552 532 0
196 531 1032 0
196 552 554 0
196 1032 532 0
197 69 1070 0
197 554 1413 0
197 567 1064 0
197 1064 554 0
198 555 558 0
199 556 1045 0
199 557 569 0
199 569 570 0
200 565 573 0
200 566 1421 0
200 573 1066 0
200 1421 198 0
201 568 2020 0
201 1063 576 0
202 570 2069 0
202 571 1067 0
203 576 1063 0
203 577 1418 0
203 1418 1428 0
204 22 221 0
204 221 1088 0
204 1087 580 0
204 1088 1087 0
205 564 580 0
205 579 1074 0
205 1087 579 0
206 582 1074 0
206 1952 1814 0
207 208 2097 0
207 244 208 0
207 1743 342 0
208 244 2078 0
208 245 585 0
208 1075 2097 0
209 1078 1277 0
209 1277 1430 0
210 823 590 0
211 4 401 0
212 73 1085 0
213 401 402 0
213 402 595 0
213 595 1085 0
215 74 591 0
215 591 220 0
216 76 220 0
216 591 1081 0
216 1081 1082 0
217 24 594 0
217 594 596 0
217 1084 24 0
218 23 600 0
218 75 597 0
218 597 910 0
218 600 2083 0
219 595 906 0
219 596 1085 0
219 906 1333 0
220 76 1053 0
220 1053 1412 0
221 22 1073 0
222 1082 593 0
222 1437 2119 0
223 610 1461 0
223 1105 1107 0
223 1462 643 0
224 7 233 0
224 233 234 0
224 234 640 0
224 239 241 0
225 613 1157 0
225 614 1108 0
225 1108 613 0
226 615 670 0
226 670 1110 0
226 676 677 0
227 618 1111 0
228 1457 625 0
229 1115 1453 0
229 1118 1115 0
230 626 666 0
230 666 667 0
231 634 2131 0
232 629 633 0
232 633 1456 0
233 78 234 0
234 78 631 0
235 1122 1493 0
235 1493 1164 0
236 1128 1460 0
237 27 240 0
237 240 1463 0
237 646 648 0
238 609 643 0
238 641 640 0
238 642 1130 0
238 643 1462 0
239 79 241 0
239 224 640 0
239 640 641 0
240 27 252 0
240 658 253 0
241 1147 256 0
241 2021 1147 0
242 27 648 0
242 80 248 0
242 648 645 0
244 81 2078 0
244 207 342 0
245 81 1135 0
245 208 2078 0
245 1135 1136 0
246 242 248 0
246 651 660 0
247 28 650 0
247 650 1480 0
247 1480 660 0
249 82 1138 0
249 1467 652 0
250 8 259 0
250 251 657 0
250 341 8 0
251 250 83 0
251 1475 1477 0
251 1477 657 0
252 246 254 0
252 254 1148 0
253 658 1146 0
253 1146 2021 0
253 1463 240 0
255 84 662 0
255 244 836 0
255 836 84 0
257 1681 29 0
258 654 86 0
260 664 1920 0
260 1688 1156 0
261 665 1168 0
262 669 1488 0
262 1488 1697 0
262 1697 1489 0
263 618 673 0
263 671 1111 0
263 672 682 0
264 615 677 0
264 677 1162 0
264 678 1695 0
265 1690 1844 0
265 1843 1690 0
266 17 1190 0
267 695 31 0
268 31 272 0
268 272 273 0
270 686 1179 0
270 701 685 0
270 1166 710 0
271 687 689 0
271 689 1170 0
271 1167 687 0
271 1182 1167 0
272 691 92 0
273 272 92 0
274 692 1174 0
274 696 693 0
274 1174 1852 0
276 698 702 0
276 702 1180 0
276 1201 1508 0
277 699 701 0
277 700 1700 0
277 701 702 0
277 702 700 0
278 269 1172 0
279 94 1173 0
279 1173 1497 0
280 33 1998 0
281 704 1182 0
282 95 708 0
282 708 709 0
283 96 284 0
283 709 1183 0
284 96 690 0
284 690 1495 0
285 1527 1231 0
286 1197 718 0
286 1925 1197 0
287 97 696 0
287 289 290 0
287 694 34 0
287 696 694 0
288 692 693 0
288 1712 721 0
289 287 34 0
290 289 722 0
290 722 1714 0
290 1713 1509 0
290 1714 1713 0
291 723 726 0
291 1214 1520 0
292 725 1205 0
292 727 1540 0
292 1203 2112 0
292 1205 1206 0
293 750 752 0
293 752 1228 0
294 731 733 0
294 732 738 0
294 738 1210 0
295 740 1518 0
295 1516 2000 0
295 1518 2001 0
296 747 1228 0
297 748 1525 0
297 1525 1932 0
299 1233 1528 0
299 1528 17 0
300 36 743 0
300 762 1235 0
301 756 1235 0
301 1235 762 0
301 1498 756 0
301 1531 1498 0
302 16 463 0
302 103 967 0
302 463 464 0
302 464 2061 0
302 967 970 0
304 338 797 0
304 795 831 0
304 797 1256 0
304 1256 1551 0
306 1737 307 0
307 1737 1260 0
308 307 1260 0
309 812 1556 0
309 1556 1738 0
310 55 808 0
310 807 107 0
310 808 1265 0
311 39 1268 0
311 108 1630 0
311 1268 1559 0
311 1630 1550 0
312 16 974 0
312 810 960 0
313 38 802 0
313 814 811 0
313 1553 814 0
313 1870 796 0
314 109 316 0
315 40 818 0
315 815 1344 0
315 818 1274 0
316 109 817 0
317 816 1577 0
317 861 1273 0
317 1577 2049 0
317 2049 2094 0
318 818 819 0
318 819 1275 0
318 855 1299 0
319 855 318 0
319 1275 145 0
320 151 321 0
320 820 821 0
321 427 930 0
322 41 1281 0
322 1276 1431 0
323 188 555 0
323 563 823 0
323 822 110 0
324 536 326 0
324 895 187 0
324 1279 1612 0
324 1612 325 0
327 305 329 0
328 111 1284 0
329 305 806 0
329 806 1262 0
330 834 1286 0
331 828 1259 0
331 1259 802 0
332 113 1285 0
333 112 1286 0
334 832 830 0
335 114 336 0
336 114 830 0
336 337 798 0
336 799 335 0
337 795 798 0
337 830 832 0
338 304 831 0
338 339 1283 0
338 831 835 0
339 338 835 0
339 833 1283 0
339 835 1563 0
340 1291 1941 0
341 250 657 0
341 399 397 0
341 657 1331 0
342 1570 1287 0
343 23 912 0
343 405 1576 0
343 1576 1565 0
344 343 838 0
344 600 23 0
344 838 1573 0
344 839 600 0
345 842 1295 0
345 1292 1579 0
346 369 846 0
346 844 1295 0
347 44 370 0
347 371 853 0
348 848 1297 0
348 1316 1298 0
348 1592 1887 0
348 1887 1316 0
349 358 849 0
349 364 851 0
349 851 1298 0
350 347 852 0
351 115 1305 0
351 1582 45 0
352 45 858 0
352 858 1578 0
352 1578 116 0
353 116 856 0
353 856 855 0
354 357 861 0
354 861 2094 0
354 863 357 0
355 160 316 0
355 316 817 0
355 817 1273 0
355 1273 2084 0
355 1309 1308 0
356 1304 1581 0
356 1582 1304 0
356 1755 858 0
358 135 1307 0
358 349 864 0
358 1307 849 0
359 361 2058 0
359 432 438 0
359 438 437 0
360 118 362 0
360 362 867 0
360 868 2086 0
361 160 1308 0
361 161 160 0
361 359 437 0
362 118 2058 0
363 372 1297 0
363 870 1310 0
363 1310 1294 0
364 349 849 0
364 849 871 0
364 871 1760 0
365 119 1762 0
365 128 2130 0
366 119 2028 0
366 377 873 0
366 873 872 0
367 1315 2059 0
367 2059 2088 0
368 1317 878 0
368 1319 1317 0
369 845 371 0
369 883 884 0
370 44 374 0
370 371 347 0
370 374 375 0
372 363 1294 0
374 123 375 0
375 883 370 0
375 885 1320 0
376 886 1769 0
376 1769 1768 0
377 125 2059 0
377 2028 125 0
378 878 1323 0
379 1765 893 0
380 1401 1889 0
381 179 384 0
381 384 1326 0
381 1326 896 0
381 2024 382 0
382 1028 19 0
383 48 380 0
383 379 48 0
383 380 1889 0
383 896 1326 0
383 1326 379 0
384 521 1324 0
384 1765 1326 0
385 127 390 0
385 386 891 0
385 891 1322 0
386 48 379 0
386 385 390 0
386 390 900 0
386 892 891 0
387 183 539 0
387 894 389 0
388 901 1602 0
389 529 387 0
389 899 1604 0
389 1401 899 0
390 127 901 0
390 1604 900 0
391 1885 49 0
393 47 2129 0
394 129 392 0
394 392 1329 0
394 1330 902 0
395 873 46 0
396 1607 1330 0
399 130 397 0
399 341 1331 0
399 1331 1771 0
400 50 907 0
400 907 403 0
401 131 402 0
401 213 211 0
402 131 905 0
403 907 908 0
403 908 911 0
404 910 1333 0
404 1773 405 0
405 912 404 0
405 1891 1576 0
406 51 480 0
406 481 915 0
406 915 918 0
406 918 919 0
407 919 1610 0
407 2111 51 0
408 917 1336 0
409 10 435 0
410 412 925 0
410 520 2033 0
411 410 925 0
411 521 410 0
411 877 890 0
411 890 521 0
412 410 2033 0
412 924 925 0
413 135 358 0
413 864 117 0
414 175 420 0
414 177 136 0
414 420 1341 0
415 175 913 0
416 136 417 0
416 414 136 0
416 417 408 0
417 178 920 0
417 922 408 0
418 137 1340 0
418 524 176 0
419 441 442 0
420 139 1338 0
421 141 928 0
421 143 142 0
421 430 422 0
422 430 423 0
422 446 143 0
423 446 422 0
423 1342 446 0
425 141 153 0
425 436 935 0
425 935 1782 0
426 142 1994 0
426 153 141 0
426 421 142 0
426 929 153 0
427 151 1552 0
427 321 151 0
428 57 933 0
428 429 934 0
429 40 1344 0
429 428 933 0
429 933 821 0
430 156 423 0
430 421 928 0
431 157 1614 0
431 926 2110 0
431 1339 1613 0
431 1613 926 0
432 865 1306 0
432 1306 1345 0
432 1781 2060 0
433 156 1782 0
434 418 1340 0
434 1340 1896 0
435 134 409 0
437 161 361 0
438 432 2060 0
438 1783 437 0
439 415 913 0
439 440 139 0
439 913 170 0
440 936 1346 0
441 419 1338 0
441 440 1346 0
441 1338 139 0
442 441 938 0
442 443 2110 0
442 938 443 0
443 138 2110 0
444 488 453 0
444 939 986 0
444 986 488 0
446 450 143 0
446 1357 450 0
447 445 1347 0
447 1342 445 0
447 1347 942 0
447 1786 1355 0
448 456 457 0
448 459 955 0
448 1348 459 0
449 452 453 0
449 457 452 0
449 1350 457 0
449 1351 1797 0
450 451 140 0
450 1623 451 0
451 162 140 0
451 1623 1622 0
452 457 950 0
452 951 453 0
453 1351 449 0
454 950 952 0
454 952 1356 0
455 454 1356 0
455 940 941 0
455 942 940 0
456 950 457 0
458 459 999 0
458 763 1236 0
459 954 955 0
460 949 957 0
460 957 1624 0
460 1532 1730 0
461 165 2079 0
461 2079 779 0
462 728 2079 0
462 778 728 0
462 2079 959 0
463 312 960 0
463 961 464 0
464 961 1533 0
464 1533 2090 0
465 103 2061 0
465 783 103 0
465 2061 2090 0
466 962 2053 0
466 1730 1534 0
467 104 15 0
467 164 470 0
468 471 472 0
469 104 1358 0
469 1244 2106 0
470 1627 1361 0
471 467 470 0
471 470 1361 0
471 1358 467 0
472 471 1361 0
472 473 968 0
472 1787 468 0
473 472 1361 0
473 475 969 0
473 1361 971 0
474 14 799 0
474 800 1257 0
475 473 972 0
475 476 970 0
475 970 969 0
476 972 168 0
477 1363 1629 0
477 1629 1628 0
478 169 1372 0
478 486 487 0
479 1366 1791 0
479 1367 1374 0
479 1791 1792 0
480 1795 1638 0
481 406 480 0
481 982 1375 0
482 975 976 0
483 171 484 0
483 1346 936 0
483 1897 1346 0
484 171 985 0
484 937 483 0
484 985 1376 0
484 1376 986 0
485 1376 1640 0
486 494 989 0
486 989 495 0
487 486 987 0
487 983 169 0
487 987 1377 0
487 1377 983 0
488 485 1617 0
489 493 490 0
489 498 499 0
489 499 493 0
490 493 494 0
490 494 1024 0
490 1394 489 0
491 492 2035 0
491 988 492 0
492 995 2037 0
492 2031 2035 0
493 499 993 0
493 993 989 0
494 486 478 0
494 493 989 0
495 987 486 0
495 989 2045 0
495 1799 990 0
496 2043 2045 0
497 991 1378 0
497 1902 991 0
498 1021 2031 0
498 1801 1021 0
499 172 993 0
499 498 2037 0
500 59 732 0
500 732 1208 0
500 996 2019 0
501 59 1643 0
501 735 737 0
502 1209 1383 0
502 1218 1209 0
503 1385 1006 0
503 1447 504 0
504 1447 2096 0
505 60 1802 0
505 1644 1013 0
506 1335 586 0
506 2067 1013 0
507 1011 2111 0
508 505 1802 0
508 1633 1793 0
509 491 1014 0
509 1014 2054 0
509 1442 2046 0
509 2047 491 0
510 18 788 0
510 504 2096 0
510 518 18 0
510 788 504 0
511 1014 2035 0
511 1389 1014 0
512 174 1389 0
512 1015 174 0
512 1645 1015 0
513 1023 1393 0
513 1368 1636 0
513 1393 1025 0
513 1636 517 0
514 1393 1023 0
515 516 518 0
515 518 1905 0
515 1906 1645 0
516 515 1023 0
519 62 1649 0
520 179 1029 0
520 384 179 0
520 521 384 0
521 520 410 0
522 61 1027 0
523 1028 382 0
523 1397 1028 0
523 1599 895 0
524 182 525 0
524 418 10 0
525 1396 1649 0
526 134 527 0
526 182 409 0
526 409 134 0
526 527 1029 0
526 1029 1398 0
527 134 923 0
528 63 1654 0
528 183 1035 0
529 389 1604 0
529 1035 183 0
530 63 1033 0
530 1031 1403 0
530 1033 1031 0
530 1403 1654 0
531 196 547 0
531 547 1030 0
531 1030 1041 0
532 548 195 0
532 1032 1031 0
533 388 1602 0
533 534 1035 0
533 1035 388 0
533 1602 2125 0
534 528 1035 0
534 533 1327 0
534 1327 1651 0
536 1766 538 0
537 1278 1280 0
538 189 1280 0
538 326 536 0
538 1872 326 0
539 183 1405 0
540 539 1044 0
540 1044 1404 0
541 1046 66 0
541 1406 1655 0
542 1057 1417 0
543 1047 1058 0
544 1048 1409 0
544 1049 1411 0
545 1052 1412 0
545 1053 1055 0
545 1055 1410 0
545 1410 2114 0
546 194 549 0
546 1399 2109 0
547 196 554 0
547 1064 1030 0
548 532 1031 0
548 549 195 0
549 194 1661 0
549 548 1399 0
550 1413 552 0
551 69 1413 0
551 550 1660 0
552 196 532 0
553 1057 1058 0
553 1058 1059 0
553 1059 1419 0
554 552 1413 0
555 198 562 0
556 70 1407 0
556 199 570 0
556 570 572 0
557 199 1039 0
557 1039 1040 0
557 1065 569 0
558 555 1060 0
558 559 70 0
558 1060 560 0
560 559 558 0
560 1278 1656 0
561 566 71 0
561 582 590 0
561 590 2081 0
562 323 555 0
562 563 323 0
563 590 823 0
563 1421 2081 0
564 71 1062 0
564 205 581 0
564 1062 1808 0
565 70 572 0
565 198 70 0
565 200 198 0
565 572 573 0
566 200 1066 0
566 561 1421 0
567 197 1070 0
567 201 1061 0
567 1061 1064 0
568 72 2062 0
568 201 576 0
568 1423 2020 0
569 2020 1423 0
569 2069 570 0
570 202 572 0
571 202 2069 0
572 202 573 0
573 202 1067 0
574 22 204 0
574 1068 1425 0
575 22 574 0
575 1048 1050 0
576 203 578 0
577 69 1071 0
577 203 1063 0
577 1063 1070 0
577 1071 1427 0
578 72 576 0
578 203 1428 0
578 1428 1804 0
579 1087 1748 0
580 574 204 0
580 1068 574 0
581 205 1074 0
582 561 581 0
582 581 1074 0
583 579 1969 0
583 1752 584 0
584 1074 583 0
584 1812 1972 0
585 1911 1075 0
586 2067 506 0
587 588 1076 0
588 587 1432 0
588 1432 1429 0
589 793 1076 0
589 1077 793 0
589 1434 1982 0
589 1951 1911 0
590 563 2081 0
590 582 1814 0
591 74 1079 0
591 216 220 0
591 1079 1081 0
592 76 216 0
592 598 1435 0
593 1083 1437 0
594 212 1085 0
595 219 1085 0
595 905 906 0
596 219 597 0
596 594 1085 0
597 219 1333 0
598 592 1080 0
599 1436 1073 0
600 1089 2119 0
602 603 601 0
602 1020 1647 0
602 1647 1981 0
603 602 1907 0
603 1095 601 0
604 1196 1096 0
604 2040 1451 0
605 604 1096 0
606 605 1449 0
606 1100 2066 0
606 2039 605 0
606 2066 2108 0
607 1674 2108 0
608 1099 1440 0
609 238 640 0
609 1103 1450 0
610 223 1107 0
610 639 1461 0
611 1105 1827 0
611 1106 2089 0
612 225 619 0
612 619 620 0
612 675 1109 0
612 1113 675 0
613 88 1496 0
613 1486 1157 0
613 1496 1486 0
614 225 1109 0
614 668 1108 0
615 30 669 0
615 226 677 0
615 264 679 0
615 669 670 0
616 675 1113 0
616 1114 227 0
617 227 1111 0
617 678 1162 0
617 1162 674 0
618 227 1118 0
618 263 1111 0
618 623 1120 0
619 1451 1825 0
619 1825 620 0
620 1452 1675 0
621 228 1116 0
621 1018 1017 0
621 1391 624 0
622 1112 1117 0
622 1119 1112 0
622 1123 1126 0
622 1126 1453 0
623 229 1125 0
623 618 1118 0
623 1125 1127 0
624 228 621 0
624 1019 1121 0
624 1391 1019 0
625 1457 1458 0
625 1458 1124 0
626 25 665 0
626 665 666 0
627 230 667 0
628 1684 231 0
629 26 632 0
629 632 633 0
630 1456 631 0
631 1103 234 0
631 1456 1676 0
632 26 634 0
632 235 633 0
632 634 1122 0
633 235 1455 0
633 1677 1456 0
634 26 2131 0
634 231 1684 0
634 1684 1685 0
635 680 681 0
635 681 2063 0
635 1106 1164 0
636 672 673 0
636 673 1120 0
636 1104 2063 0
636 1120 1129 0
637 1128 638 0
638 236 1132 0
638 1132 644 0
638 1134 637 0
639 1127 1460 0
639 1128 1461 0
641 238 1130 0
641 1130 1463 0
642 238 1462 0
642 637 1134 0
642 1462 637 0
643 1105 223 0
643 1450 1105 0
644 646 1134 0
644 1132 1465 0
645 648 1133 0
646 237 1131 0
646 644 1133 0
646 1131 1134 0
647 652 1829 0
649 1140 1547 0
650 1135 1149 0
650 1149 1480 0
651 28 247 0
651 246 248 0
651 248 1138 0
652 82 249 0
653 1470 1471 0
654 655 1481 0
654 1481 1680 0
655 258 1992 0
655 654 258 0
655 663 1481 0
656 1143 1473 0
656 1144 1476 0
656 1152 1144 0
657 1477 340 0
658 240 252 0
658 252 1148 0
658 659 1478 0
658 1148 659 0
659 1148 1957 0
659 1837 1150 0
660 254 246 0
660 651 247 0
660 1958 1957 0
662 661 255 0
664 260 1696 0
664 1163 1920 0
664 1696 1848 0
665 25 688 0
665 261 666 0
665 688 1168 0
667 666 1154 0
667 1154 1155 0
667 1155 1838 0
667 1838 627 0
668 88 1108 0
668 262 1489 0
668 670 262 0
669 262 670 0
670 614 1110 0
670 668 614 0
671 263 682 0
671 617 1111 0
671 682 683 0
671 683 1165 0
671 1165 617 0
672 263 673 0
672 636 2063 0
672 681 682 0
673 618 1120 0
674 227 617 0
674 616 227 0
674 676 616 0
674 1162 676 0
675 676 1110 0
675 1110 1109 0
676 675 616 0
677 676 1162 0
678 264 1162 0
678 617 1165 0
678 1165 1846 0
679 264 1691 0
679 1691 1692 0
680 265 681 0
680 1493 1843 0
681 265 682 0
681 672 2063 0
682 265 1844 0
683 682 1844 0
683 1484 1846 0
683 1844 1484 0
684 266 1190 0
684 1192 716 0
684 1500 1192 0
685 707 1166 0
685 1166 270 0
686 32 721 0
686 270 710 0
686 710 284 0
688 705 706 0
688 706 1170 0
689 1494 1170 0
690 96 1181 0
690 1174 1495 0
690 1181 1701 0
691 272 695 0
692 32 1495 0
692 274 693 0
692 288 32 0
693 1509 288 0
694 691 695 0
694 695 1176 0
694 696 691 0
694 1176 716 0
695 272 31 0
696 1175 691 0
697 93 720 0
697 275 1158 0
697 1158 1159 0
697 1706 275 0
698 700 702 0
698 1491 700 0
699 685 701 0
699 1178 91 0
699 1704 1178 0
700 1160 1700 0
701 270 1179 0
701 1179 1180 0
702 701 1180 0
703 279 1497 0
703 1181 96 0
703 1998 33 0
704 282 1182 0
705 281 706 0
706 271 1170 0
706 281 1182 0
706 1182 271 0
707 685 91 0
707 687 1167 0
707 1167 1995 0
708 280 1998 0
709 283 1166 0
709 708 1183 0
709 1166 1995 0
709 1167 282 0
710 283 284 0
711 1191 1192 0
711 1500 1189 0
712 714 713 0
712 722 1191 0
713 1229 754 0
714 102 1229 0
714 712 1187 0
714 1189 1499 0
715 285 1231 0
715 760 102 0
715 1499 285 0
717 286 1502 0
717 1193 2093 0
717 1502 1195 0
718 1448 1096 0
718 1502 286 0
719 1511 1198 0
720 93 1508 0
722 712 98 0
723 291 1520 0
723 1203 726 0
723 1930 2010 0
725 99 1512 0
725 292 2112 0
726 1203 1543 0
726 1857 291 0
727 292 1206 0
727 1204 2091 0
728 779 2079 0
729 99 2113 0
729 293 1207 0
729 1207 1512 0
730 293 1228 0
730 779 1207 0
730 1207 293 0
731 294 1210 0
731 772 774 0
732 59 737 0
732 294 1208 0
732 737 738 0
733 731 774 0
733 1208 294 0
734 100 736 0
734 736 1209 0
734 1218 1220 0
735 1209 736 0
736 100 1514 0
738 737 1211 0
738 1211 1515 0
739 741 770 0
739 2007 1858 0
740 100 1518 0
740 2006 1715 0
741 739 1858 0
741 1215 1996 0
741 1996 1202 0
742 1215 1717 0
742 1859 1214 0
742 1935 1859 0
743 36 1221 0
743 744 300 0
743 1216 744 0
743 1221 1997 0
744 1216 1219 0
745 1218 1513 0
745 1219 2072 0
745 1220 1218 0
745 1513 1217 0
746 1221 1222 0
746 1726 2002 0
746 2002 2008 0
747 730 1228 0
749 297 1932 0
749 1932 1868 0
750 293 729 0
750 729 2113 0
750 2113 2115 0
751 296 1228 0
752 750 1860 0
752 751 1228 0
752 1860 1931 0
753 758 298 0
754 719 1198 0
754 757 1855 0
754 1229 757 0
754 1854 719 0
756 757 755 0
757 756 1186 0
757 1229 755 0
758 753 1230 0
758 1725 759 0
759 1526 1527 0
760 300 1235 0
760 715 36 0
760 755 102 0
760 1235 755 0
761 301 762 0
761 1217 1513 0
761 1513 1530 0
761 1530 1531 0
761 1531 301 0
762 300 744 0
762 1217 761 0
763 458 997 0
763 997 1380 0
763 1239 1236 0
764 765 1236 0
764 768 775 0
764 775 1728 0
764 1236 1239 0
764 1728 1729 0
765 764 1729 0
765 954 1236 0
765 1729 1535 0
766 733 774 0
766 773 1242 0
766 1239 767 0
767 733 766 0
767 763 1380 0
767 1239 763 0
768 764 1239 0
768 1242 775 0
769 771 770 0
769 1241 771 0
770 741 1202 0
770 1202 769 0
771 739 770 0
771 772 1212 0
771 1212 739 0
772 731 1212 0
772 771 1241 0
772 1241 773 0
773 766 774 0
773 774 772 0
775 780 1246 0
775 1246 1728 0
776 303 1243 0
776 786 303 0
776 1542 786 0
777 166 1244 0
777 964 965 0
778 1205 728 0
779 5 461 0
780 303 781 0
780 775 1243 0
780 781 783 0
781 782 1538 0
782 105 1536 0
782 1247 2044 0
783 781 1538 0
783 1246 780 0
783 1538 103 0
784 105 786 0
784 786 1733 0
784 1359 1536 0
785 965 1625 0
785 1732 2091 0
786 105 303 0
786 1542 1733 0
787 1004 1008 0
787 1008 2022 0
787 1251 1385 0
788 1004 504 0
788 1008 1004 0
789 1006 1385 0
789 1254 1255 0
789 1255 1469 0
789 1469 1006 0
790 791 2080 0
790 1546 791 0
790 2082 1252 0
791 1009 1010 0
791 1010 2080 0
792 587 794 0
792 1252 1433 0
793 1547 794 0
794 587 1076 0
794 1076 793 0
794 1253 792 0
795 304 1551 0
795 337 831 0
796 38 313 0
797 338 1283 0
797 796 1256 0
798 795 1258 0
799 336 798 0
799 800 474 0
799 801 800 0
800 1364 1257 0
801 798 1258 0
801 799 798 0
802 1283 331 0
803 1618 1270 0
804 944 1619 0
805 1270 812 0
805 1737 803 0
806 305 107 0
806 1555 1262 0
806 1740 1555 0
807 310 1265 0
807 1557 1741 0
808 55 2128 0
808 150 930 0
808 930 1265 0
808 2055 150 0
809 810 2126 0
809 948 2053 0
809 961 960 0
810 108 1559 0
810 809 960 0
810 973 108 0
810 1559 2126 0
811 39 1550 0
811 1870 313 0
812 309 805 0
812 1270 813 0
813 1271 1554 0
813 1556 812 0
814 1272 811 0
814 1554 1271 0
815 314 1343 0
815 816 109 0
815 1274 816 0
815 1343 1344 0
816 317 817 0
817 317 1273 0
818 40 819 0
818 318 1299 0
819 821 1560 0
820 152 1560 0
820 320 321 0
820 321 150 0
821 819 429 0
821 820 1560 0
822 323 823 0
822 1430 1276 0
823 210 209 0
824 188 110 0
824 1278 1060 0
825 914 1813 0
826 322 1431 0
826 1666 1813 0
826 1813 1776 0
827 42 328 0
827 328 1284 0
827 330 42 0
828 827 1284 0
828 833 827 0
828 1284 1262 0
829 43 332 0
829 332 1285 0
829 1285 1563 0
830 337 336 0
831 832 835 0
832 43 829 0
832 334 43 0
832 831 337 0
833 331 1283 0
833 339 834 0
833 828 331 0
834 330 827 0
834 339 1563 0
834 827 833 0
835 829 1563 0
835 832 829 0
836 244 342 0
837 1287 1570 0
837 1567 1835 0
837 1569 1567 0
838 1565 1572 0
838 1572 1573 0
839 1089 600 0
839 1573 1574 0
839 1574 1744 0
840 1565 1576 0
840 1575 2064 0
840 1576 1575 0
841 1145 1290 0
841 1291 1145 0
841 1874 2064 0
842 345 1579 0
842 1302 853 0
843 345 1295 0
843 372 345 0
843 1296 372 0
844 346 846 0
844 843 1295 0
844 846 881 0
844 1591 120 0
845 346 1295 0
845 369 346 0
845 1295 842 0
846 884 1321 0
846 1321 2087 0
848 348 851 0
848 851 2041 0
848 870 363 0
849 1307 2118 0
850 879 1314 0
851 348 1298 0
851 364 1760 0
851 1760 2041 0
852 115 350 0
852 347 853 0
853 371 845 0
853 845 842 0
853 1302 852 0
854 1299 1300 0
854 1577 1274 0
854 1882 1301 0
855 6 353 0
855 856 1300 0
856 116 1578 0
857 859 1581 0
857 1580 2042 0
859 356 1581 0
859 860 1883 0
860 857 863 0
860 859 857 0
860 863 354 0
861 317 2094 0
861 357 1758 0
862 357 863 0
862 863 2042 0
862 1293 1310 0
862 1310 1759 0
863 857 2042 0
864 413 358 0
864 847 117 0
864 850 847 0
864 1298 850 0
865 359 118 0
865 432 359 0
865 1585 1587 0
866 360 2086 0
866 1584 1585 0
866 1585 118 0
867 362 1309 0
867 868 360 0
868 871 2118 0
868 1588 1757 0
869 861 1758 0
869 1309 2084 0
869 1588 1309 0
870 848 2041 0
870 2041 2057 0
871 849 2118 0
872 395 396 0
872 396 1761 0
872 1590 366 0
872 1761 1590 0
873 377 1315 0
873 395 872 0
874 385 1322 0
874 1322 875 0
875 887 125 0
876 847 1314 0
876 877 847 0
876 878 889 0
876 889 877 0
877 117 847 0
877 889 890 0
878 378 889 0
878 876 1314 0
878 1314 368 0
879 850 1316 0
880 1592 1318 0
881 846 2087 0
882 1321 1768 0
882 1768 1605 0
883 369 371 0
883 371 370 0
883 375 1320 0
884 376 1321 0
884 846 369 0
884 1320 376 0
885 123 373 0
885 124 886 0
886 124 1769 0
886 1320 885 0
887 1322 1597 0
888 367 2088 0
889 126 1325 0
889 378 126 0
890 889 1325 0
890 1324 521 0
891 1596 1322 0
892 386 379 0
892 1596 891 0
893 892 379 0
894 190 1037 0
894 1767 1401 0
895 181 523 0
895 324 180 0
896 383 1889 0
896 1600 2024 0
896 1889 1600 0
897 64 1327 0
897 533 2125 0
897 898 20 0
898 897 2125 0
899 900 1604 0
900 48 386 0
902 122 2017 0
902 393 122 0
903 395 46 0
903 1605 1768 0
903 1607 395 0
904 130 1332 0
904 398 130 0
904 1332 1772 0
905 400 403 0
905 403 906 0
905 595 402 0
906 403 911 0
906 911 1333 0
907 50 909 0
908 132 911 0
908 1609 132 0
909 398 904 0
909 904 1772 0
909 908 907 0
910 404 912 0
910 597 1333 0
911 404 1333 0
912 405 343 0
913 175 1336 0
913 915 916 0
913 916 170 0
915 481 916 0
915 913 1336 0
917 1779 1774 0
918 915 1336 0
918 917 1774 0
918 1774 919 0
919 407 51 0
920 519 1027 0
920 1027 921 0
921 61 1778 0
921 1027 61 0
922 417 920 0
922 917 408 0
922 920 921 0
923 924 412 0
923 2033 527 0
924 135 925 0
924 923 1586 0
925 117 411 0
926 419 442 0
926 442 2110 0
926 1895 1615 0
927 52 1341 0
927 1615 1895 0
928 141 425 0
928 1782 430 0
930 150 321 0
930 427 1265 0
931 153 932 0
931 934 1343 0
931 1343 436 0
932 929 57 0
932 934 931 0
933 320 821 0
934 429 1344 0
934 932 428 0
935 53 161 0
935 437 1783 0
935 1783 1782 0
936 439 984 0
936 440 439 0
937 484 986 0
938 441 1346 0
938 1616 443 0
939 937 986 0
939 941 1897 0
939 1897 937 0
941 939 444 0
941 940 1616 0
941 951 455 0
941 1616 1897 0
942 1786 447 0
943 999 1348 0
943 1642 999 0
944 946 1266 0
944 1267 1618 0
944 1618 1619 0
945 947 1620 0
946 804 945 0
946 944 804 0
946 1620 1898 0
946 1898 1266 0
947 451 1622 0
947 945 162 0
947 1353 1620 0
948 1784 2053 0
948 1898 1784 0
948 2126 1621 0
949 460 963 0
949 963 1353 0
949 1353 1622 0
949 1785 1899 0
950 454 452 0
950 456 956 0
950 956 953 0
951 444 453 0
951 452 454 0
951 454 455 0
951 941 444 0
952 950 953 0
953 1624 957 0
953 1899 952 0
954 459 458 0
954 1237 958 0
955 456 448 0
955 954 958 0
955 956 456 0
956 958 1624 0
958 956 955 0
958 1237 1532 0
958 1532 1624 0
959 165 2099 0
961 463 960 0
962 466 1534 0
962 809 2053 0
962 961 809 0
962 1533 961 0
964 469 167 0
964 777 1244 0
964 966 965 0
965 785 37 0
966 1248 1625 0
966 1537 1248 0
966 1625 965 0
968 473 969 0
968 1626 1787 0
969 967 1626 0
969 1626 968 0
970 476 16 0
970 967 969 0
971 972 473 0
971 1257 2102 0
971 1360 1257 0
972 476 475 0
972 971 2102 0
972 1363 168 0
973 477 1628 0
973 810 312 0
973 974 477 0
974 476 168 0
974 973 312 0
975 170 1375 0
975 984 170 0
976 975 982 0
976 983 482 0
976 1373 983 0
977 1011 1388 0
977 1012 1793 0
978 980 1367 0
978 1367 1790 0
978 1370 980 0
979 982 1638 0
979 1369 1637 0
979 1637 1796 0
979 1796 982 0
980 1639 1371 0
981 1371 1372 0
981 1372 1373 0
981 1373 1796 0
982 975 1375 0
983 1373 169 0
983 1377 985 0
984 171 936 0
984 439 170 0
984 482 171 0
984 975 482 0
985 171 482 0
985 482 983 0
986 485 488 0
986 1376 485 0
987 495 990 0
988 491 2047 0
988 2047 2127 0
989 993 2045 0
990 1799 1617 0
991 994 1378 0
991 1798 2036 0
992 497 1378 0
992 1001 1381 0
993 172 496 0
993 496 2045 0
994 1641 1378 0
994 2036 496 0
995 172 2037 0
995 492 988 0
995 2092 1379 0
996 500 1380 0
996 997 999 0
996 1000 2019 0
996 1642 1000 0
998 502 1383 0
998 1234 1530 0
998 1530 502 0
999 459 1348 0
999 997 458 0
1000 173 2019 0
1000 1384 173 0
1001 992 1382 0
1001 1000 1642 0
1001 1002 1000 0
1002 1382 1673 0
1002 1384 1000 0
1003 1378 1641 0
1003 1379 1445 0
1004 503 504 0
1005 603 1094 0
1005 1095 603 0
1006 1005 1094 0
1006 1094 503 0
1007 1386 2085 0
1007 1794 1648 0
1007 1802 60 0
1008 788 1395 0
1009 787 2022 0
1009 791 1549 0
1009 1549 1254 0
1010 1009 2022 0
1010 1386 1387 0
1010 1387 2067 0
1010 2067 2080 0
1011 977 2121 0
1012 508 1793 0
1012 977 1388 0
1013 1387 505 0
1013 2100 506 0
1014 491 2035 0
1014 1389 2054 0
1015 1645 1906 0
1015 1906 1904 0
1016 1904 1646 0
1016 2054 174 0
1017 1018 1816 0
1017 1816 2123 0
1018 607 2066 0
1018 621 607 0
1019 601 1121 0
1019 602 601 0
1020 602 1019 0
1020 1017 1392 0
1020 1019 1391 0
1020 1391 1017 0
1021 511 2031 0
1021 1393 1022 0
1022 511 1021 0
1022 512 1389 0
1022 514 512 0
1022 1389 511 0
1022 1393 514 0
1023 513 517 0
1023 517 516 0
1023 1645 514 0
1024 478 1372 0
1024 494 478 0
1024 1371 1639 0
1025 1393 1801 0
1025 1394 1370 0
1026 18 518 0
1026 516 517 0
1026 517 1631 0
1026 518 516 0
1026 1631 1634 0
1027 519 1649 0
1028 1397 1650 0
1029 179 19 0
1029 2033 520 0
1030 1040 1041 0
1030 1422 1040 0
1031 1032 1403 0
1032 184 1403 0
1033 548 1031 0
1034 535 2109 0
1034 1399 1400 0
1034 1601 185 0
1034 1651 1601 0
1035 529 388 0
1036 189 1766 0
1036 1037 2038 0
1036 1766 1598 0
1036 1767 1037 0
1039 199 1045 0
1039 1045 1402 0
1039 1402 1652 0
1040 1422 557 0
1041 184 531 0
1041 1040 1042 0
1042 1040 1652 0
1042 1652 1038 0
1043 1038 1404 0
1043 1042 1038 0
1043 1044 1653 0
1044 539 1405 0
1044 1043 1404 0
1044 1405 1653 0
1045 556 1407 0
1045 1407 1803 0
1046 189 2038 0
1046 541 1655 0
1046 1655 1656 0
1046 1656 537 0
1047 543 1052 0
1047 1052 1054 0
1048 544 1050 0
1048 575 1408 0
1049 544 1409 0
1049 1054 2114 0
1049 1409 2068 0
1049 1410 1411 0
1050 544 1051 0
1051 544 1411 0
1051 599 1073 0
1051 1073 1050 0
1051 1411 1659 0
1051 1659 599 0
1052 191 1412 0
1052 543 191 0
1052 545 1054 0
1053 76 1055 0
1053 545 1412 0
1054 545 2114 0
1054 1049 2068 0
1055 592 1435 0
1056 551 1660 0
1056 1071 69 0
1056 1660 1805 0
1057 542 192 0
1057 553 1807 0
1058 192 2014 0
1058 1047 1059 0
1059 1415 1419 0
1060 188 824 0
1061 201 1065 0
1062 1066 1663 0
1062 1663 1808 0
1063 201 567 0
1063 567 1070 0
1064 547 554 0
1064 1061 1422 0
1064 1422 1030 0
1065 201 2020 0
1065 1422 1061 0
1066 1062 566 0
1067 571 1424 0
1067 1424 1809 0
1067 1663 573 0
1068 564 1808 0
1068 580 564 0
1069 1425 1664 0
1070 69 577 0
1071 1056 1662 0
1072 578 1804 0
1072 1426 2030 0
1073 1436 221 0
1074 579 583 0
1074 584 206 0
1075 208 585 0
1075 1812 2103 0
1075 1911 1951 0
1075 2103 2097 0
1076 1434 589 0
1077 649 793 0
1077 1468 649 0
1077 1911 585 0
1078 209 210 0
1078 210 1952 0
1079 214 1084 0
1079 1083 1081 0
1080 592 1082 0
1080 1082 222 0
1080 2122 1564 0
1081 593 1082 0
1082 592 216 0
1083 75 1437 0
1083 217 75 0
1083 593 1081 0
1083 1079 1084 0
1083 1084 217 0
1084 214 24 0
1086 599 1090 0
1087 205 580 0
1088 221 1436 0
1088 1436 1747 0
1089 1744 1875 0
1089 1875 2122 0
1090 599 1659 0
1090 1564 1742 0
1090 1742 1086 0
1091 509 2046 0
1091 1443 2051 0
1092 1184 1185 0
1092 1670 1184 0
1092 1820 1955 0
1093 1097 2071 0
1093 1098 1097 0
1093 1099 1098 0
1093 1503 1446 0
1094 1447 503 0
1094 1907 1447 0
1095 1679 1828 0
1096 1502 718 0
1097 1197 2071 0
1097 1449 1448 0
1098 1100 1449 0
1098 1102 1100 0
1098 1449 1097 0
1099 1093 1101 0
1099 1102 1098 0
1100 606 1449 0
1100 1390 2066 0
1101 1819 1668 0
1102 1099 608 0
1102 1390 1100 0
1103 609 640 0
1103 631 1676 0
1103 640 234 0
1104 610 1107 0
1104 1107 2089 0
1104 1129 610 0
1105 611 1107 0
1105 1450 1827 0
1106 611 1827 0
1106 635 2089 0
1106 1677 1455 0
1109 225 612 0
1109 1110 614 0
1110 676 226 0
1112 1452 1826 0
1113 1115 1114 0
1113 1675 1454 0
1114 616 1113 0
1114 1115 1118 0
1114 1118 227 0
1115 1113 1454 0
1116 228 1117 0
1116 607 621 0
1116 1674 607 0
1117 228 625 0
1117 1112 1826 0
1117 1124 622 0
1117 1674 1116 0
1118 229 623 0
1119 622 1453 0
1119 1453 1454 0
1119 1454 1675 0
1119 1675 1452 0
1120 623 1127 0
1120 1127 1129 0
1121 601 1828 0
1121 1828 1678 0
1122 235 632 0
1122 634 1685 0
1122 1685 1842 0
1123 622 1124 0
1124 1117 625 0
1124 1458 1464 0
1124 1464 1123 0
1125 229 1126 0
1125 1126 1459 0
1126 229 1453 0
1126 1123 1459 0
1127 639 1129 0
1127 1125 1460 0
1128 236 638 0
1128 637 1461 0
1128 639 1460 0
1129 639 610 0
1129 1104 636 0
1130 642 1131 0
1130 1131 1463 0
1131 237 1463 0
1131 642 1134 0
1132 236 1464 0
1132 1464 2073 0
1133 644 1465 0
1133 648 646 0
1134 638 644 0
1135 243 1136 0
1135 650 243 0
1136 243 1141 0
1136 1137 1468 0
1136 1141 1137 0
1137 649 1468 0
1138 80 249 0
1138 82 653 0
1138 653 28 0
1139 647 1095 0
1139 1005 1469 0
1139 1095 1005 0
1140 649 1137 0
1141 28 653 0
1141 243 28 0
1141 653 1471 0
1142 1143 1474 0
1142 1834 1473 0
1143 84 836 0
1143 656 1476 0
1144 1973 662 0
1145 1834 1835 0
1146 658 1478 0
1146 1147 2021 0
1147 1146 1479 0
1148 254 1957 0
1149 81 661 0
1150 663 1153 0
1150 1151 663 0
1150 1478 659 0
1151 1144 1152 0
1151 1150 1837 0
1151 1152 663 0
1151 1837 1973 0
1153 655 1992 0
1153 663 655 0
1153 1478 1150 0
1153 1992 29 0
1154 87 1156 0
1154 666 261 0
1154 1686 1155 0
1155 1917 1838 0
1156 87 1169 0
1156 1169 260 0
1156 1686 1154 0
1156 1688 1686 0
1157 619 225 0
1157 1486 1487 0
1157 1487 1451 0
1158 1194 1490 0
1159 1698 1492 0
1160 700 1491 0
1160 1491 2070 0
1160 1851 1983 0
1160 1983 1976 0
1161 664 1848 0
1161 1163 664 0
1161 1922 1488 0
1163 679 1692 0
1163 1161 30 0
1163 1692 1920 0
1164 680 635 0
1164 1106 1455 0
1164 1455 235 0
1166 283 710 0
1166 707 1995 0
1167 709 1995 0
1168 87 261 0
1168 1170 1494 0
1168 1705 87 0
1169 1705 1847 0
1169 1847 1849 0
1169 1849 260 0
1170 1168 688 0
1171 689 1178 0
1171 1921 1847 0
1172 94 278 0
1172 269 90 0
1172 1702 1173 0
1174 692 1495 0
1174 1701 1852 0
1175 274 1852 0
1175 696 274 0
1175 1703 92 0
1176 267 89 0
1176 684 716 0
1176 695 267 0
1177 1490 1194 0
1177 1501 1708 0
1178 1704 1921 0
1179 686 721 0
1180 721 1201 0
1180 1179 721 0
1180 1201 276 0
1181 703 1497 0
1181 1497 1701 0
1182 282 1167 0
1183 708 1998 0
1183 1998 96 0
1184 1503 1505 0
1184 1670 1446 0
1185 1184 1505 0
1185 1820 1092 0
1186 1710 1853 0
1186 1853 1855 0
1187 711 1189 0
1187 1191 711 0
1188 715 1231 0
1188 1221 36 0
1188 1222 1221 0
1188 1231 1526 0
1189 714 1187 0
1191 722 289 0
1191 1187 712 0
1192 34 716 0
1192 1191 289 0
1192 1500 711 0
1193 275 1706 0
1193 1195 1501 0
1193 1501 1194 0
1193 1706 2093 0
1194 275 1193 0
1194 1158 275 0
1194 1501 1177 0
1195 1193 717 0
1195 1708 1501 0
1196 604 1487 0
1196 1195 1502 0
1196 1502 1096 0
1197 1097 1448 0
1197 1448 718 0
1197 1504 2071 0
1197 1925 1504 0
1198 712 713 0
1198 713 754 0
1199 1707 1200 0
1201 721 1712 0
1201 1712 1963 0
1202 724 1857 0
1202 1857 1929 0
1202 1929 769 0
1203 292 1540 0
1203 723 2010 0
1203 1540 1543 0
1203 2010 2112 0
1204 37 785 0
1204 785 2091 0
1204 1206 1245 0
1204 1245 37 0
1205 725 1512 0
1205 778 1206 0
1206 778 1245 0
1206 1204 727 0
1207 779 728 0
1208 733 767 0
1210 738 1515 0
1210 1515 1716 0
1211 735 736 0
1211 736 1514 0
1211 737 735 0
1212 731 1210 0
1212 1210 1716 0
1212 1716 2007 0
1213 1517 2003 0
1213 1999 2001 0
1213 2003 2012 0
1214 291 724 0
1214 1996 742 0
1215 742 1996 0
1215 1858 2006 0
1216 743 1997 0
1216 1718 1219 0
1217 744 1219 0
1217 762 744 0
1217 1219 745 0
1218 734 1209 0
1219 1517 2072 0
1220 745 1519 0
1221 746 1997 0
1222 1188 1526 0
1222 1526 1223 0
1222 1726 746 0
1223 759 1725 0
1223 2026 1726 0
1224 751 752 0
1224 2013 751 0
1224 2107 2013 0
1225 748 2107 0
1225 1525 748 0
1226 1523 2023 0
1227 1977 2115 0
1227 2113 2132 0
1227 2117 1964 0
1229 102 755 0
1229 713 714 0
1230 1725 758 0
1230 1868 2050 0
1232 298 758 0
1232 758 759 0
1233 101 1232 0
1233 299 101 0
1234 998 1820 0
1235 756 755 0
1236 954 458 0
1237 765 1535 0
1237 954 765 0
1238 465 2090 0
1238 1729 1728 0
1238 1731 1729 0
1239 766 768 0
1240 1242 773 0
1240 1243 1242 0
1241 1240 773 0
1241 1734 1240 0
1241 1929 1734 0
1242 768 766 0
1242 1243 775 0
1243 303 780 0
1243 1240 776 0
1244 166 2034 0
1244 469 964 0
1244 2034 2106 0
1245 778 462 0
1246 465 1238 0
1246 783 465 0
1246 1238 1728 0
1247 782 1536 0
1247 1248 1539 0
1247 1539 2044 0
1249 967 103 0
1249 1538 2044 0
1249 1539 1626 0
1250 1540 1541 0
1250 1541 1542 0
1251 787 1009 0
1251 1009 1254 0
1252 1253 790 0
1252 2082 825 0
1253 794 1545 0
1253 1252 792 0
1253 1545 790 0
1254 789 1251 0
1257 1364 2102 0
1258 795 1551 0
1258 1551 1949 0
1258 1949 1901 0
1259 828 1262 0
1259 1555 1871 0
1260 309 1739 0
1260 1737 309 0
1261 813 1554 0
1262 1555 1259 0
1263 107 807 0
1264 1261 1740 0
1264 1741 1738 0
1265 427 1557 0
1266 1269 1267 0
1267 944 1266 0
1268 39 1558 0
1269 1268 1267 0
1269 1559 1268 0
1270 805 803 0
1270 1618 1352 0
1271 813 1270 0
1271 1270 1352 0
1272 814 1271 0
1273 861 869 0
1273 869 2084 0
1274 815 315 0
1274 818 1299 0
1274 1299 854 0
1274 1577 816 0
1275 54 145 0
1275 319 318 0
1275 819 1560 0
1276 322 1562 0
1276 1430 1431 0
1276 1562 110 0
1277 588 1429 0
1277 1434 588 0
1278 537 1656 0
1278 560 1060 0
1278 824 1968 0
1279 324 326 0
1279 1561 1612 0
1280 1872 538 0
1281 1561 1873 0
1282 1279 326 0
1282 1873 1279 0
1282 1936 1873 0
1283 38 797 0
1283 802 38 0
1284 329 1262 0
1285 333 1286 0
1285 1286 1563 0
1286 834 1563 0
1286 2011 330 0
1287 836 342 0
1287 837 1474 0
1288 1874 2124 0
1289 1878 1879 0
1289 1879 1970 0
1289 1939 1878 0
1290 1145 1835 0
1290 1567 1874 0
1291 340 1145 0
1291 841 1754 0
1291 1754 1941 0
1292 345 372 0
1292 1293 1580 0
1292 1294 1293 0
1293 862 2042 0
1294 1292 372 0
1296 120 1318 0
1296 843 120 0
1296 1297 372 0
1297 848 363 0
1297 1296 1592 0
1298 864 349 0
1299 855 1300 0
1300 1882 854 0
1301 1577 854 0
1301 1883 1756 0
1301 2049 1577 0
1302 842 1579 0
1303 1302 1579 0
1303 1304 1305 0
1303 1579 1580 0
1303 1580 1581 0
1304 1303 1581 0
1305 115 852 0
1305 852 1302 0
1305 1302 1303 0
1305 1304 1582 0
1305 1582 351 0
1306 159 1345 0
1307 135 1337 0
1307 1337 2086 0
1307 2086 2118 0
1308 2058 361 0
1309 355 2084 0
1309 362 1308 0
1310 1293 1294 0
1311 119 1312 0
1311 125 2028 0
1311 875 125 0
1311 1312 1313 0
1312 119 365 0
1312 365 2015 0
1312 2015 1890 0
1313 874 875 0
1313 875 1311 0
1313 1603 1328 0
1314 847 850 0
1314 879 368 0
1315 377 2059 0
1316 850 1298 0
1317 1323 878 0
1317 1886 888 0
1318 120 1591 0
1318 1591 1594 0
1318 1592 1296 0
1318 1594 880 0
1319 368 1763 0
1319 1763 1943 0
1320 884 883 0
1320 886 376 0
1321 882 2087 0
1322 887 875 0
1322 1596 1597 0
1323 1317 888 0
1323 1597 378 0
1324 1765 384 0
1325 893 1765 0
1325 1324 890 0
1325 1765 1324 0
1327 533 897 0
1327 1601 1651 0
1328 874 1313 0
1329 396 394 0
1329 1761 396 0
1330 393 902 0
1330 394 396 0
1330 1606 393 0
1330 1607 1606 0
1331 340 1941 0
1331 657 340 0
1332 399 1771 0
1332 1608 1772 0
1334 133 1611 0
1334 2100 133 0
1335 825 586 0
1335 914 825 0
1336 917 918 0
1337 866 2086 0
1337 1584 866 0
1338 419 1615 0
1339 431 1614 0
1339 1780 1613 0
1340 52 927 0
1340 927 1896 0
1341 420 1338 0
1342 423 424 0
1342 424 445 0
1342 447 1355 0
1342 1355 446 0
1343 934 1344 0
1345 434 1896 0
1345 1781 432 0
1346 1897 938 0
1347 138 443 0
1347 940 942 0
1347 1616 940 0
1348 1349 943 0
1348 1350 1349 0
1349 1797 1902 0
1349 1902 1381 0
1350 448 457 0
1350 1348 448 0
1351 453 488 0
1352 1267 1558 0
1352 1272 1271 0
1354 1353 963 0
1354 1730 466 0
1354 2053 1784 0
1355 1357 446 0
1356 942 455 0
1356 952 1900 0
1357 1355 1786 0
1357 1623 450 0
1358 468 167 0
1358 471 468 0
1359 785 1625 0
1359 1732 785 0
1360 163 474 0
1360 474 1257 0
1361 1360 971 0
1362 1628 1629 0
1362 1629 1869 0
1363 972 2102 0
1364 800 1901 0
1365 1631 1632 0
1365 1632 1792 0
1365 1648 1634 0
1366 479 1369 0
1366 977 1791 0
1366 2121 977 0
1367 980 1371 0
1367 1371 1374 0
1368 513 1025 0
1368 978 1789 0
1368 1789 1636 0
1369 479 1374 0
1369 979 1795 0
1369 1374 1637 0
1369 1795 1366 0
1370 978 1368 0
1370 1368 1025 0
1370 1394 1639 0
1371 981 1374 0
1371 1024 1372 0
1372 169 1373 0
1374 981 1637 0
1375 916 481 0
1376 1377 1640 0
1377 987 1640 0
1377 1376 985 0
1378 1003 992 0
1379 1003 1641 0
1379 1641 1800 0
1379 1800 995 0
1380 500 1208 0
1380 997 996 0
1380 1208 767 0
1381 497 992 0
1381 943 1349 0
1381 1001 1642 0
1381 1902 497 0
1382 992 1003 0
1382 1002 1001 0
1383 735 501 0
1383 1209 735 0
1385 503 1004 0
1385 1004 787 0
1385 1251 789 0
1386 1007 60 0
1386 1010 2022 0
1386 2022 2085 0
1388 507 2065 0
1388 1011 507 0
1388 2065 1012 0
1389 174 2054 0
1390 1018 2066 0
1390 1102 1953 0
1390 1816 1018 0
1391 621 1017 0
1392 1017 2123 0
1392 1647 1020 0
1392 1991 1647 0
1393 1021 1801 0
1394 1025 1801 0
1394 1801 489 0
1395 2085 1008 0
1396 525 182 0
1397 522 1396 0
1397 523 181 0
1397 1396 1650 0
1398 19 1028 0
1398 1028 1650 0
1399 546 549 0
1399 548 1033 0
1399 1033 1400 0
1400 63 1651 0
1400 1033 63 0
1401 380 899 0
1401 389 894 0
1401 1767 1889 0
1402 1655 1406 0
1403 1043 1653 0
1403 1653 1654 0
1404 541 540 0
1404 1406 541 0
1405 528 1654 0
1406 1038 1652 0
1406 1404 1038 0
1406 1652 1402 0
1407 559 1803 0
1408 575 1069 0
1408 1657 1910 0
1408 1658 1048 0
1409 1048 1658 0
1409 1658 1810 0
1409 1810 2068 0
1410 1049 2114 0
1410 1055 1435 0
1410 1435 1659 0
1411 1410 1659 0
1413 550 551 0
1414 1417 1416 0
1415 1047 1054 0
1415 1054 2068 0
1415 1059 1047 0
1416 1417 1807 0
1416 1662 1414 0
1416 1806 1662 0
1417 1057 1807 0
1417 1414 21 0
1418 577 1427 0
1419 1415 1811 0
1419 1420 1807 0
1419 1807 553 0
1420 1811 1665 0
1421 561 2081 0
1421 562 198 0
1421 563 562 0
1422 1065 557 0
1423 571 2069 0
1423 2062 571 0
1424 571 2030 0
1424 1426 1664 0
1424 1664 1809 0
1425 575 574 0
1425 1068 1808 0
1425 1069 575 0
1426 1069 1664 0
1426 1072 1657 0
1426 1424 2030 0
1426 1657 1069 0
1427 1665 1418 0
1428 1418 1665 0
1428 1665 1909 0
1429 1432 1666 0
1430 822 823 0
1430 823 209 0
1430 1277 1429 0
1430 1429 1431 0
1431 1429 1666 0
1432 1813 1666 0
1433 587 792 0
1433 825 1813 0
1433 1252 825 0
1433 1432 587 0
1434 1076 588 0
1434 1078 1982 0
1434 1277 1078 0
1435 598 1090 0
1435 1090 1659 0
1436 599 1086 0
1436 1086 1753 0
1437 75 2083 0
1437 222 593 0
1438 1091 2046 0
1438 1439 1443 0
1438 1667 1815 0
1439 1438 1815 0
1440 1099 1101 0
1440 1101 1668 0
1440 1439 1815 0
1440 1912 608 0
1441 1392 2123 0
1441 1816 1912 0
1442 509 2054 0
1442 1016 1646 0
1442 1646 1667 0
1442 1667 2046 0
1443 1091 1438 0
1443 1668 1818 0
1443 1669 2051 0
1443 1818 1669 0
1444 1671 1669 0
1445 1379 2092 0
1446 1101 1093 0
1446 1819 1101 0
1448 605 1096 0
1449 605 1448 0
1450 643 609 0
1450 1103 1676 0
1450 1676 1827 0
1451 619 1157 0
1452 1112 1119 0
1452 1825 1826 0
1453 1115 1454 0
1456 630 232 0
1457 228 624 0
1457 624 1121 0
1457 1678 1915 0
1457 1915 1458 0
1458 1830 2073 0
1458 1915 1830 0
1460 1125 1459 0
1460 1459 236 0
1461 637 1462 0
1462 223 1461 0
1463 253 79 0
1464 236 1459 0
1464 1458 2073 0
1464 1459 1123 0
1465 1132 1830 0
1465 1956 1133 0
1466 82 652 0
1466 647 1139 0
1466 652 647 0
1466 1139 1832 0
1467 249 80 0
1467 645 1956 0
1467 1956 1829 0
1468 245 1136 0
1468 585 245 0
1468 1077 585 0
1469 1005 1006 0
1470 653 82 0
1470 1466 1832 0
1470 1548 1471 0
1471 1137 1141 0
1471 1140 1137 0
1472 1735 1548 0
1472 1832 1255 0
1472 1833 1735 0
1473 1143 1142 0
1473 1834 1475 0
1473 1836 656 0
1474 836 1287 0
1474 1143 836 0
1475 251 1680 0
1475 1680 1836 0
1475 1834 1477 0
1475 1836 1473 0
1476 662 84 0
1476 1144 662 0
1477 1145 340 0
1477 1834 1145 0
1478 1153 1681 0
1479 257 85 0
1479 1146 1478 0
1479 1681 257 0
1481 663 1152 0
1481 1152 1836 0
1482 1682 1683 0
1482 1683 1919 0
1482 1840 1682 0
1483 1686 1688 0
1483 1687 1839 0
1483 1688 1693 0
1483 1917 1686 0
1484 1689 1845 0
1484 1690 1918 0
1484 1845 1846 0
1485 1691 1695 0
1485 1695 1845 0
1486 1177 1708 0
1487 604 1451 0
1487 1708 1196 0
1488 30 1161 0
1489 1923 1496 0
1490 1923 1698 0
1491 698 93 0
1491 1159 1492 0
1491 1492 2070 0
1492 1698 1699 0
1492 1851 2070 0
1492 1924 1851 0
1493 680 1164 0
1493 1122 1842 0
1494 689 1171 0
1495 32 686 0
1495 686 284 0
1496 1177 1486 0
1496 1490 1177 0
1497 1173 1702 0
1498 1186 756 0
1498 1531 1185 0
1498 1710 1186 0
1499 715 102 0
1499 1189 1727 0
1499 1727 285 0
1500 684 1190 0
1500 1190 1528 0
1500 1727 1189 0
1503 1093 2071 0
1503 1184 1446 0
1504 1503 2071 0
1504 1709 1505 0
1505 1503 1504 0
1506 1199 719 0
1506 1711 1707 0
1506 1854 1962 0
1507 697 720 0
1507 1926 1928 0
1507 1928 1200 0
1508 698 276 0
1509 97 290 0
1509 693 97 0
1510 1200 1928 0
1510 1928 1927 0
1511 98 1198 0
1511 719 1199 0
1511 1199 1200 0
1511 1200 1510 0
1512 728 1205 0
1512 1207 728 0
1513 1218 502 0
1514 740 1715 0
1514 1515 1211 0
1514 1715 1716 0
1515 1514 1716 0
1516 295 2001 0
1516 1717 2000 0
1516 1721 1866 0
1517 1213 1519 0
1517 1219 1718 0
1517 1519 2072 0
1517 1718 1723 0
1517 1723 2003 0
1518 1220 1519 0
1519 745 2072 0
1519 2001 1518 0
1520 1214 1859 0
1520 1859 1930 0
1520 1930 723 0
1521 1863 2009 0
1521 2004 2005 0
1522 1226 1722 0
1522 1523 1226 0
1522 1722 1724 0
1522 1724 2002 0
1523 1726 2026 0
1523 2002 1726 0
1524 1861 2023 0
1524 1862 1861 0
1524 2023 2050 0
1525 1225 1862 0
1525 1862 1932 0
1526 759 1223 0
1526 1231 1527 0
1527 285 1529 0
1527 1232 759 0
1528 1190 17 0
1528 1529 1727 0
1529 285 1727 0
1529 1232 1527 0
1529 1233 1232 0
1529 1528 1233 0
1530 1513 502 0
1531 1234 1185 0
1531 1530 1234 0
1532 1237 1535 0
1532 1535 1730 0
1533 1238 2090 0
1533 1534 1731 0
1534 1533 962 0
1536 1359 1247 0
1537 167 468 0
1537 966 167 0
1537 1539 1248 0
1537 1787 1539 0
1538 782 2044 0
1539 1249 2044 0
1540 727 1541 0
1540 1250 1543 0
1541 1732 1733 0
1541 2091 1732 0
1542 776 1544 0
1542 1541 1733 0
1542 1856 1250 0
1543 1856 1857 0
1543 1857 726 0
1544 1734 1929 0
1545 794 1547 0
1545 1546 790 0
1545 1547 2048 0
1545 1735 1546 0
1546 1549 791 0
1546 1833 1549 0
1547 793 649 0
1547 1140 2048 0
1548 1140 1471 0
1548 1470 1472 0
1548 2048 1140 0
1549 1833 1254 0
1550 1736 1870 0
1550 1870 811 0
1552 151 13 0
1553 313 802 0
1553 802 1259 0
1554 814 1553 0
1555 1740 1871 0
1556 813 1261 0
1556 1261 1264 0
1556 1264 1738 0
1557 427 1552 0
1557 807 1265 0
1557 1552 1739 0
1558 1267 1268 0
1558 1272 1352 0
1559 1269 1621 0
1559 1621 2126 0
1561 41 1947 0
1561 1279 1873 0
1562 322 1281 0
1562 824 110 0
1562 1968 824 0
1564 598 1080 0
1564 1090 598 0
1564 1875 1742 0
1565 838 343 0
1565 840 1288 0
1565 1288 1572 0
1566 1288 2124 0
1566 1568 1571 0
1566 1569 2105 0
1567 1566 2124 0
1567 1569 1566 0
1568 1566 2105 0
1568 1938 1571 0
1569 1570 2105 0
1570 342 1743 0
1570 1569 837 0
1570 1877 2105 0
1571 1288 1566 0
1571 1572 1288 0
1572 1745 1573 0
1573 839 344 0
1574 1573 1745 0
1574 1745 1876 0
1574 1876 1937 0
1575 1576 1770 0
1575 1754 2064 0
1575 1770 1881 0
1578 858 1755 0
1578 1882 856 0
1579 1292 1580 0
1580 857 1581 0
1580 1293 2042 0
1582 356 858 0
1582 858 45 0
1583 134 435 0
1583 159 1306 0
1583 1306 1587 0
1584 1337 924 0
1584 1586 1587 0
1584 1587 1585 0
1585 865 118 0
1586 134 1583 0
1586 1583 1587 0
1586 1584 924 0
1587 1306 865 0
1588 867 1309 0
1588 868 867 0
1588 869 1942 0
1589 357 862 0
1589 1758 357 0
1589 1884 1758 0
1590 119 366 0
1590 1762 119 0
1591 844 881 0
1591 881 1593 0
1591 1593 1594 0
1592 348 1297 0
1593 1764 1594 0
1593 2087 882 0
1595 1593 882 0
1596 378 1597 0
1596 892 126 0
1597 1323 888 0
1598 187 1599 0
1599 382 2024 0
1599 523 382 0
1600 1598 1599 0
1600 1599 2024 0
1600 1767 1598 0
1600 1889 1767 0
1601 64 185 0
1602 898 2125 0
1602 901 127 0
1602 1603 898 0
1603 1602 1328 0
1604 388 529 0
1604 390 901 0
1604 901 388 0
1605 46 121 0
1605 1595 882 0
1606 124 47 0
1606 1769 124 0
1607 396 395 0
1607 903 1769 0
1608 1332 1771 0
1608 1770 1944 0
1608 1771 1881 0
1609 908 909 0
1610 1774 1971 0
1611 133 407 0
1611 407 1610 0
1612 1561 1777 0
1612 1777 1893 0
1614 156 433 0
1614 158 1339 0
1615 419 926 0
1615 927 1341 0
1615 1341 1338 0
1616 938 1897 0
1616 1347 443 0
1617 485 990 0
1617 1351 488 0
1617 1799 1351 0
1618 803 1619 0
1618 1267 1352 0
1619 803 306 0
1620 946 945 0
1620 1784 1898 0
1621 1269 1266 0
1622 1353 947 0
1622 1785 949 0
1623 1357 1900 0
1623 1785 1622 0
1624 953 956 0
1624 1532 460 0
1625 1247 1359 0
1625 1248 1247 0
1626 967 1249 0
1626 1539 1787 0
1627 58 163 0
1627 1360 1361 0
1628 1362 1630 0
1629 1949 1869 0
1630 1362 1736 0
1630 1736 1550 0
1631 517 1636 0
1631 1365 1634 0
1631 1636 1789 0
1632 1631 1789 0
1632 1789 1790 0
1632 1790 1792 0
1633 508 1635 0
1633 1365 1792 0
1633 1635 1365 0
1633 1791 1793 0
1637 981 1796 0
1638 481 480 0
1638 982 481 0
1639 490 1024 0
1639 980 1370 0
1639 1394 490 0
1640 987 990 0
1640 990 485 0
1641 994 1800 0
1642 943 1381 0
1642 996 999 0
1643 1821 501 0
1643 2018 173 0
1644 505 508 0
1644 508 1012 0
1644 1012 2065 0
1644 2065 2101 0
1644 2101 1013 0
1645 512 514 0
1645 1023 515 0
1646 1903 1441 0
1648 1365 1635 0
1648 1794 1634 0
1649 522 1027 0
1649 1396 522 0
1650 1396 182 0
1651 1034 1400 0
1652 1040 1039 0
1653 1405 1654 0
1655 1402 1803 0
1656 1655 1803 0
1656 1803 560 0
1657 1072 1804 0
1657 1408 1069 0
1657 1804 1910 0
1658 1408 1910 0
1658 1909 1810 0
1660 550 1661 0
1660 1908 1805 0
1661 195 549 0
1661 550 195 0
1661 1908 1660 0
1662 1056 1805 0
1662 1806 1071 0
1663 1066 573 0
1664 1425 1808 0
1664 1808 1809 0
1665 1427 1806 0
1665 1806 1420 0
1666 826 1431 0
1667 1438 2046 0
1667 1646 1441 0
1667 1912 1815 0
1668 1439 1440 0
1668 1443 1439 0
1669 1671 2095 0
1669 1818 1444 0
1670 1092 1955 0
1670 1819 1446 0
1671 1672 2095 0
1672 1817 2095 0
1672 1824 1673 0
1673 1003 1445 0
1673 1382 1003 0
1673 1445 1672 0
1673 1824 1002 0
1674 1117 1826 0
1675 612 620 0
1675 1113 612 0
1676 1456 1677 0
1676 1677 1827 0
1677 633 1455 0
1677 1106 1827 0
1678 1457 1121 0
1679 1095 647 0
1679 1678 1828 0
1679 1915 1678 0
1680 251 83 0
1680 1481 1836 0
1681 1479 1478 0
1682 1838 1917 0
1682 1839 1683 0
1683 1841 1919 0
1684 628 1840 0
1684 1482 1685 0
1685 1482 1919 0
1687 1483 1693 0
1687 1683 1839 0
1687 1693 1694 0
1687 1694 1841 0
1687 1841 1683 0
1688 260 1920 0
1689 1694 1845 0
1689 1918 1841 0
1690 1484 1844 0
1690 1843 1959 0
1691 264 1695 0
1691 1485 1692 0
1692 1485 1693 0
1692 1693 1920 0
1693 1485 1694 0
1693 1688 1920 0
1694 1485 1845 0
1694 1689 1841 0
1695 678 1846 0
1696 260 1849 0
1696 1849 1960 0
1696 1960 1974 0
1697 1488 1922 0
1697 1922 1961 0
1698 1158 1490 0
1698 1159 1158 0
1699 1698 1923 0
1700 1704 277 0
1701 1174 690 0
1701 1497 1702 0
1702 1172 1703 0
1703 273 92 0
1703 1172 273 0
1703 1175 1852 0
1703 1701 1702 0
1703 1852 1701 0
1704 699 277 0
1704 1700 1976 0
1705 1168 1494 0
1705 1169 87 0
1705 1171 1847 0
1705 1494 1171 0
1706 697 1507 0
1706 1200 1707 0
1706 1507 1200 0
1706 1707 2093 0
1707 717 2093 0
1707 1199 1506 0
1708 1195 1196 0
1708 1487 1486 0
1709 1853 1710 0
1710 1185 1505 0
1710 1498 1185 0
1710 1505 1709 0
1711 286 717 0
1711 717 1707 0
1711 1506 1962 0
1711 1925 286 0
1711 1962 1925 0
1712 288 1509 0
1712 1713 1963 0
1713 1712 1509 0
1714 98 1510 0
1714 1927 1713 0
1715 1858 2007 0
1716 1715 2007 0
1717 1215 2000 0
1717 1516 1866 0
1717 1866 2116 0
1719 1224 1931 0
1719 1225 1224 0
1719 1864 1862 0
1719 1934 1864 0
1721 1516 1999 0
1722 1226 1865 0
1722 1863 2005 0
1722 1865 2029 0
1723 1718 1867 0
1723 2005 2004 0
1724 1722 2005 0
1724 1723 1867 0
1724 1867 2008 0
1725 1230 2050 0
1726 1222 1223 0
1727 1500 1528 0
1729 1731 1535 0
1730 963 460 0
1730 1354 963 0
1730 1535 1731 0
1730 1731 1534 0
1731 1238 1533 0
1732 784 1733 0
1732 1359 784 0
1734 776 1240 0
1734 1544 776 0
1735 1545 2048 0
1736 1362 1869 0
1736 1869 1967 0
1737 306 803 0
1737 805 309 0
1739 309 1738 0
1739 1552 106 0
1740 806 1263 0
1740 1263 1264 0
1741 1263 807 0
1741 1264 1263 0
1741 1557 1739 0
1741 1739 1738 0
1742 1940 1086 0
1743 207 2104 0
1743 1877 1570 0
1744 1089 839 0
1744 1574 1937 0
1745 1572 1571 0
1746 1289 1970 0
1746 1876 1938 0
1747 1436 1753 0
1747 1748 1088 0
1747 1753 1970 0
1748 1087 1088 0
1748 1969 579 0
1749 1938 1568 0
1749 2105 1877 0
1750 1289 1746 0
1750 1746 1938 0
1750 1939 1289 0
1751 1743 2104 0
1751 1878 1939 0
1751 1939 1877 0
1752 1751 2103 0
1752 1812 584 0
1752 2103 1812 0
1753 1940 1970 0
1754 841 2064 0
1754 1575 1881 0
1754 1881 1941 0
1755 356 859 0
1755 859 1883 0
1756 354 2049 0
1756 860 354 0
1756 1883 860 0
1757 871 868 0
1757 1588 1942 0
1757 1884 2057 0
1758 1884 1942 0
1759 870 2057 0
1759 1310 870 0
1759 1589 862 0
1760 871 1757 0
1760 1757 2057 0
1761 1329 1885 0
1762 128 365 0
1762 391 128 0
1762 1590 1885 0
1762 1885 391 0
1763 368 879 0
1763 880 1594 0
1764 121 1888 0
1764 1593 1595 0
1764 1595 121 0
1764 1943 1594 0
1765 379 1326 0
1766 189 538 0
1767 894 1037 0
1767 1036 1598 0
1768 1321 376 0
1769 903 1768 0
1769 1606 1607 0
1770 1608 1881 0
1770 1891 1944 0
1771 1331 1941 0
1772 1608 1944 0
1772 1609 909 0
1772 1944 1609 0
1773 132 1609 0
1773 404 132 0
1773 1609 1944 0
1774 1610 919 0
1774 1779 1971 0
1775 1334 1611 0
1775 1611 1948 0
1775 1892 1334 0
1775 1948 1979 0
1776 1813 914 0
1776 1945 1946 0
1777 1561 1947 0
1777 1986 1893 0
1778 61 325 0
1778 325 1612 0
1778 1612 1893 0
1778 1894 921 0
1779 917 922 0
1780 1896 1895 0
1781 158 2060 0
1781 1345 1896 0
1781 1780 1339 0
1782 156 430 0
1782 928 425 0
1783 158 433 0
1783 433 1782 0
1784 1353 1354 0
1784 1620 1353 0
1785 1623 1900 0
1786 942 1356 0
1786 1900 1357 0
1787 472 968 0
1787 1537 468 0
1788 1364 1901 0
1788 1629 1363 0
1788 1901 1949 0
1788 2102 1364 0
1789 978 1790 0
1790 1367 479 0
1791 977 1793 0
1791 1633 1792 0
1792 1790 479 0
1794 1007 1395 0
1794 1026 1634 0
1794 1395 18 0
1795 480 2120 0
1795 979 1638 0
1795 2120 2121 0
1796 976 982 0
1796 1373 976 0
1797 1349 1350 0
1797 1350 449 0
1798 1797 1351 0
1798 1799 2043 0
1799 495 2043 0
1799 1798 1351 0
1800 172 995 0
1800 994 496 0
1801 498 489 0
1802 1007 1648 0
1802 1635 508 0
1802 1648 1635 0
1803 559 560 0
1803 1402 1045 0
1804 1428 1909 0
1804 1909 1910 0
1805 193 1414 0
1805 1414 1662 0
1806 1416 1807 0
1806 1427 1071 0
1807 1420 1806 0
1808 1663 1809 0
1809 1663 1067 0
1810 1415 2068 0
1810 1811 1415 0
1811 1420 1419 0
1811 1909 1665 0
1812 1075 1951 0
1813 1432 1433 0
1814 210 590 0
1814 582 206 0
1816 1441 2123 0
1816 1953 1912 0
1817 1445 2092 0
1817 1672 1445 0
1817 2092 2127 0
1818 1668 1819 0
1818 1819 1822 0
1818 1822 1444 0
1820 998 1913 0
1820 1185 1234 0
1821 1383 501 0
1821 1913 1383 0
1822 1670 1955 0
1822 1819 1670 0
1823 1671 1914 0
1823 1954 1643 0
1824 1384 1002 0
1824 1671 1823 0
1824 1672 1671 0
1824 1823 1384 0
1825 1451 2040 0
1825 1452 620 0
1825 2040 2032 0
1828 601 1095 0
1829 652 1467 0
1829 1679 647 0
1829 1831 1679 0
1829 1956 1831 0
1830 1132 2073 0
1831 1830 1915 0
1831 1956 1830 0
1832 1139 1469 0
1832 1469 1255 0
1832 1472 1470 0
1833 1255 1254 0
1833 1472 1255 0
1833 1546 1735 0
1835 1142 1474 0
1835 1474 837 0
1835 1567 1290 0
1835 1834 1142 0
1836 1152 656 0
1837 659 1957 0
1837 1958 1973 0
1838 1682 1840 0
1839 1682 1917 0
1839 1917 1483 0
1840 77 1838 0
1840 628 77 0
1840 1482 1684 0
1841 1918 1919 0
1842 1685 1919 0
1843 265 680 0
1845 1695 1846 0
1846 1165 683 0
1847 1921 2074 0
1848 1696 1974 0
1849 2074 1960 0
1850 1489 1697 0
1850 1697 1961 0
1850 1699 1923 0
1850 1924 1699 0
1851 1160 2070 0
1851 1924 1988 0
1851 1988 1983 0
1854 754 1855 0
1854 1506 719 0
1854 1855 1853 0
1855 757 1186 0
1856 1542 1544 0
1856 1543 1250 0
1856 1544 1929 0
1857 724 291 0
1858 1215 741 0
1858 1715 2006 0
1859 1935 1978 0
1860 750 2115 0
1861 1226 2023 0
1861 1865 1226 0
1862 1225 1719 0
1862 1524 1932 0
1863 1521 2005 0
1863 1722 2029 0
1863 1933 2009 0
1864 1720 1865 0
1864 1861 1862 0
1864 1865 1861 0
1864 1966 1720 0
1865 1720 2029 0
1866 1721 1965 0
1866 1965 1984 0
1867 1216 1997 0
1867 1718 1216 0
1868 35 749 0
1868 1230 35 0
1868 1524 2050 0
1868 1932 1524 0
1869 1949 1967 0
1870 1256 796 0
1871 1261 1554 0
1871 1553 1259 0
1871 1554 1553 0
1871 1740 1261 0
1872 1278 1968 0
1872 1280 1278 0
1872 1282 326 0
1874 840 2064 0
1874 841 1290 0
1874 1288 840 0
1874 1567 2124 0
1875 1564 2122 0
1875 1744 1937 0
1875 1937 1940 0
1876 1880 1937 0
1877 1743 1751 0
1878 1751 1752 0
1878 1752 583 0
1879 1748 1747 0
1879 1878 1969 0
1879 1969 1748 0
1880 1746 1970 0
1880 1876 1746 0
1881 1771 1941 0
1882 1300 856 0
1882 1578 1755 0
1882 1755 1883 0
1883 1301 1882 0
1884 1589 1759 0
1884 1757 1942 0
1884 1759 2057 0
1885 1590 1761 0
1886 367 888 0
1886 1317 1319 0
1886 1888 367 0
1887 879 1316 0
1887 880 1763 0
1887 1592 880 0
1887 1763 879 0
1888 1315 367 0
1888 1943 1764 0
1890 1313 1312 0
1890 1603 1313 0
1891 405 1773 0
1891 1770 1576 0
1891 1773 1944 0
1892 914 1335 0
1892 1335 2100 0
1892 1945 914 0
1892 2100 1334 0
1893 1971 1894 0
1893 1986 1971 0
1894 922 921 0
1894 1778 1893 0
1894 1779 922 0
1895 926 1613 0
1895 1613 1780 0
1896 927 1895 0
1896 1780 1781 0
1897 483 937 0
1898 948 1621 0
1898 1621 1266 0
1899 953 957 0
1899 957 949 0
1899 1900 952 0
1900 1786 1356 0
1900 1899 1785 0
1901 800 801 0
1901 801 1258 0
1902 1797 1798 0
1902 1798 991 0
1903 1392 1441 0
1903 1646 1904 0
1903 1987 1991 0
1904 1016 1015 0
1904 1906 2027 0
1905 518 510 0
1905 1906 515 0
1906 1905 2027 0
1907 602 1981 0
1907 1094 603 0
1907 1981 1980 0
1908 1661 68 0
1909 1658 1910 0
1909 1811 1810 0
1911 1077 589 0
1912 1440 1815 0
1912 1667 1441 0
1913 998 1383 0
1913 1955 1820 0
1914 1444 1822 0
1914 1671 1444 0
1914 1822 1955 0
1915 1679 1831 0
1916 661 662 0
1916 662 1973 0
1916 1149 661 0
1916 1480 1149 0
1916 1958 1480 0
1917 1155 1686 0
1918 1689 1484 0
1918 1690 1959 0
1919 1918 1959 0
1921 1171 1178 0
1921 1704 1976 0
1921 1975 2074 0
1922 1161 1848 0
1922 1848 1974 0
1923 1489 1850 0
1923 1490 1496 0
1924 1492 1699 0
1924 1850 1961 0
1924 1961 1988 0
1925 1709 1504 0
1925 1962 1709 0
1926 720 1508 0
1926 1507 720 0
1926 1508 1963 0
1927 1714 1510 0
1927 1926 1963 0
1927 1928 1926 0
1929 1241 769 0
1929 1857 1856 0
1930 1859 1978 0
1930 1978 2117 0
1930 2025 2010 0
1931 1224 752 0
1933 1720 1966 0
1933 1966 1990 0
1933 1990 2076 0
1933 2029 1720 0
1934 1719 1931 0
1934 1860 1977 0
1934 1931 1860 0
1934 1966 1864 0
1935 742 1717 0
1935 1717 2116 0
1936 1281 1873 0
1936 1282 1872 0
1936 1562 1281 0
1936 1872 1968 0
1937 1880 1940 0
1938 1745 1571 0
1938 1749 1750 0
1938 1876 1745 0
1939 1749 1877 0
1939 1750 1749 0
1940 1742 1875 0
1940 1753 1086 0
1940 1880 1970 0
1942 869 1758 0
1943 1763 1594 0
1943 1886 1319 0
1943 1888 1886 0
1945 1775 1979 0
1945 1776 914 0
1945 1892 1775 0
1946 41 1776 0
1946 1945 1979 0
1947 41 1946 0
1947 1979 1985 0
1947 1985 1986 0
1948 1611 1610 0
1949 1629 1788 0
1950 510 2096 0
1950 1905 510 0
1950 1980 2052 0
1950 2027 1905 0
1951 589 1982 0
1951 1972 1812 0
1952 206 1972 0
1952 210 1814 0
1952 1972 1982 0
1952 1982 1078 0
1953 608 1912 0
1953 1102 608 0
1953 1816 1390 0
1954 1821 1643 0
1954 1823 1914 0
1954 1913 1821 0
1954 1914 1955 0
1954 1955 1913 0
1956 645 1133 0
1956 1465 1830 0
1957 254 660 0
1958 660 1480 0
1958 1837 1957 0
1958 1916 1973 0
1959 1493 1842 0
1959 1842 1919 0
1959 1843 1493 0
1960 1975 1989 0
1961 1922 1974 0
1961 1974 1988 0
1962 1853 1709 0
1962 1854 1853 0
1963 1508 1201 0
1963 1713 1927 0
1964 2077 1990 0
1965 1521 2009 0
1965 1721 2012 0
1965 2012 1521 0
1966 1934 1977 0
1966 1977 1990 0
1967 1256 1870 0
1967 1551 1256 0
1967 1870 1736 0
1967 1949 1551 0
1968 1562 1936 0
1969 1878 583 0
1970 1879 1747 0
1971 1779 1894 0
1971 1986 1985 0
1972 206 584 0
1972 1951 1982 0
1973 1144 1151 0
1974 1960 1989 0
1975 1960 2074 0
1975 1983 1989 0
1976 1700 1160 0
1976 1975 1921 0
1976 1983 1975 0
1977 1227 1964 0
1977 1860 2115 0
1977 1964 1990 0
1978 1935 2075 0
1978 1964 2117 0
1979 1947 1946 0
1979 1948 1985 0
1980 1447 1907 0
1980 1981 2052 0
1980 2096 1447 0
1981 1987 2052 0
1983 1988 1989 0
1984 2009 2076 0
1984 2116 1866 0
1985 1610 1971 0
1985 1948 1610 0
1986 1777 1947 0
1987 1903 1904 0
1987 1904 2027 0
1987 1981 1991 0
1987 2027 2052 0
1988 1974 1989 0
1991 1392 1903 0
1991 1981 1647 0
1993 2056 2106 0
1994 155 929 0
1994 929 426 0
1996 724 1202 0
1996 1214 724 0
1997 746 2008 0
1997 2008 1867 0
1998 703 96 0
1999 1516 2001 0
1999 2012 1721 0
2000 2006 295 0
2001 1519 1213 0
2002 1523 1522 0
2002 1724 2008 0
2003 2004 2012 0
2004 2003 1723 0
2005 1723 1724 0
2006 740 295 0
2006 2000 1215 0
2007 739 1212 0
2009 1933 2076 0
2009 1984 1965 0
2010 725 2112 0
2010 2025 99 0
2011 1286 112 0
2012 1999 1213 0
2012 2004 1521 0
2013 296 751 0
2014 67 543 0
2014 543 1058 0
2015 65 1890 0
2015 365 2130 0
2016 129 902 0
2017 3 2016 0
2017 2016 902 0
2018 500 2019 0
2018 1643 59 0
2020 569 1065 0
2021 241 79 0
2022 1008 2085 0
2023 2026 2050 0
2024 381 896 0
2025 1930 2117 0
2026 1223 1725 0
2026 1725 2050 0
2026 2023 1523 0
2027 1950 2052 0
2028 377 366 0
2029 1933 1863 0
2030 571 2062 0
2031 511 2035 0
2031 2037 498 0
2032 1674 1826 0
2032 1826 1825 0
2032 2040 2039 0
2032 2108 1674 0
2033 923 412 0
2033 1029 527 0
2034 959 2099 0
2034 1993 2106 0
2036 994 991 0
2036 1798 2043 0
2037 2031 492 0
2039 604 605 0
2039 606 2032 0
2040 604 2039 0
2041 1760 2057 0
2043 495 2045 0
2043 496 2036 0
2047 509 1091 0
2047 2051 2127 0
2048 1548 1735 0
2049 354 2094 0
2049 1301 1756 0
2051 1817 2127 0
2051 2047 1091 0
2051 2095 1817 0
2053 1354 466 0
2054 1016 1442 0
2055 808 2128 0
2056 104 2106 0
2058 1308 362 0
2059 125 2088 0
2061 464 2090 0
2062 1423 568 0
2063 2089 635 0
2066 607 2108 0
2067 1387 1013 0
2069 569 1423 0
2074 1849 1847 0
2075 1935 2116 0
2075 2076 2077 0
2075 2077 1978 0
2076 1990 2077 0
2076 2075 1984 0
2077 1964 1978 0
2080 2082 790 0
2082 586 825 0
2082 2067 586 0
2082 2080 2067 0
2083 2119 1437 0
2085 1395 1007 0
2086 868 2118 0
2087 1593 881 0
2088 887 1597 0
2088 1597 888 0
2089 1107 611 0
2089 2063 1104 0
2091 1541 727 0
2092 988 2127 0
2092 995 988 0
2095 2051 1669 0
2096 1980 1950 0
2097 2104 207 0
2099 1993 2034 0
2100 1335 506 0
2100 2101 133 0
2101 507 133 0
2101 2065 507 0
2101 2100 1013 0
2102 1788 1363 0
2103 1751 2104 0
2103 2104 2097 0
2105 1749 1568 0
2107 1224 1225 0
2108 2032 606 0
2109 1399 1034 0
2111 407 507 0
2111 1011 2120 0
2113 99 2132 0
2113 1227 2115 0
2116 1984 2075 0
2117 2132 2025 0
2119 2083 600 0
2119 2122 222 0
2120 51 2111 0
2120 1011 2121 0
2121 1366 1795 0
2122 1080 222 0
2122 2119 1089 0
2126 948 809 0
2132 2117 1227 0

End
