MeshVersionFormatted 1

Dimension
2

Vertices
1998
0.0 0.0 1
1.0 0.0 1
1.0 1.0 1
0.0 1.0 1
0.5 0.0 1
1.0 0.5 1
0.5 1.0 1
0.2439509126178313 0.49967398253941775 0
0.0 0.5 1
0.0 0.75 1
0.25 1.0 1
0.36938634152883 0.7565946739452334 0
0.7303592712735204 0.7311103582482106 0
0.6453742621020989 0.5938703129889629 0
0.8532765513880243 0.5464331580761892 0
1.0 0.25 1
1.0 0.375 1
0.5313121425735157 0.24912742660871767 0
0.6475991343157126 0.2868572797552382 0
0.75 0.0 1
0.625 0.0 1
0.6781053457935975 0.13480574871028947 0
0.4720071815667723 0.3370718900411212 0
0.25 0.0 1
0.5529590190042236 0.5954754731952376 0
0.6350649551906798 0.7131099803901694 0
0.561441677749528 0.8635871503874117 0
0.75 1.0 1
0.625 1.0 1
0.375 1.0 1
0.43107286475394874 0.8755933862610458 0
0.19317442168484783 0.7029940356112153 0
0.125 1.0 1
0.0 0.25 1
0.19161900419245442 0.28763963639910883 0
0.250981581875375 0.3861479181368161 0
0.0 0.375 1
0.14291130115846457 0.5290753165605993 0
0.2015777508406677 0.6140656605693623 0
0.05800092182305746 0.6470495343072853 0
0.0 0.625 1
0.08429609916035109 0.2738945820366305 0
0.125 0.0 1
0.0 0.125 1
0.2593123181877615 0.14742542590938787 0
0.1873416509098119 0.08930643736543718 0
0.375 0.0 1
0.3561046905955687 0.09619541207895384 0
0.5666032806820895 0.1515829343928329 0
0.5742957457633542 0.04607117833356707 0
0.7806803254553716 0.20055823874320688 0
1.0 0.125 1
0.875 0.0 1
1.0 0.75 1
1.0 0.625 1
0.8396908842960651 0.8649251171370045 0
1.0 0.875 1
0.7004179657290122 0.8537286035469668 0
0.5972425858652686 0.897197819051707 0
0.875 1.0 1
0.9190011645953328 0.9199801655967618 0
0.0 0.875 1
0.6849977625854686 0.6597307405843429 0
0.6107799257921283 0.5695404084685953 0
1.0 0.4423208700692871 1
1.0 0.31192842403162446 1
0.8156490103453472 0.5350046865016953 0
0.6191906160365784 0.4092414018320578 0
0.5858720725860663 0.3422587019061875 0
0.5632902955520943 0.2671094555141394 0
0.6855158765806144 0.0 1
0.5643950507937766 0.0 1
0.6737412051248459 0.18697298942856572 0
0.6547255015852622 0.04154503385313608 0
0.5292489720328365 0.38520691820697145 0
0.4563789864599601 0.22038016372083133 0
0.3800778239586588 0.534831746182995 0
0.350774537677285 0.42881216529155763 0
0.5758006719395433 0.6820876934913486 0
0.6381445493198105 0.6468766292564583 0
0.5646282792023025 1.0 1
0.684412797547554 1.0 1
0.40501696883045274 0.7689643047477702 0
0.3132939193901948 1.0 1
0.4388713895284889 1.0 1
0.4139411397219235 0.8426770010003463 0
0.34891617710274553 0.8178998483620928 0
0.2784503395440923 0.8285950909128226 0
0.33217373850537935 0.759254816615041 0
0.22942230606162156 0.681739822141811 0
0.3609233984588676 0.6024995133263221 0
0.05868701427634265 1.0 1
0.18524168544733982 1.0 1
0.230467661302876 0.29164221123335493 0
0.27025940452353825 0.4258123868817389 0
0.21993840992995756 0.3404470499492191 0
0.2696240639054587 0.34850413261596036 0
0.04883309803195035 0.4772183923030232 0
0.18907373769990174 0.3958837447301307 0
0.0 0.310436893746632 1
0.0 0.4398741020199109 1
0.0515879846356774 0.5363446192416068 0
0.15727491493989731 0.49808373667347894 0
0.18425210149017412 0.6605740112427009 0
0.2288545469586352 0.6245956476294968 0
0.1303669058408293 0.5671108951619495 0
0.20642149943881308 0.5525646046733317 0
0.04141536423656713 0.71601040474524 0
0.11476948220991949 0.5979149356781457 0
0.1204154652390851 0.6567212822260952 0
0.0 0.5630908232041284 1
0.0 0.6859693911949387 1
0.04607480644961595 0.26970464057165316 0
0.1540022812656093 0.2890716097790233 0
0.09698235077648129 0.345553773563603 0
0.1835695750898853 0.0 1
0.05722330755094774 0.0 1
0.041624966706591424 0.21372004125600205 0
0.16232332437682537 0.20612335761988226 0
0.0 0.05504654633283297 1
0.0 0.18855237566162852 1
0.30026763907504855 0.17910076098773353 0
0.14654695111992572 0.10204705640211861 0
0.20952611160700718 0.11037715183009289 0
0.44058563578667986 0.0 1
0.31053941869482204 0.0 1
0.5494108750691082 0.22181448385612618 0
0.5526910552512637 0.09198487043908593 0
0.2819943024955048 0.5250787480407678 0
0.3707874657302156 0.5745275877802021 0
0.29934957254350947 0.5806580432707867 0
0.8862868000978943 0.5120835450906874 0
0.3971937338858116 0.7224151132791666 0
0.405064336625253 0.6334419154823879 0
1.0 0.18699688307028783 1
1.0 0.056331248302178866 1
0.9436687516978212 0.0 1
0.8124662806422563 0.0 1
0.052793052273944645 0.7562411647557644 0
0.1479189907744331 0.7238258825643095 0
0.13801133906290872 0.8474914043443105 0
0.8257023910810427 0.7045175572470405 0
1.0 0.6815551432394389 1
1.0 0.5606976226053236 1
0.8940779626524725 0.5750487432666246 0
0.891305985276379 0.6256981323192566 0
0.7677729341009994 0.6757748605100699 0
0.820583152541998 0.5731771252204174 0
0.8372936719855387 0.6628193838868418 0
0.7976293199500574 0.8116166369623309 0
0.87614273366099 0.8340539558836013 0
1.0 0.9395727577404045 1
0.9602447340382444 0.8528518562443655 0
0.7677126030163444 0.867682537069302 0
0.7089389708918191 0.8178115222027585 0
0.6325956653130417 0.7362818573552474 0
0.5859961631145185 0.9505218963455436 0
0.6311556612306364 0.8662701168986908 0
0.8034949648206748 1.0 1
0.9433925751802138 1.0 1
0.9627810706528427 0.8940254352050199 0
0.8827764063788092 0.9350386358337519 0
0.8742124004787728 0.8954148889113345 0
0.0 0.8143467820535831 1
0.0 0.9397331090245341 1
0.047889025736616346 0.9317425557030541 0
0.6743948178412873 0.6204870318945583 0
0.70281438760469 0.6917073919322023 0
0.7393693711285861 0.6494381799683583 0
0.581009210286795 0.5647742126589267 0
0.6246661517388525 0.4692626434998614 0
0.7216350632479783 0.43190645136283373 0
0.719060704478287 0.46790907901500545 0
0.9583719455169759 0.35054563909222775 0
0.915198468507583 0.37213703763605704 0
0.9431632408321806 0.4114940940710989 0
0.7061377235616219 0.4953594821772575 0
0.6762448464343358 0.5779371824464831 0
0.7411273768949 0.4867611485745632 0
0.7320629475206794 0.5232289183299251 0
0.8141025430703487 0.4958000513280528 0
0.7750644597471598 0.5162733517681608 0
0.784257477067144 0.5599598209256665 0
0.6221704627326738 0.4377953724933887 0
0.6639848004251949 0.43279509587781656 0
0.5524513880290065 0.36412326599484635 0
0.7542442395844404 0.23649944716821067 0
0.5762792705518966 0.3598858708022729 0
0.5986380551188824 0.3907903684449316 0
0.6190440358514785 0.3129193578369991 0
0.5667970751253366 0.338617848081523 0
0.5536714696730415 0.2525553533350332 0
0.5569268547682578 0.2780355124783422 0
0.6029771179893192 0.27274753540081076 0
0.6794370690057734 0.16858729950303922 0
0.6371227897700472 0.16798440204799459 0
0.6645312958066555 0.23411583181114706 0
0.6125610187334093 0.041725253364165216 0
0.6750643160852309 0.1008455275018312 0
0.7081644830644265 0.04572907975807338 0
0.6760862013556129 0.07070084041860257 0
0.5423657118600484 0.41323908571067336 0
0.5572140425123516 0.3923938134777884 0
0.5119298010691102 0.31356504339506175 0
0.4246723585014565 0.19433717553847196 0
0.33275118789118685 0.48585924480737896 0
0.36092425158116065 0.5352761318000671 0
0.38835051472565996 0.559615843685207 0
0.2952813026708979 0.40691197547916846 0
0.44029124757265803 0.4397290489266936 0
0.37642420233349067 0.45878710184934274 0
0.550998832060262 0.6396293044165152 0
0.5509046378149325 0.5240123258973856 0
0.5679298972502671 0.5790221204546057 0
0.6324324096717142 0.5954598160476149 0
0.5751992761901406 0.5986784670738622 0
0.6638093886838031 0.7073993599767074 0
0.6980751824835647 0.7198370082594691 0
0.666501417135873 0.6846412236323768 0
0.5999120767990271 0.6896870953909817 0
0.6257387902137765 0.6053092609570138 0
0.6341577699896375 0.6821186527148402 0
0.6538027487537684 0.6462657198706921 0
0.5174945101638503 0.8694367725638417 0
0.5513319729432796 0.9068536745456014 0
0.5318401250844638 0.9529502669573413 0
0.6688844447912023 0.9558883737560243 0
0.38726949897149726 0.7604126273070615 0
0.5109877326363498 0.7870504486848444 0
0.47956071072629985 0.8749608388992879 0
0.403781417718425 0.9098285110314945 0
0.3892907045424229 0.7783780625065587 0
0.2542077836328055 0.9111799656212393 0
0.31152882220767114 0.830203334008898 0
0.38798717451233616 0.8720703534129267 0
0.3723082200518523 0.9004327969422737 0
0.29097473760540693 0.8580511257224522 0
0.3055191428073585 0.7602478338822946 0
0.3364012304224827 0.7839920737674039 0
0.35595116427857776 0.7467951065840563 0
0.19427978369092183 0.7331009232949717 0
0.2501654441672974 0.672282999567323 0
0.2052307723533661 0.6954393921602645 0
0.2267755916102243 0.7084619712016105 0
0.371619510860042 0.609567443805383 0
0.33237686149663614 0.6314947066747287 0
0.3536001804848351 0.7326621596470505 0
0.3393955585552076 0.7315353852193651 0
0.10418429525698322 0.9123773231404095 0
0.10069231855049918 0.954966382978653 0
0.21973538937953943 0.9482080430127781 0
0.22083498805669463 0.9075804705232892 0
0.3398500825336746 0.25765577978285936 0
0.21601942485623707 0.28692410033419097 0
0.2602271503705489 0.2877798584035212 0
0.2397364902438566 0.20173231086084611 0
0.26927398483224063 0.46305268383586323 0
0.20647897242011487 0.32395285139353386 0
0.24559769446153276 0.36271499087780634 0
0.22690831571270625 0.32112992411896113 0
0.23846072871329033 0.3465332813420838 0
0.2610229751412499 0.3628110620950433 0
0.21896619804503067 0.4018678393254439 0
0.21160445195773656 0.3761485947314887 0
0.15861735309573244 0.40041295234796037 0
0.2266457620512998 0.4173133050587854 0
0.06318648186775423 0.3080152921483758 0
0.04467708940783975 0.4125206992350965 0
0.0752741038650885 0.44024424105914545 0
0.11846303294700238 0.49909120711471 0
0.10090538053261892 0.4676558869521805 0
0.08593879634729545 0.5041879393362424 0
0.10247378376083129 0.533388427688579 0
0.18990005423285383 0.5072277238698163 0
0.20196399112077476 0.630652061446014 0
0.18530519774627785 0.6814076719978187 0
0.2011298248541038 0.6712790995828986 0
0.21744062508627107 0.6206549585968285 0
0.16051328993261027 0.5544819885928401 0
0.2487329711144917 0.5212611500140286 0
0.17214868769211056 0.5258217826830255 0
0.211347174581191 0.5831472250048189 0
0.22703856610667925 0.5884904250720463 0
0.08832631467590778 0.5757446125395721 0
0.1223195399232519 0.6277520024830396 0
0.08728426035662233 0.6776500769092542 0
0.0467756279591298 0.5935594792608371 0
0.17668011757985796 0.2874218650200832 0
0.10112533660531403 0.3053636334319889 0
0.09058510484332732 0.3903308837633592 0
0.15303236239784648 0.051869869849982264 0
0.07638583917795126 0.23339628447243693 0
0.10938098035806385 0.0911565661808838 0
0.20367932533225605 0.16825447399466115 0
0.16867602369824813 0.23685631162013498 0
0.15030405593262153 0.25583562033149027 0
0.03954382707266823 0.1726910791653932 0
0.07336019488947038 0.1356674958104259 0
0.32124734260454274 0.20863556640815376 0
0.27317972962011605 0.1817329609202453 0
0.22832933271654837 0.08848167961238762 0
0.24235898665303623 0.12230667307361573 0
0.49316141026153615 0.21610763470527827 0
0.4047511874826721 0.16691203504547744 0
0.43748587612911843 0.1921962167478345 0
0.33885460617390656 0.10370402870171393 0
0.2813348603692294 0.12601678370652145 0
0.28814818085409516 0.15558440220879552 0
0.3794250077946062 0.05558383278378866 0
0.3719969324131757 0.17844391405976814 0
0.37690619627042027 0.1402915721869429 0
0.6617683503835272 0.16668397045273772 0
0.6520708780506388 0.1432133868865411 0
0.5451736898971592 0.23755202224422978 0
0.5614450634812177 0.23557236267210868 0
0.5624731316526405 0.1789631788718201 0
0.5334008728667025 0.18551668964648285 0
0.49741298344977763 0.14414717094310314 0
0.5181971943461001 0.15595771988102466 0
0.5458601568822771 0.15140134376034073 0
0.583635952435059 0.12418966972660002 0
0.5537408548327741 0.1242045725184306 0
0.5244327566880526 0.12333619724926122 0
0.32115882049668254 0.5202092254133897 0
0.3506409293116859 0.4943021297617315 0
0.26726724302468635 0.5106819809397379 0
0.24302990529001192 0.5406484656759982 0
0.3944656719535803 0.5878333976927022 0
0.34964243398118355 0.548749670600643 0
0.37241193480808676 0.5950301509960708 0
0.3353698989492474 0.5959029275643584 0
0.31522614896584716 0.5383368966766982 0
0.7552507423264262 0.061925715498131265 0
0.9453642018801935 0.22482842823746568 0
0.8585721144656157 0.2982839328858538 0
0.8790437401853196 0.3579931441162791 0
0.8361683421344841 0.23084199970797814 0
0.6935866585669661 0.1563646292533521 0
0.7809118024185695 0.17518021036978862 0
0.854143193078732 0.1782290426555268 0
0.8262969375576495 0.2014911165779357 0
0.8221288429220086 0.24248392705655208 0
0.8469690488315536 0.5127566102859752 0
0.3744971577425805 0.7132215452729547 0
0.3826938402661115 0.7396412391712344 0
0.40427061274994447 0.7462457412270669 0
0.403276822908717 0.6101740893613631 0
0.38543711542797576 0.622231503032608 0
0.07789565623650929 0.7968036921041816 0
0.11403302862377007 0.7413401060559575 0
0.16020752668767785 0.7125093561446187 0
0.11692608674514496 0.7749386447010864 0
0.929699402902827 0.7342041068473695 0
0.7787415156506446 0.7196483113522825 0
0.8453498370365555 0.7019136239999968 0
0.9555709694768056 0.7099423757505335 0
0.946280862890159 0.6070639613277569 0
0.7726497728171443 0.6589985621682241 0
0.7486461097879479 0.70207845042571 0
0.8143896186030432 0.6077581701207375 0
0.8597187145698572 0.6853855669800829 0
0.860587337881656 0.6469764167144451 0
0.8121965890026913 0.6565398589663 0
0.8363435307390593 0.6859507561805517 0
0.8104380960142644 0.9019424886716638 0
0.7641132853575731 0.7671605021704172 0
0.8167242957348466 0.8362014290930773 0
0.7889229518410911 0.7569449819670061 0
0.9548554393072974 0.7526645878069919 0
0.9020891266774834 0.7369802656252875 0
0.8868663792948608 0.7083541161087593 0
0.8594463808912934 0.8411228017882382 0
0.833673929684068 0.817533573752485 0
1.0 0.9078396575914398 1
0.9681401588909427 0.9223497938919767 0
1.0 0.8431016382559082 1
0.938929136881772 0.8211169463933117 0
0.7255685350191705 0.8569622769449519 0
0.7635165655988592 0.9277835013130594 0
0.7717534899278865 0.8427133002522592 0
0.7257498543952292 0.7793774221624914 0
0.528046389524384 0.8239215394436527 0
0.606571756182824 0.7126455573547619 0
0.6797162756437779 0.8463788831163714 0
0.6886201687894813 0.8267154997927263 0
0.6747144084758802 0.8747431359540753 0
0.6234360421720602 0.9444682981729521 0
0.8362869105967804 1.0 1
0.7789943650262463 0.964049136331111 0
0.9109639833933949 1.0 1
0.9443914213536031 0.9142582676475574 0
0.8931091166313992 0.9670606450494206 0
0.909698975045579 0.9413296380854989 0
0.8547030105968408 0.8770070385503526 0
0.8746538014286794 0.8515970233598079 0
0.07082865646594401 0.8790886421756073 0
0.43693147346636435 0.5493738678353423 0
0.41663336451328026 0.5690096402279449 0
0.4208744768098839 0.5980954922597779 0
0.5183484551502456 0.5791176412638812 0
0.4913163074128482 0.5648052562212252 0
0.6628454051344025 0.6335374428664315 0
0.6563822576044271 0.6029209510307334 0
0.6459014971333973 0.6286570929510016 0
0.7178467155527901 0.705160526388329 0
0.7107760418152134 0.6018418167150393 0
0.7689493839647421 0.6407182089919355 0
0.7073510208644429 0.6550240477866678 0
0.7548373794618835 0.657639126233704 0
0.5877871121678534 0.5802790850487735 0
0.6198335271903788 0.5822308411226369 0
0.5459435224634803 0.4942703868265211 0
0.5987689075884829 0.5540488204164695 0
0.6216499283399208 0.5488538940942601 0
0.5823711517306192 0.5048565458814234 0
0.7519989145003434 0.45581662920823446 0
0.9246597323006686 0.34516504532415976 0
0.859151902839476 0.39210389138292234 0
0.8135640487780734 0.41768302634068755 0
0.6743496859878032 0.4852368044957587 0
0.6580440436745131 0.5850123971822111 0
0.7494252102219138 0.5524364060417344 0
0.5951592492116158 0.45603773691263183 0
0.5966829974489443 0.4823689054897753 0
0.690453680487672 0.4269332504454029 0
0.6425247265145787 0.4040351106183401 0
0.5231522432025756 0.2734493238439876 0
0.5199262593731255 0.29324552971082624 0
0.5281773390118237 0.3282434388213785 0
0.5012939945290318 0.3407653203496729 0
0.5460500473220357 0.3408873615732417 0
0.7211575866169575 0.2686584364006953 0
0.7838873926596027 0.23820125164249775 0
0.766109775392075 0.2113070899677761 0
0.6948489300953075 0.2063330451692161 0
0.5752194214022566 0.3802999434549477 0
0.5956688926108534 0.3662547529888185 0
0.6346842188740576 0.38929053060257884 0
0.5962728105652535 0.3275590902324569 0
0.6326515191425915 0.3049904311388624 0
0.5814109800502592 0.3277582098819505 0
0.5448985273262867 0.26924863118523784 0
0.5475771286637311 0.31679401596215173 0
0.6251101046368446 0.2833752159672417 0
0.6510352437482058 0.18670864358033087 0
0.6160596696146331 0.14482766400282074 0
0.643727152044177 0.20255414403197652 0
0.6382958233279158 0.2430477487400102 0
0.6686696953341841 0.21375157561930452 0
0.6604377126323756 0.2511674287532641 0
0.642527895607823 0.07833594078009437 0
0.6500333432385165 0.11704073071702732 0
0.7118062167963698 0.12332914466348617 0
0.4633290963395964 0.5478574889262894 0
0.5185119763789054 0.5120236243210795 0
0.5436071749707801 0.4649124554277068 0
0.4946982809949844 0.3881528849463752 0
0.4617641595731524 0.4262387828786439 0
0.5047943798696276 0.2520948453509388 0
0.4741642955774618 0.24659757818180977 0
0.43953055820772124 0.2087902521505603 0
0.4047989444146614 0.18610974243322484 0
0.4588482291091858 0.2643582882370468 0
0.4464351439509325 0.24558589902627245 0
0.4321830362186967 0.2292165681907163 0
0.3368566409228175 0.5065813008318922 0
0.3609765666309551 0.5123618903514748 0
0.3326002658761506 0.5472670449561117 0
0.36596463681574365 0.5526523183545632 0
0.41269213018111317 0.534938497302583 0
0.36253683147895827 0.4190018808146073 0
0.3262268830755015 0.41539513854139704 0
0.28292672902612687 0.374189492230602 0
0.2601324475777828 0.40949959799255503 0
0.35279775559079884 0.472129562528227 0
0.412455234155879 0.427626005584588 0
0.4640356530997212 0.44851999184458613 0
0.37118662239445227 0.48911623885975625 0
0.5621288983985887 0.6163945144418964 0
0.6965291608178841 0.7012685218380424 0
0.6584166618155166 0.6977313477492576 0
0.6723247506160006 0.6754756387479686 0
0.672524414074512 0.6976449106148862 0
0.6883217417390789 0.6816344105679415 0
0.5253021571989989 0.6855279678808472 0
0.5462743675618156 0.6704306922426462 0
0.6295806058386236 0.6199399577844265 0
0.595810098019496 0.6020676760508412 0
0.5968376647142719 0.6459580790771627 0
0.6210909658667956 0.6995256995668929 0
0.6509859192119786 0.6836886673804617 0
0.6415710988426367 0.699224833530477 0
0.6687065351864814 0.6491197336058124 0
0.4771360726740243 0.9583871103439313 0
0.6975070426375776 0.9193321252012066 0
0.7139922086268787 0.9628894379059139 0
0.5177509646429785 0.7181161167166632 0
0.5511448935191406 0.7047023726626808 0
0.4808231163994242 0.7738843551592558 0
0.5170249723639748 0.7547669537189895 0
0.41922458876749025 0.9561072243893574 0
0.4004831507010783 0.8173445909904555 0
0.37506909091742907 0.7721787383332777 0
0.4076200452495626 0.7916326433701126 0
0.4223724815355856 0.7779783232692913 0
0.3342545932739513 0.956384358320195 0
0.2811041242877249 0.8851321443657347 0
0.3328351970083556 0.8062817204718328 0
0.29234880833084825 0.7844989854352167 0
0.2954447864078366 0.8401609584706657 0
0.3309596438286324 0.8216916746361665 0
0.31207846984968685 0.8493277652422764 0
0.3670878034808696 0.8044459579907884 0
0.3826711885447589 0.8370484479190172 0
0.328656294902415 0.8594762003397634 0
0.35600522901785375 0.8794736543558963 0
0.3035059508107491 0.8718293870905663 0
0.37259304357131207 0.9358045494124677 0
0.31723110964564427 0.7590729947887908 0
0.30851743902530815 0.7824819782293583 0
0.3194370931346818 0.7949260274908673 0
0.3246314910150031 0.7710003691021722 0
0.2245345001598957 0.7342922591402675 0
0.2419525013556873 0.6844151083492424 0
0.21598326958777542 0.6931938411740067 0
0.21646727843644326 0.7212237256639785 0
0.233191852025904 0.6926681463180223 0
0.34642381861064414 0.7112231809787017 0
0.3397686888098811 0.6939618293908857 0
0.3462534968859852 0.7394912310618877 0
0.3371393443103555 0.7445163997673914 0
0.31794857011487926 0.7354235180515254 0
0.33939161535613904 0.7055196526590345 0
0.3222060694128139 0.7060752413333662 0
0.258823462178517 0.7366024390135574 0
0.24204800660292747 0.7027770699728891 0
0.24518637133814836 0.6930252368118223 0
0.2511312739963248 0.8815952827240572 0
0.265631908422766 0.8600290912842672 0
0.1526866433126225 0.9448681015396455 0
0.3215957342257455 0.3786937355592121 0
0.34186167042537075 0.2454119949310829 0
0.35574731932859194 0.24410855080649202 0
0.2471038181956089 0.28709874084635745 0
0.22070385376149418 0.24629215451353212 0
0.24614666595006232 0.17787430511676916 0
0.29202921002358007 0.19979541384961144 0
0.2661755697005086 0.4872928294400903 0
0.30801223476842154 0.47568493191189287 0
0.21862684982417238 0.3060845033326867 0
0.2321378185685708 0.30773204274653293 0
0.23812326927539784 0.33193098933918247 0
0.25434527603424634 0.3500551918249718 0
0.2809671978971704 0.30549069479985036 0
0.27163488764026206 0.30265719961665294 0
0.27391928169146795 0.3338535935442732 0
0.2841665651862984 0.33298600677868345 0
0.28012512159088154 0.3527593011276564 0
0.2441488270154165 0.4020130558758582 0
0.23646012150542414 0.3801175562999438 0
0.22637119783708867 0.3610476613694337 0
0.2086184421374173 0.35777330430060916 0
0.25001621528027185 0.42240457074906484 0
0.20414668032944722 0.4238424906374497 0
0.05026592278142694 0.35784166309620286 0
0.14385949905904485 0.461145279411583 0
0.216532092240915 0.4883350480105851 0
0.22123359699322204 0.6419685462504044 0
0.21432680228735718 0.6766523675613684 0
0.23033811947132793 0.6595074818267698 0
0.2360356125470836 0.6329156299591185 0
0.18656443824888364 0.6168398652739832 0
0.1801368232568583 0.5727648428836568 0
0.2032450175575355 0.5314852581184449 0
0.20424209331449375 0.5717742148013908 0
0.19756860345413205 0.5945284189604887 0
0.2179018678730945 0.6008172539152293 0
0.24660117746363458 0.5977571531107889 0
0.15464389457718922 0.5769864487407698 0
0.17322976842128238 0.6953452354016999 0
0.16277516337358441 0.6757216531371955 0
0.14624827342813926 0.6537452398341423 0
0.08872038699050816 0.756122764016586 0
0.11770722133439052 0.7094365522823166 0
0.12920352157820206 0.6762305018778665 0
0.07932751843955253 0.7191867138191725 0
0.18379882405304604 0.29766487772007205 0
0.12264905869720241 0.36662405762340916 0
0.12615671605116355 0.4001398792707474 0
0.1188015670888806 0.1674932311245097 0
0.09782096307767547 0.0422884847650689 0
0.05846039861266291 0.07777258980151572 0
0.2204400994036095 0.18147923886035508 0
0.17724824002915537 0.17896947213367181 0
0.23127359777874523 0.15580161467705955 0
0.20985850796558245 0.13704119653346084 0
0.18613306993868967 0.25350682821845216 0
0.17077588301527105 0.2697387933021207 0
0.12024351382080933 0.12920745320187776 0
0.14059171675573306 0.22327043050455908 0
0.12424122222716137 0.2832483235847845 0
0.11565051254863935 0.24908858836238235 0
0.33254634638514374 0.22276437420827044 0
0.3388460131152931 0.20111893684680454 0
0.2663490080847025 0.08944122917783423 0
0.30504844339521064 0.09971507593183183 0
0.20818350618758047 0.04867025630799046 0
0.530990163593796 0.04402407839998055 0
0.5281708788549994 0.22773839052296985 0
0.49589924636202765 0.17810307119110072 0
0.4612796168988513 0.19380739534257105 0
0.4459094620676313 0.16647629166826514 0
0.3973230782697539 0.14099262022099388 0
0.30736555158416023 0.1330642951092567 0
0.33343286721843857 0.034754889542535604 0
0.3901871224904355 0.09164516701274206 0
0.3523000821119495 0.12727358965516974 0
0.325078534028408 0.1799805599413225 0
0.3631047855212005 0.15898886702811188 0
0.5725203365600235 0.24997194011720233 0
0.5691471328301327 0.21754428070124318 0
0.5137320225675096 0.08619786148772635 0
0.596583085431159 0.083692957289442 0
0.30146433120732713 0.5192505514385484 0
0.2227610504962995 0.5437670246684128 0
0.23433276681151788 0.5575877674242137 0
0.2655284901411893 0.5328369751286682 0
0.35150469429762965 0.5657111387300453 0
0.2988336230057644 0.60399175636472 0
0.30607792727541505 0.6167393680920178 0
0.33324805946547825 0.610190724821958 0
0.3226166985179155 0.5884208763505044 0
0.3468024091845112 0.608493231005597 0
0.3520233051115117 0.58908115685734 0
0.33706432492494465 0.5596847381400203 0
0.30240080210240455 0.5677277765742028 0
0.2949329718950493 0.5362620054985785 0
0.8382508381885413 0.04529301316282163 0
0.7133539858197846 0.08413946395078749 0
0.8675779783783967 0.24785423387135427 0
0.860713630610597 0.21347429890219655 0
0.8956696058013169 0.19523078496987548 0
0.7741384215520252 0.26952184556925973 0
0.8458658116485414 0.27412658272790935 0
0.8480628822762081 0.36660908145660154 0
0.8941740919277376 0.156309400339748 0
0.8390927761071194 0.2524821119437802 0
0.6928876949285291 0.17833884868070232 0
0.7626347646192346 0.19374702993287654 0
0.8243715300822232 0.16685423608625996 0
0.8180961889319337 0.22424464604086766 0
0.8000012864278804 0.21357233108759713 0
0.8017775346317334 0.18761951698074525 0
0.821356584892192 0.2630910246378419 0
0.8002841120158672 0.23518932775834606 0
0.8558045773191879 0.47698763737929134 0
0.915333181675504 0.49451604183306547 0
0.8327983759933658 0.39287305580195303 0
0.9486705302670327 0.47195993125194435 0
0.37896686106112587 0.7228305419986413 0
0.3653171665010297 0.7065319487631202 0
0.3637019531293322 0.7217183013669559 0
0.4344386069309695 0.7070440755554779 0
0.5012890256439103 0.6738449164212301 0
0.5222811541102003 0.6616372036296877 0
0.4421101123894914 0.6796661857728881 0
0.8925289833110392 0.10973364784445466 0
0.152327058481676 0.7534750298139798 0
0.8977469685833769 0.671225789554215 0
0.9152603402452402 0.7081125710532875 0
0.9266205914524817 0.7631614389527545 0
0.7601840917637643 0.7226028331766443 0
0.8021201876547119 0.7062832975610767 0
0.773184384849937 0.7030090274268334 0
0.860132186126111 0.7160225537166737 0
0.9428287381904032 0.529934214341894 0
0.7323320541934736 0.6999163732511454 0
0.7555701098313871 0.6894606548547763 0
0.7424763911904398 0.7215148954484565 0
0.8100365217941655 0.6334712295502676 0
0.791348240579265 0.6468760734016294 0
0.8322120929920085 0.9406190062795682 0
0.8168945586916054 0.8852471252301869 0
0.7476397491658651 0.7569686387297503 0
0.8055192393915764 0.824759688221601 0
0.8239782455657668 0.8543657801417026 0
0.7957139940414895 0.732653350708024 0
0.7887816608619649 0.7663943796172503 0
0.8132830370152823 0.724535764619269 0
0.7970156492865761 0.7797113627254992 0
0.8863558501211665 0.7876260772995354 0
0.8199296851541016 0.8212852194826145 0
0.835905486270779 0.8373907783386043 0
0.8462001548554577 0.8308759182883755 0
0.8633509269728213 0.8231699714967669 0
0.9643130939653586 0.9616391097698248 0
0.9715580821953329 0.8131793250048849 0
0.9729065788674045 0.7792742546653955 0
0.9444471371098725 0.7892998973044761 0
0.9140025861863745 0.7941712931057583 0
0.8913816051328138 0.8095194723750664 0
0.9136466267106517 0.8736521364088602 0
0.7149521545584417 0.834933352134531 0
0.7648614073414614 0.895707384550271 0
0.7816934434330371 0.8134621166558669 0
0.7876554286382976 0.8265811837607276 0
0.7394644443561873 0.778144969639256 0
0.7094212487627762 0.7998110019401377 0
0.7207166637134493 0.7578124852621965 0
0.6403431957147033 0.8004836196002728 0
0.6812573128442991 0.7891788717220514 0
0.6216751933506551 0.7210158770222055 0
0.6528810756138038 0.7247322393629158 0
0.6683994062582167 0.7203891591320803 0
0.6782598812684617 0.7113284053982385 0
0.6443406049697045 0.7523469266491476 0
0.6590173716549006 0.8369074571838404 0
0.6003780761575218 0.8580976620646448 0
0.8560357057168994 0.962725443153812 0
0.9277018111179333 0.9690569487083797 0
0.8581974728571284 0.858555690664002 0
0.8991901531062849 0.9178659775881928 0
0.8713675999567341 0.8732055548715492 0
0.03133535107952811 0.7919450978026011 0
0.0924594317663918 0.83592830654342 0
0.4918568854523451 0.5306863493487445 0
0.5398809564632374 0.6161142307297046 0
0.5442460163146748 0.5747596561735122 0
0.5255373788822082 0.5482433790474289 0
0.6419639722106194 0.609556168781008 0
0.6895903426793654 0.664425401597215 0
0.7131724765331762 0.694914699425134 0
0.72248019917054 0.7147052847232254 0
0.722593668578231 0.6238910869369224 0
0.758235851710432 0.5838769419380737 0
0.7004602351843395 0.5750760978275673 0
0.6906921988163783 0.6105484413930339 0
0.7243822288445166 0.6540266549596379 0
0.6901586873343787 0.6542543183303748 0
0.6975134156224827 0.6654667037607427 0
0.605869602725578 0.5850617460913283 0
0.5739690923451232 0.5422537219396848 0
0.6257815524679342 0.5672665151283929 0
0.6132330649693021 0.5020968045819129 0
0.6767400672459174 0.5159488582522698 0
0.7718222542930526 0.4035799246058265 0
0.7409834180307965 0.37797516038086576 0
0.780762695358121 0.471549385170361 0
0.8994705116316428 0.3435639920228393 0
0.9444200229437415 0.3178659833333751 0
0.8995186580310452 0.45361435523616445 0
0.8899721327333994 0.39857307429056493 0
0.7928980815506322 0.4055859078700265 0
0.680126034067859 0.5535249942365679 0
0.572556897881309 0.47247854217924945 0
0.7100713148754166 0.4096240289720055 0
0.541654767239777 0.2912122616488968 0
0.6939229909787293 0.24879744283767724 0
0.7401429369246756 0.24507793499062194 0
0.7659764671641841 0.2299315357209295 0
0.794602194845908 0.24680302312698424 0
0.7509680583245475 0.22070360748569007 0
0.7810448768331734 0.2232667654634729 0
0.6864927436525052 0.19688060381854172 0
0.7021688917529462 0.19482031960713658 0
0.6926610432700518 0.3186347187723267 0
0.5723519422578599 0.40605581713535654 0
0.6048641202585401 0.34608508580482217 0
0.6533281950306828 0.414238819407362 0
0.6253379338757977 0.37452906104501327 0
0.6278000948716357 0.31420965418127966 0
0.6461911343340755 0.3081016833366181 0
0.6049212572018287 0.31437343901743364 0
0.5713864684936425 0.31528008235759597 0
0.6117360752115467 0.3029740134402619 0
0.62227748011112 0.30335551619402035 0
0.6113197723281817 0.2822473653994845 0
0.6184484836436085 0.29331913904123896 0
0.6292221223044493 0.29552594035826163 0
0.6355070768924088 0.28565325104040934 0
0.6604597909188554 0.20314729863353723 0
0.6409031871275569 0.21359232633402195 0
0.6454958634243821 0.2357033737170784 0
0.6336849615912536 0.218689177070086 0
0.6094522704248526 0.26072238679289145 0
0.6306273012820681 0.2625806787973863 0
0.6561529821719229 0.23989363783046677 0
0.648592733041599 0.24675920550416347 0
0.6519668077278358 0.2704742661353036 0
0.6195064413683973 0.11246919896362437 0
0.7258052312901271 0.15523323779918627 0
0.47549506604592656 0.47620657468809363 0
0.5161187189068612 0.478352811991474 0
0.49283552840765626 0.4427306710542028 0
0.4082784190050956 0.38028807119213953 0
0.39643639228503313 0.36589937035840575 0
0.42082067828506825 0.37273148946786744 0
0.4254047636262707 0.3897732109339952 0
0.38748312647724814 0.19878690613278927 0
0.4992804071391771 0.2863400563617595 0
0.4847994036499309 0.31166609723151534 0
0.4574992664074521 0.3189971229041185 0
0.46548615888258843 0.2902357366318159 0
0.4410414251488995 0.28021522224663487 0
0.3954053647699833 0.28105544179787595 0
0.4167464544518562 0.21700264366472613 0
0.4356231052556797 0.2625402029132849 0
0.31509618381681875 0.5000631662498588 0
0.33842538499379127 0.5309518365667254 0
0.37116911746328746 0.3957844916869701 0
0.3125278592384932 0.40512899353326604 0
0.2746428862467664 0.3628407967298658 0
0.2651130586153922 0.37871839663269946 0
0.2616588076467567 0.3945828225478408 0
0.28766914976714986 0.3914392223632557 0
0.2875926698194361 0.35999935155072577 0
0.278007573299979 0.4425676099991489 0
0.277741825691865 0.40560421198015734 0
0.4388309897467645 0.410707602526622 0
0.36802330451765064 0.4343319136142171 0
0.44762369879398517 0.4641803674584535 0
0.3903785906417699 0.5087595720125805 0
0.7079916908394701 0.7211998679549644 0
0.7175744852841307 0.7215884786160794 0
0.7124887425779581 0.7121402414564256 0
0.6912530958922068 0.7097578051337426 0
0.7072829376714087 0.702595696206013 0
0.659397129794937 0.6598125782504508 0
0.6905448785879397 0.6899692739909901 0
0.680588345082498 0.6855984610224471 0
0.5749890511454627 0.6551724351757895 0
0.5959584431210492 0.6685593487618392 0
0.6153418239793439 0.6304022999708012 0
0.6483678985280731 0.6590208013157504 0
0.5003582564713734 0.9142813439192868 0
0.7364413325668296 0.9049424070194433 0
0.6501206215691057 0.9071306483323345 0
0.4927445013932206 0.8437756031136175 0
0.3540773523959903 0.7856982500327762 0
0.45767303326409237 0.7995557558633841 0
0.28040726051218573 0.9473269008264655 0
0.3084121705434659 0.9262458427926235 0
0.30203948570438943 0.79982406826037 0
0.286867193231173 0.8005182534163781 0
0.31688182468219644 0.8103074567774178 0
0.3527853749443782 0.8012772368507025 0
0.35856458627381976 0.8324692582385342 0
0.359268150393578 0.8537061467588152 0
0.3439217038784335 0.8660134654187499 0
0.2840762162655069 0.7720698147813728 0
0.3136855305738755 0.7708237317017758 0
0.3449861264126865 0.7538169612400618 0
0.20174729218032977 0.6879604880350823 0
0.22902684056699898 0.7217505585790582 0
0.3094551148338617 0.6271306760988371 0
0.32982804869759824 0.7008660242999524 0
0.2953042937341313 0.7323937007074841 0
0.31827778065855805 0.7138839129649192 0
0.3101537322758648 0.7472185312854698 0
0.3294651578509051 0.7362551230018759 0
0.28786163706642814 0.7093051858973354 0
0.31188015854503603 0.7054623844433308 0
0.25082686310031704 0.7587102951928306 0
0.2672319346201708 0.7400579403546663 0
0.31847803208114744 0.694269655139965 0
0.27885636904069777 0.70604607886655 0
0.29973756504088744 0.706668166630085 0
0.27168667286078163 0.6831184030579297 0
0.26219259916312115 0.6749159722318093 0
0.24011419018582283 0.7153655282415495 0
0.261315251477808 0.7077802315159284 0
0.2560649196718313 0.68600896881927 0
0.19452143037494177 0.9129882563603334 0
0.29611362363698573 0.37985115389934776 0
0.33737898713007863 0.36922544718108985 0
0.317981706804365 0.3893104105409976 0
0.3266487330798744 0.39972453650586187 0
0.3503621269483245 0.26775956890995956 0
0.350560352695859 0.2534394804058332 0
0.32400165749529053 0.26302321230999853 0
0.34039752355674774 0.2773908158232094 0
0.35300478326887624 0.28035630714435605 0
0.191556504544966 0.23211958733425023 0
0.23244736908448257 0.219026775496171 0
0.2293085070580841 0.255830457107234 0
0.23690278158976996 0.24727970277261832 0
0.2594706533016721 0.19831798930882955 0
0.308623260466632 0.19476360623798478 0
0.2851656085268885 0.47477598935037785 0
0.3109008862787812 0.44733947808014296 0
0.24262460975423059 0.30111051577672493 0
0.24896700029922908 0.3382477315781658 0
0.2753572384550121 0.3134692556647974 0
0.26813409774104596 0.2917755481215605 0
0.2531389329379805 0.3234941508359187 0
0.29714520563131613 0.33538909562868685 0
0.2828811905514661 0.31630430641834356 0
0.33091546625273505 0.31801914124456354 0
0.3098783642458753 0.3298338329786793 0
0.25651262314963763 0.4431824593615334 0
0.14193055173033006 0.42783038491292236 0
0.20229866320682693 0.6492087007541119 0
0.21626724239604075 0.6596459774445278 0
0.22532465399339163 0.6691675564693703 0
0.260459438707962 0.6627475353004614 0
0.23925056345910206 0.6180580374357246 0
0.2291583019767829 0.612208678525737 0
0.23337794644811685 0.6008292802703853 0
0.1681118741261581 0.5971622158582586 0
0.1393495936330478 0.5990287513641019 0
0.1838011379713606 0.6386848218833234 0
0.14806390708692846 0.6992564678674864 0
0.18926661907510584 0.3278918033777315 0
0.14883583247889032 0.37768833481418856 0
0.14014493339366854 0.3083185140729509 0
0.14711823952008768 0.355848904796938 0
0.07577659721851582 0.1902381322437319 0
0.19843574969903716 0.19324186679082184 0
0.14847960074875882 0.18150531545463708 0
0.18308687241256133 0.12321203099539008 0
0.13850851504783113 0.19584348066079715 0
0.10971850318514818 0.21069052644382796 0
0.3346833626415722 0.23719365445728308 0
0.345786126196075 0.23134406341490296 0
0.35858631568784904 0.19652992459033292 0
0.3511746114275249 0.21640521890247671 0
0.3348837755773244 0.07597149492456186 0
0.29427975111735 0.05034569746375355 0
0.42374041419902975 0.1733779451596668 0
0.38242509591627305 0.16002013028554304 0
0.3899823225262226 0.17718038175355577 0
0.3296493784319429 0.1361451940291159 0
0.3845696244393342 0.11853286614588483 0
0.5805509166910656 0.26374635039198097 0
0.5835836265140953 0.1973079054212093 0
0.48522316697223783 0.11016554177869181 0
0.24874728410722616 0.5564926338324303 0
0.27635738365582824 0.6282606685376302 0
0.28639744084026647 0.624107446545842 0
0.2974689271970504 0.6263410241131141 0
0.2939764139007963 0.6146730975056263 0
0.31972735883245273 0.6167876874920365 0
0.3089340430147529 0.5923903973599743 0
0.3228104847599938 0.6013634481892319 0
0.3327594901981528 0.5769294272143014 0
0.3139225971753772 0.5778189847085135 0
0.3189440596958917 0.560586498861703 0
0.2996219055313341 0.552150995070478 0
0.8500651310729367 0.1390576219868461 0
0.8146507997862055 0.14006839147146552 0
0.9339622301723626 0.15021161505546726 0
0.7809487261698335 0.25148983414403664 0
0.7494480896472137 0.27511475990990253 0
0.786328842701002 0.3107940962231021 0
0.8008021317041047 0.3456199401649247 0
0.8366516536803786 0.29953230366774647 0
0.8177244153342995 0.30588685628462586 0
0.8463236011839005 0.3196056345501879 0
0.851141075716515 0.342439115122852 0
0.8206392330993296 0.28499480985814685 0
0.8162989090527657 0.45192244565316364 0
0.7797777536742396 0.4316832697968234 0
0.3522364822640595 0.7014499216785766 0
0.3667357966966026 0.736504416786638 0
0.416262211358733 0.6866628355649267 0
0.4181487813514643 0.6482856385772555 0
0.5136941503886381 0.6066702628325022 0
0.491268924794294 0.6970432171140312 0
0.9477562119228421 0.09137537638437972 0
0.20666590050896985 0.7336345195997586 0
0.12259377050917762 0.8066478135027966 0
0.1592175053697378 0.8180186694472596 0
0.7686525585964219 0.7249967631069487 0
0.7559828803151878 0.7122056007815356 0
0.7486184362838236 0.7312400994375069 0
0.7666581452978485 0.6912312702035497 0
0.7611764522745879 0.7021817915278639 0
0.7792068507817398 0.7100671001315481 0
0.9280566410749836 0.6829953214022758 0
0.9604086208749085 0.6596093724372297 0
0.7366002814926755 0.6791240188025947 0
0.7392700384190412 0.6982876309611944 0
0.7132977589533845 0.6885887342246223 0
0.7229271202177516 0.6960611511082369 0
0.746205563688315 0.7131836712643123 0
0.734977878849757 0.7241352470833752 0
0.8493772132513417 0.60426094651665 0
0.7910548910712745 0.6713434404742443 0
0.8003114816479682 0.9381435994990677 0
0.8160594455367962 0.9192047822326493 0
0.856039864532889 0.9344369333459481 0
0.8433391350511792 0.9167437270480289 0
0.835426569500102 0.881179138128569 0
0.8270075912246594 0.8701905206120922 0
0.7864380048850231 0.7993317890495627 0
0.755753041123343 0.7633745165856859 0
0.7552672317393618 0.735652438248682 0
0.741119249601644 0.7428696999524573 0
0.8414788235413907 0.8460359780155399 0
0.7891470547953566 0.7136500405758113 0
0.7867156391318618 0.7259107254802996 0
0.7768789155265229 0.7385079286211386 0
0.7748736277494639 0.768148398141021 0
0.8214866674208339 0.7382617663158464 0
0.8025424223960532 0.7666356660051521 0
0.7887706486341901 0.7874942586183418 0
0.8024063798669762 0.795910839506148 0
0.8212970517415261 0.79652942375989 0
0.8700860255256964 0.7341257551773703 0
0.8406008447175055 0.7476267414135106 0
0.8239627908121249 0.7575217980312338 0
0.8825586377270065 0.7603921721581257 0
0.812515933260358 0.8098231791554935 0
0.9384441981220922 0.9383987305298885 0
0.8783910199034035 0.8189677009621296 0
0.8882628432997384 0.826145986165543 0
0.9269020472454471 0.8488038900942674 0
0.8907109971761555 0.8849077798655524 0
0.9319261873996766 0.8943000485432226 0
0.8911581933880114 0.8645340577164715 0
0.7433922180899943 0.875701456609518 0
0.7495751128196174 0.8280941339949607 0
0.7540075300656492 0.8105676740024803 0
0.7293967520357008 0.823132554558658 0
0.7496054791987173 0.8517092307252057 0
0.8016233839318939 0.8343855186689826 0
0.8103422783915535 0.8673676816666696 0
0.7545805418008386 0.7750071787373138 0
0.7439087453883658 0.7668105041200538 0
0.7370982742408662 0.7589001606594515 0
0.7213721802454461 0.7679488371678425 0
0.7289124472054631 0.7510534057457027 0
0.7136184042191904 0.7358793895723443 0
0.6457037122823162 0.771758834653794 0
0.7001489718917867 0.7855612518274868 0
0.6930966897696197 0.8051199091612471 0
0.6250838989047377 0.7598239597973704 0
0.5774566229986807 0.820953483098338 0
0.6788882137216818 0.7242502410808209 0
0.678967435001795 0.7604548392519882 0
0.6206334764445401 0.8261929735784623 0
0.050301888537879695 0.8300900937678979 0
0.4947966681051414 0.5010729062165682 0
0.5343799287157285 0.5940773465905782 0
0.6593531158367396 0.6169903934980342 0
0.726271575821844 0.7227886474991467 0
0.7336536156619424 0.7164539340751216 0
0.7157177033350373 0.6395856145136174 0
0.7310853648353212 0.6372986655075253 0
0.7363593042567738 0.6025639240849754 0
0.7889936703447907 0.5917686967215781 0
0.7266587647811518 0.5785780827589739 0
0.6897403503935826 0.6278023135676951 0
0.6727760287884856 0.5989063402581826 0
0.6893222638461876 0.5910271402486683 0
0.7386505686359448 0.6639921610552122 0
0.6945335500260073 0.6738043888684528 0
0.6159011057749871 0.5966085749925394 0
0.5954727461467664 0.5708536243178478 0
0.6045039943591795 0.528470717342796 0
0.6377189600468945 0.5782288145391714 0
0.6477044410548651 0.49967037561602506 0
0.7020410698335469 0.5266534351146619 0
0.6522220160554597 0.5383660338297558 0
0.7268436195426953 0.3928187708533733 0
0.745420880890256 0.3978527968317553 0
0.7516358883182935 0.359850542616753 0
0.7523751837463298 0.3427745221169442 0
0.703386081502492 0.3650960656844195 0
0.7196209610402682 0.37112226644265706 0
0.7107169365185795 0.32659118182748686 0
0.7106220975318237 0.3385138667651282 0
0.724817574535377 0.3433953302965984 0
0.7825110005300702 0.35756883955642027 0
0.7663841413936893 0.3514662691317184 0
0.7535999640240675 0.422354234608779 0
0.8063561234439827 0.3666006739255711 0
0.8764007685602269 0.3253426957399102 0
0.8998744993537481 0.2709944472125389 0
0.9549548384934579 0.2816327508782952 0
0.7840773528689193 0.3825484341265211 0
0.5615879939081065 0.43940278143304135 0
0.5932747814767654 0.42491007524235963 0
0.7111055902019947 0.23114200429230386 0
0.708724093519366 0.2632408211855565 0
0.6848174018970397 0.24018286988446738 0
0.6868790320154845 0.2698604916060184 0
0.7302431807343607 0.26083793363442453 0
0.7225093554877885 0.28138804713030624 0
0.750839934757158 0.20395692841434948 0
0.724057151648871 0.2373823647021785 0
0.7371064879318837 0.22893884597392697 0
0.7347221684139263 0.21185584631582535 0
0.7098074877427499 0.177153091737098 0
0.6124151585395381 0.32710538493872904 0
0.6874770781555294 0.333318873276446 0
0.6586288219062072 0.3122384815409987 0
0.6651604541728714 0.30266546921322707 0
0.6719015188572869 0.3110323872600922 0
0.6185549631038781 0.3883296697875021 0
0.6428254284864274 0.34337700665557197 0
0.6131225194418997 0.3744948571949143 0
0.6150064024454122 0.3585433904176945 0
0.6547015436382458 0.29684156934489514 0
0.5635211624138753 0.29829789586514344 0
0.5976826604299205 0.28555296023582233 0
0.6020168341397412 0.30393161333725055 0
0.6416799626659304 0.2964263474881753 0
0.6430917932871537 0.22421992619602144 0
0.6322537551558888 0.22949826288754277 0
0.5962611805402244 0.23721170990181278 0
0.5901928184240403 0.27493000115570276 0
0.6284615193583271 0.2512803879620041 0
0.6337951585157605 0.2750598916472353 0
0.6188693012768897 0.2702643856995899 0
0.639443708596584 0.25426297980750046 0
0.6510060402019058 0.2592856671083857 0
0.6438725779479207 0.2769736517475125 0
0.6513381433832613 0.2795869270568458 0
0.657176257056396 0.28619036299031 0
0.7552787026858075 0.16345424820466156 0
0.4177904410884404 0.5057440143438193 0
0.42169235417882894 0.4563999089551921 0
0.46378183658606875 0.5112229544315811 0
0.5138472765124202 0.41172245332255974 0
0.5261728586784143 0.4393314733266861 0
0.5266035894350738 0.35197670541207415 0
0.48521073015368127 0.3609065413530678 0
0.5071654476870713 0.3657855402361811 0
0.3691692069455715 0.34491769011792456 0
0.3805133553549665 0.357606955137137 0
0.41339904119860704 0.36299595152973957 0
0.44456425589010506 0.3899793250376801 0
0.4410535143027091 0.3696806783831045 0
0.3686407717940625 0.21504577073883108 0
0.478641679109329 0.2675095204545158 0
0.4287526917934817 0.2908320343514323 0
0.4354493155400117 0.3479891105898501 0
0.4180722030033949 0.3486999978199037 0
0.4390747982635073 0.3238321255539374 0
0.3695404913663343 0.281170053720253 0
0.4217660396072115 0.2617161806898179 0
0.39972241412469695 0.21682189069096688 0
0.3796111757859069 0.38223492713891344 0
0.3867156405814682 0.40085560662402053 0
0.37349298160792455 0.3714289522004878 0
0.3517258206852153 0.4487505729163867 0
0.3608698434497702 0.4047434316178751 0
0.35015930543229257 0.41262247387330137 0
0.3385248010101828 0.4199960511180721 0
0.2897482491411415 0.3469659583529247 0
0.29141319094481943 0.4566315121662631 0
0.2885359775598088 0.42304732698061775 0
0.40782721179403225 0.40102981086973205 0
0.3844234973074249 0.43615278916985084 0
0.37933234016988443 0.42443135085186345 0
0.7020209213442452 0.7102722919490688 0
0.68481394728003 0.6988553285095405 0
0.5764753333185729 0.633390073605679 0
0.6160047825166705 0.6142311068559312 0
0.62007772065701 0.6470177700213985 0
0.5834389886238526 0.6157768467277044 0
0.6579924516492688 0.6716201909266346 0
0.4519992613532663 0.9140031359296469 0
0.7479536326301748 0.9582023168007832 0
0.7129389045854848 0.8809250271651433 0
0.4904659315159099 0.8140450147325079 0
0.3658921972507442 0.7914207138138597 0
0.37206995576812113 0.7795177905517043 0
0.34570043127987893 0.7694089339973705 0
0.36153691055721476 0.7702241790827731 0
0.3321648781069167 0.8800838705559935 0
0.34034729227796356 0.9110799915280285 0
0.27723575436617703 0.7841543102583544 0
0.29476017463540133 0.8176505542691618 0
0.3285963996551456 0.8369143693529673 0
0.2994932103291671 0.7722123302966963 0
0.279403133799298 0.7451887789692924 0
0.2771385355628813 0.7596533756964385 0
0.26783844446907934 0.7701257358397825 0
0.32013418216723044 0.7809443864073807 0
0.2452191102325995 0.7501790240553392 0
0.2582601038461151 0.8385847079737685 0
0.27658784084489035 0.8138480765459415 0
0.25901469930665233 0.7827866624675444 0
0.2617722725614128 0.7566778031075091 0
0.27591583517614604 0.6436159457345574 0
0.3004127658930867 0.6366021219897272 0
0.39743510703972085 0.6526049590314721 0
0.3493585474481743 0.6506183950128039 0
0.3589438785439582 0.6134213571287336 0
0.3667262734359322 0.627505430596499 0
0.3128278275177532 0.6380755271151098 0
0.30050882026787806 0.7245947595889862 0
0.30636648714132864 0.7341717224855941 0
0.2867836438490306 0.7384182212826197 0
0.3273732663456546 0.7111105547221837 0
0.30005750556529226 0.7520155636471745 0
0.32335796113278725 0.7479028252621649 0
0.2668035840711086 0.7498590422327649 0
0.28610533889937156 0.7169596964559147 0
0.27703066402951815 0.7327396259832974 0
0.28984891462255147 0.696702161961724 0
0.283236953064249 0.6865897116819443 0
0.2851798600806318 0.6755625952224723 0
0.28325681269719255 0.658394558171115 0
0.27569689993698304 0.6946798405714714 0
0.2627255918775147 0.719689580000953 0
0.25339814412791795 0.7284798621424019 0
0.24858855637826394 0.7193641867236855 0
0.24865534104603723 0.7404557921278548 0
0.24050333737784946 0.7297178711095346 0
0.2537231228522479 0.6993940986873206 0
0.2799116750128996 0.7155478415581855 0
0.2937450133806931 0.36783492614877955 0
0.3314588842776295 0.3770781082900365 0
0.3290237086371103 0.3455931527709014 0
0.3380656547454272 0.4065317614333283 0
0.31474006220023676 0.27777126428808024 0
0.3427508416582696 0.2887520276038759 0
0.3369897220821696 0.26794460576148427 0
0.3299715684034029 0.27591743829170456 0
0.3324235799270981 0.2859484337316038 0
0.2867128255711926 0.2795255164018002 0
0.19780580806592454 0.21568827938088617 0
0.2051063905125896 0.24831288907424962 0
0.22607343544160716 0.2781222454382723 0
0.22920890530029586 0.23529887491936605 0
0.2577451958437977 0.27722919273958097 0
0.2469947465220871 0.259585309831266 0
0.2768800970741876 0.23138032224419927 0
0.30442515574617984 0.2124227112270392 0
0.2882397447009663 0.49960700829231736 0
0.3327724860927698 0.4340475442400666 0
0.3308800228812972 0.4595520586303294 0
0.2979402366658821 0.29755504829451046 0
0.28869855683879386 0.3223895969489689 0
0.2777297710772124 0.2942112660242646 0
0.2879473695176217 0.29987207737763594 0
0.2788650460197405 0.3235512638700796 0
0.2527766339587759 0.29598098887499835 0
0.26343015629517197 0.3121416480327194 0
0.24041372307768677 0.3169400367691297 0
0.29289190508659513 0.3102511832436546 0
0.3315316088895817 0.3101890465729988 0
0.2422092341276846 0.46828287795328305 0
0.2309542346832894 0.4381447946668527 0
0.23633615608755373 0.6460781744421666 0
0.23783422534949822 0.6711830833253792 0
0.26150436061694976 0.632194690191844 0
0.2272957078773957 0.5707285804017823 0
0.24042347387779936 0.5860984042166008 0
0.15851708187744756 0.625123156895864 0
0.16761154196009853 0.6498302032253963 0
0.16546016251348458 0.3726174740110926 0
0.17277935079545872 0.3012692729557317 0
0.15251085352159194 0.1479826773278582 0
0.1854080202885784 0.15107144576472273 0
0.32881170956283506 0.2495614976026837 0
0.4408871448528006 0.11340269949034515 0
0.42602902506632223 0.14289732995172932 0
0.4698542834777179 0.057113704516919245 0
0.41719235578594555 0.03813573090412365 0
0.35133559998507796 0.1807813315019252 0
0.607926715202065 0.17847704197041986 0
0.25700216090928124 0.5676971053616995 0
0.2875172470337245 0.6335158688554778 0
0.3104382876506701 0.6063647486842458 0
0.2807261232611887 0.5472315762794586 0
0.7797585211540398 0.2646127569720838 0
0.7667075796468722 0.24344376130032028 0
0.8041822335457013 0.2925487953720015 0
0.7327817853399813 0.2746067988192688 0
0.7649243927962355 0.2783029087527001 0
0.7375423635364984 0.25425916190080783 0
0.801591174686806 0.3094217173379598 0
0.8269633611877062 0.35051182801471126 0
0.8040590003697755 0.2752629377523828 0
0.7848668504714436 0.2746092754841398 0
0.793524934706339 0.26182786989950485 0
0.80432386669237 0.2537130694193048 0
0.8523405448541846 0.4264408984992228 0
0.45121988100539784 0.7656734502171852 0
0.42374797575961876 0.66606520790363 0
0.4705015776583293 0.6694849008179669 0
0.5200606264160432 0.6343326818554824 0
0.42051109791157326 0.7315512116907665 0
0.48155294637282703 0.7373379532778913 0
0.17926205331366643 0.7948421457193131 0
0.7679582510340972 0.7130006587381493 0
0.75108412322981 0.7213186619028821 0
0.739048615239532 0.7305498516206411 0
0.9250757343273177 0.6509428183407445 0
0.7333294279233821 0.6910570979695961 0
0.7500169461367623 0.675522416429653 0
0.725168827498866 0.6695712523784066 0
0.7442129599140725 0.6887932358694617 0
0.7376523530521386 0.7073182545755735 0
0.8293470293693426 0.6359549429806961 0
0.7803300239127884 0.6874585287783713 0
0.817638596543155 0.966664734777251 0
0.7915635698249625 0.9099590355049132 0
0.8512903034222112 0.8987884384605977 0
0.8626562396200413 0.9170492421073678 0
0.8286226746389845 0.8999775352595274 0
0.770001501929748 0.8025105805210277 0
0.7568761374354538 0.7445457741926556 0
0.7621605224242989 0.7319673595079408 0
0.7548140749653243 0.728512418326063 0
0.7483154779513655 0.7480472627496912 0
0.7483375888323615 0.7397719310523092 0
0.7355753904237818 0.7379180695137707 0
0.7646016755983851 0.7398867586088861 0
0.7823598269982392 0.7785978295141708 0
0.8138543991934803 0.7802418681829102 0
0.8243252080919228 0.8107284083292814 0
0.8370258562019263 0.7246236974161737 0
0.8520097075252975 0.7364677739441237 0
0.808612139931946 0.7528651795188669 0
0.8472578688541373 0.7749364103048701 0
0.8673624419015343 0.8024565586787225 0
0.9073744770779041 0.8297346906903903 0
0.9384867159046013 0.872141611644047 0
0.9068884700676014 0.898798199542905 0
0.8897681725130892 0.8437979862114544 0
0.7681874869274997 0.8208722879127466 0
0.7560169000500023 0.7987393932094873 0
0.7342082640682046 0.8386126974904345 0
0.8051152318405849 0.8472112229889114 0
0.7936403302466373 0.8840597922798739 0
0.7177861079587571 0.788569134918445 0
0.7686551778030526 0.7775932373167348 0
0.7316492954011483 0.7692981036931471 0
0.7389781940970284 0.7500338186223025 0
0.7331533769162439 0.7437292624102545 0
0.7251635036561277 0.7386828896369366 0
0.7133253696494084 0.7276002628939016 0
0.7150038555571615 0.7476017876022716 0
0.7122590696250314 0.7737310050146659 0
0.6704276156181791 0.8079560972931064 0
0.6869433215323084 0.7189437492930977 0
0.6887431779918587 0.7740491905606957 0
0.681080584687732 0.7369083035911932 0
0.6938921067018397 0.7618226102630815 0
0.6623846207927081 0.7613027744823585 0
0.7271693596110375 0.7063938327537328 0
0.7044291899563656 0.6244219021803427 0
0.7492645502618969 0.6389686746459878 0
0.790386780679916 0.6223383764030176 0
0.7164063600941138 0.5487439870992569 0
0.6812222023877638 0.6406232292763813 0
0.6558889697791314 0.5647548525963426 0
0.6414458239724321 0.5599322957357147 0
0.6283656001310748 0.5224844156652582 0
0.7601721032679599 0.383240809001603 0
0.7308935051480291 0.3606763858315575 0
0.7489068954452558 0.32456183071181666 0
0.7183607114281341 0.33057546158302303 0
0.7280676721074733 0.3353824286984092 0
0.7313198815813613 0.40817571268297237 0
0.781089620418383 0.34031462552481956 0
0.8255760948302338 0.37415714921131 0
0.8715626018720142 0.2786392968728743 0
0.8905879572285991 0.2990088374120068 0
0.9007319350269434 0.23580028676564668 0
0.917283446134626 0.29275195825279887 0
0.7187275530674188 0.22152185372049626 0
0.7023022267098137 0.2403832008479593 0
0.6837886558800097 0.2118147785804728 0
0.6989520461020252 0.2588335625526062 0
0.6701510943219564 0.25392313072929357 0
0.6971792065351732 0.27035404252933265 0
0.6887294059021422 0.2915554576878138 0
0.6888822080668883 0.26078924480431986 0
0.6697594500772017 0.27501609548052264 0
0.6962932589424103 0.3084242149615375 0
0.7043360766494348 0.3172796122130314 0
0.7265612204417372 0.3249685488092001 0
0.7166101750491543 0.3201658252110729 0
0.7183224268820863 0.25512484825562054 0
0.742650849205396 0.19052326730863411 0
0.7222464233228527 0.19826615837921555 0
0.6787006322857906 0.3215972782092518 0
0.634144755542072 0.3558894202270148 0
0.6249194224312041 0.3405784192841176 0
0.5738239060975058 0.2828414763965393 0
0.6064160678706845 0.2944995930048729 0
0.5887220075032937 0.24998768134179666 0
0.6020632793222118 0.2495308432744866 0
0.5793950661243827 0.2327889890942799 0
0.6186683028603901 0.23354002495148077 0
0.5903745879210804 0.2191469545993202 0
0.6279700153159655 0.24216325477845144 0
0.6423330375065812 0.2666162090741721 0
0.665924512554259 0.2930834508375879 0
0.43704185188584305 0.5282088166311423 0
0.4004609812166189 0.4794013286249341 0
0.46223033163844773 0.35329286504629076 0
0.4251224547246767 0.3617566646073611 0
0.3605228014380763 0.2312007753759836 0
0.3624830381949007 0.26442287435035794 0
0.3792824212453709 0.28817519977342665 0
0.36192044282264957 0.28540678999173086 0
0.40636905246655275 0.3073807623721445 0
0.3965710625991862 0.29813526201646334 0
0.43150141035208617 0.24981681628587493 0
0.3910877168149828 0.2569822039282603 0
0.4087318151645086 0.272940024174062 0
0.3032640785674576 0.34888544087820406 0
0.2959967679497196 0.4392188435041302 0
0.3902138606298352 0.4148484157174675 0
0.3738044352319606 0.41075395012291194 0
0.6139061059544714 0.6770506112582662 0
0.6108595271723999 0.6596073148911267 0
0.6307650919719296 0.6633093071346784 0
0.5961221407063372 0.6233088695198925 0
0.732424788670214 0.9361300791142697 0
0.46080259302734283 0.839370740637211 0
0.3835070213435951 0.7982168601408199 0
0.25829479713969083 0.8178153832386301 0
0.2639775590580048 0.7979820283582998 0
0.2698830488547168 0.6566637947801875 0
0.29068093087323654 0.6481100264699434 0
0.37999546046853605 0.700321363704379 0
0.38237319506912953 0.6533885739976938 0
0.3944835007073607 0.6853959410659886 0
0.38579732205939415 0.6412362992557208 0
0.3524965420017636 0.6374561116746474 0
0.3073485800703877 0.6813972898116624 0
0.3292775769016285 0.6895084564693267 0
0.3124503833097388 0.7233093442815752 0
0.29079713926105194 0.7233462831282305 0
0.2947229621952248 0.7163950205643458 0
0.2886886286870265 0.7500051820760573 0
0.33898922252569424 0.7202103859434646 0
0.325870556777438 0.7256926765692634 0
0.2574818363530784 0.746776928526072 0
0.3043840976334727 0.6947205862571907 0
0.2721481893012982 0.6680676275867152 0
0.2713975693086359 0.7120789231429394 0
0.25123001429033054 0.7099610570960583 0
0.23629432257465455 0.7408035004269752 0
0.28313719267629756 0.7234712265484541 0
0.15294964635501343 0.8898748919853473 0
0.2968017047662432 0.3565321975126165 0
0.3427689117473551 0.3598144069215397 0
0.35761245593002533 0.34563868923364705 0
0.31512562542006045 0.36621376854916915 0
0.3282249145850037 0.38708151776727323 0
0.31921800321032934 0.33592422936048344 0
0.33213999490955154 0.358338262616447 0
0.3404312836638493 0.3388372402250341 0
0.33914120159383365 0.35123997837898246 0
0.3522120375100487 0.35963824035768566 0
0.359523025652059 0.36955960832243323 0
0.348596219727303 0.3702659207489437 0
0.3487798675397918 0.40019215721338053 0
0.332723529228703 0.29620805515636855 0
0.21211476984973704 0.23053500525027343 0
0.2150327594604276 0.20760504804925972 0
0.18035086285970792 0.21802285388972711 0
0.2009061032694626 0.26420363382397083 0
0.27048542290259286 0.2830797888254683 0
0.2840297023449564 0.2175968945794657 0
0.30373257776105184 0.22296146561999078 0
0.2667146390277213 0.21582159945368426 0
0.2590347241807986 0.229688969703491 0
0.3088086829964735 0.4249641857509817 0
0.3002398977477478 0.2851442831626059 0
0.25223932227941165 0.3084581080625814 0
0.2676949961426075 0.3238007412990242 0
0.3408762889509251 0.3177613755928958 0
0.3216049808069648 0.30083786513630345 0
0.32133309448702624 0.3157499070408472 0
0.3466396833747493 0.3292248599143478 0
0.18196811808238614 0.4730553450930722 0
0.17548326911752588 0.4483076131288637 0
0.20775891461474702 0.4573137327145233 0
0.24822395193944308 0.6393037687725714 0
0.2602207039211997 0.6480468637164782 0
0.2505998053411625 0.625787701203615 0
0.2928778301910745 0.5731792357106049 0
0.2792301036990994 0.582224168623672 0
0.2882675884669224 0.5830351413288377 0
0.25847910351690107 0.6021356336356777 0
0.2701716674688259 0.5888865032208931 0
0.23043455420327438 0.5784666931648776 0
0.27901674610917493 0.6138667270303303 0
0.4175484949833651 0.07836457821953567 0
0.4072385734772754 0.11422482216810582 0
0.629524404411763 0.19088023967612666 0
0.6106932151906858 0.20626617957748808 0
0.24232055913007963 0.5713328624142314 0
0.2690465998363946 0.5757447339188206 0
0.26096939278300807 0.5501126667980699 0
0.7370294457633706 0.0975058511823318 0
0.8030173348839249 0.1574774189764312 0
0.7545429126156732 0.25160741735819614 0
0.7917018331520622 0.29927215658451284 0
0.7782188177091888 0.3204153229120321 0
0.7748365472904267 0.30416395868663626 0
0.7933051087110939 0.3256146753653397 0
0.8331651644323845 0.33044456760213214 0
0.443439470665406 0.652425090742231 0
0.48840732429454947 0.6214981886368941 0
0.4922117215456577 0.5905754857985498 0
0.462279158216348 0.7030404346817024 0
0.22458003808407656 0.7503153075546859 0
0.2027360917497253 0.7436881807814115 0
0.14961546622309174 0.787652815445236 0
0.21342800330625555 0.823261753802951 0
0.1759641466742342 0.7707637764287779 0
0.21711157339102216 0.7883031150492101 0
0.7045878973949758 0.6687642531080938 0
0.7237071447997888 0.6832756656075902 0
0.7867036852031645 0.7015227774114858 0
0.81465074463644 0.6809108234322644 0
0.756893330930075 0.7534960365589299 0
0.7420636982896586 0.7364259410738654 0
0.7734758567772613 0.7478846463771369 0
0.7702783945892242 0.7315984005157554 0
0.7782997054693829 0.7286087470249145 0
0.8137152420551357 0.766132206306007 0
0.8332341813915242 0.782514722377659 0
0.8563533991183279 0.7555308939562408 0
0.8381538057427 0.763215887066377 0
0.775861522236602 0.7894860365013681 0
0.7473795914921435 0.7887385056348317 0
0.7405803636267251 0.8147930410375006 0
0.7895794935434053 0.8584360054724804 0
0.7259355614725451 0.8029936242909819 0
0.7624162344557769 0.7891628539653714 0
0.7266346391091283 0.7608136753593988 0
0.7212041665273123 0.7289217130665234 0
0.7046774308365134 0.7304337434183412 0
0.5477019317954988 0.7409777368883381 0
0.6064884173650161 0.7976561156274165 0
0.6636831084854793 0.7830052647259219 0
0.7090018796244486 0.7614941024187692 0
0.687621263751422 0.7490452117451829 0
0.7016387507784662 0.7708775151890385 0
0.656780225886125 0.7418923238111997 0
0.67319217928113 0.7455902971493589 0
0.44583590346648105 0.5787868871736155 0
0.47234294967925733 0.5746237736748855 0
0.6985402416909932 0.6409893054698567 0
0.7397854990765748 0.6232157218999997 0
0.6782203008873291 0.3538814056746625 0
0.6430328117707823 0.3725541251458714 0
0.8097572314140432 0.3874663085288991 0
0.9102226730520805 0.3199475468207745 0
0.6764227302846763 0.22624536174308835 0
0.694224629610506 0.22848641063906655 0
0.6995876510620037 0.29773948574409037 0
0.6880228406607442 0.2794529902575971 0
0.6780204733022445 0.29966539187626295 0
0.6812907492069952 0.2514584303038763 0
0.6590873311374228 0.27649528779942467 0
0.666082070694167 0.2827880303556549 0
0.6803320093131323 0.2749966775772746 0
0.6626538119146599 0.2643180926996363 0
0.7100386014972405 0.30525387083657185 0
0.7379643378559796 0.3041238374812928 0
0.7390986548004093 0.2885157595361156 0
0.7359161274528625 0.3290760241724285 0
0.7135280849026184 0.2437623168448006 0
0.7056707867134052 0.2508679768333831 0
0.7301914682568307 0.17544844398198178 0
0.6843044505596827 0.3111832226424174 0
0.7010245534990114 0.3516270323229682 0
0.6974487825534696 0.34016674192728347 0
0.7019111115526384 0.329178417468014 0
0.6569052232149193 0.3240327047732891 0
0.647790546701137 0.31979586977158864 0
0.6369989633199711 0.31755483127231937 0
0.6275569889175138 0.3249411269773036 0
0.5872866827919515 0.2879383930808929 0
0.5787234643137196 0.29908796221058365 0
0.5956666862228576 0.26177567509247973 0
0.6161121870468127 0.24833334492126705 0
0.4415341506759775 0.5009168911191694 0
0.4038742183217818 0.3519398171319483 0
0.3596445644235735 0.25505577553566483 0
0.3713813427833326 0.2705151598691496 0
0.4229955209754985 0.3314748520803623 0
0.42230703826830124 0.30883001000769467 0
0.4047903209113788 0.3360104014455955 0
0.410023642241137 0.32065059904570764 0
0.39789521960757185 0.23386223822285826 0
0.385253028349061 0.27502796028337395 0
0.40500893516711334 0.256480802787529 0
0.3722167149749681 0.23059323382619343 0
0.3137138437088398 0.34757236988687856 0
0.42972338352577844 0.8073296406026703 0
0.3436737886547196 0.849359432977208 0
0.3656568450907225 0.6480102393375262 0
0.39895692262005317 0.7043526293603722 0
0.40522316983523415 0.6679627515287074 0
0.3325463018302682 0.6513276933458865 0
0.35143932829808605 0.6226692867946886 0
0.2931165220138689 0.6866775128997413 0
0.32146956376193425 0.6807343648507926 0
0.30698912809263434 0.7153288219411978 0
0.2868734215699707 0.7293525858272529 0
0.29750162509641337 0.7420552008883434 0
0.2916410965409888 0.7610261138024432 0
0.27085639986279514 0.7038285837041338 0
0.2649376710429908 0.6957669912668405 0
0.17708023050598407 0.8513413841942598 0
0.3033962871441685 0.3675760936122038 0
0.32519940386637247 0.32540995607440537 0
0.32604791370274444 0.367562129476819 0
0.32985440957040846 0.3351890374988111 0
0.3356579895383938 0.3275370611304484 0
0.36464526723142476 0.35749772020529447 0
0.3671134768600877 0.3824171386610712 0
0.3380147183256782 0.39503608390681605 0
0.3114772835076266 0.29328340943647285 0
0.1823351831086836 0.20302560898819574 0
0.3159918988815198 0.22278737307055876 0
0.2942448558219964 0.21440964378375824 0
0.32267180963650693 0.2360703943194557 0
0.29054169011109776 0.22886892781209559 0
0.2829251820951766 0.24314886049566337 0
0.25483260530172175 0.2481173459487824 0
0.2493061535302365 0.2159140295721987 0
0.2917277001459997 0.2915444088759527 0
0.2619259222784404 0.2990317233864903 0
0.2614339689431319 0.33669254580740804 0
0.3075218581233827 0.30837171748759773 0
0.30051503614504865 0.32115897618555883 0
0.24739984514958246 0.6574684417272098 0
0.2884906170372288 0.5627875711770072 0
0.2818718693397115 0.5917346276400395 0
0.24871445357715039 0.612470645116622 0
0.2731143885859733 0.6031325060519387 0
0.28815581387056854 0.6027282298569334 0
0.630180678540135 0.20939320345582194 0
0.6070857178347233 0.22686095172750334 0
0.27296176557477564 0.5620145108344525 0
0.7679474415939129 0.2576898794113955 0
0.7654542930963594 0.3334458711404874 0
0.7744052777616595 0.2800534395472843 0
0.81437339519395 0.32698012261291975 0
0.8295334210081642 0.3170008003955825 0
0.4958809780882952 0.6486227874523897 0
0.21302911882700584 0.7432407272711273 0
0.20580116450679833 0.803735738263197 0
0.23774930495083263 0.8259484129371228 0
0.19794459105769718 0.7796365746692255 0
0.22431040489452678 0.7604779647944309 0
0.23611283719811493 0.7894380203862935 0
0.705527653132469 0.68066554845425 0
0.7956741580054042 0.6886023923138656 0
0.7679259851830396 0.7578554545676138 0
0.8348696059559605 0.8013746492690087 0
0.8660054478982266 0.7797834707110921 0
0.8492183006531672 0.7906367903917025 0
0.823910758933249 0.7687164878153088 0
0.9060976304146848 0.853232726693603 0
0.732944331450568 0.7898166492048335 0
0.572726841807276 0.7298628521519956 0
0.5485078515792451 0.7798581044839594 0
0.6760013109604703 0.7732985111249215 0
0.6952788210239275 0.7393545809474402 0
0.7013809179016132 0.7500463717178613 0
0.6693943723339101 0.7327253332903444 0
0.4432899078152707 0.6038037115324533 0
0.7636185700716107 0.6143498985334799 0
0.6878520905622436 0.37021538321076264 0
0.6660650101794819 0.3678060909899471 0
0.6928584715928927 0.3570538034998847 0
0.6808198984076982 0.3427443803160907 0
0.7018176032977759 0.3859984866700951 0
0.6771247633715126 0.3874554380078205 0
0.6909081038929882 0.40311019749693117 0
0.6574413197562132 0.3927879509266781 0
0.7385573388977821 0.3358440459583847 0
0.7104555868746028 0.27558902035870997 0
0.68825172645531 0.30314480013530054 0
0.6771630161142883 0.26396832494306954 0
0.7587970571249458 0.3015807046510716 0
0.7492846442860882 0.2986563285377564 0
0.7667674002997561 0.29059431541246633 0
0.7819049959862873 0.28901375424565245 0
0.7256862051869045 0.29511873457569365 0
0.7274947335929722 0.3115069155992061 0
0.6671282491724607 0.32176212971292667 0
0.6379758899336252 0.3291805994392861 0
0.5940399150117232 0.2968770946969463 0
0.5907386809434851 0.3133682934265965 0
0.43174746696298927 0.4830169493252752 0
0.3816644821208752 0.25134014780386227 0
0.3627593552828808 0.275015803865657 0
0.36761231111541537 0.2943756170284765 0
0.3821573208148211 0.30489398581310206 0
0.3918635937139356 0.3489095217056852 0
0.3817816762656387 0.34445804722811213 0
0.39719906571025515 0.32098532256947654 0
0.35386242621637026 0.3171741007306037 0
0.36253510168958913 0.3317652936569105 0
0.3746270030692992 0.32298912187554657 0
0.42480884242539724 0.27651636467643653 0
0.412128712719361 0.29079375440996114 0
0.3852471273358102 0.22058691326449376 0
0.36974803641980897 0.24404162406342464 0
0.3098608953839157 0.35765600191665714 0
0.19843595921107254 0.8854720005381596 0
0.23104882914635552 0.882946061229595 0
0.38747074993615255 0.6673908941127069 0
0.3206189635494762 0.3564793250035465 0
0.3472476627832805 0.3493918535222324 0
0.3528313026006206 0.3801260645373045 0
0.3397502766489322 0.38151557246477713 0
0.31414141271726553 0.24754294771748075 0
0.30941409401085096 0.26283493790988866 0
0.3016171029075696 0.2728230544473412 0
0.29681932898700925 0.25599561977568125 0
0.27770735335236063 0.2678723353906887 0
0.26391151981090283 0.26796583667019114 0
0.268048663076362 0.2430879512726061 0
0.281978061890988 0.5732484629242366 0
0.26448283090768526 0.6175520870617821 0
0.6224351875028469 0.2214451777266426 0
0.7598661288026467 0.2649631562698015 0
0.4662317254126409 0.6021715099072857 0
0.4255626947377535 0.6239860356743157 0
0.4590167161044866 0.6260424925443587 0
0.2407462236271693 0.8541375878541602 0
0.244392123420001 0.8037848848529363 0
0.18171592150326868 0.7448837954581492 0
0.23371095260646613 0.7535926712313125 0
0.21448083059856857 0.7698038025483868 0
0.25152824852682454 0.7913016808694102 0
0.22840529166891138 0.7744647080611032 0
0.7649962570318765 0.7486568592427021 0
0.8487732255197461 0.8099291375959567 0
0.7430548606039444 0.8007865719282714 0
0.5844899649886013 0.7099286215869987 0
0.6903438310030799 0.7278778157855432 0
0.7133729484624807 0.3561201217997774 0
0.6512972108279438 0.35538139401967667 0
0.6897727027760778 0.34654971385993133 0
0.6630180839099131 0.353473360670028 0
0.6502158381663695 0.33250189919556983 0
0.6706139786763349 0.41150126468921183 0
0.7112576894517121 0.2896594716824092 0
0.7379096964336291 0.31817764231790463 0
0.7498600492349795 0.30994746996573685 0
0.753556055709649 0.2882773294305914 0
0.3715610696106334 0.25858908740974107 0
0.3827482449483705 0.26265110413850234 0
0.3555065381976768 0.2917374701240859 0
0.3716665741253039 0.3108953477040375 0
0.3958517979595852 0.308999640037362 0
0.34536692831817967 0.3048143602782405 0
0.3853999932833308 0.3165280687771499 0
0.38265995147341303 0.23723899806680535 0
0.3469820757083571 0.3902958970622832 0
0.3515197157748151 0.6873292456480918 0
0.3642644261385199 0.6907994877125493 0
0.3760827052244354 0.6801272874949295 0
0.34191415582792284 0.6652563404023595 0
0.3258921673243819 0.6648172906997644 0
0.27337349453736953 0.7231034148777421 0
0.35202040708595805 0.3403150857077241 0
0.3578342550161445 0.3921205057228078 0
0.2820250392821022 0.2553897268495315 0
0.26739639939185783 0.25854354877683 0
0.7804478459758657 0.14162206102909747 0
0.18521688787881993 0.822403843016017 0
0.21408517780485303 0.7548220756622224 0
0.19711211903714243 0.7606981386936489 0
0.22585867584862857 0.8039568087006167 0
0.6634383043449812 0.33260415143974315 0
0.6755113717934162 0.33302847346068587 0
0.6576855754418391 0.34334455721595836 0
0.6988624066741997 0.2843398676355889 0
0.677667935179472 0.2850708143877354 0
0.762925544911077 0.3162736815840776 0
0.3638394486062056 0.31738862948424557 0
0.38721482564493936 0.3327304469097309 0
0.37521749785264413 0.3343037689552672 0
0.3951122256863433 0.24618856754340795 0
0.33719742936797403 0.6803546661606205 0
0.3716367105936619 0.6629159541792137 0
0.3041034488721007 0.6507133940012462 0
0.2958572744454763 0.6622673217434821 0
0.26526967178553523 0.7301380571101885 0
0.746111578226871 0.13129890491950105 0
0.2113189304689344 0.8614811921575667 0
0.2563120074824761 0.7692515768651303 0
0.24090562409703944 0.7640978773612651 0
0.6025626220675082 0.7347385155896509 0
0.6694464994315105 0.34315627558636147 0
0.3599026171816428 0.3068674568835341 0
0.3571207220427637 0.663331745108606 0
0.3103055934865952 0.6627945169965559 0
0.7735938649890288 0.10923218564717509 0
0.24484152054316807 0.7780299760231676 0
0.35123798065367784 0.674653752335771 0
0.5789945677662993 0.756464664824562 0
0.3609814115351401 0.6767526123897274 0
1.0 0.7961283950421858 1
0.5946975253968882 0.0 1
0.24959088495237444 0.37441496340725805 0
0.663911008137802 0.22191177916028712 0
0.6829208573987897 0.673417553248657 0
0.2792540425085492 0.34335480733516394 0
0.18856620749561287 0.5520373764193887 0
0.1891625304510349 0.2738072079704628 0
0.27444231033664246 0.3886400340103442 0
0.644450748195235 0.6716244817538632 0
0.2730980909358134 0.20175393335735 0
0.19846268216379945 0.34088157093422605 0
0.7804040890513542 0.7570250345456694 0
0.8039811051167637 0.7377908063368015 0
0.6728067290953537 0.23773229174915114 0
0.7276640772033462 0.2506841556018844 0
0.6533041426037711 0.22941692410131048 0
0.6202016357309141 0.25860107865977083 0
0.40836901673788967 0.20213733175817702 0
0.3539558403952294 0.7600406742272392 0
0.675064042858846 0.24436491641681063 0
0.6670295544332571 0.24340343694859135 0
0.6064929323576894 0.2387557102414703 0
0.7919323473783253 0.8416208751745422 0
0.24259558047619265 0.23297611652935693 0
0.7147699862127403 0.6746710537701345 0
0.7062993919122835 0.7405637790911104 0
0.08669502764510355 0.6137452402512983 0
0.302309328551823 0.3918657061441701 0
0.20030421483464286 0.3022422394843459 0
0.653669331371723 0.21607145861616336 0
0.055757022922218485 0.6876094976413492 0
0.6413052910632446 0.4237371708554843 0
0.6473383150737615 0.4460172391969198 0
0.2011659206764814 0.7177259273675625 0
0.21042037617759538 0.7071535622042595 0
0.04096548589005101 0.4442656166229652 0
0.09812810689069255 0.643320450576408 0
0.6722534883191713 0.15529883929869093 0
0.38547522540561713 0.6041408230311679 0
0.6729067192089943 0.6101863072116438 0
0.6481918542134472 0.47188969630586325 0
0.5901104598701756 0.15291680201741878 0
0.6762019144221627 0.6656214140291234 0
0.6305253530384732 0.6340925714688611 0
0.6536601514445821 0.712150189000435 0
0.35919022523630956 0.8138774508861591 0
0.3492790902834883 0.7211358988187502 0
0.22573658259245458 0.5056691121824218 0
0.16843463032902897 0.2547947284177792 0
0.33065261558865694 0.6230662982856361 0
0.3554921888807831 0.7137808648924062 0
0.41274776962912907 0.709673215505786 0
0.8030278233119963 0.7281353243250822 0
0.9016808923454512 0.7686233667463042 0
0.8307103516030594 0.8305793989915895 0
0.8994937286852766 0.927227670690907 0
0.5537107056758337 0.5499098875023973 0
0.5293027270607299 0.30883194760145705 0
0.6691915212046172 0.6581635138036761 0
0.6666429427997768 0.6656672036209677 0
0.32309364206787117 0.6294438622492239 0
0.31046815244389386 0.379902764248434 0
0.17157924849515915 0.41989570414405786 0
0.23928702797962198 0.6089904453480888 0
0.1867751917968507 0.31018891025955947 0
0.1248515309255606 0.33222565341727 0
0.15264693022006684 0.3270673359330475 0
0.3404141570732996 0.15446872810733053 0
0.7989380371471445 0.7211977098969021 0
0.7848710631858883 0.7466465502910775 0
0.7848399215018772 0.736236809159564 0
0.796849065412868 0.7594991997339361 0
0.33312814008944064 0.771234570450225 0
0.34043159259071265 0.8305334233140887 0
0.2278152072164885 0.266570281947032 0
0.24676228904297234 0.2737159109690777 0
0.25588761123938525 0.26785156328835075 0
0.23745456489624123 0.2702382308358164 0
0.15854407013807686 0.3075886123051731 0
0.17305476830528113 0.3184492499348499 0
0.7410329370477321 0.26351823648523093 0
0.7149548172704057 0.6631739410270785 0
0.7395930187765063 0.7148118333780852 0
0.8860974872368944 0.9152664813375915 0
0.7963047729715601 0.7495287943200912 0
0.6798221831856741 0.6549724728542311 0
0.7054431086677062 0.22384865752571453 0
0.7207412366847676 0.24707428964522551 0
0.707877872870282 0.20975154367028118 0
0.41117462696916673 0.23079851687547015 0
0.39581639394659657 0.2683313459315123 0
0.30840047892286887 0.3397493621390943 0
0.2153900055348149 0.2717103600739422 0
0.2156142981924063 0.2585949332702885 0
0.29442786174387936 0.5928745771178293 0
0.2557817345962631 0.5915701883587008 0
0.2647028111209517 0.5945915513184783 0
0.2617581089736884 0.5863921294207822 0
0.25351827971976443 0.5811428489352498 0
0.7442338749820214 0.25574554692328144 0
0.6970213909206586 0.2162352270619774 0
0.4202894461249362 0.2411110161964611 0
0.41813978881022956 0.25012616550171857 0
0.3852367443883181 0.7116581057647641 0
0.3393288080554235 0.6187757162779999 0
0.34020377463152474 0.6283031717598121 0
0.3128991688961266 0.23193820501642762 0
0.3106479528286123 0.32131209376249176 0
0.749763165789304 0.2619843438140712 0
0.47395557648562675 0.6439677885326205 0
0.20376887362116472 0.8389182733013321 0
0.6931454227190884 0.4688726286282571 0
0.7920636767368825 0.7387142423495929 0
0.5834161743931108 0.17014703969215825 0
0.6325211802468945 0.13017189575993587 0
0.23759634577987662 0.2811162042353101 0
0.830548276889809 0.8404465136704318 0
0.6761583634708493 0.20260429399891283 0
0.19050546074347802 0.3625178949949401 0
0.2563122307686454 0.26097873178970493 0
0.17465233732636393 0.3445686459635205 0
0.4085891694295004 0.24546843002155935 0
0.6969063045194048 0.6840922840755396 0
0.2972613192529054 0.6753036367980986 0
0.6788127995890546 0.4546910040275512 0
0.7888937236981871 0.04312779971941684 0
0.69315676677952 0.23928741361714492 0
0.23744664567901408 0.25891687425924564 0
0.1093693372064022 0.8753256637140386 0
0.5375342862661693 0.6508061776408622 0
0.5364583043392012 0.20798155558553108 0
0.5158699094976673 0.20178184638902116 0
0.6984721992270418 0.451088266146916 0
0.39881293074907403 0.45100470186473424 0
0.37634132248768726 0.8136908075595546 0
0.2492181190429258 0.05394304313134931 0
0.47059910243372566 0.1669586746183347 0
0.8885911122279799 0.061546807366419556 0
0.3941668754496521 0.3833182106963181 0
0.4657155939869992 0.379452170664301 0
0.2806322414742566 0.8448210915671576 0
0.1115913248726971 0.43138233110976154 0
0.2195125203901871 0.576143872655926 0
0.22101292897541527 0.5617874084477704 0
0.4619620518178525 0.14212360672600133 0
0.556031205107852 0.20164433514065033 0
0.8808743033824932 0.22019433116232615 0
0.42504631040903623 0.752970987236999 0
0.18084323130165653 0.7191754782290007 0
0.6229764515376724 0.7795119976122816 0
0.7656606742777401 0.36710941198403807 0
0.45210122284704857 0.487019842599883 0
0.3838608510679775 0.37267128973432184 0
0.46611923904660135 0.40018734709993314 0
0.4509177421393516 0.3354353384696485 0
0.32570710417068083 0.6415186097796379 0
0.8234771436537551 0.11772579153852321 0
0.8524402602188285 0.09247999933750374 0
0.1655484928673314 0.7295048224947451 0
0.7518472312568488 0.37177028732626 0
0.28648844679133084 0.910066532839459 0
0.3082041154060481 0.89945967462235 0
0.32407721769603326 0.289100956473861 0
0.3173202271278958 0.32459396078727065 0
0.7936669384225983 0.28571082813233295 0
0.3385292776694009 0.6402800539271698 0
0.7374045468085637 0.345875207747323 0
0.9248286810976895 0.2609631524600276 0
0.729022866290844 0.28487698752285434 0
0.4576761585558426 0.6494572941834429 0
0.44488616116985163 0.7341125578256187 0
0.22029363107099054 0.8431961577409312 0
0.31873073095890236 0.6516736256765997 0
0.31187435352585385 0.6713811971889327 0
0.3058763275466113 0.6697281892011799 0
0.681746177999556 0.6643128387547595 0
0.8914433640291468 0.9027424287800393 0
0.892868066976341 0.48869454284668534 0
0.44320497180153257 0.30384285533799105 0
0.5861403739651768 0.7841737514618173 0
0.2554728557115047 0.718721520954804 0
0.28790125853461185 0.2672231086230828 0
0.3264383889065592 0.11793446404797164 0
0.22810609462572143 0.5207809078580594 0
0.5620863436807352 0.5612957037836095 0
0.15911086541790098 0.44054681292972675 0
0.31447599847019814 0.1580363368360064 0
0.20123909680351382 0.27994359687954734 0
0.30087788724515657 0.23882918008761433 0
0.6040180081952294 0.7696812993658199 0
0.4838710597407624 0.416174590388634 0
0.8046382505171364 0.11932660710882202 0
0.801867593226837 0.08495066681333131 0
0.21168656479044776 0.5126987927644207 0

Edges
69
1 117 1
1 120 1
2 136 1
2 137 1
3 152 1
3 160 1
4 92 1
4 165 1
5 72 1
5 125 1
6 65 1
6 144 1
7 81 1
7 85 1
9 101 1
9 111 1
10 112 1
10 164 1
11 84 1
11 93 1
16 66 1
16 135 1
17 65 1
17 66 1
20 71 1
20 138 1
21 71 1
21 1805 1
24 116 1
24 126 1
28 82 1
28 159 1
29 81 1
29 82 1
30 84 1
30 85 1
33 92 1
33 93 1
34 100 1
34 121 1
37 100 1
37 101 1
41 111 1
41 112 1
43 116 1
43 117 1
44 120 1
44 121 1
47 125 1
47 126 1
52 135 1
52 136 1
53 137 1
53 138 1
54 143 1
54 1804 1
55 143 1
55 144 1
57 374 1
57 376 1
60 388 1
60 390 1
62 164 1
62 165 1
72 1805 1
152 374 1
159 388 1
160 390 1
376 1804 1

Triangles
3925
3 160 696 0
5 72 608 0
5 608 1262 0
6 144 676 0
7 85 494 0
8 1988 1852 0
9 98 102 0
9 102 111 0
10 108 139 0
10 139 724 0
11 93 251 0
11 251 841 0
12 228 503 0
12 240 964 0
12 503 1171 0
12 1171 1823 0
13 986 1292 0
13 1292 1312 0
13 1312 1336 0
13 1336 1534 0
14 403 730 0
15 145 987 0
15 148 67 0
16 66 1080 0
17 65 176 0
18 192 442 0
18 442 427 0
19 780 1118 0
19 1104 1108 0
19 1118 1119 0
19 1119 1120 0
20 138 1930 0
21 71 74 0
22 313 452 0
23 430 1128 0
23 1128 1398 0
23 1398 1959 0
24 928 1940 0
25 216 479 0
25 727 1044 0
25 728 214 0
26 490 492 0
26 492 1849 0
27 59 225 0
27 225 224 0
27 382 1038 0
28 82 496 0
28 389 159 0
29 81 157 0
29 227 82 0
29 387 227 0
30 506 518 0
30 518 501 0
31 235 86 0
32 276 853 0
32 580 276 0
32 1839 1838 0
33 92 250 0
35 288 1811 0
35 1811 1992 0
36 559 560 0
36 560 1806 0
36 813 814 0
37 100 565 0
38 270 103 0
38 281 279 0
39 275 572 0
39 572 576 0
39 576 577 0
40 41 287 0
40 112 41 0
40 286 1835 0
40 287 1831 0
40 1831 1841 0
41 111 287 0
42 113 292 0
42 292 602 0
43 116 291 0
44 120 592 0
45 300 546 0
45 302 307 0
45 308 300 0
45 546 595 0
46 124 920 0
46 607 301 0
46 920 123 0
47 125 1263 0
48 309 616 0
49 316 320 0
49 321 1846 0
49 322 321 0
49 1846 1918 0
50 198 623 0
50 1805 198 0
51 339 653 0
51 763 434 0
52 135 951 0
53 137 1942 0
54 698 369 0
54 1804 698 0
55 357 144 0
56 394 993 0
56 686 999 0
56 993 994 0
57 161 153 0
58 378 1166 0
58 703 378 0
59 27 718 0
59 157 225 0
59 718 158 0
59 837 387 0
60 388 719 0
61 393 1860 0
61 1324 1019 0
62 164 1042 0
63 731 1980 0
64 411 741 0
64 413 414 0
65 6 659 0
66 17 174 0
66 174 750 0
66 750 1080 0
67 148 183 0
67 181 343 0
67 343 15 0
68 184 1083 0
68 1100 438 0
68 1836 184 0
69 188 191 0
69 439 768 0
70 192 620 0
70 193 442 0
70 620 934 0
71 20 200 0
72 50 608 0
72 1805 50 0
73 195 648 0
73 648 764 0
73 764 1922 0
74 71 200 0
74 200 201 0
75 186 203 0
75 202 1125 0
76 303 460 0
76 461 611 0
76 464 465 0
77 207 467 0
77 208 469 0
77 467 822 0
78 471 820 0
78 1234 1150 0
79 831 832 0
80 223 834 0
80 834 1415 0
80 1161 1848 0
81 7 226 0
82 227 496 0
83 228 346 0
83 232 228 0
83 346 1952 0
83 504 232 0
84 11 841 0
84 841 506 0
85 30 501 0
86 235 514 0
86 502 1594 0
86 1594 1418 0
87 508 846 0
87 846 1850 0
88 510 1945 0
88 1184 1175 0
89 519 1199 0
89 1170 1877 0
90 525 569 0
90 569 904 0
91 330 245 0
91 633 634 0
92 166 250 0
93 540 251 0
94 544 891 0
94 1227 1920 0
96 258 260 0
96 260 552 0
96 561 562 0
96 1815 258 0
97 262 553 0
97 553 1629 0
97 558 812 0
97 1809 558 0
98 9 101 0
98 101 1840 0
99 263 564 0
99 564 1867 0
99 1923 264 0
100 34 113 0
100 113 267 0
100 267 565 0
101 37 268 0
101 268 1840 0
102 98 272 0
102 272 273 0
102 273 284 0
102 284 287 0
103 270 566 0
103 274 281 0
103 566 1476 0
104 1254 911 0
105 278 907 0
106 38 279 0
106 579 910 0
106 910 109 0
107 574 625 0
107 1810 574 0
108 10 112 0
108 112 1835 0
109 284 106 0
109 285 1831 0
110 285 582 0
111 102 287 0
112 40 1835 0
113 34 118 0
113 42 267 0
113 118 292 0
114 288 1256 0
114 296 598 0
114 1256 1883 0
115 565 267 0
116 24 607 0
117 43 591 0
118 34 121 0
118 121 297 0
119 295 600 0
119 594 1619 0
119 600 921 0
119 1619 1461 0
120 1 117 0
120 117 592 0
121 44 297 0
122 300 308 0
122 308 1991 0
123 291 46 0
123 1257 599 0
124 46 301 0
124 302 596 0
125 5 1262 0
126 47 615 0
126 928 24 0
127 609 1935 0
127 1935 1950 0
128 50 623 0
128 323 622 0
128 608 50 0
129 326 1233 0
129 624 637 0
130 208 328 0
130 328 330 0
130 634 628 0
131 636 946 0
132 15 343 0
132 145 15 0
132 343 656 0
132 656 1982 0
133 345 660 0
133 660 1908 0
133 1597 1856 0
134 966 1189 0
134 1427 348 0
135 16 334 0
136 52 969 0
137 2 136 0
137 136 969 0
137 969 1942 0
138 53 638 0
138 638 1930 0
139 108 586 0
139 349 724 0
139 583 349 0
140 351 1963 0
140 584 912 0
141 1444 1933 0
141 1609 1444 0
142 355 1317 0
142 689 673 0
143 54 356 0
143 356 980 0
145 132 676 0
145 146 987 0
146 145 357 0
146 357 1293 0
147 358 988 0
147 678 1295 0
147 988 1300 0
148 15 987 0
148 1051 183 0
149 361 364 0
149 362 361 0
149 364 1517 0
149 1517 363 0
150 685 706 0
150 706 705 0
150 995 1007 0
150 1007 1013 0
151 372 695 0
151 1015 1016 0
151 1016 1325 0
152 3 696 0
153 161 1323 0
153 376 57 0
153 377 697 0
153 1323 1017 0
154 380 1530 0
154 704 1021 0
154 1021 1025 0
154 1330 704 0
155 385 1036 0
155 708 1531 0
156 712 26 0
156 716 1037 0
156 1542 716 0
157 59 387 0
157 81 226 0
158 386 837 0
161 57 374 0
161 374 375 0
161 375 391 0
161 1019 1323 0
162 719 991 0
162 1304 1888 0
163 394 723 0
163 723 1018 0
163 1018 1981 0
163 1303 394 0
164 10 724 0
165 62 166 0
165 92 4 0
166 62 396 0
166 92 165 0
166 396 249 0
167 737 1053 0
167 1045 1844 0
167 1351 402 0
168 480 829 0
168 829 1927 0
169 409 1056 0
169 738 1049 0
169 1049 1348 0
170 214 1989 0
170 410 214 0
170 742 413 0
171 184 1837 0
171 424 423 0
171 1837 1845 0
172 173 1937 0
172 756 1360 0
172 1076 416 0
173 172 416 0
173 177 1916 0
173 1916 1937 0
174 17 176 0
174 175 417 0
174 176 175 0
174 417 750 0
175 336 749 0
176 65 659 0
176 659 751 0
176 752 175 0
177 180 1063 0
177 420 1916 0
178 736 1055 0
178 754 736 0
178 1054 421 0
178 1352 754 0
179 173 416 0
179 177 173 0
179 180 177 0
179 416 748 0
181 67 182 0
181 656 343 0
182 179 748 0
182 180 179 0
182 183 422 0
182 422 180 0
183 182 67 0
184 1836 1837 0
185 425 1929 0
185 1746 425 0
186 75 1127 0
186 188 436 0
186 431 191 0
186 436 203 0
186 1127 431 0
187 760 1271 0
187 1271 1498 0
188 69 437 0
189 436 437 0
189 437 1102 0
190 771 1576 0
190 775 776 0
190 776 771 0
191 188 186 0
191 441 69 0
191 443 774 0
192 18 314 0
192 70 442 0
192 315 620 0
194 1106 1112 0
194 1115 777 0
194 1579 785 0
195 73 312 0
195 312 1842 0
196 312 445 0
196 313 312 0
196 445 1491 0
197 787 1820 0
197 1552 1818 0
197 1818 1825 0
198 21 74 0
198 74 451 0
198 451 623 0
199 22 452 0
199 201 639 0
199 453 22 0
201 451 74 0
202 75 203 0
202 203 767 0
204 428 1862 0
204 429 430 0
205 305 461 0
205 806 1822 0
205 929 305 0
206 549 1235 0
207 77 469 0
208 77 470 0
208 130 469 0
209 815 1832 0
209 1468 1153 0
210 476 819 0
210 477 821 0
211 1155 1938 0
211 1397 478 0
212 486 1934 0
212 831 486 0
213 415 742 0
213 742 1861 0
214 216 25 0
214 728 1989 0
215 14 730 0
215 1061 14 0
216 410 488 0
217 481 483 0
218 826 1157 0
218 1535 1740 0
219 481 491 0
219 491 1163 0
220 383 1739 0
220 1413 490 0
220 1739 79 0
221 215 730 0
221 1058 215 0
222 490 1413 0
222 491 492 0
222 1413 1415 0
222 1415 1813 0
223 80 404 0
223 402 493 0
223 493 828 0
223 828 834 0
224 225 835 0
224 382 27 0
224 835 230 0
225 157 226 0
226 7 494 0
226 835 225 0
227 387 837 0
228 12 345 0
228 345 346 0
229 499 500 0
230 835 1164 0
230 838 224 0
230 1164 31 0
230 1418 838 0
231 31 1164 0
231 501 518 0
231 518 236 0
232 503 228 0
233 507 1965 0
233 538 507 0
233 1709 538 0
234 510 1175 0
234 511 1176 0
234 845 511 0
235 31 231 0
236 235 231 0
236 516 235 0
236 518 1173 0
237 510 512 0
237 512 517 0
237 539 1945 0
238 519 851 0
238 851 1177 0
238 1177 1606 0
239 508 521 0
239 521 1181 0
239 839 846 0
240 12 1823 0
240 247 964 0
241 970 1509 0
241 1731 1953 0
242 524 1249 0
243 32 853 0
243 525 1839 0
244 525 527 0
244 526 1839 0
244 527 536 0
244 536 870 0
244 854 526 0
245 330 1843 0
245 348 1192 0
245 1191 91 0
246 1854 1910 0
246 1910 1970 0
247 240 530 0
247 248 1851 0
247 662 964 0
248 247 530 0
248 530 531 0
248 531 860 0
248 860 1436 0
248 1435 1851 0
249 250 166 0
249 396 1933 0
250 249 540 0
251 252 233 0
251 540 873 0
253 542 879 0
253 879 878 0
253 1221 880 0
254 94 550 0
254 550 1833 0
254 1227 94 0
255 544 1229 0
255 1229 1463 0
255 1628 1241 0
256 546 887 0
256 884 1460 0
256 887 1626 0
257 817 1152 0
257 889 548 0
257 900 817 0
258 913 1869 0
259 262 1806 0
259 560 561 0
260 258 550 0
260 550 551 0
260 551 1243 0
261 96 552 0
261 552 892 0
261 553 259 0
261 561 96 0
262 97 812 0
262 259 553 0
262 812 813 0
262 813 1806 0
263 99 264 0
263 264 560 0
263 266 564 0
265 99 1867 0
265 1255 99 0
266 263 559 0
266 563 1247 0
267 289 115 0
268 269 1840 0
269 98 1840 0
269 1946 271 0
270 38 273 0
270 271 566 0
270 272 271 0
271 98 269 0
272 98 271 0
272 270 273 0
273 38 106 0
273 106 284 0
274 103 1476 0
274 567 1998 0
275 39 278 0
275 278 568 0
275 568 902 0
276 104 277 0
276 277 853 0
276 581 104 0
277 104 902 0
277 569 853 0
277 902 903 0
278 39 577 0
278 105 568 0
278 577 907 0
279 281 1810 0
279 579 106 0
280 8 326 0
280 327 1988 0
280 627 327 0
281 38 103 0
281 274 574 0
281 574 1810 0
282 283 577 0
282 575 1947 0
283 1252 908 0
284 1831 287 0
285 109 910 0
285 110 1841 0
285 1253 582 0
286 110 585 0
286 1841 110 0
288 35 587 0
288 114 598 0
288 587 1256 0
289 42 601 0
289 267 42 0
289 1870 115 0
290 115 588 0
290 269 268 0
290 1946 269 0
291 116 607 0
291 293 591 0
292 118 917 0
292 917 922 0
293 123 599 0
293 291 123 0
293 298 592 0
293 599 298 0
294 593 918 0
294 594 1258 0
295 119 1461 0
295 296 600 0
295 597 1853 0
296 114 601 0
296 295 1853 0
296 601 602 0
297 44 298 0
297 917 118 0
298 44 592 0
299 1620 1232 0
300 122 547 0
300 547 1814 0
300 887 546 0
301 302 124 0
301 607 1940 0
302 45 595 0
302 301 605 0
302 595 596 0
303 76 611 0
303 459 460 0
303 610 1936 0
304 930 613 0
304 1261 929 0
306 48 617 0
306 606 927 0
306 617 1987 0
306 927 48 0
307 606 614 0
308 45 307 0
308 307 614 0
309 47 1263 0
309 48 927 0
309 615 47 0
309 1263 1489 0
310 799 925 0
310 925 1264 0
310 930 931 0
310 931 799 0
311 613 930 0
312 73 445 0
312 313 1842 0
313 22 1842 0
313 196 446 0
313 446 1919 0
314 18 609 0
314 127 315 0
315 127 621 0
315 192 314 0
316 49 1918 0
316 317 320 0
317 316 1950 0
317 610 319 0
317 1935 1936 0
318 319 610 0
318 610 1941 0
318 1949 936 0
319 323 320 0
320 317 319 0
321 128 623 0
321 446 1846 0
321 623 790 0
321 790 446 0
322 49 320 0
322 128 321 0
323 128 322 0
323 319 318 0
323 322 320 0
323 936 622 0
324 332 624 0
325 206 475 0
326 8 548 0
326 129 627 0
326 548 1233 0
327 625 1988 0
327 626 625 0
327 1495 937 0
328 347 1843 0
328 398 399 0
329 207 469 0
329 469 628 0
329 628 635 0
329 809 207 0
330 91 634 0
330 328 1843 0
331 631 944 0
331 632 945 0
332 637 624 0
332 809 468 0
333 20 1930 0
333 200 20 0
333 1496 639 0
333 1799 1496 0
333 1930 1997 0
334 16 1080 0
334 951 135 0
334 1080 1972 0
335 1078 958 0
336 175 752 0
336 418 645 0
337 342 651 0
337 640 647 0
338 22 453 0
338 453 791 0
338 648 195 0
338 1094 648 0
338 1842 22 0
339 51 649 0
339 1121 1770 0
340 642 641 0
340 650 949 0
340 949 646 0
341 337 651 0
341 641 337 0
341 651 652 0
342 337 647 0
344 1424 1908 0
345 12 964 0
345 133 346 0
346 133 1287 0
346 1287 1952 0
347 134 348 0
347 1727 134 0
348 1843 347 0
349 583 352 0
349 725 1042 0
350 140 668 0
350 583 586 0
350 586 584 0
351 580 1953 0
351 912 580 0
351 1953 1963 0
352 350 668 0
352 583 350 0
352 1510 971 0
353 369 671 0
353 370 670 0
353 670 356 0
354 1000 1001 0
354 1001 1522 0
354 1290 978 0
355 142 364 0
357 145 676 0
357 676 144 0
357 980 1293 0
358 147 409 0
358 681 988 0
359 678 977 0
359 974 985 0
359 982 1297 0
359 985 1298 0
360 148 987 0
360 680 1349 0
360 987 1299 0
360 1299 680 0
361 355 364 0
361 362 669 0
361 371 675 0
361 675 355 0
362 146 669 0
362 149 1299 0
362 987 146 0
362 1299 987 0
363 680 1299 0
363 988 681 0
364 142 1517 0
365 683 1305 0
365 990 1302 0
366 1655 1003 0
367 692 1859 0
367 1329 1026 0
367 1859 1921 0
368 688 1816 0
368 1816 1874 0
369 353 356 0
369 356 54 0
369 698 699 0
370 353 671 0
370 371 670 0
370 671 1858 0
370 1009 371 0
371 361 669 0
371 1009 675 0
372 395 721 0
372 694 695 0
372 721 999 0
373 692 1316 0
373 1316 1656 0
373 1656 1737 0
374 152 375 0
375 152 696 0
376 153 697 0
377 153 1017 0
377 1322 700 0
378 703 1328 0
378 1021 1166 0
379 389 1165 0
379 1165 1417 0
379 1302 989 0
380 154 1025 0
380 706 1827 0
380 1022 1326 0
381 1331 1339 0
381 1333 707 0
381 1661 1331 0
382 1167 229 0
383 490 712 0
383 712 1794 0
383 1794 1739 0
384 58 386 0
384 717 385 0
385 58 384 0
385 155 703 0
386 58 1166 0
386 495 837 0
386 717 384 0
387 29 157 0
388 159 1301 0
389 1301 159 0
390 60 392 0
390 392 720 0
391 61 1019 0
391 375 1014 0
391 1014 61 0
392 60 719 0
392 162 393 0
393 61 1014 0
393 162 1860 0
393 720 392 0
394 56 721 0
394 721 723 0
395 151 1325 0
395 372 151 0
396 62 1042 0
397 1396 454 0
398 208 470 0
398 328 208 0
398 397 1544 0
398 470 397 0
398 1544 399 0
399 347 328 0
399 1727 347 0
400 967 1506 0
400 1506 401 0
401 1506 1545 0
402 223 404 0
402 1045 167 0
403 14 421 0
403 421 1054 0
403 1054 1844 0
404 80 1848 0
404 487 730 0
404 730 1045 0
405 732 984 0
405 733 825 0
405 825 827 0
405 984 1346 0
406 734 1347 0
406 736 1052 0
406 737 1055 0
407 358 409 0
407 409 1348 0
407 1348 1669 0
408 738 1886 0
408 739 1546 0
409 147 1295 0
409 169 1348 0
410 170 1059 0
410 216 214 0
410 741 488 0
410 1059 741 0
411 64 743 0
411 215 1058 0
412 213 455 0
412 456 755 0
412 793 456 0
413 64 1059 0
413 742 1060 0
413 1059 170 0
415 213 412 0
415 755 424 0
415 1060 742 0
416 1076 962 0
417 175 749 0
418 336 752 0
419 753 1550 0
419 961 962 0
420 745 1062 0
420 1062 1845 0
420 1845 1929 0
421 14 1061 0
422 183 735 0
422 735 1052 0
422 1052 1350 0
423 184 171 0
423 1082 1083 0
423 1083 184 0
424 171 744 0
424 755 423 0
425 172 1937 0
425 756 172 0
425 1746 1676 0
426 68 438 0
426 769 1836 0
426 1677 769 0
428 427 757 0
428 757 1862 0
428 800 427 0
429 204 1862 0
430 429 1127 0
430 801 204 0
430 1127 1129 0
430 1129 1128 0
432 1085 1380 0
432 1088 1273 0
433 760 763 0
433 761 952 0
433 1271 760 0
434 760 762 0
434 762 1090 0
435 764 765 0
435 765 1893 0
436 188 437 0
437 69 768 0
437 768 1103 0
438 1100 770 0
438 1549 1677 0
439 773 1095 0
440 776 779 0
440 1575 771 0
441 191 774 0
441 439 69 0
441 774 1691 0
441 1691 439 0
443 191 431 0
443 429 1862 0
443 431 429 0
444 777 1115 0
445 73 781 0
445 447 1491 0
446 196 1265 0
446 790 1919 0
446 1265 1846 0
447 445 781 0
447 782 1638 0
447 1834 782 0
448 783 788 0
448 788 1116 0
448 1113 1393 0
449 781 1922 0
449 1369 1552 0
449 1552 1807 0
449 1807 1834 0
450 787 1825 0
450 1371 1561 0
451 199 452 0
451 201 199 0
451 452 790 0
452 313 1919 0
453 199 639 0
453 639 1496 0
453 1496 1790 0
454 1544 397 0
454 1545 1544 0
455 726 1043 0
457 1125 1995 0
457 1128 1129 0
458 210 819 0
458 477 210 0
458 819 1958 0
458 1958 1995 0
459 18 427 0
459 303 609 0
460 459 1136 0
460 463 464 0
460 1136 463 0
461 76 465 0
461 305 611 0
461 465 806 0
462 205 1822 0
462 929 205 0
463 804 807 0
464 76 460 0
464 463 807 0
464 1406 465 0
465 1906 1894 0
466 206 325 0
466 467 809 0
466 808 206 0
466 809 324 0
467 207 809 0
467 466 325 0
468 329 635 0
468 947 332 0
469 130 628 0
470 1396 397 0
471 78 1149 0
472 811 877 0
472 877 1218 0
472 1150 1234 0
472 1234 1468 0
473 812 816 0
473 815 1812 0
473 816 1215 0
474 559 814 0
474 814 818 0
475 206 1235 0
475 478 325 0
475 1147 211 0
476 1154 819 0
476 1938 1155 0
477 794 792 0
478 467 325 0
478 475 211 0
478 822 467 0
479 216 1162 0
479 727 25 0
479 1159 212 0
480 827 1157 0
480 1158 829 0
481 217 1849 0
481 219 483 0
482 219 1163 0
482 830 219 0
482 1163 1864 0
483 219 830 0
483 830 1158 0
484 829 830 0
484 830 1808 0
484 1057 1927 0
485 665 486 0
485 968 664 0
486 498 485 0
486 665 1934 0
486 831 79 0
487 221 730 0
487 404 1848 0
487 833 1160 0
487 1160 221 0
488 741 1058 0
488 1160 1416 0
488 1416 1162 0
489 831 1159 0
489 1159 1416 0
489 1161 1414 0
490 26 712 0
490 222 492 0
490 383 220 0
491 222 1813 0
491 481 492 0
492 481 1849 0
493 1351 1890 0
494 85 501 0
494 1164 835 0
495 227 837 0
495 386 1166 0
495 496 227 0
496 1417 1165 0
497 485 498 0
497 498 1536 0
497 1536 500 0
498 486 79 0
498 1739 1662 0
499 229 1167 0
499 1167 840 0
499 1283 1288 0
500 1663 229 0
501 231 1164 0
502 86 514 0
502 514 1939 0
503 232 1169 0
503 1169 1171 0
504 83 505 0
504 1419 232 0
504 1594 502 0
505 83 1952 0
505 1283 840 0
505 1594 504 0
506 30 84 0
506 842 1173 0
506 1173 518 0
507 237 517 0
507 517 1966 0
507 539 237 0
508 87 511 0
508 239 846 0
508 511 845 0
509 520 843 0
509 844 1174 0
509 850 1177 0
510 88 1175 0
510 234 512 0
510 237 1945 0
511 87 1878 0
512 515 517 0
512 1176 515 0
513 846 1168 0
513 1168 1419 0
514 235 848 0
514 847 1939 0
515 1172 517 0
515 1595 849 0
516 236 1173 0
516 848 235 0
516 1172 849 0
517 1172 1966 0
519 89 522 0
519 238 859 0
519 522 851 0
519 859 1199 0
520 509 1177 0
520 521 843 0
520 851 1181 0
520 1181 521 0
522 89 1877 0
523 854 1212 0
523 1212 1442 0
524 872 537 0
525 90 527 0
525 243 853 0
525 244 1839 0
526 523 970 0
526 854 523 0
526 970 1838 0
526 1838 1839 0
527 90 524 0
528 963 1855 0
529 856 1430 0
529 1785 1760 0
530 240 852 0
531 89 1199 0
531 852 89 0
532 860 1199 0
532 1195 1431 0
533 963 528 0
533 1197 856 0
534 865 856 0
535 864 1437 0
536 527 537 0
536 537 1213 0
537 527 524 0
539 507 538 0
539 1183 1945 0
539 1729 1183 0
540 33 250 0
540 93 33 0
541 876 1866 0
541 1448 1612 0
542 253 1259 0
542 543 879 0
542 923 924 0
543 1706 1583 0
544 94 1920 0
544 255 1241 0
545 1226 1459 0
545 1898 1226 0
546 256 593 0
546 593 595 0
547 122 888 0
547 1464 1814 0
548 8 1246 0
548 889 1233 0
548 1246 257 0
549 889 1152 0
549 890 1235 0
549 1233 889 0
550 94 551 0
550 258 1833 0
551 94 891 0
551 891 1243 0
552 260 1243 0
553 261 892 0
553 892 1629 0
554 1238 1239 0
555 893 1242 0
555 894 1238 0
555 1242 1628 0
556 97 1629 0
556 557 1809 0
557 556 1240 0
557 1151 1809 0
559 36 814 0
559 263 560 0
559 563 266 0
560 259 1806 0
560 264 561 0
561 261 259 0
561 264 562 0
562 264 1923 0
563 95 900 0
563 474 95 0
563 559 474 0
563 900 1247 0
564 266 1247 0
564 1478 1477 0
565 115 290 0
565 268 37 0
565 290 268 0
566 271 1946 0
566 1990 1477 0
567 8 1852 0
567 1246 8 0
567 1478 1246 0
567 1852 1998 0
568 105 571 0
568 903 902 0
569 277 903 0
569 525 853 0
569 903 904 0
570 568 1248 0
570 1249 904 0
571 105 906 0
571 1481 1479 0
572 275 911 0
572 909 576 0
572 911 1253 0
573 279 1810 0
573 575 576 0
573 576 909 0
573 909 579 0
574 274 1998 0
575 282 576 0
575 573 1810 0
575 1948 1947 0
576 282 577 0
577 283 908 0
578 908 1252 0
578 1252 1900 0
578 1635 1868 0
579 279 573 0
580 32 1953 0
580 581 276 0
581 580 912 0
581 585 582 0
581 1254 104 0
582 1253 1254 0
583 139 586 0
584 140 350 0
584 286 585 0
585 110 582 0
586 286 584 0
586 1835 286 0
587 35 1833 0
588 115 1870 0
589 265 901 0
589 290 588 0
589 901 1946 0
589 914 265 0
590 921 922 0
590 1257 919 0
591 43 291 0
591 293 592 0
592 117 591 0
593 256 1460 0
593 294 595 0
594 119 919 0
594 294 918 0
594 918 1619 0
594 919 1257 0
594 1257 1258 0
595 294 596 0
596 294 1258 0
596 920 124 0
597 295 883 0
597 598 1853 0
597 883 1226 0
597 1226 1462 0
597 1462 1811 0
598 296 1853 0
598 1811 288 0
599 590 298 0
600 296 602 0
600 602 922 0
601 42 602 0
601 915 289 0
602 292 922 0
603 299 604 0
603 1622 1620 0
604 926 603 0
605 301 1940 0
605 307 302 0
605 606 307 0
606 306 1987 0
606 605 928 0
606 928 927 0
607 24 1940 0
607 46 291 0
608 128 622 0
609 18 459 0
609 127 314 0
609 303 1936 0
610 303 611 0
610 317 1936 0
610 611 1941 0
611 612 1941 0
612 305 929 0
612 611 305 0
612 1261 1949 0
613 311 933 0
613 933 1490 0
613 1490 1261 0
614 606 1987 0
614 1991 308 0
615 309 927 0
615 927 928 0
617 311 619 0
617 619 1872 0
617 932 1987 0
617 933 311 0
618 122 1991 0
618 299 888 0
618 604 299 0
618 888 122 0
619 310 1264 0
619 311 930 0
620 315 1390 0
621 127 1950 0
621 935 1392 0
621 1390 315 0
622 1262 608 0
623 451 790 0
624 129 1233 0
624 808 324 0
624 1233 808 0
625 574 1988 0
625 1948 107 0
626 327 937 0
626 937 1493 0
626 1251 1948 0
627 129 1269 0
627 280 326 0
628 634 945 0
629 630 941 0
629 941 1637 0
629 943 1268 0
630 629 1268 0
630 855 940 0
631 331 633 0
631 633 1909 0
631 942 944 0
632 331 944 0
632 943 946 0
633 91 1191 0
633 331 634 0
633 1600 1909 0
634 130 330 0
634 331 945 0
635 628 945 0
635 945 947 0
636 131 1482 0
636 1482 1633 0
637 948 1269 0
638 53 1942 0
638 1942 1962 0
639 200 333 0
639 201 200 0
640 337 641 0
640 641 1951 0
640 644 647 0
640 1363 644 0
641 341 340 0
641 642 1951 0
642 340 646 0
642 951 334 0
642 1365 1951 0
643 1270 1279 0
643 1274 1725 0
643 1641 1270 0
644 654 647 0
644 960 654 0
645 418 658 0
645 658 1362 0
646 667 951 0
646 949 667 0
647 654 342 0
649 51 434 0
649 434 1090 0
649 1090 1381 0
649 1121 339 0
650 340 341 0
650 341 653 0
650 950 949 0
651 342 655 0
652 51 653 0
652 651 655 0
652 653 341 0
653 339 1497 0
653 1497 650 0
655 433 763 0
655 763 652 0
655 1281 761 0
656 181 961 0
656 751 1982 0
657 132 1982 0
658 418 1282 0
658 1550 1362 0
659 657 751 0
659 676 657 0
660 344 1908 0
660 662 344 0
660 964 662 0
661 344 662 0
661 662 1855 0
661 1424 344 0
662 247 1851 0
663 965 666 0
663 1287 1856 0
663 1975 1287 0
665 485 664 0
665 1286 1934 0
666 1284 1504 0
666 1504 1285 0
666 1507 663 0
667 949 1962 0
667 969 951 0
668 140 1963 0
669 146 1293 0
669 670 371 0
669 979 670 0
670 979 356 0
671 700 1858 0
672 973 1308 0
672 974 1290 0
672 1308 1309 0
673 689 1873 0
673 1000 1516 0
673 1517 142 0
673 1654 1517 0
674 976 1300 0
674 1290 977 0
674 1300 1516 0
675 1009 1318 0
675 1317 355 0
676 132 657 0
676 659 6 0
677 984 1294 0
677 1298 1346 0
678 147 976 0
678 359 1297 0
678 976 977 0
679 985 1291 0
679 986 1047 0
679 1047 1887 0
679 1292 986 0
680 363 681 0
681 358 407 0
682 719 1301 0
682 989 990 0
682 990 992 0
683 365 1330 0
683 993 1305 0
684 996 1029 0
684 1029 1030 0
684 1030 1334 0
685 150 1013 0
685 367 1026 0
686 56 994 0
686 367 1921 0
686 994 1027 0
687 1817 1917 0
687 1873 1857 0
688 368 1876 0
688 690 1314 0
688 1003 1816 0
689 142 1317 0
689 1004 1817 0
689 1817 1857 0
689 1857 1873 0
690 688 1005 0
690 1006 1314 0
691 700 701 0
691 1012 1858 0
691 1321 1657 0
692 367 685 0
692 373 1859 0
692 685 1013 0
693 694 999 0
693 999 1921 0
694 372 999 0
694 373 1737 0
694 1859 373 0
695 694 1737 0
695 1015 151 0
696 160 720 0
696 1014 375 0
697 377 699 0
698 697 699 0
699 377 700 0
699 671 369 0
700 671 699 0
700 691 1858 0
700 1322 701 0
701 1321 691 0
702 1017 1323 0
702 1018 1020 0
702 1019 1324 0
702 1020 1660 0
703 58 385 0
703 155 1024 0
703 1024 1328 0
704 379 836 0
704 836 1021 0
705 995 150 0
706 1026 1827 0
706 1326 705 0
707 1028 1528 0
707 1528 1661 0
708 155 1036 0
708 1035 1331 0
708 1331 1531 0
709 1031 1539 0
710 1034 1538 0
710 1041 1537 0
710 1340 717 0
710 1537 1954 0
710 1538 1340 0
711 1035 1036 0
711 1036 1340 0
711 1340 1538 0
711 1664 1342 0
712 156 1794 0
713 156 26 0
713 714 1667 0
714 217 715 0
714 1039 1667 0
714 1849 217 0
715 217 483 0
715 483 1158 0
717 386 158 0
717 1041 710 0
719 162 392 0
719 388 1301 0
719 682 991 0
720 160 390 0
720 393 1014 0
720 1014 696 0
721 56 999 0
721 395 723 0
722 61 1860 0
722 1888 1981 0
723 395 1020 0
724 349 1042 0
725 349 971 0
725 396 1042 0
725 971 141 0
725 1933 396 0
726 401 454 0
726 455 729 0
726 729 401 0
726 1124 1043 0
727 212 1286 0
727 479 212 0
727 1286 967 0
728 25 1044 0
728 729 1861 0
728 1861 1989 0
729 213 1861 0
729 400 401 0
729 455 213 0
729 728 400 0
730 403 1045 0
731 740 1057 0
731 1808 1980 0
732 168 983 0
732 405 827 0
732 983 984 0
733 405 1346 0
733 824 825 0
734 406 1050 0
734 1048 1347 0
734 1050 1547 0
735 183 1051 0
735 1050 1052 0
735 1051 1669 0
736 406 1055 0
736 754 1350 0
737 406 1347 0
737 1054 1055 0
737 1844 1054 0
738 169 1056 0
738 408 1048 0
738 1048 1049 0
738 1056 1296 0
738 1296 1886 0
739 63 1890 0
739 408 740 0
739 731 63 0
739 740 731 0
739 1351 1546 0
740 408 1514 0
742 1989 1861 0
743 64 414 0
743 414 1353 0
743 1061 411 0
744 171 1062 0
744 415 424 0
744 1060 415 0
744 1354 1060 0
745 420 177 0
745 754 1064 0
746 753 962 0
746 1066 1355 0
747 1066 1065 0
748 181 182 0
749 336 1078 0
749 1078 1551 0
749 1551 417 0
750 1551 1366 0
751 656 1282 0
751 657 1982 0
751 752 176 0
752 1282 418 0
753 746 1081 0
754 745 1063 0
754 1352 1064 0
755 415 412 0
756 425 1676 0
757 427 442 0
757 442 193 0
757 443 1862 0
757 1105 443 0
758 1086 1931 0
758 1370 1374 0
758 1374 1557 0
758 1567 1370 0
759 187 1498 0
759 1092 187 0
759 1275 1819 0
759 1498 1904 0
760 187 762 0
760 434 763 0
761 433 655 0
762 187 1092 0
762 1093 1090 0
763 51 652 0
764 435 1369 0
764 648 765 0
765 648 1094 0
765 1094 1382 0
765 1382 1893 0
766 1376 1377 0
767 189 1083 0
767 203 436 0
767 436 189 0
767 1082 202 0
768 439 1095 0
768 1095 1385 0
769 185 1836 0
769 1677 1746 0
770 1100 1102 0
770 1102 1103 0
770 1103 1384 0
771 1575 1576 0
772 440 1108 0
772 1575 440 0
773 190 1095 0
774 1105 1578 0
774 1578 1691 0
775 190 773 0
775 773 1107 0
775 778 776 0
776 440 771 0
776 778 779 0
777 444 778 0
777 1106 194 0
778 444 779 0
778 775 1387 0
778 1387 777 0
779 444 780 0
779 780 1108 0
780 19 1108 0
780 444 1114 0
780 1114 1118 0
781 73 1922 0
781 449 1834 0
782 784 1638 0
783 448 1110 0
783 1109 1820 0
784 782 1109 0
784 1109 1110 0
784 1110 1724 0
785 1389 1580 0
785 1580 1821 0
786 1114 1115 0
786 1116 1394 0
786 1821 1113 0
787 197 1825 0
787 783 1820 0
787 788 783 0
788 450 1117 0
788 787 450 0
789 1117 1561 0
789 1118 1394 0
790 452 1919 0
791 453 1790 0
791 1094 338 0
791 1568 1094 0
792 793 1043 0
792 794 793 0
792 1124 1956 0
793 412 455 0
793 455 1043 0
793 1126 456 0
794 458 1995 0
794 477 458 0
794 1125 1126 0
794 1126 793 0
795 798 1154 0
795 1132 797 0
796 795 1943 0
796 1943 1957 0
797 1134 798 0
798 795 797 0
798 1134 1133 0
799 931 462 0
799 1822 1143 0
800 204 801 0
800 428 204 0
800 459 427 0
800 803 1136 0
800 1136 459 0
801 23 802 0
801 430 23 0
801 803 800 0
802 23 1959 0
802 1140 1983 0
803 463 1136 0
803 801 802 0
803 802 1983 0
804 463 803 0
804 803 1983 0
804 1137 1703 0
805 1402 1590 0
805 1408 1704 0
805 1590 1895 0
806 205 461 0
806 465 1894 0
806 1143 1822 0
807 1703 1142 0
808 466 324 0
808 549 206 0
809 329 468 0
809 332 324 0
811 209 1832 0
811 472 1468 0
811 876 877 0
812 473 813 0
812 558 816 0
813 36 1806 0
813 473 1812 0
814 813 1812 0
815 209 818 0
815 473 874 0
816 558 1151 0
816 1151 1445 0
818 95 474 0
818 209 1153 0
818 1153 95 0
818 1812 815 0
819 798 1133 0
819 1133 1958 0
819 1154 798 0
820 211 1147 0
820 471 1156 0
820 1147 78 0
820 1156 1155 0
821 477 792 0
821 792 1956 0
822 470 77 0
822 478 1397 0
823 218 1157 0
823 825 824 0
823 1337 1535 0
824 733 1046 0
824 1046 1534 0
824 1337 823 0
825 823 1157 0
826 218 1341 0
826 480 1157 0
826 715 1158 0
827 168 732 0
827 480 168 0
827 825 1157 0
828 493 1863 0
828 1863 1864 0
829 484 1927 0
830 482 1808 0
830 829 1158 0
831 212 1159 0
831 489 832 0
832 220 79 0
832 489 1414 0
832 1414 1413 0
833 489 1416 0
833 1848 1161 0
834 828 1163 0
835 226 494 0
836 379 1417 0
836 495 1166 0
837 59 158 0
838 382 224 0
839 239 1170 0
839 1170 1171 0
840 1167 1418 0
840 1283 499 0
840 1418 1594 0
841 233 1965 0
841 251 233 0
842 506 841 0
842 841 1965 0
842 1965 1966 0
843 845 1175 0
844 509 843 0
844 1175 1184 0
845 234 1175 0
845 521 508 0
845 843 521 0
846 513 1850 0
846 839 1168 0
847 87 1850 0
847 848 1595 0
847 1878 87 0
848 847 514 0
849 848 516 0
849 1595 848 0
850 1179 1606 0
850 1180 1179 0
851 520 1177 0
851 522 1181 0
852 240 1823 0
852 531 530 0
854 244 870 0
854 870 1212 0
855 942 1865 0
855 1188 940 0
856 529 533 0
856 1197 534 0
857 1194 1195 0
857 1196 1604 0
857 1432 1194 0
858 534 1197 0
858 862 534 0
858 1197 1436 0
858 1431 1603 0
858 1603 862 0
859 238 1198 0
859 532 1199 0
859 1195 532 0
860 531 1199 0
860 532 1436 0
861 866 1203 0
861 1203 867 0
861 1214 866 0
862 865 534 0
862 1438 865 0
864 535 1789 0
864 1178 1200 0
864 1200 1437 0
864 1789 1202 0
865 1430 856 0
865 1438 1429 0
866 1207 1203 0
866 1440 1607 0
867 1433 861 0
868 869 1439 0
868 1207 1608 0
869 872 242 0
870 1210 1212 0
870 1441 1210 0
871 1208 1985 0
871 1607 1440 0
871 1608 1607 0
872 524 242 0
872 868 1608 0
872 869 868 0
872 1213 537 0
872 1608 1213 0
873 252 251 0
873 1444 1708 0
873 1708 252 0
874 473 1215 0
874 1215 1610 0
874 1610 1866 0
874 1832 815 0
875 1446 1456 0
875 1612 1451 0
876 541 1449 0
876 811 1832 0
877 876 1449 0
877 1449 1617 0
878 882 881 0
878 1221 253 0
878 1401 1694 0
879 1583 878 0
880 1219 1716 0
880 1259 253 0
881 1221 878 0
881 1223 1222 0
882 878 1694 0
883 295 1461 0
883 1225 1459 0
884 256 1626 0
884 1459 1460 0
885 545 886 0
885 886 1932 0
885 1879 1898 0
886 545 1228 0
886 1228 1828 0
886 1230 1932 0
887 300 1814 0
887 1466 1626 0
888 299 1232 0
889 257 1152 0
890 549 1152 0
890 1152 1410 0
890 1234 1235 0
890 1410 1468 0
891 544 1241 0
891 1241 1470 0
892 552 895 0
892 895 1629 0
893 554 897 0
893 555 554 0
893 1240 1471 0
894 555 1628 0
895 552 1243 0
895 1242 1471 0
895 1243 1470 0
895 1471 1629 0
896 899 1896 0
896 1631 899 0
897 554 1244 0
898 1474 1245 0
899 1450 1896 0
899 1631 1912 0
899 1912 1968 0
900 95 817 0
900 1246 1247 0
901 265 1867 0
901 566 1946 0
901 1867 1990 0
902 911 275 0
903 568 570 0
903 570 904 0
905 242 1632 0
905 869 242 0
905 1439 869 0
905 1632 1480 0
906 105 907 0
906 907 1868 0
907 577 908 0
907 908 1868 0
908 578 1868 0
909 572 1253 0
909 910 579 0
910 909 1253 0
911 902 104 0
912 351 140 0
912 584 585 0
912 585 581 0
913 258 1815 0
913 1815 1925 0
914 588 916 0
914 589 588 0
914 916 1255 0
915 114 1883 0
915 601 114 0
916 588 1870 0
916 1870 1871 0
917 297 298 0
917 298 590 0
917 590 922 0
918 1225 1619 0
918 1460 1225 0
919 119 921 0
920 596 1258 0
921 590 919 0
921 600 922 0
923 542 1259 0
923 603 924 0
923 1259 1622 0
924 543 542 0
924 603 926 0
924 926 1400 0
925 604 1264 0
925 1135 926 0
926 604 925 0
928 126 615 0
928 605 1940 0
929 462 304 0
929 1261 612 0
930 310 619 0
931 304 462 0
931 930 304 0
932 614 1987 0
932 617 1872 0
932 1872 1991 0
933 48 616 0
933 616 1490 0
933 617 48 0
934 620 1388 0
934 1386 70 0
934 1388 1579 0
934 1579 1112 0
935 316 1918 0
935 1265 1492 0
935 1950 316 0
936 323 318 0
937 1266 1493 0
938 939 1267 0
938 1187 1250 0
938 1723 1488 0
939 938 1488 0
940 1188 1267 0
940 1267 939 0
941 630 940 0
941 940 939 0
941 1488 1637 0
942 630 1268 0
942 631 1854 0
942 855 630 0
942 1854 1865 0
943 131 946 0
943 944 1268 0
943 1899 131 0
944 942 1268 0
944 943 632 0
945 632 946 0
945 946 947 0
946 636 947 0
947 468 635 0
947 948 332 0
948 636 1633 0
948 637 332 0
948 947 636 0
949 950 1961 0
949 1961 1962 0
950 650 1497 0
951 642 646 0
951 969 52 0
952 761 1280 0
952 1270 1641 0
953 1273 1885 0
953 1274 1750 0
953 1885 1913 0
954 1500 1501 0
955 1077 1074 0
955 1502 1644 0
956 644 335 0
956 1645 957 0
957 960 956 0
957 1272 960 0
957 1644 1276 0
958 956 335 0
958 1078 959 0
958 1645 956 0
959 336 645 0
959 645 1277 0
960 644 956 0
960 1278 654 0
961 181 748 0
961 419 1282 0
962 748 416 0
962 753 419 0
962 961 748 0
963 533 529 0
963 661 1855 0
963 1760 1761 0
964 660 345 0
965 663 1856 0
965 1284 666 0
965 1426 1598 0
965 1597 1426 0
965 1598 1284 0
966 1284 1598 0
966 1504 1284 0
967 1044 727 0
967 1286 1505 0
968 485 497 0
968 1285 664 0
969 667 1942 0
970 241 1838 0
971 349 352 0
971 972 141 0
973 354 1522 0
973 672 1290 0
974 359 977 0
974 672 1291 0
974 977 1290 0
975 679 1291 0
975 1291 1309 0
975 1311 1519 0
976 147 1300 0
976 674 977 0
978 674 1516 0
979 669 1293 0
979 980 356 0
980 55 143 0
980 357 55 0
980 979 1293 0
981 1294 1515 0
981 1297 1294 0
982 359 1298 0
982 677 1294 0
982 1294 1297 0
983 168 1653 0
983 1829 1515 0
984 677 1346 0
985 679 1887 0
985 974 1291 0
986 13 1046 0
986 1046 1047 0
988 363 1517 0
989 389 379 0
989 682 1301 0
990 365 1305 0
990 989 1302 0
992 990 1305 0
992 991 682 0
992 1303 1304 0
993 394 1303 0
993 683 994 0
993 1303 1305 0
994 683 1027 0
995 705 1306 0
995 1006 1007 0
996 366 1028 0
996 684 1518 0
996 1028 1029 0
996 1518 1655 0
997 975 1309 0
997 1307 1311 0
998 1310 1334 0
998 1312 1519 0
998 1334 1335 0
999 686 1921 0
1000 354 978 0
1000 673 1873 0
1001 687 1875 0
1001 1873 687 0
1002 1521 1522 0
1002 1522 1875 0
1003 688 1314 0
1003 1314 1332 0
1004 1010 1011 0
1004 1011 1319 0
1004 1317 1010 0
1004 1319 1817 0
1005 688 1876 0
1005 1315 690 0
1005 1319 1523 0
1006 690 1007 0
1007 690 1315 0
1007 1008 1013 0
1008 1007 1315 0
1008 1315 1524 0
1008 1524 1656 0
1009 370 1012 0
1010 1317 1318 0
1010 1318 1525 0
1010 1526 1011 0
1011 1523 1319 0
1011 1659 1523 0
1012 370 1858 0
1012 691 1657 0
1013 1316 692 0
1015 701 1016 0
1015 1321 701 0
1016 701 1322 0
1016 1322 1325 0
1017 702 1660 0
1018 702 1324 0
1018 723 1020 0
1018 1324 1981 0
1019 161 391 0
1019 702 1323 0
1020 395 1325 0
1020 1325 1660 0
1021 378 1025 0
1021 836 1166 0
1022 1024 1529 0
1023 1022 1529 0
1023 1327 1306 0
1023 1738 1327 0
1024 155 1531 0
1024 1022 1328 0
1025 378 1328 0
1025 1022 380 0
1025 1328 1022 0
1026 706 685 0
1026 1329 1827 0
1027 683 1330 0
1027 1330 1530 0
1028 366 1332 0
1028 707 1029 0
1028 1332 1532 0
1029 707 1333 0
1030 1032 1334 0
1030 1333 1533 0
1031 381 1339 0
1031 709 1533 0
1031 1339 1539 0
1032 709 1338 0
1032 1533 709 0
1033 1337 1534 0
1033 1338 1830 0
1033 1535 1337 0
1034 710 1954 0
1034 716 1345 0
1035 708 1036 0
1035 711 1342 0
1035 1342 1541 0
1036 385 1340 0
1037 716 1034 0
1037 1034 1954 0
1037 1794 156 0
1037 1954 1994 0
1038 382 1663 0
1038 718 27 0
1038 1041 718 0
1038 1663 1984 0
1039 714 715 0
1039 715 1341 0
1039 1341 1740 0
1040 1342 1664 0
1040 1345 1543 0
1041 158 718 0
1041 717 158 0
1042 164 724 0
1044 400 728 0
1044 967 400 0
1045 402 404 0
1045 403 1844 0
1046 13 1534 0
1046 733 1047 0
1047 733 1346 0
1047 1298 1887 0
1048 408 1546 0
1048 734 1049 0
1049 734 1547 0
1050 406 1052 0
1050 735 1669 0
1051 148 360 0
1051 360 1349 0
1051 1349 1669 0
1052 736 1350 0
1053 737 1347 0
1053 1347 1546 0
1054 178 1055 0
1056 981 1296 0
1056 1295 981 0
1057 740 1514 0
1057 1514 1653 0
1057 1653 1927 0
1057 1808 731 0
1058 741 411 0
1058 1160 488 0
1059 64 741 0
1060 414 413 0
1061 215 411 0
1061 743 1353 0
1061 1352 421 0
1062 171 1845 0
1062 1354 744 0
1063 180 1350 0
1063 745 177 0
1064 1062 745 0
1064 1352 1353 0
1065 1360 756 0
1065 1674 1070 0
1066 746 1076 0
1066 747 1355 0
1066 1076 1360 0
1066 1360 1065 0
1067 1356 1971 0
1067 1955 1964 0
1068 1067 1971 0
1068 1075 1067 0
1069 1570 1741 0
1070 747 1065 0
1070 1356 747 0
1071 1377 1379 0
1072 1358 1073 0
1072 1572 1071 0
1072 1741 1570 0
1073 1971 1356 0
1074 1081 1955 0
1074 1361 955 0
1075 1642 1361 0
1075 1955 1067 0
1076 172 1360 0
1076 746 962 0
1077 955 1277 0
1077 1081 1074 0
1077 1362 1550 0
1077 1550 1081 0
1078 335 1364 0
1078 336 959 0
1078 1364 1551 0
1079 1366 1364 0
1079 1972 1366 0
1080 750 1366 0
1080 1366 1972 0
1081 1355 1955 0
1082 423 755 0
1082 755 456 0
1082 1126 202 0
1083 189 68 0
1083 1082 767 0
1084 1091 1566 0
1084 1367 1091 0
1085 432 1679 0
1085 1370 1567 0
1085 1567 1380 0
1086 758 1557 0
1086 1552 1553 0
1086 1553 1931 0
1086 1557 1824 0
1087 1555 1560 0
1087 1560 1681 0
1088 1275 1885 0
1088 1380 1819 0
1089 1273 1973 0
1090 1093 1381 0
1091 1819 1892 0
1092 759 1091 0
1092 1093 762 0
1093 1092 1367 0
1093 1367 1382 0
1095 190 1576 0
1096 766 1572 0
1096 1673 1776 0
1096 1743 1673 0
1097 1098 1099 0
1097 1573 1574 0
1098 1097 1104 0
1098 1395 1556 0
1099 1383 1688 0
1099 1688 1097 0
1100 68 189 0
1100 189 1102 0
1101 1384 1385 0
1101 1385 1689 0
1101 1689 1745 0
1101 1742 1384 0
1101 1745 1777 0
1101 1777 1742 0
1102 437 1103 0
1103 768 1385 0
1104 772 1108 0
1104 1097 772 0
1104 1395 1098 0
1105 193 1386 0
1105 757 193 0
1105 774 443 0
1105 1386 1578 0
1106 777 1387 0
1106 1387 1690 0
1108 440 779 0
1109 782 1834 0
1109 783 1110 0
1110 448 1393 0
1110 1391 1724 0
1111 1388 1390 0
1111 1390 1392 0
1111 1639 1826 0
1112 1106 1577 0
1112 1386 934 0
1113 1116 786 0
1114 444 1115 0
1114 786 1394 0
1115 194 785 0
1115 785 1821 0
1116 788 1117 0
1116 1113 448 0
1116 1117 1394 0
1117 450 1561 0
1117 789 1394 0
1118 789 1119 0
1118 1114 1394 0
1119 1558 1120 0
1120 1104 19 0
1120 1395 1104 0
1120 1558 1559 0
1121 1381 1568 0
1122 470 822 0
1122 1397 1692 0
1123 210 821 0
1123 476 210 0
1123 1397 1938 0
1124 454 1396 0
1124 726 454 0
1124 792 1043 0
1124 1581 1956 0
1125 202 1126 0
1125 457 75 0
1125 794 1995 0
1126 1082 456 0
1127 75 1129 0
1127 429 431 0
1128 457 1944 0
1129 75 457 0
1130 1783 1698 0
1131 796 1957 0
1131 1130 1698 0
1131 1615 1130 0
1132 795 796 0
1132 1399 797 0
1132 1582 1139 0
1133 1134 1944 0
1133 1944 1958 0
1134 797 1399 0
1134 1138 1398 0
1134 1398 1944 0
1134 1399 1138 0
1135 925 799 0
1135 1705 1592 0
1137 804 1983 0
1137 1704 1703 0
1139 1585 1138 0
1139 1587 1585 0
1140 1959 1138 0
1141 1402 1695 0
1141 1403 1694 0
1141 1584 1590 0
1142 1408 1591 0
1142 1591 1907 0
1142 1703 1408 0
1143 1589 1705 0
1143 1894 1589 0
1144 810 1616 0
1144 1145 810 0
1145 1144 1943 0
1145 1412 810 0
1146 1615 1131 0
1146 1957 1144 0
1147 475 1235 0
1148 471 1149 0
1148 1412 471 0
1148 1767 810 0
1149 78 1150 0
1149 1150 1218 0
1149 1457 1148 0
1151 557 896 0
1151 558 1809 0
1151 896 1409 0
1152 817 1410 0
1153 817 95 0
1153 1410 817 0
1154 476 1411 0
1154 1943 795 0
1155 211 820 0
1155 1411 476 0
1158 480 826 0
1159 479 1162 0
1160 833 1416 0
1160 1058 221 0
1161 80 1415 0
1161 489 833 0
1162 216 488 0
1162 1416 1159 0
1163 828 1864 0
1163 1813 834 0
1164 494 501 0
1165 28 496 0
1165 389 28 0
1167 382 838 0
1167 838 1418 0
1168 839 1169 0
1168 1169 1419 0
1169 232 1419 0
1169 839 1171 0
1170 89 852 0
1170 239 1877 0
1170 852 1823 0
1171 1170 1823 0
1172 515 849 0
1172 516 1173 0
1172 1173 1966 0
1173 842 1966 0
1174 844 1421 0
1174 850 509 0
1174 1421 1185 0
1175 844 843 0
1176 511 1878 0
1176 512 234 0
1179 1178 1434 0
1179 1180 1186 0
1179 1186 1200 0
1180 850 1174 0
1180 1174 1185 0
1180 1792 1186 0
1181 1877 239 0
1182 1211 1437 0
1182 1437 863 0
1182 1442 1211 0
1182 1732 1442 0
1182 1793 1732 0
1183 88 1945 0
1183 1420 88 0
1183 1649 1420 0
1184 88 1420 0
1185 1421 1734 0
1185 1734 1800 0
1186 1437 1200 0
1187 938 1267 0
1187 1267 1423 0
1188 855 1193 0
1189 966 1598 0
1189 1425 1427 0
1189 1710 1425 0
1190 1428 1596 0
1190 1599 1970 0
1191 245 1192 0
1192 348 1427 0
1192 1427 1596 0
1192 1428 1600 0
1193 855 1865 0
1193 1787 1188 0
1193 1865 1960 0
1194 1432 1433 0
1194 1433 1603 0
1195 859 1605 0
1195 1194 1431 0
1195 1605 857 0
1196 857 1605 0
1196 1202 1604 0
1196 1434 1178 0
1197 1435 1436 0
1198 1605 859 0
1200 1178 1179 0
1201 861 1433 0
1202 1178 864 0
1202 1196 1178 0
1203 1601 1438 0
1205 868 1439 0
1205 1204 868 0
1205 1206 1788 0
1205 1601 1204 0
1205 1788 1928 0
1206 1187 1423 0
1206 1205 1439 0
1207 866 1607 0
1207 868 1204 0
1207 1204 1203 0
1208 871 1440 0
1208 1440 1765 0
1208 1789 1209 0
1209 535 1211 0
1209 1212 1210 0
1209 1985 1208 0
1210 1441 1985 0
1211 535 1437 0
1212 1209 1211 0
1212 1211 1442 0
1213 871 1441 0
1213 1441 536 0
1214 861 1201 0
1214 1201 1443 0
1214 1443 1765 0
1214 1765 1440 0
1215 816 1445 0
1215 1445 1610 0
1216 541 1612 0
1216 1449 541 0
1217 1450 1613 0
1217 1451 1711 0
1218 877 1617 0
1218 1150 472 0
1218 1457 1149 0
1219 1222 1967 0
1220 881 882 0
1220 1458 1223 0
1222 880 1221 0
1222 1219 880 0
1222 1221 881 0
1222 1223 1967 0
1223 881 1220 0
1223 1458 1967 0
1224 1469 1627 0
1224 1627 1238 0
1224 1719 1986 0
1225 883 1461 0
1225 1461 1619 0
1226 883 1459 0
1227 254 1897 0
1227 1879 1882 0
1227 1882 1920 0
1228 1459 884 0
1229 544 1880 0
1229 1880 1881 0
1230 1625 1924 0
1230 1880 1882 0
1230 1882 1932 0
1231 1464 1623 0
1231 1623 1624 0
1231 1624 1721 0
1232 547 888 0
1232 1465 1621 0
1233 549 808 0
1234 78 1147 0
1234 890 1468 0
1235 1234 1147 0
1236 1244 1239 0
1236 1469 1618 0
1237 896 557 0
1237 1240 897 0
1237 1244 1631 0
1238 554 555 0
1238 894 1463 0
1238 1463 1224 0
1239 1238 1627 0
1239 1627 1236 0
1240 556 1471 0
1240 893 897 0
1240 1237 557 0
1242 893 1471 0
1242 895 1470 0
1242 1470 1628 0
1243 891 1470 0
1244 554 1239 0
1244 1237 897 0
1245 1474 1473 0
1245 1756 1472 0
1246 900 257 0
1247 1246 1478 0
1248 568 571 0
1248 571 1479 0
1248 1632 570 0
1249 90 904 0
1249 524 90 0
1249 570 1632 0
1250 1723 938 0
1251 626 1493 0
1251 1947 1948 0
1252 283 1487 0
1252 1487 1493 0
1253 285 910 0
1253 911 1254 0
1254 581 582 0
1255 265 914 0
1255 916 1925 0
1256 587 1869 0
1256 1869 1884 0
1257 123 920 0
1257 590 599 0
1257 920 1258 0
1259 880 1715 0
1260 936 1949 0
1260 1261 1490 0
1261 304 613 0
1261 1260 1949 0
1262 622 936 0
1262 936 1260 0
1262 1260 1489 0
1263 125 1262 0
1264 604 618 0
1264 1872 619 0
1265 196 1491 0
1265 935 1918 0
1265 1491 1492 0
1266 937 1495 0
1266 1494 1903 0
1266 1495 1640 0
1269 129 637 0
1269 948 1633 0
1269 1633 1640 0
1269 1640 1495 0
1270 952 1280 0
1271 433 952 0
1271 952 1641 0
1272 957 1276 0
1272 1278 960 0
1272 1499 1969 0
1273 953 1564 0
1273 1088 1885 0
1273 1089 432 0
1273 1564 1973 0
1274 643 1643 0
1274 953 1725 0
1274 1684 1750 0
1275 759 1904 0
1275 1088 1819 0
1276 1499 1272 0
1276 1502 954 0
1277 1503 959 0
1278 1272 1969 0
1278 1281 654 0
1279 1270 1280 0
1279 1278 1969 0
1279 1280 1278 0
1279 1685 1643 0
1280 761 1281 0
1280 1281 1278 0
1281 342 654 0
1281 655 342 0
1282 419 658 0
1282 656 961 0
1282 752 751 0
1283 505 1952 0
1285 968 1507 0
1285 1504 1974 0
1285 1507 666 0
1286 212 1934 0
1286 1646 1505 0
1287 133 1856 0
1288 497 500 0
1288 500 499 0
1288 968 497 0
1288 1283 1975 0
1289 1510 1512 0
1289 1512 1650 0
1289 1771 972 0
1290 354 973 0
1290 674 978 0
1291 672 1309 0
1292 679 975 0
1292 975 1519 0
1295 678 1297 0
1295 1056 409 0
1296 981 1515 0
1296 1515 1829 0
1297 981 1295 0
1298 677 982 0
1298 985 1887 0
1298 1047 1346 0
1299 149 363 0
1300 988 1654 0
1301 389 989 0
1302 379 704 0
1303 163 1304 0
1303 992 1305 0
1304 162 991 0
1304 163 1888 0
1304 991 992 0
1306 705 1326 0
1306 1326 1023 0
1306 1527 995 0
1306 1532 1527 0
1307 997 1313 0
1307 1310 1311 0
1308 973 1521 0
1308 997 1309 0
1308 1313 997 0
1308 1521 1313 0
1310 684 1334 0
1310 998 1311 0
1310 1518 684 0
1311 975 997 0
1311 998 1519 0
1312 998 1335 0
1312 1292 1519 0
1312 1335 1336 0
1313 1002 1520 0
1313 1520 1736 0
1314 1006 1527 0
1315 1523 1659 0
1316 1008 1656 0
1316 1013 1008 0
1317 675 1318 0
1317 1004 689 0
1318 1009 1525 0
1319 1876 1889 0
1320 1524 1526 0
1320 1525 1657 0
1321 1015 695 0
1321 1737 1658 0
1322 377 1017 0
1322 1017 1660 0
1324 61 722 0
1324 722 1981 0
1325 1322 1660 0
1326 706 380 0
1326 1022 1023 0
1327 1528 1532 0
1327 1532 1306 0
1329 367 686 0
1329 686 1027 0
1329 1027 1530 0
1329 1530 1827 0
1330 154 1530 0
1330 365 1302 0
1330 1302 704 0
1331 1035 1339 0
1332 366 1003 0
1332 1527 1532 0
1333 381 1031 0
1333 1030 1029 0
1333 1031 1533 0
1334 1032 1335 0
1335 1032 1336 0
1336 1033 1534 0
1336 1338 1033 0
1337 824 1534 0
1338 709 1539 0
1338 1336 1032 0
1338 1539 1666 0
1338 1666 1830 0
1339 1035 1541 0
1340 385 717 0
1341 218 1740 0
1341 715 826 0
1342 1040 1344 0
1342 1344 1541 0
1343 1543 1667 0
1343 1667 1039 0
1343 1740 1665 0
1344 1040 1540 0
1344 1539 1541 0
1344 1540 1666 0
1345 716 1542 0
1345 1040 1664 0
1345 1538 1034 0
1345 1542 1543 0
1345 1664 1538 0
1347 1048 1546 0
1348 1049 1547 0
1348 1547 1669 0
1349 407 1669 0
1349 680 681 0
1349 681 407 0
1350 180 422 0
1350 754 1063 0
1351 167 1053 0
1351 493 402 0
1351 739 1890 0
1351 1053 1546 0
1352 178 421 0
1352 1061 1353 0
1353 414 1064 0
1354 414 1060 0
1354 1062 1064 0
1354 1064 414 0
1355 747 1964 0
1355 1081 746 0
1356 1741 1073 0
1356 1964 747 0
1357 1565 1748 0
1357 1780 1642 0
1358 1072 1071 0
1358 1359 1073 0
1358 1379 1378 0
1359 1358 1378 0
1359 1378 1565 0
1359 1971 1073 0
1361 1074 1075 0
1362 1077 1277 0
1362 1277 645 0
1363 335 644 0
1363 640 1079 0
1363 1079 1364 0
1363 1364 335 0
1364 1366 1551 0
1365 334 1972 0
1365 640 1951 0
1365 642 334 0
1365 1079 640 0
1367 1084 1891 0
1367 1092 1091 0
1367 1891 1893 0
1368 758 1931 0
1368 1084 1566 0
1368 1566 1567 0
1368 1891 1084 0
1369 435 1905 0
1369 1922 764 0
1370 1085 1372 0
1370 1372 1374 0
1371 450 1825 0
1371 1557 1681 0
1372 1085 1679 0
1372 1087 1374 0
1372 1555 1087 0
1373 1555 1778 0
1373 1556 1779 0
1374 1681 1557 0
1375 1558 1561 0
1375 1560 1779 0
1375 1561 1681 0
1376 766 1569 0
1377 1071 1572 0
1377 1376 1562 0
1377 1572 766 0
1379 1358 1071 0
1380 1088 432 0
1380 1566 1892 0
1381 1093 1382 0
1381 1121 649 0
1381 1382 1568 0
1382 1094 1568 0
1382 1367 1893 0
1383 766 1096 0
1383 1096 1776 0
1383 1099 1569 0
1384 1103 1385 0
1385 1095 1576 0
1385 1576 1689 0
1386 193 70 0
1386 1112 1577 0
1386 1577 1578 0
1387 775 1107 0
1387 1107 1690 0
1388 620 1390 0
1388 1111 1389 0
1388 1389 1579 0
1389 785 1579 0
1389 1111 1826 0
1390 621 1392 0
1391 1110 1393 0
1391 1393 1580 0
1391 1580 1826 0
1391 1639 1724 0
1392 935 1492 0
1392 1639 1111 0
1393 1113 1580 0
1395 1779 1556 0
1396 470 1122 0
1396 1581 1124 0
1397 211 1938 0
1397 1122 822 0
1397 1123 1692 0
1398 1128 1944 0
1398 1138 1959 0
1399 1132 1139 0
1399 1139 1138 0
1400 543 924 0
1400 926 1135 0
1400 1135 1592 0
1400 1592 1706 0
1401 878 1583 0
1401 1583 1751 0
1401 1584 1694 0
1402 805 1405 0
1402 1141 1590 0
1402 1405 1696 0
1403 882 1694 0
1403 1141 1695 0
1403 1753 882 0
1404 1586 1588 0
1404 1699 1755 0
1404 1704 1586 0
1405 1404 1755 0
1405 1704 1404 0
1406 464 807 0
1406 807 1142 0
1406 1142 1907 0
1407 1784 1591 0
1408 805 1895 0
1409 896 1896 0
1409 1445 1151 0
1409 1593 1707 0
1410 1153 1468 0
1411 1145 1154 0
1411 1155 1156 0
1411 1156 1412 0
1412 1145 1411 0
1412 1148 810 0
1412 1156 471 0
1413 220 832 0
1413 1414 1415 0
1414 1161 1415 0
1415 834 1813 0
1417 495 836 0
1417 496 495 0
1418 31 86 0
1418 230 31 0
1419 504 502 0
1419 1939 513 0
1420 1421 1184 0
1421 844 1184 0
1421 1420 1730 0
1422 905 1480 0
1422 1187 1206 0
1422 1206 1439 0
1422 1480 1187 0
1423 1188 1787 0
1423 1267 1188 0
1423 1788 1206 0
1424 1426 1597 0
1424 1597 1908 0
1425 1786 1596 0
1426 1424 1762 0
1427 134 1189 0
1427 1425 1596 0
1428 1190 1970 0
1428 1192 1596 0
1429 1928 1979 0
1430 865 1602 0
1430 1602 1785 0
1431 1194 1603 0
1431 1436 532 0
1432 857 1604 0
1432 1201 1433 0
1434 1198 1606 0
1434 1605 1198 0
1435 248 1436 0
1435 528 1851 0
1435 533 528 0
1435 1197 533 0
1436 1431 858 0
1437 1186 863 0
1438 862 867 0
1438 867 1203 0
1438 1601 1429 0
1439 905 1422 0
1440 866 1214 0
1441 870 536 0
1441 871 1985 0
1442 1508 523 0
1442 1732 1508 0
1443 1201 1432 0
1443 1432 1604 0
1444 249 1933 0
1444 540 249 0
1444 873 540 0
1445 1409 1707 0
1446 1451 1453 0
1446 1454 1456 0
1447 1130 1615 0
1447 1701 1130 0
1447 1766 1701 0
1448 541 1866 0
1448 1707 1711 0
1450 1217 1593 0
1450 1593 1896 0
1450 1611 1613 0
1450 1968 1611 0
1451 1217 1453 0
1451 1446 875 0
1451 1612 1711 0
1452 1217 1613 0
1452 1453 1217 0
1452 1613 1614 0
1452 1766 1712 0
1453 1452 1712 0
1454 1447 1615 0
1454 1455 1456 0
1454 1712 1447 0
1455 1616 1713 0
1456 1713 1714 0
1456 1714 875 0
1457 1218 1617 0
1457 1617 1759 0
1458 1473 1967 0
1459 1225 1460 0
1459 1228 545 0
1460 918 593 0
1462 1226 1898 0
1462 1897 1992 0
1463 894 255 0
1463 1229 1720 0
1463 1719 1224 0
1464 547 1621 0
1464 1231 1466 0
1464 1621 1623 0
1465 1232 1620 0
1465 1620 1911 0
1465 1911 1993 0
1466 887 1814 0
1466 1231 1467 0
1466 1467 1626 0
1467 1231 1721 0
1467 1625 1828 0
1468 209 811 0
1469 1236 1627 0
1469 1717 1219 0
1470 1241 1628 0
1471 556 1629 0
1472 898 1245 0
1472 1614 898 0
1473 1458 1245 0
1473 1618 1967 0
1474 898 1611 0
1474 1611 1968 0
1475 1452 1614 0
1475 1472 1700 0
1475 1701 1766 0
1476 567 274 0
1477 1476 566 0
1477 1478 1476 0
1477 1867 564 0
1478 564 1247 0
1478 567 1476 0
1479 1250 1480 0
1480 1250 1187 0
1481 571 906 0
1481 906 1635 0
1481 1250 1479 0
1481 1635 1723 0
1482 131 1484 0
1483 1486 1494 0
1483 1494 1722 0
1484 131 1899 0
1485 578 1900 0
1485 1723 1635 0
1485 1900 1901 0
1486 1483 1634 0
1486 1901 1902 0
1487 1251 1493 0
1487 1947 1251 0
1488 941 939 0
1488 1636 1637 0
1489 616 309 0
1489 1263 1262 0
1490 616 1489 0
1490 1489 1260 0
1491 447 1638 0
1492 1491 1638 0
1492 1724 1639 0
1493 1266 1903 0
1494 1486 1902 0
1494 1902 1903 0
1495 327 627 0
1495 627 1269 0
1496 1799 1790 0
1498 1271 1641 0
1498 1641 1725 0
1498 1725 1913 0
1499 1276 954 0
1499 1685 1969 0
1500 954 1502 0
1500 1361 1642 0
1501 1499 954 0
1501 1684 1685 0
1501 1685 1499 0
1501 1780 1682 0
1502 955 1361 0
1502 1276 1644 0
1502 1361 1500 0
1503 958 959 0
1504 966 1727 0
1504 1727 1728 0
1504 1728 1974 0
1505 1506 967 0
1505 1646 1914 0
1506 1726 1545 0
1507 968 1288 0
1507 1288 1975 0
1508 1647 523 0
1508 1651 1772 0
1508 1732 1651 0
1509 970 1647 0
1509 1647 1772 0
1509 1773 1731 0
1510 352 668 0
1510 972 971 0
1510 1289 972 0
1511 1648 1774 0
1511 1649 1976 0
1511 1774 1649 0
1512 1510 668 0
1513 1650 1733 0
1513 1652 1774 0
1513 1733 1735 0
1514 408 1886 0
1515 984 983 0
1515 1294 984 0
1516 1000 978 0
1516 1300 1654 0
1517 1654 988 0
1518 1307 1736 0
1518 1310 1307 0
1520 1655 1736 0
1520 1874 1816 0
1521 973 1522 0
1521 1002 1313 0
1522 1001 1875 0
1523 1315 1005 0
1524 1315 1659 0
1524 1320 1658 0
1525 1009 1012 0
1525 1012 1657 0
1525 1526 1010 0
1526 1524 1659 0
1526 1525 1320 0
1527 1006 995 0
1527 1332 1314 0
1528 1028 1532 0
1528 1327 1738 0
1529 1024 1531 0
1529 1531 1738 0
1530 380 1827 0
1531 1331 1661 0
1531 1661 1738 0
1533 1032 1030 0
1535 218 823 0
1535 1665 1740 0
1535 1830 1665 0
1536 498 1662 0
1537 1038 1984 0
1537 1041 1038 0
1537 1984 1994 0
1539 1339 1541 0
1539 1344 1666 0
1540 1543 1343 0
1542 156 713 0
1542 713 1667 0
1543 1540 1040 0
1543 1542 1667 0
1544 1668 399 0
1544 1726 1668 0
1545 454 401 0
1547 1050 1669 0
1548 1743 1672 0
1549 438 770 0
1549 770 1384 0
1549 1384 1742 0
1549 1742 1671 0
1550 658 419 0
1550 753 1081 0
1551 750 417 0
1552 197 1807 0
1552 1086 1818 0
1552 1369 1553 0
1553 1368 1931 0
1553 1369 1905 0
1554 1373 1778 0
1554 1376 1680 0
1554 1562 1376 0
1554 1747 1562 0
1556 1099 1098 0
1556 1569 1099 0
1557 1371 1824 0
1558 789 1561 0
1558 1119 789 0
1558 1375 1559 0
1559 1375 1779 0
1559 1395 1120 0
1560 1375 1681 0
1560 1555 1779 0
1561 1371 1681 0
1562 1379 1377 0
1562 1687 1379 0
1562 1747 1686 0
1563 1683 1749 0
1563 1748 1687 0
1564 953 1750 0
1564 1563 1686 0
1564 1683 1563 0
1564 1686 1973 0
1565 1678 1359 0
1566 1091 1892 0
1566 1380 1567 0
1567 758 1368 0
1568 791 1121 0
1569 766 1383 0
1569 1556 1680 0
1569 1680 1376 0
1570 1069 1672 0
1570 1571 1072 0
1570 1743 1571 0
1572 1072 1571 0
1572 1571 1096 0
1574 772 1097 0
1574 1689 1575 0
1575 772 1574 0
1576 1575 1689 0
1577 1106 1690 0
1578 1577 1690 0
1578 1690 1691 0
1579 194 1112 0
1580 1113 1821 0
1580 1389 1826 0
1581 1396 1122 0
1582 1132 796 0
1582 1587 1139 0
1583 879 543 0
1583 1706 1751 0
1584 1141 1694 0
1584 1752 1590 0
1585 1140 1138 0
1585 1587 1588 0
1586 1140 1585 0
1586 1983 1140 0
1587 1582 1697 0
1587 1697 1782 0
1587 1782 1699 0
1588 1586 1585 0
1588 1587 1699 0
1589 1758 1705 0
1591 1784 1926 0
1591 1895 1407 0
1592 1705 1758 0
1593 1217 1711 0
1593 1409 1896 0
1594 505 840 0
1595 515 1176 0
1595 1176 1878 0
1596 1786 1797 0
1596 1797 1190 0
1597 133 1908 0
1597 965 1856 0
1598 1426 1710 0
1599 1190 1763 0
1599 1763 1764 0
1599 1764 1977 0
1599 1960 1970 0
1600 633 1191 0
1600 1191 1192 0
1600 1428 1910 0
1601 1203 1204 0
1601 1205 1928 0
1602 865 1429 0
1602 1429 1978 0
1603 867 862 0
1603 1433 867 0
1604 1202 1443 0
1605 1434 1196 0
1606 1177 850 0
1606 1179 1434 0
1606 1198 238 0
1607 1608 1207 0
1608 871 1213 0
1609 141 972 0
1609 972 1771 0
1609 1708 1444 0
1609 1771 1915 0
1610 1445 1707 0
1610 1448 1866 0
1611 898 1614 0
1612 875 1216 0
1612 1448 1711 0
1613 1611 1614 0
1614 1472 1475 0
1615 1146 1455 0
1615 1455 1454 0
1616 1146 1144 0
1616 1455 1146 0
1617 1449 1714 0
1617 1714 1759 0
1618 1219 1967 0
1618 1469 1219 0
1618 1473 1630 0
1618 1630 1236 0
1620 299 603 0
1620 1622 1911 0
1621 547 1232 0
1621 1465 1623 0
1622 603 923 0
1622 1259 1715 0
1622 1715 1911 0
1623 1993 1624 0
1624 1993 1718 0
1625 886 1828 0
1625 1230 886 0
1625 1467 1721 0
1625 1721 1769 0
1626 1467 1828 0
1626 1828 884 0
1628 255 894 0
1630 1244 1236 0
1630 1473 1474 0
1630 1474 1912 0
1631 896 1237 0
1631 1244 1630 0
1631 1630 1912 0
1632 242 1249 0
1632 1248 1479 0
1632 1479 1480 0
1633 1482 1722 0
1634 1483 1484 0
1634 1484 1899 0
1635 578 1485 0
1635 906 1868 0
1636 1486 1634 0
1636 1901 1486 0
1637 1636 1634 0
1637 1899 629 0
1638 784 1724 0
1639 1391 1826 0
1639 1392 1492 0
1640 1494 1266 0
1640 1633 1722 0
1640 1722 1494 0
1641 643 1725 0
1642 1068 1357 0
1642 1075 1068 0
1642 1780 1500 0
1643 643 1279 0
1644 957 1645 0
1644 1277 955 0
1644 1503 1277 0
1645 958 1503 0
1645 1503 1644 0
1646 664 1285 0
1646 665 664 0
1646 1285 1914 0
1646 1286 665 0
1647 970 523 0
1648 1289 1650 0
1648 1511 1771 0
1648 1650 1513 0
1649 1729 1976 0
1649 1730 1420 0
1650 1512 1773 0
1652 1513 1735 0
1652 1730 1774 0
1652 1734 1730 0
1652 1735 1800 0
1653 168 1927 0
1653 1514 1829 0
1654 673 1516 0
1655 366 996 0
1655 1518 1736 0
1655 1816 1003 0
1656 1524 1658 0
1656 1658 1737 0
1657 1658 1320 0
1658 1657 1321 0
1659 1011 1526 0
1661 381 707 0
1661 1528 1738 0
1662 1739 1794 0
1662 1802 1536 0
1663 382 229 0
1663 500 1536 0
1663 1536 1802 0
1663 1802 1984 0
1664 711 1538 0
1665 1540 1343 0
1665 1666 1540 0
1666 1665 1830 0
1668 1726 1728 0
1670 1069 1674 0
1670 1674 1675 0
1670 1675 1671 0
1671 1548 1670 0
1671 1677 1549 0
1672 1069 1670 0
1672 1670 1548 0
1672 1743 1570 0
1674 756 1676 0
1674 1065 756 0
1674 1069 1070 0
1675 1746 1677 0
1676 1675 1674 0
1677 426 438 0
1677 1671 1675 0
1678 1068 1971 0
1678 1357 1068 0
1678 1565 1357 0
1679 432 1089 0
1679 1747 1778 0
1680 1373 1554 0
1680 1556 1373 0
1681 1374 1087 0
1682 1683 1750 0
1683 1564 1750 0
1683 1682 1749 0
1684 1274 1643 0
1684 1501 1682 0
1684 1643 1685 0
1685 1279 1969 0
1686 1089 1973 0
1686 1687 1562 0
1686 1747 1089 0
1687 1378 1379 0
1687 1686 1563 0
1687 1748 1378 0
1688 1383 1776 0
1688 1573 1097 0
1688 1775 1573 0
1688 1776 1775 0
1690 1107 1691 0
1691 773 439 0
1691 1107 773 0
1692 1123 821 0
1692 1581 1122 0
1692 1956 1581 0
1693 1407 1752 0
1693 1751 1706 0
1693 1784 1407 0
1695 1402 1696 0
1695 1696 1754 0
1695 1754 1796 0
1695 1796 1753 0
1696 1405 1755 0
1696 1757 1754 0
1697 796 1131 0
1697 1582 796 0
1698 1697 1131 0
1699 1404 1588 0
1699 1782 1757 0
1701 1475 1700 0
1701 1702 1783 0
1702 1754 1757 0
1702 1782 1783 0
1703 807 804 0
1703 1704 1408 0
1704 1137 1586 0
1704 1405 805 0
1705 799 1143 0
1705 1135 799 0
1706 543 1400 0
1706 1592 1758 0
1707 1448 1610 0
1707 1593 1711 0
1709 233 252 0
1709 252 1708 0
1709 1729 538 0
1709 1791 1729 0
1710 1189 1598 0
1710 1762 1786 0
1712 1446 1453 0
1712 1454 1446 0
1712 1766 1447 0
1713 1456 1455 0
1713 1759 1714 0
1714 1216 875 0
1714 1449 1216 0
1715 880 1716 0
1715 1718 1993 0
1716 1219 1717 0
1716 1717 1718 0
1716 1718 1715 0
1717 1224 1986 0
1717 1469 1224 0
1718 1986 1768 0
1719 1463 1720 0
1719 1720 1769 0
1719 1768 1986 0
1719 1769 1768 0
1720 1229 1881 0
1720 1881 1924 0
1721 1768 1769 0
1722 1482 1484 0
1722 1484 1483 0
1723 1250 1481 0
1723 1485 1636 0
1723 1636 1488 0
1724 1492 1638 0
1725 953 1913 0
1726 1506 1505 0
1726 1544 1545 0
1727 399 1668 0
1727 966 134 0
1727 1668 1728 0
1728 1505 1914 0
1728 1726 1505 0
1728 1914 1974 0
1729 539 538 0
1729 1649 1183 0
1729 1791 1976 0
1730 1734 1421 0
1731 241 1509 0
1731 668 1963 0
1731 1512 668 0
1731 1773 1512 0
1732 1793 1651 0
1733 1650 1773 0
1733 1651 1735 0
1733 1772 1651 0
1734 1652 1800 0
1735 1651 1793 0
1735 1793 1800 0
1736 1307 1313 0
1737 1321 695 0
1738 1023 1529 0
1739 498 79 0
1740 1343 1039 0
1741 1070 1069 0
1741 1072 1073 0
1741 1356 1070 0
1742 1777 1744 0
1743 1096 1571 0
1743 1548 1673 0
1744 1548 1671 0
1744 1671 1742 0
1745 1573 1775 0
1745 1574 1573 0
1745 1689 1574 0
1746 185 769 0
1746 1675 1676 0
1747 1554 1778 0
1747 1679 1089 0
1748 1565 1378 0
1749 1357 1748 0
1749 1682 1780 0
1749 1748 1563 0
1749 1780 1357 0
1750 1684 1682 0
1751 1584 1401 0
1751 1752 1584 0
1752 1751 1693 0
1752 1895 1590 0
1753 1220 882 0
1753 1403 1695 0
1756 1220 1753 0
1756 1245 1458 0
1756 1458 1220 0
1756 1700 1472 0
1756 1753 1796 0
1757 1696 1755 0
1757 1755 1699 0
1757 1782 1702 0
1758 1589 1784 0
1758 1693 1706 0
1758 1784 1693 0
1759 1713 1767 0
1760 963 529 0
1760 1785 1801 0
1760 1803 1761 0
1761 661 963 0
1761 1424 661 0
1762 1424 1761 0
1762 1710 1426 0
1764 1602 1978 0
1764 1785 1602 0
1764 1798 1977 0
1765 1202 1789 0
1765 1443 1202 0
1765 1789 1208 0
1766 1452 1475 0
1767 1148 1457 0
1767 1457 1759 0
1767 1616 810 0
1767 1713 1616 0
1768 1624 1718 0
1768 1721 1624 0
1769 1924 1625 0
1770 950 1497 0
1770 1497 339 0
1770 1790 1799 0
1770 1996 950 0
1771 1289 1648 0
1771 1511 1915 0
1772 1647 1508 0
1772 1733 1773 0
1773 1509 1772 0
1774 1648 1513 0
1774 1730 1649 0
1776 1673 1795 0
1777 1745 1775 0
1777 1795 1744 0
1778 1372 1679 0
1778 1555 1372 0
1779 1395 1559 0
1779 1555 1373 0
1780 1501 1500 0
1781 1701 1700 0
1781 1702 1701 0
1781 1754 1702 0
1781 1796 1754 0
1782 1697 1698 0
1782 1698 1783 0
1783 1130 1701 0
1784 1589 1926 0
1785 529 1430 0
1785 1764 1763 0
1786 1425 1710 0
1786 1762 1803 0
1787 1193 1977 0
1787 1788 1423 0
1788 1787 1798 0
1788 1798 1979 0
1789 535 1209 0
1790 1121 791 0
1790 1770 1121 0
1791 1609 1915 0
1791 1708 1609 0
1791 1709 1708 0
1791 1915 1976 0
1792 863 1186 0
1792 1180 1185 0
1792 1793 863 0
1793 1182 863 0
1794 1994 1802 0
1795 1548 1744 0
1795 1673 1548 0
1795 1775 1776 0
1795 1777 1775 0
1796 1700 1756 0
1796 1781 1700 0
1797 1763 1190 0
1797 1786 1803 0
1797 1801 1763 0
1797 1803 1801 0
1798 1764 1978 0
1798 1787 1977 0
1798 1978 1979 0
1799 333 1997 0
1800 1792 1185 0
1800 1793 1792 0
1801 1785 1763 0
1802 1662 1794 0
1803 1760 1801 0
1803 1762 1761 0
1804 376 697 0
1804 697 698 0
1805 21 198 0
1807 197 1820 0
1807 1820 1834 0
1808 482 1847 0
1808 1057 484 0
1808 1847 1980 0
1809 97 556 0
1810 107 575 0
1811 598 597 0
1811 1462 1992 0
1812 818 814 0
1813 1163 491 0
1814 1464 1466 0
1815 96 562 0
1815 562 1923 0
1815 1923 1925 0
1816 1655 1520 0
1817 687 1857 0
1817 1319 1889 0
1817 1889 1917 0
1818 1086 1824 0
1818 1824 1825 0
1819 1091 759 0
1819 1380 1892 0
1820 1109 1834 0
1821 786 1115 0
1822 799 462 0
1824 1371 1825 0
1828 1228 884 0
1829 983 1653 0
1829 1886 1296 0
1830 1535 1033 0
1831 284 109 0
1831 285 1841 0
1832 1866 876 0
1833 1869 587 0
1833 1992 254 0
1834 447 781 0
1835 586 108 0
1836 68 426 0
1836 185 1837 0
1837 185 1929 0
1838 1953 32 0
1839 32 243 0
1841 286 40 0
1842 338 195 0
1843 348 245 0
1844 737 167 0
1845 1837 1929 0
1846 1265 1918 0
1847 482 1864 0
1847 1890 1980 0
1848 833 487 0
1849 713 26 0
1849 714 713 0
1850 1939 847 0
1851 1855 662 0
1852 1988 1998 0
1854 246 1865 0
1854 631 1909 0
1854 1909 1910 0
1855 1851 528 0
1859 693 1921 0
1859 694 693 0
1860 1888 722 0
1863 493 1890 0
1863 1847 1864 0
1865 246 1960 0
1866 1832 874 0
1867 1477 1990 0
1869 913 1884 0
1869 1833 258 0
1870 289 915 0
1870 915 1871 0
1871 915 1883 0
1871 1883 1884 0
1871 1925 916 0
1872 618 1991 0
1872 1264 618 0
1873 1001 1000 0
1874 1002 1875 0
1874 1520 1002 0
1874 1875 1917 0
1874 1889 368 0
1875 687 1917 0
1876 368 1889 0
1876 1319 1005 0
1877 1181 522 0
1878 847 1595 0
1879 885 1932 0
1879 1227 1897 0
1879 1897 1898 0
1880 544 1920 0
1880 1230 1881 0
1881 1230 1924 0
1882 1879 1932 0
1882 1880 1920 0
1883 1256 1884 0
1884 913 1925 0
1885 1904 1913 0
1886 1829 1514 0
1888 163 1981 0
1888 1860 162 0
1889 1874 1917 0
1890 1847 1863 0
1891 1368 1553 0
1891 1553 1905 0
1893 1905 435 0
1894 1143 806 0
1894 1926 1589 0
1895 1591 1408 0
1895 1752 1407 0
1897 254 1992 0
1897 1462 1898 0
1898 545 885 0
1899 943 629 0
1899 1637 1634 0
1900 1902 1901 0
1900 1903 1902 0
1901 1636 1485 0
1903 1252 1493 0
1903 1900 1252 0
1904 1498 1913 0
1904 1885 1275 0
1905 1893 1891 0
1906 465 1406 0
1906 1406 1907 0
1906 1907 1926 0
1907 1591 1926 0
1909 1600 1910 0
1910 1428 1970 0
1911 1715 1993 0
1912 1474 1968 0
1914 1285 1974 0
1915 1511 1976 0
1916 420 1929 0
1916 1929 1937 0
1922 1369 449 0
1923 99 1255 0
1923 1255 1925 0
1924 1769 1720 0
1925 1871 1884 0
1926 1894 1906 0
1928 1429 1601 0
1928 1788 1979 0
1929 425 1937 0
1930 638 1997 0
1933 725 141 0
1935 317 1950 0
1935 609 1936 0
1938 476 1123 0
1939 1419 502 0
1939 1850 513 0
1941 1949 318 0
1942 667 1962 0
1943 1144 1957 0
1943 1154 1145 0
1944 457 1958 0
1946 290 589 0
1947 283 282 0
1947 1487 283 0
1948 575 107 0
1948 625 626 0
1949 1941 612 0
1950 935 621 0
1952 1975 1283 0
1953 1731 1963 0
1953 1838 241 0
1954 1537 1994 0
1955 1075 1074 0
1955 1355 1964 0
1956 1692 821 0
1957 1146 1131 0
1958 457 1995 0
1959 1140 802 0
1960 246 1970 0
1960 1977 1193 0
1961 950 1996 0
1961 1996 1997 0
1962 1997 638 0
1964 1356 1067 0
1965 507 1966 0
1968 1450 899 0
1971 1359 1678 0
1972 1079 1365 0
1975 663 1507 0
1975 1952 1287 0
1977 1960 1599 0
1978 1429 1979 0
1980 1890 63 0
1983 1586 1137 0
1984 1802 1994 0
1985 1209 1210 0
1986 1718 1717 0
1988 8 280 0
1988 574 1998 0
1989 742 170 0
1990 566 901 0
1991 614 932 0
1992 1833 35 0
1993 1623 1465 0
1994 1794 1037 0
1996 1770 1799 0
1996 1799 1997 0
1997 1962 1961 0

End
