MeshVersionFormatted 1

Dimension
2

Vertices
1885
0.0 0.0 1
1.0 0.0 1
1.0 1.0 1
0.0 1.0 1
0.5 0.0 1
0.5 1.0 1
0.2523172491407691 0.4969005906212653 0
0.0 0.5 1
0.0 0.75 1
0.3825167072848438 0.7532471666299928 0
0.727321757396871 0.7279415596941057 0
0.6599625123222405 0.608243217604746 0
0.663718044594436 0.444358741257979 0
1.0 0.25 1
1.0 0.375 1
0.75 0.0 1
0.625 0.0 1
0.25 0.0 1
0.75 1.0 1
0.625 1.0 1
0.375 1.0 1
0.28219562550381405 0.8906684287878212 0
0.17919945393281242 0.6956918891860812 0
0.125 1.0 1
0.0 0.25 1
0.19206070517266322 0.2891001905767341 0
0.24545408240589345 0.37846296324376494 0
0.13671236709912968 0.4129944542297229 0
0.0 0.375 1
0.1341201244596258 0.5141553333245711 0
0.19985430549054203 0.5912534051805316 0
0.04186947763911284 0.6572747812245384 0
0.0 0.625 1
0.09313995982877436 0.2826450660877072 0
0.125 0.0 1
0.0 0.125 1
0.23765694980362798 0.16500699451661707 0
0.1510079547363517 0.10041521186517696 0
0.375 0.0 1
0.6049816890138248 0.15172774738918543 0
0.5855773713846302 0.04833937475174673 0
0.7936431009836491 0.19437084945685257 0
1.0 0.125 1
0.875 0.0 1
1.0 0.75 1
1.0 0.625 1
0.7828759091280385 0.6379598454969286 0
0.8513117579043078 0.8646634956337264 0
1.0 0.875 1
0.7068095962677827 0.8652126116414667 0
0.875 1.0 1
0.9247157079838991 0.9227175096882979 0
0.0 0.875 1
0.683455602328692 0.6583098455858012 0
0.7573090996160038 0.47145467992106793 0
1.0 0.4423208700692871 1
1.0 0.31192842403162446 1
0.7035029406735636 0.5619106340424558 0
0.6184562600357879 0.4304580682912398 0
0.5396850487557179 0.32812691344806477 0
0.5814097472403631 0.35170194442432967 0
0.5599807520099117 0.24715225042093483 0
0.6855158765806144 0.0 1
0.5643950507937766 0.0 1
0.6750805762098033 0.17515240120439965 0
0.6700267447467406 0.04540286183650224 0
0.46300232646816897 0.2232601315021405 0
0.29755786233463233 0.48979014128766984 0
0.37795452575998134 0.5203135855520502 0
0.5691102266702046 0.5586598596633535 0
0.6714196377352023 0.7208551254924079 0
0.5516429469494083 0.68443997062942 0
0.6467409969653306 0.646535155344142 0
0.5646282792023025 1.0 1
0.684412797547554 1.0 1
0.418228162117676 0.7610120308718543 0
0.3132939193901948 1.0 1
0.4388713895284889 1.0 1
0.4028939616285348 0.8363577795286466 0
0.35443344321405035 0.8425767070540571 0
0.3718502009773047 0.8788735443835594 0
0.3342261058859533 0.7583005339278962 0
0.23113680890516056 0.726947879063022 0
0.21443052510272242 0.6746303413054164 0
0.3524913828934863 0.6089932423560196 0
0.05868701427634265 1.0 1
0.18524168544733982 1.0 1
0.22755527599356504 0.28163134795462946 0
0.26582193289626144 0.4422287799839901 0
0.2173812237387154 0.33425504949267437 0
0.26593942815377425 0.353663365207009 0
0.05764996984139827 0.466535665128899 0
0.18971004384812282 0.39219982665125713 0
0.0 0.310436893746632 1
0.0 0.4398741020199109 1
0.1368028877516898 0.45074554409357687 0
0.05341730861954073 0.5358863420130368 0
0.18561951369341725 0.5040500482276583 0
0.18265166346285072 0.6484590013529368 0
0.2239296543867741 0.6277447556086826 0
0.1430605887094394 0.5471149085740465 0
0.2319905074781883 0.5375781510222186 0
0.0464409285346295 0.7014624255128029 0
0.11991450651526153 0.5740236334352781 0
0.12153571871111737 0.6491140117370379 0
0.0 0.5630908232041284 1
0.0 0.6859693911949387 1
0.14842110585508067 0.3024457163619071 0
0.1165885410402369 0.3480622476172419 0
0.1835695750898853 0.0 1
0.05722330755094774 0.0 1
0.03500390374738953 0.2075492571668411 0
0.1087673494636176 0.05373079546414383 0
0.15203538509737932 0.21412454208894324 0
0.0 0.05504654633283297 1
0.0 0.18855237566162852 1
0.3067350896435572 0.14847158076769087 0
0.24316964965859494 0.07573943306371578 0
0.44058563578667986 0.0 1
0.310539418694822 0.0 1
0.6305654799864153 0.13547414409513975 0
0.5418459950062777 0.19500502642427667 0
0.5120351344013778 0.1451125162120068 0
0.6006087633444095 0.0923492740147134 0
0.5555040224394094 0.09268453612835083 0
0.3506266656826002 0.5095882937567411 0
0.2897951143041903 0.5187412251736067 0
0.36584420454238226 0.5584797320622803 0
0.3041047967237807 0.5813295159501094 0
0.8770054451883442 0.5394334231659199 0
0.406656886686729 0.7212549479466421 0
0.39947625629550054 0.6338900698869432 0
1.0 0.18699688307028783 1
1.0 0.056331248302178866 1
0.9436687516978212 0.0 1
0.8124662806422563 0.0 1
0.06663246490437875 0.7489758691118028 0
0.14198725561500442 0.7432807392826256 0
0.9630569560168324 0.7356084117199242 0
1.0 0.6815551432394388 1
1.0 0.5606976226053236 1
0.8979278185338018 0.5849793343398171 0
0.7685064645549591 0.67420676597456 0
0.8497595724353856 0.669455139578758 0
0.7834170212093161 0.9628736689020033 0
0.798915992090677 0.808994013474178 0
0.8965590792341254 0.7357273477794678 0
0.8731862708049176 0.8294707065810094 0
1.0 0.9395727577404045 1
1.0 0.8116434115609106 1
0.967935321553405 0.8621819388765822 0
0.7690420770391965 0.8585429437953983 0
0.7144623817166299 0.8179311185439769 0
0.6026300917364383 0.9419839179859009 0
0.6042627123134029 0.8813840905086351 0
0.8034949648206748 1.0 1
0.9433925751802138 1.0 1
0.9685684067557195 0.8946157485601423 0
0.8772236614755242 0.8888262468669087 0
0.0 0.8143467820535831 1
0.0 0.9397331090245341 1
0.6825899100758792 0.6246681453330782 0
0.6954189453562405 0.6928660888335834 0
0.7441647100576166 0.6479972160870288 0
0.6352213517967218 0.5902928566108597 0
0.6301272436767109 0.4797372039618659 0
0.6903535567228449 0.4358538714677254 0
0.8081395957618444 0.43212061330020396 0
0.7386994198263779 0.42151472900066783 0
0.7217819992225457 0.44167876481747276 0
0.7023064895819525 0.4637818804563118 0
0.865321652883716 0.3538560167540121 0
0.9687777918086204 0.3518068704448658 0
0.9307729879421646 0.3586697137253099 0
0.955236539045796 0.3959405229978636 0
0.8627997607019171 0.40317745495740887 0
0.6840137051572495 0.5128960447763128 0
0.686063514202058 0.574343690863258 0
0.7447213450018427 0.4973994572499707 0
0.7230076899523252 0.5332048122668335 0
0.7662994648597949 0.5287470101942681 0
0.7972188278345989 0.5665617543449425 0
0.6008672518297052 0.41353307101127135 0
0.6365668827369552 0.448354930638404 0
0.5066282395685772 0.3315236912141356 0
0.556241082525179 0.35208869122132164 0
0.7512885146323688 0.23772163780347358 0
0.5719152064192465 0.3777869870541217 0
0.6090150184165596 0.3934860988941982 0
0.6164889027350379 0.3159348158324485 0
0.5675238182934352 0.3263545524263159 0
0.5313448558222681 0.2530154849447633 0
0.5599701631154634 0.2882723183562544 0
0.6159630306790571 0.27027350524743254 0
0.6898126698494115 0.15494685152868168 0
0.6328398115832272 0.16412632743893618 0
0.6668411711084142 0.2285006815851885 0
0.6297963513713816 0.06491448524048607 0
0.7024806269329941 0.10026672549092858 0
0.7199508219869976 0.036918342063749825 0
0.6974997395377922 0.0679543017213733 0
0.5274378892218531 0.4244219269570291 0
0.5538432178436264 0.4013451335564323 0
0.5091240142125928 0.275714948359636 0
0.42145730458634134 0.20883284250059037 0
0.3218038271627729 0.4911022138983071 0
0.2843384809333984 0.5005350870265752 0
0.38589542612522454 0.5438552068679129 0
0.30815346399558224 0.4106843039181418 0
0.43858774911769227 0.4290813278691171 0
0.3790727444474123 0.4624101832970302 0
0.5479990465579643 0.5445180212943231 0
0.5871252709830925 0.5925814990661958 0
0.5818794020758976 0.5745329135146289 0
0.6409026962569274 0.6042404049078562 0
0.5948998202182699 0.6119932240893091 0
0.6541109596720647 0.7148506768651249 0
0.6987118061607569 0.7275457716690034 0
0.6691445620787775 0.68542390242579 0
0.6125287491668595 0.7037742739830215 0
0.6283970966949313 0.6174549865428837 0
0.6403136706953875 0.6847318107439911 0
0.6603770059600345 0.6395270487803401 0
0.5532289846062033 0.9065947960446732 0
0.542951958324041 0.9560390997373002 0
0.6621572959202272 0.9529722721565191 0
0.400192866837905 0.7569838281576732 0
0.5193465732513071 0.7826325684424221 0
0.42310059814365275 0.9184897672088419 0
0.3916233052590658 0.7945281657440136 0
0.42276311625069624 0.880083068597835 0
0.41476767270483283 0.7992474925493179 0
0.2708836665720033 0.9224243445622891 0
0.24903971797338614 0.957580629553267 0
0.3111903123257253 0.8015027941791292 0
0.39307433936225034 0.8952126486601271 0
0.3932952508237484 0.8628123910604444 0
0.35133181990920953 0.8790824803591936 0
0.2933962573922479 0.8650371911262177 0
0.30972234103607754 0.7645944278085789 0
0.3373383162493304 0.7915562332374378 0
0.36541182463040867 0.7549939649580444 0
0.1852556985540064 0.7178778710495046 0
0.20194015749607655 0.7037975410777255 0
0.22650451050204723 0.6998310417306757 0
0.37417538178414844 0.6035203411553184 0
0.3256711913033623 0.6192452870666876 0
0.3599345377403375 0.7398751235842761 0
0.34690869856898876 0.7322503406876262 0
0.19886369881309277 0.9518532507343052 0
0.10510464623596585 0.9011981135632338 0
0.2502272966614547 0.8925705644931411 0
0.3287099263143695 0.25650410145898733 0
0.3565386411637102 0.260620157103797 0
0.21024943962287068 0.28629765944320607 0
0.2575103789476934 0.2840823146691617 0
0.23421091626964682 0.20238970242224227 0
0.2540361135786436 0.4079902151360299 0
0.253270952601325 0.4670582021562721 0
0.28064044403952265 0.46117293915170626 0
0.20270414876462695 0.3216231596772289 0
0.25018208943998527 0.3580142443124343 0
0.21990453727372505 0.31621304569220404 0
0.23684554038873776 0.3435386596948604 0
0.2840870216870342 0.322922969963877 0
0.262586533290949 0.3701485540620654 0
0.2960722939963788 0.3403372463707129 0
0.21136249185861067 0.39485477011883136 0
0.20309089428534335 0.37193224295003346 0
0.23206252301607358 0.4117734858413326 0
0.049392005182845165 0.2936120125257396 0
0.04743336469210916 0.40435028286203223 0
0.08498902918945599 0.37152126818857145 0
0.09987886480146319 0.4234200207062421 0
0.09768559247027514 0.5000625703038678 0
0.16062310357199877 0.48695352517312673 0
0.2040250944444703 0.5014483226598714 0
0.19734034983418972 0.6267378842500573 0
0.1765920107219577 0.6738747280400943 0
0.1985559884640751 0.6631383131193357 0
0.20830985299327004 0.6066169605524243 0
0.2601812769833349 0.6296106182605722 0
0.17009745579507804 0.525395797548227 0
0.24946132869035653 0.5260963096188777 0
0.19930422075462664 0.5206361396251715 0
0.20658880518471237 0.5719012047370963 0
0.22191831341469415 0.5742077261143945 0
0.10126648627773105 0.5446893436347943 0
0.11862324204112942 0.6130254728597041 0
0.08709199409614125 0.6765580693758184 0
0.08566117922256727 0.5854342649734137 0
0.1721294747715937 0.294672315367331 0
0.11905908404264251 0.3122536238674543 0
0.12470763860196171 0.38502457714596033 0
0.1651755691031166 0.0452403524469644 0
0.06863873102832417 0.24012073572377798 0
0.09393634963231179 0.1017581731810228 0
0.17020904081243277 0.2536370449339829 0
0.14306556034583776 0.2448026627051891 0
0.04507684896785735 0.16848257644846704 0
0.0661933638739573 0.13124110593863586 0
0.316744092755476 0.20656772477004304 0
0.279985765809177 0.1599716715640269 0
0.23149536852394045 0.10646287867220824 0
0.2724946280640061 0.09868899907229654 0
0.21944600110306936 0.04332849652800179 0
0.20144043677862078 0.08326742237626857 0
0.22846433365470104 0.1368728506356704 0
0.5304435549322444 0.0486305238942074 0
0.5212110332351869 0.22446974216511395 0
0.41730067617566047 0.19031435547684147 0
0.441551174147492 0.19673030676006173 0
0.2569585460218795 0.14684083043574406 0
0.38699729895652474 0.1695334682168501 0
0.6602670469827452 0.14950119284184166 0
0.679265246332871 0.12440399446440778 0
0.5489798432540892 0.22852610970850595 0
0.5658551676110044 0.2099503402457258 0
0.5701618219185705 0.15688442554131501 0
0.47804684660721936 0.13425986244480498 0
0.49004965786584914 0.16611263540287255 0
0.5442754269606962 0.13716932175656488 0
0.581799586614391 0.12647817498583094 0
0.6098323863803029 0.12128692766943285 0
0.3391523341782272 0.5330306280496825 0
0.26985800542951366 0.5187509182405821 0
0.24807764581164418 0.543595180784572 0
0.3463241598002176 0.5678963162318197 0
0.3274358361999822 0.584954681849676 0
0.3163328799442922 0.5621718761428164 0
0.7385763710059147 0.0811429183925572 0
0.9464431462894113 0.24043558236111157 0
0.9072561063579011 0.24213056351499335 0
0.7116369778772219 0.16197615470377222 0
0.8514674818017448 0.20105037496972603 0
0.8483018503540689 0.22994906838959528 0
0.8173168969685559 0.25972136200876556 0
0.8347335060482568 0.5407140358680884 0
0.38317752371287006 0.7179526939568867 0
0.39477594767018254 0.7382091652748675 0
0.41477673178831315 0.7421682821220086 0
0.39422403053806826 0.6114361950661804 0
0.38249050707386983 0.621372386027255 0
0.42415168294175004 0.6360114141784208 0
0.1085162772547483 0.7444319382923971 0
0.16512025911212186 0.7311945477438895 0
0.14835330909564354 0.8675782021903823 0
0.9283010766694286 0.7541577523564111 0
0.7823605558835116 0.7204143227521006 0
0.8534770543418227 0.6996199773991542 0
1.0 0.7139914003851571 1
0.9521159484667389 0.5953798896030846 0
0.7741746696077273 0.6575365518146346 0
0.7491600590854912 0.6969965752742371 0
0.851071186440376 0.5763874199078389 0
0.8266965405261042 0.6071775550603682 0
0.8807505783988315 0.6837881917752041 0
0.8788565308171602 0.6495715227318959 0
0.8229917495106449 0.6611552966530431 0
0.8045441342168077 0.900069238141716 0
0.7688206446292999 0.7705629680133139 0
0.836639007740631 0.8415192458372156 0
0.8033119002086433 0.7504829395112583 0
0.9618090984773776 0.7750375309305025 0
0.8986239184530688 0.7647244810867643 0
0.8625422418965859 0.8480308300640813 0
1.0 0.9078396575914398 1
1.0 0.8431016382559082 1
1.0 0.7806133785234611 1
0.9449295601090598 0.8372679887887978 0
0.7309041869919649 0.8579841370008084 0
0.7881530070884848 0.9241493370482111 0
0.7707749672095342 0.8417060849443952 0
0.556947751161923 0.8500833962144755 0
0.6343053442694483 0.7118098705665805 0
0.5940886819398102 0.7214124247826419 0
0.6846675879564934 0.8535635320134684 0
0.686243101694111 0.8251882826951211 0
0.6866023967233603 0.8811850900883438 0
0.6636225926435771 0.8684090553599596 0
0.650711530765414 0.9013235872564949 0
0.8362869105967804 1.0 1
0.9109639833933949 1.0 1
0.9489111616314612 0.9031634337121868 0
0.8610290040472636 0.8759921845145651 0
0.14658451655169247 0.9077779100506996 0
0.06065383066386174 0.8475942599265835 0
0.41366845772834876 0.5549888644805733 0
0.42590346215181285 0.5833947045462663 0
0.5236196513546072 0.5833213972079264 0
0.4758594662054776 0.5849105223568931 0
0.6735307636969559 0.6345086706798589 0
0.6476799038263801 0.6282699569282034 0
0.6931446250974275 0.6680844888497754 0
0.7176520942738313 0.7142867221380229 0
0.7105128753508343 0.6048700319610459 0
0.761419952482701 0.6426435339267896 0
0.7123892100454672 0.6528364426024298 0
0.7564929435476947 0.6606566233892147 0
0.5903716706107076 0.5570837221506126 0
0.5738791577083657 0.5380280876869914 0
0.6065364257151222 0.5954138319998006 0
0.6217758119578678 0.5815997074539121 0
0.5552463000214377 0.5150093206062211 0
0.6184407112142113 0.5541730155336526 0
0.6129093302360157 0.5012795449212648 0
0.6126211558109851 0.5223450838709175 0
0.7786136996327616 0.45338728353949437 0
0.8163858234463142 0.47166541398248185 0
0.6806602420864238 0.5476498349909026 0
0.650935218343013 0.5899073180168962 0
0.6712847144469957 0.5897142453214651 0
0.5994547332820995 0.480037501328758 0
0.6093168149927706 0.4566105810111706 0
0.5892812521049717 0.5097325565568929 0
0.49533280024838683 0.3009000442193245 0
0.47879115207915507 0.3207168619875478 0
0.7252065118588277 0.26844609738347974 0
0.7836437132618308 0.22875938573340854 0
0.7613320541512731 0.20727707494370243 0
0.7069366628556206 0.21194957530982592 0
0.5834341925969014 0.3951056412342232 0
0.5935939539064724 0.37310703908923626 0
0.6431642263704984 0.42472123176756693 0
0.6370939958868245 0.3063545090883008 0
0.591347117489647 0.3311384160324633 0
0.6283767810154307 0.2986323383409855 0
0.5851730143473511 0.31387569461809073 0
0.5479362192567302 0.2747688922874323 0
0.553906103158425 0.30761372447365604 0
0.6055071762302864 0.2932881938372048 0
0.5886875475491203 0.2650777456950918 0
0.62686814535112 0.27576896094301695 0
0.6529609482172777 0.17771462036635233 0
0.6467998891764303 0.19573736708556624 0
0.6429971536992826 0.24858190258062596 0
0.6770586851624492 0.20802178273282926 0
0.6595560360193992 0.2541800913221123 0
0.6645127759588677 0.08798416013054784 0
0.7068977487394559 0.13441754796015354 0
0.4788942771154258 0.5461507911174277 0
0.5298149768853774 0.5248121628572874 0
0.5288462284781528 0.4969393400753434 0
0.5288996029859351 0.4587251302151783 0
0.5456609012926377 0.37477013163202394 0
0.48263419541448793 0.34278237912159126 0
0.4720893567925587 0.41759814483810304 0
0.4729560353556992 0.36306016947344755 0
0.4324702793897533 0.3788409315530488 0
0.501786372672625 0.24972222786131443 0
0.48998846049509476 0.2231387202194411 0
0.43459194924878 0.22400584718013844 0
0.3989295281694928 0.20786667882627724 0
0.46087779485098473 0.2722688223506852 0
0.44913313062754 0.24697912548031078 0
0.4265189274154994 0.2434569709788116 0
0.3260503697272124 0.5186733434282984 0
0.3057978238771349 0.5295742538020204 0
0.36081316109849726 0.5375656674830076 0
0.44083010933622163 0.5321811084037974 0
0.4060408321777139 0.5271332805100437 0
0.35548686892370895 0.428926331545858 0
0.28854042972442 0.3761427546755461 0
0.2714935088498272 0.4212304559378113 0
0.35257356950193225 0.4778383546302909 0
0.41651951940082627 0.4158520189901151 0
0.3745249911050819 0.42998161156254255 0
0.46034844545239845 0.4629998401021899 0
0.378888612143128 0.49151617720801893 0
0.5594795312088079 0.6198444617687648 0
0.6865325329928892 0.7242053383238257 0
0.6948948162871649 0.7043421894832508 0
0.6596851296689227 0.698247232560914 0
0.6794771472804128 0.6733302954906666 0
0.6840358311770137 0.6873705342441914 0
0.55072439480904 0.6578889159453254 0
0.6318330372119576 0.6330918414767278 0
0.5893858231085142 0.6457496303345044 0
0.6308478700324397 0.691142732315917 0
0.653568869103368 0.6824753797573848 0
0.6477403532971017 0.6966943075545294 0
0.6715758046464346 0.6465928412681403 0
0.46105955094389994 0.8942636281751497 0
0.6954849312315378 0.9188911527551789 0
0.7473297120081861 0.9559066039079283 0
0.531080803826536 0.7147562755358869 0
0.5127026937754315 0.8763186688688679 0
0.4102285780778429 0.9564815878112273 0
0.40666244341403196 0.7764867860333965 0
0.3970026186511777 0.8170966850245093 0
0.38497509560215754 0.7715625951875763 0
0.4289725008643711 0.7784816016821258 0
0.3387006934011856 0.9655781124936831 0
0.3391831703641199 0.8104479020159406 0
0.2904628821937855 0.8369399390318166 0
0.33293199296166054 0.8323717320073886 0
0.3160034881340244 0.8495890842269288 0
0.3554443743291216 0.8218730713504211 0
0.32420544002841256 0.8731660108221687 0
0.36704277172256145 0.947871969895963 0
0.39175533204964746 0.9251360310219331 0
0.3020460491792447 0.8164617730908071 0
0.3197612272034158 0.760371194641148 0
0.30615870242900334 0.7860817236562027 0
0.3266886338517951 0.8036555898637865 0
0.3284717887239865 0.7779342700635085 0
0.2617635873976122 0.769663048247244 0
0.24388707468949264 0.7413835790439977 0
0.25767414243472386 0.7538004761038292 0
0.24220548343661744 0.6754960323118165 0
0.21338523984848215 0.6926405957755105 0
0.21802190148851872 0.7156617774641972 0
0.3363790583542641 0.7038594109928814 0
0.3484690964372181 0.7476776360822388 0
0.3341233629169587 0.7417885142890092 0
0.33254713481910403 0.7303302754067165 0
0.31041152242583164 0.7421789865806868 0
0.3357150832712883 0.7192730690602805 0
0.22948993845580615 0.6844878633801549 0
0.2453996773704486 0.7027704427559782 0
0.1475691527734257 0.9546360328560242 0
0.08039545265364718 0.9467050727523363 0
0.2634897377129408 0.8619834219826001 0
0.2335749175482346 0.9172482891682721 0
0.3204014240137434 0.38157876557791515 0
0.3386757424419166 0.24388581591638123 0
0.31431424444534445 0.26649494309931143 0
0.35663627465757336 0.23229226236393868 0
0.34309632786399547 0.25798982209887666 0
0.21686630706722754 0.2394965549851469 0
0.24103104228275887 0.18338218448986515 0
0.20494777627124278 0.3035767211697247 0
0.22359345108892045 0.29858709155407614 0
0.2346403392155911 0.32536794587477 0
0.2551581323532568 0.3420983007441243 0
0.2703852391023746 0.3001817202634284 0
0.26956543993801707 0.33875679313216916 0
0.3179044901778997 0.32839112773197726 0
0.28348861789380236 0.3331833572899335 0
0.282818914884878 0.3491301702785075 0
0.2315912934986185 0.3905247787122492 0
0.22367635723988838 0.3748338016569196 0
0.21913420397231156 0.35522475335232817 0
0.1966286962593132 0.34465987794719033 0
0.24948814054316779 0.4273320360020564 0
0.044030845832015546 0.3464831110985607 0
0.08510831459069718 0.32452641375014196 0
0.16751514875618326 0.4221413728888595 0
0.17924935800296687 0.452781459128316 0
0.22424939796241933 0.5135103086295139 0
0.22442453551689368 0.48251843207959083 0
0.21994215800047887 0.642851588039316 0
0.23772866615537952 0.6256767735540871 0
0.18525724761295942 0.6039461057995649 0
0.19464741062539068 0.5501852130191099 0
0.2158795025046195 0.5884172705946612 0
0.24219002273463125 0.5958783702454725 0
0.22039830688394724 0.5555768676691245 0
0.1506738461111733 0.5750511531375111 0
0.15337581002316994 0.6850208366982804 0
0.1443918115388987 0.6247319141707447 0
0.12036169034948573 0.7190444637468147 0
0.12347305127601507 0.7009022988780169 0
0.09205121483692671 0.7165962731711205 0
0.18703377009962602 0.30810521621529935 0
0.15021928077804958 0.35990462834616116 0
0.08935638155889702 0.17047641720864753 0
0.2202338769027826 0.18312735806541816 0
0.1406149799567397 0.1914392553213337 0
0.20362285599997132 0.15976001612405166 0
0.19447328444444667 0.12361427947145169 0
0.18032167302270263 0.2736507525334615 0
0.16642216380695557 0.23352915634800156 0
0.15586421950954785 0.27642704389531797 0
0.11513689529040602 0.1399196644010887 0
0.12913885256405483 0.27620457403857973 0
0.10681035828250497 0.2533652908481106 0
0.054703837332518025 0.07639511759810147 0
0.3337075903590151 0.21443495619509217 0
0.25485885577683964 0.1256605200618241 0
0.5071157989973086 0.19444948535455636 0
0.4595153014342869 0.16812896824371112 0
0.40505284018420756 0.16990811531259079 0
0.4274832549885282 0.167581400591263 0
0.4410225362479752 0.13727498607893399 0
0.3791519263246364 0.1252191390584381 0
0.40551514238240516 0.15043411745316915 0
0.2798930399526864 0.1353283856392387 0
0.33680248900577364 0.04146603734662715 0
0.3101474742745112 0.11790603970721036 0
0.3242100798508669 0.16418185603980026 0
0.3490114904641516 0.15795297526108454 0
0.3562535115810103 0.1354750765572048 0
0.5718370095572725 0.2304246412640042 0
0.5673497060456476 0.18486786637927502 0
0.5251334220387298 0.16836665090537176 0
0.5074249021620157 0.10264227718853436 0
0.3116205897527552 0.5477454135481064 0
0.23966688860422927 0.5544847058716595 0
0.26472064260713557 0.540549191578871 0
0.2997371210300009 0.5921768759699482 0
0.33724828041799204 0.5968244990809427 0
0.3432566892467154 0.5832011993474912 0
0.3073900611009904 0.5686812780052091 0
0.7578029603537654 0.050322775549933266 0
0.9251029845856892 0.2650459609674307 0
0.87313675587577 0.25064931832259313 0
0.8810006722457804 0.21870984168569824 0
0.9210665813160436 0.19371486517828224 0
0.8607591378426438 0.3087239431183168 0
0.8414324366898307 0.29028141531039264 0
0.889063551483211 0.15301798994883747 0
0.8414274943801878 0.26060299866071274 0
0.697433222686099 0.1753068254300605 0
0.7761223161520391 0.1782695262594975 0
0.8005727243731023 0.1702702594291435 0
0.8281167414859824 0.21435616600565535 0
0.8208100177796346 0.27804433745416396 0
0.8231775769232101 0.2369538107525636 0
0.8051594908578713 0.5158442910835771 0
0.900715582189013 0.4918055812679144 0
0.8300486172660181 0.4054103232729798 0
0.9348627650348232 0.44344476971692287 0
0.36323291086722304 0.7250215544145597 0
0.3744261490240028 0.7365322356895254 0
0.42072392922818236 0.704521563443773 0
0.4301154921336821 0.7225370427772642 0
0.43924353613395045 0.7504806716845233 0
0.36139968733798 0.6244872756477107 0
0.497036026103035 0.6660376959889751 0
0.5424740335283094 0.6347629217124245 0
0.5105848878858815 0.6330439286493802 0
0.44094833465388894 0.6659862390889879 0
0.8985999643775571 0.1025807781612958 0
0.16438449299883306 0.706783954033325 0
0.16798538075858133 0.7595391353286903 0
0.9133176188730879 0.665946378738633 0
0.9304692289891242 0.7221372067417816 0
0.9216907560095337 0.7888801806039353 0
0.758305638878162 0.7229453342001855 0
0.87660891127764 0.712854175115265 0
0.9583880392560452 0.6967045002551008 0
0.9319046005158764 0.5441881146156967 0
0.7269756810486693 0.6962523740692993 0
0.7598968179198168 0.6880767126559054 0
0.7411022406749483 0.7142245145978985 0
0.8124143628579037 0.6364299004672943 0
0.7979053910488907 0.6582617656681078 0
0.8215548954337085 0.8800766800860178 0
0.7836587542438914 0.7876278456073496 0
0.7527704656283102 0.7561741874907412 0
0.8236546635022399 0.8333301608839032 0
0.8500949839671195 0.8520926491254674 0
0.7997099500471687 0.7364355595847561 0
0.7914924210306662 0.7668040696294812 0
0.810655397166703 0.7277933427627504 0
0.8043954024840777 0.7861418127177527 0
0.8520398129111618 0.7415815434899764 0
0.8950122578185841 0.8114622143307956 0
0.8228821927912391 0.8195913516416244 0
0.8371900621234254 0.8254098135680242 0
0.8513378619057711 0.8356762952020449 0
0.8535507467532761 0.8157586821027473 0
0.9627405658177736 0.9267999749486412 0
0.9680724046765159 0.9657101638379786 0
0.9744665500237427 0.8228694556077776 0
0.9767655442770343 0.8000050735327104 0
0.949410001161491 0.8082186975787101 0
0.9205582354321413 0.8237707342146964 0
0.7086095543962373 0.8410769831463003 0
0.7799112119849532 0.8733751488496546 0
0.7878503703931106 0.8330452556898681 0
0.7414240081431729 0.78341304010559 0
0.7176030771754004 0.7679229819931854 0
0.6436001628232416 0.7961261428741375 0
0.548365037446838 0.8018922212086185 0
0.5878760909031423 0.6924309518477181 0
0.6413650534962617 0.7304046158148249 0
0.6593079111024502 0.7335929036036246 0
0.677594351791661 0.735836644079012 0
0.649298481279488 0.7469766817944905 0
0.6381559440636801 0.8259117894260776 0
0.6637908730749505 0.8436709249874962 0
0.606147521993536 0.8401786300185797 0
0.8134215273199096 0.9752149010294832 0
0.9306850723736644 0.9624050637315789 0
0.8645107387443643 0.8613647217928712 0
0.8926633659159173 0.9348183270627846 0
0.8806981958279543 0.8499928809289834 0
0.8791887400345285 0.8699826943968901 0
0.05044356504604422 0.7922585624714812 0
0.10905229538119268 0.8489773595784659 0
0.5034674826184915 0.5170829623016295 0
0.43555065567477064 0.6111798993967067 0
0.5526122244753191 0.5668888580756349 0
0.5167058057554471 0.5448026078182134 0
0.6499959648610261 0.6175494606741235 0
0.6936558640553281 0.6796168268637602 0
0.7162858967917177 0.7029480973737525 0
0.72912414104216 0.6164808723548548 0
0.7506015847488576 0.562787279846376 0
0.7093185075954771 0.5840996576641392 0
0.6941864816527946 0.6142524279082566 0
0.697493631614847 0.6533640854218626 0
0.7047775530972298 0.6624884400177509 0
0.6236018419138372 0.5999429832377975 0
0.7700452190113855 0.4153446134440138 0
0.7130085808605144 0.4160818423979797 0
0.7443454417781614 0.3878430021363683 0
0.777742340301193 0.4906119134288807 0
0.7945099964517183 0.3455294523742569 0
0.8932506133388285 0.3568734491670476 0
0.9510204551424216 0.32150152889022976 0
0.8841255259170692 0.4428105023551137 0
0.9037502146725271 0.39561710187741317 0
0.7767565932796485 0.38730578639220287 0
0.5623495252731763 0.43999468615618204 0
0.5626218930842269 0.4801806419257566 0
0.6897019864194773 0.4076569727337777 0
0.5251364766041295 0.30115924722662113 0
0.6850812888734021 0.24406135578229834 0
0.7371667971283529 0.2449786631821691 0
0.8030418399552363 0.21678002137931743 0
0.7672376804513328 0.23634167311738963 0
0.7982399779505945 0.24589137310349024 0
0.7573070746366007 0.22333583108991212 0
0.7811717550140014 0.21029768291880968 0
0.6851866420088687 0.19237644498657977 0
0.7250220058917705 0.21873845358422728 0
0.7130573964181088 0.18021055506835956 0
0.6554462085970577 0.29206754520877687 0
0.5798212914654369 0.4197970719018748 0
0.606059344951974 0.35035202737678994 0
0.6671704365161202 0.418152402439815 0
0.6696200273676717 0.3203860908541155 0
0.6291763786349757 0.3884713599064535 0
0.627511204596422 0.31255676430944346 0
0.64918998567116 0.30059994154184616 0
0.6202014523397071 0.30569280642428104 0
0.6013611377449111 0.3152201704654443 0
0.5718500985414732 0.3051045907695639 0
0.5955983160820455 0.3017920904676444 0
0.6087078188944433 0.30419580551443853 0
0.6161094432606428 0.29515295858110585 0
0.6122880049465699 0.28267842705266094 0
0.6236619479675756 0.287891291605375 0
0.6389968210325082 0.2780367623612038 0
0.6653794727524347 0.19125029952516848 0
0.6602288677328477 0.20877246535175759 0
0.6533145431167426 0.24562076338579636 0
0.646346421602145 0.2131497402362126 0
0.6116079258828763 0.25836503637280606 0
0.636291821601116 0.2669323394056269 0
0.6647487706032249 0.24214402597988427 0
0.6497133610600558 0.25402585937858013 0
0.6574667316067687 0.2723958140300396 0
0.6340369455387088 0.10414656683585202 0
0.49987627011022867 0.4809137689748291 0
0.4988414226380934 0.44470785523218537 0
0.5196569703000107 0.38796505899484035 0
0.4246674733499093 0.35625610721459167 0
0.41098053603947465 0.3733287461480176 0
0.44787547868451555 0.36269871664490616 0
0.4549230611843124 0.3886128558215692 0
0.48642936966289435 0.3885912463660317 0
0.375435419322343 0.1837202230858946 0
0.46898694116866024 0.3005260182742589 0
0.45570050620619806 0.31625335973768715 0
0.4434692135831731 0.32929544628746377 0
0.44797038283901935 0.2979396124666785 0
0.43530498352994274 0.2808649690870545 0
0.38581310427010823 0.28676320547213485 0
0.41268395456747414 0.22591189466861492 0
0.43597574630172214 0.26368949273825054 0
0.4142928083634573 0.39622275043565575 0
0.37543333115246064 0.3956932153760937 0
0.3398123223918381 0.4381853324095872 0
0.32422382795610677 0.4062436468859266 0
0.2779389535312035 0.3645650433479888 0
0.2625850478026004 0.38887847368323614 0
0.2753040194109356 0.40143079476263094 0
0.29461749538043125 0.39411814226472414 0
0.2896212429253032 0.3610722919261741 0
0.29149025904519027 0.41637081369290374 0
0.4336009816921981 0.40439578045068925 0
0.43601086394907645 0.4875992879850768 0
0.4003246045958276 0.5034220661465242 0
0.7163900659971727 0.7267051010306275 0
0.706427221841336 0.7211765065777402 0
0.7051131563631545 0.6975029479732908 0
0.7054950362288049 0.7094938905314511 0
0.6682524472226812 0.6607619322185664 0
0.6857908676926409 0.6974641015460902 0
0.6730328376442831 0.6980401529628826 0
0.5668077007869824 0.6401162657293323 0
0.613634057984593 0.6130506726533205 0
0.5735827491030722 0.6664303149370886 0
0.5985936183604501 0.666502985291894 0
0.6185308332995771 0.6417114066813815 0
0.6533287665571211 0.6645937648884771 0
0.505022449699684 0.9312885368828036 0
0.7231634256563839 0.889026163214525 0
0.7609047574271514 0.9368230834296133 0
0.7127355097977762 0.9596554337550068 0
0.3539814085907315 0.7840451049828928 0
0.4435355291727112 0.8568834121208062 0
0.4682300453466696 0.7561296076182326 0
0.2987605644460673 0.9533956856544549 0
0.29251321294711885 0.7989787489630701 0
0.3219349672851729 0.8157181730806328 0
0.376670880851302 0.8356421886678033 0
0.34217374084090413 0.8547927501172919 0
0.27684118446820155 0.7940336390290796 0
0.2865869667549485 0.7657648457387166 0
0.31018767123803265 0.7782281032375047 0
0.3486781754900121 0.7663560524245796 0
0.2682215434779507 0.7798016286916168 0
0.24631520592853007 0.7535890436736968 0
0.2512105307999832 0.765669476871862 0
0.19850144259895458 0.6846571754240061 0
0.31444709039513796 0.7004095035085594 0
0.31568703163006673 0.7224652048374186 0
0.30798452697194817 0.7535075180552692 0
0.3213258721680543 0.7340494528158181 0
0.28608813947153505 0.7062626270177114 0
0.30867280445433626 0.7110916060429908 0
0.32250686349240526 0.7104888017978661 0
0.2510591114759789 0.7435260530777131 0
0.31043152151029224 0.6871704569320862 0
0.2960949374341866 0.7096285421244629 0
0.2785478299893354 0.6735672628966031 0
0.2570477405815942 0.6670057463661722 0
0.2663306670851809 0.6781947736277437 0
0.25172196340284175 0.7255965734207453 0
0.23521812801076997 0.7122944083386926 0
0.2551087699180575 0.6825457170447986 0
0.2311330604637959 0.8597094772871039 0
0.31308593982042615 0.2995240436991794 0
0.3060552133724335 0.37904145901848924 0
0.33839099107602416 0.3655348602552574 0
0.3139716040528659 0.3933469505418912 0
0.32858537129819215 0.3918712791374771 0
0.31642357461849824 0.2506656587280237 0
0.3324885239697057 0.2729217471552415 0
0.3464871071676425 0.27298846516419056 0
0.20496192912270728 0.24675281877818378 0
0.2276231041206297 0.22354807413872982 0
0.22050028618461798 0.2550389825078062 0
0.23841479313201117 0.2580730357722265 0
0.2577824063103617 0.19595080673233664 0
0.3037800609594801 0.44804215487328847 0
0.24254824751161547 0.29398350422524705 0
0.29241372357408285 0.3173817424967197 0
0.2892008386673543 0.28566448338637784 0
0.27904571261012273 0.31186805447076515 0
0.2918885977321245 0.30493662321933585 0
0.2704027416923398 0.2884503822269285 0
0.24790249020517643 0.32063827805412065 0
0.31010796293669296 0.3374084226151397 0
0.2461876243612201 0.4448767983491608 0
0.20262275037796287 0.42251779729656636 0
0.235300143885896 0.6373900967618168 0
0.2038601890625009 0.6458626405341954 0
0.21583805779032483 0.6584279458235348 0
0.24456195512368462 0.6613665017248663 0
0.25481384250286754 0.6544265309855667 0
0.21549440846147658 0.5351523219712359 0
0.23909336587791102 0.6116408138849933 0
0.22626132399643298 0.6010041951706423 0
0.23073557515316512 0.5851722072217217 0
0.26667116421365533 0.5948677267445815 0
0.1398903041488586 0.6001048301110676 0
0.1693883263785822 0.6261898669141017 0
0.1475241960626952 0.714297817686948 0
0.18440201283565788 0.3276439954176404 0
0.15666472651716076 0.3906294202389871 0
0.14650314479644586 0.33085558099431184 0
0.16970135133167036 0.3405362248741877 0
0.07014123849384851 0.20184038878525545 0
0.1914616280435463 0.1861335781024565 0
0.11173181459421445 0.2102361547351495 0
0.3296935375326998 0.2293825780563481 0
0.3509456986035042 0.23021514304733937 0
0.35236093012118697 0.1976499393977319 0
0.34794270207979805 0.10654668544338441 0
0.27918087571701883 0.047085619394276815 0
0.317581564531951 0.08238834788478802 0
0.37254266109100165 0.1538906587357003 0
0.4766702556299902 0.053826402020961325 0
0.3875714518401018 0.04494466933405253 0
0.5800585081723912 0.24938369068256908 0
0.5924463502872248 0.18078563071418746 0
0.25364081453330495 0.5522489794854459 0
0.28183220635471934 0.6189751647757594 0
0.3015712422388574 0.6300873068862096 0
0.30578029051395145 0.6067162700996448 0
0.31163668908956355 0.6175993720243522 0
0.3286004116403995 0.6071379994677315 0
0.3138805563230167 0.5929517007354748 0
0.3249904261618644 0.5987446871741178 0
0.3300342534827876 0.5729423126703587 0
0.3165668633404699 0.5769910228182271 0
0.2849345645633149 0.5354891267305699 0
0.3050755186226869 0.557620310131676 0
0.8512171804710756 0.1284316949895577 0
0.7303304901768004 0.11354735124796302 0
0.9397848636165497 0.1329567334499526 0
0.7769937307248476 0.24756519116323483 0
0.7479397244405808 0.2695341587292452 0
0.7924261336716151 0.31146576623417366 0
0.8228198679324407 0.29856046808236736 0
0.8389222782222159 0.347033453780692 0
0.8223965604894242 0.1884014687857865 0
0.8021634110034563 0.29337011068431473 0
0.8590810779388836 0.46883557327662573 0
0.34937860112874625 0.7136358300446874 0
0.41822202176633094 0.6841278943873227 0
0.5350187503626957 0.6076229935422646 0
0.43920678207988756 0.6983788427511766 0
0.501342622179258 0.7490962412151836 0
0.49716232002306715 0.7044744688482893 0
0.9515392354609064 0.08263149261813918 0
0.20317714534846693 0.7262603778737903 0
0.1762404623763302 0.8906363489571588 0
0.7745070117262972 0.729737410362289 0
0.7548666157423071 0.706676118124042 0
0.7468686367899906 0.7227338171028621 0
0.8288595615346169 0.6864248519079633 0
0.7756013558575726 0.6918602866987751 0
0.7634646733592975 0.7017816502679058 0
0.7760479420380516 0.7079610183324884 0
0.9513163072485397 0.6515464300617761 0
0.7415795523716051 0.6644823253278415 0
0.7374052642157369 0.6906663253772691 0
0.7162187663574608 0.6910841676644283 0
0.7468105422498204 0.7072455830024352 0
0.8687859604090368 0.6158746941879921 0
0.7859104447534463 0.6761830555973942 0
0.8103245333888422 0.9482070537718016 0
0.8351958007836294 0.9347547050256262 0
0.8518439402764332 0.9209601874872121 0
0.84206000269538 0.8810351692457126 0
0.7900043532013893 0.7986751963654177 0
0.7788230412544647 0.7770478562818579 0
0.7561651905191471 0.7690624323085336 0
0.7592747685174407 0.7326902457322436 0
0.7406140101861567 0.7406349548652941 0
0.8045509613092952 0.7160636859940492 0
0.7967994955390914 0.725442067894886 0
0.7923643891087281 0.7553487320225628 0
0.8013428981851922 0.7646427399960115 0
0.7936822515528751 0.7875714522528929 0
0.8048976891364839 0.7988074216634707 0
0.8205521610168642 0.8037871830076652 0
0.8693933288546399 0.7322490400022058 0
0.8290312596951341 0.7287657746678017 0
0.8325716038367691 0.7524495767711594 0
0.8736035015779303 0.7518970198677931 0
0.8101413014755463 0.8128138336995538 0
0.8688403536459801 0.8022804278207909 0
0.8970511370455104 0.8364515708592324 0
0.9392362123068317 0.8661007220107818 0
0.8967320114915119 0.8798282656755027 0
0.9269253655699788 0.8900057894667005 0
0.7802395358135997 0.8929557464782322 0
0.7555109688719547 0.875446243695882 0
0.7575911554744666 0.8298442038629905 0
0.7643789335304776 0.8121239804445662 0
0.7353990141810005 0.8320430056428106 0
0.7534000774418133 0.8483625500309252 0
0.8334914352606653 0.8606006622241452 0
0.8114517013041868 0.8605098886726785 0
0.7290558196089768 0.7845335119838016 0
0.7568259499728451 0.782760705980402 0
0.7463955198684857 0.7719073334487451 0
0.7287666038894338 0.7664493214493171 0
0.7176454512904523 0.7801407593054923 0
0.7254962469103113 0.7488871486234362 0
0.7163611910690346 0.748301184513095 0
0.6957029727560016 0.8010307015034308 0
0.5795317353720235 0.8149692674775817 0
0.6338277187078362 0.7486466171464762 0
0.6124801741445525 0.806616756432922 0
0.6916179845620968 0.736266781309278 0
0.6765712980007814 0.7667063770642601 0
0.8344133764045587 0.9630172286114254 0
0.09374919880234683 0.781395495072091 0
0.5589206081716616 0.5989983304910105 0
0.5042402820418593 0.5716550700095205 0
0.44749219766058473 0.5653301701428647 0
0.6654016571334558 0.6231111208219646 0
0.725175777424901 0.7212647454551266 0
0.7297039399368912 0.713643996708252 0
0.7257098400576512 0.638454779321441 0
0.7448275157623183 0.631485658410456 0
0.7481183155368555 0.6114342039905842 0
0.7638776154151782 0.5938315709400593 0
0.7325498776165184 0.5912622585036255 0
0.6968992924353071 0.628577723564809 0
0.6780543041230666 0.6095402096553226 0
0.6921813075469825 0.59537455634936 0
0.7285805174781657 0.6571113113360026 0
0.7052240018322066 0.6743713851003799 0
0.6015739738517052 0.5768646715810637 0
0.5981325278913118 0.5368575484187438 0
0.6385575388690707 0.5729830570365866 0
0.6572319900781108 0.49426251047574654 0
0.7309210687070687 0.4025140050456924 0
0.7601135404747456 0.3947471845018922 0
0.7481992846549751 0.40306881338901906 0
0.7404337852186852 0.3682494257774339 0
0.7264473162719091 0.38150917632196113 0
0.709664333145848 0.3300909225226697 0
0.7768514981193462 0.3610420169585029 0
0.7722963107804518 0.34294111110079784 0
0.80009685241521 0.40003773516824526 0
0.8429583821397635 0.3747341492717983 0
0.8178244783747655 0.3595896566496763 0
0.8812065862967599 0.33014628637965826 0
0.8880520434233582 0.3014144740568172 0
0.9578311043850934 0.27989742296576914 0
0.5936529272509894 0.43470053749563903 0
0.7102233017070777 0.3929674682606578 0
0.7011440122947428 0.22912481697441972 0
0.7076112036363951 0.25182540317628316 0
0.6751856238092896 0.2373257881460535 0
0.7301299643102074 0.2577752694693431 0
0.7202281998140565 0.2778955347803088 0
0.7718095358270726 0.19553173798575324 0
0.7249888749363137 0.23370380163083768 0
0.7404358681421772 0.2280613500995712 0
0.7435069880296655 0.2100576617124966 0
0.6099629899338731 0.3301040089888852 0
0.6554416475149494 0.3137251537538886 0
0.6754498676873708 0.3058492745933339 0
0.6877300681837696 0.3039085152503082 0
0.6246809531845464 0.4069931318511946 0
0.6480538868417743 0.402224501052909 0
0.6143527010514379 0.37322779927792604 0
0.6020417515831373 0.2695318369234338 0
0.6462066206931631 0.2875628569002965 0
0.6543198454881458 0.2330452805872782 0
0.6327702467670433 0.22217444283148624 0
0.6024461134830305 0.2239805617704618 0
0.6329412781334 0.25032436548071196 0
0.6244999602083902 0.2611306613008114 0
0.6420590633032518 0.2589716283256946 0
0.6539682564168074 0.26313369665147496 0
0.6489464224957745 0.27832052860601086 0
0.6564566862733632 0.28342107040222303 0
0.7575985621461162 0.1580896470886194 0
0.4075409230419254 0.44297252414044913 0
0.5000788530282587 0.41266530998947565 0
0.5267856297002989 0.35507923331736 0
0.37194703490846115 0.3590191808133465 0
0.3842751002372168 0.35995649889790876 0
0.3986471905426659 0.35639543902150833 0
0.46142588044692323 0.34013887636076945 0
0.3638354978101272 0.21084346374693685 0
0.48234530803144643 0.26135672394608234 0
0.42803096509970084 0.2997417168323616 0
0.43630130625249 0.31640092047452073 0
0.4245493399694159 0.33287038840329775 0
0.36655390972837476 0.2805172609476226 0
0.4164959725020194 0.2599072807711341 0
0.39500163898062013 0.2278676532241795 0
0.3647526257361976 0.41111848628777325 0
0.3920776995462266 0.37277436286223625 0
0.3939101587047565 0.3927735328662807 0
0.3556225468569458 0.44890117849054895 0
0.335555975602211 0.41995597634291537 0
0.2990346241903521 0.3526251846124504 0
0.6955485308284727 0.7160371607235493 0
0.6824118457012774 0.7098505554541233 0
0.6121306546945922 0.6812322920046974 0
0.620319113033423 0.6266323778418598 0
0.6310226240258902 0.650135038025604 0
0.5823785016482662 0.624029704903768 0
0.6053803119186547 0.6299947765795854 0
0.6643632199757423 0.6729026621267999 0
0.45685498897996707 0.9500062039633407 0
0.7336639499216436 0.9278213380764267 0
0.3544995768384149 0.8001107558080445 0
0.36923396491326405 0.7877375107190339 0
0.366343111388775 0.7714007609602638 0
0.28251017613608015 0.7771679520861967 0
0.31301288209597744 0.8303015406640124 0
0.36689319165781753 0.8578918503956872 0
0.328765467216214 0.899194507571358 0
0.36061861178586574 0.9078132799501474 0
0.29713495763931064 0.775428892090777 0
0.2833879760643388 0.7470028017033989 0
0.27791201764809415 0.757142404425829 0
0.27438460582457885 0.7682480517821564 0
0.3205117703427837 0.7886915549887662 0
0.23386732661478518 0.7602424436040477 0
0.27583057320135884 0.6483564480674021 0
0.37828018894587934 0.6682441305222964 0
0.3758417939813421 0.6387408583264078 0
0.3497125409606157 0.6342457266179369 0
0.34674939876715244 0.6228578006027712 0
0.3216870494716492 0.6345190934649492 0
0.297349943049815 0.7286434357821503 0
0.32561101532031933 0.723917564784501 0
0.29165865019739323 0.747764860421124 0
0.2979196765564477 0.7603436978638693 0
0.32084103859503943 0.7475222503747789 0
0.26950074627076037 0.7490419535627517 0
0.2652577189425464 0.7611433855221809 0
0.2672456263407337 0.7392675781211832 0
0.2925786564685581 0.697941543742825 0
0.2885257156274278 0.6801192058582952 0
0.2766074856394827 0.6616780469291123 0
0.2774841499215273 0.6867355595547577 0
0.25885352620792146 0.718203840593176 0
0.2498303871764805 0.7147353594188793 0
0.24770034331277696 0.7334112203923123 0
0.2384168421949965 0.7351810631515097 0
0.2761583722009134 0.7177788674542037 0
0.2549933023430636 0.6951630569026157 0
0.281475122053794 0.6980536462813697 0
0.24589985783096738 0.804045150721573 0
0.3013082435033146 0.36610758017085027 0
0.3291379821705606 0.37258914274576915 0
0.32807695670629294 0.349301013415822 0
0.339933232673716 0.4012595078586612 0
0.3258733115446387 0.2958634724098083 0
0.3405167625499062 0.28438490960178253 0
0.33111139509377735 0.28659233378899407 0
0.3366806901523116 0.29360689717942295 0
0.2962753000028408 0.2781259065502175 0
0.20014335803488933 0.273980415916211 0
0.2295200459218107 0.26793806830507405 0
0.2338433619338899 0.24307705147539596 0
0.252414152497334 0.2612014899457476 0
0.24356946180195244 0.2747466251425879 0
0.32058133201546446 0.4336637683680151 0
0.3280641852886006 0.45783625113694737 0
0.30134740769393575 0.3002098792521599 0
0.29220957799225267 0.32779041962560973 0
0.2813854413176061 0.2953845597247046 0
0.2939080200338568 0.2950157514041206 0
0.2729645128591206 0.32441908171049855 0
0.2805711153921396 0.282448231725588 0
0.260181719825113 0.32893290306595846 0
0.26353016020027037 0.312884420387421 0
0.24731831012985858 0.33244318961721375 0
0.23636199238763353 0.3102186628173036 0
0.3330478305225175 0.3127334887071155 0
0.30351871850842477 0.32516341727706655 0
0.30283206709491134 0.3113124925518378 0
0.2317826691199529 0.4554947816834319 0
0.2290057667225111 0.43651756336594805 0
0.1929893063623707 0.4806329225798336 0
0.23065203440236995 0.6681462051947318 0
0.25898049745462964 0.6436131831211854 0
0.24929017937323983 0.6212381684990061 0
0.2353983390279573 0.569399162305642 0
0.2859650338041388 0.5787321139408454 0
0.2479177390926458 0.581426451473506 0
0.2751405179376011 0.5979342011417919 0
0.16387215140695136 0.6032297770564975 0
0.1545739578689413 0.6536794177996389 0
0.17788531114861997 0.36790907235624487 0
0.16902705680473087 0.3174577915603181 0
0.162762945648869 0.15777273533897762 0
0.3257750791620301 0.2433614572399869 0
0.4614910372851284 0.09905365718594313 0
0.42902580541690966 0.06553245625933829 0
0.3865396047911157 0.08773577484419139 0
0.34600776872869327 0.18021854696315218 0
0.615595797463881 0.17608019168704436 0
0.261494567571494 0.5754837133516958 0
0.29513041848958865 0.6046139260216649 0
0.27199337849629723 0.6379247178448553 0
0.2838130512055639 0.6434045911493198 0
0.2954495534819335 0.616010937882446 0
0.31949697815711836 0.6063301572592811 0
0.2979246393793606 0.5474940702616918 0
0.7814180885524998 0.15007762668954522 0
0.8132268097746362 0.08965182075908106 0
0.7689059587440743 0.2604944249926569 0
0.7760210881208064 0.28861249714805143 0
0.7357739227096923 0.269577803974217 0
0.759556465979046 0.2720136993985558 0
0.7428684391679928 0.25825907578295487 0
0.8162149458749935 0.33524161825991966 0
0.812579988305304 0.3135315570767169 0
0.7873612287563047 0.28124441870245215 0
0.7729693710464833 0.27537932725564124 0
0.7845834742721717 0.26360741358937606 0
0.7998750578604937 0.27042101979479705 0
0.8438442307096912 0.43875113737309457 0
0.8517619887686811 0.5046998513460192 0
0.4088344176551247 0.6584419872657665 0
0.5046381412905245 0.5987011252552146 0
0.4673436483268782 0.6865811346475206 0
0.21773026483824354 0.732526666937943 0
0.1890698690789067 0.7403124887611517 0
0.13311014818968112 0.7727058589116059 0
0.21184566911615554 0.8853157068979616 0
0.12506078608850485 0.8135156330950606 0
0.7690446401093021 0.7187761337656259 0
0.751356379991576 0.7142185583810359 0
0.7351928807221924 0.7237792984838469 0
0.7906567343428478 0.7091120412381539 0
0.7395418143532588 0.6781195492320483 0
0.752071498118671 0.6753307490839663 0
0.7166270656565504 0.6665656249802938 0
0.7480548296760942 0.6863398157610988 0
0.7370907730159142 0.7040358367211382 0
0.9116023140482293 0.6253244605597371 0
0.8450651467002847 0.6399111481463605 0
0.8058455791769509 0.6783535356401893 0
0.8904565791673033 0.9651091491348197 0
0.8556829794798609 0.8999518242568895 0
0.8711395099217921 0.915899654838678 0
0.8318679678514477 0.9064681236725624 0
0.7850677605059257 0.8139865776672265 0
0.7608232128428228 0.7424591142867696 0
0.7656636687385431 0.7279622481706628 0
0.749369019867923 0.7477521864391485 0
0.7504204968084508 0.7378430187610318 0
0.7334606223736864 0.7340188202490601 0
0.7829231259067272 0.7484568013162591 0
0.7811090470318878 0.7680673612717731 0
0.7877469033871495 0.7773997533578691 0
0.8186375566834254 0.7882026047228403 0
0.8361680743674538 0.8101237872646788 0
0.8324303631211704 0.70719367703565 0
0.8531704277701211 0.7224892190149429 0
0.815755286020209 0.7598273106642718 0
0.8513273844893792 0.7847701233337024 0
0.9208325838649011 0.8492328529169568 0
0.9503325683865719 0.8846524735086665 0
0.9002320776522804 0.9024753643457263 0
0.8987902690077513 0.8590134422199497 0
0.7576386771897606 0.909488997111862 0
0.7732238883516581 0.8254850172172591 0
0.821856918550906 0.8470962368579604 0
0.7980733590251361 0.8764898797702789 0
0.7184368698724378 0.7968151667093982 0
0.7715460431358104 0.7857125862785488 0
0.735993684290505 0.7735038635989359 0
0.7370912162187424 0.7498655136354874 0
0.7311185350970619 0.7417439141194209 0
0.7233772770197283 0.7381515783936927 0
0.7106071161718581 0.7378440282623974 0
0.721321610106905 0.7577883445250997 0
0.7062368025560612 0.7859394397072706 0
0.6632398829599081 0.8145401106956416 0
0.6227832390360694 0.775841936905563 0
0.6722434684234571 0.7912297007170483 0
0.6864238833073603 0.7497309146452199 0
0.6388929293168452 0.859324262800541 0
0.7252856193508539 0.7063422832280606 0
0.7097379412274044 0.6225762090489062 0
0.7920376131518913 0.6114577165587571 0
0.7231233039916186 0.5660184346257033 0
0.687290771587525 0.640665297603169 0
0.6626596405270511 0.5714434011601118 0
0.6479201936906474 0.5489619299863341 0
0.6330258959800189 0.5314956711575419 0
0.6342283150069886 0.51014439639932 0
0.7598542997276441 0.3766146849339781 0
0.7564904930762304 0.354056963518173 0
0.7247947191171664 0.3620141558371176 0
0.7496649291598391 0.3370984269287993 0
0.7226949867195547 0.33016096594296584 0
0.7387201056571098 0.3263875527503572 0
0.7800718531018326 0.3255349761903257 0
0.763658590205167 0.32869083068940996 0
0.8175899026626554 0.38327053168727104 0
0.8678878230024589 0.2823727104871445 0
0.8980120490720035 0.27271304306064204 0
0.9207744195674588 0.2960659315014888 0
0.7142684979397863 0.22606593517323528 0
0.6909753792937958 0.21770753008546784 0
0.7181741287719678 0.26064277124125934 0
0.6975495647611579 0.24153875333202887 0
0.693808294318351 0.25604870967001403 0
0.6884497408292403 0.2331105447202437 0
0.6685352149425721 0.2532486383387709 0
0.6842552045599724 0.264613423744177 0
0.6765868885469727 0.2719802698885574 0
0.7002627101660326 0.30682580471399995 0
0.7132349283394804 0.31774108914993276 0
0.7391360964058378 0.2904338267512851 0
0.727391602754761 0.3149586135094846 0
0.7222285884829703 0.24680351727659158 0
0.7549231079128288 0.18709987910546164 0
0.725868049603739 0.19543045365916206 0
0.6991783473410285 0.32366512785067697 0
0.6624134187127815 0.30136985079503625 0
0.6469272529758369 0.319997924790061 0
0.6323865436143536 0.3692404202942651 0
0.6202609128918215 0.3417816668077812 0
0.5833605407294553 0.29832323326603 0
0.5686140638442705 0.2680866086911029 0
0.599793151241516 0.28290435641450606 0
0.5909695684695383 0.2356205527156594 0
0.6084589403661597 0.23912303658792172 0
0.5848637078354394 0.21757067826274126 0
0.6163569160250907 0.2266395857619263 0
0.5978976818789221 0.205293505481104 0
0.6409139088753452 0.23692032380142825 0
0.646642900239781 0.27052636897632776 0
0.4256427156419888 0.5048226480739553 0
0.4064043089321838 0.4804064528197083 0
0.46553664751416574 0.5063839261909446 0
0.49912462559589676 0.3619421834661908 0
0.3544423475673553 0.3402311672769482 0
0.4403623611510653 0.3456470281728061 0
0.3676434584544216 0.22826530170523965 0
0.40836152011517984 0.3443481601085361 0
0.37480922237003333 0.2876134105246433 0
0.35458936069647184 0.2845863829466354 0
0.41798268263363036 0.3147237184449821 0
0.41691597194312635 0.2847241958320547 0
0.39301331735466827 0.29957335911253385 0
0.39019148160510664 0.2714526463542418 0
0.4230603289170797 0.27360082778137124 0
0.3807149516943376 0.217824942264061 0
0.38350538251102356 0.4103863768714928 0
0.3061088265757472 0.34685361741244636 0
0.39950576168052254 0.4033202415847472 0
0.6302848844542174 0.6760386624558246 0
0.619416739198592 0.6604285990054658 0
0.637624537591699 0.6617094926022001 0
0.46286057929254654 0.8166727799165184 0
0.3748909578932525 0.809983791838991 0
0.3047886269679436 0.9171103812357202 0
0.26505814419857665 0.6556823048712023 0
0.2881140957285168 0.6516175297622585 0
0.38147664106474327 0.6949098433340667 0
0.3634372370364228 0.64214483270212 0
0.39267265212540625 0.6769679216768347 0
0.3875204077709187 0.6556150037003016 0
0.33775244655692227 0.6282656804410718 0
0.3005974323973724 0.6752237336301569 0
0.33060100402287873 0.657639202330997 0
0.3103569720784329 0.6414665625300113 0
0.3230017631652659 0.6957746972458965 0
0.3081719944471474 0.7314502987574153 0
0.2854906146145022 0.7257207442637458 0
0.2922434837126385 0.719108425052848 0
0.28771882869034876 0.754985576597587 0
0.26162667603964457 0.7444291650468978 0
0.29775671236024537 0.6883712163401835 0
0.30423670052751556 0.6991632785728276 0
0.2689043183843321 0.6684121717930777 0
0.2676724270989018 0.7113879597972502 0
0.25729464433723537 0.706874493902851 0
0.2585045881970225 0.7348121305764455 0
0.24228289122223645 0.7255399214191005 0
0.2077341095333882 0.7750180910636963 0
0.24833383632211922 0.7874083336296015 0
0.2789966382642525 0.8160535685357818 0
0.34902582739411825 0.3554498124439592 0
0.31612690848125835 0.3675286245725328 0
0.3323991224694239 0.3816307410321487 0
0.32812300692621044 0.3610341532413683 0
0.3316103405460178 0.3387419193845775 0
0.3365954176612852 0.3542826169073146 0
0.3618922077047792 0.3669823123502048 0
0.3487527572890601 0.3689897364706908 0
0.35006687359977307 0.41030122821916554 0
0.3407135281358854 0.3108260357945251 0
0.3346182096442336 0.30288279259031536 0
0.20491375338171333 0.22942383944857206 0
0.2103198290581671 0.2056133757158238 0
0.1867969073093309 0.23905704520918586 0
0.2700835827926417 0.260963107456676 0
0.30254878234394184 0.22840049673655424 0
0.2792107258605127 0.21689058767473499 0
0.26128866554561675 0.23930951109028528 0
0.28595337107457847 0.43700958905252046 0
0.3024240525884008 0.2881984247685563 0
0.2501795630888378 0.30719578341436304 0
0.32419049721610915 0.3076873185661366 0
0.3254031779482528 0.31770766392135186 0
0.3357714674096334 0.32047571009454856 0
0.21109245207610028 0.4536015318773237 0
0.23112611399429647 0.6526969455968602 0
0.24472056911585846 0.6484572043665112 0
0.24905873270928075 0.6337041340091442 0
0.2605731308453629 0.6149196320150841 0
0.29622131625654907 0.5742064695846786 0
0.2954705409327387 0.5837325468992883 0
0.25794590858397826 0.5955288169767755 0
0.2737729046752202 0.6122795119703616 0
0.41889842250938253 0.11169819617778112 0
0.6325276418283496 0.18642879955526323 0
0.6153065870351229 0.1946669291714329 0
0.25041553330934857 0.566238645161217 0
0.26108416898532016 0.5858998071495326 0
0.26481127571242835 0.5586339546452734 0
0.2739739140039934 0.5858419975505839 0
0.735898705489256 0.13930242481064195 0
0.8088175429088671 0.1316698537786458 0
0.7494534679045578 0.24888574704140706 0
0.7843347591716789 0.29667181873537535 0
0.7636356905921113 0.3124665694842676 0
0.7765577263641087 0.31152972730169437 0
0.8356727339080692 0.3169444784833092 0
0.4702617864260536 0.6563268363214221 0
0.1858186519133969 0.8594034898646312 0
0.8109606325134503 0.7022282487273125 0
0.7929928361645879 0.6931457721999643 0
0.7277401528889909 0.6845751701033578 0
0.7291008210917528 0.672147647826458 0
0.7171250672430505 0.6796918827280842 0
0.863695185850797 0.9422032434162495 0
0.8000296696846828 0.8220679259400135 0
0.76079287177606 0.7525261511545025 0
0.7430552636097199 0.731326803836251 0
0.7829642182500868 0.7594924930752162 0
0.7707321747153183 0.7473436284836288 0
0.7679908265400651 0.7367023592357416 0
0.7866186750021315 0.7348576867385163 0
0.8113908106227049 0.774008296567273 0
0.8149073704295104 0.7420850113741413 0
0.8349267057499874 0.7921940692881024 0
0.8309943904168564 0.7741725040732997 0
0.8530250113919434 0.7642623352967034 0
0.8729477766336916 0.7765439120494335 0
0.9154564240516025 0.8718732738970647 0
0.7764880077043632 0.7982178725765716 0
0.7483475476473659 0.7925263441669576 0
0.7460826836392986 0.8166575579458812 0
0.7887261592388066 0.854931524937232 0
0.7333477959223804 0.8100988362448864 0
0.7609190063536464 0.7964036224857785 0
0.7253032302050092 0.776192793646214 0
0.7070686405264992 0.7301483666006341 0
0.6525180210020205 0.7672930024850916 0
0.7018432716818965 0.7471942388955022 0
0.7065515863121783 0.7722584436900826 0
0.6924498724459257 0.7797084019726976 0
0.4481873129348527 0.5901533621225518 0
0.7051724648227665 0.639334516358001 0
0.7658764120644068 0.6215825452612672 0
0.6569702721849121 0.5242758700729157 0
0.6904273457123503 0.3633064728492905 0
0.6491736078874283 0.36124508083911017 0
0.6484783133081515 0.37918951136132445 0
0.7375936987995516 0.3508174768425176 0
0.7235382235847806 0.3448567922485463 0
0.7969248543141685 0.37234053826896396 0
0.9129303021194872 0.3270494467283589 0
0.6769048624997526 0.22386946938720442 0
0.7122958984472371 0.27091638555505293 0
0.7055266172486361 0.2635519762884239 0
0.7079042585686608 0.29258402555947866 0
0.6939976349080577 0.2920847829193871 0
0.6820184404659442 0.2955820497743556 0
0.6798583704125496 0.25381161541630953 0
0.6674015781276608 0.2804247633932171 0
0.6931453065943759 0.2794268993079647 0
0.685568094072457 0.27449476661090527 0
0.6661611021881811 0.2697847838746132 0
0.7551417174039913 0.2976396222739125 0
0.7408248961356977 0.27796616174345806 0
0.7317829457572808 0.2796860176146584 0
0.7167731115907159 0.3047744034854855 0
0.710390501727507 0.2374339135952265 0
0.7341031277847468 0.1676851928997338 0
0.6858504158246073 0.3150999345199714 0
0.712952965379642 0.33871624762869074 0
0.6557075215174275 0.32938559290038966 0
0.645219743923519 0.3117188922827085 0
0.6375007622810088 0.31751868074287776 0
0.6269832667596389 0.32745550602813955 0
0.5778837368678715 0.28926794717432697 0
0.5881126259987214 0.27708788650692084 0
0.5915434437512607 0.2902803528837908 0
0.5987353426734511 0.25229202773637743 0
0.6261525226826196 0.23736355042644747 0
0.3544420924530013 0.24740567699185267 0
0.3669634206841213 0.26835802210975934 0
0.34719573562904565 0.2922301030687892 0
0.40912032460476694 0.3004438780251622 0
0.4088255696893665 0.3283600958696031 0
0.39452733588507544 0.33277406516176733 0
0.37635596405638044 0.2762507261839268 0
0.3996860819092281 0.25729606565073576 0
0.31657171020565233 0.34693573627541957 0
0.42511474155602547 0.8259003113817243 0
0.33260128129216615 0.931941793268195 0
0.3652573917014956 0.7052062136226017 0
0.3523148476456455 0.649363030163025 0
0.37706662577046896 0.6808329327078365 0
0.40015813738483547 0.6993673451516708 0
0.33808822987828124 0.6435380227030806 0
0.3385641282999819 0.6141172766020131 0
0.30245332103225714 0.7193198232695257 0
0.2756856098628279 0.7278474527096439 0
0.2815653083746562 0.7366930351898604 0
0.2694603216377872 0.7000088399328687 0
0.2656317483971141 0.6885538602309799 0
0.19567074769431805 0.7605371868688178 0
0.21446853514537326 0.7610461776902359 0
0.25574322714043357 0.7790468199511099 0
0.2707757220629301 0.8322516270767996 0
0.32904253471405975 0.3296605923203647 0
0.363367697802725 0.35178438915912175 0
0.36795242999326144 0.38206068664437576 0
0.3404430491452472 0.3761941178123404 0
0.30568659292973904 0.2757160339030938 0
0.18334676837513209 0.21343530469957336 0
0.3161392420559427 0.2244424896947946 0
0.2972119325704401 0.21411475442440914 0
0.3163978439304496 0.23640885789708843 0
0.2887972329021307 0.22721067343932083 0
0.3044015996337311 0.24394708129523507 0
0.2902924344013441 0.23928295542130054 0
0.26863809528506016 0.24852937598144115 0
0.24922341849382657 0.2153420293872758 0
0.3019281191806101 0.4285091159879373 0
0.2594987983469606 0.29810110937027595 0
0.31465426784656403 0.3147622572245641 0
0.2959972554929582 0.5631414614379394 0
0.2878273709548513 0.593178362020362 0
0.25269858041542825 0.6085662785910995 0
0.28494563480534624 0.6066353173732482 0
0.6317129468851888 0.20456931183946303 0
0.28166070490885303 0.5548685068682168 0
0.2755920717596941 0.5704401910711779 0
0.7618003475044849 0.2489327994531698 0
0.7689608124047197 0.2980974905072553 0
0.48197071870129027 0.6417909019087892 0
0.4638087297353077 0.7250482747850509 0
0.1992313678533014 0.8320391148616371 0
0.16275351012230765 0.8304252306047722 0
0.7052154724244558 0.6851702823645102 0
0.7759812042804056 0.7619991452290631 0
0.8495387656641468 0.8018459494248904 0
0.7368550773839756 0.7956710552796241 0
0.7021797841629297 0.735764059181193 0
0.5658822841363833 0.7170829962699099 0
0.6959394567293021 0.7628242858222845 0
0.6663126390415137 0.7497415897934028 0
0.48213978526573953 0.6170611066052144 0
0.6757784473644634 0.3738077908469339 0
0.6867033035685126 0.34752602700419394 0
0.6758758322655465 0.3585723281761365 0
0.7085375826950796 0.37280650030277945 0
0.6911434703176317 0.3835829055705137 0
0.6695841656020873 0.39065989126111045 0
0.6941628436668807 0.26858770945013993 0
0.7115466346632136 0.28208333787500534 0
0.6719390757060085 0.29285996634660394 0
0.6734249792061386 0.26275164400349443 0
0.7510097698828941 0.28207509250025137 0
0.7224729043674265 0.2902310111319364 0
0.7315289593602095 0.3023798293216775 0
0.6436844794129789 0.32872748543059316 0
0.37714364120198635 0.26207852437584206 0
0.35711234059790864 0.27265230328609275 0
0.39039547954728926 0.3460478339001614 0
0.3993932806316395 0.31624957779201057 0
0.34638200784758294 0.31930655685900056 0
0.35384873891828933 0.3285292833424122 0
0.36430272114439277 0.32805816986201786 0
0.367924571161291 0.3400068873453736 0
0.4068618267570125 0.243522977802895 0
0.40843906701347704 0.27211924899463935 0
0.4008525770901028 0.28633047692246183 0
0.366585900091316 0.24168290507587947 0
0.35489723524090805 0.39467921552613844 0
0.32235246687770813 0.3385459168602948 0
0.30998654600586417 0.35606337778298314 0
0.36530949971270754 0.688286871138908 0
0.3685369421081117 0.6559031741582007 0
0.3273655238405914 0.6722842556200085 0
0.2675191207069832 0.7225606298626649 0
0.2083683771943601 0.7439350577383225 0
0.22383206172871337 0.7460321213610985 0
0.22855074640549483 0.8054002239075794 0
0.23397047131746143 0.7878166833319711 0
0.2628807404816893 0.8077537148833005 0
0.31962274083553444 0.3558283519016762 0
0.34070984618970984 0.34474680900148164 0
0.35217235350758563 0.3797477275293307 0
0.3179242798949024 0.28310097511037224 0
0.28836917914781324 0.2743169528266212 0
0.3052028104639847 0.2546171900941859 0
0.2927291495491352 0.2527282512172237 0
0.2979077583932538 0.2665429201098789 0
0.27607590546724464 0.23455534010375317 0
0.2861558252156576 0.5678975370820465 0
0.26339768082382164 0.6038429922524846 0
0.6158845279079638 0.2133453541276404 0
0.7545211070246326 0.26013597078985035 0
0.4600457089685491 0.6068138095916079 0
0.45545907197572205 0.6328288878243329 0
0.21594658379513526 0.815396098064723 0
0.20737165436922947 0.8563555439932081 0
0.1898979316976023 0.8062247993947427 0
0.7477920157848571 0.8039172612895232 0
0.6057636572853028 0.7506525188879538 0
0.5819386039561242 0.7451357144438293 0
0.5843348244857556 0.7768775167272607 0
0.7098310970089494 0.7592185021349929 0
0.7065624889990622 0.3513306024819294 0
0.6634835068958191 0.3691810633720847 0
0.6997076856645643 0.3375722484158655 0
0.6689855999898612 0.3331186156004382 0
0.6622255810810614 0.3534824918514613 0
0.7027824609362203 0.2749677980816448 0
0.6630748331215433 0.2899654346373726 0
0.6815352139612876 0.28368530128879266 0
0.7394560272339609 0.31302464640149336 0
0.7434752003797637 0.3032279992186466 0
0.7637393094278181 0.2852145876702845 0
0.7502891415957788 0.3214440269164505 0
0.36689858844571915 0.2552043242190334 0
0.3877223093286293 0.2556236530276339 0
0.3639180699870784 0.307344292684251 0
0.3757593011567639 0.34864792937445527 0
0.3848970960839638 0.31124978927353214 0
0.38068611673709446 0.23448204926004657 0
0.351162320023787 0.6954710546359606 0
0.36660053110152924 0.6727755442708446 0
0.3430806981500291 0.6555882687622776 0
0.261362410768289 0.7261067679621405 0
0.24808364776981845 0.8387136003143463 0
0.18939668637211812 0.7799237188756021 0
0.34130431103020653 0.3316301203185148 0
0.342011693829915 0.387526478717891 0
0.28459628741014015 0.26163044649533246 0
0.2804926953734061 0.2501032312031914 0
0.2125129768427565 0.7918631650298029 0
0.16019860850407006 0.7937258205300425 0
0.5463751114132286 0.7553678198299173 0
0.663040434079868 0.34091379772868297 0
0.6832065771644067 0.33128743617180406 0
0.6494900507918763 0.341949150074815 0
0.7016197504791472 0.2846421356526911 0
0.35827475699408806 0.3180005567844853 0
0.38673601869531316 0.32139279329966153 0
0.3797231583616188 0.33425646240129786 0
0.3442921998888861 0.3006313755441755 0
0.39173057075700274 0.2435269426817395 0
0.3524728773424159 0.664299297740231 0
0.2891232909171607 0.6658237640827984 0
0.22243964240191455 0.7737685479311971 0
0.2213555899779467 0.8356358743493006 0
0.6733571745416682 0.3446598595645766 0
0.7508787131810833 0.30902379859499157 0
0.35403872571178563 0.297969347170477 0
0.351052019425519 0.30952433776276256 0
0.37810262020170193 0.24895805501577695 0
0.3405084607561712 0.6678905877597016 0
0.3520226540835447 0.6783416756648796 0
0.30472239437819026 0.6584115627629061 0
0.2405698515253231 0.7661780426058602 0
0.7684359939116986 0.11825046512261504 0
0.2366622952902914 0.8223027323325978 0
0.33615392614401873 0.6851340450253344 0
0.2176208427236699 1.0 1
0.2816469596950974 1.0 1
0.3771120850526276 0.299826579584232 0
0.36432753731422357 0.2926159240412487 0
0.2437972086227037 0.39532088839252344 0
0.08102349750743972 0.6301183466793774 0
0.25808458829057607 0.1709512804712401 0
0.27801165466652816 0.1861863074396063 0
0.2346445867581044 0.3620104988949186 0
0.19191182923139874 0.2578687006100065 0
0.20706546510062274 0.2620027240603114 0
0.6188486277468427 0.2494026005293845 0
0.21625481827313112 0.2716434317859228 0
0.7607441857041211 0.7119859061952978 0
0.8059649508406013 0.8393905614980504 0
0.7589076140188646 0.7617075294429779 0
0.7762580237623143 0.7397580370222007 0
0.24967404728989212 0.24790028863453406 0
0.2461097085685129 0.23177284976569446 0
0.7689180937029753 0.7585716452691793 0
0.7755350151655575 0.7554496728007181 0
0.7499559035647341 0.446279476862495 0
0.7311476014126911 0.468201210420662 0
0.6800523726147955 0.4596018878839678 0
0.5281741892861787 0.6599062219948261 0
0.41717065639911854 0.8544144559227578 0
0.273127724939997 0.483874892842254 0
0.28851898183412317 0.4844686101915787 0
0.12856630444246456 0.4823152596665372 0
0.1081997635847619 0.4627508709200986 0
0.21399344500552236 0.6223033985468432 0
0.16947169754024122 0.5527067456583142 0
0.3891213978645093 0.5679435686208206 0
0.3725502803751527 0.5804461207304715 0
0.3566108357248589 0.5765941339822956 0
0.4107898198953358 0.598245841576777 0
0.4727814750485973 0.19354689773531855 0
0.5761374520536268 0.607189091585282 0
0.6690564995983764 0.7084149394190794 0
0.3037986835792576 0.4708479198420654 0
0.18219618328230391 0.5783213717460675 0
0.3961992913134855 0.18680836626926725 0
0.31837904658328803 0.1875263660682962 0
0.33248419167533855 0.13911456277114131 0
0.5499874019666812 0.16729894469385592 0
0.32160841070148155 0.5353167102885206 0
0.7980448482985673 0.7763699470879537 0
0.890883578866377 0.7890011386633676 0
0.6395303026210495 0.6186518642079447 0
0.5411166543212037 0.2881985027579656 0
0.7045330340197294 0.19278341191956525 0
0.3817929028371197 0.1973153384209968 0
0.2750282846816336 0.3770288050393826 0
0.27834953731539785 0.38708814853938234 0
0.6601815596527273 0.6510732639317341 0
0.6434007898783966 0.6742195363747306 0
0.45225684551286 0.783706811159223 0
0.2725704252690719 0.20295584159591393 0
0.3000926755935311 0.19551071578879559 0
0.3009619732302804 0.17407431744484103 0
0.2854770198875511 0.20373386416856573 0
0.22459533037470283 0.6155730793336053 0
0.16484501526763287 0.19442352454603254 0
0.35487105217108295 0.07265624135642573 0
0.8137759107048627 0.9238469693414976 0
0.7518480355334605 0.7291558095959967 0
0.7496957822404796 0.7627770967830909 0
0.7464885143664133 0.7559739645956379 0
0.5735477298414334 0.5903655014986071 0
0.6345012328560602 0.28751196210644714 0
0.6567738224971583 0.22201275073735152 0
0.646246396734498 0.22502920563775705 0
0.3638687033755854 0.19189339669815775 0
0.3738328766979543 0.7605478662063049 0
0.23711476738548865 0.7450302322203313 0
0.22976276556856876 0.7383407651643933 0
0.7666106270331225 0.7102397298898633 0
0.6925836063933748 0.20494155438744802 0
0.6096133461100459 0.24933419452224564 0
0.5827163714784266 0.19763959332558054 0
0.26274707084883164 0.21183767294227346 0
0.2629230865391243 0.22555264268746608 0
0.7930543151001288 0.7456879166331414 0
0.6750260959807887 0.24576107348563558 0
0.663669528052326 0.26212665353002373 0
0.2604003311951159 0.251142522125138 0
0.3757225755100075 0.31946349451729167 0
0.6537740507367144 0.11870941359686629 0
0.21211565515849032 0.6328814296247326 0
0.3572019538625287 0.5913046353610059 0
0.39091972937752956 0.5904945731449557 0
0.40599699205712564 0.5792861904223361 0
0.7115791103408997 0.4942801122706338 0
0.5212061692086387 0.6846437949193941 0
0.24502363580614717 0.6892916634738027 0
0.17386119841770759 0.9270569791103955 0
0.12489158308429095 0.6750946263503733 0
0.12358346655008817 0.17385259275542023 0
0.7893299609463882 0.028707881946177044 0
0.8550307602042181 0.1703000823824929 0
0.9052283352209783 0.04764793058470487 0
0.9120571848945511 0.7026132781829701 0
0.08712762479894631 0.8138084785075731 0
0.683540920210947 0.48062072122802346 0
0.6593541866732018 0.46816707806833036 0
0.3323944000848201 0.5535295334090286 0
0.4875667222287886 0.7828695967014593 0
0.29141816251501806 0.7877496643519044 0
0.8822582995258649 0.1892103035354114 0
0.8732079130439055 0.37626933984363803 0
0.6206986091431635 0.7261241709189646 0
0.5301823030308898 0.5638850510047506 0
0.3807781874402222 0.3833819657096455 0
0.5082372601025079 0.8227018510697542 0
0.3231169883702238 0.6443749894248305 0
0.27535813303700357 0.7414068290736897 0
0.2870261148983664 0.6903898075317759 0
0.27006774993150084 0.8444977643190836 0
0.26854602771198616 0.2763206424343129 0
0.33486092732492106 0.20096787618854495 0
0.27205745317264424 0.623861721964277 0
0.8080862377188051 0.041390508093476455 0
0.856714477244434 0.33189758122493435 0
0.9587641645329531 0.49706688027467844 0
0.8536567581724372 0.056813624273695774 0
0.8595553297547336 0.9754362022918035 0
0.9108924750950305 0.9470360401499507 0
0.7582135486844259 0.34038852565509164 0
0.6388357259612707 0.29651620740758516 0
0.3223730086645252 0.6825989765391067 0
0.44082749673391136 0.5079964362307232 0
0.26762999589692904 0.730797850859667 0
0.3668535366794763 0.3165519656396471 0
0.25967722971123414 0.7922188575736024 0
0.26720156679695434 0.8193384255281211 0
0.3741659807878194 0.31133102449201944 0
0.25580960911778483 0.8200886339999893 0
0.31714157234734125 0.65306881439767 0
0.3142198834752837 0.6728482504741995 0
0.41263926266727 0.6189153267581822 0
0.7343365369142141 0.338988200477851 0
0.36558299223402213 0.173456605950128 0
0.19773968384884502 0.9139976061517299 0
0.13533492568391284 0.8402309592469408 0
0.7995308860573485 0.3269586586277261 0
0.43631341789581574 0.80179950126461 0
0.5629223628741048 0.5789238963158343 0
0.6599332150892502 0.2670646485076643 0
0.8289400265991473 0.15813025838651032 0
0.37606231809086377 0.37164085119486834 0
0.27401578451029945 0.7364356054219939 0
0.27878413679499975 0.2711339738464677 0
0.3177815953299965 0.6632582121247238 0
0.542439527909978 0.5829770648787459 0
0.8437331403211281 0.0 1
0.30537697042495143 0.5067186704501115 0
0.21477980992577445 0.7039737534604377 0
0.03535552762780468 0.585764941533909 0
0.047760260978538596 0.6163317340660809 0
0.5526833488399575 0.2601436446754901 0
0.6681542599030645 0.2173817406630952 0
0.32806285357266673 0.767982275795931 0
0.23576088830483558 0.6961497194752423 0
0.23647527975345903 0.7029953735046856 0
0.7680451261013714 0.22155151529329936 0
0.42962506819584323 0.46002266184445567 0
0.6073959752198707 0.6494517912293983 0
0.3419395401507304 0.7775984407498678 0
0.31741900307281645 0.7726051190886816 0
0.3352464676918385 0.7690532468282736 0
0.34720556402609315 0.236020589438993 0
0.3442932445423739 0.22261152841571674 0
0.7311340505609869 0.757734114046243 0
0.665915267204672 0.3108085483904113 0
0.30097086485468644 0.7381276682330211 0
0.30023480886156795 0.7474494897927926 0
0.2944856284820713 0.7423973910792804 0
0.2966513922284586 0.7521291879854018 0
0.2582233684082697 0.2725732926867753 0
0.32040974148890605 0.42055829719801574 0
0.8190630091385349 0.7163944418737811 0
0.6803118694041539 0.8077369220824436 0
0.6215265282281222 0.35740110523609897 0
0.6334983309209704 0.3514502990397464 0
0.7693641412596195 0.3192862027473516 0
0.7840410363469272 0.7006428075593575 0
0.8128712894880238 0.8264345276256724 0
0.23541551711267442 0.772455927886749 0
0.33117454528683393 0.635756258344053 0
0.2440614354770541 0.776361763099255 0
0.35615385780618114 0.22184472976765243 0
0.038093829974631455 0.8960175239645689 0
0.531794795432156 0.2796163971196658 0
0.34780259028684074 0.5492606046749035 0
0.9624108671016263 0.16349234981026448 0
0.48434123686393915 0.2832444364311649 0
0.4763306900103035 0.24691110019767196 0
0.44980984271243907 0.41101479108493155 0
0.3203782154934295 0.626035235917824 0
0.9104783823961677 0.886941587787016 0
0.3285227232786977 0.6290856763503435 0
0.2872238411140023 0.7412661220934079 0
0.3478998668481891 0.21109513880750644 0
0.2907655107727634 0.6265589229456886 0
0.2912580438630089 0.6358236482590686 0
0.5876179367178866 0.4579763358224491 0
0.6346206877645648 0.3385714861609552 0
0.4108295848026518 0.3571636335923823 0
0.39691612584062325 0.4205117749379783 0
0.2961163446270891 0.6444851027328979 0
0.31237869407458013 0.6297221769541087 0
0.2910340755187966 0.7352314691147351 0
0.2866667586834376 0.7142685220550187 0
0.27760229690947785 0.7080084056580203 0
0.28056916414898087 0.6308729528748593 0
0.4754081545399158 0.8517573338642568 0
0.7817527385743951 0.05924836384920147 0
0.2672356421519401 0.6473754796379649 0
0.3056653686733277 0.8863919877983348 0
0.6342958911410778 0.2595084143816889 0
0.24214374229453695 0.7606171055677371 0
0.7397821483605916 0.7631636715778478 0
1.0 0.5024407465134957 1
0.9647427775026579 0.20546664029280423 0
0.7812331403211281 0.0 1

Edges
73
1 111 1
1 115 1
2 134 1
2 135 1
3 149 1
3 157 1
4 86 1
4 161 1
5 64 1
5 119 1
6 74 1
6 78 1
8 95 1
8 106 1
9 107 1
9 160 1
14 57 1
14 133 1
15 56 1
15 57 1
16 63 1
16 1885 1
17 63 1
17 64 1
18 110 1
18 120 1
19 75 1
19 156 1
20 74 1
20 75 1
21 77 1
21 78 1
24 86 1
24 87 1
25 94 1
25 116 1
29 94 1
29 95 1
33 106 1
33 107 1
35 110 1
35 111 1
36 115 1
36 116 1
39 119 1
39 120 1
43 133 1
43 134 1
44 135 1
44 1815 1
45 351 1
45 369 1
46 140 1
46 141 1
49 367 1
49 368 1
51 382 1
51 383 1
53 160 1
53 161 1
56 1883 1
77 1662 1
87 1661 1
136 1815 1
136 1885 1
140 351 1
141 1883 1
149 367 1
150 368 1
150 369 1
156 382 1
157 383 1
1661 1662 1

Triangles
3695
3 157 665 0
5 64 309 0
7 207 326 0
7 259 1687 0
7 284 550 0
7 550 551 0
8 92 97 0
8 97 106 0
9 103 137 0
9 137 691 0
10 491 1734 0
11 788 992 0
11 992 1205 0
11 1205 1224 0
11 1224 1247 0
12 411 412 0
12 412 1000 0
12 991 697 0
12 1000 991 0
13 167 1684 0
13 734 167 0
13 1684 1765 0
14 57 1021 0
14 332 1884 0
15 56 175 0
17 41 64 0
17 63 66 0
18 886 306 0
19 75 804 0
19 145 156 0
20 74 154 0
20 226 75 0
21 77 493 0
21 493 500 0
21 500 488 0
22 233 252 0
22 239 1879 0
23 279 820 0
24 86 522 0
25 112 296 0
26 292 572 0
26 572 1132 0
27 262 266 0
27 266 780 0
27 541 542 0
27 542 1669 0
27 780 1665 0
28 96 274 0
29 94 546 0
30 275 1689 0
30 276 283 0
31 286 556 0
31 1701 286 0
32 33 1819 0
32 107 33 0
33 106 1818 0
33 1818 1819 0
34 296 577 0
35 110 295 0
36 115 578 0
36 578 301 0
37 308 313 0
37 313 1667 0
37 568 570 0
38 113 295 0
38 295 307 0
38 297 113 0
38 307 571 0
38 575 297 0
39 890 589 0
40 323 324 0
40 324 121 0
40 1172 892 0
41 124 125 0
41 125 309 0
42 723 727 0
42 727 1029 0
43 133 1855 0
44 1785 1815 0
45 139 351 0
45 364 139 0
46 932 352 0
47 353 397 0
47 397 1442 0
47 647 648 0
48 385 942 0
48 971 653 0
49 158 151 0
50 371 802 0
50 670 371 0
51 1786 1215 0
52 384 664 0
52 664 686 0
52 686 1787 0
53 160 387 0
53 387 1852 0
54 394 474 0
54 474 792 0
55 179 1683 0
57 15 173 0
57 173 713 0
57 713 1021 0
58 180 1259 0
59 414 1022 0
59 1037 424 0
60 185 720 0
60 186 1054 0
61 186 191 0
61 191 426 0
61 426 733 0
62 317 594 0
62 594 891 0
62 1299 1820 0
63 16 200 0
64 41 309 0
65 195 614 0
65 614 728 0
66 63 200 0
66 200 201 0
67 312 1697 0
67 451 1857 0
67 452 312 0
68 206 1816 0
68 1688 1700 0
68 1700 206 0
69 208 459 0
69 459 126 0
69 469 787 0
70 212 401 0
70 214 1807 0
70 400 214 0
71 217 1699 0
71 471 680 0
72 476 797 0
72 486 1754 0
72 677 1540 0
73 223 1715 0
73 800 1329 0
74 6 225 0
75 226 804 0
76 341 628 0
76 492 489 0
77 808 493 0
78 21 488 0
78 488 1081 0
78 1081 6 0
79 490 1488 0
80 811 1088 0
80 812 496 0
81 238 1088 0
81 1088 237 0
81 1090 238 0
82 503 1107 0
82 514 816 0
82 816 1830 0
83 835 1355 0
83 1118 1736 0
84 280 864 0
84 864 1155 0
85 246 629 0
85 602 1750 0
85 629 1101 0
85 1750 246 0
86 161 522 0
87 521 250 0
88 1673 1133 0
89 259 860 0
89 464 1377 0
90 261 263 0
90 263 534 0
90 543 544 0
91 262 535 0
91 535 537 0
91 540 779 0
92 8 95 0
92 95 272 0
92 272 274 0
92 274 1690 0
93 876 1164 0
94 271 546 0
95 29 272 0
96 28 548 0
96 1689 1690 0
97 92 275 0
97 275 288 0
97 288 291 0
97 291 1818 0
98 276 1154 0
98 277 285 0
99 278 863 0
100 552 1749 0
100 553 862 0
100 1722 553 0
101 30 283 0
101 283 1692 0
102 284 327 0
102 550 284 0
102 558 867 0
103 9 107 0
103 32 290 0
103 290 564 0
104 101 559 0
104 288 101 0
105 289 561 0
105 1163 1757 0
106 97 1818 0
107 32 103 0
108 292 1165 0
108 293 576 0
109 273 547 0
109 877 566 0
110 18 306 0
111 35 113 0
111 113 578 0
111 578 115 0
112 25 116 0
112 116 300 0
113 35 295 0
114 299 881 0
114 881 569 0
114 1510 573 0
115 1 111 0
116 36 300 0
117 590 1704 0
117 591 1720 0
118 304 307 0
118 306 886 0
119 5 889 0
119 889 1169 0
119 890 39 0
120 39 589 0
121 324 757 0
121 757 1748 0
122 596 1705 0
123 596 321 0
126 459 325 0
126 469 69 0
127 1816 458 0
128 208 1693 0
128 1693 1694 0
128 1694 1695 0
128 1854 459 0
129 601 1389 0
129 604 902 0
131 1493 626 0
132 342 1800 0
132 1195 1338 0
132 1338 1099 0
133 14 1884 0
134 43 922 0
135 2 134 0
135 134 922 0
135 1761 44 0
136 1782 1759 0
137 103 564 0
137 564 345 0
137 987 691 0
138 562 874 0
138 1200 345 0
139 348 638 0
139 364 348 0
139 638 642 0
140 932 46 0
141 352 643 0
141 643 1784 0
141 1784 1883 0
142 130 643 0
142 355 130 0
142 643 352 0
142 1212 937 0
143 353 938 0
143 645 1208 0
144 350 928 0
144 358 357 0
145 19 485 0
145 485 803 0
146 943 953 0
146 953 959 0
146 959 1414 0
147 348 365 0
147 958 955 0
147 1762 638 0
148 659 961 0
148 662 663 0
148 663 960 0
149 3 665 0
149 664 367 0
150 368 666 0
150 667 369 0
151 158 1235 0
151 368 49 0
151 370 666 0
151 1235 962 0
152 373 1431 0
152 671 966 0
152 966 970 0
153 378 980 0
154 74 225 0
154 155 381 0
154 224 155 0
155 684 1255 0
156 145 685 0
158 49 367 0
158 367 664 0
158 384 1235 0
158 664 384 0
159 385 690 0
159 690 963 0
159 963 1236 0
160 9 691 0
161 53 1852 0
161 86 4 0
162 703 999 0
162 1260 392 0
163 472 793 0
163 475 698 0
163 698 1535 0
164 397 399 0
164 933 1002 0
164 994 995 0
165 403 1006 0
165 1006 411 0
166 184 1765 0
166 414 184 0
166 1264 406 0
167 170 171 0
167 171 1684 0
168 1016 622 0
168 1193 409 0
169 707 1682 0
169 1008 1010 0
170 167 708 0
170 169 1682 0
171 170 1683 0
171 1683 1753 0
171 1753 1764 0
172 712 1770 0
172 912 1783 0
172 1019 712 0
173 15 175 0
174 175 715 0
174 712 1450 0
174 1450 713 0
175 56 623 0
175 174 173 0
177 180 410 0
177 1007 1764 0
178 58 702 0
178 410 58 0
178 702 1001 0
179 55 710 0
179 180 1753 0
180 58 410 0
180 177 1753 0
180 179 181 0
180 701 1259 0
181 179 710 0
182 338 355 0
182 620 338 0
182 1258 997 0
183 59 1022 0
183 1037 59 0
184 13 1765 0
184 59 424 0
185 416 720 0
185 1311 446 0
186 60 191 0
186 61 188 0
186 188 445 0
186 445 1054 0
187 724 1529 0
187 1529 1401 0
188 61 423 0
188 203 445 0
188 422 203 0
189 183 422 0
189 422 423 0
190 737 1473 0
190 740 743 0
191 60 430 0
191 428 426 0
191 430 741 0
192 62 1820 0
192 429 1853 0
192 450 310 0
193 430 1710 0
193 741 430 0
194 1046 433 0
195 65 315 0
195 315 316 0
195 316 440 0
195 334 614 0
196 40 121 0
196 121 315 0
196 315 434 0
196 434 1393 0
196 1172 40 0
197 1042 1731 0
198 17 66 0
198 41 17 0
198 66 439 0
198 124 41 0
198 757 124 0
199 331 906 0
200 605 331 0
201 200 331 0
201 439 66 0
202 759 1053 0
203 732 717 0
204 192 1853 0
204 416 1856 0
204 720 416 0
205 312 452 0
205 452 773 0
206 126 457 0
206 457 1816 0
206 1700 1138 0
207 7 1687 0
207 68 1816 0
207 127 326 0
207 1687 1688 0
208 69 461 0
208 128 459 0
208 388 1693 0
209 782 841 0
209 1840 1519 0
210 466 785 0
210 468 1826 0
210 785 1858 0
211 1070 467 0
211 1309 469 0
212 70 695 0
212 695 1772 0
213 1698 1729 0
214 213 1729 0
214 400 1004 0
214 1729 1807 0
215 12 697 0
215 706 165 0
215 1709 221 0
216 213 402 0
216 402 796 0
216 796 1079 0
216 1078 1698 0
217 473 1699 0
217 678 375 0
218 1073 789 0
219 474 475 0
219 475 794 0
219 480 1080 0
220 375 1771 0
220 376 677 0
221 796 706 0
222 479 1327 0
222 480 481 0
223 73 393 0
223 392 482 0
223 991 392 0
224 154 225 0
224 225 801 0
224 374 155 0
224 487 374 0
226 20 154 0
226 154 381 0
226 381 484 0
227 10 340 0
227 76 489 0
227 341 76 0
227 489 491 0
228 676 1774 0
228 920 1635 0
230 232 490 0
230 490 1331 0
231 229 236 0
231 236 237 0
231 237 1686 0
231 483 229 0
231 806 483 0
232 230 489 0
232 492 1806 0
233 22 1332 0
233 524 252 0
234 233 808 0
235 502 809 0
235 504 1095 0
236 81 237 0
236 1090 81 0
237 79 1686 0
237 811 79 0
239 22 523 0
239 495 497 0
239 499 1879 0
239 523 1778 0
240 815 1091 0
240 1829 815 0
241 494 505 0
241 506 1828 0
241 805 1083 0
241 1095 506 0
242 10 1734 0
242 625 10 0
243 23 244 0
243 346 635 0
243 635 23 0
243 1199 346 0
244 23 820 0
244 511 1817 0
244 923 243 0
245 512 1817 0
245 519 1823 0
245 1823 1824 0
246 342 343 0
246 343 629 0
246 1694 1751 0
246 1750 1694 0
247 1178 898 0
247 1339 1861 0
248 242 514 0
248 249 624 0
248 624 625 0
249 248 514 0
249 514 515 0
249 916 624 0
250 521 1756 0
250 524 234 0
250 1756 1803 0
251 347 386 0
251 1852 387 0
252 523 22 0
253 527 843 0
253 529 844 0
253 843 1167 0
254 1479 1617 0
255 26 1132 0
255 533 532 0
256 1136 1839 0
256 1520 852 0
257 531 850 0
257 847 1371 0
257 850 1518 0
258 780 781 0
259 7 551 0
259 89 260 0
259 260 1687 0
259 551 1152 0
260 1688 1687 0
261 90 544 0
261 544 875 0
262 27 1669 0
262 91 266 0
262 264 535 0
263 261 532 0
263 532 533 0
263 533 1148 0
264 90 534 0
264 262 1669 0
264 534 1147 0
264 543 90 0
265 539 1143 0
266 91 779 0
266 1713 780 0
267 539 1140 0
267 859 1325 0
268 93 269 0
268 269 542 0
268 270 861 0
268 861 93 0
269 93 1164 0
269 1164 544 0
270 268 541 0
271 34 547 0
271 94 25 0
272 29 546 0
272 546 273 0
273 109 294 0
273 274 272 0
273 546 547 0
274 96 1690 0
274 294 28 0
275 30 288 0
275 92 1690 0
276 96 549 0
276 98 283 0
276 549 1154 0
276 1689 96 0
277 1154 551 0
278 99 873 0
278 1691 1749 0
279 99 280 0
279 280 820 0
279 1163 99 0
280 84 820 0
280 99 863 0
280 863 864 0
281 31 556 0
281 554 31 0
281 556 869 0
281 1722 1691 0
282 1157 1387 0
282 1175 1156 0
283 98 285 0
283 285 555 0
284 7 326 0
284 600 327 0
285 277 550 0
286 287 556 0
287 286 558 0
287 558 1158 0
288 30 101 0
288 104 291 0
289 104 872 0
289 105 1666 0
289 291 104 0
290 1666 105 0
290 1757 563 0
291 289 1666 0
291 1666 1819 0
292 26 565 0
292 108 574 0
292 565 1165 0
293 34 576 0
293 108 877 0
293 547 34 0
294 274 273 0
294 876 28 0
295 110 306 0
295 306 307 0
296 34 271 0
296 112 879 0
296 271 25 0
296 879 881 0
298 572 574 0
298 573 1372 0
298 574 299 0
298 1372 1670 0
299 114 573 0
299 573 298 0
299 574 576 0
299 576 577 0
299 577 881 0
300 36 301 0
300 567 879 0
300 879 112 0
301 297 575 0
301 578 297 0
302 1703 1780 0
303 117 1720 0
304 305 580 0
305 118 886 0
305 304 118 0
305 588 580 0
305 887 590 0
306 118 307 0
308 37 570 0
308 570 571 0
308 580 313 0
310 122 317 0
310 317 192 0
310 450 451 0
311 453 1702 0
312 205 311 0
312 311 584 0
312 584 582 0
313 303 1667 0
314 583 1702 0
314 587 583 0
314 766 1802 0
315 65 434 0
315 1748 316 0
316 199 440 0
317 62 192 0
317 122 318 0
318 122 595 0
318 595 1740 0
319 40 892 0
319 323 40 0
319 595 1705 0
320 123 321 0
320 582 585 0
320 1168 597 0
321 581 1697 0
322 597 125 0
322 1705 596 0
323 124 324 0
323 125 124 0
323 319 322 0
323 322 125 0
324 124 757 0
325 459 1854 0
325 1766 1706 0
326 903 600 0
327 599 102 0
327 600 893 0
328 1695 603 0
328 1766 1854 0
330 598 1766 0
330 901 902 0
330 902 604 0
331 199 201 0
331 605 1877 0
332 14 1021 0
332 333 609 0
332 609 1884 0
333 332 606 0
333 607 608 0
333 608 609 0
333 1275 607 0
334 195 440 0
334 1399 1467 0
335 913 1760 0
335 1760 1769 0
336 335 608 0
336 613 619 0
336 619 617 0
337 619 613 0
338 620 1194 0
339 131 340 0
339 340 625 0
339 624 1490 0
339 1335 1493 0
340 10 625 0
340 131 341 0
341 131 627 0
341 227 340 0
342 132 343 0
342 246 1751 0
344 132 1800 0
344 633 1195 0
344 694 1596 0
346 874 635 0
347 251 692 0
347 692 1804 0
348 147 638 0
348 364 639 0
349 931 1206 0
349 949 1420 0
349 1203 931 0
350 144 357 0
350 641 1231 0
351 642 140 0
352 141 46 0
353 47 648 0
353 143 399 0
353 648 938 0
354 645 930 0
354 926 936 0
354 934 1210 0
354 936 1211 0
355 142 937 0
355 338 130 0
355 356 182 0
355 937 356 0
356 647 1258 0
356 937 1213 0
356 1213 647 0
357 358 637 0
357 637 1762 0
357 641 350 0
358 144 1213 0
358 937 1212 0
359 647 1213 0
359 928 1214 0
360 372 965 0
360 649 1218 0
360 965 1241 0
361 944 1243 0
361 1536 1226 0
361 1680 1536 0
362 653 971 0
362 662 653 0
362 1240 652 0
363 654 1422 0
363 1743 654 0
364 45 369 0
364 667 668 0
365 348 639 0
365 639 1708 0
366 148 689 0
366 653 662 0
368 151 666 0
370 151 962 0
370 1234 669 0
371 670 969 0
371 969 970 0
372 145 803 0
372 360 1725 0
372 803 1238 0
372 939 145 0
373 152 970 0
373 672 1431 0
373 967 1239 0
374 487 1774 0
374 676 981 0
374 684 155 0
375 479 481 0
375 481 217 0
375 678 1771 0
376 220 1771 0
376 1602 1540 0
377 50 379 0
377 379 380 0
377 380 683 0
377 670 50 0
377 683 378 0
378 153 670 0
378 1251 1842 0
379 50 802 0
379 381 380 0
381 155 1255 0
381 379 484 0
382 156 685 0
383 1215 686 0
384 52 964 0
385 48 687 0
385 159 1216 0
385 687 690 0
386 521 251 0
386 924 1756 0
387 160 691 0
387 691 1763 0
388 208 461 0
388 389 1752 0
388 460 990 0
388 461 460 0
389 694 1696 0
389 990 1440 0
389 1696 1752 0
390 989 1772 0
390 1772 1814 0
391 1543 1595 0
392 991 162 0
393 73 477 0
393 477 1709 0
393 697 991 0
394 54 704 0
394 704 705 0
394 705 1003 0
395 699 1256 0
395 788 789 0
395 789 791 0
395 1256 993 0
396 700 1257 0
396 702 998 0
396 703 1001 0
397 164 995 0
397 353 399 0
397 995 1442 0
398 704 1441 0
399 143 1208 0
400 70 401 0
400 401 1005 0
401 415 1005 0
402 1004 403 0
403 165 706 0
404 401 212 0
404 718 415 0
405 407 1263 0
405 1004 400 0
405 1006 403 0
405 1262 1006 0
406 413 166 0
406 415 413 0
407 405 1005 0
407 406 1264 0
408 55 1682 0
408 168 409 0
408 409 710 0
408 707 168 0
409 620 710 0
409 1193 915 0
410 178 1261 0
410 1262 1443 0
411 12 215 0
411 215 165 0
411 1006 1261 0
412 178 1001 0
413 414 166 0
413 718 1866 0
414 59 184 0
414 413 1866 0
415 401 404 0
415 406 407 0
415 718 413 0
416 185 417 0
416 417 767 0
416 767 1856 0
417 185 446 0
417 446 1058 0
417 768 767 0
417 1058 768 0
418 1027 1184 0
418 1184 1464 0
419 723 725 0
419 724 1825 0
419 725 908 0
419 727 723 0
420 727 1825 0
420 1291 1029 0
421 729 1277 0
421 1024 1278 0
421 1278 1738 0
422 183 732 0
422 188 423 0
423 61 733 0
423 733 1039 0
424 13 184 0
424 734 13 0
424 1037 1038 0
425 427 1789 0
425 1471 1472 0
426 428 740 0
426 740 1033 0
427 425 737 0
427 737 739 0
427 739 744 0
427 744 746 0
427 1730 1789 0
428 191 741 0
428 741 1298 0
429 192 1820 0
429 193 1710 0
429 1710 1853 0
430 720 1710 0
431 742 1476 0
432 891 1477 0
432 1040 1475 0
433 745 194 0
433 1730 746 0
434 65 748 0
434 435 1393 0
435 434 748 0
435 748 749 0
435 751 1526 0
436 750 755 0
436 755 1047 0
436 1045 1306 0
437 728 1738 0
437 1278 1451 0
437 1451 1821 0
438 750 754 0
438 754 1283 0
438 1283 1745 0
439 199 316 0
439 201 199 0
439 316 1748 0
440 199 906 0
440 1399 334 0
441 460 1310 0
441 693 696 0
441 989 391 0
442 404 212 0
443 404 442 0
443 444 718 0
443 693 758 0
444 202 717 0
445 203 760 0
445 760 1054 0
447 210 1858 0
447 468 210 0
447 764 765 0
447 765 1053 0
448 764 763 0
449 762 761 0
449 764 785 0
450 192 204 0
450 1060 1857 0
451 67 1697 0
451 450 1857 0
452 455 456 0
452 456 773 0
453 311 205 0
453 773 1066 0
453 1323 1712 0
454 1856 767 0
454 1857 1060 0
455 67 1857 0
455 452 67 0
455 454 774 0
456 455 774 0
456 774 1065 0
457 126 325 0
457 1706 458 0
458 903 127 0
458 1706 598 0
458 1816 457 0
460 1308 1791 0
461 787 1308 0
462 1071 1367 0
463 779 783 0
463 782 1714 0
463 783 1123 0
464 258 781 0
464 545 258 0
464 781 784 0
464 784 1377 0
465 126 206 0
465 206 1138 0
465 469 126 0
465 1070 211 0
466 775 785 0
466 1052 1869 0
467 1052 211 0
467 1067 1324 0
467 1324 1869 0
468 447 759 0
468 786 1826 0
468 1310 786 0
469 465 211 0
470 631 918 0
470 988 1698 0
470 1078 795 0
471 71 1074 0
471 1073 218 0
472 163 790 0
472 790 791 0
472 791 1073 0
473 217 481 0
473 219 794 0
473 794 1699 0
474 219 1080 0
474 394 698 0
475 163 793 0
475 474 698 0
475 793 794 0
476 72 1685 0
476 631 795 0
477 73 1077 0
477 221 1709 0
477 799 1076 0
477 1076 221 0
478 1078 1079 0
478 1079 1827 0
479 222 481 0
479 375 220 0
479 1075 1327 0
480 219 473 0
480 222 1716 0
480 473 481 0
480 800 1080 0
482 54 792 0
482 1260 54 0
482 1715 223 0
483 801 1081 0
483 806 1876 0
483 1081 229 0
484 379 802 0
484 802 1082 0
484 804 226 0
485 19 804 0
486 72 1540 0
486 921 1754 0
487 224 801 0
487 483 1876 0
487 801 483 0
488 229 1081 0
488 501 229 0
489 230 491 0
489 492 232 0
490 232 1488 0
491 10 227 0
491 230 1084 0
491 1084 1085 0
491 1085 1734 0
492 76 628 0
492 628 1717 0
492 1717 1806 0
493 1489 500 0
494 241 1083 0
494 496 810 0
495 239 1778 0
495 502 1087 0
495 1504 1358 0
496 498 80 0
496 812 497 0
498 496 494 0
499 239 497 0
499 812 238 0
499 1089 1879 0
500 1090 501 0
501 236 229 0
501 488 500 0
502 810 1087 0
502 1358 809 0
503 82 1822 0
503 240 823 0
503 823 1107 0
503 1822 1829 0
504 235 809 0
504 815 1095 0
505 235 1095 0
505 810 235 0
506 1095 1829 0
507 819 1109 0
507 1109 1094 0
508 818 1735 0
508 828 818 0
508 1118 1117 0
509 828 1348 0
509 1108 1109 0
510 865 832 0
510 1155 865 0
511 84 519 0
511 244 820 0
511 245 1817 0
511 820 84 0
512 244 1817 0
512 245 835 0
512 1198 923 0
513 518 827 0
513 1343 1660 0
513 1660 1623 0
514 82 515 0
514 242 816 0
515 82 1107 0
515 516 249 0
516 515 824 0
516 824 1104 0
517 823 1836 0
517 824 1107 0
518 249 516 0
518 516 1104 0
518 916 249 0
519 245 511 0
519 510 1755 0
519 1155 510 0
519 1755 1823 0
520 835 1824 0
520 1120 1353 0
521 24 522 0
521 87 24 0
521 386 1756 0
522 161 1852 0
522 251 521 0
524 233 234 0
524 250 1803 0
524 1201 252 0
525 839 1360 0
525 842 841 0
525 1360 1124 0
526 253 1167 0
527 253 844 0
527 1509 1589 0
528 883 1851 0
528 1569 1479 0
529 253 526 0
530 846 1370 0
530 847 1134 0
531 37 1667 0
531 257 568 0
532 26 255 0
532 565 26 0
533 88 852 0
533 255 88 0
533 852 1148 0
534 263 1148 0
534 858 1147 0
535 264 1147 0
536 855 1146 0
536 857 1141 0
536 1146 1520 0
537 535 1145 0
537 540 91 0
538 1505 1571 0
538 1521 1381 0
538 1571 859 0
539 265 1140 0
539 267 540 0
539 537 1143 0
540 267 1072 0
540 537 539 0
541 27 1665 0
541 268 542 0
542 269 543 0
542 543 1669 0
543 264 1669 0
543 269 544 0
545 89 860 0
545 270 258 0
545 464 89 0
545 860 1153 0
546 271 547 0
547 293 109 0
548 549 96 0
548 876 93 0
549 548 861 0
549 1383 1154 0
550 102 867 0
550 277 551 0
550 867 285 0
551 1383 1152 0
552 100 862 0
553 868 1157 0
553 1157 1386 0
553 1722 868 0
554 278 873 0
554 281 278 0
554 873 1162 0
554 1162 1701 0
554 1701 31 0
555 285 867 0
555 286 1701 0
555 558 286 0
555 1692 283 0
556 287 870 0
557 868 869 0
557 869 870 0
557 870 1160 0
557 1160 1390 0
557 1524 868 0
558 102 599 0
558 555 867 0
558 599 1158 0
559 101 1692 0
559 1162 872 0
559 1692 1701 0
560 279 23 0
560 563 1757 0
560 635 874 0
561 289 872 0
561 872 1162 0
561 873 1163 0
562 138 345 0
562 345 564 0
563 564 290 0
563 874 562 0
564 563 562 0
565 261 875 0
565 532 261 0
565 875 1165 0
566 294 109 0
566 877 878 0
566 1164 876 0
567 300 301 0
567 301 575 0
567 575 1758 0
568 37 531 0
568 257 1371 0
569 1166 1723 0
570 568 880 0
570 880 1166 0
571 304 308 0
571 307 304 0
572 292 574 0
572 298 1670 0
575 1166 1758 0
576 34 577 0
576 574 108 0
577 296 881 0
578 113 297 0
579 302 1780 0
580 308 304 0
581 122 310 0
581 310 451 0
581 451 1697 0
582 320 321 0
582 321 1697 0
582 1697 312 0
583 311 1702 0
583 584 311 0
584 583 587 0
584 585 582 0
585 587 1392 0
585 1168 320 0
586 885 1170 0
586 888 593 0
587 314 888 0
587 585 584 0
587 586 1392 0
587 888 586 0
588 117 303 0
588 303 313 0
588 305 590 0
588 313 580 0
588 590 117 0
589 886 120 0
590 885 1704 0
590 887 885 0
591 117 1704 0
591 1171 1703 0
591 1704 592 0
592 593 888 0
593 885 586 0
594 317 318 0
594 318 1303 0
595 122 1705 0
595 319 892 0
595 892 1740 0
596 122 581 0
596 123 322 0
596 581 321 0
597 123 320 0
597 309 125 0
597 322 123 0
597 889 309 0
598 330 904 0
598 904 1179 0
598 1706 1766 0
599 327 893 0
599 893 1395 0
600 284 326 0
600 903 1527 0
601 129 899 0
601 896 1174 0
601 1174 1523 0
602 85 1495 0
602 329 603 0
602 603 1750 0
602 898 900 0
603 329 901 0
603 901 328 0
604 129 1388 0
604 904 330 0
604 1388 1522 0
605 16 1759 0
605 200 16 0
606 332 1021 0
606 1021 1276 0
606 1276 1275 0
607 336 608 0
607 613 336 0
607 1275 1274 0
608 335 1769 0
609 608 1769 0
609 907 1855 0
609 1855 1884 0
610 1019 1783 0
610 1274 1020 0
611 618 613 0
611 1405 911 0
612 609 1769 0
612 907 609 0
613 618 337 0
613 1274 611 0
614 334 730 0
614 1711 728 0
615 616 42 0
615 1051 1180 0
616 615 1180 0
616 1400 1809 0
617 335 336 0
618 911 914 0
619 337 725 0
619 723 617 0
620 181 710 0
620 182 181 0
621 130 1194 0
621 623 1784 0
621 714 623 0
622 1017 176 0
623 56 1784 0
624 339 625 0
624 916 1490 0
625 242 248 0
626 627 131 0
626 919 627 0
628 341 627 0
628 627 1532 0
628 807 1717 0
629 343 1099 0
629 1099 1336 0
629 1100 1101 0
630 632 1685 0
630 1531 632 0
630 1685 1754 0
630 1754 921 0
631 470 795 0
632 631 1685 0
632 1196 918 0
633 1406 1197 0
634 612 905 0
634 905 1785 0
634 907 612 0
635 560 23 0
636 138 346 0
636 346 1199 0
636 1501 1628 0
636 1634 1200 0
637 642 1762 0
637 932 642 0
637 1212 932 0
639 659 1708 0
639 668 669 0
639 669 659 0
640 927 1204 0
640 946 1726 0
641 147 955 0
641 357 1762 0
641 955 1231 0
642 351 139 0
642 638 1762 0
642 932 140 0
643 130 621 0
643 621 1784 0
644 935 1410 0
644 1211 1256 0
645 143 929 0
645 354 1210 0
645 929 930 0
646 936 1204 0
646 993 1211 0
647 47 1258 0
647 359 648 0
648 359 1214 0
649 360 1241 0
649 942 1218 0
650 944 1227 0
650 952 943 0
650 1243 944 0
651 1415 1676 0
651 1676 1727 0
651 1727 1728 0
652 661 362 0
652 1240 1675 0
652 1675 1847 0
653 687 48 0
654 656 1422 0
655 950 951 0
655 951 1707 0
656 948 1841 0
656 949 948 0
656 956 1422 0
657 1421 1228 0
658 955 958 0
658 956 1231 0
658 958 1425 0
659 148 960 0
659 960 1708 0
660 652 1847 0
660 954 1229 0
661 652 660 0
661 1229 663 0
662 148 366 0
662 362 661 0
662 661 663 0
663 1537 960 0
664 665 686 0
665 157 686 0
665 664 149 0
666 370 668 0
667 150 666 0
667 364 369 0
667 666 668 0
668 370 669 0
668 639 364 0
669 961 659 0
670 153 969 0
670 377 378 0
671 152 1431 0
672 1219 1414 0
672 1414 1675 0
673 973 1244 0
673 974 1429 0
673 1429 1538 0
674 976 1434 0
674 977 1438 0
674 1438 1604 0
675 983 1252 0
675 1436 1253 0
676 228 1635 0
676 374 1774 0
676 1635 1603 0
677 797 798 0
678 217 679 0
678 681 982 0
678 982 1771 0
679 71 680 0
679 217 71 0
680 471 984 0
681 678 679 0
681 679 1542 0
682 1251 683 0
682 1255 684 0
683 380 1255 0
683 1251 378 0
683 1255 682 0
684 374 981 0
684 981 983 0
684 983 682 0
685 145 939 0
685 939 986 0
686 157 383 0
686 1215 1787 0
687 653 366 0
688 52 1787 0
688 1215 1413 0
688 1217 1236 0
688 1236 52 0
689 687 366 0
689 690 687 0
690 689 1237 0
691 987 1763 0
692 251 387 0
692 387 1763 0
692 1202 1804 0
693 441 1310 0
693 443 442 0
694 344 1800 0
694 1595 1596 0
695 70 1807 0
695 1807 1814 0
696 442 212 0
696 693 442 0
696 1772 989 0
697 393 1709 0
698 394 1003 0
698 1003 1535 0
699 395 791 0
699 935 644 0
700 994 1257 0
701 180 181 0
701 181 182 0
701 182 997 0
702 58 1259 0
702 396 1001 0
703 162 1000 0
703 396 1257 0
703 1000 1001 0
704 54 1260 0
704 398 705 0
704 1260 1441 0
705 398 1209 0
706 215 221 0
706 402 403 0
706 796 402 0
707 169 1010 0
707 408 1682 0
707 1016 168 0
708 169 170 0
708 719 1023 0
709 1010 1008 0
710 55 408 0
711 1187 1018 0
711 1271 1805 0
711 1449 1014 0
712 715 1770 0
713 173 174 0
714 1193 176 0
715 175 623 0
715 176 1770 0
715 623 714 0
715 712 174 0
715 714 176 0
716 707 1009 0
716 1449 1016 0
717 202 203 0
717 718 444 0
717 1022 1866 0
718 404 443 0
718 717 1866 0
719 167 734 0
719 708 167 0
720 204 1853 0
720 430 60 0
721 1026 1282 0
721 1280 1281 0
721 1457 1744 0
722 187 1401 0
722 1027 1290 0
722 1031 187 0
723 42 913 0
723 619 725 0
724 187 726 0
724 419 908 0
725 337 1192 0
726 187 1031 0
726 1031 1032 0
726 1032 420 0
726 1825 724 0
727 419 1825 0
727 420 1029 0
728 748 65 0
728 1711 1738 0
729 421 1292 0
730 334 1467 0
730 1292 1711 0
731 1050 1611 0
732 203 422 0
732 1022 717 0
733 426 1033 0
733 1033 1297 0
733 1297 1843 0
734 424 1038 0
734 1038 1549 0
734 1549 719 0
735 1034 1834 0
735 1468 1637 0
735 1608 1470 0
736 1039 1296 0
736 1446 1038 0
737 190 739 0
737 425 1472 0
737 1472 1473 0
738 731 1294 0
738 1471 425 0
738 1789 1041 0
739 190 743 0
739 743 744 0
740 190 1033 0
740 428 742 0
740 742 743 0
741 1474 1298 0
742 428 1298 0
742 431 743 0
742 1298 1476 0
743 431 744 0
744 431 745 0
744 745 746 0
745 433 746 0
745 1300 1040 0
747 1041 1730 0
747 1307 1049 0
748 437 749 0
748 728 437 0
749 437 1821 0
750 436 1306 0
750 438 755 0
750 1306 1042 0
751 435 749 0
751 749 1731 0
751 1731 1732 0
752 194 1040 0
752 1477 1739 0
753 433 1046 0
753 747 433 0
753 1046 1880 0
753 1047 1307 0
754 1042 197 0
754 1744 1283 0
755 438 1048 0
756 1048 1808 0
757 198 439 0
757 439 1748 0
758 444 443 0
758 693 1310 0
758 759 444 0
759 202 444 0
759 447 1053 0
759 758 468 0
760 202 1053 0
760 203 202 0
760 1053 765 0
761 762 1868 0
761 763 449 0
761 1063 1313 0
762 775 1069 0
762 1057 1868 0
763 761 1313 0
764 447 1858 0
764 448 765 0
764 449 763 0
766 314 1702 0
766 1702 1712 0
766 1712 1733 0
766 1733 1802 0
767 768 770 0
769 1063 1062 0
770 454 767 0
770 771 454 0
770 1062 1061 0
771 770 1061 0
771 774 454 0
771 1061 1319 0
772 1316 1485 0
772 1663 1316 0
773 453 205 0
774 771 1322 0
775 449 785 0
775 466 1326 0
775 762 449 0
776 1507 1773 0
777 1070 1138 0
778 209 841 0
778 841 842 0
778 842 1126 0
778 1071 1840 0
779 463 1713 0
779 540 783 0
780 258 1665 0
780 1713 1714 0
781 780 1714 0
781 782 784 0
782 209 784 0
782 463 839 0
782 781 1714 0
782 839 841 0
783 540 1072 0
784 209 1519 0
785 764 1858 0
786 1310 1791 0
787 461 69 0
787 469 1309 0
787 1309 1308 0
788 11 1247 0
788 395 992 0
788 1247 1248 0
789 788 1435 0
790 699 791 0
790 935 699 0
790 1535 935 0
791 789 1073 0
792 474 1080 0
792 800 1715 0
794 793 1074 0
795 797 476 0
796 221 1076 0
797 478 798 0
797 677 72 0
797 795 478 0
798 478 1827 0
799 477 1077 0
799 1077 1328 0
799 1328 1827 0
800 73 1715 0
800 480 1716 0
800 792 1080 0
801 6 1081 0
801 225 6 0
802 371 966 0
802 966 1238 0
803 485 1082 0
803 1082 1238 0
804 484 1082 0
804 1082 485 0
805 241 1828 0
805 816 1085 0
806 231 1686 0
806 1330 1876 0
807 920 1767 0
808 77 1662 0
808 233 1332 0
808 1489 493 0
809 813 1768 0
809 1358 813 0
810 496 1087 0
810 502 235 0
810 505 494 0
811 80 498 0
811 490 79 0
811 1331 490 0
812 80 1088 0
812 499 497 0
813 817 1086 0
813 1358 1581 0
813 1581 1794 0
814 1086 1094 0
815 504 1091 0
816 242 1085 0
816 805 1828 0
816 1828 1830 0
817 813 1794 0
818 819 1881 0
818 1096 1735 0
819 507 1503 0
819 818 509 0
819 1657 1881 0
819 1850 1657 0
822 1344 1496 0
823 240 1106 0
823 517 1107 0
823 1106 1838 0
824 515 1107 0
824 822 1104 0
824 1344 822 0
825 1111 830 0
825 1873 1874 0
826 822 1496 0
826 827 822 0
826 1350 821 0
827 518 1104 0
827 826 821 0
827 1104 822 0
827 1343 513 0
828 508 1117 0
828 509 818 0
828 1117 1354 0
829 821 1350 0
829 1340 1799 0
829 1343 821 0
829 1350 1349 0
830 1111 1350 0
830 1873 825 0
831 1113 1646 0
832 1333 1351 0
833 832 1351 0
833 1114 1500 0
834 1354 1117 0
835 83 512 0
835 245 1824 0
835 520 1116 0
835 1116 1355 0
836 510 832 0
836 832 833 0
836 833 1500 0
836 1500 1120 0
836 1755 510 0
837 252 1201 0
837 523 252 0
838 1139 1378 0
838 1378 1585 0
838 1380 1521 0
838 1521 1151 0
839 463 1123 0
839 525 841 0
839 1123 1360 0
840 1124 1362 0
840 1362 1364 0
840 1366 1508 0
842 525 1361 0
842 1361 1630 0
843 527 1587 0
844 529 845 0
844 1128 1129 0
845 254 1559 0
845 529 254 0
846 530 848 0
847 257 1518 0
847 530 1370 0
847 1370 1371 0
847 1518 1679 0
848 849 1133 0
848 1133 1673 0
848 1134 849 0
848 1671 846 0
849 1134 1678 0
849 1135 1136 0
850 531 1667 0
850 1667 1668 0
850 1668 1718 0
850 1718 1741 0
851 260 1377 0
851 1137 1138 0
851 1700 260 0
852 88 1136 0
852 1136 256 0
853 265 855 0
853 855 856 0
853 856 1151 0
853 1140 265 0
853 1150 1140 0
854 1141 1144 0
855 265 1143 0
855 1141 856 0
855 1143 1146 0
856 1139 1151 0
857 256 1779 0
857 1520 256 0
858 534 1148 0
858 1145 1147 0
858 1148 1379 0
859 1150 538 0
859 1487 1325 0
860 259 1152 0
860 1152 1153 0
861 270 1153 0
861 548 93 0
862 553 1386 0
862 1385 1384 0
863 552 864 0
864 552 1384 0
865 1155 1384 0
866 832 865 0
869 556 870 0
869 868 1722 0
870 287 1158 0
870 1158 1160 0
871 1161 1592 0
871 1390 1396 0
871 1396 1398 0
872 104 559 0
873 561 1162 0
874 346 138 0
874 563 560 0
875 544 878 0
875 878 1165 0
876 294 566 0
876 548 28 0
877 108 1165 0
877 109 293 0
878 877 1165 0
879 567 881 0
880 568 1371 0
880 1510 1723 0
882 526 1167 0
882 579 1832 0
882 1167 1513 0
882 1511 579 0
882 1831 526 0
883 528 1831 0
883 1831 1832 0
884 1059 1863 0
884 1733 1059 0
885 593 1704 0
885 887 1724 0
886 18 120 0
886 589 887 0
886 887 305 0
887 589 1724 0
888 1802 592 0
889 5 309 0
889 597 1168 0
890 119 1169 0
890 1724 589 0
891 594 1301 0
891 1299 62 0
891 1301 1477 0
892 1172 1394 0
892 1305 1740 0
893 600 1397 0
894 1177 1864 0
894 1391 1525 0
894 1864 1875 0
895 1342 1870 0
896 601 899 0
896 897 1177 0
896 899 1178 0
896 1177 1174 0
896 1178 897 0
897 247 1859 0
897 895 1177 0
897 1871 895 0
898 602 1495 0
898 1495 247 0
899 129 902 0
899 900 1178 0
899 902 329 0
900 329 602 0
900 898 1178 0
900 899 329 0
901 1766 328 0
902 901 329 0
903 326 127 0
903 1179 1527 0
904 604 1522 0
905 612 1760 0
905 1181 1785 0
905 1760 1809 0
907 43 1855 0
907 634 922 0
907 922 43 0
908 725 1191 0
908 1182 1529 0
909 1184 1186 0
909 1185 1554 0
909 1186 1594 0
910 914 1188 0
910 1188 1805 0
911 618 611 0
911 1405 1188 0
912 172 1017 0
913 42 616 0
913 335 617 0
913 616 1809 0
913 617 723 0
914 910 1402 0
914 1192 618 0
915 714 621 0
915 1193 714 0
916 513 1623 0
916 518 513 0
916 1623 1490 0
917 919 626 0
917 1195 633 0
917 1493 1337 0
918 390 1814 0
918 631 632 0
918 1196 390 0
919 633 1197 0
919 917 633 0
919 1532 627 0
920 228 1767 0
920 486 1635 0
920 807 1532 0
921 486 920 0
921 1532 1197 0
922 634 1761 0
923 244 512 0
923 1198 1577 0
923 1577 1199 0
924 347 1407 0
924 386 347 0
925 349 1420 0
925 1420 1677 0
926 354 930 0
926 930 1674 0
927 640 1726 0
927 646 1204 0
928 359 144 0
929 143 938 0
929 931 930 0
929 1409 1846 0
930 931 1737 0
931 929 1846 0
931 1203 1737 0
932 1212 352 0
933 164 399 0
933 399 1208 0
933 1207 1411 0
934 354 1211 0
934 1207 1210 0
934 1410 1207 0
936 646 1211 0
936 926 1204 0
937 358 1213 0
938 648 1214 0
938 1214 1409 0
939 372 1725 0
939 940 986 0
940 939 1725 0
940 941 1413 0
941 940 1218 0
941 1216 1217 0
941 1217 1413 0
942 385 1216 0
942 649 971 0
942 971 48 0
942 1216 1218 0
943 146 1219 0
943 952 953 0
943 1428 650 0
944 1226 1227 0
945 361 974 0
945 974 975 0
945 975 1727 0
946 640 1221 0
946 1220 1223 0
946 1221 1419 0
946 1223 1726 0
947 1222 1245 0
947 1224 1416 0
947 1245 1246 0
948 1408 1841 0
949 349 1206 0
949 654 1420 0
949 656 654 0
950 363 951 0
950 655 1417 0
950 1225 1743 0
951 363 1232 0
951 1232 1421 0
952 650 1227 0
952 657 953 0
952 1707 657 0
953 657 1228 0
953 954 959 0
954 660 959 0
954 953 1228 0
954 1228 1423 0
955 658 1231 0
956 656 1841 0
956 658 957 0
956 957 1422 0
956 1230 1231 0
957 658 1425 0
957 1232 1422 0
958 147 365 0
958 365 1426 0
959 660 1847 0
960 1426 1708 0
961 669 1234 0
961 689 148 0
962 964 1427 0
963 690 1237 0
963 1237 1427 0
963 1427 1860 0
964 52 1236 0
964 962 1235 0
964 1236 1860 0
965 671 1241 0
965 966 671 0
966 371 970 0
966 965 1238 0
967 373 970 0
967 968 1239 0
968 967 1430 0
968 1428 1219 0
969 153 1432 0
969 967 970 0
969 1430 967 0
971 649 972 0
971 972 1240 0
972 649 1241 0
972 1241 1431 0
972 1675 1240 0
973 673 1538 0
973 977 1434 0
973 1538 1242 0
974 361 1243 0
974 673 975 0
974 1243 1433 0
975 673 1244 0
976 674 1249 0
976 1244 1434 0
976 1249 1833 0
976 1833 1882 0
977 674 1434 0
977 973 1242 0
977 1242 1250 0
977 1250 1438 0
978 979 1247 0
978 1245 1833 0
979 978 1249 0
979 1249 1604 0
979 1437 1248 0
980 378 1842 0
980 1439 1250 0
981 676 1603 0
982 681 1436 0
982 1436 1252 0
982 1601 1771 0
983 675 682 0
983 981 1603 0
984 218 1539 0
984 471 218 0
984 1254 680 0
984 1437 1254 0
985 1253 1436 0
985 1254 1541 0
985 1439 1253 0
985 1541 1439 0
986 382 685 0
986 940 1413 0
986 1413 1786 0
986 1786 382 0
987 137 345 0
987 345 1200 0
987 1202 1763 0
988 470 918 0
988 918 1814 0
989 390 1196 0
989 441 696 0
989 1196 391 0
990 389 388 0
990 441 391 0
990 460 441 0
991 223 393 0
993 646 1205 0
993 992 395 0
993 1205 992 0
994 164 1002 0
994 398 1441 0
994 700 995 0
994 1002 398 0
995 700 996 0
995 996 1442 0
996 997 1442 0
997 998 701 0
997 1258 1442 0
998 700 396 0
998 702 1259 0
998 996 700 0
998 997 996 0
999 703 1257 0
999 1257 1441 0
1000 162 991 0
1000 412 1001 0
1002 1411 1209 0
1003 705 1209 0
1003 1412 1535 0
1004 213 214 0
1004 402 213 0
1004 405 403 0
1005 405 400 0
1005 415 407 0
1007 166 1765 0
1007 1443 1264 0
1008 169 708 0
1008 708 1023 0
1009 707 1010 0
1009 709 1265 0
1010 709 1009 0
1011 1012 1267 0
1012 709 1008 0
1012 1008 1023 0
1012 1011 709 0
1012 1023 1547 0
1013 1269 1469 0
1014 716 1265 0
1014 1015 711 0
1014 1449 716 0
1015 1014 1266 0
1015 1266 1788 0
1015 1271 711 0
1016 707 716 0
1017 622 1273 0
1017 1018 912 0
1017 1770 176 0
1018 1187 912 0
1018 1273 1449 0
1019 172 1783 0
1019 610 1020 0
1020 1274 1275 0
1020 1276 1450 0
1021 713 1276 0
1022 414 1866 0
1022 732 183 0
1023 719 1548 0
1024 421 1277 0
1024 1280 1282 0
1024 1466 1280 0
1025 1279 1453 0
1025 1466 1290 0
1026 197 1451 0
1026 721 1744 0
1026 754 197 0
1027 418 1279 0
1027 722 1186 0
1027 1279 1290 0
1028 418 1464 0
1028 1464 1555 0
1029 615 42 0
1030 722 1290 0
1030 729 1031 0
1030 1277 729 0
1030 1290 1466 0
1031 722 1030 0
1031 729 1032 0
1032 729 1292 0
1033 190 1473 0
1034 735 1470 0
1034 738 1294 0
1034 1294 1834 0
1034 1295 1471 0
1035 735 1834 0
1035 1294 1552 0
1035 1468 735 0
1035 1552 1456 0
1036 1286 1468 0
1037 183 189 0
1037 189 736 0
1037 736 1038 0
1038 1446 1549 0
1039 189 423 0
1039 733 1843 0
1039 736 189 0
1040 194 745 0
1040 1300 1475 0
1040 1477 752 0
1041 731 738 0
1042 754 750 0
1042 1306 1732 0
1043 751 1732 0
1043 1304 1593 0
1043 1306 1478 0
1043 1526 751 0
1044 1301 1303 0
1044 1303 1305 0
1044 1305 1593 0
1045 1046 1672 0
1045 1047 1880 0
1046 194 752 0
1046 752 1672 0
1046 1045 1880 0
1047 753 1880 0
1047 755 1048 0
1047 1045 436 0
1047 1048 1307 0
1048 438 1745 0
1048 756 1307 0
1048 1745 1808 0
1049 1041 747 0
1049 1307 756 0
1050 731 1041 0
1050 756 1458 0
1050 1041 1049 0
1050 1049 756 0
1051 615 1291 0
1051 1291 1467 0
1051 1467 1399 0
1052 210 1826 0
1052 466 210 0
1052 467 1869 0
1054 185 60 0
1054 760 1311 0
1054 1311 185 0
1055 1056 1810 0
1055 1620 1056 0
1056 1068 1810 0
1057 762 1068 0
1057 1315 1868 0
1057 1560 1315 0
1058 446 448 0
1058 448 763 0
1058 763 1313 0
1058 769 768 0
1059 1314 1851 0
1059 1712 1323 0
1059 1851 1863 0
1060 204 1856 0
1060 450 204 0
1061 1482 1319 0
1062 768 769 0
1062 770 768 0
1062 1318 1061 0
1063 761 1315 0
1063 769 1313 0
1063 1318 1062 0
1064 1317 1559 0
1064 1480 1485 0
1065 774 1322 0
1065 1322 1567 0
1065 1486 1566 0
1065 1566 456 0
1066 773 1566 0
1066 1323 453 0
1066 1644 1622 0
1067 462 1367 0
1067 467 462 0
1067 1570 776 0
1068 1056 1057 0
1068 1069 1773 0
1068 1773 1810 0
1069 776 1773 0
1069 1068 762 0
1069 1326 1324 0
1070 462 467 0
1070 465 1138 0
1070 777 462 0
1071 462 777 0
1071 777 1137 0
1071 778 1126 0
1071 1137 1840 0
1072 267 1325 0
1072 1123 783 0
1072 1325 1572 0
1072 1572 1123 0
1073 471 1074 0
1073 1074 472 0
1074 793 472 0
1074 1699 794 0
1075 220 677 0
1075 479 220 0
1075 677 798 0
1075 798 1328 0
1076 1079 796 0
1077 73 1329 0
1078 216 1079 0
1078 470 1698 0
1078 478 795 0
1079 799 1827 0
1079 1076 799 0
1082 802 1238 0
1083 498 494 0
1083 805 1084 0
1083 1084 1331 0
1083 1331 498 0
1084 230 1331 0
1084 805 1085 0
1085 242 1734 0
1086 814 1091 0
1086 1768 813 0
1087 496 497 0
1087 497 495 0
1088 238 812 0
1088 811 237 0
1089 238 1090 0
1089 499 238 0
1089 1489 1332 0
1090 236 501 0
1090 500 1489 0
1091 814 1106 0
1091 1106 240 0
1091 1768 1086 0
1092 1108 1776 0
1092 1498 1862 0
1093 1092 1347 0
1093 1108 1092 0
1094 817 507 0
1094 1086 817 0
1094 1093 814 0
1094 1109 1093 0
1095 241 505 0
1095 815 1829 0
1096 818 1881 0
1096 1502 1578 0
1096 1578 1735 0
1096 1657 1848 0
1097 1175 1176 0
1097 1176 1334 0
1097 1333 1878 0
1098 1574 1338 0
1098 1624 1574 0
1099 343 132 0
1099 1338 1574 0
1099 1574 1336 0
1100 629 1336 0
1101 1100 1339 0
1101 1339 1495 0
1101 1495 85 0
1102 1342 1871 0
1102 1859 1861 0
1103 1344 1835 0
1103 1496 1344 0
1105 1092 1862 0
1105 1836 1838 0
1108 509 1348 0
1108 1110 1776 0
1109 819 509 0
1109 1108 1093 0
1110 1348 1354 0
1110 1354 1792 0
1110 1792 1811 0
1111 825 1121 0
1111 1121 1777 0
1113 831 1351 0
1113 1097 1334 0
1114 831 1112 0
1114 833 831 0
1114 1112 1777 0
1114 1121 1499 0
1114 1499 1500 0
1115 834 1116 0
1115 1116 1353 0
1115 1353 1352 0
1115 1576 1626 0
1115 1626 834 0
1116 520 1353 0
1116 834 1355 0
1117 1355 834 0
1118 83 1355 0
1118 1735 1736 0
1119 1352 1874 0
1120 520 1755 0
1121 825 1874 0
1121 1114 1777 0
1122 1580 1357 0
1122 1581 1797 0
1122 1659 1579 0
1122 1794 1581 0
1123 1572 1360 0
1124 840 1508 0
1124 1360 1362 0
1124 1361 525 0
1125 1362 1582 0
1125 1363 1583 0
1126 1570 1367 0
1127 1129 1130 0
1127 1130 1369 0
1127 1380 838 0
1128 844 845 0
1128 1317 1481 0
1129 1127 1585 0
1130 1129 1128 0
1130 1481 1643 0
1131 1378 854 0
1131 1509 1378 0
1131 1586 1589 0
1132 1670 1671 0
1132 1671 1673 0
1133 849 1136 0
1134 847 1679 0
1134 848 530 0
1135 1373 1839 0
1135 1678 1746 0
1136 88 1133 0
1136 1135 1839 0
1137 777 1138 0
1137 851 1519 0
1137 1519 1840 0
1139 856 1142 0
1141 855 536 0
1141 857 1144 0
1141 1142 856 0
1142 1141 854 0
1143 537 1145 0
1143 1145 1146 0
1144 857 1779 0
1144 1586 854 0
1144 1779 1812 0
1145 535 1147 0
1145 858 1146 0
1146 858 1379 0
1146 1379 1520 0
1148 852 1379 0
1150 267 1140 0
1150 853 1151 0
1150 859 267 0
1151 1139 838 0
1151 1521 1150 0
1153 270 545 0
1153 1152 1383 0
1153 1383 861 0
1154 277 98 0
1155 519 84 0
1155 864 1384 0
1156 866 1385 0
1156 1175 1878 0
1156 1333 866 0
1157 282 1386 0
1157 868 1524 0
1158 599 1395 0
1159 1388 1389 0
1159 1389 1523 0
1159 1528 1591 0
1160 1158 1395 0
1160 1395 1173 0
1161 1391 1592 0
1163 105 561 0
1163 279 560 0
1163 560 1757 0
1163 873 99 0
1164 566 878 0
1164 878 544 0
1166 38 571 0
1166 569 1758 0
1166 571 570 0
1166 575 38 0
1166 880 1723 0
1169 889 1168 0
1169 1170 890 0
1170 885 1724 0
1170 1392 586 0
1171 591 592 0
1171 592 1802 0
1171 884 1780 0
1172 196 1393 0
1172 1393 1394 0
1173 1397 1528 0
1175 282 1781 0
1175 1097 1878 0
1175 1781 1875 0
1176 1175 1875 0
1176 1865 1870 0
1177 895 1864 0
1178 247 897 0
1179 458 598 0
1179 903 458 0
1179 904 1522 0
1179 1522 1527 0
1180 1400 616 0
1181 1658 1877 0
1181 1782 1785 0
1182 908 1191 0
1182 1185 1594 0
1183 1190 1189 0
1183 1402 1530 0
1183 1530 1615 0
1184 909 1463 0
1184 1027 1186 0
1184 1463 1464 0
1185 909 1594 0
1185 1182 1190 0
1186 722 1401 0
1186 1401 1594 0
1187 711 1805 0
1188 914 911 0
1188 1187 1805 0
1188 1405 1187 0
1189 914 1402 0
1189 1191 1192 0
1189 1402 1183 0
1190 1182 1191 0
1190 1183 1615 0
1190 1615 1185 0
1191 725 1192 0
1191 1189 1190 0
1192 337 618 0
1192 914 1189 0
1193 168 622 0
1193 622 176 0
1194 130 338 0
1194 409 915 0
1194 620 409 0
1194 915 621 0
1195 132 344 0
1195 917 1337 0
1195 1337 1338 0
1197 630 921 0
1197 1532 919 0
1198 83 1736 0
1198 512 83 0
1199 243 923 0
1200 138 636 0
1200 1202 987 0
1200 1634 1202 0
1201 524 1803 0
1201 924 1407 0
1201 1407 1598 0
1201 1598 837 0
1201 1803 924 0
1202 692 1763 0
1202 1534 1804 0
1203 349 925 0
1203 640 1674 0
1203 1221 640 0
1203 1674 1737 0
1204 1674 640 0
1205 646 927 0
1205 927 1416 0
1206 931 1846 0
1206 948 949 0
1207 1208 1210 0
1207 1410 1411 0
1208 645 1210 0
1208 1207 933 0
1209 398 1002 0
1209 1411 1412 0
1211 644 934 0
1211 993 1256 0
1212 142 352 0
1212 637 358 0
1213 144 359 0
1214 1408 1409 0
1215 383 51 0
1215 688 1787 0
1216 159 1217 0
1216 941 1218 0
1217 159 1236 0
1217 688 1413 0
1218 1725 360 0
1219 146 1414 0
1219 672 1239 0
1219 1239 968 0
1219 1428 943 0
1220 1222 1223 0
1220 1419 1418 0
1221 925 1419 0
1221 1203 925 0
1222 947 1223 0
1222 1415 651 0
1222 1728 1245 0
1223 947 1416 0
1224 947 1246 0
1224 1205 1416 0
1224 1246 1247 0
1225 950 1417 0
1225 1417 1681 0
1225 1420 1743 0
1226 944 361 0
1226 1417 655 0
1227 655 1707 0
1227 1226 655 0
1228 1421 1424 0
1229 661 660 0
1229 1423 1537 0
1229 1537 663 0
1230 350 1231 0
1230 928 350 0
1230 956 1841 0
1232 363 1422 0
1232 957 1424 0
1233 960 1537 0
1233 1423 1424 0
1233 1424 1425 0
1233 1425 1426 0
1233 1426 960 0
1233 1537 1423 0
1234 370 962 0
1234 962 1427 0
1234 1427 1237 0
1235 384 964 0
1236 963 1860 0
1237 689 961 0
1237 961 1234 0
1238 965 372 0
1239 672 373 0
1240 362 971 0
1241 671 1431 0
1242 153 980 0
1242 1432 153 0
1243 650 1428 0
1243 1428 1433 0
1244 973 1434 0
1244 1882 975 0
1245 978 1246 0
1245 1728 1882 0
1246 978 1247 0
1247 979 1248 0
1248 1435 788 0
1248 1539 1435 0
1249 674 1604 0
1249 978 1833 0
1250 1242 980 0
1251 682 675 0
1251 1253 1842 0
1252 983 1603 0
1252 1436 675 0
1253 980 1842 0
1253 1251 675 0
1253 1439 980 0
1254 985 1542 0
1254 1437 1541 0
1255 380 381 0
1256 699 644 0
1257 994 1441 0
1258 47 1442 0
1258 182 356 0
1259 701 998 0
1260 162 999 0
1260 482 392 0
1260 999 1441 0
1261 178 412 0
1261 412 411 0
1261 1006 1262 0
1262 405 1263 0
1262 410 1261 0
1262 1263 1443 0
1263 1264 1443 0
1264 166 1007 0
1264 1263 407 0
1265 709 1011 0
1265 716 1009 0
1265 1266 1014 0
1266 1265 1011 0
1266 1268 1788 0
1267 1448 1447 0
1267 1547 1605 0
1268 1266 1447 0
1268 1272 1788 0
1268 1447 1801 0
1269 1287 1289 0
1269 1801 1448 0
1270 1268 1801 0
1270 1289 1613 0
1270 1616 1268 0
1271 910 1805 0
1271 1015 1272 0
1271 1272 1845 0
1271 1404 910 0
1272 1015 1788 0
1272 1268 1616 0
1272 1403 1845 0
1272 1616 1403 0
1273 622 1016 0
1273 1016 1449 0
1273 1018 1017 0
1274 610 611 0
1274 613 607 0
1275 333 606 0
1276 1020 1275 0
1277 1030 1466 0
1278 437 1738 0
1278 1024 1282 0
1278 1282 1451 0
1279 418 1452 0
1279 1025 1290 0
1279 1452 1453 0
1280 721 1282 0
1280 1025 1281 0
1281 1025 1453 0
1281 1457 721 0
1281 1550 1284 0
1282 1026 1451 0
1283 1457 1553 0
1284 1285 1553 0
1285 1284 1460 0
1285 1458 1461 0
1285 1461 1553 0
1285 1612 1458 0
1286 1036 1455 0
1286 1287 1293 0
1287 1269 1013 0
1287 1286 1465 0
1288 1463 1554 0
1289 1270 1269 0
1289 1556 1613 0
1291 420 1032 0
1291 615 1029 0
1291 1032 1292 0
1291 1292 1467 0
1292 421 1711 0
1292 730 1467 0
1293 1287 1013 0
1293 1468 1286 0
1294 1035 1834 0
1295 1034 1470 0
1296 1039 1843 0
1296 1446 736 0
1296 1843 1844 0
1297 1033 1473 0
1298 1474 1476 0
1299 193 429 0
1299 429 1820 0
1299 432 1475 0
1299 891 432 0
1299 1474 193 0
1300 745 431 0
1301 594 1303 0
1301 1044 1302 0
1301 1302 1477 0
1302 1044 1304 0
1302 1304 1478 0
1302 1672 1739 0
1303 318 1740 0
1304 1043 1478 0
1304 1044 1593 0
1305 892 1394 0
1305 1303 1740 0
1305 1394 1593 0
1306 1043 1732 0
1306 1045 1478 0
1307 747 753 0
1308 460 461 0
1308 786 1791 0
1309 211 1052 0
1309 786 1308 0
1309 1826 786 0
1310 460 1791 0
1310 468 758 0
1311 448 446 0
1311 760 765 0
1311 765 448 0
1312 1506 1359 0
1312 1583 1629 0
1313 769 1058 0
1314 528 1851 0
1314 1059 1323 0
1315 761 1868 0
1315 1560 1484 0
1316 1064 1485 0
1316 1663 1664 0
1317 845 1559 0
1317 1064 1664 0
1317 1128 845 0
1317 1651 1481 0
1318 1483 1561 0
1319 1568 1567 0
1320 772 1568 0
1320 1482 1561 0
1320 1621 1663 0
1321 772 1485 0
1321 1486 1567 0
1321 1558 1618 0
1322 771 1319 0
1322 1319 1567 0
1323 1066 1622 0
1324 776 1069 0
1324 1067 776 0
1325 1487 1572 0
1326 1069 775 0
1326 1869 1324 0
1327 1075 1328 0
1327 1328 1329 0
1327 1716 222 0
1328 798 1827 0
1328 1077 1329 0
1329 800 1716 0
1330 806 1488 0
1330 1488 1806 0
1330 1767 1774 0
1330 1774 1876 0
1331 811 498 0
1332 1879 1089 0
1333 832 866 0
1333 1097 1113 0
1333 1113 1351 0
1333 1156 1878 0
1334 1176 1870 0
1334 1646 1113 0
1334 1656 1646 0
1335 339 1490 0
1335 1337 1493 0
1335 1490 1573 0
1337 1098 1338 0
1337 1492 1098 0
1339 247 1495 0
1339 1100 1494 0
1339 1494 1849 0
1339 1849 1861 0
1340 1112 1646 0
1340 1656 1799 0
1341 1575 1813 0
1341 1625 1654 0
1342 895 1871 0
1342 1102 1775 0
1343 827 821 0
1343 829 1790 0
1344 517 1835 0
1344 824 517 0
1345 1103 1872 0
1345 1119 1873 0
1345 1497 1119 0
1346 830 1496 0
1346 1103 1345 0
1346 1345 1873 0
1346 1496 1103 0
1347 814 1093 0
1347 1092 1105 0
1347 1106 814 0
1347 1838 1106 0
1348 828 1354 0
1348 1110 1108 0
1349 1112 1340 0
1349 1340 829 0
1349 1777 1112 0
1350 826 830 0
1350 1111 1349 0
1351 831 833 0
1352 1353 1499 0
1353 1120 1499 0
1354 834 1626 0
1354 1626 1792 0
1355 1117 1118 0
1356 1501 1502 0
1357 1580 1850 0
1358 502 495 0
1358 1504 1795 0
1359 840 1364 0
1359 1365 1366 0
1359 1506 1365 0
1360 1572 1582 0
1360 1582 1362 0
1361 1124 1508 0
1361 1508 1630 0
1362 1125 1364 0
1363 1505 1629 0
1363 1571 1505 0
1364 1125 1583 0
1364 1583 1359 0
1365 1506 1055 0
1365 1507 1584 0
1365 1584 1366 0
1365 1810 1507 0
1366 840 1359 0
1367 1071 1126 0
1367 1570 1067 0
1368 1149 1369 0
1368 1382 1149 0
1368 1652 1562 0
1369 1130 1643 0
1371 1370 1510 0
1372 573 1510 0
1372 846 1670 0
1372 1370 846 0
1373 1135 1746 0
1373 1517 1632 0
1373 1631 1812 0
1373 1632 1631 0
1373 1779 1839 0
1374 1511 1513 0
1374 1516 1514 0
1375 1590 1742 0
1376 1678 1679 0
1376 1746 1678 0
1377 260 89 0
1377 784 1519 0
1377 1519 851 0
1378 1139 1142 0
1378 1142 854 0
1378 1509 1585 0
1379 852 1520 0
1380 1127 1369 0
1380 1369 1149 0
1381 1149 1382 0
1381 1380 1149 0
1381 1521 1380 0
1382 1505 1381 0
1382 1562 1629 0
1382 1629 1505 0
1383 549 861 0
1383 551 1154 0
1384 552 862 0
1384 1385 865 0
1385 862 1386 0
1385 866 865 0
1385 1386 1156 0
1386 282 1156 0
1387 1157 1524 0
1387 1524 1592 0
1387 1592 1391 0
1387 1781 282 0
1388 129 1389 0
1388 1159 1591 0
1389 601 1523 0
1390 871 1592 0
1391 894 1781 0
1391 1161 1525 0
1392 1168 585 0
1392 1169 1168 0
1392 1170 1169 0
1393 435 1526 0
1394 1393 1526 0
1395 1397 1173 0
1396 1160 1173 0
1396 1173 1398 0
1396 1390 1160 0
1397 600 1527 0
1397 1395 893 0
1397 1527 1528 0
1398 1159 1523 0
1398 1161 871 0
1398 1173 1528 0
1399 440 906 0
1399 906 1658 0
1400 905 1809 0
1400 1180 1658 0
1400 1181 905 0
1401 1529 1594 0
1402 910 1404 0
1402 1404 1530 0
1403 1404 1845 0
1404 1271 1845 0
1405 611 610 0
1405 912 1187 0
1405 1783 912 0
1406 630 1197 0
1406 1531 630 0
1407 1533 1598 0
1408 928 1230 0
1408 948 1206 0
1408 1206 1409 0
1408 1214 928 0
1408 1230 1841 0
1409 929 938 0
1409 1206 1846 0
1410 934 644 0
1410 935 1412 0
1411 1002 933 0
1411 1410 1412 0
1412 935 1535 0
1412 1003 1209 0
1413 1215 1786 0
1414 959 1847 0
1415 1220 1418 0
1415 1222 1220 0
1415 1418 1680 0
1416 1726 1223 0
1417 1226 1536 0
1417 1536 1681 0
1418 1225 1681 0
1418 1677 1225 0
1419 925 1677 0
1419 1220 946 0
1420 654 1743 0
1420 1225 1677 0
1421 1232 1424 0
1421 1707 951 0
1423 1228 1424 0
1423 1229 954 0
1424 957 1425 0
1425 958 1426 0
1426 365 1708 0
1427 964 1860 0
1429 974 1433 0
1430 969 1432 0
1430 1432 1600 0
1431 672 1675 0
1432 1242 1538 0
1432 1538 1600 0
1433 968 1600 0
1433 1428 968 0
1435 218 789 0
1437 984 1539 0
1438 1250 1439 0
1438 1541 1604 0
1439 1541 1438 0
1440 694 389 0
1440 990 391 0
1440 1595 694 0
1443 177 410 0
1443 1007 177 0
1444 1544 1546 0
1444 1545 1605 0
1444 1547 1548 0
1444 1548 1544 0
1446 1296 1445 0
1446 1445 1606 0
1447 1011 1267 0
1447 1266 1011 0
1447 1448 1801 0
1448 1267 1605 0
1448 1469 1269 0
1449 711 1018 0
1450 712 1019 0
1450 1019 1020 0
1450 1276 713 0
1451 197 1821 0
1452 418 1028 0
1452 1551 1610 0
1452 1610 1453 0
1453 1550 1281 0
1454 1465 1286 0
1454 1551 1555 0
1455 1454 1286 0
1455 1456 1612 0
1455 1459 1639 0
1456 1036 1035 0
1456 1455 1036 0
1456 1552 1612 0
1457 1281 1284 0
1457 1283 1744 0
1457 1284 1553 0
1458 756 1461 0
1458 1552 1611 0
1458 1611 1050 0
1459 1455 1612 0
1460 1284 1550 0
1460 1612 1285 0
1461 756 1808 0
1462 1288 1554 0
1462 1403 1650 0
1462 1530 1403 0
1462 1554 1615 0
1462 1615 1530 0
1463 909 1554 0
1463 1288 1464 0
1465 1289 1287 0
1465 1454 1555 0
1465 1556 1289 0
1466 1024 1277 0
1466 1025 1280 0
1468 1035 1036 0
1469 1448 1605 0
1469 1607 1013 0
1470 1608 1636 0
1470 1636 1638 0
1470 1638 1557 0
1471 738 1034 0
1471 1295 1472 0
1472 1295 1557 0
1473 1472 1557 0
1473 1867 1297 0
1474 741 193 0
1474 1299 1475 0
1475 1476 1474 0
1476 1300 431 0
1476 1475 1300 0
1477 1040 432 0
1477 1302 1739 0
1478 1045 1672 0
1479 254 529 0
1479 529 526 0
1479 1569 1617 0
1479 1831 528 0
1480 254 1617 0
1480 1064 1559 0
1480 1617 1558 0
1481 1130 1128 0
1482 1061 1318 0
1482 1320 1568 0
1482 1568 1319 0
1483 1063 1315 0
1483 1315 1484 0
1483 1318 1063 0
1485 1480 1558 0
1486 1321 1618 0
1486 1644 1566 0
1487 859 1571 0
1487 1125 1582 0
1487 1571 1125 0
1488 232 1806 0
1488 1686 79 0
1489 808 1332 0
1489 1089 1090 0
1491 1100 1336 0
1491 1336 1574 0
1491 1574 1645 0
1492 1335 1573 0
1492 1337 1335 0
1492 1573 1624 0
1493 131 339 0
1493 917 626 0
1494 1100 1491 0
1494 1341 1775 0
1494 1625 1341 0
1494 1775 1849 0
1496 830 826 0
1497 1345 1498 0
1497 1498 1811 0
1498 1092 1776 0
1498 1345 1872 0
1498 1776 1811 0
1499 1120 1500 0
1499 1874 1352 0
1501 636 1199 0
1501 1199 1577 0
1501 1356 1628 0
1502 1096 1647 0
1502 1501 1577 0
1502 1577 1578 0
1503 507 817 0
1503 1794 1357 0
1504 495 1778 0
1504 1627 1797 0
1505 538 1381 0
1506 1565 1620 0
1508 1366 1584 0
1508 1584 1630 0
1510 114 1723 0
1510 880 1371 0
1510 1370 1372 0
1511 302 579 0
1511 882 1513 0
1511 1374 1512 0
1511 1512 302 0
1512 1374 1514 0
1512 1375 1721 0
1513 843 1515 0
1513 1167 843 0
1514 1375 1512 0
1515 1374 1513 0
1515 1587 1588 0
1516 1374 1515 0
1516 1515 1588 0
1516 1590 1514 0
1516 1632 1590 0
1517 1373 1746 0
1517 1376 1590 0
1517 1590 1632 0
1518 850 1741 0
1518 1741 1742 0
1520 857 536 0
1521 538 1150 0
1522 1388 1591 0
1523 1161 1398 0
1523 1174 1525 0
1524 557 1390 0
1524 1390 1592 0
1525 1161 1523 0
1525 1174 1177 0
1525 1177 894 0
1526 1043 1593 0
1527 1522 1591 0
1528 1159 1398 0
1528 1527 1591 0
1529 724 908 0
1529 1182 1594 0
1530 1404 1403 0
1531 1406 1596 0
1532 807 628 0
1532 921 920 0
1533 1407 1534 0
1533 1534 1599 0
1533 1648 1598 0
1534 347 1804 0
1534 1407 347 0
1534 1634 1599 0
1535 790 163 0
1536 1680 1681 0
1538 1429 1600 0
1539 218 1435 0
1539 1248 1437 0
1540 677 376 0
1541 1437 1604 0
1542 679 680 0
1542 680 1254 0
1542 985 1436 0
1542 1436 681 0
1543 391 1196 0
1543 632 1531 0
1543 1196 632 0
1543 1596 1595 0
1544 1549 1606 0
1544 1606 1546 0
1545 1546 1649 0
1545 1637 1607 0
1546 1545 1444 0
1546 1606 1609 0
1547 1023 1548 0
1547 1267 1012 0
1547 1444 1605 0
1548 1549 1544 0
1549 1446 1606 0
1549 1548 719 0
1550 1453 1610 0
1550 1459 1460 0
1550 1610 1459 0
1551 1028 1555 0
1551 1452 1028 0
1551 1454 1639 0
1552 1458 1612 0
1553 1745 1283 0
1555 1464 1288 0
1556 1465 1555 0
1556 1555 1288 0
1556 1614 1613 0
1557 1295 1470 0
1557 1638 1867 0
1558 1321 1485 0
1558 1617 1653 0
1559 254 1480 0
1560 1057 1056 0
1560 1642 1484 0
1561 1482 1318 0
1561 1483 1484 0
1561 1484 1641 0
1562 1382 1368 0
1562 1640 1563 0
1562 1652 1640 0
1563 1312 1629 0
1563 1640 1564 0
1564 1312 1563 0
1564 1565 1312 0
1564 1640 1793 0
1565 1506 1312 0
1566 773 456 0
1567 1486 1065 0
1567 1568 1321 0
1568 772 1321 0
1569 528 1314 0
1569 1314 1622 0
1569 1622 1653 0
1570 1126 1630 0
1570 1507 776 0
1571 1363 1125 0
1572 1487 1582 0
1573 1490 1623 0
1573 1623 1655 0
1574 1624 1645 0
1575 1341 1654 0
1575 1660 1790 0
1575 1790 1799 0
1575 1799 1813 0
1576 1115 1352 0
1576 1119 1497 0
1576 1352 1119 0
1576 1497 1792 0
1577 1198 1578 0
1578 1198 1736 0
1579 1597 1633 0
1579 1633 1580 0
1580 1122 1579 0
1580 1647 1848 0
1580 1848 1850 0
1581 1358 1795 0
1581 1795 1797 0
1583 1312 1359 0
1583 1363 1629 0
1584 1507 1570 0
1584 1570 1630 0
1585 527 844 0
1585 844 1129 0
1585 1127 838 0
1585 1509 527 0
1586 1131 854 0
1586 1144 1812 0
1587 527 1589 0
1587 1515 843 0
1587 1589 1588 0
1588 1632 1516 0
1589 1509 1131 0
1589 1586 1631 0
1589 1631 1588 0
1590 1375 1514 0
1590 1376 1742 0
1593 1394 1526 0
1595 1440 391 0
1596 633 344 0
1596 1406 633 0
1596 1543 1531 0
1597 1579 1659 0
1599 1597 1533 0
1599 1633 1597 0
1600 968 1430 0
1600 1429 1433 0
1601 376 1771 0
1601 982 1252 0
1602 376 1601 0
1602 1601 1603 0
1602 1635 1540 0
1603 1601 1252 0
1604 1437 979 0
1605 1607 1469 0
1607 1293 1013 0
1607 1605 1545 0
1609 1606 1445 0
1609 1636 1649 0
1610 1551 1639 0
1611 1294 731 0
1611 1552 1294 0
1612 1460 1459 0
1613 1614 1650 0
1613 1650 1616 0
1614 1288 1462 0
1614 1462 1650 0
1614 1556 1288 0
1615 1554 1185 0
1616 1270 1613 0
1617 1569 1653 0
1618 1558 1653 0
1619 1651 1664 0
1619 1663 1796 0
1619 1664 1663 0
1620 1055 1506 0
1620 1560 1056 0
1621 1320 1561 0
1621 1641 1747 0
1621 1747 1796 0
1622 1314 1323 0
1622 1644 1653 0
1624 1098 1492 0
1624 1573 1655 0
1625 1494 1491 0
1626 1576 1792 0
1627 523 837 0
1627 1648 1659 0
1627 1778 523 0
1628 1356 1633 0
1628 1599 1634 0
1628 1634 636 0
1629 1562 1563 0
1630 1126 842 0
1631 1586 1812 0
1632 1588 1631 0
1633 1599 1628 0
1634 1534 1202 0
1635 486 1540 0
1635 1602 1603 0
1636 1608 1649 0
1637 1293 1607 0
1637 1468 1293 0
1637 1545 1649 0
1637 1608 735 0
1637 1649 1608 0
1638 1609 1445 0
1638 1636 1609 0
1638 1844 1867 0
1639 1454 1455 0
1639 1459 1610 0
1640 1619 1793 0
1640 1652 1619 0
1641 1621 1561 0
1642 1560 1620 0
1642 1565 1564 0
1642 1620 1565 0
1642 1641 1484 0
1642 1747 1641 0
1643 1368 1369 0
1643 1651 1652 0
1644 1066 1566 0
1644 1486 1618 0
1644 1618 1653 0
1645 1624 1655 0
1645 1625 1491 0
1645 1654 1625 0
1645 1655 1654 0
1646 1112 831 0
1646 1656 1340 0
1647 1096 1848 0
1647 1356 1502 0
1647 1580 1633 0
1647 1633 1356 0
1648 837 1598 0
1648 1533 1597 0
1648 1597 1659 0
1648 1627 837 0
1649 1546 1609 0
1650 1403 1616 0
1651 1317 1664 0
1651 1643 1481 0
1652 1368 1643 0
1652 1651 1619 0
1655 1623 1660 0
1656 1342 1798 0
1656 1798 1813 0
1656 1870 1342 0
1657 1096 1881 0
1658 331 1877 0
1658 906 331 0
1658 1051 1399 0
1658 1180 1051 0
1658 1181 1400 0
1659 1797 1627 0
1660 1343 1790 0
1660 1575 1654 0
1660 1654 1655 0
1661 87 250 0
1661 250 234 0
1662 234 808 0
1662 1661 234 0
1663 772 1320 0
1663 1621 1796 0
1664 1064 1316 0
1665 258 270 0
1665 270 541 0
1666 32 1819 0
1666 290 32 0
1667 303 1668 0
1668 1719 1721 0
1668 1720 1719 0
1670 846 1671 0
1670 1132 572 0
1671 848 1673 0
1672 752 1739 0
1672 1302 1478 0
1673 88 255 0
1673 255 1132 0
1674 930 1737 0
1674 1204 926 0
1675 972 1431 0
1675 1414 1847 0
1676 361 945 0
1676 945 1727 0
1676 1415 1680 0
1676 1680 361 0
1677 1418 1419 0
1678 1134 1679 0
1678 1135 849 0
1679 1742 1376 0
1680 1418 1681 0
1682 1683 170 0
1683 179 1753 0
1683 1682 55 0
1684 171 1764 0
1684 1764 1765 0
1685 72 1754 0
1685 631 476 0
1686 1488 806 0
1688 68 207 0
1688 260 1700 0
1689 275 1690 0
1689 276 30 0
1691 100 1749 0
1691 278 281 0
1692 555 1701 0
1693 388 1752 0
1693 1751 1694 0
1695 328 128 0
1695 1750 603 0
1696 342 1751 0
1696 1751 1752 0
1696 1800 342 0
1698 213 216 0
1698 988 1729 0
1699 1074 71 0
1700 851 1138 0
1701 1162 559 0
1702 453 1712 0
1703 302 1719 0
1703 1171 1780 0
1703 1720 591 0
1704 593 592 0
1705 322 319 0
1706 457 325 0
1707 952 1227 0
1707 1421 657 0
1709 215 697 0
1710 720 1853 0
1711 421 1738 0
1711 614 730 0
1712 1059 1733 0
1713 266 779 0
1713 463 1714 0
1715 482 792 0
1716 1327 1329 0
1717 1330 1806 0
1717 1767 1330 0
1718 1375 1741 0
1718 1668 1721 0
1719 302 1512 0
1719 1512 1721 0
1719 1720 1703 0
1720 1668 303 0
1721 1375 1718 0
1722 100 1691 0
1722 281 869 0
1723 114 569 0
1724 890 1170 0
1725 1218 940 0
1726 1416 927 0
1727 975 1882 0
1728 1222 651 0
1728 1727 1882 0
1729 988 1807 0
1730 427 746 0
1730 433 747 0
1730 1041 1789 0
1731 1042 1732 0
1731 1821 197 0
1733 884 1171 0
1733 1171 1802 0
1735 1118 508 0
1735 1578 1736 0
1741 1375 1742 0
1742 1679 1518 0
1743 363 950 0
1744 754 1026 0
1745 1461 1808 0
1745 1553 1461 0
1746 1376 1517 0
1747 1564 1793 0
1747 1642 1564 0
1747 1793 1796 0
1748 315 121 0
1749 552 863 0
1749 863 278 0
1750 1695 1694 0
1751 1693 1752 0
1753 177 1764 0
1755 520 1823 0
1755 836 1120 0
1756 924 1803 0
1757 290 105 0
1758 569 881 0
1758 881 567 0
1759 1877 605 0
1759 1885 136 0
1760 612 1769 0
1760 913 1809 0
1761 135 922 0
1761 634 1785 0
1762 147 641 0
1764 1007 1765 0
1766 325 1854 0
1766 901 330 0
1767 228 1774 0
1767 1717 807 0
1768 504 809 0
1768 1091 504 0
1770 1017 172 0
1772 695 1814 0
1772 696 212 0
1773 1507 1810 0
1774 487 1876 0
1775 1102 1849 0
1775 1798 1342 0
1776 1110 1811 0
1777 1349 1111 0
1778 1627 1504 0
1779 256 1839 0
1779 1373 1812 0
1780 1863 579 0
1781 894 1875 0
1781 1387 1391 0
1782 136 1815 0
1782 1181 1877 0
1783 1405 610 0
1784 56 1883 0
1785 44 1761 0
1785 1782 1815 0
1786 51 382 0
1789 738 425 0
1790 829 1799 0
1792 1497 1811 0
1793 1619 1796 0
1794 1122 1357 0
1794 1503 817 0
1795 1504 1797 0
1797 1659 1122 0
1798 1341 1813 0
1798 1775 1341 0
1799 1656 1813 0
1800 1696 694 0
1801 1269 1270 0
1802 888 314 0
1807 988 1814 0
1810 1365 1055 0
1816 127 207 0
1818 291 1819 0
1821 1731 749 0
1822 506 1829 0
1822 1830 506 0
1823 520 1824 0
1825 726 420 0
1826 1309 1052 0
1828 506 1830 0
1829 240 503 0
1830 1822 82 0
1831 882 1832 0
1831 1479 526 0
1832 579 1863 0
1832 1851 883 0
1833 1245 1882 0
1835 517 1836 0
1835 1836 1837 0
1835 1872 1103 0
1836 823 1838 0
1836 1105 1837 0
1837 1105 1862 0
1837 1862 1872 0
1838 1347 1105 0
1840 209 778 0
1843 1297 1844 0
1844 1297 1867 0
1844 1445 1296 0
1844 1638 1445 0
1848 1657 1850 0
1849 1102 1861 0
1850 819 1503 0
1850 1503 1357 0
1851 1832 1863 0
1852 251 522 0
1854 128 328 0
1855 133 1884 0
1856 454 1060 0
1857 454 455 0
1859 247 1861 0
1859 1102 1871 0
1862 1498 1872 0
1863 1780 884 0
1864 895 1865 0
1864 1865 1875 0
1865 895 1870 0
1865 1176 1875 0
1867 1473 1557 0
1869 1326 466 0
1870 1656 1334 0
1871 897 1859 0
1872 1835 1837 0
1873 830 1346 0
1873 1119 1874 0
1874 1499 1121 0
1877 1759 1782 0
1879 1332 22 0
1882 1244 976 0
1885 1759 16 0

End
