MeshVersionFormatted 1

Dimension
2

Vertices
6775
0.0 0.0 1
1.0 0.0 1
1.0 1.0 1
0.0 1.0 1
1.0 0.5 1
0.5 1.0 1
0.2578987211094091 0.5044705906772197 0
0.0 0.5 1
0.0 0.75 1
0.25 1.0 1
0.37580571409610086 0.7483143906481332 0
0.735136355850484 0.7350317749532019 0
0.5423725136842031 0.5169379846419941 0
0.3940057555183917 0.5811836722598378 0
0.7648796041296398 0.3376639509719898 0
0.666024323376716 0.4545932673664144 0
0.7961285446391198 0.45374954213378765 0
1.0 0.25 1
1.0 0.375 1
0.8834136638918796 0.3850679388969973 0
0.75 0.0 1
0.625 0.0 1
0.6870716788503447 0.13054977042111485 0
0.38215362107129797 0.36298054000870567 0
0.4695276225291263 0.3372147942266057 0
0.25 0.0 1
0.3778462452071403 0.19145673318538234 0
0.3583156275026535 0.48313819894620713 0
0.5676617040356304 0.8524430440712213 0
0.75 1.0 1
0.625 1.0 1
0.375 1.0 1
0.2874230530989231 0.6514034215873571 0
0.12452724445520888 0.8794539257247087 0
0.125 1.0 1
0.0 0.25 1
0.19320492444416232 0.28485596354668835 0
0.30308618053382874 0.28027292975209567 0
0.251432794855198 0.38112438724441355 0
0.10589009845129321 0.40650893907714253 0
0.0 0.375 1
0.1951481037042185 0.6069785515407928 0
0.0 0.625 1
0.0 0.125 1
0.5853882839372673 0.147621913226827 0
0.8785402769398293 0.1478018312734449 0
1.0 0.125 1
0.875 0.0 1
1.0 0.75 1
0.7851385561997454 0.6367335878632189 0
0.841713376455258 0.8604617561959504 0
0.8980085774229201 0.7914805151390308 0
1.0 0.875 1
0.692190942060669 0.8697739196270199 0
0.591588095514761 0.8988416314165161 0
0.875 1.0 1
0.0 0.875 1
0.4678465626889427 0.5460328217059618 0
0.6897600195421816 0.6661516115416818 0
0.5802657344594967 0.5451636031093178 0
0.699025176635389 0.4132996093462444 0
0.777993294988861 0.4110716317136975 0
0.7106783729798045 0.4469147800226477 0
1.0 0.43617111448856505 1
1.0 0.3201363240370199 1
0.8332347043725736 0.3652256991071387 0
0.9748684233320961 0.3634903661953993 0
0.8483364275963206 0.4150558421184364 0
0.7045293007341247 0.47753946020650034 0
0.6285832960352152 0.43036932575779385 0
0.7105095638763941 0.31597241558049416 0
0.6105439094579173 0.3347369611242337 0
0.591294233027854 0.27290702201411676 0
0.6873881673633553 0.0 1
0.5591665398735995 0.0 1
0.6788125602040553 0.20105240150862722 0
0.716043070021457 0.06015674343501839 0
0.49568194988391284 0.4727238762218551 0
0.4270742715531758 0.4199113182968642 0
0.4864706320249328 0.30092517095044724 0
0.4353953742595556 0.3473952720533425 0
0.5485245554280787 0.5434388055686267 0
0.642272975291912 0.6526833705343911 0
0.5142370740683276 0.9131165895041354 0
0.5640797535528019 1.0 1
0.6792840804900379 1.0 1
0.3138501521153192 1.0 1
0.4947779796641718 0.881038384140644 0
0.3942290658160362 0.9365611696239294 0
0.28137787557570343 0.8102349478921163 0
0.2310223800218243 0.7367936065537998 0
0.23699261243178113 0.6788707552379781 0
0.3464833912574564 0.6062595029731161 0
0.32651176746417465 0.7008149038512999 0
0.18057087892654292 1.0 1
0.11568449762843053 0.9583169801425285 0
0.15523599446187483 0.8883231317123428 0
0.3463481420244738 0.24094017185452535 0
0.24784429496350743 0.2793941380143813 0
0.24839495638705675 0.4540679591509155 0
0.22144071829291598 0.3309866005970357 0
0.2799715216146187 0.3327150082788717 0
0.31354242715788505 0.37120455669198255 0
0.1561203807124709 0.40647014812011384 0
0.0 0.31403903240266745 1
0.0 0.4379518746454716 1
0.025847526164172775 0.392335211945515 0
0.10317340159617537 0.47314911191230336 0
0.1956640004357498 0.6489029951707608 0
0.147221677109941 0.555925699061021 0
0.0 0.5599149532181532 1
0.0 0.688631883698839 1
0.13467631957558557 0.2971025693278308 0
0.08425133173160954 0.3536653994269014 0
0.18348874537085197 0.0 1
0.02896055866924581 0.17620227164667607 0
0.0 0.05859006545080982 1
0.3105494457656273 0.17518416430420958 0
0.4922759791526056 0.03133841708931109 0
0.43917144639346906 0.0 1
0.31801928685008285 0.0 1
0.36515850463824867 0.14328872861023406 0
0.5227000333249187 0.1336332658032075 0
0.5171539930808082 0.08867893029974235 0
0.3435225604236329 0.5038395036587416 0
0.3639744711675029 0.5676770395827998 0
0.9518517697606128 0.22277774424437605 0
0.8055697315575391 0.2939407807210121 0
0.8726389039075554 0.33649306201935075 0
0.9034644945051725 0.420360974996524 0
0.42038613105237843 0.6942047320199418 0
0.4130976498132657 0.6354451077703999 0
1.0 0.18001873095864176 1
1.0 0.055921810743509326 1
0.9440781892564907 0.0 1
0.8111163098985837 0.7071915682144398 0
1.0 0.6853475331197464 1
0.7674628923621069 0.6725821550342683 0
0.7999003775032169 0.5803316608514418 0
0.8818219860256843 0.7383325490526829 0
1.0 0.9395727577404045 1
1.0 0.8116434115609106 1
0.7575654398493021 0.8670403418650571 0
0.6987991955948771 0.8078084982645978 0
0.6476678790437315 0.8292037233311489 0
0.5977547852130286 0.9610608001696089 0
0.5698437522287848 0.880418557115734 0
0.6219363919920412 0.884899198116838 0
0.8103507306753324 1.0 1
0.9433925751802138 1.0 1
0.9688644925424245 0.8920120813255348 0
0.0 0.814969891618214 1
0.0 0.9431885952846392 1
0.04800647636859635 0.8730545397216842 0
0.4974743974739324 0.5376289298604413 0
0.4302456731017824 0.56362357584392 0
0.6756798918072149 0.6335390939082491 0
0.6632314198280532 0.679779617722261 0
0.7125476611777893 0.6999455102364107 0
0.7527014066729882 0.6508839426598324 0
0.558616272493501 0.5270227159882483 0
0.6173719978873492 0.5679138436411437 0
0.6460638051349987 0.45824109719837375 0
0.5887476589257122 0.5132563459471745 0
0.7261258751952174 0.3872701783284777 0
0.6843598937294059 0.4293375204935911 0
0.7905780406478091 0.43555696765945284 0
0.7769887328084791 0.3982327911964107 0
0.7475020506382356 0.4392726055786157 0
0.7108022682516447 0.43307345595172975 0
0.7645968446227138 0.4660513154750757 0
0.6824436279718821 0.4482552462940321 0
0.8062163824172147 0.47129581075556337 0
1.0 0.28748050507695094 1
0.8103913930277525 0.3602794238399615 0
0.9514829065736624 0.3484536387897671 0
0.9240400767404516 0.3806667182449417 0
0.9733363165444371 0.39937336718769906 0
0.8893062315768328 0.4404081709509137 0
0.8191868473914415 0.42824256751874124 0
0.8741355260564494 0.40014860792288004 0
0.8105347340929053 0.41135968804910955 0
0.8567183157577136 0.39925382782378227 0
0.6995372690123858 0.4571957374351533 0
0.6813980029437102 0.4700262014648456 0
0.6781342569967984 0.5872834563540724 0
0.8102004177298617 0.5261058491633013 0
0.6020710143115343 0.3954133630050912 0
0.6559325663803213 0.4436524230169062 0
0.6688208058490396 0.42079485573403674 0
0.7330670908211793 0.32621700239281326 0
0.7394330508016324 0.2528640286668669 0
0.6764182789438952 0.30311297137261045 0
0.5820961378823921 0.3568489308845132 0
0.6351228574684894 0.3130828014255835 0
0.5742173448841388 0.3229673890320442 0
0.5604370247158322 0.26277466038730185 0
0.5695224114079855 0.2916871908383551 0
0.6237839951539877 0.27665325097668486 0
0.718666025358263 0.0 1
0.5908564082690301 0.029300614089147803 0
0.691534093512411 0.17839334766833329 0
0.6305874644130894 0.1736021619272803 0
0.6622766065839141 0.23870513206907853 0
0.6625539830670161 0.03559600690721354 0
0.700578078962246 0.03138149824731112 0
0.7336644173157596 0.03235586028489937 0
0.4788072002803256 0.49805431603697886 0
0.4563861766542774 0.4328968465537626 0
0.45613096634068107 0.3622014246684267 0
0.4762334712564365 0.3106571604408804 0
0.5090309207910638 0.2989147515246835 0
0.4571710047602094 0.33056150889826974 0
0.4112082321688818 0.353566998212369 0
0.48123834248616415 0.33520377086534486 0
0.4974852868319383 0.36934544271295633 0
0.3294210853186317 0.48353169976738825 0
0.26841216470647694 0.49803956263606974 0
0.3885097950252031 0.5568712816151035 0
0.44543654635655966 0.44427526530164446 0
0.5483505659365789 0.5273286912391395 0
0.5589827032463173 0.5678991946665922 0
0.56655544463896 0.5458626661436613 0
0.6618363668706029 0.7074915170128742 0
0.7087950666933504 0.7243846554648594 0
0.6891524512287264 0.6888391227295231 0
0.6518104779971403 0.6238802367607854 0
0.628205922009436 0.6230703384427976 0
0.6372516661819186 0.6693674209480156 0
0.47509996785915043 0.9111921132857645 0
0.4849640055460076 0.9546715493856335 0
0.5561581186128319 0.9075092228250162 0
0.5428850417173966 0.9522799767530756 0
0.7120021727008174 1.0 1
0.4188127188437024 0.7544058231825135 0
0.2822773953997469 1.0 1
0.3447482265601794 1.0 1
0.41294152153051056 1.0 1
0.5351670516256948 0.8735052884426874 0
0.5055261546009326 0.8472005592333656 0
0.40286735265033297 0.9698700431690042 0
0.41965015674919554 0.8710400079533054 0
0.26476722202158354 0.977637101106693 0
0.3592941225166517 0.7834921341251102 0
0.3113975532832762 0.815187448644026 0
0.33179303328519666 0.7798453931644758 0
0.29663930873713823 0.7597635666441939 0
0.3492816393216741 0.7581389604807505 0
0.2638464927592561 0.6641888803598244 0
0.21370819339433758 0.6943017896941416 0
0.37866304913802673 0.6027173902230405 0
0.3207553158660781 0.6317618549710046 0
0.33930748181510395 0.6570368105878664 0
0.35396281907374944 0.7269900421332645 0
0.30773155418243137 0.6810142782216663 0
0.0662937559379042 0.947690425154696 0
0.08749823144697902 1.0 1
0.21314167353320565 1.0 1
0.08625318658928101 0.8957276204211285 0
0.24940614266766817 0.9542239917586585 0
0.2735736132468401 0.8890741774137423 0
0.26213886112384804 0.8490781531552565 0
0.1286832876767265 0.9150529396678815 0
0.17990931938509389 0.9033293054867705 0
0.32316784476403826 0.30249482008175305 0
0.35708283211313985 0.3400544938523047 0
0.3237467499968953 0.26185932580116167 0
0.3621915830786973 0.21272452497719396 0
0.22356321896859319 0.2807328991842247 0
0.27511574985565185 0.27878654613541115 0
0.25362681280192445 0.4258773002593008 0
0.2501151546524593 0.47904120509128434 0
0.27600216107455655 0.47371124779935697 0
0.20711956792250652 0.310774123738945 0
0.23662147553285767 0.3620621497284294 0
0.234021680220661 0.3084240775277535 0
0.2505513837175459 0.330807331074225 0
0.2890196481216602 0.3068306643471593 0
0.26705974915109176 0.3568437167292156 0
0.3075061818368001 0.3264714327415236 0
0.32487293463038236 0.34310872795879044 0
0.2927085049166754 0.3520845210950665 0
0.3421555883221917 0.36403656638758913 0
0.281839475161567 0.37853122538440265 0
0.3394843017995397 0.4070447616337585 0
0.057852411152037354 0.4403832534107068 0
0.0340215986154512 0.463499863446483 0
0.20422692675347764 0.3856234857669369 0
0.12673087474653869 0.4006842032555393 0
0.0 0.28242351680695665 1
0.0 0.3448856150466747 1
0.0 0.40659054690537144 1
0.029474870553196406 0.4231310551026957 0
0.054915479095634774 0.4048579275755409 0
0.11768716578317981 0.49103499810863005 0
0.06934213522038778 0.4782000101104224 0
0.21647812073372433 0.5110381231734104 0
0.21186981420026701 0.4952807823716776 0
0.1691999757142086 0.5167450694638336 0
0.20285702443731674 0.6197600751262384 0
0.19277925025597212 0.6718736127853017 0
0.21148964472822257 0.6577102516763216 0
0.21512616342098503 0.6189609813057326 0
0.2115331939759568 0.6276082834073684 0
0.2627143268695588 0.6285046546616299 0
0.15760046713589496 0.5353770964799135 0
0.1794329520616844 0.5814233842159757 0
0.196474078760886 0.5470434226802576 0
0.2096470631492714 0.5749062488047354 0
0.21846794293157912 0.5988012623042065 0
0.07282954952361197 0.5356215106579203 0
0.057583084304174886 0.6723756188422919 0
0.0 0.6571092786286502 1
0.0 0.7195887789370554 1
0.029602081802717665 0.30036621043097755 0
0.1315733234011761 0.3368263190188104 0
0.08359913870734426 0.3833750338119346 0
0.08421389233246393 0.33434233485687426 0
0.0672454599522996 0.3601611129853662 0
0.21560758696881538 0.0 1
0.15336520585164803 0.0 1
0.08740932094777477 0.0 1
0.028219869458730555 0.26617407349157046 0
0.13137423794186276 0.16029945250416697 0
0.0 0.21652433685184191 1
0.07883963434495009 0.1445650333912752 0
0.20792371732808718 0.2514821356776832 0
0.23394538724153782 0.25104874377327746 0
0.4850978164481549 0.0701729925015651 0
0.4707969150571663 0.12166393229645191 0
0.44320925367424413 0.15576769733499127 0
0.2856469273891217 0.0 1
0.34422835286391323 0.05799631438692544 0
0.3569102449292751 0.11287513320159263 0
0.6292246990887572 0.13576135390081231 0
0.6504724096009363 0.14314878757992122 0
0.5699069150913573 0.1721173789931016 0
0.4976072909303769 0.12969241542594392 0
0.5063504574239511 0.156504186215505 0
0.6235563024182884 0.04818693954318 0
0.5858652317451801 0.12676596630549422 0
0.5866433671750861 0.09778570119754895 0
0.4920424770594915 0.10370151887649588 0
0.5132388585074058 0.11301644614525438 0
0.5530857901821168 0.08092097962968314 0
0.26301566983418 0.5201362273296204 0
0.3814341543224333 0.5825204421096493 0
0.3486292738181429 0.5523932859367996 0
0.3542117777033696 0.5934745676431211 0
0.29973908969620555 0.6256477950235947 0
0.32934541163200576 0.607476234801753 0
0.7497191973103821 0.06827879563286574 0
0.9729752945561967 0.20025671018303604 0
0.8281163783066281 0.3405768604042916 0
0.8523012116456412 0.3549681887733309 0
0.8601838020033873 0.30138218761289237 0
0.9079883788437751 0.3033425914410844 0
0.7092256500187245 0.16024302660722128 0
0.706849653523247 0.183922402745103 0
0.8133556065991393 0.2608914609572147 0
0.8469358588394684 0.509126438600275 0
0.8480106423122765 0.5442913205819443 0
0.9739562964309032 0.47055727382168316 0
0.8930984040675948 0.4011818849554227 0
0.420847209953837 0.6808255298085804 0
0.40018571522486573 0.7183470469449952 0
0.43161833011395223 0.6469568918904195 0
0.46344969396806546 0.6695226539859578 0
1.0 0.21265675314071414 1
0.9617430155953781 0.11561302166181305 0
0.9124564599231579 0.04834509559792865 0
0.8737624961326146 0.083713193364858 0
0.14358746467892408 0.8424117130526344 0
0.10322041117172033 0.8623172477118262 0
0.9420564205711836 0.7208810298093282 0
0.9709842874209115 0.735344441327027 0
0.7776563550159563 0.7087260343684714 0
1.0 0.7170977798309297 1
1.0 0.6546719242923013 1
1.0 0.5941579398419179 1
1.0 0.5316627289107082 1
0.8652833028807722 0.6751623875769063 0
0.8937436139539505 0.629097734878656 0
0.776915759434116 0.6514422626135538 0
0.7452551134243606 0.700371134649688 0
0.7906466390057183 0.6959644406109847 0
0.8206434300944289 0.5628901318341888 0
0.7962974499509735 0.5562508756008409 0
0.7849978695059254 0.6165762198498094 0
0.8373502597410913 0.6967150233192176 0
0.8067690255792468 0.663963801772133 0
0.8249400116604895 0.6869248640480535 0
0.7549306488044025 0.7644393074380029 0
0.8134756143013455 0.8281394193749299 0
0.796848037155672 0.7501149480340001 0
0.9429538899397669 0.7508353074609494 0
0.8988189365374557 0.7468665043551391 0
0.874954268667913 0.7186027357054288 0
0.8594655098748492 0.8336528651100059 0
1.0 0.9702709038051089 1
1.0 0.9078396575914398 1
0.9699596149458983 0.9241006382611219 0
1.0 0.8431016382559082 1
0.9815845077059501 0.7956144466686782 0
0.7178774198278206 0.870287911875289 0
0.7602507266645268 0.8344119797606406 0
0.7046061536762652 0.8369203434420718 0
0.6903176060601999 0.8469550360529591 0
0.7156387135500677 0.7850369276346973 0
0.6352097393472548 0.7344368262967714 0
0.6534317549056154 0.7301762883377624 0
0.6553977746442914 0.8535279278314012 0
0.6710592199762723 0.836410359093693 0
0.6478336023550096 0.9629101855372056 0
0.6667784850795764 0.8743894620257244 0
0.6446693927003732 0.8723969567473692 0
0.6238879656977476 0.9229601360741496 0
0.7796742159252739 1.0 1
0.8421002916313337 1.0 1
0.9109639833933949 1.0 1
0.9729076060396274 1.0 1
0.9432356100854781 0.8869396146180029 0
0.9331750649519576 0.8490469069984194 0
0.9271451056556994 0.9770280258185543 0
0.8982594207782878 0.9417556961273006 0
0.8954286722043128 0.9193060932430153 0
0.8976385028278429 0.8934366643332035 0
0.03766072925879552 0.7856306254913381 0
0.03988157948837478 0.906922726799069 0
0.0761440258408213 0.8515931177475816 0
0.5290423248786661 0.5376504392535365 0
0.48276270843283714 0.5411349512614793 0
0.5199264250859922 0.5134547285575984 0
0.4079995269731656 0.5793901396074481 0
0.41986912888468464 0.6020699550651126 0
0.52368666365047 0.5559721371526771 0
0.5065576680722922 0.5465886981428596 0
0.48058679830838663 0.5576229942794475 0
0.6835938115265017 0.6463934687222332 0
0.6613939063012847 0.6182191069055721 0
0.6596348812163381 0.6405588432455465 0
0.6526126640627946 0.6648489885569991 0
0.6801326636965577 0.6722583560087444 0
0.6998588583247229 0.6875503917691596 0
0.698356569970335 0.7056701918266722 0
0.7229831794234124 0.7135801536841161 0
0.7227804042414387 0.6030254573246718 0
0.7685847383897031 0.6389946234176789 0
0.717740943781437 0.6540509524855205 0
0.7565964874341543 0.658671386745088 0
0.5645645013455197 0.5360479876456893 0
0.5527906423292496 0.5193087093970115 0
0.5535672279026937 0.5354539345503633 0
0.5788579483784074 0.5536285847048559 0
0.5671613649615844 0.5802722423719813 0
0.6006382672503303 0.5678188919565992 0
0.6002451343612437 0.5575411507205652 0
0.6323375394471259 0.5902493516678371 0
0.6666204212065543 0.48745867880525734 0
0.6290003730939392 0.4677271402449184 0
0.5900317447679931 0.5264998297955096 0
0.6010831776412016 0.5335406300279988 0
0.6013356830926533 0.5045484800923526 0
0.5785934970984725 0.521161706187161 0
0.7546013572698207 0.399833796876564 0
0.7459913301966397 0.36600565255853984 0
0.7157118349444938 0.34986929650714305 0
0.6985475966324679 0.4256129825600825 0
0.778067856881049 0.42453807760820195 0
0.7654728271060778 0.35685632145385837 0
0.7655284630422838 0.43446117955512636 0
0.7426267986919222 0.46064794512567353 0
0.7274455744346752 0.44153638582587634 0
0.7707446496706117 0.4867508475198224 0
0.8447236230639281 0.3677267590411178 0
0.8214271765869819 0.3626039754763053 0
0.7886109298829707 0.347684793112844 0
0.7885141229902204 0.37237032445293966 0
0.9301637225963199 0.3587945128700721 0
0.8911436073897064 0.3694153871892418 0
0.9020576817083397 0.3835741474591661 0
0.9147012520025825 0.4011660658575252 0
0.8624140567974223 0.4332827225753442 0
0.8998879412582375 0.46794752206718665 0
0.8077734415748152 0.440368192349131 0
0.8039436245606927 0.4262834226983453 0
0.7919288500359442 0.4162136609698922 0
0.8396903838905402 0.399128416064143 0
0.8367499164715809 0.3750420561136408 0
0.7186575286431055 0.4613102520916811 0
0.710745590098468 0.5238106643633719 0
0.7300572196571479 0.5117997416833817 0
0.7292886045736084 0.5371143200836772 0
0.6012128524130095 0.4855210185600263 0
0.5612110662628638 0.4783264139274705 0
0.5859211630375968 0.4974937957933818 0
0.6089046878389727 0.4661743477098264 0
0.6241744731831629 0.4487284820440097 0
0.6687436107083063 0.4379492774529808 0
0.6813806035257456 0.4163725982046237 0
0.6552480263476215 0.430532752592808 0
0.7213904650266346 0.31922114663622236 0
0.7517314070772828 0.3329393780072963 0
0.7733927198130898 0.2757206687172207 0
0.7208952803471745 0.2748958652214807 0
0.6965824076112296 0.2207540594183822 0
0.6872487461530812 0.30648074072791354 0
0.6635465634467094 0.2953145214797658 0
0.5967539357468565 0.3431874845951526 0
0.6557500349840001 0.30334600246191157 0
0.622674058508623 0.32122440801837815 0
0.6378823532628163 0.30358451709578216 0
0.5767194051029995 0.26532092835055604 0
0.5701122244099663 0.30849371659808716 0
0.6240511389066067 0.2941640772739977 0
0.636812530704064 0.2831092142999483 0
0.6833403029484724 0.19060843738743638 0
0.6946282097150779 0.16299927668483175 0
0.6381858379206016 0.15592143868842906 0
0.6566857765863898 0.1904515757772312 0
0.6052538402299829 0.140886464199185 0
0.640156320387123 0.25210749534430865 0
0.6682900321573372 0.21787012732398311 0
0.6723363828329693 0.26924025872072516 0
0.6208147157908444 0.08737411654719339 0
0.5888859023928349 0.06395814839136317 0
0.6528389251553869 0.06990449804256461 0
0.6711001440309987 0.11390512988010607 0
0.6849601556723989 0.06200242942241096 0
0.676110936100409 0.08960554300391234 0
0.702894690684214 0.08457030674572413 0
0.6941128391750563 0.10869000095092232 0
0.48337098839741494 0.44366719017139056 0
0.49234871868357566 0.4898792929139359 0
0.4700696304826517 0.5288311329677324 0
0.48202481353050436 0.5129543355467668 0
0.5190972785461612 0.4996222878494997 0
0.5271036645701395 0.47629594290711647 0
0.5107264891220177 0.48478694192969607 0
0.4251063496782841 0.40644508605243107 0
0.3980603914893168 0.3781154458634269 0
0.442231573755756 0.42718802001253403 0
0.4722188959162445 0.43003610914939755 0
0.4601672293167828 0.34774551451246505 0
0.4456368581814809 0.35461004469194113 0
0.48882263426711764 0.3118403116641821 0
0.49663491626383116 0.29224167917264937 0
0.47167141534275064 0.32515975888074605 0
0.44579838350418477 0.3408568313530179 0
0.42711273191703353 0.3514800118784831 0
0.3947159439402049 0.35700134499310954 0
0.4176314892359422 0.37240502941693193 0
0.4849918654979394 0.3225431063300958 0
0.49045557637315973 0.34532643480304276 0
0.4813509506800823 0.37447224370195936 0
0.45387470764310134 0.30822298352083577 0
0.31634719769068237 0.4896954239153906 0
0.34263317454946907 0.47562952098387906 0
0.2719751918602721 0.5087893336093541 0
0.36787021553306143 0.4950642033272923 0
0.37752665934966134 0.53243424506826 0
0.3644247096352496 0.5391585034399459 0
0.37492052508433993 0.5614662836703126 0
0.3852718528076961 0.5704262412008088 0
0.45393159509389713 0.5543795532783596 0
0.4097561773467385 0.5355807209087634 0
0.4384772464542485 0.5500120529370096 0
0.36830408726627734 0.41348277789779825 0
0.39682694907297283 0.3978973706113023 0
0.3696283479794853 0.43633832699584973 0
0.46475051584708926 0.4486449674813568 0
0.42684828398907093 0.4383224662237758 0
0.41508150508967023 0.4263746856430701 0
0.3813552715037417 0.43327554771439963 0
0.4083501917853214 0.43860464185405573 0
0.39684262868390474 0.4513451202923677 0
0.3653825316148838 0.46760420669987957 0
0.3768814900692997 0.4814189310501766 0
0.5466379082404271 0.6305131528425396 0
0.5448333367808448 0.5350427881440385 0
0.5525573387661634 0.5534943475495622 0
0.5595242858578042 0.582227538019962 0
0.5678119928295122 0.5660294261453176 0
0.5738109528643324 0.5482947119943669 0
0.5576332144085643 0.5441606197159744 0
0.620181353672883 0.5964972458841172 0
0.5996319559904236 0.5993000041415881 0
0.5808156362451864 0.5949931758757294 0
0.5691019970875391 0.6132877901396573 0
0.6733747432901539 0.711136464686884 0
0.6639694282271288 0.6926643330281017 0
0.6959081393921482 0.7194545004522369 0
0.7264266662756521 0.7259249929326622 0
0.6905389404706337 0.6770221039744929 0
0.6730910459994671 0.687167096707083 0
0.6913485247691462 0.7014600308801879 0
0.6984007032066182 0.6971278125103972 0
0.5488907184667785 0.6766795077705109 0
0.5746460208992554 0.6908284683297744 0
0.5516979230658525 0.6644812942513202 0
0.5616427044529808 0.6709170893084772 0
0.6456618548730858 0.6369030208277925 0
0.6348837342021313 0.6388401432232481 0
0.639688222276905 0.6282815141318092 0
0.608151572237852 0.6598785510959638 0
0.6364109826931054 0.6587227597524612 0
0.4612034993868002 0.8839832370929243 0
0.5820611068526815 0.9287450404342931 0
0.5360560335688084 0.6822203552549228 0
0.4400139961298909 0.7726753678008148 0
0.430838217257362 0.751041406528042 0
0.39378846398375045 0.7564074092830834 0
0.49507025753085515 0.7660727815070184 0
0.47482369800799246 0.7592936380948329 0
0.47774774658797836 0.7795738171485417 0
0.5101966258769289 0.8104330750991752 0
0.4078937086573952 0.8569510770637153 0
0.44463154159682977 0.803204689416728 0
0.42961269188510376 0.7809203502373774 0
0.3499446810242852 0.795179749488084 0
0.36728240582325594 0.7707296366702446 0
0.276189419573608 0.7753352531570838 0
0.3254825711508841 0.8107462396035758 0
0.3004219065904098 0.8099322078768301 0
0.3165476555255433 0.819925431157829 0
0.32526922026987165 0.7717149269821321 0
0.3455285247557379 0.7809733940520537 0
0.28404079703156265 0.762742500070961 0
0.29104414137975154 0.7756548013816703 0
0.30767029217545205 0.7597974117216827 0
0.35578514815246837 0.7674451940590353 0
0.33255120101007485 0.7586179528937722 0
0.36096050455741824 0.7547615959780134 0
0.26494430721466566 0.767772803819664 0
0.24169488633507158 0.7477801776682568 0
0.24731086446815392 0.6698954825709289 0
0.2755506047691054 0.6566047972482101 0
0.22505967670396998 0.6916404605829208 0
0.21292778301089496 0.7073855604792181 0
0.24591908972594215 0.7339481744028274 0
0.23463108623560583 0.6974631146297117 0
0.3702385823319243 0.6093390790484678 0
0.3886274055626693 0.5941920754614647 0
0.342975402069061 0.6230372488790503 0
0.31056329209470074 0.6151299124379181 0
0.30354525423277523 0.6396273064164559 0
0.33906146277185334 0.6750078041298754 0
0.34577018847679275 0.6326505508580595 0
0.33375222030910817 0.6369901378604528 0
0.3647527784136745 0.7350745973905355 0
0.34445722693060604 0.718618888540935 0
0.29536632806771806 0.6623493691209028 0
0.2843525368258065 0.6743193527668921 0
0.34160962047318194 0.7294386094992635 0
0.32613981753277943 0.7462670013118414 0
0.33423959842874157 0.7167129099332646 0
0.31388128232942014 0.7463185364777885 0
0.24014239913836846 0.979071146991025 0
0.22117526049308647 0.9623522019790083 0
0.22446204123386465 0.9182142529197668 0
0.260747551100464 0.8835571249891832 0
0.20183743426785603 0.9147160532299716 0
0.33130177949134887 0.3111142012730321 0
0.3095926421203086 0.290494064502992 0
0.3533734979669078 0.3350821546612803 0
0.3670578391545895 0.35274933276343245 0
0.38711281710876805 0.3426231736127875 0
0.3287421121134405 0.25080999558853817 0
0.3176965144331721 0.27245638070702 0
0.3367707989784918 0.2594876340937893 0
0.33359927597034317 0.27358455395755366 0
0.3357080851166968 0.2892582797210678 0
0.34539708038446737 0.30104030250268005 0
0.3744228391362208 0.2399131833428632 0
0.23822406999883242 0.2792540361180406 0
0.207327656134814 0.28290065319723867 0
0.26101563457248234 0.28153614033404906 0
0.2874813150536711 0.28108733653922513 0
0.29879320463372344 0.2648435551317819 0
0.24626973197113217 0.40469951841099444 0
0.24500703536609963 0.46647403491383216 0
0.26139397379116525 0.4901730480936745 0
0.2664568835792459 0.44894237311406127 0
0.2970415478756385 0.48598754527845384 0
0.2746680887092889 0.4862057110143177 0
0.26468926840809753 0.476639818983105 0
0.20159799238094434 0.2948657512981645 0
0.2182953860594848 0.31663253294662047 0
0.21725049668040278 0.2980499013591872 0
0.22858209969015358 0.3476130017643616 0
0.24257431131981688 0.2881876399492209 0
0.23072778324185683 0.3189017010624644 0
0.2672596031365366 0.3320689829411435 0
0.24058369266274024 0.3230806607758656 0
0.24339699896832145 0.348266501744638 0
0.2915918713435738 0.2922333280241634 0
0.2815075139796979 0.29045069363899517 0
0.28292892045907747 0.319268721189275 0
0.3035735290233854 0.30368938345098057 0
0.27560121530561643 0.34694626524145444 0
0.2606684158624725 0.36980944160172824 0
0.3150530740844127 0.311080092076047 0
0.29877734969790365 0.3161050282259201 0
0.32917471267149634 0.32319702558804997 0
0.29375879240125125 0.329784632317316 0
0.344039506313125 0.34404397625024397 0
0.31509395358384135 0.3562520495661871 0
0.3148978565394472 0.3345726157690697 0
0.3027775747529778 0.33621020873191765 0
0.3030024475828819 0.3609526953631425 0
0.2877994983481612 0.3422092686246906 0
0.2804667110105288 0.35785325119993244 0
0.35365067268329176 0.3556446229054297 0
0.3320532321270798 0.35502971199843486 0
0.36155958537965627 0.36871056482746756 0
0.32819055586904217 0.3677341551025894 0
0.2879748951754753 0.3677749699975632 0
0.2727072104974933 0.3685884297856308 0
0.2997183388180763 0.3740733960020016 0
0.2675353323597082 0.38075762323612855 0
0.3498570542658037 0.384743243075849 0
0.3301731873366247 0.3936196791417777 0
0.08959371937694176 0.4478929200249931 0
0.08213899813456657 0.41827000205110304 0
0.22249505173960454 0.4059755989564026 0
0.16911379781430982 0.39638860548574145 0
0.024489217258499427 0.3611756420577299 0
0.025317064497193374 0.3327718887585443 0
0.050350406255760774 0.3230487216244836 0
0.11933312896241433 0.4481306543897349 0
0.14137485766879226 0.41421146426412153 0
0.12397111350224413 0.4223560370401054 0
0.12383849345134273 0.5127333179242288 0
0.09496487864938995 0.5042867738191721 0
0.10802627862762205 0.5359498820215498 0
0.04061283573083893 0.5089335005717759 0
0.23179633706096722 0.5144086812476899 0
0.1999209449172085 0.5064108762319974 0
0.2370599772948536 0.48865687410945324 0
0.23327338046490118 0.4728987267278719 0
0.164985489191472 0.4602725919959899 0
0.18853133191397636 0.5191155591929311 0
0.14759921201761664 0.5155815902804513 0
0.20289565056128495 0.6305660606214362 0
0.1934559333370714 0.6611625289509111 0
0.21688662533100003 0.6337378711153135 0
0.2241836337237765 0.667201245037003 0
0.2029568466633322 0.6578654105312192 0
0.20113268322237482 0.6669152224493774 0
0.22442519730157548 0.6208292592036325 0
0.21870184705259635 0.6262681816983534 0
0.2041591598943548 0.6408302728718572 0
0.26320078019302534 0.6499772773252472 0
0.2330783181583556 0.623877694460141 0
0.2694206915139876 0.6390616759137447 0
0.2834558047971926 0.6157372687925899 0
0.18032321245125688 0.5988944724260057 0
0.19571827596354305 0.532607827407402 0
0.17983377989379057 0.5378277055007008 0
0.18344432718614767 0.5606542554309886 0
0.2208381474795314 0.5413755531350377 0
0.24604040888067066 0.5324118425469899 0
0.20863089760248868 0.5372158368543787 0
0.20540066304975144 0.5224225808683401 0
0.19355150136769084 0.5908768597963603 0
0.2119016487688227 0.5508618309709536 0
0.20607482795885845 0.5958493638833693 0
0.22214521007839877 0.6104400610509301 0
0.21701640856299773 0.5638154645195841 0
0.02572616600977822 0.670259356965204 0
0.1347200229308665 0.5364468682923212 0
0.09565687458429649 0.563863339140338 0
0.03384577105978211 0.6398347531343052 0
0.10234693576345 0.6380909459291391 0
0.14155588438136762 0.5818518027716195 0
0.12398508076227774 0.5595263857071667 0
0.16370395790842868 0.570464093631955 0
0.14859433989188892 0.6765335393718943 0
0.1738420220029674 0.6598221759203599 0
0.17280956915608736 0.6370560093339909 0
0.03338566175034739 0.551356178610247 0
0.05816067612042429 0.3014840729370791 0
0.17957769471367457 0.2976477997538912 0
0.14769032673502044 0.29056848485614434 0
0.1204268368987126 0.2893634647903648 0
0.14568403490861023 0.31675968210084454 0
0.1553827310240048 0.3685678453667792 0
0.07245675240028265 0.319820611007155 0
0.04786243586192675 0.34904930947156393 0
0.11441876914841816 0.18336974086935387 0
0.10584230326393354 0.15534823731853162 0
0.04031844485622213 0.14012025468256284 0
0.07451328616133716 0.10673123402284412 0
0.10040647339577081 0.12846653709881953 0
0.12322336999022501 0.035919412386688714 0
0.14702070156451608 0.077098337329138 0
0.3246036567261685 0.23754278703126966 0
0.33098136878067685 0.1821944675888961 0
0.21006870733307778 0.05208719211392981 0
0.16527770540916173 0.24429127954062543 0
0.20294307041844856 0.2628649849544981 0
0.21796837761195212 0.26354035084768834 0
0.22418409305462433 0.22402685952022278 0
0.21978478645427701 0.24461324781115246 0
0.1254826914032226 0.135201900519646 0
0.46933747399614656 0.095034274011902 0
0.5223422669048616 0.05100670572680097 0
0.5577741885208207 0.03761129560591634 0
0.4804567970652833 0.14793481632127356 0
0.4938729235203604 0.19130874326908814 0
0.3754080888118221 0.06414020347851777 0
0.3028291273800042 0.12785033948327915 0
0.33221395687138827 0.029199018375092655 0
0.3614681518575317 0.15894348926780677 0
0.3514000316795845 0.13382894175730067 0
0.33457702478466883 0.10059693675383002 0
0.34923688557537386 0.15002767678725226 0
0.6190987956733874 0.15733037366808134 0
0.6813939770951877 0.15130229725504876 0
0.5480119579137515 0.1996837154138868 0
0.5627374680135518 0.19964237648178604 0
0.5610745834778577 0.23358953431935955 0
0.5827016570015046 0.25137138933765235 0
0.6021753432045396 0.19531361511149212 0
0.5558198006117409 0.16686347269201032 0
0.5356896936099593 0.1568065356848164 0
0.5463980815189644 0.1342271474316434 0
0.5627816478215327 0.11529834737601724 0
0.37358480806086986 0.574171270468654 0
0.3753687297900671 0.5925672859458139 0
0.35273784875458203 0.5636890181287387 0
0.35402344724617973 0.6024567099107027 0
0.36384886885237466 0.5788585403846833 0
0.35540268594288577 0.5740061891084768 0
0.29242799649892526 0.6410190493556417 0
0.3258098865503105 0.6212727448920832 0
0.3380391721862916 0.609085374259927 0
0.3469972682656294 0.5981042840224694 0
0.3301458151927457 0.5611451232081679 0
0.306439135001797 0.5855321106730305 0
0.8199947277589392 0.11212320426082027 0
0.9574980885145932 0.25006063382963256 0
0.9770615957240172 0.23247697402326364 0
0.9036166046294126 0.1643331095928003 0
0.9256339369892067 0.21723235160220186 0
0.8221441072676079 0.28805665101769157 0
0.7944442688121113 0.31053707543561637 0
0.778451792435112 0.3296203013383533 0
0.7979081181915503 0.32964926240024767 0
0.8301590898238896 0.353976696045167 0
0.8507416198739254 0.34053652406192797 0
0.8160126394903262 0.3226124193403139 0
0.8176948556359344 0.3498337944285906 0
0.862796349607204 0.34503665215964974 0
0.840102524088092 0.35778183749604586 0
0.8474695307575971 0.2881849121558701 0
0.8689423558176311 0.32194660355512383 0
0.8810923623831327 0.35757347325483185 0
0.933995163178546 0.2413151729706822 0
0.9494064671860013 0.32089360546229867 0
0.8919773113765025 0.32014435865818974 0
0.9394321416825698 0.2868570004864899 0
0.7035243158127533 0.16973318475456184 0
0.856304003170695 0.1591768502496952 0
0.809633087655447 0.276096292848806 0
0.8211313628649373 0.24642356027813103 0
0.9558888871840396 0.512511103359001 0
0.3983845937007444 0.7007295942397942 0
0.41199624426751563 0.6883162097745384 0
0.4103717915731257 0.7185322247989057 0
0.43070074795398006 0.7386032665957086 0
0.42881940354551035 0.7284054772098675 0
0.41033013049749406 0.6116866786615497 0
0.3992515479740037 0.6034120133003542 0
0.4051081522555211 0.6251016973806657 0
0.3969329219056109 0.6154734916624519 0
0.3636321189771295 0.6410292526394438 0
0.4198932168463919 0.6573667323601036 0
0.501618848776931 0.6610104799559463 0
0.536959368546895 0.6658322181739063 0
0.502456411116665 0.6108597955129105 0
0.4345906937659636 0.6611638454511805 0
0.49342100250830356 0.6811355759818667 0
0.4689088656103245 0.7196686280528779 0
0.9623235436251039 0.16109651934477837 0
0.9009218891750109 0.1355261767436705 0
0.9430680915563617 0.19373395435298665 0
0.9307590822702849 0.17079802665602567 0
0.9169947950037582 0.10282906999522519 0
0.10097371574746511 0.7784312815709238 0
0.11359259885512828 0.8057162061442271 0
0.9159058164941297 0.7099631542658466 0
0.8970952493190618 0.7256556125018279 0
0.9161907837594971 0.7632115365123954 0
0.7569234393632694 0.7247220107101089 0
0.8005150503902363 0.7121022043779667 0
0.8602834481459077 0.7081471854642519 0
0.7666894229324015 0.6610684959662404 0
0.7337904838465239 0.6982190905042198 0
0.7471559016742784 0.6890093907911145 0
0.7621066464521854 0.7009332910622926 0
0.7770636740583147 0.6655330176752483 0
0.800921813722129 0.7002770242712673 0
0.7770172117406912 0.6769299898384643 0
0.7834046393674894 0.7026615928537359 0
0.8487463964342825 0.5784301841259931 0
0.776026831432136 0.5409454961556727 0
0.853838018347331 0.6946132538982811 0
0.8666036204834904 0.6474039086460526 0
0.8023966349860279 0.6268104128170776 0
0.7962287993889924 0.6745361688112395 0
0.8010907162999684 0.6469058352884001 0
0.823229157865837 0.7017278585827806 0
0.7249264583942658 0.9681673497594239 0
0.7081952564220733 0.8914893796503605 0
0.7263771864861985 0.9133080394950154 0
0.7662243678323106 0.7720358843910311 0
0.7679907665566522 0.7357926780492281 0
0.7424523237100914 0.7481565537683404 0
0.8005575275958953 0.8168660658582779 0
0.8257141844686511 0.8432285899024832 0
0.8486779777848891 0.8163938173470802 0
0.805172603820421 0.7296971808502674 0
0.7902550434756156 0.7308387773572397 0
0.7964386349063154 0.7626445849577572 0
0.8559500925893706 0.7476707077939142 0
0.9395455137598209 0.7793909861177518 0
0.9184719294902947 0.7361824645804476 0
0.8909242067518036 0.8063772719678101 0
0.8944587710913989 0.7643056517430824 0
0.9430931669034684 0.9341077893396132 0
0.9599203084339594 0.9621028276783398 0
0.9707807052754727 0.8384488029578766 0
0.970523400997444 0.7700525529379205 0
0.731772323588299 0.8874826846814807 0
0.8018600686828455 0.8838848408803244 0
0.7622493200052051 0.8536812793613444 0
0.788725501958916 0.8467992851766588 0
0.7188026244263613 0.8164032847634789 0
0.7753227270030254 0.8173206210129994 0
0.754636555478911 0.8434246773777495 0
0.7736689748779353 0.8504716579405756 0
0.7044747750007149 0.8205834647665982 0
0.6895399116331932 0.8290736061632406 0
0.7357302782818671 0.773705058845693 0
0.7048373506379509 0.7984651227800365 0
0.7168959289871661 0.7606223592956046 0
0.6589877104178529 0.808295023410796 0
0.6764963028605165 0.8171547890834872 0
0.6865777795088727 0.8057840738844183 0
0.685177946078755 0.7952299525668184 0
0.5391422313715319 0.8337426682614614 0
0.5713852736388133 0.8203660353105646 0
0.641277341135994 0.7171172170811412 0
0.6218753104220027 0.7717319628943087 0
0.6443565561956043 0.7329287192415966 0
0.667509528648065 0.7249104358706696 0
0.6188128698286118 0.8041700961073543 0
0.5968077329170107 0.8380642697243896 0
0.6261280856075166 0.8527955134761348 0
0.8537079274031628 0.9733205901348593 0
0.9253515539711912 0.8982227493047255 0
0.9450366225813112 0.9096936956070818 0
0.942529590865879 0.866079785182338 0
0.9092843652280739 0.8737205144666724 0
0.9017096255760737 0.8374805708329993 0
0.8976093728413174 0.9718288874333825 0
0.9198670700612194 0.9228026225612542 0
0.8891103285228693 0.9028588991173139 0
0.8567922772270172 0.8717716670156129 0
0.8850033442083953 0.8876415787061742 0
0.10502677905777504 0.8341349467383262 0
0.03992717577701264 0.8345748106046579 0
0.5104276682339292 0.5338718868683555 0
0.538641753078483 0.5406798550289962 0
0.5374937965619192 0.5297402982882824 0
0.5030630435213305 0.5009696221963508 0
0.39873122498031777 0.5674893890788727 0
0.44063438614657174 0.5785216570054234 0
0.4187085885380998 0.6230163061704306 0
0.41529687524020065 0.590411318933541 0
0.514559038654332 0.5663365564330682 0
0.535914459527618 0.566823266360094 0
0.5310935052475884 0.5481064956704798 0
0.5045841023939268 0.5576735452953763 0
0.5275953060253912 0.5664032589465644 0
0.5233663846558315 0.5768732709918406 0
0.4940473577403045 0.5503945668800377 0
0.4935190327142387 0.5618178859287052 0
0.46585970490591383 0.560187480576747 0
0.6814988648566381 0.6567203021117576 0
0.6837742798767821 0.6403872494231694 0
0.6731427168377752 0.6268594747787868 0
0.6602948414573494 0.610446537381984 0
0.6561984163467525 0.6271756506739108 0
0.6715921271318995 0.6468938293751877 0
0.6542278153280524 0.640649198289259 0
0.6627252902234918 0.6360130204019787 0
0.6578064315936163 0.6546434209425657 0
0.6597432751122736 0.6750976911067563 0
0.6459520827026185 0.6697434646624755 0
0.6849160115261543 0.6695614314058927 0
0.6830855707500164 0.6615948780394224 0
0.6712335993345759 0.6763509526618838 0
0.6424605482624245 0.6802589571931441 0
0.6569652685344748 0.6871924730941773 0
0.7059680247797722 0.6955643366147418 0
0.6959106461548029 0.6785690056391088 0
0.694235224196393 0.6893587567077585 0
0.7026753289619343 0.7031396146432853 0
0.6940926727320034 0.7079038803652065 0
0.700571798298825 0.7188137152170483 0
0.71539154123422 0.7196210677753685 0
0.7173664401486252 0.7054919688970245 0
0.7668534852590249 0.6109368060149254 0
0.7072241603784435 0.6224758533241094 0
0.70363861920254 0.6565909766670508 0
0.7437116666629249 0.6461636504233589 0
0.7150653868276095 0.6752034394969418 0
0.7628210988577484 0.6501604100807783 0
0.5711324097791065 0.5739059059812215 0
0.5672109013136223 0.5976841724363918 0
0.5924927151423391 0.5624407038333825 0
0.6093824515524645 0.5717061567544928 0
0.5861587494950455 0.5728623389181743 0
0.5898176555113167 0.5862053099992401 0
0.6157629614347429 0.5753723678292683 0
0.6114746123451547 0.5871643045915526 0
0.5900744097630065 0.5520596387413972 0
0.6090980886615457 0.5630066649394687 0
0.6186122896505468 0.5827442350431368 0
0.6349336470537088 0.597374220907248 0
0.6232840778658185 0.5747407154577303 0
0.6877852912560816 0.49274893792574714 0
0.6608428812643391 0.4704389522789831 0
0.5902682539499183 0.5393802759454361 0
0.601481278967368 0.519696713007908 0
0.6006332137251017 0.5460153993413235 0
0.6098890553338396 0.5527722019852599 0
0.6215738664934768 0.48368657324524506 0
0.5790614895073772 0.5331248181051244 0
0.5692878359109683 0.5265773602621866 0
0.5619655370874854 0.504338442354682 0
0.7543798937347974 0.40995071914768566 0
0.7457276710837533 0.3882920141006335 0
0.7651941631231468 0.4031192479376796 0
0.7600601649554376 0.39372628193946396 0
0.7257774018445385 0.402664442689071 0
0.7631443241637752 0.37144507154406725 0
0.7387277739627641 0.3719457174105157 0
0.7581041406027318 0.35482684518112295 0
0.6904717543510288 0.3957808228860903 0
0.7125989722870425 0.3357112348434281 0
0.7217961946601653 0.37317122088474014 0
0.7326366153658883 0.3410899230902854 0
0.7347339747967185 0.35792748945701475 0
0.7722277955656679 0.36953353444742876 0
0.7226289851962296 0.42395031414480483 0
0.9633131961839208 0.27949858499498886 0
0.8656758345911003 0.3844317834228419 0
0.7990938904683432 0.3592873184370495 0
0.7799713198952655 0.34594890155646335 0
0.7839367578167514 0.35183742831217146 0
0.7779100390600598 0.38682924482608466 0
0.8038242501162286 0.3732368595583186 0
0.78956088893969 0.3632234089649682 0
0.9085901362022932 0.3630921808669997 0
0.9400675608416429 0.40180988110631827 0
0.8810707427067187 0.41821510414294133 0
0.8384330179412935 0.43145709735184984 0
0.8454802912426214 0.45239725859655394 0
0.8266300307386302 0.46561478641265125 0
0.824884109467758 0.4453784985617809 0
0.7862303920086893 0.4040623277556332 0
0.8256212763415622 0.3741556372365492 0
0.7522317526123863 0.47967383977461336 0
0.7063979914506033 0.5451476242932459 0
0.5696836302842998 0.46209142550300963 0
0.588769150793712 0.45941542302238075 0
0.6032958535914726 0.446632361158799 0
0.642057203989785 0.4392618228683442 0
0.5915985990723446 0.4023827024783185 0
0.6187211323246526 0.4088175240865579 0
0.6124351901499298 0.35692967339666254 0
0.6163639583362189 0.3844362124874123 0
0.5374385109340324 0.3006045444719569 0
0.5208175816876092 0.3470630333158858 0
0.7272150622498174 0.3222130575470897 0
0.7152733493001832 0.31746228855018105 0
0.7462717324116792 0.32796274381988955 0
0.7563457774880072 0.33933602594771894 0
0.7588491353217659 0.26469131278334285 0
0.794357215495862 0.26301745558788747 0
0.7144457614970176 0.2945388280749182 0
0.7283622534590944 0.26213961488821946 0
0.7493665976037158 0.23353967470664824 0
0.6843843773626674 0.21004541082909836 0
0.6807068730889617 0.23394667521470108 0
0.7132828866604546 0.23292330367279376 0
0.7001533636986302 0.20162285572745992 0
0.68268680154087 0.30177851609273787 0
0.6978403021639741 0.3101867086611607 0
0.6682418662330842 0.29744465004456355 0
0.660915518072234 0.2910361220993201 0
0.6038900319130922 0.33860852643074696 0
0.556982412783717 0.3577676602023662 0
0.6697637199139239 0.3038905340906178 0
0.6429517887965418 0.3065426451247234 0
0.6520295775642676 0.29733598570178693 0
0.6584473379238723 0.296656152610051 0
0.6160984901094976 0.32565382460207176 0
0.6302419073460567 0.3190674195698297 0
0.6381397451823397 0.3086189934602037 0
0.6422569231776025 0.29447420748752806 0
0.5663380443676814 0.3212939099107006 0
0.5506259014345521 0.3255243621770986 0
0.5607445690961941 0.3292137855826013 0
0.5685055775752241 0.33476497007286454 0
0.5970832373738086 0.33376856784487485 0
0.6042903940387407 0.33226852042121013 0
0.6085450977561437 0.3273132305357814 0
0.5695041288811495 0.2640933067925677 0
0.5828200335897514 0.2704698915740175 0
0.5261891877445142 0.25282240555028246 0
0.535571858580851 0.27958967565264375 0
0.5733675854630456 0.27245682418514805 0
0.5477148847545046 0.2967412191165737 0
0.5472337689133197 0.30623479175555873 0
0.5560958112229237 0.31001024354365997 0
0.5785128283793888 0.29493413827264753 0
0.5721641130071293 0.315283609124938 0
0.5643738851999404 0.31289775256954083 0
0.5636018452791788 0.3039244699357947 0
0.6222093414875797 0.28313663473985984 0
0.6278218779219037 0.3050658021322185 0
0.6310488670195188 0.2952203929420058 0
0.5980721356191141 0.27540358467886705 0
0.5984046839283098 0.2822714329980421 0
0.629047691943183 0.27961696837957356 0
0.6288408668967357 0.2879454624452085 0
0.643205327338742 0.28821446020291763 0
0.6628079405505669 0.201523540446716 0
0.6698434459223297 0.1924217078242582 0
0.6454364599901607 0.16959643583794623 0
0.6447370888309897 0.18235776304643306 0
0.6571710010081765 0.21241842814270107 0
0.583439585255044 0.16686575055884345 0
0.6197773654891475 0.258868941681166 0
0.655645434559192 0.2457190866569219 0
0.6460749178707147 0.2712433569961098 0
0.6747897498528449 0.20993809650139703 0
0.6651708400672611 0.2290501113456638 0
0.668099494592749 0.28428879981384736 0
0.7030338868279724 0.2692933738274951 0
0.662675292157698 0.2481121457329881 0
0.6530619553893529 0.2598711404876705 0
0.6099969965438431 0.11698151445628477 0
0.6675322764219578 0.13565685054050639 0
0.7255591482652012 0.08312304510631822 0
0.7111140271899193 0.1277943748733272 0
0.4969118126176234 0.45494842317443723 0
0.48037167341498466 0.46177741442366427 0
0.43430866624214826 0.457973763473198 0
0.49751682979688827 0.5150297414367697 0
0.5341538709382764 0.4926983420852207 0
0.3892270659543922 0.3701267246746695 0
0.49021971783895485 0.4270947309379244 0
0.4760825529188337 0.3478297203046517 0
0.42879729199586664 0.3944609005256306 0
0.44083218755062376 0.40776584502496094 0
0.45831480123951107 0.4176811900028071 0
0.5272595783674934 0.2992272706915162 0
0.5306741841619961 0.29076682462503695 0
0.5195780660290336 0.30422689296998084 0
0.5263496598824451 0.27135539704529216 0
0.5166170258701565 0.27374219762749746 0
0.528744333495311 0.2622151289595142 0
0.5181924010602165 0.2621653557057393 0
0.39057089441598863 0.3626139019205836 0
0.3989263625000907 0.3655416971163273 0
0.4210423803594319 0.3592874859790861 0
0.4174926078529626 0.38632548839273 0
0.4066946635388687 0.3716403253675298 0
0.5290784131274814 0.3163905230798423 0
0.5216827059795153 0.32383856947149486 0
0.528902266182511 0.3076664243155994 0
0.5171636615675482 0.3358180501201477 0
0.5105795186143863 0.3133598886346198 0
0.521869052726994 0.31307448161295703 0
0.4997497412427766 0.40897727589732485 0
0.511841981701259 0.37734499890342155 0
0.4981952314670996 0.35550671784053756 0
0.46155704563337063 0.37816398767336573 0
0.470070141118899 0.36146005764061706 0
0.49369876082165154 0.27697400216321405 0
0.48472198359907087 0.25187167583663206 0
0.48292548016037384 0.2871478109218853 0
0.481808847454397 0.26711608722388686 0
0.47133784722390243 0.25734949110952776 0
0.4423900293617566 0.3280853908621141 0
0.4619499179226387 0.3156783025322778 0
0.46190581324900465 0.27694489171393455 0
0.3669980101741368 0.5085422036736222 0
0.3546701379750732 0.5435665901785166 0
0.3620454222485701 0.5536519731817022 0
0.3987648349465931 0.5269637232940428 0
0.3916571591547978 0.5396666717773634 0
0.4141081026099808 0.5648641328975983 0
0.4160277324790555 0.39865629631126465 0
0.392618611797832 0.38899520152885253 0
0.35275354576899665 0.4691773028046636 0
0.32924623564000716 0.4685605967004947 0
0.44988972000427674 0.4600519080751427 0
0.36879628880043047 0.45226354035539507 0
0.38220836614260273 0.4455233084650096 0
0.3827415434540882 0.4632603354466073 0
0.5575730558788545 0.6151761913196385 0
0.5612430339836993 0.5522606498387386 0
0.5566076122962008 0.574892268085598 0
0.5596118078770688 0.5918017458352034 0
0.5634639128354892 0.574068249405402 0
0.6405881065458944 0.601145300405045 0
0.6073733499406655 0.6004184661084923 0
0.5917664705526338 0.5996918707344362 0
0.5763504765388053 0.6008030804010077 0
0.6680787985972352 0.7084052462656077 0
0.685546487876376 0.7139911302350567 0
0.6605314523071656 0.7018980968422798 0
0.6656697273408689 0.7033727934241648 0
0.6612814865381514 0.6879474457686566 0
0.6580655611765378 0.6915939898813819 0
0.6498555506739252 0.6951303864409486 0
0.6552499007016811 0.7052071871048574 0
0.6930775520101692 0.7159316124282561 0
0.703897162161672 0.7227927526587423 0
0.7162399862503086 0.7287247169321391 0
0.7318145383807536 0.7310821611487097 0
0.6899605384631922 0.6719802006519398 0
0.6851391882416733 0.6753206547405145 0
0.6756463598838077 0.6743020439558136 0
0.6713732391417132 0.6817672968109754 0
0.6688007628801752 0.6902146403565569 0
0.6815765518607677 0.7066577837481745 0
0.6909921340934397 0.6974368617364127 0
0.6948792884597553 0.703446932799519 0
0.7049628629837589 0.6990740532000365 0
0.694566607485891 0.6949973808325578 0
0.6983896129187944 0.7012434906845367 0
0.5879806773246132 0.6936925317484435 0
0.5482194997509292 0.6521586766907593 0
0.6473108443087071 0.6323144867171444 0
0.6489634072659751 0.6409327328349003 0
0.6525819890109895 0.6074468488842694 0
0.6261073675030361 0.6324744397734652 0
0.642056597090846 0.6468777341648563 0
0.6403119306949813 0.637654470190213 0
0.6338506889753376 0.6263041381001728 0
0.6362926072085233 0.6328012951872315 0
0.6456523309396937 0.6269681119990191 0
0.6326488943570492 0.6040034631291928 0
0.6269144718173305 0.6161205719428727 0
0.6335842984782666 0.6196646779160111 0
0.6195420112967274 0.6160530596215763 0
0.6231331788446702 0.6108701992607435 0
0.6173633983771475 0.6093775171708267 0
0.6251284161233078 0.6495485747309676 0
0.6229834274194443 0.6658091108591717 0
0.6014590064315366 0.6770228250907293 0
0.5902315218728263 0.6358605184090154 0
0.6413360408559577 0.6573917815352339 0
0.6473808367497093 0.6651807774823701 0
0.4337201179131426 0.8877979524757308 0
0.4410562601975926 0.9667009318861306 0
0.5610202518259132 0.6849146134706097 0
0.5296259295828468 0.697795723353121 0
0.45704981671168005 0.7714414670374766 0
0.47396032384072756 0.8562635026017411 0
0.4331151336401924 0.8392699414920854 0
0.3744932517310302 0.9636015248815414 0
0.3701996831080402 0.9402614069197541 0
0.443819557652528 0.7861774387379213 0
0.43086854600188024 0.8097007768379479 0
0.43015632329156844 0.7959018443895718 0
0.427510238356266 0.7657063689124777 0
0.3556405992511689 0.9783020770371007 0
0.33379241317795405 0.9753652346680146 0
0.3126914536175388 0.9703274597498478 0
0.3379231480924535 0.8042125232176536 0
0.352924031829377 0.7883736725446596 0
0.3395467468379094 0.7899464225978388 0
0.38071950285748846 0.76642219849267 0
0.36354614875803193 0.7762869741760188 0
0.36930144677552557 0.7563341133212924 0
0.4141545694136606 0.8057494191668522 0
0.38246348532666113 0.8303724534280692 0
0.4005217707096878 0.8125360806988726 0
0.40702423417456823 0.8223754230250663 0
0.41295522557843695 0.8393224204383692 0
0.33293781559183977 0.8409736696366632 0
0.28020817682667065 0.7817235510144728 0
0.272733748031904 0.768686264350631 0
0.2811411489331458 0.795015428320391 0
0.2814397080861366 0.8027220906992212 0
0.28106773050365474 0.8192327491341442 0
0.2975902372252457 0.8623255426825142 0
0.2907991311260179 0.832179445974299 0
0.3036035782012583 0.8418564750596863 0
0.28813684077681534 0.7989511234267063 0
0.33127744272515075 0.8156549967989816 0
0.318134255389557 0.8124214200115187 0
0.32346768367695966 0.8180276218202271 0
0.30686461921353436 0.8105999137107075 0
0.29584437188808527 0.8160300125871983 0
0.3140686070438276 0.828700388486438 0
0.3215118083786153 0.8246162855993386 0
0.30696037962770817 0.8343902936019649 0
0.30582489807451824 0.8032438884859471 0
0.322973755309844 0.793495274133232 0
0.33063140011447484 0.7734772500518025 0
0.33633190708027244 0.7752542849840146 0
0.3517910570287089 0.7813280320154423 0
0.3388265497421652 0.7819477158718456 0
0.29135094057902045 0.7643962095887189 0
0.2768621404520662 0.7632463460568034 0
0.2871627925908376 0.769485363185745 0
0.2837261399163586 0.775463088539836 0
0.2928496305533841 0.76963006245553 0
0.2842018796688967 0.7875627555900704 0
0.3190717246793176 0.762944286036151 0
0.3027811350329488 0.7635318996434484 0
0.3138856295932507 0.7618727344959104 0
0.3486220914924697 0.7757873561374135 0
0.35521466968639687 0.7601997485980572 0
0.36109913418117356 0.7705250240791107 0
0.32466972718614306 0.7601185169023514 0
0.32968565425906426 0.7665268181182828 0
0.3383956495085815 0.7540393397417585 0
0.36313496455009175 0.7633359633851872 0
0.35328356530732524 0.7524086910653655 0
0.3663021388620925 0.748335765218666 0
0.23059467080063628 0.7296585239544653 0
0.2624158604651088 0.7605293493391911 0
0.27252883218574636 0.7820594397076107 0
0.2610016686889273 0.7525523795781599 0
0.2700919666097417 0.7614616657985617 0
0.2426211591448974 0.6744309065329265 0
0.2585029066522 0.6679574649113227 0
0.2697877692433687 0.6603190686657321 0
0.2812840787678486 0.6536916350873332 0
0.2269231247572546 0.6859681510944258 0
0.19283537981758883 0.708775810142672 0
0.22597811388483274 0.7049358695121211 0
0.21253416093162975 0.7210730015006152 0
0.21639726897757353 0.701295575742716 0
0.20904876078715814 0.7007652015092932 0
0.23064270145771315 0.7219250035376653 0
0.230961998690751 0.7143599250613036 0
0.23715775664777342 0.7252934761819363 0
0.24378934360260573 0.7404045807027992 0
0.2403185054207235 0.6854675766873581 0
0.23180396707144024 0.7037038479402157 0
0.22987529592780948 0.7089518914753241 0
0.334239991162972 0.6229677255385472 0
0.3315702792758458 0.6149461831917691 0
0.3182147802719102 0.6172691669053201 0
0.3079545135463977 0.6074182750229875 0
0.3017979695179448 0.6327384435747476 0
0.31975243577885293 0.6394195828533891 0
0.2972089302669987 0.6450878526486309 0
0.3363714957644335 0.6888208875727682 0
0.34218821354661255 0.6621829390452155 0
0.34666495255689156 0.64165720221927 0
0.3450773424119746 0.6144677736381176 0
0.32602201491586935 0.6375847965424347 0
0.3376260332257975 0.6433171876493089 0
0.3402998892941673 0.6369523927300572 0
0.3620873613871074 0.7419308257725874 0
0.35941633246214144 0.7307772776586248 0
0.3696562190917774 0.7408725975397216 0
0.349042310249364 0.7230452996925978 0
0.34071538708605936 0.7072365692245574 0
0.35866580736082726 0.7367742480934922 0
0.35252975824188815 0.7341967469165765 0
0.31638176665620277 0.6852907118813164 0
0.32195603223333685 0.6945824082394756 0
0.32907822895313205 0.6815481818875683 0
0.33524160486387683 0.6699790630715929 0
0.32195937832221083 0.6668725911355851 0
0.31876137590446174 0.6534057411531096 0
0.30140651167127713 0.6659927809654232 0
0.2905755124072191 0.6554942371982273 0
0.3012022839039987 0.6804801687576048 0
0.2826577577842668 0.663970386438637 0
0.28984076145299 0.6712373454187721 0
0.3450398899850613 0.7348481297321771 0
0.34741396991001106 0.7290584415936958 0
0.33864088698135675 0.7253275453186979 0
0.3235341195251636 0.7527668014405217 0
0.3310161472612225 0.7511349897961356 0
0.32853015869131363 0.7402458310345031 0
0.3399554525908185 0.7140258515045528 0
0.32764312332405954 0.7243571627658939 0
0.33392967506274185 0.710482469926392 0
0.319872657960487 0.7465507992248736 0
0.3124161075756027 0.7557970295807387 0
0.3061818465873664 0.753151243130427 0
0.3223505616032412 0.740853171772228 0
0.28230562592923314 0.7379931978131395 0
0.20770936548007046 0.9381079552205456 0
0.22942639684101215 0.9401199672853658 0
0.26030449722971477 0.8984386027434725 0
0.2682637926359343 0.8409514249139705 0
0.24784763353729067 0.8881561703507781 0
0.28384268703939036 0.8783113934826651 0
0.18685150299398237 0.9631931864816471 0
0.15928295841680964 0.9157801426515161 0
0.15150748481785523 0.9724342989151319 0
0.1654567092407643 0.8662352008740144 0
0.20295053288186424 0.8909307068090886 0
0.22634861476523124 0.89417464171881 0
0.3269615421153675 0.30637273197483567 0
0.3356805743301848 0.31637057051466927 0
0.3152982617849181 0.2979488581235763 0
0.3062428087113628 0.28529347586475906 0
0.34673840165873965 0.32730112549596435 0
0.362006324896486 0.3454884222654782 0
0.37408684954106075 0.3580906725843126 0
0.3711739881977935 0.3355683043217302 0
0.4048064871971934 0.3493815064118845 0
0.38874250399240545 0.34999743299832586 0
0.32600746384342777 0.2561606804183014 0
0.3379765993977132 0.24296697159030023 0
0.3226900935636506 0.26833718450318056 0
0.30723677865855425 0.27570277643914876 0
0.30828632006882467 0.28106623017625704 0
0.33582182906879016 0.25101657827537366 0
0.33159760144771816 0.25591635503735444 0
0.333725110961858 0.26625682151500873 0
0.32844930906767195 0.27059718291122087 0
0.32378781868559775 0.2739243442865051 0
0.3246733474027864 0.29169598671739805 0
0.33771185318561703 0.2838014935376265 0
0.3192775150508291 0.2932309058309955 0
0.34243536283261233 0.28863696118522875 0
0.33958933201334096 0.29576921702341796 0
0.3375819954037425 0.30970789336112475 0
0.34226884207346936 0.3140765857649783 0
0.35839249028602976 0.25167723503953404 0
0.3684426302014835 0.2323751983113162 0
0.42404756621465717 0.27621687161498815 0
0.3447766438259254 0.23252000570902973 0
0.3563491658731947 0.22078420675135116 0
0.3704005901714027 0.1985537271145769 0
0.22961291753637894 0.2811919282479651 0
0.24291786396878565 0.2795582714038944 0
0.21551590082689978 0.28328132523048494 0
0.20001981106437305 0.28349476866152906 0
0.2527323527894588 0.2792799295787534 0
0.28230208524445166 0.2789817668914712 0
0.2924352338339584 0.2792983323126809 0
0.2657992740141554 0.2600619080120441 0
0.31334174587579083 0.26136170301878314 0
0.2980448119185571 0.27611445792335665 0
0.29268465287665013 0.2742565720918345 0
0.24755777692428366 0.42049535678298766 0
0.26842352127781605 0.4584811482278628 0
0.25600129400944904 0.4346962788164395 0
0.25985089835930747 0.45444158169248816 0
0.2571193696427376 0.4453876662252762 0
0.2043947982858772 0.2891260141499084 0
0.20250632825789636 0.30240732447078295 0
0.1972805624306187 0.2900742873725663 0
0.21505793926365635 0.3111170939742966 0
0.20927775291342518 0.29539494928846177 0
0.221782607226317 0.28757399459918404 0
0.2118110900087324 0.303669174754651 0
0.2320525662084955 0.35460235245876415 0
0.22395521048417544 0.3400284294426135 0
0.24298085105459788 0.3676228307281193 0
0.24903421556904148 0.37296638974358687 0
0.2196214928023939 0.3049985347051815 0
0.2222353125716372 0.31149248823641484 0
0.2454701341412589 0.28370534754913973 0
0.24034013859950445 0.2835675117808216 0
0.2506700683532481 0.2837630820739483 0
0.22436519032868424 0.3178377226503639 0
0.23372776422291197 0.3143872398610684 0
0.22667201138014487 0.3246368484049952 0
0.25549070005814256 0.3328614223833392 0
0.27355510554482715 0.3328863186804162 0
0.2453022815616656 0.3275061422835896 0
0.2557362388467944 0.32780291919884624 0
0.23847998117285904 0.3130947383278255 0
0.2367896021334038 0.31862529754975016 0
0.24459289910559032 0.335140815195516 0
0.23084125182453893 0.3323577867417235 0
0.23283009158987264 0.3409321904893338 0
0.23992813212946928 0.35442408083735905 0
0.24778601299805914 0.3423808742617992 0
0.23613976656486976 0.34788971433853527 0
0.30309349213373704 0.2906015160066513 0
0.2915492647540744 0.29858831642458217 0
0.2909114862723875 0.2856725490067063 0
0.28562876237190765 0.3014630482000214 0
0.2865524748411784 0.2949231963168971 0
0.2786022946185068 0.2847208323526727 0
0.27675990078097756 0.3281818604319523 0
0.28698307371702414 0.31375376235774055 0
0.2820304609632783 0.326364343852456 0
0.30486503984573726 0.29669275204198065 0
0.2955657083373956 0.29468853467305095 0
0.31050079681586873 0.3011060913138563 0
0.2944218914835163 0.3042311002470616 0
0.2614652299721385 0.3545407276291615 0
0.24612804025197302 0.3536059650965899 0
0.24554238618696636 0.3601571877893934 0
0.24911956358504087 0.3660271995748036 0
0.27671434024645963 0.3394245977849682 0
0.2693795490199245 0.33881378431221415 0
0.2711552311508562 0.35207146952078466 0
0.2549907894790822 0.36786747173923773 0
0.26120328715748065 0.36243902859079113 0
0.25655667671763166 0.3746543361862226 0
0.324483451256595 0.3123923673331716 0
0.3097826121213837 0.3200284244679621 0
0.30967919800445187 0.30723510415444893 0
0.3036381475051759 0.3110146793090985 0
0.30302508504068726 0.32191387067859556 0
0.29429817371314587 0.31098324669332644 0
0.2920556364642888 0.3176993733737099 0
0.3294007460356542 0.3171350139093631 0
0.3190052304541372 0.3149157631484838 0
0.3358386293288645 0.3230639813091839 0
0.313543143255781 0.32548635161725803 0
0.3201637626547687 0.3324524665809161 0
0.2961084911501571 0.3230129979683237 0
0.28861497902319494 0.32357936875442994 0
0.3008995811659836 0.3289833633434335 0
0.28660309383824867 0.3311444083896068 0
0.3318895160343409 0.34391096766008344 0
0.3485942670344758 0.34756102596692623 0
0.34965681290631334 0.3406672607165806 0
0.3157381569532829 0.36316250419418583 0
0.32183675004847134 0.3497781083012833 0
0.311334801439053 0.3305739792136384 0
0.3194611870285644 0.3386031469480372 0
0.31176767162636504 0.3462652214831791 0
0.3093782001714093 0.3357797872963648 0
0.30080921671156785 0.3431291313750143 0
0.2971817547220594 0.33414393278447846 0
0.30798690157653147 0.3658013444585516 0
0.30935437513077757 0.3588780159460384 0
0.29772495620107814 0.357255553367483 0
0.29150425695424204 0.3370398932006325 0
0.2841213895990741 0.33776414528547977 0
0.2822691604401316 0.3441563208602823 0
0.2733529379571406 0.35771429065014393 0
0.28676213942922096 0.3545005237515943 0
0.27630348553191914 0.35306070271592704 0
0.35879323549484937 0.35266695351439936 0
0.34952357192935885 0.36088749361364225 0
0.3420275209633789 0.3500704533034719 0
0.33667981882825554 0.35964498205617584 0
0.32858485749680927 0.34948025253899584 0
0.324995344190355 0.3557923579798241 0
0.36635071329425367 0.36145714910895665 0
0.3581430997047414 0.3602975272467519 0
0.3696595240315327 0.3743495269191744 0
0.3301228892484669 0.36111984074392983 0
0.32336938625418915 0.36266611227278683 0
0.335180029606127 0.36623678697842676 0
0.3211033707405686 0.3693238083435184 0
0.2941111015584648 0.3634752998687901 0
0.2823071708647881 0.37125556027912715 0
0.2871395570479415 0.3608919602601656 0
0.27589469824097085 0.36331005421510343 0
0.2766009157319144 0.37350793339334165 0
0.26948988517428235 0.3630464696311052 0
0.2663883091297954 0.36885373847886194 0
0.30064701096184365 0.3672425960825865 0
0.29426116023707727 0.37115945589554067 0
0.3061330159933364 0.37293028149019286 0
0.28831791145096536 0.37467365448777123 0
0.2700924926670006 0.3742228765560162 0
0.2637057982413724 0.3749207530032236 0
0.27461212430219095 0.3794933341404456 0
0.2602376989749298 0.381385681019745 0
0.2567601820363806 0.41737664877882297 0
0.2639385479094451 0.4270554638791113 0
0.25475996315837307 0.40739355490670603 0
0.27114783160750006 0.3943055410887491 0
0.3472919176202714 0.41344094519436025 0
0.3574004313680687 0.4140935450744709 0
0.35052168187476007 0.4040217919071311 0
0.3650575009467609 0.3944550715854401 0
0.3468357767802603 0.37748620011046896 0
0.3485087347718595 0.39279210898919104 0
0.3386980562576071 0.39281249510958827 0
0.3310259326756641 0.3797024340026853 0
0.32746535492211937 0.38566286948355644 0
0.23771390455693098 0.4249030181004129 0
0.20257605539596366 0.3963727315733838 0
0.23621562954568814 0.39407247977543913 0
0.18278914995893134 0.39315774138124204 0
0.2090614499940852 0.34446312826043796 0
0.17386759218885758 0.3533079360536764 0
0.10383986775796444 0.42893076828570464 0
0.1384847810661375 0.4948823388036148 0
0.23620898001876037 0.5264813540562496 0
0.22652523178337852 0.4990447585806633 0
0.24157623686629717 0.5033288943740392 0
0.2499894985515231 0.49344282831908776 0
0.14434855631669094 0.45614188951708273 0
0.19099107087409692 0.4796010045243716 0
0.18772025027048117 0.4324779918126161 0
0.18985343406776833 0.699027428446622 0
0.20315826019189337 0.684786768800333 0
0.19421130366595704 0.6820037687051828 0
0.21403901912567241 0.6428823459518486 0
0.22615591768138743 0.6306588191066068 0
0.22667638322958292 0.6743097561269645 0
0.22230092021460168 0.64815082583735 0
0.21524709231301092 0.6664930547362178 0
0.22314613872819802 0.6804579048077922 0
0.20114569927964884 0.6759529394608067 0
0.25685215498379793 0.6394858092062665 0
0.2347237185794404 0.6322891034810375 0
0.2632661587231634 0.6359317628938663 0
0.2633514805516764 0.6429615264574922 0
0.26965771738447647 0.6462888533966406 0
0.24148972889631437 0.6009380084762026 0
0.28901690586975737 0.6107464675380471 0
0.26857152773243986 0.6238271028087603 0
0.27560290937443815 0.6271975563391988 0
0.23409711795430874 0.539289434826118 0
0.25522903370151523 0.528964549869354 0
0.247318726125538 0.518765166047548 0
0.22155597916954517 0.5274063689157648 0
0.20245277300392844 0.5620421138043726 0
0.22744226857325353 0.5656739361136803 0
0.113871004688128 0.6615772015642728 0
0.08890926010584693 0.5957600443033683 0
0.12646389361334326 0.6819171786626078 0
0.18402512624796438 0.6661359978196625 0
0.1350362133508136 0.6610991840044592 0
0.18476128835252534 0.6286083851120099 0
0.16287595359152376 0.650133660831488 0
0.18481084183122426 0.6427865414504118 0
0.0901915688608211 0.6645953746607126 0
0.07173744637548678 0.6387770933685666 0
0.08622502359049301 0.26247197383202003 0
0.19465851041857163 0.30463819460375147 0
0.1883480992635377 0.29161655558173016 0
0.1608943001893702 0.28493540731931544 0
0.1785579651629465 0.2879087697050012 0
0.17096145076986324 0.30617030397006934 0
0.1448335020089963 0.3305745006674719 0
0.1492169452905586 0.3815006412225991 0
0.1430829230203661 0.35857734579934375 0
0.1435248836630631 0.3966681471441893 0
0.10438471450360537 0.36199762133491487 0
0.11900834388361155 0.3467707454959574 0
0.10066850428461183 0.3405213801139076 0
0.10318276474640814 0.29883239278344 0
0.05066097637721436 0.3752100561305253 0
0.06786684207192359 0.34050277492347414 0
0.18204971465567366 0.07010157898113249 0
0.1499106441148602 0.18957056924613855 0
0.0628225936750631 0.17046482347515188 0
0.18555775261881974 0.18810635326741323 0
0.152313727049911 0.11596068636271537 0
0.1223055283695878 0.27080649443411714 0
0.11724172539773055 0.24268831215195927 0
0.14511508768308823 0.2078950802260855 0
0.3248874055387326 0.24482926045102266 0
0.33529499057214734 0.23669881773887702 0
0.344320054158439 0.1953175719841501 0
0.35225002677740186 0.21292892291691176 0
0.3355952692727216 0.20804506794660205 0
0.34877897041492417 0.21988558672478728 0
0.30149675854868774 0.16602209066870047 0
0.31831104068445737 0.18337386695234317 0
0.3685156857735845 0.18989128451026385 0
0.33206423834779075 0.08056818408008201 0
0.2032277219485646 0.02312968066748936 0
0.1478459997441748 0.22622256791515385 0
0.18392055478963706 0.24360893175052883 0
0.16231654977428184 0.26359457286651367 0
0.21047998825872166 0.2426646524280501 0
0.2007951235873486 0.2550251435781567 0
0.20334490948523337 0.2768710884125706 0
0.21829194212365144 0.27554994293975643 0
0.21432561762069846 0.2562883184365939 0
0.20780600324241535 0.257796748729214 0
0.22921345085374978 0.23042113662268257 0
0.22668569183800638 0.25229305130836166 0
0.21490947830537077 0.2492019634647395 0
0.2403393432072788 0.2745591237997952 0
0.2402759694990792 0.2543184807142134 0
0.24625360646592667 0.2711158814878127 0
0.2206425419181367 0.20553022705661145 0
0.19905693277768863 0.18567926631667794 0
0.5416163769957012 0.17999869056168674 0
0.5289457423976213 0.19539450490509125 0
0.4843885605493224 0.1724789240662483 0
0.3864739460593137 0.1823178433276371 0
0.40002361023585514 0.18545243497854255 0
0.3789300182804232 0.09435418782170264 0
0.45256252417756615 0.04140679022459988 0
0.4513052766946732 0.07802552523542987 0
0.44708003423001075 0.10687473299085457 0
0.29614467113921317 0.029813148755656257 0
0.3119600993925528 0.09234091959632017 0
0.27645153745553075 0.13913726657572265 0
0.3604247420245344 0.18410643603014823 0
0.3611917969066595 0.17252621280835773 0
0.38108166437718555 0.11891788449238253 0
0.32186759663496195 0.17248511217398638 0
0.31331467271925345 0.16629653832807098 0
0.5697706118213602 0.20924924430910288 0
0.5582672336658328 0.20904831244177072 0
0.5712931898558271 0.232296649303081 0
0.5625321592985588 0.22158959800227934 0
0.5829135960358701 0.23254942233986256 0
0.5771946718040785 0.24193615992088763 0
0.5890749158830887 0.25730873545175387 0
0.5881684705569652 0.19496395938084563 0
0.6005543419579648 0.1607954135594008 0
0.6128658107841296 0.1739728070279931 0
0.6209688775692124 0.21736061420387684 0
0.5693970042222702 0.1573637759099836 0
0.6500945803180564 0.12414803460321697 0
0.567313936695538 0.13880422586337185 0
0.5549996258307281 0.1507116114034184 0
0.5357644197324577 0.11066238239984952 0
0.35524827851026647 0.5001265727361587 0
0.34292335709976973 0.49011178175894227 0
0.3349234220014918 0.5128507632351504 0
0.31397707483864906 0.504824936159716 0
0.35318651829461983 0.532216018416388 0
0.339470469982833 0.5269011516120999 0
0.3431409416978989 0.5404514653785577 0
0.2766433247331328 0.5203039178713628 0
0.30041489646301556 0.5113434035750425 0
0.31350081039830274 0.5182526147462139 0
0.3644365498853555 0.5899761330409209 0
0.3455884660849396 0.5715649250078297 0
0.35527380100516587 0.5840814463933522 0
0.297561111919931 0.6188004350088964 0
0.2811740325482185 0.639853832709723 0
0.295064216900762 0.630588871343808 0
0.29029833861748744 0.6459716360337027 0
0.32312305916052264 0.6062317620841546 0
0.31207503294197547 0.6014527296964882 0
0.316383371893103 0.6086771780902459 0
0.3456709609924078 0.5881526974686836 0
0.34083905578474427 0.6018119808411816 0
0.3151454824586304 0.5956509049970657 0
0.905755935711091 0.27010450088902743 0
0.9111514176522975 0.23644775936048648 0
0.8153829116622496 0.28680289722074304 0
0.8328840371771009 0.27212676533917607 0
0.7994976248654888 0.29872366156100155 0
0.7658482714122248 0.329559452356528 0
0.7836982150185657 0.32684392472637136 0
0.7720821945681215 0.3336751046513488 0
0.7865574654630136 0.34028641693152795 0
0.8056132792520312 0.3506607323391124 0
0.7939484527200393 0.34213082829030844 0
0.8403851457121335 0.3469613077915364 0
0.8397167224075055 0.33493233764084346 0
0.8600551524368192 0.3326058203973481 0
0.857191987719587 0.32244090014564203 0
0.8165078615276411 0.3037966685994024 0
0.8214387078997248 0.3311192656647275 0
0.8082306640079261 0.3183080595228154 0
0.8559384840734373 0.28027026759253554 0
0.8379253867076243 0.2805153451862873 0
0.8699468296995534 0.3079268989669392 0
0.9734903249230011 0.306888577885933 0
0.9749162625764302 0.3345771436323954 0
0.9023921560923114 0.3458687377653992 0
0.883356077312934 0.3276791309574629 0
0.893746124341903 0.30852965049367687 0
0.8818036129605703 0.31445867448854964 0
0.9232677923484334 0.2952943353787662 0
0.9391462698841827 0.26526933658896507 0
0.7293120632463583 0.1732001826550272 0
0.7154485869309553 0.1724017919412006 0
0.8025155165303897 0.17030878334526747 0
0.7893693946661534 0.19084017224140826 0
0.8548419867233091 0.18018585948079682 0
0.8407590338691509 0.25592838005343027 0
0.8143553997807897 0.2698553012301197 0
0.8095649970132633 0.2823622365700921 0
0.8151116795544449 0.27871122882696525 0
0.8266163372383541 0.2770219343608166 0
0.8168722420112274 0.25429937338324504 0
0.8120741892862057 0.2468077840387691 0
0.815136793966481 0.2388311507047168 0
0.9102307802810584 0.5022367027412707 0
0.8745547744017456 0.599085175620675 0
0.913364034123773 0.5925762174239381 0
0.9568419738934879 0.5663608040819822 0
0.9351101159970213 0.471864871503318 0
0.40621853505829075 0.6607528283960279 0
0.3676744210815209 0.6876353711321999 0
0.35548104005077324 0.6616836118185454 0
0.3540637209094366 0.669404045645046 0
0.36003865798985923 0.7187833567382407 0
0.36533173521097934 0.7205398392757376 0
0.35638492548815764 0.7149767918310721 0
0.4093464775454833 0.6983848564485502 0
0.40536698329018994 0.7094028723740196 0
0.3948477545635737 0.7104927689078349 0
0.38828217026071854 0.7035505551109538 0
0.404186035266288 0.7264588396375573 0
0.3926567096780059 0.7454981797779322 0
0.433365109828217 0.7158995937096958 0
0.43048868070954394 0.688928727636649 0
0.4185224426011788 0.7086139749190935 0
0.41928783414979665 0.7345001819698987 0
0.412575309765466 0.7273597741345031 0
0.4096068933466058 0.6001444059273153 0
0.3883701424157711 0.607388962775386 0
0.35587130268780226 0.64528197298234 0
0.3721498867672023 0.6371978861167161 0
0.35512389531344446 0.6350475369545834 0
0.534524509969827 0.6508610035327869 0
0.5088686479213428 0.6425932558475189 0
0.4891235543750046 0.7476998880187509 0
0.4717916999603773 0.682860345335875 0
0.44306997028073497 0.7052480522620947 0
0.9633403517951048 0.03548351803158387 0
0.9296719116135124 0.14180924795541358 0
0.8576996570727347 0.040831630493865914 0
0.8283401439340274 0.07823782276282218 0
0.8789321442680534 0.11907114897226699 0
0.03165517206217973 0.7005560121497958 0
0.03950384830383908 0.7373295951270643 0
0.16390981972463092 0.7340568700795027 0
0.1764200829364884 0.7365149554258815 0
0.20790577737609542 0.7402724908519618 0
0.14267897738004326 0.802877632418706 0
0.12716005567335092 0.7823190524591995 0
0.1248811597621676 0.8514186709452328 0
0.9692967571925507 0.7028353973029577 0
0.871965966138342 0.6973178104764081 0
0.9075159123451514 0.6841172134601535 0
0.7646468308275884 0.714151054988851 0
0.7453007923970025 0.731523228432953 0
0.7908826235953994 0.7166022683052617 0
0.9541450912575689 0.6218432082569164 0
0.7395490366503557 0.6990945148521941 0
0.7269289838353645 0.7060570539149681 0
0.7588907910190561 0.6673310410215142 0
0.7474293838944411 0.7204325094254885 0
0.7500502163024567 0.6960737991139642 0
0.7686583628756771 0.706672042696045 0
0.7646234510883656 0.6941713384995087 0
0.7576148621063272 0.7142557713781562 0
0.8116732421228541 0.6940795467432228 0
0.7626487973565601 0.6809573673538111 0
0.7917204303244857 0.7063597971890048 0
0.7756576610882512 0.6857808603242689 0
0.7496609181210875 0.5551448211235009 0
0.8026361960251518 0.6045422748336694 0
0.8460238321592555 0.6075287523893466 0
0.824847607751976 0.6676293124375481 0
0.8649455515033934 0.6236214183458163 0
0.81087663376061 0.6791383844488805 0
0.7863849704584177 0.6837699565492702 0
0.8419697068551915 0.679737027326723 0
0.8386635720798473 0.8847028370268907 0
0.6725483901919503 0.9282636244230268 0
0.7085880463828195 0.9380364960201983 0
0.6905301458370439 0.9659673008667589 0
0.751000287140965 0.9646267244645732 0
0.6820796604059547 0.895409574942147 0
0.7528627375236125 0.917977222199398 0
0.7615760718229235 0.770383933166144 0
0.78179078809808 0.7875146533748305 0
0.7840439831513091 0.7414521118649424 0
0.7607224716437102 0.7470361242289033 0
0.7725831243919478 0.7262451823181475 0
0.7502853336406015 0.7554577313124758 0
0.737250025324809 0.7398424907097888 0
0.8081484515768368 0.820802495922724 0
0.7935138517576568 0.8070343022392852 0
0.8179437474965268 0.8361964115373255 0
0.8383861969571804 0.8511654767147345 0
0.8264444535630069 0.81289765413643 0
0.867002036071883 0.8143438163773278 0
0.8567520904887995 0.8222632581698605 0
0.8363442769450743 0.8268846634812527 0
0.8043330827484421 0.7394777796930632 0
0.8085493058002097 0.7191863291595464 0
0.7970760466579592 0.7428672737520527 0
0.7974582907985154 0.734990913730426 0
0.786012007215064 0.7240829608649878 0
0.7814747731384182 0.7752832594950629 0
0.7948327281912639 0.7566732864421408 0
0.7914819372562706 0.7787409998751296 0
0.837878693355587 0.7236822674348057 0
0.8647458512983192 0.7354443656455003 0
0.8705752310123288 0.7506514094136153 0
0.8233307707514005 0.7403202865243297 0
0.8520408867226767 0.839400521016395 0
0.8524317935932127 0.8491679776345805 0
0.887745982925119 0.7792777020084376 0
0.9695954232769384 0.862402658350932 0
0.8059815354160648 0.8963847170114242 0
0.7505025450026396 0.8840173544459988 0
0.7729520701169588 0.8640922380345434 0
0.8032602466475647 0.8386857063813872 0
0.7829056841169145 0.8543913380639103 0
0.8075057113662585 0.8474719733040131 0
0.748744662995892 0.8323548768621839 0
0.7100918575793057 0.8079368981645056 0
0.774899622055389 0.7970456223474525 0
0.7697834509755294 0.8335498797792424 0
0.782559658084865 0.8154958979947957 0
0.7808962899123856 0.8463465222469219 0
0.7219742193815438 0.7973962165111794 0
0.7309008600060086 0.7791886810046355 0
0.7395706494569997 0.7627987707784942 0
0.7108195523128988 0.7904173185664419 0
0.7095531381207284 0.7432725326933083 0
0.7110001985478254 0.7734712207784218 0
0.6838969729476085 0.7550172542674038 0
0.6373853974665492 0.8071933038771835 0
0.6947723410123194 0.797100590442687 0
0.7014391932686433 0.7888540703333079 0
0.608202478222474 0.7890734062632639 0
0.637989667535265 0.7257724243559851 0
0.6448470501634341 0.7103707927469878 0
0.6324187561961236 0.7180712089267438 0
0.6402000615719778 0.7443896644881983 0
0.6774296170313481 0.7216098556977237 0
0.6708797164678555 0.7204975973466008 0
0.6516178907522371 0.7392117309252028 0
0.6361747254666146 0.7667197444413388 0
0.5991024387157601 0.8105545719030754 0
0.5956676141974382 0.867751557611545 0
0.6207748602754779 0.823560788827159 0
0.8352530243081451 0.9604770607821764 0
0.9197620832287946 0.860475982299659 0
0.9104638594620929 0.8883174664536269 0
0.8980655875204816 0.8813375030610832 0
0.8893516679577073 0.8305976834178578 0
0.9186237894375897 0.8423690738356038 0
0.9592935600721264 0.7991118419099186 0
0.9775877847109377 0.8186847868880839 0
0.9249852619260425 0.9511542670089924 0
0.9063434878200489 0.9041365526494676 0
0.8314835485027271 0.912010938204696 0
0.8613452069002296 0.9081900544422296 0
0.8609269893697845 0.8434895318448868 0
0.8613073740856065 0.854505325450973 0
0.8618440257977247 0.8640144427881353 0
0.8685034324373636 0.8696411933471393 0
0.8874811476181842 0.841439559697175 0
0.0708485115710837 0.765810386750131 0
0.48025473627249154 0.5867651624098063 0
0.4289821153621034 0.5913727396789155 0
0.4436843781877938 0.5635869622416031 0
0.42276411866871955 0.5776908249488318 0
0.42300596476783514 0.6122402861672749 0
0.4023895158179554 0.5911334484329522 0
0.514063946849679 0.5543925473039354 0
0.5331604503631302 0.5741966356391858 0
0.5445285090716603 0.5620755510689341 0
0.5414539689755821 0.5509414272082463 0
0.5193051725667711 0.5448393569767724 0
0.5528673137789236 0.5878121547803621 0
0.5310422638090929 0.5825655818596613 0
0.6622291910764739 0.6251363519782834 0
0.6536531933382768 0.6162885577462948 0
0.6653720286651564 0.640555580099657 0
0.6750475447541661 0.6409699998785823 0
0.6513297286976168 0.6355268209159843 0
0.6650199471263053 0.6313298020472863 0
0.6511841297469076 0.6296614919754532 0
0.6573691614839886 0.6360887795482117 0
0.6661116263555771 0.6500528207827683 0
0.6553309425063264 0.6599189573923352 0
0.6598017621075881 0.6497035174126427 0
0.6543115682988917 0.6499697477729367 0
0.6552367717198914 0.6703237960469889 0
0.6497077958496982 0.67304391541021 0
0.6416450795142269 0.6708709843946565 0
0.6851789437323826 0.6649415244356003 0
0.6800551782097531 0.6662982890644822 0
0.6797026746388573 0.6513736556825194 0
0.6443560291608297 0.6745729389573198 0
0.6470811534497802 0.6851080613625394 0
0.635580279160642 0.6802610980576237 0
0.6595653873585944 0.6837479150859564 0
0.6523343135242918 0.6899201080263749 0
0.6453871317638259 0.6918136906209384 0
0.6335429136477513 0.6930603361792059 0
0.6988103857365324 0.6926363842787436 0
0.6955968947401164 0.6842698472135011 0
0.7054936886392396 0.7101411214241103 0
0.6977067858500652 0.7150308986704682 0
0.710209123899422 0.7171175989053458 0
0.7081496946542022 0.7026220717261248 0
0.7147403500129547 0.7139949807888726 0
0.7203199662011821 0.7200393609083474 0
0.7340508929394802 0.7169023258037153 0
0.7725952589551423 0.6257818978817937 0
0.7490494510258696 0.6106652733205219 0
0.7470693635622168 0.63450412555975 0
0.728953652202622 0.6259352295200374 0
0.7362994631478856 0.6353321156518055 0
0.7055137781633459 0.5647154301944852 0
0.6995590245563357 0.5812930667762851 0
0.6875693350555558 0.6266619098091836 0
0.7199089678517302 0.6168421998136595 0
0.6982178717916216 0.6342897322998649 0
0.7106176101342435 0.6547009834058483 0
0.6967853772817313 0.6558260307688053 0
0.698441788760577 0.6616253214143757 0
0.7465569799101979 0.6579617386031595 0
0.7046434900973063 0.6641269841011064 0
0.5693086643191767 0.5555051915784383 0
0.5748046559650274 0.5823027873819973 0
0.5747672953932398 0.5918620071129579 0
0.6104553100768045 0.5797299608270391 0
0.5794851421051308 0.5739450030918782 0
0.5872557288014197 0.5937411188140815 0
0.5952785097514325 0.5927219385087371 0
0.5929144505272099 0.5779324701674822 0
0.5817222502234257 0.5881846343776181 0
0.6152834707366329 0.6024163160876378 0
0.6279929921994504 0.5970330064096447 0
0.6240266445673206 0.5898973139972506 0
0.6282979551977497 0.5824341496816822 0
0.64090043417741 0.5926377644652046 0
0.6497141075761936 0.5984892338039368 0
0.6489416226546765 0.5870247870664753 0
0.6527865261858626 0.5031298197598972 0
0.7094317042556325 0.5002311821598291 0
0.5626042603595993 0.5161205204358128 0
0.5521439688114376 0.4946086290519583 0
0.5693479145966112 0.4939233920636352 0
0.7305398613748344 0.4131476846465668 0
0.7373710796658519 0.42555525153644097 0
0.765268157180464 0.41778098412332193 0
0.7529090436920327 0.39080054811415843 0
0.7373834828816187 0.3897799489390702 0
0.7685425481927236 0.3911496570359027 0
0.7598120815770465 0.36255990650330083 0
0.7424286584614304 0.38147853629603545 0
0.7632797852632862 0.3496631344597319 0
0.752392142516218 0.36003619561151107 0
0.7567418313921517 0.3474837165435194 0
0.7500782408477121 0.34480811550852336 0
0.6750680308219911 0.34861648494214054 0
0.7052384523316398 0.3745941865290349 0
0.6755120858904734 0.40702116601207033 0
0.6985421416346255 0.40271994723091764 0
0.7128735126250553 0.32909432908275343 0
0.7128010017562777 0.3426204278397637 0
0.7193187405220595 0.32899443650423016 0
0.7264332221110315 0.3590737988503187 0
0.7185838887783311 0.38052415006158496 0
0.7253665110647666 0.3379296470492153 0
0.7325480800731105 0.3339658188000153 0
0.7275876495587166 0.3452478699072804 0
0.7304527573724204 0.35198235834046776 0
0.7389174925169736 0.36375315355815263 0
0.7797509610577351 0.3766871661431957 0
0.7668390603593676 0.3444330995844901 0
0.7096444041041722 0.4191909676998706 0
0.7723094907604731 0.34162685117907116 0
0.7715155094359906 0.35020600122033385 0
0.7879841747972596 0.38282779302474207 0
0.8087308855594304 0.39428060736268 0
0.7969260074612057 0.36865066218207515 0
0.930728391660203 0.33731691358094135 0
0.9255232089117874 0.4201576219186701 0
0.9521467674543487 0.43449123132962836 0
0.8644699919155369 0.4131589871680351 0
0.8298549447064524 0.4137480482472435 0
0.8698410632416963 0.4604926408054812 0
0.8123841108931149 0.4556325720807836 0
0.8224037770982071 0.4907442305987427 0
0.8757297229247668 0.4907521467402332 0
0.7871631232274023 0.3938224220173483 0
0.8129288145709356 0.37174227928144365 0
0.7522816821423843 0.5266253393726683 0
0.7297704725767048 0.48472526345855527 0
0.6818614813752002 0.6151852271353899 0
0.6682083279187399 0.6061794300248278 0
0.6659160012882276 0.59784361438965 0
0.6594669027474027 0.6021402974705026 0
0.7950570227479913 0.4930260309691757 0
0.5504945239964945 0.4625196521784326 0
0.56102646232819 0.4498581548410321 0
0.4986189622044053 0.44028833013745944 0
0.5237844072990002 0.41354927569930566 0
0.5738536786419789 0.5089824732229429 0
0.575424620957261 0.382686241859206 0
0.5754668612900069 0.4030409319284183 0
0.5746486977602072 0.4466536358299249 0
0.6052007314018163 0.40564534694367244 0
0.6158089668899482 0.3405972370780219 0
0.6134029657693906 0.36693923950577334 0
0.6063475100070442 0.35286593233769664 0
0.6104246591317796 0.37670223334402503 0
0.5966691254392287 0.3686403247372591 0
0.5939387748793842 0.3873996010966004 0
0.60043887289807 0.377517019167079 0
0.6134526481289448 0.39623086418501235 0
0.6416567302793721 0.423612887257727 0
0.6303862409304841 0.41612057803792846 0
0.5613604687121079 0.33988576623009625 0
0.5423716620576561 0.3426240631474251 0
0.7299807757904894 0.2964366390847264 0
0.7782287268941822 0.2802246984849782 0
0.7866879253020254 0.30844626245431944 0
0.7466853216159441 0.2561553144808686 0
0.7676407516528008 0.27215797148462517 0
0.8003916496321353 0.2594555975187229 0
0.8001803578966037 0.2435869155645166 0
0.7801686651085548 0.27317476098150717 0
0.7996407329480695 0.26687394238015194 0
0.6996598770243339 0.3034295929693186 0
0.7183267874005874 0.2890497057452953 0
0.7099076334158151 0.3072168780344673 0
0.7632154372677221 0.27668717507041735 0
0.7538371871685641 0.27059280672098013 0
0.7384487264721725 0.2753743853682348 0
0.7212789984003211 0.2699948960301313 0
0.7418115854603212 0.26883479614108513 0
0.7340134110386836 0.2581816833412071 0
0.7433694040728877 0.24020707982639705 0
0.7533772359230795 0.2510082005515554 0
0.7634602994337539 0.20646813567988728 0
0.771873638150858 0.20966675175014776 0
0.7793541453074796 0.1966667343446295 0
0.7324345295577228 0.18535486274686394 0
0.7643511927321701 0.17839154377424465 0
0.6897845796999696 0.20043540181080546 0
0.6884756509648166 0.21856733845823714 0
0.678886576631186 0.21823878488709228 0
0.6744242052577424 0.2270662095985486 0
0.6912990345769695 0.2252810137804961 0
0.672028117521359 0.23547161598343078 0
0.7236611928705979 0.24817192879802824 0
0.7038486265588461 0.2228120847548832 0
0.7354079036031345 0.2308482642769152 0
0.6961362311134597 0.19261583076901806 0
0.6950851042221228 0.21060798922458263 0
0.6629004171811126 0.27972302296863566 0
0.6647954600426194 0.30684679073053667 0
0.6808381680539747 0.3081423401800368 0
0.6414755382377877 0.31280621956085447 0
0.6486456388756476 0.30321551973198196 0
0.6426466057709588 0.3004012391823715 0
0.5579859317874925 0.31914821093726825 0
0.5689618972705381 0.34234849283954216 0
0.5752087795982859 0.33067329922653593 0
0.5887486541295692 0.3312954572203231 0
0.6167672677022309 0.3197007338231887 0
0.6012097443008777 0.32710102635818195 0
0.5481750715085004 0.26200744409745647 0
0.5593652580437523 0.28754988084878375 0
0.5552195639070499 0.30117305973770236 0
0.5934193267266936 0.3138976621103802 0
0.5732868961393739 0.2819200051089314 0
0.5815915022592889 0.3261519546686673 0
0.6289471709140274 0.31169496367647265 0
0.6369991170498149 0.29776389697752437 0
0.6040282166322314 0.2788435091436953 0
0.5859961035144655 0.27972690660073873 0
0.618398784072771 0.2767125722097783 0
0.669325227057292 0.16369350300937952 0
0.6583790218994208 0.17533979706956576 0
0.6563195857954311 0.22355303088163211 0
0.6518691930623884 0.2030298697542415 0
0.635354826292594 0.25806398480453036 0
0.6167342277037012 0.2705948095759767 0
0.6278503380052354 0.27199857262085664 0
0.6483680790268364 0.24402697000728604 0
0.6479850152940644 0.27765445940925687 0
0.6418800430113507 0.2592649354028088 0
0.6416897836895301 0.2766071474283573 0
0.6633633394776343 0.2864985091976363 0
0.6672397005339931 0.29097867232276453 0
0.666774795687393 0.272777873629221 0
0.678820972517014 0.26607941403745067 0
0.6784277989311236 0.2775718691959134 0
0.7085925733679508 0.28427761897358794 0
0.6836118195991762 0.24784623449254836 0
0.6644683660845577 0.25576805275723696 0
0.6474355371321373 0.2549159740961952 0
0.6502116205915089 0.26584707098941573 0
0.6631528866836992 0.26910401746135443 0
0.6564398333508972 0.2533388064868733 0
0.6507872704772409 0.09971249763274548 0
0.7243565724369504 0.1609189279388793 0
0.49077272145882145 0.5030919437400997 0
0.41015785421099543 0.48719271823964044 0
0.4438149370028682 0.477489206365374 0
0.41499145276724025 0.45494601780406657 0
0.4780870462755564 0.48077915581027475 0
0.5486098524068781 0.38996174214091545 0
0.562446449441371 0.3828383726847311 0
0.5372798312178289 0.38090153358449264 0
0.3797482879400856 0.3724296388246864 0
0.44379031026649235 0.387986888970205 0
0.47806140005728504 0.4104413972396535 0
0.5231207227588022 0.28214988522663037 0
0.5196550570021456 0.29323031346999073 0
0.44254120321386503 0.3698529429332714 0
0.4097871590151861 0.36286724665338055 0
0.3876351659575157 0.3573327851936331 0
0.43353178907520695 0.35846583647384106 0
0.49461142166488653 0.3320569013721607 0
0.4981983459737125 0.30588282921805715 0
0.5058757568419959 0.3433495609457903 0
0.4954223868548627 0.3880932257359189 0
0.4603135098800281 0.39905262736640723 0
0.5066973128961819 0.2572293547857614 0
0.5144099848325114 0.24917246010430857 0
0.4618507180491976 0.23061301292469344 0
0.45759277339116666 0.2418208348556272 0
0.4526571991237234 0.21986519177980807 0
0.4345195064469809 0.33642601294535757 0
0.4758897109112477 0.2974127175374751 0
0.4635738278005785 0.300943812115732 0
0.4492451686256155 0.3178227645087724 0
0.4691871005888371 0.288227304174674 0
0.37626345263648875 0.5471145670662181 0
0.4464181863944135 0.5175227888957002 0
0.40422356740961585 0.5521082477776648 0
0.3725010016031562 0.4025954481694155 0
0.40509124137871966 0.3902670317658925 0
0.34043537652593986 0.460786618197449 0
0.3307328115209222 0.43007575743670207 0
0.3581267826904994 0.4431860164556615 0
0.41231115255040435 0.4127081485701733 0
0.3934017191903876 0.4357762733232573 0
0.38790614883335645 0.4236854626347054 0
0.38109293467935323 0.4121432850771016 0
0.5604479963977465 0.5596621492277827 0
0.5670828349697881 0.58779537410594 0
0.61257414230196 0.5949133987085639 0
0.5700582652824573 0.6052023729101041 0
0.584334510799016 0.6002707923736346 0
0.5752737010866202 0.6079166167574863 0
0.664607558891898 0.6983864741675997 0
0.6732548152296387 0.70613685233439 0
0.6597165581887496 0.6966668967008343 0
0.6546191239855873 0.6955770250655167 0
0.6515513336816956 0.6999662154297681 0
0.6448167928936746 0.698740968845576 0
0.6868189786462976 0.6801911096138875 0
0.6693838575791835 0.6956565133346353 0
0.6774402356948683 0.7036851056868332 0
0.6871121971330382 0.700324920316963 0
0.6947936649866612 0.6993161589513124 0
0.6260818054116776 0.6910590156191577 0
0.645860718272736 0.6057380765947932 0
0.6425539033518834 0.6324561329253248 0
0.63969000815775 0.6227244615603398 0
0.6332957535473683 0.61196578422882 0
0.6234005538388475 0.604106594849107 0
0.6095292633696086 0.6083845991299374 0
0.6134323929318456 0.6141691742992638 0
0.6327026252594892 0.6489225237468018 0
0.6319843577270471 0.6571677287660558 0
0.6184753673866391 0.6554997805598892 0
0.6254787580330046 0.641226232226864 0
0.6152807614605428 0.6603506759346468 0
0.5955157162307902 0.6847294451033258 0
0.6142628469351886 0.670782721942464 0
0.6063478740654488 0.6688137551016716 0
0.57280770807635 0.6650703261950137 0
0.5662271763799861 0.6444263270409137 0
0.5839833059297509 0.6214900927151336 0
0.5979262953726269 0.6481909880374503 0
0.5964590045939636 0.6231178619080365 0
0.644310613590376 0.6609878657021436 0
0.6417964499820545 0.6659361035380472 0
0.42191488368507 0.9154669970063358 0
0.5458965317954735 0.7107133238342542 0
0.5659368945394788 0.7211063220807595 0
0.5788058116214339 0.7055302006143269 0
0.5068668544976809 0.7014304252872562 0
0.517950271635087 0.6779965961386141 0
0.4224189832099139 0.7447343822588312 0
0.5240592556423788 0.7229232217336218 0
0.48125524372189565 0.8018716551962322 0
0.46069086359971284 0.814160721768793 0
0.4605320714727933 0.7927850726021212 0
0.44261743699265704 0.8607605119112731 0
0.3298770018913988 0.8980889964005929 0
0.3079810841922085 0.913662517185947 0
0.410172978089665 0.8903897126323439 0
0.37576110972960197 0.9208718411617233 0
0.39444733822335215 0.9087925895419342 0
0.4128696304142213 0.7659144559840124 0
0.2976599338066368 0.8828876654733266 0
0.2916256975545028 0.975593702945348 0
0.35002896959216595 0.952994312623175 0
0.35678179115545305 0.927424230852879 0
0.2661247730938565 0.9354915034496392 0
0.33699763787674103 0.7966514663643517 0
0.3462648139047415 0.7898093612715418 0
0.3721785174678133 0.7645588046160791 0
0.37799782925548897 0.7578894046610547 0
0.3934997112166936 0.8210178302108481 0
0.38189558001578044 0.8170474813217634 0
0.36409395007326173 0.7904823839628792 0
0.35676500745480283 0.7945554488020535 0
0.324075405921979 0.8433253381034358 0
0.343570089587463 0.8372124128755072 0
0.3245719163252728 0.8332989010011341 0
0.28219656741658966 0.8476153409082101 0
0.29274342751303867 0.8426808142938932 0
0.33207556065276733 0.8083843501610374 0
0.2883951282626668 0.8064078478004181 0
0.2828480420485006 0.8284021515516944 0
0.3037510171244176 0.8172017134272226 0
0.29904945263404425 0.8343545260216144 0
0.3138868951397798 0.8005863555830968 0
0.29591400043661964 0.8026123040954254 0
0.32642846089075794 0.789254065661942 0
0.3261185399008504 0.7771046292053667 0
0.2800692451267418 0.7692741504678511 0
0.2878422321482374 0.7924104893418308 0
0.2938040573615252 0.7942335158286984 0
0.28716577472073973 0.78157817840778 0
0.2972866598020619 0.7667174166363363 0
0.31607663985857104 0.7681735873728113 0
0.34256127856786783 0.7756326094827829 0
0.3489820092269155 0.7647686922787643 0
0.33458112775684706 0.7699668852275696 0
0.254952838734475 0.7579147260560686 0
0.26831564638765204 0.7753437924076378 0
0.2794515108558246 0.7589421137897203 0
0.27507726020876055 0.7585942241086161 0
0.22057085107031763 0.6958645085809458 0
0.23079338028748816 0.6915034763586358 0
0.2012392911359513 0.7111740223883132 0
0.21992692615895656 0.7070082478463745 0
0.22480487531888377 0.7116181001932351 0
0.22419303706254035 0.7255755983593004 0
0.2365645298199649 0.7187375044772827 0
0.24931320173011853 0.7460413032656485 0
0.23875836002937856 0.7036464826426381 0
0.23776182716960015 0.6915484542078942 0
0.24857553737590424 0.6762929508896227 0
0.3056077497261337 0.6011104901418626 0
0.3005632009984478 0.6053979613099666 0
0.31234969939384455 0.6223638578080424 0
0.30492394366045605 0.6205569246617454 0
0.30678702543865394 0.6276597607952993 0
0.29686961986068794 0.6379157930017388 0
0.31217518401685823 0.6417998931966189 0
0.2936230752298494 0.6513657259572546 0
0.29967912000591457 0.6527824382724398 0
0.33592341450479324 0.681846724707047 0
0.3262752490729662 0.6862466526460438 0
0.3272726122494051 0.6959317072643554 0
0.3413494370780246 0.6683169920368975 0
0.3540422886306324 0.6120923482871933 0
0.3378484127515523 0.6305732105287328 0
0.35827561822251086 0.7477240456625048 0
0.34592916012316266 0.7533179488692185 0
0.32197397282845086 0.6884496358687342 0
0.3311833336202121 0.6750818327114103 0
0.3192284134742972 0.6726934181900218 0
0.33615904534092095 0.6638006825960993 0
0.306991368545489 0.6556829917372022 0
0.3182080873922596 0.660838292627923 0
0.31880258133582756 0.6464313240346727 0
0.3236909157565482 0.6570623782087259 0
0.32417624417861635 0.6436473830704635 0
0.2860837899185358 0.6582667663225582 0
0.2762398304494526 0.6640576247368636 0
0.28054889047485126 0.6693205014122366 0
0.26987080722500356 0.6675859902364515 0
0.3106775583379108 0.6857587605345603 0
0.29982783216211717 0.6731762519876655 0
0.293851975850315 0.6737581168966692 0
0.2804760400132193 0.6593222292375731 0
0.28953067582073333 0.6648357634049497 0
0.28543654147773595 0.6687605902488342 0
0.29505580876019777 0.6684721941610304 0
0.33839215623980995 0.7348793827799714 0
0.348601920026397 0.7398157040466607 0
0.3358723453371678 0.7291927151080503 0
0.3182893183263525 0.7574891208215755 0
0.3313546996798653 0.7338935359281465 0
0.33137569292410496 0.7449604662634705 0
0.3081680130072382 0.6903520698346193 0
0.3274712507310064 0.7114146887584474 0
0.316548979841172 0.7515846530068588 0
0.30265144109401926 0.7579775699275888 0
0.3114009852307418 0.7506819121855475 0
0.3163393689096055 0.741321826259031 0
0.32470835985843877 0.7353922532828019 0
0.2641798473436851 0.7344178349808845 0
0.29514494306113087 0.7490889974463601 0
0.28121276590613803 0.7499511639037186 0
0.2885411536873438 0.7098354894146743 0
0.2446160874459876 0.9075385581530122 0
0.26159709380102675 0.9158231843558053 0
0.2762376072122352 0.8253776274166311 0
0.2742054632052225 0.8332339368444557 0
0.2691661484713082 0.7889022356705901 0
0.2693252725763199 0.8248847800546687 0
0.27597672017979497 0.7998057322788252 0
0.2749187715245451 0.805743405933547 0
0.283074421946003 0.8373784039920829 0
0.18120602122720636 0.9301269606569721 0
0.15266323877254728 0.8257160068078072 0
0.1470808283104714 0.8620456540920545 0
0.18083947511757534 0.8792822888563818 0
0.21773036495784454 0.874977713405373 0
0.25051220222007164 0.8731340431058844 0
0.2351033795238607 0.8754511728690265 0
0.35545794050129387 0.3229653092505413 0
0.3803577574548578 0.34548914922576957 0
0.3708997228270617 0.3440343782636142 0
0.36434009074023044 0.338337868474552 0
0.4189471468848337 0.3483563167728626 0
0.39739428872609794 0.3497160942532217 0
0.37487495041992214 0.3508930177763847 0
0.3021417986021235 0.2710198845381137 0
0.31190644714978505 0.2845559746426315 0
0.31346655687029573 0.2785852599739035 0
0.33861593855917194 0.2770839648051028 0
0.3455205574664387 0.2690308949301719 0
0.3300134151945589 0.26125289072531993 0
0.31975129434904753 0.2785285503475148 0
0.32844808323031505 0.2763101127764794 0
0.3288295403113438 0.3000187343958157 0
0.3154584188686606 0.2888954277193991 0
0.3470506294340111 0.2942263105681835 0
0.3447005546166563 0.28121276114449056 0
0.3389198330411609 0.3029674789116707 0
0.3437049933474414 0.3074901826067464 0
0.34132264650449273 0.3200252921852307 0
0.37105359587458137 0.2470301960982598 0
0.35317669763394616 0.25750187438522315 0
0.35064248896819034 0.26767536836726846 0
0.36527483421583085 0.22283078093417766 0
0.3589133263265058 0.22949043243760517 0
0.38388558169447307 0.2294197161687435 0
0.3898986081811275 0.23501671289238585 0
0.439578750372371 0.2972088925389078 0
0.44304604161044375 0.27917964560165537 0
0.4076250486558243 0.30671944910862814 0
0.28294911768069564 0.2680738623713471 0
0.29381070973950674 0.24824770778059888 0
0.2512939849648019 0.25523535519169827 0
0.2643975219260284 0.2712366423517692 0
0.31376844645155905 0.2675501261740886 0
0.30802784508986797 0.26937256644214824 0
0.31106214043013625 0.4542617933435118 0
0.25826808320272693 0.4643915655771087 0
0.21073150570990068 0.2883335170916614 0
0.22678399953432435 0.2855451646985018 0
0.22697974113521258 0.30641465335985546 0
0.23499606077711363 0.28308822905281356 0
0.23794175195247233 0.30302911187974446 0
0.23959632166931905 0.29297030672154073 0
0.2558575686207523 0.2830093907356194 0
0.24817108282809816 0.28844315169536255 0
0.2662005591915424 0.2876829889492109 0
0.250900188701021 0.3247551500460244 0
0.26080789057075154 0.33127233532227096 0
0.2374354882756672 0.33601755338243594 0
0.2520465213634593 0.3370928537190297 0
0.3014422295475916 0.28572709489878434 0
0.28683451243970687 0.28979145945731183 0
0.2649945699232086 0.3265246883561391 0
0.2771131492598374 0.32287706545379685 0
0.2829437480332702 0.30787438302126796 0
0.2513074962472877 0.35547919711893317 0
0.25311074552277807 0.3614733949336491 0
0.26376949321126714 0.33629947981149055 0
0.2684254914342928 0.3459245831040338 0
0.3219510716549643 0.3072588125438646 0
0.30953680811445267 0.3135890708381127 0
0.30498978004756844 0.31654425449028595 0
0.3415599358546339 0.3251719848093769 0
0.31609846197610914 0.3299238543601879 0
0.3327837257376351 0.3284622269349353 0
0.3251977835787495 0.3359172354701244 0
0.3261590839518219 0.3292184669087484 0
0.32945070640719154 0.3392435009354294 0
0.3527908199266396 0.35116998438218944 0
0.34787247839316165 0.33332923791881724 0
0.3179309107300854 0.34473492457420996 0
0.3041947715465478 0.35461702872365447 0
0.3073474017642847 0.3415515602805769 0
0.3103967550373091 0.35240604881669574 0
0.3135882026988906 0.34019210165396996 0
0.3063202912691298 0.33158753695215265 0
0.29720032068928137 0.33905452354537735 0
0.2991628172157625 0.35000051178903235 0
0.2938412751024363 0.34451174122155787 0
0.28158663711950505 0.35079355691751746 0
0.287512945332959 0.3479458317332139 0
0.35488654239386175 0.34632783927315247 0
0.3482663471377127 0.35369823482946455 0
0.3427879701687825 0.3570583364839557 0
0.37331176932886323 0.36631365649820574 0
0.3677004168468446 0.38468301727636456 0
0.2917254764419162 0.35755537221157285 0
0.28197842917565025 0.3649052034164508 0
0.2778449594853657 0.36851363468508597 0
0.24821467660500948 0.38937573601773184 0
0.26720745277651536 0.4170344692252677 0
0.2653035009870914 0.4383717220510353 0
0.28834933261613455 0.3806199325104631 0
0.2779088868970733 0.396353922451414 0
0.27819085039821106 0.3841815469347897 0
0.2846450255981049 0.38623856809431834 0
0.3035335260932396 0.3894283509737685 0
0.2650050716094412 0.387794811941247 0
0.361899036554904 0.40411442847871676 0
0.3753244203110758 0.3918448200817907 0
0.3541267909835578 0.37331935971661545 0
0.3407231635223923 0.371433497291614 0
0.35683914175550757 0.39672172238945264 0
0.3428875627576233 0.3855461313036635 0
0.3264996553240906 0.3746077018557893 0
0.33347102136441265 0.3731536961984233 0
0.3345039771676215 0.38618152345001816 0
0.3193679964356103 0.3775272612603112 0
0.22671208592370537 0.41705380551937793 0
0.24664544933248417 0.4305248737925368 0
0.21221810633251892 0.4015008725934617 0
0.22108816359653397 0.39564684811210193 0
0.23586587579190385 0.38040326011461567 0
0.2295144599397284 0.39933282582168944 0
0.24117124602287462 0.3899325947828456 0
0.2376835447530482 0.4027645575032147 0
0.2308891168492308 0.40762712241659804 0
0.23947089217826162 0.4129151653400132 0
0.21512940853478305 0.336985899557771 0
0.2160231798043178 0.3508793609907056 0
0.19080893017703351 0.3585446100537412 0
0.18982271254317568 0.34839209835173945 0
0.15791685531193642 0.352479513291996 0
0.1952739455946306 0.3780090609664158 0
0.22684131757695922 0.3612243674136923 0
0.20806581823377399 0.36645229760202436 0
0.1563388237642739 0.42356521288005267 0
0.23720569956747992 0.44647737583542185 0
0.15117030250681543 0.4776436604447081 0
0.16046979186751587 0.4977018085717597 0
0.19880667229839208 0.49228575236779254 0
0.17225523964723913 0.4792641770810534 0
0.19580894611970376 0.42061602855470864 0
0.17972165661368145 0.44719001419300053 0
0.21169624823914251 0.45273313940616255 0
0.20061562214597906 0.7019303754743439 0
0.20591606578632796 0.6934127494108825 0
0.19694240998785745 0.6917084478383985 0
0.20975234120475383 0.6347717050745503 0
0.23230606990780328 0.6749122095871095 0
0.23705330314494147 0.6719053275671866 0
0.22145634898239092 0.6578268481113031 0
0.2079534527448159 0.6640998374053847 0
0.23006493087988314 0.6799702438854125 0
0.2572098334119444 0.6538834549962346 0
0.2384043576557616 0.6563625841967095 0
0.2522856871914764 0.6655327739793558 0
0.25786668918286976 0.6613841743572226 0
0.24165254706872713 0.6270020087852389 0
0.22955530075307712 0.6439486903479649 0
0.2758934249840889 0.6498420250111155 0
0.269877545022815 0.653530758106538 0
0.2733352861465165 0.5995646103601802 0
0.23730946816276777 0.5807879862112476 0
0.24023318445464403 0.6094458586821393 0
0.2311215379327932 0.6022777615120009 0
0.29493722736717426 0.6006957794166506 0
0.2933482930908664 0.6066195647476105 0
0.2735227402225871 0.619231416116115 0
0.2909613664131659 0.6174044654510413 0
0.29328161932914965 0.6237139662252477 0
0.2801108529419634 0.6217772101296185 0
0.2695830128337649 0.6320124252154059 0
0.27121067000709814 0.5281113498334375 0
0.19597327995744718 0.5759898955003379 0
0.063042067720777 0.6103525389143242 0
0.126715601086197 0.6432220908686385 0
0.10810871889821244 0.6111675170443778 0
0.1828780202860921 0.7064664448521366 0
0.17979530944864605 0.6959373951116439 0
0.16763037438384834 0.6936161153008161 0
0.1847845333284715 0.6776991710594652 0
0.17629281129815616 0.6486657848887825 0
0.1560421934676299 0.6900687956852388 0
0.16255752329698406 0.6668695028003052 0
0.16908446944041933 0.6075494652096052 0
0.04868509508433067 0.28089951340206004 0
0.07011945628931028 0.2804360905903028 0
0.10486202555565773 0.27744192959205405 0
0.18826604374931977 0.30181193898697517 0
0.19556918483344654 0.2975014150172414 0
0.15796375160963802 0.31164959615251775 0
0.15867638226030767 0.2984180033804877 0
0.13251790289006604 0.32141195782903104 0
0.1365043893507524 0.30980592590207423 0
0.16754657459807448 0.3616684492653416 0
0.1135422614721087 0.3834494149146106 0
0.14162548707928835 0.3716951309148808 0
0.1719207218254497 0.0368719694913692 0
0.03129325093757973 0.23293425552091493 0
0.21015685826379682 0.2097386672344678 0
0.16996420825223602 0.18327818584525393 0
0.15043486823571695 0.14533852046293666 0
0.17372158402917928 0.1578751672333671 0
0.10966706840375286 0.2577833691446293 0
0.14898130580778382 0.2773592260984566 0
0.12732528748211108 0.2556457552719091 0
0.13539533353488864 0.2817047739204063 0
0.13515382780312912 0.19385115926140264 0
0.051934277733297826 0.20358416003734478 0
0.05539928159100273 0.06353481233454591 0
0.3283432690289657 0.21305279512955172 0
0.32306989411670906 0.23184189420468607 0
0.3189940997436484 0.24098008986280664 0
0.3189642235208617 0.25732165050929595 0
0.35658754942060905 0.20500902449411276 0
0.3505257740852852 0.22692987478460444 0
0.3150552558291282 0.19037851309613005 0
0.3413884452435135 0.18606876768003908 0
0.3637413172738815 0.20428728668034202 0
0.2837545073927435 0.08678770121196004 0
0.29645662403742046 0.11021740946200126 0
0.31106500556776856 0.06168056706021825 0
0.24717718754068355 0.052479833089032035 0
0.2766912876831501 0.05557023158325723 0
0.2034892657451489 0.22837206894722378 0
0.17507866554344134 0.23556499606221368 0
0.17066320644099575 0.25611434891473783 0
0.15760255025002226 0.2539868813410665 0
0.1677408259582918 0.2783589714036863 0
0.21683001783947403 0.23667596041507014 0
0.18579536911126632 0.2805660526404911 0
0.21375522752539977 0.26957112964450697 0
0.23215866807339555 0.2642440138351331 0
0.22208229424122267 0.25809287180080265 0
0.22516281310617345 0.27394471655241603 0
0.22540366269170473 0.23832184395227773 0
0.23368869344689494 0.2788219358424795 0
0.25620137126606485 0.26675668021717197 0
0.2500210135105625 0.2754825624288224 0
0.2695065866269206 0.1534346122561603 0
0.2677656876862078 0.168178639013304 0
0.24628864665795563 0.16580762520483944 0
0.25771362442438867 0.16263520145125204 0
0.22547843980212584 0.18473575169915318 0
0.18906580788226746 0.17414131808788674 0
0.22576203315133472 0.14096912795726277 0
0.498663628807676 0.23195559527935486 0
0.5014383693359084 0.20631083766807867 0
0.5211360904129498 0.17664815813294885 0
0.46512483974182434 0.2186637893990077 0
0.4872506019318201 0.20489162242497735 0
0.4667405294013933 0.17839470689600376 0
0.4595785363275261 0.1887679259838124 0
0.4345285932329599 0.1710434467254575 0
0.47490968378841875 0.19282082172769913 0
0.46426983657115234 0.16287005810704921 0
0.389787960118283 0.1940829681357342 0
0.408373057232864 0.20594372356975793 0
0.3996675958485626 0.19914631832550922 0
0.42037072783652535 0.20264321248949552 0
0.407187648254376 0.17099875009646961 0
0.4229555216228974 0.16060860675189065 0
0.3807354468070363 0.13779451176756777 0
0.3635723452503446 0.03148792111295215 0
0.3549346036958359 0.08408425155183588 0
0.4249276298901612 0.0920025674149307 0
0.40274594774789796 0.0770906396211876 0
0.4026009057319227 0.10560895000785486 0
0.28430792044941033 0.15128892903140678 0
0.2925744792630774 0.140359134841025 0
0.2975929102593162 0.1532542327339383 0
0.37239412898167235 0.17979874983385294 0
0.33345809127736065 0.1690644194269071 0
0.3080723796995664 0.14316767492728916 0
0.31094919998037207 0.15654665037142487 0
0.32286296301739226 0.16191449711422484 0
0.33509365385120005 0.156223379079577 0
0.3200708290944299 0.1331910177125035 0
0.3172133189930971 0.1147235915115267 0
0.321650499217289 0.1483838480670271 0
0.3367011891194979 0.1221624497284218 0
0.5491946515488996 0.21600873224229772 0
0.5238260554634457 0.24063606132907245 0
0.5343853345891305 0.24530578767190472 0
0.5566471401885003 0.25231174625469227 0
0.567115635232682 0.25514081499442914 0
0.5657068346099462 0.24355897915780128 0
0.5829341587319166 0.26113330016391606 0
0.5754938656800129 0.257936811330619 0
0.5900949203740488 0.2646965387223909 0
0.5788192440111236 0.1826749744064587 0
0.5740504412129007 0.19617916746818748 0
0.5825771627227907 0.20724284039892574 0
0.6401109824842978 0.2315875245270437 0
0.6377567265157612 0.2106986067343595 0
0.6239270353293146 0.19575198559329718 0
0.6075851011710424 0.20541415400100982 0
0.6218997180515456 0.24295924877619984 0
0.603909596963492 0.2333349276353016 0
0.32339248954164207 0.511906076617555 0
0.3259896225360587 0.5232225640635233 0
0.3283719111713857 0.5378878634249475 0
0.35135729021776824 0.5150451757320826 0
0.3656985775639221 0.5238811678461159 0
0.3044387498012436 0.5406407202202509 0
0.30194124363479924 0.5258200070164855 0
0.31499280846080135 0.5315719551068352 0
0.2899912968113137 0.5228644669356899 0
0.32325639064754463 0.5510755026471686 0
0.27644740307772664 0.6348267838454876 0
0.2870182934359582 0.6408992684786113 0
0.28278432769260076 0.6464884366572285 0
0.27569115150768764 0.6429549653510193 0
0.3240851825560032 0.612658929965075 0
0.3344106266264805 0.6013128781261721 0
0.3481521186469764 0.5791733595159934 0
0.3412828139537702 0.5616540462460503 0
0.306440959317088 0.5678582884178802 0
0.30775553157858776 0.5946516134603725 0
0.3214033937320359 0.5838597853189423 0
0.3191771076083721 0.6010966765027146 0
0.31718189828409815 0.5635115890808926 0
0.2921362984358513 0.5339022950109799 0
0.2545755167773257 0.5386263632908611 0
0.8364216687897519 0.1498921403283663 0
0.8119947163039427 0.03726213780456933 0
0.9156165030707545 0.19220744615407312 0
0.8755871504980087 0.1724524843788132 0
0.8626061034699424 0.2521278801876655 0
0.9081462518253959 0.2865470276707362 0
0.9222513007188792 0.27688304719993645 0
0.8743741624548832 0.2727825512206313 0
0.7720303625037785 0.3260236001138543 0
0.7589191141973837 0.33179170192172774 0
0.7789773073864797 0.3371758063644714 0
0.7849459011418849 0.332620207219205 0
0.7917527693323746 0.3346572422887188 0
0.7899120736321048 0.32794488773165736 0
0.8304687837661555 0.3290363160623824 0
0.8588878303699525 0.31260666431934653 0
0.8503843027772409 0.30567425740877396 0
0.8490152779768391 0.32871406859483215 0
0.8339394700098519 0.3002108046956475 0
0.8146812968830345 0.312432056711629 0
0.8185218913897676 0.2950604809313803 0
0.8096195191758769 0.30560582875834014 0
0.8175229091362113 0.33907900476031055 0
0.8096788989612284 0.3416348183128718 0
0.8118625836458769 0.3317745648938941 0
0.8041188836271821 0.33500857325562355 0
0.8050130603368238 0.32888247690223826 0
0.8087401766806597 0.32502285415335813 0
0.8003261977795624 0.31531906210984084 0
0.8014595782019276 0.3067032449290152 0
0.852030627174386 0.27108744370826643 0
0.842642026625831 0.2715427322021469 0
0.847310403082959 0.2783359676748524 0
0.8203128570487809 0.21799543908635685 0
0.836044009925888 0.23621082759219914 0
0.840408188759773 0.24657181844445894 0
0.8489185125461693 0.23791579574359686 0
0.850705241234772 0.25136182181332567 0
0.8682927468315921 0.19371014716205678 0
0.8779355422247248 0.2117421546535685 0
0.9236033827964606 0.31610548542056377 0
0.9375763444404369 0.30379813832276775 0
0.8863612281139276 0.3432316624260702 0
0.8969411209046291 0.33140713788265447 0
0.9126002852581476 0.3328775252652191 0
0.9169358602414236 0.34747141837001944 0
0.8698608832786419 0.29440689665174063 0
0.7774430271793408 0.18423494840557203 0
0.7892180124977076 0.17666071001608094 0
0.7760909201884707 0.16882725523875994 0
0.7403446558614957 0.16405252590940603 0
0.7999952288515138 0.18511057036671835 0
0.7922415884945578 0.28930112950399156 0
0.8214947351742015 0.2817751266288694 0
0.8241057982921277 0.2699188914407484 0
0.8303649504815831 0.2454405662125625 0
0.817582365435417 0.22902772086274176 0
0.8111183717319392 0.22116203143237945 0
0.8795318333420551 0.5252790044483183 0
0.9157155228268459 0.5436772171129981 0
0.879886488835789 0.5638672060225066 0
0.4144007157290669 0.6695358511742032 0
0.3938979805718772 0.680684730352465 0
0.37724024201585366 0.6689220793212405 0
0.4081410329924045 0.6481753068825189 0
0.4003049493609874 0.6372054422790033 0
0.37032645208840637 0.6952064237704165 0
0.36406391835590307 0.6803748313320868 0
0.35979236941771087 0.6740876579564284 0
0.3471834581138884 0.6572756057911738 0
0.3470186076457611 0.6735820768367533 0
0.3431887281868495 0.6804336113699775 0
0.35471613589648476 0.720862471577902 0
0.36571634073098525 0.7277113013519872 0
0.35991774263372295 0.7243592096537327 0
0.3508162073669021 0.7163155478835177 0
0.3626713321805456 0.714215715519631 0
0.3640551484611742 0.701463648559404 0
0.3698903451030494 0.7151287534959436 0
0.3734225546625085 0.7233467195532911 0
0.37186934197734944 0.7325354274162161 0
0.3782561003563115 0.7388249100401609 0
0.39728737829114696 0.7343888186332171 0
0.40275828460100827 0.7441543814704894 0
0.43664262839350504 0.6771047197983147 0
0.420440404861616 0.7221464063979312 0
0.44278058559167816 0.7593048573347858 0
0.34244635948537194 0.6498809769882272 0
0.3559296775655471 0.6536108097999376 0
0.44931798963186453 0.6656825125873078 0
0.5409886772364587 0.6399317856568049 0
0.4795378259008965 0.6629413192904955 0
0.5208276643672154 0.6562872535861295 0
0.5105987293444842 0.5807592470977749 0
0.5226718657588709 0.5901987146628299 0
0.47338795450434384 0.739428415593966 0
0.4576693893222447 0.7509811390368071 0
0.4429095521324605 0.744073193325368 0
0.45551562647941146 0.733477341557459 0
0.44045303092002946 0.7296544059231115 0
0.4311622549054914 0.7009740912223097 0
0.44242186171359327 0.6923666891159976 0
0.08670970153455476 0.6905900460719122 0
0.1498263053157648 0.7347008867608655 0
0.18677039501450024 0.7147072204566143 0
0.1714236398864113 0.7051727419464816 0
0.2172752427765152 0.7274689635089268 0
0.22336349939296019 0.7339590278590984 0
0.19611954378440183 0.7424234053430053 0
0.2177908562659927 0.7423291837239082 0
0.22699826292292072 0.7442057061979731 0
0.17385909149957424 0.7471618497006745 0
0.15608887265924615 0.7513777428870643 0
0.1586563922891144 0.772096791707042 0
0.9370411537732992 0.6902508576203326 0
0.7494984523475614 0.7291122621138066 0
0.739965251266205 0.7327006704433401 0
0.7452001364912046 0.7385590315677328 0
0.9639629011697746 0.6679415633462803 0
0.7431236706786036 0.6946175101423954 0
0.7480436188635056 0.7061688395074958 0
0.8188240051573227 0.6381583451292895 0
0.8448757362519597 0.6590807590611707 0
0.7992152215622763 0.6880796782051629 0
0.7993765193207351 0.9759877130455101 0
0.8159661775577819 0.9574319169883817 0
0.8273558495464777 0.8848317213600563 0
0.8475598001390315 0.8784130006593934 0
0.6522774452927743 0.8964806341365614 0
0.7384391968923003 0.9403709095710462 0
0.7924879784287928 0.9524475377835494 0
0.768912037375471 0.9422764461516222 0
0.7753846783599689 0.9154146891549253 0
0.7766320307707787 0.7428860662016548 0
0.7896550581707299 0.746627928114184 0
0.7588321324767777 0.7551675231866188 0
0.763868763072045 0.7432509431053664 0
0.7517890332103054 0.7497691767368665 0
0.7289590223050939 0.7502113186754775 0
0.8324571563149578 0.8191249223358763 0
0.813852932276513 0.8141872060729565 0
0.8215916637324444 0.8274462555105607 0
0.8760397102054582 0.8056940152504596 0
0.8353408345929059 0.8416658556393942 0
0.8428062857548986 0.8347457391787144 0
0.8459155396550136 0.8249980374229484 0
0.7968931858580571 0.7282217391653212 0
0.773834210190464 0.7662787282250358 0
0.7757615712769161 0.7776757903741011 0
0.7915352151314735 0.7518755480527206 0
0.7945641764055739 0.7733624871884228 0
0.7810952266538839 0.7812085951113704 0
0.786221357544568 0.7831940746704494 0
0.7913192319144009 0.7909246598634508 0
0.8553156000111308 0.721834088311791 0
0.8459927573185854 0.7093103539412206 0
0.8488508035799113 0.7356947644203943 0
0.8220687356348367 0.7169504444907149 0
0.8843810752776713 0.7530802757804609 0
0.8140942188211979 0.736743803904428 0
0.8244085535529853 0.7307023381622695 0
0.8344892210242585 0.7400916727293528 0
0.8167316481628667 0.7467131611149402 0
0.8605628241631131 0.7611923033332049 0
0.873298579100403 0.7826327655409093 0
0.8331418649235113 0.7738497366244869 0
0.8445957691779333 0.8450139915803286 0
0.9540643181038401 0.823520323329097 0
0.8058118906325644 0.8651945586530397 0
0.7877947274178189 0.880594620307546 0
0.8099034649534042 0.8345698367691552 0
0.8041991111170919 0.8296795405685251 0
0.7866404489796592 0.8663281671990515 0
0.8111481811925199 0.8407655002192549 0
0.8159523038810129 0.8459577379594595 0
0.7982844449905082 0.8466881651515111 0
0.756843910710901 0.8256727426203826 0
0.7408143308181814 0.8437739493127787 0
0.7281806252703619 0.8372558855597669 0
0.7817537985914447 0.7983496398900334 0
0.7800388950759269 0.793128702959488 0
0.7677732365356034 0.8147843589542985 0
0.766060570259098 0.8427079084383131 0
0.7942257175815643 0.8137078794596517 0
0.7873809893629878 0.8106896185231113 0
0.7873937931571559 0.8304583509079131 0
0.7605134169580258 0.7844311780684664 0
0.7412893116950483 0.7734462378632668 0
0.7574284925458953 0.7688719107340459 0
0.7571432401719838 0.7736029408220162 0
0.7291162082384247 0.811300307160467 0
0.720557421176834 0.8051329569073649 0
0.7142565964654694 0.7982762180296635 0
0.728747506739182 0.7629560035443207 0
0.7384061707374246 0.7512162512045087 0
0.7373945968551024 0.7687492757108341 0
0.7445806707464296 0.7577281669123338 0
0.7156561908125723 0.738871692196598 0
0.7114459621314603 0.749739168593714 0
0.7095962057744972 0.7369846677391214 0
0.6878007295153665 0.7762172788145062 0
0.6677091486719486 0.7392475292080211 0
0.6996277720134574 0.7510131524061743 0
0.680782803172498 0.7405283515957598 0
0.6939997883603215 0.7367780937479138 0
0.6287672582576141 0.7898184099562586 0
0.7081257309226449 0.7813690664387132 0
0.6469541188249893 0.7239331971735747 0
0.6612440023441137 0.7270662521302468 0
0.657319910176114 0.7131391581184401 0
0.6510043789230106 0.7100132996578655 0
0.6424419343877265 0.70478891091045 0
0.6365349591078968 0.7093316163890462 0
0.6366656030628481 0.7006420955046251 0
0.618246449412706 0.7028428023710876 0
0.6265662387527269 0.7095764618845799 0
0.6749232728410252 0.7163603710985927 0
0.6691280419241168 0.7147132838515319 0
0.9256464186430803 0.8788370622153361 0
0.8811938991243525 0.8198380471891084 0
0.9038985680945363 0.8614423884588219 0
0.9153983788688727 0.8244773865509637 0
0.9341285875532717 0.8320943167334783 0
0.9323651080931127 0.8073459386705887 0
0.8793292712801716 0.9321179151084865 0
0.8777730350854738 0.9141391019622372 0
0.837115296667183 0.8965050588971482 0
0.8111998951551505 0.9078108219685809 0
0.8747986828727781 0.9536345972865564 0
0.8617544153987537 0.9365035737178058 0
0.8457879169088485 0.9099009352251751 0
0.8732640640217989 0.8877890689454913 0
0.8531795193241364 0.9219635051765723 0
0.8750861170353379 0.8986102702438916 0
0.8668107998934149 0.9218191598534052 0
0.8772450976270277 0.8774667004999472 0
0.8774836643622346 0.8423788967259407 0
0.9080922690613865 0.8507513968336883 0
0.8813997845651127 0.8536623535303547 0
0.07765889131220367 0.8084115087402579 0
0.5338712944777823 0.5582807593813016 0
0.4472165211376962 0.6078201870701919 0
0.4599417569490006 0.5906828391024476 0
0.47167877755952664 0.5728434340093143 0
0.5508408772894933 0.5700608669238353 0
0.5629360844248623 0.6061108771605314 0
0.5394177891361221 0.5813020584326423 0
0.544743827715944 0.588486337976662 0
0.6551997692163689 0.63170619924436 0
0.6759910766752276 0.6554661108207624 0
0.662298291956916 0.6538599322362856 0
0.6497871899623197 0.6602922675398964 0
0.6584881609220892 0.6648293884991846 0
0.6762111157948619 0.6699592782420791 0
0.6389155861297159 0.675040814281636 0
0.653978195803667 0.6829296104534556 0
0.6542647783246677 0.6766647240790647 0
0.6393187564250125 0.6872751940008575 0
0.7100532335838471 0.7119268868929969 0
0.7313654663266415 0.7262500902173331 0
0.7572557158108769 0.6264834469365418 0
0.7336555438171497 0.6131028930100149 0
0.7419979889054782 0.6243273615187933 0
0.7803012853913107 0.5956591087731535 0
0.7211822537275987 0.646660017279947 0
0.7173317445336107 0.5774042715173545 0
0.6796786575988036 0.627478536220833 0
0.696563361531066 0.625803093540159 0
0.6835511618916461 0.6338661327801006 0
0.7023935878716363 0.6444376295930396 0
0.7140620567864278 0.6391285326569721 0
0.7029974367392853 0.630296136474555 0
0.685318624553228 0.6527475234824582 0
0.6944630284140142 0.6696739265594096 0
0.6873430940761076 0.6622056920490591 0
0.7364191048922147 0.6550227857419948 0
0.7047446676175356 0.6855451169930518 0
0.7207149538360846 0.6787484150872047 0
0.7371708285148227 0.6783524238723428 0
0.7268453708071907 0.6861439783380727 0
0.7222012724456968 0.6877567627258416 0
0.7030503664711432 0.6697681517884266 0
0.6020754495557734 0.577244518793023 0
0.5844663413088428 0.5800874624904983 0
0.6042910101365586 0.5919289660246616 0
0.617089844829725 0.5901941817381766 0
0.6593929608143947 0.5916101574443313 0
0.627165562879608 0.5659203192147572 0
0.6387864673159195 0.582233497755124 0
0.6732435117292976 0.5081732427034203 0
0.6279052059988258 0.5216293387573608 0
0.6773700200880536 0.5283205434125874 0
0.6438824771684778 0.48183908461937597 0
0.5528875981612856 0.5094465127877856 0
0.543755929086282 0.47899384342838963 0
0.581747049155754 0.47821694065272885 0
0.7369285383947025 0.4019385408506233 0
0.7480077390906358 0.3745413696613252 0
0.7539622611101453 0.36881513717792697 0
0.7495187175317126 0.33871374019713546 0
0.750839179859075 0.35229691024762644 0
0.6400561186653363 0.3539580655950787 0
0.686414083542742 0.3781670964012885 0
0.6708837249775493 0.334200672038837 0
0.7047851702963276 0.3883030729676664 0
0.7136097076713029 0.3726687825651514 0
0.709831060361426 0.38128644545733187 0
0.6532957464020015 0.4165060917374903 0
0.688427336285148 0.40736392344742434 0
0.71006635015951 0.32195975030118956 0
0.7168069972680015 0.32347367397049975 0
0.7221888336981714 0.3247757286566114 0
0.7394241417065456 0.3306241715256578 0
0.7322863193575334 0.36532140714626243 0
0.7812971024718279 0.36644210821276135 0
0.7972332516454244 0.388924768735431 0
0.8061499627963257 0.38179418824959094 0
0.796897666406369 0.4014187674240374 0
0.9176897099635527 0.4425988378080374 0
0.8479323586679104 0.4777924788483944 0
0.6893598759424971 0.6191650258898249 0
0.6786265867713966 0.6069821226056583 0
0.6982633452380734 0.6151916533256611 0
0.6844953794968116 0.5976988180689332 0
0.6685712088410662 0.5913951128213402 0
0.5088828113292965 0.4284297735254123 0
0.5121104738789948 0.44655217660794255 0
0.5121768357926045 0.46509841356380516 0
0.5472470174990614 0.44137445770821504 0
0.5308124376277423 0.4569325456752249 0
0.547579300817577 0.4051319257198328 0
0.5429141733666897 0.4214935815245877 0
0.5631992055334226 0.4357806045519694 0
0.5711706868424636 0.37247500189431904 0
0.5632289782231892 0.4175814767956386 0
0.5779010141940387 0.4314036639229866 0
0.5835189155045957 0.4164055342450235 0
0.5961471907847494 0.42921613600343883 0
0.6081382660407741 0.41847870631954126 0
0.6126472106883165 0.34819062786212224 0
0.6184466966848681 0.332774369242309 0
0.59906708014251 0.3518855904274895 0
0.604648438387592 0.3461394050306898 0
0.5931493004091142 0.35914695148106457 0
0.6058697825156897 0.38603959138047783 0
0.6239483145358341 0.38193344863956197 0
0.6251668057485886 0.3915844109809941 0
0.5367177826440989 0.2677895658855047 0
0.5533638740066522 0.3470060039355726 0
0.5518234858950216 0.3360717795910524 0
0.5300407514723766 0.33627728182067945 0
0.724271855334307 0.2924395827677084 0
0.7233891181454901 0.29890151193227754 0
0.7266161441481349 0.30927038037311827 0
0.7392426088744617 0.28868798686333813 0
0.7312015123439753 0.3121780196837413 0
0.7591250716174198 0.3202783808261999 0
0.7737860778501668 0.3054228175026728 0
0.7717284654666137 0.3186446412814124 0
0.7813132674704424 0.289944295151592 0
0.7900815196821058 0.3154733059573531 0
0.7935737861635456 0.30332435254796714 0
0.7869650765747915 0.3002465892894065 0
0.806855194704268 0.26422369848106364 0
0.8067415832969451 0.240939148187432 0
0.8076716709790073 0.25509837190772 0
0.7737228715613601 0.26772208885568516 0
0.805782572778008 0.27139287463216666 0
0.7066168230650515 0.30176651126002474 0
0.6933578295881165 0.30481297599401785 0
0.7077218806491226 0.31213897072293284 0
0.713224070806007 0.31195406951877686 0
0.7719318861457504 0.28198637510109065 0
0.7582346123213549 0.2753672609443945 0
0.7612061688703167 0.2707610098017897 0
0.751716357388124 0.262390944656659 0
0.7465097259485933 0.27477353514300323 0
0.731700022327442 0.2735234686834155 0
0.712024905625357 0.27310201279461005 0
0.7355052884848546 0.26873279101539904 0
0.74769888672028 0.2679299309871733 0
0.73828507199293 0.26341566244486303 0
0.7404663448705906 0.2586973702910508 0
0.7773422171662264 0.2157688125106767 0
0.8031287497648382 0.20524850306701625 0
0.7452693187459365 0.2480643888925421 0
0.7509709660465173 0.2426192675304667 0
0.7579818927513134 0.2579253494110491 0
0.7719951033274872 0.20266013088534382 0
0.7504710433920435 0.17609829018300957 0
0.7207082752922064 0.18369673751677465 0
0.7567442179256877 0.21570959763004063 0
0.6836346535803656 0.22620134223756055 0
0.6705519730508022 0.24550382290093842 0
0.7227923674192906 0.2401153379948458 0
0.7266712462884457 0.25566559105480746 0
0.7317512943559029 0.250668994941507 0
0.6978387707101344 0.22940097268071277 0
0.719490644832789 0.20320945390950876 0
0.741454435807499 0.23374784583771652 0
0.7280223011673748 0.22887089775193975 0
0.7362562403802906 0.2382489349180743 0
0.6578658269506082 0.28518835411959886 0
0.5694432361335464 0.36011793940397047 0
0.6629303650504041 0.30139417931131884 0
0.5690473429362363 0.3274945607178083 0
0.5851315797677497 0.3386213770979636 0
0.5365239903518043 0.2565859156154181 0
0.5529826650553288 0.2803353927216701 0
0.541001795206056 0.2895612326271284 0
0.5615912888879708 0.29620667520549315 0
0.5660843313427032 0.2833973524574482 0
0.5554185523951372 0.27124855283025817 0
0.5646754898362255 0.2710493941201606 0
0.572462373517769 0.30125468041377845 0
0.5893446150734116 0.3218788807289143 0
0.5974027529270587 0.32077668622860334 0
0.5811594807223095 0.31695152184256686 0
0.5858069244824041 0.309491950010039 0
0.5921126956228636 0.2995225083570314 0
0.607924765482938 0.3133078396522327 0
0.6194487496820457 0.31498496532679704 0
0.6365108479505946 0.2912550598040652 0
0.6109706053841865 0.27560654431432086 0
0.617882809675671 0.28950335177803865 0
0.6541786303822023 0.15973861259317595 0
0.6433742768891354 0.19553451818786693 0
0.6105734681196242 0.26773388237445667 0
0.6221033977912035 0.27252636470023506 0
0.6225806629936282 0.2663985367859773 0
0.6299645307740113 0.26414543061480905 0
0.6551478390557681 0.2786884192348514 0
0.6344831974749108 0.2749414316871385 0
0.6783915007825727 0.29646012114437187 0
0.6901170247602472 0.2710492836122235 0
0.6730459743364151 0.2755814160876995 0
0.6738362621681144 0.2811716287103317 0
0.7077180791411484 0.29439554405128665 0
0.7150077211601621 0.28354620693295995 0
0.704891225301311 0.27992104354298625 0
0.7012583746582403 0.2971464878968677 0
0.6834828847288172 0.26020861126011935 0
0.6768711104116195 0.24857808899279069 0
0.6867481206820334 0.24033975265784052 0
0.6927176693074686 0.26504373046423263 0
0.6955362036748429 0.2390142872414048 0
0.42206996307253086 0.47339176307163766 0
0.42977059603818585 0.5094506810113163 0
0.40127167785453954 0.5014893155750486 0
0.39351522755698076 0.4864080898772574 0
0.42963820251564017 0.5312304129936332 0
0.462326251264016 0.48832766305208536 0
0.463103079476196 0.46914102083675363 0
0.5149404907018402 0.3948219126724687 0
0.5326572164990587 0.35008616022308214 0
0.5247480359560881 0.38389109210640326 0
0.3868094925445183 0.3802029317265576 0
0.48559961724140177 0.3588773313183514 0
0.42914274915297124 0.36778320371217477 0
0.5383746036236976 0.3132170201240934 0
0.5094798492366305 0.2834859879778935 0
0.4026620545941634 0.3563595478883222 0
0.3814013168008008 0.3541849157505612 0
0.5078796564047071 0.32789341426014046 0
0.4975765694851734 0.3187474462833597 0
0.5123206775490935 0.3600927638168093 0
0.5069186882583108 0.26909122040034955 0
0.4868175720811571 0.23631386179791264 0
0.47125109475556165 0.24237409391456852 0
0.4698307010314684 0.26800510911450276 0
0.47481972869428923 0.27742794808667703 0
0.33557297988107904 0.5505595701310716 0
0.4525483483779225 0.5350401358509584 0
0.4210651011362707 0.549618932992086 0
0.38340433890871267 0.3885140233457944 0
0.3465235534162223 0.4477900475215888 0
0.3383154083931968 0.41948486506211585 0
0.34893476022623204 0.4365439362891611 0
0.3505790231876823 0.4246174035001239 0
0.3634203184091651 0.4239226815599478 0
0.37526188850174974 0.42375811312059325 0
0.4054124927566072 0.40196392410074316 0
0.38523986276644606 0.3987504887849012 0
0.37870774309748756 0.5179084016144 0
0.6563970434526278 0.6996784386967836 0
0.6729663801402951 0.7004112862496114 0
0.6783238069689347 0.6986159367036472 0
0.6861685587541774 0.6924111642512203 0
0.6312824139798877 0.685730136759284 0
0.6124160047784831 0.6938767360948153 0
0.645981429026589 0.6196108732663945 0
0.6029737142842443 0.6055238061954853 0
0.6377869930579536 0.6505840800786007 0
0.6368893446594687 0.646553566190666 0
0.6335782981665786 0.6437744632245335 0
0.6291919614318173 0.6531895270802996 0
0.627634753727788 0.6585884804982743 0
0.6232011899290688 0.6264892638856211 0
0.6238530519806427 0.6451592226452473 0
0.6302010354940225 0.6405087782878495 0
0.6320420539084023 0.6669746856072836 0
0.6320730696727188 0.6737964380279892 0
0.6181217479465322 0.6656133099080872 0
0.6123409419564207 0.664993141916141 0
0.6102038010865715 0.677196624913996 0
0.6058832161300881 0.6853139428761379 0
0.5843166072915515 0.6820375627478825 0
0.5922169548961086 0.6749710458257764 0
0.5983077303779221 0.6697102108558511 0
0.5727863185890736 0.6774042236631356 0
0.5828686402726369 0.6708577356064642 0
0.5544389088003094 0.6392463900508077 0
0.586619807326924 0.6427753754031188 0
0.5830016457927462 0.6600564521473357 0
0.5654041240783482 0.6232409509935277 0
0.5745975118711691 0.6215733674879531 0
0.5864782034228861 0.6294961879984502 0
0.5788443546755755 0.6139986968357426 0
0.5943296328293403 0.6417845013400495 0
0.5912701306342782 0.6479683758305395 0
0.6019612206382161 0.6545684220388892 0
0.6098338027208325 0.6433143555037228 0
0.5903129104212861 0.6247785696715973 0
0.6021928230376478 0.6189898461383122 0
0.646217267534201 0.6561205030272672 0
0.44814117812266635 0.9058412361810834 0
0.44871112471780034 0.9333767196142226 0
0.6096766052929017 0.7405085259262054 0
0.5794280955458891 0.7880223713271315 0
0.6245455707669935 0.7405063060886905 0
0.6135853754881935 0.7542118828927307 0
0.5621122312016762 0.7009211998302091 0
0.5811755144727367 0.7373419940169822 0
0.3848172412714096 0.7520902833297896 0
0.5210511943830841 0.7753137051741762 0
0.4812964635532 0.8275499208999297 0
0.42317525994359634 0.8228858595144952 0
0.4557549811503573 0.8362654034697189 0
0.32453425568656097 0.9517620584571538 0
0.31501441454722173 0.931241339843218 0
0.2963644491123479 0.9274221249957841 0
0.3001204914822263 0.9502712608074246 0
0.4001143079362915 0.8728913078371658 0
0.40560129228528424 0.75453125426603 0
0.41875033800062483 0.7759172893126526 0
0.2757644917816091 0.9048788673856427 0
0.3178140755774376 0.8903188205671104 0
0.29207782349281164 0.9098235064914911 0
0.28804785380619014 0.893880124125486 0
0.34488530737709616 0.9093585077924717 0
0.27614100467784275 0.9552032575351862 0
0.36217867059956677 0.8000394109751073 0
0.35318754162494753 0.8033943411335889 0
0.3905423639829057 0.8094401962610142 0
0.3958292760214718 0.7941501898362562 0
0.38351890695637464 0.7754595817191143 0
0.3750649640476056 0.77987139936416 0
0.37476134118312165 0.7722836921545289 0
0.32780973944400776 0.8693313010880347 0
0.3296854867256623 0.8827050405064495 0
0.3522532470634243 0.8435065586536649 0
0.3623349769481874 0.9111677881151294 0
0.38693349180087233 0.8449300355420319 0
0.3765975787630795 0.8565412220503628 0
0.39926655207075334 0.8471402853192208 0
0.31435353513834124 0.8404387756618455 0
0.32881739138657373 0.82395753629645 0
0.3704776290909196 0.8320497526352436 0
0.3395472534887628 0.8121013185225209 0
0.3442616204766783 0.8267476299249691 0
0.2727074026258562 0.8489329112639488 0
0.26780123242309356 0.8590561657810539 0
0.33151147284754817 0.8012545639705381 0
0.3269441636908991 0.8051052307888179 0
0.29044473541974186 0.8228169271667185 0
0.3125517514405607 0.8080853710020681 0
0.30137166470534876 0.7954310304775258 0
0.29126635597939843 0.7871308597823957 0
0.2973557211534797 0.772816401272331 0
0.32257208754959965 0.7666882030480362 0
0.30876560735784 0.766745534599786 0
0.3455590526027748 0.7703765592893093 0
0.3428532152234778 0.7599876207598104 0
0.24716423076508195 0.7544708786355274 0
0.26371922481740767 0.6570260901335149 0
0.2274830992220853 0.6982156842318343 0
0.2339997691256289 0.6857166889491271 0
0.21920483797801127 0.7215311736936356 0
0.2246276609687251 0.7182292771700114 0
0.21793253004776691 0.7135561653757272 0
0.22223449335775028 0.7017611136800805 0
0.2387369444614341 0.7337081098296916 0
0.2540138896710127 0.7509853833345085 0
0.23464777245292226 0.7090220430528641 0
0.2363732944917691 0.7132715931165037 0
0.24165991028461364 0.696599656253056 0
0.25343564071899277 0.6720800544269759 0
0.24403518063124574 0.6804595459088539 0
0.26444160545537526 0.670864740573491 0
0.302925083801497 0.6132745369904823 0
0.3387295475590148 0.7010081483027517 0
0.34806226347450614 0.6655227570034116 0
0.3717056899626676 0.6188148799634201 0
0.3571876312026704 0.6209263658691965 0
0.35474219985858935 0.7419129547007164 0
0.32577636803912147 0.677590138187935 0
0.30984869647296764 0.6720380171972277 0
0.30069384728660775 0.6591638871461588 0
0.30547937716159573 0.647584979563438 0
0.3304388519940685 0.6582229393571835 0
0.3302708248466925 0.6433982239486938 0
0.3257726028538885 0.6503358008997583 0
0.3488023801867891 0.7464494889529949 0
0.333513496190088 0.7231185866087944 0
0.3366355950938506 0.7467119975814155 0
0.3179434575893917 0.6905871207884761 0
0.30501454923000165 0.6858406463874542 0
0.32848247273715614 0.7181506566117896 0
0.3239575996201651 0.7057484203164526 0
0.2507002070689808 0.7303093972724229 0
0.2706228157612595 0.7382240853126678 0
0.25907827884601087 0.7378660416746671 0
0.29933270044082183 0.7537002852255459 0
0.2909099335660253 0.744601781799271 0
0.3079295527452487 0.7468118946639706 0
0.2938227002694285 0.7543131647051193 0
0.2776186903930166 0.7544666970731119 0
0.27877035047499643 0.7440720346357574 0
0.27195685840652195 0.7551166452648939 0
0.298903620624289 0.6923219263117398 0
0.27369652464096533 0.7226965242953299 0
0.3124360175504994 0.7067753844077991 0
0.29444478261261026 0.8718202389028296 0
0.27390951569999944 0.813203147913297 0
0.26452389587631175 0.782537035461888 0
0.27018944806395007 0.8007078676549503 0
0.24177921177551673 0.7696051095641792 0
0.27672070051522163 0.7883301095090434 0
0.2645531844550874 0.8327702980216987 0
0.24870794214855232 0.8485185958531315 0
0.16407600737666883 0.8452091163434935 0
0.1307690387804571 0.8266794090587529 0
0.2560363664024212 0.8602247640682231 0
0.19943946435606613 0.868072324520262 0
0.36545292831033743 0.3311989715823823 0
0.3502246266077235 0.30591380301021254 0
0.35318170887374134 0.32875344880969926 0
0.3501642961068595 0.32276572586311175 0
0.4261870541171113 0.34252882120389694 0
0.3244613228214539 0.27870783980065217 0
0.3329123483190005 0.30491641047494855 0
0.33284596881928485 0.27917308010129627 0
0.31758676955004383 0.283429463067224 0
0.33284932522003413 0.2948735972027886 0
0.3454229828533796 0.3227042492308371 0
0.3505011660291202 0.2504688161190147 0
0.36758386597243564 0.2406079965267843 0
0.3467001012884219 0.2556073014762675 0
0.34978941274506187 0.2746871165212334 0
0.3609071208038716 0.2591184467349798 0
0.34793228523520187 0.26275770649827374 0
0.35241696534774225 0.23546833242794518 0
0.3809589722910736 0.2033478552471457 0
0.38518345981266805 0.22110770224305393 0
0.37686197297989416 0.2325048556185176 0
0.3913588110472297 0.20397613497473913 0
0.38238574387821755 0.23775696855037085 0
0.41722413486950205 0.21418603990797097 0
0.39136698272869835 0.22689127058459943 0
0.3980785971741704 0.23332227217956586 0
0.3879464704941359 0.2425092358936955 0
0.4016660200526547 0.22290413939550296 0
0.407945839969563 0.21584024497685367 0
0.443597521310954 0.30753990221255295 0
0.43664595002723977 0.286535588602259 0
0.4506447126560625 0.29849269664967837 0
0.4335265181532167 0.27766031125954566 0
0.44655253743233914 0.28859153911501806 0
0.45183539222925795 0.28082513148969884 0
0.4203749728502157 0.2678051029630914 0
0.39987004851499675 0.2505180724296279 0
0.38633351390029985 0.2548704013110418 0
0.3761648374708423 0.26337657151023997 0
0.4209538837475776 0.30140776320070456 0
0.4220893718210606 0.3251832915960802 0
0.40787840460920755 0.33566383270471656 0
0.38732084266864153 0.3166027139542391 0
0.2834969002495462 0.2732576559401636 0
0.27510263047643596 0.27268115551598726 0
0.2709340233445675 0.26315304836850917 0
0.2894346561249742 0.2701187314685667 0
0.2753633440861415 0.25286620980418345 0
0.30709572018789977 0.24492009085797478 0
0.30669035430231995 0.23390785968186179 0
0.24043825251639694 0.24744641298699208 0
0.2569285606815823 0.25703762671176833 0
0.24518142794109504 0.2561826533087798 0
0.26927101311582186 0.2758945131788442 0
0.2653627773261268 0.26583590176373567 0
0.262819224410702 0.27672406267711414 0
0.3027066261511845 0.256007469172018 0
0.29254220508611545 0.4402001942805615 0
0.30771469497789145 0.46430940174635665 0
0.2161098857412903 0.29104489228800245 0
0.2273472912342589 0.29170530783310405 0
0.2249640911006575 0.299142154707184 0
0.22870686033901386 0.31297854686139764 0
0.23609014879429727 0.29771330656231715 0
0.2370698451860634 0.287986832122623 0
0.24535915018747478 0.29347025704500035 0
0.25987339117293434 0.2870029610466541 0
0.26636387692160046 0.28169767059027645 0
0.2718930783581432 0.2846550742511366 0
0.27538805552338425 0.28947204478399874 0
0.23406986390898046 0.3246743686258964 0
0.2388123527395814 0.329652022604545 0
0.24223861529938426 0.3172177224990047 0
0.2404336586203517 0.34185518291963324 0
0.2971532307982508 0.2829109204048817 0
0.29691229714163886 0.289645053265246 0
0.2843501230668739 0.28535663495207125 0
0.2659484323625784 0.31259471878659745 0
0.26021582149235906 0.3257508140525857 0
0.31948121291735787 0.3099349740253417 0
0.25562814649389853 0.3439225349204624 0
0.2500917675621113 0.349249531966172 0
0.2585647346970552 0.3371955707739054 0
0.2660437973637479 0.35154379261430113 0
0.26305016328824626 0.3417753277468346 0
0.31673871607799864 0.30451594095214257 0
0.33785156765030677 0.3280830449562451 0
0.33486641734473865 0.3385651120702426 0
0.33086242696980017 0.3341992967859503 0
0.34203430547922437 0.3309280186484357 0
0.30568730113199555 0.34797204592841263 0
0.31611567229378545 0.35060964761989244 0
0.25667432712228244 0.3887374155428368 0
0.2948570088653362 0.37859173151855 0
0.2629042257190361 0.4092847267911209 0
0.27820654397677763 0.3905081029416543 0
0.3033161634325974 0.380439608641552 0
0.3159913796405042 0.384461640382876 0
0.2919169137546143 0.38521008340839774 0
0.27258473520946747 0.3862353578332819 0
0.2531142140085373 0.3978009750411058 0
0.36072092889596485 0.37821244013643446 0
0.35420260588662916 0.3664735600784147 0
0.3478127755525504 0.3690847435926685 0
0.33812198520704345 0.3789649484454684 0
0.22851187536091574 0.39062824852557176 0
0.2404621364150557 0.3751584426524374 0
0.2315796293760243 0.37402186122143516 0
0.23553561436114764 0.38659582243146107 0
0.24245446774023202 0.3829282374099393 0
0.2435469961919149 0.39671115775601895 0
0.2193559994855592 0.35764431971292576 0
0.21937507183988095 0.32277258686871757 0
0.1986403726510551 0.3677015877577099 0
0.20251958134346973 0.3577951578037013 0
0.18235182994319726 0.35354154881934485 0
0.1968996319639868 0.3511730022329217 0
0.198419322882092 0.3423408014862057 0
0.15679323406426215 0.32455339606249844 0
0.15690302818307467 0.3380325689536619 0
0.16879745822119566 0.3442504924390355 0
0.16843784775832094 0.31926253282452033 0
0.21205996705138205 0.3911878853197059 0
0.2364035911955072 0.3691003354424969 0
0.14126659051998164 0.43441169022175297 0
0.1601604742982915 0.4421031734565648 0
0.17255100002697582 0.4299141661866922 0
0.23791254464151648 0.4360365011626594 0
0.24726391704208595 0.44131576383139853 0
0.12942334508895145 0.4722937358233884 0
0.1832379313899448 0.49888687256141073 0
0.21610403153242586 0.4249302721272332 0
0.21443620471054495 0.4134966065225622 0
0.20299545971113428 0.40963722064692 0
0.18195337235693837 0.4053188412554515 0
0.1836269898901601 0.41878936308127557 0
0.19228077540432006 0.4007119336888523 0
0.19121154338395643 0.4104959102829676 0
0.225706023021306 0.44966884132284624 0
0.21958745746622152 0.6878857990083347 0
0.21136551926717925 0.6866928882294177 0
0.20874521702652854 0.6791454966637966 0
0.2569108305954269 0.647052532950764 0
0.24610585936236146 0.6558403161205623 0
0.22965266834335724 0.6525027116751249 0
0.2373808728300041 0.6651938724636058 0
0.2568600898298342 0.6325544494832793 0
0.24359465650037013 0.6358810957482826 0
0.27582763845451574 0.606822748442876 0
0.2807995171404223 0.6019793469790315 0
0.2555738886811691 0.6010328368116137 0
0.28611518700643407 0.5923475098944296 0
0.2385806195635633 0.5929598474850691 0
0.22398696170191004 0.5763019960936018 0
0.25408989755111006 0.6213494734678522 0
0.23216589784217065 0.6144055515300504 0
0.3006903812881811 0.5978480431736327 0
0.2957182671851236 0.6123878936880052 0
0.28639828723460614 0.622361837276365 0
0.14489408691972175 0.6458295908727644 0
0.10937711930879941 0.69775845992717 0
0.0958495906115587 0.7492409205219966 0
0.1872214381481926 0.6884197346713956 0
0.18490136361244902 0.6544124251091932 0
0.16403658317602607 0.6806148944101472 0
0.17426073093563996 0.6725242790773401 0
0.16986788533280475 0.6218496656199153 0
0.12844241162375852 0.7037746344137376 0
0.027224936691278664 0.5941856832171624 0
0.16997940623137378 0.29338742513053506 0
0.09551450267456411 0.319331437382413 0
0.12206345198111657 0.307835171583907 0
0.14675834595937018 0.3042688400283539 0
0.17993226932894368 0.3612156199282097 0
0.17462607386342086 0.3735535306501982 0
0.12682883821465898 0.3652028546215209 0
0.2172897463242773 0.21685858913887773 0
0.1521129944352245 0.16857355316839887 0
0.19603028085532567 0.1588716002653547 0
0.1347215783990485 0.23682270845041115 0
0.03427980045959226 0.10027488208288025 0
0.3275916085360891 0.2068941702315023 0
0.33724668144072034 0.23113769129112802 0
0.3433021731787703 0.21458825220716055 0
0.32831188885236107 0.21988793363779574 0
0.3307667933783131 0.24011500715926998 0
0.3184830424480483 0.2641667748061638 0
0.32409089998147017 0.19280254618550985 0
0.351847721284982 0.19822016212835064 0
0.3604939674306986 0.1956490383140654 0
0.3507159657614143 0.18967892759203447 0
0.33072527243705974 0.20075370760788686 0
0.30802782050906086 0.18564282693215722 0
0.23803290333330857 0.09808894157813361 0
0.23195614162703262 0.12236116127381684 0
0.2847783049004765 0.12512828061026163 0
0.2608419329659916 0.13823777681771507 0
0.2576206102829478 0.07818202094118296 0
0.26291363031948983 0.026455328448048158 0
0.23093167368908188 0.026071391961645034 0
0.1931174824934128 0.19844110191932657 0
0.1871158210758456 0.21015494899944973 0
0.16162009196246974 0.23118495622710866 0
0.1952643378347057 0.22012501595488448 0
0.18588089112053222 0.23505847669902769 0
0.20124568932740702 0.24658543580488002 0
0.191799353395861 0.25110333217041575 0
0.19334707366390486 0.2614384464340434 0
0.17619955786868133 0.27884214748541875 0
0.1711070726347071 0.2693127741017071 0
0.16033258706841028 0.27280870236202714 0
0.13810037174338438 0.2670691159196673 0
0.21078138484635353 0.2763001682656279 0
0.2355512719179479 0.27039999842064927 0
0.23506386899909962 0.2582215260252382 0
0.21988031223651314 0.2513167829906449 0
0.2601869742065435 0.26210527688187096 0
0.2536368806667182 0.26111174213973565 0
0.2500269292329509 0.26582060407785746 0
0.2605939645583471 0.2677788786775922 0
0.2525651787369368 0.27124470387717864 0
0.2328417450630781 0.22301366840047857 0
0.241613283704363 0.2341569779492579 0
0.25982542898519545 0.1962310535187109 0
0.2860486657330283 0.2204410111793394 0
0.23012480869874222 0.19655352154932768 0
0.23892945006210226 0.18853507316600965 0
0.253100303665607 0.151488912031815 0
0.21956072885045982 0.193971246901744 0
0.20823695110970541 0.1979942721553499 0
0.20381275075647193 0.17287363291404886 0
0.23517404103046616 0.1759325127989375 0
0.17685556468740768 0.0979821502888388 0
0.21707648635390803 0.10891824698089336 0
0.2362561661346995 0.15283103388068037 0
0.22016144842604565 0.17128094901580984 0
0.2328722625858092 0.16450811909941646 0
0.2107616912958516 0.16109877724380892 0
0.4749270265934917 0.2265402047273329 0
0.5111033627421566 0.19247791130106232 0
0.49031576366226465 0.21995692716866494 0
0.42268490662093294 0.18984218169388928 0
0.4348045404454019 0.18407911319672735 0
0.4221340210617855 0.17657275280614254 0
0.44990573584016214 0.176441946566875 0
0.44687923436436194 0.1936306490157944 0
0.4426831864841978 0.2088719153790643 0
0.3945206702227655 0.17392705816164686 0
0.38298727748356326 0.17010378933708667 0
0.3778324126552377 0.15534794180820455 0
0.41036455270713273 0.19438118564983894 0
0.3935632444253724 0.16122426116614674 0
0.4237391118358057 0.14174199928978476 0
0.39158290109610255 0.1481180789065004 0
0.4281451464690081 0.065565067477771 0
0.2912175368341551 0.16066932764562153 0
0.3466026603710586 0.1662291954137004 0
0.35054168526632135 0.179495698939659 0
0.3408227815087521 0.17680665012059119 0
0.33576128190700544 0.14067705149650664 0
0.5455279534473779 0.2491228323981526 0
0.5428753228876766 0.2378166233321718 0
0.5514136323825788 0.22922200680057433 0
0.5390784800168164 0.226176267494057 0
0.5735992109275982 0.2499135032630237 0
0.5974199062717467 0.2676617315553772 0
0.5963654947738355 0.18007309444903039 0
0.5614024411565897 0.18551306584112062 0
0.5782281659674504 0.22051120559460033 0
0.6352512236976947 0.24658183295893588 0
0.6287696067893966 0.2208092346405335 0
0.6447776809153609 0.23734052311699697 0
0.6489492013248679 0.2298142990391665 0
0.630702338531523 0.21314123515002725 0
0.642323212309422 0.21664293714436883 0
0.646061656788768 0.211128494277589 0
0.620190183327978 0.20660521862666162 0
0.6324129125368104 0.18896863329697788 0
0.633442963243836 0.20239342826996062 0
0.5956910374116 0.20740206422838312 0
0.6294553993278992 0.24043242134944234 0
0.628133744901034 0.2480769452940812 0
0.624016019631306 0.2342630803813785 0
0.621259401142289 0.2510718205026226 0
0.6143727045071312 0.2369466094239056 0
0.5975524083202673 0.24208748107622594 0
0.6152643700939476 0.22301731325079524 0
0.593229694691077 0.2336538742822366 0
0.6321872079583413 0.11260804340769272 0
0.3290724334679208 0.4996772055015319 0
0.316354094574196 0.5425251865998856 0
0.2860190973369006 0.5093844259143797 0
0.2904523395752662 0.6354235092733073 0
0.2833387737519498 0.6340395174115552 0
0.33887865451581306 0.5948790590011268 0
0.3268856725240639 0.5698215374626143 0
0.31361145372932525 0.5808067015442534 0
0.31999070515948175 0.5752035068090429 0
0.3264054958976493 0.6001688858533228 0
0.311474196613022 0.5518565205093694 0
0.2814947075695684 0.531357383618017 0
0.27035266277702313 0.5579525633810579 0
0.2457210945153712 0.5425583878520219 0
0.2628967364981071 0.5329232124574967 0
0.2983963584258755 0.56178682315675 0
0.790065112232038 0.16127266445582686 0
0.814339076508962 0.13918829392071685 0
0.8041500797703764 0.15520382374012198 0
0.7886858103740702 0.06847516930674455 0
0.8901486231999115 0.1913386036982117 0
0.8918003555805811 0.2340902488365961 0
0.8944478667129623 0.2792989380916445 0
0.8816897003351114 0.26081769497676344 0
0.8518976822870679 0.2967796665340666 0
0.8391201758436563 0.3241485325951209 0
0.8477268798157687 0.3165635083085363 0
0.840761590836922 0.3077436302207264 0
0.8248507616837305 0.3019979090771917 0
0.8433819180453552 0.29826998968413154 0
0.8277765955258188 0.2932114076680349 0
0.8365648175717015 0.2909052138417835 0
0.8242070624109565 0.32396360956279247 0
0.8114965668071249 0.29882805730788486 0
0.7945613085727511 0.3214801950482664 0
0.829034536314726 0.2842381580932089 0
0.8384830788488263 0.1699616935020115 0
0.85183975316308 0.19836136127017434 0
0.8123280849634819 0.2118196136546193 0
0.8492679412087645 0.21454504028361362 0
0.8298195997701988 0.2254952651473275 0
0.900047941645082 0.21524365087423386 0
0.8619955116959327 0.2076529908116293 0
0.8759885640221149 0.2301669722874421 0
0.9045187383807711 0.31879301457713216 0
0.881970561058173 0.30082871838067754 0
0.8345201213896913 0.2523701971704055 0
0.8266148073424314 0.25444380742712697 0
0.7866415816666531 0.2862226919564412 0
0.802983976541667 0.28574095736890387 0
0.7984638539285458 0.29181421652116024 0
0.7928255395836064 0.2959732300296991 0
0.8203761702819234 0.2757126229620475 0
0.8247472834597153 0.23688703075322573 0
0.406789535164166 0.6782553473505313 0
0.4020861442616685 0.6896311223929705 0
0.3981135451056003 0.6693283146207276 0
0.3902966059312048 0.6922056456372983 0
0.37305372430134853 0.6803790552983284 0
0.38778761403351203 0.6717684036550495 0
0.3682713673896282 0.6728690988288327 0
0.38531214610548903 0.6616533736018048 0
0.370663652866789 0.6550770581638986 0
0.3915769281865596 0.6272791266948433 0
0.3799226580933574 0.6970017446079648 0
0.35719950453534255 0.6807898822880244 0
0.341046237556692 0.6855734021854715 0
0.34582104865655633 0.7120989336761993 0
0.36145532917125855 0.6938876809681157 0
0.3592418384583772 0.7075943998019767 0
0.3669777327453173 0.7085846878778865 0
0.3965652618865661 0.7254830878099767 0
0.38577141159057005 0.7126809592138046 0
0.3869471750181488 0.7366229483161004 0
0.41275269394118563 0.7444830369619717 0
0.5013022361119865 0.5704173503516999 0
0.5069056538132016 0.5952845819752797 0
0.5473338590707072 0.6205083441327661 0
0.5349687020165503 0.6258484854790413 0
0.45885000513707075 0.7000394794055278 0
0.4537452011671696 0.681179876186628 0
0.482063609707355 0.7018569886932132 0
0.959098166417821 0.07496973237985563 0
0.09427938524852973 0.7192636195568464 0
0.1782184022760005 0.7248293883499127 0
0.13495992759571518 0.7237640061950382 0
0.15283779079056084 0.7205971666640454 0
0.15704043673181875 0.7039755988848694 0
0.2090346825225109 0.7296071457205857 0
0.23620377864479403 0.7420815239994453 0
0.17162115459527286 0.7619425535166066 0
0.7506587292138767 0.733499659986119 0
0.9239408785137803 0.6540283239870814 0
0.8479599435395085 0.8887615452482261 0
0.8448740497136648 0.8687224280333344 0
0.8368050552728941 0.8756252007193208 0
0.8361272193720438 0.8668966005996933 0
0.6994737601597611 0.9128531929702084 0
0.7734187674795158 0.9718667989330019 0
0.7958176091474517 0.9083664779019952 0
0.7447354063879236 0.9003903565575309 0
0.7803682965860204 0.8963099435482478 0
0.7795730616748064 0.7361508516045383 0
0.7605253458410088 0.7655770271936724 0
0.7746173238320317 0.7612120596325987 0
0.7593526176383497 0.7420879326769243 0
0.7506325407768791 0.7442389668526649 0
0.7557079587582335 0.7457756115966121 0
0.7194726977947 0.7548407415138301 0
0.7313726107909019 0.745533779185496 0
0.7314949316816804 0.7402704050013614 0
0.7218367169255021 0.7489684583147034 0
0.820511597826753 0.8154223671377722 0
0.8062366370882319 0.8122097384845693 0
0.8170775592437187 0.8212333058329723 0
0.8281915928741144 0.8254811824539982 0
0.8403944087628538 0.8175053486801765 0
0.8512010082415942 0.8311663351708025 0
0.781849546302407 0.7483674840858837 0
0.8146899419825043 0.7264706243675775 0
0.8476657149967634 0.7573462974975914 0
0.8101752257040107 0.7516883121908131 0
0.8360714004731814 0.801323695607563 0
0.8513909299073618 0.7898601875879332 0
0.8566975748149739 0.7979447566906029 0
0.864571911343957 0.8043332778537338 0
0.8761542352441918 0.7666009362250065 0
0.8621488229416626 0.7743775742719107 0
0.8112590865035602 0.7698399929069117 0
0.841568047740908 0.7765317914889887 0
0.8186864312441138 0.794011884839187 0
0.8181110686588023 0.7565441586529417 0
0.8098898911731702 0.8759590300859954 0
0.7988091761607173 0.8722180891230781 0
0.7975055083515495 0.8631423507710695 0
0.7706035137790618 0.8804274475228421 0
0.7875756942331891 0.7994678639555286 0
0.7796933002084256 0.8100312344574659 0
0.7770988884057187 0.8037000337774252 0
0.7625057948852512 0.8196482695476427 0
0.7756518187595045 0.8407918301132622 0
0.7949141101701414 0.8206176017412424 0
0.7788536608586726 0.8321931382678298 0
0.7823617959557534 0.8237679415097637 0
0.7842225433143366 0.839122583342105 0
0.7955796679095509 0.8283157030900851 0
0.7547764310891173 0.7779136220674411 0
0.7474254354624195 0.7964369742796418 0
0.7643189670870266 0.7799409587913028 0
0.7470869758375288 0.8162694860243712 0
0.738440419677239 0.7789948578035184 0
0.7189480727488616 0.7915050375355216 0
0.7338981481992763 0.7648140414803939 0
0.730464016400297 0.7699210204224164 0
0.7219863242721191 0.7666985051723658 0
0.7490302601576596 0.7666467242195059 0
0.7240633810094868 0.7338724974154354 0
0.7054410778276279 0.7287658481683781 0
0.6876564136389305 0.7646838783508678 0
0.6910322019154981 0.7868098635569587 0
0.6983431952200947 0.7795456427289211 0
0.6600949249986215 0.7353498403019118 0
0.6777333705855477 0.748125345609699 0
0.6845498518116583 0.746823436015523 0
0.7069357491245705 0.7544723135236087 0
0.7062006122075032 0.7486503554683235 0
0.6673424069509278 0.7313261305040651 0
0.6746913470175238 0.7345568520681626 0
0.6806214959550472 0.7288165563323328 0
0.6863945092538746 0.7341092805218395 0
0.6930689951102612 0.7301331827105049 0
0.6887174878956063 0.741673984239888 0
0.560427077209551 0.7443425133055329 0
0.5096424010062061 0.7475795790256157 0
0.6495989153289923 0.7160336198786551 0
0.6483567621529273 0.704734515161541 0
0.6276606370555602 0.6997310128805265 0
0.6639382785667012 0.7125496465410385 0
0.8977029952685781 0.8705789044958668 0
0.9160274460176939 0.7874236525392412 0
0.8980287964392699 0.8209349623288036 0
0.9505045265510279 0.8454144152550565 0
0.8206211389923298 0.8994843554800974 0
0.8477273305049113 0.9357566639933848 0
0.8521877134529325 0.8601584375433626 0
0.865405759574033 0.8803100954427456 0
0.8881070782044288 0.8743397474719565 0
0.8700641097432816 0.8489121172761591 0
0.8692877849619123 0.8379438819308002 0
0.8790398499070808 0.8333541272834254 0
0.8704360168414698 0.8599977917338096 0
0.8956228996527736 0.8511752283283136 0
0.43244558409873535 0.6048227296769089 0
0.4343709636978993 0.6199845175076152 0
0.4418007870978664 0.594254023439263 0
0.49685383375475145 0.6278547001427442 0
0.47634902655597966 0.6008175683783264 0
0.4909335556098512 0.5986443408786263 0
0.4556681246740985 0.5702321101805067 0
0.5447010621327149 0.604108481176188 0
0.5395889982908837 0.6133105747982495 0
0.5588336441412509 0.5993359937963376 0
0.5419776729538284 0.5723597688339797 0
0.5492271951756197 0.5796045638901834 0
0.6599558456470711 0.6313558510350528 0
0.671218586936082 0.6529698299072852 0
0.6776389498510293 0.6607849533818353 0
0.6664914000647024 0.6560585083271323 0
0.6617635944504566 0.6591122615120613 0
0.6714011249560727 0.670917863302243 0
0.6618678713582555 0.6696037158862392 0
0.6486978610184463 0.6787375844101091 0
0.7554634863497687 0.6413378096204715 0
0.7379259880339704 0.5777237489556468 0
0.7117503335545451 0.593055977118911 0
0.6831261037588097 0.6219951236671398 0
0.699564116669886 0.6505339939439299 0
0.704618627426382 0.6376544166599174 0
0.7174464117265006 0.6287366485619973 0
0.7250954031284477 0.6369498445928073 0
0.6912801445752926 0.6327749070622238 0
0.6879080912532601 0.6380029483254819 0
0.699027916576672 0.6671777120021496 0
0.6990558746582147 0.67307896180839 0
0.7254130130074586 0.662043027313816 0
0.7336002004288952 0.6673513137446341 0
0.7265205606139845 0.6748047306861896 0
0.7407188602402025 0.6889166420040819 0
0.717348135809922 0.6937648537873219 0
0.7176432499483443 0.6891087530407951 0
0.5982835365571428 0.5852716638860355 0
0.6051034898806217 0.5843547816502099 0
0.6329427845450613 0.5743553731138906 0
0.6192347622351109 0.5586794799221054 0
0.690436021664524 0.5687540849688916 0
0.6138211375449565 0.5276466437040783 0
0.6149412352152381 0.5123210710209508 0
0.6919823576114094 0.5135095637723736 0
0.695285805261032 0.531346213199761 0
0.6599010100657295 0.5213673926784703 0
0.6811034949935356 0.55782552276146 0
0.6312012363280797 0.5027520754902961 0
0.7562299321499217 0.37686423401371744 0
0.73832528185235 0.34449231152966164 0
0.743695839470392 0.35720993221652825 0
0.6291330100425016 0.3444676719769647 0
0.6407472608010849 0.33324037549927144 0
0.6650598666606545 0.3541560628583568 0
0.629270201059238 0.3740677813237119 0
0.6824045685253682 0.3997717080763677 0
0.6791983743384273 0.3625320291777352 0
0.6876089358326587 0.38644712982411983 0
0.6951296691441046 0.37769925143454697 0
0.6723413055444617 0.3142990773640265 0
0.6732898680118522 0.3412946317457959 0
0.6887963067887141 0.32080367750034694 0
0.7006081030430001 0.33325776805179835 0
0.6839381507136414 0.33718564271787893 0
0.6870454477813157 0.34205240466227954 0
0.6963395305880408 0.3469779078189808 0
0.661975159402813 0.4075490297953747 0
0.6424057413868411 0.4101694563016294 0
0.7056105980346867 0.31719830055100906 0
0.7258398274633441 0.32966875275092644 0
0.7450169640318144 0.3347817474981137 0
0.796667779155628 0.3778639329144069 0
0.776137275151398 0.5119761337253053 0
0.6896622878431254 0.608307098700401 0
0.5272767046743717 0.4350353112014618 0
0.5846981079669442 0.38260325527051764 0
0.5780931951478985 0.36611799040923076 0
0.5615123925282777 0.3983519029747374 0
0.5821925110975669 0.39177402371100023 0
0.613457215879022 0.43213599066424935 0
0.6038168790173022 0.3608929862151964 0
0.6094516910198162 0.34148476389953136 0
0.618961596395572 0.3749644255825333 0
0.5419242586357026 0.33085859871943424 0
0.7168962555750075 0.3002442819327475 0
0.7200630601147148 0.3123092444113403 0
0.7279378746426369 0.3031598634266525 0
0.7482584757134251 0.2827249134865782 0
0.7300006090129558 0.28963402383553016 0
0.7403940409963238 0.2944475459669558 0
0.7519752682469675 0.2992425595123401 0
0.7337726326608136 0.31795181999466565 0
0.7322804446697355 0.3074265960419407 0
0.7266804183337429 0.31547642179593177 0
0.7538743654394574 0.3253211894540724 0
0.7605821108665984 0.3260333340974876 0
0.7788921484087956 0.3096090107023548 0
0.7672875774958532 0.3070781473518846 0
0.7802264569177333 0.3031223797455952 0
0.7789078488550619 0.321963021007943 0
0.7646769504407139 0.314449926386652 0
0.7657152385191872 0.32238201614380074 0
0.7890532066213065 0.2658321674257152 0
0.7709303214132932 0.24301860528122718 0
0.793693301729706 0.269489576217985 0
0.7753767318819563 0.2923488955913663 0
0.7682329041821241 0.2780566584993156 0
0.7370953975067832 0.28256952941617974 0
0.7168369920782132 0.2598877872702452 0
0.7168865320535022 0.2713358671198547 0
0.7066804484625984 0.2740419974841893 0
0.7105735600212302 0.2784887382984484 0
0.7444672946973893 0.26293837019974886 0
0.7563855125464188 0.23770873045561072 0
0.765713221267692 0.26505139828608304 0
0.7522288057184486 0.22430700668530246 0
0.7671826914875295 0.19321970996294496 0
0.7295123804274608 0.23586046692831575 0
0.7138828655332249 0.21070112117185197 0
0.725629742703193 0.19479923231671775 0
0.7256938189532522 0.2202344164341953 0
0.7376585848646057 0.24556487462181378 0
0.6597400550661163 0.2728974353184343 0
0.5905679016640201 0.35015018185506375 0
0.5456385765422971 0.27404043748232454 0
0.5677875579224864 0.27737559236462583 0
0.594651004645287 0.3267453520567595 0
0.5771690954445134 0.30900008325155465 0
0.5812776613970161 0.30240278016766525 0
0.5858698639201305 0.29693502536603783 0
0.5875864735545373 0.3027384400693126 0
0.5915869439066102 0.29269797319512636 0
0.5926624149499256 0.3061388649622617 0
0.5981647590416561 0.2891527964738997 0
0.6112582897702836 0.3204264002127923 0
0.6007118524231784 0.3153220136375827 0
0.6043463855860404 0.3206875949900991 0
0.639746943085781 0.2702364533767432 0
0.6529030448357139 0.2723283757481517 0
0.6888581580804904 0.30033659121437617 0
0.6809059004505741 0.2903451868464454 0
0.7205410711219186 0.2806822350606963 0
0.6935121608298297 0.276132226078634 0
0.6949839210331744 0.29895655478893707 0
0.670779013121259 0.2620458762965377 0
0.678512904067619 0.24174107897097138 0
0.6890497110741307 0.23241457828606138 0
0.6966548294636656 0.27020890860318264 0
0.6912798656438853 0.24718679334260985 0
0.715083545199534 0.24070384336077533 0
0.40151579520769215 0.47066707520629497 0
0.41093435925893906 0.5172736362686089 0
0.46372333214519096 0.5100864549691841 0
0.5264301721036827 0.3694921058004095 0
0.5498894077918408 0.3761212619012743 0
0.5503922291583582 0.365310509161472 0
0.5600951639549239 0.36928402655232084 0
0.37709619946729217 0.38204717252090753 0
0.4775380996873184 0.39167891825471385 0
0.4998786910357105 0.24600924523966203 0
0.4459816310137599 0.4992145983147237 0
0.4022408228302863 0.42440144493666754 0
0.3937021539851083 0.5150228218644209 0
0.382933667515811 0.5006656383706409 0
0.6748042467239482 0.6951910838242454 0
0.6767147157040353 0.6905607152077597 0
0.6462757699797876 0.6122252857267672 0
0.6385431164188766 0.6545984788598109 0
0.634364634548689 0.6538961537275831 0
0.6365697738523376 0.6641248990974737 0
0.6238160788808982 0.6549352529544064 0
0.6272415926627866 0.663707732260624 0
0.6220024197753883 0.6607533084354136 0
0.6070612926936303 0.6292907158272479 0
0.6286428425309583 0.6455579293333362 0
0.6267857176805228 0.6695848219739085 0
0.5559364187650652 0.6268488724629312 0
0.5821611784951249 0.6361448576408356 0
0.578617528354199 0.6286877225870491 0
0.577817284181269 0.6437821967096818 0
0.5618239993282949 0.6568689793425837 0
0.5645439731485827 0.6328103551487679 0
0.5843310932741697 0.6506399275063338 0
0.5998573950874596 0.6623403104954684 0
0.6130076430909353 0.6549004181247631 0
0.60224255445513 0.6415235536492554 0
0.6199972322112179 0.6421687474328575 0
0.6165942047239918 0.6506861112107303 0
0.6052982204082406 0.6484633549971903 0
0.5955661567045003 0.6073298928077979 0
0.591029791827498 0.6194880554660289 0
0.5883887110830035 0.6053699494807082 0
0.5878992786685726 0.6128982677451132 0
0.5959393590101354 0.6156908129872807 0
0.6024886548992398 0.6116965711065465 0
0.6079402312436555 0.6160720029101332 0
0.5988040066721816 0.7319290002710165 0
0.6281066263011323 0.7275948202233078 0
0.5473211778653949 0.6922202759662959 0
0.6005160052871042 0.6946976562547893 0
0.3835688345110651 0.7441823501005933 0
0.30828908573801483 0.8586933013410301 0
0.30577854727604126 0.8717069588073975 0
0.31820937497417345 0.8526214086646459 0
0.2794984675735587 0.9218296376009111 0
0.4173282687588133 0.7882570683269724 0
0.3040066308508115 0.8966725224589993 0
0.24602691197550614 0.9287345262392477 0
0.3360857087030824 0.9315327039393448 0
0.3248567697094123 0.9143235968198815 0
0.3724002033833997 0.82235933901719 0
0.3445292667909312 0.8053250622077773 0
0.3532730660328306 0.8206146904175297 0
0.36359481990866716 0.8156203816062438 0
0.3556985114811194 0.8119422228497685 0
0.3794604355177954 0.8055875705960033 0
0.38896094450896535 0.7994284064132782 0
0.3887116942235438 0.790125900091235 0
0.3989856809256918 0.8022098751268122 0
0.3852969469223971 0.7598140968350361 0
0.36751509013012695 0.7826221141374474 0
0.3398190044384056 0.8732787282104708 0
0.3447871021228499 0.8881724030673419 0
0.34229136208627575 0.8496570268549954 0
0.3598419470817464 0.8963202378251153 0
0.37343322940562074 0.8421338530714011 0
0.3612530500313921 0.8518104769623887 0
0.3970112733473758 0.834345022360203 0
0.3826226740862903 0.8715416015607986 0
0.3350616924136442 0.8304552922051861 0
0.34460000441959604 0.8184564345244728 0
0.2759169119889283 0.8415507981040036 0
0.3300874099033377 0.7943507231511177 0
0.32015041317126636 0.8051170161550965 0
0.3040850198632105 0.8265209117500956 0
0.3199599808582392 0.7873862065292622 0
0.30910563664605156 0.7949807816109241 0
0.2982368051719318 0.7885719231376098 0
0.2924681856824068 0.7813599196670394 0
0.3397577944168562 0.7703256428362362 0
0.3371848363626126 0.7643934122934792 0
0.2410794379546784 0.7155371876784125 0
0.2693006900553041 0.7035902057943711 0
0.24421706392166131 0.6905430943040992 0
0.2592064459913087 0.674481102540283 0
0.37253213671095814 0.6279450605842704 0
0.36458873646780016 0.6320572312278797 0
0.3146765863925883 0.6676523291133051 0
0.31278182544652144 0.6504566170914848 0
0.33425215985890266 0.6503359845673395 0
0.3422669721613953 0.748481269837597 0
0.32302687359152155 0.721074510302945 0
0.25770793481451343 0.7313222627963512 0
0.24466747638107508 0.7273742011146032 0
0.2739296329459276 0.7431298633395641 0
0.2640726082832372 0.7411244988068286 0
0.2521810736243529 0.7377733075120573 0
0.28910068261668637 0.7276473990239193 0
0.28489720065547547 0.7446433272497823 0
0.3103364348159548 0.7414686093107946 0
0.30145206618867504 0.7478526426534348 0
0.2896018756792598 0.757950569242444 0
0.26659788689506886 0.7560361793636807 0
0.3030033745269848 0.690407992119629 0
0.29667427764497606 0.706447059923896 0
0.29925334927465896 0.6871080945197031 0
0.2902095251765628 0.6776429412844925 0
0.2639357043379812 0.7280472681518599 0
0.28335901184974976 0.7218581497920245 0
0.2763556654128291 0.7277995469045243 0
0.31816490737128866 0.7061973797630449 0
0.30138032202318354 0.7092891775870762 0
0.3145633615166883 0.7013495480265836 0
0.3185186899405985 0.7187113250660098 0
0.25607606040688524 0.7845720570015798 0
0.2412748428869097 0.7604373232754026 0
0.24881531215061703 0.7631633286196592 0
0.27298885319577226 0.7945717242080822 0
0.27297337041877906 0.8197351604550394 0
0.24254603386039766 0.8610787801886357 0
0.25832283091040553 0.8394396939054158 0
0.18585301160517198 0.8364923458306661 0
0.20293882152577247 0.7886244087111488 0
0.35989339072005927 0.32680565265884953 0
0.3588809207020037 0.3333184727177196 0
0.3537548227119111 0.31696622887520726 0
0.33155523147936933 0.2850582767850698 0
0.3469474217863552 0.3181706536616464 0
0.3437437258909821 0.24891621152269836 0
0.36288192547847364 0.2457976219405729 0
0.36593531844790894 0.2536553729675224 0
0.3551844852177346 0.26449949418913854 0
0.3546997553923572 0.2439336644996327 0
0.3754073932062086 0.22414035825647471 0
0.3708420523709883 0.20811546997103197 0
0.42922422214894923 0.21151013549464204 0
0.3982895904290191 0.21141069152437755 0
0.4374012284095918 0.3169051254048061 0
0.45736202651899677 0.2888642323197986 0
0.45937796376166695 0.2625039419993546 0
0.41257425122618013 0.25051453742783025 0
0.40381909313383957 0.24111568937854094 0
0.4374088223699868 0.23913597691118985 0
0.4203081326306912 0.25054077592508883 0
0.44158855128299684 0.25048705973100777 0
0.4066341673778581 0.26177230879480046 0
0.41473387458235766 0.2585705179852975 0
0.3951809580202695 0.24209070242049294 0
0.40110495283169567 0.25789080668750225 0
0.40745295269973786 0.247366694388947 0
0.39325345532966033 0.25788132986202106 0
0.39041714383897047 0.2492695955873296 0
0.3807972108933536 0.2478474535882246 0
0.3684085542721773 0.261069265057726 0
0.3739476375239721 0.2549212148918981 0
0.3854827004802898 0.26291302320529236 0
0.4313306403715235 0.3059831800617998 0
0.4163480442958536 0.31007018913229245 0
0.42950462689278074 0.2940595752134083 0
0.4309970284368698 0.32605074044381405 0
0.41546109657767033 0.3204014755904354 0
0.4241735424894567 0.333247023981719 0
0.4155904391839807 0.32989523929749526 0
0.41722785805068785 0.3390856403580071 0
0.41017252021012773 0.344721523629286 0
0.4060916599877246 0.32557255123270007 0
0.40090351958341125 0.34230457054258817 0
0.4131308175361426 0.30258281477820514 0
0.42057544563842 0.2902337910177165 0
0.4186019500351987 0.2826514528530804 0
0.3731820540951696 0.3211180010265426 0
0.399761165854797 0.31853664447764357 0
0.4006475294561582 0.311135334964906 0
0.3816346223070069 0.29264244432263153 0
0.27039023449482763 0.2691131499921232 0
0.28000649397260735 0.2486369374030511 0
0.2696367414914751 0.25606749194349254 0
0.2760266067744663 0.25939850763622485 0
0.31375901361001246 0.2448108147532826 0
0.2999367167880274 0.24531799339476934 0
0.3099635256253744 0.2502317786227226 0
0.31742920811369524 0.2281496758963608 0
0.3032722788845193 0.2393689215929657 0
0.3126125686155475 0.23381716618081938 0
0.3098078559813714 0.23936097606846501 0
0.245693650441958 0.25100712892696264 0
0.23426239370930496 0.23668957597195814 0
0.2575715746844663 0.27799207911331625 0
0.30948105504607465 0.26479329343581737 0
0.3038498616700444 0.2505996370397539 0
0.2984472290579105 0.25220774339498997 0
0.30262198767856796 0.26103145021791924 0
0.29308625957811996 0.26455996120464725 0
0.3008480940242334 0.44674930152278347 0
0.29211097114311757 0.41539226789721845 0
0.2750088400955938 0.4327806830738664 0
0.2781032323041933 0.45265547121555166 0
0.31116294703349634 0.44266921507093576 0
0.3225606635890329 0.4490823224724921 0
0.31821230005188694 0.4614899829829464 0
0.2314690162656797 0.28682990452209367 0
0.23181549975489177 0.30181356784618585 0
0.24230334955303898 0.2989826557875599 0
0.2807612131323208 0.2969413596874531 0
0.25378700279217065 0.28802196326322344 0
0.2624217526581759 0.29267606608786584 0
0.24333671818235877 0.3125803556236306 0
0.2713036300474566 0.32627967173534606 0
0.26652327934356945 0.31771922610784903 0
0.2720256975833409 0.30369314924315605 0
0.2764498650613313 0.3085890648481058 0
0.25951618704150786 0.29781153601862 0
0.336818176209406 0.3330732456675791 0
0.3419329647098195 0.3378135584624279 0
0.3091329707431567 0.3848809648012529 0
0.32090383103641223 0.39107135187526765 0
0.3121956157896868 0.39129468502787634 0
0.29590336045247795 0.3905391275662108 0
0.3538029810258857 0.38034720013876683 0
0.22908030814933145 0.38185965358080376 0
0.21802528866854876 0.3657094383015768 0
0.22405652025478243 0.35312164315374606 0
0.21213919979329246 0.35852111102299655 0
0.20835547964506257 0.3522260442602405 0
0.20302205804897366 0.3496135971585075 0
0.2056913095535733 0.3345748281830676 0
0.17957854800988068 0.34582820935925035 0
0.20538353473352358 0.37506912908871115 0
0.22754915553035537 0.43006052642037496 0
0.17045799610742557 0.41397323531505287 0
0.22920143654282776 0.4401477287942878 0
0.23555460059346087 0.4585655192294164 0
0.21972114277333393 0.47267336185469083 0
0.203907065449945 0.43246218296116407 0
0.21702026171297453 0.4390963872402919 0
0.19840366930474013 0.4631055284637295 0
0.22003321867383738 0.673894762833862 0
0.20796115499794157 0.6711116503043892 0
0.21601151007980512 0.6805113520225748 0
0.25161451630802734 0.6585605979279734 0
0.25120386306090314 0.6514021942226306 0
0.24192389740498355 0.6690226625181918 0
0.2315637755462017 0.6690718592199513 0
0.2304228625325597 0.6611992346392533 0
0.24379821643123958 0.6496829704761007 0
0.23660077468462687 0.6477242989404559 0
0.2711361280581489 0.6121413796715338 0
0.2822730575211285 0.6082169883919636 0
0.26840476312793954 0.6058321049525786 0
0.2482087259973127 0.6050428831891995 0
0.26421830184232054 0.5979932677063959 0
0.2798218032585107 0.5937596047690871 0
0.28478541470388535 0.5977125504380842 0
0.29206530009397697 0.589132071928101 0
0.2480767621891766 0.5964841861804592 0
0.22678989733894697 0.553661105561535 0
0.2610595328919314 0.621892670302594 0
0.11505902620994257 0.5869212511192409 0
0.11611982910654593 0.716456656419963 0
0.1364932829565597 0.7445862031882893 0
0.1666510752577327 0.7175699588724349 0
0.17599093614075403 0.684508866055599 0
0.15651656008972314 0.6317008371371631 0
0.06256376103641194 0.5741972996366537 0
0.11962216265596617 0.2267654357863217 0
0.1988336849231683 0.31094767641246757 0
0.05833228870218786 0.25640339084232755 0
0.15186940535356627 0.2408094082821537 0
0.3417904258054161 0.22406184070524562 0
0.3351092806798483 0.2176840059443499 0
0.3461371638995882 0.20521935434026414 0
0.32265321571615596 0.20273148508040806 0
0.24421168023514755 0.13772966721070135 0
0.20029446490129596 0.2092441091092725 0
0.17394342448020708 0.21235464787819824 0
0.21432626905365848 0.22735019551281324 0
0.18320952881964706 0.22373609308773554 0
0.2090907387816137 0.23450887593966527 0
0.19292509712690786 0.24092141332643932 0
0.20133574984416505 0.23725314076727635 0
0.19338111386024556 0.2308417493682788 0
0.1984894223858499 0.27004501804857073 0
0.18166219895461624 0.2528255652228064 0
0.1518455539899311 0.2649088699257461 0
0.22170469591344513 0.23120293927697697 0
0.18098290180499796 0.27250278522338617 0
0.22870980402577273 0.2587247090848668 0
0.22496596146630374 0.2649416613398059 0
0.23108683430599783 0.275361176044282 0
0.22861415145460187 0.26977654859323497 0
0.254184365275372 0.27531192456850834 0
0.22795437453633766 0.2155137452636967 0
0.24161479302873445 0.1999672568320411 0
0.24641764076087888 0.24467565006686276 0
0.28974526216163576 0.17100782366492562 0
0.25037387523835897 0.19225222595318187 0
0.26776870876651043 0.1906564967465571 0
0.2926554599445485 0.2289480960025736 0
0.2902810615993528 0.2026888876790262 0
0.2649102278906425 0.22916310164913095 0
0.24733823258216464 0.18036839778752445 0
0.28082903453914726 0.16315286899152698 0
0.2765731010923911 0.18556429939103555 0
0.21250929328116017 0.18430943629946653 0
0.210926967066911 0.14733651191112096 0
0.17662556671632368 0.11993050229940003 0
0.47570190239072585 0.21121136609149965 0
0.5328386535115452 0.23506740864885933 0
0.4598025811276993 0.20474980883851532 0
0.37125931978435506 0.1672748080538224 0
0.42422781980191315 0.11750808918837151 0
0.40174923967876125 0.13162267498803007 0
0.40688899462477846 0.15295101694859398 0
0.4058875007525246 0.039542110036660486 0
0.6042904810298668 0.2712537877746007 0
0.6528580461071394 0.23803910302788747 0
0.649485516268206 0.21955588204766682 0
0.6421370244564109 0.2044148086317745 0
0.6058501925721003 0.22275244879051048 0
0.6331485460919235 0.25260681135752655 0
0.6277048923338053 0.2565634478831352 0
0.6113925364037934 0.2594797853047809 0
0.5925741273352493 0.2503125275319821 0
0.6068522837819584 0.2435289812729584 0
0.6124025752191942 0.21492964660625444 0
0.5876433752877416 0.2420741129323037 0
0.2883565401059701 0.6293066211420796 0
0.33567224755627517 0.5706093997896501 0
0.3224046015629714 0.5928147952960314 0
0.2731610048258418 0.5375759426724673 0
0.283618011046485 0.5410385621354071 0
0.24309661453019413 0.5714738122489729 0
0.2524561068972436 0.549741569863147 0
0.8469915437382789 0.2627476410620466 0
0.8975455252453876 0.25311869491454453 0
0.894495507196443 0.2939944706967276 0
0.8672161574532681 0.2827414599310499 0
0.8684876414959779 0.26213257626470166 0
0.86877735301702 0.24287355827891202 0
0.8814032068322846 0.24584005541881582 0
0.8726564912354045 0.252867449191352 0
0.8377276903559737 0.31569487803178736 0
0.8220735348735159 0.3088845512479926 0
0.8023581539026787 0.3231915260606668 0
0.8381632249452153 0.18768943706608734 0
0.8530157372353483 0.22660744356772083 0
0.8423124783685818 0.22629308401608736 0
0.8611517694247633 0.2336351730316529 0
0.8632900472920734 0.22067823238719092 0
0.9522748855671149 0.2996692348411981 0
0.7983445355158568 0.19557999493648584 0
0.7853312224106316 0.2790342324214489 0
0.786940338356094 0.29281557139661984 0
0.7988906102957255 0.2739063130895392 0
0.8041682735474895 0.27850733380581655 0
0.820647549443719 0.2620538463824774 0
0.380582517846496 0.6831315155071258 0
0.3957679464741719 0.6484614397584882 0
0.3634477168489523 0.6499443828913666 0
0.36962130657649295 0.663578573102351 0
0.3799105401643997 0.6521978135455435 0
0.379997730119938 0.6424233041267408 0
0.35035886617333206 0.6805781043754212 0
0.3371570117446093 0.6947988656316523 0
0.34397888410605376 0.7012393754106263 0
0.35942096279560615 0.6867088413314654 0
0.3525055610434787 0.7105337268754758 0
0.3570351823193641 0.6994953121110989 0
0.5261574377094533 0.6398940422472731 0
0.4963995700828958 0.5839644406591086 0
0.5166013878195953 0.6238653753369434 0
0.4500081792265896 0.7173677926451147 0
0.20309095116442827 0.7489836205647924 0
0.8231499165776338 0.5916815419890897 0
0.831870318434322 0.9413773977921847 0
0.7914730057291599 0.9295416091539163 0
0.7619469444543954 0.8992923630646209 0
0.7654461974881418 0.7671096978976635 0
0.7888315078389236 0.756028439343549 0
0.7790592237287449 0.7652927928038543 0
0.7734694202712971 0.7546467084268157 0
0.7688836624529006 0.7587840665877508 0
0.7536209296327558 0.7369677476413171 0
0.7545032159786721 0.7410010915094049 0
0.7288882719462251 0.756640176393446 0
0.7267864055517572 0.7443417421230061 0
0.7998470665819073 0.8095228537447493 0
0.8287727845708347 0.8336371758310313 0
0.8241939790625032 0.8204671863165952 0
0.8503457327852146 0.7688707841126828 0
0.8377557525804105 0.7656651358437429 0
0.8364081642676736 0.75312702232967 0
0.8349740838561 0.8106971513859381 0
0.8453619158154078 0.7969890317942883 0
0.8444455185214418 0.8076393413552553 0
0.8555002627739525 0.809540099700445 0
0.8824881803804165 0.7934206581028923 0
0.8096200037581234 0.7589864504002785 0
0.8041877100988677 0.7685104541195881 0
0.7966583728822625 0.7827624580889383 0
0.8516142753200503 0.7804936465653105 0
0.8152573568366956 0.8007791262620572 0
0.8334985915351822 0.7831414257151104 0
0.8245953496177513 0.7865564028120106 0
0.8185324194511496 0.771848784754134 0
0.8260702420435495 0.7493417717593148 0
0.7926840428456546 0.8554876017910574 0
0.8316991828868272 0.8591671265552776 0
0.7840642768763633 0.8045780791323441 0
0.7884516861840793 0.8180782275775614 0
0.7937378962732876 0.8376639454816496 0
0.7507010402227107 0.7890937914260933 0
0.7604346167731745 0.7983983442877978 0
0.7372254661491408 0.8054359998572977 0
0.7625297760890859 0.7752122824750041 0
0.7745824948789896 0.784892277938021 0
0.7434297968899025 0.7679275264465104 0
0.7416829395328282 0.7833850805395532 0
0.7445331377804887 0.7785640361400351 0
0.6750264797769812 0.8005266666591999 0
0.6729119124640074 0.7573794492245408 0
0.6772559114065453 0.7863430311949499 0
0.6928920808449716 0.7572123257001616 0
0.7060541995248035 0.7679294966364866 0
0.6968001406024549 0.7693732866262749 0
0.6730628110694683 0.7271052072800812 0
0.6913556790728854 0.7192256727200953 0
0.6971601370512814 0.7271896065010443 0
0.7005444982363046 0.7383858563010183 0
0.7054867038097193 0.7397312741120485 0
0.5970136695166425 0.7486976314417192 0
0.5784924159469426 0.7592410370733164 0
0.5997727797271063 0.7684433426806302 0
0.5356490974575195 0.7480156309982993 0
0.6635257217046773 0.719255454901118 0
0.6551194284238323 0.7215783466021225 0
0.890821168734517 0.863523998827462 0
0.9084146640159718 0.8064956780786636 0
0.8685810053752895 0.8270474755443675 0
0.426591021313367 0.6341591439968206 0
0.4898452661941725 0.6451089638834622 0
0.4849433289258697 0.6140369355315062 0
0.46511159573900446 0.6146992023502191 0
0.5509691694987403 0.596382288366119 0
0.5183693004280171 0.6060645087969547 0
0.5329208510092278 0.6020770541969808 0
0.5356802592871055 0.5902050779372966 0
0.675295831307439 0.6503983400108705 0
0.6737313868408816 0.6656832638190281 0
0.6715089643876838 0.6594317778409634 0
0.6660097265263172 0.6741579268453571 0
0.7242373654480869 0.5595878529133061 0
0.7256883190485582 0.5894622153708813 0
0.7079425394762311 0.6077457843005805 0
0.6764620791973869 0.6210467487105489 0
0.6988131496297951 0.6399427960423532 0
0.7129232547112889 0.6480685521030892 0
0.7093475866415543 0.6317283826166468 0
0.6953628966300386 0.645437923433045 0
0.7003442690261139 0.6822614610261377 0
0.7204192942268469 0.6709284415353395 0
0.7451658500886151 0.6674074586864258 0
0.7323444505324375 0.6835713052638464 0
0.7132937090434176 0.6911337926759517 0
0.6430341021844564 0.5184731100435378 0
0.6260644902173731 0.5377280599355062 0
0.6371424125998753 0.5301249385051242 0
0.6138133473496465 0.4974542705197907 0
0.6497171506640173 0.5328288175299996 0
0.6877888746289713 0.5440873297520051 0
0.6717512914136647 0.5453516517420367 0
0.655556182156791 0.5478926051043078 0
0.7510475789722291 0.38267483605866925 0
0.7375975051035842 0.35119032349126994 0
0.7442706355587183 0.34860150618597313 0
0.7443666388328192 0.3415583168742857 0
0.7387011752313979 0.3377837394495283 0
0.623476000365342 0.33908156998492206 0
0.6370172664854343 0.34641548309054637 0
0.619540761211456 0.3534149751644358 0
0.6210097151238111 0.34616342882441536 0
0.6350830739851746 0.3383167825094956 0
0.6393490100699113 0.3265139356129376 0
0.6428108157261874 0.3405497891606742 0
0.6593377074641451 0.3366877464393496 0
0.672205464649856 0.35655428763242153 0
0.6547188813276055 0.35660993924506934 0
0.6322570808089909 0.3839060513373927 0
0.6425877073039239 0.36177032710309925 0
0.6225807441357208 0.3665719314328795 0
0.6713545289906783 0.365040149299798 0
0.6908905008766594 0.37078422098506353 0
0.678150604266063 0.31435050116222596 0
0.6742307945454133 0.30907545078437526 0
0.6683333360821606 0.3104902351167255 0
0.6644757988824046 0.3477899801309559 0
0.6859983038298948 0.3136048206047614 0
0.6817177145913772 0.32017109953539313 0
0.6933101655896344 0.31549732661292723 0
0.6815188936033907 0.3314503468453735 0
0.7067927005914006 0.33283414729363425 0
0.6979514503301563 0.3280984618156614 0
0.6863050102585827 0.35201064549353367 0
0.7083368589421817 0.3382767112345689 0
0.6991109681612995 0.3704001647125871 0
0.690215201169403 0.34669798361185555 0
0.7085752483602148 0.3491068117384856 0
0.6676847322873992 0.39787012188449755 0
0.656515187982236 0.3974757796363598 0
0.6730862971379229 0.3900344541307846 0
0.6713599042746653 0.38131505887445416 0
0.6512928655597279 0.3879307092323109 0
0.6307924273516735 0.40223499573131033 0
0.8180969546058833 0.38443748454821625 0
0.6665185219598003 0.6141471112673825 0
0.6741578896308895 0.5977973638907247 0
0.6973688522444061 0.5977698211268894 0
0.5334740475911023 0.3968357985362998 0
0.5882459947710109 0.44276849931531903 0
0.5812212038668612 0.37460592810373805 0
0.7157345668655588 0.306719751941939 0
0.753253874505745 0.2780047797774482 0
0.7312459501467157 0.28361263695062044 0
0.7523388263982814 0.28837040604945424 0
0.7428012755950125 0.30831040051676334 0
0.7339974183384145 0.30184279317927803 0
0.7401995238927686 0.3231402813828614 0
0.7723995979700442 0.31194282025778325 0
0.7868036176077695 0.3211371908966763 0
0.7825415185186965 0.2650837696900904 0
0.7937460281372508 0.24590970737595483 0
0.7647489377161972 0.24508586324232456 0
0.8044586993466833 0.21546040745962058 0
0.7873039006138927 0.2716373656290447 0
0.7650411194688049 0.28321256281679136 0
0.7635897321980238 0.2971897861689146 0
0.7769103280187517 0.2864496779202258 0
0.7745544750657531 0.29876738132004843 0
0.780983659336283 0.29644608092802166 0
0.7223299132912251 0.2607152194195746 0
0.7135369640760222 0.2686196429401863 0
0.7197479200473631 0.2548884166610838 0
0.7054691223006727 0.2638486631966771 0
0.7469341041863667 0.21628486696266025 0
0.7425453708329788 0.22553936502972388 0
0.7304697265073292 0.2430029791705412 0
0.7290702408225138 0.20452627524803016 0
0.7401045839904191 0.20806325949769564 0
0.7334259638996423 0.22240146587865717 0
0.7223689428485511 0.2121978544348772 0
0.7198247885323734 0.22741194657468466 0
0.7168947499174976 0.2186457116306647 0
0.5830526478574728 0.3462079656702266 0
0.5548080615104966 0.2938123023643686 0
0.561038983870614 0.27828049958356765 0
0.5844670629924621 0.28865471334633297 0
0.6040585376334451 0.2853791142770548 0
0.6141996457539118 0.31538445687501765 0
0.6004557568121561 0.3082512273327236 0
0.6214664835870417 0.30192554990542797 0
0.6231904639928182 0.30963701471672284 0
0.614786064432428 0.2825935422616913 0
0.716041225892272 0.2770695328042697 0
0.6798172101813805 0.2841862008473702 0
0.6977440870455804 0.28715288622664975 0
0.6907503210600102 0.29484231739933775 0
0.6949219666326962 0.25877904870433877 0
0.6995539125877779 0.2474627645824187 0
0.5444282837256182 0.35596948049051624 0
0.5401909525137256 0.3678706657613698 0
0.42952856966666725 0.37981778754114437 0
0.4955793932099822 0.26153130144194453 0
0.33076280541592 0.4029031557008076 0
0.39556595067299594 0.41042248025011846 0
0.6724819058542957 0.6916589522444134 0
0.6397754224370888 0.6157732846175257 0
0.6397042324953764 0.6084597042849373 0
0.632028453628418 0.6614644362709008 0
0.6137348310183132 0.6321213353912373 0
0.6026566218633618 0.6248459566416219 0
0.61292119448665 0.6250615796706299 0
0.613511410817787 0.6190077966153718 0
0.6208926445883954 0.670808466755504 0
0.5735340478288274 0.6357486922312321 0
0.571342153120884 0.6284764646948009 0
0.5743887858511153 0.6535177212226543 0
0.5915705357817388 0.6655193984519806 0
0.5818807424111101 0.6069987415377514 0
0.5459798456195676 0.7996779878679476 0
0.6157181563117227 0.7134460772943817 0
0.5869077163449914 0.7197979998489222 0
0.5939904886807184 0.705963466934689 0
0.4411256638378791 0.8207951433098254 0
0.31796810107134743 0.8768629586684705 0
0.30864017909062386 0.883735937596608 0
0.35309296813560687 0.8320122752869377 0
0.3818554959635562 0.7851873202707907 0
0.37328245313531505 0.788242426793458 0
0.4048032717575301 0.7922838615566126 0
0.39428795502995356 0.7759036084249428 0
0.3965311126654651 0.7857478750698416 0
0.40038498159195357 0.7662595326557192 0
0.4065507667214811 0.7787177488418594 0
0.37137414019331877 0.797475952127798 0
0.3494223316612785 0.8617381500428878 0
0.37510343435527244 0.9015596533134913 0
0.3583035780569853 0.8827464508145921 0
0.3621966366471859 0.838064622117617 0
0.3643658624990778 0.8689445871787361 0
0.3371764018094011 0.8211725098892269 0
0.3252613684681931 0.7997087123494147 0
0.31954364000770275 0.7984233181294466 0
0.31462531964153356 0.7816658837831731 0
0.3163283819845448 0.7937956956503064 0
0.3052425725989212 0.7888312715548017 0
0.2962219463320977 0.7836042254779627 0
0.3428096851369735 0.7660045157207339 0
0.2653914681667845 0.6829533700189324 0
0.2781585406071273 0.7076777478383574 0
0.2606593220092945 0.6951096664601346 0
0.271048116983137 0.7135343327795051 0
0.27504961781609355 0.6709208116205775 0
0.31127643516107634 0.6613127796855908 0
0.3420672123693243 0.7417418551088267 0
0.24252356101829398 0.7207912753476324 0
0.2743835240846738 0.7488916127151258 0
0.26919101116358335 0.7446626112942907 0
0.25776628714915095 0.7446787416579219 0
0.2980074194576196 0.7373088128685301 0
0.29241823859037014 0.7392693723491113 0
0.29153808192328257 0.7218942641929885 0
0.28294870942136724 0.726741257590693 0
0.28841838634957556 0.75079751380231 0
0.28330777890574643 0.7557454465863123 0
0.29597130099970115 0.6777792879431309 0
0.2900402812874726 0.6922166171501833 0
0.294154713518426 0.6829803174659779 0
0.259164656562641 0.7259337575786527 0
0.2906510511046856 0.7158282650177483 0
0.32279730115482874 0.7156180137630616 0
0.29906003854247337 0.6975268735969972 0
0.3158952284352237 0.6958166941468356 0
0.3097503209586821 0.695502883564839 0
0.3207832937230369 0.7003959911223789 0
0.3221885837318814 0.7259766488284196 0
0.31582399635544867 0.7109873270421401 0
0.3205655389373023 0.7309237146757837 0
0.22049169085304166 0.7503032295413131 0
0.23440049010243758 0.7501197973713324 0
0.2626027535533714 0.7889303262826545 0
0.259029775890281 0.7751837512617726 0
0.2519384449320006 0.7783094283718622 0
0.2398762960899354 0.7539318303742142 0
0.17028115565562732 0.8269374052979411 0
0.2136388583910294 0.8577057354555296 0
0.2622130177493712 0.8254685529181384 0
0.24851864636171273 0.83560835812624 0
0.17430255222769556 0.7946136201269484 0
0.19772472521247753 0.8222823096005645 0
0.22145467603232005 0.7723833763093951 0
0.34900849341851725 0.28763286564123736 0
0.326509577862514 0.2864197233017985 0
0.3277823506810852 0.28132359570963794 0
0.34851141562861665 0.31232399069506 0
0.36088595663056355 0.23799523698630565 0
0.4236569665813302 0.22267896361514627 0
0.4128876610906444 0.22350720053108772 0
0.4378395123304806 0.22373009013393083 0
0.4140603064264829 0.24215201590143917 0
0.40701040211468176 0.25429845631879433 0
0.3629594233017045 0.2674352770696193 0
0.3700967790350617 0.26714937088161445 0
0.35584429150264124 0.2710981990931251 0
0.398344022938525 0.2690477874188331 0
0.42526992704556676 0.31605944721816204 0
0.4109496236595041 0.28124655952866306 0
0.36020081740202536 0.31210878699846434 0
0.3803511180761562 0.31887139858397157 0
0.3722571835255377 0.32835282104449726 0
0.3664944351165242 0.32403662084635165 0
0.39895472578299707 0.3332650455319181 0
0.39396894679880357 0.3138973296843886 0
0.40760490380634623 0.2991743077478507 0
0.391967541627725 0.3283080287049298 0
0.38460578476342105 0.3308593724631397 0
0.3858332044221029 0.32360614591361775 0
0.3763258425741759 0.306405196119241 0
0.36591201540830226 0.29511786230061987 0
0.3821230960380175 0.27621365178532936 0
0.400508205829548 0.28760418492442513 0
0.2764607203201359 0.2662063827667519 0
0.2628820362260235 0.25559161390410723 0
0.281994820565284 0.2550646342281016 0
0.31617040392235984 0.25080212286058046 0
0.31212402005986634 0.2558869202669707 0
0.32161519690497314 0.2177954143124619 0
0.30977955626574916 0.22795860460080802 0
0.3146952228446719 0.2388989530658751 0
0.25821739763700047 0.2723642846454822 0
0.30727882940433454 0.2597810617850875 0
0.29708603326019556 0.2587927760529725 0
0.2953581297065332 0.4303621030163709 0
0.30384816347437404 0.42770910378074156 0
0.3015330684511141 0.4047754315587611 0
0.2761775353571545 0.41629028679884955 0
0.29089522056808065 0.4520415423188077 0
0.28337376181805035 0.4593064853883329 0
0.27325707167053825 0.44288895648677834 0
0.31597188049581804 0.47386012099098335 0
0.29990201995994437 0.4582598937236526 0
0.23381927658066837 0.2922917091873284 0
0.23079975937649863 0.296615660833096 0
0.2510651510355878 0.2931379296949449 0
0.24137700051799704 0.3076407135213732 0
0.2626330469905434 0.3215208481427248 0
0.2674739059386237 0.32237185947012303 0
0.27003135568470216 0.2979013163635595 0
0.2753647085036291 0.2978053978273269 0
0.27891598879010154 0.30282773632505466 0
0.2707372524430112 0.30993347207554994 0
0.280232185295684 0.3136748410116783 0
0.26060383030750905 0.3154542248404163 0
0.2564055164819376 0.3214751876741872 0
0.24785307608277257 0.31530506736617386 0
0.2567446861606625 0.30981937194640036 0
0.2469691208226197 0.3095139014475789 0
0.2568601874840764 0.2927039453292847 0
0.26170349686277644 0.3481020383596081 0
0.2562183400686874 0.35137533324739983 0
0.3113843011165639 0.37864083747316446 0
0.28462405367773724 0.3949315230789874 0
0.35751352857198176 0.3875489593692749 0
0.22116129330635292 0.3860816385451019 0
0.21363758597623614 0.37321235782740575 0
0.2114597886280048 0.31859334868921124 0
0.16767542346885145 0.3312485544402224 0
0.1829272687257322 0.4644903994264343 0
0.21357147415414457 0.6743014881405038 0
0.2495605538833774 0.6432024444804191 0
0.24514333452155782 0.6629046622484454 0
0.2877886313307117 0.6031952131743 0
0.2617857410780826 0.6066333713466834 0
0.24886792385234566 0.6138570113740759 0
0.30013080153034666 0.5907217575921551 0
0.2954336372686915 0.5949297169657168 0
0.29609984066947204 0.5723106122719492 0
0.3056834145108851 0.5766963068751321 0
0.2893474126584882 0.5802566353716976 0
0.2408948669417737 0.5515636124092392 0
0.26653002589350416 0.6168246133670425 0
0.16209841285722676 0.5932256311098681 0
0.1218405629299989 0.624765618366297 0
0.13976033114739347 0.6271237710909822 0
0.19652455890914605 0.31970663498839486 0
0.11574946905737288 0.3261897308390336 0
0.18702756154717023 0.37032627508850685 0
0.16316381615663048 0.20137626602008143 0
0.14380104768168994 0.2529610634127257 0
0.07983147675975474 0.2182793438984467 0
0.10309750944340362 0.21025735777437893 0
0.3217510100297102 0.2102902909265637 0
0.27496411946692145 0.11119488250342133 0
0.1606631215186109 0.2172515456174024 0
0.20666058603936122 0.21855403751895605 0
0.19522283995023393 0.2778486972584948 0
0.18206343897229896 0.26288562621812034 0
0.23759846055082812 0.2292742900694528 0
0.23360994373340135 0.2068251550105396 0
0.2520807316692716 0.2479499454158725 0
0.2978502031335525 0.18976771415282132 0
0.2756313461669614 0.20464622757943826 0
0.2562720570182123 0.18560367488193405 0
0.2780169039604252 0.24232923796500977 0
0.28670890497381424 0.22726859706654862 0
0.29120742318612464 0.22378712437173914 0
0.30042079624423534 0.23410569097695283 0
0.30298952989210703 0.22879527741468597 0
0.30546601799759576 0.22248350173029888 0
0.28927736521533454 0.19459386882744062 0
0.28952651755833025 0.20997721893189408 0
0.2750093378711756 0.22841504806545393 0
0.267956570958876 0.24680208117452893 0
0.2577041444202736 0.1740406382772452 0
0.18984495310503283 0.13676033643967214 0
0.22241717154543011 0.15697982500218063 0
0.5070250893830072 0.22139152856996297 0
0.5345719433305596 0.2115728288982308 0
0.5109868044626443 0.23619219548165815 0
0.517790008430087 0.20878139800458317 0
0.5034652431758211 0.17802134611682802 0
0.43248429355380624 0.1988866385418239 0
0.5537068146329767 0.24094698101584355 0
0.6573558792566698 0.23199930353065215 0
0.5898317387821582 0.2246425878191492 0
0.6149124605989933 0.24664921807720336 0
0.5969950683393892 0.2586222009629614 0
0.6012478291428943 0.25057736072453274 0
0.33980838741137703 0.5795113470317096 0
0.32979696230224836 0.5789319801468047 0
0.3356959335170531 0.5873593959768912 0
0.32799695486971975 0.5871466460962161 0
0.2928627422133021 0.5452710967541871 0
0.28536644056087596 0.548971529194114 0
0.2767506940303067 0.548522143118761 0
0.28111707263749475 0.5791122815716999 0
0.2760064606672474 0.585838762204022 0
0.24698826244372188 0.5868748862532926 0
0.26124676461265417 0.5658718806665233 0
0.233702546883725 0.5714594695843618 0
0.24969105930457286 0.5616491941541728 0
0.2593311403752201 0.5561543807038642 0
0.26394810659892404 0.545656395887887 0
0.7596362737120153 0.16128059664549735 0
0.9183212062109565 0.2570923487028134 0
0.880853444328464 0.2853057694498029 0
0.8571748550758993 0.26169780857526626 0
0.830587357779607 0.30993684107064107 0
0.8307800088311936 0.3199304802105564 0
0.823213883026394 0.3163021532565919 0
0.813445484600331 0.180849598335319 0
0.8358511020846702 0.20484944033134148 0
0.8375185931916562 0.26397358476866767 0
0.7979553687353861 0.2805716844572072 0
0.3758868929082249 0.6887051335426031 0
0.3616631519655844 0.6668500131931964 0
0.3627182828222322 0.6583654303722439 0
0.34217071911056196 0.6970334803315748 0
0.3550047310845425 0.6920438129658049 0
0.3892407493575016 0.7277570006790134 0
0.3914685657907179 0.719462752571665 0
0.4080866857011954 0.7352504500547721 0
0.4616767722386764 0.655042423973958 0
0.45956842079524424 0.6362743635173895 0
0.44624082136061016 0.6499509313959078 0
0.4875261232381105 0.5720839122662809 0
0.18702289221824253 0.733615441741646 0
0.7370473855644677 0.5976065497613606 0
0.757346782902399 0.5912567803312974 0
0.7735807813282204 0.5700872468390283 0
0.8227078698302972 0.6172402118589694 0
0.8108276386400688 0.9381674909844883 0
0.8389711959832585 0.9243724221705287 0
0.7855953298104361 0.7652895646901794 0
0.7667260997134892 0.7475061307852588 0
0.7257450309556545 0.738796059373281 0
0.7211858596170038 0.7424991299523233 0
0.7988622196847502 0.8033838382809901 0
0.8276978267086265 0.7595215799122376 0
0.8607359686588778 0.7867934786199555 0
0.869047382715112 0.7951605061114728 0
0.8122939990469336 0.789826753278488 0
0.791302752189025 0.7851869018858866 0
0.8116147913343107 0.8064407119182366 0
0.8195930478403932 0.8078094667390681 0
0.8431050335027247 0.786379698728942 0
0.8116880680140911 0.783598058676403 0
0.8361557768129905 0.7923546187031951 0
0.8278609648400406 0.7955116114696708 0
0.8221106212623809 0.800402672863155 0
0.8023276437913933 0.8557179216521529 0
0.8165419698580845 0.8679999667162349 0
0.8137407979731035 0.8568477261423985 0
0.8222254397288836 0.8620845038487818 0
0.7895895058713839 0.8241024933223792 0
0.77053026650767 0.8026214963727418 0
0.7554184689795022 0.7942549639579068 0
0.7600206021616 0.8055044190836647 0
0.7538413343151587 0.8012030626421636 0
0.6605541884761408 0.7437483042998907 0
0.6761083192719278 0.7697105632706985 0
0.7007685301595342 0.7602385607297824 0
0.6436897087506678 0.7578429474590401 0
0.8799544664837887 0.8656692375672352 0
0.4413734460550389 0.6351586982914456 0
0.553900904007405 0.6054280058452155 0
0.6640941518318213 0.6645221808364624 0
0.6684631157349296 0.6209177219906752 0
0.6934023689940076 0.638796567731804 0
0.6307693261418321 0.5529837190742687 0
0.6194346631366637 0.5487111146380471 0
0.6389673107556837 0.5651484501136023 0
0.6756853527837952 0.572713688563209 0
0.6665777635870122 0.5828140357973529 0
0.6660494113895764 0.5596919264665255 0
0.6403102600873004 0.5428433518463115 0
0.6626491150802828 0.534828294244039 0
0.6188023795963866 0.36021490146781154 0
0.626363710047174 0.3584021279927956 0
0.6258016851308423 0.35106812969904255 0
0.6224966788415129 0.3275285964117983 0
0.6266614089567563 0.33288967307835776 0
0.6284328486633542 0.3259930942184106 0
0.6343209130617388 0.32390674333247266 0
0.6386020542124952 0.31943968761407093 0
0.6457065470541079 0.31776850311323146 0
0.6662857678896057 0.3285397978795245 0
0.6492910995376684 0.32318484746890325 0
0.6486679205529732 0.33517320015273583 0
0.64489113138511 0.34817885566067625 0
0.6475859571331435 0.35564979512892503 0
0.6624476218573527 0.3115741061392178 0
0.6627160118992973 0.32318243070087677 0
0.691507895945751 0.3270743103738326 0
0.6940848541672908 0.3338222949547618 0
0.6956993811049283 0.32190783588509914 0
0.6903393261122794 0.357917210914329 0
0.6517947412196748 0.4057170157766656 0
0.6708747724640759 0.3728863053000368 0
0.6442444195864077 0.39744768152644266 0
0.641672565035985 0.38636485175464147 0
0.6626961195183327 0.38727758282561964 0
0.6452848681945985 0.37001116940782897 0
0.6733265936382866 0.6141110137003518 0
0.7518323139551976 0.5004975439110988 0
0.5872001029980406 0.36703871138228394 0
0.7544511540811256 0.28323133938363904 0
0.7606124876878018 0.30756186274972797 0
0.7364193673764816 0.3113149472320394 0
0.7529290057216902 0.30661050068727025 0
0.7470341844600904 0.30339577902782017 0
0.7405201561629804 0.3012424713499212 0
0.7415502389179187 0.3156670950589586 0
0.7831080147240176 0.31553381963812027 0
0.7576897512975426 0.23056892657010766 0
0.7747418905622495 0.22485138769682914 0
0.7673056842349072 0.2174874562820094 0
0.7988261377269099 0.25126769469336385 0
0.7979928807211675 0.23086596021248265 0
0.7800407747832055 0.24126922215397364 0
0.7875827451118529 0.24366183960396604 0
0.786941351957509 0.2373139682335774 0
0.776509794676902 0.26122192130676236 0
0.7763443939893783 0.24942698330057247 0
0.7708568283466214 0.26161676524946653 0
0.7615622107728505 0.25097161379651306 0
0.7586133934797323 0.2440468078605158 0
0.8015951130908989 0.22306771286667335 0
0.8073522966433642 0.2314530221188854 0
0.7703750848761016 0.28828118970543415 0
0.7693292496645091 0.29461812899923506 0
0.7639488707656533 0.29064739663814 0
0.7570729367744462 0.29385680287431254 0
0.7584262258954056 0.3011985141309981 0
0.7688129933747032 0.30119110090744267 0
0.7182101147943581 0.2658883001561906 0
0.7155241903608078 0.2487159142829833 0
0.7088295941257968 0.26848773721916647 0
0.6993621234866645 0.26445458731521837 0
0.7119401578161889 0.26304798418279085 0
0.7146418238642821 0.1937508972577413 0
0.7374253990146004 0.19717432009826338 0
0.7390351287686474 0.21721758103233488 0
0.731461434222585 0.21429394391336684 0
0.5765172932921561 0.3390611582329649 0
0.6154103866548432 0.3087774820161478 0
0.6178010393688631 0.2961535326633457 0
0.6079756308987535 0.3052305589821986 0
0.5972224435235964 0.30207950822263974 0
0.6847670120256073 0.29601724221058595 0
0.7023528502039812 0.2912257575478958 0
0.7019240993039326 0.25879277770406167 0
0.6995065935923345 0.2541946639942266 0
0.7271770416112826 0.1359556782309154 0
0.32426520701151534 0.3990107673569378 0
0.5934712581810087 0.6296626094781446 0
0.6000000003910487 0.629510158783445 0
0.6037470182952229 0.6347593219300909 0
0.6201525226540245 0.6321035723887232 0
0.6181549042573969 0.6228871095574493 0
0.6078029555667303 0.6220394911482715 0
0.6250262074875341 0.6756936591168919 0
0.553310338170898 0.7689273127523804 0
0.6234369607881913 0.7193552713903293 0
0.6073875480449972 0.7045579796631637 0
0.6028897068769202 0.7172121281091026 0
0.6146596796938277 0.7271174423964226 0
0.2837558043361933 0.9378858089278947 0
0.36265270094799074 0.8267838696840702 0
0.380625328656508 0.7945033002810002 0
0.38949027959919114 0.7668757446161383 0
0.3890444130506584 0.7823185602751382 0
0.3173574329352563 0.8649622767568009 0
0.3359442891505661 0.8608652277551228 0
0.38914927770106605 0.8881127512160055 0
0.3716255443715708 0.8848084973240303 0
0.3513577072731839 0.874828003897178 0
0.3162532630427264 0.7752373531207831 0
0.2970278955174517 0.7786254232373289 0
0.3070748395464546 0.7722810227090766 0
0.2647214938829514 0.676877771154507 0
0.2747096874449092 0.6822453869879397 0
0.2688703282815528 0.6994713814041384 0
0.25536256099585536 0.6846025996646822 0
0.2600728307787672 0.6808056443532414 0
0.2832150119041163 0.7084724858295566 0
0.2739039976078583 0.7057943560771905 0
0.2788183812602876 0.7125799165164047 0
0.2645166130794365 0.7009186646709771 0
0.24879902641320276 0.6955642790107185 0
0.24957656841858003 0.7080489166668068 0
0.2756079200574278 0.7172916479356976 0
0.2746496648619933 0.7101682657420432 0
0.270118921287801 0.7190467036758816 0
0.2702005567993292 0.7087028155726581 0
0.3347667336878772 0.7403595600311115 0
0.29695611095557245 0.7432242758599256 0
0.29253999354374943 0.7333703006117779 0
0.30349161582504963 0.7413129861913865 0
0.29362630485661473 0.7108541162162849 0
0.28590739302609325 0.7324480186802612 0
0.26397234108215245 0.7467223501156732 0
0.2789081518849757 0.6740978021598797 0
0.29447510236896535 0.6893414323768738 0
0.28949227222978874 0.6866899653319867 0
0.2815680229959836 0.7032289205364932 0
0.26324161691172754 0.7227466755141503 0
0.302419208140638 0.6944497920894341 0
0.3019697659721287 0.7033771427534319 0
0.3262045272480803 0.7298372674507636 0
0.3065887461258343 0.7080389173080824 0
0.31852802562933663 0.7360586922500572 0
0.31708055505951555 0.7266962594985985 0
0.30772638793928525 0.7362979695460704 0
0.23436663114917783 0.7579416903607196 0
0.2651247160068086 0.7955985748102373 0
0.25069328459692325 0.771464621272845 0
0.18257651347323595 0.8578899339181039 0
0.22769737369707752 0.8610959704973539 0
0.1995885081090639 0.8499589205038267 0
0.186945045756747 0.7914450255531978 0
0.16633760614888823 0.8085212755034633 0
0.19605737826806754 0.8056475312197203 0
0.18279082057973284 0.8173130885567678 0
0.2388327862325478 0.7797323073757759 0
0.2059531051267346 0.7583783802082166 0
0.2282155566462653 0.7634618040495476 0
0.1759411730000598 0.7795269611345004 0
0.19235547544017068 0.7784025860942307 0
0.16065969768371488 0.7897662644159021 0
0.32079187971505263 0.28777466742446806 0
0.32261874215456904 0.2826811153082299 0
0.4249412478452625 0.24079352963964948 0
0.42949415519859274 0.26846447977274734 0
0.44908334951926243 0.23325153066806717 0
0.38077758166032794 0.25630382449241246 0
0.3670731548314945 0.31639067431310985 0
0.3566850277433889 0.3056692495017934 0
0.3790781048846391 0.32588764483486077 0
0.37768256497888375 0.3328368194710054 0
0.3835398471345978 0.3043087185356735 0
0.38297838170237686 0.33780657249742146 0
0.36811036589018853 0.30805533318012207 0
0.37865020975818664 0.2993298917107722 0
0.3817259168491383 0.31162722059540576 0
0.371549299253341 0.300732252843629 0
0.3600459295428849 0.30020834897967974 0
0.3741019211665915 0.29358113038040723 0
0.35867431513253367 0.2819228575626222 0
0.3814967268588039 0.2694903931749501 0
0.3748242065640282 0.27246475157957667 0
0.38344624923218046 0.28477898028748333 0
0.3873033245278475 0.2710785846595215 0
0.4038772382987404 0.2803438188350502 0
0.39134028902380424 0.28684687417513377 0
0.4010553732874195 0.2746285924785372 0
0.4074454519217985 0.291492394056065 0
0.28556233570717265 0.25905611177564103 0
0.28714395756030003 0.24996278906677485 0
0.28535911190233454 0.43219100542240496 0
0.2890126467892215 0.4233278456206252 0
0.2972763970261271 0.4217494952071272 0
0.3115894141146818 0.432315846634293 0
0.31317577052114015 0.4173561472813079 0
0.29210475281186027 0.39631659957919446 0
0.2728203177689821 0.42317255909590806 0
0.28428871175010045 0.41629596551231374 0
0.27143164186269775 0.40910131211290035 0
0.28279942108103917 0.4420931724202898 0
0.30231966469991817 0.436412224569248 0
0.2720186751700658 0.3192047294561012 0
0.26984478948002627 0.3144436407515874 0
0.2565801549720252 0.3032443417495736 0
0.24841035250373955 0.29828123859605604 0
0.25396097040474286 0.2978657258118714 0
0.21308724595781448 0.3812777062782646 0
0.2218109726747712 0.3759804944451887 0
0.1966358735514502 0.4465651900966217 0
0.29823161080440325 0.5824519693675211 0
0.25926432253796194 0.6145018228240859 0
0.18776712739475887 0.33899855681161356 0
0.20426296355282922 0.32473030561030736 0
0.20377605353448963 0.31687305864328497 0
0.17935506689009598 0.315312372066141 0
0.17772313467793102 0.32581806539483477 0
0.18731685105727236 0.3221063835272527 0
0.18166353391446471 0.30658562435267106 0
0.17928188547922258 0.19928119896129284 0
0.0995076198410962 0.23636772723542115 0
0.18920379901492881 0.270771188956186 0
0.23777753746464034 0.21557368999341617 0
0.3161248844662395 0.19774579177319282 0
0.2874545970064922 0.1839845739846443 0
0.2841671214062433 0.21159006665381713 0
0.2834988215198056 0.2060631336459364 0
0.2758688546347393 0.19556126446179561 0
0.2881054070073291 0.23401144581608796 0
0.28442559944006957 0.24390049172523431 0
0.2975947094791962 0.23910025108014885 0
0.31368984377625914 0.22105035356474934 0
0.2973064711472069 0.22416834533153723 0
0.2827617970324008 0.19189476398255662 0
0.2923097063761595 0.21728789543216917 0
0.25934839792998 0.23227608809605926 0
0.2473111516780133 0.22194794236545434 0
0.2530478780505174 0.24187973956663206 0
0.281430561583248 0.225220126427368 0
0.2693555675848749 0.22748075475420693 0
0.2760335896824972 0.21860471709789306 0
0.2709105291652105 0.2511596854001292 0
0.2741706603617708 0.24756841911952704 0
0.26581638322114404 0.23880787001668452 0
0.2673465651745395 0.25233007662737755 0
0.25083598046153327 0.20218277765951548 0
0.2557367564745359 0.22017065635931463 0
0.26895595564153196 0.21006551540670218 0
0.19635934699194235 0.11323903757635301 0
0.615333937595769 0.25336812131264363 0
0.6042781995916915 0.26345729452056565 0
0.6091668620457569 0.25161638739541825 0
0.33112981618242393 0.5941713438710768 0
0.3010204069319051 0.5520499855837985 0
0.2840245116404718 0.5868864112238383 0
0.2777200241296059 0.5727623676775713 0
0.2710780325616551 0.5917595974505336 0
0.2729141228910101 0.5785335957567538 0
0.23671813407440842 0.5627209830223066 0
0.7705471107411302 0.09962377033299268 0
0.8002266800717782 0.09635017320946278 0
0.8622966059035438 0.2716030638221768 0
0.7918513787542649 0.2830728440096956 0
0.792474808582039 0.2760908219721986 0
0.833845211649503 0.2580769001780991 0
0.3428947240074848 0.6914369611437208 0
0.3526854499805956 0.6860766496670493 0
0.3500907819780442 0.7005903337795879 0
0.47830673341177854 0.6306710953499939 0
0.4738009443539763 0.6458768478508711 0
0.8419788205917409 0.6347259759089499 0
0.8014381575550096 0.785858382818584 0
0.8046639415811409 0.8049250487530449 0
0.8068667352026068 0.7817143946352508 0
0.8278160850785417 0.8047220082312958 0
0.8271389791901049 0.8705566817676333 0
0.8230944253820316 0.852743834755191 0
0.7549410063865613 0.817875555256783 0
0.648375274297058 0.789423253635537 0
0.6689978256852644 0.6641677495987048 0
0.6671405749839178 0.6684155278152525 0
0.6479932623965741 0.5747976013978938 0
0.6569414462255717 0.5817046380903662 0
0.6435642509860283 0.5543789049940842 0
0.6322974669500018 0.3523577561556258 0
0.6334377274438703 0.3310822088345194 0
0.6485333208362446 0.3106134830042689 0
0.6657727398070841 0.3404903894059173 0
0.6438386942272251 0.323060361308704 0
0.6669048600310278 0.3171618009642376 0
0.6593300616320903 0.3170275749728562 0
0.6558991645969948 0.323136344294697 0
0.6740235050041277 0.3203006361178573 0
0.6996476065844073 0.31678201393405453 0
0.6633387390060513 0.3769493767791495 0
0.6347696196376995 0.39202542771251214 0
0.6506548846713779 0.36308824193718026 0
0.5907386470237461 0.37643959004324085 0
0.7637701482778406 0.30282660365347847 0
0.7458905075555947 0.29696527327511324 0
0.7473031615082175 0.3205777115485601 0
0.8014503669153672 0.2370423178119019 0
0.7941143432744493 0.23849569763252 0
0.7826402506175368 0.24814764433203107 0
0.7812640620974075 0.25597354254502 0
0.788534349697252 0.25966401264896766 0
0.765901399056448 0.2576030269774298 0
0.773337616556026 0.25597474418710314 0
0.7635526613711277 0.23740547306476395 0
0.7730977759587662 0.2341892231707666 0
0.7901021554405138 0.23070789286580698 0
0.7588212968727724 0.2805161965646187 0
0.7080482000229794 0.24571687125763028 0
0.712481833786733 0.255727823320608 0
0.7505988831210785 0.20595674146181178 0
0.5977927511066036 0.29645451436329323 0
0.6918621006403265 0.2890631944146074 0
0.696649223923201 0.2929869869424495 0
0.33036722525980355 0.41197932741393684 0
0.5973514302314172 0.6355746308080834 0
0.5928412389750214 0.6557235360602729 0
0.32954027816705306 0.8513111561295372 0
0.31205062771037645 0.7884978513608961 0
0.3026907555137927 0.7695813887960837 0
0.26988720372457004 0.6739632780103137 0
0.27001947939953225 0.6796500759363537 0
0.28005519241287846 0.679648268640765 0
0.2700790059759864 0.6850203464633107 0
0.26453344660247957 0.6912672602242428 0
0.250380611806812 0.6889018909956215 0
0.25659856055391583 0.6908821609000854 0
0.26128110913389585 0.6870423387928851 0
0.24972046490340316 0.6824516664921838 0
0.2545396666606566 0.6784271713154187 0
0.2873509720925663 0.7042054634936094 0
0.2708967489483047 0.6963673866144284 0
0.25848477532977915 0.701023177928657 0
0.24501084184491037 0.712404482031743 0
0.2522349139739173 0.7017233000636875 0
0.2458516250409815 0.7021026722894168 0
0.2654472714116803 0.7066201350300814 0
0.29534244426578454 0.7269443144361621 0
0.2677630264563226 0.7505969410786932 0
0.28390069799710943 0.6843130027900006 0
0.26843602173608855 0.7242831571381554 0
0.3089961275158272 0.7017532814073608 0
0.3055648711270603 0.7124759767896349 0
0.3141583384151365 0.7222481625820107 0
0.31302213219967023 0.7365810635813428 0
0.30298694609889854 0.7352887021983758 0
0.3153704833657512 0.7319664612027517 0
0.2568694224617279 0.7659749977936889 0
0.22296379545776568 0.8479103418794304 0
0.24082105490386863 0.8406683702363761 0
0.2355301143643972 0.849671695102279 0
0.2114410589644192 0.8009193374147562 0
0.25028425349913497 0.7905613722617204 0
0.23242296048351302 0.772123783432196 0
0.24617095898523103 0.7763945361371328 0
0.18556674806470655 0.7662490715029692 0
0.21002580234569848 0.7693139311769971 0
0.19338454443307665 0.7542175971608748 0
0.21211626014547696 0.749690577518235 0
0.2270853854175108 0.7543835660640951 0
0.21779215662050833 0.7597677912232182 0
0.1821702527969801 0.7549296631783194 0
0.45083792547750134 0.2716853913191343 0
0.3603938639704982 0.319891870962062 0
0.3937044682917692 0.34344197814514876 0
0.39459177400816087 0.30753554192926635 0
0.3845706198863345 0.29838656450024725 0
0.3907122235633846 0.33637421516116844 0
0.3745556853361447 0.3137715068899313 0
0.365763538771643 0.3017448128357638 0
0.35283667994165424 0.29903980421672655 0
0.37701638629385176 0.2877921759784659 0
0.35571502496875507 0.27719312135879975 0
0.35809876624160586 0.29363094478003354 0
0.3621002729724393 0.28782340125260075 0
0.36181884172289314 0.27579032938230913 0
0.39292722337091396 0.26596695005215687 0
0.41303563443382035 0.28770214204624156 0
0.3881006998069802 0.2940355449261624 0
0.3941517172853608 0.273443674044674 0
0.3968855363894675 0.28055754066473343 0
0.4079833142143819 0.2750394934798841 0
0.41388555069282046 0.29510374563039543 0
0.28008313133504026 0.4239420233706078 0
0.32090409856801266 0.43695734803092945 0
0.30714421709254763 0.4113792879678478 0
0.3053190648146271 0.41956123664382594 0
0.323196444701854 0.4063787079448621 0
0.31109783555785114 0.42431028354357386 0
0.3068762797769994 0.39777532554165296 0
0.2950558494913756 0.40203694803306617 0
0.2990693106355172 0.39693008862454005 0
0.2746841014574475 0.40183379006047043 0
0.2772850970605406 0.31767854748265906 0
0.2745292794122075 0.31399247439662714 0
0.25156985204709387 0.30660844747110544 0
0.2656656759728521 0.306675247943644 0
0.29016979052754704 0.5962402458402485 0
0.2652868217580059 0.6109291799841301 0
0.1537332470532692 0.6121494041687894 0
0.13299447351116817 0.6055835036676046 0
0.1774673680079232 0.3358918854342024 0
0.21300462916390367 0.32807606173346815 0
0.19527005906926007 0.3301486724610395 0
0.1898334205985287 0.311396567678011 0
0.26690348601264946 0.2007960605723927 0
0.30411350607385096 0.20395363308290296 0
0.2834766081608126 0.19886825092018862 0
0.25294605406020565 0.2230126334552243 0
0.2535255881548409 0.2357412254655717 0
0.26361143921935465 0.2435946016727261 0
0.27176673156153847 0.22337863283339632 0
0.2826599733242691 0.23766999632768776 0
0.27125565582515926 0.24098633399212116 0
0.24490814630362262 0.21644048239531688 0
0.24295809550137282 0.20859124215593386 0
0.2502343826195768 0.21194246232750222 0
0.26396492052163434 0.20812069855181076 0
0.2633380299495822 0.21283650669037266 0
0.6047308148985057 0.25677194281179355 0
0.2789813060421612 0.5654966858786034 0
0.25602163116000554 0.5918155595695784 0
0.270719536314219 0.5696029027535707 0
0.8265971852175635 0.17899461116464843 0
0.8293752635990577 0.26347626208396313 0
0.3463347377224308 0.6858632331652015 0
0.349298294289403 0.6914004480639557 0
0.8038944265282117 0.7984790645699226 0
0.8113263014478811 0.7962157885174027 0
0.8095771028309647 0.8016033985551391 0
0.6620134909824077 0.753948942315388 0
0.6627408753792581 0.7650653967198777 0
0.652386036580673 0.5627820441170274 0
0.655814214839458 0.31060640960773545 0
0.7027214250458065 0.32312084587259066 0
0.6640486673213246 0.36831801294934097 0
0.6549873992908438 0.3714893633182939 0
0.7565717142743363 0.3133223897931917 0
0.7488438838901447 0.31296198641297784 0
0.7658697039184427 0.22816201595030824 0
0.7817628579516898 0.23188930608515484 0
0.7896549453412373 0.2514592176533287 0
0.7689142390808603 0.2503094391601288 0
0.7854626274249367 0.2223257970058918 0
0.7585172091743395 0.2866212620896734 0
0.7056423522996956 0.25313626393040745 0
0.6049146465107833 0.29313932502981993 0
0.6028449364213498 0.3007346584577955 0
0.6087546729011443 0.2820310879623795 0
0.6084321754535732 0.298868640955879 0
0.6104234447917104 0.2877976325390464 0
0.6120531033002276 0.2943863411250015 0
0.6295409310736502 0.6797218627260193 0
0.61501963144257 0.6844091605183028 0
0.6181965825482146 0.6770228335336298 0
0.3019240743445568 0.782721221137341 0
0.31147679713732035 0.7719100771271402 0
0.27484081501567487 0.6767417726393161 0
0.2703951636475748 0.6909555289919679 0
0.2771423436452567 0.7030994031309512 0
0.27334400506861595 0.7003192467983637 0
0.2740093052904469 0.6864763424956491 0
0.25756404373156266 0.71432295530312 0
0.2455468595733175 0.7167403025085721 0
0.29704680765085006 0.7207548368239789 0
0.28561206494883146 0.6906646969744569 0
0.30446228653998036 0.6976903488351494 0
0.30865407035258 0.7162761606794094 0
0.29949937457163744 0.7310225272990665 0
0.31120769462790887 0.7277781880558996 0
0.2666916741339016 0.807190221645086 0
0.26543776596633545 0.8173760651215848 0
0.20956572381447813 0.8252306872563661 0
0.2041273502683071 0.835636141578848 0
0.25641740974245536 0.8300887324211365 0
0.1815737988789208 0.8032073990292589 0
0.21271971532123948 0.7795336521632409 0
0.25764524171734493 0.7928399859539742 0
0.23577764303354784 0.7647193838555705 0
0.19846196191148358 0.7669283395970756 0
0.2033387406194346 0.7765065501767028 0
0.4253308244977237 0.2591850333323744 0
0.4398787110384779 0.26934574376599885 0
0.4356398279046468 0.25972400946205465 0
0.3523260761559997 0.2816329234501968 0
0.39967568376037615 0.3024047551293814 0
0.3888739042066317 0.30938721759643184 0
0.3620838073698897 0.30548587564631324 0
0.37639843518416555 0.28089181725536233 0
0.36997690675240136 0.28628402853297763 0
0.3676806491911131 0.2723091225681263 0
0.3905393880360095 0.3014482066605887 0
0.395353911820846 0.29450708825778127 0
0.3892967367893334 0.27883636742417306 0
0.309252031961554 0.4045625755555335 0
0.29961598345905255 0.41377349834089366 0
0.3196208611804025 0.42549638475100127 0
0.32803029894971947 0.42025576883208554 0
0.31599289168893685 0.3998959729410893 0
0.28045026567648973 0.40808272337035056 0
0.29382940374707944 0.40821138809499585 0
0.281168219325355 0.40084521899866593 0
0.29633041702815266 0.20622744683402114 0
0.30744991156715484 0.21572208476827473 0
0.3106386644448957 0.20239774927397722 0
0.25783910193970944 0.2453818228847074 0
0.26015825154855604 0.2386737518911723 0
0.28169183640102524 0.23136179094649054 0
0.2652676857221183 0.223292109085443 0
0.2699964499205094 0.23324645303903743 0
0.25130879184439414 0.2183349638081008 0
0.268268476243145 0.21752008100572517 0
0.2852483139363488 0.5724414261295506 0
0.7929378388147127 0.14500509825937027 0
0.7613831122516127 0.13983806335693277 0
0.7764800637951057 0.1523091541953466 0
0.813781616805149 0.20245778015644902 0
0.3524845052702749 0.6959656341023771 0
0.34683708118410445 0.6961412682975695 0
0.6521185086059715 0.7499613577203703 0
0.6629862816995952 0.7789960029589718 0
0.6608890394794866 0.5726641300145842 0
0.6523705747439943 0.31722034647112707 0
0.6583429881136174 0.3628759686719177 0
0.7532849530311733 0.3183871536907742 0
0.6138404326998408 0.30076991141090703 0
0.6235096913065181 0.6832626529045971 0
0.3082759660573444 0.7831849719401582 0
0.30947732732523164 0.7770685737643335 0
0.30304293083811473 0.7760748709097678 0
0.2765802549193941 0.6903886270077553 0
0.25637941392846497 0.7074546147042674 0
0.258299224835059 0.7210543628231648 0
0.2615482096389647 0.7098040168737051 0
0.26625590750164646 0.7114170001765302 0
0.2537346384218644 0.7194957101923026 0
0.2842644435405115 0.6991605159387978 0
0.3028510001323206 0.7179723811450098 0
0.3106517641104018 0.7324425414172031 0
0.2312810485834868 0.8387751996961498 0
0.23953513076501284 0.8314505260236806 0
0.2481582384404043 0.82568941581448 0
0.239330236500711 0.8098795335662192 0
0.21183379900272914 0.8448509385020343 0
0.20928176787906647 0.8141129333206685 0
0.24748733310882648 0.7831212722740313 0
0.25912617209332306 0.801092308077664 0
0.22813247458583538 0.7819366512379065 0
0.43070480534076894 0.2501801496009036 0
0.4466607375222509 0.26095131216482265 0
0.35532886375710204 0.2874423223477043 0
0.36933379929060917 0.27816331328084115 0
0.36419010854525674 0.2820003491463385 0
0.31500813519709964 0.40939425222612236 0
0.3214967390634157 0.4150775499081788 0
0.28767651485690954 0.4028362056263362 0
0.18461578779770216 0.3306525517720195 0
0.29760485711293666 0.1988619510381909 0
0.3069287704936113 0.19566427673460624 0
0.30003686333413143 0.21720131823121858 0
0.30217818901022797 0.21079714914818792 0
0.31607504418352933 0.2057579071673683 0
0.2956390305351357 0.21234601702530786 0
0.2573380436215589 0.25162739094371583 0
0.2629997047735834 0.24931656036440752 0
0.2766269661771216 0.23572963607558192 0
0.2742845121663484 0.2123649914691456 0
0.29114410543558056 0.554730024037836 0
0.2819081988201597 0.5569043114451468 0
0.7928331080202156 0.12152379214427983 0
0.6492646449107196 0.7705137498268351 0
0.25048772399707553 0.7145954570934432 0
0.30186070986047886 0.7250018202396866 0
0.3092577852955694 0.7223882033119063 0
0.2183458335192126 0.8342144134665569 0
0.25639203897594326 0.8210340026435518 0
0.22955279950399812 0.8272088091282288 0
0.23895864128885128 0.8210973106785134 0
0.24882276080586777 0.8043786114428126 0
0.3524907977969907 0.29248177769128697 0
0.3150102953448501 0.21355817938562685 0
0.28854511850825115 0.564176637864009 0
0.7413152611872309 0.0988837542617427 0
0.8224510343725393 0.1936128644490813 0
0.6538561912022964 0.7594217167409671 0
0.2540737232866449 0.7251588416706094 0
0.30578520713871926 0.7307654319675316 0
0.21926247277423194 0.8206824800690178 0
0.24646978487812898 0.7962514226970373 0
0.2525281469113008 0.7970289433874562 0
0.2574470646992564 0.8112475421332557 0
0.24817968885909386 0.8157734105858219 0
0.30949288620492715 0.2086343634940079 0
0.24130237254712927 0.7897998225646566 0
0.2182187709155133 0.789140523019502 0
0.22238251489403418 0.7990511806392445 0
0.22044212525172105 0.8088842797687951 0
0.23954638259772373 0.7996750155188397 0
0.23016790597050996 0.8042689105075899 0
0.22944411902196069 0.8154145427618708 0
0.23060118970728602 0.7929006996874859 0
0.7710165674504991 0.12333674957779485 0
0.7537075917607647 0.11987341022371745 0
0.0 0.15481164545791964 1
0.4728266003358115 1.0 1
0.8196581064204365 0.1634036818506003 0
0.4934656381965173 0.7257239837140663 0
1.0 0.3480960530034546 1
0.6978210181531633 0.4402283504327378 0
0.21532225303605343 0.5866734312256988 0
0.8744393452680654 0.3706902316843361 0
0.7080799967526114 0.8532397390088661 0
0.6752654245765898 0.8565612468206122 0
0.6910609557270895 0.8161818791776411 0
0.5294978444024606 0.5205686270303167 0
0.8230397395821677 0.39800054442575156 0
0.8478212023516948 0.38296829951046507 0
0.5312487045796112 0.5082503320959837 0
0.5728224019825175 0.5406946961226721 0
0.20762206073443612 0.6499665452044431 0
0.21027715429031726 0.60849023511685 0
0.20436531647014147 0.5848594008044588 0
0.37947008306833924 0.6128747668929307 0
0.7902503826842376 0.6607448201514513 0
0.7273148305032241 0.852371495287607 0
0.7390216642726273 0.8670791481924413 0
0.7175566433217007 0.8417620069851897 0
0.5199986388087444 0.5255277813745203 0
0.651369734384923 0.6452475106215024 0
0.6499467135184965 0.6686079676228844 0
0.7023780295816179 0.6958246478082925 0
0.719422883887929 0.7159372791009768 0
0.7158589863222652 0.7019035088141358 0
0.7192745476122091 0.7105578982590651 0
0.7243900814942973 0.7178449700966407 0
0.7525398424032689 0.4236512411265137 0
0.7335551973467437 0.3803746235755108 0
0.8587068445163691 0.3696306935053357 0
0.7741309016901248 0.36005439530632377 0
0.6915248699752665 0.3100358206657714 0
0.6545129137303808 0.2913319247248798 0
0.6335368173321344 0.3071043224551439 0
0.648056155742846 0.2925274200774806 0
0.6704462274980773 0.20265988837929988 0
0.6663199964026946 0.2090735701812971 0
0.5094767146529193 0.5206703761947146 0
0.6776152600258013 0.7125729104920423 0
0.6946527016021267 0.7121564553048231 0
0.7222183449344002 0.7284826851412899 0
0.7183233726249749 0.7239729129999727 0
0.7135020373986347 0.7243810806853993 0
0.7274539536902053 0.7300545946507198 0
0.691593232265717 0.6817387551759345 0
0.6915532491377915 0.6858539027507081 0
0.6768644479460637 0.6829642056283234 0
0.6799759891917975 0.687022797275109 0
0.6683496616917255 0.6858319393086734 0
0.7089729049720997 0.6977603059708366 0
0.701383102148469 0.6992161821004006 0
0.6285617217933108 0.6279761251481607 0
0.6310338675978162 0.635412263799807 0
0.6387265443635063 0.6425397578378392 0
0.6465814751038924 0.644796618987495 0
0.6311782480585324 0.6310015626528462 0
0.32994244942726 0.7055291062475921 0
0.31189418046039696 0.27266695313640277 0
0.2957747262763756 0.27023009300128115 0
0.3233852961511692 0.3197718951948744 0
0.31414591681322135 0.31595672505828937 0
0.3201499753746555 0.3259931858453643 0
0.3383898744770555 0.34397095978877057 0
0.3350611899483353 0.3493636967095952 0
0.2989077254558167 0.36234308499813744 0
0.18181597130931823 0.6141185003673011 0
0.15642383927070527 0.3926237138189585 0
0.24187208579621103 0.25990127057688683 0
0.24106488004022533 0.26892008618826807 0
0.7605840365724578 0.7199331909907387 0
0.772263826356615 0.7149284546333834 0
0.7806975831315623 0.717255830668716 0
0.7280436530979144 0.6972197560988866 0
0.7198419139661514 0.701526830120907 0
0.724451507682501 0.7098611972446 0
0.7301891176468227 0.7023645067730419 0
0.7220320875372832 0.7057904121002643 0
0.7523391628247208 0.6717452775645745 0
0.7367355347321223 0.7088868590483892 0
0.7355393243482357 0.7034142987985323 0
0.7316379260453907 0.7072047817047735 0
0.7427005272288041 0.7167825219058259 0
0.7602936127227343 0.7080728595359556 0
0.7537189983004642 0.7188064031626737 0
0.7529835888387146 0.6815610198143778 0
0.7598288502212229 0.6883132996798579 0
0.7700000849678854 0.6807336787328512 0
0.7751484564974965 0.7007634101252487 0
0.7718213304664973 0.6933591784063607 0
0.7674352081575601 0.6871896906114828 0
0.780589793533485 0.6938532866750992 0
0.770308607361606 0.7315679758865811 0
0.7743598659681655 0.7210703668885478 0
0.7677802301736228 0.7212708780439285 0
0.7643964982908908 0.7318668210336032 0
0.7464315513417833 0.7518914903070515 0
0.7401162705236651 0.7436096240097497 0
0.7906379955392346 0.7386294748110471 0
0.7788024982853369 0.7247894996575162 0
0.7856487190843345 0.7777717668549311 0
0.7166313087402816 0.7784405840345875 0
0.6776590240553315 0.6463020799176838 0
0.6624788015183266 0.6453008108855742 0
0.6568212784011978 0.6452081608174466 0
0.6478227683623449 0.6502165971495717 0
0.7023299790481958 0.7138811214238853 0
0.7021994879265699 0.7078578843185418 0
0.6988879035840245 0.7103795293867233 0
0.7052852368748374 0.7180192665586509 0
0.7128814637707649 0.7043391378488291 0
0.7056486835345802 0.7063859065410939 0
0.7139942474328727 0.7089334325755338 0
0.7232479773567685 0.7229463293713092 0
0.7376128205525313 0.7143257148793519 0
0.710425578514962 0.673547853005835 0
0.7136227604491148 0.6698550772386349 0
0.7142101499937793 0.659825742197337 0
0.7431957646162894 0.41315065867091527 0
0.7188538834029373 0.41120924924933855 0
0.7689695442012116 0.37948855031269213 0
0.7617592892409156 0.34378946231558644 0
0.7083899744451597 0.40744066999994755 0
0.724968543399435 0.3668826668231837 0
0.7184309587658487 0.3570670719377178 0
0.7180720288808056 0.33785551088566024 0
0.7205267838287674 0.34419983337326227 0
0.7333049136518585 0.34696215300906896 0
0.72320354658276 0.3512381934604827 0
0.8045812726571531 0.36654897282123 0
0.6603378301355954 0.306754162093008 0
0.6467372712807469 0.297661946514513 0
0.6503016944281778 0.2849027812949483 0
0.6830363497314915 0.2725020811244582 0
0.6799555061504264 0.6779191447770949 0
0.6878872512022642 0.6844576978162387 0
0.6858561895969488 0.7046257028634627 0
0.6821479932752257 0.7017312524692906 0
0.6270283172740105 0.637452201870558 0
0.30888159582109403 0.6345239028660763 0
0.31679336556779725 0.6784279195517318 0
0.3059028835057922 0.675828770142352 0
0.3048339319227484 0.2650558778390767 0
0.2301507911351238 0.6374915206782232 0
0.2232902423710959 0.6394277250963678 0
0.1339321240628345 0.3834430317423232 0
0.7512595240941248 0.7247265047697029 0
0.7419126269689982 0.7223826580573403 0
0.7410950093409486 0.727781424319458 0
0.7393606324997586 0.7365223018538681 0
0.7452461052954679 0.7429040035249707 0
0.7416402444279022 0.7395189097536499 0
0.742962490843316 0.7358288237436799 0
0.7486925667114581 0.7138836809848633 0
0.7537066017022188 0.7098402677083665 0
0.7543649805433589 0.7026047391124082 0
0.7412867468632959 0.7046746286019948 0
0.7684323306032069 0.6990841903240973 0
0.7733102470161725 0.7362131983975685 0
0.7546591121166685 0.7584316758845541 0
0.7755459138984235 0.7491993711352166 0
0.7690758339651884 0.741412283299326 0
0.7472960203997027 0.7474129191160037 0
0.7703764761203984 0.7692386642492515 0
0.7764409276443258 0.7710314934088687 0
0.7710120426439242 0.7741624898860281 0
0.7874428401912336 0.7724950593621811 0
0.7171662217871227 0.8295535355179376 0
0.7479334570763995 0.7728008765247152 0
0.7531422841229297 0.7700653499730497 0
0.7288716127756384 0.8016152082410744 0
0.7280545016171557 0.7916016592572532 0
0.7230042785340395 0.7835648868908186 0
0.713369712264945 0.7552974215601194 0
0.7132969942426362 0.7331779514559229 0
0.6894206646235608 0.7162603347732639 0
0.6816828193540757 0.7110767063291246 0
0.6811160586794599 0.7167712661123177 0
0.7093226616597547 0.7073788234066981 0
0.7284283446223034 0.7098803764751783 0
0.7298949287068899 0.7173769693343777 0
0.7368678685542218 0.7244872210417304 0
0.7329500381604281 0.7210594631818024 0
0.7280029015525837 0.7218930011060803 0
0.7315813195667629 0.6457814181583011 0
0.6908406350863443 0.6544017924320218 0
0.6947061203602831 0.6649729980358152 0
0.6921935744070296 0.6603573435123157 0
0.6866303111865834 0.6582377714683286 0
0.7042372971166694 0.6913262150453731 0
0.7260883806448838 0.6915125602323876 0
0.7211191472214036 0.6917571057175722 0
0.7185644198429222 0.6844867621510194 0
0.7145511297178333 0.6810586793692679 0
0.7051816659569738 0.674673128587025 0
0.7138327687634126 0.36340636773978713 0
0.7152260197203741 0.38996822538143766 0
0.7070141559254548 0.3970408300422657 0
0.7069201898478312 0.2890493862357576 0
0.7118311136009602 0.28919928882053403 0
0.6881956229409458 0.25421048265633617 0
0.6861477916924141 0.2663123118723967 0
0.6724509364909936 0.2538578615960564 0
0.68037555143852 0.2541108836879583 0
0.6891064093772465 0.2608852236012891 0
0.6832018342641052 0.696455325620791 0
0.6847141129996756 0.6878052248140016 0
0.24009117899202514 0.710313288054727 0
0.332424804764785 0.6992667525764696 0
0.3632000280893609 0.6152231833027237 0
0.3585780608550558 0.6275370984327672 0
0.3501429949500821 0.6191880401730911 0
0.3112731318630026 0.6769838939617974 0
0.28802765709396344 0.2763036456289436 0
0.2359585756501468 0.6403035903738042 0
0.22736261440916983 0.5895759326424009 0
0.16340513910403126 0.38147088409474017 0
0.24413413407439 0.2647638774969678 0
0.24740985163152973 0.2608975344772432 0
0.6376732598084045 0.23854213808056668 0
0.641172180054308 0.2444652413894612 0
0.6334711177298623 0.23366262342587052 0
0.3809254924794392 0.6328508919600812 0
0.758996673059141 0.7298945511775216 0
0.7466996987580358 0.7356033185293167 0
0.782608130971231 0.7305031396430033 0
0.776220686954175 0.7308124862570236 0
0.7855986463333099 0.7354952095457086 0
0.7595995417887841 0.7603759432085467 0
0.7164421446776128 0.7510757342529477 0
0.7354989103963796 0.7441248778859957 0
0.7160376714940608 0.7458344041244623 0
0.7870572235189264 0.751469249077861 0
0.802310547549573 0.7551731876305774 0
0.8005444349296509 0.823222942321997 0
0.7542977472036466 0.7829675381402083 0
0.7526308771536214 0.7748321036588404 0
0.737388617419424 0.7959726996776114 0
0.7705521968967977 0.7910510449313746 0
0.7669670627524943 0.7762236345630917 0
0.7672228648993354 0.7851981178814346 0
0.7338687558774665 0.7594851315449097 0
0.7175024331365152 0.7718954437430287 0
0.7497597136780365 0.7609961390834554 0
0.7188453303900724 0.7334027822448184 0
0.7089299165972396 0.7325270047064879 0
0.690956385166218 0.7491461493656475 0
0.6828211590386533 0.7227181795473764 0
0.6869554567664222 0.7267879675900968 0
0.699442783827598 0.7318674268707376 0
0.7052070587725294 0.6802047527473595 0
0.7386141704133912 0.6634519810577798 0
0.731221104921572 0.6618436368308379 0
0.7307476936132666 0.67801139875119 0
0.7323651835320022 0.6728317552137669 0
0.7266263733752417 0.680588133552816 0
0.7372691437771721 0.6937832942045054 0
0.7376341630551637 0.6844712906911071 0
0.7349197335746158 0.6887255116774341 0
0.7220424944247271 0.6964930399974919 0
0.6798195666751904 0.35433558048251396 0
0.6830170963541348 0.370134949177908 0
0.689345031480714 0.33707819321657656 0
0.677606225327088 0.3363812153054936 0
0.6935618655520701 0.34099954824692036 0
0.6804617981391716 0.34292685303545895 0
0.6983658824564716 0.33770757313838173 0
0.7074039339822905 0.36089057183489315 0
0.698490100020417 0.3517056858995514 0
0.7029402576090146 0.3128321655462539 0
0.8317177897921182 0.38570569023312107 0
0.7217039929721645 0.30498234811456254 0
0.7087090989830583 0.21721671250197633 0
0.7019071325413461 0.21606857144404212 0
0.6839913588650938 0.27871756612705434 0
0.7019705569333117 0.23563967333504027 0
0.7060687259896993 0.2305040276074714 0
0.6816827729017253 0.6915671276608173 0
0.6202674264904693 0.6474804717581069 0
0.6155531478783225 0.6457695349966048 0
0.6208254724035469 0.651721398874273 0
0.6113408815505215 0.6494149139653466 0
0.3645563001274856 0.6237294692961498 0
0.27884041081521693 0.7222232713135801 0
0.27605234935985973 0.734226363936098 0
0.27017782234192006 0.7305108333837869 0
0.4076586844911213 0.31548721230160115 0
0.31835619035562895 0.23520904602854212 0
0.29804335135583304 0.3849055377194674 0
0.24169122742943122 0.6434145888733265 0
0.22096517502925697 0.26955513724550806 0
0.596666575888364 0.21853192356971377 0
0.3764846359171762 0.6608271793329671 0
0.37159341595564727 0.6464177730766474 0
0.38918282356918626 0.6392541816952719 0
0.7906878287630815 0.76099339052125 0
0.783123470253655 0.7551320448896556 0
0.778222503356696 0.7566979635970795 0
0.778568094579076 0.7526924298539166 0
0.7646934569849432 0.7621317049952591 0
0.7696345856026011 0.7642170858023646 0
0.7635400246642298 0.7571275665217506 0
0.7495293348957436 0.7390011011544269 0
0.7576037639104978 0.7377743123884 0
0.7343792017661666 0.7487235204669964 0
0.8026621533447693 0.7627007289245823 0
0.7981699597999221 0.7682775327973005 0
0.7994014351838747 0.7733218047265941 0
0.7452348631704427 0.7634048332896258 0
0.7355423068864837 0.7862394433192618 0
0.7433577339796974 0.7890666945617573 0
0.7470875876177521 0.7834260510180504 0
0.7500537808396942 0.7783475578156664 0
0.7040358716841528 0.774367220967756 0
0.7140019956262817 0.7669719164392952 0
0.7096349129075356 0.7607618811997214 0
0.6925879734030636 0.7237450427537073 0
0.6983651010255393 0.7231360982253422 0
0.7008303449222468 0.7268999098686774 0
0.7028464812152475 0.7440840295732313 0
0.6886981934223759 0.642864264703015 0
0.6945172303079467 0.6510717735733303 0
0.7129149288368379 0.6958036795277803 0
0.7090652804814291 0.6934559097303342 0
0.7090400107286702 0.6884766064226628 0
0.7137729712589347 0.686357601486002 0
0.7597858655767867 0.3849539127166437 0
0.6367838096208327 0.36795079814964843 0
0.6653165184053854 0.3605965400532618 0
0.6870751103869116 0.3638912176268017 0
0.6849393584285604 0.32634550378828153 0
0.6784174587477446 0.3260467830391387 0
0.6762055722294749 0.33109661014525055 0
0.702240869669882 0.34802786698539956 0
0.7014459358490914 0.3624949243933767 0
0.6930400171325733 0.35201150400219505 0
0.7036634210699252 0.3550700224228738 0
0.6795006052973624 0.38420926452418036 0
0.7242471298967327 0.2854780720881508 0
0.7505647064710917 0.29382062066789005 0
0.711275575195242 0.22493133189072823 0
0.7032286184651997 0.2852895745836388 0
0.7025693698494773 0.2410043132048335 0
0.28773948039116465 0.7405777395412091 0
0.28637850721961877 0.7189924506170238 0
0.32121183663909425 0.710650233755536 0
0.31286434276881936 0.6905364356516699 0
0.319022298789086 0.7229677893100266 0
0.27271624615702533 0.293727333732137 0
0.25098985941269 0.3197295965645186 0
0.2532724793356636 0.5727072823011664 0
0.26298088417079846 0.5769189060535108 0
0.7920074915338288 0.7672218833285754 0
0.7677452699286798 0.7531921192561072 0
0.7675979974382713 0.7970636811280339 0
0.7627313377552858 0.7912841441772165 0
0.7605118150050977 0.8123871244913408 0
0.6117381621888468 0.5410072522183911 0
0.6644033080229025 0.3339634472611719 0
0.6456053252186926 0.3281521870532765 0
0.65220804653242 0.32887684562267766 0
0.6593442613351912 0.3514976509794558 0
0.6580938660017642 0.3438861909478002 0
0.6524184515758542 0.34986003104723434 0
0.6501160525009885 0.34272881846224057 0
0.6593958466113227 0.3297187149267792 0
0.6875113612901183 0.33210626141137306 0
0.6942823838476248 0.3637940601802063 0
0.7112952475113763 0.35593933258279886 0
0.6778377163171107 0.37605837924891866 0
0.6388757755530916 0.3767763324427692 0
0.6480794991548611 0.3788367410713978 0
0.7371666262414442 0.30601709163498214 0
0.6225152375488502 0.6369794404481386 0
0.617650233400898 0.6278151629562189 0
0.28463787937379065 0.7139063028635183 0
0.2811697353494267 0.717797850288127 0
0.28811272039710406 0.7368070605960645 0
0.2806420078243067 0.7319203170266831 0
0.3106189095734337 0.7117855737115594 0
0.2816978967395906 0.2620342771152301 0
0.24628427740242104 0.30380188742934144 0
0.2546253120328587 0.6080893109827359 0
0.6722997565108161 0.32733317956506985 0
0.6684410135041121 0.32332723993707496 0
0.6560328111049658 0.38036828122435384 0
0.7075609564442219 0.2587969160005612 0
0.6927449671387441 0.28328005387649347 0
0.68644965807729 0.285054910024242 0
0.31362604810993483 0.7163412940434304 0
0.7976000352489879 0.7974807640893703 0
0.8007018560345243 0.7927226989789957 0
0.8061574937125117 0.791696839201578 0
0.7071092587663305 0.32726545310799776 0
0.7030783476713077 0.3288042877990542 0
0.278385576676922 0.6853191447791576 0
0.29681622474944375 0.7154490966183497 0
0.690210766914646 0.4182478229856133 0
0.803464767307822 0.7473185088798827 0
0.7303485739668121 0.8233472591636147 0
0.7079334912003121 0.6694170987266477 0
0.7295621015172246 0.37288509713209383 0
0.7460051509472743 0.7259015917082368 0
0.7041021497706619 0.3080800893089063 0
0.707771920981016 0.2376194762479372 0
0.32257048760700363 0.6821524095938636 0
0.6895507338366688 0.6487164788153981 0
0.6988260441720358 0.2810012329271788 0
0.2866386723283962 0.7233538084265281 0
0.31829631514219603 0.7144027548448074 0
0.7812042640535444 0.760580932428126 0
0.686985085806813 0.29107910334755016 0
0.2663289556325255 0.6875354702200589 0
0.8671643514382175 0.35769675060309725 0
0.7005906641047912 0.27506060077438677 0
0.3352490843294964 0.7048395478321072 0
0.7190361511160351 0.3678843352532547 0
0.6789182335551187 0.6945238899492346 0
0.7632034082273231 0.7379573267467038 0
0.27074182061446855 0.28961709410335923 0
0.4253010340385765 0.6693377551026103 0
0.6691275114819853 0.2789759986988389 0
0.7485778574048347 0.8550840020043904 0
0.7259886088615402 0.37879317383353867 0
0.6323902473739459 0.3013954623668762 0
0.6775744392804097 0.7084589898073644 0
0.6828656829137894 0.6828013390846791 0
0.6748725519525988 0.6788059885241373 0
0.6438882417472928 0.6417108716985893 0
0.3167952931747129 0.32037233624040956 0
0.23839953445164944 0.2644618055325688 0
0.7321670773193685 0.7126409785253689 0
0.7627507902192022 0.7257944634093206 0
0.7673325327082339 0.7275020644879489 0
0.7600958223854318 0.7342529226188215 0
0.7233846170653431 0.7750487808266834 0
0.7066727884401014 0.7143102572351121 0
0.7376550316748802 0.7192774797444039 0
0.685650143389214 0.7090720206735389 0
0.7360081025683293 0.7294933947167472 0
0.7425558965070839 0.7107184875603112 0
0.7573647364932171 0.7506907771803254 0
0.7381205273977959 0.7472104169523355 0
0.7270202641250554 0.7135143219344968 0
0.7100793315947281 0.6780347147350757 0
0.7447598412467784 0.6752904519608742 0
0.7433797307250793 0.6828651530091066 0
0.7227645284515297 0.3950351493125596 0
0.7162197054458054 0.40072251127427866 0
0.35186547338960683 0.6264326561206006 0
0.2770043590326469 0.2937696737202393 0
0.7538031564946496 0.7293540729050964 0
0.7589339435728282 0.7790675732162209 0
0.7699164825203803 0.7797055930024154 0
0.7110358471294097 0.7286916151008391 0
0.6884706597177039 0.7213356750131249 0
0.7048746620862208 0.734819831230624 0
0.7385759628920752 0.6709400178570268 0
0.7272737820252347 0.6678946169066929 0
0.7316452692981544 0.6929795807222698 0
0.7167708886874009 0.6982682514752471 0
0.67644957475461 0.36932139135854036 0
0.2762983152746668 0.7394216710553897 0
0.755832816403845 0.7336779483003772 0
0.6961576246622604 0.7434193674283531 0
0.634701277617669 0.359965904848261 0
0.6845210549405325 0.3582864374316063 0
0.7068437253093025 0.36731586906921676 0
0.26780537813865357 0.29327010949568305 0
0.6969800743615271 0.3572623101253256 0
0.6741518243223501 0.2884063137900464 0
0.7205794460231454 0.36301997936912483 0
0.6272659341452483 0.29949576942984707 0
0.7249185583895534 0.701598151701455 0
0.7624737654696337 0.751937578786924 0
1.0 0.09046090537175466 1
0.46958572319673453 0.0 1
0.9491575599009328 0.3753176251812352 0
0.48870392100698246 0.5272485209153229 0
0.3606747769923648 0.5982148507230978 0
0.6819003952868702 0.1675806314149066 0
0.3619874871969182 0.6059653433742417 0
0.6678482087383013 0.6789330107611917 0
0.7898409043348715 0.3547358910633714 0
0.6641418501219454 0.684667304143231 0
0.6652330799315856 0.6880354053726101 0
0.35597940234217235 0.7751575725142179 0
0.3380713709580929 0.6168054813951594 0
0.3310911888308366 0.6868888142633895 0
0.32805261714349254 0.755692812518339 0
0.3390470523047456 0.7203100782594379 0
0.15353210417459406 0.9426644792775565 0
0.3274712283662629 0.2655605845102509 0
0.3296659153757571 0.2906920700100157 0
0.3241441059940915 0.297195339768678 0
0.24918750606706483 0.41275890265822784 0
0.2680049653620787 0.4676517915790766 0
0.33268290627905317 0.31993428417759223 0
0.3195707237052744 0.354148183998612 0
0.33778969701725775 0.3542799676286278 0
0.3198600867722072 0.3583541801818847 0
0.21545187446346825 0.6513640900369265 0
0.3225268097420825 0.2513608174510939 0
0.2454132689986563 0.2760936058146817 0
0.36888683407338774 0.5996863067882948 0
0.3718305922308451 0.5834992496990516 0
0.7962913467063836 0.34926267631274904 0
0.8943640531199868 0.3559317554793443 0
0.3875165207952589 0.6168859757045028 0
0.7730244080943214 0.8254069058389137 0
0.6694534116424571 0.6362242072971688 0
0.5926338339537046 0.5697355688874304 0
0.34356713752658097 0.795552679808896 0
0.3325401952507106 0.7870852409976865 0
0.351013759082605 0.7707044097317115 0
0.2067479034794956 0.7058189785001637 0
0.3134567902331673 0.6562679576084236 0
0.1751606508121703 0.24653765747186634 0
0.7697226711804125 0.03438383614350729 0
0.8334846951839111 0.7094955264033187 0
0.7854526130540378 0.7934034303546135 0
0.6518994669263669 0.655132002318742 0
0.6939705613189409 0.6738701946466499 0
0.7457837827516575 0.3961618970870113 0
0.701893592401215 0.38064777383642484 0
0.6993622829125036 0.39422884644465983 0
0.5967878419452385 0.41400279123956274 0
0.7194059410180117 0.2951460559968166 0
0.7848931900136328 0.21240645371345446 0
0.3694305332700724 0.7763912447650562 0
0.27527139637511044 0.8680585894595514 0
0.2980723656415583 0.8219360756288934 0
0.42713669133139315 0.2847567242636383 0
0.24629386364218667 0.3212052722345026 0
0.31245485545121904 0.5729513428649449 0
0.3952723383294016 0.6591236292751759 0
0.7234119058902151 0.7593228875228643 0
0.7873499703231698 0.7882581726359256 0
0.7210325749638665 0.7375604745944705 0
0.72926161846999 0.7348108016061741 0
0.6742927705142082 0.7418393441409951 0
0.6956847873296501 0.38672256578192205 0
0.7003995931127068 0.3758406773606188 0
0.7047261976504603 0.2102466734872744 0
0.5918694021896681 0.2851830669445664 0
0.6079092660107754 0.6534490240370112 0
0.6150020798626608 0.6413293354133098 0
0.3483925550511129 0.8119143405279099 0
0.3193844754511806 0.2466917350292591 0
0.23586393222343605 0.2756112355993356 0
0.38841932929999595 0.6539080861990518 0
0.38667561345261425 0.6469112744936079 0
0.782090439115036 0.7700506725342939 0
0.8256900969418908 0.7775423249212384 0
0.7568407082739956 0.7885544215688997 0
0.7011043515936302 0.6778496532461941 0
0.7517938127678908 0.664535817445114 0
0.6696813684534517 0.3457187399737771 0
0.6693054951337324 0.35062339303444984 0
0.6120375367423552 0.6378557636980554 0
0.6172169847132202 0.6370138703116824 0
0.2539398074282873 0.3154710513787898 0
0.2989942017881557 0.17866002033539505 0
0.449663608095864 0.6227465976931175 0
0.7926898353964212 0.8011641789100501 0
0.8182261642728254 0.7805310547528796 0
0.6692708387868869 0.7473345047086037 0
0.7478641114204274 0.3078367474842248 0
0.7243908164850208 0.2663346828527286 0
0.7487859726715277 0.1959425426203792 0
0.35373716866376775 0.31059230026014417 0
0.4070980793741433 0.28583940304203764 0
0.29206373506514255 0.2542758307511495 0
0.2619527974545219 0.3100510825626328 0
0.812583547843505 0.7777841829045218 0
0.7442164536628155 0.8084979555697273 0
0.7103200612264884 0.2509498503672296 0
0.28558122550925863 0.6796919316830108 0
0.2666982650040384 0.6957188302727896 0
0.25140732148431605 0.3113180997543845 0
0.25135337826499565 0.30187859676770346 0
0.26148160125447956 0.5851500591616975 0
0.7329028723565684 0.12108667832177247 0
0.28101777757478136 0.6939943437894448 0
0.22813110539971249 0.2459576286862652 0
0.34197114736111334 0.8006311499277556 0
0.22148355660487345 0.29348480106179253 0
0.24028372821603955 0.6182768015673086 0
0.7262508915190649 0.6550720985939726 0
0.28758158245966997 0.4101913581957573 0
0.24698627154883868 0.6220946804381626 0
0.3464584230783119 0.7999125322118318 0
0.7620525775868104 0.261207876317762 0
0.3676130013790078 0.36786095543765873 0
0.38801166144505556 0.526283760017447 0
0.08102435119473049 0.3007164106843759 0
0.08916621255160112 0.28365593226219904 0
0.11972063116437782 0.7592860194773265 0
0.14034212454868905 0.7651382150441937 0
0.9797133835642619 0.26034863604868685 0
0.27086701546482717 0.8781869100816935 0
0.8901963566268178 0.6623684550731123 0
0.6400578524635312 0.6943414774510595 0
0.6207360589991392 0.6955279045748594 0
0.33094273456031315 0.728309359217033 0
0.2635147911672717 0.8704723904069461 0
0.33651239879899264 0.39916497600033773 0
0.22254530026668454 0.48468025394509756 0
0.5543851583772275 0.42933199999268595 0
0.5641453033322489 0.34936582978845687 0
0.5464532888920284 0.7293916415559089 0
0.3142434689746792 0.5889706426596776 0
0.5714972521770081 0.391629658130737 0
0.5739102216734637 0.34907641018168345 0
0.5449316784992072 0.28236453197007755 0
0.3917836265792889 0.8580054274305539 0
0.20910399792157883 0.7135447504805439 0
0.22306867454670765 0.4622866228954783 0
0.26785582183215656 0.1797280118193612 0
0.1696071023396979 0.13528896905126686 0
0.8372346049718693 0.21729220034035993 0
0.537198177012353 0.409130566502034 0
0.40795007462253563 0.23289932780355993 0
0.11665527656162103 0.7355073646982281 0
0.2777290561581362 0.17576293736517148 0
0.7570382194506718 0.19795419123745064 0
0.5240549202590743 0.2255826107224021 0
0.8224026557082903 0.20775373532905625 0
0.7942503202051503 0.2242878595375019 0
0.7948138722287333 0.21509110575383594 0
0.22011719996923593 0.7804972713681972 0
0.23468843059830952 0.7861132854119853 0
0.6766506196221932 0.686994051911536 0
0.7470346012148245 0.4042918511403785 0
0.7545416777114654 0.7538958240955101 0
0.6035096967396105 0.21354177016699705 0
0.7097374438700248 0.6830815785494908 0
0.6772810300405051 0.27207850986721926 0
0.29994535235009756 0.8515687780279618 0
0.3063469511131877 0.559085296037923 0
0.7436779490429182 0.18724070169410428 0
0.6645691423893865 0.7928243023426005 0
0.5488463624426339 0.31605578250649946 0
0.21492380620030108 0.7347754448323982 0
0.8087166445791517 0.1938669324120357 0
1.0 0.7796119061565916 1
0.041245569058724486 1.0 1
0.38049754176344547 0.622584497154384 0
0.6670027514010902 0.6820987481313754 0
0.7795720561643469 0.2063893208653701 0
0.29637156276156756 0.8277560234876712 0
0.7243737008919577 0.7541527429852828 0
0.2884748935944494 0.6822121995413296 0
0.26841740858931434 0.584886118993426 0
0.7178957022068609 0.10371938896272533 0
0.21210844900287887 0.4665247059536066 0
0.8290158099764725 0.21489941397299592 0
0.20779160397189028 0.47922774714786276 0
0.7830030607234868 0.0 1
0.0 0.5299574766090767 1
0.8455030607234868 0.0 1
0.7548400766101483 0.18826961413022483 0
0.09991331449433087 0.9290363824065899 0
0.7593286682003835 0.44970530230867944 0
0.7769629156165923 0.4493657824407265 0
0.784867651143501 0.46996118050614205 0
0.5757977146700854 0.569310059779436 0
0.4972889986614822 0.7869245006094352 0
0.16654270843215174 0.5519155834825857 0
0.8738464473920712 0.3483207065973672 0
0.9025346554520189 0.7770254942715323 0
0.7854055329658818 0.6722149401214454 0
0.6636225223215438 0.8227486675671668 0
0.9558345140967242 0.8764011672278531 0
0.5204543807670124 0.5345457315945431 0
0.6794034408568207 0.6383541772760553 0
0.5838393707137979 0.5604380170307685 0
0.5877761355678935 0.5671543192052646 0
0.5810945581078396 0.5675235194284134 0
0.5711337096800992 0.5344152804292197 0
0.6731167086680453 0.2990046331033021 0
0.5012032788392513 0.5267338234522813 0
0.690423108574258 0.7116381967170644 0
0.34359822815569124 0.7854812239385252 0
0.2886447249419536 0.8141872055411506 0
0.3292165030585037 0.6296894072128375 0
0.31259393079597975 0.6814030507164561 0
0.3291940385635155 0.666817342216388 0
0.34331787568089417 0.7243486230368179 0
0.3317647822737865 0.2459612762656429 0
0.3025798642191939 0.2756029683801473 0
0.29950543159472526 0.2938865579128649 0
0.29866868087950804 0.29935919725916094 0
0.28762218740313167 0.3185862548893944 0
0.15078303583564667 0.6598547051965814 0
0.1945758286241221 0.6362749955693816 0
0.4445949868603148 0.1318201703272617 0
0.3677082930146846 0.1299286881131836 0
0.6092252625776853 0.18605880873366248 0
0.858809908983416 0.2905481456024685 0
0.8487022090241279 0.10987248441215167 0
0.8264513988253597 0.9776811974417416 0
0.656834843499983 0.6219077271840625 0
0.6802798926060143 0.6424402189004274 0
0.6704360433516379 0.6309067198845768 0
0.708849248392186 0.6599947442997937 0
0.7109435875515647 0.6646292428306201 0
0.5759554807581574 0.5619541212781914 0
0.7298380590346873 0.3952647456064882 0
0.7167088314256906 0.3330802366211572 0
0.7210101955547347 0.33337285849561804 0
0.7784787804641149 0.35322014827394327 0
0.7055068781642172 0.1950993948505051 0
0.5930243976318085 0.2790429381982805 0
0.6743004928940114 0.17943879688972422 0
0.6439691333026918 0.2819717582654074 0
0.5534157393173779 0.5627504101472598 0
0.6895392126504145 0.7069597973787383 0
0.6891538348546664 0.7035888687613315 0
0.6289046330951554 0.6494248669973336 0
0.347981750821817 0.7851112584793141 0
0.2937788691473618 0.8097488775399003 0
0.3261638435797276 0.7832562348406202 0
0.3246964206995084 0.662041880411959 0
0.37666886215111495 0.3392093556957759 0
0.34031846820893236 0.2653103445157753 0
0.3182234387591446 0.2681739370618833 0
0.2601225166096186 0.4025737159049807 0
0.3251528422869784 0.3802546548577781 0
0.22205715616342758 0.3466483790090793 0
0.21701700437260285 0.34354487220267443 0
0.02225279038817508 0.2023426501093806 0
0.08365196846960556 0.1942116160575167 0
0.20644333999918274 0.26982372780757424 0
0.21051009249502498 0.2633748354910965 0
0.6141867168888383 0.19576970636122554 0
0.8068825174165609 0.31173593199821814 0
0.8053562775439622 0.3008372957644683 0
0.4199482919965771 0.6444603520506669 0
0.844781101990251 0.7471777906063535 0
0.8097398690396773 0.7440724476225146 0
0.8467188750903171 0.8533903346231403 0
0.738085843537633 0.8317877058223335 0
0.7386413910719477 0.7564224803937827 0
0.7830550622660669 0.3583949712540922 0
0.8053672464323143 0.24755012076198976 0
0.7114856072445248 0.2987212280788412 0
0.7256880819597766 0.271937027504855 0
0.7298483055643613 0.267733489395486 0
0.7331363259492347 0.2638949631732276 0
0.7191833035165064 0.23486519109373136 0
0.7241461898637481 0.23323228161123208 0
0.5913458054819035 0.3378828238016304 0
0.6248998563461697 0.3154971225299075 0
0.35793083682180915 0.4330411922650778 0
0.6696257839924871 0.7037405484624837 0
0.3151951270948334 0.635467733398683 0
0.3138963983284191 0.6294038923558274 0
0.3188876385882034 0.6247071539961622 0
0.2789500252731261 0.27485534620228486 0
0.26222857060440596 0.3956970397078406 0
0.3217132390062856 0.3837821288307976 0
0.23141505462732678 0.3667680138133831 0
0.24561939256677318 0.37794070244565 0
0.20647662796676725 0.41997929433216735 0
0.3297758210743163 0.23243212555377063 0
0.6426600487045582 0.22369584234321743 0
0.6200028249732713 0.18566383822433302 0
0.8930306254353235 0.2671538671624989 0
0.40622178933922043 0.6694458922228603 0
0.37990826544418266 0.6761790046470949 0
0.3915944472387218 0.6653278983239176 0
0.8515670207954138 0.8990861755880322 0
0.7946362609761477 0.8933970077045839 0
0.788989195574613 0.8048828243124578 0
0.7726003568307881 0.8094059039750117 0
0.7384249245046407 0.814751115928465 0
0.7422255479394361 0.8234559723140554 0
0.7498734751078158 0.8232431672593145 0
0.6804899668194572 0.7346486563340743 0
0.720418900913095 0.6601351084837843 0
0.7168906940609054 0.6649878944514737 0
0.6912134018796214 0.38226357564487917 0
0.7121782502242037 0.3027970095623348 0
0.7426683467729012 0.2847438142817653 0
0.7422443187873635 0.28018412690345346 0
0.7349089279257952 0.29238142704835035 0
0.7359392288479721 0.2972725946202666 0
0.7345320345806261 0.2873221623407383 0
0.6572645218393933 0.2661341418680698 0
0.6340249066493923 0.2691540424897236 0
0.6377126477140803 0.26419210893489437 0
0.33772692759874806 0.759183103819259 0
0.2787098196529865 0.8570660807332244 0
0.23421672134017524 0.24371965840778695 0
0.22585400276079695 0.36867349072657435 0
0.2769430068100642 0.613249379325434 0
0.12519553203715203 0.20683993658799268 0
0.5979981642390128 0.22672978666665905 0
0.6161743462056359 0.2646046194115991 0
0.3533656522780339 0.6755575007597115 0
0.3314986276429312 0.6927556580304314 0
0.7337399145496136 0.753907443995346 0
0.814439746735723 0.7644578034941979 0
0.7761575865796609 0.7907150414279055 0
0.7079865373380292 0.6437717709342887 0
0.6606265249997944 0.3570996116820565 0
0.6850509755747106 0.34649467827675096 0
0.6811843216374668 0.34896727643000386 0
0.6760165865073311 0.3973509559698815 0
0.6814589216374124 0.39209863004885775 0
0.7455052383293493 0.2899832036288203 0
0.6948984262289323 0.252358740311942 0
0.42824705445357697 0.49116016771771465 0
0.3209500640459243 0.7798272800175512 0
0.30562830000091074 0.6617342545800007 0
0.30807396840807144 0.6665679719571435 0
0.4154249990224442 0.27472041725384244 0
0.27929790924113834 0.2709327523004831 0
0.2648619472198732 0.2976087312942526 0
0.24677593995008254 0.5790157679646168 0
0.2544451955674018 0.5820266858228712 0
0.7858997131445602 0.7597980748196362 0
0.8211777082658951 0.7642525611255347 0
0.8272861081290503 0.7689197304415325 0
0.8172258767587287 0.786928753233995 0
0.7483609767016797 0.8033759922488629 0
0.6665986179685395 0.660899984109354 0
0.6296619128436507 0.3656118665130415 0
0.25477343012689 0.6961978036404064 0
0.24382536674376867 0.707612335979036 0
0.3861919993738969 0.28937553445970365 0
0.2906769283732125 0.25934254445032434 0
0.2946427458772858 0.2431123933528151 0
0.8075104022875005 0.786425276079078 0
0.26249999164453464 0.30216110761618703 0
0.26066911749300337 0.3064090986527164 0
0.2787551806916535 0.6991180668444114 0
0.27523956554312057 0.6951675740475981 0
0.2613106725565702 0.7052676174923649 0
0.2629375725572027 0.7139308716847118 0
0.5670013420811296 0.29834437773142825 0
0.6683599033998536 0.7003134749998121 0
0.3395128629829063 0.2717946710191341 0
0.6918860860096098 0.7045816107729884 0
0.25725090260699585 0.6267424473796406 0
0.2949104536777092 0.23437033361766177 0
0.26532800655224703 0.80109225695942 0
0.7968656953717828 0.7884107929133694 0
0.2623602256224994 0.7181422363612441 0
0.4022666735183735 0.2946063823404 0
0.4606205190956693 0.1434319052629355 0
0.5954127964341781 0.47229561594408015 0
0.11635468991606844 0.10656440569267446 0
0.09836608692783397 0.06969620215508117 0
0.8920954259492939 0.7032180133546888 0
0.619918702203563 0.4212049551392198 0
0.4217839128278492 0.9442979881396188 0
0.37324947684023585 0.8132820439652233 0
0.289513224312886 0.8545479072522119 0
0.26721400618744434 0.402081220012807 0
0.4123045948502984 0.18335313358810254 0
0.7391417680739336 0.17662627226436386 0
0.6940842028916036 0.5561468731690572 0
0.4089489980262055 0.379717739699301 0
0.19475644607323017 0.7163179953693296 0
0.34326935084038207 0.3990972243400895 0
0.17040022292289286 0.28480383217005 0
0.3246508738852649 0.22545803071408219 0
0.2702892285460253 0.1269108004066102 0
0.7899503086619248 0.20333196231207207 0
0.3803937642031339 0.7301240185474845 0
0.14591649390401437 0.7824317017656245 0
0.6051282596385061 0.3701248123984464 0
0.3604606174155969 0.8074570079704635 0
0.3685095490070164 0.8065672663435177 0
0.3267220328620883 0.6907971262087949 0
0.10893304307172184 0.3134239045392753 0
0.3351152010980144 0.1932233237948224 0
0.3384364982412155 0.20066107662533808 0
0.23261013868196853 0.07382126689398516 0
0.2086217918275291 0.0875481047559459 0
0.13480487848914088 0.22172189856282384 0
0.1713206327437036 0.22397968273314606 0
0.21260522466404996 0.12745591574394546 0
0.5283555717596098 0.6141136261130141 0
0.20256652547702503 0.7209734954704792 0
0.1988477516062113 0.7317843196262641 0
0.6890797477920726 0.5888410255378523 0
0.6866649312785944 0.5795301486323711 0
0.5339241839644269 0.36007908398173727 0
0.5253130701974676 0.35724595278057286 0
0.3168979286574331 0.9028469939906614 0
0.28661085140429876 0.8657741184481136 0
0.370482218964816 0.216348879799205 0
0.3783723867439753 0.21424244926587227 0
0.3926638797737576 0.21916970523388413 0
0.38794790200822 0.2118812551320089 0
0.1772168383694103 0.7136169022347596 0
0.8557875301369307 0.13564169175714874 0
0.19096414102695 0.7234276845559565 0
0.14403051279746726 0.7093550519719161 0
0.18486745551603898 0.7452376377924496 0
0.53397004279499 0.32375133626296293 0
0.07301752527790198 0.7349802418495563 0
0.7601610330807829 0.22315467360503155 0
0.7096846474496783 0.20234012449372388 0
0.6196489088522958 0.6897197024999394 0
0.4479067843434689 0.24333918276645491 0
0.3325814265405778 0.22495337447843292 0
0.2921587215499349 0.23908411465977986 0
0.28766757351107813 0.23987593204572394 0
0.35268056094777117 0.7049888066670708 0
0.5418136065990985 0.5960691587341868 0
0.3829588098362377 0.7216831004343142 0
0.6369119205582322 0.7776768318532401 0
0.779121503950696 0.13614503101714567 0
0.7586145886122149 0.675179291517663 0
0.7022643826760416 0.7105352598450948 0
0.6835347318066252 0.6791274342371836 0
0.3219849246574385 0.6764556224828112 0
0.7572910747120974 0.6954066478792886 0
0.771782415272277 0.7464128289696481 0
0.7304084560383557 0.6886646255080343 0
0.6547234456645846 0.3337719145520455 0
0.7228894356738094 0.6835300135148575 0
0.14360742702523044 0.6942543463098289 0
0.37733290103235206 0.7148201302341759 0
0.5427816311207447 0.3218575944406998 0
0.3217558380325681 0.7750456629643379 0
0.4163121873297777 0.5009853753965878 0
0.4187163454966337 0.23238443126529765 0
0.627869933420933 0.6094670042194823 0
0.08137672494067524 0.034675605915565295 0
0.041795936895790343 0.0 1
0.0 0.1849157049863934 1
0.5427624678278139 0.5041352464478409 0
0.6298534957492709 0.7560593209602163 0
0.7946201846596959 0.31562486043576105 0
0.8502248455585342 0.9501761354519016 0
0.34059354416334936 0.2370958525422578 0
0.5813165439987205 0.3331516562231693 0
0.5577520959494136 0.6481558497467397 0
0.10603026267532002 0.6788588874821083 0
0.2897139677830142 0.39071664060630895 0
0.29758097036554465 0.23021508874111998 0
0.6541240276968134 0.3383468475000948 0
0.6730433371541958 0.2940814519750139 0
0.8857130229380935 0.6843720505090541 0
0.2549365204546044 0.11905426155591284 0
0.5486548309972007 0.6116385095294017 0
0.5501081186658934 0.2883463917700436 0
0.7420539818648307 0.7532277632742954 0
0.5894240742732852 0.34328948980064583 0
0.7221079421428732 0.6652529630967169 0
0.7060836494015074 0.6497146683901602 0
0.355203702120562 0.4564597044919295 0
0.835283232913013 0.12973168121565026 0
0.29006469777482285 0.24415791877018234 0
0.3465096434250414 0.0 1
0.5295832699367997 0.0 1
0.6999782927795403 0.14661130678254394 0
0.28593662676173043 0.48086082025489535 0
0.6648188925876128 0.15070360388041845 0
0.7991027631432248 0.7218236388333354 0
0.7111647600882529 0.7212465352981445 0
0.7672255546410252 0.36424439534070285 0
0.69046546022043 0.6931442730967237 0
0.42346463022912795 0.853032288258753 0
0.3240943997101514 0.6980666560450259 0
0.31406271607245506 0.2932744288686625 0
0.27269653213357187 0.34272353965303987 0
0.3625963081335419 0.35669551581748254 0
0.13336394729872653 0.35058724167277744 0
0.8093635043847132 0.2882640126739863 0
0.8013216922827678 0.34252024528607405 0
0.7977846152936877 0.3366449387755014 0
0.6695102853511049 0.6421319405225098 0
0.5377061833663046 0.46862148869421816 0
0.5771433517201138 0.28810770418499865 0
0.64605005192847 0.24866707775597455 0
0.6470991909663667 0.26077117313600295 0
0.6401455274989103 0.6613852607424863 0
0.2566791594866169 0.35704648625220853 0
0.37219724420424044 0.7031439440037763 0
0.39875811429367386 0.7500891790398828 0
0.349509717228271 0.649682228870163 0
0.8161343549849583 0.6534540105106259 0
0.6581126281478922 0.6796833598050496 0
0.7524266422761576 0.25694704021717435 0
0.6250862072218138 0.2613398847928481 0
0.34136595888739935 0.43002623136130314 0
0.6876431866892818 0.6959864513809418 0
0.31422480183150353 0.6735627361598512 0
0.30516248074399055 0.6707865318325826 0
0.334463780973463 0.29956310012938575 0
0.3279425392011252 0.29475318369386916 0
0.3424120503366651 0.2592715278776843 0
0.14433072860067186 0.3441757536886454 0
0.6221300182048874 0.22566774121853492 0
0.6173806923595917 0.22994860441110593 0
0.885062972620874 0.27305861351838423 0
0.8122394480926629 0.2927696843429225 0
0.8134182389370722 0.8861684734600577 0
0.7330846437611247 0.2788207796778161 0
0.33458386035057675 0.7920902607495528 0
0.28599688084005465 0.46807750473544396 0
0.7815998504505904 0.28419349757125445 0
0.4013141360601628 0.6538108465902479 0
0.850305359528503 0.8031327391629919 0
0.7267677552448608 0.2784340668511696 0
0.7769944415243003 0.31545941914692227 0
0.5802105638867573 0.28326782151649343 0
0.2971131131673299 0.7017090339208234 0
0.42819527909729965 0.23210452940048001 0
0.399746078357122 0.2638020377967071 0
0.4236854857856296 0.307996561118796 0
0.3072143062532638 0.2541407384392795 0
0.2761338427076016 0.46287844602373845 0
0.24205504083510687 0.3032434518336348 0
0.5884714525254247 0.21566556949235843 0
0.7650543217523426 0.8021363449278538 0
0.7193741004689306 0.24453644155888996 0
0.6072850135348833 0.6382893806559362 0
0.6087304695203867 0.6345853986301395 0
0.2749471021787475 0.7132880839018708 0
0.29300170271415144 0.7030252636396096 0
0.2947963859415288 0.6987704539542855 0
0.752754304138395 0.8094570522721939 0
0.639560313546406 0.5740428722518881 0
0.24576197857921173 0.6855461751293122 0
0.25246301651408776 0.6929554238124069 0
0.26081638704387394 0.690941242733521 0
0.2659876332422713 0.7198690455868904 0
0.2665359360342423 0.7161253485964176 0
0.4038015055181991 0.268364521628522 0
0.2669134984129488 0.3016041950728203 0
0.2639790216255028 0.590565599528246 0
0.6522380526823625 0.3069064234986533 0
0.28111519876884283 0.6890347716109135 0
0.2901494471186318 0.6979443331067281 0
0.2861151014599326 0.694708824252538 0
0.698331161398086 0.6071223922082913 0
0.2720248187602154 0.7262547088922398 0
0.29199174873118855 0.7070530923988826 0
0.2940431304163539 0.7181318594999977 0
0.3056226189788245 0.7798164700267664 0
0.29514655231967046 0.6568410600490483 0
0.396362849052476 0.33873062494323836 0
0.3793913471292276 0.7070352144148022 0
0.48327787000062533 0.27728065096273086 0
0.37304273608844923 0.7096954421258993 0
0.5792987490230972 0.2773559347575228 0
0.8584093566823054 0.24371854934020204 0
0.06447222167728173 0.7095710683719031 0
0.5708139682751462 0.5180962464951372 0
0.462733905120871 0.2512342943953769 0
0.6318644799243951 0.704798481016943 0
0.3513156755642664 0.8516085718827507 0
0.07765216143892073 0.2404934320554891 0
0.8307082056831048 0.849950151120393 0
0.30901188224576515 0.8490195361570726 0
0.1482484001876744 0.5985004145368993 0
0.7175868709868548 0.1471006158401502 0
0.45246450698387 0.25172669972355594 0
0.39294725318382656 0.3211048044546787 0
0.05902149458113686 0.23061577141444597 0
0.261707226944493 0.09833873939712548 0
0.7444180806389392 0.2017318362441801 0
0.3258718316584832 0.8597688634741716 0
0.7480623966582075 0.1498591791186928 0
0.7426256235830998 0.1358736815532522 0
0.3248537256794656 0.324593717141118 0
0.7849761228726597 0.7101820413136435 0
0.7079840741362201 0.7206177475132715 0
0.6999118369700221 0.34255662502522216 0
0.7033679692182337 0.33786582598446935 0
0.7536311593189553 0.6901718421027363 0
0.7494129191826799 0.7012989177928236 0
0.9214113271884583 0.6247736121595788 0
0.24870420202268806 0.7217320440740413 0
0.4117009373899338 0.2680726292631442 0
0.7546642912160177 0.573521843129589 0
0.7329892276850596 0.14880227556838657 0
0.13666130387863565 0.1785380516194036 0
0.8314270048919985 0.2783968617970581 0
0.8182987992517015 0.8766840525959568 0
0.3203943828110107 0.7711350767093935 0
0.18676057397752294 0.25691064197011065 0
0.3248798734029516 0.6727573035605239 0
0.7058784100170196 0.34322243125204316 0
0.6766335950481701 0.29247674685888525 0
0.5969448129638534 0.5733817748103017 0
0.7386608107541327 0.8546115198819623 0
0.808359118279078 0.7643690043640219 0
0.377496445530187 0.0 1
0.8294402380282727 0.6508931085575791 0
0.7662320879380684 0.8079772304665637 0
0.29453476449336036 0.6948510551398648 0
0.7779258330945529 0.43634744055226116 0
0.28614677210040834 0.4895838407266973 0
0.3238362409545767 0.6265859685875693 0
0.7885615547285749 0.6490231736261237 0
0.5098810233653089 0.509959055245923 0
0.6134195454446139 0.3300986453920827 0
0.3196056078644769 0.2992170327890047 0
0.30474391052464306 0.48433311835650394 0
0.2904067388132132 0.30277896400306153 0
0.31104256579232137 0.2958487508176218 0
0.1962527408042361 0.627142418365381 0
0.3047432400607945 0.49469589626157934 0
0.6676030761521481 0.6270530547316808 0
0.6647696320296924 0.18456837893897887 0
0.643768274122322 0.2652099509299364 0
0.659106393525014 0.25985310136793993 0
0.6674480944254838 0.2674830008957375 0
0.6636064242501027 0.2633580095622753 0
0.3582104574902544 0.7892411301154927 0
0.3309562336533417 0.7143189024164 0
0.16719464784846758 0.35265147772985805 0
0.19402244493208937 0.38980738441651536 0
0.7926080916458406 0.7243027459618883 0
0.5874093948666044 0.31551081619154053 0
0.3535818512031818 0.7471935863669554 0
0.25014848108694915 0.6286357930159228 0
0.18490399806493363 0.38194963111499836 0
0.17518741130708362 0.38485817224317576 0
0.24104080901277602 0.24036230717245746 0
0.6112524283666321 0.22940622901612842 0
0.37490853772684113 0.6746770388808336 0
0.8613523795442855 0.8928478107790133 0
0.7649899668406535 0.8263961087016254 0
0.768507249242213 0.8204686494193876 0
0.7992185725987031 0.8337232911418087 0
0.3099849041615328 0.821431575438634 0
0.32939461922631935 0.44111212249307363 0
0.29885988366928473 0.4725981510582416 0
0.38513743694846664 0.6790017276617665 0
0.3865872151194334 0.6849016521720922 0
0.38245579166797716 0.689070196418876 0
0.34778272760514256 0.7060360798364539 0
0.7429754176098481 0.8019333656591408 0
0.6946597768840632 0.7630273458809822 0
0.31202747287240673 0.6984595894405069 0
0.3981386541593087 0.32538220896847864 0
0.29206751429054767 0.4619408781909069 0
0.25145099739250903 0.6357385271456814 0
0.8233564170448199 0.9246458734345062 0
0.8308738748830374 0.7894471815720127 0
0.7941970531458125 0.2567254709679727 0
0.6231111714699838 0.6209056539637803 0
0.3054624644327381 0.6938592227358243 0
0.28731894801185914 0.25533569329288025 0
0.24456870683635368 0.22750385959316874 0
0.2671025978454315 0.24205764910374028 0
0.2585107023411313 0.22526468029350555 0
0.6702710912596829 0.6671346420192639 0
0.2491918155643267 0.22670887788135938 0
0.24746508159118374 0.23786341168986846 0
0.3113318690949169 0.7188668605468198 0
0.25353665011929966 0.7111597259801306 0
0.253794964977641 0.2287200975414437 0
0.6233742251666492 0.2886615267433782 0
0.38813767964110274 0.47537671464213554 0
0.31930312845860703 0.22326754183119918 0
0.08703452894121345 0.6205775934737947 0
0.29247732713965086 0.49875900842208165 0
0.8752652786979433 0.973994638830536 0
0.8863294516102037 0.22273832333166166 0
0.8186952820409551 0.9127929009444812 0
0.8091135077567323 0.9195410302822822 0
0.26342611324900556 0.2847972695488192 0
0.2073273337896025 0.44336386008749024 0
0.48804201040484496 0.39986386242137284 0
0.3287118595189765 0.4580199136046036 0
0.796723562246881 0.2861387271843316 0
0.2869891568048541 0.26395564028279694 0
0.1922038842369027 0.6191129375578209 0
0.753419946668367 0.7143212774001276 0
0.6772960462484154 0.25904794852065577 0
0.7948256943211368 0.7931929409630384 0
0.30075328594410566 0.7128928414950684 0
0.5273234143590338 0.5294918541032708 0
0.0890657222386077 0.16893607788452622 0
0.2403668510862067 0.22177428045541853 0
0.2978413307336468 0.7109771665689536 0
0.7710386596454822 0.7501326584007827 0
0.22344833977053746 0.24852654276869518 0
0.2914902834118567 0.6596150788313958 0
0.27969974880780224 0.49800185294870203 0
0.338750790509891 0.43924568283276294 0
0.33467656621026654 0.448726944449776 0
0.24797255322792294 0.23209825522836883 0
0.2992133866972078 0.30382663617974465 0
0.2989256341865074 0.30760173025555637 0
0.29892082656751257 0.3113182985211418 0
0.6670183564190952 0.6447908497436455 0
0.6505405096160181 0.2501240689276791 0
0.278528884100915 0.6176761182850059 0
0.2275911782233852 0.27785600197457266 0
0.8360030457881452 0.8342957561690896 0
0.7792557414189107 0.8728127862104833 0
0.3413044089476413 0.25472239914278366 0
0.3435278955406967 0.27416359511592947 0
0.23079737347671006 0.25505679014957455 0
0.6349424250070825 0.22605292344708303 0
0.6357080353010939 0.21799643824936962 0
0.628783726890881 0.22768667965488068 0
0.2819571422876211 0.6273679313171983 0
0.8557748909534219 0.8814222280253918 0
0.71953004401508 0.2847036573066292 0
0.796707096145682 0.7777101407827306 0
0.6800096820862293 0.7618636687188549 0
0.6288802606758052 0.33767157160795164 0
0.6311461585082571 0.3352614475901537 0
0.189516233318677 0.45531747473043294 0
0.279453023317721 0.21087409275000205 0
0.2777282853464908 0.2232373074224519 0
0.2796536379022404 0.2208901575393112 0
0.28070986359139216 0.21560497342559598 0
0.26381846222711247 0.23491328534822853 0
0.8065220071898183 0.7750591311234288 0
0.8010628153914517 0.7785731042622337 0
0.2618870167057694 0.21964009569531015 0
0.30712617104688983 0.7198575906004189 0
0.3056561933822476 0.7222899643495909 0
0.30653027212941075 0.7253844395979933 0
0.7920632866511982 0.7962094641106339 0
0.22448226747993022 0.2692086722535877 0
0.2864666355650911 0.2152281307460607 0
0.2791433256692662 0.6309921735646162 0
0.348482150484928 0.2459884767610149 0
0.27073896807831527 0.2805113116172736 0
0.255939987258731 0.21558560294836157 0
0.2586597440932578 0.20835121791839434 0
0.24958656123114215 0.7260341336880801 0
0.6673306726337895 0.250473810134751 0
0.16592374371539925 0.3719678658039023 0
0.687913446743143 0.2761375033186367 0
0.7991259300940267 0.759171797484541 0
0.7623313756968263 0.378161189676208 0
0.6889971440628272 0.28008927771102826 0
0.5227444704101241 0.4884873127675003 0
0.21436307547938563 0.9043536145953928 0
0.26059391371597573 0.20372024292333418 0
0.45801213640046 0.5233803317885797 0
0.07052126721775777 0.506894998067954 0
0.7295428103205118 0.7853186587125134 0
0.6851704415712842 0.7182938903201259 0
0.6220492606065375 0.3997530386599801 0
0.2307539579408596 0.2409951539463903 0
0.0 0.5920154205120353 1
1.0 0.46963525324553507 1
1.0 0.40681001623025936 1
0.5920832699367997 0.0 1
0.15278543946327144 1.0 1

Edges
104
1 117 1
1 6454 1
2 134 1
2 135 1
3 400 1
3 421 1
4 153 1
4 6166 1
5 381 1
5 6772 1
6 85 1
6 5517 1
8 106 1
8 6179 1
9 152 1
9 314 1
10 236 1
10 258 1
18 174 1
18 369 1
19 5520 1
19 6773 1
21 200 1
21 6178 1
22 74 1
22 6774 1
26 320 1
26 332 1
30 234 1
30 418 1
31 85 1
31 86 1
32 237 1
32 238 1
35 257 1
35 6775 1
36 290 1
36 325 1
41 291 1
41 292 1
43 313 1
43 6771 1
44 117 1
44 5516 1
47 133 1
47 5995 1
48 135 1
48 6180 1
49 378 1
49 6165 1
53 401 1
53 403 1
56 419 1
56 420 1
57 152 1
57 153 1
64 6772 1
64 6773 1
65 174 1
65 5520 1
74 200 1
75 6480 1
75 6774 1
86 234 1
87 236 1
87 237 1
95 258 1
95 6775 1
105 290 1
105 291 1
106 292 1
111 6179 1
111 6771 1
112 313 1
112 314 1
115 320 1
115 321 1
120 5996 1
120 6615 1
121 332 1
121 6479 1
133 369 1
134 5995 1
137 378 1
137 379 1
141 400 1
141 401 1
142 403 1
142 6165 1
149 418 1
149 419 1
150 420 1
150 421 1
238 5517 1
257 6166 1
321 322 1
322 6454 1
325 6455 1
379 380 1
380 381 1
5516 6455 1
5996 6480 1
6178 6180 1
6479 6615 1

Triangles
13444
1 117 6454 0
2 134 1834 0
2 135 1834 0
3 400 421 0
4 153 6166 0
5 363 867 0
5 363 6772 0
5 381 867 0
6 85 233 0
6 231 233 0
6 231 5517 0
7 218 559 0
7 218 682 0
7 346 559 0
7 346 1637 0
7 682 1612 0
7 1611 1612 0
7 1611 1637 0
8 106 287 0
8 287 736 0
8 736 6179 0
9 152 428 0
9 314 1840 0
9 428 1840 0
10 236 243 0
10 243 658 0
10 258 658 0
11 1293 1340 0
11 1293 2314 0
11 1340 1379 0
11 1379 2826 0
11 2314 3278 0
11 2826 4072 0
11 3278 4072 0
12 1237 5959 0
12 1237 6059 0
12 1887 3788 0
12 1887 5669 0
12 2861 5669 0
12 2861 5959 0
12 3788 6059 0
13 221 452 0
13 221 976 0
13 452 3038 0
13 976 5527 0
13 3038 6456 0
13 5527 5530 0
13 5530 6456 0
14 347 564 0
14 347 643 0
14 434 978 0
14 434 1969 0
14 564 978 0
14 643 1969 0
15 1091 2754 0
15 1091 5641 0
15 1764 1766 0
15 1764 2754 0
15 1766 2076 0
15 2074 2076 0
15 2074 5641 0
16 163 189 0
16 163 1035 0
16 172 185 0
16 172 499 0
16 185 1035 0
16 189 499 0
17 167 485 0
17 167 6184 0
17 173 2087 0
17 173 6185 0
17 485 2087 0
17 6184 6185 0
18 174 6119 0
18 369 843 0
18 843 6119 0
19 67 178 0
19 67 5520 0
19 178 6773 0
20 181 364 0
20 181 1060 0
20 364 481 0
20 480 481 0
20 480 5523 0
20 1060 5523 0
21 200 207 0
21 207 6038 0
21 6038 6178 0
22 74 205 0
22 201 340 0
22 201 6774 0
22 205 340 0
23 528 532 0
23 528 1158 0
23 532 1160 0
23 819 1158 0
23 819 6481 0
23 1160 6481 0
24 1166 1179 0
24 1166 2212 0
24 1179 2219 0
24 1427 2514 0
24 1427 3207 0
24 2212 2514 0
24 2219 3207 0
25 213 544 0
25 213 548 0
25 215 548 0
25 215 1168 0
25 544 1168 0
26 320 3588 0
26 332 3587 0
26 3587 3588 0
27 1453 1683 0
27 1453 3407 0
27 1683 2692 0
27 1706 2677 0
27 1706 2692 0
27 2677 3407 0
28 558 1211 0
28 558 1737 0
28 560 578 0
28 560 1736 0
28 577 578 0
28 577 1211 0
28 1736 1737 0
29 147 239 0
29 147 1944 0
29 239 952 0
29 952 953 0
29 953 959 0
29 959 1944 0
30 234 914 0
30 418 3776 0
30 914 1878 0
30 1878 3776 0
31 85 146 0
31 86 414 0
31 146 414 0
32 237 1285 0
32 238 241 0
32 241 1279 0
32 1279 1285 0
33 1349 2383 0
33 1349 2732 0
33 1391 2364 0
33 1391 2383 0
33 1752 2364 0
33 1752 2732 0
34 97 263 0
34 97 2422 0
34 259 263 0
34 259 374 0
34 374 1846 0
34 1846 2422 0
35 96 257 0
35 96 1417 0
35 1417 6775 0
36 290 323 0
36 323 2619 0
36 325 2619 0
37 1457 1472 0
37 1457 4796 0
37 1472 1653 0
37 1653 2651 0
37 2651 4796 0
38 1424 1435 0
38 1424 2480 0
38 1434 1435 0
38 1434 6210 0
38 1463 3463 0
38 1463 6210 0
38 2480 3463 0
39 1480 1523 0
39 1480 6283 0
39 1523 1587 0
39 1587 3481 0
39 2519 3481 0
39 2519 3498 0
39 3498 6283 0
40 289 732 0
40 289 2616 0
40 317 724 0
40 317 2616 0
40 724 1607 0
40 732 1607 0
41 107 292 0
41 107 727 0
41 291 727 0
42 300 5533 0
42 300 6697 0
42 757 765 0
42 757 5586 0
42 765 767 0
42 767 5533 0
42 5586 6697 0
43 313 773 0
43 773 3557 0
43 3557 6771 0
44 117 3569 0
44 792 3569 0
44 792 5516 0
45 341 521 0
45 341 1733 0
45 521 1728 0
45 1147 1728 0
45 1147 1731 0
45 1731 1733 0
46 844 886 0
46 844 2748 0
46 864 2748 0
46 864 6419 0
46 886 1838 0
46 1838 6419 0
47 133 885 0
47 370 885 0
47 370 5995 0
48 135 371 0
48 371 1836 0
48 1836 6180 0
49 376 378 0
49 376 934 0
49 934 6165 0
50 384 448 0
50 384 6622 0
50 389 910 0
50 389 2011 0
50 448 2011 0
50 910 912 0
50 912 6622 0
51 1891 4439 0
51 1891 6261 0
51 3772 3774 0
51 3772 3862 0
51 3774 4439 0
51 3862 6261 0
52 929 4428 0
52 929 4469 0
52 1910 4428 0
52 1910 6190 0
52 3857 4469 0
52 3857 6190 0
53 151 401 0
53 151 1911 0
53 403 1911 0
54 405 915 0
54 405 5524 0
54 408 5524 0
54 408 5525 0
54 415 1879 0
54 415 5525 0
54 915 1879 0
55 147 232 0
55 147 1944 0
55 148 417 0
55 148 1944 0
55 232 608 0
55 417 608 0
56 419 961 0
56 420 967 0
56 961 6687 0
56 967 6687 0
57 152 973 0
57 153 429 0
57 154 429 0
57 154 973 0
58 432 438 0
58 432 535 0
58 438 990 0
58 535 3217 0
58 565 990 0
58 565 3217 0
59 1002 1238 0
59 1002 1992 0
59 1238 3018 0
59 1992 3019 0
59 3018 5706 0
59 3019 5707 0
59 5706 5707 0
60 454 584 0
60 454 1029 0
60 584 5531 0
60 1029 1036 0
60 1036 1041 0
60 1041 5531 0
61 468 2075 0
61 468 5917 0
61 2062 3053 0
61 2062 5642 0
61 2075 5642 0
61 3053 5917 0
62 168 1046 0
62 168 1074 0
62 469 487 0
62 469 2049 0
62 487 1074 0
62 1046 2049 0
63 170 473 0
63 170 5521 0
63 184 490 0
63 184 5521 0
63 473 490 0
64 178 2083 0
64 178 6773 0
64 363 2083 0
64 363 6772 0
65 174 1780 0
65 1780 1781 0
65 1781 5520 0
66 475 489 0
66 475 855 0
66 476 850 0
66 476 1075 0
66 489 1075 0
66 850 855 0
67 176 1781 0
67 176 5997 0
67 178 5997 0
67 1781 5520 0
68 183 488 0
68 183 2084 0
68 483 1070 0
68 483 2084 0
68 488 2085 0
68 1070 2085 0
69 184 185 0
69 184 490 0
69 185 1034 0
69 490 2093 0
69 1034 2043 0
69 2043 2093 0
70 498 1081 0
70 498 3951 0
70 1081 2116 0
70 2116 2117 0
70 2117 6376 0
70 3951 6376 0
71 1089 3054 0
71 1089 3116 0
71 3054 3940 0
71 3115 3116 0
71 3115 3940 0
72 1105 1120 0
72 1105 3953 0
72 1120 1121 0
72 1121 6624 0
72 2108 3085 0
72 2108 3953 0
72 3085 6624 0
73 1123 2177 0
73 1123 2710 0
73 1137 3654 0
73 1137 6233 0
73 2177 6233 0
73 2710 3654 0
74 200 206 0
74 205 206 0
75 201 808 0
75 201 6774 0
75 808 6480 0
76 517 1143 0
76 517 2145 0
76 1097 1151 0
76 1097 2145 0
76 1143 5556 0
76 1151 5556 0
77 206 207 0
77 206 529 0
77 207 352 0
77 352 1159 0
77 529 531 0
77 531 1159 0
78 534 539 0
78 534 2208 0
78 539 3072 0
78 1161 1162 0
78 1161 3072 0
78 1162 2208 0
79 540 1170 0
79 540 2244 0
79 542 572 0
79 542 1170 0
79 572 573 0
79 573 2244 0
80 211 546 0
80 211 2232 0
80 546 2222 0
80 547 1197 0
80 547 2222 0
80 1197 2232 0
81 545 549 0
81 545 2220 0
81 549 2231 0
81 550 2220 0
81 550 3393 0
81 2231 3393 0
82 453 580 0
82 453 585 0
82 580 975 0
82 581 585 0
82 581 1973 0
82 975 1973 0
83 1255 3237 0
83 1255 5625 0
83 1270 3269 0
83 1270 4039 0
83 3237 4039 0
83 3269 5625 0
84 88 230 0
84 88 239 0
84 230 231 0
84 231 233 0
84 232 233 0
84 232 239 0
85 146 233 0
86 234 1877 0
86 414 1877 0
87 236 2307 0
87 237 1286 0
87 1286 1287 0
87 1287 2307 0
88 230 607 0
88 239 240 0
88 240 1277 0
88 607 1277 0
89 241 1279 0
89 241 6377 0
89 1279 1280 0
89 1280 2303 0
89 2288 2304 0
89 2288 6377 0
89 2303 2304 0
90 1303 2325 0
90 1303 2418 0
90 1304 3378 0
90 1304 6204 0
90 2325 6204 0
90 2418 3378 0
91 1341 2852 0
91 1341 3336 0
91 2852 2855 0
91 2855 3767 0
91 3336 3767 0
92 1346 2570 0
92 1346 3342 0
92 1360 3331 0
92 1360 3342 0
92 2569 2570 0
92 2569 2573 0
92 2573 3331 0
93 832 838 0
93 832 2370 0
93 837 1373 0
93 837 1757 0
93 838 1757 0
93 1373 2370 0
94 2368 5728 0
94 2368 6489 0
94 3363 4675 0
94 3363 5577 0
94 4675 6489 0
94 5577 5728 0
95 258 1415 0
95 1415 1417 0
95 1417 6775 0
96 256 257 0
96 256 6182 0
96 263 6011 0
96 263 6182 0
96 1417 6011 0
97 263 1416 0
97 264 1416 0
97 264 2423 0
97 1418 2422 0
97 1418 2423 0
98 1432 4160 0
98 1432 6460 0
98 1451 3406 0
98 1451 6460 0
98 3406 4164 0
98 4160 6751 0
98 4164 6751 0
99 1455 1483 0
99 1455 6023 0
99 1458 1485 0
99 1458 2659 0
99 1483 1485 0
99 2659 6023 0
100 681 2466 0
100 681 4263 0
100 1468 1469 0
100 1468 2466 0
100 1469 3517 0
100 2557 3517 0
100 2557 4263 0
101 1478 1496 0
101 1478 2548 0
101 1488 1496 0
101 1488 3501 0
101 2548 5315 0
101 3501 5315 0
102 1490 1507 0
102 1490 1518 0
102 1507 1509 0
102 1509 1539 0
102 1518 1555 0
102 1539 1555 0
103 1543 1551 0
103 1543 1572 0
103 1551 1582 0
103 1572 2537 0
103 1582 4761 0
103 2537 4761 0
104 726 4261 0
104 726 5587 0
104 731 1660 0
104 731 2556 0
104 1660 5587 0
104 2556 4261 0
105 290 315 0
105 291 728 0
105 315 728 0
106 287 293 0
106 292 293 0
107 292 293 0
107 293 294 0
107 294 1665 0
107 727 1665 0
108 295 734 0
108 295 3518 0
108 296 723 0
108 296 734 0
108 723 730 0
108 730 3518 0
109 745 748 0
109 745 3552 0
109 748 5532 0
109 752 5532 0
109 752 6215 0
109 1648 3552 0
109 1648 6215 0
110 306 771 0
110 306 6188 0
110 771 776 0
110 775 776 0
110 775 777 0
110 777 6188 0
111 781 3557 0
111 781 6179 0
111 3557 6771 0
112 313 770 0
112 314 1839 0
112 770 1839 0
113 784 2627 0
113 784 3561 0
113 785 2627 0
113 785 3560 0
113 2614 3560 0
113 2614 3561 0
114 317 319 0
114 317 1661 0
114 318 1663 0
114 318 1666 0
114 319 1666 0
114 1661 1663 0
115 320 1685 0
115 321 2618 0
115 1685 2618 0
116 792 1669 0
116 792 5516 0
116 1669 2629 0
116 2629 6251 0
116 5516 6455 0
116 6251 6455 0
117 2630 3569 0
117 2630 6454 0
118 1681 1719 0
118 1681 6082 0
118 1682 1718 0
118 1682 3581 0
118 1718 1719 0
118 3581 6082 0
119 329 807 0
119 329 1709 0
119 807 6480 0
119 1709 5996 0
119 5996 6480 0
120 1709 4345 0
120 1709 5996 0
120 4345 6615 0
121 332 1712 0
121 813 1712 0
121 813 6479 0
122 814 817 0
122 814 3638 0
122 815 817 0
122 815 6217 0
122 2683 3638 0
122 2683 6217 0
123 338 339 0
123 338 344 0
123 339 826 0
123 344 1735 0
123 826 827 0
123 827 1735 0
124 329 343 0
124 329 807 0
124 343 344 0
124 344 1735 0
124 345 807 0
124 345 1735 0
125 1736 1737 0
125 1736 2723 0
125 1737 3678 0
125 1738 2723 0
125 1738 3678 0
126 563 829 0
126 563 1205 0
126 829 833 0
126 831 834 0
126 831 1205 0
126 833 834 0
127 353 843 0
127 353 887 0
127 842 843 0
127 842 859 0
127 845 859 0
127 845 887 0
128 1763 3728 0
128 1763 6257 0
128 3711 6257 0
128 3711 6522 0
128 3727 3728 0
128 3727 6494 0
128 6494 6522 0
129 854 1772 0
129 854 6189 0
129 857 1772 0
129 857 1783 0
129 1783 2787 0
129 2787 6189 0
130 179 1069 0
130 179 3063 0
130 364 482 0
130 364 1069 0
130 482 2082 0
130 2082 3063 0
131 365 869 0
131 365 1820 0
131 869 1813 0
131 1813 1821 0
131 1820 2845 0
131 1821 2845 0
132 875 980 0
132 875 2810 0
132 980 4471 0
132 2809 2810 0
132 2809 6258 0
132 4471 6258 0
133 353 369 0
133 353 885 0
134 1834 3760 0
134 3760 5995 0
135 371 1834 0
136 896 903 0
136 896 1897 0
136 903 1862 0
136 913 1862 0
136 913 2902 0
136 1897 2902 0
137 378 1847 0
137 379 2863 0
137 1847 2863 0
138 898 902 0
138 898 1856 0
138 902 904 0
138 904 5607 0
138 1856 6437 0
138 1863 5607 0
138 1863 6437 0
139 387 388 0
139 387 4405 0
139 388 4870 0
139 1867 3008 0
139 1867 4405 0
139 3008 4870 0
140 397 893 0
140 397 2903 0
140 398 893 0
140 398 1905 0
140 1905 1906 0
140 1906 2903 0
141 400 932 0
141 401 402 0
141 402 932 0
142 403 1953 0
142 404 1953 0
142 404 6165 0
143 937 1914 0
143 937 5942 0
143 1913 3813 0
143 1913 5538 0
143 1914 3813 0
143 5538 5942 0
144 943 1919 0
144 943 5526 0
144 946 1919 0
144 946 1932 0
144 950 1932 0
144 950 5526 0
145 412 413 0
145 412 960 0
145 413 6192 0
145 948 1931 0
145 948 6192 0
145 960 1945 0
145 1931 1945 0
146 233 608 0
146 414 417 0
146 417 608 0
147 232 239 0
148 416 960 0
148 416 2873 0
148 417 2873 0
148 960 1944 0
149 418 2869 0
149 419 6221 0
149 2869 6221 0
150 420 424 0
150 421 932 0
150 424 932 0
151 401 402 0
151 402 963 0
151 422 963 0
151 422 6193 0
151 1911 6193 0
152 428 973 0
153 256 429 0
153 256 6166 0
154 259 429 0
154 259 430 0
154 430 973 0
155 432 988 0
155 432 5998 0
155 437 974 0
155 437 988 0
155 974 6201 0
155 5998 6201 0
156 567 1966 0
156 567 3218 0
156 979 1966 0
156 979 1967 0
156 1208 1967 0
156 1208 3218 0
157 993 3011 0
157 993 6224 0
157 1980 6030 0
157 1980 6195 0
157 3011 3013 0
157 3013 6195 0
157 6030 6224 0
158 1000 4482 0
158 1000 6508 0
158 1998 6004 0
158 1998 6508 0
158 4482 6002 0
158 6002 6168 0
158 6004 6168 0
159 2007 5570 0
159 2007 5630 0
159 5545 5630 0
159 5545 5980 0
159 5570 5842 0
159 5842 5980 0
160 450 1020 0
160 450 2024 0
160 1018 2024 0
160 1018 3890 0
160 1020 3890 0
161 221 452 0
161 221 453 0
161 451 453 0
161 451 1042 0
161 452 2044 0
161 1042 2044 0
162 1024 1027 0
162 1024 1030 0
162 1027 1033 0
162 1030 3911 0
162 1033 3032 0
162 3032 3911 0
163 189 1081 0
163 460 498 0
163 460 3037 0
163 498 1081 0
163 1035 3037 0
164 461 464 0
164 461 1037 0
164 463 496 0
164 463 1037 0
164 464 2103 0
164 496 2103 0
165 2051 5549 0
165 2051 6228 0
165 2067 5716 0
165 2067 5943 0
165 5549 5943 0
165 5716 5967 0
165 5967 6228 0
166 172 499 0
166 172 5521 0
166 190 499 0
166 190 500 0
166 468 5521 0
166 468 5917 0
166 500 5917 0
167 469 487 0
167 469 6619 0
167 485 486 0
167 486 487 0
167 6184 6619 0
168 1046 2052 0
168 1064 2052 0
168 1064 2090 0
168 1074 2090 0
169 471 5548 0
169 471 6183 0
169 472 473 0
169 472 6183 0
169 473 2048 0
169 2048 5548 0
170 468 2075 0
170 468 5521 0
170 473 1058 0
170 1058 2075 0
171 472 1076 0
171 472 6183 0
171 474 1076 0
171 474 6185 0
171 6183 6184 0
171 6184 6185 0
172 184 185 0
172 184 5521 0
173 1072 2087 0
173 1072 2088 0
173 2088 2098 0
173 2098 6185 0
174 1059 1780 0
174 1059 6119 0
175 476 853 0
175 476 2091 0
175 853 1768 0
175 1061 1768 0
175 1061 5649 0
175 2091 5649 0
176 479 2081 0
176 479 5997 0
176 860 1781 0
176 860 2081 0
177 479 1067 0
177 479 5997 0
177 481 482 0
177 481 1067 0
177 482 1068 0
177 1068 5997 0
178 1068 2083 0
178 1068 5997 0
179 483 1069 0
179 483 2086 0
179 484 2086 0
179 484 3063 0
180 182 486 0
180 182 2085 0
180 485 486 0
180 485 1073 0
180 1070 1073 0
180 1070 2085 0
181 183 1060 0
181 183 2084 0
181 364 1069 0
181 1069 2084 0
182 486 487 0
182 487 3062 0
182 2079 3062 0
182 2079 5528 0
182 2085 5528 0
183 488 5529 0
183 1060 5529 0
185 459 1034 0
185 459 1035 0
186 3068 4547 0
186 3068 6408 0
186 3069 4547 0
186 3069 4914 0
186 4913 4914 0
186 4913 6409 0
186 6408 6409 0
187 361 362 0
187 361 2088 0
187 362 387 0
187 387 388 0
187 388 907 0
187 907 3944 0
187 2088 2098 0
187 2098 3944 0
188 1082 2107 0
188 1082 2113 0
188 2107 2115 0
188 2113 3089 0
188 2115 3089 0
189 499 501 0
189 501 1081 0
190 499 501 0
190 500 2061 0
190 501 3052 0
190 2061 3938 0
190 3052 3938 0
191 1088 3941 0
191 1088 3963 0
191 2069 3057 0
191 2069 3941 0
191 3057 4558 0
191 3963 4558 0
192 2123 3127 0
192 2123 3130 0
192 2137 3127 0
192 2137 3141 0
192 3130 3993 0
192 3141 3993 0
193 1101 2158 0
193 1101 3178 0
193 1107 4525 0
193 1107 6200 0
193 2158 4525 0
193 3178 6200 0
194 3088 3995 0
194 3088 4946 0
194 3148 3948 0
194 3148 6133 0
194 3948 4946 0
194 3995 4584 0
194 4584 6133 0
195 1112 2174 0
195 1112 4925 0
195 1113 2159 0
195 1113 5554 0
195 2159 4925 0
195 2174 5554 0
196 1115 1131 0
196 1115 3150 0
196 1131 3162 0
196 2164 2173 0
196 2164 3150 0
196 2173 3162 0
197 1122 2706 0
197 1122 3158 0
197 2168 2705 0
197 2168 3157 0
197 2705 2706 0
197 3157 3158 0
198 1130 3159 0
198 1130 6499 0
198 2169 3155 0
198 2169 3156 0
198 2172 3156 0
198 2172 6499 0
198 3155 6361 0
198 3159 6361 0
199 1134 1139 0
199 1134 2178 0
199 1139 2185 0
199 2178 3173 0
199 2185 3173 0
200 206 207 0
201 340 526 0
201 526 808 0
202 359 863 0
202 359 2154 0
202 517 2154 0
202 517 6234 0
202 518 863 0
202 518 6000 0
202 6000 6234 0
203 519 818 0
203 519 1144 0
203 818 1729 0
203 1144 1145 0
203 1145 3666 0
203 1729 6287 0
203 3666 6287 0
204 1149 1155 0
204 1149 4347 0
204 1152 2150 0
204 1152 4824 0
204 1155 3138 0
204 2150 3138 0
204 4347 4824 0
205 206 529 0
205 340 527 0
205 527 529 0
207 352 6038 0
208 534 2204 0
208 534 2208 0
208 536 2204 0
208 536 4024 0
208 2208 3196 0
208 3196 4024 0
209 220 542 0
209 220 571 0
209 542 1171 0
209 543 571 0
209 543 1171 0
210 544 545 0
210 544 1194 0
210 545 2217 0
210 1193 1194 0
210 1193 2217 0
211 546 553 0
211 548 553 0
211 548 1201 0
211 1201 2233 0
211 2232 2233 0
212 547 2222 0
212 547 3205 0
212 1174 1188 0
212 1174 2216 0
212 1188 2222 0
212 2216 3205 0
213 544 549 0
213 548 1201 0
213 549 1200 0
213 1200 2234 0
213 1201 2234 0
214 1181 2218 0
214 1181 2431 0
214 1429 3206 0
214 1429 4196 0
214 2218 3206 0
214 2431 4196 0
215 548 553 0
215 553 2221 0
215 554 1168 0
215 554 2221 0
216 555 2224 0
216 555 3202 0
216 1191 2224 0
216 1191 3210 0
216 1192 3202 0
216 1192 3210 0
217 557 3678 0
217 557 4740 0
217 558 1212 0
217 558 1737 0
217 1212 4740 0
217 1737 3678 0
218 559 6709 0
218 682 685 0
218 685 6709 0
219 563 564 0
219 563 2236 0
219 564 978 0
219 978 2238 0
219 1207 2236 0
219 1207 2238 0
220 542 572 0
220 571 1213 0
220 572 1163 0
220 1163 1213 0
221 453 580 0
221 580 976 0
222 583 1221 0
222 583 2248 0
222 1219 1221 0
222 1219 2989 0
222 2248 6236 0
222 2989 6236 0
223 451 585 0
223 451 5531 0
223 584 2026 0
223 584 5531 0
223 585 1218 0
223 1218 2026 0
224 1226 1229 0
224 1226 3855 0
224 1228 1229 0
224 1228 1233 0
224 1233 2954 0
224 2954 3855 0
225 1235 3835 0
225 1235 6594 0
225 3835 5974 0
225 5563 5974 0
225 5563 6485 0
225 6485 6594 0
226 1009 5566 0
226 1009 6487 0
226 3232 5726 0
226 3232 6487 0
226 5566 5655 0
226 5655 5726 0
227 995 1983 0
227 995 6222 0
227 1259 1983 0
227 1259 3235 0
227 1978 3235 0
227 1978 6222 0
228 1257 1262 0
228 1257 5572 0
228 1261 1262 0
228 1261 6670 0
228 3242 5572 0
228 3242 6670 0
229 1991 2287 0
229 1991 2999 0
229 2287 4041 0
229 2999 3246 0
229 3245 3246 0
229 3245 4041 0
230 231 3271 0
230 607 3270 0
230 3270 3271 0
231 1273 3271 0
231 1273 5517 0
232 233 608 0
234 914 1877 0
235 611 1284 0
235 611 2294 0
235 1284 2305 0
235 2294 3752 0
235 2305 3288 0
235 3288 3752 0
236 243 2307 0
237 1285 1286 0
238 241 1273 0
238 1273 5517 0
239 240 952 0
240 616 952 0
240 616 3280 0
240 1277 3280 0
241 1273 6377 0
242 617 3287 0
242 617 6488 0
242 1272 2299 0
242 1272 2302 0
242 2299 6488 0
242 2302 3287 0
243 260 658 0
243 260 3295 0
243 2307 3295 0
244 1289 1321 0
244 1289 6637 0
244 1292 4092 0
244 1292 6006 0
244 1321 6006 0
244 2317 4092 0
244 2317 6637 0
245 625 1310 0
245 625 6654 0
245 1310 3320 0
245 1312 2327 0
245 1312 3320 0
245 2327 6654 0
246 1319 1320 0
246 1319 2332 0
246 1320 1322 0
246 1322 6033 0
246 2332 6242 0
246 6033 6242 0
247 1323 2337 0
247 1323 4133 0
247 1330 2337 0
247 1330 2403 0
247 2403 3367 0
247 3367 3370 0
247 3370 4133 0
248 1333 1339 0
248 1333 2340 0
248 1339 2373 0
248 2340 3327 0
248 2373 3327 0
249 1347 2577 0
249 1347 3343 0
249 1348 2386 0
249 1348 3329 0
249 2386 3343 0
249 2577 3329 0
250 1354 1355 0
250 1354 2346 0
250 1355 2566 0
250 2346 3528 0
250 2566 3529 0
250 3528 3529 0
251 642 5535 0
251 642 6024 0
251 643 830 0
251 643 1825 0
251 830 6024 0
251 1825 5535 0
252 1368 1374 0
252 1368 6276 0
252 1374 6205 0
252 6205 6621 0
252 6276 6277 0
252 6277 6278 0
252 6278 6621 0
253 1371 2377 0
253 1371 2814 0
253 2377 3354 0
253 2814 2832 0
253 2832 4121 0
253 3354 4121 0
254 1378 1383 0
254 1378 2819 0
254 1380 1396 0
254 1380 2817 0
254 1383 1396 0
254 2817 2819 0
255 1392 3361 0
255 1392 5661 0
255 2387 3361 0
255 2387 6206 0
255 5661 5732 0
255 5732 6206 0
256 257 6166 0
256 259 429 0
256 259 6182 0
258 658 659 0
258 659 1415 0
259 263 6182 0
259 374 430 0
260 658 659 0
260 659 1410 0
260 1410 4079 0
260 2310 3295 0
260 2310 4079 0
261 661 1411 0
261 661 6120 0
261 1411 3290 0
261 1414 3293 0
261 1414 6120 0
261 3290 3293 0
262 1412 3315 0
262 1412 4152 0
262 3315 3316 0
262 3316 3387 0
262 3384 3387 0
262 3384 4152 0
263 1416 6011 0
264 662 1419 0
264 662 2420 0
264 1416 2420 0
264 1419 2423 0
265 1421 2442 0
265 1421 2489 0
265 2442 6014 0
265 2489 3474 0
265 3474 6625 0
265 6014 6625 0
266 665 1542 0
266 665 4156 0
266 1426 2430 0
266 1426 2511 0
266 1542 2511 0
266 2430 4156 0
267 1431 2439 0
267 1431 2634 0
267 1433 3575 0
267 1433 6012 0
267 2439 6012 0
267 2634 3575 0
268 1452 1678 0
268 1452 2452 0
268 1678 2635 0
268 2452 6414 0
268 2635 2639 0
268 2639 4166 0
268 4166 6414 0
269 1454 2468 0
269 1454 6719 0
269 1456 1475 0
269 1456 1692 0
269 1475 2468 0
269 1692 2655 0
269 2655 6719 0
270 1459 1506 0
270 1459 6279 0
270 1506 3457 0
270 3433 3442 0
270 3433 6279 0
270 3442 6752 0
270 3457 6752 0
271 1465 1588 0
271 1465 2539 0
271 1467 1589 0
271 1467 2539 0
271 1588 1589 0
272 681 740 0
272 681 2466 0
272 682 686 0
272 682 1612 0
272 686 2466 0
272 739 740 0
272 739 1612 0
273 685 686 0
273 685 6482 0
273 686 6016 0
273 6016 6538 0
273 6482 6526 0
273 6526 6538 0
274 1471 1476 0
274 1471 4297 0
274 1473 1476 0
274 1473 4766 0
274 4297 5123 0
274 4766 5123 0
275 1477 1498 0
275 1477 2554 0
275 1479 1516 0
275 1479 3512 0
275 1498 1516 0
275 2554 6282 0
275 3512 6282 0
276 1487 1493 0
276 1487 3451 0
276 1493 4745 0
276 2469 3451 0
276 2469 4233 0
276 2471 4233 0
276 2471 4745 0
277 1489 1492 0
277 1489 2479 0
277 1491 1495 0
277 1491 2476 0
277 1492 2476 0
277 1495 2479 0
278 1504 2484 0
278 1504 6627 0
278 1508 1529 0
278 1508 2484 0
278 1513 1529 0
278 1513 6627 0
279 1514 1522 0
279 1514 3472 0
279 1520 1557 0
279 1520 3472 0
279 1522 1578 0
279 1557 1578 0
280 1525 1528 0
280 1525 1534 0
280 1528 1538 0
280 1534 1545 0
280 1538 2505 0
280 1545 2505 0
281 1540 1564 0
281 1540 2497 0
281 1544 1564 0
281 1544 2500 0
281 1546 2495 0
281 1546 2500 0
281 2495 2497 0
282 1553 2507 0
282 1553 2516 0
282 1558 2510 0
282 1558 2516 0
282 2507 2508 0
282 2508 2510 0
283 1561 2513 0
283 1561 3492 0
283 1563 1571 0
283 1563 2513 0
283 1571 2531 0
283 2531 3492 0
284 1574 1577 0
284 1574 1583 0
284 1577 1586 0
284 1583 2522 0
284 1586 2524 0
284 2522 2525 0
284 2524 2525 0
285 1592 1594 0
285 1592 3221 0
285 1594 6386 0
285 3221 5227 0
285 4604 5227 0
285 4604 6126 0
285 6126 6386 0
286 287 293 0
286 287 296 0
286 293 294 0
286 294 724 0
286 296 723 0
286 723 724 0
287 296 736 0
288 1602 3511 0
288 1602 6640 0
288 2553 4259 0
288 2553 6640 0
288 3511 5116 0
288 4259 5116 0
289 731 732 0
289 731 1660 0
289 1660 5665 0
289 2616 5665 0
290 315 323 0
291 727 728 0
294 317 724 0
294 317 1665 0
295 733 734 0
295 733 1608 0
295 1608 3518 0
296 734 6766 0
296 736 6766 0
297 298 738 0
297 298 1610 0
297 737 1610 0
297 737 1638 0
297 738 764 0
297 764 1638 0
298 738 2560 0
298 1610 6127 0
298 2560 6177 0
298 6127 6177 0
299 306 743 0
299 306 759 0
299 742 759 0
299 742 3519 0
299 743 2559 0
299 2559 3519 0
300 303 304 0
300 303 5533 0
300 304 744 0
300 744 6629 0
300 6629 6697 0
301 745 749 0
301 745 1644 0
301 749 1625 0
301 1618 1625 0
301 1618 2601 0
301 1644 2601 0
302 748 2572 0
302 748 5532 0
302 1623 2571 0
302 1623 2572 0
302 2571 6021 0
302 5532 6021 0
303 304 751 0
303 750 751 0
303 750 768 0
303 768 5533 0
304 744 2568 0
304 746 751 0
304 746 2568 0
305 1628 2592 0
305 1628 3535 0
305 1633 2592 0
305 1633 4288 0
305 3535 6365 0
305 4288 6365 0
306 743 771 0
306 759 6188 0
307 757 765 0
307 757 4782 0
307 760 777 0
307 760 2594 0
307 765 2594 0
307 777 4782 0
308 758 759 0
308 758 763 0
308 759 760 0
308 760 1639 0
308 763 766 0
308 766 1639 0
309 769 1639 0
309 769 3542 0
309 1639 2594 0
309 2594 5534 0
309 3542 5522 0
309 5522 5534 0
310 767 5522 0
310 767 5533 0
310 768 2585 0
310 768 5533 0
310 2585 5735 0
310 5522 5735 0
311 734 735 0
311 734 6766 0
311 735 772 0
311 736 781 0
311 736 6766 0
311 772 4295 0
311 781 4295 0
312 770 773 0
312 770 1839 0
312 773 1650 0
312 1649 1650 0
312 1649 2847 0
312 1839 6574 0
312 2847 6574 0
313 770 773 0
314 1839 1840 0
315 323 2606 0
315 728 729 0
315 729 782 0
315 782 2606 0
316 1657 2613 0
316 1657 6518 0
316 1662 4786 0
316 1662 6493 0
316 2613 4786 0
316 6493 6518 0
317 319 1665 0
317 1661 2616 0
318 788 1666 0
318 788 3559 0
318 1663 3559 0
319 789 1665 0
319 789 1666 0
320 1685 3588 0
321 322 795 0
321 795 2618 0
322 795 6453 0
322 6453 6454 0
323 2606 4298 0
323 2619 4298 0
324 790 791 0
324 790 6604 0
324 791 805 0
324 805 2622 0
324 2622 3566 0
324 3566 6604 0
325 2619 6251 0
325 6251 6455 0
326 791 794 0
326 791 6703 0
326 792 793 0
326 792 1669 0
326 793 794 0
326 1669 6703 0
327 1689 1697 0
327 1689 3594 0
327 1690 1694 0
327 1690 3594 0
327 1693 1694 0
327 1693 1697 0
328 1696 6104 0
328 1696 6724 0
328 1699 3439 0
328 1699 3603 0
328 3439 6314 0
328 3603 6724 0
328 6104 6314 0
329 343 806 0
329 806 1710 0
329 1709 1710 0
330 338 343 0
330 338 809 0
330 343 806 0
330 806 1711 0
330 809 6371 0
330 1711 6216 0
330 6216 6371 0
331 2674 2682 0
331 2674 3633 0
331 2676 3633 0
331 2676 6371 0
331 2682 3641 0
331 3641 6216 0
331 6216 6371 0
332 1712 3587 0
333 811 2684 0
333 811 2685 0
333 813 2642 0
333 813 2684 0
333 1684 2642 0
333 1684 2685 0
334 815 2701 0
334 815 6217 0
334 816 2685 0
334 816 2701 0
334 1708 1717 0
334 1708 2685 0
334 1717 6217 0
335 336 519 0
335 336 1732 0
335 519 818 0
335 521 818 0
335 521 1157 0
335 1157 3677 0
335 1732 3677 0
336 519 3170 0
336 1158 1732 0
336 1158 6483 0
336 3170 6483 0
337 825 1731 0
337 825 3656 0
337 1147 1731 0
337 1147 2711 0
337 2711 3656 0
338 339 809 0
338 343 344 0
339 809 1705 0
339 826 2669 0
339 1705 4821 0
339 2669 4821 0
340 525 526 0
340 525 527 0
341 342 828 0
341 342 1157 0
341 521 1157 0
341 828 1733 0
342 345 526 0
342 345 828 0
342 525 526 0
342 525 1157 0
345 526 808 0
345 807 808 0
345 828 1735 0
346 559 1743 0
346 1636 1637 0
346 1636 3692 0
346 1743 2593 0
346 2593 3692 0
347 564 829 0
347 643 830 0
347 829 6025 0
347 830 6025 0
348 831 1205 0
348 831 2737 0
348 1204 1205 0
348 1204 1742 0
348 1742 3216 0
348 2737 3216 0
349 832 838 0
349 832 5999 0
349 838 1756 0
349 1746 1748 0
349 1746 5999 0
349 1748 1756 0
350 1367 1751 0
350 1367 2361 0
350 1749 2360 0
350 1749 2590 0
350 1751 2590 0
350 2360 2361 0
351 837 1364 0
351 837 2735 0
351 1364 2734 0
351 1753 2734 0
351 1753 3687 0
351 2735 3687 0
352 1159 5495 0
352 3697 5168 0
352 3697 6038 0
352 5168 5495 0
353 369 843 0
353 885 887 0
354 850 853 0
354 850 1770 0
354 853 2767 0
354 1770 1771 0
354 1771 2759 0
354 1775 2759 0
354 1775 2767 0
355 475 855 0
355 475 5550 0
355 851 854 0
355 851 1770 0
355 854 5933 0
355 855 1770 0
355 5550 5933 0
356 1779 2760 0
356 1779 2791 0
356 2760 2761 0
356 2761 3702 0
356 2791 6219 0
356 3702 6219 0
357 1784 3722 0
357 1784 4367 0
357 1786 2750 0
357 1786 2785 0
357 2750 4367 0
357 2785 3722 0
358 518 863 0
358 518 6481 0
358 863 1789 0
358 1789 2203 0
358 2203 6583 0
358 6481 6583 0
359 863 1789 0
359 1789 3135 0
359 2154 6232 0
359 3135 4981 0
359 4981 6232 0
360 1794 3108 0
360 1794 4387 0
360 1798 3110 0
360 1798 4387 0
360 3108 3110 0
361 362 2803 0
361 2088 3064 0
361 2089 2803 0
361 2089 3064 0
362 387 906 0
362 906 2805 0
362 2803 2805 0
363 867 1805 0
363 1805 2083 0
364 481 482 0
365 869 3732 0
365 1820 2829 0
365 2806 3732 0
365 2806 5940 0
365 2829 5940 0
366 870 1814 0
366 870 1817 0
366 1814 1815 0
366 1815 4861 0
366 1817 3749 0
366 3749 4861 0
367 878 882 0
367 878 6258 0
367 882 4865 0
367 4471 4905 0
367 4471 6258 0
367 4865 4905 0
368 1832 2836 0
368 1832 3758 0
368 2834 3758 0
368 2834 4863 0
368 2836 4863 0
370 885 1835 0
370 889 1835 0
370 889 3760 0
370 3760 5995 0
371 372 889 0
371 372 1836 0
371 889 3760 0
371 1834 3760 0
372 889 1838 0
372 1836 1837 0
372 1837 6220 0
372 1838 6220 0
373 1846 2422 0
373 1846 3386 0
373 2421 3385 0
373 2421 3386 0
373 2422 3385 0
374 430 972 0
374 972 1846 0
375 376 396 0
375 376 1847 0
375 396 928 0
375 892 928 0
375 892 2859 0
375 1847 2859 0
376 378 1847 0
376 396 934 0
377 905 5608 0
377 905 6593 0
377 1859 5591 0
377 1859 5608 0
377 5591 5592 0
377 5592 6593 0
379 380 1853 0
379 1853 2863 0
380 381 1804 0
380 1804 1853 0
381 867 1804 0
382 908 1848 0
382 908 1873 0
382 909 2867 0
382 909 6121 0
382 1848 6468 0
382 1873 2867 0
382 6121 6468 0
383 909 1870 0
383 909 6121 0
383 1802 1803 0
383 1802 1870 0
383 1803 6599 0
383 3770 6121 0
383 3770 6599 0
384 448 1020 0
384 898 902 0
384 898 1020 0
384 902 5536 0
384 5536 6622 0
385 1854 2864 0
385 1854 5676 0
385 1858 2864 0
385 1858 6598 0
385 2865 5676 0
385 2865 6598 0
386 903 1864 0
386 903 2868 0
386 905 1864 0
386 905 5611 0
386 1872 2868 0
386 1872 5611 0
387 906 4405 0
388 907 4870 0
389 910 1867 0
389 1015 2011 0
389 1015 3008 0
389 1867 3008 0
390 392 913 0
390 392 1873 0
390 908 1873 0
390 908 2900 0
390 913 6039 0
390 2900 6039 0
391 911 1871 0
391 911 5536 0
391 912 5536 0
391 912 6507 0
391 1869 1871 0
391 1869 6507 0
392 913 1862 0
392 1862 1871 0
392 1869 1871 0
392 1869 1873 0
393 2933 3781 0
393 2933 5689 0
393 3781 5748 0
393 3833 5689 0
393 3833 5763 0
393 5679 5748 0
393 5679 5763 0
394 1888 2916 0
394 1888 3792 0
394 1890 2886 0
394 1890 2915 0
394 2886 3792 0
394 2915 2916 0
395 1898 2879 0
395 1898 5918 0
395 1902 2894 0
395 1902 5753 0
395 2879 2894 0
395 5753 5918 0
396 894 927 0
396 894 928 0
396 927 934 0
397 893 928 0
397 894 928 0
397 894 930 0
397 930 2903 0
398 893 6375 0
398 897 1848 0
398 897 2899 0
398 1848 6375 0
398 1905 2899 0
399 1894 3795 0
399 1894 4470 0
399 1908 1958 0
399 1908 3795 0
399 1958 3866 0
399 3866 4470 0
400 421 932 0
402 931 932 0
402 931 963 0
403 933 1911 0
403 933 1953 0
404 934 1952 0
404 934 6165 0
404 1952 1953 0
405 915 935 0
405 935 5538 0
405 5524 5537 0
405 5537 5538 0
406 941 1918 0
406 941 2927 0
406 1918 2921 0
406 1921 2927 0
406 1921 6651 0
406 2921 6651 0
407 408 944 0
407 408 5524 0
407 943 944 0
407 943 5687 0
407 5524 5539 0
407 5539 5687 0
408 413 944 0
408 413 5525 0
409 1927 2951 0
409 1927 3829 0
409 2951 5621 0
409 3829 5692 0
409 5621 5692 0
410 956 1935 0
410 956 1938 0
410 1935 4069 0
410 1938 3274 0
410 3274 4069 0
411 956 1941 0
411 956 2952 0
411 1941 3839 0
411 2952 4467 0
411 2953 3839 0
411 2953 4467 0
412 413 5525 0
412 415 416 0
412 415 5525 0
412 416 960 0
413 944 949 0
413 949 6192 0
414 417 1875 0
414 1875 1877 0
415 416 2873 0
415 1879 2873 0
417 1875 2873 0
418 2869 3776 0
419 961 6221 0
420 424 967 0
422 962 963 0
422 962 2963 0
422 964 2963 0
422 964 6193 0
423 964 1947 0
423 964 3859 0
423 1947 1951 0
423 1951 2967 0
423 2967 3859 0
424 932 1954 0
424 967 1954 0
425 426 968 0
425 426 2969 0
425 967 1954 0
425 967 2973 0
425 968 1954 0
425 2969 2973 0
426 968 1955 0
426 969 1955 0
426 969 2970 0
426 2969 2970 0
427 969 971 0
427 969 1955 0
427 971 1949 0
427 1948 1949 0
427 1948 1955 0
428 973 2984 0
428 1840 1963 0
428 1963 2984 0
430 972 2984 0
430 973 2984 0
431 975 976 0
431 975 984 0
431 976 6702 0
431 984 1974 0
431 1974 6194 0
431 6194 6702 0
432 438 988 0
432 535 5998 0
433 537 5530 0
433 537 6623 0
433 5527 5530 0
433 5527 5540 0
433 5540 5558 0
433 5558 6623 0
434 978 1208 0
434 981 1967 0
434 981 1969 0
434 1208 1967 0
435 873 1824 0
435 873 1968 0
435 981 1824 0
435 981 1965 0
435 1965 3870 0
435 1968 3870 0
436 982 986 0
436 982 1970 0
436 984 1974 0
436 984 2985 0
436 986 2985 0
436 1970 1974 0
437 974 1974 0
437 985 988 0
437 985 1970 0
437 1970 1974 0
438 988 989 0
438 989 4866 0
438 990 2988 0
438 2988 4866 0
439 992 5840 0
439 992 6223 0
439 1994 3017 0
439 1994 5622 0
439 3017 5926 0
439 5622 6223 0
439 5840 5926 0
440 994 1978 0
440 994 4546 0
440 1977 4908 0
440 1977 6222 0
440 1978 6222 0
440 4546 4908 0
441 997 1984 0
441 997 5624 0
441 998 1979 0
441 998 1984 0
441 1979 5623 0
441 5623 5624 0
442 1271 2996 0
442 1271 5542 0
442 1986 2996 0
442 1986 2997 0
442 1989 2997 0
442 1989 5542 0
443 1002 1239 0
443 1002 1993 0
443 1239 5654 0
443 1240 2998 0
443 1240 5654 0
443 1993 2998 0
444 1009 2002 0
444 1009 2003 0
444 2002 5709 0
444 2003 4491 0
444 3021 4491 0
444 3021 5709 0
445 1010 1248 0
445 1010 5627 0
445 1011 1245 0
445 1011 5628 0
445 1245 1248 0
445 5627 5628 0
446 5544 5546 0
446 5544 5547 0
446 5546 5595 0
446 5547 5963 0
446 5595 5963 0
447 2019 3006 0
447 2019 4485 0
447 3006 4868 0
447 3892 4484 0
447 3892 4485 0
447 4484 4868 0
448 1020 3890 0
448 2011 3005 0
448 3005 3890 0
449 2021 4488 0
449 2021 5637 0
449 3009 4488 0
449 3009 6108 0
449 5637 6300 0
449 6108 6300 0
450 898 1020 0
450 898 1856 0
450 1856 6076 0
450 2024 6076 0
451 453 585 0
451 1042 6199 0
451 5531 6199 0
452 2044 3038 0
454 584 2026 0
454 1029 6196 0
454 2026 6227 0
454 6196 6227 0
455 582 1221 0
455 582 2249 0
455 1021 1221 0
455 1021 2027 0
455 2027 2249 0
456 457 1023 0
456 457 1030 0
456 1023 6031 0
456 1024 1030 0
456 1024 3027 0
456 3027 6612 0
456 6031 6612 0
457 1023 1029 0
457 1029 1038 0
457 1030 1039 0
457 1038 1039 0
458 1032 2036 0
458 1032 2039 0
458 2036 2037 0
458 2037 2038 0
458 2038 3033 0
458 2039 3033 0
459 1034 3034 0
459 1035 3037 0
459 2042 3034 0
459 2042 3037 0
460 497 498 0
460 497 1040 0
460 1040 3037 0
461 462 1036 0
461 462 1037 0
461 464 1041 0
461 1036 1041 0
462 1036 1038 0
462 1037 3913 0
462 1038 5877 0
462 3913 5877 0
463 494 496 0
463 494 4499 0
463 1037 3914 0
463 3914 4499 0
464 1041 1042 0
464 1042 6575 0
464 2103 6575 0
465 1044 1046 0
465 1044 6153 0
465 1046 1047 0
465 1047 2050 0
465 2050 6043 0
465 6043 6153 0
466 1050 2072 0
466 1050 3042 0
466 2056 3043 0
466 2056 3922 0
466 2072 3922 0
466 3042 3043 0
467 2064 4538 0
467 2064 5646 0
467 4538 5888 0
467 5644 5648 0
467 5644 5888 0
467 5646 5648 0
469 471 2049 0
469 471 6619 0
470 1051 2053 0
470 1051 2055 0
470 2053 6486 0
470 2055 2077 0
470 2077 5551 0
470 5551 6486 0
471 2049 5548 0
471 6183 6184 0
471 6184 6619 0
472 473 490 0
472 490 2093 0
472 1076 2093 0
473 1058 2048 0
474 1076 4945 0
474 2098 3944 0
474 2098 6185 0
474 3944 4945 0
475 489 5529 0
475 5529 5550 0
476 850 853 0
476 1075 2091 0
477 1062 1063 0
477 1062 1767 0
477 1063 6003 0
477 1767 1769 0
477 1769 6026 0
477 6003 6026 0
478 1066 2080 0
478 1066 3059 0
478 2073 2078 0
478 2073 3059 0
478 2078 3943 0
478 2080 3943 0
479 1067 2790 0
479 2081 2790 0
480 481 1067 0
480 858 5523 0
480 858 6027 0
480 1067 6027 0
482 1068 2082 0
483 1069 2084 0
483 1070 1071 0
483 1071 2086 0
484 1801 1805 0
484 1801 2089 0
484 1805 3063 0
484 2086 2089 0
485 1073 2087 0
487 1074 3062 0
488 2085 5528 0
488 5528 5790 0
488 5529 5790 0
489 1075 5790 0
489 5529 5790 0
491 492 493 0
491 492 2043 0
491 493 1077 0
491 1077 3916 0
491 2043 3915 0
491 3915 3916 0
492 493 2092 0
492 2043 2093 0
492 2092 4945 0
492 2093 4945 0
493 1077 4483 0
493 1866 2092 0
493 1866 4483 0
494 496 3040 0
494 497 1040 0
494 497 6372 0
494 1040 4499 0
494 3040 6372 0
495 1078 2099 0
495 1078 3040 0
495 2045 2046 0
495 2045 3039 0
495 2046 3040 0
495 2099 3039 0
496 2046 2103 0
496 2046 3040 0
497 498 1080 0
497 1079 1080 0
497 1079 6372 0
498 1080 3951 0
500 2061 3053 0
500 3053 5917 0
501 1081 2116 0
501 2116 3052 0
502 1088 3056 0
502 1088 3965 0
502 1089 3055 0
502 1089 3957 0
502 3055 3056 0
502 3957 3965 0
503 1090 3942 0
503 1090 3966 0
503 1091 2754 0
503 1091 3044 0
503 2754 3966 0
503 3044 3942 0
504 2121 2127 0
504 2121 3117 0
504 2124 3111 0
504 2124 3978 0
504 2127 3111 0
504 3117 3978 0
505 2135 3981 0
505 2135 6267 0
505 3981 4594 0
505 4013 4594 0
505 4013 6530 0
505 6267 6530 0
506 2146 2149 0
506 2146 2155 0
506 2149 3142 0
506 2152 3142 0
506 2152 5793 0
506 2155 5793 0
507 1101 2158 0
507 1101 4011 0
507 2158 4528 0
507 3114 4011 0
507 3114 5552 0
507 4528 5552 0
508 1103 2191 0
508 1103 3149 0
508 1104 1110 0
508 1104 2191 0
508 1110 3149 0
509 1105 1119 0
509 1105 3087 0
509 1119 6272 0
509 3086 3087 0
509 3086 3995 0
509 3995 6473 0
509 6272 6473 0
510 1109 1110 0
510 1109 2160 0
510 1110 3149 0
510 2160 6558 0
510 3149 5650 0
510 5346 5650 0
510 5346 6558 0
511 1111 2166 0
511 1111 4921 0
511 1112 4923 0
511 1112 6273 0
511 2166 3166 0
511 3166 6273 0
511 4921 4923 0
512 1108 1113 0
512 1108 2161 0
512 1113 5554 0
512 2161 2175 0
512 2175 5944 0
512 5554 5944 0
513 1122 1126 0
513 1122 2709 0
513 1123 1126 0
513 1123 2708 0
513 2708 2709 0
514 1131 1132 0
514 1131 3999 0
514 1132 1133 0
514 1133 3159 0
514 3159 3999 0
515 1136 1140 0
515 1136 5992 0
515 1140 6682 0
515 3169 4987 0
515 3169 6682 0
515 4591 4987 0
515 4591 5992 0
516 1139 1140 0
516 1139 3177 0
516 1140 3167 0
516 1141 3167 0
516 1141 6235 0
516 2189 3177 0
516 2189 6235 0
517 1143 6234 0
517 2145 2154 0
518 819 6000 0
518 819 6481 0
519 1144 3170 0
520 1142 1143 0
520 1142 2182 0
520 1143 6632 0
520 1145 2180 0
520 1145 3171 0
520 2180 6632 0
520 2182 3171 0
521 818 1728 0
522 2183 2188 0
522 2183 4351 0
522 2188 2198 0
522 2198 6500 0
522 3658 4351 0
522 3658 5740 0
522 5740 6500 0
523 1146 2181 0
523 1146 5557 0
523 1151 2147 0
523 1151 5557 0
523 1152 2148 0
523 1152 2181 0
523 2147 2148 0
524 2192 3180 0
524 2192 6635 0
524 2193 4016 0
524 2193 6157 0
524 3180 6157 0
524 4016 6635 0
525 527 2202 0
525 1157 3677 0
525 2202 3677 0
527 529 530 0
527 530 2202 0
528 530 532 0
528 530 2202 0
528 1158 1732 0
528 1732 2202 0
529 530 531 0
530 531 532 0
531 532 6174 0
531 1159 6174 0
532 1160 6174 0
533 543 571 0
533 543 1167 0
533 571 1162 0
533 1161 1162 0
533 1161 2101 0
533 1167 2101 0
534 539 977 0
534 977 2204 0
535 536 4024 0
535 536 5998 0
535 3217 6765 0
535 4024 6765 0
536 1164 2204 0
536 1164 5998 0
537 539 977 0
537 539 6762 0
537 977 6623 0
537 1165 5530 0
537 1165 6762 0
538 539 3072 0
538 539 6762 0
538 1165 3039 0
538 1165 6762 0
538 3039 6498 0
538 3072 3074 0
538 3074 6498 0
540 1169 1170 0
540 1169 1209 0
540 1209 2244 0
541 1166 1180 0
541 1166 3201 0
541 1180 1183 0
541 1183 6384 0
541 1210 2240 0
541 1210 3201 0
541 2240 6384 0
542 1170 1171 0
543 1167 2214 0
543 1171 2214 0
544 545 549 0
544 1168 1194 0
545 2217 2220 0
546 553 3209 0
546 2222 3209 0
547 1195 1197 0
547 1195 3205 0
549 1200 2231 0
550 1181 2220 0
550 1181 2431 0
550 2431 3393 0
551 1179 1180 0
551 1179 2219 0
551 1180 3206 0
551 1430 2219 0
551 1430 2432 0
551 2432 3206 0
552 1181 2218 0
552 1181 3203 0
552 1182 4602 0
552 1182 6384 0
552 1183 2218 0
552 1183 6384 0
552 3203 4602 0
553 2221 3209 0
554 1168 3202 0
554 1192 2223 0
554 1192 3202 0
554 2221 2223 0
555 1193 1194 0
555 1193 4030 0
555 1194 3202 0
555 2224 4030 0
556 1201 2233 0
556 1201 2234 0
556 2233 3420 0
556 2234 3418 0
556 3418 3420 0
557 1739 3678 0
557 1739 6630 0
557 4740 6626 0
557 6626 6630 0
558 1211 2241 0
558 1212 2241 0
559 1743 3680 0
559 3680 6709 0
560 578 4035 0
560 1203 1736 0
560 1203 4035 0
561 562 2236 0
561 562 2724 0
561 1207 2236 0
561 1207 6114 0
561 2724 3228 0
561 3228 6114 0
562 1204 1205 0
562 1204 1740 0
562 1205 2236 0
562 1740 2724 0
563 564 829 0
563 1205 2236 0
565 567 1966 0
565 567 3217 0
565 990 3876 0
565 1966 3876 0
566 1206 1207 0
566 1206 4023 0
566 1207 2238 0
566 2238 3218 0
566 3195 3218 0
566 3195 4023 0
567 3195 3217 0
567 3195 3218 0
568 1593 2528 0
568 1593 3224 0
568 2239 2247 0
568 2239 2528 0
568 2247 3225 0
568 3224 3225 0
569 1210 2240 0
569 1210 3227 0
569 2240 3226 0
569 3226 4605 0
569 3227 4605 0
570 574 1215 0
570 574 3225 0
570 1214 1215 0
570 1214 2243 0
570 2243 6274 0
570 3224 3225 0
570 3224 6274 0
571 1162 3197 0
571 1213 3197 0
572 573 575 0
572 575 2207 0
572 1163 2207 0
573 575 4033 0
573 2244 4033 0
574 1215 2245 0
574 2245 2246 0
574 2246 3225 0
575 576 2207 0
575 576 2245 0
575 2245 4033 0
576 1215 1216 0
576 1215 2245 0
576 1216 4022 0
576 2207 4022 0
577 578 1216 0
577 1211 6476 0
577 1214 1216 0
577 1214 6476 0
578 1216 6683 0
578 3194 4035 0
578 3194 6683 0
579 2835 3256 0
579 2835 3756 0
579 3256 4048 0
579 3755 3756 0
579 3755 4048 0
580 975 976 0
581 585 1218 0
581 1218 2248 0
581 1972 1973 0
581 1972 6236 0
581 2248 6236 0
582 1219 1221 0
582 1219 3881 0
582 1220 1975 0
582 1220 2249 0
582 1975 3881 0
583 1021 1221 0
583 1021 6186 0
583 2026 2248 0
583 2026 6227 0
583 6186 6227 0
586 2035 2250 0
586 2035 2270 0
586 2036 2037 0
586 2036 2270 0
586 2037 3030 0
586 2250 3030 0
587 1223 3029 0
587 1223 3236 0
587 1224 2032 0
587 1224 4061 0
587 2032 3029 0
587 3236 4061 0
588 1225 2028 0
588 1225 2252 0
588 2028 2034 0
588 2031 2034 0
588 2031 2252 0
589 1217 2990 0
589 1217 3259 0
589 2251 2253 0
589 2251 2990 0
589 2253 3262 0
589 3259 3260 0
589 3260 3262 0
590 1226 2255 0
590 1226 2962 0
590 2255 5945 0
590 2961 2962 0
590 2961 5559 0
590 5559 5945 0
591 1230 1231 0
591 1230 6005 0
591 1231 2256 0
591 1242 2261 0
591 1242 6005 0
591 2254 2256 0
591 2254 2261 0
592 1012 2005 0
592 1012 5837 0
592 1234 2005 0
592 1234 4458 0
592 4458 5836 0
592 5836 5837 0
593 3004 5564 0
593 3004 5703 0
593 5561 5564 0
593 5561 5633 0
593 5633 5703 0
594 1008 5565 0
594 1008 6042 0
594 1238 1239 0
594 1238 6042 0
594 1239 2260 0
594 2260 5565 0
595 1241 5567 0
595 1241 5569 0
595 1242 4606 0
595 1242 5569 0
595 4037 4606 0
595 4037 6152 0
595 5567 6152 0
596 1244 2263 0
596 1244 2264 0
596 1245 2264 0
596 1245 6364 0
596 2263 6238 0
596 6238 6364 0
597 1247 2002 0
597 1247 2264 0
597 1248 2264 0
597 1248 5571 0
597 2002 5543 0
597 5543 5571 0
598 600 601 0
598 600 880 0
598 601 1274 0
598 609 880 0
598 609 4070 0
598 1274 4070 0
599 1249 2291 0
599 1249 3251 0
599 1274 3254 0
599 1274 3276 0
599 2291 3276 0
599 3251 3254 0
600 601 4052 0
600 880 1250 0
600 1250 4052 0
601 1274 3254 0
601 2281 3254 0
601 2281 4052 0
602 1251 1981 0
602 1251 2267 0
602 1252 1981 0
602 1252 5948 0
602 1256 2267 0
602 1256 5948 0
603 1256 1258 0
603 1256 5574 0
603 1258 5573 0
603 3239 3244 0
603 3239 5574 0
603 3244 5573 0
604 1257 1258 0
604 1257 2268 0
604 1258 2267 0
604 1259 2267 0
604 1259 2268 0
605 2277 3248 0
605 2277 4056 0
605 2280 3248 0
605 2280 4055 0
605 3265 4055 0
605 3265 6065 0
605 4056 6065 0
606 1270 4039 0
606 1270 6502 0
606 2274 4040 0
606 2274 4609 0
606 4039 4040 0
606 4041 4609 0
606 4041 6502 0
607 1272 2299 0
607 1272 3270 0
607 1277 2299 0
609 880 2293 0
609 1275 2293 0
609 1275 4070 0
610 619 1281 0
610 619 1284 0
610 1276 1281 0
610 1276 2831 0
610 1284 2831 0
611 871 2294 0
611 871 2842 0
611 1284 2831 0
611 2831 2842 0
612 1818 3278 0
612 1818 6505 0
612 3278 4091 0
612 3288 4633 0
612 3288 6505 0
612 4091 5011 0
612 4633 5011 0
613 614 615 0
613 614 1831 0
613 615 6187 0
613 1831 3851 0
613 3279 3851 0
613 3279 6187 0
614 615 1276 0
614 1276 2841 0
614 1831 2840 0
614 2840 2841 0
615 1276 2298 0
615 2296 2298 0
615 2296 6187 0
616 952 4620 0
616 2296 3280 0
616 2296 6187 0
616 3279 4620 0
616 3279 6187 0
617 1298 3309 0
617 1298 6488 0
617 3287 6135 0
617 3309 6135 0
618 1281 1283 0
618 1281 2298 0
618 1282 1283 0
618 1282 4624 0
618 2297 2298 0
618 2297 4624 0
619 1281 1283 0
619 1283 4077 0
619 1284 3289 0
619 3289 4077 0
620 1289 2312 0
620 1289 2318 0
620 2312 6032 0
620 2318 3297 0
620 3297 6111 0
620 6032 6111 0
621 1292 1334 0
621 1292 6049 0
621 1334 1338 0
621 1338 2313 0
621 2313 3302 0
621 3302 6049 0
622 1300 1326 0
622 1300 1343 0
622 1301 2333 0
622 1301 2343 0
622 1326 2333 0
622 1343 2343 0
623 1309 1311 0
623 1309 2324 0
623 1310 1311 0
623 1310 4105 0
623 2324 3318 0
623 3318 4105 0
624 1312 1317 0
624 1312 2327 0
624 1313 2327 0
624 1313 6241 0
624 1317 2330 0
624 2330 6241 0
625 1310 1311 0
625 1311 1315 0
625 1314 1315 0
625 1314 6654 0
626 1319 1336 0
626 1319 2332 0
626 1336 3324 0
626 2332 6449 0
626 3324 6607 0
626 6449 6607 0
627 1321 1332 0
627 1321 6240 0
627 1322 2339 0
627 1322 6203 0
627 1332 2339 0
627 6203 6240 0
628 1323 1325 0
628 1323 4133 0
628 1324 2333 0
628 1324 2344 0
628 1325 2333 0
628 2344 4665 0
628 4133 4665 0
629 1325 1326 0
629 1325 1327 0
629 1326 2336 0
629 1327 3323 0
629 2336 4110 0
629 3323 5019 0
629 4110 5019 0
630 1330 2403 0
630 1330 3325 0
630 1331 1405 0
630 1331 3325 0
630 1405 1406 0
630 1406 2403 0
631 1333 1338 0
631 1333 2340 0
631 1334 1338 0
631 1334 6006 0
631 2340 6034 0
631 6006 6034 0
632 1335 1336 0
632 1335 6009 0
632 1336 4112 0
632 1337 1399 0
632 1337 6312 0
632 1399 6009 0
632 4112 6312 0
633 1293 1338 0
633 1293 1340 0
633 1333 1338 0
633 1333 1339 0
633 1339 2372 0
633 1340 2372 0
634 1301 1345 0
634 1301 2343 0
634 1342 1345 0
634 1342 5260 0
634 2343 4682 0
634 4682 5260 0
635 1359 2353 0
635 1359 3767 0
635 2353 3328 0
635 3328 4684 0
635 3767 4680 0
635 4680 4684 0
636 1346 2356 0
636 1346 4273 0
636 2356 3341 0
636 2576 3341 0
636 2576 4771 0
636 4273 4771 0
637 1348 2384 0
637 1348 2581 0
637 1349 2390 0
637 1349 2580 0
637 2384 2390 0
637 2580 2581 0
638 1350 2347 0
638 1350 3528 0
638 2346 3330 0
638 2346 3528 0
638 2347 3330 0
639 1354 1355 0
639 1354 2349 0
639 1355 6035 0
639 2349 3334 0
639 3334 6136 0
639 6035 6136 0
640 1359 3336 0
640 1359 4128 0
640 3336 4125 0
640 3364 4125 0
640 3364 4128 0
641 1361 2354 0
641 1361 3330 0
641 2347 2355 0
641 2347 3330 0
641 2354 3340 0
641 2355 3340 0
642 3347 5535 0
642 3347 5729 0
642 5729 6001 0
642 6001 6024 0
643 874 1825 0
643 874 1969 0
644 648 2371 0
644 648 5969 0
644 1363 2371 0
644 1363 6007 0
644 1373 5731 0
644 1373 6007 0
644 5731 5969 0
645 1365 1755 0
645 1365 2359 0
645 1366 1755 0
645 1366 3344 0
645 2359 2360 0
645 2360 3344 0
646 1367 2362 0
646 1367 5659 0
646 1369 2362 0
646 1369 3353 0
646 2363 3353 0
646 2363 5659 0
647 1387 2369 0
647 1387 2375 0
647 2366 2375 0
647 2366 2816 0
647 2369 2815 0
647 2815 2816 0
648 1372 1376 0
648 1372 1828 0
648 1376 2371 0
648 1828 5969 0
649 1374 3355 0
649 1374 6205 0
649 1375 1376 0
649 1375 3355 0
649 1376 2371 0
649 2371 6205 0
650 1377 1379 0
650 1377 1382 0
650 1378 1382 0
650 1378 2818 0
650 1379 2825 0
650 2818 2825 0
651 1380 2820 0
651 1380 6208 0
651 1401 3745 0
651 1401 6010 0
651 2820 3745 0
651 6010 6208 0
652 1390 2393 0
652 1390 3352 0
652 2391 2393 0
652 2391 6708 0
652 3352 6567 0
652 6567 6708 0
653 1394 2392 0
653 1394 4138 0
653 2385 2392 0
653 2385 5043 0
653 4138 6097 0
653 5043 5235 0
653 5235 6097 0
654 1395 1396 0
654 1395 2394 0
654 1396 6208 0
654 1397 2396 0
654 1397 6208 0
654 2394 2396 0
655 1398 1399 0
655 1398 1404 0
655 1399 2399 0
655 1400 1407 0
655 1400 2399 0
655 1404 1407 0
656 1401 1403 0
656 1401 6010 0
656 1403 6638 0
656 3358 3362 0
656 3358 6010 0
656 3362 6638 0
657 1404 2402 0
657 1404 2405 0
657 2402 2404 0
657 2404 3369 0
657 2405 4131 0
657 3369 4131 0
659 1409 1410 0
659 1409 1415 0
660 662 1409 0
660 662 6763 0
660 1409 1410 0
660 1410 4079 0
660 1420 2411 0
660 1420 6763 0
660 2411 4079 0
661 1411 1413 0
661 1413 2425 0
661 2425 6125 0
661 6120 6125 0
662 1409 2420 0
662 1419 6763 0
663 1421 1524 0
663 1421 3395 0
663 1422 1446 0
663 1422 1531 0
663 1446 3395 0
663 1524 1531 0
664 1424 1501 0
664 1424 2435 0
664 1501 1510 0
664 1510 6628 0
664 2435 2443 0
664 2443 6490 0
664 6490 6628 0
665 1542 2499 0
665 2499 3391 0
665 3391 4156 0
666 1426 1560 0
666 1426 2429 0
666 1427 1566 0
666 1427 2433 0
666 1560 6492 0
666 1566 6492 0
666 2429 2433 0
667 1430 2428 0
667 1430 5277 0
667 2428 5082 0
667 5082 5280 0
667 5277 5280 0
668 1431 1437 0
668 1431 6022 0
668 1436 1437 0
668 1436 6209 0
668 1675 6022 0
668 1675 6209 0
669 1433 1440 0
669 1433 6246 0
669 1440 2440 0
669 2436 2440 0
669 2436 5578 0
669 2463 5578 0
669 2463 6246 0
670 1436 1437 0
670 1436 6722 0
670 1437 2439 0
670 1438 2439 0
670 1438 6245 0
670 6245 6517 0
670 6517 6722 0
671 1438 1439 0
671 1438 6363 0
671 1439 2441 0
671 2437 3396 0
671 2437 6363 0
671 2441 3396 0
672 1442 1444 0
672 1442 4158 0
672 1444 1445 0
672 1445 3398 0
672 3398 6013 0
672 4158 6013 0
673 1445 2444 0
673 1445 2446 0
673 2444 5283 0
673 2446 2447 0
673 2447 3390 0
673 3390 5283 0
674 1449 3401 0
674 1449 3409 0
674 2449 3401 0
674 2449 4184 0
674 3409 3411 0
674 3411 4184 0
675 1455 1484 0
675 1455 1698 0
675 1484 2470 0
675 1698 6069 0
675 2470 2657 0
675 2657 6069 0
676 1456 2467 0
676 1456 3601 0
676 1457 1470 0
676 1457 1691 0
676 1470 2467 0
676 1691 3601 0
677 2473 3455 0
677 2473 4219 0
677 3444 3456 0
677 3444 4219 0
677 3455 6691 0
677 3456 6691 0
678 1459 3465 0
678 1459 5733 0
678 1460 1503 0
678 1460 5733 0
678 1503 3465 0
679 2434 5579 0
679 2434 5662 0
679 4223 4732 0
679 4223 5662 0
679 4224 4732 0
679 4224 5579 0
680 1590 3489 0
680 1590 6015 0
680 2545 2547 0
680 2545 3499 0
680 2547 6015 0
680 3489 3499 0
681 740 4263 0
682 685 686 0
683 1466 1468 0
683 1466 4228 0
683 1468 1469 0
683 1469 2521 0
683 2521 4739 0
683 4228 4739 0
684 6482 6620 0
684 6482 6656 0
684 6620 6686 0
684 6626 6630 0
684 6626 6656 0
684 6630 6686 0
685 6482 6620 0
685 6620 6709 0
686 2466 6016 0
687 1470 1472 0
687 1470 1474 0
687 1471 1474 0
687 1471 2610 0
687 1472 2610 0
688 1473 1482 0
688 1473 4766 0
688 1482 1486 0
688 1486 3501 0
688 3501 4766 0
689 1474 1476 0
689 1474 3448 0
689 1476 1481 0
689 1481 3450 0
689 3448 6106 0
689 3450 6106 0
690 1477 1500 0
690 1477 4253 0
690 1478 1497 0
690 1478 6249 0
690 1497 1500 0
690 4253 6249 0
691 1483 1484 0
691 1483 2474 0
691 1484 3453 0
691 2472 3453 0
691 2472 3454 0
691 2474 3454 0
692 1486 1488 0
692 1486 3451 0
692 1487 1494 0
692 1487 3451 0
692 1488 3459 0
692 1494 3459 0
693 1490 1519 0
693 1490 4239 0
693 1519 2487 0
693 2477 2482 0
693 2477 2487 0
693 2482 4239 0
694 1491 3460 0
694 1491 6053 0
694 1494 3459 0
694 1494 3461 0
694 3459 3460 0
694 3461 6053 0
695 1498 1500 0
695 1498 1515 0
695 1499 3462 0
695 1499 3470 0
695 1500 3462 0
695 1515 3470 0
696 1502 1505 0
696 1502 1511 0
696 1503 2481 0
696 1503 3464 0
696 1505 2481 0
696 1511 3464 0
697 1505 2481 0
697 1505 4235 0
697 1506 3458 0
697 1506 3465 0
697 2481 3465 0
697 3458 5970 0
697 4235 5970 0
698 1508 4752 0
698 1508 6213 0
698 1509 1537 0
698 1509 2483 0
698 1537 6213 0
698 2483 5306 0
698 4752 5306 0
699 1510 1512 0
699 1510 6212 0
699 1512 1526 0
699 1526 1527 0
699 1527 6714 0
699 6212 6713 0
699 6713 6714 0
700 1518 1556 0
700 1518 6491 0
700 1520 1559 0
700 1520 2488 0
700 1556 2509 0
700 1559 2509 0
700 2488 6491 0
701 1521 1522 0
701 1521 1523 0
701 1522 1579 0
701 1523 1585 0
701 1579 1585 0
702 1526 2490 0
702 1526 3474 0
702 1532 3468 0
702 1532 5581 0
702 2490 5581 0
702 3468 3474 0
703 1527 2491 0
703 1527 6715 0
703 1528 1536 0
703 1528 2491 0
703 1529 1530 0
703 1529 6715 0
703 1530 1536 0
704 1531 5580 0
704 1531 6017 0
704 1533 2494 0
704 1533 6017 0
704 2494 2496 0
704 2496 6592 0
704 5580 6592 0
705 1536 1537 0
705 1536 1538 0
705 1537 1539 0
705 1538 1550 0
705 1539 1554 0
705 1550 1554 0
706 1541 1542 0
706 1541 1562 0
706 1542 4245 0
706 1562 5583 0
706 4245 5583 0
707 1543 1552 0
707 1543 6020 0
707 1552 2503 0
707 2503 3480 0
707 3480 6018 0
707 6018 6020 0
708 1535 1546 0
708 1535 2493 0
708 1545 1548 0
708 1545 2493 0
708 1546 2504 0
708 1548 2504 0
709 1538 1550 0
709 1538 2505 0
709 1548 2502 0
709 1548 2505 0
709 1549 2502 0
709 1549 2506 0
709 1550 2506 0
710 1551 1552 0
710 1551 1580 0
710 1552 2501 0
710 1553 2501 0
710 1553 5585 0
710 1580 5585 0
711 1554 1555 0
711 1554 2508 0
711 1555 1556 0
711 1556 2510 0
711 2508 2510 0
712 1557 1559 0
712 1557 1576 0
712 1558 1575 0
712 1558 2509 0
712 1559 2509 0
712 1575 2517 0
712 1576 2517 0
713 1560 1567 0
713 1560 2498 0
713 1561 1567 0
713 1561 2512 0
713 2498 2512 0
714 1563 1569 0
714 1563 6019 0
714 1564 1565 0
714 1564 5584 0
714 1565 1569 0
714 5584 6019 0
715 1566 1567 0
715 1566 6113 0
715 1567 3491 0
715 1568 3490 0
715 1568 6113 0
715 2530 3490 0
715 2530 3491 0
716 1569 1570 0
716 1569 1571 0
716 1570 1572 0
716 1571 2535 0
716 1572 2534 0
716 2534 2535 0
717 1573 1575 0
717 1573 1581 0
717 1574 1583 0
717 1574 2517 0
717 1575 2517 0
717 1581 1583 0
718 1576 1578 0
718 1576 2518 0
718 1577 1584 0
718 1577 2518 0
718 1578 1579 0
718 1579 1584 0
719 1580 1581 0
719 1580 1582 0
719 1581 3482 0
719 1582 3485 0
719 3482 3485 0
720 1584 1585 0
720 1584 1586 0
720 1585 1587 0
720 1586 3488 0
720 1587 2527 0
720 2527 3488 0
721 1596 2533 0
721 1596 4250 0
721 1597 2533 0
721 1597 4763 0
721 4250 4763 0
722 1598 2536 0
722 1598 6126 0
722 1600 2536 0
722 1600 4247 0
722 4247 4995 0
722 4604 4995 0
722 4604 6126 0
723 724 1607 0
723 730 1607 0
725 2538 2546 0
725 2538 3521 0
725 2540 2541 0
725 2540 3521 0
725 2541 2543 0
725 2543 2546 0
726 1604 3523 0
726 1604 6646 0
726 3523 4261 0
726 5587 5736 0
726 5736 6646 0
727 728 789 0
727 789 1665 0
728 729 789 0
729 782 788 0
729 788 1666 0
729 789 1666 0
730 732 1607 0
730 732 3513 0
730 1613 3513 0
730 1613 3518 0
731 732 3513 0
731 2556 3513 0
733 734 735 0
733 735 771 0
733 743 771 0
733 743 1608 0
735 771 776 0
735 772 776 0
736 781 6179 0
737 1609 1637 0
737 1609 1638 0
737 1610 1611 0
737 1611 1637 0
738 742 764 0
738 742 3519 0
738 2560 3519 0
739 740 6127 0
739 1610 1611 0
739 1610 6127 0
739 1611 1612 0
740 4263 6137 0
740 4264 6127 0
740 4264 6137 0
741 1613 2558 0
741 1613 3514 0
741 2558 2561 0
741 2561 4768 0
741 2563 3514 0
741 2563 4768 0
742 758 759 0
742 758 764 0
743 1608 2559 0
744 752 2568 0
744 752 6215 0
744 6215 6629 0
745 748 749 0
745 1644 3552 0
746 751 1620 0
746 1619 2568 0
746 1619 5664 0
746 1620 5664 0
747 1621 4268 0
747 1621 4274 0
747 1623 2571 0
747 1623 4268 0
747 2571 4275 0
747 4274 4275 0
748 749 2572 0
749 1625 4269 0
749 2572 4269 0
750 751 1620 0
750 754 1620 0
750 754 3544 0
750 768 3544 0
752 1619 2568 0
752 1619 5532 0
753 1629 1630 0
753 1629 3531 0
753 1630 2581 0
753 2574 3329 0
753 2574 3531 0
753 2581 3329 0
754 1620 1627 0
754 1627 2578 0
754 2578 6107 0
754 3544 6107 0
755 1628 1629 0
755 1628 2592 0
755 1629 1630 0
755 1630 2733 0
755 2592 2730 0
755 2730 2733 0
756 1632 2589 0
756 1632 4279 0
756 2589 3547 0
756 2591 3547 0
756 2591 6718 0
756 4279 6316 0
756 6316 6718 0
757 2605 4782 0
757 2605 5586 0
758 763 764 0
759 760 6188 0
760 777 6188 0
760 1639 2594 0
761 763 766 0
761 763 1638 0
761 766 4287 0
761 1635 1638 0
761 1635 4287 0
762 1609 1635 0
762 1609 1637 0
762 1635 3691 0
762 1636 1637 0
762 1636 2744 0
762 2744 3691 0
763 764 1638 0
765 767 5534 0
765 2594 5534 0
766 769 1639 0
766 769 4287 0
767 5522 5534 0
768 2585 3544 0
769 1640 3542 0
769 1640 4287 0
772 776 4289 0
772 1642 4289 0
772 1642 4295 0
773 1650 2595 0
773 2595 3557 0
774 1641 1649 0
774 1641 2596 0
774 1649 1650 0
774 1650 6685 0
774 2596 4783 0
774 2597 4783 0
774 2597 6685 0
775 776 4289 0
775 777 4782 0
775 4289 5313 0
775 4782 6582 0
775 5313 6582 0
778 1643 1645 0
778 1643 6446 0
778 1645 6214 0
778 2603 3553 0
778 2603 6446 0
778 2604 3553 0
778 2604 6214 0
779 1644 3552 0
779 1644 3554 0
779 1647 2602 0
779 1647 2604 0
779 2602 3552 0
779 2604 3554 0
780 1646 1648 0
780 1646 3555 0
780 1647 2602 0
780 1647 4294 0
780 1648 2602 0
780 3555 4294 0
781 3557 4295 0
782 788 6115 0
782 2606 2607 0
782 2607 6115 0
783 1653 1655 0
783 1653 2609 0
783 1655 3558 0
783 1656 3558 0
783 1656 5127 0
783 2609 5127 0
784 1654 2612 0
784 1654 2625 0
784 2612 3561 0
784 2625 2627 0
785 1664 2608 0
785 1664 3560 0
785 1672 2608 0
785 1672 2627 0
786 1657 2613 0
786 1657 3507 0
786 2611 3507 0
786 2611 3561 0
786 2613 2614 0
786 2614 3561 0
787 1658 2617 0
787 1658 5736 0
787 1659 2552 0
787 1659 2617 0
787 2552 2615 0
787 2615 6757 0
787 5736 6757 0
788 3559 6115 0
790 791 6703 0
790 2628 6317 0
790 2628 6604 0
790 4791 6252 0
790 4791 6317 0
790 6252 6703 0
791 794 805 0
792 793 3569 0
793 794 6373 0
793 2630 3569 0
793 2630 6374 0
793 6373 6374 0
794 805 6373 0
795 796 2618 0
795 796 6374 0
795 6374 6453 0
796 1667 2618 0
796 1667 3621 0
796 1671 3621 0
796 1671 6373 0
796 6373 6374 0
797 1675 2633 0
797 1675 3574 0
797 2632 5807 0
797 2632 6285 0
797 2633 5807 0
797 3574 6285 0
798 1682 1718 0
798 1682 3576 0
798 1718 2693 0
798 2638 3647 0
798 2638 6398 0
798 2693 3647 0
798 3576 6398 0
799 1667 2618 0
799 1667 6401 0
799 1685 2618 0
799 1685 3588 0
799 2643 3588 0
799 2643 6400 0
799 6400 6401 0
800 2646 3591 0
800 2646 6037 0
800 2647 2648 0
800 2647 6037 0
800 2648 4299 0
800 3591 4299 0
801 1690 1694 0
801 1690 3596 0
801 1694 6254 0
801 3596 4313 0
801 4313 6253 0
801 6253 6254 0
802 1693 2654 0
802 1693 6254 0
802 2652 5810 0
802 2652 6254 0
802 2654 4319 0
802 4319 5810 0
803 1695 3610 0
803 1695 4316 0
803 3565 4307 0
803 3565 4323 0
803 3610 4323 0
803 4307 4316 0
804 1689 1697 0
804 1689 2650 0
804 1697 3604 0
804 2650 2656 0
804 2656 6104 0
804 3604 6707 0
804 6104 6707 0
805 1671 2622 0
805 1671 6373 0
806 1710 1711 0
807 808 6480 0
809 1705 2676 0
809 2676 6371 0
810 1705 2675 0
810 1705 4821 0
810 2668 2671 0
810 2668 3628 0
810 2671 2675 0
810 3628 4821 0
811 1708 2685 0
811 1708 2687 0
811 2684 4345 0
811 2687 4345 0
812 2641 2699 0
812 2641 3584 0
812 2690 2694 0
812 2690 3584 0
812 2694 2698 0
812 2698 2699 0
813 1712 2642 0
813 2684 6479 0
814 817 3645 0
814 1716 3645 0
814 1716 4341 0
814 3638 4341 0
815 817 3648 0
815 2701 3648 0
816 1684 1713 0
816 1684 2685 0
816 1713 2699 0
816 2699 2701 0
817 2697 3645 0
817 2697 3648 0
818 1728 1729 0
819 1158 6483 0
819 2179 6000 0
819 2179 6483 0
820 821 1721 0
820 821 3656 0
820 1703 1704 0
820 1703 3656 0
820 1704 4818 0
820 1721 2702 0
820 2702 4818 0
821 1720 1721 0
821 1720 2712 0
821 2712 3656 0
822 1722 1723 0
822 1722 2707 0
822 1723 3651 0
822 2707 4823 0
822 3651 4823 0
823 1725 3653 0
823 1725 4357 0
823 1726 2708 0
823 1726 4354 0
823 2708 2709 0
823 2709 3653 0
823 4354 4357 0
824 1727 3655 0
824 1727 3668 0
824 2717 3668 0
824 2717 6255 0
824 3655 6218 0
824 6218 6255 0
825 826 1703 0
825 826 1734 0
825 1703 3656 0
825 1731 1734 0
826 827 1734 0
826 1703 2669 0
827 828 1733 0
827 828 1735 0
827 1733 1734 0
829 833 6025 0
830 1746 6024 0
830 1746 6025 0
831 834 1747 0
831 1747 2737 0
832 2370 6001 0
832 5999 6001 0
833 834 1748 0
833 1746 1748 0
833 1746 6025 0
834 1747 2736 0
834 1748 2736 0
835 1369 1752 0
835 1369 2362 0
835 1752 2731 0
835 2362 3681 0
835 2731 3681 0
836 1363 1364 0
836 1363 6205 0
836 1364 2734 0
836 1365 2734 0
836 1365 6278 0
836 6205 6621 0
836 6278 6621 0
837 1364 6007 0
837 1373 6007 0
837 1757 2735 0
838 1756 3683 0
838 1757 3683 0
839 2729 2742 0
839 2729 3216 0
839 2737 3216 0
839 2737 4359 0
839 2742 3684 0
839 3684 4359 0
840 2739 4775 0
840 2739 6131 0
840 3685 4778 0
840 3685 6131 0
840 4775 5119 0
840 4778 5119 0
841 1837 5169 0
841 1837 6220 0
841 3695 5482 0
841 3695 6477 0
841 5169 5482 0
841 6220 6477 0
842 843 6119 0
842 859 1787 0
842 1059 1787 0
842 1059 6119 0
844 886 1835 0
844 888 1835 0
844 888 2747 0
844 2747 3698 0
844 2748 3698 0
845 859 1760 0
845 887 2747 0
845 1760 3719 0
845 2747 3719 0
846 1761 2765 0
846 1761 2798 0
846 2765 3708 0
846 2798 3713 0
846 3708 3713 0
847 2122 3105 0
847 2122 3106 0
847 2773 2774 0
847 2773 6458 0
847 2774 3106 0
847 3105 6458 0
848 1765 2756 0
848 1765 3971 0
848 1766 2753 0
848 1766 2755 0
848 2753 3971 0
848 2755 2756 0
849 2757 2758 0
849 2757 6496 0
849 2758 3712 0
849 2770 2771 0
849 2770 6496 0
849 2771 4375 0
849 3712 4375 0
850 855 1770 0
851 854 1772 0
851 1770 1771 0
851 1771 2762 0
851 1772 2762 0
852 1775 2769 0
852 1775 3710 0
852 1776 2764 0
852 1776 2772 0
852 2764 4850 0
852 2769 2772 0
852 3710 4850 0
853 1768 2768 0
853 2767 2768 0
854 5933 6189 0
856 1777 2777 0
856 1777 6219 0
856 1778 2777 0
856 1778 3709 0
856 3702 3707 0
856 3702 6219 0
856 3707 3709 0
857 1772 1773 0
857 1773 2760 0
857 1779 1785 0
857 1779 2760 0
857 1783 1785 0
858 2787 6027 0
858 2787 6189 0
858 5523 5933 0
858 5933 6189 0
859 1760 4845 0
859 1787 4845 0
860 1780 1781 0
860 1780 4381 0
860 2081 2785 0
860 2785 2786 0
860 2786 4381 0
861 1783 1785 0
861 1783 2788 0
861 1784 1785 0
861 1784 3722 0
861 2788 3722 0
862 1059 1787 0
862 1059 4381 0
862 1786 2751 0
862 1786 2786 0
862 1787 2751 0
862 2786 4381 0
864 1792 2748 0
864 1792 3714 0
864 2745 3714 0
864 2745 6419 0
865 1794 1796 0
865 1794 3112 0
865 1795 1796 0
865 1795 4386 0
865 3112 4386 0
866 1798 1799 0
866 1798 3725 0
866 1799 1800 0
866 1800 3731 0
866 2800 3725 0
866 2800 3731 0
867 1801 1805 0
867 1801 2804 0
867 1804 2804 0
868 1813 1814 0
868 1813 3733 0
868 1814 1815 0
868 1815 1816 0
868 1816 3735 0
868 3733 3735 0
869 1813 3733 0
869 3732 3733 0
870 1814 1821 0
870 1817 1823 0
870 1821 2830 0
870 1823 2830 0
871 872 1822 0
871 872 2844 0
871 1822 2294 0
871 2842 2844 0
872 1819 2830 0
872 1819 2844 0
872 1822 2830 0
873 874 876 0
873 874 1824 0
873 875 876 0
873 875 980 0
873 980 1968 0
874 876 1825 0
874 1824 1969 0
875 876 3741 0
875 2810 3741 0
876 1825 6028 0
876 3741 6028 0
877 1826 1828 0
877 1826 4390 0
877 1827 4118 0
877 1827 5813 0
877 1828 4118 0
877 4390 5813 0
878 882 5940 0
878 1806 2806 0
878 1806 2809 0
878 2806 5940 0
878 2809 6258 0
879 883 2293 0
879 883 2836 0
879 1830 2837 0
879 1830 4472 0
879 2293 2837 0
879 2836 4472 0
880 1250 1829 0
880 1829 2837 0
880 2293 2837 0
881 3754 3875 0
881 3754 4476 0
881 3873 4402 0
881 3873 4473 0
881 3875 4473 0
881 4402 4476 0
882 2829 2834 0
882 2829 5940 0
882 2834 4865 0
883 1832 2836 0
883 1832 3759 0
883 2292 2293 0
883 2292 3759 0
884 2840 2843 0
884 2840 5519 0
884 2843 4403 0
884 3757 3759 0
884 3757 4403 0
884 3759 5519 0
885 887 888 0
885 888 1835 0
886 889 1835 0
886 889 1838 0
887 888 2747 0
890 891 1845 0
890 891 2984 0
890 1845 6117 0
890 1963 2984 0
890 1963 3550 0
890 3550 6117 0
891 972 2984 0
891 972 3386 0
891 1844 1845 0
891 1844 3386 0
892 893 928 0
892 893 6375 0
892 1849 2859 0
892 1849 6375 0
894 927 3857 0
894 930 6190 0
894 3857 6190 0
895 5590 5604 0
895 5590 5952 0
895 5604 5666 0
895 5666 5971 0
895 5743 5952 0
895 5743 5971 0
896 903 1864 0
896 1852 1864 0
896 1852 6484 0
896 1897 6484 0
897 908 1848 0
897 908 2900 0
897 2899 2900 0
899 1854 5600 0
899 1854 5776 0
899 5593 5596 0
899 5593 5979 0
899 5596 5600 0
899 5776 5979 0
900 1858 2864 0
900 1858 6597 0
900 2864 3905 0
900 3905 5966 0
900 5605 5966 0
900 5605 6597 0
901 1859 5603 0
901 1859 5677 0
901 1860 5677 0
901 1860 6441 0
901 5603 5675 0
901 5675 6441 0
902 904 6191 0
902 5536 6191 0
903 1862 2868 0
904 1865 1872 0
904 1865 5607 0
904 1872 6191 0
905 1864 6593 0
905 5608 5611 0
906 1802 1868 0
906 1802 2805 0
906 1868 4405 0
907 1866 2092 0
907 1866 4870 0
907 2092 3944 0
909 1870 5179 0
909 2867 5179 0
910 912 2866 0
910 1867 4871 0
910 2866 4871 0
911 1871 2868 0
911 1872 2868 0
911 1872 6191 0
911 5536 6191 0
912 2866 6507 0
912 5536 6622 0
913 2902 6039 0
914 1876 1877 0
914 1876 2874 0
914 1878 2874 0
915 916 935 0
915 916 3775 0
915 1879 3775 0
916 935 3778 0
916 1876 2874 0
916 1876 3775 0
916 1880 2874 0
916 1880 3778 0
917 1881 4409 0
917 1881 4446 0
917 4409 5683 0
917 4446 5759 0
917 5683 5685 0
917 5685 5759 0
918 5612 5615 0
918 5612 5678 0
918 5615 5938 0
918 5678 5681 0
918 5681 5938 0
919 2939 5962 0
919 2939 6472 0
919 5616 5682 0
919 5616 6472 0
919 5617 5670 0
919 5617 5962 0
919 5670 5682 0
920 1888 3791 0
920 1888 5754 0
920 2928 3819 0
920 2928 4418 0
920 3791 4418 0
920 3819 5754 0
921 1890 2919 0
921 1890 4419 0
921 2888 4419 0
921 2888 6580 0
921 2919 5185 0
921 5185 6580 0
922 1894 2890 0
922 1894 4427 0
922 2890 3794 0
922 3794 4426 0
922 4426 4427 0
923 1896 1899 0
923 1896 2904 0
923 1897 3797 0
923 1897 6484 0
923 1899 2891 0
923 2891 6484 0
923 2904 3797 0
924 1899 2891 0
924 1899 5618 0
924 1900 5745 0
924 1900 6641 0
924 2891 6641 0
924 5618 5747 0
924 5745 5747 0
925 1902 5815 0
925 1902 6759 0
925 5815 5872 0
925 5825 5826 0
925 5825 6759 0
925 5826 5872 0
926 1905 1906 0
926 1905 2901 0
926 1906 2908 0
926 2901 6259 0
926 2908 3798 0
926 3798 6259 0
927 934 1952 0
927 1952 2968 0
927 2968 3857 0
929 2887 2964 0
929 2887 4428 0
929 2964 3858 0
929 3858 4469 0
930 1910 3804 0
930 1910 6190 0
930 2903 3804 0
931 932 1954 0
931 963 968 0
931 968 1954 0
933 1911 3859 0
933 1953 2912 0
933 2912 3859 0
935 1913 3778 0
935 1913 5538 0
936 1912 6293 0
936 1912 6523 0
936 2914 3811 0
936 2914 6293 0
936 3810 3811 0
936 3810 6523 0
937 941 2927 0
937 941 5942 0
937 942 1914 0
937 942 2927 0
938 1916 1923 0
938 1916 4438 0
938 1923 3822 0
938 2920 4438 0
938 2920 4442 0
938 3822 4442 0
939 943 1919 0
939 943 5687 0
939 1919 2936 0
939 2935 2936 0
939 2935 5919 0
939 5687 5919 0
940 1922 3815 0
940 1922 3821 0
940 2926 6295 0
940 2926 6652 0
940 3815 6295 0
940 3821 6029 0
940 6029 6652 0
941 1918 2922 0
941 2922 5942 0
942 1914 1916 0
942 1916 1923 0
942 1923 3818 0
942 2927 3818 0
943 944 5526 0
944 949 5526 0
945 1925 3828 0
945 1925 3831 0
945 2932 2940 0
945 2932 3828 0
945 2940 3831 0
946 1919 2937 0
946 1927 1933 0
946 1927 2937 0
946 1932 1933 0
947 3786 5693 0
947 3786 6056 0
947 3832 5834 0
947 3832 6056 0
947 5693 5835 0
947 5834 5835 0
948 949 4451 0
948 949 6192 0
948 1931 5187 0
948 4451 6161 0
948 5187 6161 0
949 950 4451 0
949 950 5526 0
950 951 1932 0
950 951 4451 0
951 1932 3837 0
951 3837 4453 0
951 4451 4453 0
952 953 4620 0
953 959 1943 0
953 1943 3273 0
953 3273 4620 0
954 1935 1937 0
954 1935 2952 0
954 1936 2957 0
954 1936 3852 0
954 1937 2957 0
954 2952 3852 0
955 1934 2950 0
955 1934 4464 0
955 1942 6435 0
955 1942 6457 0
955 2950 6435 0
955 3275 4464 0
955 3275 6457 0
956 1935 2952 0
956 1938 1941 0
957 1940 4457 0
957 1940 4466 0
957 2953 3844 0
957 2953 4466 0
957 3844 4457 0
958 1931 1945 0
958 1931 2950 0
958 1934 1943 0
958 1934 2950 0
958 1943 1945 0
959 960 1944 0
959 960 1945 0
959 1943 1945 0
961 1946 6221 0
961 1946 6459 0
961 2973 6459 0
961 2973 6687 0
962 963 968 0
962 968 1955 0
962 1948 1955 0
962 1948 2963 0
964 1911 3859 0
964 1911 6193 0
964 1947 2963 0
965 1947 2963 0
965 1947 2965 0
965 1948 1949 0
965 1948 2963 0
965 1949 3856 0
965 2965 3856 0
966 1950 1962 0
966 1950 3858 0
966 1951 2966 0
966 1951 2982 0
966 1962 3869 0
966 2966 3858 0
966 2982 3869 0
967 2973 6687 0
969 971 2978 0
969 2970 2978 0
970 1960 1961 0
970 1960 3862 0
970 1961 3863 0
970 2872 3772 0
970 2872 6729 0
970 3772 3862 0
970 3863 6729 0
971 1949 3864 0
971 2976 2978 0
971 2976 2980 0
971 2980 3864 0
972 1846 3386 0
974 1974 6194 0
974 5540 5558 0
974 5540 6194 0
974 5558 6201 0
975 984 1973 0
976 5527 6702 0
977 1164 2204 0
977 1164 6623 0
978 1208 2238 0
979 1965 1967 0
979 1965 3872 0
979 1966 3876 0
979 2987 3872 0
979 2987 3876 0
980 1968 3871 0
980 3871 4471 0
981 1824 1969 0
981 1965 1967 0
982 985 1970 0
982 985 3753 0
982 986 987 0
982 987 2838 0
982 2838 3753 0
983 986 1971 0
983 986 2985 0
983 1971 3880 0
983 1972 2985 0
983 1972 3880 0
984 1973 2985 0
985 988 989 0
985 989 3753 0
986 987 1971 0
987 1971 1976 0
987 1976 2839 0
987 2838 2839 0
989 3753 4866 0
990 2988 3876 0
991 1003 3884 0
991 1003 5708 0
991 1994 2994 0
991 1994 3017 0
991 2994 3884 0
991 3017 5708 0
992 3013 3899 0
992 3013 6195 0
992 3899 5840 0
992 6195 6223 0
993 3011 4486 0
993 4486 4908 0
993 4908 6631 0
993 6224 6631 0
994 1253 1978 0
994 1253 2097 0
994 2095 2097 0
994 2095 4546 0
995 1977 3882 0
995 1977 6222 0
995 1983 2993 0
995 2993 3882 0
996 1980 5622 0
996 1980 6497 0
996 1985 3883 0
996 1985 6716 0
996 3883 4479 0
996 4479 5622 0
996 6497 6716 0
997 1252 1981 0
997 1252 5541 0
997 1981 1984 0
997 5541 5624 0
998 1979 6030 0
998 1982 3882 0
998 1982 6030 0
998 1984 3882 0
999 1986 3886 0
999 1986 6041 0
999 1987 1988 0
999 1987 2995 0
999 1988 6041 0
999 2995 3886 0
1000 1989 3001 0
1000 1989 3888 0
1000 3001 6508 0
1000 3888 4482 0
1001 1271 2287 0
1001 1271 5542 0
1001 1990 1995 0
1001 1990 5542 0
1001 1991 1995 0
1001 1991 2287 0
1002 1238 1239 0
1002 1992 1993 0
1003 1992 1993 0
1003 1992 3019 0
1003 1993 3884 0
1003 3019 5708 0
1004 1240 3887 0
1004 1240 5947 0
1004 1241 5947 0
1004 1241 6002 0
1004 3887 4482 0
1004 4482 6002 0
1005 1995 2999 0
1005 1995 3889 0
1005 1996 3002 0
1005 1996 3889 0
1005 1997 2999 0
1005 1997 3002 0
1006 1230 1231 0
1006 1230 1998 0
1006 1231 1999 0
1006 1998 3000 0
1006 1999 3000 0
1007 1246 5543 0
1007 1246 5570 0
1007 5543 5709 0
1007 5570 5843 0
1007 5709 5843 0
1008 2003 4491 0
1008 2003 5565 0
1008 3901 6042 0
1008 3901 6075 0
1008 4491 6075 0
1009 1247 2002 0
1009 1247 6487 0
1009 2003 5566 0
1010 1246 2007 0
1010 1246 5571 0
1010 1248 5571 0
1010 2007 5631 0
1010 5627 5631 0
1011 1245 6364 0
1011 5560 5628 0
1011 5560 6202 0
1011 6202 6237 0
1011 6237 6364 0
1012 1235 5629 0
1012 1235 5837 0
1012 2005 5626 0
1012 5626 5629 0
1013 2006 2008 0
1013 2006 6485 0
1013 2008 5544 0
1013 2009 5544 0
1013 2009 5562 0
1013 5562 5563 0
1013 5563 6485 0
1014 5545 5594 0
1014 5545 5630 0
1014 5546 5597 0
1014 5546 5632 0
1014 5594 5597 0
1014 5630 5632 0
1015 2011 3005 0
1015 2012 3005 0
1015 2012 4869 0
1015 3008 4869 0
1016 2019 3896 0
1016 2019 4485 0
1016 3012 3016 0
1016 3012 3067 0
1016 3016 4489 0
1016 3067 4485 0
1016 3896 4489 0
1017 2021 6225 0
1017 2021 6475 0
1017 2022 2023 0
1017 2022 3894 0
1017 2023 2025 0
1017 2025 6225 0
1017 3894 6475 0
1018 2013 2015 0
1018 2013 3890 0
1018 2015 5704 0
1018 2024 3020 0
1018 3020 5704 0
1019 3022 4492 0
1019 3022 5713 0
1019 4492 5636 0
1019 5635 5636 0
1019 5635 5964 0
1019 5713 5964 0
1021 2027 2030 0
1021 2030 6186 0
1022 1220 2249 0
1022 1220 3879 0
1022 1225 2028 0
1022 1225 2251 0
1022 2028 2249 0
1022 2251 2990 0
1022 2990 3879 0
1023 1029 6196 0
1023 6031 6197 0
1023 6196 6197 0
1024 1027 2029 0
1024 2029 3027 0
1025 2030 3028 0
1025 2030 6198 0
1025 2033 3028 0
1025 2033 6031 0
1025 6031 6197 0
1025 6197 6198 0
1026 2031 2032 0
1026 2031 2034 0
1026 2032 3908 0
1026 2033 3028 0
1026 2033 3908 0
1026 2034 3028 0
1027 1031 1033 0
1027 1031 2029 0
1028 1031 2029 0
1028 1031 3030 0
1028 2029 3909 0
1028 2250 3029 0
1028 2250 3030 0
1028 3029 3909 0
1029 1036 1038 0
1030 1039 3911 0
1031 1033 2038 0
1031 2037 2038 0
1031 2037 3030 0
1032 1222 1260 0
1032 1222 2039 0
1032 1260 2036 0
1033 2038 3910 0
1033 3032 3910 0
1034 2043 3915 0
1034 3034 3915 0
1037 3913 3914 0
1038 1039 5877 0
1039 3911 4911 0
1039 4911 5877 0
1040 3037 3919 0
1040 3919 4499 0
1041 1042 6199 0
1041 5531 6199 0
1042 2044 6575 0
1043 2044 2103 0
1043 2044 3038 0
1043 2045 2046 0
1043 2045 3038 0
1043 2046 2103 0
1044 1046 2049 0
1044 2049 5548 0
1044 5548 5638 0
1044 5638 6153 0
1045 2050 4504 0
1045 2050 6043 0
1045 2051 2054 0
1045 2051 6043 0
1045 2054 4504 0
1046 1047 2052 0
1047 2050 5846 0
1047 2052 5846 0
1048 2047 3041 0
1048 2047 5639 0
1048 3041 6228 0
1048 5639 5968 0
1048 5967 5968 0
1048 5967 6228 0
1049 1057 5640 0
1049 1057 6486 0
1049 2053 3043 0
1049 2053 6486 0
1049 3043 3920 0
1049 3920 6760 0
1049 5640 6760 0
1050 2054 3042 0
1050 2054 5549 0
1050 2072 3058 0
1050 3058 5921 0
1050 5549 5921 0
1051 2053 2056 0
1051 2055 2057 0
1051 2056 3045 0
1051 2057 3045 0
1052 2062 3053 0
1052 2062 6045 0
1052 3053 3927 0
1052 3927 6330 0
1052 3929 6061 0
1052 3929 6330 0
1052 6045 6061 0
1053 2063 4532 0
1053 2063 6229 0
1053 2064 4535 0
1053 2064 5645 0
1053 4532 4535 0
1053 5645 6229 0
1054 2067 3050 0
1054 2067 5943 0
1054 3050 5936 0
1054 5643 5921 0
1054 5643 5936 0
1054 5921 5943 0
1055 2068 2069 0
1055 2068 2070 0
1055 2069 4508 0
1055 2070 5647 0
1055 3921 4508 0
1055 3921 5647 0
1056 2066 2071 0
1056 2066 3058 0
1056 2071 4505 0
1056 2072 3058 0
1056 2072 3922 0
1056 3922 4505 0
1057 2073 3059 0
1057 2073 5640 0
1057 3059 5551 0
1057 5551 6486 0
1058 2047 2048 0
1058 2047 5639 0
1058 2075 5639 0
1059 1780 4381 0
1060 5523 5550 0
1060 5529 5550 0
1061 1066 2080 0
1061 1066 6003 0
1061 1768 6026 0
1061 2080 5649 0
1061 6003 6026 0
1062 1063 6231 0
1062 1767 2755 0
1062 2076 2077 0
1062 2076 2755 0
1062 2077 6231 0
1063 6003 6264 0
1063 6231 6264 0
1064 2052 5640 0
1064 2073 2078 0
1064 2073 5640 0
1064 2078 2090 0
1065 2080 3943 0
1065 2080 5649 0
1065 2091 3061 0
1065 2091 5649 0
1065 3061 3943 0
1066 3059 6264 0
1066 6003 6264 0
1067 1782 2790 0
1067 1782 6027 0
1068 2082 2083 0
1070 1071 1073 0
1071 1072 1073 0
1071 1072 3064 0
1071 2086 3064 0
1072 1073 2087 0
1072 2088 3064 0
1074 2090 3062 0
1075 2091 4545 0
1075 4545 5790 0
1076 2093 4945 0
1077 2016 4483 0
1077 2016 6383 0
1077 3916 4501 0
1077 4501 6383 0
1078 1079 2106 0
1078 1079 3040 0
1078 2099 2100 0
1078 2100 2106 0
1079 1080 4550 0
1079 2106 4550 0
1079 3040 6372 0
1080 3082 3951 0
1080 3082 4550 0
1082 2105 3081 0
1082 2105 3950 0
1082 2107 6046 0
1082 2113 3950 0
1082 3081 6046 0
1083 2107 2115 0
1083 2107 3083 0
1083 2115 6769 0
1083 2117 4544 0
1083 2117 6376 0
1083 3083 6376 0
1083 4544 6769 0
1084 2109 3952 0
1084 2109 4918 0
1084 2110 3084 0
1084 2110 3952 0
1084 3084 4511 0
1084 4511 4918 0
1085 2111 3089 0
1085 2111 3954 0
1085 2115 3089 0
1085 2115 3091 0
1085 3090 3091 0
1085 3090 3954 0
1086 1127 1128 0
1086 1127 3154 0
1086 1128 3204 0
1086 1172 1173 0
1086 1172 1186 0
1086 1173 3154 0
1086 1186 3204 0
1087 1187 2223 0
1087 1187 3095 0
1087 2223 3210 0
1087 3095 3199 0
1087 3199 6411 0
1087 3210 6411 0
1088 3056 3941 0
1088 3963 3965 0
1089 3054 3055 0
1089 3116 3957 0
1090 3057 3942 0
1090 3057 4558 0
1090 3966 5209 0
1090 4558 5209 0
1091 2057 2058 0
1091 2057 5641 0
1091 2058 3044 0
1092 2133 3119 0
1092 2133 3120 0
1092 3119 3986 0
1092 3120 3132 0
1092 3132 6112 0
1092 3986 6112 0
1093 2125 2128 0
1093 2125 6669 0
1093 2128 3976 0
1093 3974 3976 0
1093 3974 5214 0
1093 5214 6669 0
1094 2130 5719 0
1094 2130 6047 0
1094 3182 5719 0
1094 3182 6266 0
1094 3956 6047 0
1094 3956 6266 0
1095 2137 3140 0
1095 2137 6269 0
1095 3140 4571 0
1095 4571 6088 0
1095 6088 6268 0
1095 6268 6269 0
1096 2138 3131 0
1096 2138 3144 0
1096 3131 3985 0
1096 3144 4576 0
1096 3985 4955 0
1096 3987 4576 0
1096 3987 4955 0
1097 1151 2147 0
1097 2145 2155 0
1097 2146 2147 0
1097 2146 2155 0
1098 2148 2150 0
1098 2148 3137 0
1098 2150 4017 0
1098 3137 4018 0
1098 3188 4017 0
1098 3188 4018 0
1099 4021 5924 0
1099 4021 6270 0
1099 4582 5860 0
1099 4582 6270 0
1099 5796 5860 0
1099 5796 5924 0
1100 2145 2154 0
1100 2145 2155 0
1100 2154 6232 0
1100 2155 6063 0
1100 6063 6426 0
1100 6232 6426 0
1101 3178 4990 0
1101 4011 4990 0
1102 2129 3114 0
1102 2129 5923 0
1102 3114 5552 0
1102 4530 5202 0
1102 4530 5552 0
1102 5202 5789 0
1102 5789 5923 0
1103 1107 3149 0
1103 1107 6200 0
1103 2191 6467 0
1103 6200 6467 0
1104 1110 5553 0
1104 2190 2191 0
1104 2190 3147 0
1104 3147 5553 0
1105 1119 1120 0
1105 3087 3953 0
1106 3093 4600 0
1106 3093 6129 0
1106 3148 4028 0
1106 3148 6129 0
1106 4027 4028 0
1106 4027 4600 0
1107 2157 3149 0
1107 2157 4526 0
1107 4525 4526 0
1108 1113 2159 0
1108 2159 5195 0
1108 2160 2161 0
1108 2160 5195 0
1109 1110 5553 0
1109 2160 5651 0
1109 5553 5555 0
1109 5555 5651 0
1111 1121 4006 0
1111 1121 6624 0
1111 2166 4006 0
1111 3085 4921 0
1111 3085 6624 0
1112 2174 6273 0
1112 4923 4924 0
1112 4924 4925 0
1114 1141 3167 0
1114 1141 5555 0
1114 2161 2175 0
1114 2161 5651 0
1114 2175 3167 0
1114 5555 5651 0
1115 1117 2162 0
1115 1117 3150 0
1115 1131 1132 0
1115 1132 2162 0
1116 1117 2162 0
1116 1117 3094 0
1116 2162 6162 0
1116 3094 3955 0
1116 3955 6448 0
1116 6162 6448 0
1117 1118 2118 0
1117 1118 3150 0
1117 2118 3094 0
1118 2118 2163 0
1118 2163 4985 0
1118 2164 3150 0
1118 2164 4985 0
1119 1120 2167 0
1119 2165 3998 0
1119 2165 6272 0
1119 2167 3998 0
1120 1121 2167 0
1121 2167 4008 0
1121 4006 4008 0
1122 1126 3158 0
1122 2706 2709 0
1123 1126 6572 0
1123 2177 6572 0
1123 2708 2710 0
1124 1177 1178 0
1124 1177 3152 0
1124 1178 2227 0
1124 2227 2703 0
1124 2703 2704 0
1124 2704 3152 0
1125 1173 2215 0
1125 1173 3154 0
1125 1175 2215 0
1125 1175 3092 0
1125 3092 3996 0
1125 3154 6134 0
1125 3996 6134 0
1126 2172 3997 0
1126 2172 6572 0
1126 3158 3997 0
1127 1128 2170 0
1127 2170 4585 0
1127 3154 6471 0
1127 4585 6471 0
1128 1129 2170 0
1128 1129 6162 0
1128 3204 6162 0
1129 1132 1133 0
1129 1132 2162 0
1129 1133 2170 0
1129 2162 6162 0
1130 3159 4000 0
1130 4000 4001 0
1130 4001 4587 0
1130 4587 6499 0
1131 3162 3999 0
1133 2170 3155 0
1133 3155 6361 0
1133 3159 6361 0
1134 1139 1140 0
1134 1140 6682 0
1134 2178 4593 0
1134 3169 4593 0
1134 3169 6682 0
1135 2174 4592 0
1135 2174 5554 0
1135 4591 4592 0
1135 4591 5992 0
1135 5554 5944 0
1135 5944 5992 0
1136 1140 3167 0
1136 2175 3167 0
1136 2175 5944 0
1136 5944 5992 0
1137 1138 2176 0
1137 1138 6233 0
1137 2176 4346 0
1137 3654 4346 0
1138 2176 4588 0
1138 4005 4588 0
1138 4005 6064 0
1138 6064 6233 0
1139 2185 3177 0
1141 5555 5652 0
1141 5652 6235 0
1142 1143 5556 0
1142 1146 2182 0
1142 1146 5557 0
1142 5556 5557 0
1143 6234 6632 0
1144 1145 2180 0
1144 2180 3170 0
1145 3171 3666 0
1146 2181 4348 0
1146 2182 3664 0
1146 3664 4348 0
1147 1728 3655 0
1147 2711 3655 0
1148 3174 6319 0
1148 3174 6510 0
1148 3672 4352 0
1148 3672 5158 0
1148 4352 6510 0
1148 4353 5158 0
1148 4353 6319 0
1149 1155 2201 0
1149 2186 4347 0
1149 2186 6717 0
1149 2201 6717 0
1150 2187 2189 0
1150 2187 4010 0
1150 2189 4009 0
1150 2199 4010 0
1150 2199 6633 0
1150 4009 6633 0
1151 5556 5557 0
1152 2148 2150 0
1152 2181 4824 0
1153 2156 2190 0
1153 2156 5941 0
1153 2190 2191 0
1153 2191 5990 0
1153 3181 5941 0
1153 3181 5990 0
1154 3982 4978 0
1154 3982 5934 0
1154 4019 4979 0
1154 4019 5934 0
1154 4574 4978 0
1154 4574 4979 0
1155 2197 2201 0
1155 2197 6756 0
1155 3138 6756 0
1156 2198 2201 0
1156 2198 6501 0
1156 2199 6309 0
1156 2199 6501 0
1156 2201 6634 0
1156 6309 6634 0
1159 5495 6174 0
1160 4994 6102 0
1160 4994 6583 0
1160 6102 6174 0
1160 6481 6583 0
1161 2101 3071 0
1161 3071 3072 0
1162 2208 3197 0
1163 1213 2206 0
1163 2206 3191 0
1163 2207 3191 0
1164 5558 6201 0
1164 5558 6623 0
1164 5998 6201 0
1165 2045 3039 0
1165 2045 6456 0
1165 5530 6456 0
1166 1179 1180 0
1166 2212 3201 0
1167 1190 2214 0
1167 1190 3070 0
1167 2101 3070 0
1168 1194 3202 0
1169 1170 2213 0
1169 1182 1209 0
1169 1182 4602 0
1169 2213 4602 0
1170 1171 2225 0
1170 2213 2225 0
1171 2214 2225 0
1172 1173 2216 0
1172 1174 1186 0
1172 1174 2216 0
1173 2215 2216 0
1174 1186 1189 0
1174 1188 1189 0
1175 1176 1178 0
1175 1176 2215 0
1175 1177 1178 0
1175 1177 3092 0
1176 1178 3211 0
1176 2215 3205 0
1176 3205 3211 0
1177 3092 3152 0
1178 2226 2227 0
1178 2226 3211 0
1180 1183 2218 0
1180 2218 3206 0
1181 2220 3203 0
1182 1209 2240 0
1182 2240 6384 0
1184 1185 1189 0
1184 1185 6423 0
1184 1186 1189 0
1184 1186 3204 0
1184 3204 6423 0
1185 1187 3095 0
1185 1187 3208 0
1185 1188 1189 0
1185 1188 3208 0
1185 3095 6423 0
1187 2223 3208 0
1188 2222 3209 0
1188 3208 3209 0
1190 2102 3070 0
1190 2102 3198 0
1190 2214 6693 0
1190 2224 3198 0
1190 2224 6693 0
1191 2224 3198 0
1191 3198 3200 0
1191 3200 4025 0
1191 3210 4025 0
1192 2223 3210 0
1193 2213 2217 0
1193 2213 2225 0
1193 2225 4030 0
1195 1197 6570 0
1195 1198 4603 0
1195 1198 6570 0
1195 3205 3211 0
1195 3211 4603 0
1196 1198 1199 0
1196 1198 4603 0
1196 1199 3213 0
1196 3212 3213 0
1196 3212 4031 0
1196 4031 4603 0
1197 2232 2235 0
1197 2235 3215 0
1197 3215 6570 0
1198 1199 3214 0
1198 3214 3215 0
1198 3215 6570 0
1199 3213 6576 0
1199 3214 4171 0
1199 4171 6576 0
1200 2231 4191 0
1200 2234 4169 0
1200 4169 4191 0
1202 2235 3215 0
1202 2235 4170 0
1202 3214 3215 0
1202 3214 4171 0
1202 3423 4170 0
1202 3423 5275 0
1202 4171 5275 0
1203 1736 2723 0
1203 2723 2724 0
1203 2724 3228 0
1203 3228 4035 0
1204 1740 1742 0
1206 1207 6114 0
1206 4023 4034 0
1206 4034 6114 0
1208 2238 3218 0
1209 2240 3226 0
1209 2244 3226 0
1210 3201 3219 0
1210 3219 3227 0
1211 2241 6476 0
1212 2241 6694 0
1212 4231 4740 0
1212 4231 6694 0
1213 2206 3197 0
1214 1215 1216 0
1214 2243 6476 0
1216 4022 6683 0
1217 2990 4906 0
1217 3259 4048 0
1217 3755 4048 0
1217 3755 6470 0
1217 4906 6470 0
1218 2026 2248 0
1219 2989 3881 0
1220 1975 4475 0
1220 3879 4475 0
1222 1260 4608 0
1222 2039 2040 0
1222 2040 2266 0
1222 2266 4608 0
1223 2035 2250 0
1223 2035 2271 0
1223 2250 3029 0
1223 2271 3236 0
1224 2031 2032 0
1224 2031 2252 0
1224 2252 4063 0
1224 4061 4063 0
1225 2251 2253 0
1225 2252 4619 0
1225 2253 4619 0
1226 1229 6275 0
1226 2255 6275 0
1226 2962 3855 0
1227 5695 6202 0
1227 5695 6768 0
1227 5696 5697 0
1227 5696 5958 0
1227 5697 6768 0
1227 5958 6202 0
1228 1229 2254 0
1228 1233 3229 0
1228 2254 2256 0
1228 2256 3229 0
1229 2254 6362 0
1229 6275 6362 0
1230 1998 6004 0
1230 6004 6005 0
1231 1999 2257 0
1231 2256 2257 0
1232 1999 2000 0
1232 1999 2257 0
1232 2000 2259 0
1232 2257 2258 0
1232 2258 2259 0
1233 2258 3229 0
1233 2258 3853 0
1233 2954 2955 0
1233 2955 3853 0
1234 2005 5560 0
1234 4458 5695 0
1234 5560 6202 0
1234 5695 6202 0
1235 3835 5838 0
1235 5629 6594 0
1235 5837 5838 0
1236 5561 5562 0
1236 5561 5764 0
1236 5562 5563 0
1236 5563 5974 0
1236 5694 5764 0
1236 5694 5974 0
1237 3004 5564 0
1237 3004 5959 0
1237 5564 6059 0
1238 3018 6042 0
1239 2260 6439 0
1239 5654 6439 0
1240 2998 3887 0
1240 5654 5947 0
1241 5567 5947 0
1241 5569 6168 0
1241 6002 6168 0
1242 2261 4606 0
1242 5569 6005 0
1243 2262 5657 0
1243 2262 5945 0
1243 5656 5657 0
1243 5656 5958 0
1243 5696 5945 0
1243 5696 5958 0
1244 1247 2264 0
1244 1247 6487 0
1244 2263 6512 0
1244 6487 6512 0
1245 1248 2264 0
1246 2007 5570 0
1246 5543 5571 0
1249 2278 3251 0
1249 2278 4071 0
1249 2291 4623 0
1249 4071 4623 0
1250 1829 2835 0
1250 2835 3256 0
1250 3256 6462 0
1250 4052 6462 0
1251 1259 1983 0
1251 1259 2267 0
1251 1981 1983 0
1252 5541 5575 0
1252 5575 5948 0
1253 1978 4038 0
1253 2040 2097 0
1253 2040 2266 0
1253 2266 4038 0
1254 3242 4999 0
1254 3242 5572 0
1254 4999 5893 0
1254 5572 5576 0
1254 5573 5576 0
1254 5573 5658 0
1254 5658 5893 0
1255 3237 3238 0
1255 3238 5574 0
1255 5574 5948 0
1255 5575 5625 0
1255 5575 5948 0
1256 1258 2267 0
1256 5574 5948 0
1257 1258 5576 0
1257 1262 2268 0
1257 5572 5576 0
1258 5573 5576 0
1259 2268 3235 0
1260 2036 2270 0
1260 2269 4608 0
1260 2269 6452 0
1260 2270 6452 0
1261 1262 2269 0
1261 1263 1264 0
1261 1263 6670 0
1261 1264 6452 0
1261 2269 6452 0
1262 2268 4607 0
1262 2269 4607 0
1263 1264 1265 0
1263 1265 2272 0
1263 2272 4613 0
1263 4613 5000 0
1263 5000 6670 0
1264 1265 2270 0
1264 2270 6452 0
1265 2035 2270 0
1265 2035 2271 0
1265 2271 2272 0
1266 3240 4042 0
1266 3240 6239 0
1266 3243 4046 0
1266 3243 5798 0
1266 4042 5800 0
1266 4046 6239 0
1266 5798 5800 0
1267 3247 4044 0
1267 3247 4614 0
1267 4043 4044 0
1267 4043 4047 0
1267 4047 4614 0
1268 2278 3250 0
1268 2278 3252 0
1268 2280 3249 0
1268 2280 3253 0
1268 3249 3250 0
1268 3252 3253 0
1269 3257 3263 0
1269 3257 4049 0
1269 3261 4049 0
1269 3261 4996 0
1269 3263 5228 0
1269 4996 5228 0
1270 2286 3269 0
1270 2286 6502 0
1271 2286 2287 0
1271 2286 2996 0
1272 2288 2302 0
1272 2288 3270 0
1273 3271 6377 0
1274 3276 4070 0
1275 2289 2295 0
1275 2289 4070 0
1275 2292 2293 0
1275 2292 2295 0
1276 1281 2298 0
1276 2831 2841 0
1277 2299 3282 0
1277 3280 3282 0
1278 1298 3281 0
1278 1298 6488 0
1278 2299 3282 0
1278 2299 6488 0
1278 3281 4624 0
1278 3282 4624 0
1279 1280 2308 0
1279 1285 2308 0
1280 2303 2309 0
1280 2308 2309 0
1282 1283 1294 0
1282 1294 3281 0
1282 3281 4624 0
1283 1294 4077 0
1284 2305 3289 0
1285 1286 2308 0
1286 1287 3283 0
1286 2308 3283 0
1287 2307 3286 0
1287 3283 3286 0
1288 2311 3317 0
1288 2311 6105 0
1288 2324 3313 0
1288 2324 3317 0
1288 3313 4083 0
1288 4083 6105 0
1289 1321 6240 0
1289 2312 6240 0
1289 2318 6637 0
1290 1322 6033 0
1290 1322 6203 0
1290 2311 6032 0
1290 2311 6525 0
1290 2312 6032 0
1290 2312 6203 0
1290 6033 6525 0
1291 2313 2314 0
1291 2313 3302 0
1291 2314 4091 0
1291 3300 3302 0
1291 3300 5011 0
1291 4091 5011 0
1292 1334 6006 0
1292 4092 6049 0
1293 1338 2313 0
1293 2313 2314 0
1294 1296 1297 0
1294 1296 4090 0
1294 1297 3281 0
1294 4077 4630 0
1294 4090 4630 0
1295 2315 2316 0
1295 2315 4099 0
1295 2316 4082 0
1295 3307 4097 0
1295 3307 4099 0
1295 3312 4082 0
1295 3312 4097 0
1296 1297 2315 0
1296 2315 3298 0
1296 3298 4090 0
1297 1298 3281 0
1297 1298 4099 0
1297 2315 4099 0
1298 3309 4099 0
1299 2319 2321 0
1299 2319 5230 0
1299 2320 4095 0
1299 2320 4101 0
1299 2321 4101 0
1299 4095 5230 0
1300 1326 2336 0
1300 1328 2336 0
1300 1328 3382 0
1300 1343 3382 0
1301 1324 1345 0
1301 1324 2333 0
1302 1303 1308 0
1302 1303 2417 0
1302 1308 2334 0
1302 1328 2334 0
1302 1328 3382 0
1302 2417 4149 0
1302 3382 4149 0
1303 1308 2325 0
1303 2417 2418 0
1304 2326 2413 0
1304 2326 3319 0
1304 2413 4150 0
1304 3319 6204 0
1304 3378 4150 0
1305 3377 4074 0
1305 3377 6413 0
1305 4073 4074 0
1305 4073 6158 0
1305 6158 6379 0
1305 6379 6413 0
1306 2323 2328 0
1306 2323 2419 0
1306 2326 2419 0
1306 2326 3319 0
1306 2328 6170 0
1306 3319 6170 0
1307 1316 2328 0
1307 1316 3310 0
1307 2323 2328 0
1307 2323 6158 0
1307 3310 6581 0
1307 6158 6581 0
1308 2325 2330 0
1308 2330 2335 0
1308 2334 2335 0
1309 1311 3311 0
1309 2324 3313 0
1309 3311 4641 0
1309 3313 4641 0
1310 3320 4105 0
1311 1315 3311 0
1312 1317 3320 0
1313 2327 6051 0
1313 3319 6051 0
1313 3319 6204 0
1313 6204 6241 0
1314 1315 2321 0
1314 1316 3310 0
1314 1316 4106 0
1314 2321 3310 0
1314 4106 6654 0
1315 2321 3311 0
1316 2328 4106 0
1317 2329 3320 0
1317 2329 4108 0
1317 2330 3321 0
1317 3321 4108 0
1318 2331 4104 0
1318 2331 4107 0
1318 4104 4642 0
1318 4107 4645 0
1318 4642 4643 0
1318 4643 4645 0
1319 1320 2341 0
1319 1336 2341 0
1320 1322 2339 0
1320 2339 4111 0
1320 2341 4111 0
1321 1332 6006 0
1323 1325 1327 0
1323 1327 2337 0
1324 1345 2345 0
1324 2344 2345 0
1325 1326 2333 0
1327 2337 3323 0
1328 2334 3322 0
1328 2336 3322 0
1329 1331 2338 0
1329 1331 2397 0
1329 1335 2397 0
1329 1335 3324 0
1329 2338 3324 0
1330 2337 5232 0
1330 3325 5232 0
1331 1405 2397 0
1331 2338 3325 0
1332 2339 3326 0
1332 3326 6034 0
1332 6006 6034 0
1335 1336 3324 0
1335 1398 2397 0
1335 1398 6009 0
1336 2341 4112 0
1337 1399 3359 0
1337 2373 3327 0
1337 2373 4122 0
1337 3327 6312 0
1337 3359 4122 0
1339 2372 6643 0
1339 2373 3357 0
1339 3357 6643 0
1340 1377 1379 0
1340 1377 2372 0
1341 1356 1358 0
1341 1356 2351 0
1341 1358 3336 0
1341 2351 2852 0
1342 1344 2342 0
1342 1344 4134 0
1342 1345 4134 0
1342 2342 5260 0
1343 2343 3379 0
1343 2415 3379 0
1343 2415 3382 0
1344 2342 3337 0
1344 3337 4659 0
1344 4134 5251 0
1344 4659 5042 0
1344 5042 5251 0
1345 2345 3373 0
1345 3373 4134 0
1346 2356 3342 0
1346 2570 4273 0
1347 2576 2577 0
1347 2576 3341 0
1347 3341 4116 0
1347 3343 4116 0
1348 2384 2386 0
1348 2581 3329 0
1349 2383 2390 0
1349 2580 2732 0
1350 1624 2573 0
1350 1624 3528 0
1350 2347 3331 0
1350 2573 3331 0
1351 1616 2565 0
1351 1616 2598 0
1351 2348 2565 0
1351 2348 6385 0
1351 2598 2849 0
1351 2849 6385 0
1352 1361 1362 0
1352 1361 3330 0
1352 1362 2350 0
1352 2349 2350 0
1352 2349 3335 0
1352 3330 3335 0
1353 2851 3332 0
1353 2851 3766 0
1353 3332 3334 0
1353 3334 6136 0
1353 3766 6406 0
1353 6136 6406 0
1354 2346 3335 0
1354 2349 3335 0
1355 2565 2566 0
1355 2565 6035 0
1356 1357 2352 0
1356 1357 3333 0
1356 1358 2352 0
1356 2351 3333 0
1357 1362 2350 0
1357 1362 3338 0
1357 2350 3333 0
1357 2352 3339 0
1357 3338 3339 0
1358 2352 4656 0
1358 3336 4125 0
1358 4125 4656 0
1359 2353 4128 0
1359 3336 3767 0
1360 2355 3331 0
1360 2355 4115 0
1360 3342 6550 0
1360 4115 6550 0
1361 1362 3338 0
1361 2354 3338 0
1363 1364 6007 0
1363 2371 6205 0
1365 1755 2734 0
1365 2359 6278 0
1366 1754 1755 0
1366 1754 2357 0
1366 2357 2358 0
1366 2358 3344 0
1367 1751 2362 0
1367 2361 5659 0
1368 1374 2382 0
1368 2363 2380 0
1368 2363 6276 0
1368 2380 2382 0
1369 1752 2364 0
1369 2364 2365 0
1369 2365 3353 0
1370 2366 3744 0
1370 2366 6008 0
1370 3744 5174 0
1370 4395 5174 0
1370 4395 6321 0
1370 6008 6321 0
1371 2369 2377 0
1371 2369 3346 0
1371 2814 3346 0
1372 1375 1376 0
1372 1375 2832 0
1372 1826 1828 0
1372 1826 6506 0
1372 2832 6506 0
1373 2370 5731 0
1374 2382 3355 0
1375 2832 4121 0
1375 3355 4121 0
1377 1382 3349 0
1377 2372 3349 0
1378 1382 1383 0
1378 2818 2819 0
1379 2825 2826 0
1380 1396 6208 0
1380 2817 2820 0
1381 1401 1403 0
1381 1401 3745 0
1381 1403 5935 0
1381 3345 4396 0
1381 3345 5935 0
1381 3745 6660 0
1381 4396 6660 0
1382 1383 3349 0
1383 1395 1396 0
1383 1395 2395 0
1383 2395 3349 0
1384 2374 3360 0
1384 2374 5925 0
1384 2387 5866 0
1384 2387 6206 0
1384 3360 5866 0
1384 5660 5925 0
1384 5660 6206 0
1385 2368 6396 0
1385 2368 6489 0
1385 2374 3360 0
1385 2374 6396 0
1385 3360 4673 0
1385 4673 4675 0
1385 4675 6489 0
1386 2366 2375 0
1386 2366 6008 0
1386 2367 5925 0
1386 2367 6008 0
1386 2375 3350 0
1386 3350 5925 0
1387 2369 2377 0
1387 2375 6207 0
1387 2377 6207 0
1388 2376 4119 0
1388 2376 6609 0
1388 2379 4119 0
1388 2379 6243 0
1388 6207 6243 0
1388 6207 6609 0
1389 2379 2381 0
1389 2379 6036 0
1389 2380 3356 0
1389 2380 4120 0
1389 2381 3356 0
1389 4120 6036 0
1390 2388 2393 0
1390 2388 6514 0
1390 3352 6335 0
1390 6335 6336 0
1390 6336 6514 0
1391 2364 6567 0
1391 2383 6708 0
1391 6567 6708 0
1392 2388 4666 0
1392 2388 5661 0
1392 3361 4137 0
1392 4137 4668 0
1392 4666 4668 0
1393 2383 2390 0
1393 2383 2391 0
1393 2384 2385 0
1393 2384 2390 0
1393 2385 2392 0
1393 2391 2392 0
1394 2389 2393 0
1394 2389 4138 0
1394 2391 2392 0
1394 2391 2393 0
1395 2394 4655 0
1395 2395 4655 0
1397 2396 3358 0
1397 3358 6010 0
1397 6010 6208 0
1398 1399 6009 0
1398 1404 2402 0
1398 2397 2402 0
1399 2399 3359 0
1400 1407 2406 0
1400 2398 2406 0
1400 2398 5036 0
1400 2399 5036 0
1402 3358 3362 0
1402 3358 6124 0
1402 3362 4123 0
1402 4123 4676 0
1402 4676 5050 0
1402 5050 6124 0
1403 2401 5577 0
1403 2401 6638 0
1403 5577 5935 0
1404 1407 2405 0
1405 1406 2404 0
1405 2397 2402 0
1405 2402 2404 0
1406 2403 3367 0
1406 2404 3369 0
1406 3367 4132 0
1406 3369 4132 0
1407 2405 5052 0
1407 2406 5052 0
1408 3372 4130 0
1408 3372 5982 0
1408 4130 5863 0
1408 5041 5897 0
1408 5041 5898 0
1408 5804 5898 0
1408 5804 5982 0
1408 5863 5897 0
1409 1415 2420 0
1411 1413 2411 0
1411 2411 2412 0
1411 2412 3290 0
1412 2414 3383 0
1412 2414 4103 0
1412 3315 4103 0
1412 3383 4152 0
1413 1420 2411 0
1413 1420 2426 0
1413 2425 2426 0
1414 2306 3293 0
1414 2306 3377 0
1414 3377 6413 0
1414 6050 6120 0
1414 6050 6413 0
1415 1417 6011 0
1415 2420 6011 0
1416 2420 6011 0
1418 2422 3385 0
1418 2423 5058 0
1418 3385 5058 0
1419 1420 2424 0
1419 1420 6763 0
1419 2423 3388 0
1419 2424 3388 0
1420 2424 2426 0
1421 1524 2489 0
1421 2442 3395 0
1422 1446 1447 0
1422 1447 2448 0
1422 1531 6017 0
1422 1533 2448 0
1422 1533 6017 0
1423 1443 6490 0
1423 1443 6625 0
1423 1512 3474 0
1423 1512 6628 0
1423 3474 6625 0
1423 6490 6628 0
1424 1435 2435 0
1424 1501 2480 0
1425 2492 3399 0
1425 2492 3478 0
1425 2499 3391 0
1425 2499 3478 0
1425 3391 3392 0
1425 3392 3399 0
1426 1560 2511 0
1426 2429 2430 0
1427 1566 2514 0
1427 2433 3207 0
1428 2429 2430 0
1428 2429 6244 0
1428 2430 3389 0
1428 3389 4710 0
1428 4710 5080 0
1428 5080 6244 0
1429 2432 3206 0
1429 2432 4198 0
1429 4196 4198 0
1430 2219 3207 0
1430 2428 3207 0
1430 2432 5277 0
1431 1437 2439 0
1431 2634 6022 0
1432 1436 4160 0
1432 1436 6209 0
1432 1676 3574 0
1432 1676 6460 0
1432 3574 6209 0
1433 1439 1440 0
1433 1439 6012 0
1433 3575 6246 0
1434 1435 2436 0
1434 2434 2464 0
1434 2434 6210 0
1434 2436 5578 0
1434 2464 5578 0
1435 2435 2436 0
1436 4160 6722 0
1438 1439 6012 0
1438 2439 6012 0
1438 6245 6363 0
1439 1440 2441 0
1440 2440 3394 0
1440 2441 3394 0
1441 1443 5071 0
1441 1443 6014 0
1441 4693 5071 0
1441 4693 6013 0
1441 6013 6516 0
1441 6014 6516 0
1442 1444 2445 0
1442 2437 2445 0
1442 2437 3396 0
1442 3396 4158 0
1443 2443 5071 0
1443 2443 6490 0
1443 6014 6625 0
1444 1445 2444 0
1444 2444 4692 0
1444 2445 4692 0
1445 2446 6515 0
1445 3398 6515 0
1446 1447 2447 0
1446 2446 2447 0
1446 2446 3395 0
1447 2447 4695 0
1447 2448 4159 0
1447 4159 4695 0
1448 2450 3400 0
1448 2450 3404 0
1448 3400 4164 0
1448 3404 4162 0
1448 4161 4162 0
1448 4161 4164 0
1449 2452 2453 0
1449 2452 4165 0
1449 2453 4696 0
1449 3401 4696 0
1449 3409 4165 0
1450 3421 5074 0
1450 3421 6052 0
1450 3424 5074 0
1450 3424 6337 0
1450 4201 6052 0
1450 4201 6337 0
1451 2636 3406 0
1451 2636 4300 0
1451 3571 4300 0
1451 3571 6460 0
1452 1678 1680 0
1452 1680 2636 0
1452 2452 2453 0
1452 2453 2636 0
1453 1683 3578 0
1453 2639 3578 0
1453 2639 4166 0
1453 3407 4166 0
1454 2468 4232 0
1454 2470 2657 0
1454 2470 4232 0
1454 2657 4320 0
1454 4320 6719 0
1455 1483 1484 0
1455 1698 6023 0
1456 1475 3448 0
1456 1692 3601 0
1456 2467 3448 0
1457 1470 1472 0
1457 1691 4796 0
1458 1485 2473 0
1458 2473 4219 0
1458 2659 4322 0
1458 4219 4322 0
1459 1506 3465 0
1459 3432 5733 0
1459 3432 6279 0
1460 1463 1464 0
1460 1463 3463 0
1460 1464 5733 0
1460 1503 3463 0
1461 3434 3443 0
1461 3434 4208 0
1461 3443 3605 0
1461 3605 4723 0
1461 4208 4723 0
1462 2463 3575 0
1462 2463 4220 0
1462 2634 3575 0
1462 2634 4726 0
1462 4220 4731 0
1462 4726 4731 0
1463 1464 5579 0
1463 2434 5579 0
1463 2434 6210 0
1464 3435 5579 0
1464 3435 5733 0
1465 1588 6015 0
1465 1601 2539 0
1465 1601 2547 0
1465 2547 6015 0
1466 1468 2466 0
1466 2466 6016 0
1466 4228 6538 0
1466 6016 6538 0
1467 1469 2521 0
1467 1469 3517 0
1467 1589 2521 0
1467 2539 3517 0
1470 1474 2467 0
1471 1474 1476 0
1471 1652 2610 0
1471 1652 4297 0
1472 1653 2610 0
1473 1476 1481 0
1473 1481 1482 0
1474 2467 3448 0
1475 2468 3449 0
1475 3448 6106 0
1475 3449 6106 0
1477 1498 1500 0
1477 2554 4253 0
1478 1496 1497 0
1478 2548 6250 0
1478 6249 6250 0
1479 1480 1517 0
1479 1480 3495 0
1479 1516 1517 0
1479 3495 3512 0
1480 1517 1521 0
1480 1521 1523 0
1480 3495 6283 0
1481 1482 2469 0
1481 2469 3450 0
1482 1486 3451 0
1482 2469 3451 0
1483 1485 2474 0
1484 2470 3453 0
1485 2473 4236 0
1485 2474 4236 0
1486 1488 3501 0
1487 1493 1494 0
1488 1496 3459 0
1489 1492 2477 0
1489 2477 3471 0
1489 2479 3471 0
1490 1507 4239 0
1490 1518 1519 0
1491 1495 3460 0
1491 2476 6053 0
1492 2476 4754 0
1492 2477 3467 0
1492 3467 4754 0
1493 1494 3461 0
1493 3461 4238 0
1493 4238 4745 0
1495 1499 2479 0
1495 1499 3462 0
1495 2478 3460 0
1495 2478 3462 0
1496 1497 2478 0
1496 2478 3460 0
1496 3459 3460 0
1497 1500 3462 0
1497 2478 3462 0
1498 1515 1516 0
1499 2479 3469 0
1499 3469 3470 0
1501 1510 6211 0
1501 2480 3464 0
1501 3464 6211 0
1502 1504 1505 0
1502 1504 6627 0
1502 1511 6212 0
1502 1513 6212 0
1502 1513 6627 0
1503 2481 3465 0
1503 3463 3464 0
1504 1505 4235 0
1504 2484 4750 0
1504 4235 4750 0
1506 3457 3458 0
1507 1509 2483 0
1507 2483 4239 0
1508 1529 1530 0
1508 1530 6213 0
1508 2484 4752 0
1509 1537 1539 0
1510 1512 6628 0
1510 6211 6212 0
1511 3464 6211 0
1511 6211 6212 0
1512 1526 3474 0
1513 1529 6714 0
1513 6212 6713 0
1513 6713 6714 0
1514 1522 6503 0
1514 3472 4759 0
1514 4759 4760 0
1514 4760 6503 0
1515 1516 2485 0
1515 2485 3470 0
1516 1517 2486 0
1516 2485 2486 0
1517 1521 2486 0
1518 1519 6491 0
1518 1555 1556 0
1519 2487 3473 0
1519 2488 3473 0
1519 2488 6491 0
1520 1557 1559 0
1520 2488 3472 0
1521 1522 2486 0
1522 1578 1579 0
1522 2486 6503 0
1523 1585 1587 0
1524 1531 5580 0
1524 1532 3468 0
1524 1532 5580 0
1524 2489 3468 0
1525 1528 2491 0
1525 1534 5949 0
1525 2490 2491 0
1525 2490 5581 0
1525 5581 5949 0
1526 1527 2490 0
1527 2490 2491 0
1527 6714 6715 0
1528 1536 1538 0
1529 6714 6715 0
1530 1536 1537 0
1530 1537 6213 0
1532 5580 5949 0
1532 5581 5949 0
1533 2448 2492 0
1533 2492 3475 0
1533 2494 3475 0
1534 1545 2493 0
1534 2493 5582 0
1534 5582 5949 0
1535 1546 2495 0
1535 2493 5582 0
1535 2495 2496 0
1535 2496 5582 0
1539 1554 1555 0
1540 1564 5584 0
1540 2497 3476 0
1540 3476 5583 0
1540 5583 5584 0
1541 1542 2511 0
1541 1562 2512 0
1541 2498 2511 0
1541 2498 2512 0
1542 2499 4245 0
1543 1551 1552 0
1543 1570 1572 0
1543 1570 6020 0
1544 1564 1565 0
1544 1565 6018 0
1544 2500 3480 0
1544 3480 6018 0
1545 1548 2505 0
1546 2500 2504 0
1547 2500 2504 0
1547 2500 3480 0
1547 2502 2504 0
1547 2502 3479 0
1547 2503 3479 0
1547 2503 3480 0
1548 2502 2504 0
1549 2502 3479 0
1549 2506 2508 0
1549 2507 2508 0
1549 2507 3479 0
1550 1554 2506 0
1551 1580 1582 0
1552 2501 2503 0
1553 1573 2516 0
1553 1573 5585 0
1553 2501 2507 0
1554 2506 2508 0
1556 2509 2510 0
1557 1576 1578 0
1558 1575 2516 0
1558 2509 2510 0
1560 1567 6492 0
1560 2498 2511 0
1561 1567 3491 0
1561 2512 2513 0
1561 3491 3492 0
1562 2512 2513 0
1562 2513 6019 0
1562 5583 5584 0
1562 5584 6019 0
1563 1569 1571 0
1563 2513 6019 0
1565 1569 1570 0
1565 1570 6020 0
1565 6018 6020 0
1566 1567 6492 0
1566 2514 6113 0
1568 2212 2514 0
1568 2212 4029 0
1568 2514 6113 0
1568 2515 3490 0
1568 2515 4029 0
1571 2531 2535 0
1572 2534 2537 0
1573 1575 2516 0
1573 1580 1581 0
1573 1580 5585 0
1574 1577 2518 0
1574 2517 2518 0
1576 2517 2518 0
1577 1584 1586 0
1579 1584 1585 0
1581 1583 3482 0
1582 3485 4761 0
1583 2522 3482 0
1586 2524 3488 0
1587 2527 3481 0
1588 1589 2520 0
1588 1590 3483 0
1588 1590 6015 0
1588 2520 3483 0
1589 2520 5106 0
1589 2521 4227 0
1589 4227 5106 0
1590 3483 6247 0
1590 3489 6247 0
1591 2523 3484 0
1591 2523 5305 0
1591 2527 3488 0
1591 2527 6280 0
1591 3484 3488 0
1591 5305 6380 0
1591 6280 6380 0
1592 1593 1594 0
1592 1593 3223 0
1592 3221 3223 0
1593 1594 2528 0
1593 3223 3224 0
1594 1597 2532 0
1594 1597 6386 0
1594 2528 2532 0
1595 2239 2528 0
1595 2239 2529 0
1595 2515 2529 0
1595 2515 4763 0
1595 2528 2532 0
1595 2532 4763 0
1596 2530 3492 0
1596 2530 4250 0
1596 2531 3492 0
1596 2531 3493 0
1596 2533 3493 0
1597 1598 2533 0
1597 1598 6386 0
1597 2532 4763 0
1598 2533 2536 0
1598 6126 6386 0
1599 1600 2536 0
1599 1600 6248 0
1599 2534 2535 0
1599 2534 6248 0
1599 2535 3493 0
1599 2536 3493 0
1600 4247 6281 0
1600 6248 6281 0
1601 2538 2547 0
1601 2538 4260 0
1601 2539 3516 0
1601 3516 4260 0
1602 2540 3511 0
1602 2540 3522 0
1602 3522 3525 0
1602 3525 6640 0
1603 2543 2545 0
1603 2543 3494 0
1603 2544 3497 0
1603 2544 3499 0
1603 2545 3499 0
1603 3494 3497 0
1604 3523 3525 0
1604 3525 6640 0
1604 6640 6645 0
1604 6645 6646 0
1605 2548 4257 0
1605 2548 6250 0
1605 2549 4255 0
1605 2549 6250 0
1605 3506 4256 0
1605 3506 4257 0
1605 4255 4256 0
1606 2615 3562 0
1606 2615 6639 0
1606 3504 3562 0
1606 3504 4258 0
1606 3509 4258 0
1606 3509 6639 0
1608 2558 2559 0
1608 2558 3518 0
1609 1635 1638 0
1613 2558 3518 0
1613 3513 3514 0
1614 2560 3519 0
1614 2560 6177 0
1614 2561 3519 0
1614 2561 4768 0
1614 4267 4768 0
1614 4267 6177 0
1615 2562 3524 0
1615 2562 4265 0
1615 2563 3515 0
1615 2563 5118 0
1615 3515 3524 0
1615 4265 5118 0
1616 2565 2567 0
1616 2567 3551 0
1616 2598 2599 0
1616 2599 3551 0
1617 1618 1625 0
1617 1618 2567 0
1617 1625 3530 0
1617 2566 2567 0
1617 2566 3529 0
1617 3529 3530 0
1618 2567 3551 0
1618 2601 3551 0
1619 1622 5664 0
1619 1622 6021 0
1619 5532 6021 0
1620 1627 5663 0
1620 5663 5664 0
1621 1624 2573 0
1621 1624 4268 0
1621 2569 2573 0
1621 2569 4274 0
1622 2571 3533 0
1622 2571 6021 0
1622 2579 3533 0
1622 2579 5664 0
1623 2572 4269 0
1623 4268 4769 0
1623 4269 4769 0
1624 3528 4270 0
1624 4268 4270 0
1625 3530 4269 0
1626 1628 1629 0
1626 1628 3535 0
1626 1629 3531 0
1626 3531 4770 0
1626 3535 6666 0
1626 4770 6666 0
1627 2578 3536 0
1627 3536 5734 0
1627 5663 5734 0
1630 2580 2581 0
1630 2580 2733 0
1631 2584 2585 0
1631 2584 4281 0
1631 2585 3541 0
1631 3541 4286 0
1631 4281 4286 0
1632 2587 3546 0
1632 2587 4772 0
1632 2589 3546 0
1632 4279 4772 0
1633 1634 2588 0
1633 1634 2592 0
1633 2588 4781 0
1633 4288 4781 0
1634 2588 2591 0
1634 2591 6728 0
1634 2592 2730 0
1634 2730 6750 0
1634 6728 6750 0
1635 3691 4780 0
1635 4287 4780 0
1636 2744 3692 0
1640 3542 4840 0
1640 4287 5167 0
1640 4840 5167 0
1641 1643 1645 0
1641 1643 6463 0
1641 1645 2596 0
1641 1649 6463 0
1642 2595 4295 0
1642 2595 6685 0
1642 2597 4289 0
1642 2597 6685 0
1643 3549 3556 0
1643 3549 6463 0
1643 3556 6446 0
1644 2601 3554 0
1645 2596 3548 0
1645 3548 6214 0
1646 1648 6215 0
1646 3555 5586 0
1646 5586 6697 0
1646 6215 6629 0
1646 6629 6697 0
1647 2604 6214 0
1647 3548 4294 0
1647 3548 6214 0
1648 2602 3552 0
1649 2847 6463 0
1650 2595 6685 0
1651 2607 4298 0
1651 2607 6116 0
1651 2608 2624 0
1651 2608 6116 0
1651 2624 5129 0
1651 4298 6579 0
1651 5129 6579 0
1652 2609 2610 0
1652 2609 5317 0
1652 4297 5317 0
1653 1655 2651 0
1653 2609 2610 0
1654 2612 3558 0
1654 2625 3599 0
1654 2649 3599 0
1654 2649 6387 0
1654 3558 6387 0
1655 2651 3597 0
1655 3558 6387 0
1655 3597 6387 0
1656 2611 2612 0
1656 2611 3510 0
1656 2612 3558 0
1656 3510 5124 0
1656 5124 5127 0
1657 3507 3508 0
1657 3508 6518 0
1658 1660 5587 0
1658 1660 5665 0
1658 2617 5665 0
1658 5587 5736 0
1659 2552 6518 0
1659 2617 3564 0
1659 3564 6493 0
1659 6493 6518 0
1661 1662 1663 0
1661 1662 3564 0
1661 2616 3564 0
1662 1663 4786 0
1662 3564 6493 0
1663 3559 4786 0
1664 2608 6116 0
1664 3559 6115 0
1664 3559 6397 0
1664 3560 6397 0
1664 6115 6116 0
1667 3621 6401 0
1668 1674 2628 0
1668 1674 4788 0
1668 2621 3566 0
1668 2621 4788 0
1668 2628 6604 0
1668 3566 6604 0
1669 2629 6252 0
1669 6252 6703 0
1670 1702 2665 0
1670 1702 3589 0
1670 2621 2665 0
1670 2621 5128 0
1670 3589 5128 0
1671 2622 6139 0
1671 3621 4337 0
1671 4337 6139 0
1672 2608 2624 0
1672 2624 2626 0
1672 2626 3600 0
1672 2627 3600 0
1673 2624 2626 0
1673 2624 5129 0
1673 2626 3568 0
1673 3568 4296 0
1673 4296 5129 0
1674 1686 4794 0
1674 1686 6402 0
1674 2628 6317 0
1674 4788 4794 0
1674 6317 6402 0
1675 2633 6068 0
1675 3574 6209 0
1675 6022 6068 0
1676 3571 6285 0
1676 3571 6460 0
1676 3574 6285 0
1677 2638 3579 0
1677 2638 6398 0
1677 3577 3579 0
1677 3577 4302 0
1677 4302 6399 0
1677 6398 6399 0
1678 1680 3572 0
1678 2635 4302 0
1678 3572 4302 0
1679 2631 3570 0
1679 2631 4301 0
1679 3570 3580 0
1679 3572 4301 0
1679 3572 4302 0
1679 3580 6399 0
1679 4302 6399 0
1680 2636 4300 0
1680 3572 4300 0
1681 1719 2695 0
1681 2691 2695 0
1681 2691 3644 0
1681 3644 4326 0
1681 4326 6082 0
1682 2637 3576 0
1682 2637 3581 0
1683 1715 2692 0
1683 1715 3578 0
1684 1713 2642 0
1686 3568 4299 0
1686 3568 6402 0
1686 3591 4299 0
1686 3591 4794 0
1687 2646 3593 0
1687 2646 6037 0
1687 3593 4310 0
1687 3595 4310 0
1687 3595 4314 0
1687 4314 6037 0
1688 2647 2648 0
1688 2647 3598 0
1688 2648 4315 0
1688 3598 3599 0
1688 3599 4315 0
1689 2650 4309 0
1689 3594 4311 0
1689 4309 4311 0
1690 3594 3595 0
1690 3595 3596 0
1691 3601 6253 0
1691 4313 4796 0
1691 4313 6253 0
1692 2652 3601 0
1692 2652 5810 0
1692 2655 5810 0
1693 1694 6254 0
1693 1697 3604 0
1693 2654 3604 0
1695 2656 4218 0
1695 2656 4316 0
1695 3610 4798 0
1695 4218 4798 0
1696 2654 3604 0
1696 2654 4318 0
1696 3604 6707 0
1696 4318 6724 0
1696 6104 6707 0
1698 1700 5589 0
1698 1700 6023 0
1698 3602 5589 0
1698 3602 6069 0
1699 3439 4217 0
1699 3441 4217 0
1699 3441 5588 0
1699 3603 5588 0
1700 2659 3609 0
1700 2659 6023 0
1700 3607 3609 0
1700 3607 5737 0
1700 5589 5737 0
1701 2620 3565 0
1701 2620 3618 0
1701 3565 4323 0
1701 3614 3617 0
1701 3614 4799 0
1701 3617 3618 0
1701 4323 4799 0
1702 2665 3619 0
1702 3589 3618 0
1702 3618 4335 0
1702 3619 4335 0
1703 1704 2669 0
1704 2669 3628 0
1704 3628 4820 0
1704 4818 4820 0
1705 2672 2675 0
1705 2672 2676 0
1706 1707 2677 0
1706 1707 3636 0
1706 2692 3637 0
1706 3636 3637 0
1707 2677 2679 0
1707 2679 3639 0
1707 2681 3636 0
1707 2681 6381 0
1707 3639 6381 0
1708 1717 2688 0
1708 2687 2688 0
1709 1710 3643 0
1709 3643 4345 0
1710 1711 2686 0
1710 2686 3643 0
1711 2686 4342 0
1711 4342 6216 0
1712 2642 2644 0
1712 2644 3587 0
1713 2640 2641 0
1713 2640 2642 0
1713 2641 2699 0
1714 2660 2689 0
1714 2660 3585 0
1714 2689 2690 0
1714 2690 3584 0
1714 3584 6389 0
1714 3585 6389 0
1715 1716 2692 0
1715 1716 3646 0
1715 3578 3579 0
1715 3579 3646 0
1716 2692 4341 0
1716 3645 3646 0
1717 2683 4343 0
1717 2683 6217 0
1717 2688 4343 0
1718 1719 2696 0
1718 2693 2696 0
1719 2695 2696 0
1720 1721 1723 0
1720 1723 3657 0
1720 2712 2713 0
1720 2713 3657 0
1721 1723 2702 0
1722 1723 3657 0
1722 1724 1725 0
1722 1724 3657 0
1722 1725 2707 0
1723 2702 3651 0
1724 1725 4357 0
1724 3657 4825 0
1724 3676 4357 0
1724 3676 4825 0
1725 2707 3653 0
1726 2708 2710 0
1726 2710 4827 0
1726 4354 4827 0
1727 2711 2712 0
1727 2711 3655 0
1727 2712 2713 0
1727 2713 3668 0
1728 1729 3655 0
1729 3655 6218 0
1729 6218 6287 0
1730 3659 3662 0
1730 3659 6519 0
1730 3662 3665 0
1730 3665 4356 0
1730 3675 4356 0
1730 3675 6519 0
1731 1733 1734 0
1732 2202 3677 0
1738 1741 2721 0
1738 1741 2723 0
1738 2720 2721 0
1738 2720 3678 0
1739 1744 1745 0
1739 1744 6630 0
1739 1745 2720 0
1739 2720 3678 0
1740 1741 1742 0
1740 1741 2723 0
1740 2723 2724 0
1741 1742 2722 0
1741 2721 2722 0
1742 2722 3216 0
1743 2593 3689 0
1743 2728 3680 0
1743 2728 3689 0
1744 1745 2726 0
1744 2726 2728 0
1744 2728 3680 0
1744 3680 6686 0
1744 6630 6686 0
1745 2720 2721 0
1745 2721 2727 0
1745 2726 2727 0
1746 5999 6024 0
1747 2736 4829 0
1747 2737 4359 0
1747 4359 4829 0
1748 1756 2736 0
1749 2360 3344 0
1749 2589 2590 0
1749 2589 3546 0
1749 3344 3546 0
1750 2730 2733 0
1750 2730 3682 0
1750 2731 2732 0
1750 2731 3682 0
1750 2732 2733 0
1751 2362 3681 0
1751 2590 4358 0
1751 3681 4358 0
1752 2731 2732 0
1753 1755 2734 0
1753 1755 2741 0
1753 2741 3687 0
1754 1755 2741 0
1754 1758 2739 0
1754 1758 2741 0
1754 2357 2739 0
1756 2736 4829 0
1756 3683 4831 0
1756 4829 4831 0
1757 2735 3683 0
1758 2739 6131 0
1758 2741 4360 0
1758 4360 6131 0
1759 2750 2751 0
1759 2750 3700 0
1759 2751 4845 0
1759 3700 6288 0
1759 4366 4845 0
1759 4366 6288 0
1760 3699 3719 0
1760 3699 4366 0
1760 4366 4845 0
1761 1795 1796 0
1761 1795 6494 0
1761 1796 2798 0
1761 2765 6522 0
1761 6494 6522 0
1762 1778 2776 0
1762 1778 6605 0
1762 1797 2799 0
1762 1797 6605 0
1762 2776 4853 0
1762 2799 5337 0
1762 4853 5337 0
1763 2774 3106 0
1763 2774 6257 0
1763 3106 3729 0
1763 3728 3729 0
1764 1766 2753 0
1764 2753 3973 0
1764 2754 3967 0
1764 3967 3973 0
1765 2756 2758 0
1765 2758 4560 0
1765 3971 4560 0
1766 2076 2755 0
1767 1769 2757 0
1767 2755 2756 0
1767 2756 2757 0
1768 2768 6495 0
1768 6026 6495 0
1769 2757 6496 0
1769 6026 6495 0
1769 6495 6496 0
1771 2759 3703 0
1771 2762 3703 0
1772 1773 2762 0
1773 2760 3704 0
1773 2762 3704 0
1774 2764 2766 0
1774 2764 4374 0
1774 2765 3706 0
1774 2765 3711 0
1774 2766 3711 0
1774 3706 4374 0
1775 2759 3710 0
1775 2767 2769 0
1776 2764 6256 0
1776 2772 4375 0
1776 2773 4375 0
1776 2773 6256 0
1777 2775 2777 0
1777 2775 5170 0
1777 4368 5170 0
1777 4368 6219 0
1778 2776 2777 0
1778 3709 3713 0
1778 3713 6605 0
1779 1785 3723 0
1779 2791 3723 0
1782 2787 2788 0
1782 2787 6027 0
1782 2788 2789 0
1782 2789 2790 0
1783 2787 2788 0
1784 1785 3723 0
1784 3723 4367 0
1786 2750 2751 0
1786 2785 2786 0
1787 2751 4845 0
1788 1789 2203 0
1788 1789 3135 0
1788 2143 3135 0
1788 2143 6382 0
1788 2203 2795 0
1788 2795 6382 0
1790 2793 2796 0
1790 2793 3694 0
1790 2796 4851 0
1790 3694 3696 0
1790 3696 5518 0
1790 4851 5518 0
1791 2142 2792 0
1791 2142 6390 0
1791 2792 2793 0
1791 2793 2796 0
1791 2796 4382 0
1791 4382 6390 0
1792 2748 2783 0
1792 2783 3715 0
1792 3714 4376 0
1792 3715 4376 0
1793 2780 2782 0
1793 2780 3724 0
1793 2782 4365 0
1793 3724 5173 0
1793 4365 4853 0
1793 4853 5173 0
1794 1796 3730 0
1794 2799 3730 0
1794 2799 4387 0
1794 3108 3112 0
1795 3727 4386 0
1795 3727 6494 0
1796 2798 3730 0
1797 2798 3713 0
1797 2798 3730 0
1797 2799 3730 0
1797 3713 6605 0
1798 1799 3110 0
1798 3725 4387 0
1799 1800 3109 0
1799 3109 6265 0
1799 3110 6265 0
1800 2801 3731 0
1800 2801 4969 0
1800 3109 4969 0
1801 2089 2803 0
1801 2803 2804 0
1802 1803 2805 0
1802 1868 1870 0
1803 1804 1853 0
1803 1804 2804 0
1803 1853 6599 0
1803 2804 2805 0
1805 2083 3063 0
1806 2806 6289 0
1806 2809 6528 0
1806 3734 6055 0
1806 3734 6289 0
1806 6055 6528 0
1807 2811 3746 0
1807 2811 4855 0
1807 2812 3736 0
1807 2812 4397 0
1807 3736 4855 0
1807 3746 4397 0
1808 1809 3346 0
1808 1809 4856 0
1808 2814 2833 0
1808 2814 3346 0
1808 2833 4857 0
1808 4856 4857 0
1809 2813 4856 0
1809 2813 6320 0
1809 2815 3346 0
1809 2815 6320 0
1810 1811 2819 0
1810 1811 2821 0
1810 1812 2817 0
1810 1812 2821 0
1810 2817 2819 0
1811 2818 2819 0
1811 2818 2824 0
1811 2821 2823 0
1811 2823 2824 0
1812 2817 2820 0
1812 2820 4398 0
1812 2821 3747 0
1812 3747 4398 0
1813 1814 1821 0
1815 1816 3750 0
1815 3750 4861 0
1816 3735 3742 0
1816 3742 6569 0
1816 3750 6569 0
1817 1823 4862 0
1817 2827 3749 0
1817 2827 4862 0
1818 2827 2828 0
1818 2827 3751 0
1818 2828 6505 0
1818 3278 4072 0
1818 3751 4072 0
1819 1821 2830 0
1819 1821 2845 0
1819 1833 2845 0
1819 1833 4403 0
1819 2844 4403 0
1820 2829 2846 0
1820 2845 2846 0
1822 1823 2830 0
1822 1823 4862 0
1822 2294 3752 0
1822 3752 4862 0
1825 5535 6028 0
1826 2833 4390 0
1826 2833 6506 0
1827 4117 4118 0
1827 4117 5742 0
1827 4393 5742 0
1827 4393 5813 0
1828 4118 5730 0
1828 5730 5969 0
1829 2835 4400 0
1829 2837 4400 0
1830 2837 4400 0
1830 3873 4402 0
1830 3873 4472 0
1830 4400 4402 0
1831 2840 5519 0
1831 3851 5519 0
1832 3757 3758 0
1832 3757 3759 0
1833 2845 2846 0
1833 2846 3757 0
1833 3757 4403 0
1836 1837 2746 0
1836 2746 6180 0
1837 2746 3697 0
1837 3697 5169 0
1838 6220 6419 0
1839 1840 6574 0
1840 1963 6424 0
1840 6424 6574 0
1841 1842 2856 0
1841 1842 3762 0
1841 2848 2857 0
1841 2848 3764 0
1841 2856 2857 0
1841 3762 4292 0
1841 3764 4292 0
1842 2856 6422 0
1842 3762 4867 0
1842 4867 6422 0
1843 2853 4404 0
1843 2853 6407 0
1843 2854 5271 0
1843 2854 6163 0
1843 3766 6163 0
1843 3766 6407 0
1843 4404 5271 0
1844 1845 6392 0
1844 2421 3386 0
1844 2421 5062 0
1844 5062 5070 0
1844 5070 6392 0
1845 6117 6118 0
1845 6118 6392 0
1847 2859 2863 0
1848 6375 6468 0
1849 2859 3770 0
1849 3770 6121 0
1849 6121 6468 0
1849 6375 6468 0
1850 1859 5591 0
1850 1859 5603 0
1850 1861 5590 0
1850 1861 5603 0
1850 5590 5614 0
1850 5591 5614 0
1851 2860 3769 0
1851 2860 5922 0
1851 2861 5668 0
1851 2861 5672 0
1851 3769 5744 0
1851 5668 5922 0
1851 5672 5744 0
1852 1864 6593 0
1852 1900 5592 0
1852 1900 6641 0
1852 5592 6593 0
1852 6484 6641 0
1853 2863 3770 0
1853 3770 6599 0
1854 2864 5776 0
1854 5600 5676 0
1855 5595 5597 0
1855 5595 5699 0
1855 5596 5601 0
1855 5596 5993 0
1855 5597 5993 0
1855 5601 5699 0
1856 5598 6076 0
1856 5598 6437 0
1857 5602 5667 0
1857 5602 5673 0
1857 5604 5666 0
1857 5604 5673 0
1857 5666 5922 0
1857 5667 5922 0
1858 5675 6441 0
1858 5675 6598 0
1858 6441 6597 0
1859 5608 5677 0
1860 5606 5610 0
1860 5606 6441 0
1860 5609 5610 0
1860 5609 5677 0
1861 5590 5604 0
1861 5603 5674 0
1861 5604 6698 0
1861 5674 6698 0
1862 1871 2868 0
1863 5605 5606 0
1863 5605 6437 0
1863 5606 5610 0
1863 5607 5610 0
1865 1872 5611 0
1865 5607 5610 0
1865 5609 5610 0
1865 5609 5611 0
1866 3891 4483 0
1866 3891 6602 0
1866 4870 6602 0
1867 4405 4871 0
1868 1870 5179 0
1868 4405 4871 0
1868 4871 5179 0
1869 1873 2867 0
1869 2867 6616 0
1869 6507 6616 0
1874 2871 2971 0
1874 2871 3773 0
1874 2872 3771 0
1874 2872 3773 0
1874 2971 3771 0
1875 1876 1877 0
1875 1876 3775 0
1875 1879 2873 0
1875 1879 3775 0
1878 2874 2876 0
1878 2876 3776 0
1880 2874 2876 0
1880 2876 2877 0
1880 2877 4408 0
1880 3778 4408 0
1881 2933 2934 0
1881 2933 3781 0
1881 2934 4446 0
1881 3781 4409 0
1882 2896 2897 0
1882 2896 4447 0
1882 2897 6057 0
1882 2925 6040 0
1882 2925 6324 0
1882 4447 6324 0
1882 6040 6057 0
1883 2878 3780 0
1883 2878 3796 0
1883 2879 3796 0
1883 2879 5618 0
1883 3780 5747 0
1883 5618 5747 0
1884 2881 3783 0
1884 2881 4875 0
1884 3783 3785 0
1884 3785 5961 0
1884 4875 5994 0
1884 5961 5994 0
1885 5612 5746 0
1885 5612 5953 0
1885 5613 5614 0
1885 5613 5619 0
1885 5614 5953 0
1885 5619 5746 0
1886 2882 5616 0
1886 2882 6154 0
1886 2941 5616 0
1886 2941 5763 0
1886 5679 5763 0
1886 5679 6154 0
1887 3788 5750 0
1887 5617 5671 0
1887 5617 5750 0
1887 5669 5671 0
1888 2885 3791 0
1888 2885 3792 0
1888 2916 5754 0
1889 2928 2929 0
1889 2928 4418 0
1889 2929 6294 0
1889 4418 4878 0
1889 4878 6084 0
1889 6084 6294 0
1890 2886 4419 0
1890 2915 2918 0
1890 2918 2919 0
1891 2888 2911 0
1891 2888 6580 0
1891 2911 6261 0
1891 4439 6580 0
1892 2884 4420 0
1892 2884 4424 0
1892 3790 4420 0
1892 3790 4885 0
1892 4424 5183 0
1892 4885 5183 0
1893 1894 4427 0
1893 1894 4470 0
1893 2887 2964 0
1893 2887 3803 0
1893 2964 4470 0
1893 3803 4427 0
1894 2890 3795 0
1895 2884 3793 0
1895 2884 3794 0
1895 2889 2890 0
1895 2889 6720 0
1895 2890 3794 0
1895 3793 4419 0
1895 4419 6720 0
1896 1898 1899 0
1896 1898 5918 0
1896 2904 6260 0
1896 5918 6260 0
1897 2902 3797 0
1898 1899 5618 0
1898 2879 5618 0
1900 5592 5619 0
1900 5619 5745 0
1901 2893 2896 0
1901 2893 5684 0
1901 2896 5620 0
1901 5620 5686 0
1901 5684 6072 0
1901 5686 6072 0
1902 2894 4410 0
1902 4410 5815 0
1902 5753 6759 0
1903 2895 5686 0
1903 2895 6731 0
1903 2897 4883 0
1903 2897 5620 0
1903 4431 4883 0
1903 4431 6731 0
1903 5620 5686 0
1904 2899 2900 0
1904 2899 2901 0
1904 2900 6039 0
1904 2901 2906 0
1904 2902 2905 0
1904 2902 6039 0
1904 2905 2906 0
1905 2899 2901 0
1906 2903 3804 0
1906 2908 3804 0
1907 2904 2905 0
1907 2904 2907 0
1907 2905 2906 0
1907 2906 4437 0
1907 2907 4437 0
1908 1909 1958 0
1908 1909 2911 0
1908 2889 2911 0
1908 2889 3795 0
1909 1958 1959 0
1909 1959 3862 0
1909 2911 6261 0
1909 3862 6261 0
1910 2909 3804 0
1910 2909 4428 0
1912 2972 3777 0
1912 2972 3860 0
1912 3777 6293 0
1912 3860 6523 0
1913 3778 4408 0
1913 3813 4408 0
1914 1916 2917 0
1914 2917 6721 0
1914 3813 6721 0
1915 1917 2918 0
1915 1917 2920 0
1915 2915 2916 0
1915 2915 2918 0
1915 2916 6653 0
1915 2920 4442 0
1915 4442 6653 0
1916 2917 4438 0
1917 2918 2919 0
1917 2919 4893 0
1917 2920 4891 0
1917 4891 4893 0
1918 2921 6298 0
1918 2922 6262 0
1918 6262 6297 0
1918 6297 6298 0
1919 2936 2937 0
1920 2924 2925 0
1920 2924 3816 0
1920 2925 6324 0
1920 3816 4896 0
1920 4896 5874 0
1920 5758 5874 0
1920 5758 6324 0
1921 2927 3818 0
1921 3818 3820 0
1921 3820 6029 0
1921 6029 6651 0
1922 2929 3815 0
1922 2929 4441 0
1922 3821 4441 0
1923 3818 3822 0
1924 2936 2937 0
1924 2936 5690 0
1924 2937 3829 0
1924 3829 5691 0
1924 5690 5691 0
1925 3828 5829 0
1925 3831 5955 0
1925 5692 5955 0
1925 5692 6767 0
1925 5829 6767 0
1926 2940 3830 0
1926 2940 4448 0
1926 2941 5828 0
1926 2941 6263 0
1926 3830 5761 0
1926 4448 5828 0
1926 5761 6263 0
1927 1933 2951 0
1927 2937 3829 0
1928 2942 2944 0
1928 2942 5751 0
1928 2943 3843 0
1928 2943 5751 0
1928 2944 4461 0
1928 3843 5839 0
1928 4461 5839 0
1929 2951 5621 0
1929 2951 5833 0
1929 4455 5833 0
1929 4455 5834 0
1929 5621 5762 0
1929 5762 5834 0
1930 3836 4454 0
1930 3836 6732 0
1930 3840 3841 0
1930 3840 4452 0
1930 3841 5766 0
1930 4452 6732 0
1930 4454 5766 0
1931 2950 5187 0
1932 1933 3837 0
1933 2951 3838 0
1933 3837 3838 0
1934 1943 3273 0
1934 3273 4464 0
1935 1937 4069 0
1936 2955 3852 0
1936 2955 3853 0
1936 2956 2957 0
1936 2956 3853 0
1937 2957 2960 0
1937 2960 5004 0
1937 4069 5004 0
1938 1941 5432 0
1938 3274 6457 0
1938 4903 5432 0
1938 4903 6457 0
1939 1940 2961 0
1939 1940 4457 0
1939 2961 5697 0
1939 3846 4457 0
1939 3846 5767 0
1939 5697 5767 0
1940 2961 2962 0
1940 2962 4466 0
1941 3839 4900 0
1941 4900 5432 0
1942 4903 5483 0
1942 4903 6457 0
1942 5483 6435 0
1946 2870 4406 0
1946 2870 6221 0
1946 4406 6459 0
1947 1951 2982 0
1947 2965 2982 0
1949 3856 3864 0
1950 1962 3867 0
1950 2964 3858 0
1950 2964 3867 0
1951 2966 2967 0
1952 1953 2912 0
1952 2912 2968 0
1956 2971 2975 0
1956 2971 3860 0
1956 2975 4873 0
1956 3860 6689 0
1956 4873 6667 0
1956 6667 6689 0
1957 2970 2978 0
1957 2970 2979 0
1957 2975 2977 0
1957 2975 6292 0
1957 2977 2979 0
1957 2978 6650 0
1957 6292 6650 0
1958 1959 3865 0
1958 3865 3866 0
1959 1960 3862 0
1959 1960 3868 0
1959 3865 3868 0
1960 1961 3868 0
1961 2980 3863 0
1961 2980 4904 0
1961 3868 4904 0
1962 2981 2983 0
1962 2981 3867 0
1962 2983 3869 0
1963 3550 6424 0
1964 2987 2988 0
1964 2987 3874 0
1964 2988 4866 0
1964 3874 3875 0
1964 3875 4401 0
1964 4401 4866 0
1965 3870 3872 0
1968 3870 3871 0
1971 1976 2991 0
1971 2991 3880 0
1972 1973 2985 0
1972 2989 3880 0
1972 2989 6236 0
1975 2992 3881 0
1975 2992 4475 0
1976 2839 4478 0
1976 2991 4478 0
1977 1982 3882 0
1977 1982 6631 0
1977 4908 6631 0
1978 3235 4038 0
1979 5623 6716 0
1979 6030 6497 0
1979 6497 6716 0
1980 5622 6223 0
1980 6030 6497 0
1980 6195 6223 0
1981 1983 2993 0
1981 1984 2993 0
1982 6030 6224 0
1982 6224 6631 0
1984 2993 3882 0
1985 1987 2995 0
1985 1987 5623 0
1985 2995 3885 0
1985 3883 3885 0
1985 5623 6716 0
1986 2996 6041 0
1986 2997 3886 0
1987 1988 5624 0
1987 5623 5624 0
1988 5541 5624 0
1988 5541 5625 0
1988 5625 6041 0
1989 1990 3001 0
1989 1990 5542 0
1989 2997 3888 0
1990 1995 3889 0
1990 3001 3889 0
1991 1995 2999 0
1993 2998 4480 0
1993 3884 4480 0
1994 2994 4479 0
1994 4479 5622 0
1996 1999 2000 0
1996 1999 3000 0
1996 2000 3002 0
1996 3000 3889 0
1997 2999 3246 0
1997 3002 3233 0
1997 3233 5365 0
1997 3246 5365 0
1998 3000 6508 0
2000 2259 6122 0
2000 3002 6122 0
2001 2265 3233 0
2001 2265 3854 0
2001 2958 3854 0
2001 2958 6122 0
2001 3002 3233 0
2001 3002 6122 0
2002 5543 5709 0
2003 5565 5566 0
2004 3003 5698 0
2004 3003 5956 0
2004 5626 5956 0
2004 5626 6438 0
2004 5627 5631 0
2004 5627 6438 0
2004 5631 5698 0
2005 5560 5628 0
2005 5626 5628 0
2006 2008 3003 0
2006 3003 5956 0
2006 5629 5956 0
2006 5629 6594 0
2006 6485 6594 0
2007 5630 5698 0
2007 5631 5698 0
2008 3003 5632 0
2008 5544 5546 0
2008 5546 5632 0
2009 5544 5547 0
2009 5547 5633 0
2009 5562 5633 0
2010 5634 5951 0
2010 5634 5957 0
2010 5700 5702 0
2010 5700 5951 0
2010 5702 5957 0
2012 3005 3007 0
2012 3006 3007 0
2012 3006 4868 0
2012 4868 4869 0
2013 2015 3007 0
2013 3005 3007 0
2013 3005 3890 0
2014 2015 3007 0
2014 2015 3897 0
2014 2019 3006 0
2014 2019 3896 0
2014 3006 3007 0
2014 3896 3897 0
2015 3897 5704 0
2016 2017 3010 0
2016 2017 3912 0
2016 3010 4483 0
2016 3912 6383 0
2017 3010 3892 0
2017 3892 4548 0
2017 3912 6409 0
2017 4548 6408 0
2017 6408 6409 0
2018 3011 3013 0
2018 3011 3893 0
2018 3012 3065 0
2018 3012 3898 0
2018 3013 3898 0
2018 3065 3893 0
2020 3012 3016 0
2020 3012 3898 0
2020 3016 3895 0
2020 3895 4487 0
2020 3898 4909 0
2020 4487 4909 0
2021 4488 6475 0
2021 5637 6225 0
2022 2023 5707 0
2022 3894 5841 0
2022 5705 5707 0
2022 5705 5841 0
2023 2025 3900 0
2023 3900 5706 0
2023 5706 5707 0
2024 3020 5771 0
2024 4493 5771 0
2024 4493 6076 0
2025 3026 3900 0
2025 3026 5920 0
2025 5920 6226 0
2025 6225 6226 0
2027 2028 2034 0
2027 2028 2249 0
2027 2030 3028 0
2027 2034 3028 0
2029 3027 3909 0
2030 6186 6198 0
2032 3029 3908 0
2033 3027 3908 0
2033 3027 6612 0
2033 6031 6612 0
2038 3033 3910 0
2039 2040 2041 0
2039 2041 3033 0
2040 2041 3031 0
2040 2097 3031 0
2041 3031 5191 0
2041 3033 5190 0
2041 5190 5191 0
2042 3034 3917 0
2042 3037 3919 0
2042 3917 4496 0
2042 3919 4496 0
2044 2103 6575 0
2045 3038 6456 0
2047 2048 5638 0
2047 3041 5638 0
2048 5548 5638 0
2050 4504 5846 0
2051 2054 5549 0
2051 3041 6043 0
2051 3041 6228 0
2052 5640 5846 0
2053 2056 3043 0
2054 3042 4504 0
2055 2057 5641 0
2055 2074 2077 0
2055 2074 5641 0
2056 3045 3922 0
2057 2058 3045 0
2058 3044 4507 0
2058 3045 4506 0
2058 4506 4507 0
2059 3932 5785 0
2059 3932 6077 0
2059 4517 5780 0
2059 4517 6078 0
2059 5780 6328 0
2059 5785 6328 0
2059 6077 6078 0
2060 3050 3051 0
2060 3050 5987 0
2060 3051 6044 0
2060 4536 5987 0
2060 4536 6062 0
2060 6044 6062 0
2061 3053 3927 0
2061 3927 6329 0
2061 3938 4539 0
2061 4539 6329 0
2062 5642 5717 0
2062 5717 6045 0
2063 2065 3055 0
2063 2065 6229 0
2063 3054 3055 0
2063 3054 5913 0
2063 4532 5913 0
2064 4535 6610 0
2064 4538 6610 0
2064 5645 5646 0
2065 3055 3056 0
2065 3056 3941 0
2065 3941 6230 0
2065 6229 6230 0
2066 2071 5648 0
2066 3058 5643 0
2066 5643 5991 0
2066 5644 5648 0
2066 5644 5991 0
2067 3050 3051 0
2067 3051 5716 0
2068 2069 3941 0
2068 2070 5646 0
2068 3941 6230 0
2068 5645 5646 0
2068 5645 6230 0
2069 3057 4508 0
2070 2071 5647 0
2070 2071 5648 0
2070 5646 5648 0
2071 4505 5647 0
2074 2076 2077 0
2075 5639 5642 0
2077 5551 6231 0
2078 2090 3060 0
2078 3060 3943 0
2079 3060 3061 0
2079 3060 3062 0
2079 3061 4545 0
2079 4545 5528 0
2081 2785 2789 0
2081 2789 2790 0
2082 2083 3063 0
2086 2089 3064 0
2090 3060 3062 0
2091 3061 4545 0
2092 3944 4945 0
2094 3065 3893 0
2094 3065 3945 0
2094 3066 3945 0
2094 3066 4944 0
2094 3893 4486 0
2094 4486 4944 0
2095 2096 2097 0
2095 2096 4547 0
2095 3066 4547 0
2095 3066 4944 0
2095 4546 4944 0
2096 2097 3031 0
2096 3031 3069 0
2096 3069 4547 0
2099 2100 3073 0
2099 3039 6498 0
2099 3073 3074 0
2099 3074 6498 0
2100 2106 3077 0
2100 3073 3077 0
2101 3070 3071 0
2102 3070 3946 0
2102 3076 3946 0
2102 3076 6141 0
2102 3198 4549 0
2102 4549 6141 0
2104 2210 3078 0
2104 2210 6132 0
2104 3078 4551 0
2104 3947 3950 0
2104 3947 4551 0
2104 3950 6132 0
2105 3079 3081 0
2105 3079 3949 0
2105 3949 6132 0
2105 3950 6132 0
2106 3077 3080 0
2106 3080 4550 0
2107 3083 6046 0
2108 3084 3953 0
2108 3084 4512 0
2108 3085 4509 0
2108 4509 4512 0
2109 2111 3954 0
2109 2111 6393 0
2109 3952 6393 0
2109 3954 4521 0
2109 4521 4918 0
2110 3084 3087 0
2110 3086 3087 0
2110 3086 3952 0
2111 2114 3089 0
2111 2114 6393 0
2112 2114 5206 0
2112 2114 6393 0
2112 3088 3952 0
2112 3088 4946 0
2112 3952 6393 0
2112 4946 5206 0
2113 2114 3089 0
2113 2114 5206 0
2113 3947 3950 0
2113 3947 5206 0
2115 3091 6769 0
2116 2117 3939 0
2116 3052 3939 0
2117 3939 4544 0
2118 2163 6129 0
2118 3093 3094 0
2118 3093 6129 0
2119 3093 3094 0
2119 3093 4600 0
2119 3094 3955 0
2119 3095 3199 0
2119 3095 3955 0
2119 3199 4600 0
2120 3096 3097 0
2120 3096 3960 0
2120 3097 3958 0
2120 3958 4557 0
2120 3960 6306 0
2120 4557 6307 0
2120 6306 6307 0
2121 2127 4383 0
2121 3117 4568 0
2121 4383 6527 0
2121 4568 6527 0
2122 3105 4954 0
2122 3106 3107 0
2122 3107 3970 0
2122 3968 3970 0
2122 3968 4954 0
2123 2139 3130 0
2123 2139 6509 0
2123 3120 3984 0
2123 3120 6509 0
2123 3127 3984 0
2124 2132 3119 0
2124 2132 3978 0
2124 3111 3986 0
2124 3119 3986 0
2125 2128 3108 0
2125 3108 3110 0
2125 3110 4958 0
2125 4958 6669 0
2126 3109 5210 0
2126 3109 6265 0
2126 4562 4958 0
2126 4562 5211 0
2126 4958 6265 0
2126 5210 5211 0
2127 3111 4561 0
2127 4383 4565 0
2127 4561 4565 0
2128 3108 3112 0
2128 3112 4385 0
2128 3976 4385 0
2129 3113 3185 0
2129 3113 5923 0
2129 3114 4015 0
2129 3185 4015 0
2130 3096 5858 0
2130 3096 6047 0
2130 3183 5719 0
2130 3183 6730 0
2130 5858 6730 0
2131 3113 5923 0
2131 3113 6303 0
2131 3115 3116 0
2131 3115 5923 0
2131 3116 4552 0
2131 4552 6303 0
2132 3118 3119 0
2132 3118 5220 0
2132 3978 4566 0
2132 4566 5220 0
2133 3118 3119 0
2133 3118 4553 0
2133 3120 3125 0
2133 3121 3125 0
2133 3121 4553 0
2134 2136 3121 0
2134 2136 3124 0
2134 3121 6305 0
2134 3122 3124 0
2134 3122 6524 0
2134 3979 6305 0
2134 3979 6524 0
2135 3981 4976 0
2135 4976 6088 0
2135 6088 6267 0
2136 3121 3125 0
2136 3124 3126 0
2136 3125 3984 0
2136 3126 3984 0
2137 3126 3127 0
2137 3126 6269 0
2137 3140 3141 0
2138 3130 3131 0
2138 3130 3993 0
2138 3144 3146 0
2138 3146 3993 0
2139 3130 3131 0
2139 3131 4967 0
2139 3132 4966 0
2139 3132 6509 0
2139 4966 4967 0
2140 2141 3133 0
2140 2141 4957 0
2140 3133 3988 0
2140 3136 4957 0
2140 3136 5223 0
2140 3988 6145 0
2140 5223 6145 0
2141 3128 4957 0
2141 3128 6169 0
2141 3133 6169 0
2142 2792 3988 0
2142 3133 3988 0
2142 3133 6169 0
2142 6169 6390 0
2143 3135 3991 0
2143 3991 4982 0
2143 4982 6160 0
2143 6160 6382 0
2144 2792 2794 0
2144 2792 3988 0
2144 2794 4844 0
2144 3134 4844 0
2144 3134 6181 0
2144 3988 6181 0
2146 2147 3137 0
2146 2149 3137 0
2147 2148 3137 0
2149 3137 4018 0
2149 3142 4018 0
2150 3138 4017 0
2151 3139 4577 0
2151 3139 6542 0
2151 3140 3141 0
2151 3140 4573 0
2151 3141 4577 0
2151 4573 4977 0
2151 4977 6542 0
2152 3142 5796 0
2152 5792 5793 0
2152 5792 5860 0
2152 5796 5860 0
2153 3144 3146 0
2153 3144 4576 0
2153 3145 3989 0
2153 3145 4580 0
2153 3146 3989 0
2153 4576 4580 0
2155 5793 6063 0
2156 2190 3147 0
2156 2192 3994 0
2156 2192 5941 0
2156 3147 3176 0
2156 3176 3994 0
2157 3149 5650 0
2157 4526 4932 0
2157 4932 5650 0
2158 4524 4525 0
2158 4524 4528 0
2159 4925 4926 0
2159 4926 5195 0
2160 2161 5651 0
2160 5195 6558 0
2163 4985 6133 0
2163 6129 6133 0
2164 2173 6461 0
2164 4985 6461 0
2165 2173 3160 0
2165 2173 6461 0
2165 3151 6272 0
2165 3151 6461 0
2165 3160 3998 0
2166 3166 4589 0
2166 4006 4589 0
2167 3161 3998 0
2167 3161 4008 0
2168 2705 3649 0
2168 3092 3152 0
2168 3092 3996 0
2168 3152 3649 0
2168 3157 3996 0
2169 3153 4586 0
2169 3153 6471 0
2169 3155 4585 0
2169 3156 4586 0
2169 4585 6471 0
2170 3155 4585 0
2171 3160 3161 0
2171 3160 6642 0
2171 3161 4007 0
2171 3163 4004 0
2171 3163 6642 0
2171 4004 4590 0
2171 4007 4590 0
2172 3156 3997 0
2172 6499 6532 0
2172 6532 6572 0
2173 3160 3162 0
2174 4592 6273 0
2176 3168 4346 0
2176 3168 5361 0
2176 4588 5361 0
2177 4587 6064 0
2177 4587 6532 0
2177 6064 6233 0
2177 6532 6572 0
2178 2184 3168 0
2178 2184 3173 0
2178 3168 4593 0
2179 2180 3170 0
2179 2180 6234 0
2179 3170 6483 0
2179 6000 6234 0
2180 6234 6632 0
2181 3661 4348 0
2181 3661 4824 0
2182 3171 4349 0
2182 3664 4349 0
2183 2188 6311 0
2183 3175 4352 0
2183 3175 6311 0
2183 4351 4352 0
2184 3168 3172 0
2184 3172 6319 0
2184 3173 3174 0
2184 3174 6319 0
2185 3173 3174 0
2185 3174 3175 0
2185 3175 6310 0
2185 3177 6310 0
2186 3660 4347 0
2186 3660 5740 0
2186 5740 6500 0
2186 6500 6717 0
2187 2189 6235 0
2187 3176 4010 0
2187 3176 5652 0
2187 5652 6235 0
2188 2198 6501 0
2188 6311 6633 0
2188 6501 6633 0
2189 3177 4009 0
2191 5990 6467 0
2192 2200 3994 0
2192 2200 6635 0
2192 3180 5941 0
2193 3186 5721 0
2193 3186 6699 0
2193 4016 6699 0
2193 5653 5721 0
2193 5653 6157 0
2194 3180 3181 0
2194 3180 6157 0
2194 3181 4595 0
2194 4595 5794 0
2194 5653 5794 0
2194 5653 6157 0
2195 3183 3983 0
2195 3183 5719 0
2195 3184 3983 0
2195 3184 5861 0
2195 5718 5719 0
2195 5718 5861 0
2196 3187 4017 0
2196 3187 5723 0
2196 3188 4017 0
2196 3188 4020 0
2196 4020 5720 0
2196 5720 5723 0
2197 2201 6634 0
2197 4016 5722 0
2197 4016 6636 0
2197 5722 6756 0
2197 6634 6636 0
2198 2201 6717 0
2198 6500 6717 0
2199 4010 6309 0
2199 6501 6633 0
2200 3994 6309 0
2200 6309 6636 0
2200 6635 6636 0
2203 2795 6603 0
2203 6583 6603 0
2205 3191 4022 0
2205 3191 6333 0
2205 3193 3194 0
2205 3193 6450 0
2205 3194 4022 0
2205 6333 6450 0
2206 3191 6333 0
2206 3196 3197 0
2206 3196 4032 0
2206 4032 6333 0
2207 3191 4022 0
2208 3196 3197 0
2209 2210 3949 0
2209 2210 4026 0
2209 2211 4026 0
2209 2211 4549 0
2209 3075 3949 0
2209 3075 4549 0
2210 3078 4028 0
2210 3949 6132 0
2210 4026 4028 0
2211 3200 4025 0
2211 3200 4549 0
2211 4025 4601 0
2211 4026 4601 0
2212 3201 4029 0
2213 2217 4602 0
2214 2225 4030 0
2214 4030 6693 0
2215 2216 3205 0
2217 2220 3203 0
2217 3203 4602 0
2221 2223 3208 0
2221 3208 3209 0
2224 4030 6693 0
2226 2227 4031 0
2226 3211 4603 0
2226 4031 4603 0
2227 2703 4819 0
2227 4031 4819 0
2228 2229 3213 0
2228 2229 5075 0
2228 2230 2670 0
2228 2230 5075 0
2228 2670 3627 0
2228 3213 3627 0
2229 3213 6576 0
2229 5075 6428 0
2229 6428 6584 0
2229 6576 6584 0
2230 2670 4340 0
2230 3635 4340 0
2230 3635 4699 0
2230 4699 5075 0
2231 3393 4193 0
2231 4191 4193 0
2232 2233 2235 0
2233 2235 4170 0
2233 3420 4170 0
2234 3418 4169 0
2237 3192 3195 0
2237 3192 4032 0
2237 3195 3217 0
2237 3217 6765 0
2237 4024 4032 0
2237 4024 6765 0
2239 2247 3227 0
2239 2529 3227 0
2241 3220 6476 0
2241 3220 6711 0
2241 6694 6711 0
2242 3221 5410 0
2242 3221 6511 0
2242 5297 5409 0
2242 5297 6655 0
2242 5409 5410 0
2242 6511 6710 0
2242 6655 6710 0
2243 3220 3222 0
2243 3220 6476 0
2243 3222 6274 0
2244 3226 4605 0
2244 4033 4605 0
2245 2246 4033 0
2246 2247 3225 0
2246 2247 4605 0
2246 4033 4605 0
2247 3227 4605 0
2252 4063 4619 0
2253 3262 4619 0
2254 2261 6362 0
2255 2262 3230 0
2255 2262 5945 0
2255 3230 6275 0
2256 2257 3229 0
2257 2258 3229 0
2258 2259 3853 0
2259 2956 2958 0
2259 2956 3853 0
2259 2958 6122 0
2260 5565 5655 0
2260 5655 5946 0
2260 5946 6439 0
2261 3230 4036 0
2261 3230 6362 0
2261 4036 4606 0
2262 3230 3231 0
2262 3231 5657 0
2263 5656 5657 0
2263 5656 6238 0
2263 5657 5725 0
2263 5725 6512 0
2265 3233 5439 0
2265 3854 6123 0
2265 5439 6427 0
2265 6123 6427 0
2266 4038 4608 0
2268 3235 4607 0
2269 4607 4608 0
2271 2272 4067 0
2271 3236 4066 0
2271 4066 4067 0
2272 4067 4613 0
2273 3237 3238 0
2273 3237 4040 0
2273 3238 3239 0
2273 3239 4046 0
2273 3240 4040 0
2273 3240 6239 0
2273 4046 6239 0
2274 3240 3241 0
2274 3240 4040 0
2274 3241 4609 0
2275 2277 4044 0
2275 2277 4056 0
2275 4042 4044 0
2275 4042 5800 0
2275 4056 4059 0
2275 4059 5800 0
2276 3243 4046 0
2276 3243 4058 0
2276 3244 4046 0
2276 3244 5658 0
2276 4058 5893 0
2276 5658 5893 0
2277 3247 3248 0
2277 3247 4044 0
2278 3250 4071 0
2278 3251 3252 0
2279 2280 3248 0
2279 2280 3249 0
2279 3247 3248 0
2279 3247 4614 0
2279 3249 5367 0
2279 4614 5367 0
2280 3253 4055 0
2281 3254 3255 0
2281 3255 3258 0
2281 3258 4617 0
2281 4052 4617 0
2282 3256 4053 0
2282 3256 6462 0
2282 4051 4615 0
2282 4051 4617 0
2282 4052 4617 0
2282 4052 6462 0
2282 4053 4615 0
2283 3260 3262 0
2283 3260 4050 0
2283 3261 3267 0
2283 3261 4050 0
2283 3262 4064 0
2283 3267 4062 0
2283 4062 4064 0
2284 3263 3264 0
2284 3263 4057 0
2284 3264 5229 0
2284 3265 4060 0
2284 3265 5229 0
2284 4057 4060 0
2285 3267 4062 0
2285 3267 4996 0
2285 3268 4065 0
2285 3268 4611 0
2285 4062 4065 0
2285 4611 4997 0
2285 4996 4997 0
2286 2287 6502 0
2286 2996 3269 0
2287 4041 6502 0
2288 2302 2304 0
2288 3270 3271 0
2288 3271 6377 0
2289 2290 3276 0
2289 2290 6130 0
2289 2295 6130 0
2289 3276 4070 0
2290 2291 3276 0
2290 2291 4622 0
2290 3277 3850 0
2290 3277 4622 0
2290 3850 6130 0
2291 4622 4623 0
2292 2295 5519 0
2292 3759 5519 0
2295 3851 4465 0
2295 3851 5519 0
2295 4465 6130 0
2296 2297 2298 0
2296 2297 3280 0
2297 3280 3282 0
2297 3282 4624 0
2300 3291 3304 0
2300 3291 6412 0
2300 3294 4081 0
2300 3294 4094 0
2300 3304 4094 0
2300 4081 6412 0
2301 3284 3285 0
2301 3284 4081 0
2301 3285 3292 0
2301 3292 4078 0
2301 4078 6412 0
2301 4081 6412 0
2302 2304 5015 0
2302 3287 5015 0
2303 2304 4637 0
2303 2309 3306 0
2303 3306 4637 0
2304 4637 5015 0
2305 3288 4633 0
2305 3289 4634 0
2305 4633 4634 0
2306 3293 4078 0
2306 3377 4074 0
2306 4074 4626 0
2306 4078 4626 0
2307 3286 3295 0
2308 2309 4080 0
2308 3283 4080 0
2309 3294 3306 0
2309 3294 4080 0
2310 2412 4076 0
2310 2412 4079 0
2310 3295 5008 0
2310 4076 5008 0
2311 3317 4104 0
2311 4104 6525 0
2311 6032 6105 0
2312 6203 6240 0
2314 3278 4091 0
2315 2316 3298 0
2316 3298 4087 0
2316 4082 6378 0
2316 4087 6378 0
2317 2318 3296 0
2317 2318 6637 0
2317 3296 4635 0
2317 4092 4629 0
2317 4629 4635 0
2318 3296 3297 0
2319 2321 3310 0
2319 3310 4075 0
2319 4075 5230 0
2320 3305 4095 0
2320 3305 4627 0
2320 3314 4101 0
2320 3314 4627 0
2321 3311 4101 0
2322 2323 2419 0
2322 2323 6379 0
2322 2419 4103 0
2322 3315 4103 0
2322 3315 6313 0
2322 6313 6379 0
2323 6158 6379 0
2324 3317 3318 0
2325 2330 6241 0
2325 6204 6241 0
2326 2413 2414 0
2326 2414 2419 0
2327 4106 6051 0
2327 4106 6654 0
2328 4106 6170 0
2329 3320 4105 0
2329 4105 4643 0
2329 4108 4645 0
2329 4643 4645 0
2330 2335 3321 0
2331 4104 6033 0
2331 4107 6242 0
2331 6033 6242 0
2332 6242 6334 0
2332 6334 6449 0
2334 2335 3322 0
2335 3321 4109 0
2335 3322 4109 0
2336 3322 4110 0
2337 3323 5232 0
2338 3324 6607 0
2338 3325 5369 0
2338 5018 5369 0
2338 5018 6607 0
2339 3326 4111 0
2340 3326 4648 0
2340 3326 6034 0
2340 3327 4648 0
2341 4111 4112 0
2342 3328 3337 0
2342 3328 4148 0
2342 4148 5260 0
2343 3379 4682 0
2344 2345 3371 0
2344 3371 4665 0
2345 3371 3373 0
2346 3330 3335 0
2347 2355 3331 0
2348 2565 6035 0
2348 6035 6136 0
2348 6136 6406 0
2348 6385 6406 0
2349 2350 3334 0
2350 3333 3334 0
2351 2851 2852 0
2351 2851 3332 0
2351 3332 3333 0
2352 3339 4113 0
2352 4113 4656 0
2353 3328 3337 0
2353 3337 4659 0
2353 4128 4659 0
2354 3338 5727 0
2354 3340 5248 0
2354 5248 6350 0
2354 5727 6350 0
2355 3340 4115 0
2356 3341 5242 0
2356 3342 5241 0
2356 5241 5242 0
2357 2358 3545 0
2357 2739 3545 0
2358 2586 2587 0
2358 2586 3545 0
2358 2587 3546 0
2358 3344 3546 0
2359 2360 2361 0
2359 2361 6277 0
2359 6277 6278 0
2361 5659 6277 0
2363 2380 4120 0
2363 3353 4120 0
2363 5659 6276 0
2364 2365 6567 0
2365 2378 3352 0
2365 2378 3353 0
2365 3352 6567 0
2366 2816 3744 0
2367 2374 5925 0
2367 2374 6396 0
2367 6008 6396 0
2368 5728 6321 0
2368 6321 6396 0
2369 2815 3346 0
2370 3348 5729 0
2370 3348 5731 0
2370 5729 6001 0
2372 3349 6643 0
2373 3357 4122 0
2375 3350 6609 0
2375 6207 6609 0
2376 4119 6513 0
2376 5660 6440 0
2376 5660 6513 0
2376 6440 6609 0
2377 3354 6207 0
2378 3352 6335 0
2378 3353 4120 0
2378 4120 6036 0
2378 4654 6036 0
2378 4654 6335 0
2379 2381 6243 0
2379 4119 4654 0
2379 4654 6036 0
2380 2382 3356 0
2381 3354 3356 0
2381 3354 6243 0
2382 3355 3356 0
2383 2391 6708 0
2384 2385 4653 0
2384 2386 4653 0
2385 4653 5043 0
2386 3343 5233 0
2386 4653 5233 0
2387 2400 3361 0
2387 2400 5866 0
2388 2389 2393 0
2388 2389 4666 0
2388 5661 6514 0
2389 4138 4666 0
2394 2396 2398 0
2394 2398 5036 0
2394 4655 5036 0
2395 3349 3357 0
2395 3357 4655 0
2396 2398 6124 0
2396 3358 6124 0
2398 2406 5050 0
2398 5050 6124 0
2399 3359 5036 0
2400 3361 4135 0
2400 4135 6671 0
2400 4674 5866 0
2400 4674 6671 0
2401 3362 4671 0
2401 3362 6638 0
2401 3363 5577 0
2401 3363 5865 0
2401 4671 5865 0
2405 4131 5257 0
2405 5052 5257 0
2406 4678 5050 0
2406 4678 5052 0
2407 3365 4127 0
2407 3365 5805 0
2407 3366 4124 0
2407 3366 4127 0
2407 4124 4139 0
2407 4139 5805 0
2408 3367 3370 0
2408 3367 4132 0
2408 3368 4664 0
2408 3368 5037 0
2408 3370 4664 0
2408 4132 5037 0
2409 3371 4657 0
2409 3371 4665 0
2409 3372 4130 0
2409 3372 4657 0
2409 4130 4664 0
2409 4664 4665 0
2410 4670 5040 0
2410 4670 5895 0
2410 5026 5243 0
2410 5026 5895 0
2410 5040 6564 0
2410 5243 6564 0
2411 2412 4079 0
2412 3290 4076 0
2413 2414 2416 0
2413 2416 4150 0
2414 2416 3383 0
2414 2419 4103 0
2415 3379 4681 0
2415 3382 4149 0
2415 4149 5056 0
2415 4681 5056 0
2416 3383 4687 0
2416 4150 5384 0
2416 4687 5384 0
2417 2418 3380 0
2417 3380 4149 0
2418 3378 5383 0
2418 3380 5383 0
2421 3385 4685 0
2421 4685 5062 0
2423 3388 5058 0
2424 2426 5059 0
2424 3388 4686 0
2424 4686 5059 0
2425 2426 4151 0
2425 3387 4151 0
2425 3387 6125 0
2426 4151 5059 0
2427 3391 3392 0
2427 3391 4155 0
2427 3392 4157 0
2427 4155 5276 0
2427 4157 5276 0
2428 2429 2433 0
2428 2429 6244 0
2428 2433 3207 0
2428 5082 6244 0
2430 3389 4156 0
2431 3393 4195 0
2431 4195 4196 0
2432 4198 5277 0
2434 2464 5662 0
2435 2436 3397 0
2435 2443 3397 0
2436 2440 3397 0
2437 2445 6723 0
2437 6363 6723 0
2438 2451 3403 0
2438 2451 3405 0
2438 3403 6723 0
2438 3405 6245 0
2438 6245 6363 0
2438 6363 6723 0
2440 3394 5072 0
2440 3397 5072 0
2441 3394 4694 0
2441 3396 4694 0
2442 3395 6515 0
2442 3398 6515 0
2442 3398 6516 0
2442 6014 6516 0
2443 3397 5071 0
2444 4692 5492 0
2444 5283 5492 0
2445 3403 5397 0
2445 3403 6723 0
2445 4692 5397 0
2446 3395 6515 0
2447 3390 4695 0
2448 2492 3399 0
2448 3399 4159 0
2449 3401 4161 0
2449 4161 4162 0
2449 4162 4186 0
2449 4184 4186 0
2450 3400 3402 0
2450 3402 3405 0
2450 3404 4163 0
2450 3405 4163 0
2451 3403 4704 0
2451 3405 4163 0
2451 4163 4704 0
2452 4165 6414 0
2453 2636 3406 0
2453 3406 4696 0
2454 2455 3411 0
2454 2455 3413 0
2454 3408 3413 0
2454 3408 4165 0
2454 3409 3411 0
2454 3409 4165 0
2455 3411 3415 0
2455 3413 3414 0
2455 3414 4179 0
2455 3415 4179 0
2456 3418 3420 0
2456 3418 4188 0
2456 3419 3422 0
2456 3419 4190 0
2456 3420 3422 0
2456 4188 4190 0
2457 3419 3421 0
2457 3419 3422 0
2457 3421 5395 0
2457 3422 3423 0
2457 3423 5275 0
2457 5275 5395 0
2458 4189 4199 0
2458 4189 5806 0
2458 4199 4714 0
2458 4204 5398 0
2458 4204 5806 0
2458 4714 5398 0
2459 3432 3435 0
2459 3432 6338 0
2459 3435 6696 0
2459 4722 5900 0
2459 4722 6338 0
2459 5900 6696 0
2460 4211 4222 0
2460 4211 6353 0
2460 4222 6092 0
2460 5099 6092 0
2460 5099 6478 0
2460 6353 6478 0
2461 3440 3606 0
2461 3440 5476 0
2461 3441 4217 0
2461 3441 5738 0
2461 3606 5738 0
2461 4217 4800 0
2461 4800 5476 0
2462 3442 3444 0
2462 3442 4206 0
2462 3443 3608 0
2462 3443 4206 0
2462 3444 4730 0
2462 3608 4730 0
2463 2464 4220 0
2463 2464 5578 0
2463 3575 6246 0
2464 4220 5662 0
2465 3447 4231 0
2465 3447 4741 0
2465 4225 4229 0
2465 4225 4741 0
2465 4229 4230 0
2465 4230 4231 0
2468 3449 4232 0
2469 3450 4233 0
2470 3453 4232 0
2471 3452 4233 0
2471 3452 4234 0
2471 4234 6539 0
2471 4745 6539 0
2472 3452 4234 0
2472 3452 4742 0
2472 3453 4742 0
2472 3454 4234 0
2473 3455 4236 0
2474 3454 4744 0
2474 4236 4744 0
2475 3455 4237 0
2475 3455 6691 0
2475 3456 3457 0
2475 3456 6691 0
2475 3457 5939 0
2475 4237 5988 0
2475 5939 5988 0
2476 4754 5869 0
2476 5869 6053 0
2477 2482 3467 0
2477 2487 3471 0
2479 3469 3471 0
2480 3463 3464 0
2482 3467 4746 0
2482 4239 4747 0
2482 4746 4747 0
2483 4239 5111 0
2483 5111 5306 0
2484 4242 4750 0
2484 4242 4752 0
2485 2486 6503 0
2485 3470 4760 0
2485 4760 6503 0
2487 3471 3473 0
2488 3472 4759 0
2488 3473 4759 0
2489 3468 3474 0
2492 3475 3478 0
2494 2496 3477 0
2494 3475 4244 0
2494 3477 4244 0
2495 2496 3477 0
2495 2497 3477 0
2496 5582 6592 0
2497 3476 3477 0
2499 3478 4245 0
2501 2503 3479 0
2501 2507 3479 0
2515 2529 4029 0
2515 3490 4763 0
2519 2544 3498 0
2519 2544 3499 0
2519 3481 3489 0
2519 3489 3499 0
2520 3483 5108 0
2520 4736 5106 0
2520 4736 5108 0
2521 4227 4739 0
2522 2525 3487 0
2522 3482 3487 0
2523 3484 4762 0
2523 4762 5414 0
2523 5305 5414 0
2524 2525 3484 0
2524 3484 3488 0
2525 3484 4762 0
2525 3487 6464 0
2525 4762 6464 0
2526 3485 4246 0
2526 3485 5808 0
2526 4246 4248 0
2526 4248 5302 0
2526 4249 5304 0
2526 4249 5808 0
2526 5302 5304 0
2527 3481 6280 0
2529 3219 3227 0
2529 3219 4029 0
2530 3490 4250 0
2530 3491 3492 0
2531 2535 3493 0
2533 2536 3493 0
2534 2537 6248 0
2537 3486 4761 0
2537 3486 6281 0
2537 6248 6281 0
2538 2546 2547 0
2538 3520 3521 0
2538 3520 4260 0
2539 3516 3517 0
2540 2541 3511 0
2540 3521 3522 0
2541 2543 3494 0
2541 3494 4764 0
2541 3511 4764 0
2542 3495 3496 0
2542 3495 3498 0
2542 3496 4251 0
2542 3497 3498 0
2542 3497 4251 0
2543 2545 2546 0
2544 3497 3498 0
2545 2546 2547 0
2548 4257 5315 0
2549 3500 4253 0
2549 3500 4254 0
2549 4253 6249 0
2549 4254 4255 0
2549 6249 6250 0
2550 2551 3504 0
2550 2551 3505 0
2550 3502 3503 0
2550 3502 4787 0
2550 3503 3505 0
2550 3504 3562 0
2550 3562 4787 0
2551 3504 4258 0
2551 3505 3506 0
2551 3506 5121 0
2551 4258 5121 0
2552 2615 6639 0
2552 3508 3509 0
2552 3508 6518 0
2552 3509 6639 0
2553 3502 4259 0
2553 3502 4787 0
2553 4787 6645 0
2553 6640 6645 0
2554 3500 4252 0
2554 3500 4253 0
2554 4252 6315 0
2554 6282 6315 0
2555 3502 3503 0
2555 3502 4259 0
2555 3503 4254 0
2555 4252 4254 0
2555 4252 4765 0
2555 4259 4765 0
2556 3513 3514 0
2556 3514 3515 0
2556 3515 4261 0
2557 3516 3517 0
2557 3516 4262 0
2557 3527 4262 0
2557 3527 4263 0
2558 2559 2561 0
2559 2561 3519 0
2562 3522 3526 0
2562 3522 6284 0
2562 3524 3526 0
2562 4265 6284 0
2563 3514 3515 0
2563 4768 6735 0
2563 5118 6735 0
2564 3527 4266 0
2564 3527 6137 0
2564 4266 6692 0
2564 4267 5118 0
2564 4267 6175 0
2564 5118 6692 0
2564 6137 6175 0
2565 2566 2567 0
2569 2570 4274 0
2570 3534 4273 0
2570 3534 4274 0
2571 3533 4275 0
2574 2577 3329 0
2574 2577 4271 0
2574 3531 4272 0
2574 4271 4272 0
2575 3532 4276 0
2575 3532 4771 0
2575 3533 4275 0
2575 3533 4277 0
2575 3534 4275 0
2575 3534 4771 0
2575 4276 4277 0
2576 2577 4271 0
2576 4271 4771 0
2578 3536 6644 0
2578 6107 6110 0
2578 6110 6644 0
2579 3533 4277 0
2579 4277 5734 0
2579 5663 5664 0
2579 5663 5734 0
2580 2732 2733 0
2582 3537 3538 0
2582 3537 4280 0
2582 3538 4283 0
2582 4280 4282 0
2582 4282 5165 0
2582 4283 5165 0
2583 3541 4838 0
2583 3541 5735 0
2583 3542 4840 0
2583 3542 5735 0
2583 4363 4840 0
2583 4363 6340 0
2583 4838 6340 0
2584 2585 3544 0
2584 3544 6107 0
2584 4281 4774 0
2584 4774 6107 0
2585 3541 5735 0
2586 2587 4772 0
2586 3545 4776 0
2586 4772 5310 0
2586 4776 5310 0
2588 2591 6718 0
2588 4278 4781 0
2588 4278 6316 0
2588 6316 6718 0
2589 2590 3547 0
2590 3547 4358 0
2591 3547 6728 0
2593 3689 4361 0
2593 3692 4361 0
2595 3557 4295 0
2596 3548 4784 0
2596 4783 4784 0
2597 4289 5313 0
2597 4783 5313 0
2598 2599 2850 0
2598 2849 6418 0
2598 2850 6418 0
2599 2600 2850 0
2599 2600 4293 0
2599 3551 4293 0
2600 2603 3553 0
2600 2603 3765 0
2600 2850 3765 0
2600 3553 4293 0
2601 3551 4293 0
2601 3554 4293 0
2603 3765 6446 0
2604 3553 3554 0
2605 3555 5312 0
2605 3555 5586 0
2605 4782 5312 0
2606 2607 4298 0
2607 6115 6116 0
2609 5127 5317 0
2611 2612 3561 0
2611 3507 3510 0
2613 2614 3560 0
2613 3560 4786 0
2615 3562 3563 0
2615 3563 6757 0
2616 3564 5665 0
2617 3564 5665 0
2619 2629 6251 0
2619 2629 6586 0
2619 4298 6586 0
2620 3565 4795 0
2620 3618 4305 0
2620 4305 4795 0
2621 2623 2665 0
2621 2623 3566 0
2621 4788 5128 0
2622 2623 3566 0
2622 2623 6139 0
2623 2665 3567 0
2623 3567 4815 0
2623 4815 6139 0
2625 2627 3600 0
2625 3599 4315 0
2625 3600 4315 0
2626 3568 4789 0
2626 3600 4789 0
2629 4790 6252 0
2629 4790 6586 0
2630 6374 6453 0
2630 6453 6454 0
2631 3570 4792 0
2631 3573 4301 0
2631 3573 4727 0
2631 4727 4792 0
2632 4213 5807 0
2632 4213 6388 0
2632 6285 6388 0
2633 4210 4729 0
2633 4210 6068 0
2633 4729 5807 0
2634 4725 4726 0
2634 4725 6022 0
2635 2639 3578 0
2635 3577 3578 0
2635 3577 4302 0
2637 3576 5132 0
2637 3581 5471 0
2637 5132 5471 0
2638 3579 3646 0
2638 3646 3647 0
2640 2641 4793 0
2640 2642 2644 0
2640 2644 3586 0
2640 3586 6587 0
2640 4793 6587 0
2641 3584 4793 0
2643 2644 3586 0
2643 2644 3587 0
2643 3586 6400 0
2643 3587 3588 0
2645 3592 4312 0
2645 3592 4795 0
2645 4307 4309 0
2645 4307 4795 0
2645 4309 4311 0
2645 4311 4312 0
2646 3591 6403 0
2646 3593 4308 0
2646 4308 6403 0
2647 3598 4797 0
2647 4314 4797 0
2647 4314 6037 0
2648 4299 4789 0
2648 4315 4789 0
2649 3597 3598 0
2649 3597 6387 0
2649 3598 3599 0
2650 2656 4316 0
2650 4307 4309 0
2650 4307 4316 0
2651 3597 4317 0
2651 4317 5130 0
2651 4796 5130 0
2652 3601 6253 0
2652 6253 6254 0
2653 3602 4321 0
2653 3602 5950 0
2653 3603 4318 0
2653 3603 5950 0
2653 4318 4319 0
2653 4319 4321 0
2654 4318 4319 0
2655 4320 4321 0
2655 4320 6719 0
2655 4321 6748 0
2655 5810 6748 0
2656 4218 6770 0
2656 6104 6770 0
2657 4320 6069 0
2658 3605 3606 0
2658 3605 3608 0
2658 3606 3607 0
2658 3607 3609 0
2658 3608 4730 0
2658 3609 4730 0
2659 3609 4322 0
2660 2661 2663 0
2660 2661 4333 0
2660 2663 3616 0
2660 2689 4333 0
2660 3585 3616 0
2661 2663 4814 0
2661 4333 6144 0
2661 4814 6138 0
2661 6138 6144 0
2662 2663 3616 0
2662 2663 4814 0
2662 3616 3623 0
2662 3620 3625 0
2662 3620 4332 0
2662 3623 3625 0
2662 4332 4814 0
2664 3614 3615 0
2664 3614 3617 0
2664 3615 3620 0
2664 3617 4335 0
2664 3620 3624 0
2664 3624 4335 0
2665 3567 3619 0
2666 3583 4304 0
2666 3583 6404 0
2666 3623 4304 0
2666 3623 4816 0
2666 4336 4816 0
2666 4336 6404 0
2667 3212 3629 0
2667 3212 4031 0
2667 3629 4817 0
2667 4031 4819 0
2667 4817 4819 0
2668 2671 3629 0
2668 3628 4820 0
2668 3629 4817 0
2668 4817 4820 0
2669 3628 4821 0
2670 3627 4338 0
2670 4338 4340 0
2671 2675 4338 0
2671 3629 4338 0
2672 2673 2675 0
2672 2673 3633 0
2672 2676 3633 0
2673 2675 4340 0
2673 3633 3634 0
2673 3634 4340 0
2674 2682 3632 0
2674 3631 3632 0
2674 3631 3633 0
2675 4338 4340 0
2677 2679 3410 0
2677 3407 3410 0
2678 2679 3639 0
2678 2679 4168 0
2678 2680 3412 0
2678 2680 3639 0
2678 3412 3417 0
2678 3417 4168 0
2679 3410 4168 0
2680 3412 4167 0
2680 3630 3639 0
2680 3630 4822 0
2680 4167 4822 0
2681 2682 3632 0
2681 2682 4344 0
2681 3632 6381 0
2681 3636 3640 0
2681 3640 4344 0
2682 3641 4344 0
2683 3638 3642 0
2683 3642 4343 0
2684 4345 6615 0
2684 6479 6615 0
2686 2687 2688 0
2686 2687 3643 0
2686 2688 4342 0
2687 3643 4345 0
2688 4342 4343 0
2689 2690 2691 0
2689 2691 3644 0
2689 3644 4333 0
2690 2691 2694 0
2691 2694 2695 0
2692 3637 4341 0
2693 2696 2697 0
2693 2697 3645 0
2693 3645 3647 0
2694 2695 2700 0
2694 2698 2700 0
2695 2696 2700 0
2696 2697 2700 0
2697 2700 3648 0
2698 2699 2701 0
2698 2700 3648 0
2698 2701 3648 0
2702 3651 3652 0
2702 3652 4818 0
2703 2704 4339 0
2703 4339 6146 0
2703 4819 6146 0
2704 3152 3649 0
2704 3649 3650 0
2704 3650 4339 0
2705 2706 2707 0
2705 2707 4823 0
2705 3649 4823 0
2706 2707 3653 0
2706 2709 3653 0
2710 3654 4827 0
2711 2712 3656 0
2713 3657 6540 0
2713 3668 6540 0
2714 3660 3661 0
2714 3660 5739 0
2714 3661 6286 0
2714 5739 5741 0
2714 5741 6725 0
2714 6286 6725 0
2715 3662 3667 0
2715 3662 6726 0
2715 3663 3664 0
2715 3663 6726 0
2715 3664 4349 0
2715 3667 4349 0
2716 3665 3667 0
2716 3665 6255 0
2716 3666 3667 0
2716 3666 6287 0
2716 6255 6287 0
2717 3665 4356 0
2717 3665 6255 0
2717 3668 6155 0
2717 4356 6155 0
2718 3669 3670 0
2718 3669 3671 0
2718 3670 3672 0
2718 3671 3673 0
2718 3672 4826 0
2718 3673 4826 0
2719 3673 4355 0
2719 3673 6648 0
2719 3674 3676 0
2719 3674 4355 0
2719 3676 6318 0
2719 4350 6318 0
2719 4350 6648 0
2721 2722 2727 0
2722 2727 3679 0
2722 2729 3216 0
2722 2729 3679 0
2725 2726 2727 0
2725 2726 2743 0
2725 2727 3679 0
2725 2743 4833 0
2725 3679 3688 0
2725 3688 5162 0
2725 4833 5162 0
2726 2728 2743 0
2728 2743 3689 0
2729 2742 3688 0
2729 3679 3688 0
2730 3682 6750 0
2731 3681 3682 0
2735 3683 5161 0
2735 3687 5161 0
2738 2742 6054 0
2738 2742 6159 0
2738 3693 4777 0
2738 3693 6159 0
2738 4777 4778 0
2738 4778 6054 0
2739 3545 4775 0
2740 3685 3686 0
2740 3685 6131 0
2740 3686 4830 0
2740 4360 4832 0
2740 4360 6131 0
2740 4830 4832 0
2741 3687 4360 0
2742 3684 3686 0
2742 3686 6054 0
2742 3688 6159 0
2743 3689 4362 0
2743 4362 4833 0
2744 3691 4364 0
2744 3692 4843 0
2744 4364 4843 0
2745 3695 5518 0
2745 3695 6477 0
2745 3714 5518 0
2745 6419 6477 0
2746 3697 6038 0
2746 6038 6178 0
2746 6178 6180 0
2747 3698 3719 0
2748 2783 3698 0
2749 2782 4847 0
2749 2782 6573 0
2749 4369 4372 0
2749 4369 4847 0
2749 4370 4372 0
2749 4370 6573 0
2750 3700 4367 0
2752 3701 4369 0
2752 3701 6521 0
2752 4368 4846 0
2752 4368 5170 0
2752 4369 5170 0
2752 4846 6521 0
2753 3103 3971 0
2753 3103 3973 0
2754 3966 3967 0
2756 2757 2758 0
2758 3712 4560 0
2759 3703 4849 0
2759 3710 4849 0
2760 2761 3704 0
2761 3702 3707 0
2761 3704 3705 0
2761 3705 3707 0
2762 3703 3704 0
2763 3705 3707 0
2763 3705 4848 0
2763 3706 3708 0
2763 3706 4848 0
2763 3707 3709 0
2763 3708 3709 0
2764 2766 6256 0
2764 4374 4850 0
2765 3706 3708 0
2765 3711 6522 0
2766 2774 6256 0
2766 2774 6257 0
2766 3711 6257 0
2767 2768 2769 0
2768 2769 2770 0
2768 2770 6495 0
2769 2770 2771 0
2769 2771 2772 0
2770 6495 6496 0
2771 2772 4375 0
2773 2774 6256 0
2773 3712 4375 0
2773 3712 6458 0
2775 2776 2777 0
2775 2776 4365 0
2775 4365 4847 0
2775 4847 5170 0
2776 4365 4853 0
2778 2801 2802 0
2778 2801 3718 0
2778 2802 3716 0
2778 3716 6147 0
2778 3718 6176 0
2778 6147 6176 0
2779 2780 2781 0
2779 2780 2800 0
2779 2781 4378 0
2779 2800 3731 0
2779 3718 3731 0
2779 3718 4378 0
2780 2781 2782 0
2780 2800 3724 0
2781 2782 6573 0
2781 4377 4378 0
2781 4377 4379 0
2781 4379 6573 0
2782 4365 4847 0
2783 2784 3698 0
2783 2784 3720 0
2783 3715 3720 0
2784 3698 3719 0
2784 3719 6688 0
2784 3720 4380 0
2784 3721 4380 0
2784 3721 6688 0
2785 2789 3722 0
2788 2789 3722 0
2791 3723 4846 0
2791 4368 4846 0
2791 4368 6219 0
2792 2793 2794 0
2793 2794 3694 0
2794 3694 5428 0
2794 4844 5428 0
2795 3134 4844 0
2795 3134 6382 0
2795 4844 6590 0
2795 6590 6603 0
2796 4382 6164 0
2796 4851 6164 0
2797 3726 4384 0
2797 3726 5171 0
2797 3728 3729 0
2797 3728 6695 0
2797 3729 4384 0
2797 5171 6695 0
2799 4387 5337 0
2800 3724 3725 0
2801 2802 4969 0
2801 3718 3731 0
2802 3716 4564 0
2802 4564 4968 0
2802 4968 4969 0
2803 2804 2805 0
2806 3732 6289 0
2807 3732 3733 0
2807 3732 3734 0
2807 3733 3735 0
2807 3734 3737 0
2807 3735 6658 0
2807 3737 6657 0
2807 6657 6658 0
2808 3737 3739 0
2808 3737 6290 0
2808 3738 4391 0
2808 3738 6649 0
2808 3739 5812 0
2808 4391 5812 0
2808 6290 6649 0
2809 2810 4389 0
2809 4389 6528 0
2810 3741 5814 0
2810 4389 5814 0
2811 2822 3746 0
2811 2822 6504 0
2811 3742 4855 0
2811 3742 6504 0
2812 2813 3738 0
2812 2813 3743 0
2812 3736 3738 0
2812 3743 4397 0
2813 3738 4856 0
2813 3743 6320 0
2814 2832 6506 0
2814 2833 6506 0
2815 2816 4394 0
2815 4394 6320 0
2816 3744 5338 0
2816 4394 5338 0
2818 2824 2825 0
2820 3745 4398 0
2821 2823 3748 0
2821 3747 3748 0
2822 3746 4399 0
2822 3747 3748 0
2822 3747 4399 0
2822 3748 6504 0
2823 2824 6447 0
2823 3748 6571 0
2823 6447 6571 0
2824 2825 6391 0
2824 6391 6434 0
2824 6434 6447 0
2825 2826 6391 0
2826 3751 4072 0
2826 3751 6391 0
2827 2828 4862 0
2827 3749 4860 0
2827 3751 4860 0
2828 3288 3752 0
2828 3288 6505 0
2828 3752 4862 0
2829 2834 3758 0
2829 2846 3758 0
2831 2841 2842 0
2833 4390 4857 0
2834 4863 4865 0
2835 3756 4400 0
2836 4472 5178 0
2836 4863 5178 0
2838 2839 3754 0
2838 3753 4401 0
2838 3754 4401 0
2839 3754 4476 0
2839 4476 4477 0
2839 4477 4478 0
2840 2841 2843 0
2841 2842 2843 0
2842 2843 2844 0
2843 2844 4403 0
2846 3757 3758 0
2847 3549 3761 0
2847 3549 6463 0
2847 3761 6574 0
2848 2857 4291 0
2848 3763 3764 0
2848 3763 4291 0
2849 3762 6418 0
2849 3762 6420 0
2849 6385 6420 0
2850 3765 4292 0
2850 4292 6418 0
2851 2852 6163 0
2851 3766 6163 0
2852 2854 2855 0
2852 2854 6163 0
2853 4404 5270 0
2853 4867 6407 0
2853 4867 6422 0
2853 5270 6422 0
2854 2855 4679 0
2854 4679 5271 0
2855 3767 4680 0
2855 4679 5272 0
2855 4680 5272 0
2856 2857 3768 0
2856 3768 5274 0
2856 5274 6422 0
2857 2858 3768 0
2857 2858 6118 0
2857 4291 6118 0
2858 3768 5068 0
2858 5068 5070 0
2858 5070 6392 0
2858 6118 6392 0
2859 2863 3770 0
2860 3769 5971 0
2860 5666 5922 0
2860 5666 5971 0
2861 5668 5959 0
2861 5669 5672 0
2862 5670 5671 0
2862 5670 5822 0
2862 5671 5672 0
2862 5672 5744 0
2862 5744 5822 0
2864 3905 5776 0
2865 5673 5674 0
2865 5673 5960 0
2865 5674 5675 0
2865 5675 6598 0
2865 5676 5960 0
2866 4871 5179 0
2866 5179 6616 0
2866 6507 6616 0
2867 5179 6616 0
2869 2870 2875 0
2869 2870 6221 0
2869 2875 3776 0
2870 2875 4872 0
2870 4406 4872 0
2871 2971 3860 0
2871 3773 5184 0
2871 3860 6523 0
2871 5184 6606 0
2871 6523 6606 0
2872 3771 6729 0
2872 3772 3773 0
2875 2876 3776 0
2875 2876 4407 0
2875 4407 4872 0
2876 2877 4407 0
2877 3777 3779 0
2877 3777 4407 0
2877 3779 4408 0
2878 3780 5678 0
2878 3796 5680 0
2878 5678 5681 0
2878 5680 6442 0
2878 5681 6442 0
2879 2894 5752 0
2879 3796 5752 0
2880 5679 5748 0
2880 5679 6154 0
2880 5748 5821 0
2880 5821 5994 0
2880 5961 5994 0
2880 5961 6154 0
2881 3783 5938 0
2881 4875 5681 0
2881 5681 5938 0
2882 3784 3785 0
2882 3784 5682 0
2882 3785 5961 0
2882 5616 5682 0
2882 5961 6154 0
2883 3787 4417 0
2883 3787 5824 0
2883 3789 4417 0
2883 3789 6171 0
2883 4416 6171 0
2883 4416 6322 0
2883 5824 6322 0
2884 3793 4420 0
2884 3794 4424 0
2885 3790 3792 0
2885 3790 4885 0
2885 3791 4884 0
2885 4884 4885 0
2886 3792 4420 0
2886 3793 4419 0
2886 3793 4420 0
2887 3803 4881 0
2887 4428 4881 0
2888 2889 2911 0
2888 2889 6720 0
2888 4419 6720 0
2889 2890 3795 0
2891 6484 6641 0
2892 3782 4411 0
2892 3782 5820 0
2892 4411 5684 0
2892 5683 5684 0
2892 5683 5820 0
2893 2896 4447 0
2893 4447 5973 0
2893 5684 5685 0
2893 5685 5973 0
2894 4410 5752 0
2895 5686 5872 0
2895 5826 5827 0
2895 5826 5872 0
2895 5827 6731 0
2896 2897 5620 0
2897 4883 6057 0
2898 4883 6057 0
2898 4883 6368 0
2898 6040 6057 0
2898 6040 6747 0
2898 6368 6700 0
2898 6700 6747 0
2901 2906 6259 0
2902 2905 3797 0
2904 2905 3797 0
2904 2907 6260 0
2906 4423 4437 0
2906 4423 6259 0
2907 3799 3809 0
2907 3799 6260 0
2907 3809 4437 0
2908 3798 4421 0
2908 3804 3805 0
2908 3805 4421 0
2909 3804 3805 0
2909 3805 4880 0
2909 4428 4881 0
2909 4880 4881 0
2910 3807 4422 0
2910 3807 4434 0
2910 4422 6344 0
2910 4434 6073 0
2910 6073 6344 0
2912 2967 2968 0
2912 2967 3859 0
2913 3810 3811 0
2913 3810 4892 0
2913 3811 3812 0
2913 3812 4891 0
2913 4891 4893 0
2913 4892 4893 0
2914 2917 3811 0
2914 2917 6721 0
2914 3779 3813 0
2914 3779 6293 0
2914 3813 6721 0
2916 3823 5754 0
2916 3823 6653 0
2917 3811 3812 0
2917 3812 4438 0
2919 4893 5185 0
2920 4438 4891 0
2921 3817 5186 0
2921 3817 6651 0
2921 5186 6298 0
2922 2923 5537 0
2922 2923 6262 0
2922 5537 6613 0
2922 5942 6613 0
2923 5537 5539 0
2923 5539 5687 0
2923 5687 5919 0
2923 5919 6262 0
2924 2925 6040 0
2924 3814 4440 0
2924 3814 6040 0
2924 3816 4440 0
2926 3817 5876 0
2926 3817 6652 0
2926 5876 6617 0
2926 6295 6617 0
2928 2929 4441 0
2928 3819 4441 0
2929 3815 4440 0
2929 4440 6294 0
2930 3820 3821 0
2930 3820 3822 0
2930 3821 4895 0
2930 3822 4442 0
2930 3823 4442 0
2930 3823 4895 0
2931 3826 5760 0
2931 3826 5972 0
2931 5755 5972 0
2931 5755 6074 0
2931 5760 5875 0
2931 5875 6074 0
2932 2940 4448 0
2932 3828 4450 0
2932 4448 5688 0
2932 4450 5688 0
2933 2934 5689 0
2934 3824 5756 0
2934 3824 5972 0
2934 4446 5972 0
2934 5689 5756 0
2935 2936 5690 0
2935 4445 5690 0
2935 4445 6296 0
2935 5919 6296 0
2938 3830 3831 0
2938 3830 5761 0
2938 3831 3832 0
2938 3832 6056 0
2938 4416 5761 0
2938 4416 6056 0
2939 5824 5962 0
2939 5824 6322 0
2939 6263 6322 0
2939 6263 6472 0
2940 3830 3831 0
2941 5616 6472 0
2941 5763 5828 0
2941 6263 6472 0
2942 2944 5694 0
2942 4877 5751 0
2942 4877 6058 0
2942 5694 5764 0
2942 5764 6058 0
2943 3842 3843 0
2943 3842 5693 0
2943 5693 5749 0
2943 5749 5751 0
2944 4461 5976 0
2944 5694 5765 0
2944 5765 5976 0
2945 3836 4456 0
2945 3836 4901 0
2945 3837 3838 0
2945 3837 4453 0
2945 3838 4456 0
2945 4453 4901 0
2946 3839 3844 0
2946 3839 4900 0
2946 3844 3845 0
2946 3845 6060 0
2946 4900 6086 0
2946 6060 6086 0
2947 3842 3843 0
2947 3842 4902 0
2947 3843 5839 0
2947 4454 4902 0
2947 4454 5766 0
2947 5766 5984 0
2947 5839 5984 0
2948 3840 3841 0
2948 3840 6060 0
2948 3841 3849 0
2948 3845 6060 0
2948 3845 6299 0
2948 3847 3849 0
2948 3847 6299 0
2949 3847 3848 0
2949 3847 3849 0
2949 3848 5769 0
2949 3849 5984 0
2949 4460 5769 0
2949 4460 5984 0
2950 5187 6435 0
2951 3838 5833 0
2952 3852 4467 0
2953 3839 3844 0
2953 4466 4467 0
2954 2955 3852 0
2954 3852 4467 0
2954 3855 4466 0
2954 4466 4467 0
2956 2957 2958 0
2957 2958 6577 0
2957 2960 6577 0
2958 3854 6577 0
2959 2960 3854 0
2959 2960 4621 0
2959 3234 5005 0
2959 3234 6123 0
2959 3854 6123 0
2959 4621 5005 0
2960 3854 6577 0
2960 4621 5004 0
2961 5559 5697 0
2962 3855 4466 0
2964 3867 4470 0
2965 2982 3869 0
2965 3856 4468 0
2965 3869 4468 0
2966 2967 2968 0
2966 2968 4469 0
2966 3858 4469 0
2968 3857 4469 0
2969 2970 2979 0
2969 2973 2974 0
2969 2974 2979 0
2971 2975 6292 0
2971 3771 6292 0
2972 3777 6690 0
2972 3860 6689 0
2972 6689 6690 0
2973 2974 6459 0
2974 2977 2979 0
2974 2977 3861 0
2974 3861 6459 0
2975 2977 4873 0
2976 2978 6650 0
2976 2980 3863 0
2976 3863 6650 0
2977 3861 4873 0
2980 3864 4904 0
2981 2983 3865 0
2981 3865 3866 0
2981 3866 3867 0
2983 3865 3868 0
2983 3868 4904 0
2983 3869 4468 0
2983 4468 4904 0
2986 2987 3872 0
2986 2987 4474 0
2986 3870 3871 0
2986 3870 3872 0
2986 3871 6083 0
2986 4474 6083 0
2987 2988 3876 0
2987 3874 4474 0
2989 3880 3881 0
2990 3879 4906 0
2991 2992 3881 0
2991 2992 4478 0
2991 3880 3881 0
2992 4475 6433 0
2992 4478 6433 0
2994 3883 4479 0
2994 3883 4481 0
2994 3884 4481 0
2995 3885 3886 0
2996 3269 6041 0
2997 3886 4907 0
2997 3888 4907 0
2998 3887 4480 0
3000 3001 3889 0
3000 3001 6508 0
3003 5632 5698 0
3004 5701 5702 0
3004 5701 5959 0
3004 5702 5703 0
3008 4869 4870 0
3009 3015 3897 0
3009 3015 4488 0
3009 3897 5704 0
3009 5704 6108 0
3010 3891 4483 0
3010 3891 4484 0
3010 3892 4484 0
3011 3893 4486 0
3012 3065 3067 0
3013 3898 3899 0
3014 3894 4490 0
3014 3894 6475 0
3014 3895 4487 0
3014 3895 6325 0
3014 4487 4490 0
3014 6325 6475 0
3015 3895 4489 0
3015 3895 6325 0
3015 3896 3897 0
3015 3896 4489 0
3015 4488 6325 0
3016 3895 4489 0
3017 5705 5708 0
3017 5705 5926 0
3018 3900 3901 0
3018 3900 5706 0
3018 3901 6042 0
3019 5707 5708 0
3020 5704 6108 0
3020 5771 5772 0
3020 5772 6108 0
3021 4491 5770 0
3021 5709 5844 0
3021 5770 6156 0
3021 5844 6156 0
3022 3904 4492 0
3022 3904 5775 0
3022 5712 5713 0
3022 5712 6445 0
3022 5775 6445 0
3023 4494 5773 0
3023 4494 5777 0
3023 5773 5774 0
3023 5774 5977 0
3023 5777 5966 0
3023 5965 5966 0
3023 5965 5977 0
3024 3025 5710 0
3024 3025 6445 0
3024 4494 5775 0
3024 4494 6443 0
3024 5710 6443 0
3024 5775 6445 0
3025 3907 5711 0
3025 3907 5712 0
3025 5710 5711 0
3025 5712 6445 0
3026 3900 3901 0
3026 3901 5714 0
3026 5714 5920 0
3027 3908 3909 0
3029 3908 3909 0
3031 3069 4914 0
3031 4914 5191 0
3032 3910 4912 0
3032 3911 4910 0
3032 4910 4912 0
3033 3910 6549 0
3033 5190 6549 0
3034 3036 3915 0
3034 3036 3917 0
3035 3913 3914 0
3035 3913 4497 0
3035 3914 3919 0
3035 3919 4496 0
3035 4496 4498 0
3035 4497 4498 0
3036 3915 3916 0
3036 3916 4501 0
3036 3917 4917 0
3036 4501 4502 0
3036 4502 4917 0
3041 5638 6153 0
3041 6043 6153 0
3042 3043 3920 0
3042 3920 4504 0
3044 3942 4507 0
3045 3922 4506 0
3046 4510 4930 0
3046 4510 5193 0
3046 4520 4931 0
3046 4520 5985 0
3046 4930 4931 0
3046 5193 5985 0
3047 3929 5857 0
3047 3929 6302 0
3047 3930 4523 0
3047 3930 6302 0
3047 4523 5781 0
3047 5781 5889 0
3047 5857 5889 0
3048 3932 5196 0
3048 3932 5783 0
3048 4927 5878 0
3048 4927 5903 0
3048 5196 5878 0
3048 5783 5852 0
3048 5852 5903 0
3049 3051 5716 0
3049 3051 6044 0
3049 5716 5717 0
3049 5717 6045 0
3049 6044 6061 0
3049 6045 6061 0
3050 5715 5936 0
3050 5715 5987 0
3052 3938 4938 0
3052 3939 4938 0
3054 3940 5347 0
3054 5347 5913 0
3057 3942 4508 0
3058 5643 5921 0
3059 5551 6264 0
3060 3061 3943 0
3065 3067 3945 0
3066 3068 3945 0
3066 3068 4547 0
3067 3945 6562 0
3067 4485 6562 0
3068 3945 4548 0
3068 4548 6408 0
3070 3071 3946 0
3071 3072 3074 0
3071 3074 3946 0
3073 3074 3946 0
3073 3076 3946 0
3073 3076 6128 0
3073 3077 6128 0
3075 3076 3079 0
3075 3076 6141 0
3075 3079 3949 0
3075 4549 6141 0
3076 3079 6128 0
3077 3079 3080 0
3077 3079 6128 0
3078 3148 3948 0
3078 3148 4028 0
3078 3948 4551 0
3079 3080 3081 0
3080 3081 3082 0
3080 3082 4550 0
3081 3082 6046 0
3082 3083 3951 0
3082 3083 6046 0
3083 3951 6376 0
3084 3087 3953 0
3084 4511 4512 0
3085 4509 4922 0
3085 4921 4922 0
3086 3088 3952 0
3086 3088 3995 0
3090 3091 4519 0
3090 3926 3954 0
3090 3926 4519 0
3091 4519 5204 0
3091 4544 5204 0
3091 4544 6769 0
3095 3955 6423 0
3096 3097 6047 0
3096 3960 5858 0
3097 3956 5791 0
3097 3956 6047 0
3097 3958 5791 0
3098 3100 3964 0
3098 3100 3965 0
3098 3957 3965 0
3098 3957 5791 0
3098 3958 3964 0
3098 3958 5791 0
3099 3961 6306 0
3099 3961 6331 0
3099 3979 6304 0
3099 3979 6308 0
3099 6304 6331 0
3099 6306 6308 0
3100 3963 3965 0
3100 3963 4949 0
3100 3964 4949 0
3101 3966 3967 0
3101 3966 5437 0
3101 3967 3973 0
3101 3972 3973 0
3101 3972 5350 0
3101 5350 5437 0
3102 3968 3970 0
3102 3968 4559 0
3102 3969 4559 0
3102 3969 4975 0
3102 3970 4569 0
3102 4569 4975 0
3103 3971 6531 0
3103 3972 3973 0
3103 3972 4559 0
3103 4559 6531 0
3104 3726 4384 0
3104 3726 6527 0
3104 3977 4568 0
3104 3977 4570 0
3104 4384 4570 0
3104 4568 6527 0
3105 3712 4560 0
3105 3712 6458 0
3105 4560 4954 0
3106 3107 3729 0
3107 3729 4384 0
3107 3970 4570 0
3107 4384 4570 0
3109 4969 5210 0
3110 4958 6265 0
3111 3986 4965 0
3111 4561 4963 0
3111 4963 4965 0
3112 4385 4386 0
3113 3182 3185 0
3113 3182 6266 0
3113 6266 6303 0
3114 4011 4015 0
3115 3940 5789 0
3115 5789 5923 0
3116 3957 4552 0
3117 3978 4566 0
3117 4566 4970 0
3117 4568 4970 0
3118 4553 5220 0
3120 3125 3984 0
3120 3132 6509 0
3121 3959 4553 0
3121 3959 6305 0
3122 3124 6268 0
3122 6267 6268 0
3122 6267 6530 0
3122 6524 6530 0
3123 3981 4572 0
3123 3981 4594 0
3123 3982 3983 0
3123 3982 4978 0
3123 3983 4594 0
3123 4572 4978 0
3124 3126 6269 0
3124 6268 6269 0
3126 3127 3984 0
3128 4956 4957 0
3128 4956 5356 0
3128 5356 6048 0
3128 6048 6169 0
3129 3716 4564 0
3129 3716 5429 0
3129 4382 6164 0
3129 4382 6390 0
3129 4564 6149 0
3129 5429 6164 0
3129 6149 6390 0
3131 3985 4967 0
3132 4966 5215 0
3132 5215 6112 0
3134 6160 6181 0
3134 6160 6382 0
3135 3991 4981 0
3136 3987 4575 0
3136 3987 6425 0
3136 4575 5223 0
3136 4957 6425 0
3138 3187 4017 0
3138 3187 5722 0
3138 5722 6756 0
3139 3989 4577 0
3139 3989 6271 0
3139 4021 6270 0
3139 4021 6542 0
3139 6270 6271 0
3140 4571 4573 0
3141 3993 4577 0
3142 3190 4018 0
3142 3190 5795 0
3142 5795 5796 0
3143 3990 4581 0
3143 3990 6426 0
3143 3991 4578 0
3143 3991 4981 0
3143 4578 4581 0
3143 4981 6426 0
3145 3989 6271 0
3145 3992 4580 0
3145 3992 4582 0
3145 4582 6271 0
3146 3989 4577 0
3146 3993 4577 0
3147 3176 5652 0
3147 5553 5652 0
3148 6129 6133 0
3151 4584 4985 0
3151 4584 6473 0
3151 4985 6461 0
3151 6272 6473 0
3153 3157 3996 0
3153 3157 4586 0
3153 3996 6134 0
3153 6134 6471 0
3154 6134 6471 0
3156 3997 4586 0
3157 3158 4586 0
3158 3997 4586 0
3159 3999 4000 0
3160 3161 3998 0
3160 3162 6642 0
3161 4007 4008 0
3162 3163 3999 0
3162 3163 6642 0
3163 3999 4000 0
3163 4000 4002 0
3163 4002 4004 0
3164 4001 4002 0
3164 4001 4003 0
3164 4002 4004 0
3164 4003 5224 0
3164 4004 4989 0
3164 4989 5224 0
3165 4006 4008 0
3165 4006 4589 0
3165 4007 4008 0
3165 4007 4590 0
3165 4589 4986 0
3165 4590 4988 0
3165 4986 4988 0
3166 4589 4986 0
3166 4592 4986 0
3166 4592 6273 0
3168 3172 4346 0
3168 4593 5361 0
3169 4593 5363 0
3169 4987 5364 0
3169 5363 5364 0
3171 3666 3667 0
3171 3667 4349 0
3172 4346 5159 0
3172 4353 5159 0
3172 4353 6319 0
3174 3175 6510 0
3175 4352 6510 0
3175 6310 6311 0
3176 3994 4010 0
3177 4009 6310 0
3178 4012 4990 0
3178 4012 6611 0
3178 6200 6467 0
3178 6467 6611 0
3179 3189 4019 0
3179 3189 5721 0
3179 4014 4019 0
3179 4014 6758 0
3179 5653 5721 0
3179 5653 6758 0
3180 3181 5941 0
3181 4595 5990 0
3182 3185 4991 0
3182 4991 5718 0
3182 5718 5719 0
3183 3983 4594 0
3183 4013 4594 0
3183 4013 6730 0
3184 3982 3983 0
3184 3982 5934 0
3184 5861 5927 0
3184 5927 5934 0
3185 4015 5226 0
3185 4991 5226 0
3186 5720 5723 0
3186 5720 5724 0
3186 5721 5724 0
3186 5723 6699 0
3187 5722 5723 0
3188 3190 4018 0
3188 3190 4020 0
3189 4019 4979 0
3189 4598 4979 0
3189 4598 5724 0
3189 5721 5724 0
3190 4020 4599 0
3190 4599 5862 0
3190 5795 5862 0
3192 3195 4023 0
3192 4023 6450 0
3192 4032 6333 0
3192 6333 6450 0
3193 3194 4035 0
3193 4023 4034 0
3193 4023 6450 0
3193 4034 4035 0
3194 4022 6683 0
3196 4024 4032 0
3198 3200 4549 0
3199 4600 6410 0
3199 6410 6411 0
3201 3219 4029 0
3204 6162 6448 0
3204 6423 6448 0
3210 4025 6411 0
3212 3213 3627 0
3212 3627 3629 0
3220 3222 6710 0
3220 6710 6711 0
3221 3223 6511 0
3221 5227 5410 0
3222 3223 6274 0
3222 3223 6511 0
3222 6511 6710 0
3223 3224 6274 0
3228 4034 4035 0
3228 4034 6114 0
3230 3231 4036 0
3230 6275 6362 0
3231 4036 5937 0
3231 5657 5725 0
3231 5725 5937 0
3232 5725 5797 0
3232 5725 6512 0
3232 5726 5797 0
3232 6487 6512 0
3233 5365 5439 0
3234 3250 4071 0
3234 3250 5366 0
3234 4071 5005 0
3234 5366 6427 0
3234 6123 6427 0
3235 4038 4607 0
3236 4061 4066 0
3237 4039 4040 0
3238 3239 5574 0
3239 3244 4046 0
3240 3241 4042 0
3241 4042 4044 0
3241 4043 4044 0
3241 4043 4609 0
3242 4999 5894 0
3242 5000 5894 0
3242 5000 6670 0
3243 4058 5798 0
3244 5573 5658 0
3245 3246 4047 0
3245 4041 4609 0
3245 4043 4047 0
3245 4043 4609 0
3246 4047 5002 0
3246 5002 5365 0
3249 3250 5366 0
3249 5366 5367 0
3251 3252 3255 0
3251 3254 3255 0
3252 3253 4618 0
3252 3255 4618 0
3253 4055 4618 0
3255 3258 4618 0
3256 4048 4053 0
3257 3263 3264 0
3257 3264 4054 0
3257 4049 4051 0
3257 4051 4054 0
3258 4054 4617 0
3258 4054 5229 0
3258 4618 5229 0
3259 3260 4616 0
3259 4048 4053 0
3259 4053 4616 0
3260 4050 4616 0
3261 3267 4996 0
3261 4049 4050 0
3262 4064 4619 0
3263 4057 5228 0
3264 4054 5229 0
3265 4055 5229 0
3265 4060 6065 0
3266 4057 4060 0
3266 4057 6543 0
3266 4060 5801 0
3266 5799 5801 0
3266 5799 6066 0
3266 6066 6079 0
3266 6079 6543 0
3268 4065 4066 0
3268 4066 4067 0
3268 4067 5001 0
3268 4611 5001 0
3269 5625 6041 0
3272 3274 3275 0
3272 3274 5007 0
3272 3275 4462 0
3272 4068 4462 0
3272 4068 5007 0
3273 4463 4464 0
3273 4463 5003 0
3273 4620 5003 0
3274 3275 6457 0
3274 4069 5007 0
3275 4462 4464 0
3277 3850 4463 0
3277 4068 4462 0
3277 4068 4622 0
3277 4462 4463 0
3279 3851 4465 0
3279 4465 5003 0
3279 4620 5003 0
3283 3284 3286 0
3283 3284 4080 0
3284 3285 3286 0
3284 4080 4081 0
3285 3286 5008 0
3285 3292 4076 0
3285 4076 5008 0
3286 3295 5008 0
3287 4100 5015 0
3287 4100 6135 0
3289 4077 4634 0
3290 3292 3293 0
3290 3292 4076 0
3291 3304 4625 0
3291 4078 4626 0
3291 4078 6412 0
3291 4625 4626 0
3292 3293 4078 0
3294 3306 4096 0
3294 4080 4081 0
3294 4094 4096 0
3296 3297 6394 0
3296 4635 6395 0
3296 6394 6395 0
3297 4083 6067 0
3297 4083 6111 0
3297 4086 6067 0
3297 4086 6394 0
3298 4087 4088 0
3298 4088 4090 0
3299 4088 4089 0
3299 4088 4090 0
3299 4089 4632 0
3299 4090 4630 0
3299 4630 4632 0
3300 3301 3302 0
3300 3301 4628 0
3300 4628 5012 0
3300 4631 5011 0
3300 4631 5012 0
3301 3302 6049 0
3301 4092 4629 0
3301 4092 6049 0
3301 4628 4629 0
3303 3304 4093 0
3303 3304 4625 0
3303 4093 5014 0
3303 4625 5013 0
3303 5013 6589 0
3303 5014 6589 0
3304 4093 4094 0
3305 4095 6578 0
3305 4098 4639 0
3305 4098 6578 0
3305 4627 4639 0
3306 4096 4637 0
3307 3308 4097 0
3307 3308 6135 0
3307 3309 4099 0
3307 3309 6135 0
3308 4097 4098 0
3308 4098 4640 0
3308 4100 4640 0
3308 4100 6135 0
3310 4075 6581 0
3311 4101 4641 0
3312 4082 5009 0
3312 4097 4639 0
3312 4639 5009 0
3313 4083 6067 0
3313 4102 4641 0
3313 4102 6067 0
3314 4084 4102 0
3314 4084 4627 0
3314 4101 4641 0
3314 4102 4641 0
3315 3316 6313 0
3316 3387 6125 0
3316 6050 6125 0
3316 6050 6313 0
3317 3318 4642 0
3317 4104 4642 0
3318 4105 4642 0
3319 6051 6170 0
3321 4108 4646 0
3321 4109 4646 0
3322 4109 4647 0
3322 4110 4647 0
3323 5019 5442 0
3323 5232 5442 0
3325 5020 5232 0
3325 5020 5369 0
3326 4111 4648 0
3327 4112 4648 0
3327 4112 6312 0
3328 4147 4148 0
3328 4147 4684 0
3332 3333 3334 0
3338 3339 5727 0
3339 4113 5727 0
3340 4115 5030 0
3340 5030 5248 0
3341 4116 5242 0
3342 5241 6550 0
3343 4116 5021 0
3343 5021 5233 0
3345 4395 4858 0
3345 4395 5728 0
3345 4396 4858 0
3345 5728 5935 0
3347 4117 5802 0
3347 4117 6167 0
3347 5535 6167 0
3347 5729 5802 0
3348 5729 5802 0
3348 5730 5802 0
3348 5730 5969 0
3348 5731 5969 0
3349 3357 6643 0
3350 5925 6440 0
3350 6440 6609 0
3351 4119 6336 0
3351 4119 6513 0
3351 5661 5732 0
3351 5661 6514 0
3351 5732 6513 0
3351 6336 6514 0
3354 3356 4121 0
3354 6207 6243 0
3355 3356 4121 0
3357 4122 4655 0
3359 4122 4655 0
3359 4655 5036 0
3360 4673 5866 0
3361 4135 4137 0
3362 4123 4671 0
3363 4142 4675 0
3363 4142 5865 0
3364 4124 4128 0
3364 4124 5498 0
3364 4125 6755 0
3364 5498 6755 0
3365 4126 4658 0
3365 4126 5982 0
3365 4127 4658 0
3365 5804 5805 0
3365 5804 5982 0
3366 4124 4128 0
3366 4127 4659 0
3366 4128 4659 0
3368 4130 4664 0
3368 4130 5863 0
3368 4661 5037 0
3368 4661 5863 0
3369 4131 5039 0
3369 4132 5039 0
3370 4133 4664 0
3371 3373 4657 0
3372 4126 4657 0
3372 4126 5982 0
3373 4134 5251 0
3373 4657 5251 0
3374 4135 4137 0
3374 4135 5048 0
3374 4137 5044 0
3374 4672 5048 0
3374 4672 6618 0
3374 5044 6618 0
3375 4141 5803 0
3375 4141 6563 0
3375 5032 5034 0
3375 5032 5803 0
3375 5034 5253 0
3375 5253 6563 0
3376 4142 4144 0
3376 4142 4677 0
3376 4144 5254 0
3376 4677 5899 0
3376 5051 5254 0
3376 5051 5899 0
3378 4150 5384 0
3378 5383 5384 0
3379 4146 4681 0
3379 4146 4682 0
3380 4149 5056 0
3380 5056 6367 0
3380 5383 6367 0
3381 4147 4148 0
3381 4147 5391 0
3381 4148 5057 0
3381 5057 5267 0
3381 5065 5266 0
3381 5065 5267 0
3381 5266 5391 0
3383 4152 5387 0
3383 4687 5387 0
3384 3387 4151 0
3384 4151 5263 0
3384 4152 4688 0
3384 4688 5262 0
3384 5262 5263 0
3385 4153 4685 0
3385 4153 5058 0
3388 4686 5060 0
3388 5058 5060 0
3389 4155 4156 0
3389 4155 4711 0
3389 4710 4711 0
3390 4695 6090 0
3390 5078 5283 0
3390 5078 6090 0
3391 4155 4156 0
3392 3399 4159 0
3392 4157 4159 0
3393 4193 4195 0
3394 4694 5072 0
3396 4158 4694 0
3397 5071 5072 0
3398 6013 6516 0
3400 3402 4160 0
3400 4160 6751 0
3400 4164 6751 0
3401 4161 4696 0
3402 3405 6517 0
3402 4160 6722 0
3402 6517 6722 0
3403 4704 5285 0
3403 5285 5397 0
3404 4162 4185 0
3404 4163 4702 0
3404 4185 4702 0
3405 6245 6517 0
3406 4164 4696 0
3407 3410 6417 0
3407 4166 6415 0
3407 6415 6417 0
3408 3413 6416 0
3408 4165 6415 0
3408 6415 6417 0
3408 6416 6417 0
3410 4168 6417 0
3411 3415 4184 0
3412 3417 4698 0
3412 4167 4697 0
3412 4697 4698 0
3413 3414 3416 0
3413 3416 6416 0
3414 3416 6142 0
3414 4173 4179 0
3414 4173 6142 0
3415 4179 4183 0
3415 4183 4184 0
3416 3417 4168 0
3416 3417 4698 0
3416 4168 6416 0
3416 4698 6142 0
3418 4169 4188 0
3419 3421 6052 0
3419 4190 6052 0
3420 3422 4170 0
3421 5074 5395 0
3422 3423 4170 0
3424 4178 5394 0
3424 4178 6601 0
3424 5074 5394 0
3424 6337 6601 0
3425 4173 4179 0
3425 4173 4181 0
3425 4179 4183 0
3425 4180 4182 0
3425 4180 4701 0
3425 4181 4701 0
3425 4182 4183 0
3426 4182 4183 0
3426 4182 4187 0
3426 4183 4184 0
3426 4184 5076 0
3426 4187 5076 0
3427 4185 4186 0
3427 4185 4703 0
3427 4186 5076 0
3427 4187 5076 0
3427 4187 5090 0
3427 4703 5091 0
3427 5090 5091 0
3428 4188 4190 0
3428 4188 6536 0
3428 4189 4199 0
3428 4189 6536 0
3428 4190 4200 0
3428 4199 5295 0
3428 4200 5295 0
3429 4191 4193 0
3429 4191 4706 0
3429 4192 4194 0
3429 4192 4706 0
3429 4193 4194 0
3430 4194 4195 0
3430 4194 4197 0
3430 4195 4196 0
3430 4196 4198 0
3430 4197 4712 0
3430 4198 4712 0
3431 4709 4717 0
3431 4709 5085 0
3431 4713 5399 0
3431 4713 6585 0
3431 4717 6585 0
3431 5085 5399 0
3432 3435 5733 0
3432 6279 6338 0
3433 3442 4206 0
3433 4206 4722 0
3433 4722 6338 0
3433 6279 6338 0
3434 3443 4206 0
3434 4206 4722 0
3434 4208 4209 0
3434 4209 4722 0
3435 4224 5579 0
3435 4224 6696 0
3436 4207 4724 0
3436 4207 5151 0
3436 4208 4209 0
3436 4208 5150 0
3436 4209 4724 0
3436 5150 5151 0
3437 4210 4212 0
3437 4210 4216 0
3437 4211 4214 0
3437 4211 4221 0
3437 4212 4221 0
3437 4214 4216 0
3438 4214 4216 0
3438 4214 4807 0
3438 4215 4216 0
3438 4215 4728 0
3438 4728 4808 0
3438 4807 4808 0
3439 4217 4325 0
3439 4325 6647 0
3439 6314 6647 0
3440 3605 3606 0
3440 3605 4723 0
3440 4723 5476 0
3441 5588 5738 0
3442 3444 3456 0
3442 3456 6752 0
3443 3605 3608 0
3444 4219 4730 0
3445 4221 4222 0
3445 4221 6537 0
3445 4222 4732 0
3445 4223 4731 0
3445 4223 4732 0
3445 4731 6537 0
3446 4225 4737 0
3446 4225 5110 0
3446 4733 5100 0
3446 4733 5110 0
3446 4737 5109 0
3446 5100 5109 0
3447 4231 4740 0
3447 4740 6656 0
3447 4741 6656 0
3449 3450 4743 0
3449 3450 6106 0
3449 4232 4742 0
3449 4742 4743 0
3450 4233 4743 0
3452 4233 4743 0
3452 4742 4743 0
3453 4232 4742 0
3454 4234 5114 0
3454 4744 5114 0
3455 4236 4758 0
3455 4237 4758 0
3456 3457 6752 0
3457 3458 5939 0
3458 5868 5939 0
3458 5868 5970 0
3461 4238 4755 0
3461 4755 6053 0
3466 4240 4753 0
3466 4240 5112 0
3466 4751 5112 0
3466 4751 5309 0
3466 4753 6093 0
3466 5309 6093 0
3467 4746 4754 0
3469 3470 4760 0
3469 3471 3473 0
3469 3473 4759 0
3469 4759 4760 0
3475 3478 4244 0
3476 3477 4244 0
3476 4244 4245 0
3476 4245 5583 0
3478 4244 4245 0
3481 3489 6280 0
3482 3485 5808 0
3482 3487 5808 0
3483 5108 6380 0
3483 6247 6380 0
3485 4246 4761 0
3486 4246 4248 0
3486 4246 4761 0
3486 4247 4248 0
3486 4247 6281 0
3487 4249 5808 0
3487 4249 6464 0
3489 6247 6280 0
3490 4250 4763 0
3494 3497 4251 0
3494 4251 4764 0
3495 3496 3512 0
3495 3498 6283 0
3496 3512 6282 0
3496 4251 5117 0
3496 5117 6315 0
3496 6282 6315 0
3500 4252 4254 0
3501 4766 5315 0
3503 3505 4256 0
3503 4254 4255 0
3503 4255 4256 0
3505 3506 4256 0
3506 4257 5316 0
3506 5121 5316 0
3507 3508 4767 0
3507 3510 4767 0
3508 3509 4767 0
3509 4258 5314 0
3509 4767 5314 0
3510 4767 5125 0
3510 5124 5125 0
3511 4764 5116 0
3515 3524 4261 0
3516 4260 4262 0
3520 3521 6284 0
3520 4260 4266 0
3520 4265 4266 0
3520 4265 6284 0
3521 3522 6284 0
3522 3525 3526 0
3523 3524 3526 0
3523 3524 4261 0
3523 3525 3526 0
3527 4262 4266 0
3527 4263 6137 0
3528 3529 4270 0
3529 3530 4270 0
3530 4269 4769 0
3530 4270 4769 0
3531 4272 4770 0
3532 4271 4272 0
3532 4271 4771 0
3532 4272 4276 0
3534 4273 4771 0
3534 4274 4275 0
3535 6365 6644 0
3535 6644 6666 0
3536 4770 5809 0
3536 4770 6666 0
3536 5734 5809 0
3536 6644 6666 0
3537 3538 4279 0
3537 4278 4280 0
3537 4278 6316 0
3537 4279 6316 0
3538 4279 4772 0
3538 4283 4284 0
3538 4284 4772 0
3539 4281 4286 0
3539 4281 5902 0
3539 4282 4773 0
3539 4282 5334 0
3539 4286 5334 0
3539 4773 5902 0
3540 4283 4284 0
3540 4283 5163 0
3540 4284 5310 0
3540 4285 5163 0
3540 4285 5310 0
3541 4286 4838 0
3542 5522 5735 0
3543 4288 5120 0
3543 4288 6365 0
3543 4774 5120 0
3543 4774 6110 0
3543 6110 6644 0
3543 6365 6644 0
3545 4775 4776 0
3547 4358 6728 0
3548 4294 4784 0
3549 3556 4290 0
3549 3761 4290 0
3550 3761 6143 0
3550 3761 6424 0
3550 6117 6143 0
3553 3554 4293 0
3555 4294 5312 0
3556 3763 4290 0
3556 3763 6421 0
3556 6421 6446 0
3559 4786 6397 0
3560 4786 6397 0
3562 3563 4787 0
3563 4787 6645 0
3563 5736 6646 0
3563 5736 6757 0
3563 6645 6646 0
3565 4307 4795 0
3567 3619 3626 0
3567 3626 4336 0
3567 4336 4815 0
3568 4296 6402 0
3568 4299 4789 0
3570 3580 4303 0
3570 4303 4792 0
3571 4300 6429 0
3571 6285 6429 0
3572 4300 4301 0
3573 4301 6429 0
3573 4727 6388 0
3573 6388 6429 0
3576 3580 4303 0
3576 3580 6398 0
3576 4303 5132 0
3577 3578 3579 0
3580 6398 6399 0
3581 4801 5471 0
3581 4801 6082 0
3582 3583 3622 0
3582 3583 6469 0
3582 3586 6400 0
3582 3586 6587 0
3582 3622 6401 0
3582 6400 6401 0
3582 6469 6587 0
3583 3622 6404 0
3583 4304 6469 0
3584 4793 6389 0
3585 3616 4304 0
3585 4304 6469 0
3585 6389 6469 0
3589 3590 4305 0
3589 3590 5128 0
3589 3618 4305 0
3590 3592 4305 0
3590 3592 4308 0
3590 4306 4308 0
3590 4306 5128 0
3591 4794 6403 0
3592 4305 4795 0
3592 4308 4312 0
3593 4308 4312 0
3593 4310 4312 0
3594 3595 4310 0
3594 4310 4311 0
3595 3596 6608 0
3595 4314 6608 0
3596 4313 5130 0
3596 4797 5130 0
3596 4797 6608 0
3597 3598 4317 0
3598 4317 4797 0
3600 4315 4789 0
3602 4320 4321 0
3602 4320 6069 0
3602 5589 5950 0
3603 4318 6724 0
3603 5588 5950 0
3606 3607 5738 0
3607 5737 5738 0
3609 4322 4730 0
3610 4323 5131 0
3610 4798 6704 0
3610 5131 6704 0
3611 4218 4798 0
3611 4218 6647 0
3611 4798 6673 0
3611 6647 6678 0
3611 6673 6712 0
3611 6678 6712 0
3612 4327 4803 0
3612 4327 5154 0
3612 4328 4803 0
3612 4328 5318 0
3612 5154 6764 0
3612 5318 6764 0
3613 4805 4806 0
3613 4805 5147 0
3613 4806 5143 0
3613 5143 6749 0
3613 5147 6738 0
3613 6738 6739 0
3613 6739 6749 0
3614 3615 4324 0
3614 4324 4799 0
3615 3620 4332 0
3615 4324 4327 0
3615 4327 4332 0
3616 3623 4304 0
3617 3618 4335 0
3619 3624 3626 0
3619 3624 4335 0
3620 3624 3625 0
3621 4337 5157 0
3621 5157 6401 0
3622 5157 6401 0
3622 5157 6404 0
3623 3625 4816 0
3624 3625 4816 0
3624 3626 4816 0
3626 4336 4816 0
3627 3629 4338 0
3630 3631 3632 0
3630 3631 4822 0
3630 3632 6381 0
3630 3639 6381 0
3631 3633 3634 0
3631 3634 4822 0
3634 3635 4340 0
3634 3635 4822 0
3635 4167 4699 0
3635 4167 4822 0
3636 3637 3640 0
3637 3638 3640 0
3637 3638 4341 0
3638 3640 3642 0
3640 3642 4344 0
3641 4342 4343 0
3641 4342 6216 0
3641 4343 4344 0
3642 4343 4344 0
3644 4326 4333 0
3645 3646 3647 0
3649 3650 4823 0
3650 3651 3652 0
3650 3651 4823 0
3650 3652 4339 0
3652 4339 6146 0
3652 4818 6146 0
3654 4346 5159 0
3654 4827 5159 0
3657 4825 6540 0
3658 3669 3670 0
3658 3669 5739 0
3658 3670 4351 0
3658 5739 5740 0
3659 3662 6726 0
3659 6519 6727 0
3659 6725 6726 0
3659 6725 6727 0
3660 3661 4347 0
3660 5739 5740 0
3661 4347 4824 0
3661 4348 6286 0
3662 3665 3667 0
3663 3664 4348 0
3663 4348 6286 0
3663 6286 6726 0
3668 5811 6155 0
3668 5811 6540 0
3669 3671 5741 0
3669 5739 5741 0
3670 3672 4352 0
3670 4351 4352 0
3671 3673 6520 0
3671 5741 6727 0
3671 6519 6520 0
3671 6519 6727 0
3672 4826 5158 0
3673 4355 4826 0
3673 6520 6648 0
3674 3676 4357 0
3674 4354 4357 0
3674 4354 4828 0
3674 4355 4828 0
3675 4350 4356 0
3675 4350 6648 0
3675 6519 6520 0
3675 6520 6648 0
3676 4825 6318 0
3680 6686 6709 0
3681 3682 4358 0
3682 4358 6728 0
3682 6728 6750 0
3683 4831 5161 0
3684 3686 4830 0
3684 4359 4830 0
3685 3686 6054 0
3685 4778 6054 0
3687 4360 5161 0
3688 5162 6159 0
3689 4361 4362 0
3690 4835 4843 0
3690 4835 5481 0
3690 4839 4842 0
3690 4839 5335 0
3690 4842 4843 0
3690 5333 5335 0
3690 5333 5481 0
3691 4364 4780 0
3692 4361 4843 0
3693 4777 5494 0
3693 5162 5480 0
3693 5162 6159 0
3693 5480 5494 0
3694 3696 5426 0
3694 5426 5428 0
3695 3696 5426 0
3695 3696 5518 0
3695 5426 5482 0
3697 5168 5169 0
3699 3719 6688 0
3699 3721 4371 0
3699 3721 6688 0
3699 4366 4371 0
3700 4367 4846 0
3700 4846 6521 0
3700 6288 6521 0
3701 4366 4371 0
3701 4366 6288 0
3701 4369 4372 0
3701 4371 4372 0
3701 6288 6521 0
3703 3704 4373 0
3703 4373 4849 0
3704 3705 4373 0
3705 4373 4848 0
3706 4374 4848 0
3708 3709 3713 0
3710 4849 4850 0
3714 4376 5336 0
3714 5336 5518 0
3715 3717 3720 0
3715 3717 4852 0
3715 4376 4852 0
3716 5429 6147 0
3717 3720 4380 0
3717 4377 4378 0
3717 4377 4380 0
3717 4378 6140 0
3717 4852 6140 0
3718 4378 6140 0
3718 6140 6176 0
3721 4370 4371 0
3721 4370 4379 0
3721 4379 4380 0
3723 4367 4846 0
3724 3725 5173 0
3725 4387 5337 0
3725 5173 5337 0
3726 4383 5171 0
3726 4383 6527 0
3727 3728 6695 0
3727 4386 4854 0
3727 4854 6695 0
3732 3734 6289 0
3734 3737 6291 0
3734 6055 6291 0
3735 3742 6659 0
3735 6658 6659 0
3736 3738 6649 0
3736 4388 4855 0
3736 4388 6290 0
3736 6290 6649 0
3737 3739 6291 0
3737 6290 6657 0
3738 4391 4856 0
3739 4392 5812 0
3739 4392 6070 0
3739 6055 6070 0
3739 6055 6291 0
3740 4390 4857 0
3740 4390 5813 0
3740 4391 4857 0
3740 4391 5812 0
3740 4392 5812 0
3740 4392 5813 0
3741 5742 5814 0
3741 5742 6167 0
3741 6028 6167 0
3742 4855 6659 0
3742 6504 6569 0
3743 4394 5175 0
3743 4394 6320 0
3743 4397 5175 0
3744 5174 5338 0
3745 4398 6660 0
3746 4397 4859 0
3746 4399 4859 0
3747 4398 6432 0
3747 4399 6432 0
3748 6504 6571 0
3749 4860 4861 0
3750 4861 6434 0
3750 6434 6447 0
3750 6447 6569 0
3751 4860 6391 0
3753 4401 4866 0
3754 3875 4401 0
3755 3756 3878 0
3755 3878 6470 0
3756 3878 6405 0
3756 4400 4402 0
3756 4402 6405 0
3761 4290 6143 0
3761 6424 6574 0
3762 4292 6418 0
3762 4867 6420 0
3763 3764 6421 0
3763 4290 6143 0
3763 4291 6143 0
3764 3765 4292 0
3764 3765 6421 0
3765 6421 6446 0
3766 6406 6407 0
3768 5068 5268 0
3768 5268 5274 0
3769 4414 5822 0
3769 4414 5983 0
3769 5744 5822 0
3769 5971 5983 0
3771 6292 6650 0
3771 6650 6729 0
3772 3773 3774 0
3773 3774 5184 0
3774 4439 5184 0
3777 3779 6293 0
3777 4407 6690 0
3779 3813 4408 0
3780 5678 5746 0
3780 5745 5746 0
3780 5745 5747 0
3781 4409 5819 0
3781 5748 5819 0
3782 4411 5930 0
3782 4412 4413 0
3782 4412 5817 0
3782 4413 5820 0
3782 5817 5930 0
3783 3785 4415 0
3783 4415 5823 0
3783 5823 5938 0
3784 3785 4415 0
3784 4415 5822 0
3784 5670 5682 0
3784 5670 5822 0
3786 3789 5749 0
3786 3789 6171 0
3786 5693 5749 0
3786 6056 6171 0
3787 3788 4417 0
3787 3788 5750 0
3787 5750 5824 0
3788 4417 4876 0
3788 4876 6059 0
3789 4417 4877 0
3789 4877 5751 0
3789 5749 5751 0
3790 3792 4420 0
3791 4418 5181 0
3791 4884 5181 0
3794 4424 4426 0
3796 5680 5818 0
3796 5752 5816 0
3796 5816 5818 0
3798 4421 4422 0
3798 4422 4423 0
3798 4423 6259 0
3799 3809 4429 0
3799 4429 5753 0
3799 5753 5918 0
3799 5918 6260 0
3800 4424 4426 0
3800 4424 5183 0
3800 4425 4426 0
3800 4425 4888 0
3800 4888 4889 0
3800 4889 5183 0
3801 3802 4425 0
3801 3802 4880 0
3801 4425 4886 0
3801 4432 4880 0
3801 4432 4886 0
3802 3803 4427 0
3802 3803 4881 0
3802 4425 6529 0
3802 4427 6529 0
3802 4880 4881 0
3805 4421 4432 0
3805 4432 4880 0
3806 4430 6614 0
3806 4430 6741 0
3806 4436 6094 0
3806 4436 6323 0
3806 6094 6741 0
3806 6323 6614 0
3807 4421 4422 0
3807 4421 4432 0
3807 4432 4886 0
3807 4434 4886 0
3808 4433 4890 0
3808 4433 5341 0
3808 4435 4889 0
3808 4435 6345 0
3808 4882 5341 0
3808 4882 6345 0
3808 4889 4890 0
3809 4429 6323 0
3809 4437 4879 0
3809 4879 6343 0
3809 6323 6343 0
3810 4892 6606 0
3810 6523 6606 0
3812 4438 4891 0
3814 4440 6294 0
3814 6040 6747 0
3814 6084 6294 0
3814 6084 6747 0
3815 3816 4440 0
3815 3816 6295 0
3816 4896 6295 0
3817 5186 5876 0
3817 6651 6652 0
3818 3820 3822 0
3819 3823 4895 0
3819 3823 5754 0
3819 4441 4895 0
3820 3821 6029 0
3821 4441 4895 0
3823 4442 6653 0
3824 5755 5832 0
3824 5755 5972 0
3824 5756 5832 0
3825 4443 4897 0
3825 4443 5830 0
3825 4897 4899 0
3825 4899 6346 0
3825 5757 5830 0
3825 5757 6661 0
3825 6346 6661 0
3826 4446 5759 0
3826 4446 5972 0
3826 5759 5973 0
3826 5760 5973 0
3827 5186 6298 0
3827 5186 6548 0
3827 6095 6296 0
3827 6095 6548 0
3827 6296 6297 0
3827 6297 6298 0
3828 4449 4450 0
3828 4449 5829 0
3829 5691 5692 0
3831 3832 5955 0
3832 5762 5834 0
3832 5762 5955 0
3833 4448 5688 0
3833 4448 5828 0
3833 5688 5689 0
3833 5763 5828 0
3834 4876 6058 0
3834 4876 6059 0
3834 5561 5564 0
3834 5561 5764 0
3834 5564 6059 0
3834 5764 6058 0
3835 5765 5974 0
3835 5765 5976 0
3835 5769 5838 0
3835 5769 5976 0
3836 4454 6662 0
3836 4456 6662 0
3836 4901 6732 0
3838 4456 5833 0
3840 4452 6086 0
3840 6060 6086 0
3841 3849 5766 0
3842 4902 5835 0
3842 5693 5835 0
3844 3845 4457 0
3845 3846 4457 0
3845 3846 6299 0
3846 3847 5768 0
3846 3847 6299 0
3846 5767 5768 0
3847 3848 5768 0
3848 4459 5769 0
3848 4459 5836 0
3848 5768 5836 0
3849 5766 5984 0
3850 4463 5003 0
3850 4465 5003 0
3850 4465 6130 0
3856 3864 4468 0
3861 4406 4873 0
3861 4406 6459 0
3863 6650 6729 0
3864 4468 4904 0
3866 3867 4470 0
3871 4471 4905 0
3871 4905 6083 0
3873 4472 5177 0
3873 4473 5177 0
3874 3875 4473 0
3874 4473 4474 0
3877 3878 4477 0
3877 3878 6470 0
3877 4475 4906 0
3877 4475 6433 0
3877 4477 6433 0
3877 4906 6470 0
3878 4477 6405 0
3879 4475 4906 0
3883 3885 4481 0
3884 4480 4481 0
3885 3886 6347 0
3885 4481 6347 0
3886 4907 6347 0
3887 4480 6676 0
3887 4482 5189 0
3887 5189 6676 0
3888 4482 5189 0
3888 4907 5189 0
3891 4484 4868 0
3891 4868 4869 0
3891 4869 6602 0
3892 4485 4548 0
3894 4490 5841 0
3898 3899 4909 0
3899 4909 5840 0
3901 5714 6075 0
3902 5772 5978 0
3902 5772 6108 0
3902 5978 6474 0
3902 6108 6300 0
3902 6300 6474 0
3903 5771 5772 0
3903 5771 5977 0
3903 5772 5978 0
3903 5774 5977 0
3903 5774 5978 0
3904 4492 5978 0
3904 5773 5774 0
3904 5773 5775 0
3904 5774 5978 0
3905 5776 5778 0
3905 5777 5778 0
3905 5777 5966 0
3906 3907 4495 0
3906 3907 5711 0
3906 4495 5842 0
3906 5711 5779 0
3906 5779 5980 0
3906 5842 5980 0
3907 4495 5845 0
3907 5712 5845 0
3910 4912 6549 0
3911 4910 4911 0
3912 3918 4913 0
3912 3918 6383 0
3912 4913 6409 0
3913 4497 5877 0
3914 3919 4499 0
3917 4496 4500 0
3917 4500 4917 0
3918 4501 4502 0
3918 4501 6383 0
3918 4502 4915 0
3918 4913 4915 0
3920 4504 5846 0
3920 5846 6760 0
3921 4505 4506 0
3921 4505 5647 0
3921 4506 4507 0
3921 4507 4508 0
3922 4505 4506 0
3923 4509 4512 0
3923 4509 6733 0
3923 4510 4513 0
3923 4510 5193 0
3923 4512 4920 0
3923 4513 6733 0
3923 4920 5193 0
3924 4513 4515 0
3924 4513 5194 0
3924 4514 5194 0
3924 4514 5879 0
3924 4515 4929 0
3924 4929 5879 0
3925 4517 5848 0
3925 4517 6078 0
3925 4527 5881 0
3925 4527 6078 0
3925 5848 6326 0
3925 5881 6326 0
3926 3954 4521 0
3926 4519 5890 0
3926 4521 6348 0
3926 5847 5890 0
3926 5847 6348 0
3927 6329 6330 0
3928 4517 4522 0
3928 4517 5780 0
3928 4522 5981 0
3928 5780 5986 0
3928 5781 5849 0
3928 5781 5981 0
3928 5849 5986 0
3929 5857 6330 0
3929 6061 6302 0
3930 4523 4536 0
3930 4536 6062 0
3930 6044 6061 0
3930 6044 6062 0
3930 6061 6302 0
3931 4524 4525 0
3931 4524 5201 0
3931 4525 4526 0
3931 4526 5198 0
3931 5198 5201 0
3932 5196 6077 0
3932 5783 5785 0
3933 4528 4529 0
3933 4528 4530 0
3933 4529 5850 0
3933 4530 4936 0
3933 4934 4936 0
3933 4934 5850 0
3934 4532 5914 0
3934 4532 6596 0
3934 4533 4935 0
3934 4533 5914 0
3934 4935 5786 0
3934 5786 6596 0
3935 3936 5782 0
3935 3936 5785 0
3935 4531 5783 0
3935 4531 5886 0
3935 5782 5886 0
3935 5783 5785 0
3936 4537 5784 0
3936 4537 6327 0
3936 5782 5784 0
3936 5785 6327 0
3937 4537 5784 0
3937 4537 5855 0
3937 5784 6595 0
3937 5788 5853 0
3937 5788 5855 0
3937 5853 6595 0
3938 4539 4540 0
3938 4540 4938 0
3939 4544 4940 0
3939 4938 4940 0
3940 5202 5347 0
3940 5202 5789 0
3942 4507 4508 0
3945 4548 6562 0
3947 4551 5206 0
3948 4551 4946 0
3955 6423 6448 0
3956 4552 5791 0
3956 4552 6303 0
3956 6266 6303 0
3957 4552 5791 0
3958 3964 4557 0
3959 4553 4947 0
3959 4555 4947 0
3959 4555 6331 0
3959 6304 6305 0
3959 6304 6331 0
3960 4554 5858 0
3960 4554 6308 0
3960 6306 6308 0
3961 4952 5208 0
3961 4952 6307 0
3961 5208 6331 0
3961 6306 6307 0
3962 4950 4951 0
3962 4950 4974 0
3962 4951 5208 0
3962 4973 4974 0
3962 4973 5859 0
3962 5208 5859 0
3963 4558 4953 0
3963 4949 4953 0
3964 4557 5892 0
3964 4949 5892 0
3966 5209 5437 0
3968 4559 6531 0
3968 4954 6531 0
3969 3972 4559 0
3969 3972 4948 0
3969 4948 5207 0
3969 4975 5207 0
3970 4569 4570 0
3971 4560 4954 0
3971 4954 6531 0
3972 4948 5350 0
3974 3976 4565 0
3974 4561 4565 0
3974 4561 5214 0
3975 4563 5217 0
3975 4563 5355 0
3975 4960 4964 0
3975 4960 5218 0
3975 4964 5355 0
3975 5217 5218 0
3976 4385 5172 0
3976 4565 5172 0
3977 4568 4970 0
3977 4569 4570 0
3977 4569 4971 0
3977 4970 4971 0
3979 4554 6308 0
3979 4554 6524 0
3979 6304 6305 0
3980 4571 4573 0
3980 4571 4976 0
3980 4573 5222 0
3980 4976 4980 0
3980 4980 5222 0
3981 4572 4976 0
3985 4955 5217 0
3985 4967 5217 0
3986 4965 5215 0
3986 5215 6112 0
3987 4575 4576 0
3987 4955 6425 0
3988 6145 6181 0
3990 4581 4583 0
3990 4583 5792 0
3990 5792 6063 0
3990 6063 6426 0
3991 4578 4982 0
3992 4580 4984 0
3992 4581 4583 0
3992 4581 4984 0
3992 4582 4583 0
3994 4010 6309 0
3995 4584 6473 0
4000 4001 4002 0
4001 4003 4587 0
4003 4005 5224 0
4003 4005 6064 0
4003 4587 6064 0
4004 4590 4989 0
4005 4588 5359 0
4005 5224 5359 0
4009 6310 6311 0
4009 6311 6633 0
4011 4015 4597 0
4011 4597 4990 0
4012 4595 5908 0
4012 4595 5990 0
4012 4990 5931 0
4012 5908 5931 0
4012 5990 6611 0
4013 5858 6530 0
4013 5858 6730 0
4014 4019 5934 0
4014 5907 5927 0
4014 5907 6761 0
4014 5927 5934 0
4014 6758 6761 0
4015 4597 5226 0
4016 5722 6699 0
4016 6635 6636 0
4020 4599 6332 0
4020 5720 6332 0
4021 4977 5221 0
4021 4977 6542 0
4021 5221 5924 0
4025 4601 6410 0
4025 6410 6411 0
4026 4027 4028 0
4026 4027 4601 0
4027 4600 4601 0
4036 4037 4606 0
4036 4037 5937 0
4037 5568 5797 0
4037 5568 6152 0
4037 5797 5937 0
4038 4607 4608 0
4045 4610 4612 0
4045 4610 6544 0
4045 4611 4997 0
4045 4611 5001 0
4045 4612 5001 0
4045 4997 4998 0
4045 4998 6544 0
4047 4614 5002 0
4049 4050 4615 0
4049 4051 4615 0
4050 4615 4616 0
4051 4054 4617 0
4053 4615 4616 0
4055 4618 5229 0
4056 4059 5801 0
4056 5801 6065 0
4057 4998 5228 0
4057 4998 6543 0
4058 5798 5799 0
4058 5799 6066 0
4058 5893 6080 0
4058 6066 6080 0
4059 5798 5799 0
4059 5798 5800 0
4059 5799 5801 0
4060 5801 6065 0
4061 4063 4064 0
4061 4064 4065 0
4061 4065 4066 0
4062 4064 4065 0
4063 4064 4619 0
4067 4613 5001 0
4068 4622 5006 0
4068 5006 5007 0
4069 5004 5007 0
4071 4623 5005 0
4073 4074 5013 0
4073 4075 5013 0
4073 4075 6581 0
4073 6158 6581 0
4074 4625 4626 0
4074 4625 5013 0
4075 5013 6589 0
4075 5230 6589 0
4077 4630 4634 0
4082 4085 5009 0
4082 4085 6378 0
4083 6105 6111 0
4084 4085 4086 0
4084 4085 5009 0
4084 4086 6067 0
4084 4102 6067 0
4084 4627 5009 0
4085 4086 6394 0
4085 6378 6395 0
4085 6394 6395 0
4087 4088 5010 0
4087 4635 5010 0
4087 4635 6395 0
4087 6378 6395 0
4088 4089 5010 0
4089 4628 5010 0
4089 4628 5012 0
4089 4632 5012 0
4093 4094 5017 0
4093 4636 5014 0
4093 4636 5017 0
4094 4096 4638 0
4094 4638 5017 0
4095 4636 5014 0
4095 4636 6578 0
4095 5014 5230 0
4096 4637 5016 0
4096 4638 5016 0
4097 4098 4639 0
4098 4636 4640 0
4098 4636 6578 0
4100 4640 5016 0
4100 5015 5016 0
4104 6033 6525 0
4105 4642 4643 0
4106 6051 6170 0
4107 4644 5231 0
4107 4644 6334 0
4107 4645 5231 0
4107 6242 6334 0
4108 4645 5231 0
4108 4646 5231 0
4109 4646 5368 0
4109 4647 5368 0
4110 4647 5019 0
4111 4112 4648 0
4113 4656 5376 0
4113 5246 5376 0
4113 5246 5727 0
4114 5023 5029 0
4114 5023 5373 0
4114 5027 5035 0
4114 5027 5373 0
4114 5029 5249 0
4114 5035 5249 0
4115 5030 5238 0
4115 5238 6550 0
4116 5021 5025 0
4116 5025 5242 0
4117 4118 5802 0
4117 5742 6167 0
4118 5730 5802 0
4119 4654 6336 0
4123 4145 4671 0
4123 4145 5867 0
4123 4676 5867 0
4124 4139 4669 0
4124 4669 5498 0
4125 4656 6600 0
4125 6600 6755 0
4126 4657 4658 0
4127 4658 5042 0
4127 4659 5042 0
4129 4662 5250 0
4129 4662 5928 0
4129 4663 5041 0
4129 4663 5928 0
4129 5038 5041 0
4129 5038 5250 0
4131 5039 5054 0
4131 5054 5257 0
4132 5037 5039 0
4133 4664 4665 0
4135 5048 6671 0
4136 4143 5049 0
4136 4143 6705 0
4136 5040 6564 0
4136 5040 6705 0
4136 5049 6533 0
4136 6533 6546 0
4136 6546 6564 0
4137 4668 5044 0
4138 4666 4668 0
4138 4668 6172 0
4138 6097 6172 0
4139 4669 5047 0
4139 5047 5253 0
4139 5253 5805 0
4140 4663 5803 0
4140 4663 5928 0
4140 5803 5896 0
4140 5864 5896 0
4140 5864 5928 0
4141 4663 5803 0
4141 4663 5898 0
4141 5804 5805 0
4141 5804 5898 0
4141 5805 6563 0
4142 4144 4675 0
4142 4677 5865 0
4143 5049 5051 0
4143 5051 5255 0
4143 5255 6701 0
4143 6701 6705 0
4144 4673 4675 0
4144 4673 6663 0
4144 5254 6663 0
4145 4671 5929 0
4145 5256 5867 0
4145 5256 5909 0
4145 5909 5929 0
4146 4681 5390 0
4146 4682 4683 0
4146 4683 5458 0
4146 5265 5390 0
4146 5265 5458 0
4147 4684 5055 0
4147 5055 5391 0
4148 5057 5260 0
4151 5059 5263 0
4152 4688 5387 0
4153 4685 5064 0
4153 4690 5064 0
4153 4690 5386 0
4153 5058 5060 0
4153 5060 5386 0
4154 5061 5063 0
4154 5061 5069 0
4154 5063 5264 0
4154 5069 5393 0
4154 5264 5507 0
4154 5389 5393 0
4154 5389 5507 0
4155 4711 5276 0
4157 4159 4695 0
4157 4695 6090 0
4157 4708 5276 0
4157 4708 6090 0
4158 4693 4694 0
4158 4693 6013 0
4161 4164 4696 0
4162 4185 4186 0
4163 4702 4704 0
4165 6414 6415 0
4166 6414 6415 0
4167 4697 4699 0
4168 6416 6417 0
4169 4188 4706 0
4169 4191 4706 0
4171 5275 5462 0
4171 5462 6584 0
4171 6576 6584 0
4172 4175 4178 0
4172 4175 4700 0
4172 4178 4701 0
4172 4181 4700 0
4172 4181 4701 0
4173 4181 4700 0
4173 4700 6142 0
4174 4176 5461 0
4174 4176 6428 0
4174 4699 5075 0
4174 4699 6534 0
4174 5073 5461 0
4174 5073 6534 0
4174 5075 6428 0
4175 4178 5394 0
4175 4700 5073 0
4175 5073 5461 0
4175 5394 5461 0
4176 5396 5461 0
4176 5396 5462 0
4176 5462 6584 0
4176 6428 6584 0
4177 4178 4701 0
4177 4178 6601 0
4177 4180 4701 0
4177 4180 6535 0
4177 6535 6555 0
4177 6555 6601 0
4180 4182 6535 0
4182 4187 5289 0
4182 5289 6535 0
4184 4186 5076 0
4185 4702 4703 0
4187 5090 5093 0
4187 5093 5289 0
4188 4706 6536 0
4189 4192 4706 0
4189 4192 5806 0
4189 4706 6536 0
4190 4200 6052 0
4192 4194 4197 0
4192 4197 5806 0
4193 4194 4195 0
4197 4203 5806 0
4197 4203 6664 0
4197 4712 6664 0
4198 4712 6568 0
4198 5277 6568 0
4199 4714 5295 0
4200 4201 5290 0
4200 4201 6052 0
4200 5290 5295 0
4201 4707 5290 0
4201 4707 6337 0
4202 4709 5079 0
4202 4709 5281 0
4202 4710 4711 0
4202 4710 5079 0
4202 4711 5077 0
4202 5077 5281 0
4203 4204 4713 0
4203 4204 5806 0
4203 4713 6585 0
4203 6585 6664 0
4204 4713 5278 0
4204 5278 5398 0
4205 5084 5088 0
4205 5084 5279 0
4205 5088 5284 0
4205 5092 5284 0
4205 5092 6351 0
4205 5279 5291 0
4205 5291 6351 0
4207 4724 5099 0
4207 4804 5138 0
4207 4804 5151 0
4207 5099 5138 0
4208 4723 5153 0
4208 5150 5153 0
4209 4722 5900 0
4209 4724 5900 0
4210 4212 4725 0
4210 4216 4729 0
4210 4725 6068 0
4211 4214 5139 0
4211 4221 4222 0
4211 5139 6353 0
4212 4221 6537 0
4212 4725 4726 0
4212 4726 6537 0
4213 4215 4728 0
4213 4215 5807 0
4213 4728 5140 0
4213 5140 6684 0
4213 6388 6684 0
4214 4807 5139 0
4215 4216 4729 0
4215 4729 5807 0
4217 4325 4800 0
4218 6314 6647 0
4218 6314 6770 0
4219 4322 4730 0
4220 4731 5662 0
4222 4732 6092 0
4223 4731 5662 0
4224 4732 6352 0
4224 6352 6696 0
4225 4229 5110 0
4225 4737 4741 0
4226 5101 5102 0
4226 5101 5107 0
4226 5102 5408 0
4226 5107 6109 0
4226 5408 5413 0
4226 5413 6109 0
4227 4739 5109 0
4227 5100 5109 0
4227 5100 5296 0
4227 5106 5296 0
4228 4737 4738 0
4228 4737 5109 0
4228 4738 6538 0
4228 4739 5109 0
4229 4230 5297 0
4229 5103 5110 0
4229 5103 5297 0
4230 4231 6694 0
4230 5297 6655 0
4230 6655 6711 0
4230 6694 6711 0
4234 5114 5901 0
4234 5901 6539 0
4235 4749 4750 0
4235 4749 5970 0
4236 4744 4758 0
4237 4243 4758 0
4237 4243 6339 0
4237 5988 6339 0
4238 4745 4757 0
4238 4755 4757 0
4239 4747 5111 0
4240 4746 4747 0
4240 4746 4753 0
4240 4747 5111 0
4240 5111 5112 0
4241 4242 4750 0
4241 4242 4751 0
4241 4748 4749 0
4241 4748 6556 0
4241 4749 4750 0
4241 4751 5309 0
4241 5309 6556 0
4242 4751 5307 0
4242 4752 5307 0
4243 4758 5115 0
4243 5113 5115 0
4243 5113 6355 0
4243 6339 6355 0
4247 4248 5411 0
4247 4995 5411 0
4248 5302 5411 0
4249 5105 5304 0
4249 5105 6464 0
4251 4764 5117 0
4252 4765 5117 0
4252 5117 6315 0
4257 5122 5315 0
4257 5122 5316 0
4258 5121 5314 0
4259 4765 5116 0
4260 4262 4266 0
4264 6127 6177 0
4264 6137 6175 0
4264 6175 6177 0
4265 4266 6692 0
4265 5118 6692 0
4267 4768 6735 0
4267 5118 6735 0
4267 6175 6177 0
4268 4270 4769 0
4272 4276 4770 0
4276 4277 5809 0
4276 4770 5809 0
4277 5734 5809 0
4278 4280 5311 0
4278 4781 5311 0
4280 4282 4773 0
4280 4773 5311 0
4281 4774 5902 0
4282 5165 6557 0
4282 5334 6557 0
4283 4837 5163 0
4283 4837 5165 0
4284 4772 5310 0
4285 4775 4776 0
4285 4775 5119 0
4285 4776 5310 0
4285 4779 5119 0
4285 4779 5163 0
4286 4838 5334 0
4287 4780 5167 0
4288 4781 5120 0
4291 6117 6118 0
4291 6117 6143 0
4294 4784 5312 0
4296 4791 5129 0
4296 4791 6317 0
4296 6317 6402 0
4297 4785 5123 0
4297 4785 5317 0
4298 6579 6586 0
4300 4301 6429 0
4303 4792 5474 0
4303 5132 5474 0
4306 4308 6403 0
4306 4788 4794 0
4306 4788 5128 0
4306 4794 6403 0
4310 4311 4312 0
4313 4796 5130 0
4314 4797 6608 0
4317 4797 5130 0
4319 4321 6748 0
4319 5810 6748 0
4323 4799 5131 0
4324 4327 5154 0
4324 4799 5328 0
4324 5154 5328 0
4325 4800 5146 0
4325 5146 6678 0
4325 6647 6678 0
4326 4333 6144 0
4326 5133 6082 0
4326 5133 6144 0
4327 4332 4803 0
4328 4334 5136 0
4328 4334 6138 0
4328 4803 6138 0
4328 5136 5318 0
4329 4805 4806 0
4329 4805 5137 0
4329 4806 5141 0
4329 5137 6366 0
4329 5141 6465 0
4329 6366 6465 0
4330 4810 5320 0
4330 4810 5470 0
4330 4811 5135 0
4330 4811 5415 0
4330 5135 5320 0
4330 5415 5470 0
4331 5144 6675 0
4331 5144 6740 0
4331 5148 5421 0
4331 5148 5422 0
4331 5421 6675 0
4331 5422 6740 0
4332 4803 4814 0
4334 5133 5142 0
4334 5133 6144 0
4334 5136 5142 0
4334 6138 6144 0
4336 4815 6404 0
4337 4815 5157 0
4337 4815 6139 0
4350 4356 6155 0
4350 5811 6155 0
4350 5811 6318 0
4353 5158 5160 0
4353 5159 5332 0
4353 5160 5332 0
4354 4827 4828 0
4355 4826 5160 0
4355 4828 5160 0
4359 4829 4830 0
4360 4832 5161 0
4361 4362 4835 0
4361 4835 4843 0
4362 4833 4834 0
4362 4834 4835 0
4363 4840 5167 0
4363 4841 5167 0
4363 4841 5870 0
4363 5870 6340 0
4364 4780 4841 0
4364 4841 4842 0
4364 4842 4843 0
4369 4847 5170 0
4370 4371 4372 0
4370 4379 6573 0
4373 4848 4849 0
4374 4848 4850 0
4376 4852 5496 0
4376 5336 5496 0
4377 4379 4380 0
4383 4565 5172 0
4383 5171 5172 0
4385 4386 4854 0
4385 4854 5172 0
4388 4855 6659 0
4388 6290 6657 0
4388 6657 6658 0
4388 6658 6659 0
4389 5814 6071 0
4389 6055 6070 0
4389 6055 6528 0
4389 6070 6071 0
4391 4856 4857 0
4392 4393 5813 0
4392 4393 6071 0
4392 6070 6071 0
4393 5742 5814 0
4393 5814 6071 0
4394 5175 5338 0
4395 4858 5174 0
4395 5728 6321 0
4396 4858 5431 0
4396 5176 5431 0
4396 5176 6660 0
4397 4859 5175 0
4398 6432 6660 0
4399 4859 5430 0
4399 5176 5430 0
4399 5176 6432 0
4402 4476 6405 0
4404 5066 5270 0
4404 5066 5271 0
4406 4872 6667 0
4406 4873 6667 0
4407 4872 6690 0
4409 5683 5820 0
4409 5819 5820 0
4410 5752 5816 0
4410 5815 6342 0
4410 5816 6342 0
4411 4874 5930 0
4411 4874 6072 0
4411 5684 6072 0
4412 4413 5873 0
4412 5680 5818 0
4412 5680 6706 0
4412 5817 5818 0
4412 5873 6706 0
4413 5819 5820 0
4413 5819 5821 0
4413 5821 5873 0
4414 4415 5822 0
4414 4415 5823 0
4414 5823 5983 0
4416 5761 6322 0
4416 6056 6171 0
4417 4876 4877 0
4418 4878 5181 0
4422 4423 4879 0
4422 4879 6344 0
4423 4437 4879 0
4425 4426 6529 0
4425 4886 4888 0
4426 4427 6529 0
4429 5753 5825 0
4429 5825 6614 0
4429 6323 6614 0
4430 5825 5826 0
4430 5825 6614 0
4430 5826 5827 0
4430 5827 6741 0
4431 4883 6368 0
4431 5180 6368 0
4431 5180 6742 0
4431 6731 6742 0
4433 4884 4885 0
4433 4884 5342 0
4433 4885 4890 0
4433 5341 5342 0
4434 4435 6073 0
4434 4435 6668 0
4434 4886 4888 0
4434 4888 6668 0
4435 4889 6668 0
4435 6073 6085 0
4435 6085 6345 0
4436 6073 6085 0
4436 6073 6344 0
4436 6085 6094 0
4436 6323 6343 0
4436 6343 6344 0
4439 4894 5184 0
4439 4894 5185 0
4439 5185 6580 0
4443 4897 6074 0
4443 5755 5831 0
4443 5755 6074 0
4443 5830 5831 0
4444 4897 4899 0
4444 4897 5875 0
4444 4898 4899 0
4444 4898 6541 0
4444 5874 5875 0
4444 5874 6541 0
4445 5690 5757 0
4445 5757 6661 0
4445 6095 6296 0
4445 6095 6661 0
4447 5758 5760 0
4447 5758 6324 0
4447 5760 5973 0
4449 4450 5831 0
4449 5829 5830 0
4449 5830 5831 0
4450 5688 5832 0
4450 5831 5832 0
4451 4453 6161 0
4452 4901 5344 0
4452 4901 6732 0
4452 5343 5344 0
4452 5343 6086 0
4453 4901 5433 0
4453 5433 6161 0
4454 4902 6662 0
4455 4456 4902 0
4455 4456 5833 0
4455 4902 5835 0
4455 5834 5835 0
4456 4902 6662 0
4458 5695 5975 0
4458 5836 5975 0
4459 5769 5838 0
4459 5836 5837 0
4459 5837 5838 0
4460 4461 5839 0
4460 4461 5976 0
4460 5769 5976 0
4460 5839 5984 0
4462 4463 4464 0
4472 5177 5178 0
4473 4474 5177 0
4474 4864 5177 0
4474 4864 6083 0
4476 4477 6405 0
4477 4478 6433 0
4480 4481 5188 0
4480 5188 6676 0
4481 5188 6347 0
4485 4548 6562 0
4486 4908 4944 0
4487 4490 4909 0
4488 6325 6475 0
4490 4909 5840 0
4490 5840 5926 0
4490 5841 5926 0
4491 5770 6075 0
4492 5636 6301 0
4492 5978 6474 0
4492 6301 6474 0
4493 5598 5965 0
4493 5598 6076 0
4493 5771 5977 0
4493 5965 5977 0
4494 5773 5775 0
4494 5777 5778 0
4494 5778 6443 0
4495 5842 5843 0
4495 5843 5844 0
4495 5844 5845 0
4496 4498 4500 0
4497 4498 4916 0
4497 4910 4911 0
4497 4910 4916 0
4497 4911 5877 0
4498 4500 4916 0
4500 4503 4916 0
4500 4503 4917 0
4502 4503 4915 0
4502 4503 4917 0
4503 4915 5345 0
4503 4916 5192 0
4503 5192 5345 0
4509 4922 6733 0
4510 4513 4515 0
4510 4515 4930 0
4511 4512 4920 0
4511 4918 4919 0
4511 4919 4920 0
4513 5194 6734 0
4513 6733 6734 0
4514 4924 4925 0
4514 4924 5194 0
4514 4925 5197 0
4514 5197 5879 0
4515 4929 5884 0
4515 4930 5884 0
4516 5196 5878 0
4516 5196 5882 0
4516 5878 5885 0
4516 5882 6466 0
4516 5885 6444 0
4516 6444 6466 0
4517 4522 5848 0
4518 4931 5205 0
4518 4931 5883 0
4518 5205 5436 0
4518 5436 6326 0
4518 5881 5883 0
4518 5881 6326 0
4519 4941 5204 0
4519 4941 5890 0
4520 4931 5205 0
4520 4943 5205 0
4520 4943 5847 0
4520 5847 5985 0
4521 4918 4919 0
4521 4919 6348 0
4522 4939 5348 0
4522 4939 5981 0
4522 5348 5848 0
4523 4536 5887 0
4523 5781 5849 0
4523 5849 5887 0
4524 4528 4529 0
4524 4529 5201 0
4526 4932 5198 0
4527 5196 5882 0
4527 5196 6077 0
4527 5881 5882 0
4527 6077 6078 0
4528 4530 5552 0
4529 5201 5851 0
4529 5850 5851 0
4530 4936 5202 0
4531 5783 5852 0
4531 5850 5851 0
4531 5850 5886 0
4531 5851 5852 0
4532 4535 6596 0
4532 5913 5914 0
4533 4934 4935 0
4533 4934 4936 0
4533 4936 5347 0
4533 5347 5914 0
4534 4537 5855 0
4534 4537 6327 0
4534 4937 5855 0
4534 4937 5986 0
4534 5780 5986 0
4534 5780 6328 0
4534 6327 6328 0
4535 6596 6610 0
4536 5854 5887 0
4536 5854 5987 0
4538 5853 5856 0
4538 5853 6610 0
4538 5856 5888 0
4539 4540 4942 0
4539 4541 4942 0
4539 4541 6329 0
4540 4543 4940 0
4540 4543 4942 0
4540 4938 4940 0
4541 4542 4942 0
4541 4542 5857 0
4541 5857 6330 0
4541 6329 6330 0
4542 4939 5203 0
4542 4939 5889 0
4542 4942 5203 0
4542 5857 5889 0
4543 4940 4941 0
4543 4941 5891 0
4543 4942 5905 0
4543 5891 5905 0
4544 4940 5204 0
4545 5528 5790 0
4546 4908 4944 0
4551 4946 5206 0
4553 4947 5220 0
4554 5858 6530 0
4554 6524 6530 0
4555 4947 5357 0
4555 4973 5357 0
4555 4973 5859 0
4555 5859 6331 0
4556 4949 4953 0
4556 4949 5892 0
4556 4951 4952 0
4556 4951 6087 0
4556 4952 5892 0
4556 4953 5351 0
4556 5351 6087 0
4557 4952 5892 0
4557 4952 6307 0
4558 4953 5209 0
4561 4963 5213 0
4561 5213 5214 0
4562 4958 5354 0
4562 4961 5211 0
4562 4961 5354 0
4563 4966 4967 0
4563 4966 5355 0
4563 4967 5217 0
4564 4968 6149 0
4566 4970 4972 0
4566 4972 5357 0
4566 5220 5357 0
4567 4971 4972 0
4567 4971 4975 0
4567 4972 4973 0
4567 4973 4974 0
4567 4974 5207 0
4567 4975 5207 0
4569 4971 4975 0
4571 4976 6088 0
4572 4976 4980 0
4572 4978 4980 0
4573 4977 5222 0
4574 4978 4980 0
4574 4979 4992 0
4574 4980 5906 0
4574 4992 5906 0
4575 4576 4983 0
4575 4579 4983 0
4575 4579 5223 0
4576 4580 4983 0
4578 4579 4982 0
4578 4579 4984 0
4578 4581 4984 0
4579 4982 6588 0
4579 4983 4984 0
4579 5223 6588 0
4580 4983 4984 0
4582 4583 5860 0
4582 6270 6271 0
4583 5792 5860 0
4584 4985 6133 0
4587 6499 6532 0
4588 5359 5363 0
4588 5361 5363 0
4590 4988 5360 0
4590 4989 5360 0
4591 4592 4986 0
4591 4986 5438 0
4591 4987 5438 0
4593 5361 5363 0
4595 5794 5908 0
4596 4991 5226 0
4596 4991 5861 0
4596 5225 5226 0
4596 5225 5907 0
4596 5861 5927 0
4596 5907 5927 0
4597 4990 5931 0
4597 5225 5226 0
4597 5225 5931 0
4598 4979 4992 0
4598 4992 4993 0
4598 4993 6332 0
4598 5720 5724 0
4598 5720 6332 0
4599 4993 5358 0
4599 4993 6332 0
4599 5221 5358 0
4599 5221 5862 0
4600 4601 6410 0
4604 4995 5300 0
4604 5227 5300 0
4610 4612 5894 0
4610 4999 5894 0
4610 4999 6080 0
4610 6079 6080 0
4610 6079 6544 0
4612 4613 5000 0
4612 4613 5001 0
4612 5000 5894 0
4614 5002 5367 0
4621 5004 5007 0
4621 5005 5006 0
4621 5006 5007 0
4622 4623 5006 0
4623 5005 5006 0
4627 4639 5009 0
4628 4629 5010 0
4629 4635 5010 0
4630 4632 4634 0
4631 4632 4634 0
4631 4632 5012 0
4631 4633 4634 0
4631 4633 5011 0
4636 4640 5017 0
4637 5015 5016 0
4638 4640 5016 0
4638 4640 5017 0
4644 5018 5441 0
4644 5018 6334 0
4644 5231 5440 0
4644 5440 5441 0
4646 5231 5440 0
4646 5368 5440 0
4647 5019 5368 0
4649 5021 5025 0
4649 5021 5234 0
4649 5025 5240 0
4649 5234 5236 0
4649 5236 5932 0
4649 5240 5932 0
4650 5026 5028 0
4650 5026 5046 0
4650 5027 5033 0
4650 5027 5372 0
4650 5028 5033 0
4650 5046 5372 0
4651 5029 5245 0
4651 5029 6098 0
4651 5237 6098 0
4651 5237 6552 0
4651 5239 6349 0
4651 5239 6552 0
4651 5245 6349 0
4652 5032 5034 0
4652 5032 6545 0
4652 5033 5035 0
4652 5033 6545 0
4652 5034 6554 0
4652 5035 5447 0
4652 5447 6554 0
4653 5043 5370 0
4653 5233 5370 0
4654 6335 6336 0
4656 5376 6600 0
4657 4658 5251 0
4658 5042 5251 0
4660 4661 5037 0
4660 4661 5038 0
4660 5037 5039 0
4660 5038 5381 0
4660 5039 5258 0
4660 5258 5381 0
4661 5038 5897 0
4661 5863 5897 0
4662 4670 5864 0
4662 4670 6565 0
4662 5250 5377 0
4662 5377 6565 0
4662 5864 5928 0
4663 5041 5898 0
4667 5044 5045 0
4667 5044 6618 0
4667 5045 5378 0
4667 5378 6561 0
4667 6560 6561 0
4667 6560 6618 0
4668 5044 5045 0
4668 5045 6172 0
4669 5047 5445 0
4669 5445 5498 0
4670 5040 5916 0
4670 5864 5895 0
4670 5916 6565 0
4671 5865 5929 0
4672 5048 5379 0
4672 5049 5379 0
4672 5049 6533 0
4672 6533 6547 0
4672 6547 6618 0
4673 4674 5866 0
4673 4674 6663 0
4674 5254 5379 0
4674 5254 6663 0
4674 5379 6671 0
4676 4678 5050 0
4676 4678 5053 0
4676 5053 5867 0
4677 5865 5929 0
4677 5899 5909 0
4677 5909 5929 0
4678 5052 5259 0
4678 5053 5259 0
4679 5271 5273 0
4679 5272 5273 0
4680 4684 5055 0
4680 5055 5272 0
4681 5056 5390 0
4682 4683 5057 0
4682 5057 5260 0
4683 5057 5267 0
4683 5267 5458 0
4685 5062 5064 0
4686 5059 5261 0
4686 5060 5456 0
4686 5261 5456 0
4687 5384 5488 0
4687 5387 5488 0
4688 5262 5453 0
4688 5387 5454 0
4688 5453 5454 0
4689 5061 5068 0
4689 5061 5388 0
4689 5062 5070 0
4689 5062 5388 0
4689 5068 5070 0
4690 5063 5064 0
4690 5063 5457 0
4690 5385 5386 0
4690 5385 5457 0
4691 5067 5266 0
4691 5067 5273 0
4691 5266 5460 0
4691 5269 5273 0
4691 5269 5389 0
4691 5389 6150 0
4691 5460 6150 0
4692 5397 5463 0
4692 5463 5492 0
4693 4694 5072 0
4693 5071 5072 0
4697 4698 6451 0
4697 4699 6534 0
4697 6451 6534 0
4698 6142 6451 0
4700 5073 6451 0
4700 6142 6451 0
4702 4703 5403 0
4702 4704 5288 0
4702 5288 5403 0
4703 5091 5403 0
4704 5285 5288 0
4705 5096 5292 0
4705 5096 6555 0
4705 5289 5292 0
4705 5289 6535 0
4705 6535 6555 0
4707 5094 5294 0
4707 5094 6091 0
4707 5290 6091 0
4707 5294 6337 0
4708 5077 5083 0
4708 5077 5276 0
4708 5078 5400 0
4708 5078 6090 0
4708 5083 5400 0
4709 4717 5079 0
4709 5085 5281 0
4710 5079 5080 0
4711 5077 5276 0
4712 4715 5280 0
4712 4715 6664 0
4712 5280 6568 0
4713 5278 5399 0
4714 5097 5295 0
4714 5097 6370 0
4714 5398 6370 0
4715 4716 4717 0
4715 4716 5280 0
4715 4717 6585 0
4715 6585 6664 0
4716 4717 5079 0
4716 5079 5080 0
4716 5080 5082 0
4716 5082 5280 0
4718 5081 5084 0
4718 5081 5085 0
4718 5083 5086 0
4718 5083 5281 0
4718 5084 5086 0
4718 5085 5281 0
4719 5086 5088 0
4719 5086 5282 0
4719 5087 5282 0
4719 5087 5286 0
4719 5088 5402 0
4719 5286 5287 0
4719 5287 5402 0
4720 5090 5091 0
4720 5090 5093 0
4720 5091 5401 0
4720 5092 5401 0
4720 5092 5406 0
4720 5093 5406 0
4721 5094 5293 0
4721 5094 6091 0
4721 5095 5293 0
4721 5095 5405 0
4721 5097 6091 0
4721 5097 6370 0
4721 5405 6370 0
4723 5153 5477 0
4723 5476 5477 0
4724 5098 5900 0
4724 5098 6672 0
4724 5099 6672 0
4725 6022 6068 0
4726 4731 6537 0
4727 4792 5493 0
4727 5140 5493 0
4727 5140 6684 0
4727 6388 6684 0
4728 4808 4809 0
4728 4809 5140 0
4732 6092 6352 0
4733 4734 5102 0
4733 4734 5110 0
4733 5100 5101 0
4733 5101 5102 0
4734 5102 5299 0
4734 5103 5110 0
4734 5103 5301 0
4734 5299 5301 0
4735 5298 5407 0
4735 5298 5408 0
4735 5302 5304 0
4735 5302 5407 0
4735 5303 5304 0
4735 5303 5413 0
4735 5408 5413 0
4736 5106 5296 0
4736 5107 5296 0
4736 5107 5412 0
4736 5108 5412 0
4737 4738 6665 0
4737 4741 6665 0
4738 6526 6538 0
4738 6526 6665 0
4740 6626 6656 0
4741 6656 6665 0
4744 4758 5115 0
4744 5114 5115 0
4745 4757 5901 0
4745 5901 6539 0
4746 4753 4754 0
4748 4749 5868 0
4748 5868 5988 0
4748 5988 6339 0
4748 6339 6556 0
4749 5868 5970 0
4751 5112 5307 0
4752 5306 5307 0
4753 4754 6081 0
4753 4756 6081 0
4753 4756 6093 0
4754 5869 6081 0
4755 4757 6099 0
4755 5869 6053 0
4755 5869 6081 0
4755 6081 6099 0
4756 5113 5308 0
4756 5113 6356 0
4756 5308 6099 0
4756 6081 6099 0
4756 6093 6356 0
4757 5308 5901 0
4757 5308 6099 0
4762 5105 5468 0
4762 5105 6464 0
4762 5414 5468 0
4764 5116 5117 0
4765 5116 5117 0
4766 5122 5123 0
4766 5122 5315 0
4767 5125 5314 0
4773 5120 5311 0
4773 5120 5902 0
4774 5120 5902 0
4774 6107 6110 0
4777 4778 5119 0
4777 4779 5119 0
4777 4779 5425 0
4777 5425 5494 0
4779 4836 5163 0
4779 4836 5425 0
4780 4841 5167 0
4781 5120 5311 0
4782 5312 6582 0
4783 4784 5313 0
4784 5312 5313 0
4785 5122 5123 0
4785 5122 5316 0
4785 5126 5316 0
4785 5126 5317 0
4790 4791 5129 0
4790 4791 6252 0
4790 5129 6579 0
4790 6579 6586 0
4792 5474 5493 0
4793 6389 6469 0
4793 6469 6587 0
4798 6673 6704 0
4799 5131 5328 0
4800 5146 5418 0
4800 5418 5476 0
4801 4810 5133 0
4801 4810 5470 0
4801 5133 6082 0
4801 5470 5471 0
4802 5135 5320 0
4802 5135 6736 0
4802 5136 5318 0
4802 5136 5320 0
4802 5156 5318 0
4802 5156 5479 0
4802 5479 6736 0
4803 4814 6138 0
4804 5138 5325 0
4804 5151 5326 0
4804 5325 5478 0
4804 5326 5478 0
4805 5137 5420 0
4805 5147 5420 0
4806 5141 5143 0
4807 4808 6465 0
4807 5139 6366 0
4807 6366 6465 0
4808 4809 5141 0
4808 5141 6465 0
4809 5140 5416 0
4809 5141 5472 0
4809 5416 5472 0
4810 5133 5142 0
4810 5142 5320 0
4811 5134 5135 0
4811 5134 6749 0
4811 5143 5475 0
4811 5143 6749 0
4811 5415 5475 0
4812 5147 5420 0
4812 5147 6737 0
4812 5148 5324 0
4812 5148 5422 0
4812 5324 6737 0
4812 5420 5478 0
4812 5422 5478 0
4813 5150 5151 0
4813 5150 5153 0
4813 5151 5326 0
4813 5153 5477 0
4813 5323 5477 0
4813 5323 6674 0
4813 5326 6674 0
4815 5157 6404 0
4817 4819 6146 0
4817 4820 6146 0
4818 4820 6146 0
4825 5811 6318 0
4825 5811 6540 0
4826 5158 5160 0
4827 4828 5332 0
4827 5159 5332 0
4828 5160 5332 0
4829 4830 4831 0
4830 4831 4832 0
4831 4832 5161 0
4833 4834 5480 0
4833 5162 5480 0
4834 4835 5481 0
4834 5480 5481 0
4836 4837 5163 0
4836 4837 5166 0
4836 5164 5166 0
4836 5164 5425 0
4837 5165 6173 0
4837 5166 6173 0
4838 5334 6341 0
4838 6340 6341 0
4839 4841 4842 0
4839 4841 5870 0
4839 5335 5871 0
4839 5870 5871 0
4844 5427 5428 0
4844 5427 6590 0
4848 4849 4850 0
4851 5336 5496 0
4851 5336 5518 0
4851 5496 6164 0
4852 5496 6147 0
4852 6140 6176 0
4852 6147 6176 0
4853 5173 5337 0
4854 5171 5172 0
4854 5171 6695 0
4858 5174 5431 0
4859 5175 5339 0
4859 5339 5430 0
4860 4861 6434 0
4860 6391 6434 0
4863 4864 4865 0
4863 4864 5178 0
4864 4865 4905 0
4864 4905 6083 0
4864 5177 5178 0
4867 6407 6420 0
4869 4870 6602 0
4872 6667 6690 0
4874 5686 5872 0
4874 5686 6072 0
4874 5815 5872 0
4874 5815 6342 0
4874 5930 6342 0
4875 5681 6442 0
4875 5873 5994 0
4875 5873 6706 0
4875 6442 6706 0
4876 4877 6058 0
4878 5181 5340 0
4878 5340 5910 0
4878 5910 6084 0
4879 6343 6344 0
4882 4887 6345 0
4882 4887 6354 0
4882 5341 5912 0
4882 5912 6354 0
4884 5181 5342 0
4885 4890 5183 0
4887 5182 6094 0
4887 5182 6354 0
4887 6085 6094 0
4887 6085 6345 0
4888 4889 6668 0
4889 4890 5183 0
4892 4893 4894 0
4892 4894 5184 0
4892 5184 6606 0
4893 4894 5185 0
4896 5874 6541 0
4896 6295 6617 0
4896 6541 6617 0
4897 5875 6074 0
4898 4899 6548 0
4898 5876 6548 0
4898 5876 6617 0
4898 6541 6617 0
4899 6346 6548 0
4900 5343 5432 0
4900 5343 6086 0
4901 5344 5433 0
4903 5432 5497 0
4903 5483 5497 0
4907 5188 5189 0
4907 5188 6347 0
4910 4912 5192 0
4910 4916 5192 0
4912 5190 5345 0
4912 5190 6549 0
4912 5192 5345 0
4913 4914 5434 0
4913 4915 5434 0
4914 5191 5434 0
4915 5345 5434 0
4919 4920 5193 0
4919 5193 5985 0
4919 5985 6348 0
4921 4922 4923 0
4922 4923 5194 0
4922 5194 6734 0
4922 6733 6734 0
4923 4924 5194 0
4925 4926 5197 0
4926 4928 5197 0
4926 4928 5435 0
4926 5195 5435 0
4927 4933 5885 0
4927 4933 5904 0
4927 5878 5885 0
4927 5903 5904 0
4928 5197 5879 0
4928 5200 5435 0
4928 5200 5880 0
4928 5879 5880 0
4929 5879 5880 0
4929 5880 6444 0
4929 5884 6466 0
4929 6444 6466 0
4930 4931 5883 0
4930 5883 5884 0
4932 5198 5199 0
4932 5199 5346 0
4932 5346 5650 0
4933 5198 5199 0
4933 5198 5904 0
4933 5199 5200 0
4933 5200 5885 0
4934 4935 5886 0
4934 5850 5886 0
4935 5782 5784 0
4935 5782 5886 0
4935 5784 5786 0
4936 5202 5347 0
4937 5849 5887 0
4937 5849 5986 0
4937 5855 5989 0
4937 5887 5989 0
4939 5203 5348 0
4939 5889 5981 0
4940 4941 5204 0
4941 5890 5891 0
4942 5203 5905 0
4943 5205 5349 0
4943 5349 5891 0
4943 5847 5890 0
4943 5890 5891 0
4947 5220 5357 0
4948 4950 4974 0
4948 4950 5350 0
4948 4974 5207 0
4950 4951 6087 0
4950 5350 5351 0
4950 5351 6087 0
4951 4952 5208 0
4953 5209 5351 0
4955 5217 5352 0
4955 5352 6425 0
4956 4957 5352 0
4956 5218 5352 0
4956 5218 5353 0
4956 5353 5356 0
4957 5352 6425 0
4958 5354 6669 0
4959 4968 4969 0
4959 4968 6148 0
4959 4969 5210 0
4959 5210 5211 0
4959 5211 5219 0
4959 5219 6148 0
4960 4961 4962 0
4960 4961 5212 0
4960 4962 5353 0
4960 4964 5212 0
4960 5218 5353 0
4961 4962 5211 0
4961 5212 5354 0
4962 5211 5219 0
4962 5219 5353 0
4963 4965 5216 0
4963 5213 5216 0
4964 5212 5213 0
4964 5213 5216 0
4964 5216 5355 0
4965 5215 5216 0
4966 5215 5355 0
4968 6148 6149 0
4970 4971 4972 0
4972 4973 5357 0
4977 5221 6096 0
4977 5222 6096 0
4980 5222 5906 0
4981 6232 6426 0
4982 6089 6160 0
4982 6089 6588 0
4986 4988 5438 0
4987 5364 5438 0
4988 5360 5362 0
4988 5362 5438 0
4989 5224 5360 0
4991 5718 5861 0
4992 4993 5358 0
4992 5358 5906 0
4994 6102 6591 0
4994 6583 6603 0
4994 6591 6603 0
4995 5300 5411 0
4996 4997 5228 0
4997 4998 5228 0
4998 6543 6544 0
4999 5893 6080 0
5002 5365 5439 0
5002 5367 5439 0
5014 5230 6589 0
5018 5369 5441 0
5018 6334 6449 0
5018 6449 6607 0
5019 5368 5442 0
5020 5232 5442 0
5020 5369 5441 0
5020 5441 5442 0
5021 5233 5234 0
5022 5234 5236 0
5022 5234 5370 0
5022 5235 5370 0
5022 5235 5915 0
5022 5236 5374 0
5022 5374 5915 0
5023 5029 6098 0
5023 5244 5373 0
5023 5244 6098 0
5024 5025 5240 0
5024 5025 5242 0
5024 5238 5239 0
5024 5238 5241 0
5024 5239 5240 0
5024 5241 5242 0
5026 5028 5895 0
5026 5046 5243 0
5027 5033 5035 0
5027 5372 5373 0
5028 5032 5896 0
5028 5032 6545 0
5028 5033 6545 0
5028 5895 5896 0
5029 5245 6359 0
5029 5249 6359 0
5030 5238 6551 0
5030 5247 5248 0
5030 5247 6349 0
5030 6349 6551 0
5031 5246 5484 0
5031 5246 6350 0
5031 5247 5248 0
5031 5247 5444 0
5031 5248 6350 0
5031 5444 6680 0
5031 5484 6680 0
5032 5803 5896 0
5034 5253 6553 0
5034 6553 6554 0
5035 5249 5447 0
5038 5041 5897 0
5038 5250 5381 0
5039 5054 5258 0
5040 5916 6705 0
5043 5235 5370 0
5045 5252 5378 0
5045 5252 6172 0
5046 5243 5449 0
5046 5372 6357 0
5046 5449 6357 0
5047 5253 6553 0
5047 5445 6369 0
5047 6369 6553 0
5048 5379 6671 0
5049 5051 5254 0
5049 5254 5379 0
5051 5255 5899 0
5052 5257 5259 0
5053 5256 5382 0
5053 5256 5867 0
5053 5259 5382 0
5054 5257 5451 0
5054 5258 5499 0
5054 5451 5499 0
5055 5067 5272 0
5055 5067 5391 0
5056 5390 5459 0
5056 5459 6367 0
5059 5261 5263 0
5060 5386 5456 0
5061 5063 5388 0
5061 5068 5069 0
5062 5064 5388 0
5063 5064 5388 0
5063 5264 5457 0
5065 5266 5460 0
5065 5267 5458 0
5065 5458 5506 0
5065 5460 6151 0
5065 5506 6151 0
5066 5269 5273 0
5066 5269 5392 0
5066 5270 5392 0
5066 5271 5273 0
5067 5266 5391 0
5067 5272 5273 0
5068 5069 5268 0
5069 5268 5392 0
5069 5392 5393 0
5073 6451 6534 0
5074 5394 5396 0
5074 5395 5396 0
5077 5083 5281 0
5078 5087 5283 0
5078 5087 5400 0
5080 5082 6244 0
5081 5084 5279 0
5081 5085 5399 0
5081 5279 5404 0
5081 5399 5404 0
5083 5086 5282 0
5083 5282 5400 0
5084 5086 5088 0
5087 5282 5400 0
5087 5283 5286 0
5088 5284 5402 0
5089 5285 5288 0
5089 5285 5397 0
5089 5287 5463 0
5089 5287 5465 0
5089 5288 5465 0
5089 5397 5463 0
5091 5401 5464 0
5091 5403 5464 0
5092 5095 5406 0
5092 5095 6351 0
5092 5284 5401 0
5093 5289 5292 0
5093 5292 5406 0
5094 5096 5293 0
5094 5096 5294 0
5095 5291 5405 0
5095 5291 6351 0
5095 5293 5406 0
5096 5292 5293 0
5096 5294 6555 0
5097 5290 5295 0
5097 5290 6091 0
5098 5900 6696 0
5098 6352 6672 0
5098 6352 6696 0
5099 5138 6478 0
5099 6092 6672 0
5100 5101 5296 0
5101 5107 5296 0
5102 5299 5408 0
5103 5297 5409 0
5103 5301 5409 0
5104 5298 5299 0
5104 5298 5466 0
5104 5299 5301 0
5104 5301 5409 0
5104 5409 5467 0
5104 5466 5467 0
5105 5303 5304 0
5105 5303 5468 0
5107 5412 6109 0
5108 5305 5412 0
5108 5305 6380 0
5111 5112 5307 0
5111 5306 5307 0
5113 5115 6100 0
5113 5308 6100 0
5113 6355 6356 0
5114 5115 6100 0
5114 5901 6100 0
5121 5314 5469 0
5121 5316 5469 0
5124 5125 5126 0
5124 5126 5317 0
5124 5127 5317 0
5125 5126 5469 0
5125 5314 5469 0
5126 5316 5469 0
5131 5327 5328 0
5131 5327 6704 0
5132 5417 5471 0
5132 5417 5474 0
5134 5135 6736 0
5134 6736 6739 0
5134 6739 6749 0
5136 5142 5320 0
5137 5325 5420 0
5137 5325 6431 0
5137 6366 6430 0
5137 6430 6431 0
5138 5325 6431 0
5138 6431 6478 0
5139 6353 6430 0
5139 6366 6430 0
5140 5416 5493 0
5141 5143 5472 0
5143 5472 5475 0
5144 5322 5419 0
5144 5322 6681 0
5144 5419 6740 0
5144 6675 6681 0
5145 5321 5423 0
5145 5321 6677 0
5145 5327 5423 0
5145 5327 6704 0
5145 6673 6677 0
5145 6673 6704 0
5146 5322 5419 0
5146 5322 6678 0
5146 5418 5419 0
5147 6737 6738 0
5148 5324 5421 0
5149 5324 5424 0
5149 5324 6737 0
5149 5424 5479 0
5149 5479 6739 0
5149 6737 6738 0
5149 6738 6739 0
5152 5323 5419 0
5152 5323 6674 0
5152 5326 5422 0
5152 5326 6674 0
5152 5419 6740 0
5152 5422 6740 0
5154 5328 5329 0
5154 5329 6754 0
5154 6754 6764 0
5155 5321 5423 0
5155 5321 6675 0
5155 5423 6753 0
5155 6675 6743 0
5155 6743 6753 0
5156 5318 5330 0
5156 5330 5331 0
5156 5331 5424 0
5156 5424 5479 0
5164 5166 5335 0
5164 5333 5335 0
5164 5333 5425 0
5165 6173 6557 0
5166 5335 5871 0
5166 5871 6173 0
5168 5169 5482 0
5168 5482 5514 0
5168 5495 5515 0
5168 5514 5515 0
5174 5338 5339 0
5174 5339 5431 0
5175 5338 5339 0
5176 5430 5431 0
5176 6432 6660 0
5180 5182 6354 0
5180 5182 6742 0
5180 5911 5912 0
5180 5911 6368 0
5180 5912 6354 0
5181 5340 5342 0
5182 6094 6741 0
5182 6741 6742 0
5186 5876 6548 0
5187 5433 5483 0
5187 5433 6161 0
5187 5483 6435 0
5188 5189 6676 0
5190 5191 5434 0
5190 5345 5434 0
5195 5346 5435 0
5195 5346 6558 0
5198 5201 5904 0
5199 5200 5435 0
5199 5346 5435 0
5200 5880 5885 0
5201 5851 5903 0
5201 5903 5904 0
5203 5348 5349 0
5203 5349 5905 0
5205 5349 5436 0
5208 5859 6331 0
5209 5351 5437 0
5212 5213 5354 0
5213 5214 5354 0
5214 5354 6669 0
5215 5216 5355 0
5217 5218 5352 0
5219 5353 5356 0
5219 5356 6148 0
5221 5358 6096 0
5221 5862 5924 0
5222 5358 5906 0
5222 5358 6096 0
5223 6089 6145 0
5223 6089 6588 0
5224 5359 5360 0
5225 5907 5908 0
5225 5908 5931 0
5227 5300 5467 0
5227 5410 5467 0
5233 5234 5370 0
5235 5252 5915 0
5235 5252 6097 0
5236 5371 5374 0
5236 5371 5932 0
5237 5240 5932 0
5237 5240 6552 0
5237 5371 5932 0
5237 5371 6098 0
5238 5239 6551 0
5238 5241 6550 0
5239 5240 6552 0
5239 6349 6551 0
5243 5449 6560 0
5243 6546 6560 0
5243 6546 6564 0
5244 5371 6098 0
5244 5371 6358 0
5244 5373 6358 0
5245 5247 5444 0
5245 5247 6349 0
5245 5444 6359 0
5246 5376 5484 0
5246 5727 6350 0
5249 5446 5447 0
5249 5446 6359 0
5250 5377 5485 0
5250 5381 5485 0
5252 5378 6559 0
5252 5915 6559 0
5252 6097 6172 0
5253 5805 6563 0
5255 5380 5450 0
5255 5380 5899 0
5255 5450 6701 0
5256 5382 5486 0
5256 5486 6679 0
5256 5909 6679 0
5257 5259 5451 0
5258 5381 5499 0
5259 5382 5451 0
5261 5263 5452 0
5261 5452 5487 0
5261 5456 5487 0
5262 5263 5452 0
5262 5452 5453 0
5264 5457 5509 0
5264 5507 5508 0
5264 5508 5509 0
5265 5390 5502 0
5265 5458 5506 0
5265 5501 5502 0
5265 5501 5506 0
5268 5270 5274 0
5268 5270 5392 0
5269 5389 5393 0
5269 5392 5393 0
5270 5274 6422 0
5275 5395 5462 0
5277 5280 6568 0
5278 5398 5404 0
5278 5399 5404 0
5279 5291 5404 0
5283 5286 5492 0
5284 5401 5402 0
5286 5287 5463 0
5286 5463 5492 0
5287 5402 5465 0
5288 5403 5464 0
5288 5464 5465 0
5291 5404 5405 0
5292 5293 5406 0
5294 6337 6601 0
5294 6555 6601 0
5298 5299 5408 0
5298 5407 5466 0
5300 5411 5466 0
5300 5466 5467 0
5302 5407 5411 0
5303 5413 5468 0
5305 5412 5414 0
5308 5901 6100 0
5309 6093 6356 0
5309 6355 6356 0
5309 6355 6556 0
5312 5313 6582 0
5318 5330 6764 0
5319 5415 5470 0
5319 5415 5473 0
5319 5417 5471 0
5319 5417 5505 0
5319 5470 5471 0
5319 5473 5505 0
5321 6675 6681 0
5321 6677 6681 0
5322 6678 6712 0
5322 6681 6712 0
5323 5418 5419 0
5323 5418 5477 0
5324 5421 5424 0
5325 5420 5478 0
5326 5422 5478 0
5327 5328 5329 0
5327 5329 5423 0
5329 5423 6753 0
5329 6753 6754 0
5330 5331 6754 0
5330 6754 6764 0
5331 5424 6743 0
5331 6743 6753 0
5331 6753 6754 0
5333 5425 5494 0
5333 5481 5494 0
5334 6101 6341 0
5334 6101 6557 0
5339 5430 5431 0
5340 5341 5342 0
5340 5341 5912 0
5340 5910 5911 0
5340 5911 5912 0
5343 5344 5497 0
5343 5432 5497 0
5344 5433 5483 0
5344 5483 5497 0
5347 5913 5914 0
5348 5349 5436 0
5348 5436 5848 0
5349 5891 5905 0
5350 5351 5437 0
5356 6048 6149 0
5356 6148 6149 0
5359 5360 5362 0
5359 5362 5364 0
5359 5363 5364 0
5362 5364 5438 0
5366 5367 5439 0
5366 5439 6427 0
5368 5440 6566 0
5368 5442 6566 0
5371 5374 5443 0
5371 5443 6358 0
5372 5373 6357 0
5373 6357 6358 0
5374 5443 5915 0
5375 5444 5446 0
5375 5444 6680 0
5375 5445 5448 0
5375 5445 6369 0
5375 5446 6360 0
5375 5448 5484 0
5375 5484 6680 0
5375 6360 6369 0
5376 5484 6600 0
5377 5450 5485 0
5377 5450 5916 0
5377 5916 6565 0
5378 6103 6559 0
5378 6103 6561 0
5380 5450 6744 0
5380 5899 5909 0
5380 5909 6679 0
5380 6679 6744 0
5381 5485 5499 0
5382 5451 5499 0
5382 5486 6746 0
5382 5499 6746 0
5383 5384 5503 0
5383 5459 5503 0
5383 5459 6367 0
5384 5488 5503 0
5385 5386 5487 0
5385 5457 5500 0
5385 5487 5500 0
5386 5456 5487 0
5387 5454 5488 0
5389 5507 6150 0
5390 5459 5502 0
5394 5396 5461 0
5395 5396 5462 0
5398 5404 5405 0
5398 5405 6370 0
5401 5402 5464 0
5402 5464 5465 0
5407 5411 5466 0
5409 5410 5467 0
5412 5414 5468 0
5412 5468 6109 0
5413 5468 6109 0
5415 5473 5475 0
5416 5472 5473 0
5416 5473 5505 0
5416 5493 5505 0
5417 5474 5505 0
5418 5476 5477 0
5421 5424 6743 0
5421 6675 6743 0
5426 5428 6436 0
5426 5482 6436 0
5427 5428 6436 0
5427 5514 5515 0
5427 5514 6436 0
5427 5515 6591 0
5427 6590 6591 0
5429 5496 6147 0
5429 5496 6164 0
5436 5848 6326 0
5440 5441 6566 0
5441 5442 6566 0
5443 5915 6559 0
5443 6103 6358 0
5443 6103 6559 0
5444 5446 6359 0
5445 5448 5498 0
5446 5447 6360 0
5447 6360 6554 0
5448 5484 6600 0
5448 5498 6600 0
5449 6103 6357 0
5449 6103 6561 0
5449 6560 6561 0
5450 5485 6745 0
5450 5916 6701 0
5450 6744 6745 0
5452 5453 5489 0
5452 5487 5489 0
5453 5454 5490 0
5453 5489 5490 0
5454 5488 5504 0
5454 5490 5504 0
5455 5490 5504 0
5455 5490 5512 0
5455 5491 5504 0
5455 5491 5510 0
5455 5510 5511 0
5455 5511 5512 0
5457 5500 5509 0
5459 5491 5502 0
5459 5491 5503 0
5460 5507 5513 0
5460 5507 6150 0
5460 5513 6151 0
5472 5473 5475 0
5474 5493 5505 0
5479 6736 6739 0
5480 5481 5494 0
5482 5514 6436 0
5485 5499 6746 0
5485 6745 6746 0
5486 6679 6744 0
5486 6744 6745 0
5486 6745 6746 0
5487 5489 5500 0
5488 5503 5504 0
5489 5490 5512 0
5489 5500 5512 0
5491 5501 5502 0
5491 5501 5510 0
5491 5503 5504 0
5495 5515 6102 0
5495 6102 6174 0
5498 6600 6755 0
5500 5509 5512 0
5501 5506 5510 0
5506 5510 5513 0
5506 5513 6151 0
5507 5508 5513 0
5508 5509 5511 0
5508 5511 5513 0
5509 5511 5512 0
5510 5511 5513 0
5515 6102 6591 0
5523 5550 5933 0
5524 5537 5539 0
5527 5540 6702 0
5535 6028 6167 0
5537 5538 6613 0
5538 5942 6613 0
5540 6194 6702 0
5541 5575 5625 0
5545 5594 5980 0
5546 5595 5597 0
5547 5633 5703 0
5547 5700 5703 0
5547 5700 5963 0
5549 5921 5943 0
5551 6231 6264 0
5553 5555 5652 0
5559 5696 5697 0
5559 5696 5945 0
5561 5562 5633 0
5565 5566 5655 0
5567 5568 5946 0
5567 5568 6152 0
5567 5654 5946 0
5567 5654 5947 0
5568 5726 5797 0
5568 5726 5946 0
5569 6004 6005 0
5569 6004 6168 0
5570 5842 5843 0
5577 5728 5935 0
5580 5582 5949 0
5580 5582 6592 0
5588 5737 5738 0
5588 5737 5950 0
5589 5737 5950 0
5590 5614 5952 0
5591 5592 5613 0
5591 5613 5614 0
5592 5613 5619 0
5593 5596 5993 0
5593 5710 5779 0
5593 5710 5979 0
5593 5779 5993 0
5594 5597 5993 0
5594 5779 5980 0
5594 5779 5993 0
5595 5699 5963 0
5596 5600 5601 0
5598 5605 5965 0
5598 5605 6437 0
5599 5600 5601 0
5599 5600 5676 0
5599 5601 5951 0
5599 5634 5951 0
5599 5634 5960 0
5599 5676 5960 0
5601 5699 5951 0
5602 5634 5957 0
5602 5634 5960 0
5602 5667 5957 0
5602 5673 5960 0
5603 5674 5675 0
5604 5673 6698 0
5605 5606 6597 0
5605 5965 5966 0
5606 6441 6597 0
5608 5609 5611 0
5608 5609 5677 0
5612 5615 5953 0
5612 5678 5746 0
5614 5952 5953 0
5615 5743 5952 0
5615 5743 5954 0
5615 5938 5954 0
5615 5952 5953 0
5617 5670 5671 0
5617 5750 5962 0
5619 5745 5746 0
5621 5692 5955 0
5621 5762 5955 0
5626 5628 6438 0
5626 5629 5956 0
5627 5628 6438 0
5630 5632 5698 0
5635 5636 5920 0
5635 5714 5920 0
5635 5714 5964 0
5636 5920 6226 0
5636 6226 6301 0
5637 6225 6226 0
5637 6226 6301 0
5637 6300 6301 0
5639 5642 5968 0
5640 5846 6760 0
5642 5717 5968 0
5643 5936 5991 0
5644 5715 5888 0
5644 5715 5991 0
5645 6229 6230 0
5653 5794 6758 0
5654 5946 6439 0
5655 5726 5946 0
5656 5958 6237 0
5656 6237 6238 0
5659 6276 6277 0
5660 5732 6206 0
5660 5732 6513 0
5660 5925 6440 0
5667 5668 5701 0
5667 5668 5922 0
5667 5701 5957 0
5668 5701 5959 0
5669 5671 5672 0
5673 5674 6698 0
5680 6442 6706 0
5683 5684 5685 0
5685 5759 5973 0
5688 5689 5756 0
5688 5756 5832 0
5690 5691 5757 0
5691 5692 6767 0
5691 5757 5829 0
5691 5829 6767 0
5694 5765 5974 0
5695 5975 6768 0
5697 5767 6768 0
5699 5951 5963 0
5700 5702 5703 0
5700 5951 5963 0
5701 5702 5957 0
5705 5707 5708 0
5705 5841 5926 0
5709 5843 5844 0
5710 5711 5779 0
5710 5979 6443 0
5712 5713 5845 0
5713 5845 6156 0
5713 5964 6156 0
5714 5770 5964 0
5714 5770 6075 0
5715 5787 5888 0
5715 5787 5987 0
5715 5936 5991 0
5716 5717 5968 0
5716 5967 5968 0
5722 5723 6699 0
5725 5797 5937 0
5741 6725 6727 0
5743 5954 5983 0
5743 5971 5983 0
5748 5819 5821 0
5750 5824 5962 0
5753 5825 6759 0
5755 5831 5832 0
5757 5829 5830 0
5758 5760 5875 0
5758 5874 5875 0
5761 6263 6322 0
5767 5768 5975 0
5767 5975 6768 0
5768 5836 5975 0
5770 5964 6156 0
5776 5778 5979 0
5778 5979 6443 0
5781 5889 5981 0
5784 5786 6595 0
5785 6327 6328 0
5786 6595 6596 0
5787 5854 5856 0
5787 5854 5987 0
5787 5856 5888 0
5788 5853 5856 0
5788 5855 5989 0
5788 5856 5989 0
5792 5793 6063 0
5794 5908 6761 0
5794 6758 6761 0
5795 5796 5924 0
5795 5862 5924 0
5816 5817 5818 0
5816 5817 5930 0
5816 5930 6342 0
5821 5873 5994 0
5823 5938 5954 0
5823 5954 5983 0
5827 6731 6742 0
5827 6741 6742 0
5844 5845 6156 0
5847 5985 6348 0
5851 5852 5903 0
5853 6595 6610 0
5854 5856 5989 0
5854 5887 5989 0
5864 5895 5896 0
5868 5939 5988 0
5870 5871 6341 0
5870 6340 6341 0
5871 6101 6173 0
5871 6101 6341 0
5880 5885 6444 0
5881 5882 5883 0
5882 5883 5884 0
5882 5884 6466 0
5907 5908 6761 0
5910 5911 6700 0
5910 6084 6747 0
5910 6700 6747 0
5911 6368 6700 0
5916 6701 6705 0
5919 6262 6297 0
5919 6296 6297 0
5958 6202 6237 0
5990 6467 6611 0
5999 6001 6024 0
6008 6321 6396 0
6029 6651 6652 0
6032 6105 6111 0
6048 6149 6390 0
6048 6169 6390 0
6050 6120 6125 0
6050 6313 6413 0
6066 6079 6080 0
6079 6543 6544 0
6088 6267 6268 0
6089 6145 6181 0
6089 6160 6181 0
6092 6352 6672 0
6095 6346 6548 0
6095 6346 6661 0
6101 6173 6557 0
6103 6357 6358 0
6104 6314 6770 0
6186 6198 6227 0
6196 6197 6198 0
6196 6198 6227 0
6218 6255 6287 0
6220 6419 6477 0
6237 6238 6364 0
6247 6280 6380 0
6285 6388 6429 0
6286 6725 6726 0
6300 6301 6474 0
6309 6634 6636 0
6313 6379 6413 0
6339 6355 6556 0
6353 6430 6478 0
6360 6369 6554 0
6369 6553 6554 0
6385 6406 6420 0
6406 6407 6420 0
6430 6431 6478 0
6447 6569 6571 0
6482 6526 6656 0
6504 6569 6571 0
6526 6656 6665 0
6533 6546 6547 0
6546 6547 6560 0
6547 6560 6618 0
6590 6591 6603 0
6595 6596 6610 0
6620 6686 6709 0
6655 6710 6711 0
6667 6689 6690 0
6673 6677 6712 0
6677 6681 6712 0

End
