MeshVersionFormatted 1

Dimension
2

Vertices
3146
0.0 0.0 1
1.0 0.0 1
1.0 1.0 1
0.0 1.0 1
0.5 0.0 1
1.0 0.5 1
0.5 1.0 1
0.24573299608580404 0.5053679612404172 0
0.0 0.5 1
0.0 0.75 1
0.25 1.0 1
0.5275691645339111 0.6848632180493736 0
0.7523185068699907 0.343072151689917 0
0.6711090618048575 0.45628580417547865 0
1.0 0.25 1
1.0 0.375 1
0.6524296611158598 0.29243497316982536 0
0.75 0.0 1
0.625 0.0 1
0.697727297199285 0.14499885182352745 0
0.3585021258594258 0.3560524178743871 0
0.25 0.0 1
0.38077523415815456 0.20375208760395805 0
0.35919500031640045 0.47951109365248235 0
0.75 1.0 1
0.625 1.0 1
0.375 1.0 1
0.4346538623380189 0.8895353317991139 0
0.12608045048652897 0.8886563282643369 0
0.125 1.0 1
0.0 0.25 1
0.305004202648281 0.27233571227376446 0
0.11053030118174108 0.38906639589672987 0
0.0 0.375 1
0.13513236297709494 0.5075665453922914 0
0.0 0.625 1
0.125 0.0 1
0.0 0.125 1
0.24863579603936184 0.1526730330070102 0
0.17711121520268366 0.08101753568114675 0
0.48367333270543356 0.12741183826124516 0
0.375 0.0 1
0.5898771025438232 0.15799864107825473 0
1.0 0.125 1
0.875 0.0 1
1.0 0.75 1
1.0 0.625 1
0.9014620629262577 0.7744314836525432 0
1.0 0.875 1
0.875 1.0 1
0.0 0.875 1
0.48329068210683646 0.5385196180693458 0
0.5960695131341659 0.5674807682475695 0
0.7102370530167567 0.3967746711740137 0
0.7373434014119358 0.45631475569526736 0
1.0 0.4351855739713241 1
1.0 0.3175872825181464 1
0.8182653119781211 0.37069863030376704 0
0.9381986106982027 0.3861308802769072 0
0.6178515153206123 0.4212428458125022 0
0.6043351542251213 0.33269645573572343 0
0.6909011004228743 0.0 1
0.5656251298220294 0.0 1
0.6707918934160165 0.2215316238882762 0
0.651167870788696 0.05911694355602463 0
0.3032407466491634 0.47364691804290476 0
0.38308327673143405 0.5278446059589605 0
0.3713907053863746 0.4247280561876448 0
0.5702193444638652 1.0 1
0.6844643651908503 1.0 1
0.4182325736683118 0.7686887845395637 0
0.3060780178376096 1.0 1
0.43745184089262246 1.0 1
0.4089494474547911 0.9413379058474549 0
0.4077207225671831 0.8256343088763684 0
0.3200436693107651 0.818367285971409 0
0.3651573833983971 0.8804712697562443 0
0.041968648960440204 0.9673721938670398 0
0.05074104173686665 1.0 1
0.19396962903757659 1.0 1
0.22170956679583748 0.9552320879781487 0
0.16463454834518657 0.8884854792807865 0
0.3363934378939918 0.23387944790351783 0
0.24949140253303498 0.4279206216210951 0
0.0 0.31569293933310777 1
0.0 0.4353313697969642 1
0.050589418242548936 0.5157551698141227 0
0.13898656617001712 0.5576726571003637 0
0.0 0.5608788471598606 1
0.0 0.6803282756948081 1
0.18548067492279116 0.0 1
0.051776695296636886 0.0 1
0.12033138555493833 0.06371991873640849 0
0.0 0.05709829789213189 1
0.0 0.18988238112586003 1
0.30485754686175587 0.18296167086164955 0
0.24477659774196836 0.07983235342427944 0
0.1501138585933028 0.02493519853896934 0
0.20146131826822905 0.11524535155503733 0
0.49564871430362706 0.052187083539186066 0
0.5011075991505882 0.2015234806301177 0
0.4283916016139061 0.16805307124453514 0
0.42923978862492607 0.0 1
0.322735828509493 0.0 1
0.2943685088580173 0.11039039343284547 0
0.34200746236667884 0.03327855008128644 0
0.3650091539432931 0.15301153942084433 0
0.6369024476812478 0.14928570646918096 0
0.5589402023671777 0.20809501022221236 0
0.5391598211729328 0.14611084367066043 0
0.5995934445483599 0.030093388142529286 0
0.5047928541743187 0.01767863122416701 0
0.568798064770855 0.1085897269462512 0
0.9447241935966286 0.19035095945513708 0
0.8637636885593556 0.20504808156661467 0
0.9489133309955691 0.48541559652157146 0
1.0 0.182569063326372 1
1.0 0.05592181074350932 1
0.9428573867094294 0.0 1
0.8172328050629817 0.0 1
1.0 0.680957614518151 1
1.0 0.5611827550150407 1
0.9662875129994168 0.7650161654412639 0
1.0 0.9419156284054424 1
1.0 0.8080843715945576 1
0.619826080240132 0.9445924679077894 0
0.8103507306753324 1.0 1
0.8828163055498105 0.892913750568952 0
0.0 0.94721199787026 1
0.06701341135578213 0.8872619510985893 0
0.5032846189521114 0.5117313202466671 0
0.4369836068734576 0.567413821293651 0
0.5731307354766391 0.539143480723105 0
0.57784164284687 0.5730306509634313 0
0.622454450981052 0.5857002602657585 0
0.7325181599377749 0.36596564917227914 0
0.7615270932160109 0.37913520943093226 0
0.7263972582299467 0.42282717792426905 0
0.7741858414395066 0.4466297967240084 0
0.7067181281434771 0.44641879726881445 0
1.0 0.46697032640587577 1
1.0 0.40455605106151044 1
1.0 0.3473687212024189 1
1.0 0.28528326356935696 1
0.8023529161415113 0.37874497648987016 0
0.9736278336639191 0.356954935348248 0
0.9076159123144321 0.37846265261845036 0
0.9687172770785818 0.3888156874226274 0
0.6711060875417232 0.472918683253902 0
0.6656465481681835 0.38919514447185244 0
0.5277214295174493 0.28200928136781656 0
0.7258975684537738 0.32156374422230954 0
0.7426393220950565 0.25257309128154626 0
0.6874932164415817 0.30445546313282884 0
0.7098924039816494 0.34977038977918 0
0.5772885275252632 0.3619668239999435 0
0.6180731558165311 0.3801663758723622 0
0.6294723857371365 0.3127150862035193 0
0.6186028472553391 0.2833960489604258 0
0.7212113869191769 0.0 1
0.6588965578338245 0.0 1
0.5960181248756121 0.0 1
0.5336744528671089 0.0 1
0.6714005763667532 0.18276822072484375 0
0.6294647346032242 0.18288175154508052 0
0.6639390210581686 0.2478850927556415 0
0.6038117599805258 0.07209449455821466 0
0.6735791481941793 0.08343393733908752 0
0.6702743847783482 0.02376303917075709 0
0.6926914283932397 0.06761444473185148 0
0.7655319993729858 0.023074760681074672 0
0.714509695685367 0.0944391092661791 0
0.4838855839994163 0.49579635007045186 0
0.5305882912530672 0.4871646844274705 0
0.3929861022965017 0.3712859138890542 0
0.4271923702678654 0.2132908539339323 0
0.47030393654728175 0.24823607573065998 0
0.2774608289610931 0.4920403554548342 0
0.3796629494838191 0.5606417104720195 0
0.3724502794543167 0.38716358259647365 0
0.30894665323192927 0.3999782270010939 0
0.40145068448406807 0.39948869010207516 0
0.3881902646586213 0.4670542449705752 0
0.538831144898358 0.5251976997750863 0
0.5557433285629126 0.5661652848200668 0
0.5845571425930173 0.5527320688602435 0
0.5530170262333355 0.6848114174960609 0
0.5764164017129555 0.6684312940610116 0
0.5437978924741463 0.9053352018809219 0
0.47456755163639786 0.909519149056985 0
0.5375541931035247 1.0 1
0.5990983808833508 1.0 1
0.6540447857521069 1.0 1
0.7163972866115312 1.0 1
0.5495762783498291 0.7028886054092872 0
0.5176045047474913 0.7042928857308423 0
0.3850799287988287 0.7568543485642787 0
0.276742844222996 1.0 1
0.3385818214167422 1.0 1
0.3072543655053606 0.9386587955363235 0
0.40621389921493 1.0 1
0.46871386210613236 1.0 1
0.45981854729296945 0.8770841780331792 0
0.5110809152653065 0.8456384113214508 0
0.38555068946477405 0.9711775483282385 0
0.423104221971699 0.9732819124196426 0
0.4140650183089343 0.9130687461823161 0
0.38818015897518104 0.7882849545493017 0
0.4222025796593776 0.8571475038288663 0
0.41238560997892304 0.7955235530755741 0
0.36394663443579994 0.815888161963476 0
0.40437446260272386 0.8826618128039241 0
0.381570528316906 0.8524003904615135 0
0.3214548093539569 0.8746388581839356 0
0.2884500949759561 0.8376948911628963 0
0.2975331447021706 0.8181560088560311 0
0.3249249352059977 0.7839510348601509 0
0.32429572097647236 0.7669909400601529 0
0.3753003124555113 0.6080867727873425 0
0.3611027589937648 0.7120988897408764 0
0.01922050769821127 0.9810517361691788 0
0.07786254043092124 0.9759222680345995 0
0.023413440573485385 1.0 1
0.08368832476078741 1.0 1
0.03944194012788551 0.9863082569160404 0
0.16145931975973965 1.0 1
0.22328843455273878 1.0 1
0.11361258387376669 0.9682276623693136 0
0.12263602320756781 0.903930522976666 0
0.07591400823383823 0.9447483034513589 0
0.24773155958499107 0.9670186899744557 0
0.24029549947450715 0.8894778522227869 0
0.2659472750667857 0.8436844126400592 0
0.15244359520615625 0.9158945968929552 0
0.32401513483643085 0.30452369782456123 0
0.3140074256181207 0.25696152868271205 0
0.3383891756997934 0.27601659594761935 0
0.25503619292966373 0.21673619986196568 0
0.2484096580684657 0.47294481595294174 0
0.283132224175409 0.4593967853303655 0
0.2841614737208264 0.29979954718350355 0
0.06823807443347059 0.4179668363139794 0
0.023834078482954598 0.4808744383998982 0
0.21435934595922604 0.39982889713212727 0
0.0 0.2837289027056485 1
0.0 0.3460657140877257 1
0.0 0.40466034266197004 1
0.0 0.4670850802633858 1
0.02148254269594686 0.44914864663554777 0
0.15046310320072562 0.41802918794491634 0
0.06924682029459624 0.4471608490438314 0
0.028402237415576907 0.501193367758951 0
0.21358606242765504 0.5030366171713635 0
0.13756034948908444 0.5316919522070548 0
0.22318409139020473 0.535659127439087 0
0.201621780010328 0.5396789659241359 0
0.024532046523027876 0.7288686426885704 0
0.07476088915552893 0.5453291313890819 0
0.0 0.5300548219775231 1
0.0 0.5925127670798404 1
0.0 0.6512540752609122 1
0.0 0.7129293468146713 1
0.12487756223702351 0.2628193278856142 0
0.2172022204214263 0.0 1
0.08468464579764841 0.0 1
0.024033325168487215 0.0 1
0.019151922951387967 0.2648560675532806 0
0.12227745421268163 0.0359200125919174 0
0.07683328352671916 0.03705285744544607 0
0.1543397412899598 0.0681152753484573 0
0.0 0.02741983389689685 1
0.0 0.0894524013519575 1
0.0 0.15808328443766684 1
0.0 0.2204924506297515 1
0.018409553552841466 0.20617391047741843 0
0.02770859091820818 0.11204507560748866 0
0.2776368397914704 0.16736520694579493 0
0.2417688037371991 0.11772807873057857 0
0.2095790041113091 0.07945739982968676 0
0.13046154981835678 0.04960073575944259 0
0.19876278718157378 0.1010471339272504 0
0.1763427925209909 0.10869893944948153 0
0.4848125946665431 0.08977021817110231 0
0.5184239927579891 0.07142105127289103 0
0.4838648052553927 0.15891968548931124 0
0.40260082887740534 0.18909940272999112 0
0.4575881168794579 0.14538877475110182 0
0.46196236185589834 0.0 1
0.4005572010498407 0.0 1
0.35067072202107497 0.0 1
0.2898544382440495 0.0 1
0.316973822871837 0.0997874173905352 0
0.2750029442995129 0.1347936902981428 0
0.30587493518194764 0.14645292403861357 0
0.3583718837423597 0.018191845602474735 0
0.33868799133907906 0.01491961749232974 0
0.3455532183852868 0.05468197718289652 0
0.38085004648115395 0.17904937226674741 0
0.5407379051999958 0.23088224550293474 0
0.5727016302280534 0.23281102126253375 0
0.574341457581301 0.18353665997759006 0
0.5122926911911626 0.13127125570394724 0
0.5234513802572685 0.17587413724535914 0
0.5887400804995369 0.04444681514692023 0
0.6101242746159282 0.016030568279581724 0
0.5509695930169235 0.012181936969962942 0
0.5449918763010059 0.05212155098079214 0
0.5123348140643402 0.03725524846676744 0
0.5783267904573844 0.128661460228369 0
0.6035171015876534 0.1382331399910303 0
0.5676424898919664 0.08458896995770696 0
0.5526056409388059 0.12539117301691383 0
0.2569064685820869 0.5185642501758463 0
0.31513010706136413 0.636582515039011 0
0.9002158574663546 0.15270608221824697 0
0.9014391408982492 0.23062171023981354 0
0.7862265177165586 0.3181976173628197 0
0.8165999114040834 0.32910865523174154 0
0.8591929136988149 0.16705642671395962 0
0.6944207721029495 0.2028810951062503 0
0.8006047716896981 0.16702233806205946 0
0.8498336236221518 0.18913304666959568 0
0.8467404708214428 0.23848938508999198 0
0.820833246478089 0.2664848212809807 0
0.9625098477746519 0.522171002512103 0
0.9755344161080834 0.47828734363022396 0
0.9781277984512716 0.4511021346519173 0
0.5183706345799072 0.6610173067148595 0
0.46188335021143545 0.6784475595669806 0
1.0 0.21484749415985227 1
1.0 0.15273692228227292 1
0.9723001476745196 0.20239560234353463 0
1.0 0.08844677934231611 1
0.9675159391355136 0.10586146636718977 0
0.9434554196477083 0.14846860843971915 0
0.9105102307403998 0.0 1
0.9698176101786136 0.03431293040427207 0
0.8471287169432345 0.0 1
0.7849874492807184 0.0 1
0.8434499363015532 0.03295701633854598 0
0.1428194058786511 0.8637178075571789 0
0.12233391064520209 0.8583191303384371 0
0.9302647363921659 0.7425244160837886 0
0.9768821866771263 0.7299054777609904 0
0.7592399235091292 0.7198219786728597 0
1.0 0.7134777735300719 1
1.0 0.6516638601949271 1
0.9625566248952514 0.6916832507477423 0
1.0 0.5927480013140757 1
1.0 0.5302757655183871 1
0.9760441042210873 0.6040817919103145 0
0.7445645416873696 0.8918757687534077 0
0.931819403879189 0.7699049769468926 0
0.9853459480971657 0.7509494289756612 0
0.9473390911336401 0.7406071946851122 0
0.9024007360345582 0.748011024700896 0
0.8905799277327092 0.7974053784456939 0
1.0 0.9097247192613686 1
0.958689552853893 0.9363520054377132 0
1.0 0.8402752807386314 1
1.0 0.7780875038065644 1
0.9872428292432337 0.7863251182986187 0
0.6029126080041165 0.718408270649759 0
0.6107715801496992 0.9728004461605134 0
0.578733950284041 0.859722598289838 0
0.6854115328849781 0.8717066828450257 0
0.6664060057801148 0.8602288398718169 0
0.6376786234945121 0.8887926251289411 0
0.7796742159252739 1.0 1
0.7957033162857378 0.9799508921221707 0
0.904374445035513 1.0 1
0.9294659493146883 0.9092786243150378 0
0.91865734931778 0.8607907635389902 0
0.9047379843023425 0.9406446320332715 0
0.8872430373187051 0.9340367847855553 0
0.8958622566625537 0.9100491312137614 0
0.0 0.7828677822217521 1
0.0 0.8452966291224103 1
0.019538936564626186 0.7896474324540872 0
0.0 0.9143647900489257 1
0.0 0.9753496466059951 1
0.06633642451204892 0.927893053088013 0
0.03349837200290414 0.8875940343501397 0
0.09842644218414486 0.8854723730316435 0
0.08563563377231756 0.8542283750229307 0
0.4992749709088848 0.5332459876314173 0
0.5255143075594998 0.5091309159548949 0
0.46567944185212934 0.5469177391397313 0
0.4177270720453965 0.5651864777191519 0
0.5419446803011082 0.5880017642011894 0
0.5417757282004536 0.5596075027923639 0
0.5131777406858269 0.5471749679881363 0
0.4954629244408072 0.5505268299832446 0
0.7160192805033684 0.7151969601672994 0
0.5598256617347245 0.5231841281672476 0
0.6124987903226478 0.5684254257181176 0
0.6556851257025177 0.478824537176815 0
0.6444182286389531 0.46566847044981374 0
0.5726072073831208 0.5038741583490529 0
0.5776466427613605 0.5220343536825987 0
0.5932017534145066 0.5341569136873207 0
0.5918633662446953 0.49786552420884533 0
0.7235502030160029 0.38113117608615676 0
0.7461532330422024 0.35713611359855607 0
0.6769398830230839 0.438140056988005 0
0.7827353538764619 0.4369902525302892 0
0.7570012119101662 0.39707205888818575 0
0.762967794059905 0.35821733826208113 0
0.7485614688940927 0.3692248795690886 0
0.7410171598445155 0.40251997980112064 0
0.7537426960636382 0.4158150760566222 0
0.7429786715792199 0.38361850666152836 0
0.7338140383249628 0.43698244292595056 0
0.7097562893589672 0.4159346479438288 0
0.7538661543640277 0.446524688399907 0
0.6968684384402858 0.4323288916987469 0
0.721588780893017 0.4488732886501211 0
0.6894780915484846 0.45015711130201724 0
0.7010081758132576 0.4609629116880699 0
0.7542171249697984 0.4634694292351769 0
0.7378689012572229 0.4795829791791941 0
0.8182892771299823 0.5320656640483947 0
0.7503053147891298 0.500020568341215 0
0.9311068417550539 0.2996229544547796 0
0.8011920751850706 0.3602267105401628 0
0.7685746351169788 0.3383841157464365 0
0.7828997752320562 0.3497597343491832 0
0.775201107903781 0.39223546244453933 0
0.887249045630934 0.3654898637436309 0
0.892351021067807 0.40339322518727655 0
0.8005076661484195 0.43594298879262955 0
0.7870556543386389 0.4223166402281137 0
0.8540925757984952 0.3842791991175567 0
0.8134366462278466 0.3860606663556163 0
0.6831274093640853 0.476596690338456 0
0.5388076416225883 0.4359392759236082 0
0.5378593480700266 0.4618153153108888 0
0.5476097373065664 0.5047184769125765 0
0.5643730632026847 0.4526733442730129 0
0.5802752292104144 0.47793075602581536 0
0.5605076072357239 0.39665735081407877 0
0.5801418060093277 0.405778953907753 0
0.6299249812765026 0.4322688980907385 0
0.6971480853980261 0.3904495680603473 0
0.6628804348284422 0.42430646459948673 0
0.5352557702069579 0.3028684975429102 0
0.5444877926427404 0.3259261794865366 0
0.7128874252588501 0.3104879614091537 0
0.7384191330833894 0.33165011108344367 0
0.7285587938177451 0.28926856202996065 0
0.7835686513965701 0.28685841615700014 0
0.7068016895074783 0.2398820705087196 0
0.6641862228376769 0.29861973320472834 0
0.7157728795634235 0.36550334543310153 0
0.7103883385514107 0.32626359215902717 0
0.5964578797241165 0.34944587628515295 0
0.5584421827018843 0.34846454955713335 0
0.5596367834469483 0.37256579326068806 0
0.6120142170910966 0.3605175238011891 0
0.5969246135912233 0.3719109069152589 0
0.6002400988676815 0.39399190771506376 0
0.6171089636234598 0.4031032381001361 0
0.6536734906488977 0.3058297519947473 0
0.6173018398810657 0.32379362573272263 0
0.6399674634208741 0.3027620017458654 0
0.5880331806761363 0.33013425118077067 0
0.5928441448634911 0.29577626516753797 0
0.5429074102015868 0.26064876914578217 0
0.5595257491470074 0.2654260925424213 0
0.6029292628492151 0.28008671451796874 0
0.6244827076027287 0.29998202082845415 0
0.6368311876601014 0.29032131845061565 0
0.5903656811914487 0.014876012696689792 0
0.5170642051616521 0.0 1
0.6749379324976826 0.20222947545088363 0
0.6879022960317984 0.16064388510235753 0
0.6572050060813288 0.14776055989225814 0
0.6328388304180692 0.1676646498610695 0
0.605855703217889 0.1796333492682124 0
0.6351617310497326 0.27253268128868874 0
0.6564255649751117 0.22789268509403562 0
0.6497591034997204 0.2771739323818609 0
0.6653003950399844 0.2822829462443269 0
0.6435689341223018 0.017870124834883233 0
0.6430633703887154 0.04527915643501771 0
0.6255767573407041 0.017879438091998462 0
0.6185095237920296 0.03130013253021907 0
0.6078305147159825 0.046222851649278245 0
0.6345552243945453 0.062270735229542136 0
0.5832042504160431 0.06552722246536634 0
0.5858425736258593 0.08027278017535583 0
0.6552053707487289 0.11660076665470137 0
0.6587330361622172 0.07270665600395643 0
0.6830857210816742 0.10445754696513987 0
0.650777668689538 0.0321429630327968 0
0.6620389517171886 0.04420929267528724 0
0.7109572046410881 0.05267360838767959 0
0.670744757185223 0.06109351554165519 0
0.696174434035523 0.0892034831325322 0
0.7026830280775654 0.10866442955142917 0
0.4842692368679515 0.5184505527617845 0
0.5096120571352926 0.49025523451071984 0
0.5132783627367656 0.4480841475910709 0
0.5371593323939998 0.409264019598648 0
0.407890119015621 0.3813401263574865 0
0.4576777679968278 0.4217717673353635 0
0.4909507353175256 0.2851921587982801 0
0.519517965351284 0.2616852395715038 0
0.3820484521208453 0.3578246149740716 0
0.4789835706979018 0.4076404121989698 0
0.5081020717950198 0.3948053173934708 0
0.4789878128539943 0.38188561944294813 0
0.45210559273746204 0.3952987035555893 0
0.4312175445729307 0.37078279295961614 0
0.4693933627313914 0.22708719415771234 0
0.3965216985250624 0.20304082128989984 0
0.4903392429253787 0.235711744438349 0
0.31906476341031415 0.4744496474540816 0
0.34492128505289765 0.4780356531339292 0
0.2927985482590969 0.4845635937061944 0
0.2602836455462061 0.4997487787631483 0
0.2747772965446887 0.5122421322823749 0
0.3105847031409137 0.4898717816973806 0
0.2878135175766282 0.5211228298925799 0
0.36505386121649464 0.5340041782228676 0
0.3672379293234082 0.5153403459133128 0
0.36771120960940823 0.4955665129770606 0
0.38410777089920806 0.5086414713815405 0
0.3721264897200294 0.5800449570287683 0
0.3770694887299733 0.5447118549217548 0
0.3891925437660614 0.5798961611132211 0
0.380808397915956 0.3751268666401025 0
0.3715239739931842 0.40760369765607135 0
0.36845917036434334 0.3701677348223418 0
0.33881231752987623 0.4164891112906147 0
0.26495697567277887 0.3897212929171827 0
0.3491009660389771 0.46369283859059324 0
0.37044406704033067 0.4397095471642523 0
0.368627512167087 0.4656428244356274 0
0.3844408245669462 0.3983024274030756 0
0.3897058475789139 0.41712647026002647 0
0.4021477717644487 0.43608152596139044 0
0.3849904199126587 0.4361158174138497 0
0.37750935004005975 0.4509521730183531 0
0.4304135005307367 0.4537663116593554 0
0.46473435179330963 0.44165492373082044 0
0.41005586409427996 0.4559807112041974 0
0.37346972417812563 0.479347323427108 0
0.5551280127252849 0.6330781934592076 0
0.558959531639844 0.6156321342299894 0
0.5472885516854894 0.6453102548912508 0
0.5381667336669306 0.6756416776494337 0
0.5575778058269621 0.5860189368695764 0
0.5685738078629207 0.5554204197550036 0
0.6295568340154959 0.600746463340292 0
0.6145526746289937 0.6035574392405068 0
0.5784007054584671 0.5952363863163173 0
0.563470688236293 0.6022588364806057 0
0.6495747090074239 0.7027273587596943 0
0.6925695687802981 0.7259698186600716 0
0.6749337668062031 0.6818699470210873 0
0.668094377534198 0.6961585967350067 0
0.670679038078324 0.7150969818607764 0
0.5708837331736374 0.6845601381254136 0
0.6047231098660195 0.6791851698504359 0
0.5612192019253275 0.6636460751487384 0
0.5619171728268718 0.6731710241711694 0
0.5463802432402682 0.6588451423149096 0
0.6295843414778639 0.6420988321902273 0
0.627338801187447 0.6198360739128748 0
0.5831894745096527 0.6533697043034061 0
0.6206654059973234 0.6761381355060677 0
0.6272280490376742 0.6584230216792585 0
0.6344954044425393 0.6883835023032967 0
0.5181309457014914 0.8826847463719647 0
0.4807744964359617 0.8943188224434437 0
0.5069829499449187 0.9229588619398426 0
0.45117296090932363 0.8910167035917139 0
0.4982059337927045 0.9459750909316605 0
0.5065592202554153 0.9804665087546661 0
0.5838151950050394 0.9073392408735946 0
0.5194770981316156 1.0 1
0.5302123034276724 0.9750714658167017 0
0.5270696213070237 0.722592160135745 0
0.5651231481105395 0.6974048247257594 0
0.5388843805193344 0.6922422512751334 0
0.5064213837758558 0.719946570246734 0
0.5340214561078107 0.7053563600919442 0
0.47181832898312037 0.7588343913458879 0
0.43484033854781223 0.7683350126057743 0
0.5101800507145203 0.7765069130906248 0
0.48760303299864494 0.7492276289332107 0
0.35624403285531264 1.0 1
0.3394325698109703 0.9023405957333086 0
0.26710517944449186 0.9519942436252576 0
0.2633370964241918 0.933606687768577 0
0.28687025978476427 0.900730165772153 0
0.39060394661300607 1.0 1
0.42182986243143106 1.0 1
0.4766500372934828 0.8797037186794253 0
0.4438707106690091 0.8764169781523357 0
0.5065616588615481 0.8655467460894065 0
0.5079228106987301 0.8115733309220483 0
0.4953132779455824 0.8516649361174313 0
0.3988649545914156 0.9557695523769152 0
0.38291704984155567 0.9880025293788417 0
0.3970968608107126 0.9866126676238133 0
0.4184226187755007 0.9571133968773641 0
0.40656945969172953 0.971578691951559 0
0.41336659427783135 0.9866806867289939 0
0.4288941670507143 0.986861954982033 0
0.4452920545470006 0.9891111487688353 0
0.4405646585967715 0.9042967147167894 0
0.401742710205796 0.9254687082781564 0
0.42501205733418 0.9015295087121641 0
0.3858114496133809 0.776773757128124 0
0.3904602892472106 0.8075789636732307 0
0.40364877849851244 0.842179047670804 0
0.42820005583799836 0.8725028556848136 0
0.4360551478565174 0.8616319323705033 0
0.39535564540321205 0.7971444967896587 0
0.4121069101899632 0.7788027997115454 0
0.4028391032080023 0.8097462674096403 0
0.425885593497501 0.7824610741613611 0
0.3336592548131651 0.7984123173424713 0
0.3731750809077864 0.7854539091278553 0
0.3105551626329977 0.8361916521437017 0
0.3036154498211041 0.852521473322461 0
0.3696193973876772 0.827444921438562 0
0.3820079873916354 0.7987949546775714 0
0.3392268719105029 0.820205754352943 0
0.4074515556650328 0.8972265268090962 0
0.38036198950251726 0.8803252149278183 0
0.41280639003433445 0.8695989831259565 0
0.3617819481812532 0.8636831655054316 0
0.38447812048239777 0.8667239596248447 0
0.3891789175522732 0.8414928395095747 0
0.3756950087596863 0.8392389067042336 0
0.31624463146484216 0.8616378483904833 0
0.33819148591117604 0.875075229900045 0
0.3023956297564819 0.8728206520853545 0
0.38954725496581655 0.893317802127374 0
0.3868301814574329 0.9270626623285144 0
0.2869332887094787 0.7996802604394867 0
0.3103437026491487 0.7968892449348235 0
0.3377707204382591 0.7791968230766746 0
0.34205672101166523 0.7614731324529579 0
0.2787967758437456 0.7566124553104152 0
0.38166228214473863 0.593138846942224 0
0.33953317918239806 0.6385458461036889 0
0.35210954071267536 0.6603769221295805 0
0.3419882081313611 0.6995036845961405 0
0.34551067858249934 0.743837470934779 0
0.3375220059791578 0.7234770441720483 0
0.09113873607382728 0.9854378921414235 0
0.06536707264731263 0.9604674971060317 0
0.1030460078341041 1.0 1
0.14378186702022167 1.0 1
0.18045462583852923 0.9787538282504806 0
0.20544626906871052 0.9347706763405773 0
0.10896229298723514 0.9831623299042611 0
0.09202802202688 0.9419283168862495 0
0.27129109348554176 0.9764210257668726 0
0.2586824190303072 0.869038568018646 0
0.2719753725655443 0.8171288601821917 0
0.15223041805353202 0.8903417062369067 0
0.16037375161404252 0.9005620253153792 0
0.1331775897997579 0.9178702923629085 0
0.21756161935150292 0.9069800190081909 0
0.3294033784208405 0.3196672445530863 0
0.3129033910865281 0.2867730939456215 0
0.34376552203211647 0.33113845757775795 0
0.3382790938429475 0.3715193106988611 0
0.39335085038925305 0.33836271070255786 0
0.3543451489144167 0.33749499104685127 0
0.3273455228534904 0.24508545714160113 0
0.3287814984983076 0.28747300804026044 0
0.32282518971298696 0.2729488023208028 0
0.3320389585353822 0.2602907092292682 0
0.34427621865079383 0.2947266544949735 0
0.3468917948686198 0.2227846647639703 0
0.2534762691877508 0.2743960525754585 0
0.2909345592813045 0.271934761492305 0
0.23832846999870697 0.2473802112154885 0
0.25225416407821194 0.18415208436777566 0
0.28002508884517524 0.19665900754909707 0
0.2724809942239947 0.24699204182303364 0
0.23765703657917348 0.4253584975450562 0
0.2342207900215484 0.3986902366896333 0
0.261563119540138 0.4492004791774181 0
0.2429834558365699 0.48931419698647927 0
0.28355719639101756 0.4317117188966153 0
0.29045414165780653 0.47202927766441755 0
0.2727861650029002 0.44907718479217584 0
0.27840389752343203 0.4757092488121208 0
0.26541535403030964 0.4634280321225079 0
0.1972553822673149 0.2846500138183607 0
0.22007270461428383 0.2867231726485848 0
0.23907610201060944 0.355700781377296 0
0.2342873377771301 0.3066230307423312 0
0.2416355978789566 0.33154975056894226 0
0.2950617552391122 0.2856700451323834 0
0.28132489818842993 0.3305249597819271 0
0.30382894775083796 0.30275796666380295 0
0.2583377919586547 0.34653747172826976 0
0.2562018983961791 0.36237081639196356 0
0.3108032312212855 0.3213746521303957 0
0.2913809031481923 0.31615917107290215 0
0.04330609196166631 0.43134483486641784 0
0.09731521033287384 0.4128824101821142 0
0.034795529715971475 0.4007105575327766 0
0.2239932254329494 0.3778230677582285 0
0.21112792815955744 0.3584844871796184 0
0.2000335968540161 0.381289971954418 0
0.22050992814086715 0.32410748998471584 0
0.22571605184123553 0.4150200349143197 0
0.20858450314156862 0.4197470124775719 0
0.2256213833388267 0.43275354541331246 0
0.19031079153020627 0.4033230382536983 0
0.20122939948206148 0.4831299061281843 0
0.03181275997964974 0.2903271297893363 0
0.03059816775315347 0.32656552824270646 0
0.13591649639700942 0.4361605031511431 0
0.165080244536823 0.40385184193754414 0
0.14246728723377722 0.3901622140022073 0
0.11282719295710307 0.4968648946065704 0
0.11172835610410453 0.4345730165732035 0
0.12428516608905002 0.41294683634849616 0
0.08578245140427065 0.43286011925593865 0
0.09383064958989075 0.4535005627227152 0
0.047253403555596464 0.4605480127268971 0
0.09756445288310443 0.5075691892702554 0
0.07602691149702363 0.5071149649221399 0
0.23197988438853442 0.5041713635276602 0
0.19228009329804885 0.5045854656107732 0
0.18397487119708286 0.7005661051866877 0
0.2030027608268409 0.6843725740533998 0
0.2256647572350748 0.6668109513888035 0
0.20271268282911503 0.6254445843254955 0
0.2731715546136699 0.6541172011406418 0
0.16058344923762735 0.545016562570669 0
0.23885906258082026 0.5219421089336526 0
0.22303352718369737 0.5174469615851458 0
0.20582885572852536 0.5209762038321984 0
0.21118440852434314 0.5566482084929777 0
0.18237959116081198 0.527408181082928 0
0.18502532395853666 0.5560248000725497 0
0.22126516965308773 0.5792902904428701 0
0.06268329064034303 0.6196108266125091 0
0.04388077778024166 0.6461960402837277 0
0.0288633635181856 0.6969612377234327 0
0.11303132843790276 0.5203067271207235 0
0.0920542897160943 0.5590727894579933 0
0.06947214114070778 0.5292527024754664 0
0.0225818270430452 0.5510183674941496 0
0.11604337295062285 0.5453159467621276 0
0.08989987099508559 0.5832786281586596 0
0.15889511683998933 0.5948915869557757 0
0.15414594168737805 0.7006990094983273 0
0.16911913724050032 0.6525406249882817 0
0.09887439133554446 0.31731979345256206 0
0.1144049582302211 0.2887600107711998 0
0.07219102062923416 0.382590371887881 0
0.06061316333536375 0.30533186945297563 0
0.10103138005613366 0.35804206496895663 0
0.2334620458403721 0.0 1
0.20121135994170294 0.0 1
0.17000212568549364 0.0 1
0.13976918260085097 0.0 1
0.15633687618509248 0.0117908344100353 0
0.16375422623043076 0.02718510030942425 0
0.1750390074087565 0.013760035071094573 0
0.17599579862661865 0.05733707864023317 0
0.19115213834932462 0.013573347079865268 0
0.10371690306118322 0.0 1
0.0857112920959135 0.17463393424454265 0
0.059783112462662415 0.14606921314998647 0
0.04850544993639796 0.25982437113355406 0
0.11481678544327996 0.04981511104560459 0
0.1410417887348227 0.038277727410995006 0
0.1145172133786936 0.020336358376865357 0
0.07036033081372335 0.016565762286493355 0
0.02208300042404285 0.04331771936716884 0
0.07013876743210358 0.12541575339725383 0
0.11096530265986942 0.09824485426585285 0
0.11379834538583156 0.11274686721382284 0
0.14648481076828174 0.052670578047991856 0
0.16444693857037126 0.07834220497871872 0
0.13652741781138342 0.06836504334718674 0
0.15170195415664817 0.09534823386508767 0
0.2273600952740083 0.1747939669775712 0
0.18378764989130458 0.2627517337332931 0
0.12908217418224907 0.16299496910151637 0
0.1554704842534766 0.2573635988908465 0
0.020531390198566767 0.13575271367930372 0
0.04491158060427572 0.13218291941729998 0
0.3226947095492988 0.2297658529738452 0
0.32919330884733344 0.19985171387723008 0
0.3404775149959376 0.20798265961231632 0
0.2634491055967619 0.1608833404601281 0
0.29218908774512303 0.17409710961551653 0
0.24758185178308081 0.09234110485898658 0
0.2276675905734802 0.11698261950796107 0
0.24886887349329317 0.13348199031179658 0
0.2713865457820674 0.12119353856027106 0
0.2842015795186489 0.08861162478652553 0
0.26677488529251014 0.07181342163109809 0
0.3137505552254159 0.08385472609649186 0
0.24429007105607442 0.04691185458951026 0
0.19265384797639476 0.07635642200966697 0
0.2123617799176655 0.09443103854051953 0
0.23238830935975394 0.07446154551549744 0
0.20136778595985508 0.047445463731572844 0
0.14197558030759777 0.10950606786409879 0
0.1646503442622787 0.0887324448486472 0
0.08977291084117853 0.13357491151455506 0
0.21987219237025862 0.1262833518494949 0
0.23493425992805983 0.14548462367045398 0
0.2093828332631123 0.10599542253085012 0
0.18891278264657085 0.0898605181732243 0
0.19044493808641197 0.16392786052588343 0
0.15590417969213674 0.10910131827718897 0
0.18916099017957683 0.11392965110954704 0
0.16538627060383426 0.10217029989243163 0
0.18559382876923133 0.10225261225846953 0
0.49773901217013294 0.0775501568271641 0
0.48849535987552517 0.1151745508559492 0
0.5061473009497943 0.06626970634745981 0
0.5102511215687637 0.08044466977976425 0
0.5456492815073453 0.06752444244942393 0
0.5144919403802526 0.05437998400623464 0
0.491051243415732 0.032168564725998806 0
0.5103560095360292 0.24162301331498076 0
0.49347592922304995 0.18582599972396005 0
0.4876624857967948 0.14410848959520955 0
0.45762001401807706 0.21732109585095144 0
0.468046658999158 0.20986459759708445 0
0.4812664806582477 0.19794459303567313 0
0.4178476068062303 0.18365617086667216 0
0.41217421472411736 0.2001916543641025 0
0.4379656615738847 0.20111544866117817 0
0.44584422954401437 0.21630648595584714 0
0.454408191958283 0.20498597949839553 0
0.47093839495618967 0.15181538183800908 0
0.44276370530888237 0.1555851658691602 0
0.4710545185031205 0.13464889375518369 0
0.4730067572170876 0.11668472671895994 0
0.4802122109665602 0.0 1
0.4152147665664319 0.05526712746712439 0
0.4503792431770386 0.019237280578644926 0
0.4758052613083611 0.043620190284575734 0
0.4726298848904839 0.021756654097524482 0
0.3070093970763538 0.0 1
0.27097623828178524 0.0 1
0.2793610928511088 0.01744336855485612 0
0.3045577108598667 0.11103813162290459 0
0.2852333088434256 0.12419466762542786 0
0.263823525967644 0.14384905642427945 0
0.2770177955637013 0.1502729933792384 0
0.32123863290634874 0.11797253041666887 0
0.3080359149261072 0.16607577173476734 0
0.3030285496698111 0.12678287261849544 0
0.2918522973357251 0.15700559895949767 0
0.3042031297110599 0.04731298515889971 0
0.37276774246072103 0.1647752198729199 0
0.37384488206923167 0.19097988381413097 0
0.33215251351048036 0.10455156487809217 0
0.3260109912045063 0.16957975607938813 0
0.35517483503749825 0.16552375816006343 0
0.3224306674476796 0.1540706947837456 0
0.61880822770103 0.15864768978297047 0
0.6052237859994531 0.16683401091066563 0
0.6865247148683856 0.1256044605036588 0
0.5513766815440029 0.2182709300875248 0
0.5237823390210566 0.2280566282401761 0
0.5305178481199556 0.24449827706923036 0
0.5560671182710408 0.23258214274168393 0
0.5619140056347418 0.2509375160680201 0
0.5649825111769393 0.21961160292414705 0
0.5829803634707572 0.25071922268465746 0
0.611901328306248 0.20675025487231521 0
0.5638364929047052 0.19417436533442906 0
0.5729424917232093 0.16849075238218522 0
0.5197417984369593 0.21023734494030524 0
0.5471497739449963 0.2017505908651947 0
0.5238965376657393 0.14299526663584147 0
0.49831514356476786 0.12763230529546216 0
0.5055954094288975 0.14547491686341882 0
0.489961082728015 0.17095232965068838 0
0.5319678852795082 0.15956779584600195 0
0.5191685096291963 0.19285896283862872 0
0.5323802181821047 0.2007214777232938 0
0.5533664655840851 0.14541649239853727 0
0.5748437466935696 0.15329277143367873 0
0.5722913909362868 0.05249393799635274 0
0.5849737143231266 0.03065039703726402 0
0.5274067171547132 0.020186296045262907 0
0.5590140891459674 0.060264039125513896 0
0.5608539726839544 0.04598307224815077 0
0.5313672535217919 0.042981723082211674 0
0.531751083668113 0.06036243183865477 0
0.56968729712017 0.11894740873676053 0
0.5674805391672545 0.14145921670598433 0
0.5825646800968401 0.143362682499114 0
0.604681529722432 0.1515667978159389 0
0.5911044911738113 0.1332056895933089 0
0.6179678575083837 0.142624229125289 0
0.5676810572533392 0.09625429664263709 0
0.5463030913599798 0.1351452909415022 0
0.5565794425177214 0.13478535288250218 0
0.5598815740413631 0.11630852392400312 0
0.5554117093983238 0.10381019835399696 0
0.3117948080055893 0.5463088986260781 0
0.23566416943040475 0.5603965628066242 0
0.363782069275601 0.5944294853143974 0
0.34916379988432805 0.5614761894570501 0
0.33226083801919687 0.5535190209508525 0
0.3441454452371686 0.5942161231085006 0
0.3291733032310941 0.6151283382694048 0
0.30498062681619026 0.6150040096598659 0
0.23328786049472486 0.6122415185630026 0
0.8617138047806155 0.12074987374438802 0
0.7977798620621398 0.03322696326798032 0
0.7648953080698682 0.05167722902372546 0
0.9447685180064865 0.2161445594820016 0
0.9673608060635094 0.23527256300536364 0
0.9245098390904549 0.1827939995578379 0
0.9242868295581329 0.2042664288198423 0
0.9060456591246743 0.21144744275266558 0
0.7982554716721921 0.3087178330942122 0
0.7741208626210978 0.32591898549572657 0
0.7866510293589746 0.33077992905601794 0
0.8196743016251483 0.35159191314806437 0
0.8142694425619218 0.3070523488400058 0
0.8017502093392206 0.3415336786076179 0
0.8367556316788326 0.3395532158498973 0
0.8424678767406358 0.3624499820634814 0
0.8491953060191126 0.28549044176383576 0
0.8728386869706057 0.32170275132160814 0
0.8571552876747999 0.3426946462873483 0
0.8671814358015391 0.36465329101225397 0
0.7456297253272355 0.17553033283375272 0
0.7290745680429433 0.1661208558599669 0
0.6865921821568923 0.21755358727727095 0
0.7076046191997725 0.188148892752112 0
0.8113640867765223 0.17282995889916283 0
0.7935886040514581 0.18289930220827838 0
0.8307773385881769 0.17454422792331864 0
0.8648362507327976 0.2498596655918446 0
0.8628103348076208 0.22923501138827612 0
0.8313011156717836 0.2310819463454224 0
0.8154917906784945 0.28718323743919827 0
0.833795270295557 0.2783256874386427 0
0.829210410203655 0.24807993993622374 0
0.8222700282281012 0.5139218523746184 0
0.9751951374011663 0.54377578438227 0
0.9573325668415831 0.46275492128349327 0
0.43660953357197024 0.6755089405992989 0
0.3966358727460815 0.715543614430129 0
0.3743920984626407 0.740081791161293 0
0.3922021852186041 0.7354707730494756 0
0.41612982492748635 0.7069240805757567 0
0.40663811626468 0.7515252819931612 0
0.4100172076694178 0.6174389630086706 0
0.4070590899230804 0.5811683097944237 0
0.43373035314945335 0.6409073191914868 0
0.4337360048828242 0.6571622516102216 0
0.5140702083037777 0.6869275373757262 0
0.5074154299347201 0.6694095882237043 0
0.5302608959870204 0.6608210745961314 0
0.521087052186315 0.6036500213364739 0
0.4462185411479226 0.661215570478358 0
0.45203942415841175 0.673447949318715 0
0.48503656437000076 0.7002442660538757 0
0.8725010035727072 0.14893188651756004 0
0.9419971715115324 0.1722017350060713 0
0.9660567967075269 0.16944053227494105 0
0.9690050539495576 0.1383219957444619 0
0.9218904984498092 0.1616083899670965 0
0.9670871050400326 0.06910209000803595 0
0.8375453817789642 0.06888436988894464 0
0.8790774196824078 0.09824848780529015 0
0.07506770024352062 0.7222526877187799 0
0.08169356735010011 0.7669640200261423 0
0.025021395205000702 0.74758317590695 0
0.03922705866015103 0.7404018415695086 0
0.10463003721612528 0.7686897634422146 0
0.22032624769654716 0.7402944815144668 0
0.1783383707288515 0.8762411110108485 0
0.12436858179528897 0.8409362696725508 0
0.14155602912266785 0.8817608726640963 0
0.13003746847779424 0.8741486393871322 0
0.11163400327215417 0.8457818903837834 0
0.09449841858989255 0.7865738125129559 0
0.9345695845535493 0.7236108463854493 0
0.9163237187023392 0.7709380994018332 0
0.956116537262274 0.7274892182372507 0
0.9647173656184291 0.7456384745142256 0
0.7375052602370135 0.7311884260669267 0
1.0 0.7311784997590359 1
0.9854527197352568 0.7169008266678105 0
0.9759905515800977 0.631802672942417 0
0.9792000418302576 0.6748945144728332 0
0.982251120327171 0.6993176347524462 0
0.8661617153578607 0.5834346484362056 0
0.9491668853776142 0.6210670131845161 0
0.9254465914602684 0.6384231092180683 0
0.8757005441217877 0.6129576116250692 0
0.8782343156281994 0.6383228905458105 0
0.8997396269864398 0.6276310947682041 0
0.7578011505572975 0.6809622881812167 0
0.7412126295924812 0.7021451005229282 0
0.7795865467529318 0.7136345554538162 0
0.8043963077968013 0.5921439570490397 0
0.8484135071881377 0.6080088998939248 0
0.8709387770971109 0.6919317170155146 0
0.8503189977900788 0.670927781522369 0
0.8767021180308077 0.6632742654868382 0
0.7880976805609833 0.6373197037587124 0
0.8081167238652951 0.6870339506649683 0
0.8224634661125246 0.7027519747368408 0
0.8264991352569571 0.6786669720928994 0
0.7248245990163751 0.975115157923679 0
0.7859873760430499 0.9418850727410165 0
0.8147753714791959 0.8855187871597828 0
0.7332339501675567 0.9515166004391354 0
0.7559450864982914 0.9246085952134718 0
0.7753229467745933 0.7310891271664189 0
0.947721401931603 0.7722719723532617 0
0.9239895786964675 0.756563485930713 0
0.9130917779261642 0.7844469234199801 0
0.8793265561603741 0.7125714394269544 0
0.8739968458030841 0.8143386440053364 0
0.8817693385549173 0.8052540820023442 0
1.0 0.9861795468658905 1
1.0 0.9571687492615811 1
1.0 0.9261134758507058 1
1.0 0.8927036454049972 1
0.9291447423694071 0.9254487897505014 0
0.9489778017375916 0.9722753063380494 0
1.0 0.8572963545950028 1
1.0 0.8238865241492941 1
1.0 0.7928312507384189 1
0.9876969343570832 0.8013496461266026 0
0.9861430999608162 0.770919466296819 0
0.9742886139284875 0.7800033100064188 0
0.9617197480789669 0.7831335489883274 0
0.7359666546607864 0.8547307985656586 0
0.7962439165245163 0.8959011889754662 0
0.7729849642005369 0.8754463913510697 0
0.792717476404368 0.8334711971392922 0
0.7421567856511758 0.8383977751689323 0
0.6335540430571939 0.7159279624299497 0
0.6175419265096226 0.6916838327946427 0
0.6161454463324405 0.7087690332756806 0
0.61651694589367 0.7273282561498113 0
0.59963203349504 0.6987867097087347 0
0.5721785830516097 0.707181591927228 0
0.619918753966922 0.7827255270865786 0
0.7149624591214133 0.743567515856111 0
0.6900584277492228 0.7521871103408593 0
0.6737182107767007 0.737953077081808 0
0.6558584179699649 0.748216810078727 0
0.6339776339898291 0.7643647425883078 0
0.6572915236182264 0.7707584071063477 0
0.6434771187179201 0.7879627375216602 0
0.6676915684322905 0.7916757608879895 0
0.6582465854270052 0.837503086772335 0
0.625537143432781 0.8069627404398345 0
0.5764073614232712 0.9321659121955765 0
0.5747663875545358 0.8335683858531403 0
0.5991818082899397 0.8687745241219236 0
0.627237373823123 0.9165326179599067 0
0.8683332372574079 0.9813494525275505 0
0.7723544951622896 0.9769079839175704 0
0.9194989229850573 1.0 1
0.950682935266957 1.0 1
0.9832027064588938 1.0 1
0.9417623029484791 0.8993401879011972 0
0.9174201287429263 0.9045517534949326 0
0.9849415205387494 0.8677125705575096 0
0.9000813177186532 0.8778675918904277 0
0.9619941531846905 0.8476788823287766 0
0.9074074466120761 0.9805982285449608 0
0.9182885954536687 0.965939866170011 0
0.9133521614574921 0.925837831912828 0
0.8848630552060366 0.9179897445060726 0
0.8869604548756453 0.95091996155717 0
0.8659782590646332 0.8555781006453765 0
0.8940303491896052 0.8976454891661699 0
0.0 0.7988742034990416 1
0.0 0.8300797543112056 1
0.02112616657296086 0.8123006595492428 0
0.019270123967199383 0.7696270019238105 0
0.0 0.8956526480153085 1
0.0195846725492434 0.9382853795663485 0
0.014337896647835103 0.9241069031656061 0
0.033885844848579136 0.9225400029131011 0
0.05827793270204047 0.9024863176903488 0
0.05131841350738731 0.9497662424367307 0
0.05046004881072529 0.8880845316550852 0
0.10999478665648497 0.8938131929920107 0
0.08474530987940825 0.8862110105548315 0
0.11153486812541936 0.876102925942675 0
0.09810690070876228 0.8434909418200998 0
0.07439956379909182 0.8698371167580748 0
0.05457114726871706 0.8112615792100073 0
0.10357055238085251 0.8590951307249113 0
0.09359540734518916 0.8718312552639477 0
0.4267533813517214 0.5510748401976707 0
0.4280480464804512 0.5142433809221212 0
0.39339827525849363 0.5454943750830609 0
0.4132118010045023 0.5467970363342032 0
0.4508660110020428 0.580053217788366 0
0.4166113181346361 0.5987876607997833 0
0.42316555991265686 0.5817889277346764 0
0.5252136103369338 0.5646876741731401 0
0.541575915718354 0.5753162078687152 0
0.5531240886713911 0.5454489922606605 0
0.5181722030671336 0.5290915709278222 0
0.5059713551754222 0.5635706811215114 0
0.48148112776236773 0.5525160954486955 0
0.664397010594614 0.6430007250829244 0
0.6477670717152743 0.6312167856760676 0
0.6479736192372397 0.6564132707461365 0
0.6556385294277124 0.680170234297245 0
0.6898054606860253 0.6975105017870845 0
0.717003247909539 0.6870874185880004 0
0.7590928851211345 0.6340723897975611 0
0.6697880131390502 0.661418755640851 0
0.7442103068082538 0.6565540688406236 0
0.7351697892744735 0.6778840832489648 0
0.6411021528664618 0.5886729957445732 0
0.6799380512365267 0.506371576441959 0
0.6365965872297182 0.47993938072825476 0
0.6598800975468244 0.46636924081227443 0
0.6370774256500377 0.4516701062356106 0
0.6152773758544672 0.46613833372738267 0
0.591566144328632 0.5141785916186161 0
0.604094292277223 0.5522903050961597 0
0.6094060537261985 0.5040536504203592 0
0.7267407876446972 0.408262606584714 0
0.7489212944475417 0.429521109032055 0
0.7674753668563317 0.4301469671905859 0
0.7152881525677462 0.43360224048459467 0
0.7153170664390122 0.4577343577589273 0
0.6972120639279665 0.4737096285133311 0
0.7652863250710745 0.4580344603283996 0
0.7365885372479714 0.4995554535642699 0
0.7069361739377431 0.48597012687672636 0
0.7125994833519946 0.49670549179332907 0
0.731915712035773 0.4889025157041165 0
0.7118933152211316 0.4708969774259748 0
0.7979236414628136 0.5320450023979547 0
0.97556472473239 0.3003194461653439 0
0.9141223602140082 0.31331566882568074 0
0.9758193097136937 0.32897201668435283 0
0.7825618125541728 0.373924976392219 0
0.7711605621130914 0.4108589747076282 0
0.8781831037478793 0.38224523039080405 0
0.9484789690356455 0.4125963643635208 0
0.866635777595221 0.40602912853477935 0
0.8303267271462046 0.46377851079348403 0
0.8549315781198391 0.4636839178478747 0
0.866361816310965 0.4441104829736433 0
0.7896133004575808 0.4493345592727607 0
0.8420044773879385 0.40507019611709016 0
0.8312638187021604 0.3861068341039901 0
0.6112387956318422 0.5387020502272579 0
0.6093455959202095 0.4350443541316535 0
0.6050337635403128 0.4818666846838911 0
0.5553840782387944 0.4819210459668889 0
0.6626470394113463 0.4405352721046817 0
0.6921895873001198 0.40551529611736187 0
0.6518090293442683 0.40610874856596113 0
0.6325689119200592 0.411691704082452 0
0.6444356085138552 0.42263883517681067 0
0.6504529366919114 0.4378042203516309 0
0.671466501605536 0.4070020867125153 0
0.5108396974042152 0.2970584189531789 0
0.4875607861468192 0.312775075075886 0
0.47338411365965666 0.35743747486968125 0
0.5669656350243845 0.3277504999962514 0
0.7367559870290546 0.2749006850520498 0
0.7168870336219351 0.2978161135710994 0
0.7273964982354011 0.3050119993125119 0
0.7476802496667964 0.24165741510458866 0
0.7381923837802526 0.20694343711156002 0
0.799482808237285 0.29388440353286377 0
0.7989891253233858 0.27157875693752365 0
0.7619042821398136 0.2669749339248044 0
0.7846275863579986 0.3027632146724572 0
0.6819944918453161 0.23281950299171286 0
0.676410905536463 0.24385840554619923 0
0.7171103570609177 0.2619178876777135 0
0.7192538017588932 0.24893746796862562 0
0.7032680291785207 0.2169539249101391 0
0.7212187251696393 0.33899641694710303 0
0.6988838026543708 0.31491182197361045 0
0.6822107579708968 0.3904940465101274 0
0.6903379062963112 0.3763442107964261 0
0.6989281350683068 0.3645742374018605 0
0.5773127034379436 0.3428824119519632 0
0.5797685628185373 0.38339718160886216 0
0.6379651019268181 0.3767473451850241 0
0.6342191425470874 0.3954922824065583 0
0.6186753659273769 0.3432442676881977 0
0.5590622462432644 0.3068539596271467 0
0.5796599163798305 0.3106244327339009 0
0.6006931104245172 0.3154390101169737 0
0.6097061863411277 0.29652114599504803 0
0.7028562580480135 0.15938250287588107 0
0.6775136230271562 0.14624960494030173 0
0.668732734804439 0.1648099932780069 0
0.6495489300984061 0.1640543330104493 0
0.6386160103509737 0.1907923725171565 0
0.6183178908357031 0.17409323685509212 0
0.6158772762984601 0.18898328174902326 0
0.5900199173397453 0.17802244740358053 0
0.6571802400269089 0.21207978631552676 0
0.6360868070542011 0.03283750050383062 0
0.5993423471570037 0.06000868370207225 0
0.5948093652977143 0.07166972142982629 0
0.5695245095278118 0.06577166204065257 0
0.579297387547527 0.10211711295932709 0
0.5903972792218054 0.1084252523728649 0
0.5992430648463488 0.08232723422497618 0
0.5782381334272804 0.08946711169804168 0
0.6384184713361928 0.0890614099892837 0
0.6635181308359264 0.1012110218934268 0
0.6470105132538757 0.131621395312454 0
0.6709437449016482 0.11484858016409226 0
0.7359696815831693 0.030528314040276276 0
0.7017599032008868 0.0250268583235241 0
0.6854423584965209 0.045322181416326615 0
0.7538080186325368 0.11235018719328341 0
0.7259149882926704 0.11040307964714613 0
0.719528071072779 0.15120571015187248 0
0.5162151204051588 0.4696192765187867 0
0.47558085563610064 0.4302108545321975 0
0.4924185937839822 0.4703629750347543 0
0.49789221775125864 0.425992509954186 0
0.48597640839686373 0.4450366086627959 0
0.5193659505933821 0.4223489962334665 0
0.4689886795717672 0.33354273219043845 0
0.37101223790730714 0.33912382202694086 0
0.4061927155656573 0.35636394878206706 0
0.5087449506653478 0.2774278711167378 0
0.3716144465333756 0.21566091010110877 0
0.4947741296928114 0.26002721651588095 0
0.4523419584528476 0.22585971790998094 0
0.4713136179448154 0.2928734546898654 0
0.4713844439625104 0.2712872535557257 0
0.35063755705634314 0.49380134899840944 0
0.32879560228783283 0.5287636936651154 0
0.30613741169232767 0.5249710283007898 0
0.2963805501294011 0.5043896937905343 0
0.347709833781563 0.54291601444597 0
0.3909942382589872 0.3856089894169297 0
0.35783792791637564 0.4350877135527705 0
0.32294304599290086 0.4007120206040868 0
0.35323385880283115 0.4162190033254163 0
0.3571039626336828 0.3969067650918083 0
0.27877528871980584 0.3867973638348221 0
0.24788336759026067 0.3795504541358048 0
0.25373909628374836 0.4010073272880398 0
0.4231359962824816 0.3975687566040032 0
0.44354345724745997 0.4384223091342886 0
0.3932913769500084 0.4489681998083379 0
0.4659106488162422 0.511051761734999 0
0.45148681312240135 0.4599408709481914 0
0.5984183749967384 0.585662856928991 0
0.5520856495918529 0.670514608579679 0
0.5870909162389821 0.6822059047604142 0
0.6488312147277971 0.6078138022154375 0
0.5702227755725943 0.6545213203121326 0
0.5524395941108812 0.8538813919617925 0
0.5291147172663596 0.8994342658751628 0
0.49615130342044433 0.8860015662529482 0
0.5282370552185971 0.9179054349234779 0
0.49229672777800854 0.9077989951552541 0
0.466165364527235 0.8939398387658006 0
0.5175550946811728 0.93774071801346 0
0.5115166723285156 0.95961082768532 0
0.4829975041695529 0.9291391658366736 0
0.5559592883834503 0.9762870907469722 0
0.45361654982868116 0.7636913174647126 0
0.5449177497988857 0.8052293828891499 0
0.5274103270156966 0.7677989172686934 0
0.5040812048799972 0.7388900316614152 0
0.4893052818177032 0.7723285878666305 0
0.4683198197544876 0.7787566537460691 0
0.3491603242821823 0.9145142060392826 0
0.3146326001105136 0.9188300169523596 0
0.3310664250114841 0.8884016910325617 0
0.352531716315038 0.9691472878017395 0
0.3235724032996885 0.9815869949663351 0
0.31509419995616633 0.9614059212111873 0
0.2963466779641054 0.9791239477369678 0
0.2900423866156965 0.9575464007891926 0
0.24472150719567265 0.9413938188782098 0
0.2830509495351556 0.9360558077413382 0
0.2735286915850134 0.9171590571123801 0
0.26520765443207034 0.8956527825723403 0
0.2826438817909091 0.8813829896890599 0
0.5272741253432268 0.8172138797533696 0
0.49866253258650267 0.7920517044193751 0
0.4867751805160413 0.8658089748242763 0
0.4778510893352407 0.968268718932237 0
0.4315253122610821 0.9168499563705985 0
0.4556595441863229 0.9094074520523603 0
0.40183058507117064 0.7686382249499849 0
0.4528499118296999 0.826687206753244 0
0.4509098226143628 0.8616389080233501 0
0.35340342512491374 0.7916779882801155 0
0.36247601715376593 0.7534876049684439 0
0.3290292608677787 0.8349508578015553 0
0.41812254940651306 0.8855498868150646 0
0.40629618591324934 0.8571304599457833 0
0.36777313141272566 0.8504124602165422 0
0.3553846807577107 0.8252140550345236 0
0.32126143676632707 0.8494039718733892 0
0.35230311386004737 0.8738842120913566 0
0.32919226731057966 0.8616719222719733 0
0.39855120596326926 0.9097705178318115 0
0.3923357378049922 0.9395763983583189 0
0.29229670308182426 0.7801394389806929 0
0.20671203468547125 0.7171711597145825 0
0.3915443168061783 0.6104972925694118 0
0.32516822090286807 0.7447147666202893 0
0.3266609681105482 0.6601811492923396 0
0.3055066256708757 0.759827000304913 0
0.20702179420099953 0.9780044617642548 0
0.15699919937212817 0.9800769756329759 0
0.13206817902739904 0.9786670823708861 0
0.10379581817091865 0.9556755477974989 0
0.08606693760973028 0.9581125233270509 0
0.1093760272252025 0.9396372543225635 0
0.26556588943135095 0.7857215687755192 0
0.1411965476786389 0.899043478695607 0
0.1293481068624163 0.9334963639404321 0
0.17018602969861582 0.914973195630366 0
0.1644356006122225 0.9543540484205442 0
0.1581416328456404 0.9323042202550361 0
0.34297124513668253 0.34745294590512216 0
0.3295733642610104 0.3859399488453529 0
0.3521933167178581 0.37163990752383325 0
0.39369015065229374 0.30346628008652565 0
0.4056861519869612 0.25435591250083306 0
0.34233425536628764 0.31342516293561656 0
0.34206825905949423 0.24815766760147157 0
0.24665562802025914 0.23384732829561122 0
0.23385202464927474 0.26647737416165146 0
0.2492873756489959 0.25890775232558755 0
0.2512462560560404 0.16945904901354605 0
0.2538597907860561 0.19934297390899341 0
0.2653595573732102 0.17575589423838697 0
0.29155729585152235 0.18993227783171765 0
0.2789024129084887 0.18220762274583338 0
0.2663682425017341 0.1904957367425701 0
0.26859600104889947 0.20523748440286835 0
0.30268956003358594 0.20029275141135558 0
0.26391335047376696 0.23322992856587485 0
0.25544812998302374 0.24749524244261645 0
0.31963728121158413 0.45134719028162845 0
0.2849229556427088 0.4451283108962656 0
0.303606560301219 0.4131822865679014 0
0.271525291550319 0.4292968097511584 0
0.26163483586333663 0.4827394481544516 0
0.2405529522957984 0.28671836114494015 0
0.24859624528687532 0.297935278704222 0
0.27309417622339094 0.2795062380370784 0
0.2624961778286149 0.3297222049459793 0
0.3248974747982195 0.33813164943075924 0
0.021300990208980047 0.42450227440387034 0
0.20604140913051844 0.30895904827633763 0
0.18193577415980547 0.35209973514838716 0
0.23898199440292484 0.44103975805387846 0
0.2012784029460891 0.45802599497501184 0
0.21856446304862007 0.4692889651358049 0
0.0340243901168656 0.36049609740153254 0
0.12192490394120016 0.45781381335541893 0
0.10409879301967735 0.47548979827952803 0
0.09527005907010253 0.49275255293338405 0
0.1585354327357901 0.5185948044312079 0
0.1325855891070135 0.48185669064367886 0
0.19716715333342144 0.6537703311555819 0
0.2462944078676165 0.644349232386768 0
0.20264737417253678 0.5980835133268221 0
0.019884882835234357 0.6435359201865812 0
0.09173659847914611 0.5313032019834322 0
0.042991646546857096 0.5762467960736438 0
0.018087458180396622 0.5770418708914459 0
0.025650538764252998 0.5245718589057958 0
0.050042716333098626 0.5445922273848437 0
0.1771765039280519 0.6767133013648158 0
0.1790839935849551 0.6341668514611337 0
0.0750495524127664 0.6516489485416812 0
0.11782689529593227 0.7471464889875806 0
0.1201157727835062 0.6997426054822596 0
0.10355746152268545 0.6711366465882231 0
0.03380592631659033 0.6229450738670897 0
0.15236965931727361 0.3604309670623582 0
0.12887862571212536 0.3410498527144698 0
0.06579428950321557 0.34086568858327254 0
0.17046927880404036 0.041591295168926186 0
0.18050570659548815 0.06947657147865524 0
0.18109076543337407 0.027122150266553176 0
0.09455338348057504 0.15213951833321548 0
0.07604230819793122 0.15731740566571042 0
0.05833633083791727 0.1759620793626629 0
0.10014243933370663 0.03876270168080163 0
0.09196230226072274 0.018876467705659032 0
0.10182582182463894 0.061195983679499244 0
0.021706590419206234 0.06596056620821432 0
0.06830877580539203 0.06881396545699199 0
0.02649128014252413 0.018853677646656374 0
0.05117554623162395 0.03411309630460368 0
0.08760878943277448 0.12028901238273418 0
0.04791974382999576 0.11358511071093676 0
0.12564844857971616 0.10252875304376377 0
0.10212931461022749 0.12406587390938037 0
0.156134011077553 0.040011039893242166 0
0.16937268487018328 0.06725745827461098 0
0.15688532957495588 0.08142731973915485 0
0.13819317108873713 0.094820339496266 0
0.14361729339348758 0.08224155554685102 0
0.24047850103967292 0.20671447907449347 0
0.2402828637570867 0.19236359672257433 0
0.17961291294690981 0.21977370205878954 0
0.18940363014354702 0.20088397633508315 0
0.23961849503830052 0.1781740025607029 0
0.21381391582365641 0.1837054465510465 0
0.2354261077712059 0.1628141328095045 0
0.22366626415077506 0.15359793105387334 0
0.17743545365517238 0.24070127166538383 0
0.1442248080485847 0.20244976743666793 0
0.17407554432172753 0.1863811086875126 0
0.12111949308326493 0.1306022086260156 0
0.11736169076768449 0.15067928695330612 0
0.10870582062931167 0.166959615138427 0
0.17214323216113522 0.2833064550282879 0
0.03559788235232251 0.15390849915373472 0
0.07787632083997717 0.14353547334020197 0
0.2928775635130573 0.23478137442988217 0
0.3192835634008947 0.21728095739003742 0
0.31298779669368026 0.23872328892525957 0
0.3566748115249632 0.20976767725208437 0
0.3276754360270164 0.210376784151334 0
0.2350955710501975 0.10290213479684614 0
0.23185950087516177 0.1298067367975306 0
0.26294175829390315 0.13034602800622205 0
0.28112921164090166 0.11283650575236288 0
0.2509858418793765 0.10549334992473772 0
0.25761157173023025 0.11677993128329853 0
0.28433392386775636 0.10073208620892256 0
0.3000652715025717 0.09687195872168627 0
0.255194399069889 0.07269807669618714 0
0.2587084585207243 0.08321027535786162 0
0.33151792223436966 0.09046084175730867 0
0.2590632609293648 0.05929671353827764 0
0.1999036714222171 0.08804851353674552 0
0.2147867589631433 0.1160485172922598 0
0.221912725917143 0.08350278028884056 0
0.23490239885595368 0.08780023246508036 0
0.2444999836160073 0.06527843680799551 0
0.18564831455144296 0.042515837333601605 0
0.20437357880995144 0.06422470544547708 0
0.18015113210873357 0.1691296494885594 0
0.17797061350477064 0.12323773198290498 0
0.19326227699744167 0.18042788625854977 0
0.20219237452297928 0.14013957479080255 0
0.17560375359796357 0.09607251281007712 0
0.5022474988127162 0.09041618099996793 0
0.5594649566127718 0.07545534065550044 0
0.5045558641649722 0.2207939456433663 0
0.477371193356108 0.1818011660596645 0
0.46635968776863024 0.1950521635002754 0
0.38830787853193605 0.1908561004912674 0
0.43361114902126807 0.18408859986649992 0
0.4732255405724783 0.16738151219933353 0
0.4829218853713591 0.10551923446242595 0
0.3836586290844478 0.13172900557182762 0
0.34982003993682387 0.07739329784149311 0
0.40548838361134193 0.1739670464473222 0
0.3953975732789201 0.14579600421761107 0
0.39137636186312047 0.1647556016013711 0
0.41112774240766087 0.1390993195453817 0
0.4108924880090644 0.15881165119650006 0
0.38902451864463705 0.04613545448597166 0
0.26079962675337076 0.013999360073661675 0
0.2897399001032239 0.13956559486460643 0
0.31093761914158735 0.0638742834733637 0
0.3257409228382703 0.04798381939395268 0
0.31552759579667183 0.023990193688290733 0
0.28920032195530243 0.046064404064158376 0
0.34085664525130777 0.17453515907251402 0
0.36551657851309666 0.17892472242218135 0
0.32851168006313125 0.18350246181150173 0
0.3189855151733384 0.13604401388293882 0
0.33789029061894016 0.15954867028812114 0
0.5465394520521788 0.24327901924752154 0
0.5930894830841394 0.265064002537723 0
0.5820999316968887 0.2163501482346734 0
0.6268309948207705 0.23262153268693145 0
0.5915374883544388 0.23499768760683373 0
0.5349675064568357 0.21533496642950956 0
0.5153230558615668 0.1593025764569913 0
0.5630717542527421 0.18052250619061758 0
0.5616903385258624 0.15646673848009052 0
0.5505990771866603 0.03148733733512695 0
0.5709942168281018 0.03854790129168213 0
0.5944829347008248 0.14488127554811078 0
0.6293429921065753 0.12994675341457143 0
0.5354310346942355 0.13489484411949784 0
0.5637176422646762 0.12780219031241405 0
0.5339183176758093 0.08933296256247307 0
0.2516857407749345 0.5393522428135745 0
0.2748693485772702 0.5301067524464876 0
0.3546596967740978 0.5786539563440435 0
0.3364623332305173 0.5741186378242809 0
0.263581220000416 0.5982319397685943 0
0.8330837721284052 0.11733609560322032 0
0.8169893278596222 0.1574097065837593 0
0.7365892800662323 0.06422975370812542 0
0.8170621332403513 0.05905858945165985 0
0.8698983068333888 0.18578687546576736 0
0.9036912099499512 0.17728384027267313 0
0.8812309758829716 0.17166103235092053 0
0.9200007809779657 0.22673049224665118 0
0.8810122583198637 0.23864978720540553 0
0.8839936033613317 0.21945982528050983 0
0.8880853451742365 0.19435019359098202 0
0.7573325726090115 0.325325697106343 0
0.799141444420258 0.3227067458150611 0
0.8339234984652715 0.31727563166141365 0
0.8489567034558321 0.3249261045067198 0
0.7254790357651184 0.1822184382527514 0
0.7139248486182795 0.1701872058009986 0
0.6820695766591779 0.17396000855808433 0
0.688075926459493 0.18723641788790085 0
0.7683096976142977 0.18037237941690357 0
0.8436415703300746 0.21598162623239303 0
0.8205342095081255 0.21398692471314998 0
0.8437991199227874 0.2631924995853953 0
0.8157941698339092 0.23422653450818584 0
0.8134336884191802 0.4976465772743537 0
0.919013765831891 0.4850132138467552 0
0.9215890340594197 0.5489130063173374 0
0.8907038607930379 0.5315740963090022 0
0.9436066103789423 0.5073871726722 0
0.9701820691261295 0.4997776488738069 0
0.9238574467810535 0.6096626555992745 0
0.34479932691340764 0.6793666967109436 0
0.39813771416346455 0.6931348099058458 0
0.36108608067867604 0.7328559341832458 0
0.41478683745981715 0.7308200921256748 0
0.4252924978770484 0.7515991037622392 0
0.5213633952735605 0.6736923242812276 0
0.511779637758696 0.6427468423719609 0
0.4758625276309516 0.6058428769533118 0
0.4870971100476195 0.6877643708040941 0
0.4631729710843753 0.6639802357354367 0
0.48609476865556195 0.7280705343113315 0
0.5008528272568711 0.6990543167531542 0
0.4755835638570501 0.6761503389940106 0
0.4914044046589799 0.7124755942314157 0
0.9028583998367231 0.0752604994388467 0
0.9367681855223559 0.08598034771253618 0
0.9170736420330398 0.13742545189145744 0
0.8660951978815918 0.06663279564944129 0
0.8911516307919547 0.12851105923815279 0
0.09081343339892806 0.7449778384587875 0
0.0627684111842912 0.747139697291814 0
0.14368212851080261 0.7471287604585798 0
0.2449011097305978 0.7557537504695636 0
0.1775094872950388 0.7232988399311355 0
0.15668660497397713 0.8364989395490564 0
0.17648551373447802 0.8979866033341065 0
0.15784427761663486 0.8754245901720857 0
0.9079772903315128 0.7001777510030668 0
0.8965767705014013 0.6801043951943364 0
0.8969512360259301 0.7158079700004878 0
0.9030564319414345 0.7328414744884836 0
0.9151782994853774 0.7458364852912694 0
0.8709016566053723 0.7257642496667576 0
0.8606105071280542 0.7127909022486661 0
0.8448682553309269 0.6972855933527672 0
0.9733073780433513 0.6537089265932245 0
0.9684676596467754 0.7115170437679142 0
0.8454660256121259 0.5431546469946897 0
0.9698005657703386 0.5744377975248882 0
0.9291479948732122 0.6651760539783546 0
0.9572414335931969 0.6696468976291612 0
0.7622871811029587 0.7010255145821878 0
0.7835187562580049 0.6870713152745219 0
0.6872556306520957 0.640867995037379 0
0.7781621235370492 0.617585925600749 0
0.8039193948155284 0.5504607302032725 0
0.7830286842193539 0.5975825779721726 0
0.7984689674497696 0.6144188933133939 0
0.7731436305651963 0.659538917377281 0
0.7890889893781816 0.959245643507863 0
0.8453473634590022 0.8836701897277465 0
0.7355418447682517 0.9323568610395715 0
0.7518109433845047 0.9661969646471398 0
0.7026862301284416 0.9083751122980723 0
0.7387231166281206 0.9120906391461474 0
0.7703060469445473 0.9344567521918811 0
0.7838545737345007 0.9248096164804026 0
0.7276172606349353 0.8760505661514097 0
0.8281703690304034 0.8409011419049293 0
0.82290491038171 0.8109712674940766 0
0.9393325813647081 0.755846014824141 0
0.9003937148270229 0.7897151038521624 0
0.8611542344858879 0.8417412647561118 0
0.8479933512373352 0.8486240102797701 0
0.9860474469150288 0.8851497667190121 0
0.9852341619248551 0.9020013698009093 0
0.9718962977134049 0.8953355361651322 0
0.9568746741375826 0.9057809139864568 0
0.9819130742254022 0.9496496417671326 0
0.9428151977471461 0.9154322298716739 0
0.9448484718190999 0.9332260218309966 0
0.9194594123728159 0.9158328412563806 0
0.9201059732696214 0.9380925057301304 0
0.9660346361723587 0.9622989603148968 0
0.9293473934309535 0.9800618202819442 0
0.9874380475450185 0.815444756067439 0
0.9378396912008291 0.7812034152986942 0
0.8015499120428945 0.9040768084312554 0
0.7955778235436509 0.8866351526608945 0
0.7777435663172773 0.8619225308638743 0
0.8129382845487213 0.876650321435288 0
0.7992091920591837 0.8525395955080524 0
0.7781922014037596 0.7906628623136222 0
0.7752048730749207 0.8040096067094042 0
0.7817183371893551 0.8169961162223873 0
0.6298678402276835 0.7026080266500004 0
0.5607927603020022 0.7127183296381048 0
0.5753819706748013 0.753500579480255 0
0.5866322549833326 0.7121715020319188 0
0.5796899373305507 0.6958373186601904 0
0.6356377953525504 0.7384585670400482 0
0.6515915834665909 0.7261386695952748 0
0.7445190293411423 0.7515251384044086 0
0.672247947727067 0.7563764046386982 0
0.6806953559500055 0.7727566555211054 0
0.651097941035797 0.8127225746334725 0
0.5934847713925131 0.9511363476881549 0
0.6018993741439674 0.9245159850134743 0
0.5619327142865793 0.916612641913007 0
0.582650843293329 0.9755222873179664 0
0.6446804501416789 0.9665588946049913 0
0.8877785292639055 0.9862313817773936 0
0.844123780765189 0.982352251979515 0
0.9089320009786152 0.8693131461292278 0
0.9025850155021453 0.8891296440402167 0
0.9214643801370713 0.8714873521837273 0
0.9119349102361611 0.8802939888085237 0
0.9276997188981158 0.8952809341355508 0
0.937588613597349 0.8854768777006481 0
0.8881673103812607 0.82278158779204 0
0.8948419549880253 0.8519998824366184 0
0.9059771187733016 0.8452718765197713 0
0.8935821092719428 0.8171363041998981 0
0.9835937278141194 0.8397739878194861 0
0.9350623680804061 0.850457079260577 0
0.9674610528271568 0.809895083116551 0
0.9035745415252933 0.9606717891160743 0
0.9085234895191071 0.9134299294073641 0
0.8841383532522418 0.9048429459354784 0
0.8577145972126634 0.9344328604758119 0
0.8311687231932916 0.9092407553636594 0
0.848551787139693 0.9593194958722634 0
0.8578356150296524 0.9068710753004767 0
0.8691107078106751 0.8477137675734117 0
0.860296454293206 0.8580774873506347 0
0.8599394273888848 0.8670529754821577 0
0.016953598450544404 0.8828033419862296 0
0.01998682243387834 0.904917132905255 0
0.07520730772925464 0.9033267981802203 0
0.08327111671992639 0.9288631222412455 0
0.017819759730552935 0.8622564420093066 0
0.02931962885081132 0.8733485172000147 0
0.11012171277321614 0.8316191973756513 0
0.05826742133636515 0.8735659752285044 0
0.03646628596193787 0.8030843363978016 0
0.06333644672866758 0.8458813586704619 0
0.4444755989731581 0.5499841053668978 0
0.43164603716750183 0.5369322260881284 0
0.4185148946827945 0.5276911851989942 0
0.44919801514691177 0.50447069263199 0
0.40955907213103354 0.5161817420334768 0
0.4002308637861815 0.5629865818886522 0
0.4373663398384444 0.5865659813963277 0
0.4550410671406489 0.5639902413922386 0
0.4227887343824419 0.628742256751413 0
0.5321455221591939 0.6113184776746114 0
0.5469496718458796 0.6034588028570075 0
0.5306060232002583 0.5453581755691864 0
0.6943627237788212 0.6682600038950333 0
0.7333246128298356 0.5993219577383445 0
0.7414302027201659 0.6385048145524613 0
0.7393180005190169 0.6223842982259689 0
0.6604092384326349 0.5898579028742852 0
0.6687768439511468 0.4849984654071587 0
0.6890222091499115 0.5001401671225448 0
0.6544952162233119 0.4530312033256302 0
0.6191292148624686 0.45037349944245025 0
0.6296175323467119 0.4654772737860131 0
0.7394321016348052 0.41976556523617664 0
0.7178257688759917 0.5060544706713581 0
0.7240442501020509 0.49815840343550516 0
0.7197444696048895 0.4835122094114832 0
0.8053681830810823 0.5150621375453494 0
0.7440604144119274 0.4905944079717528 0
0.7976500785865052 0.48639433837205404 0
0.7668247621004178 0.48507897112462284 0
0.7682884752255346 0.47114582207345534 0
0.9268413270298066 0.25070387979988673 0
0.9291505095841485 0.27632768081241765 0
0.975334252491811 0.2696331370745019 0
0.8923196518227645 0.30382241580535885 0
0.9342668960079037 0.31975121644028126 0
0.9521148436082505 0.36735674293658743 0
0.9745147838958699 0.4223878606651855 0
0.9017593708113082 0.42683492381022287 0
0.9189518073312762 0.4073435175924571 0
0.8411816069063763 0.4445698737923118 0
0.8121098862735385 0.4746563077823799 0
0.8339788822154585 0.4999724262902439 0
0.8460314117717104 0.4854175872965061 0
0.855381153329327 0.425289370281653 0
0.8204847083892252 0.4348093593168957 0
0.8246366097982601 0.4167753334593895 0
0.6954158843648683 0.5405525461491149 0
0.6751474357514957 0.5598788398825928 0
0.6515637216702983 0.5727627047247459 0
0.6689717605205395 0.5738602391328164 0
0.6880525801581061 0.5706113328289684 0
0.706595384237702 0.5067323279949382 0
0.7125048594657848 0.5165539727684644 0
0.6243713262921469 0.55006926916039 0
0.6385369644701786 0.5379210120998327 0
0.6326691829061178 0.5708403325958845 0
0.622505364878693 0.5315501610107813 0
0.6086807838624854 0.5247125567155241 0
0.624786725433987 0.5151237322228647 0
0.6266113074935203 0.49582283554800677 0
0.5982712281871884 0.45772467310197934 0
0.5609993681223224 0.4241138891338353 0
0.5158022524500817 0.32552041025227646 0
0.4930039697790756 0.3426186144422021 0
0.5382914410246906 0.38335587428286144 0
0.5418894059482211 0.3641925518854111 0
0.5221029596900028 0.36673664775945986 0
0.7022590905517678 0.2979444939725372 0
0.7547874214103762 0.29113062617310914 0
0.7988295716531815 0.20597286835745188 0
0.7094966879330568 0.20444092181530218 0
0.7204932756742285 0.2165798431462182 0
0.7391017278124701 0.2275316292206672 0
0.7372096625674751 0.1913195488403418 0
0.7710927982252744 0.25304986686827186 0
0.8086127567454053 0.25268874096860133 0
0.7554155553767886 0.253246666610063 0
0.7470519728402366 0.264504567929921 0
0.7715289110108384 0.3126378274038118 0
0.6742466721730457 0.2701695340642575 0
0.7227267452647639 0.27371482675864284 0
0.7054779002337725 0.25567929102105175 0
0.731230785221806 0.2604030250377101 0
0.733823984487605 0.24380437327918342 0
0.7240147130490912 0.3524525949438615 0
0.7352232063176856 0.3481358637200862 0
0.7065259830001559 0.3788312093608276 0
0.6924772057209002 0.34717536799557186 0
0.6492685789363706 0.38757152661479033 0
0.6743727432260392 0.3750186416557965 0
0.653788464972693 0.34826015222656626 0
0.6278533428429239 0.3609438534216483 0
0.551822308494823 0.28394091672498006 0
0.5733253243610646 0.291228668826831 0
0.6169148835321026 0.3096324245161054 0
0.5878050228559939 0.28114014882754323 0
0.6576140616151279 0.176777222987206 0
0.6441464684495883 0.17916968838102884 0
0.6263053785020222 0.047238996288188874 0
0.5789697155600522 0.11448402189226438 0
0.6016110049896223 0.11462469248192102 0
0.5912817693615051 0.09378550919558731 0
0.5734887515776076 0.0771014615110014 0
0.6273660968191099 0.0777218141811591 0
0.6448173596266094 0.07494663213960387 0
0.6482471156344302 0.10216192772194689 0
0.6540148851625915 0.08802513340628595 0
0.6653595381942569 0.13015046350889137 0
0.715198715943651 0.07548172248683735 0
0.7111579279765845 0.1282568700508179 0
0.7342453439823964 0.09134085078902025 0
0.7606296240801793 0.08358381640580412 0
0.7405130974525451 0.1534800008894273 0
0.4273760408177754 0.34511611493061944 0
0.4576282783593905 0.37115934667973666 0
0.45931495619284424 0.31035438945013955 0
0.3636382934388021 0.5512958096783901 0
0.3545932341932034 0.5074933239608715 0
0.3503933435374347 0.522003661123702 0
0.3616147742584661 0.4504951246027679 0
0.3457034606943198 0.3847060921378486 0
0.2662703988685777 0.3746881636064015 0
0.2736158508184274 0.40283444716564953 0
0.43503216398365685 0.41720026891577777 0
0.4493100725485712 0.4849300528651621 0
0.43002740034432135 0.47227209216637905 0
0.4712140448918895 0.5293153302709364 0
0.4628608339383459 0.49616824037165075 0
0.4731261418660502 0.459233631371888 0
0.6141726269872911 0.6320461496659369 0
0.592835974796421 0.6674340788421669 0
0.5689703026278274 0.6248189767153741 0
0.5742697082086873 0.6128519136032283 0
0.5895511303976974 0.6392315195636179 0
0.5943949471000515 0.6091200751614362 0
0.6030249685208516 0.6405414659386113 0
0.6142147931170054 0.6486948069918071 0
0.6100126727551589 0.6637525776438026 0
0.5994310386173005 0.6530949272562387 0
0.5446373766801286 0.9229406308323225 0
0.5269774314441248 0.8613595684466046 0
0.5294426451776285 0.8395210135856623 0
0.5416641780288246 0.8827444897590985 0
0.5114654563648517 0.9030825367090523 0
0.5559630723160244 0.9360918236901534 0
0.5278032470505495 0.9540585947332126 0
0.5237790837090864 0.7932128091346544 0
0.5483010829486092 0.8262108850379639 0
0.5630528407322549 0.8130591804594948 0
0.37735678334908296 0.9190032120041127 0
0.34949112347675776 0.8887551988281531 0
0.3328218058368286 0.9175645472448076 0
0.2947092925405624 0.9189686460407319 0
0.3659749458384274 0.9628108694639211 0
0.3361411655000317 0.9666394788791183 0
0.34722290196612376 0.9831044315899707 0
0.22709831484834048 0.9316503801428855 0
0.2835524593855515 0.8592404408019854 0
0.5142693147262413 0.8292631421124899 0
0.48095030415631657 0.7899525465060522 0
0.4565707325502156 0.9893658139469784 0
0.4524761318552817 0.976488215875494 0
0.49440722917841146 0.9666689330716838 0
0.4586307426926786 0.9359767000527511 0
0.4188244998193146 0.9287633390306983 0
0.3991133322400809 0.7856389274406983 0
0.42753137721380735 0.8433284382484688 0
0.47310203527445843 0.8290988941779959 0
0.4349225029052129 0.8193579808012947 0
0.4659528533080655 0.7976531891824203 0
0.4415688646434217 0.8480299710055652 0
0.3679334805704723 0.8027578135488986 0
0.3568631659702096 0.7735677379169659 0
0.3725860035628448 0.7694491264290922 0
0.39326981531572985 0.8547658704532783 0
0.345528496244304 0.8356112256378276 0
0.36072596961640774 0.838317660697262 0
0.3112871438911066 0.7769152968486458 0
0.23808936005911166 0.72332401527201 0
0.3988143943234797 0.5947988640838422 0
0.3630462756613117 0.6400861452208864 0
0.35618923167516403 0.6173367704762115 0
0.3777113151172434 0.6246890022497704 0
0.3072266653617025 0.6807202079274545 0
0.3272112944187483 0.6831645066981579 0
0.18008364557794418 0.9327142829258772 0
0.0965331869663845 0.971500252348792 0
0.11684726811508271 0.9212597438402297 0
0.12530573517302013 0.9535964516387313 0
0.14406836307290113 0.9285469825440027 0
0.32973875264523483 0.35680131734093445 0
0.3067702413588571 0.33905970897998317 0
0.3158239244444022 0.38713542572669 0
0.34398674294365883 0.3605633429331011 0
0.358892284867172 0.38247944488960356 0
0.415812159487647 0.2714643026161978 0
0.4374329656006547 0.231571572287559 0
0.4050961706655396 0.28746144565240395 0
0.4239137404361436 0.25838884138108115 0
0.4108249081905164 0.23643664632576397 0
0.3768485765572089 0.2295986885298076 0
0.3868714714490127 0.28589417049694 0
0.35806322481813146 0.27734926486050326 0
0.37686977890432 0.26906686690758375 0
0.34778292992955595 0.26239004912940894 0
0.2085791394785241 0.26535704982104535 0
0.31622871835166083 0.1923655183079352 0
0.3167546207864566 0.20503334137285145 0
0.2900387143835958 0.20192610120644405 0
0.28013731610654685 0.26182115103824427 0
0.2721202624908508 0.22004212917558344 0
0.3110965552043164 0.462374021981594 0
0.2978903178345375 0.46237641710599026 0
0.3129395742481584 0.43975485348996435 0
0.3229129549861513 0.46286424573457374 0
0.31568911660904525 0.4096689808429152 0
0.24411618650794353 0.4143875546820754 0
0.28851277356786625 0.4151310340097178 0
0.2537847940580876 0.31320837405494917 0
0.2556559721225571 0.2873953980403952 0
0.2948042542728578 0.3305869605138065 0
0.2207402844286448 0.45041942723761513 0
0.20602063337390816 0.439134304023187 0
0.23590901404279385 0.4602811876446196 0
0.23340710044691226 0.4750804454811841 0
0.22383628475250314 0.4888619070180452 0
0.16491022161452396 0.45556873823291766 0
0.18185622547307542 0.46765988841096345 0
0.17236273605635943 0.4223925587834441 0
0.1579456549406926 0.43932165859129624 0
0.07628268262850209 0.47487252352370884 0
0.2218297105485178 0.640732813312548 0
0.16184931651814788 0.569708422417501 0
0.025055325520505108 0.6664890874020375 0
0.06960769071018297 0.5661117797271913 0
0.15485857339200143 0.6691891199926898 0
0.17964974538699668 0.6110098900486507 0
0.08473641487485975 0.6065213079600629 0
0.13328049665360212 0.6743813653602047 0
0.08784389397231253 0.628972380402778 0
0.12140746719454952 0.6554477287453875 0
0.02462615460593999 0.5979837972203194 0
0.12577847750901508 0.3675564893783735 0
0.1712491522222477 0.38150873507048405 0
0.13391178876168386 0.3111153788483911 0
0.14553982340422658 0.2867973204240294 0
0.1902400131409227 0.05906393738828375 0
0.2416382428372267 0.016828112928284903 0
0.20811947683487286 0.01591263583382424 0
0.21681178157427253 0.03470640713714022 0
0.0291481687612411 0.23436431109595607 0
0.10570380754442794 0.07776975563131296 0
0.08285080305780942 0.05505420189702449 0
0.05325852568813839 0.086610180412628 0
0.0985889291774064 0.10996172606064948 0
0.1623141921761574 0.0536546925426923 0
0.126089045969339 0.0824820476485805 0
0.2403873282449365 0.22078641686302 0
0.22682461763346726 0.19767262870716384 0
0.15657676670841222 0.22694468167075346 0
0.2088282918965122 0.20419536761297105 0
0.16546071261070722 0.20254735869612842 0
0.1546456350057813 0.18421668911842154 0
0.12935818894118656 0.11662454700005553 0
0.12297308321367344 0.20137811081457999 0
0.12868695556091655 0.22060663819921184 0
0.025711574807833926 0.1822204943137992 0
0.30403415349885016 0.23475544813877894 0
0.29953011527236184 0.22411164676527337 0
0.2804058647550868 0.23428640496267789 0
0.3011305627928645 0.24478692750834402 0
0.2868558220605135 0.24718734016064048 0
0.3324172125928376 0.21950527124302355 0
0.36850875500043484 0.20298247003943112 0
0.2607086457762277 0.09695841001199434 0
0.2699838029864187 0.10710951819984285 0
0.274674023232191 0.09528288518844301 0
0.22096538918266515 0.10466301500019326 0
0.21886400677961443 0.06853625115349056 0
0.16352993582560735 0.1734874762157511 0
0.16620442304631716 0.11482932132612657 0
0.1819948965065809 0.1558357964300403 0
0.1926045729997475 0.1274159217447515 0
0.18696508415449614 0.14285329370131955 0
0.21870413784352546 0.1399602744909956 0
0.2113821561589725 0.1534620175007812 0
0.4950792936251494 0.10258084486366754 0
0.4864738632626538 0.21650378493961273 0
0.42608623639972604 0.19662588451245253 0
0.45031556117635146 0.18978176448455267 0
0.44561669647705543 0.17315180236073735 0
0.3634361381086255 0.1342770611388733 0
0.35071600449576046 0.10095020831887172 0
0.3940730838801544 0.17953816276608664 0
0.37860160927705316 0.14941288812958606 0
0.44130264396919167 0.13769484254473052 0
0.4267894681055991 0.1476019023462486 0
0.3833819112018683 0.021399078834145283 0
0.3921898653427711 0.07118323091189527 0
0.36468400258903777 0.03890478678907376 0
0.3682496774556589 0.06206097992218136 0
0.4557172816335139 0.03888106294566715 0
0.3944930229045723 0.11667878898886583 0
0.4630970063957131 0.05769688218734642 0
0.4691391292710704 0.07784325004379057 0
0.441332901193545 0.05472638517355111 0
0.4921957205634123 0.013711476896661131 0
0.2622351232436208 0.041222432495837576 0
0.29714455097118647 0.07781662572129187 0
0.33061882872387455 0.06983787396108417 0
0.2926291507241599 0.029948286930721206 0
0.2976297991238733 0.01414523389181693 0
0.3397241899827735 0.11721546857548473 0
0.3434926560378161 0.1915701159652744 0
0.3527868393247534 0.18145232117877874 0
0.34967931286292714 0.14830169506043608 0
0.6138258263240339 0.2643783789159014 0
0.5994204534248708 0.1929314402095935 0
0.6282245489247096 0.19890818555193415 0
0.6441040864171329 0.23620445164294498 0
0.6339167018818649 0.2518341744554775 0
0.6144221012937698 0.22249223741434396 0
0.6170906082776721 0.24700525200159132 0
0.6087361620057488 0.23416329881985898 0
0.5360567853578602 0.18813452892556326 0
0.5560140552420999 0.1703603998943706 0
0.5474399501571635 0.1581248590013191 0
0.5709112545431211 0.017480456976874004 0
0.5333255575716995 0.07601631030684994 0
0.5453519676825149 0.08257843577686066 0
0.5445877824405874 0.09541070989570134 0
0.5222493719705295 0.08389058448951084 0
0.5353769444847064 0.11359346148259589 0
0.8417591687035505 0.14588868912315867 0
0.9093985518964264 0.19321426879159892 0
0.8673805363994682 0.2709212094990281 0
0.9111820502213481 0.2430670818740141 0
0.7755363952873763 0.20362327116465473 0
0.6968452078525561 0.17398730910884516 0
0.7975035256798889 0.14997747067104544 0
0.8130339671929282 0.13541162349750843 0
0.8365111620144021 0.19943108028910977 0
0.8153232126587706 0.19184310275152797 0
0.8404456589259467 0.5203193771602797 0
0.8269991629777473 0.48440458845494855 0
0.854195924737528 0.5077657778303512 0
0.8958422509913232 0.48023296121978387 0
0.8738383906499986 0.5118199534431178 0
0.917248982338253 0.5199166927857568 0
0.8626628460741628 0.5286332711867623 0
0.981801115288157 0.5183461800779822 0
0.8940345549588584 0.5963303943507045 0
0.9311403683604739 0.4561531143282052 0
0.3809353494707922 0.7013966830431095 0
0.3996321738837643 0.6444539171928237 0
0.4195453521171849 0.6646962925419772 0
0.40265093739574215 0.6734248515721829 0
0.5160803350125087 0.6290980241105388 0
0.5091249820903888 0.6551352103784509 0
0.5211770052287531 0.6499483245838371 0
0.49375257596640015 0.6233412469423382 0
0.45608784356789 0.6320174478447704 0
0.44889566474157433 0.597529577977872 0
0.4824555865685491 0.578580725859306 0
0.5123345368830411 0.5793056112153758 0
0.4970583614153647 0.5996505108517316 0
0.5284347694005038 0.5829557985921267 0
0.5436084195407559 0.6209608216784966 0
0.5392732816649001 0.6345440517006758 0
0.43472916642707055 0.6969216101228148 0
0.4513327446318098 0.6865220865441942 0
0.465783928635226 0.7264799724749931 0
0.9127286406618663 0.10869355871118418 0
0.8880884213619704 0.03659170068875419 0
0.9306018345123055 0.04372679901571957 0
0.047523270620976416 0.7226553849662006 0
0.10288386460189772 0.7232106050185709 0
0.04174241681017708 0.7583430492746578 0
0.24054859611295482 0.8477682753417044 0
0.16320912024845163 0.8565617839909488 0
0.16389854777631957 0.7979865906224362 0
0.13950527107569224 0.8362523420331732 0
0.18444493621470062 0.7751435149784273 0
0.19427942548371 0.7455991028837636 0
0.12050585137509019 0.8023915295824506 0
0.14595552901414927 0.8169534113258088 0
0.13633857204893254 0.7942917415068106 0
0.12791345507229704 0.7698396121048665 0
0.1551149259386108 0.771996867689948 0
0.9148128497422938 0.7187239705147284 0
0.9022785125108114 0.6552340153317858 0
0.890880577148896 0.7015298582918312 0
0.9198707781014006 0.7324348758905902 0
0.8851254124943041 0.7295599383271612 0
0.9476499343391879 0.7080308275845735 0
0.9398754208741843 0.6867171785859167 0
0.9112857685396344 0.6721972360784423 0
0.9513473807477666 0.6465216633337003 0
0.7587118051764277 0.6051708935405005 0
0.7467152879157203 0.5839639658142911 0
0.7076147390971257 0.574786025674884 0
0.6797006903568955 0.5893880978477545 0
0.7051990165829669 0.6488448614739858 0
0.7128732391924032 0.5934915003201812 0
0.6692237882694706 0.6053875451510328 0
0.6681907162735697 0.6226405594768193 0
0.8073214866180354 0.5700306008990061 0
0.824948093079755 0.5577451338576221 0
0.8323194964353812 0.5854678041282868 0
0.8550942233885113 0.6470092393440328 0
0.8594650786990021 0.6280505125980262 0
0.8303781614718293 0.6541927158642602 0
0.8124798914514342 0.6361327850016865 0
0.8162740018156276 0.8926967611025671 0
0.6773269924830577 0.9737343108415811 0
0.6994809062477568 0.9307104356490433 0
0.704486743588861 0.9569036438417482 0
0.7020377508096398 0.9811846033704025 0
0.7527431145036407 0.9439395796181065 0
0.7212920908187914 0.918603586130748 0
0.7048008364738017 0.8833231081663524 0
0.7708173841693845 0.954651078038446 0
0.7601913448194785 0.7596050584582289 0
0.7589696014669439 0.7402791656587062 0
0.8569088608139955 0.8053600293870236 0
0.8593772914040075 0.823685638440123 0
0.8253973731141092 0.8191239490141481 0
0.778293290309973 0.768281398825667 0
0.8936775027354208 0.7587850959505656 0
0.8582934292325061 0.7937628855160618 0
0.8844170847886247 0.7714215280412152 0
0.8759768760745072 0.7822326851936887 0
0.9866525913438603 0.9194358914933033 0
0.9585051365063544 0.9224244566064141 0
0.9503101705960166 0.9502132767766901 0
0.9332475200666864 0.9601326712791537 0
0.9259253018413188 0.7819695334446731 0
0.7862290734509638 0.8688579104493338 0
0.752404155047781 0.8712270604063622 0
0.7952817583983364 0.9160180072800813 0
0.8068281712834457 0.8930102281212432 0
0.7544239555080275 0.8311657555140507 0
0.7560976442384265 0.8493378994505437 0
0.7743758694831266 0.8491354752186923 0
0.814953815987269 0.8660955116525796 0
0.8059145359920236 0.8614971182224496 0
0.820881720556082 0.8568787021387342 0
0.8297276547642368 0.8527565274978594 0
0.8192444007451317 0.8480784083800155 0
0.8108079513909041 0.8554578085868458 0
0.7994899674212094 0.8141940297723137 0
0.7956096310844086 0.8639630354421365 0
0.8169101223403696 0.8356972511197122 0
0.7091718536287331 0.8572887339123479 0
0.7619820136751543 0.7789095011225043 0
0.563696156152576 0.7935230461182797 0
0.581745004262708 0.8079949701813514 0
0.5460434419629102 0.7647416759507119 0
0.7129568333197582 0.7962238683989684 0
0.702061084271115 0.8093935349143578 0
0.7043661128794527 0.8294255758277793 0
0.7250606269484117 0.8352769177942871 0
0.6788751058596598 0.8163322005921748 0
0.7567001115018823 0.8158160818395193 0
0.7189233999175777 0.8155643770787764 0
0.6069693911582913 0.8940191978036169 0
0.5813193883487168 0.8839760632185063 0
0.6594055015544675 0.8816736877592068 0
0.6205138276440276 0.873513601638549 0
0.6327125432520427 0.8312436717280358 0
0.6413621482290204 0.8605776295881475 0
0.8874338615172799 0.9695537523863171 0
0.8911692796519848 0.8855234331800892 0
0.9053038355570034 0.901247368722347 0
0.9239279399841472 0.8824859338128228 0
0.9546933575026196 0.8870262139130577 0
0.93222216453791 0.8740146050753884 0
0.8851761418383884 0.815265920607801 0
0.8792816453067726 0.8237116734630786 0
0.8958260788106168 0.8656837322474198 0
0.9068284000644586 0.8567663960218224 0
0.8813571411213114 0.8573790846235829 0
0.8929827438218045 0.8084291693314186 0
0.8982789666072141 0.8270263999005836 0
0.8998757077433932 0.8016573904391275 0
0.9850508176469354 0.8522500833938964 0
0.9869823720873666 0.8283434360566423 0
0.9257835149485367 0.8529396085739089 0
0.9472538202331134 0.8467115617007771 0
0.9309936201483229 0.8625521435716661 0
0.9455165201666268 0.8332184042373774 0
0.9574314571856708 0.7987384451217099 0
0.9731006992034296 0.7954338555491016 0
0.9691959386708788 0.8602386850201698 0
0.9708104829632697 0.8779825745991949 0
0.9542417078406169 0.8591480466016739 0
0.8985822823576897 0.9237497107853905 0
0.8717394906067887 0.9423005339773789 0
0.8718818010486685 0.926610204925376 0
0.8253226832591188 0.8986432894792258 0
0.8380484186476462 0.8989978797960397 0
0.8383503729138905 0.9201532192437808 0
0.8100022084727305 0.9145218895908339 0
0.8595307631238719 0.9483648957379865 0
0.8494248208796893 0.9438073407090207 0
0.84705352097515 0.8607413346389599 0
0.8651495851817784 0.8980127390132224 0
0.8493673964425842 0.9140436264385107 0
0.8712880953132639 0.9105206111411112 0
0.8594927515996291 0.9196009597798478 0
0.8645063239528579 0.8318941644395942 0
0.854996733691261 0.8470981388367763 0
0.8611045089420486 0.8499814531497819 0
0.8546459529460071 0.8630453857175939 0
0.8598546361166635 0.8773090376963437 0
0.038218376528664826 0.8233253733299493 0
0.041445493706469425 0.9030401515121014 0
0.09392411819957264 0.8992240895154159 0
0.09931218465080795 0.9256541124008272 0
0.08560682941922926 0.8238784834031375 0
0.04223592484051968 0.8731322204985462 0
0.039729183563535185 0.7815001710504165 0
0.06427312514746153 0.8601159487438234 0
0.05170176170050107 0.858648834884311 0
0.059417053292472495 0.7745600841074086 0
0.05607091373416535 0.7934903133254875 0
0.07372257979913224 0.7893201494729472 0
0.45062321676101386 0.5267933701573677 0
0.40156635158834825 0.5304965928654889 0
0.39605343999649345 0.5169888328732257 0
0.3997566159353938 0.5020426563229862 0
0.5175297703689601 0.5932373300993986 0
0.7209433063953924 0.6629996849358619 0
0.6886101774563176 0.5252819464884768 0
0.6771465022986713 0.4828152500385954 0
0.6764375764194297 0.49397350636444226 0
0.7004207945678181 0.4972230940361336 0
0.7240431671930115 0.4622232681786481 0
0.7948085310629387 0.4686083897941021 0
0.7276831731591179 0.5073555496657357 0
0.7887524592952897 0.5155949448013981 0
0.7353689523971512 0.5127704825077077 0
0.7977173973892496 0.5019872401808247 0
0.9104183370276007 0.2886678804454704 0
0.8891182810580435 0.28076662680073 0
0.9026710797053442 0.35369762968848784 0
0.8799139778208113 0.3467629202175367 0
0.8959824568297361 0.3283722450817662 0
0.9288293643654645 0.35910647364571907 0
0.9272429077046799 0.4325283890288838 0
0.8803624211167247 0.4637971882863967 0
0.8114671980770213 0.45236806909576704 0
0.7264455029819955 0.5795434793427642 0
0.7023233870402232 0.556916492816441 0
0.6841248486989273 0.5520118186086942 0
0.704609662916059 0.5279343370185193 0
0.6441376569921379 0.5545665433689012 0
0.6815361859207714 0.5376957868510951 0
0.6775049283622889 0.5260055424170939 0
0.6694249362403346 0.5069910765277452 0
0.634547180481851 0.5246649935805336 0
0.7779600178137481 0.5297749909270134 0
0.585723321573877 0.430918306492194 0
0.5319109805879043 0.34731502916512963 0
0.6776408037307087 0.29480125561778464 0
0.7559628557651229 0.3069392630496525 0
0.7695985256364383 0.29710945183783505 0
0.7419712314805962 0.2986979364849454 0
0.7670887895959609 0.2819304684053733 0
0.7425201624849126 0.2867687777199342 0
0.7556988260866255 0.2155175061961116 0
0.7229376732415278 0.19786433880910284 0
0.7529104694124158 0.19577117507573044 0
0.763755154293018 0.24054741050017336 0
0.7786333734337549 0.26831688066683274 0
0.7691032888484406 0.22447832150947716 0
0.7516716060079623 0.278158530859391 0
0.6907778973258482 0.26643206784975854 0
0.712770165982674 0.2854486537102554 0
0.6905982514347125 0.24631357452936634 0
0.7216489158185712 0.23398908763063567 0
0.6738727945194494 0.3060298016761992 0
0.6947345046859573 0.3302580107901508 0
0.6384431558997076 0.34550509874152496 0
0.6512813139359666 0.3314813341176197 0
0.6773703726193406 0.34630010736656025 0
0.5732916346322379 0.2690509257077426 0
0.6555913727505053 0.19259837415867326 0
0.6122999035449458 0.12387677937441868 0
0.6070092978320862 0.09337582742906457 0
0.6395429856154708 0.11586268683162998 0
0.7899745679137203 0.06920726118462506 0
0.7345883775771346 0.13245055380615497 0
0.44920226151355475 0.3504344863870142 0
0.3305912280992765 0.48998567875397975 0
0.31827407073282865 0.5075780716455558 0
0.3383823258243374 0.5074821223494932 0
0.33324958741985516 0.4562747262973831 0
0.3394809105380101 0.40152967236362047 0
0.27261881113007 0.34192272162408766 0
0.2720756668730356 0.3584918784501209 0
0.29298866828513953 0.3986540737484239 0
0.4121003746232407 0.4169988850636058 0
0.4216586512089756 0.43596827804884997 0
0.38745576242092056 0.4890877910460628 0
0.40928698153815024 0.48455152026220244 0
0.46929780027753604 0.47790190730178145 0
0.5587417431160845 0.6492342068184467 0
0.58414334629414 0.6257633249169282 0
0.5729322765171196 0.639743445673576 0
0.5624312881106932 0.8953679071112901 0
0.5677266007077483 0.9542049025856777 0
0.5366828874995185 0.9376695187908864 0
0.362820386588447 0.943983374728231 0
0.3252437785021267 0.931175967312249 0
0.3229532759086295 0.9029329458139618 0
0.37956990549089864 0.9512776592027623 0
0.3661522253654507 0.982028073848045 0
0.2477367806247832 0.9158350364790157 0
0.4859280952619196 0.9845742291081417 0
0.4384968308084961 0.9753505208182214 0
0.4515764846183652 0.9234526099344496 0
0.4621163739928466 0.9627275160264118 0
0.46588084274785885 0.923725226932131 0
0.4221661581107155 0.9428282935058585 0
0.4839500389613685 0.8092090292190057 0
0.494834137138721 0.8313176781916422 0
0.4242479565486532 0.8281402980451441 0
0.4385240967361743 0.8331525543703108 0
0.4195464097264457 0.8132568130186666 0
0.43155649896713194 0.7999670155470189 0
0.44956934317686603 0.8072641798974914 0
0.4653739177134512 0.8145224730411466 0
0.4591749198700803 0.8461997214771347 0
0.46834744451170557 0.8631254438072924 0
0.35151156619167706 0.8089205210032123 0
0.33830391355785944 0.8501333282825665 0
0.2990489489425797 0.731494134682288 0
0.26738746333907937 0.7284930182222267 0
0.37282306091653206 0.6586662741507097 0
0.2561281287929296 0.6784818686588071 0
0.191501932231453 0.9141421865862417 0
0.3198878946840089 0.3716921613089601 0
0.2946329936865079 0.38157125323221025 0
0.45290736871677817 0.2611397711479489 0
0.420951978444553 0.3232541737465839 0
0.44390651964792627 0.3289475907524032 0
0.3810431409817982 0.31807375634689977 0
0.4228634559526707 0.2425172363675494 0
0.4207488406957762 0.22853775946701724 0
0.40658010000236505 0.2195350218737674 0
0.3713574005204303 0.253252856162354 0
0.3618875917462379 0.22523185343368657 0
0.39306339527794876 0.23625287543032372 0
0.3952694230046151 0.27115712833772543 0
0.22018874431303864 0.24695315405045404 0
0.22602049126336293 0.21454659488208283 0
0.19274692700350488 0.229226210085352 0
0.26381509574555184 0.2613439263314617 0
0.3062364406213128 0.42722223524812186 0
0.3332070634094197 0.47120928311904 0
0.32734657361568004 0.412276767391549 0
0.2611315872372319 0.4174940946790535 0
0.27252988831610725 0.3150567638359056 0
0.17455558566744966 0.507397435862691 0
0.19048887294085257 0.4256346451268879 0
0.14478150658105554 0.4569037988509542 0
0.18093785342038973 0.5841527224642753 0
0.19769167674320218 0.5749609672808934 0
0.06591141015740137 0.5921232491180509 0
0.04638746710115145 0.6025623577820828 0
0.10576016894277564 0.5976725927309335 0
0.052409146181886815 0.6731170450533172 0
0.131496753517369 0.7241668202737876 0
0.16452449209489775 0.30492135238000057 0
0.15767435055860268 0.33109934978846983 0
0.2536924410228469 0.027567526056225054 0
0.21764904004416877 0.05241326269870888 0
0.2248154872566579 0.016406753895874544 0
0.19811723166309989 0.029681356275747268 0
0.045589729284093 0.1006978429150542 0
0.06285002055176561 0.10435141794357024 0
0.07325848953472941 0.0879156167513846 0
0.03246987726486922 0.0854156794849854 0
0.2293165771439605 0.18557231477014605 0
0.07716879494204407 0.2035849013437465 0
0.11721222643358743 0.23618580117050947 0
0.3109996289924055 0.2267863220635235 0
0.3073576517679415 0.21433365577037167 0
0.28202488734896736 0.21028594716697777 0
0.2945165061588812 0.2125463067123364 0
0.2969859571565011 0.25824456574685056 0
0.2319317123818044 0.05802625505619747 0
0.1535248982236433 0.12083271167241136 0
0.21954450686853727 0.16564274522913555 0
0.2040533730309832 0.16542864247620911 0
0.2088803649725401 0.12681510817542332 0
0.46202619257416616 0.17823996934223407 0
0.4584914600703688 0.16157259280704903 0
0.45726456126180015 0.12698516647978633 0
0.371658336474326 0.08673447005452252 0
0.374059650644758 0.11223324233057456 0
0.39935338359044786 0.13088552320376243 0
0.44187679764428306 0.12096867919815363 0
0.4266781308445591 0.13040585112966477 0
0.4113488802478988 0.10409848076781164 0
0.48074687444746783 0.06088291158204015 0
0.4687676818303811 0.09770696716973384 0
0.4506847236647461 0.07029133306861902 0
0.2652507935274757 0.028439071073789395 0
0.29351716994242255 0.061114147026690435 0
0.2823542771014526 0.07346253936655187 0
0.2739563560592963 0.054557575899649 0
0.33257156016789785 0.12888933372207576 0
0.35936517085563857 0.19403135462060986 0
0.3454602596842336 0.13176233178588656 0
0.5945057428721323 0.20686880140131245 0
0.5819179288479 0.19730457194709086 0
0.5700420950129581 0.20663868873924024 0
0.6516082186319082 0.2514233539384242 0
0.6271347293569316 0.21548000660346175 0
0.6017128657188969 0.24964279362136135 0
0.6006277971957551 0.22006237946291476 0
0.5523042834565854 0.18460077361082752 0
0.5406051197760908 0.17250446693986846 0
0.55674158254228 0.09032828691123708 0
0.5481125958377394 0.11465603878721885 0
0.5137116044165829 0.09124812357479176 0
0.5401544635086849 0.12464136854299543 0
0.5339048476145075 0.1021468741876105 0
0.5262676806367801 0.12535653283022988 0
0.5119704156799807 0.11863029420228192 0
0.29547505080524644 0.5633270419448984 0
0.31528832919123345 0.5678851037242121 0
0.27164447331571917 0.5504773227088181 0
0.29139539859076585 0.539422056583568 0
0.31806162079398276 0.5915446631651533 0
0.2915952671607185 0.5897999743338076 0
0.26922416893359236 0.57411095163267 0
0.8178181022815203 0.08962585358449646 0
0.897326845901179 0.24814821262782485 0
0.9072585232860407 0.2639797459062054 0
0.8522877090706806 0.3073906920443664 0
0.7829735615154645 0.16392843549320302 0
0.9220630259876099 0.580745945563117 0
0.867204788411454 0.5525550211935214 0
0.9106175450404607 0.4452330215321854 0
0.9046655404542959 0.4612546879821827 0
0.3781747148522426 0.7231862331753712 0
0.4364995887062669 0.7375649266519558 0
0.3842460821122104 0.6436666952376633 0
0.4098133467059107 0.633906193061073 0
0.3908728354597476 0.6603907451276345 0
0.4177951077144829 0.6472358314784397 0
0.41847435672518646 0.6852371176639402 0
0.3628573330632674 0.6916901407457706 0
0.5297240964416323 0.6250642108805592 0
0.49509794483670033 0.6574621067291456 0
0.503645738673466 0.6319245343780235 0
0.48423923185903633 0.6150690389730641 0
0.5064342427874056 0.6192537490853373 0
0.4795971586757647 0.6285620789433035 0
0.45525422071577065 0.6478214268580568 0
0.47152234238032487 0.615293558241647 0
0.4448888344411059 0.6392763176657341 0
0.4402334122549602 0.6260749296688842 0
0.4333330298000854 0.6002925469419598 0
0.4607769470925972 0.5903556931882975 0
0.47362421468201876 0.5640677187737652 0
0.4752587140803762 0.5923871818572242 0
0.48901655353190926 0.56487069267496 0
0.4900637090286555 0.5908061026611574 0
0.5033764910753693 0.5913184248061993 0
0.48669608624677196 0.6015007385784262 0
0.4963450572982065 0.6106843386801235 0
0.5314294675180391 0.5965116402905167 0
0.535604340038585 0.648091542996184 0
0.47262239178895304 0.7408768895397998 0
0.4692067973040152 0.693729313425805 0
0.4538265791010327 0.708858813651428 0
0.9405972864382958 0.12120366672823937 0
0.21653846531686263 0.8804397047554106 0
0.23402931930508236 0.8686592200205531 0
0.1883543561762715 0.805277852093259 0
0.17135431700344428 0.8213647628758151 0
0.25050231666474926 0.8283360279691501 0
0.22613068881118556 0.8267097194513011 0
0.1280302107221905 0.8255443695232538 0
0.1283634651121126 0.8111944993904173 0
0.16870366344048757 0.7477800933716087 0
0.9188547785558687 0.6849134992436237 0
0.8395003949930689 0.7191005784388289 0
0.8016408046885876 0.7080901772367678 0
0.9408129691761977 0.570188663196419 0
0.8036169042294857 0.6628649721142343 0
0.7850145730139626 0.5452032963276082 0
0.6924166328722199 0.6113421461865371 0
0.6958294759966916 0.588409309644924 0
0.767032361245425 0.5818265033326798 0
0.8188278439972183 0.9811605646216814 0
0.8517431916957325 0.8697971715825709 0
0.8370766567601083 0.882724728109436 0
0.842470956175865 0.8671439119857713 0
0.6449738309366126 0.9349027935668404 0
0.6824574648912356 0.9176542461891185 0
0.7173026109592674 0.9387571279012721 0
0.7798631989153321 0.7492649761221122 0
0.8500366642349934 0.8410002330991019 0
0.8394885466116768 0.842898744424513 0
0.8133465142538182 0.8171412022221414 0
0.7957838911118983 0.7952885723697787 0
0.8637299014385844 0.8139501242328574 0
0.8177779988221859 0.825733763314961 0
0.8256956181372551 0.8297632351323696 0
0.8338965819279776 0.8119457841060379 0
0.9092622272094166 0.759417674660389 0
0.8894750707986454 0.7445567832350649 0
0.8386630003559139 0.7721847569630702 0
0.8463670803192953 0.7969500670197132 0
0.8889077058924925 0.7853548138221812 0
0.8787108231370876 0.794000186264333 0
0.8402587394107659 0.8543542190127338 0
0.9879910669255584 0.9333670044280917 0
0.9731108685361668 0.9310602777747429 0
0.9332958050684796 0.9432158777661668 0
0.9833734919095618 0.9730091858192548 0
0.9652689624776494 0.9818657266933989 0
0.9182906509328369 0.9514396322145591 0
0.7854204600388445 0.8921648938135842 0
0.7753413601561244 0.8880612120026449 0
0.7748381380602749 0.9020712571049784 0
0.7715972429804963 0.9184904616489075 0
0.7579264349334259 0.9066543794117574 0
0.8046969505852267 0.8808763599578859 0
0.7670545851734751 0.8615696058235518 0
0.8227263956674512 0.8874135169516867 0
0.8043287506989703 0.8702539623882968 0
0.7947408148288041 0.87584143972217 0
0.7885661389982276 0.8443801112027753 0
0.7657716188979116 0.8382252319735604 0
0.7864623450031465 0.8564281848554993 0
0.8093228115287704 0.8259087400262272 0
0.806109576505718 0.8340795674410971 0
0.7856287520624158 0.8040885410416173 0
0.7669991723871675 0.8248963759093909 0
0.6025207141148796 0.79682212469252 0
0.5405867337671318 0.7349443179784738 0
0.5574954399250978 0.7482814448682883 0
0.5222686083431697 0.7441148188141109 0
0.5458980435604531 0.7826724757889829 0
0.573943709088767 0.7209626744729459 0
0.589151548123825 0.7295106493516567 0
0.6036182993955023 0.734920838530716 0
0.5750502974696059 0.7383879553579482 0
0.6137382790582905 0.7482055828948487 0
0.6841939380448384 0.8457529301297267 0
0.6917155141366913 0.7937555720969993 0
0.7624776174993125 0.8000951204658987 0
0.7315094008818933 0.8014395503211692 0
0.7455392314313144 0.76973339745746 0
0.7394241661303022 0.8206101025905946 0
0.6035071992979906 0.8250498389473642 0
0.6148240711897373 0.8508905514087667 0
0.8680879427602252 0.9600126837234255 0
0.8807754139840591 0.8824100775213269 0
0.9149422093841014 0.8926370255890917 0
0.8854720409523986 0.8330967759782824 0
0.872534396813483 0.8561312834224499 0
0.8880837718528602 0.8588556474625646 0
0.8856441879574504 0.8522320436920897 0
0.8959177931806039 0.8397161098535962 0
0.910322292336138 0.7981914651577253 0
0.9757955086788281 0.81873641370368 0
0.9369854795865591 0.8402522236983009 0
0.9351361776883049 0.7916061461831664 0
0.9528614943230076 0.8119945187039869 0
0.9423147990629752 0.858449376446707 0
0.9584471237594913 0.8706339270362681 0
0.8314387606635899 0.8901004349240215 0
0.8481658890306881 0.9033714504553978 0
0.8132530747855009 0.9022366235890373 0
0.820535732464656 0.9083959372612643 0
0.8430890184430768 0.9328033397386375 0
0.8566277290132851 0.8926954201349708 0
0.8629521819047746 0.8865389915153177 0
0.873227791909579 0.8894504278281535 0
0.8751452253518711 0.8992835861302814 0
0.8692878486742291 0.8240001658802355 0
0.8544500196625499 0.854606805644761 0
0.8754524468181347 0.8633344956818706 0
0.02178926078522281 0.838584218325199 0
0.10582990577507777 0.90874517420916 0
0.06872913483874965 0.8024677887780376 0
0.09952518206691208 0.8179529575721106 0
0.09664856618307877 0.831162653534872 0
0.08616928776532248 0.8377951972294627 0
0.034711276730881625 0.8581335179487051 0
0.04446821831674995 0.8425932393324349 0
0.7239516822082492 0.6401820049410358 0
0.704093282903788 0.6307938529616609 0
0.6998844736429484 0.5151356664657404 0
0.6888584831372201 0.5114293973201408 0
0.6914064871527205 0.4867568830233929 0
0.7317588763661017 0.5244628252971987 0
0.7507718892759886 0.5391115243214676 0
0.7240726851514461 0.5158912917946467 0
0.7613273711497778 0.5275632668194462 0
0.7778279721711837 0.4613554834557372 0
0.7643995646616725 0.4992983493891658 0
0.7809449436544833 0.49712743232941825 0
0.780272545930709 0.4785569283267139 0
0.9535305584280862 0.28600186288758045 0
0.9411057212761533 0.23856677704519372 0
0.8700944306723323 0.2958543598414032 0
0.8845682772737617 0.2590199954572744 0
0.9530131498663839 0.3136111099794013 0
0.9498197100486931 0.339060448075201 0
0.9204132904589638 0.336769608180662 0
0.88062333682173 0.42622776345843083 0
0.8895783444930365 0.4436465686766073 0
0.9526518280869447 0.43908918381483697 0
0.8068954460302346 0.41705323644149866 0
0.7145845877411604 0.5419059155990726 0
0.7190847875734178 0.5271533284156646 0
0.6559757141257538 0.5406408769657945 0
0.6623037754019254 0.5581609581923396 0
0.6694392538866958 0.5343751692660638 0
0.6655528119739963 0.5211821572544186 0
0.6619293511546364 0.49454253633930895 0
0.7394999051918814 0.5638950375629876 0
0.6815422269634321 0.28176079972810963 0
0.7415410462607136 0.31479398236473327 0
0.7552220790485407 0.22979168053610116 0
0.7880928875447568 0.22166864343866977 0
0.7800942058730332 0.23773230520534272 0
0.7078656122125262 0.27070216058537483 0
0.6813558510534413 0.31927010690645813 0
0.632814693563378 0.32894987938192133 0
0.6574129423571489 0.37469501950253303 0
0.6653653833713603 0.3395511357069895 0
0.6828439043414642 0.3625800136842993 0
0.6660223108393171 0.3583239852851674 0
0.6001153800069092 0.1035478489883631 0
0.6142815386828948 0.10640911872967951 0
0.6255018761638709 0.11516981375576957 0
0.34552257893253396 0.44623220373683403 0
0.41544944548388346 0.5018314032744896 0
0.6003778071799665 0.6277834545872839 0
0.5451959524959941 0.9559027504837195 0
0.3618396824867352 0.926022792076871 0
0.34899930553686137 0.953601475020419 0
0.3772434273637555 0.9344001975452133 0
0.3297115249370607 0.9468342434554852 0
0.3147391795963897 0.888917239453678 0
0.2979722093489291 0.8896583511620235 0
0.4311551832982221 0.9645419851807686 0
0.4494240504369974 0.9472680728970538 0
0.4787456711387229 0.9493360959440409 0
0.43465714887137796 0.9352184428372098 0
0.4796193509530947 0.8465952480233969 0
0.35243589471665887 0.8497585213879276 0
0.230709145694674 0.6948348297676838 0
0.3171006879161915 0.7067920982369585 0
0.14760208123822977 0.9632176842408093 0
0.31154695970555835 0.3543878561150467 0
0.43664650752594525 0.2505284024660801 0
0.4534723117914339 0.24033814737736234 0
0.4104335169547333 0.33692896943248984 0
0.41419325165575493 0.30506828784451473 0
0.4026076046069525 0.3218117045870384 0
0.35899396117167487 0.3224911030138619 0
0.37661062999025646 0.29942501612136163 0
0.3882512266596189 0.2177846166635972 0
0.36194609134465405 0.26257554943386446 0
0.37878207151493437 0.24233385029547932 0
0.3862427724631737 0.25424609940369064 0
0.3516325169778745 0.23654867986183634 0
0.22967301425817369 0.23092507930369988 0
0.19785399327271214 0.24571896378684366 0
0.19702217920892406 0.21720420634646076 0
0.3162965242806686 0.4189529063504676 0
0.2653220795806793 0.29884939448439907 0
0.15568219249178336 0.49537270778300196 0
0.18192504164163473 0.4438480045229915 0
0.11565726428928122 0.5761480483814462 0
0.10337221591146514 0.6429715976705784 0
0.07702214638664408 0.6784766363562948 0
0.06227340940733839 0.6989095070653035 0
0.15551034703694602 0.7289132953997716 0
0.22936857160442972 0.045073748402507816 0
0.08011750515877557 0.10735129659916384 0
0.08817779544220043 0.07486118726912873 0
0.09191280748625907 0.09306753891582038 0
0.0433690282816593 0.06329031160009391 0
0.1356125504282789 0.14406187240651147 0
0.04452114839354718 0.20596088606995175 0
0.10527091574292956 0.19019988345745975 0
0.13616614566450477 0.2408275388017701 0
0.2881961393140131 0.22299271102167886 0
0.1378288141545358 0.12634443582623134 0
0.163286213049343 0.12852388729796063 0
0.1707855274005469 0.14394172013819834 0
0.1962640702806881 0.15367566494266421 0
0.4067884600842413 0.02634650349707153 0
0.4336690485358387 0.03344029618025103 0
0.39217895181205636 0.09464597909264147 0
0.412062529755245 0.12237897723416592 0
0.4274463807956002 0.11219269251532227 0
0.41285950749161565 0.08227502861351892 0
0.43383424496057965 0.07572184070881521 0
0.4489482453592811 0.08995017417067185 0
0.2769129366205848 0.03698464905788652 0
0.3355065601342525 0.14311447836398716 0
0.6415274980874651 0.20610785314622554 0
0.6416128165386294 0.22098288019412413 0
0.5232721266611158 0.09673085406505592 0
0.4996129968165967 0.11393625561234386 0
0.5235489658802449 0.10981405135129801 0
0.24586444202131508 0.5838457756696496 0
0.8324106759666507 0.29765854233710953 0
0.7788041770477367 0.14457064168811556 0
0.7580699931283897 0.13741984682786476 0
0.8089879320183866 0.11439789647057536 0
0.8728748910951462 0.48754258818123464 0
0.8936873353641257 0.5654997378000771 0
0.3950982331490792 0.6294382568014673 0
0.36235217974557976 0.6735494767720385 0
0.3813569322668214 0.6788881570470375 0
0.49884010214321034 0.6441178054498309 0
0.49137538928695546 0.6343565395099402 0
0.469650454092731 0.6514198913152217 0
0.46835696528019805 0.6382517753111829 0
0.4650050439441969 0.6025629887083387 0
0.442324142343449 0.6487472454263332 0
0.42639887812760213 0.6139642800500785 0
0.4416739755271491 0.6110432189774821 0
0.4666928423365808 0.5778412892657394 0
0.4975426512619317 0.5771077733046434 0
0.5088343768330075 0.6043533650791093 0
0.5259046546995269 0.6380813846590851 0
0.47512483489901475 0.7113132527449305 0
0.19610387587789826 0.8910727663485796 0
0.2449566580540158 0.8067445115616018 0
0.11500759135501622 0.8158081597872878 0
0.11516661286276329 0.7883970841757125 0
0.9281774666415267 0.7046816277998941 0
0.8552289482397377 0.7346675641616353 0
0.8638662311018661 0.7545309503265782 0
0.7677884409375251 0.5429961378923958 0
0.7173891268062075 0.6167507848948788 0
0.7919690385028223 0.5618833397322539 0
0.8383616305894614 0.6314365222456078 0
0.8034196651031107 0.9218333245122141 0
0.7978362240436013 0.9298109265867119 0
0.8436496154127796 0.8754146413181488 0
0.8362942919360128 0.8617356584347499 0
0.6826062597220168 0.8953644818367933 0
0.8437934413727365 0.8197112890917052 0
0.8344509871577036 0.8332191044098259 0
0.8346529701585834 0.8243436918558772 0
0.8074820828399167 0.7659652953267323 0
0.7913395555252198 0.7630739111739089 0
0.7947179684336446 0.7315056860519528 0
0.8128782463372328 0.7447797112842787 0
0.8163268308439671 0.7244504542755096 0
0.8496008237321605 0.7837277393474339 0
0.8267374265296648 0.7582157933590713 0
0.8232459485878425 0.7771814191774776 0
0.8690295708396241 0.7910132871345178 0
0.9716448798183138 0.9128899675671314 0
0.9657451971840417 0.9458691394703734 0
0.7896757659402116 0.9046892439218888 0
0.7630544103411645 0.8887542687729345 0
0.827728112522037 0.8813068166530943 0
0.821427635817499 0.8802430677260255 0
0.8263025353864392 0.8633307178771328 0
0.8338420973074667 0.8715299590060797 0
0.780245439941438 0.8328142453597696 0
0.8084855534657535 0.8437980209614583 0
0.5590291504032103 0.7286972843608448 0
0.545484709959282 0.7173964826602219 0
0.5387725579557869 0.7527483422409939 0
0.5065378971062294 0.7580144021752175 0
0.6137259131643646 0.766755747821635 0
0.5654929884746777 0.7707128369117417 0
0.7271063953152216 0.7613620837834717 0
0.7064769626729805 0.7719007854287787 0
0.5645100199372343 0.8752599219841739 0
0.8707042099068474 0.8796068087810675 0
0.886628279169294 0.8445419926777213 0
0.8883391038261486 0.8745867357881298 0
0.8677541870210774 0.8616539731199692 0
0.9159379851617977 0.8493696853184931 0
0.9781271424385735 0.8081070140723786 0
0.972349567613035 0.8333586562900986 0
0.9611237690178362 0.8228900895609546 0
0.9224517306806911 0.7943357742640978 0
0.9488135968081917 0.8226251537930658 0
0.943983519368682 0.8010325179510441 0
0.9447742442726261 0.8709076106210627 0
0.8479054142663949 0.8932017835100582 0
0.854581954706693 0.8989837332286623 0
0.8410822924877649 0.9095711306834368 0
0.868530680546733 0.8698975207270827 0
0.08512735162352515 0.8057408070244196 0
0.6970976365380139 0.5063008184084818 0
0.6784036110279316 0.5161277084618747 0
0.7378294415437308 0.5363494457372739 0
0.7451938635912295 0.5086527655818289 0
0.7560839881977567 0.5121674531464169 0
0.788427487374326 0.40386773298042905 0
0.7198567651664991 0.5610200755355492 0
0.7302949538377282 0.547918540425705 0
0.6711821744083227 0.5462712348479941 0
0.63936343771924 0.5099367474282841 0
0.7580354332935686 0.5695054121424956 0
0.7559474881344254 0.5532390583709581 0
0.7428485200787982 0.5490796445174673 0
0.5118475637896139 0.3504439518653929 0
0.49766337694190826 0.36573802282733914 0
0.697412317874497 0.28183935921778813 0
0.797819654500337 0.2375669967447835 0
0.7885858741587136 0.2535139998419425 0
0.6801948607039933 0.33523629455398996 0
0.6441825289637554 0.3168523553869889 0
0.6480861519970126 0.3603957794472678 0
0.6674291055970477 0.3262238066622953 0
0.6212384224051682 0.09165376562330851 0
0.3426349761114429 0.42957305074632934 0
0.3294097791325856 0.43966981541306505 0
0.4297875238474578 0.49346555210451537 0
0.34413047871915514 0.9329356199554573 0
0.4438202263591862 0.9630197959276054 0
0.4470376212670048 0.7860606475421712 0
0.3452521709856803 0.8625598153336659 0
0.14551136884892443 0.9441757966795297 0
0.30207364782616497 0.36560372567276367 0
0.4497929924328133 0.2846435996923172 0
0.4349080946260711 0.3060921426740568 0
0.42581555106007074 0.2865056243905093 0
0.3670708694939245 0.30801377157900833 0
0.3662811374701016 0.23998711211153576 0
0.2104696260285254 0.22799254566888416 0
0.31861328226715974 0.43043075425719995 0
0.1592710767691226 0.47560349706947186 0
0.17670926256012404 0.4888907730690185 0
0.14385168553660538 0.65227626137426 0
0.15571349160562908 0.6255720656843442 0
0.23414071255892882 0.032479308060627536 0
0.07825132568621782 0.260799487117771 0
0.16759813964143971 0.1586353806052343 0
0.4410957256419792 0.10528011107897468 0
0.4292534641612312 0.09577875375265997 0
0.5103475030478116 0.10343774420152782 0
0.7720024830764732 0.127331684360372 0
0.7627293398168346 0.15856271661401455 0
0.7846604779438189 0.10312534655707375 0
0.7918583762776752 0.1284583508476758 0
0.48355938645163393 0.6442525925658945 0
0.456195042287705 0.6161172019753196 0
0.4343029900844628 0.7183805050875578 0
0.440849605963699 0.7529371052106478 0
0.19973219238430923 0.8707534748973556 0
0.2095656826274515 0.810736036529893 0
0.21531959958200497 0.7660962317366219 0
0.22455917606271494 0.8023335724988447 0
0.20858642043480743 0.7912378551001827 0
0.8455966748771944 0.7546719377328969 0
0.8701932718645713 0.7689652619161753 0
0.8802515669243862 0.7565572806300125 0
0.8738883186253148 0.7407374993271942 0
0.7727727561183558 0.5619470695046225 0
0.823343174210374 0.6120264665548846 0
0.8242556226985442 0.9198091364109672 0
0.8020528037857902 0.9445774142510067 0
0.6581550739363818 0.910682234066864 0
0.6720100408521662 0.9421500425434517 0
0.8442107909092461 0.830513791204233 0
0.8132226138609052 0.801733894378777 0
0.7975851038045723 0.7506340786600851 0
0.8347252038021624 0.7890623244763647 0
0.8687894970847453 0.8023185166490822 0
0.7853395957510478 0.8815558097029008 0
0.7831908143256687 0.9130903144438159 0
0.8229035138311044 0.8731662182142889 0
0.5927776514012763 0.7473270542167375 0
0.6014317548715006 0.7768615009841635 0
0.5831439522149352 0.7844672794714002 0
0.8789453948754155 0.8498682434323583 0
0.8688687198408793 0.8389155204129939 0
0.925984378808146 0.8416334134518128 0
0.9058480925573632 0.8356538358059064 0
0.9053882527952092 0.8131880841363844 0
0.9727709606012159 0.8454165622743627 0
0.8544042330227715 0.885464947893485 0
0.8295134068072714 0.963816814216307 0
0.8845903566174788 0.8651934260676288 0
0.8779688484451759 0.8724258472324222 0
0.10563767382113172 0.8024903115774167 0
0.7452714999073949 0.5234847655376591 0
0.9490975104410382 0.25914528233055123 0
0.7258247985777811 0.5356951675540977 0
0.655452505627864 0.5084249829328228 0
0.6502787145033082 0.5247148184718577 0
0.6325385479661996 0.10445766004269215 0
0.32864195640359084 0.4247053127734817 0
0.28366113560538114 0.36987464336495135 0
0.43353274469437125 0.9523476062358969 0
0.43363559557297715 0.26846154608475603 0
0.35684161489019367 0.249724981926585 0
0.1275492151110993 0.634794822254748 0
0.08798432846595194 0.6993949402288846 0
0.15613713315370709 0.16317180727831535 0
0.15295116914233645 0.13757400245964882 0
0.48009872263688075 0.6608207629557518 0
0.17576651404926502 0.8396794827958326 0
0.1881525679705432 0.8551215819629259 0
0.21434216865904862 0.8542217574178542 0
0.233208450741623 0.7854418363258614 0
0.8634143887545337 0.7820727723969803 0
0.787519437340336 0.5778542482495295 0
0.8284018307020806 0.9331251891094349 0
0.8118988768156175 0.9309752123534919 0
0.8550133180506583 0.831744078335437 0
0.7934426120282048 0.7786082182767213 0
0.8087138773129933 0.7849595088307054 0
0.8328522668511184 0.7396232300301645 0
0.8274079946394387 0.8009559291364332 0
0.600854271234675 0.7612821369531488 0
0.5855022808857587 0.7655641941325246 0
0.8747229205933585 0.8318994814465915 0
0.8771328812335722 0.8412677890308674 0
0.9339177478655577 0.8322213543481335 0
0.9150885626724808 0.8379334948924704 0
0.9583776762423019 0.8360348656322708 0
0.9313327861328832 0.8037070268550844 0
0.6462990891153888 0.49485948084787096 0
0.2900806169704375 0.3488710849834159 0
0.12952609368232468 0.6031760210197381 0
0.06244629836590447 0.23312759011532577 0
0.4546412964886643 0.10924989858957296 0
0.44912228005953875 0.7263481286031898 0
0.1965169547239624 0.8302764427416854 0
0.8360765777991892 0.9469012811130617 0
0.8192938982473164 0.9470080665075347 0
0.8101369978916036 0.9628719506125909 0
0.8214312936649234 0.790457418976861 0
0.9398805570417241 0.8253880705043621 0
0.9112438019276505 0.8273832630046132 0
0.9194038276710482 0.8070819003089232 0
0.2559216230623439 0.7061155041838061 0
0.28364036132732917 0.7004503894572147 0
0.45657284932592385 0.744243547365403 0
0.8554733484148164 0.7690764966978181 0
0.9399273125153069 0.814871687611664 0
0.9310218848391197 0.8226047699577488 0
0.10560633927696082 0.6185642925443012 0
0.10824989715476105 0.21349189608922767 0
0.09220677404835266 0.23347888764681382 0
0.9283494038764469 0.8132031994788238 0
0.9198604125359394 0.8187863322733646 0
0.826225511153333 1.0 1
0.6097166253224326 0.6190725935318295 0
0.8498737205312741 0.924623943148953 0
0.06649480452827733 1.0 1
0.07520588077606015 0.9883296901185067 0
0.8582413624409654 1.0 1
0.0 0.9310801522894577 1
0.6863132192975687 0.4655140500910654 0
0.6568402271907984 0.24033467680785067 0
0.3931856354933725 0.8193176445494641 0
0.3783069470978604 0.8144986163572194 0
0.3918368423621478 0.8781573830272386 0
0.3741618477382198 0.8610619968102131 0
0.37304701642359644 0.8699115162822743 0
0.3978607241215057 0.8681685686815792 0
0.3954216974980633 0.831951481678973 0
0.3870066773242805 0.907507455837828 0
0.37404317655875297 0.8906399753804283 0
0.05024115107853762 0.4879568476614172 0
0.31736570136532527 0.17873110000583747 0
0.49919824954672953 0.1581730245026953 0
0.505658331972566 0.17469995149990614 0
0.035674401608397 0.944730290932709 0
0.06559609004753536 0.9136869129280286 0
0.05121290617126742 0.9358349081042896 0
0.696702901684486 0.22986610869468563 0
0.6671905846775666 0.23493405855715058 0
0.36323121509520767 0.9096557611782989 0
0.07270852367751014 0.855429228584591 0
0.05739903906924724 0.8295049185058604 0
0.7101120014453896 0.22788426723262029 0
0.6623584795192444 0.26430635917287165 0
0.705279528948709 0.33780504965658287 0
0.589724733177084 0.12103609502977553 0
0.3758626792492996 0.9024654986202878 0
0.35259344303574186 0.9020325147405206 0
0.3631931084233558 0.8957152942599385 0
0.4483983932161207 0.8378701322565306 0
0.29767518605747745 0.43868834448531896 0
0.3054577461688469 0.4505935985169243 0
0.27263557801085314 0.08427344352163782 0
0.5189078725525382 0.6156591641269847 0
0.05361006194681312 0.9171300227259358 0
0.07551898457316789 0.9172940808695003 0
0.08845813723670722 0.9134457522074129 0
0.07046581935319254 0.8183427515445666 0
0.6898549814682688 0.2924783646073455 0
0.6763307894971686 0.2562371204390706 0
0.6587152426550731 0.3169902644578943 0
0.30437748525693525 0.9032681657090749 0
0.46644074785621686 0.6261526923580895 0
0.9228663174875675 0.8297801513799024 0
0.05968443999447143 0.9830269835773686 0
0.9473040612779848 0.7879884079915456 0
0.27463885676923994 0.4193864303525823 0
0.543372161133367 0.1061416059360549 0
0.4320619234396133 0.851109213631532 0
0.2251744301244993 0.09527642370750927 0
0.45318740381879596 1.0 1
1.0 0.7637800890486668 1
0.38341295372617995 0.8292383328363007 0
0.018853903924327325 0.9590520575393823 0
0.07750086938301012 0.8452769840978743 0
0.07269373821065027 0.8336487210245969 0
0.5989074905613893 0.1253886534265281 0
0.5808216273488207 0.0 1
0.771628363922094 0.5131068190406122 0
0.13511621794027387 0.019277946900602035 0
0.7913673929570982 0.3900700604814829 0
0.6013468475840718 0.41671103002438026 0
0.29115710251060073 0.6316036095892732 0
0.14096733448881194 0.5813800095221394 0
0.6842865860326652 0.42038213114167994 0
0.5153899835220264 0.7311163056760906 0
0.3903555623158661 0.9175620363030637 0
0.06433676641666279 0.05191558009593078 0
0.415285434060689 0.1706533444837551 0
0.28287618179242985 0.6134623591530554 0
0.9529560056445655 0.7548601917733306 0
0.7990863472046712 0.8394687517287663 0
0.7911511772756759 0.8252844888918239 0
0.7555057933515688 0.4899608815721436 0
0.6161631627946268 0.0631885326876984 0
0.46695330257267625 0.979936494331167 0
0.29430969323900247 0.45105576856774804 0
0.14714074459861884 0.8480120312738246 0
0.4441657376481402 0.9162640171758949 0
0.43986831861120596 0.9247331714184274 0
0.40623119893845155 0.6588038205922931 0
0.44619773593245515 0.9334789956719597 0
0.952926755655063 0.8289640497666713 0
0.6636075132386281 0.3090052780171274 0
0.6689645222372523 0.31507699444039333 0
0.1352201997383952 0.8492567832267516 0
0.2957817626549545 0.42630578262585134 0
0.08660588230370682 0.2902233646599431 0
0.10512807045191397 0.13781109998884322 0
0.6236404461082948 0.47773250028823167 0
0.3198140280365052 0.727283048604952 0
0.20116356832627194 0.1934168344706172 0
0.8490424060360623 0.09374780456992134 0
0.4275965560932564 0.5914986412629013 0
0.23078353276262503 0.9800874669263341 0
0.35471438285986523 0.1195603683447996 0
0.3631240854177913 0.5668534805042194 0
0.2654955898529087 0.6227667402113639 0
0.49988747002980155 0.6829433659972736 0
0.49103902176440906 0.6714373523510027 0
0.8471806830703702 0.5649218710794497 0
0.7308440542923524 0.7475455774662753 0
0.7532203721402074 0.4788807528076794 0
0.8038716905176283 0.3949486877166723 0
0.19467785004430632 0.9550416061004522 0
0.2550527656312385 0.5621507242858524 0
0.7471871491707168 0.8054609807463108 0
0.36162434324613385 0.29458600147936354 0
0.18535322874396762 0.2996058228275028 0
0.8942504214814017 0.5020178656492955 0
0.7226918169911482 0.8983224367700131 0
0.8537104936350125 0.8163166345915637 0
0.8450580210404097 0.8078960025535712 0
0.8000202551344879 0.8287283653408345 0
0.594725840932902 0.8474259587616193 0
0.8035952060874332 0.2218970790426835 0
0.1810453619829263 0.3216465125351721 0
0.20511989580610032 0.33414602475373334 0
0.7277116960548239 0.7820327053398632 0
0.8379075324145867 0.8006688019570216 0
0.8515706909319705 0.8247456306477564 0
0.8364704716961484 0.42417088426514554 0
0.37181596427205865 0.28559735435270545 0
0.7692385463497213 0.8112421673558778 0
0.2980967226460483 0.6571975260548294 0
0.061775128166640915 0.28026005885172234 0
0.8213911033033905 0.4009272854002159 0
0.7467101644815399 0.7888098181319437 0
0.35512748523530635 0.3077539535981425 0
0.7289388943382158 0.39595092514031766 0
0.7438682456774117 0.46995841099971897 0
0.7322993631335654 0.4692462933605159 0
0.24987066667696808 0.4539028103465601 0
0.26111336557448134 0.4300274122255555 0
0.4919389450324536 0.06837386595652638 0
0.5069064580069716 0.1869526255607809 0
0.06271353958303325 0.9445061973222351 0
0.27468023934672275 0.43852125732672903 0
0.25288719418369154 0.44127670738659897 0
0.9410718922767503 0.527322624232394 0
0.8574587599641748 0.9705122653423941 0
0.8266975640019105 0.4496571779659776 0
0.6123389448532744 0.08145664768269134 0
0.41490213484760846 0.8483682974854073 0
0.14019371330197467 0.17457182531342808 0
0.13864068466896598 0.18797381050442197 0
0.12239875272581469 0.18091364234727778 0
0.26015330949448046 0.10639669046966255 0
0.17938968378675565 0.13377777025956802 0
0.4848661784954942 0.0743228039269301 0
0.4644893673569351 0.9459178586721302 0
0.416583918105453 0.8369823294186377 0
0.6460280850032398 0.2636103744109548 0
0.840300755248237 0.8888038791042426 0
0.3069036092004047 0.37972466066873795 0
0.9671876968054325 0.840027696845149 0
0.3033235677368713 0.38963197911271247 0
0.4704260975188681 0.9382135875241111 0
0.2674243988887992 0.43773233028715874 0
0.7233005691195536 0.47375799501208377 0
0.6950395322444483 0.41826336779719353 0
0.6373135414161974 0.6718115776148554 0
0.40379200700347817 0.6043412569100813 0
0.2843934634279463 0.674004445513101 0
0.8475493817024942 0.2024814998903565 0
0.2236641466232812 0.34126805146840716 0
0.9515294504556423 0.548204284207944 0
0.10265121245304286 0.26911537099019006 0
0.9472080562061725 0.5924425626420531 0
0.14590439402219293 0.15956689970616822 0
0.10190248968914956 0.2537229287360227 0
0.5127649475636542 0.18225497166893867 0
0.34987241876587766 0.20046190020806895 0
0.6593281378450236 0.5299489132588875 0
0.3068687233626549 0.5787082111484971 0
0.8421238791222764 1.0 1
0.5493541269031081 0.0 1
0.5271401472485162 0.6941906421901336 0
0.8503450290471122 0.8780820245595741 0
0.14897076982510743 0.14878029904941836 0
0.15755707948791065 0.15237943626399306 0
0.4848528832890113 1.0 1
0.1546887100877636 0.0 1
0.15262913667338024 0.17074578912292057 0
0.17286447541089917 0.1327012167634609 0
0.7291159787949327 0.4791418793192803 0
0.8896872225177566 1.0 1

Edges
161
1 266 1
1 271 1
2 118 1
2 119 1
3 1035 1
3 1078 1
4 223 1
4 381 1
5 474 1
5 848 1
6 141 1
6 350 1
7 582 1
7 3141 1
9 248 1
9 259 1
10 262 1
10 377 1
11 198 1
11 227 1
15 144 1
15 330 1
16 142 1
16 143 1
18 160 1
18 339 1
19 161 1
19 162 1
22 766 1
22 854 1
25 194 1
25 369 1
26 192 1
26 193 1
27 593 1
27 598 1
30 657 1
30 658 1
31 245 1
31 274 1
34 246 1
34 247 1
36 260 1
36 261 1
37 769 1
37 775 1
38 272 1
38 273 1
42 289 1
42 290 1
44 331 1
44 333 1
45 336 1
45 338 1
46 1000 1
46 3011 1
47 347 1
47 349 1
49 1038 1
49 1041 1
50 2957 1
50 3146 1
51 378 1
51 1095 1
56 141 1
56 142 1
57 143 1
57 144 1
62 160 1
62 161 1
63 3017 1
63 3136 1
69 191 1
69 192 1
70 193 1
70 194 1
72 198 1
72 199 1
73 599 1
73 3010 1
79 223 1
79 2955 1
80 226 1
80 227 1
85 245 1
85 246 1
86 247 1
86 248 1
89 259 1
89 260 1
90 261 1
90 262 1
91 767 1
91 768 1
92 265 1
92 266 1
94 271 1
94 272 1
95 273 1
95 274 1
103 288 1
103 289 1
104 290 1
104 853 1
117 330 1
117 331 1
118 333 1
119 336 1
120 338 1
120 339 1
121 346 1
121 347 1
122 349 1
122 350 1
124 1036 1
124 1037 1
125 1042 1
125 1043 1
127 369 1
127 2952 1
129 381 1
129 2958 1
162 3017 1
163 474 1
163 3136 1
191 582 1
199 593 1
201 598 1
201 599 1
202 3010 1
202 3141 1
224 657 1
224 2955 1
226 658 1
264 766 1
264 767 1
265 775 1
288 848 1
291 853 1
291 854 1
346 1000 1
358 1037 1
358 1038 1
360 1041 1
360 1042 1
361 1043 1
361 3011 1
371 1076 1
371 3146 1
377 1091 1
378 1092 1
380 1095 1
380 2958 1
768 3142 1
769 3142 1
1035 1036 1
1076 1077 1
1077 1078 1
1091 1092 1
2952 3135 1
2957 3135 1

Triangles
6129
1 266 1417 0
1 271 1417 0
2 118 337 0
2 119 337 0
3 1035 1078 0
4 221 223 0
4 221 381 0
5 112 474 0
5 112 1997 0
5 848 1997 0
6 141 326 0
6 326 1552 0
6 350 2041 0
6 1552 2041 0
7 580 582 0
7 580 2310 0
7 2310 3141 0
8 313 521 0
8 313 742 0
8 521 691 0
8 691 734 0
8 734 742 0
9 243 248 0
9 243 252 0
9 252 1394 0
9 259 1394 0
10 257 262 0
10 257 985 0
10 377 1094 0
10 985 1094 0
11 198 663 0
11 227 3054 0
11 231 663 0
11 231 3054 0
12 552 586 0
12 552 1559 0
12 586 3137 0
12 968 1559 0
12 968 3137 0
13 404 408 0
13 404 1776 0
13 408 426 0
13 426 1534 0
13 449 1534 0
13 449 1776 0
14 149 1136 0
14 149 2959 0
14 405 418 0
14 405 1173 0
14 418 2959 0
14 1136 1709 0
14 1173 1709 0
15 144 1723 0
15 330 926 0
15 926 1723 0
16 142 148 0
16 143 146 0
16 146 148 0
17 453 463 0
17 453 483 0
17 463 465 0
17 465 472 0
17 472 482 0
17 482 483 0
18 160 1233 0
18 171 339 0
18 171 1233 0
19 161 484 0
19 162 305 0
19 305 486 0
19 484 486 0
20 476 1212 0
20 476 1213 0
20 873 1213 0
20 873 1800 0
20 1212 1238 0
20 1238 1800 0
21 509 534 0
21 509 1246 0
21 534 1347 0
21 675 1246 0
21 675 1345 0
21 1345 1884 0
21 1347 1884 0
22 766 1938 0
22 854 1491 0
22 1491 1938 0
23 516 1479 0
23 516 2663 0
23 866 1479 0
23 866 1964 0
23 1249 1964 0
23 1249 2663 0
24 519 537 0
24 519 1254 0
24 527 548 0
24 527 1254 0
24 537 539 0
24 539 548 0
25 194 1023 0
25 369 1075 0
25 1023 1606 0
25 1075 1606 0
26 192 364 0
26 193 1654 0
26 364 1654 0
27 593 2308 0
27 598 606 0
27 606 2308 0
28 578 601 0
28 578 613 0
28 601 619 0
28 613 615 0
28 615 1318 0
28 619 1318 0
29 229 1102 0
29 229 1340 0
29 991 992 0
29 991 1340 0
29 992 1104 0
29 1102 1104 0
30 657 661 0
30 658 1335 0
30 661 1335 0
31 245 267 0
31 267 1941 0
31 274 1941 0
32 236 678 0
32 236 2382 0
32 671 678 0
32 671 702 0
32 683 702 0
32 683 2382 0
33 710 728 0
33 710 763 0
33 725 728 0
33 725 1933 0
33 763 765 0
33 765 1933 0
34 246 1381 0
34 247 711 0
34 711 1381 0
35 254 752 0
35 254 1385 0
35 726 752 0
35 726 1386 0
35 1385 2673 0
35 1386 2673 0
36 260 1932 0
36 261 1390 0
36 1390 1402 0
36 1402 1932 0
37 769 3019 0
37 775 781 0
37 781 3019 0
38 272 276 0
38 273 795 0
38 276 795 0
39 800 858 0
39 800 1355 0
39 804 818 0
39 804 858 0
39 818 1434 0
39 1355 1434 0
40 788 815 0
40 788 1424 0
40 810 820 0
40 810 1407 0
40 815 1473 0
40 820 1473 0
40 1407 1424 0
41 827 847 0
41 827 887 0
41 835 846 0
41 835 887 0
41 846 847 0
42 289 1988 0
42 290 295 0
42 295 1988 0
43 872 905 0
43 872 1219 0
43 883 894 0
43 883 1219 0
43 894 904 0
43 904 1513 0
43 905 1513 0
44 331 978 0
44 333 334 0
44 334 978 0
45 336 2064 0
45 338 340 0
45 340 2064 0
46 354 1000 0
46 354 3011 0
47 347 1002 0
47 349 351 0
47 351 1002 0
48 996 1031 0
48 996 2506 0
48 1031 1615 0
48 1615 2510 0
48 2119 2121 0
48 2119 2506 0
48 2121 2510 0
49 1038 1618 0
49 1041 1081 0
49 1081 1618 0
50 1074 1655 0
50 1074 2957 0
50 1655 3146 0
51 378 1684 0
51 1095 1680 0
51 1680 1684 0
52 386 393 0
52 386 501 0
52 388 1122 0
52 388 1817 0
52 393 1122 0
52 501 1817 0
53 134 186 0
53 134 1272 0
53 186 1140 0
53 396 1140 0
53 396 1272 0
54 403 1777 0
54 403 3089 0
54 414 1142 0
54 414 1174 0
54 444 1174 0
54 444 1777 0
54 1142 3089 0
55 413 415 0
55 413 417 0
55 415 420 0
55 417 2228 0
55 420 3090 0
55 2228 3091 0
55 3090 3091 0
56 141 327 0
56 142 1727 0
56 327 1727 0
57 143 1157 0
57 144 1155 0
57 1155 1157 0
58 145 425 0
58 145 434 0
58 425 933 0
58 434 1168 0
58 933 937 0
58 937 1168 0
59 147 1729 0
59 147 2239 0
59 148 1161 0
59 148 1726 0
59 1161 1729 0
59 1726 2239 0
60 443 1170 0
60 443 1176 0
60 462 1176 0
60 462 3021 0
60 1170 3021 0
61 456 466 0
61 456 1207 0
61 464 1207 0
61 464 1210 0
61 466 1210 0
62 160 1234 0
62 161 169 0
62 169 1234 0
63 306 2018 0
63 306 3136 0
63 2018 3017 0
64 475 944 0
64 475 1220 0
64 481 1220 0
64 481 2978 0
64 944 1193 0
64 1193 2978 0
65 485 489 0
65 485 496 0
65 489 1795 0
65 493 498 0
65 493 1795 0
65 496 498 0
66 518 523 0
66 518 1902 0
66 520 523 0
66 520 693 0
66 693 1903 0
66 1902 1903 0
67 525 526 0
67 525 530 0
67 526 528 0
67 528 2220 0
67 530 1112 0
67 1112 2219 0
67 2219 2220 0
68 533 541 0
68 533 1262 0
68 538 543 0
68 538 1260 0
68 541 543 0
68 1260 1262 0
69 191 1286 0
69 192 1653 0
69 1286 1653 0
70 193 2105 0
70 194 2108 0
70 2105 2108 0
71 590 624 0
71 590 1558 0
71 622 624 0
71 622 1312 0
71 963 1312 0
71 963 1558 0
72 198 1299 0
72 199 1297 0
72 1297 1299 0
73 599 611 0
73 611 612 0
73 612 3010 0
74 605 608 0
74 605 1326 0
74 608 2315 0
74 614 1326 0
74 614 1855 0
74 1855 2315 0
75 618 2967 0
75 618 3111 0
75 623 2320 0
75 623 2961 0
75 2318 2320 0
75 2318 3111 0
75 2961 2967 0
76 216 627 0
76 216 645 0
76 625 631 0
76 625 645 0
76 627 1317 0
76 631 1317 0
77 633 2965 0
77 633 2969 0
77 635 1323 0
77 635 2965 0
77 1323 1841 0
77 1841 2988 0
77 2969 2988 0
78 221 225 0
78 221 3013 0
78 225 3004 0
78 656 1100 0
78 656 3004 0
78 1100 2974 0
78 2974 3013 0
79 223 225 0
79 225 3004 0
79 2955 3004 0
80 226 659 0
80 227 1333 0
80 659 1333 0
81 231 1301 0
81 231 3054 0
81 660 1847 0
81 660 3064 0
81 1301 1847 0
81 1333 3054 0
81 1333 3064 0
82 666 667 0
82 666 1580 0
82 667 1579 0
82 989 1579 0
82 989 1580 0
83 676 797 0
83 676 1351 0
83 681 1963 0
83 681 2667 0
83 797 1963 0
83 1351 2667 0
84 688 1378 0
84 688 1907 0
84 1378 3098 0
84 1907 2353 0
84 2353 3093 0
84 3093 3098 0
85 245 721 0
85 246 722 0
85 721 722 0
86 247 1375 0
86 248 249 0
86 249 1375 0
87 252 1394 0
87 252 2970 0
87 733 754 0
87 733 2970 0
87 754 1395 0
87 1394 1395 0
88 254 741 0
88 254 756 0
88 741 1923 0
88 756 2675 0
88 1923 3023 0
88 2675 3023 0
89 259 755 0
89 260 1393 0
89 755 1393 0
90 261 1924 0
90 262 751 0
90 751 1924 0
91 767 774 0
91 768 772 0
91 772 774 0
92 265 782 0
92 266 1417 0
92 782 1418 0
92 1417 1418 0
93 280 779 0
93 280 789 0
93 779 1414 0
93 789 1947 0
93 1414 1942 0
93 1942 1947 0
94 271 783 0
94 272 1415 0
94 783 1415 0
95 273 1957 0
95 274 275 0
95 275 1957 0
96 801 861 0
96 801 1358 0
96 861 2971 0
96 1358 1362 0
96 1362 1897 0
96 1897 2971 0
97 802 1459 0
97 802 1465 0
97 812 1465 0
97 812 1466 0
97 1458 1459 0
97 1458 1466 0
98 770 771 0
98 770 3019 0
98 771 1423 0
98 780 1423 0
98 780 3019 0
99 281 819 0
99 281 823 0
99 819 1463 0
99 823 1973 0
99 1463 2387 0
99 1973 2387 0
100 308 831 0
100 308 832 0
100 828 831 0
100 828 3094 0
100 832 851 0
100 851 2397 0
100 2397 3094 0
101 834 838 0
101 834 3095 0
101 838 1978 0
101 884 891 0
101 884 1476 0
101 891 3095 0
101 1476 1978 0
102 839 1480 0
102 839 3028 0
102 845 1981 0
102 845 1987 0
102 1480 1981 0
102 1489 1987 0
102 1489 3028 0
103 288 850 0
103 289 2694 0
103 850 2695 0
103 2694 2695 0
104 290 296 0
104 296 1495 0
104 853 1495 0
105 856 862 0
105 856 1457 0
105 857 862 0
105 857 1453 0
105 1453 1456 0
105 1456 1457 0
106 295 296 0
106 295 1990 0
106 296 1495 0
106 297 1494 0
106 297 1990 0
106 1494 1495 0
107 865 869 0
107 865 1985 0
107 869 2006 0
107 1982 1985 0
107 1982 2006 0
108 477 1215 0
108 477 1231 0
108 478 871 0
108 478 1215 0
108 871 907 0
108 907 1514 0
108 1231 1514 0
109 874 879 0
109 874 885 0
109 879 2409 0
109 882 885 0
109 882 2409 0
110 886 890 0
110 886 1515 0
110 890 2017 0
110 893 909 0
110 893 2017 0
110 909 1515 0
111 304 488 0
111 304 896 0
111 305 473 0
111 305 487 0
111 473 896 0
111 487 488 0
112 308 832 0
112 308 897 0
112 474 897 0
112 832 1997 0
113 902 911 0
113 902 1790 0
113 908 912 0
113 908 1225 0
113 911 912 0
113 1225 1790 0
114 332 925 0
114 332 977 0
114 925 928 0
114 927 928 0
114 927 976 0
114 976 977 0
115 322 1527 0
115 322 3124 0
115 950 1532 0
115 950 1543 0
115 1527 1533 0
115 1532 1533 0
115 1543 3124 0
116 326 957 0
116 326 1552 0
116 957 2043 0
116 1548 1551 0
116 1548 2043 0
116 1551 1552 0
117 330 332 0
117 331 977 0
117 332 977 0
118 333 980 0
118 337 980 0
119 336 2065 0
119 337 2065 0
120 338 340 0
120 339 923 0
120 340 923 0
121 346 1004 0
121 347 1003 0
121 1003 1004 0
122 349 1592 0
122 350 956 0
122 956 1592 0
123 354 998 0
123 354 1045 0
123 998 3030 0
123 1029 1047 0
123 1029 3030 0
123 1045 1046 0
123 1046 1047 0
124 1036 1622 0
124 1037 2513 0
124 1622 2513 0
125 1042 1629 0
125 1043 1044 0
125 1044 1629 0
126 364 1650 0
126 364 1654 0
126 1073 1651 0
126 1073 2494 0
126 1650 1651 0
126 1654 2494 0
127 369 370 0
127 370 2490 0
127 2490 2952 0
128 1090 1672 0
128 1090 2163 0
128 1672 2577 0
128 2163 2555 0
128 2555 2576 0
128 2576 2577 0
129 381 3013 0
129 1096 2958 0
129 1096 3013 0
130 1099 1101 0
130 1099 1682 0
130 1101 1687 0
130 1103 1106 0
130 1103 1682 0
130 1106 1687 0
131 173 501 0
131 173 502 0
131 386 501 0
131 386 1120 0
131 387 502 0
131 387 1120 0
132 389 1110 0
132 389 1116 0
132 1110 1690 0
132 1114 1696 0
132 1114 1697 0
132 1116 1696 0
132 1690 1697 0
133 186 401 0
133 186 554 0
133 395 400 0
133 395 1119 0
133 400 401 0
133 554 1119 0
134 185 553 0
134 185 554 0
134 186 554 0
134 553 557 0
134 557 1272 0
135 396 1272 0
135 396 1746 0
135 555 556 0
135 555 1133 0
135 556 1272 0
135 1133 1746 0
136 403 412 0
136 403 454 0
136 404 409 0
136 404 1776 0
136 409 412 0
136 454 1775 0
136 1775 1776 0
137 407 412 0
137 407 428 0
137 408 409 0
137 408 1158 0
137 409 412 0
137 428 1158 0
138 413 1145 0
138 413 1712 0
138 414 1142 0
138 414 1145 0
138 1142 1712 0
139 406 1144 0
139 406 1166 0
139 415 1144 0
139 415 1148 0
139 1148 2598 0
139 1166 2598 0
140 416 418 0
140 416 1145 0
140 417 1145 0
140 417 1146 0
140 418 419 0
140 419 1146 0
141 326 327 0
142 148 1727 0
143 146 1157 0
144 1155 1723 0
145 425 1158 0
145 434 3063 0
145 1158 3020 0
145 3020 3063 0
146 148 1726 0
146 1157 2607 0
146 1726 2607 0
147 429 1160 0
147 429 2236 0
147 430 1160 0
147 430 1729 0
147 2236 2239 0
148 1161 1727 0
149 397 1136 0
149 397 1707 0
149 435 2225 0
149 435 2959 0
149 1707 2225 0
150 1175 1179 0
150 1175 1779 0
150 1179 1200 0
150 1200 1780 0
150 1779 2629 0
150 1780 2629 0
151 446 1180 0
151 446 1783 0
151 468 508 0
151 468 1783 0
151 508 1248 0
151 1180 1248 0
152 448 455 0
152 448 1186 0
152 449 1198 0
152 449 2622 0
152 455 1198 0
152 1186 2622 0
153 1187 1767 0
153 1187 1774 0
153 1767 1768 0
153 1768 1773 0
153 1773 1774 0
154 1199 1758 0
154 1199 2627 0
154 1758 2998 0
154 2255 2272 0
154 2255 2998 0
154 2272 2627 0
155 454 1202 0
155 454 1775 0
155 1198 1775 0
155 1198 2984 0
155 1202 1778 0
155 1778 2984 0
156 456 460 0
156 456 1203 0
156 457 458 0
156 457 1203 0
156 458 1204 0
156 460 1204 0
157 459 460 0
157 459 1782 0
157 460 461 0
157 461 462 0
157 462 1206 0
157 1205 1206 0
157 1205 1782 0
158 464 1785 0
158 464 2628 0
158 465 471 0
158 465 2815 0
158 471 1785 0
158 2628 2815 0
159 470 1211 0
159 470 2007 0
159 471 472 0
159 471 1211 0
159 472 480 0
159 480 2007 0
160 1233 1234 0
161 169 484 0
162 305 473 0
162 473 3017 0
163 306 897 0
163 306 3136 0
163 474 897 0
164 475 1541 0
164 475 2278 0
164 1214 1540 0
164 1214 1787 0
164 1540 1541 0
164 1787 2278 0
165 478 1217 0
165 478 1788 0
165 1216 1788 0
165 1216 2009 0
165 1217 1218 0
165 1218 2009 0
166 1194 2978 0
166 1194 2999 0
166 2410 2960 0
166 2410 2983 0
166 2960 2978 0
166 2983 2999 0
167 1222 1223 0
167 1222 3034 0
167 1223 1227 0
167 1227 3102 0
167 3034 3102 0
168 170 498 0
168 170 499 0
168 493 498 0
168 493 1797 0
168 494 499 0
168 494 1230 0
168 1230 1797 0
169 484 495 0
169 495 496 0
169 496 1235 0
169 1234 1235 0
170 497 1235 0
170 497 1799 0
170 498 1235 0
170 499 1799 0
171 339 923 0
171 923 924 0
171 924 1233 0
172 499 500 0
172 499 1799 0
172 500 1237 0
172 1237 1801 0
172 1799 1801 0
173 501 1270 0
173 502 1241 0
173 1241 2297 0
173 1270 1818 0
173 1818 2297 0
174 387 438 0
174 387 502 0
174 437 1172 0
174 437 1239 0
174 438 1172 0
174 502 1239 0
175 505 1247 0
175 505 1259 0
175 509 532 0
175 509 1247 0
175 532 1259 0
176 840 1979 0
176 840 2341 0
176 841 842 0
176 841 1979 0
176 842 1887 0
176 1887 2340 0
176 2340 2341 0
177 515 517 0
177 515 2657 0
177 517 1250 0
177 1250 1253 0
177 1253 2335 0
177 2335 2657 0
178 520 695 0
178 520 1257 0
178 521 522 0
178 521 1369 0
178 522 1257 0
178 695 1369 0
179 529 531 0
179 529 3056 0
179 530 1112 0
179 530 1807 0
179 531 1695 0
179 1112 1695 0
179 1807 3056 0
180 532 534 0
180 532 1259 0
180 533 540 0
180 533 1263 0
180 534 1885 0
180 540 1259 0
180 1263 1885 0
181 1261 1883 0
181 1261 1906 0
181 1367 1906 0
181 1367 2292 0
181 1883 3116 0
181 2292 3116 0
182 505 1259 0
182 505 1267 0
182 540 541 0
182 540 1259 0
182 541 2293 0
182 1267 2293 0
183 539 544 0
183 539 548 0
183 544 1269 0
183 547 1269 0
183 547 2296 0
183 548 2295 0
183 2295 2296 0
184 387 438 0
184 387 1120 0
184 395 438 0
184 395 1119 0
184 1119 1701 0
184 1120 1701 0
185 391 1118 0
185 391 1119 0
185 553 1118 0
185 554 1119 0
186 401 1140 0
187 195 585 0
187 195 586 0
187 552 586 0
187 552 1273 0
187 564 567 0
187 564 585 0
187 567 1273 0
188 564 567 0
188 564 1274 0
188 566 567 0
188 566 1276 0
188 571 1276 0
188 571 1821 0
188 1274 1821 0
189 1278 1280 0
189 1278 1833 0
189 1280 1830 0
189 1652 1830 0
189 1652 2301 0
189 1833 2301 0
190 576 1281 0
190 576 1282 0
190 1281 1285 0
190 1282 1311 0
190 1285 2314 0
190 1311 2314 0
191 582 583 0
191 583 1286 0
192 364 1653 0
193 1654 2105 0
194 1023 2108 0
195 585 1640 0
195 586 588 0
195 588 2771 0
195 1640 2771 0
196 584 587 0
196 584 588 0
196 587 1565 0
196 588 3137 0
196 968 1565 0
196 968 3137 0
197 616 1312 0
197 616 1864 0
197 960 961 0
197 960 1316 0
197 961 963 0
197 963 1312 0
197 1316 1864 0
198 663 1299 0
199 593 1846 0
199 1297 1846 0
200 1294 1843 0
200 1294 2305 0
200 1298 1300 0
200 1298 2643 0
200 1300 1302 0
200 1302 1843 0
200 2305 2643 0
201 598 607 0
201 599 610 0
201 607 610 0
202 1851 3010 0
202 1851 3035 0
202 2310 3035 0
202 2310 3141 0
203 578 601 0
203 578 1282 0
203 600 1282 0
203 600 2325 0
203 601 1314 0
203 1314 2325 0
204 602 604 0
204 602 1831 0
204 604 2317 0
204 1831 1832 0
204 1832 1849 0
204 1849 2317 0
205 605 609 0
205 605 2307 0
205 606 607 0
205 606 2308 0
205 607 609 0
205 1844 2307 0
205 1844 2308 0
206 608 609 0
206 608 2646 0
206 609 610 0
206 610 611 0
206 611 2311 0
206 2311 2646 0
207 614 1325 0
207 614 1855 0
207 615 632 0
207 615 1310 0
207 632 1325 0
207 1310 1855 0
208 616 626 0
208 616 1856 0
208 621 630 0
208 621 1856 0
208 626 630 0
209 619 620 0
209 619 634 0
209 620 3008 0
209 634 1319 0
209 1319 3103 0
209 1857 3008 0
209 1857 3103 0
210 621 623 0
210 621 1856 0
210 622 624 0
210 622 1856 0
210 623 2320 0
210 624 2321 0
210 2320 2321 0
211 629 1321 0
211 629 2962 0
211 1321 2326 0
211 1862 2326 0
211 1862 2962 0
212 632 642 0
212 632 1318 0
212 634 1318 0
212 634 2966 0
212 642 2963 0
212 2963 2966 0
213 636 1865 0
213 636 2964 0
213 637 638 0
213 637 1865 0
213 638 1320 0
213 1320 2964 0
214 639 641 0
214 639 1324 0
214 640 1295 0
214 640 1324 0
214 641 2644 0
214 1295 2644 0
215 216 627 0
215 216 665 0
215 233 665 0
215 233 1848 0
215 627 628 0
215 628 1848 0
216 644 645 0
216 644 665 0
217 218 646 0
217 218 1868 0
217 625 645 0
217 625 646 0
217 645 1868 0
218 646 647 0
218 647 1330 0
218 1330 1332 0
218 1332 1868 0
219 649 915 0
219 649 1329 0
219 915 1872 0
219 1329 1873 0
219 1872 1873 0
220 652 654 0
220 652 2446 0
220 654 1556 0
220 1556 2439 0
220 2044 2439 0
220 2044 2446 0
221 223 225 0
221 381 3013 0
222 655 1877 0
222 655 2956 0
222 656 1337 0
222 656 3004 0
222 1337 1877 0
222 2956 3004 0
224 655 657 0
224 655 2956 0
224 2955 2956 0
226 658 1334 0
226 659 1334 0
227 1333 3054 0
228 661 1335 0
228 661 1877 0
228 1335 1879 0
228 1336 1877 0
228 1336 1879 0
229 668 1340 0
229 668 1878 0
229 1102 2582 0
229 1878 2582 0
230 382 1683 0
230 382 3096 0
230 656 1337 0
230 656 3096 0
230 662 1337 0
230 662 1683 0
231 595 663 0
231 595 1301 0
232 664 1304 0
232 664 2473 0
232 669 2309 0
232 669 2472 0
232 1304 2309 0
232 2472 2473 0
233 664 1848 0
233 664 2069 0
233 665 2476 0
233 2069 2476 0
234 667 1340 0
234 667 1342 0
234 668 1340 0
234 668 1880 0
234 1342 1344 0
234 1344 1880 0
235 670 707 0
235 670 1350 0
235 671 677 0
235 671 704 0
235 677 680 0
235 680 1350 0
235 704 707 0
236 676 679 0
236 676 1447 0
236 678 679 0
236 1447 1961 0
236 1961 2382 0
237 677 678 0
237 677 680 0
237 678 679 0
237 679 1895 0
237 680 1893 0
237 1893 1895 0
238 1352 1363 0
238 1352 1948 0
238 1356 1361 0
238 1356 1428 0
238 1361 1901 0
238 1363 1901 0
238 1428 1948 0
239 691 1369 0
239 691 1915 0
239 696 1369 0
239 696 3092 0
239 1914 1915 0
239 1914 3092 0
240 693 695 0
240 693 1903 0
240 694 696 0
240 694 1366 0
240 695 696 0
240 1366 3036 0
240 1903 3036 0
241 702 704 0
241 702 1372 0
241 704 708 0
241 708 2354 0
241 1372 2672 0
241 2354 2672 0
242 251 709 0
242 251 729 0
242 709 711 0
242 710 729 0
242 710 763 0
242 711 763 0
243 248 249 0
243 249 731 0
243 252 2970 0
243 731 2970 0
244 689 712 0
244 689 716 0
244 712 714 0
244 714 719 0
244 716 717 0
244 717 719 0
245 267 721 0
246 722 1381 0
247 711 1375 0
249 709 731 0
249 709 1375 0
250 723 728 0
250 723 1920 0
250 724 725 0
250 724 1919 0
250 725 728 0
250 1919 1920 0
251 709 731 0
251 729 730 0
251 730 1921 0
251 731 1921 0
253 720 735 0
253 720 1916 0
253 734 743 0
253 734 1916 0
253 735 744 0
253 743 744 0
254 741 1385 0
254 752 756 0
255 256 744 0
255 256 745 0
255 742 743 0
255 742 1518 0
255 743 744 0
255 745 914 0
255 914 1518 0
256 744 746 0
256 745 747 0
256 746 747 0
257 262 751 0
257 751 2066 0
257 985 986 0
257 986 2066 0
258 753 1391 0
258 753 1925 0
258 754 1391 0
258 754 1395 0
258 1395 1925 0
259 755 1394 0
260 1393 1932 0
261 1390 1924 0
263 762 1936 0
263 762 3127 0
263 794 1936 0
263 794 2688 0
263 2377 2688 0
263 2377 3130 0
263 3127 3130 0
264 766 2369 0
264 767 1939 0
264 1939 2369 0
265 775 1413 0
265 782 1413 0
267 721 778 0
267 778 1941 0
268 280 779 0
268 280 780 0
268 779 1412 0
268 780 3019 0
268 781 1412 0
268 781 3019 0
269 782 1413 0
269 782 1418 0
269 1412 1413 0
269 1412 1943 0
269 1418 3027 0
269 1943 3027 0
270 787 789 0
270 787 1946 0
270 788 1424 0
270 788 1425 0
270 789 1427 0
270 1424 1946 0
270 1425 1427 0
271 783 1417 0
272 276 2374 0
272 1415 2374 0
273 795 1443 0
273 1443 1957 0
274 275 1941 0
275 1941 2686 0
275 1957 2686 0
276 795 796 0
276 796 1420 0
276 1420 2371 0
276 2371 2374 0
277 800 859 0
277 800 1357 0
277 801 863 0
277 801 1359 0
277 859 863 0
277 1357 1359 0
278 803 1450 0
278 803 1451 0
278 804 1451 0
278 804 1455 0
278 1450 1454 0
278 1454 1455 0
279 810 1462 0
279 810 1468 0
279 811 1462 0
279 811 1464 0
279 1464 1969 0
279 1468 1969 0
280 780 787 0
280 787 789 0
281 811 819 0
281 811 1462 0
281 820 825 0
281 820 1462 0
281 823 825 0
282 823 825 0
282 823 1470 0
282 824 1473 0
282 824 1971 0
282 825 1473 0
282 1470 1971 0
283 826 1474 0
283 826 3109 0
283 1474 1977 0
283 1482 1977 0
283 1482 2398 0
283 1995 2398 0
283 1995 3109 0
284 828 829 0
284 828 831 0
284 829 2022 0
284 831 901 0
284 901 2019 0
284 2019 2022 0
285 835 844 0
285 835 2972 0
285 844 1481 0
285 889 1481 0
285 889 2972 0
286 516 840 0
286 516 1479 0
286 839 840 0
286 839 1485 0
286 1479 1984 0
286 1485 1984 0
287 844 846 0
287 844 2389 0
287 845 1986 0
287 845 2389 0
287 846 2390 0
287 1986 2390 0
288 848 852 0
288 850 852 0
289 1988 2694 0
290 295 296 0
291 853 2002 0
291 854 855 0
291 855 2002 0
292 808 1457 0
292 808 1460 0
292 856 860 0
292 856 1457 0
292 860 867 0
292 867 1460 0
293 805 857 0
293 805 1452 0
293 857 1492 0
293 858 859 0
293 858 1452 0
293 859 1492 0
294 861 863 0
294 861 870 0
294 862 1492 0
294 862 1500 0
294 863 1492 0
294 870 1500 0
295 1988 1990 0
297 1484 1991 0
297 1484 2000 0
297 1494 2000 0
297 1990 1991 0
298 865 1487 0
298 865 1498 0
298 866 1479 0
298 866 1498 0
298 1479 1984 0
298 1487 1984 0
299 874 877 0
299 874 1507 0
299 875 876 0
299 875 1507 0
299 876 1502 0
299 877 1502 0
300 877 878 0
300 877 879 0
300 878 880 0
300 879 1504 0
300 880 1506 0
300 1504 1506 0
301 882 1509 0
301 882 2408 0
301 883 1219 0
301 883 1509 0
301 1219 2408 0
302 886 888 0
302 886 2421 0
302 887 888 0
302 887 2422 0
302 2421 2422 0
303 890 1508 0
303 890 2415 0
303 891 2015 0
303 891 3131 0
303 1508 2973 0
303 2015 2415 0
303 2973 3131 0
304 488 1222 0
304 490 895 0
304 490 1222 0
304 895 1512 0
304 896 1512 0
305 486 487 0
306 897 1511 0
306 1511 2018 0
307 830 898 0
307 830 901 0
307 898 899 0
307 899 1511 0
307 900 901 0
307 900 1511 0
308 831 900 0
308 897 900 0
309 902 1516 0
309 902 1790 0
309 903 904 0
309 903 1516 0
309 904 906 0
309 906 2985 0
309 1790 2985 0
310 905 907 0
310 905 1513 0
310 906 1513 0
310 906 3016 0
310 907 2279 0
310 2279 3016 0
311 908 1228 0
311 908 2416 0
311 1228 1793 0
311 1475 1793 0
311 1475 2416 0
312 909 910 0
312 909 2419 0
312 910 1516 0
312 911 1516 0
312 911 2417 0
312 2417 2419 0
313 521 522 0
313 522 1519 0
313 742 1518 0
313 1518 1519 0
314 650 919 0
314 650 1331 0
314 919 920 0
314 920 3022 0
314 1331 3084 0
314 3022 3084 0
315 975 1529 0
315 975 1572 0
315 979 1528 0
315 979 1570 0
315 1528 1529 0
315 1570 1572 0
316 929 1530 0
316 929 1532 0
316 1530 2027 0
316 1531 1532 0
316 1531 2431 0
316 2027 2431 0
317 930 1192 0
317 930 1535 0
317 931 932 0
317 931 1769 0
317 932 1535 0
317 1192 1769 0
318 933 935 0
318 933 936 0
318 934 1535 0
318 934 1536 0
318 935 1535 0
318 936 1536 0
319 322 948 0
319 322 1527 0
319 948 2024 0
319 975 1529 0
319 975 2024 0
319 1527 1529 0
320 475 944 0
320 475 1541 0
320 944 1197 0
320 945 1541 0
320 945 1761 0
320 1197 1761 0
321 946 947 0
321 946 1524 0
321 947 2434 0
321 1524 2030 0
321 2030 2434 0
322 948 2032 0
322 2032 3124 0
323 949 950 0
323 949 1545 0
323 950 1543 0
323 951 954 0
323 951 1543 0
323 954 1545 0
324 952 953 0
324 952 1190 0
324 953 1545 0
324 954 1545 0
324 954 1766 0
324 1190 1766 0
325 956 2041 0
325 956 3126 0
325 1551 1552 0
325 1551 3099 0
325 1552 2041 0
325 3099 3126 0
326 327 957 0
327 957 2611 0
327 1727 2611 0
328 969 1559 0
328 969 2049 0
328 970 1559 0
328 970 2050 0
328 2049 2050 0
329 973 1563 0
329 973 2061 0
329 1563 1566 0
329 1566 2469 0
329 2061 2469 0
330 332 926 0
331 977 978 0
332 925 926 0
333 334 980 0
334 978 2471 0
334 980 1569 0
334 1569 2471 0
335 976 977 0
335 976 979 0
335 977 978 0
335 978 2471 0
335 979 1570 0
335 1570 2471 0
336 2064 2065 0
337 980 2065 0
340 923 1526 0
340 981 1526 0
340 981 1571 0
340 1571 2064 0
341 342 992 0
341 342 3045 0
341 991 992 0
341 991 1580 0
341 1580 2070 0
341 2070 3037 0
341 3037 3045 0
342 990 993 0
342 990 3045 0
342 992 1104 0
342 993 1108 0
342 1104 1108 0
343 355 995 0
343 355 1614 0
343 995 2083 0
343 1030 1585 0
343 1030 1614 0
343 1585 2083 0
344 354 998 0
344 354 1000 0
344 997 998 0
344 997 1590 0
344 1000 1001 0
344 1001 1590 0
345 999 1012 0
345 999 2114 0
345 1012 1595 0
345 1013 1028 0
345 1013 1595 0
345 1028 2114 0
346 1000 1001 0
346 1001 1004 0
347 1002 1589 0
347 1003 1589 0
348 1003 1004 0
348 1003 1594 0
348 1004 1590 0
348 1590 2085 0
348 1594 2086 0
348 2085 2086 0
349 351 1592 0
350 956 2041 0
351 1002 1006 0
351 1006 3128 0
351 1592 3128 0
352 1608 2523 0
352 1608 3070 0
352 1611 2129 0
352 1611 3070 0
352 2129 2763 0
352 2523 2763 0
353 996 1030 0
353 996 2127 0
353 1029 1614 0
353 1029 1630 0
353 1030 1614 0
353 1630 2127 0
354 1045 3011 0
355 995 997 0
355 997 998 0
355 998 3030 0
355 1614 3030 0
356 1584 1585 0
356 1584 2507 0
356 1585 2506 0
356 2119 2506 0
356 2119 2507 0
357 1034 2173 0
357 1034 2511 0
357 1615 2175 0
357 1615 2510 0
357 2173 2175 0
357 2510 2511 0
358 1037 2123 0
358 1038 1619 0
358 1619 2123 0
359 1624 2124 0
359 1624 2125 0
359 2124 2514 0
359 2125 2761 0
359 2514 2761 0
360 1041 2176 0
360 1042 2177 0
360 1667 2176 0
360 1667 2177 0
361 362 1043 0
361 362 1045 0
361 1045 3011 0
362 1043 1044 0
362 1044 2183 0
362 1045 1046 0
362 1046 2183 0
363 1055 1056 0
363 1055 1057 0
363 1056 2543 0
363 1057 1642 0
363 1642 2542 0
363 2542 2543 0
364 1650 1653 0
365 1071 1277 0
365 1071 3074 0
365 1072 2157 0
365 1072 3074 0
365 1277 2778 0
365 2157 2778 0
366 367 2158 0
366 367 2546 0
366 2111 2144 0
366 2111 2747 0
366 2144 2546 0
366 2158 2747 0
367 1068 2161 0
367 1068 2546 0
367 2158 2161 0
368 1073 2156 0
368 1073 2866 0
368 2156 2159 0
368 2158 2161 0
368 2158 2866 0
368 2159 2161 0
369 370 1075 0
370 1075 1603 0
370 1603 2936 0
370 2490 2936 0
371 1076 1084 0
371 1084 1655 0
371 1655 3146 0
372 1039 1623 0
372 1039 1625 0
372 1079 1623 0
372 1079 1661 0
372 1080 1625 0
372 1080 1661 0
373 1657 1659 0
373 1657 2171 0
373 1659 2180 0
373 2171 2783 0
373 2178 2180 0
373 2178 2783 0
374 375 1088 0
374 375 2187 0
374 1086 1626 0
374 1086 2187 0
374 1088 1670 0
374 1626 2518 0
374 1670 2518 0
375 1087 2187 0
375 1087 2189 0
375 1088 2188 0
375 2188 2189 0
376 1087 1672 0
376 1087 2187 0
376 1090 1672 0
376 1090 2164 0
376 1671 2164 0
376 1671 2187 0
377 379 1091 0
377 379 1094 0
378 1092 2581 0
378 1684 2581 0
379 1091 1093 0
379 1093 1688 0
379 1094 2212 0
379 1688 2212 0
380 1095 1681 0
380 1097 1681 0
380 1097 2958 0
382 1683 2995 0
382 2975 2994 0
382 2975 2995 0
382 2976 2994 0
382 2976 3096 0
383 1101 2207 0
383 1101 2211 0
383 1680 1681 0
383 1680 1685 0
383 1681 2207 0
383 1685 2211 0
384 1102 1104 0
384 1102 2208 0
384 1103 1109 0
384 1103 2208 0
384 1104 1109 0
385 1105 1108 0
385 1105 2586 0
385 1106 1109 0
385 1106 2980 0
385 1108 1109 0
385 2586 3014 0
385 2980 3014 0
386 392 393 0
386 392 1120 0
388 1122 2459 0
388 1690 1697 0
388 1690 2218 0
388 1697 2459 0
388 1817 2218 0
389 965 1116 0
389 965 1695 0
389 1110 1113 0
389 1113 1695 0
390 553 1118 0
390 553 1700 0
390 1118 2057 0
390 1700 2466 0
390 2057 2466 0
391 1117 1118 0
391 1117 1701 0
391 1119 1701 0
392 393 1121 0
392 1117 1121 0
392 1117 1701 0
392 1120 1701 0
393 1121 2461 0
393 1122 2461 0
394 560 1060 0
394 560 1127 0
394 999 1012 0
394 999 1060 0
394 1012 1128 0
394 1127 1128 0
395 399 400 0
395 399 438 0
396 1140 1744 0
396 1744 1746 0
397 398 1135 0
397 398 1136 0
397 1135 2927 0
397 1707 2619 0
397 2619 2927 0
398 1135 1711 0
398 1136 1709 0
398 1137 1709 0
398 1137 1711 0
399 400 1139 0
399 402 440 0
399 402 1139 0
399 438 1172 0
399 440 1172 0
400 401 1139 0
401 1139 1748 0
401 1140 1169 0
401 1169 1748 0
402 440 1171 0
402 1139 1141 0
402 1141 1171 0
403 412 3089 0
403 454 1777 0
404 408 409 0
405 416 418 0
405 416 3024 0
405 445 1173 0
405 445 3024 0
406 431 432 0
406 431 1166 0
406 432 1144 0
407 410 411 0
407 410 412 0
407 411 1159 0
407 428 1159 0
408 426 427 0
408 427 1158 0
410 411 1712 0
410 412 3089 0
410 1142 1712 0
410 1142 3089 0
411 1143 1144 0
411 1143 1712 0
411 1144 1159 0
413 415 1143 0
413 417 1145 0
413 1143 1712 0
414 416 1145 0
414 416 3120 0
414 1174 3120 0
415 420 1148 0
415 1143 1144 0
416 3024 3120 0
417 1146 2228 0
418 419 2959 0
419 1146 1153 0
419 1147 1153 0
419 1147 2959 0
420 1148 1720 0
420 1720 3062 0
420 3062 3090 0
421 1152 1717 0
421 1152 3145 0
421 1717 3062 0
421 3062 3090 0
421 3090 3091 0
421 3091 3145 0
422 955 1716 0
422 955 2034 0
422 1154 1599 0
422 1154 1716 0
422 1591 2034 0
422 1591 2098 0
422 1599 2098 0
423 1149 1717 0
423 1149 2799 0
423 1717 3033 0
423 2599 2800 0
423 2599 3033 0
423 2799 2800 0
424 1156 1725 0
424 1156 2234 0
424 1722 2234 0
424 1722 2602 0
424 1725 2606 0
424 2602 2606 0
425 427 935 0
425 427 1158 0
425 933 935 0
426 427 932 0
426 931 932 0
426 931 1534 0
427 932 935 0
428 1158 3020 0
428 1159 2801 0
428 2801 3020 0
429 941 1160 0
429 941 2237 0
429 2236 2237 0
430 1160 1162 0
430 1162 2609 0
430 1728 1729 0
430 1728 2609 0
431 432 2612 0
431 1166 2242 0
431 1735 2242 0
431 1735 2612 0
432 1144 1159 0
432 1159 2801 0
432 2612 2801 0
433 937 941 0
433 937 1168 0
433 941 1160 0
433 1160 1162 0
433 1162 1167 0
433 1167 1168 0
434 1168 3086 0
434 3063 3086 0
435 1147 2593 0
435 1147 2959 0
435 2225 2593 0
436 437 439 0
436 437 503 0
436 439 1752 0
436 503 1244 0
436 504 1244 0
436 504 1752 0
437 439 1172 0
437 503 1239 0
439 440 1172 0
439 440 1751 0
439 1751 2253 0
439 1752 2253 0
440 1171 1751 0
441 442 1204 0
441 442 1752 0
441 458 1204 0
441 458 1755 0
441 504 1752 0
441 504 1755 0
442 461 1204 0
442 461 3021 0
442 1752 2253 0
442 2253 3021 0
443 1137 1178 0
443 1137 1710 0
443 1170 1710 0
443 1176 1177 0
443 1177 1178 0
444 1174 1200 0
444 1200 1201 0
444 1201 1777 0
445 1173 1178 0
445 1175 1177 0
445 1175 1179 0
445 1177 1178 0
445 1179 3024 0
446 447 1208 0
446 447 1753 0
446 1180 1753 0
446 1208 1783 0
447 457 1183 0
447 457 2254 0
447 1183 1208 0
447 1753 2254 0
448 455 1199 0
448 1185 1186 0
448 1185 1758 0
448 1199 1758 0
449 1198 1776 0
449 1534 2622 0
450 1184 1771 0
450 1184 2260 0
450 1185 1186 0
450 1185 2269 0
450 1186 2258 0
450 1771 2269 0
450 2258 2260 0
451 1189 1190 0
451 1189 1192 0
451 1190 2265 0
451 1192 2257 0
451 2257 2259 0
451 2259 2265 0
452 1196 1772 0
452 1196 2271 0
452 1772 2270 0
452 2270 2977 0
452 2271 2982 0
452 2977 2982 0
453 463 3043 0
453 483 2255 0
453 2255 2272 0
453 2272 3043 0
454 1202 1777 0
455 1198 2984 0
455 1199 2273 0
455 2273 2984 0
456 459 460 0
456 459 1207 0
456 466 1203 0
457 458 1756 0
457 1183 1203 0
457 1756 2254 0
458 1755 1756 0
459 1207 1782 0
460 461 1204 0
461 462 3021 0
462 1176 1206 0
463 465 2815 0
463 2815 3000 0
463 3000 3043 0
464 1207 2628 0
464 1210 1785 0
465 471 472 0
466 1183 1203 0
466 1183 1209 0
466 1209 1210 0
467 470 1211 0
467 470 1786 0
467 1209 1210 0
467 1209 1784 0
467 1210 1211 0
467 1784 1786 0
468 469 878 0
468 469 1783 0
468 508 876 0
468 876 1502 0
468 878 1502 0
469 878 2277 0
469 1783 2277 0
470 1503 1786 0
470 1503 2007 0
471 1211 1785 0
472 480 482 0
473 896 2018 0
473 2018 3017 0
475 1220 2278 0
476 1212 2029 0
476 1213 1214 0
476 1214 1540 0
476 1540 2029 0
477 1213 1214 0
477 1213 1798 0
477 1214 1215 0
477 1231 1798 0
478 871 1217 0
478 1215 1788 0
479 872 1217 0
479 872 1219 0
479 1217 1218 0
479 1218 2008 0
479 1219 2008 0
480 482 3112 0
480 2007 2011 0
480 2011 3112 0
481 1220 2705 0
481 2010 2705 0
481 2010 2960 0
481 2960 2978 0
482 483 2983 0
482 2983 3112 0
483 1770 2621 0
483 1770 2983 0
483 2255 2621 0
484 486 1221 0
484 495 1221 0
485 489 1789 0
485 495 496 0
485 495 1221 0
485 1221 1789 0
486 487 1221 0
487 488 1789 0
487 1221 1789 0
488 1222 3034 0
488 1789 3034 0
489 1789 3034 0
489 1794 1795 0
489 1794 3034 0
490 491 1223 0
490 491 1793 0
490 895 1224 0
490 1222 1223 0
490 1224 1793 0
491 1223 1227 0
491 1227 1792 0
491 1228 1792 0
491 1228 1793 0
492 1230 1232 0
492 1230 1796 0
492 1231 1798 0
492 1231 2281 0
492 1232 1798 0
492 1796 2281 0
493 1795 1797 0
494 499 500 0
494 500 873 0
494 873 1232 0
494 1230 1232 0
496 498 1235 0
497 1233 1234 0
497 1233 1525 0
497 1234 1235 0
497 1525 1799 0
500 873 1800 0
500 1237 1800 0
501 1270 1817 0
502 1239 1241 0
503 1239 1241 0
503 1241 1243 0
503 1242 1243 0
503 1242 1244 0
504 511 1244 0
504 511 1755 0
505 514 1247 0
505 514 1267 0
506 510 513 0
506 510 1240 0
506 513 1814 0
506 546 1240 0
506 546 1268 0
506 1268 1814 0
507 1180 1181 0
507 1180 1248 0
507 1181 1252 0
507 1248 1250 0
507 1250 1253 0
507 1252 1253 0
508 833 876 0
508 833 1250 0
508 1248 1250 0
509 532 534 0
509 674 1246 0
509 674 1247 0
510 511 512 0
510 511 1242 0
510 512 513 0
510 1240 1242 0
511 512 2810 0
511 1242 1244 0
511 1755 1757 0
511 1757 2810 0
512 513 1805 0
512 1182 1805 0
512 1182 2810 0
513 514 1267 0
513 514 1805 0
513 1267 1814 0
514 1247 1804 0
514 1804 2284 0
514 1805 2284 0
515 517 1978 0
515 836 837 0
515 836 1251 0
515 837 1978 0
515 1251 2657 0
516 840 2341 0
516 2341 2663 0
517 833 1250 0
517 833 1476 0
517 1476 1978 0
518 523 2285 0
518 1902 1905 0
518 1905 2351 0
518 2285 2351 0
519 537 2351 0
519 1254 2285 0
519 2285 2351 0
520 523 1257 0
520 693 695 0
521 691 1369 0
522 524 1257 0
522 524 1519 0
523 1257 2286 0
523 2285 2286 0
524 1256 1257 0
524 1256 2426 0
524 1519 2426 0
525 526 1809 0
525 530 1807 0
525 1258 1807 0
525 1258 1809 0
526 527 528 0
526 527 1808 0
526 1808 1809 0
527 528 2295 0
527 548 2295 0
527 1254 1808 0
528 2220 2221 0
528 2221 2295 0
529 531 649 0
529 649 915 0
529 915 1520 0
529 1520 3056 0
531 649 1870 0
531 965 1695 0
531 965 1870 0
533 540 541 0
533 1262 1263 0
534 1347 1885 0
535 1262 2289 0
535 1262 2819 0
535 2289 2352 0
535 2352 2896 0
535 2819 2896 0
536 1264 1812 0
536 1264 1813 0
536 1265 1266 0
536 1265 1812 0
536 1266 1813 0
537 539 1810 0
537 1810 2636 0
537 2288 2351 0
537 2288 2636 0
538 543 544 0
538 544 1810 0
538 1260 1810 0
539 544 1810 0
541 542 543 0
541 542 2293 0
542 543 1269 0
542 547 1269 0
542 547 2294 0
542 2293 2294 0
543 544 1269 0
545 547 1816 0
545 547 2294 0
545 1268 1271 0
545 1268 2294 0
545 1271 1816 0
546 1240 1243 0
546 1243 1819 0
546 1268 1271 0
546 1271 1819 0
547 1816 2296 0
549 550 1822 0
549 550 2058 0
549 551 2059 0
549 551 2298 0
549 1822 2300 0
549 2058 2059 0
549 2298 2300 0
550 558 1700 0
550 558 1823 0
550 1700 2058 0
550 1822 1823 0
551 568 2298 0
551 568 2467 0
551 2059 2467 0
552 568 970 0
552 568 1273 0
552 970 1559 0
553 557 558 0
553 558 1700 0
555 556 570 0
555 570 1275 0
555 1133 1275 0
556 570 2953 0
556 1272 1825 0
556 1825 2953 0
557 558 1823 0
557 1272 1825 0
557 1823 1825 0
559 562 563 0
559 562 1126 0
559 563 1645 0
559 574 1126 0
559 574 1639 0
559 1053 1639 0
559 1053 1645 0
560 563 1062 0
560 563 1127 0
560 1060 1061 0
560 1061 1062 0
561 562 1126 0
561 562 1127 0
561 1126 1130 0
561 1127 1702 0
561 1130 1702 0
562 563 1127 0
563 1062 1645 0
564 585 1643 0
564 1274 1643 0
565 572 1054 0
565 572 1828 0
565 1054 1057 0
565 1057 1274 0
565 1274 1821 0
565 1821 1828 0
566 567 1273 0
566 568 1273 0
566 568 2298 0
566 1276 2298 0
568 970 2467 0
569 570 1124 0
569 570 1820 0
569 573 1125 0
569 573 1827 0
569 1124 1125 0
569 1820 1827 0
570 1124 1275 0
570 1820 2953 0
571 1276 2300 0
571 1821 1829 0
571 1824 1829 0
571 1824 2300 0
572 573 1828 0
572 573 3121 0
572 574 1054 0
572 574 3121 0
573 1125 3121 0
573 1827 1828 0
574 1054 1639 0
574 1126 3121 0
575 602 1279 0
575 602 1831 0
575 1278 1833 0
575 1278 1834 0
575 1279 1834 0
575 1831 1833 0
576 600 1279 0
576 600 1282 0
576 1279 1281 0
577 579 1283 0
577 579 1285 0
577 1280 1283 0
577 1280 1834 0
577 1281 1285 0
577 1281 1834 0
578 613 1311 0
578 1282 1311 0
579 1283 1284 0
579 1284 1853 0
579 1285 2648 0
579 1853 2648 0
580 582 583 0
580 583 1284 0
580 1284 1853 0
580 1853 2310 0
581 1070 1651 0
581 1070 1652 0
581 1651 2156 0
581 1652 2301 0
581 2156 2157 0
581 2157 2301 0
583 1284 1836 0
583 1286 2639 0
583 1836 2639 0
584 587 3025 0
584 588 2771 0
584 2537 2539 0
584 2537 2771 0
584 2539 3025 0
585 1058 1640 0
585 1058 1643 0
586 588 3137 0
587 1290 1564 0
587 1290 3025 0
587 1564 1567 0
587 1565 1567 0
589 592 1291 0
589 592 2468 0
589 1287 1292 0
589 1287 2943 0
589 1291 1292 0
589 2468 2943 0
590 624 2824 0
590 1287 2824 0
590 1287 2852 0
590 1558 2852 0
591 1289 1837 0
591 1289 2773 0
591 1291 1307 0
591 1291 2773 0
591 1307 1837 0
592 1290 1564 0
592 1290 2773 0
592 1291 2773 0
592 1564 2468 0
593 1846 2308 0
594 1293 1842 0
594 1293 2987 0
594 1295 1841 0
594 1295 2306 0
594 1841 2987 0
594 1842 2306 0
595 596 1301 0
595 596 1302 0
595 663 1300 0
595 1300 1302 0
596 1301 2309 0
596 1302 1303 0
596 1303 2309 0
597 1303 1304 0
597 1303 1843 0
597 1304 1305 0
597 1305 2645 0
597 1843 3001 0
597 2645 3001 0
598 606 607 0
599 610 611 0
600 1279 1308 0
600 1308 2325 0
601 619 620 0
601 620 1314 0
602 604 1308 0
602 1279 1308 0
603 1306 1837 0
603 1306 1849 0
603 1307 1837 0
603 1307 2316 0
603 1849 2317 0
603 2316 2317 0
604 1308 2650 0
604 2317 2650 0
605 608 609 0
605 1326 2307 0
607 609 610 0
608 2315 2898 0
608 2646 2898 0
611 612 2311 0
612 1851 1852 0
612 1851 3010 0
612 1852 2311 0
613 615 1310 0
613 1310 3038 0
613 1311 3038 0
614 643 1326 0
614 643 3026 0
614 1325 3026 0
615 632 1318 0
616 626 1864 0
616 1312 1856 0
617 621 623 0
617 621 630 0
617 623 2961 0
617 630 2962 0
617 2961 2962 0
618 637 1865 0
618 637 2967 0
618 1319 1865 0
618 1319 3103 0
618 3103 3111 0
619 634 1318 0
620 1314 1861 0
620 1861 3008 0
622 1312 1856 0
624 2321 2824 0
625 631 2326 0
625 646 1315 0
625 1315 2326 0
626 630 1862 0
626 1315 1862 0
626 1315 1863 0
626 1863 1864 0
627 628 1322 0
627 1317 1322 0
628 639 641 0
628 639 1322 0
628 641 1848 0
629 638 1867 0
629 638 3012 0
629 1321 1867 0
629 2962 3012 0
630 1862 2962 0
631 1317 1866 0
631 1321 1866 0
631 1321 2326 0
632 642 1325 0
633 636 2963 0
633 636 2965 0
633 642 2963 0
633 642 2969 0
634 1319 2966 0
635 1320 2651 0
635 1320 2964 0
635 1323 2825 0
635 2651 2825 0
635 2964 2965 0
636 1865 2966 0
636 2963 2966 0
636 2964 2965 0
637 638 3012 0
637 2967 3012 0
638 1320 1867 0
639 1322 1324 0
640 1295 1841 0
640 1323 1841 0
640 1323 2825 0
640 1324 2825 0
641 1305 1848 0
641 1305 2645 0
641 2644 2645 0
642 1325 2968 0
642 2968 2986 0
642 2969 2986 0
643 1326 2642 0
643 1840 2642 0
643 1840 3026 0
644 645 1327 0
644 665 1339 0
644 1327 1339 0
645 1327 1868 0
646 647 1863 0
646 1315 1863 0
647 653 1316 0
647 653 1330 0
647 1316 1863 0
648 1327 1332 0
648 1327 1339 0
648 1332 2328 0
648 1339 1576 0
648 1576 2329 0
648 2328 2329 0
649 1329 1870 0
650 651 1331 0
650 651 1871 0
650 919 1872 0
650 1871 1872 0
651 1331 1554 0
651 1554 2717 0
651 1871 2330 0
651 2330 2717 0
652 654 2653 0
652 1554 1875 0
652 1554 2446 0
652 1875 2653 0
653 654 1330 0
653 654 1556 0
653 1316 1556 0
654 1330 3050 0
654 2653 3050 0
655 657 661 0
655 661 1877 0
656 1100 3096 0
658 1334 1335 0
659 1333 3064 0
659 1334 1343 0
659 1343 3064 0
660 669 1847 0
660 669 2332 0
660 1876 2332 0
660 1876 3064 0
662 1336 1337 0
662 1336 1338 0
662 1338 2209 0
662 1683 2209 0
663 1299 1300 0
664 1304 1305 0
664 1305 1848 0
664 2069 2473 0
665 1339 2733 0
665 2476 2733 0
666 667 1340 0
666 991 1340 0
666 991 1580 0
667 1342 1579 0
668 1341 1878 0
668 1341 1880 0
669 1847 2309 0
669 2332 2732 0
669 2472 2732 0
670 672 1350 0
670 672 1374 0
670 707 1374 0
671 677 678 0
671 702 704 0
672 675 1345 0
672 675 2661 0
672 1345 1374 0
672 1350 2661 0
673 1346 1811 0
673 1346 2333 0
673 1347 1811 0
673 1347 1884 0
673 1881 1884 0
673 1881 2333 0
674 1246 2338 0
674 1247 2658 0
674 2338 2660 0
674 2658 2660 0
675 1246 2661 0
676 679 1351 0
676 797 1447 0
679 1351 1895 0
680 1350 3088 0
680 1893 3067 0
680 3067 3088 0
681 799 1448 0
681 799 1963 0
681 1448 2343 0
681 2343 2667 0
682 1353 1354 0
682 1353 1370 0
682 1354 2349 0
682 1370 1910 0
682 1372 1910 0
682 1372 2349 0
683 702 1372 0
683 1372 1900 0
683 1900 2382 0
684 1352 1364 0
684 1352 2668 0
684 1353 1354 0
684 1353 2346 0
684 1354 1364 0
684 2346 2668 0
685 1355 1357 0
685 1355 1432 0
685 1356 1360 0
685 1356 1429 0
685 1357 1360 0
685 1429 1432 0
686 1358 1359 0
686 1358 1899 0
686 1359 1360 0
686 1360 1361 0
686 1361 2380 0
686 1899 2380 0
687 1363 1364 0
687 1363 1960 0
687 1364 2349 0
687 1900 1962 0
687 1900 2349 0
687 1960 1962 0
688 716 718 0
688 716 1907 0
688 718 1378 0
689 712 1265 0
689 716 1907 0
689 1265 1266 0
689 1266 1907 0
690 694 696 0
690 694 3118 0
690 696 3092 0
690 3092 3098 0
690 3098 3118 0
691 734 1916 0
691 1915 1916 0
692 1366 2990 0
692 1366 3097 0
692 1368 3006 0
692 1368 3097 0
692 1908 3006 0
692 1908 3046 0
692 2990 3046 0
694 1366 3097 0
694 3097 3118 0
695 696 1369 0
697 698 1376 0
697 698 1896 0
697 792 1442 0
697 792 1896 0
697 1376 3068 0
697 1442 3068 0
698 700 1370 0
698 700 1376 0
698 1353 1370 0
698 1353 1896 0
699 701 705 0
699 701 3125 0
699 705 706 0
699 706 1265 0
699 712 713 0
699 712 1265 0
699 713 3125 0
700 701 715 0
700 701 1909 0
700 715 1376 0
700 1370 1371 0
700 1371 1909 0
701 705 1373 0
701 715 3125 0
701 1373 1909 0
703 708 1911 0
703 708 2354 0
703 1373 2290 0
703 1373 2354 0
703 1911 2928 0
703 2290 2928 0
704 707 708 0
705 706 2291 0
705 1373 2290 0
705 2290 2291 0
706 1265 1812 0
706 1812 2291 0
707 708 1911 0
707 1374 1882 0
707 1882 1911 0
709 711 1375 0
710 727 728 0
710 727 729 0
711 763 1381 0
712 713 714 0
713 714 1377 0
713 1377 3077 0
713 3077 3125 0
714 719 1934 0
714 1377 1934 0
715 1376 3077 0
715 3077 3125 0
716 717 718 0
717 718 1913 0
717 719 2356 0
717 1913 2356 0
718 1378 1912 0
718 1912 1913 0
719 724 1919 0
719 724 1934 0
719 1919 2356 0
720 735 2836 0
720 1379 1380 0
720 1379 1918 0
720 1380 1916 0
720 1918 2836 0
721 722 764 0
721 764 3085 0
721 778 3085 0
722 764 1405 0
722 1381 1405 0
723 727 728 0
723 727 1382 0
723 1382 2357 0
723 1920 2357 0
724 725 1934 0
725 1403 1933 0
725 1403 1934 0
726 732 752 0
726 732 1384 0
726 1383 1384 0
726 1383 1386 0
727 729 730 0
727 730 1382 0
730 1382 1383 0
730 1383 1921 0
731 1921 2970 0
732 733 1384 0
732 733 1391 0
732 752 1391 0
733 754 1391 0
733 1384 1921 0
733 1921 2970 0
734 742 743 0
735 744 746 0
735 746 2355 0
735 2355 2836 0
736 737 1328 0
736 737 1396 0
736 759 1396 0
736 759 1577 0
736 1328 1577 0
737 738 1387 0
737 738 2652 0
737 1328 2652 0
737 1387 1396 0
738 1387 1922 0
738 1388 1922 0
738 1388 2331 0
738 2331 2652 0
739 921 1389 0
739 921 1922 0
739 1387 1397 0
739 1387 1922 0
739 1389 1927 0
739 1397 1927 0
740 1388 2331 0
740 1388 3057 0
740 2331 3123 0
740 3022 3057 0
740 3022 3084 0
740 3084 3123 0
741 746 747 0
741 746 1385 0
741 747 1923 0
745 747 2359 0
745 748 914 0
745 748 2359 0
746 1385 2355 0
747 1923 2358 0
747 2358 2359 0
748 914 2709 0
748 921 1389 0
748 921 2709 0
748 1389 2359 0
749 750 1398 0
749 750 1402 0
749 1398 1930 0
749 1402 2361 0
749 1928 1930 0
749 1928 2360 0
749 2360 2361 0
750 1390 1402 0
750 1390 1924 0
750 1398 2363 0
750 1924 2363 0
751 1924 2363 0
751 2066 2678 0
751 2363 2678 0
752 756 1391 0
753 756 1391 0
753 756 2675 0
753 757 1925 0
753 757 2675 0
755 1392 1393 0
755 1392 1395 0
755 1394 1395 0
757 1925 2360 0
757 1928 2360 0
757 1928 2362 0
757 2362 2675 0
758 1923 2358 0
758 1923 3023 0
758 1927 2358 0
758 1927 2838 0
758 2838 2929 0
758 2929 3023 0
759 1396 1926 0
759 1400 1929 0
759 1400 2364 0
759 1577 2679 0
759 1926 1929 0
759 2364 2679 0
760 1387 1396 0
760 1387 1397 0
760 1396 1926 0
760 1397 2838 0
760 1926 2837 0
760 2837 2838 0
761 762 1935 0
761 762 3047 0
761 764 1405 0
761 764 3047 0
761 765 1404 0
761 765 1405 0
761 1404 1935 0
762 1935 1936 0
762 3047 3127 0
763 765 1405 0
763 1381 1405 0
764 3047 3085 0
765 1404 1933 0
766 1938 2369 0
767 774 1939 0
768 770 772 0
768 770 3142 0
769 770 3019 0
769 770 3142 0
770 771 772 0
771 772 1408 0
771 1406 1408 0
771 1406 1423 0
772 774 1408 0
773 1406 1467 0
773 1406 1946 0
773 1407 1424 0
773 1407 1937 0
773 1424 1946 0
773 1467 1937 0
774 1408 2370 0
774 1939 2370 0
775 781 1413 0
776 1409 1410 0
776 1409 1441 0
776 1410 1411 0
776 1411 2376 0
776 1441 2687 0
776 2376 2687 0
777 784 796 0
777 784 1444 0
777 796 1443 0
777 1410 1411 0
777 1410 1444 0
777 1411 1443 0
778 1941 2930 0
778 2840 2930 0
778 2840 3085 0
779 1412 1414 0
780 787 1423 0
781 1412 1413 0
783 1415 2684 0
783 1417 1418 0
783 1418 2684 0
784 796 1420 0
784 816 1419 0
784 816 1444 0
784 1419 2681 0
784 1420 2372 0
784 2372 2681 0
785 786 1421 0
785 786 1945 0
785 1421 1947 0
785 1942 1947 0
785 1942 2683 0
785 1945 2683 0
786 1421 1954 0
786 1422 1439 0
786 1422 1945 0
786 1439 1954 0
787 1423 1946 0
788 815 1425 0
789 1427 1947 0
790 814 822 0
790 814 1426 0
790 815 824 0
790 815 1425 0
790 822 824 0
790 1425 1427 0
790 1426 1427 0
791 1432 1434 0
791 1432 2375 0
791 1433 2375 0
791 1433 2385 0
791 1434 2385 0
792 794 1436 0
792 794 1442 0
792 1436 2669 0
792 1896 2669 0
793 1440 1441 0
793 1440 2685 0
793 1441 3106 0
793 2685 3129 0
793 3104 3106 0
793 3104 3129 0
794 1436 1950 0
794 1442 1936 0
794 1950 2688 0
795 796 1443 0
797 1446 1963 0
797 1446 2378 0
797 1447 2378 0
798 799 1449 0
798 799 2004 0
798 1449 1898 0
798 1499 1897 0
798 1499 2004 0
798 1897 1898 0
799 1448 3132 0
799 1449 1963 0
799 2004 3132 0
800 858 859 0
800 1355 1357 0
801 861 863 0
801 1358 1359 0
802 1450 1454 0
802 1450 1465 0
802 1454 1965 0
802 1459 1965 0
803 817 1451 0
803 817 1463 0
803 1450 1968 0
803 1463 1968 0
804 818 1451 0
804 858 1452 0
804 1452 1455 0
805 857 1453 0
805 1452 1455 0
805 1453 1966 0
805 1455 1966 0
806 1456 1457 0
806 1456 1967 0
806 1457 1999 0
806 1967 2992 0
806 1999 2402 0
806 2402 2992 0
807 1458 1459 0
807 1458 1461 0
807 1459 2992 0
807 1461 2403 0
807 2402 2403 0
807 2402 2992 0
808 1457 1999 0
808 1460 2000 0
808 1493 1999 0
808 1493 2000 0
809 1461 1466 0
809 1461 1998 0
809 1466 2383 0
809 1998 2367 0
809 2367 2839 0
809 2383 2680 0
809 2680 2839 0
810 820 1462 0
810 1407 1937 0
810 1468 1937 0
811 819 1968 0
811 1464 3009 0
811 1968 3009 0
812 1464 1465 0
812 1464 1969 0
812 1466 2383 0
812 1969 2383 0
813 1467 1937 0
813 1467 2370 0
813 1468 1937 0
813 1468 2368 0
813 1940 2368 0
813 1940 2370 0
814 822 2384 0
814 1421 1426 0
814 1421 1954 0
814 1954 2690 0
814 2384 2690 0
815 824 1473 0
816 1409 1444 0
816 1409 3048 0
816 1419 1422 0
816 1422 3048 0
817 1451 1975 0
817 1463 2387 0
817 1975 2387 0
818 1434 1435 0
818 1435 1975 0
818 1451 1975 0
819 1463 1968 0
820 825 1473 0
821 1469 1471 0
821 1469 1972 0
821 1471 2386 0
821 1972 2693 0
821 2386 2693 0
822 824 1971 0
822 1971 2384 0
823 1470 1973 0
826 828 829 0
826 828 3094 0
826 829 1474 0
826 3094 3109 0
827 847 1482 0
827 887 2707 0
827 1482 1977 0
827 1977 2707 0
829 1474 2418 0
829 2022 2418 0
830 898 1475 0
830 901 2019 0
830 1475 2020 0
830 2019 2020 0
831 900 901 0
832 851 852 0
832 852 1997 0
833 875 876 0
833 875 1476 0
834 838 1477 0
834 889 1477 0
834 889 2973 0
834 2973 3095 0
835 844 846 0
835 887 888 0
835 888 2972 0
836 837 843 0
836 842 843 0
836 842 1251 0
837 838 1478 0
837 838 1978 0
837 843 1478 0
838 1477 1478 0
839 840 1979 0
839 1480 1979 0
839 1485 3028 0
841 842 843 0
841 843 1980 0
841 1480 1979 0
841 1480 1980 0
842 1251 1887 0
843 1478 1980 0
844 1481 2389 0
845 1981 2389 0
845 1986 1987 0
846 847 2390 0
847 1482 2398 0
847 2390 2931 0
847 2398 2931 0
848 852 1997 0
849 1490 1989 0
849 1490 2694 0
849 1989 2699 0
849 1996 2695 0
849 1996 2700 0
849 2694 2695 0
849 2699 2700 0
850 852 1992 0
850 1992 2695 0
851 852 1992 0
851 1992 1994 0
851 1994 2397 0
853 1495 2002 0
854 855 1491 0
855 1491 2400 0
855 2001 2002 0
855 2001 2702 0
855 2400 2702 0
856 860 862 0
857 862 1492 0
859 863 1492 0
860 862 1500 0
860 867 2003 0
860 1500 2404 0
860 2003 2404 0
861 868 870 0
861 868 2971 0
864 1493 1494 0
864 1493 2401 0
864 1494 1495 0
864 1495 2001 0
864 1496 2001 0
864 1496 2401 0
865 869 1498 0
865 1487 1985 0
866 1498 2405 0
866 1964 2405 0
867 1460 1983 0
867 1983 2003 0
868 870 1501 0
868 1497 1499 0
868 1497 1501 0
868 1499 2971 0
869 1497 1501 0
869 1497 2005 0
869 1498 2005 0
869 1501 2006 0
870 1500 2703 0
870 1501 2703 0
871 872 905 0
871 872 1217 0
871 905 907 0
873 1213 1798 0
873 1232 1798 0
874 877 879 0
874 885 1507 0
875 884 1476 0
875 884 1507 0
877 878 1502 0
878 880 2277 0
879 1504 2409 0
880 1503 2277 0
880 1503 2412 0
880 1506 2412 0
881 1218 2008 0
881 1218 2009 0
881 2008 2407 0
881 2009 2411 0
881 2012 2411 0
881 2012 2413 0
881 2407 2413 0
882 885 2414 0
882 1509 2414 0
882 2408 2409 0
883 894 1510 0
883 1509 2016 0
883 1510 2016 0
884 891 892 0
884 892 1507 0
885 892 1507 0
885 892 2015 0
885 2015 2414 0
886 888 1508 0
886 890 1508 0
886 1515 2421 0
887 2422 2707 0
888 1508 2972 0
889 1477 1481 0
889 2972 2973 0
890 2017 2415 0
891 892 2015 0
891 3095 3131 0
893 903 910 0
893 903 1510 0
893 909 910 0
893 1510 2017 0
894 903 904 0
894 903 1510 0
895 898 899 0
895 898 1224 0
895 899 1512 0
896 1512 2018 0
897 900 1511 0
898 1224 1475 0
899 1511 1512 0
902 911 1516 0
903 910 1516 0
904 906 1513 0
906 2985 3016 0
907 1514 2279 0
908 912 2416 0
908 1225 1228 0
909 1515 2419 0
911 912 2417 0
912 2021 2416 0
912 2021 3007 0
912 2417 3007 0
913 917 1255 0
913 917 2424 0
913 1255 1256 0
913 1256 2426 0
913 2423 2424 0
913 2423 2426 0
914 1518 3065 0
914 2709 3065 0
915 918 1520 0
915 918 1872 0
916 917 1258 0
916 917 1521 0
916 1258 1807 0
916 1520 1521 0
916 1520 3056 0
916 1807 3056 0
917 1255 1258 0
917 1521 2424 0
918 919 1872 0
918 919 2427 0
918 1520 1521 0
918 1521 2427 0
919 920 2427 0
920 2427 2428 0
920 2428 3029 0
920 3022 3029 0
921 1388 1922 0
921 1388 3057 0
921 1522 2709 0
921 1522 3057 0
922 975 1572 0
922 975 2024 0
922 982 1572 0
922 982 3052 0
922 1523 2024 0
922 1523 3052 0
923 924 2282 0
923 1526 2282 0
924 1233 1525 0
924 1525 1802 0
924 1802 2282 0
925 926 2603 0
925 928 1530 0
925 1530 2603 0
926 1723 2891 0
926 2603 2891 0
927 928 2025 0
927 976 979 0
927 979 1528 0
927 1528 2025 0
928 929 1530 0
928 929 2025 0
929 1532 1533 0
929 1533 2025 0
930 934 1189 0
930 934 1535 0
930 1189 1192 0
931 1534 1769 0
932 935 1535 0
933 936 937 0
934 952 1189 0
934 952 2710 0
934 1536 2710 0
936 937 940 0
936 940 1537 0
936 1536 1537 0
937 940 941 0
938 953 1545 0
938 953 2710 0
938 1545 2026 0
938 2026 2604 0
938 2433 2604 0
938 2433 2710 0
939 940 1537 0
939 940 2237 0
939 1537 2433 0
939 1724 2238 0
939 1724 2604 0
939 2237 2238 0
939 2433 2604 0
940 941 2237 0
942 943 1538 0
942 943 1803 0
942 1538 1764 0
942 1542 2263 0
942 1542 2846 0
942 1764 2263 0
942 1803 2846 0
943 1238 1539 0
943 1238 1803 0
943 1538 1539 0
944 1193 2977 0
944 1197 2977 0
945 1538 1539 0
945 1538 2262 0
945 1539 2029 0
945 1541 2029 0
945 1761 2262 0
946 947 2033 0
946 948 1524 0
946 948 2033 0
947 1542 2028 0
947 1542 2434 0
947 1760 2028 0
947 1760 2033 0
948 1524 2024 0
948 2032 2033 0
949 950 1531 0
949 1531 2605 0
949 1545 2026 0
949 2026 2605 0
950 1531 1532 0
951 954 1546 0
951 1543 1544 0
951 1544 1546 0
952 953 2710 0
952 1189 1190 0
954 1546 1766 0
955 1547 1716 0
955 1547 1732 0
955 1732 2034 0
956 1592 3126 0
957 2043 2611 0
958 967 972 0
958 967 2046 0
958 972 973 0
958 973 2061 0
958 2046 2445 0
958 2060 2061 0
958 2060 2445 0
959 961 1557 0
959 961 2439 0
959 962 1555 0
959 962 1557 0
959 1555 2044 0
959 2044 2439 0
960 961 2439 0
960 1316 1556 0
960 1556 2439 0
961 963 1557 0
962 1555 2445 0
962 1557 2851 0
962 2060 2445 0
962 2060 2851 0
963 1557 1558 0
964 1115 2725 0
964 1115 3122 0
964 1329 2716 0
964 1329 3122 0
964 1698 2442 0
964 1698 2725 0
964 2442 2716 0
965 1115 1116 0
965 1115 1870 0
966 967 2444 0
966 967 2724 0
966 1698 2444 0
966 1698 2456 0
966 2455 2456 0
966 2455 2724 0
967 972 2724 0
967 2046 2444 0
968 969 1559 0
968 969 3058 0
968 1565 3058 0
969 2049 2448 0
969 2448 3059 0
969 3058 3059 0
970 2050 2467 0
971 1699 2466 0
971 1699 2993 0
971 2222 2466 0
971 2222 2729 0
971 2729 2993 0
972 973 1563 0
972 1563 2453 0
972 2453 2724 0
974 1562 1565 0
974 1562 2469 0
974 1565 1567 0
974 1567 2731 0
974 2469 2731 0
980 1569 2065 0
981 1526 2430 0
981 1571 3052 0
981 2430 3052 0
982 1568 1571 0
982 1568 2063 0
982 1571 3052 0
982 1572 2063 0
983 1573 1574 0
983 1573 2067 0
983 1574 2066 0
983 2066 2678 0
983 2067 2902 0
983 2678 2902 0
984 987 994 0
984 987 1573 0
984 994 2217 0
984 1573 1574 0
984 1574 2215 0
984 2215 2217 0
985 986 2068 0
985 1094 2068 0
986 1574 2066 0
986 1574 2068 0
987 994 2735 0
987 1399 1573 0
987 1399 2078 0
987 2078 2735 0
988 1328 1869 0
988 1328 2074 0
988 1576 1869 0
988 1576 2855 0
988 2074 2855 0
989 1579 2732 0
989 1580 2070 0
989 2070 2907 0
989 2732 2853 0
989 2853 2907 0
990 993 1686 0
990 1686 2478 0
990 2072 2478 0
990 2072 3045 0
993 1105 1108 0
993 1105 1686 0
994 2217 2795 0
994 2735 2889 0
994 2795 2889 0
995 997 2085 0
995 2080 2083 0
995 2080 2736 0
995 2085 2736 0
996 1030 2506 0
996 1031 2127 0
997 1590 2085 0
999 1060 3061 0
999 1646 2114 0
999 1646 3061 0
1001 1004 1590 0
1002 1006 2088 0
1002 1589 2088 0
1003 1589 1594 0
1005 1008 1015 0
1005 1008 2042 0
1005 1015 2099 0
1005 2042 2715 0
1005 2099 3060 0
1005 2436 2715 0
1005 2436 3060 0
1006 1007 1553 0
1006 1007 2088 0
1006 1553 3128 0
1007 1010 1553 0
1007 1010 2081 0
1007 1593 2081 0
1007 1593 2088 0
1008 1009 1010 0
1008 1009 2101 0
1008 1010 2042 0
1008 1015 2101 0
1009 1010 2081 0
1009 1018 2081 0
1009 1018 2100 0
1009 2100 2101 0
1010 1553 2042 0
1011 1012 1132 0
1011 1012 1595 0
1011 1131 1132 0
1011 1131 1602 0
1011 1595 1596 0
1011 1596 1602 0
1012 1128 1132 0
1013 1028 2753 0
1013 1595 1596 0
1013 1596 2483 0
1013 2483 2753 0
1014 1600 1601 0
1014 1600 2911 0
1014 1601 2863 0
1014 2097 2099 0
1014 2097 2911 0
1014 2099 2863 0
1015 2099 2863 0
1015 2101 2742 0
1015 2742 2863 0
1016 1017 1018 0
1016 1017 1588 0
1016 1018 1582 0
1016 1032 1587 0
1016 1032 2082 0
1016 1582 2082 0
1016 1587 1588 0
1017 1018 2100 0
1017 1022 1588 0
1017 1022 2102 0
1017 2100 2102 0
1018 1582 2081 0
1019 1129 1598 0
1019 1129 1602 0
1019 1598 1601 0
1019 1601 2103 0
1019 1602 2485 0
1019 2103 2485 0
1020 1021 1022 0
1020 1021 2483 0
1020 1022 2485 0
1020 1596 2483 0
1020 1596 2485 0
1021 1022 1588 0
1021 1588 2482 0
1021 2482 2755 0
1021 2483 2755 0
1022 2102 2485 0
1023 1026 1606 0
1023 1026 2107 0
1023 2107 2108 0
1024 1603 2112 0
1024 1603 2865 0
1024 1609 1610 0
1024 1609 2112 0
1024 1610 2744 0
1024 2744 2865 0
1025 1634 2524 0
1025 1634 2765 0
1025 2104 2131 0
1025 2104 2526 0
1025 2131 2524 0
1025 2526 2765 0
1026 1605 2109 0
1026 1605 2496 0
1026 1606 2109 0
1026 2107 2496 0
1027 1605 1608 0
1027 1605 2109 0
1027 1608 2523 0
1027 1609 2109 0
1027 1609 2522 0
1027 2522 2523 0
1028 2114 2497 0
1028 2497 2753 0
1029 1047 3005 0
1029 1614 3030 0
1029 1630 3005 0
1030 1585 2506 0
1031 1615 2562 0
1031 2127 2787 0
1031 2562 2787 0
1032 1583 2082 0
1032 1583 2084 0
1032 1586 1587 0
1032 1586 2084 0
1033 1034 2168 0
1033 1034 2872 0
1033 2168 2169 0
1033 2169 2578 0
1033 2502 2578 0
1033 2502 2872 0
1034 2168 2173 0
1034 2511 2872 0
1035 1036 2516 0
1035 1078 2516 0
1036 1622 2516 0
1037 2123 2513 0
1038 1618 1619 0
1039 1086 1625 0
1039 1086 1626 0
1039 1623 1624 0
1039 1624 2515 0
1039 1626 2515 0
1040 1077 1628 0
1040 1077 2517 0
1040 1627 2125 0
1040 1627 2517 0
1040 1628 2126 0
1040 2125 2126 0
1041 1081 2176 0
1042 1629 2177 0
1044 1629 2784 0
1044 2183 2784 0
1046 1047 2183 0
1047 2182 2183 0
1047 2182 3005 0
1048 1052 2133 0
1048 1052 2152 0
1048 1611 2129 0
1048 1611 2144 0
1048 2129 2133 0
1048 2144 2152 0
1049 1631 2131 0
1049 1631 2762 0
1049 1632 2131 0
1049 1632 2519 0
1049 2519 2762 0
1050 1633 2128 0
1050 1633 2525 0
1050 2128 2873 0
1050 2129 2525 0
1050 2129 2763 0
1050 2520 2763 0
1050 2520 2873 0
1051 2529 2768 0
1051 2529 3031 0
1051 2768 3032 0
1051 3031 3073 0
1051 3032 3073 0
1052 2132 2133 0
1052 2132 2551 0
1052 2152 2551 0
1053 1055 1056 0
1053 1055 1639 0
1053 1056 1644 0
1053 1644 1645 0
1054 1055 1057 0
1054 1055 1639 0
1056 1644 2545 0
1056 2543 2545 0
1057 1274 1643 0
1057 1642 1643 0
1058 1640 2541 0
1058 1642 1643 0
1058 1642 2541 0
1059 1064 1066 0
1059 1064 2774 0
1059 1066 1069 0
1059 1069 2536 0
1059 2536 2877 0
1059 2774 2877 0
1060 1061 2777 0
1060 2776 2777 0
1060 2776 3061 0
1061 1062 1647 0
1061 1647 1648 0
1061 1648 2777 0
1062 1063 1645 0
1062 1063 1647 0
1063 1064 1065 0
1063 1064 1644 0
1063 1065 1647 0
1063 1644 1645 0
1064 1065 1066 0
1064 1644 2545 0
1064 2545 2774 0
1065 1066 1067 0
1065 1067 1648 0
1065 1647 1648 0
1066 1067 1649 0
1066 1069 1649 0
1067 1648 2547 0
1067 1649 2153 0
1067 2153 2547 0
1068 1649 2153 0
1068 1649 2160 0
1068 2153 2546 0
1068 2160 2161 0
1069 1649 2160 0
1069 2160 2552 0
1069 2536 2552 0
1070 1650 1651 0
1070 1650 2302 0
1070 1652 1835 0
1070 1835 2302 0
1071 1277 1838 0
1071 1838 1839 0
1071 1839 2147 0
1071 2147 2552 0
1071 2552 3074 0
1072 2156 2157 0
1072 2156 2159 0
1072 2159 2553 0
1072 2553 3074 0
1073 1651 2156 0
1073 2494 2866 0
1074 1655 2162 0
1074 1656 2957 0
1074 1656 3100 0
1074 2162 2554 0
1074 2554 3100 0
1075 1603 2112 0
1075 1606 2112 0
1076 1077 1628 0
1076 1084 1628 0
1077 1078 2517 0
1078 2516 2517 0
1079 1621 1623 0
1079 1621 2166 0
1079 1661 1662 0
1079 1662 2166 0
1080 1625 1671 0
1080 1661 2556 0
1080 1671 2164 0
1080 2164 2556 0
1081 1618 2185 0
1081 2176 2184 0
1081 2184 2185 0
1082 1657 1660 0
1082 1657 2170 0
1082 1658 1660 0
1082 1658 2163 0
1082 2163 2781 0
1082 2170 2781 0
1083 2179 2186 0
1083 2179 2925 0
1083 2184 2186 0
1083 2184 2884 0
1083 2884 3115 0
1083 2925 3115 0
1084 1085 1628 0
1084 1085 1670 0
1084 1655 2162 0
1084 1670 2162 0
1085 1628 2126 0
1085 1670 2518 0
1085 2126 2518 0
1086 1625 1671 0
1086 1671 2187 0
1087 1672 2199 0
1087 2189 2199 0
1088 1670 2162 0
1088 2162 2554 0
1088 2188 2554 0
1089 1677 2203 0
1089 1677 2558 0
1089 1678 2203 0
1089 1678 2782 0
1089 2558 2782 0
1090 1658 2163 0
1090 1658 2164 0
1091 1092 1093 0
1092 1093 2581 0
1093 1688 2206 0
1093 2206 2581 0
1094 2068 2212 0
1095 1680 1681 0
1096 1097 1098 0
1096 1097 2958 0
1096 1098 2974 0
1096 2974 3013 0
1097 1098 1681 0
1098 1681 2207 0
1098 2207 2994 0
1098 2974 2976 0
1098 2976 2994 0
1099 1101 2207 0
1099 1682 2975 0
1099 2207 2994 0
1099 2975 2994 0
1100 2974 2976 0
1100 2976 3096 0
1101 1687 2211 0
1102 2208 2582 0
1103 1106 1109 0
1103 1682 2208 0
1104 1108 1109 0
1105 1686 2585 0
1105 2585 2586 0
1106 1687 2213 0
1106 2213 2980 0
1107 1688 2206 0
1107 1688 2216 0
1107 2206 2981 0
1107 2216 2583 0
1107 2583 2997 0
1107 2981 2997 0
1110 1113 1691 0
1110 1690 1691 0
1111 1691 1692 0
1111 1691 2218 0
1111 1692 1694 0
1111 1693 2218 0
1111 1693 2821 0
1111 1694 2637 0
1111 2637 2821 0
1112 1113 1695 0
1112 1113 2219 0
1113 1691 1692 0
1113 1692 2219 0
1114 1696 2053 0
1114 1697 2727 0
1114 2053 2458 0
1114 2458 2727 0
1115 1116 3053 0
1115 1870 3122 0
1115 2457 2725 0
1115 2457 3053 0
1116 1696 3053 0
1117 1118 2057 0
1117 1121 2055 0
1117 2055 2057 0
1121 2055 2728 0
1121 2461 2728 0
1122 2459 2461 0
1123 1124 1125 0
1123 1124 2096 0
1123 1125 1130 0
1123 1130 1597 0
1123 1597 2096 0
1124 1275 2096 0
1125 1126 1130 0
1125 1126 3121 0
1127 1128 1702 0
1128 1132 2223 0
1128 1702 2223 0
1129 1131 1602 0
1129 1131 1704 0
1129 1598 2089 0
1129 1704 1705 0
1129 1705 2089 0
1130 1597 1702 0
1131 1132 2223 0
1131 1704 2589 0
1131 2223 2589 0
1133 1275 1706 0
1133 1706 1739 0
1133 1739 1746 0
1134 1708 2226 0
1134 1708 2592 0
1134 2226 2250 0
1134 2250 2797 0
1134 2592 2797 0
1135 1711 3049 0
1135 1750 2927 0
1135 1750 3049 0
1137 1178 1709 0
1137 1710 1711 0
1138 1171 1751 0
1138 1171 3049 0
1138 1710 1711 0
1138 1710 1751 0
1138 1711 3049 0
1139 1141 1748 0
1140 1169 1744 0
1141 1171 1750 0
1141 1748 1749 0
1141 1749 1750 0
1146 1153 2228 0
1147 1150 1153 0
1147 1150 2593 0
1148 1720 2598 0
1149 1152 1714 0
1149 1152 1717 0
1149 1714 2230 0
1149 2230 2232 0
1149 2232 2799 0
1150 1151 1715 0
1150 1151 2227 0
1150 1153 1715 0
1150 2227 2593 0
1151 1713 1714 0
1151 1713 1742 0
1151 1714 1715 0
1151 1742 2227 0
1152 1714 1715 0
1152 1715 3145 0
1153 1715 3119 0
1153 2228 3119 0
1154 1599 2486 0
1154 1716 2231 0
1154 2231 2252 0
1154 2252 2486 0
1155 1157 2606 0
1155 1723 2602 0
1155 2602 2606 0
1156 1724 2234 0
1156 1724 2238 0
1156 1725 2608 0
1156 2238 2608 0
1157 2606 2607 0
1161 1727 2611 0
1161 1729 2240 0
1161 2240 2611 0
1162 1167 1734 0
1162 1734 2609 0
1163 1164 1730 0
1163 1164 1733 0
1163 1730 3101 0
1163 1731 2035 0
1163 1731 2242 0
1163 1733 2035 0
1163 2242 3101 0
1164 1165 1730 0
1164 1165 2241 0
1164 1733 2714 0
1164 2241 2714 0
1165 1730 1734 0
1165 1734 2609 0
1165 2241 2610 0
1165 2609 2610 0
1166 2229 2242 0
1166 2229 2598 0
1167 1168 3086 0
1167 1734 3081 0
1167 1736 3081 0
1167 1736 3086 0
1169 1744 1747 0
1169 1747 1748 0
1170 1710 1751 0
1170 1751 2253 0
1170 2253 3021 0
1171 1750 3049 0
1173 1178 1709 0
1174 1179 1200 0
1174 1179 3024 0
1174 3024 3120 0
1175 1176 1177 0
1175 1176 1206 0
1175 1206 1779 0
1180 1181 1753 0
1181 1245 1754 0
1181 1245 1806 0
1181 1252 1806 0
1181 1753 1754 0
1182 1245 1754 0
1182 1245 2284 0
1182 1754 2810 0
1182 1805 2284 0
1183 1208 1209 0
1184 1768 1773 0
1184 1768 2267 0
1184 1771 1773 0
1184 2260 2267 0
1185 1758 2269 0
1186 2258 2622 0
1187 1763 1774 0
1187 1763 2623 0
1187 1767 2264 0
1187 2264 2623 0
1188 1762 1763 0
1188 1762 2262 0
1188 1763 2261 0
1188 1764 2262 0
1188 1764 2263 0
1188 2261 2263 0
1190 1766 2813 0
1190 2265 2813 0
1191 1765 1767 0
1191 1765 2265 0
1191 1767 1768 0
1191 1768 2267 0
1191 2259 2265 0
1191 2259 2267 0
1192 1769 2257 0
1193 1194 2270 0
1193 1194 2978 0
1193 2270 2977 0
1194 2270 2999 0
1195 1196 1772 0
1195 1196 1773 0
1195 1771 1773 0
1195 1771 2626 0
1195 1772 2626 0
1196 1773 1774 0
1196 1774 2271 0
1197 1761 1762 0
1197 1762 2982 0
1197 2977 2982 0
1198 1775 1776 0
1199 2273 2627 0
1200 1201 1780 0
1201 1202 1777 0
1201 1202 2631 0
1201 1780 2631 0
1202 1778 2631 0
1205 1206 1779 0
1205 1779 2629 0
1205 1782 2816 0
1205 2629 2816 0
1207 1782 2274 0
1207 2274 2628 0
1208 1209 1784 0
1208 1783 1784 0
1210 1211 1785 0
1212 1238 1539 0
1212 1539 2029 0
1214 1215 1787 0
1215 1787 1788 0
1216 1788 2278 0
1216 2009 2704 0
1216 2278 2704 0
1219 2008 2408 0
1220 2278 2704 0
1220 2704 2705 0
1224 1475 1793 0
1225 1226 1790 0
1225 1226 1792 0
1225 1228 1792 0
1226 1790 2985 0
1226 1791 2633 0
1226 1791 2985 0
1226 1792 2633 0
1227 1792 2280 0
1227 2280 3102 0
1229 1794 1795 0
1229 1794 2818 0
1229 1795 1797 0
1229 1796 1797 0
1229 1796 2895 0
1229 2818 2895 0
1230 1796 1797 0
1231 1514 2281 0
1236 1237 1801 0
1236 1237 2283 0
1236 1801 1802 0
1236 1802 2847 0
1236 2283 2712 0
1236 2712 2845 0
1236 2845 2847 0
1237 1800 2283 0
1238 1800 2283 0
1238 1803 2283 0
1240 1242 1243 0
1241 1243 1819 0
1241 1819 2297 0
1245 1806 2337 0
1245 2284 2337 0
1246 2338 2661 0
1247 1804 2658 0
1249 1448 1964 0
1249 1448 2343 0
1249 1891 2343 0
1249 1891 2663 0
1251 1887 2657 0
1252 1253 2828 0
1252 1806 2828 0
1253 2335 2828 0
1254 1808 2287 0
1254 2285 2287 0
1255 1256 2286 0
1255 1258 1809 0
1255 1809 2287 0
1255 2286 2287 0
1256 1257 2286 0
1260 1262 2819 0
1260 1810 2636 0
1260 2636 2819 0
1261 1346 1883 0
1261 1346 2289 0
1261 1906 2352 0
1261 2289 2352 0
1262 1263 2289 0
1263 1811 1885 0
1263 1811 2289 0
1264 1812 2897 0
1264 1813 2292 0
1264 2292 2334 0
1264 2334 2897 0
1266 1813 2353 0
1266 1907 2353 0
1267 1814 2293 0
1268 1814 2294 0
1270 1693 1818 0
1270 1693 2218 0
1270 1817 2218 0
1271 1815 1816 0
1271 1815 2297 0
1271 1819 2297 0
1275 1706 2095 0
1275 2095 2096 0
1276 2298 2300 0
1277 1831 1832 0
1277 1831 1833 0
1277 1832 1838 0
1277 1833 2778 0
1278 1280 1834 0
1279 1281 1834 0
1280 1283 2303 0
1280 1830 2303 0
1283 1284 1836 0
1283 1836 2303 0
1285 2314 3117 0
1285 2648 3117 0
1286 1653 2302 0
1286 2302 2639 0
1287 1292 2824 0
1287 2852 2943 0
1288 1306 1837 0
1288 1306 1838 0
1288 1837 2540 0
1288 1838 1839 0
1288 1839 2146 0
1288 2146 2540 0
1289 1837 2540 0
1289 2148 2540 0
1289 2148 2772 0
1289 2539 2772 0
1289 2539 2773 0
1290 2539 2773 0
1290 2539 3025 0
1291 1292 1850 0
1291 1307 1850 0
1292 1850 1860 0
1292 1860 2824 0
1293 1842 2822 0
1293 2640 2822 0
1293 2640 2979 0
1293 2979 2987 0
1294 1842 2305 0
1294 1842 2306 0
1294 1843 3001 0
1294 2306 3001 0
1295 2306 2644 0
1296 1844 2308 0
1296 1844 2641 0
1296 1845 1846 0
1296 1845 2641 0
1296 1846 2308 0
1297 1298 1299 0
1297 1298 1845 0
1297 1845 1846 0
1298 1299 1300 0
1298 1845 2643 0
1301 1847 2309 0
1302 1303 1843 0
1303 1304 2309 0
1306 1832 1838 0
1306 1832 1849 0
1307 1850 2316 0
1308 2325 2650 0
1309 1853 2310 0
1309 1853 2648 0
1309 2310 3035 0
1309 2313 2648 0
1309 2313 3035 0
1310 1855 2649 0
1310 2649 3039 0
1310 3038 3039 0
1311 2312 2314 0
1311 2312 3038 0
1313 1858 2323 0
1313 1858 2324 0
1313 1859 2319 0
1313 1859 2322 0
1313 2319 2989 0
1313 2322 2323 0
1313 2324 2989 0
1314 1861 2324 0
1314 2324 2325 0
1315 1862 2326 0
1316 1863 1864 0
1317 1322 2327 0
1317 1866 2327 0
1319 1865 2966 0
1320 1867 2651 0
1321 1866 1867 0
1322 1324 2327 0
1324 2327 2825 0
1325 2968 3026 0
1326 2307 2642 0
1327 1332 1868 0
1328 1577 2074 0
1328 1869 2652 0
1329 1870 3122 0
1329 1873 2716 0
1330 1332 2328 0
1330 2328 3050 0
1331 1554 1875 0
1331 1874 1875 0
1331 1874 3084 0
1334 1335 2654 0
1334 1343 2654 0
1335 1879 2654 0
1336 1337 1877 0
1336 1338 1879 0
1338 1341 1878 0
1338 1341 1879 0
1338 1878 2209 0
1339 1576 2909 0
1339 2733 2909 0
1341 1879 2826 0
1341 1880 2826 0
1342 1344 1876 0
1342 1579 2332 0
1342 1876 2332 0
1343 1344 1876 0
1343 1344 2826 0
1343 1876 3064 0
1343 2654 2826 0
1344 1880 2826 0
1345 1374 1881 0
1345 1881 1884 0
1346 1811 2289 0
1346 1883 2333 0
1347 1811 1885 0
1348 1888 1892 0
1348 1888 2659 0
1348 1892 2662 0
1348 2338 2660 0
1348 2338 2662 0
1348 2659 2660 0
1349 1886 1889 0
1349 1886 2345 0
1349 1889 2339 0
1349 1890 2339 0
1349 1890 2344 0
1349 2344 2666 0
1349 2345 2666 0
1350 2661 3088 0
1351 1895 2900 0
1351 2667 2900 0
1352 1363 1364 0
1352 1948 2668 0
1353 1896 2346 0
1354 1364 2349 0
1355 1432 1434 0
1356 1360 1361 0
1356 1428 1429 0
1357 1359 1360 0
1358 1362 1899 0
1361 1901 2380 0
1362 1897 1898 0
1362 1898 2379 0
1362 1899 2381 0
1362 2379 2381 0
1363 1901 1960 0
1365 1902 1905 0
1365 1902 2991 0
1365 1904 2820 0
1365 1904 2991 0
1365 1905 2288 0
1365 2288 2820 0
1366 2990 3036 0
1367 1906 2671 0
1367 1908 2292 0
1367 1908 3046 0
1367 2350 2671 0
1367 2350 3046 0
1368 2353 3006 0
1368 2353 3093 0
1368 3093 3118 0
1368 3097 3118 0
1370 1371 1910 0
1371 1909 2672 0
1371 1910 2672 0
1372 1900 2349 0
1372 1910 2672 0
1373 1909 2354 0
1374 1881 2655 0
1374 1882 2655 0
1376 3068 3076 0
1376 3076 3077 0
1377 1403 1934 0
1377 1403 2366 0
1377 2366 3076 0
1377 3076 3077 0
1378 1912 1914 0
1378 1914 3092 0
1378 3092 3098 0
1379 1380 1912 0
1379 1912 1913 0
1379 1913 2674 0
1379 1918 2674 0
1380 1912 1914 0
1380 1914 1915 0
1380 1915 1916 0
1382 1383 1386 0
1382 1386 2357 0
1383 1384 1921 0
1385 2355 2673 0
1386 2357 2835 0
1386 2673 2835 0
1389 1927 2358 0
1389 2358 2359 0
1392 1393 1932 0
1392 1395 1925 0
1392 1925 2360 0
1392 1932 2361 0
1392 2360 2361 0
1397 1927 2838 0
1398 1401 2676 0
1398 1401 2677 0
1398 1930 2676 0
1398 2363 2677 0
1399 1573 2067 0
1399 1575 2078 0
1399 1575 2364 0
1399 2067 2364 0
1400 1401 1929 0
1400 1401 2902 0
1400 2067 2364 0
1400 2067 2902 0
1401 1929 1931 0
1401 1931 2676 0
1401 2677 2902 0
1402 1932 2361 0
1403 1404 1933 0
1403 1404 2366 0
1404 1935 2366 0
1406 1408 1467 0
1406 1423 1946 0
1408 1467 2370 0
1409 1410 1444 0
1409 1440 1441 0
1409 1440 3048 0
1411 1443 1957 0
1411 1957 2686 0
1411 2376 2686 0
1412 1414 1943 0
1414 1942 2682 0
1414 1943 2682 0
1415 2374 2684 0
1416 1943 2682 0
1416 1943 3027 0
1416 1944 2373 0
1416 1944 2684 0
1416 2373 2682 0
1416 2684 3027 0
1418 2684 3027 0
1419 1422 1945 0
1419 1945 2681 0
1420 2371 2372 0
1421 1426 1947 0
1422 1439 3048 0
1426 1427 1947 0
1428 1429 1949 0
1428 1948 2347 0
1428 1949 2347 0
1429 1432 2375 0
1429 1949 2375 0
1430 1431 1952 0
1430 1431 2670 0
1430 1436 1950 0
1430 1436 2348 0
1430 1950 1952 0
1430 2348 2670 0
1431 1438 1471 0
1431 1438 1952 0
1431 1471 3051 0
1431 1951 2670 0
1431 1951 3051 0
1433 1471 2386 0
1433 1471 3051 0
1433 1949 1951 0
1433 1949 2375 0
1433 1951 3051 0
1433 2385 2386 0
1434 1435 2385 0
1435 1975 1976 0
1435 1976 2385 0
1436 2348 2669 0
1437 1950 1952 0
1437 1950 1956 0
1437 1952 1953 0
1437 1953 3105 0
1437 1955 1956 0
1437 1955 3105 0
1438 1469 1471 0
1438 1469 1970 0
1438 1952 1953 0
1438 1953 1970 0
1439 1440 2685 0
1439 1440 3048 0
1439 1954 2690 0
1439 2685 2690 0
1441 2687 3106 0
1442 1936 2365 0
1442 2365 3068 0
1445 1958 1959 0
1445 1958 1961 0
1445 1959 2689 0
1445 1960 1962 0
1445 1960 2689 0
1445 1961 1962 0
1446 1449 1898 0
1446 1449 1963 0
1446 1898 2379 0
1446 2378 2379 0
1447 1958 1961 0
1447 1958 2378 0
1448 1964 2405 0
1448 2405 3132 0
1450 1465 3009 0
1450 1968 3009 0
1453 1456 1966 0
1454 1455 3107 0
1454 1965 3107 0
1455 1966 3107 0
1456 1966 1967 0
1458 1461 1466 0
1459 1965 2992 0
1460 1484 1983 0
1460 1484 2000 0
1461 1998 2403 0
1464 1465 3009 0
1468 1969 2368 0
1469 1970 2841 0
1469 1972 2841 0
1470 1971 2691 0
1470 1973 3108 0
1470 2691 3144 0
1470 3108 3144 0
1472 1973 1974 0
1472 1973 2387 0
1472 1974 2693 0
1472 1975 1976 0
1472 1975 2387 0
1472 1976 2693 0
1474 1977 2844 0
1474 2418 2844 0
1475 2020 2416 0
1477 1478 2388 0
1477 1481 2388 0
1478 1980 2388 0
1480 1980 1981 0
1481 2388 2389 0
1483 1486 1985 0
1483 1486 2393 0
1483 1982 1985 0
1483 1982 2392 0
1483 1993 2392 0
1483 1993 2393 0
1484 1983 2391 0
1484 1991 2391 0
1485 1487 1489 0
1485 1487 1984 0
1485 1489 3028 0
1486 1487 1489 0
1486 1487 1985 0
1486 1488 1489 0
1486 1488 2393 0
1488 1489 1987 0
1488 1987 2395 0
1488 2393 2697 0
1488 2395 2697 0
1490 1988 1990 0
1490 1988 2694 0
1490 1989 1991 0
1490 1990 1991 0
1491 1938 2367 0
1491 2367 2400 0
1493 1494 2000 0
1493 1999 2401 0
1495 2001 2002 0
1496 2001 2702 0
1496 2401 2403 0
1496 2403 2702 0
1497 1499 2004 0
1497 2004 2005 0
1498 2005 2405 0
1499 1897 2971 0
1500 2404 2703 0
1501 2006 2703 0
1503 1786 2277 0
1503 2007 2412 0
1504 1506 2413 0
1504 2407 2408 0
1504 2407 2413 0
1504 2408 2409 0
1505 2010 2011 0
1505 2010 2705 0
1505 2011 2013 0
1505 2012 2014 0
1505 2012 2411 0
1505 2013 2014 0
1505 2411 2705 0
1506 2014 2412 0
1506 2014 2413 0
1508 2972 2973 0
1509 2016 2414 0
1510 2016 2017 0
1511 1512 2018 0
1514 2279 2635 0
1514 2281 2635 0
1515 2419 2421 0
1517 2019 2020 0
1517 2019 2022 0
1517 2020 2021 0
1517 2021 2420 0
1517 2022 2706 0
1517 2420 2706 0
1518 1519 2425 0
1518 2425 3065 0
1519 2425 2426 0
1521 2424 2427 0
1522 2428 2429 0
1522 2428 3029 0
1522 2429 2709 0
1522 3029 3057 0
1523 2024 2031 0
1523 2031 2713 0
1523 2430 2713 0
1523 2430 3052 0
1524 2024 2031 0
1524 2030 2031 0
1525 1799 1801 0
1525 1801 1802 0
1526 2282 2430 0
1527 1529 1533 0
1528 1529 1533 0
1528 1533 2025 0
1530 1721 2027 0
1530 1721 2603 0
1531 2431 2605 0
1534 1769 2256 0
1534 2256 2622 0
1536 1537 2433 0
1536 2433 2710 0
1538 1764 2262 0
1540 1541 2029 0
1542 2028 2263 0
1542 2434 2846 0
1543 1544 2032 0
1543 2032 3124 0
1544 1546 3075 0
1544 1760 2033 0
1544 1760 3075 0
1544 2032 2033 0
1546 1766 2812 0
1546 2812 3075 0
1547 1716 2233 0
1547 1718 1731 0
1547 1718 2233 0
1547 1731 2035 0
1547 1732 2035 0
1548 1551 2039 0
1548 2037 2438 0
1548 2037 3069 0
1548 2039 3069 0
1548 2043 2438 0
1549 1550 2039 0
1549 1550 2715 0
1549 2039 3099 0
1549 2435 2484 0
1549 2435 2715 0
1549 2484 3126 0
1549 3099 3126 0
1550 2038 2040 0
1550 2038 3069 0
1550 2039 3069 0
1550 2040 2436 0
1550 2436 2715 0
1551 2039 3099 0
1553 2042 2435 0
1553 2435 3128 0
1554 2446 2717 0
1555 2044 2718 0
1555 2047 2445 0
1555 2047 2718 0
1557 1558 2440 0
1557 2440 2851 0
1558 2440 2852 0
1560 2048 2449 0
1560 2048 2730 0
1560 2049 2050 0
1560 2049 2719 0
1560 2050 2730 0
1560 2449 2719 0
1561 2450 2454 0
1561 2450 2464 0
1561 2454 2723 0
1561 2460 2464 0
1561 2460 2723 0
1562 1565 3058 0
1562 1566 2469 0
1562 1566 3059 0
1562 3058 3059 0
1563 1566 2905 0
1563 2453 2721 0
1563 2721 2905 0
1564 1567 2731 0
1564 2062 2468 0
1564 2062 2731 0
1566 2905 3059 0
1568 1569 2063 0
1568 1569 2065 0
1568 1571 2064 0
1568 2064 2065 0
1569 2063 2471 0
1570 1572 2063 0
1570 2063 2471 0
1574 2068 2215 0
1575 2078 2079 0
1575 2079 2480 0
1575 2364 2679 0
1575 2480 2679 0
1576 1869 2329 0
1576 2855 2909 0
1577 2074 2480 0
1577 2480 2679 0
1578 2070 2906 0
1578 2070 3037 0
1578 2072 2076 0
1578 2072 3037 0
1578 2076 2475 0
1578 2475 2906 0
1579 2332 2732 0
1581 1582 2082 0
1581 1582 2481 0
1581 1583 2080 0
1581 1583 2082 0
1581 2080 2736 0
1581 2481 2736 0
1582 2081 2087 0
1582 2087 2481 0
1583 1584 2080 0
1583 1584 2084 0
1584 1585 2083 0
1584 2080 2083 0
1584 2084 2507 0
1586 1587 2737 0
1586 2084 2861 0
1586 2737 2861 0
1587 1588 2482 0
1587 2482 2737 0
1589 1594 2088 0
1591 2034 2040 0
1591 2040 2436 0
1591 2098 3060 0
1591 2436 3060 0
1592 2484 3126 0
1592 2484 3128 0
1593 1594 2086 0
1593 1594 2088 0
1593 2081 2087 0
1593 2086 2481 0
1593 2087 2481 0
1596 1602 2485 0
1597 1702 2093 0
1597 2093 2590 0
1597 2096 2487 0
1597 2487 2590 0
1598 1600 1601 0
1598 1600 2089 0
1599 2097 2098 0
1599 2097 2741 0
1599 2486 2741 0
1600 2089 2489 0
1600 2489 2911 0
1601 2103 2863 0
1603 2865 2936 0
1604 2492 2745 0
1604 2492 3113 0
1604 2745 3138 0
1604 2791 2885 0
1604 2791 3113 0
1604 2885 3138 0
1605 1608 2110 0
1605 2110 2496 0
1606 2109 2112 0
1607 2106 2110 0
1607 2106 2495 0
1607 2110 3070 0
1607 2111 2747 0
1607 2111 3070 0
1607 2495 2747 0
1608 2110 3070 0
1609 1610 2522 0
1609 2109 2112 0
1610 2130 2744 0
1610 2130 2874 0
1610 2522 2874 0
1611 2111 2144 0
1611 2111 3070 0
1612 2138 2139 0
1612 2138 2499 0
1612 2139 2143 0
1612 2143 2504 0
1612 2499 2749 0
1612 2504 2749 0
1613 2117 2500 0
1613 2117 2505 0
1613 2500 2869 0
1613 2505 2918 0
1613 2869 2918 0
1615 2175 2562 0
1616 1677 2203 0
1616 1677 2880 0
1616 2201 2880 0
1616 2201 2914 0
1616 2202 2203 0
1616 2202 2498 0
1616 2498 2914 0
1617 2196 2512 0
1617 2196 2579 0
1617 2202 2498 0
1617 2202 2579 0
1617 2498 2499 0
1617 2499 2512 0
1618 1619 1620 0
1618 1620 2185 0
1619 1620 2760 0
1619 2123 2760 0
1620 1621 2166 0
1620 1621 2760 0
1620 2166 2185 0
1621 1623 2124 0
1621 2124 2760 0
1622 1627 2516 0
1622 1627 2761 0
1622 2513 2514 0
1622 2514 2761 0
1623 1624 2124 0
1624 2125 2515 0
1626 2515 2518 0
1627 2125 2761 0
1627 2516 2517 0
1629 2177 2563 0
1629 2563 2784 0
1630 2127 2565 0
1630 2565 3005 0
1631 2130 2193 0
1631 2130 2762 0
1631 2131 2571 0
1631 2193 2571 0
1632 2131 2524 0
1632 2519 2873 0
1632 2524 2528 0
1632 2528 2873 0
1633 2128 2531 0
1633 2134 2525 0
1633 2134 2531 0
1634 2135 2527 0
1634 2135 2875 0
1634 2524 2527 0
1634 2765 2875 0
1635 2136 2140 0
1635 2136 2142 0
1635 2140 2769 0
1635 2142 2531 0
1635 2529 2531 0
1635 2529 3031 0
1635 2769 3031 0
1636 1637 2534 0
1636 1637 2548 0
1636 2118 2145 0
1636 2118 2915 0
1636 2145 2548 0
1636 2501 2534 0
1636 2501 2915 0
1637 1638 2534 0
1637 1638 3083 0
1637 2548 3083 0
1638 2141 2534 0
1638 2141 3032 0
1638 2535 2768 0
1638 2535 3083 0
1638 2768 3032 0
1640 2541 2770 0
1640 2770 2771 0
1641 2538 2544 0
1641 2538 2775 0
1641 2544 2876 0
1641 2775 2920 0
1641 2876 2920 0
1642 2541 2542 0
1646 2113 2114 0
1646 2113 2550 0
1646 2550 2776 0
1646 2776 3061 0
1648 2547 2777 0
1650 1653 2302 0
1652 1830 1835 0
1654 2105 2867 0
1654 2494 2867 0
1656 1675 2886 0
1656 1675 3100 0
1656 2490 2886 0
1656 2490 2952 0
1656 2952 3135 0
1656 2957 3135 0
1657 1659 1660 0
1657 2170 2171 0
1658 1660 2556 0
1658 2164 2556 0
1659 1660 2165 0
1659 2165 2167 0
1659 2167 2180 0
1660 2165 2556 0
1661 1662 2165 0
1661 2165 2556 0
1662 2165 2167 0
1662 2166 2790 0
1662 2167 2790 0
1663 1666 2168 0
1663 1666 2174 0
1663 2168 2169 0
1663 2169 2557 0
1663 2174 2557 0
1664 1665 2171 0
1664 1665 2561 0
1664 2170 2171 0
1664 2170 2559 0
1664 2559 2560 0
1664 2560 2780 0
1664 2561 2780 0
1665 2171 2783 0
1665 2561 2882 0
1665 2783 2924 0
1665 2882 2924 0
1666 2168 2173 0
1666 2173 2883 0
1666 2174 2883 0
1667 2176 2884 0
1667 2177 2785 0
1667 2785 2884 0
1668 2178 2180 0
1668 2178 2881 0
1668 2179 2564 0
1668 2179 2567 0
1668 2180 2567 0
1668 2564 2881 0
1669 2182 2183 0
1669 2182 2566 0
1669 2183 2784 0
1669 2563 2784 0
1669 2563 2786 0
1669 2566 2786 0
1672 2199 2577 0
1673 2188 2189 0
1673 2188 2194 0
1673 2189 2200 0
1673 2194 2195 0
1673 2195 2573 0
1673 2200 2954 0
1673 2573 2954 0
1674 2190 2191 0
1674 2190 2572 0
1674 2191 2793 0
1674 2192 2793 0
1674 2192 2864 0
1674 2572 2864 0
1675 2194 2195 0
1675 2194 2554 0
1675 2195 2934 0
1675 2554 3100 0
1675 2886 2934 0
1676 2197 2199 0
1676 2197 2792 0
1676 2198 2200 0
1676 2198 2570 0
1676 2199 2200 0
1676 2570 2792 0
1677 2558 2879 0
1677 2879 2922 0
1677 2880 2922 0
1678 1679 2204 0
1678 1679 2782 0
1678 2203 2579 0
1678 2204 2579 0
1679 2204 2491 0
1679 2205 2491 0
1679 2205 2794 0
1679 2782 2794 0
1680 1684 1685 0
1682 2208 2996 0
1682 2975 2995 0
1682 2995 2996 0
1683 2209 2996 0
1683 2995 2996 0
1684 1685 2587 0
1684 2581 2587 0
1685 2211 2587 0
1686 2478 2734 0
1686 2584 2585 0
1686 2584 2734 0
1687 2211 2214 0
1687 2213 2214 0
1688 2212 2216 0
1689 2213 2214 0
1689 2213 2980 0
1689 2214 2588 0
1689 2588 2981 0
1689 2980 3014 0
1689 2981 3015 0
1689 3014 3015 0
1690 1691 2218 0
1692 1694 2219 0
1693 1815 1818 0
1693 1815 2821 0
1694 2219 2220 0
1694 2220 2221 0
1694 2221 2637 0
1696 2053 2457 0
1696 2457 3053 0
1697 2459 2727 0
1698 2442 2444 0
1698 2456 2725 0
1699 1700 2058 0
1699 1700 2466 0
1699 2058 2447 0
1699 2447 2993 0
1702 2093 2223 0
1703 1705 2089 0
1703 1705 2740 0
1703 2089 2090 0
1703 2090 2243 0
1703 2094 2243 0
1703 2094 2740 0
1704 1705 2589 0
1705 2589 2740 0
1706 1739 1740 0
1706 1740 2092 0
1706 2092 2095 0
1707 2225 2226 0
1707 2226 2619 0
1708 2226 2593 0
1708 2227 2593 0
1708 2227 2796 0
1708 2592 2796 0
1713 1714 2230 0
1713 1742 1743 0
1713 1743 2596 0
1713 2230 2596 0
1715 3119 3145 0
1716 2231 2233 0
1717 3033 3062 0
1718 1731 2229 0
1718 2229 2601 0
1718 2233 2600 0
1718 2600 2601 0
1719 1720 2601 0
1719 1720 3062 0
1719 2599 2600 0
1719 2599 3033 0
1719 2600 2601 0
1719 3033 3062 0
1720 2598 2601 0
1721 1722 2432 0
1721 1722 2891 0
1721 2027 2432 0
1721 2603 2891 0
1722 2234 2432 0
1722 2602 2891 0
1723 2602 2891 0
1724 2234 2235 0
1724 2235 2604 0
1725 2606 2607 0
1725 2607 2608 0
1726 2239 2607 0
1728 1729 2240 0
1728 2240 2437 0
1728 2437 2610 0
1728 2609 2610 0
1730 1734 3081 0
1730 1735 3081 0
1730 1735 3101 0
1731 2229 2242 0
1732 1733 2035 0
1732 1733 2036 0
1732 2034 2036 0
1733 2036 2714 0
1735 1736 2612 0
1735 1736 3081 0
1735 2242 3101 0
1736 2612 3086 0
1737 2224 2246 0
1737 2224 2248 0
1737 2244 2245 0
1737 2244 2613 0
1737 2245 2248 0
1737 2246 2613 0
1738 1740 1741 0
1738 1740 2616 0
1738 1741 2245 0
1738 2245 2804 0
1738 2616 2804 0
1739 1740 2616 0
1739 1746 2247 0
1739 2247 2616 0
1740 1741 2092 0
1741 2091 2244 0
1741 2091 2488 0
1741 2092 2488 0
1741 2244 2245 0
1742 1743 2591 0
1742 2227 2796 0
1742 2591 2796 0
1743 2246 2591 0
1743 2246 2614 0
1743 2596 2614 0
1744 1745 1747 0
1744 1745 2247 0
1744 1746 2247 0
1745 1747 2251 0
1745 2247 2615 0
1745 2251 2894 0
1745 2615 2894 0
1747 1748 1749 0
1747 1749 2251 0
1749 1750 2805 0
1749 2251 2805 0
1750 2805 2927 0
1753 1754 2809 0
1753 2254 2809 0
1754 2809 2810 0
1755 1756 1757 0
1756 1757 2254 0
1757 2254 2809 0
1757 2809 2810 0
1758 2269 2811 0
1758 2811 2998 0
1759 2256 2257 0
1759 2256 2258 0
1759 2257 2259 0
1759 2258 2260 0
1759 2259 2267 0
1759 2260 2267 0
1760 2028 2624 0
1760 2624 3075 0
1761 1762 2262 0
1762 1763 2271 0
1762 2271 2982 0
1763 1774 2271 0
1763 2261 2623 0
1765 1767 2264 0
1765 2264 2625 0
1765 2265 2813 0
1765 2625 2813 0
1766 2812 2813 0
1769 2256 2257 0
1770 2268 2621 0
1770 2268 2999 0
1770 2983 2999 0
1771 2269 2626 0
1772 2268 2270 0
1772 2268 2626 0
1778 2273 2814 0
1778 2273 2984 0
1778 2276 2631 0
1778 2276 2814 0
1780 2629 2632 0
1780 2631 2632 0
1781 2274 2275 0
1781 2274 2816 0
1781 2275 2630 0
1781 2630 2632 0
1781 2632 2816 0
1782 2274 2816 0
1783 1784 2277 0
1784 1786 2277 0
1787 1788 2278 0
1791 2279 2634 0
1791 2279 3016 0
1791 2633 2634 0
1791 2985 3016 0
1792 2280 2633 0
1794 2818 3102 0
1794 3034 3102 0
1796 2281 2895 0
1802 2282 2847 0
1803 2283 2712 0
1803 2712 2846 0
1804 2284 2337 0
1804 2336 2337 0
1804 2336 2658 0
1806 2337 2829 0
1806 2828 2829 0
1808 1809 2287 0
1812 2291 2897 0
1813 1908 2292 0
1813 1908 3006 0
1813 2353 3006 0
1814 2293 2294 0
1815 1816 2821 0
1815 1818 2297 0
1816 2296 2821 0
1820 1826 1827 0
1820 1826 2638 0
1820 2638 2953 0
1821 1828 1829 0
1822 1823 2299 0
1822 2299 2300 0
1823 1825 2299 0
1824 1826 1829 0
1824 1826 2638 0
1824 2299 2300 0
1824 2299 2638 0
1825 2299 2638 0
1825 2638 2953 0
1826 1827 1829 0
1827 1828 1829 0
1830 1835 2303 0
1833 2301 2778 0
1835 2302 2639 0
1835 2303 2639 0
1836 2303 2639 0
1839 2146 2147 0
1840 2640 2642 0
1840 2640 2979 0
1840 2968 2986 0
1840 2968 3026 0
1840 2979 2986 0
1841 2987 2988 0
1842 2305 2822 0
1844 2304 2307 0
1844 2304 2641 0
1845 2641 2643 0
1850 1860 2316 0
1851 1852 3035 0
1852 2311 2823 0
1852 2313 2823 0
1852 2313 3035 0
1854 2312 2314 0
1854 2312 3041 0
1854 2314 3117 0
1854 2647 3041 0
1854 2647 3110 0
1854 3110 3117 0
1855 2315 2649 0
1857 1861 2319 0
1857 1861 3008 0
1857 2318 2319 0
1857 2318 3111 0
1857 3103 3111 0
1858 2316 2317 0
1858 2316 2323 0
1858 2317 2650 0
1858 2324 2650 0
1859 2318 2319 0
1859 2318 2320 0
1859 2320 2321 0
1859 2321 2322 0
1860 2316 2323 0
1860 2322 2323 0
1860 2322 2824 0
1861 2319 2989 0
1861 2324 2989 0
1866 1867 2651 0
1866 2327 2651 0
1869 2329 2941 0
1869 2652 2941 0
1871 1872 1873 0
1871 1873 2441 0
1871 2330 2441 0
1873 2441 2716 0
1874 1875 2653 0
1874 2653 2942 0
1874 2942 3123 0
1874 3084 3123 0
1878 2209 2582 0
1879 2654 2826 0
1881 2333 2655 0
1882 1911 2928 0
1882 2655 2928 0
1883 2333 3114 0
1883 3114 3116 0
1886 1888 2345 0
1886 1888 2830 0
1886 1889 2899 0
1886 2830 2899 0
1887 2339 2340 0
1887 2339 2656 0
1887 2656 2657 0
1888 1892 2345 0
1888 2659 2830 0
1889 2339 2656 0
1889 2656 2899 0
1890 2339 2340 0
1890 2340 2341 0
1890 2341 2344 0
1891 2343 2832 0
1891 2344 2663 0
1891 2344 2665 0
1891 2665 2832 0
1892 1894 2345 0
1892 1894 3082 0
1892 2662 3082 0
1893 1894 2664 0
1893 1894 3082 0
1893 1895 2664 0
1893 3067 3082 0
1894 2342 2664 0
1894 2342 2666 0
1894 2345 2666 0
1895 2664 2900 0
1896 2346 2669 0
1899 2380 2381 0
1900 1962 2382 0
1901 1960 2689 0
1901 2380 2689 0
1902 1903 2991 0
1903 2991 3036 0
1904 2350 2834 0
1904 2350 2990 0
1904 2820 2834 0
1904 2990 2991 0
1905 2288 2351 0
1906 2352 2671 0
1909 2354 2672 0
1913 2356 2674 0
1917 1918 2674 0
1917 1918 2835 0
1917 1920 2357 0
1917 1920 2674 0
1917 2357 2835 0
1918 2835 2836 0
1919 1920 2674 0
1919 2356 2674 0
1926 1929 2837 0
1928 1930 2947 0
1928 2362 2947 0
1929 1931 2837 0
1930 2676 2947 0
1931 2676 2901 0
1931 2837 2901 0
1935 1936 2365 0
1935 2365 2366 0
1938 2367 2839 0
1938 2369 2839 0
1939 1940 2369 0
1939 1940 2370 0
1940 2368 2680 0
1940 2369 2839 0
1940 2680 2839 0
1941 2686 2930 0
1942 2682 2683 0
1944 2371 2372 0
1944 2371 2374 0
1944 2372 2373 0
1944 2374 2684 0
1945 2681 2683 0
1948 2347 2668 0
1949 1951 2347 0
1950 1956 2688 0
1951 2347 2833 0
1951 2670 2833 0
1953 1970 3143 0
1953 3104 3105 0
1953 3104 3143 0
1955 1956 2948 0
1955 2687 2948 0
1955 2687 3106 0
1955 3105 3106 0
1956 2377 2688 0
1956 2377 2948 0
1958 1959 2378 0
1959 2378 2379 0
1959 2379 2381 0
1959 2381 2689 0
1961 1962 2382 0
1965 1966 1967 0
1965 1966 3107 0
1965 1967 2992 0
1969 2368 2383 0
1970 2841 2903 0
1970 2903 3143 0
1971 2384 2691 0
1972 1974 2692 0
1972 1974 2693 0
1972 2692 2841 0
1973 1974 3108 0
1974 2692 3108 0
1976 2385 2386 0
1976 2386 2693 0
1977 2707 2844 0
1980 1981 2388 0
1981 2388 2389 0
1982 2006 2406 0
1982 2392 3055 0
1982 2406 3055 0
1983 2003 3055 0
1983 2391 2392 0
1983 2392 3055 0
1986 1987 2395 0
1986 2390 2394 0
1986 2394 2395 0
1989 1991 2391 0
1989 2391 2696 0
1989 2696 2699 0
1992 1994 1996 0
1992 1996 2695 0
1993 2392 2696 0
1993 2393 2697 0
1993 2396 2696 0
1993 2396 2697 0
1994 1995 2397 0
1994 1995 2399 0
1994 1996 2399 0
1995 2397 3109 0
1995 2398 2701 0
1995 2399 2701 0
1996 2399 2700 0
1998 2367 2400 0
1998 2400 2702 0
1998 2403 2702 0
1999 2401 2402 0
2003 2404 2406 0
2003 2406 3055 0
2004 2005 2405 0
2004 2405 3132 0
2006 2406 2703 0
2007 2011 2013 0
2007 2013 2412 0
2008 2407 2408 0
2009 2411 2704 0
2010 2011 2410 0
2010 2410 2960 0
2011 2410 3112 0
2012 2014 2413 0
2013 2014 2412 0
2015 2414 2415 0
2016 2017 2415 0
2016 2414 2415 0
2020 2021 2416 0
2021 2420 3007 0
2022 2418 2706 0
2023 2417 2419 0
2023 2417 3007 0
2023 2419 2421 0
2023 2420 2708 0
2023 2420 3007 0
2023 2421 2708 0
2026 2235 2604 0
2026 2235 2605 0
2027 2431 2432 0
2028 2261 2263 0
2028 2261 2266 0
2028 2266 2624 0
2030 2031 2848 0
2030 2434 2711 0
2030 2711 2848 0
2031 2713 2848 0
2034 2036 2040 0
2036 2038 2040 0
2036 2038 2714 0
2037 2241 2438 0
2037 2241 2714 0
2037 2714 3069 0
2038 2714 3069 0
2042 2435 2715 0
2043 2240 2437 0
2043 2240 2611 0
2043 2437 2438 0
2044 2446 2718 0
2045 2441 2443 0
2045 2441 2716 0
2045 2442 2444 0
2045 2442 2716 0
2045 2443 3040 0
2045 2444 3040 0
2046 2047 2445 0
2046 2047 3040 0
2046 2444 3040 0
2047 2443 2718 0
2047 2443 3040 0
2048 2447 2730 0
2048 2447 2993 0
2048 2449 2451 0
2048 2451 2993 0
2049 2448 2719 0
2050 2467 2730 0
2051 2449 2451 0
2051 2449 2720 0
2051 2450 2452 0
2051 2450 2465 0
2051 2451 2465 0
2051 2452 2720 0
2052 2453 2455 0
2052 2453 2722 0
2052 2455 2456 0
2052 2456 2850 0
2052 2722 3002 0
2052 2850 3002 0
2053 2457 2726 0
2053 2458 2723 0
2053 2723 2850 0
2053 2726 2850 0
2054 2459 2461 0
2054 2459 2727 0
2054 2460 2462 0
2054 2460 2727 0
2054 2461 2728 0
2054 2462 2728 0
2055 2057 2222 0
2055 2222 2463 0
2055 2463 2728 0
2056 2462 2463 0
2056 2462 2464 0
2056 2463 2729 0
2056 2464 2465 0
2056 2465 2729 0
2057 2222 2466 0
2058 2059 2447 0
2059 2447 2730 0
2059 2467 2730 0
2060 2061 2470 0
2060 2470 2851 0
2061 2469 2470 0
2062 2468 2943 0
2062 2470 2731 0
2062 2470 2932 0
2062 2932 2943 0
2068 2212 2215 0
2069 2473 2908 0
2069 2476 2477 0
2069 2477 2908 0
2070 2906 2907 0
2071 2073 2079 0
2071 2073 2474 0
2071 2076 2077 0
2071 2076 2475 0
2071 2077 2079 0
2071 2474 2475 0
2072 2076 2478 0
2072 3037 3045 0
2073 2074 2480 0
2073 2074 2855 0
2073 2079 2480 0
2073 2474 2857 0
2073 2855 2857 0
2075 2077 2479 0
2075 2077 2735 0
2075 2479 2734 0
2075 2734 2889 0
2075 2735 2889 0
2076 2077 2479 0
2076 2478 2479 0
2077 2078 2079 0
2077 2078 2735 0
2084 2507 2861 0
2085 2086 2736 0
2086 2481 2736 0
2089 2090 2489 0
2090 2243 2620 0
2090 2489 2806 0
2090 2620 2806 0
2091 2094 2243 0
2091 2094 2488 0
2091 2243 2802 0
2091 2244 2802 0
2092 2095 2487 0
2092 2487 2488 0
2093 2223 2589 0
2093 2589 2590 0
2094 2487 2488 0
2094 2487 2740 0
2095 2096 2487 0
2097 2098 2099 0
2097 2741 2911 0
2098 2099 3060 0
2100 2101 2742 0
2100 2102 2742 0
2102 2103 2485 0
2102 2103 2742 0
2103 2742 2863 0
2104 2131 2571 0
2104 2190 2526 0
2104 2190 2571 0
2105 2107 2108 0
2105 2107 2867 0
2106 2107 2496 0
2106 2107 2867 0
2106 2110 2496 0
2106 2495 2867 0
2113 2114 2497 0
2113 2118 2145 0
2113 2118 2497 0
2113 2145 2550 0
2115 2120 2509 0
2115 2120 2872 0
2115 2502 2872 0
2115 2502 3071 0
2115 2509 3072 0
2115 3071 3072 0
2116 2201 2578 0
2116 2201 2914 0
2116 2502 2578 0
2116 2502 3071 0
2116 2914 3080 0
2116 3071 3080 0
2117 2500 2503 0
2117 2503 2504 0
2117 2504 2750 0
2117 2505 2750 0
2118 2497 2752 0
2118 2752 2915 0
2119 2121 2860 0
2119 2507 2860 0
2120 2509 2756 0
2120 2756 2910 0
2120 2759 2872 0
2120 2759 2910 0
2121 2122 2510 0
2121 2122 2859 0
2121 2859 2860 0
2122 2510 2511 0
2122 2511 2759 0
2122 2759 2910 0
2122 2859 2910 0
2123 2513 2514 0
2123 2514 2760 0
2124 2514 2760 0
2125 2126 2515 0
2126 2515 2518 0
2127 2565 2787 0
2128 2142 2528 0
2128 2142 2531 0
2128 2528 2873 0
2129 2133 2525 0
2130 2193 2743 0
2130 2743 2744 0
2130 2762 2874 0
2132 2133 2530 0
2132 2154 2535 0
2132 2154 2551 0
2132 2530 2535 0
2133 2134 2525 0
2133 2134 2530 0
2134 2529 2531 0
2134 2529 2768 0
2134 2530 2768 0
2135 2136 2140 0
2135 2136 2527 0
2135 2137 2140 0
2135 2137 2766 0
2135 2766 2875 0
2136 2142 2527 0
2137 2138 2139 0
2137 2138 2766 0
2137 2139 2140 0
2138 2499 2512 0
2138 2512 2746 0
2138 2746 2766 0
2139 2140 2769 0
2139 2143 2769 0
2141 2500 2532 0
2141 2500 2869 0
2141 2501 2534 0
2141 2501 2869 0
2141 2532 3073 0
2141 3032 3073 0
2142 2527 2528 0
2143 2503 2504 0
2143 2503 2532 0
2143 2532 2533 0
2143 2533 2769 0
2144 2151 2152 0
2144 2151 2546 0
2145 2548 3087 0
2145 2550 3087 0
2146 2147 2878 0
2146 2540 2775 0
2146 2775 2878 0
2147 2536 2552 0
2147 2536 2878 0
2148 2538 2772 0
2148 2538 2775 0
2148 2540 2775 0
2149 2150 2155 0
2149 2150 2547 0
2149 2155 2549 0
2149 2547 2777 0
2149 2549 3078 0
2149 2777 3078 0
2150 2151 2153 0
2150 2151 2155 0
2150 2153 2547 0
2151 2152 2155 0
2151 2153 2546 0
2152 2155 2551 0
2154 2535 3083 0
2154 2548 3066 0
2154 2548 3083 0
2154 2551 3066 0
2155 2549 2551 0
2157 2301 2778 0
2158 2747 2866 0
2159 2161 2553 0
2160 2161 2553 0
2160 2552 2553 0
2163 2555 2781 0
2166 2185 2568 0
2166 2568 2790 0
2167 2180 2790 0
2169 2557 2921 0
2169 2578 2921 0
2170 2559 2887 0
2170 2781 2887 0
2172 2558 2580 0
2172 2558 2879 0
2172 2559 2560 0
2172 2559 2887 0
2172 2560 2879 0
2172 2580 2887 0
2173 2175 2883 0
2174 2557 2561 0
2174 2561 2882 0
2174 2882 2939 0
2174 2883 2939 0
2175 2562 2883 0
2176 2184 2884 0
2177 2563 2785 0
2178 2783 2881 0
2179 2181 2564 0
2179 2181 2925 0
2179 2186 2567 0
2180 2567 2790 0
2181 2564 2923 0
2181 2788 2938 0
2181 2788 3042 0
2181 2923 2938 0
2181 2925 3042 0
2182 2566 2789 0
2182 2789 3005 0
2184 2185 2568 0
2184 2186 2568 0
2186 2567 2790 0
2186 2568 2790 0
2188 2194 2554 0
2189 2199 2200 0
2190 2191 2569 0
2190 2526 2569 0
2190 2571 2572 0
2191 2569 3113 0
2191 2570 2791 0
2191 2570 2793 0
2191 2791 3113 0
2192 2198 2793 0
2192 2198 2954 0
2192 2573 2912 0
2192 2573 2954 0
2192 2864 2912 0
2193 2571 2572 0
2193 2572 2864 0
2193 2743 2913 0
2193 2864 2913 0
2195 2573 2934 0
2196 2204 2491 0
2196 2204 2579 0
2196 2491 2493 0
2196 2493 2746 0
2196 2512 2746 0
2197 2199 2577 0
2197 2574 2575 0
2197 2574 2792 0
2197 2575 2576 0
2197 2576 2577 0
2198 2200 2954 0
2198 2570 2793 0
2201 2578 2921 0
2201 2880 2921 0
2202 2203 2579 0
2205 2491 3138 0
2205 2575 2779 0
2205 2575 2885 0
2205 2779 2794 0
2205 2885 3138 0
2206 2581 2588 0
2206 2588 2981 0
2208 2582 2996 0
2209 2582 2996 0
2210 2584 2585 0
2210 2584 2795 0
2210 2585 2586 0
2210 2586 3015 0
2210 2795 2997 0
2210 2997 3015 0
2211 2214 2587 0
2212 2215 2216 0
2214 2587 2588 0
2215 2216 2217 0
2216 2217 2583 0
2217 2583 2795 0
2221 2295 2296 0
2221 2296 2637 0
2222 2463 2729 0
2224 2246 2591 0
2224 2248 2249 0
2224 2249 2797 0
2224 2591 2592 0
2224 2592 2797 0
2225 2226 2593 0
2226 2250 2619 0
2228 3091 3119 0
2229 2598 2601 0
2230 2232 2596 0
2231 2233 2600 0
2231 2252 3018 0
2231 2600 3018 0
2232 2594 2596 0
2232 2594 2890 0
2232 2799 2890 0
2234 2235 2432 0
2235 2432 2605 0
2236 2237 2238 0
2236 2238 2608 0
2236 2239 2608 0
2239 2607 2608 0
2241 2438 2610 0
2243 2620 2802 0
2244 2613 2802 0
2245 2248 2804 0
2246 2613 2614 0
2247 2615 2616 0
2248 2249 2617 0
2248 2617 2804 0
2249 2617 2618 0
2249 2618 2797 0
2250 2618 2797 0
2250 2618 2893 0
2250 2619 2893 0
2251 2805 2894 0
2252 2486 2739 0
2252 2597 2739 0
2252 2597 3018 0
2255 2621 2998 0
2256 2258 2622 0
2261 2266 2623 0
2264 2266 2623 0
2264 2266 2625 0
2266 2624 2625 0
2268 2270 2999 0
2268 2621 2811 0
2268 2626 2811 0
2269 2626 2811 0
2272 2627 3044 0
2272 3043 3044 0
2273 2627 2814 0
2274 2275 2628 0
2275 2628 2815 0
2275 2630 2817 0
2275 2815 3000 0
2275 2817 3000 0
2276 2630 2632 0
2276 2630 2814 0
2276 2631 2632 0
2279 2634 2635 0
2280 2633 2634 0
2280 2634 2818 0
2280 2818 3102 0
2281 2635 2895 0
2282 2430 2847 0
2285 2286 2287 0
2288 2636 2820 0
2290 2291 2928 0
2291 2897 2928 0
2292 2334 3116 0
2296 2637 2821 0
2304 2307 2642 0
2304 2640 2642 0
2304 2640 2822 0
2304 2641 2822 0
2305 2643 2822 0
2306 2644 3001 0
2311 2646 2823 0
2312 3038 3039 0
2312 3039 3041 0
2313 2647 2823 0
2313 2647 3110 0
2313 2648 3110 0
2315 2649 2898 0
2321 2322 2824 0
2324 2325 2650 0
2327 2651 2825 0
2328 2329 2942 0
2328 2653 2942 0
2328 2653 3050 0
2329 2941 2942 0
2330 2441 2443 0
2330 2443 2718 0
2330 2717 2718 0
2331 2652 2941 0
2331 2941 2942 0
2331 2942 3123 0
2333 2655 2827 0
2333 2827 3114 0
2334 2827 2897 0
2334 2827 3114 0
2334 3114 3116 0
2335 2656 2657 0
2335 2656 2899 0
2335 2828 2899 0
2336 2337 2829 0
2336 2658 2660 0
2336 2659 2660 0
2336 2659 2829 0
2338 2661 2831 0
2338 2662 2831 0
2341 2344 2663 0
2342 2664 2900 0
2342 2665 2666 0
2342 2665 2832 0
2342 2832 2900 0
2343 2667 2832 0
2344 2665 2666 0
2346 2668 2833 0
2346 2669 2833 0
2347 2668 2833 0
2348 2669 2833 0
2348 2670 2833 0
2350 2671 2834 0
2350 2990 3046 0
2352 2671 2896 0
2355 2673 2836 0
2362 2675 2929 0
2362 2929 2947 0
2363 2677 2678 0
2365 2366 3076 0
2365 3068 3076 0
2368 2383 2680 0
2372 2373 2681 0
2373 2681 2683 0
2373 2682 2683 0
2376 2686 2930 0
2376 2687 2948 0
2376 2930 2949 0
2376 2948 2949 0
2377 2948 2949 0
2377 2949 3130 0
2380 2381 2689 0
2384 2690 2904 0
2384 2691 2904 0
2390 2394 2931 0
2391 2392 2696 0
2394 2395 2698 0
2394 2698 2842 0
2394 2842 2931 0
2395 2697 2698 0
2396 2696 2699 0
2396 2697 2698 0
2396 2698 2843 0
2396 2699 2843 0
2397 3094 3109 0
2398 2701 2931 0
2399 2700 2701 0
2401 2402 2403 0
2404 2406 2703 0
2410 2983 3112 0
2411 2704 2705 0
2418 2706 2844 0
2420 2706 2708 0
2421 2422 2708 0
2422 2707 2844 0
2422 2708 2844 0
2423 2424 3134 0
2423 2425 2426 0
2423 2425 2429 0
2423 2428 2429 0
2423 2428 3134 0
2424 2427 3134 0
2425 2429 3065 0
2427 2428 3134 0
2429 2709 3065 0
2430 2713 2847 0
2431 2432 2605 0
2434 2711 2846 0
2435 2484 3128 0
2437 2438 2610 0
2440 2851 2932 0
2440 2852 2943 0
2440 2932 2943 0
2446 2717 2718 0
2448 2719 2849 0
2448 2849 2905 0
2448 2905 3059 0
2449 2719 2720 0
2450 2452 2454 0
2450 2464 2465 0
2451 2465 2729 0
2451 2729 2993 0
2452 2454 3002 0
2452 2720 2849 0
2452 2722 2849 0
2452 2722 3002 0
2453 2455 2724 0
2453 2721 2722 0
2454 2723 2850 0
2454 2850 3002 0
2456 2725 2726 0
2456 2726 2850 0
2457 2725 2726 0
2458 2460 2723 0
2458 2460 2727 0
2460 2462 2464 0
2462 2463 2728 0
2469 2470 2731 0
2470 2851 2932 0
2472 2473 2908 0
2472 2732 2853 0
2472 2853 2908 0
2474 2475 2933 0
2474 2854 2857 0
2474 2854 2933 0
2475 2906 2933 0
2476 2477 2733 0
2477 2733 2856 0
2477 2854 2856 0
2477 2854 2933 0
2477 2908 2933 0
2478 2479 2734 0
2482 2737 2917 0
2482 2755 2917 0
2483 2753 2755 0
2486 2739 2862 0
2486 2741 2862 0
2487 2590 2740 0
2489 2806 2862 0
2489 2862 2911 0
2490 2886 2936 0
2491 2493 2745 0
2491 2745 3138 0
2492 2569 2764 0
2492 2569 3113 0
2492 2745 2767 0
2492 2764 2767 0
2493 2745 2767 0
2493 2746 2767 0
2494 2866 2867 0
2495 2747 2866 0
2495 2866 2867 0
2497 2752 2870 0
2497 2753 2870 0
2498 2499 2868 0
2498 2868 2914 0
2499 2749 2868 0
2500 2503 2532 0
2501 2869 2916 0
2501 2915 2916 0
2504 2749 2750 0
2505 2748 2750 0
2505 2748 3072 0
2505 2918 3079 0
2505 3072 3079 0
2507 2860 2861 0
2508 2756 2871 0
2508 2756 2944 0
2508 2757 2758 0
2508 2757 2858 0
2508 2758 2871 0
2508 2858 2944 0
2509 2756 2871 0
2509 2871 3079 0
2509 3072 3079 0
2511 2759 2872 0
2519 2520 2521 0
2519 2520 2873 0
2519 2521 2762 0
2520 2521 2763 0
2521 2522 2523 0
2521 2522 2874 0
2521 2523 2763 0
2521 2762 2874 0
2524 2527 2528 0
2526 2569 2764 0
2526 2764 2765 0
2530 2535 2768 0
2532 2533 3073 0
2533 2769 3031 0
2533 3031 3073 0
2536 2877 2878 0
2537 2538 2770 0
2537 2538 2772 0
2537 2539 2772 0
2537 2770 2771 0
2538 2544 2770 0
2541 2542 2544 0
2541 2544 2770 0
2542 2543 2876 0
2542 2544 2876 0
2543 2545 2876 0
2545 2774 2919 0
2545 2876 2919 0
2548 3066 3087 0
2549 2551 3066 0
2549 3066 3087 0
2549 3078 3087 0
2550 2776 3078 0
2550 3078 3087 0
2552 2553 3074 0
2555 2576 2779 0
2555 2779 2888 0
2555 2781 2888 0
2557 2561 2780 0
2557 2780 2922 0
2557 2921 2922 0
2558 2580 2782 0
2560 2780 2879 0
2562 2787 2940 0
2562 2883 2940 0
2563 2785 2786 0
2564 2881 2923 0
2565 2787 2926 0
2565 2789 2926 0
2565 2789 3005 0
2566 2786 2788 0
2566 2788 2945 0
2566 2789 2945 0
2570 2791 2792 0
2573 2912 2934 0
2574 2575 2885 0
2574 2791 2792 0
2574 2791 2885 0
2575 2576 2779 0
2580 2782 2794 0
2580 2794 2888 0
2580 2887 2888 0
2581 2587 2588 0
2583 2795 2997 0
2584 2734 2889 0
2584 2795 2889 0
2586 3014 3015 0
2589 2590 2740 0
2591 2592 2796 0
2594 2596 2614 0
2594 2614 2892 0
2594 2798 2890 0
2594 2798 2892 0
2595 2597 2739 0
2595 2597 2890 0
2595 2739 2807 0
2595 2798 2808 0
2595 2798 2890 0
2595 2807 2808 0
2597 2800 2890 0
2597 2800 3018 0
2599 2600 3018 0
2599 2800 3018 0
2612 2801 3063 0
2612 3063 3086 0
2613 2614 2892 0
2613 2802 2803 0
2613 2803 2892 0
2615 2616 2804 0
2615 2617 2804 0
2615 2617 3133 0
2615 2894 3133 0
2617 2618 3133 0
2618 2893 2894 0
2618 2894 3133 0
2619 2893 2927 0
2620 2802 2803 0
2620 2803 2808 0
2620 2806 2807 0
2620 2807 2808 0
2621 2811 2998 0
2624 2625 2812 0
2624 2812 3075 0
2625 2812 2813 0
2627 2814 2817 0
2627 2817 3044 0
2629 2632 2816 0
2630 2814 2817 0
2634 2635 2895 0
2634 2818 2895 0
2636 2819 2820 0
2641 2643 2822 0
2644 2645 3001 0
2646 2823 2898 0
2647 2649 2898 0
2647 2649 3041 0
2647 2823 2898 0
2648 3110 3117 0
2649 3039 3041 0
2655 2827 2928 0
2659 2829 2830 0
2661 2831 3088 0
2662 2831 3067 0
2662 3067 3082 0
2667 2832 2900 0
2671 2834 2896 0
2673 2835 2836 0
2675 2929 3023 0
2676 2901 2947 0
2677 2678 2902 0
2685 2690 2904 0
2685 2904 3139 0
2685 3129 3139 0
2691 2692 2904 0
2691 2692 3144 0
2692 2841 3140 0
2692 2904 3140 0
2692 3108 3144 0
2698 2842 2843 0
2699 2700 2843 0
2700 2701 2843 0
2701 2842 2843 0
2701 2842 2931 0
2706 2708 2844 0
2711 2712 2845 0
2711 2712 2846 0
2711 2845 2848 0
2713 2847 2848 0
2719 2720 2849 0
2721 2722 2849 0
2721 2849 2905 0
2733 2856 2909 0
2737 2738 2858 0
2737 2738 2861 0
2737 2858 2917 0
2738 2858 2944 0
2738 2859 2860 0
2738 2859 2944 0
2738 2860 2861 0
2739 2807 2862 0
2741 2862 2911 0
2743 2744 2913 0
2744 2865 2913 0
2746 2766 2767 0
2748 2750 2868 0
2748 2868 3080 0
2748 3071 3072 0
2748 3071 3080 0
2749 2750 2868 0
2751 2752 2870 0
2751 2752 2915 0
2751 2754 2757 0
2751 2754 2870 0
2751 2757 2758 0
2751 2758 2916 0
2751 2915 2916 0
2753 2754 2755 0
2753 2754 2870 0
2754 2755 2917 0
2754 2757 2917 0
2756 2910 2944 0
2757 2858 2917 0
2758 2871 2937 0
2758 2916 2937 0
2764 2765 2875 0
2764 2767 2875 0
2766 2767 2875 0
2774 2877 2919 0
2775 2878 2920 0
2776 2777 3078 0
2779 2794 2888 0
2780 2879 2922 0
2781 2887 2888 0
2783 2881 2924 0
2785 2786 2925 0
2785 2884 3115 0
2785 2925 3115 0
2786 2788 3042 0
2786 2925 3042 0
2787 2926 2940 0
2788 2938 2945 0
2789 2926 2945 0
2798 2803 2808 0
2798 2803 2892 0
2799 2800 2890 0
2801 3020 3063 0
2805 2893 2894 0
2805 2893 2927 0
2806 2807 2862 0
2817 3000 3044 0
2819 2820 2896 0
2820 2834 2896 0
2827 2897 2928 0
2828 2829 2830 0
2828 2830 2899 0
2831 3067 3088 0
2837 2838 2901 0
2838 2901 2929 0
2840 2930 2949 0
2840 2949 3130 0
2840 3047 3085 0
2840 3047 3127 0
2840 3127 3130 0
2841 2903 3140 0
2845 2847 2848 0
2853 2907 2908 0
2854 2856 2857 0
2855 2857 2909 0
2856 2857 2909 0
2859 2910 2944 0
2864 2912 2913 0
2865 2913 2935 0
2865 2935 2936 0
2868 2914 3080 0
2869 2916 2937 0
2869 2918 2937 0
2871 2918 2937 0
2871 2918 3079 0
2876 2919 2920 0
2877 2878 2920 0
2877 2919 2920 0
2880 2921 2922 0
2881 2923 3003 0
2881 2924 3003 0
2882 2924 2939 0
2883 2939 2951 0
2883 2940 2951 0
2886 2934 2935 0
2886 2935 2936 0
2901 2929 2947 0
2903 3129 3140 0
2903 3129 3143 0
2904 3139 3140 0
2906 2907 2933 0
2907 2908 2933 0
2912 2913 2935 0
2912 2934 2935 0
2923 2938 2946 0
2923 2946 3003 0
2924 2939 3003 0
2926 2940 2950 0
2926 2945 2950 0
2938 2945 2946 0
2939 2951 3003 0
2940 2950 2951 0
2945 2946 2950 0
2946 2950 2951 0
2946 2951 3003 0
2955 2956 3004 0
2961 2962 3012 0
2961 2967 3012 0
2969 2986 2988 0
2973 3095 3131 0
2979 2986 2988 0
2979 2987 2988 0
2981 2997 3015 0
2990 2991 3036 0
3000 3043 3044 0
3022 3029 3057 0
3091 3119 3145 0
3093 3098 3118 0
3104 3105 3106 0
3104 3129 3143 0
3129 3139 3140 0

End
