MeshVersionFormatted 1

Dimension
2

Vertices
1880
0.0 0.0 1
1.0 0.0 1
1.0 1.0 1
0.0 1.0 1
1.0 0.5 1
0.5 1.0 1
0.24090842755753625 0.5023286348071004 0
0.0 0.5 1
0.0 0.75 1
0.37159344422398205 0.735409143344871 0
0.5733983880182731 0.49601224576943226 0
0.38957303396420206 0.5947850134412169 0
0.6518828601122195 0.6033109574319958 0
0.7695484414970631 0.3472961441853085 0
1.0 0.25 1
1.0 0.375 1
0.8931491063704644 0.3812764185031668 0
0.5325720367992831 0.23371527718074528 0
0.75 0.0 1
0.625 0.0 1
0.25 0.0 1
0.3707344684500385 0.1980770403454784 0
0.5684118358520713 0.6055464839471846 0
0.6314284638912275 0.7110756835558232 0
0.5543596699885538 0.8501613636206155 0
0.75 1.0 1
0.625 1.0 1
0.4884703276288239 0.8105306450158327 0
0.375 1.0 1
0.42133866318439195 0.8889176523799915 0
0.29852851270442005 0.8585863328894218 0
0.28528521582978433 0.6517985458098061 0
0.125 1.0 1
0.0 0.25 1
0.1971097687875781 0.28123573249990447 0
0.0 0.375 1
0.12090997227823637 0.5478168352972541 0
0.08548090642716735 0.648875590808881 0
0.0 0.625 1
0.08498016661645053 0.28742638845769386 0
0.125 0.0 1
0.09071190357522466 0.1517397294254413 0
0.0 0.125 1
0.2650745678417051 0.15410899745459355 0
0.17739972522647918 0.0875555154777712 0
0.3213224830868025 0.08948175549873227 0
0.6071932314415112 0.1546863732277728 0
0.576450560484512 0.06695258551458523 0
0.8528344686883993 0.25070365772733405 0
0.778547964224546 0.1891758139773848 0
1.0 0.125 1
0.875 0.0 1
1.0 0.75 1
1.0 0.625 1
0.8244176581279401 0.8551274207640228 0
1.0 0.875 1
0.7021579375503861 0.8697215720214131 0
0.875 1.0 1
0.9001468097601062 0.9121969171177061 0
0.0 0.875 1
0.6741791663464576 0.6525081463705411 0
0.5909633716659398 0.4710775222692292 0
0.7012830661718187 0.40648870777529533 0
0.7883720282117291 0.4000332801645465 0
0.8249123689685979 0.5230140269046373 0
1.0 0.4423208700692871 1
1.0 0.3175872825181464 1
0.8301059299153664 0.3502555188601538 0
0.9661996174998606 0.3677808684056225 0
0.8455520638706814 0.40439525517116187 0
0.6921826001143748 0.5169410559068007 0
0.6914851249766321 0.5804194087480818 0
0.5925385477999876 0.44221380417122014 0
0.7105043672057003 0.3066961349766372 0
0.5912489108297319 0.35466076539126096 0
0.5891495391895271 0.2638706599401685 0
0.6867990669726514 0.0 1
0.5640144654974384 0.0 1
0.6806720145900063 0.20657014862728743 0
0.6400232002850518 0.039256351927524476 0
0.4974659058956802 0.2821600066652595 0
0.43470226943605317 0.21915610571054392 0
0.30643763209195046 0.4942396179680382 0
0.4254307032248059 0.46432486237968584 0
0.5550499934804077 0.6515669694287919 0
0.6112071834977525 0.6072435977162082 0
0.5668822325580681 0.694512919216122 0
0.6507116360293151 0.649156390503117 0
0.5646282792023025 1.0 1
0.6775769280333381 1.0 1
0.43956816389933695 0.7598266606869335 0
0.5199985253345037 0.8044229969743152 0
0.3132939193901948 1.0 1
0.4388713895284889 1.0 1
0.489129873620717 0.8812113119080064 0
0.40492306130773453 0.9627691060614684 0
0.4191681297305189 0.8339606195996923 0
0.343311146632952 0.8132725432564712 0
0.21947887222912468 0.7329630342479209 0
0.2467994445498637 0.6661813801660288 0
0.3372444961837495 0.6115879096968183 0
0.3325566180003531 0.6959980679792603 0
0.05868701427634265 1.0 1
0.18524168544733982 1.0 1
0.25153584470131374 0.9642913980010095 0
0.3570957051954754 0.23512776993595227 0
0.04807286306025175 0.4543734835665684 0
0.0 0.310436893746632 1
0.0 0.4398741020199109 1
0.04469900572005288 0.38074536235939344 0
0.1238638129097616 0.4633112492475306 0
0.05367636586082039 0.49992336963237155 0
0.23114580838679552 0.6375005042879891 0
0.0 0.5630908232041284 1
0.0 0.6859693911949387 1
0.04289117010739839 0.2689905850933072 0
0.11924013393747124 0.28636934461107616 0
0.10382283342252238 0.3527089851500399 0
0.1864508424066982 0.0 1
0.05722330755094774 0.0 1
0.04267011911526696 0.1641948673084127 0
0.1419530060252431 0.08942867334397599 0
0.1299647750579769 0.20705449639310883 0
0.0 0.05927046291736705 1
0.0 0.18429860330611567 1
0.04856836681273411 0.1109910012246419 0
0.2932270993951669 0.17599302124528482 0
0.24715613438713036 0.05547258713111643 0
0.22540006036554716 0.20287102447617866 0
0.1649891839618797 0.047312120614010356 0
0.20316211621571906 0.10907414624382589 0
0.3129597883430238 0.0 1
0.29700250016303376 0.11362390577183076 0
0.34387591231545545 0.10972839683138222 0
0.6599302977309753 0.14789772318317715 0
0.5711920666013368 0.20028611877779198 0
0.5944612021134632 0.036606102506064095 0
0.34590375045922317 0.5100349093586445 0
0.27806656926057916 0.5309420361013858 0
0.3529779322600018 0.5667807365230538 0
0.30926049642215525 0.5985194390840568 0
0.8117618653986338 0.29488436525215084 0
0.8633323076520217 0.29670168191663043 0
0.7282269082660849 0.16483914020773263 0
0.8205343450689583 0.23240683971524273 0
0.9483387399085422 0.5215380610284953 0
1.0 0.18134671532201435 1
1.0 0.056331248302178866 1
0.9463482161170784 0.12399180673446154 0
0.9436687516978212 0.0 1
0.8105175492643906 0.0 1
0.8741123881597154 0.08726203246142904 0
0.04887851424796363 0.7491080334661654 0
0.9721589453063284 0.6932262134400899 0
1.0 0.6870981473287238 1
1.0 0.5606976226053236 1
0.8940112003614479 0.5895341238214866 0
0.9619305554455255 0.6063943216874756 0
0.7832040386366828 0.9307585601464649 0
0.8038440731797357 0.8241514700163866 0
0.9516487866477531 0.7672650234642026 0
0.888185390235725 0.7293766814638387 0
0.8818651826357591 0.824420740680884 0
1.0 0.9393752925305989 1
1.0 0.8141969732549693 1
0.7166192835834196 0.9289658829481957 0
0.6596998132554267 0.8109019712895518 0
0.8196023694075321 1.0 1
0.9420362348333392 1.0 1
0.8729216886866655 0.9481121109116412 0
0.8748883153550427 0.8842819999168828 0
0.0 0.8143467820535831 1
0.0 0.9397331090245341 1
0.6681100213384625 0.6263649813276339 0
0.5526262084038912 0.5286897266944425 0
0.5710554084088377 0.5824439142719179 0
0.6310085421985855 0.5856024595175559 0
0.6107073844493578 0.49645252750175217 0
0.7442636524469582 0.39861709406977663 0
0.6783316370714282 0.4298946831499331 0
0.7836996716495338 0.43292861261684507 0
0.7819209844035012 0.37497339767200477 0
0.7101499173851427 0.44087708965001543 0
0.681513013486858 0.46751295323818304 0
0.826762382778187 0.5595697576265821 0
1.0 0.28528326356935696 1
0.8551435336717079 0.353978924670433 0
0.8013385293992767 0.34166482347451366 0
0.815379632523813 0.36761772564228395 0
0.9617867157887385 0.4095434102599759 0
0.8752197457036315 0.40045570252417534 0
0.8375448062091004 0.37378279910758255 0
0.6968848166444371 0.4950276139514491 0
0.700385464376442 0.5395707030849994 0
0.6722662905818011 0.5816911660390891 0
0.7887245447467094 0.5472177574977188 0
0.8009136929734979 0.5813679540436114 0
0.5607052836280602 0.4600543876451802 0
0.5975515694331003 0.4082408368209376 0
0.6188862253449032 0.46125190646409076 0
0.650165350562177 0.41277569238185013 0
0.5438708254570788 0.2912026909684596 0
0.5199426597941736 0.322398123279455 0
0.5509466046561178 0.34778073456434705 0
0.7258379974320994 0.31476583104297867 0
0.6830029976422223 0.3040121089339229 0
0.7139610066061975 0.36029392855221637 0
0.5708282629989575 0.3650489466813157 0
0.6155303512919149 0.3850977491292902 0
0.6209136207535112 0.32222314717570133 0
0.5662744530092101 0.2532094771425778 0
0.5619638777996006 0.3039151791739896 0
0.6319623804624054 0.27775176508022054 0
0.5520155472860072 0.03933216736917584 0
0.6942012757256378 0.18361456788350772 0
0.6363832256176926 0.1688945264273285 0
0.6794239680011817 0.2427325560491264 0
0.6111086752400325 0.07122557539489902 0
0.7145830375009303 0.04557256385141298 0
0.6763408539477145 0.05043175673223469 0
0.6903425269119448 0.08857729347902583 0
0.5357806167494972 0.4927222378444527 0
0.5293190480866656 0.4613820394770759 0
0.5358815227271477 0.43530344430186385 0
0.48908797835712114 0.2998066178940806 0
0.5128959313947564 0.2590014963215072 0
0.49876241855288106 0.23241906703641896 0
0.334178164117995 0.4917219255220351 0
0.2787154298866247 0.484270178208864 0
0.3193678309885254 0.5351095689971914 0
0.36903568393983266 0.47083769046129575 0
0.5575004189048657 0.6238095993378614 0
0.5472250526615123 0.5639179638607562 0
0.5770142435037462 0.5537446226709986 0
0.6241968820150661 0.5993702450359775 0
0.5913132386393424 0.6006110555666885 0
0.5791531272800831 0.6211364354511802 0
0.6486070089245711 0.7067088412191447 0
0.6735419194708954 0.6804457249341789 0
0.6316708950266936 0.6286035594747383 0
0.6381004525736294 0.672627806781595 0
0.6636749922640495 0.646437330494714 0
0.5398301016014141 0.8912556675618781 0
0.45510241776937055 0.9082719931331726 0
0.49765930025849264 0.9308133893108526 0
0.5870026910558367 0.9142610419221908 0
0.5486614797657888 0.9490278549025257 0
0.7104386076062631 1.0 1
0.4664024034101743 0.7560398631432307 0
0.41699424063493995 0.7642021098509372 0
0.5015997001639263 0.7688594760362998 0
0.4503385978257633 0.8696376829689104 0
0.5164428666922976 0.8422102971364863 0
0.4742691392922379 0.8436124441396681 0
0.41734283474154804 0.9255637844782997 0
0.36025967808848713 0.9626506057828053 0
0.3573199802778885 0.9235673165908921 0
0.42175297544157586 0.8580667796260955 0
0.431660607832132 0.8106292074915538 0
0.29454701761419133 0.9617350573607716 0
0.30434701815297516 0.802002127228963 0
0.3268537892646738 0.830327692981638 0
0.37948239853918386 0.8233060797773749 0
0.2970446260397091 0.8394514702549117 0
0.3148198501627077 0.7557778289223025 0
0.18944888410586924 0.722777013489956 0
0.27065523805064795 0.6524019976128985 0
0.2063151278379926 0.6864715254667582 0
0.2233179673028813 0.6981640809149812 0
0.3559923883890408 0.6042593107698327 0
0.3081033485072414 0.6305810497603502 0
0.34508631621518 0.6523874602821673 0
0.3459561516873609 0.7248676233115945 0
0.31700471409654574 0.6695190142049214 0
0.16982775908818634 0.9561014314270153 0
0.12959310127867682 0.9378359085541114 0
0.07812270951402361 0.9452626552098904 0
0.20937292979471583 0.9637913150072056 0
0.27301628580553833 0.8824163219427443 0
0.13973904400956036 0.9051005949085579 0
0.16567384794373022 0.9127975882050515 0
0.21104707234646022 0.2796307406013576 0
0.236530237359862 0.4774134910050518 0
0.19505646094071058 0.29554316872216224 0
0.22341659589152643 0.30395236953005855 0
0.049375755797697096 0.3084513374224336 0
0.03142046481023923 0.4116258229249391 0
0.12790766148583044 0.5048241537336818 0
0.08678504120850182 0.5222992050698468 0
0.15848600092518564 0.4759717527025959 0
0.15556273871498835 0.5335568019136733 0
0.16284059076494073 0.6851782077347197 0
0.21099486152547195 0.6635858172774305 0
0.23906971574157787 0.6521180172734403 0
0.2633596896732592 0.6393346077508715 0
0.04267716075592857 0.6649834761624555 0
0.08324021925618062 0.6067846193471814 0
0.1547132876744154 0.5718471779494305 0
0.043853605950746465 0.539847391331759 0
0.16571419354121922 0.28997846251360454 0
0.11424159988710218 0.317934818677732 0
0.10102348409506233 0.3845880458427315 0
0.07288043346129265 0.36715398967924356 0
0.08213524703361472 0.2404861006216884 0
0.040680570677160154 0.21743870037259494 0
0.10825277372555277 0.050021991298650564 0
0.09732090879924182 0.09978313873875226 0
0.16829501026041474 0.23926719009189915 0
0.1295509796507555 0.17125289962184706 0
0.3161913468488855 0.1954706911567967 0
0.27486378131667094 0.1735692605751258 0
0.24119668645590508 0.09906516756263267 0
0.28150706553163857 0.08249873083449882 0
0.20736330729789423 0.07194568675021364 0
0.21273123459691892 0.24662774596801218 0
0.25520991296318024 0.1946245005023915 0
0.23865473964713 0.1884212192134021 0
0.1879036370956886 0.22159816748043343 0
0.22622403982263162 0.13245628813090993 0
0.16912323181187006 0.12012918846464589 0
0.5236991231423402 0.14980864177727923 0
0.3985108126940583 0.1627490790862758 0
0.4449415469511359 0.17795905936746112 0
0.2880062701886959 0.041682051058431646 0
0.27952174814012004 0.1350428591107532 0
0.28775379058226197 0.1569951660283939 0
0.3073102016194617 0.1633190924009429 0
0.5450880050023943 0.20557179009283022 0
0.5816011096139362 0.17418492288421888 0
0.5336938533388692 0.18003670827140225 0
0.5539989393926961 0.15970637624469222 0
0.580729779274681 0.1412096246622117 0
0.6051191542203811 0.12870936782137177 0
0.5502295589022356 0.12614008087285966 0
0.3571064246991122 0.49203398242472346 0
0.2861501999759975 0.5070423016405885 0
0.2649959877329399 0.5068485135222963 0
0.3663778938854597 0.5897957351673931 0
0.3242705280376676 0.556442775132441 0
0.3470249436539051 0.5916446853638443 0
0.2951043883541822 0.6221208231580088 0
0.3222966431801626 0.6086500880617102 0
0.2845400084122301 0.6188066440256546 0
0.8267760996430682 0.27543528119657706 0
0.7789863486085382 0.3186950096299352 0
0.821104098027939 0.3209520036006304 0
0.8469964880583503 0.33319332948957125 0
0.8678550501163788 0.282316911906687 0
0.8811527337559054 0.35626504159619976 0
0.8543334796263626 0.21455290748826625 0
0.742243586155518 0.18160467038293915 0
0.7106412952410641 0.14849789724733053 0
0.7082026295085332 0.19146144536170287 0
0.7505303433161099 0.11374813322115991 0
0.8447866668471801 0.1396096278087165 0
0.7968319597272069 0.17080829723926577 0
0.8425231808478961 0.17104334567703147 0
0.8372537506237736 0.19796132664471275 0
0.8179338103346592 0.25159431330775095 0
0.8996892081828702 0.4102832337730495 0
0.8720906734111519 0.42739423024508433 0
0.9029061859569903 0.49100371926424036 0
0.3696242518265436 0.7000664399411588 0
0.4021070838513182 0.7196472147937285 0
0.4175191582157018 0.7399482886361517 0
0.37285786309297303 0.6106124004760093 0
0.4966904642600187 0.6514014149417627 0
1.0 0.2138130147291234 1
0.8422356711753067 0.05368051957899293 0
0.898706994654964 0.053685743718476855 0
0.03994441438679761 0.7117914993441841 0
0.10767629827562118 0.7773800657106114 0
0.13073239311114798 0.8730432883764435 0
0.9201270138283765 0.7154603601047126 0
0.922475116588109 0.7462095186734676 0
0.8523279850622589 0.5409002842886409 0
0.9587383883744013 0.6540576174794682 0
0.9249694579283719 0.6184443609145615 0
0.857837055516178 0.572937844787644 0
0.8708035203038554 0.6648207012317116 0
0.8401076488395266 0.6841103187660592 0
0.7673913275524081 0.9643045196737713 0
0.8027441445221684 0.8813861610953418 0
0.7494233508989746 0.8813889426092311 0
0.8111484379678421 0.846460703307514 0
0.8127599975174009 0.7603919281260854 0
0.9215359232019219 0.7837103114716932 0
0.8956149147068346 0.7648058520983101 0
0.8645860615784939 0.8418630820687479 0
0.8930354329757463 0.7987090709306508 0
0.8461994746861731 0.8021353442073833 0
0.9616564613558714 0.9618315873224665 0
0.7018980124066229 0.8452432679318851 0
0.7519794776179147 0.8228899198380535 0
0.681896640989609 0.8003988964102488 0
0.7309685024826523 0.9641534445682274 0
0.7502883198748915 0.9321948059389824 0
0.7078911861500394 0.8976661252586843 0
0.689586870542683 0.9583541016420479 0
0.5496998804117964 0.8173406476737355 0
0.6454395190748096 0.7232510630083911 0
0.6796254693286955 0.8557764046511028 0
0.6833476671096431 0.8272401230194999 0
0.646620427706461 0.9634747896705681 0
0.5848286903936865 0.8705741381352353 0
0.6516345503839125 0.8700694057744834 0
0.6209624580438071 0.8891082612415825 0
0.6281837002555566 0.9268801146710928 0
0.7870098359954609 1.0 1
0.8070716626061973 0.9611408671266024 0
0.8608185551229639 0.9134856914736663 0
0.8594613001868155 0.8626729259162431 0
0.053578492290969164 0.8929909323687808 0
0.04602462580801309 0.8403198007624335 0
0.09104684058699265 0.8574227806323315 0
0.5234441065520408 0.5755508807102399 0
0.6725267222932384 0.6392247125606113 0
0.6598316676233973 0.6139003635116399 0
0.6601225724163045 0.6370094921167716 0
0.7089011225090847 0.5956016091464823 0
0.5959925474084212 0.5738945981782778 0
0.6054550861703436 0.5491993734671035 0
0.5895725896597978 0.5250820276687684 0
0.7317511410925253 0.4163456523237109 0
0.7608251700807115 0.36437283638101736 0
0.7597717957254355 0.4137535810261289 0
0.7627332635867923 0.38832365910686073 0
0.7847344303880152 0.46727435906119313 0
0.7486690955909884 0.4479019466902142 0
0.96210907459251 0.29881272132639486 0
0.816327910387084 0.390366607988734 0
0.9296017781788911 0.38537293437470005 0
0.8085509753180278 0.4474949742032127 0
0.7187353485194901 0.4755377496995607 0
0.7200648521983667 0.5127964954105679 0
0.6450782014317096 0.4809228153455704 0
0.6653711739399006 0.5986344480394861 0
0.7561864747065471 0.5557117097876004 0
0.5402593685670208 0.4048156006753598 0
0.5656434667963941 0.4237985060004458 0
0.6761046950648922 0.40483022754610737 0
0.6219742657268161 0.4296759774639671 0
0.6491237368392028 0.4467426090816803 0
0.542442642036523 0.2636736655096746 0
0.5223614699664337 0.28343935295024325 0
0.5088182543579862 0.3016827179177487 0
0.5414553022208521 0.31222591120220433 0
0.4950179208299759 0.3179872556500344 0
0.5581382052919895 0.32645311944587574 0
0.538817200931839 0.33139164347398675 0
0.752975088178153 0.33018070444257347 0
0.7297792044152644 0.2815472518629247 0
0.7527678862849554 0.23198750184111971 0
0.7016639058765605 0.22454319451754082 0
0.7076562330554212 0.3804800022675507 0
0.7217222410799118 0.34224042259910054 0
0.7111649639594961 0.3259208384699419 0
0.6855267523332205 0.3850185339702938 0
0.5917304308274053 0.3783553755526174 0
0.6246735066987376 0.40443857836986424 0
0.6389868193698804 0.38844342739754284 0
0.6574237974949113 0.2952291399812362 0
0.5744416297390282 0.34058903168517995 0
0.590914339380925 0.3358196342637675 0
0.5680132056467653 0.27971674588080647 0
0.5801330603177357 0.31861102778642286 0
0.6445976587632057 0.3057725037968449 0
0.6852486851972037 0.16340070542321222 0
0.6525468753424161 0.19009195192604283 0
0.6414020955988664 0.2623930863610902 0
0.6633664033868446 0.23925509230912897 0
0.6825026889046982 0.2786497109680927 0
0.5834785876655036 0.10400144813646514 0
0.6494986861255944 0.07821297040576432 0
0.6567930682094196 0.11379573861123146 0
0.6871844753527695 0.13045316139494564 0
0.481212127587659 0.5420291423817192 0
0.48193851132022353 0.42665338003405473 0
0.5118303012986399 0.4162275584722794 0
0.47846945683090847 0.3379133062196266 0
0.5025239805806195 0.3375149790329969 0
0.47384391363963196 0.31255596064771923 0
0.3895634536302899 0.20291658738994228 0
0.48291099769085183 0.2593001554688931 0
0.463826401808285 0.23211960110805052 0
0.4358471793439751 0.24533453299335872 0
0.3440701733077672 0.5335996693930309 0
0.44556264663543915 0.5443999345791107 0
0.4090465560786499 0.5495309832805935 0
0.4027975936758525 0.4261818681642796 0
0.5722415901660046 0.6381323323713843 0
0.5981215232863683 0.6208838035088807 0
0.6640223343917585 0.7063092017917808 0
0.6554464936519427 0.6927902872800745 0
0.6750652789753476 0.6668744082465614 0
0.6698549293314078 0.6938433563956485 0
0.5501547148872625 0.676984355403048 0
0.5680206320801697 0.6714694052001017 0
0.5859146924552588 0.6775099947275457 0
0.6446122188681909 0.6170224028445961 0
0.6351933430368579 0.6445665432959593 0
0.6276275395394418 0.6128415944203701 0
0.6172068835327911 0.6954389738106455 0
0.6503799049032204 0.6788957041898666 0
0.6379476659030164 0.6915677278358493 0
0.45188618823927235 0.9549893894636001 0
0.5999730531237414 0.9589163807932894 0
0.5174954759286441 0.7278058470101716 0
0.5353509294660397 0.6984174813129332 0
0.39839670362034685 0.7579786139688203 0
0.38598086149476873 0.9349492854539857 0
0.3267282807985699 0.8832411450441611 0
0.38636911205705193 0.9009322213395993 0
0.3988641032580983 0.8718704434448616 0
0.426906398882301 0.7828388587197336 0
0.45902583837559197 0.7868240577863191 0
0.29045134895123076 0.8792995906449269 0
0.28212962112570245 0.9016323702521365 0
0.2640718272109982 0.9275996153956988 0
0.32857914668167004 0.9730620945126505 0
0.345817485678029 0.7944159401660934 0
0.35784525340050377 0.7632436597645648 0
0.3401559726652393 0.7615349121862922 0
0.3302626735896141 0.8027315262979295 0
0.3056553837566904 0.7744296426730936 0
0.3280997133791208 0.817401291142806 0
0.3144893449474271 0.8409239045760928 0
0.40415376380093115 0.8182161554057936 0
0.36251476033682145 0.8065712813775133 0
0.3550031189740522 0.8296532422718415 0
0.27348666133578003 0.7856772838707259 0
0.30353271244656166 0.8295041226916617 0
0.32572981407777724 0.7588281228933736 0
0.34840969431193897 0.7495726038054382 0
0.2075249814475576 0.7236848530169052 0
0.26308470788302146 0.6666155002105647 0
0.223607024310843 0.6796742125260304 0
0.18616199797749622 0.6984230934561998 0
0.20480216573080365 0.7075523138945433 0
0.21907351029999061 0.7155179888622049 0
0.23081872501684977 0.7240070248375484 0
0.23855405216905054 0.6880398036332825 0
0.32325781493890227 0.6235679314592121 0
0.2938313184826992 0.6389324859340241 0
0.3350569763220261 0.6834640230639778 0
0.33920644641110265 0.6347151341284486 0
0.32135404229454073 0.6402690839309643 0
0.360740962130966 0.7185745963666172 0
0.34444629826600975 0.713641131069743 0
0.32021621447285425 0.7016070799816534 0
0.3333606724503481 0.6626555391740193 0
0.3048284268821381 0.6591252976659321 0
0.2887167630793088 0.6734323166376599 0
0.340233665565676 0.736971614929396 0
0.3326265067275734 0.7227580081001849 0
0.1997061121320565 0.9294846609714915 0
0.25394838788677493 0.8946940779850182 0
0.27724597751748936 0.864012009143596 0
0.23235779995736536 0.9107469392632123 0
0.35267372182073 0.24503742124363487 0
0.34183217442871255 0.2474738622072412 0
0.36187890469039574 0.2123847826941462 0
0.22648901313929246 0.2802720070207826 0
0.24463367190786917 0.2331563530041831 0
0.2560400992759238 0.4876145407106136 0
0.2088512286435189 0.3034932154957739 0
0.2121274868125582 0.32914403609912557 0
0.21777809937936904 0.2920455999656493 0
0.2283153229375417 0.29315245286194835 0
0.09352949352305945 0.4412530359436991 0
0.07045868580721723 0.4080382689009325 0
0.040654523157691316 0.3453206845227499 0
0.07840664858793747 0.32939478080636403 0
0.10443372115236722 0.41228029297731494 0
0.08834738744211786 0.48141620638625787 0
0.18891216603912855 0.5209839195759596 0
0.21094644493957423 0.49257024009074285 0
0.19001349298642783 0.6477694943069079 0
0.18683658029248548 0.6730638579460972 0
0.25494203526061676 0.6528579585282848 0
0.1920755833829764 0.5745095539469122 0
0.24312170133629768 0.6226488668682446 0
0.2362089242913371 0.5992643191110358 0
0.08302494910850038 0.5648394841054319 0
0.050641863225701855 0.6262026397812278 0
0.13944433480622095 0.6690383676608913 0
0.1056970939186957 0.7478314051755619 0
0.10819845938227253 0.7129376428742858 0
0.1112167774673924 0.6791384655715549 0
0.1790982500371095 0.31715416103445043 0
0.18297834297537505 0.28539862062774574 0
0.13045007047792717 0.39765512682405524 0
0.13456198234435895 0.3461326815575441 0
0.21114385427056445 0.03544866299829747 0
0.10554464637848236 0.18840155384761972 0
0.062333342404760954 0.06391995171067212 0
0.1349416399340138 0.26145436383584336 0
0.16019771328681798 0.214076152783498 0
0.3078964771158085 0.18160164471568127 0
0.33903115189609334 0.19115084042826175 0
0.25372215319711466 0.13111368892582384 0
0.27072637531725186 0.11293481099361485 0
0.3303040180552734 0.04546055767704796 0
0.21350347566010408 0.223192845750161 0
0.1899729547393911 0.24816014239273718 0
0.2023331836717158 0.265155341996137 0
0.28232381222167985 0.1893409416805166 0
0.24347221485427176 0.20583671928687866 0
0.25456346951207043 0.17504851689280262 0
0.2030792510904934 0.19911472242627137 0
0.15252940773103757 0.18937992893192018 0
0.21975685079963 0.181694017195448 0
0.2422515666323876 0.1537773901607797 0
0.19698411167102808 0.14274981158356514 0
0.5182999015232921 0.11792373317339709 0
0.5162225105048338 0.2041304537598235 0
0.48450559801742354 0.20300307056102745 0
0.5021944346992602 0.17411980641113897 0
0.38317836860688664 0.18137418780797765 0
0.40566219660650343 0.18674755583553931 0
0.454759884517356 0.20026875572709335 0
0.4857338539605357 0.13954055032421217 0
0.3696312947206215 0.12042583199404153 0
0.38731698150739113 0.13982555432932506 0
0.4167137818450856 0.14055629006696146 0
0.3653918097485202 0.0842223615187957 0
0.5074109474567498 0.04627797525062997 0
0.3408136017523162 0.1710068377087852 0
0.359134466404702 0.17978215928886007 0
0.3232085124286274 0.12391794882417907 0
0.5628762177437527 0.2285923758723644 0
0.5870937103364591 0.24089179770396946 0
0.6098265573976676 0.20659073044741028 0
0.55762219814371 0.1842088576143023 0
0.5400173154495119 0.08382657052826442 0
0.3251602419486905 0.5147250517614858 0
0.2506659063643783 0.5278509711355215 0
0.23437313355464245 0.5502187602988527 0
0.33336181243712615 0.5772775229541177 0
0.30853912109764037 0.6150319865463655 0
0.3265927759957226 0.5937298232309918 0
0.30157256648780667 0.5425247288223003 0
0.2562587424512111 0.6134213284080561 0
0.2932273660346706 0.6059630431130062 0
0.9681327131645917 0.20228668364764688 0
0.8725822341960094 0.16091124535870002 0
0.864972196624346 0.233467137477691 0
0.8789278178173533 0.21390621187557907 0
0.8250107139376229 0.2893909758605163 0
0.8419321859729092 0.2680563048987514 0
0.8092587669929738 0.31008476135703716 0
0.8374224238141511 0.3170878080479055 0
0.8573429393027115 0.31520034880223324 0
0.8615232353481488 0.26732435061276777 0
0.8375359997827425 0.2847886505801744 0
0.8694978978374123 0.3346841397142807 0
0.9111035604116444 0.3548648940130551 0
0.8633688815410665 0.1915561224556676 0
0.843408648355815 0.23292381979945545 0
0.7603463481769747 0.17915358027398587 0
0.7234345159211794 0.18497793168057328 0
0.6936998073961437 0.1998662718698213 0
0.7084173801718425 0.17284440153561287 0
0.7826688598384671 0.11545999082882266 0
0.7509347600139523 0.05191864101133706 0
0.7317161737127894 0.08348204846481547 0
0.8341494903451748 0.2184341285464146 0
0.8152580693267693 0.20826727144248344 0
0.7999753336575638 0.19169582590981876 0
0.8147611558760677 0.26671349483584805 0
0.7771791131091373 0.257177461742775 0
0.8597596604861115 0.508089045274743 0
0.894600918495906 0.541486492905358 0
0.9498884587975892 0.4617495399757409 0
0.3584265346225149 0.6853549663697303 0
0.3940852728616768 0.6955845410657266 0
0.38130852248014235 0.7179363725099145 0
0.3938260585341616 0.6185680034932807 0
0.35611239650482573 0.6230972963212911 0
0.35735021712358334 0.6416772700531802 0
0.49807257427886126 0.6917397010812636 0
0.5268326213888107 0.6671497311819281 0
0.43563977967089257 0.653143440911963 0
0.44074120824833796 0.6816210797768992 0
0.4817917326839968 0.7298914463452612 0
0.9589641533485277 0.1628125862988484 0
0.9132068663571911 0.15000896317192194 0
0.8763944064021233 0.12436847218832096 0
0.07642038515300412 0.730009288795635 0
0.16800711758912334 0.7398038746268993 0
0.1383202244057157 0.7335225199841058 0
0.13297342951136798 0.766363101628144 0
0.12548772544803347 0.833802547738687 0
0.07866956212156284 0.7667521414755258 0
0.9150873169513366 0.6567406335394341 0
0.8397919235947859 0.7115034485042975 0
0.9595447767505413 0.7312063862800197 0
0.8298059510004923 0.5931504062921784 0
0.8877424768632801 0.6290223316377194 0
0.7929701776120701 0.6664153352015378 0
0.818883356241456 0.8972992339300155 0
0.794190592037883 0.9027501283954874 0
0.8229747906406157 0.8746469534601015 0
0.7259282185747522 0.8786130678430245 0
0.7360466003806203 0.9030969072258243 0
0.7662229527563968 0.9017374079129231 0
0.7827413661063448 0.8827082133082738 0
0.8009161141832594 0.812591333141401 0
0.8004481719340178 0.8369486503003786 0
0.8080104112795579 0.7334201984552178 0
0.8030100712078284 0.7717094030134949 0
0.8054700355292937 0.7873119656192639 0
0.8436975407408522 0.7479522784521215 0
0.9526475880253671 0.8039426830519022 0
0.8657048804157578 0.701559144476712 0
0.8253377141012107 0.8404023888369329 0
0.8654991115169571 0.8027409904596338 0
0.9169077366458303 0.956500027110264 0
0.7046020785284981 0.8270562140038054 0
0.7750446953916632 0.816436667282269 0
0.7609885065562331 0.8094237076181866 0
0.6801123437344416 0.8860365561548105 0
0.5417910530662953 0.7826558433861124 0
0.5831458873172076 0.8314669521084164 0
0.6115181065510704 0.7161997634500343 0
0.6261994769179475 0.7319121331638487 0
0.5945259583582535 0.7203368215672785 0
0.6580906938853075 0.7185100252522209 0
0.6377014138129737 0.7969898895431549 0
0.6554431320984259 0.8384969740062375 0
0.6606393726427702 0.934492333648706 0
0.8423734641955983 0.9690340867053151 0
0.8868296052906522 0.8561284783169018 0
0.9061341482468857 0.8350863172872481 0
0.9340504265200393 0.8365893496589645 0
0.8389743906969427 0.93797108997324 0
0.10478019239196108 0.9026371042780365 0
0.08829213227361353 0.8083664742405008 0
0.5016426585809197 0.510657518807936 0
0.38306627164684226 0.5704630721756178 0
0.432162449622153 0.5745650493706186 0
0.4366785332799658 0.6247341275148921 0
0.41682246523153665 0.6042314406023347 0
0.5433982411150307 0.5978201935765822 0
0.5185713677439753 0.5441543396242116 0
0.6556647233996898 0.6257334758118572 0
0.7033412775565191 0.6678650636668478 0
0.6872620399554908 0.6594247797473363 0
0.7707301779751087 0.5785444228261076 0
0.7082591664867587 0.568076288974099 0
0.6937029027719428 0.6151974968765097 0
0.7021644914033286 0.648128768758781 0
0.7601783412625559 0.6447836029109285 0
0.61248143708983 0.5892122953743355 0
0.6511778375876293 0.5867222382384278 0
0.6202990737968257 0.5697430812872472 0
0.616784036616231 0.5267606318685816 0
0.9275831330907985 0.29307269822073234 0
0.9031608088929772 0.44620288731485935 0
0.7536611283356738 0.4887323969223194 0
0.7566374560755136 0.5264640589524798 0
0.7885372305003187 0.5055715150304456 0
0.5687626746681514 0.39242037852726686 0
0.5272678700020074 0.30198125931905484 0
0.5446770238990403 0.374649006045208 0
0.7667923077373421 0.31447541872495455 0
0.6962774948338548 0.2997499412925779 0
0.7099686831000821 0.2919586781151024 0
0.7317238787071497 0.2583569675089659 0
0.7244521720518248 0.296898943291163 0
0.7525265936068312 0.29893563896867476 0
0.7713846020523922 0.2113383650863822 0
0.7522283966406552 0.24556118978804878 0
0.7553390771928429 0.19804950399094262 0
0.6913031942806189 0.21642668804702245 0
0.6913671212049393 0.23202699277108024 0
0.7086515489800193 0.21035862820314838 0
0.7370336729442204 0.357792939641039 0
0.6958861910204468 0.3167280733932118 0
0.6927018261751692 0.3640562611129155 0
0.6098300436842193 0.34067977551397205 0
0.6617213990405414 0.38808864916300495 0
0.6124691298707425 0.3061075428623127 0
0.6627435951509146 0.17247845138669932 0
0.6766948054832299 0.1890844593432349 0
0.6222974901182279 0.10522424535625775 0
0.45352317697606914 0.4452501588553409 0
0.5060651845810771 0.4763824411242713 0
0.4805150479767601 0.4861210010735607 0
0.48105477372829547 0.459738227228081 0
0.5136394497016201 0.38478964266087934 0
0.5238041285470001 0.3516835503823308 0
0.48487268391418725 0.38319851529155863 0
0.4519506848717903 0.4127674272922367 0
0.42487070667309246 0.37130191194793954 0
0.41437029142097465 0.39097934525015704 0
0.49545344985989487 0.3594362865765571 0
0.4272681422551149 0.4065527459186482 0
0.4448953339155996 0.28566981860540175 0
0.4706180109140406 0.2866888499712846 0
0.45270483708466425 0.3057527327230035 0
0.45487847654943325 0.2625942908247411 0
0.4107669373322218 0.2103825405728811 0
0.3662269042772467 0.5148412335508299 0
0.37517144429282345 0.5424929866499627 0
0.3688731427223599 0.4003807105396106 0
0.35710483713764335 0.45301972448273486 0
0.4245784216668501 0.4306010633213501 0
0.37682417882048846 0.41681424409158163 0
0.37961774465970566 0.45012272017497906 0
0.6632472799290782 0.6590851059208144 0
0.679393130212779 0.7052439426481566 0
0.6877599252775295 0.6750890996852085 0
0.6984713732205914 0.6863262102054134 0
0.6842800170941988 0.691384129213312 0
0.5940743231158553 0.6998917933502034 0
0.6387604748767804 0.6591432362674319 0
0.5884935314537693 0.6373540717407754 0
0.6503339135429371 0.6651071300359728 0
0.6623281002885779 0.6841566126261426 0
0.44251214276341944 0.838973418825751 0
0.3086630031204157 0.8751804890995456 0
0.3060146741465962 0.8959553418450031 0
0.32152300936780764 0.861239073747728 0
0.35283976942369294 0.891641989956776 0
0.4034909407648367 0.7792027058932535 0
0.4591885894387683 0.8181418494462336 0
0.37623474334985707 0.7552043655027295 0
0.3445076657232021 0.7772876371770867 0
0.3309093617498004 0.7871137077393904 0
0.3292036540984913 0.7726307347223553 0
0.31717853016795633 0.7949001129361393 0
0.31673318343258544 0.7678782680898014 0
0.3055236081278524 0.7880197829754815 0
0.31596245738970785 0.8098291210120278 0
0.2888275988502309 0.8259083280834614 0
0.29065538234659305 0.8083926349260241 0
0.30343717860553393 0.8163539771891629 0
0.36420157275992554 0.7836853859310491 0
0.3373957756586424 0.8268472443400717 0
0.2807393704303481 0.7976463209667123 0
0.3051668850721184 0.7631281938528501 0
0.25205534311698746 0.771980442686438 0
0.2689874698068568 0.8295375285792891 0
0.24761277607094412 0.7572221002357333 0
0.2672381161067814 0.7729228809226223 0
0.27543948647635697 0.7618214180998578 0
0.2366161109071809 0.7350204918418713 0
0.2610269787536645 0.6933893355940439 0
0.36255380081818284 0.7473302973417568 0
0.39115384207377013 0.7376870329935634 0
0.35307058876970787 0.7022381414480037 0
0.3189903790651322 0.6540064021465645 0
0.275234641481516 0.676109902218121 0
0.2959736974019955 0.6832002732646111 0
0.35425607727518105 0.7350365156627828 0
0.3310738194476002 0.7090870817954983 0
0.3338387978161751 0.7489566914582491 0
0.32217121272261334 0.7496500178663343 0
0.23168986981832473 0.8804071449958969 0
0.36666684029695656 0.3658775564333267 0
0.39017014791370846 0.3509186504851594 0
0.345034405169432 0.23526458614153214 0
0.3193919133558918 0.24676293512315314 0
0.41490427825472836 0.2552737444435796 0
0.37213545619016786 0.2707075957809844 0
0.2195833271671732 0.264799771676805 0
0.2503492453327834 0.2836026885617541 0
0.22962642237086378 0.2540264547047232 0
0.22985670890230767 0.23794752863834193 0
0.2345384602719172 0.22034710948321776 0
0.24214678440846069 0.2615029179441118 0
0.2570478777922063 0.20784169409638992 0
0.2590964259127711 0.468396112559 0
0.2775905612419776 0.4620278466790406 0
0.2219913586584509 0.34285788863529765 0
0.23365467874979132 0.34338631474959996 0
0.23852273415313308 0.2874244040217525 0
0.21807389392179888 0.31675395321963634 0
0.3070307644261706 0.2893807943860827 0
0.3071659000616033 0.3019069232321999 0
0.3110683679990324 0.31211950691149387 0
0.29972290333377666 0.3106743137927358 0
0.3310278448565141 0.32015509802351294 0
0.32033778368558874 0.3181826071278937 0
0.29260154011349615 0.3217245640849352 0
0.3218110967566769 0.3592883707856683 0
0.2898660094555043 0.335474949496274 0
0.2744959319731224 0.3503917364541794 0
0.3668590478858824 0.3538568037770407 0
0.34138572153322017 0.34724857412178156 0
0.3397213138043953 0.36704155390869386 0
0.33070309521232827 0.35186345088767806 0
0.3583042195017844 0.3704346844072933 0
0.34857979286205687 0.35382873871328396 0
0.34965297428105413 0.36949024106497164 0
0.33123784538338846 0.362138945684039 0
0.3246104128581875 0.3680638798996921 0
0.2709016981454311 0.36097893673762815 0
0.30239227697885046 0.36792816266376416 0
0.2888253942876168 0.36856170631181984 0
0.2693358823267537 0.37255485975379404 0
0.2555733811255626 0.37693224380755785 0
0.3631485727549844 0.41506160906574746 0
0.34441551442417845 0.3989338853516055 0
0.20080731944983216 0.35958515486967246 0
0.1807130068893595 0.3589027580234246 0
0.20627791592242264 0.3426836290428571 0
0.19126503973067482 0.34545503841486147 0
0.20592383343589007 0.3179758175833068 0
0.17944356549524593 0.39829669381859706 0
0.22192844122522062 0.5238908155820274 0
0.19614173791681777 0.6232776543342905 0
0.17826506194300065 0.6008663799675767 0
0.17987480941348624 0.549378254346928 0
0.20670602020404558 0.548712564593734 0
0.20823403385247488 0.5988861780814781 0
0.22014852202854132 0.574288139015304 0
0.043141266001604166 0.587436928180204 0
0.119058735318382 0.65264495811537 0
0.16377410704845313 0.7122768246665317 0
0.13461080115466897 0.3035887690085825 0
0.18098005895210123 0.3007193928372573 0
0.17518523867286312 0.3371156236773656 0
0.1943619931513614 0.31094340115673413 0
0.14544420075711093 0.37285663908689004 0
0.1419668885751623 0.3215548454590182 0
0.07703866991904465 0.1959084288027577 0
0.10721793780866065 0.2625636655572433 0
0.14409596335751812 0.23530327793683065 0
0.3294980794188045 0.20864586025863463 0
0.3370171273026027 0.22368560814569635 0
0.3551232828865208 0.1980935399495153 0
0.3459860999877031 0.20967030309217918 0
0.18577208488353508 0.26877725636996896 0
0.13296616791384636 0.13188147104250028 0
0.1773792462630016 0.19227924482783978 0
0.21973343094039816 0.15877065534315685 0
0.47015485577463845 0.17463155337831118 0
0.37442276420451065 0.16019020586885332 0
0.42886806822022067 0.19386838276783513 0
0.36648505863455194 0.14138272446671324 0
0.4473648276121862 0.1515598418354363 0
0.3805525358653307 0.039357209963649 0
0.32326463839184505 0.17586869906850633 0
0.5926813601303316 0.1961034373661179 0
0.6097994508462636 0.18294597883260186 0
0.5885208092674746 0.21697624380872357 0
0.6294343567135855 0.19597923203284226 0
0.3022294254601869 0.5208297975363526 0
0.276962460636615 0.5717659579500771 0
0.26176279773488087 0.5517612238403989 0
0.2988268219072475 0.5655934747177735 0
0.28389872736885924 0.5516871591798429 0
0.24799170586676814 0.5729821907492226 0
0.2737690334061975 0.6069778732252485 0
0.90813263204436 0.21861005503219294 0
0.8325730168044725 0.2494236285939316 0
0.8444618678714851 0.2992679016232886 0
0.7737703826943189 0.16450917486766098 0
0.7681757016336789 0.08300584627243059 0
0.7885615778895225 0.046121417031435186 0
0.764518380534239 0.14041204009482602 0
0.7372361815836889 0.14114543216531789 0
0.8179211140157691 0.18229105261051187 0
0.8259911013049351 0.2626000055789322 0
0.7878181012780783 0.2787258408480966 0
0.764541074411074 0.25071957910499915 0
0.7625305936783772 0.2392270683032762 0
0.804094806100295 0.24212390341225581 0
0.8671025268898451 0.4654814096201989 0
0.34995750700759126 0.6692361958729159 0
0.344835958853505 0.6910724056716679 0
0.425606924400497 0.7064553825797567 0
0.37608581194653506 0.6836506500368964 0
0.4144548574081534 0.6324624963943515 0
0.3587837990319998 0.6566411912528107 0
0.37442510976739757 0.6310679700697711 0
0.46644461455725056 0.6694382303575177 0
0.5110868438056383 0.5995974683557606 0
0.5268963350863148 0.6304151966019133 0
0.4601580353480154 0.7018515133548784 0
0.8065310438400576 0.08726553609170115 0
0.8431807423774819 0.10270919599562321 0
0.9492264808899535 0.07690563070907518 0
0.07744484636284966 0.691507042427343 0
0.12853032305760975 0.7985309328150245 0
0.8998119099288233 0.6937722136313935 0
0.939729326637606 0.6925600577268254 0
0.7238016863947313 0.6974668582481995 0
0.7544606979973694 0.6745768891126916 0
0.7820362470321687 0.6003436828836836 0
0.778355296414282 0.6526438241442122 0
0.8363467275981414 0.6550837024798992 0
0.8602593823589618 0.6077659225363312 0
0.8046495693258336 0.6110734707784063 0
0.8445467813427839 0.8869490554505808 0
0.8089332257196444 0.8626992910019406 0
0.720877452172468 0.8557924151265853 0
0.7359421232828015 0.7707864336822944 0
0.8076876115868302 0.7477284435366348 0
0.7982900663282844 0.7574398492302924 0
0.8053472045165087 0.7176922788731673 0
0.8201652589699339 0.7234486641510246 0
0.8180626891048502 0.7762617090453438 0
0.8287161348361121 0.8052113811084894 0
0.837495012060786 0.7304491284187645 0
0.8577125884314931 0.729710135324079 0
0.8235961509205142 0.743520712223717 0
0.8671411775184742 0.7551469292585591 0
0.8715447242895823 0.7807049507833062 0
0.7895717838121863 0.8242150683223574 0
0.7668249472192268 0.8791611760723014 0
0.7519659353664934 0.8480296906223612 0
0.7401368780723528 0.8618706662785846 0
0.735624136963929 0.8434619385595106 0
0.7749603972921771 0.8027240462377464 0
0.7141649845423546 0.7418416043319566 0
0.6998677977595971 0.7903114417245649 0
0.7006116400076897 0.8101857871957083 0
0.6542345598749255 0.9043806768729491 0
0.6118072173309141 0.811887460649733 0
0.6730112272960258 0.7182919401552521 0
0.6712884266636923 0.7668303645159903 0
0.6206961651953286 0.8478262350520794 0
0.636839417663805 0.8211289615831919 0
0.6850880971752653 0.918220682816924 0
0.9170429532189296 0.8129236823614394 0
0.8133545032168383 0.9244702563039395 0
0.8354532379894779 0.9117778237778139 0
0.6468114112992732 0.6339690725011612 0
0.7185276222341764 0.7175160289232262 0
0.7292333354994056 0.7203750445913559 0
0.7383599681034874 0.5795570316019748 0
0.7303005835350267 0.5466197155999017 0
0.7140338483683261 0.6190741452834724 0
0.6825670684719343 0.6277862146179554 0
0.6757376374805852 0.6134997310565332 0
0.6850310093741397 0.5972774442762989 0
0.7159823281628138 0.6556136622658213 0
0.6710746638025095 0.5020171448816574 0
0.9121509965705594 0.24756677676361366 0
0.9362197231516091 0.26910224751015993 0
0.8889795136593748 0.23663492936655645 0
0.8835391278923264 0.29116544263909194 0
0.9296524959018403 0.3250970744152542 0
0.799103066513765 0.37878548502875287 0
0.8141710792203116 0.41931415761272867 0
0.9289569763683021 0.42336358949924924 0
0.6865194196520511 0.292515970791876 0
0.7210925839821942 0.274155145423651 0
0.7915527820742744 0.20860731383100226 0
0.7350266685863189 0.19830592882619083 0
0.7306664252991605 0.24543363005633512 0
0.7047215673290034 0.23671474848016588 0
0.7205612735695353 0.2000654938938955 0
0.6776919055337596 0.31811337148649466 0
0.7016057046046723 0.34310690233598135 0
0.639002281292353 0.3203610780397017 0
0.6722771927973703 0.3674643320207812 0
0.6107315202387226 0.3639271775593131 0
0.5951005247764184 0.303037135022759 0
0.6021667085980266 0.2760198200355993 0
0.6025375015414252 0.25001447077611544 0
0.6094549210561937 0.23133032400364492 0
0.6313604977303157 0.1365439811844298 0
0.42555328820626853 0.5172889501170159 0
0.43571533450725747 0.49288754329364654 0
0.4562475699526143 0.476380589384928 0
0.4607109367132906 0.5097537697592215 0
0.5075988010251462 0.44593859177962775 0
0.4002703025144078 0.3493650477488177 0
0.39100773340288886 0.37232874407877775 0
0.4132392181849522 0.35487214798402683 0
0.4470174177627852 0.36857902013087057 0
0.3757655729190788 0.2140866839414664 0
0.4387983605389053 0.33385876901581857 0
0.3966533512942819 0.4001198432041489 0
0.3961475877103508 0.3851683414074782 0
0.38479482837766305 0.3821110419119007 0
0.3775882603852043 0.3719654575721085 0
0.3218975709513539 0.47117776414675316 0
0.36582672962672197 0.4317434598367307 0
0.3861728172409223 0.430749674213458 0
0.3925764654562042 0.41527325833081585 0
0.6948654933096275 0.701421329051677 0
0.6275664426286572 0.6663339179613991 0
0.5805593635383398 0.6559693071865242 0
0.6208776977384649 0.6405056208684795 0
0.6046492790242141 0.6381506873879557 0
0.6624073396827849 0.671870213119069 0
0.5785374125273909 0.7146324385477649 0
0.30208022635174686 0.923094948482816 0
0.3947320059704485 0.8451100566881423 0
0.3446979392297079 0.8657203861193168 0
0.37272375570411465 0.8662464919038072 0
0.4103605312960285 0.7974881197399433 0
0.31732028902975457 0.7813332267112386 0
0.2953443789448543 0.7689100102131166 0
0.2933725709019049 0.7940977168127786 0
0.3161436672073119 0.8240744832281816 0
0.28262512629036074 0.7739486455413185 0
0.26227306288867985 0.8489937325712316 0
0.2567361757029737 0.8139668432881355 0
0.2751557344988659 0.8120306907108242 0
0.18137385832073658 0.8591538414208476 0
0.2866323816169598 0.7612911026057081 0
0.30339455790316944 0.7526315240727949 0
0.2410840414031904 0.7480160521670164 0
0.2630608463616349 0.6809939443335076 0
0.32127878514302427 0.6864985539019773 0
0.2829210557755354 0.8440851201285278 0
0.39455600025417176 0.3397883771746365 0
0.3786313001976316 0.35194837700895865 0
0.3070245878971703 0.276020474204526 0
0.3410248069305379 0.258831134217477 0
0.3460868687235627 0.28235139083889266 0
0.3378871976257716 0.29123844324626996 0
0.328160431015894 0.2995094264616669 0
0.4142891222987773 0.23424187013525474 0
0.35698556829176614 0.2553377892722052 0
0.4263830112555497 0.28526293519201573 0
0.43153183947438856 0.30341125382356093 0
0.4110565986464229 0.275466922040484 0
0.3850200449130362 0.3055353722601871 0
0.39578760649072403 0.2734807644159642 0
0.24460804562100769 0.31491681375945374 0
0.27305827510783537 0.29152588068441215 0
0.27883497867332907 0.31909726076858197 0
0.2611734479790011 0.29067852066685884 0
0.3083607632787708 0.26421024149264344 0
0.23200042046430994 0.26780537284049843 0
0.24030114081631804 0.2748984416302983 0
0.24230568512695258 0.2480624897322435 0
0.2519185975378066 0.2706427150645669 0
0.2760231630585715 0.2648907078303496 0
0.2510082658010677 0.21878663878370785 0
0.25977174228288435 0.3631821328535368 0
0.25519313409498035 0.33196754802343825 0
0.2561892590255369 0.34471162909965003 0
0.22745764623031825 0.32870172307123924 0
0.2956502851841596 0.28197024177059 0
0.32986110866002943 0.31093619552196655 0
0.30536138356740034 0.3211823225515758 0
0.34861300852191 0.3259905034101927 0
0.32581719622571287 0.3283831389576857 0
0.3315079467972484 0.3391041294049481 0
0.3443618606756909 0.33660659125559245 0
0.3090057175805471 0.35488995221460895 0
0.3203967212774329 0.33723699957573594 0
0.3136415972162198 0.3279665676586173 0
0.3019404623606774 0.3312135533955964 0
0.2863052763205974 0.3474404144242295 0
0.2986660546873681 0.3437506021478705 0
0.36105477248558104 0.34311391857639084 0
0.3396009659128127 0.3572985882940196 0
0.36566054193094333 0.3768490209864451 0
0.2944082431193396 0.3568237658910456 0
0.28195114479797456 0.3588335450392498 0
0.27823615455366135 0.36799865942119453 0
0.26508590379862934 0.4440218221032853 0
0.3415390148369605 0.3771715594321224 0
0.35326299524193344 0.40626417655609437 0
0.36318374362527034 0.3870350481357726 0
0.35449740520687373 0.3933646219411131 0
0.3434611265685881 0.38820738633815366 0
0.3320076814902321 0.38333636934518134 0
0.2500011753138135 0.42717529776416585 0
0.227108605408687 0.3531683828739299 0
0.12618204015759268 0.429992037481322 0
0.22099042381961598 0.6208997847548439 0
0.21291846908754872 0.640559448404177 0
0.16527122934786978 0.6580632795148489 0
0.1696650088377145 0.6294164330529802 0
0.14209996804338013 0.6401865524324184 0
0.11817747422077925 0.5870424422887677 0
0.13740850408744976 0.6985744190624459 0
0.16868670034291597 0.3755110634353375 0
0.12280801665603157 0.37012967475816405 0
0.1545056523651309 0.335935363086288 0
0.10253702164443616 0.2134000786788592 0
0.3303967936367343 0.23776416278110285 0
0.3530317904732958 0.22410297743997343 0
0.31564237027479813 0.21078973810294024 0
0.28841662731190626 0.20495030018951638 0
0.1652419766587322 0.16009064658682426 0
0.19653525323592946 0.171990942640394 0
0.4922576738991884 0.09232030613745985 0
0.42493347253682395 0.034320451058534845 0
0.6454134272125135 0.21016982218483393 0
0.2796064302063754 0.5932041906559634 0
0.3145610967864492 0.5801762234551958 0
0.8943768099791596 0.1871460321032447 0
0.8256937872995715 0.3035221993984491 0
0.7924837475037332 0.14407877498111174 0
0.8175667254266228 0.15593436886442583 0
0.7507420743673441 0.16180318971342392 0
0.7178707737310521 0.11771741965764079 0
0.8003463843543587 0.28685126251786797 0
0.766701760658199 0.22784680409009075 0
0.7768382588748819 0.24059772258855427 0
0.8385254737176477 0.440954307210946 0
0.9367158094016836 0.5733383629743706 0
0.8246114701542702 0.4793618704460237 0
0.41549371452661776 0.6768115175336478 0
0.3680290279535483 0.6693870018448521 0
0.4961467588736178 0.5728632876081038 0
0.9099040661723694 0.10254782006547347 0
0.20941744553319658 0.7514784567548933 0
0.04354878444777205 0.7883871329663358 0
0.7488488021571307 0.6988066672399303 0
0.8156842727147637 0.700064553736311 0
0.7633647286632806 0.6608438431893253 0
0.7388879653015535 0.6735000868968053 0
0.7589821888148707 0.6038901682196569 0
0.7768153398623148 0.6259241309359977 0
0.8052458627804779 0.6443323604707946 0
0.8579283555110419 0.6365731527547291 0
0.791708576704576 0.8662886677132303 0
0.7597165184581706 0.7092005230631959 0
0.7496357680538502 0.742355825576955 0
0.7607369857509145 0.7625176229812692 0
0.7552227550826077 0.7281896684341216 0
0.7382123862603962 0.7324483410233612 0
0.7507253901964754 0.7969215209733649 0
0.7195610850741583 0.7675922561824383 0
0.7311840033909804 0.7568299381966698 0
0.7934007867508125 0.7060625254834938 0
0.7840925619359687 0.7546483145896863 0
0.8198895221067006 0.7908937694904514 0
0.8306272384424218 0.7638397680992793 0
0.8540308841190248 0.7887781496324314 0
0.8499007034645467 0.7705244031546856 0
0.7300236571095087 0.8097803154764748 0
0.7182257440447977 0.7991833189479551 0
0.7177716755796709 0.8181221505525822 0
0.7599505057332299 0.8348779364369845 0
0.7742249616872523 0.8311291687849581 0
0.7595705741068554 0.8639728938853497 0
0.7352758996401432 0.824704371812774 0
0.7670653345868579 0.784739804391904 0
0.719966905266582 0.7528025499934782 0
0.6386620733032982 0.7712204514126726 0
0.7134264842852676 0.7825909742357022 0
0.6910300226855828 0.717781646176721 0
0.6844884009102709 0.777792123982033 0
0.6677621246218538 0.7493016658907135 0
0.46435965036766086 0.5725728527816456 0
0.4803320031573683 0.6003677419029457 0
0.7152105533588808 0.6391374375005527 0
0.7504032197496022 0.6258037111109781 0
0.7335231243466093 0.6089007628454807 0
0.686707311357132 0.6429332211651502 0
0.7217509657931753 0.6728942061788228 0
0.6395409957469425 0.5706308728799533 0
0.6828247875353393 0.5611431091904128 0
0.641133562548179 0.5146829839442609 0
0.635509508701115 0.5469201341982894 0
0.8800149218329689 0.2718787314031166 0
0.8741146882162214 0.2532037790917645 0
0.8913075715276858 0.2564486347544552 0
0.9762929331792162 0.23188868515301975 0
0.8784156913806458 0.31284339534517386 0
0.9662994191381553 0.33418809726675175 0
0.8953811860137423 0.33137451027555487 0
0.9404962229541308 0.35324443994618343 0
0.7095595629873188 0.27846996936766244 0
0.7633872507122573 0.29124298156313183 0
0.8011264744123507 0.2254134785618972 0
0.7430326525453463 0.21020025078780394 0
0.728807237842671 0.23202932025940906 0
0.6872286673824219 0.3313146063899036 0
0.6580015609603233 0.3162573485071643 0
0.6807653813432918 0.3481545934127702 0
0.6308550165236282 0.3371615187147229 0
0.6512839111676535 0.3697902604197467 0
0.6302796452064987 0.36835411212607355 0
0.5785206209577878 0.2980439294520432 0
0.6278275773355497 0.21784661848527145 0
0.6404074207682191 0.24836861016213707 0
0.3945712332186432 0.5180999865368335 0
0.3819675677172762 0.4930404235942967 0
0.4095820161010591 0.492946517557432 0
0.40223009966478873 0.445515317250621 0
0.470143155992932 0.3636505266675006 0
0.38486705509153035 0.3611319572776823 0
0.40608962996331416 0.37290246015259904 0
0.43288073473715927 0.3519853482876035 0
0.4381589353644166 0.3896322417906951 0
0.4564693945177092 0.325300357018928 0
0.3840603216386964 0.3930169538401792 0
0.29726643047410833 0.46734592755229976 0
0.3352787471903806 0.45248814049311803 0
0.34999024603477763 0.4201900316545127 0
0.38389937776953403 0.4054302101806915 0
0.623627686019925 0.6785943039981851 0
0.6248892669953372 0.6551790887629814 0
0.535704818479949 0.7527248957518836 0
0.32756077282164997 0.9423739198734168 0
0.32927231562071413 0.9096357195845067 0
0.33654744924113966 0.8435208899768611 0
0.37147637658502425 0.8426162696788707 0
0.35661001319005564 0.8496455043301768 0
0.3866163128219815 0.7976119233771878 0
0.2849468229549409 0.786534535155742 0
0.2563034665337375 0.8702013334266803 0
0.2653110404710507 0.7982015556049558 0
0.19873618720077196 0.8907535347186677 0
0.1632731399517702 0.8804374326037163 0
0.15589121934022027 0.8500280043463967 0
0.31303942789558 0.7458306042852165 0
0.25387086739596026 0.7477312158419974 0
0.24489883068209747 0.7252591441273673 0
0.34093341387902976 0.31646166804966364 0
0.351314009069592 0.29656051472102923 0
0.33933322231165775 0.30374139743971035 0
0.3722893271779875 0.3427237522434326 0
0.36605620906104225 0.33333777276288784 0
0.3168159161908347 0.2833892049668357 0
0.3268769105964151 0.2878736996587859 0
0.3254209383965261 0.2777752129105807 0
0.36420813902773674 0.24360663180829067 0
0.40113294297543534 0.26281935244817406 0
0.37969978974841845 0.24389658917770218 0
0.3691587865472091 0.22844532178271965 0
0.3909863325238952 0.22587557447137507 0
0.4414658766188294 0.3183357888817567 0
0.41271660729774934 0.2948065013084502 0
0.3699115244709611 0.28458101904495 0
0.3577055996827355 0.2839533761564252 0
0.3699839633918071 0.2564067584846631 0
0.24819982485392003 0.29447007043269474 0
0.24814490077827997 0.3057431893761324 0
0.23772888495582606 0.30209308916504796 0
0.24144820271156978 0.3313070023650196 0
0.26846449308292175 0.2998084466828413 0
0.2833749744057432 0.28718025803258773 0
0.2862946300315585 0.30952595633654045 0
0.26040862780754565 0.27827405748250617 0
0.25598045401464453 0.2559505012396849 0
0.2716181115230469 0.27919533994364554 0
0.2640540863601993 0.26764760267160204 0
0.2385340955736711 0.3561353870673768 0
0.27044227356452477 0.327959890250443 0
0.25174938080284215 0.3544076811383453 0
0.29405881682933077 0.29729898927297627 0
0.2748752453975651 0.30913043890584235 0
0.31887833943475 0.30642825691522035 0
0.33687334350679643 0.32771384134523057 0
0.3108452088161105 0.33997371323486514 0
0.32044498790136616 0.34722548452936003 0
0.3516214410220096 0.344683594749068 0
0.25139440124616147 0.40613843836754543 0
0.28204285825349723 0.3798343486166027 0
0.2968306273028717 0.3793256703033547 0
0.26929982482337245 0.38535035974944576 0
0.3535969574480616 0.3805649288099691 0
0.33169511857424894 0.3722536974222547 0
0.3150686817018931 0.36731257528065037 0
0.23904920056134588 0.45077629356003623 0
0.2057382950338403 0.37690017308671575 0
0.24494112802271603 0.38841661430773794 0
0.24703726390483452 0.36441505726292023 0
0.22842502593460934 0.3671016305892274 0
0.18926352503813199 0.37602486717658073 0
0.11573472136423177 0.6240573243152451 0
0.1943334329398901 0.32899210425444864 0
0.3214632476068872 0.2242053521517052 0
0.2708482749356779 0.2027656300816423 0
0.3033104865479718 0.20734521785169568 0
0.39939468943600714 0.11118044690634094 0
0.4448381774083308 0.10993756232451152 0
0.4580022567394125 0.059532582582795986 0
0.29492590430109616 0.5857824930682832 0
0.2624881351192145 0.592437274464809 0
0.8146355302932756 0.12403489478211768 0
0.7753747874906318 0.2852506737423183 0
0.7827991473406162 0.2249834353940127 0
0.4097313819519849 0.6546796028764137 0
0.4485131431685268 0.7321889592754903 0
0.3901855418285934 0.6678209287221725 0
0.2269000862414049 0.7482726045193245 0
0.7608641544289582 0.6893517160760517 0
0.7944745246991963 0.6855515339246596 0
0.8140134632328379 0.6728099430847415 0
0.7479362012030626 0.6606228009584273 0
0.7323885622058804 0.6575587336164156 0
0.7260172821631434 0.6459076553666708 0
0.7374675538478886 0.6992195996489704 0
0.7625433999021463 0.7397404334391758 0
0.7270440118008925 0.7437370017839696 0
0.742267136497985 0.7840447123705571 0
0.7354648501043966 0.797853616719079 0
0.7561414650460743 0.7836762058293748 0
0.7463758880491456 0.7568551124412268 0
0.7739106952540906 0.766300014374395 0
0.7695495416769281 0.751136419862587 0
0.7441325397713162 0.8105571161732419 0
0.7859769285193456 0.8409440870010713 0
0.7838043202143598 0.8547321960472345 0
0.7469972014607449 0.8343913017662749 0
0.719156099897018 0.836057838507518 0
0.7215778083410792 0.7305397099625347 0
0.7070537302752188 0.7272279891114072 0
0.6815399066531359 0.7350420454101263 0
0.6620291967167157 0.7316634316148496 0
0.687695157042779 0.7566728043611384 0
0.7018280291356485 0.7716338377300879 0
0.645387699616649 0.7465328206394796 0
0.4492356363538286 0.601368683439125 0
0.49614568704256473 0.6228545618783063 0
0.6993754141263171 0.6319852996348674 0
0.6583988550276202 0.5641020047150462 0
0.6693019411669102 0.5349706615680646 0
0.970236473355625 0.26078898792961425 0
0.9052879886738361 0.2761637868517926 0
0.9028810864415282 0.30444808235660237 0
0.6969980613591393 0.2711312168669995 0
0.7208503477298633 0.2541985106181373 0
0.7271982761891004 0.21447673942337575 0
0.6696552602032534 0.3343017707019637 0
0.4535930216667316 0.34719289154179583 0
0.46104467696954604 0.3868639126432369 0
0.3454130931078987 0.43645155381151957 0
0.40970459035852547 0.4116539481017814 0
0.5990306988514558 0.6631414842974119 0
0.6097822059656657 0.6522266543793196 0
0.5542736242178196 0.7261479934681685 0
0.6206636852547707 0.7537302785775645 0
0.38292046208775343 0.7736477996005177 0
0.23814941943979717 0.8537338015145803 0
0.1971003515685861 0.8363081623537736 0
0.21277526571233932 0.8577913974077082 0
0.17532282694676957 0.8362081007571768 0
0.2812912518558146 0.7525460673506905 0
0.29665535780153934 0.7587261299985123 0
0.3244478382083798 0.7379640557920869 0
0.2645270879766153 0.7183359052730885 0
0.2835996729530369 0.7047112710333997 0
0.2797850113402519 0.7328395355107425 0
0.29136929503064174 0.6947677943687413 0
0.31772959076301516 0.29440451310863197 0
0.38572941519571097 0.26209683147996865 0
0.3977014619978077 0.24723252524670786 0
0.4220200103748684 0.3384733463773538 0
0.426640851507258 0.3220156292927092 0
0.41170871640597245 0.326580144222576 0
0.41377005067676514 0.3113198175958565 0
0.34802874012492024 0.3076712239261005 0
0.36309581803265284 0.30149691319422456 0
0.3699202818627754 0.29491646732416643 0
0.38355008644153205 0.27845553366523124 0
0.40220458700228495 0.31793525973977627 0
0.35426705300660166 0.2735310204425404 0
0.23133612498468742 0.3147544369343243 0
0.26386436669704216 0.3102656842560272 0
0.2566749765996824 0.30222869916585043 0
0.25569887000395247 0.31171156958803636 0
0.2800255269455611 0.2988763841147676 0
0.2866045669966247 0.23005827229235704 0
0.2866754200901527 0.2611599052928327 0
0.2681017254852341 0.25674305785673185 0
0.28502885610636014 0.2735801053667499 0
0.24628896326693642 0.3435476779843048 0
0.31009852672899735 0.37862344684455884 0
0.3199145708287827 0.38998356667669387 0
0.3330934856682421 0.39613226317445843 0
0.33733103502680956 0.4087202983524504 0
0.3227235327073621 0.3761082737024115 0
0.18925044172526065 0.4692243046222046 0
0.21577458599837138 0.4627437188571693 0
0.2581981998084472 0.3915164023321882 0
0.23400834623286945 0.39907397145686657 0
0.21626995240723615 0.3551408746361498 0
0.23097220350557995 0.38330344533244104 0
0.24100468584991225 0.37397530080666286 0
0.21407893264302338 0.36745418766964694 0
0.21894073984627108 0.3771063467398374 0
0.1478236341782234 0.44715026357348786 0
0.15973380045935612 0.35410161085927133 0
0.11734053933738856 0.23638129909185726 0
0.30918455807588974 0.25215947635953306 0
0.31852734675820665 0.23578178522872323 0
0.30774612748890473 0.22067869160515896 0
0.4125149730360481 0.07287674134430978 0
0.3923973487336 0.6427818482364872 0
0.7751270183185557 0.6749515342338088 0
0.7415933365179836 0.6447014468245916 0
0.8329698113860731 0.6237945306507195 0
0.7276501020751182 0.7836413287230074 0
0.7510798548585969 0.7718160800166866 0
0.8351074354143196 0.7859164831052291 0
0.7965011048240657 0.8515632994612712 0
0.7752751919700674 0.8661933742875413 0
0.7698043600600035 0.8487672257661653 0
0.6613012086293704 0.7845050916045871 0
0.7077946005623592 0.7559915949391934 0
0.7078128279342553 0.24957939639237964 0
0.6497996140209716 0.33548036750978977 0
0.6607311224711184 0.3506745056531748 0
0.37382561862219116 0.38534635533220785 0
0.5966226957596127 0.6488689113341359 0
0.6057678058636069 0.6790268761675217 0
0.5646415847937692 0.7576657932956182 0
0.6139639440177206 0.7804846141343634 0
0.2580728120247479 0.7843691099179677 0
0.22270735849058543 0.8321067705136768 0
0.2475055159104883 0.8316473749885531 0
0.3203194151089843 0.7264081853915367 0
0.26174489466456663 0.7581259381352704 0
0.2729114611177255 0.6889291203899152 0
0.28115936421396825 0.743497739053123 0
0.2907931215324418 0.7365120355998718 0
0.2747959247681711 0.7219519823850324 0
0.2705085028784675 0.7400984069147937 0
0.28060785713235764 0.6949300560402565 0
0.3065040155960705 0.6951282471981041 0
0.40654222192188794 0.3393547702999038 0
0.3831533943485444 0.3415072560134555 0
0.3531579657743714 0.31537154872240897 0
0.3601455261525045 0.32415673909881443 0
0.376752651710573 0.3323775351525567 0
0.37735569317133383 0.3146337655868517 0
0.3651138496656482 0.31288063149677503 0
0.3622804155400643 0.2923556719834492 0
0.3960340130652591 0.28814058294410083 0
0.3808872816353356 0.29310393883373653 0
0.3983802498652536 0.30498976749773526 0
0.3735541088300527 0.30399895551968115 0
0.3490557024010253 0.2539542819111242 0
0.363568135935763 0.27564167066612144 0
0.29691765670721193 0.2688407442674378 0
0.2941186964131954 0.21868121187884462 0
0.279608737921832 0.2177254584807973 0
0.2804177528904577 0.2413615830961879 0
0.26509178298108416 0.21824292325185904 0
0.2664596555978182 0.4164243137864308 0
0.26945663944316395 0.40071123687278926 0
0.2787801082706918 0.3915718941701554 0
0.21578023529598714 0.3927724075119165 0
0.2997553513489433 0.23192456138715412 0
0.30992473992890046 0.24061840062390683 0
0.3739846861953141 0.6518245712502726 0
0.46622127104074895 0.631653931343641 0
0.7907740524748943 0.7260529280515962 0
0.7779307774609677 0.7401743579104075 0
0.5799837634429683 0.7910825892878738 0
0.6562979855755355 0.7632426547172098 0
0.6986119578677238 0.7410395463855707 0
0.6415329641605573 0.3524884905855387 0
0.3133890108001352 0.4468921147162651 0
0.28952625153929235 0.4459794652807207 0
0.33354708568315755 0.4241789556790669 0
0.6149579489125704 0.6650693420397016 0
0.6046450994878793 0.7369140001144879 0
0.15877961759603154 0.7826222629541427 0
0.22366524528647205 0.7632410781655453 0
0.23610154029783753 0.7857036968800123 0
0.22368053838608531 0.8111483518430183 0
0.24938354976475208 0.73694475360103 0
0.3122793371623828 0.7341931146181511 0
0.2637166955258647 0.7470533117852423 0
0.28414439452279344 0.6849131677524494 0
0.319987110510799 0.715227330903425 0
0.37104234310750756 0.3238113559634381 0
0.3557922483916341 0.30690162973256035 0
0.39890914550785134 0.3286015655330418 0
0.36147397698600614 0.2657631134489601 0
0.2621870269953445 0.3194529361134064 0
0.2778538959313849 0.25338413999580356 0
0.2889990755229105 0.24959604969935664 0
0.2669513398995957 0.24392214829570644 0
0.27323283525430186 0.22995676114352076 0
0.3112727781618245 0.23064487781713575 0
0.2911257291217393 0.2394194646545065 0
0.7699176270742483 0.7259090238877529 0
0.7946793528769881 0.7438993699034249 0
0.3292635505466229 0.4373223255948186 0
0.5816093968539117 0.7355727001055652 0
0.1769677773180495 0.8000358346862915 0
0.21428080253952575 0.7972015008881643 0
0.1846877911419399 0.8175839035144631 0
0.158125577285292 0.8168804805150996 0
0.1943586987935821 0.7988971566026679 0
0.2106076169212734 0.7689346788191936 0
0.238237664949448 0.7706311779169521 0
0.22250445409882924 0.780723770141609 0
0.24662186800567726 0.7813405961580274 0
0.2306945809881351 0.797368502107162 0
0.23895448857328383 0.8132897956537243 0
0.26050609365627225 0.7384966014308023 0
0.27266148306105054 0.7507340306180994 0
0.2903626598671019 0.7132092745765508 0
0.3024967205190604 0.7413534616879759 0
0.2681154285677907 0.7288222480468093 0
0.3089188680912285 0.7097952848175774 0
0.3870145394995999 0.3305655182105742 0
0.3808065578900677 0.3236058586610946 0
0.2984504192530594 0.2568778651001114 0
0.2595404763671985 0.23125022798015238 0
0.19823914375062546 0.38970271383691263 0
0.19865054287703737 0.445408724950874 0
0.17318725263791487 0.4469440788517466 0
0.15744324017663255 0.419427189420367 0
0.29984996308260653 0.24488572370985656 0
0.28030081971606324 0.4111379510522867 0
0.27907678482634246 0.42760408839481945 0
0.5939795988669297 0.7598883717494923 0
0.2054410193249485 0.8154930615176658 0
0.20353572814654616 0.7826538204362954 0
0.18430935073085022 0.7818759324639867 0
0.24761404852783755 0.7962039794440249 0
0.2873157320853927 0.7240204978362419 0
0.30075577415364313 0.7296922755967797 0
0.3900341887103906 0.3180760751675332 0
0.3123613274105217 0.4141929064158733 0
0.31973737887688836 0.42768528579945236 0
0.18628609624175763 0.42395517264769794 0
0.19629082179164217 0.765529262830305 0
0.3254832171273295 0.41555371562994825 0
0.30380262282068143 0.39110792290787877 0
0.29625093748834536 0.40681998142085135 0
0.2995136824291015 0.4262188580339092 0
0.2176208427236699 1.0 1
0.40566366941449283 0.0 1
0.3441469596950974 1.0 1
0.5320072327487192 0.0 1
1.0 0.3462936412590732 1
0.7755355410765179 0.7780347861642873 0
0.431487772865984 0.26818494658984576 0
0.7786779941943275 0.35887911652861104 0
0.8171376763687606 0.3375984828023936 0
0.7857568806763198 0.34558429547007224 0
0.8120078041089908 0.3513340345410115 0
0.864294555585287 0.37787749370698714 0
0.3469791382250537 0.1341419475385569 0
0.7905874631265148 0.33007215399702533 0
0.8426625586939597 0.8445169554919083 0
0.8530830446649083 0.822326178599278 0
0.9011452184569714 0.8815037762046433 0
0.8389836674497271 0.8650332732975371 0
0.739012454679594 0.32187609581481635 0
0.754191333739377 0.3459154818963508 0
0.7631193846075709 0.33612894834338686 0
0.7272199987988064 0.3289271870368386 0
0.6703109627313377 0.30521107215672 0
0.6385607305155676 0.29424977969256466 0
0.6305674792489102 0.3066449016704938 0
0.648977793959858 0.2788542238804179 0
0.668323160658074 0.2547339630613758 0
0.6577515133678036 0.26551682525021564 0
0.6653141683040475 0.2795678197213705 0
0.6386260327171135 0.6008344781720171 0
0.27931776056982555 0.6639298502535201 0
0.2483158884419625 0.6392191752347659 0
0.1554625461810428 0.25296716654015194 0
0.15768510551113385 0.27069463277620304 0
0.23535412520588178 0.1718068215085701 0
0.3529082847763169 0.15633618097583454 0
0.30390235165422735 0.14016547011613503 0
0.2851872933115225 0.6292164854063991 0
0.27842337934427003 0.6404769713700964 0
0.270976011166534 0.6254043215003898 0
0.2559774959145358 0.6282290080694144 0
0.7943039543591073 0.31507814591725597 0
0.8521766324813754 0.28305460965494067 0
0.7876274332401276 0.8087785248336713 0
0.9493937952139253 0.8689244842788101 0
0.7189885090066305 0.2842108690032547 0
0.7322215405926614 0.26890615428841846 0
0.7399709859641599 0.291871416526383 0
0.7385460114799647 0.338116643171814 0
0.6232922008399353 0.29210757816511035 0
0.6245889385917617 0.2635538639144542 0
0.6534212968997641 0.2514778931780358 0
0.25163977559196243 0.6864215838056692 0
0.3077480681942621 0.6455082752878336 0
0.15310613218238303 0.3047473462156021 0
0.17210608828511678 0.2588797977378164 0
0.2981452412734379 0.1919269258736473 0
0.7767569086287524 0.2708138379694685 0
0.8032137054870064 0.2582108489373699 0
0.7890847006174728 0.2648491997152556 0
0.7852849545097546 0.7955218317165761 0
0.7853306166988042 0.7841469991041972 0
0.8112093948744973 0.8016754868406909 0
0.6719267665846166 0.2674435783758542 0
0.68435907846966 0.2599880644275642 0
0.7410126238727407 0.23826115531615677 0
0.6165417305729647 0.27691347346043155 0
0.6178796862482191 0.24941067214708895 0
0.24872261729595288 0.6999334144977846 0
0.2318376582050963 0.7110232134648197 0
0.1622366926289555 0.32050200952793284 0
0.6568460433591983 0.2237860929003813 0
0.7902504369275527 0.24937848095543155 0
0.7940110020918061 0.7889088381036637 0
0.7974170146527493 0.7993851585360277 0
0.7883123241048717 0.7704702375959076 0
0.6971386370859194 0.2855498604026041 0
0.7643194409819455 0.2780951217262005 0
0.7632444069083945 0.3040877700764455 0
0.7175985456209958 0.24068907704792783 0
0.5896562211404157 0.28422625854888783 0
0.641866214766099 0.22501265834611683 0
0.6302346355185888 0.23712698666880316 0
0.7911040909203529 0.236432472400222 0
0.774242728283451 0.29745232104596897 0
0.7846510071466509 0.3055628363054919 0
0.7981707432130852 0.30110680317386695 0
0.7868151539461724 0.292662560497297 0
0.7422605174636435 0.2508659228054637 0
0.7524747949444858 0.27105301991964803 0
0.7644291888007411 0.2646272808260276 0
0.7107317157882601 0.26401107070114865 0
0.2613371113356999 0.7068976698444864 0
0.25094034526839876 0.7147866757790984 0
0.2726528427671158 0.7001542867058926 0
0.27269381982910873 0.7113306816240279 0
0.6992857361247213 0.25785325741833454 0
0.6945967822007684 0.24701325566033108 0
0.29202624171755587 0.7489725024223466 0
0.28263674424475516 0.7148249752441806 0
0.3094165370042036 0.7211019396029947 0
0.2968600422871475 0.7061309539906421 0
0.2983425992689763 0.7176332832492834 0
0.6742452228537278 0.29193737495649663 0
0.1444239076721557 0.28672263367424744 0
0.26787639217458425 0.1869456707769912 0
0.8133552303361952 0.2810995058769931 0
0.7646973739342838 0.8228513240370527 0
0.7531694352587963 0.2576036067497163 0
0.7389214457448777 0.3063128075296597 0
0.7962018325669487 0.35914239610507076 0
0.8062612525038569 0.3257923690099912 0
0.9157418255312443 0.8609860255224163 0
0.9224632224435096 0.8879552563492717 0
0.6021165138785443 0.32147905534224047 0
0.9502647614783337 0.9143942055651081 0
0.775140522971427 0.33467549606689384 0
0.740737292871427 0.27733440347868266 0
0.7542402994520776 0.3142804368954469 0
0.7548448883322478 0.21680482254512756 0
0.6752123934329376 0.22373648235323265 0
0.16848575526611542 0.30630408763998557 0
0.7956620770485693 0.7802400716172697 0
0.7527169226031586 0.2844641094321132 0
0.7147924252841829 0.22660009263701272 0
0.6483639726819962 0.23742296931139578 0
0.7731976022024812 0.3076258726583241 0
0.7419609908168266 0.2641704656586329 0
0.7416523614465041 0.22361483398605553 0
0.34397989417151187 0.0 1
0.46816366941449283 0.0 1
0.2816469596950974 1.0 1
0.16270316996799117 0.5056904999991132 0
0.7251440554314933 0.3924262097458638 0
0.6641087081542876 0.2068120251462225 0
0.2960653872637061 0.6524708205229871 0
0.29224360152592427 0.6605251868208513 0
0.20585798989977475 0.29030545950878617 0
0.3049672367176195 0.06510493805488189 0
0.20075735074579135 0.23529240533894435 0
0.5505536757576622 0.24512213038990638 0
0.8313185116702014 0.8246670379225405 0
0.8145818082673154 0.8315851133909496 0
0.742459904789311 0.3794832994245182 0
0.7261563991110103 0.37392195244213233 0
0.3562779167903289 0.36122508186399005 0
0.34717313355319734 0.36179622999646743 0
0.8013106837991528 0.27205560992564465 0
0.8151376875228686 0.8166332762181744 0
0.7643270362856212 0.7945895468551494 0
0.7752568925368947 0.7893776803814212 0
0.608486720073959 0.26299146893407976 0
0.22526143534881846 0.6517616272859146 0
0.9434073582798984 0.23217078840614871 0
0.3977021830453431 0.3600821818802852 0
0.7582686899341193 0.7505793752222768 0
0.7238850867263575 0.2633720309244479 0
0.37026326416643995 0.7692270582922516 0
0.35062219867868144 0.26325968092198454 0
0.2536162325632138 0.24276299922612468 0
0.6157295046358908 0.6252562928648961 0
0.4071847548285388 0.5793514145181592 0
0.4237009763774747 0.16872129835950955 0
0.4931272910421505 0.40245278584127675 0
0.2777337518853208 0.33831900130588854 0
0.34534182612912095 0.4720882572376182 0
0.18241990523423837 0.4924176708440103 0
0.9305406941669242 0.19329030159964541 0
0.15484270089029067 0.7573727120270028 0
0.745306413994286 0.687323775527108 0
0.31892115949134475 0.25930216071539974 0
0.33016373656987763 0.2526816153226643 0
0.3301804000427247 0.26761849765368867 0
0.7642695364875526 0.7747169338103644 0
0.7386840642392226 0.7455450878759521 0
0.718425609793616 0.7063151862910997 0
0.7283101388578006 0.7093436543117796 0
0.4746818679033109 0.4022981087134913 0
0.7070875823507314 0.7113949674969903 0
0.3348413208728284 0.2798691563157674 0
0.26281073522249276 0.35277072908691676 0
0.23770040660897315 0.4146650211596271 0
0.2295933724964445 0.42911674389397475 0
0.7431310913478765 0.7139073802677361 0
0.31808180586860113 0.27118273141790034 0
0.2666235547267251 0.34102329671326725 0
0.35647201222342967 0.350845342559518 0
0.14702704494496308 0.6089626423155666 0
0.777338751257104 0.6961685835652969 0
0.7781786283033016 0.712331302018336 0
0.39017928637719235 0.29789822369686897 0
0.2208353565309415 0.4112911039532614 0
0.31112762992221604 0.4011806868906899 0
0.218362524906103 0.44235477158988074 0
0.20929608171059672 0.4267139953462089 0
0.17592659866558294 0.7624720729639267 0
0.20232163783272658 0.4072944465072868 0
0.32842502197062984 0.1519975301002807 0
0.17288687443886605 0.27497875651049736 0
0.6309078932881345 0.25232267855323526 0
0.6065145022645092 0.29024916034548814 0
0.7089230816769742 0.6951155112518953 0
0.29433384670494506 0.7807181261798305 0
0.20302306125904215 0.7354160532344988 0
0.19019476246144912 0.7459462101890555 0
0.3747141938857311 0.3607805484503805 0
0.23011257722018194 0.6650366500725963 0
0.34275838264325303 0.2707653188198135 0
0.23707545780042236 0.6757361072552982 0
0.33137685070433714 0.6483540742359236 0
0.9662562531374462 0.8401955061649954 0
0.30172749830280354 0.6713045463566646 0
0.3409629100813295 0.7020997060659255 0
0.2542093502489791 0.675627421885074 0
0.2562341348741539 0.7277162121791285 0
0.34483258556734464 0.6803957363754181 0
0.32361436383930764 0.40447712943949593 0
0.39444796723017134 0.4689749036687089 0
0.2823407374361078 0.32834944847877834 0
0.2902608892432679 0.39104015160500016 0
0.526710979760491 0.5191373042343987 0
0.7298697145442403 0.6307203162902504 0
0.3551716429479862 0.3344447820680934 0
0.8299688549298833 0.33122446689797613 0
0.7651649789049352 0.32443287237281326 0
0.2455451072886943 0.6782095561398506 0
0.28257618782781285 0.3997837382437123 0
0.3374593611015156 0.6739933661381226 0
0.8999656483499624 0.8180829784074121 0
0.6989983034118826 0.3294496337151211 0
0.8328782460744428 0.2936811205599647 0
0.6239708351432897 0.35230257618079697 0
0.23861918488169453 0.36576586456692645 0
0.32920380292204393 0.6750672773287694 0
0.15657352739177566 0.3926956282345508 0
0.2698509480351168 0.31735374488702545 0
0.26533924431091666 0.42853896926002044 0
0.2418043684223713 0.7085048453724202 0
0.2363347092551852 0.7009295687633166 0
0.839506331989761 0.8143084364454165 0
0.24015249611234568 0.7159252924133028 0
1.0 0.7185490736643618 1
0.9715245666930569 0.7701013575086834 0
0.30808996976711733 0.6805275339185456 0
0.7321504648285163 0.6860507754014122 0
0.24580534057779999 0.32391697984353207 0
0.23872620032481137 0.3229175847711844 0
0.7109195893143234 0.6822430935809133 0
0.2311562378152351 0.9378033497340055 0
0.7196053473181793 0.6868587360935899 0
0.23548814661517822 0.7568720628982805 0
0.6943212651834199 0.7311448141912705 0
0.28864998178619033 0.41793451497834216 0
0.2529454009264823 0.3210072541407141 0
0.31262897556570246 0.3198601498694226 0
0.0 0.4074370510099554 1
1.0 0.7820984866274847 1

Edges
75
1 120 1
1 124 1
2 148 1
2 150 1
3 164 1
3 169 1
4 103 1
4 173 1
5 66 1
5 156 1
6 89 1
6 94 1
8 109 1
8 114 1
9 115 1
9 172 1
15 186 1
15 368 1
16 66 1
16 1628 1
19 77 1
19 151 1
20 77 1
20 78 1
21 119 1
21 132 1
26 248 1
26 409 1
27 89 1
27 90 1
29 94 1
29 1626 1
33 103 1
33 104 1
34 108 1
34 125 1
36 108 1
36 1879 1
39 114 1
39 115 1
41 119 1
41 120 1
43 124 1
43 125 1
51 147 1
51 148 1
52 150 1
52 151 1
53 1865 1
53 1880 1
54 155 1
54 156 1
56 164 1
56 165 1
58 168 1
58 169 1
60 172 1
60 173 1
67 186 1
67 1628 1
78 1627 1
90 248 1
93 1626 1
93 1755 1
104 1624 1
109 1879 1
132 1753 1
147 368 1
155 1865 1
165 1880 1
168 409 1
1624 1755 1
1625 1753 1
1625 1754 1
1627 1754 1

Triangles
3683
1 120 124 0
3 392 164 0
5 146 674 0
6 94 506 0
6 245 247 0
7 283 565 0
7 337 637 0
7 637 912 0
8 107 112 0
8 112 299 0
9 115 371 0
9 1210 172 0
10 677 851 0
10 856 548 0
11 62 178 0
11 175 222 0
11 222 198 0
12 338 740 0
12 740 1785 0
13 418 500 0
13 500 1653 0
14 1643 1644 0
14 1644 1740 0
15 186 1415 0
16 66 190 0
17 191 1635 0
17 349 657 0
18 227 616 0
18 328 631 0
18 631 1764 0
19 151 962 0
20 80 137 0
21 128 594 0
21 132 324 0
22 562 933 0
22 1076 562 0
23 176 236 0
23 232 744 0
23 236 237 0
24 238 401 0
24 503 505 0
25 243 253 0
25 253 400 0
25 400 724 0
26 248 396 0
26 382 409 0
27 89 507 0
27 507 404 0
28 253 254 0
28 827 516 0
30 244 255 0
30 513 514 0
31 264 527 0
31 517 558 0
31 1112 264 0
32 544 1759 0
32 1759 1760 0
33 276 275 0
33 277 276 0
34 125 305 0
35 591 935 0
35 1761 284 0
36 108 572 0
36 110 287 0
37 288 291 0
37 1176 584 0
38 296 585 0
38 986 296 0
38 1366 920 0
39 919 585 0
40 116 304 0
40 117 301 0
40 304 929 0
41 119 130 0
41 130 306 0
42 126 307 0
42 595 928 0
42 928 121 0
43 121 125 0
44 326 311 0
44 609 613 0
45 122 130 0
45 130 314 0
45 131 320 0
46 133 313 0
46 134 630 0
46 313 1762 0
46 603 626 0
47 216 947 0
47 332 333 0
47 947 329 0
47 1066 216 0
48 137 218 0
48 218 473 0
49 650 958 0
49 659 647 0
50 356 669 0
50 660 960 0
50 669 1052 0
50 772 774 0
50 1052 772 0
51 147 686 0
51 149 985 0
52 150 370 0
53 697 1865 0
54 155 377 0
55 385 716 0
55 703 998 0
55 716 1638 0
55 1638 1641 0
56 164 1739 0
56 1668 1834 0
57 393 999 0
57 398 722 0
58 168 732 0
58 718 169 0
59 170 411 0
59 171 1640 0
59 1640 1737 0
59 1737 1739 0
60 172 414 0
61 495 811 0
61 811 242 0
62 11 198 0
63 180 441 0
63 441 458 0
63 455 1757 0
64 181 426 0
64 426 427 0
64 431 1048 0
65 185 196 0
65 1204 672 0
66 5 674 0
67 430 186 0
68 187 192 0
68 189 1634 0
68 1632 1847 0
69 16 190 0
70 191 361 0
70 1202 1048 0
70 1635 191 0
71 1414 1041 0
72 420 1039 0
72 1039 195 0
72 1256 750 0
73 62 198 0
73 200 62 0
74 457 779 0
74 767 768 0
74 770 205 0
75 208 463 0
75 459 208 0
75 463 464 0
75 464 781 0
75 781 1061 0
76 211 632 0
76 632 1064 0
76 1063 1704 0
76 1064 1775 0
77 19 219 0
77 80 20 0
78 20 137 0
78 137 214 0
79 662 775 0
79 775 1744 0
81 225 800 0
81 226 445 0
81 445 446 0
82 485 486 0
82 941 621 0
84 787 1069 0
84 1069 1068 0
84 1283 1841 0
85 232 491 0
85 1088 498 0
86 235 502 0
86 502 1784 0
87 497 498 0
87 498 499 0
87 816 1092 0
88 501 1031 0
88 811 819 0
88 819 817 0
89 6 247 0
89 247 507 0
90 27 404 0
91 249 516 0
91 250 365 0
91 365 1380 0
91 1380 249 0
93 260 520 0
94 29 96 0
94 96 506 0
95 243 245 0
95 244 252 0
95 245 244 0
96 29 256 0
96 255 506 0
96 256 511 0
97 259 821 0
98 529 530 0
98 530 840 0
99 535 540 0
99 540 541 0
99 541 848 0
99 848 1382 0
99 1209 1827 0
99 1382 1209 0
100 536 1837 0
100 580 536 0
100 1837 1849 0
101 270 679 0
101 342 641 0
102 545 973 0
102 973 1836 0
102 1111 545 0
103 4 173 0
104 33 275 0
105 260 1755 0
105 278 1872 0
105 1624 278 0
106 1322 560 0
106 1325 1322 0
107 8 109 0
107 109 287 0
107 287 571 0
107 571 570 0
108 34 116 0
108 116 286 0
108 286 572 0
110 36 572 0
111 288 575 0
111 290 288 0
112 107 575 0
113 294 1776 0
113 1172 1171 0
114 8 299 0
114 299 919 0
115 39 296 0
116 34 305 0
116 40 286 0
117 40 929 0
117 597 1728 0
118 301 593 0
118 302 303 0
118 303 573 0
119 21 594 0
120 41 306 0
120 596 124 0
121 43 126 0
121 126 42 0
122 45 320 0
122 936 307 0
123 309 611 0
123 598 930 0
124 126 43 0
125 121 305 0
126 124 596 0
127 311 326 0
127 326 327 0
128 21 324 0
128 312 314 0
128 314 594 0
129 317 608 0
129 604 610 0
129 608 871 0
129 610 612 0
130 119 594 0
130 122 306 0
131 45 314 0
131 312 319 0
132 603 324 0
132 1753 603 0
133 46 630 0
133 325 602 0
133 630 1660 0
134 626 623 0
135 468 784 0
135 475 476 0
136 329 946 0
136 631 328 0
136 946 948 0
137 48 214 0
137 80 218 0
138 228 335 0
138 804 487 0
139 336 950 0
139 637 337 0
140 338 340 0
140 340 639 0
140 487 805 0
140 805 740 0
141 342 640 0
141 640 644 0
141 641 342 0
141 644 1374 0
142 649 1194 0
142 651 1710 0
143 653 959 0
143 1045 1263 0
143 1666 348 0
144 352 964 0
144 661 663 0
145 359 970 0
145 667 659 0
145 958 359 0
146 5 156 0
146 362 674 0
149 51 686 0
150 2 148 0
151 52 369 0
151 369 962 0
152 1208 688 0
153 9 371 0
153 371 689 0
154 155 1865 0
156 54 158 0
157 673 1203 0
157 699 995 0
157 1203 378 0
158 54 377 0
158 378 1203 0
158 1203 156 0
159 382 397 0
159 397 706 0
159 702 1029 0
160 708 1772 0
160 1766 709 0
162 374 375 0
162 375 388 0
162 388 1010 0
162 1008 715 0
163 390 1852 0
163 1639 717 0
165 56 1834 0
166 396 399 0
166 398 705 0
166 399 1027 0
167 395 403 0
167 730 1026 0
167 1026 729 0
168 409 410 0
168 410 732 0
170 58 732 0
170 59 718 0
170 732 736 0
171 59 411 0
171 411 997 0
171 412 733 0
171 733 1640 0
173 60 413 0
174 418 1038 0
174 419 746 0
175 11 423 0
175 745 1844 0
176 233 234 0
176 744 233 0
177 756 1255 0
177 1255 755 0
179 424 1757 0
179 427 426 0
180 63 183 0
180 183 184 0
180 201 441 0
181 64 1048 0
181 429 426 0
181 433 428 0
182 64 427 0
182 425 1631 0
182 1047 64 0
182 1631 1734 0
183 429 434 0
184 434 193 0
184 443 180 0
185 379 698 0
187 68 347 0
187 347 656 0
187 349 1635 0
188 1632 1634 0
188 1633 1637 0
188 1634 1734 0
188 1637 1735 0
189 68 192 0
189 192 431 0
189 431 1047 0
190 66 674 0
190 432 69 0
190 674 1049 0
191 17 360 0
191 360 361 0
192 70 431 0
192 187 1635 0
193 71 1041 0
193 434 435 0
193 435 71 0
193 1041 184 0
194 71 435 0
194 750 1256 0
194 1035 750 0
195 437 755 0
195 1256 72 0
195 1413 1256 0
196 185 197 0
196 438 761 0
196 749 438 0
196 761 762 0
196 762 65 0
197 185 698 0
197 996 992 0
198 223 224 0
198 440 73 0
199 209 460 0
199 442 73 0
200 73 442 0
200 178 62 0
200 436 178 0
200 442 443 0
200 443 436 0
201 180 443 0
201 460 461 0
201 782 441 0
202 212 447 0
202 444 465 0
202 447 764 0
203 446 764 0
203 450 792 0
204 449 463 0
204 792 450 0
205 457 74 0
205 770 1733 0
205 1642 1645 0
206 767 779 0
206 779 1057 0
206 1057 1646 0
206 1646 1727 0
207 455 780 0
207 778 1768 0
208 204 463 0
208 459 763 0
209 199 459 0
209 459 1061 0
209 461 460 0
209 1061 1277 0
210 783 1648 0
210 1275 781 0
210 1648 1059 0
210 1738 783 0
211 76 465 0
211 444 1764 0
211 631 632 0
212 202 465 0
212 1278 466 0
213 470 1649 0
213 1647 1673 0
213 1673 1690 0
213 1674 470 0
215 353 662 0
215 468 663 0
215 662 785 0
216 135 784 0
216 469 949 0
217 471 1744 0
217 1721 1688 0
218 80 474 0
218 474 786 0
219 19 665 0
219 665 666 0
220 77 219 0
220 80 77 0
220 474 80 0
221 220 219 0
221 475 474 0
221 666 1198 0
222 175 1844 0
222 223 198 0
222 739 788 0
224 223 1071 0
225 81 446 0
225 446 448 0
225 448 482 0
226 18 444 0
226 81 484 0
226 227 18 0
226 444 445 0
227 226 484 0
227 617 616 0
228 636 83 0
228 1082 1789 0
229 83 336 0
229 336 337 0
229 337 565 0
229 565 874 0
229 874 875 0
229 875 1292 0
230 636 487 0
231 807 810 0
232 23 237 0
232 85 981 0
232 237 491 0
233 175 234 0
233 745 175 0
234 175 423 0
234 423 422 0
235 754 177 0
236 86 492 0
236 754 86 0
237 236 492 0
237 492 818 0
238 24 505 0
238 493 728 0
239 495 813 0
239 496 820 0
239 820 1091 0
240 500 1031 0
240 501 1089 0
240 1089 1784 0
241 504 505 0
241 817 819 0
241 1296 1087 0
242 88 419 0
243 25 405 0
243 95 253 0
244 30 252 0
244 245 506 0
245 6 506 0
246 405 407 0
247 243 246 0
247 245 243 0
247 246 507 0
248 90 399 0
250 91 515 0
250 515 826 0
251 92 28 0
251 516 249 0
251 723 92 0
252 30 258 0
253 28 92 0
253 92 400 0
254 95 252 0
254 252 821 0
254 253 95 0
254 827 28 0
255 244 506 0
255 511 513 0
256 257 511 0
256 520 1299 0
256 1626 520 0
257 256 1299 0
257 1300 825 0
258 30 514 0
258 97 821 0
259 97 528 0
259 515 516 0
259 516 827 0
259 528 1097 0
260 93 1755 0
260 105 519 0
260 519 1093 0
260 1093 1299 0
261 835 838 0
261 837 1100 0
262 840 1301 0
263 528 1094 0
263 529 1304 0
263 1094 1302 0
264 836 532 0
265 533 833 0
265 842 1108 0
265 1311 859 0
266 535 1827 0
266 538 539 0
267 32 1654 0
267 1662 32 0
268 269 539 0
268 293 537 0
269 268 537 0
269 537 542 0
269 542 1862 0
270 101 340 0
270 366 679 0
271 341 640 0
271 543 547 0
271 547 1677 0
272 546 680 0
272 680 977 0
273 548 856 0
273 554 555 0
273 856 554 0
274 552 853 0
274 853 551 0
274 1111 1867 0
275 556 278 0
276 281 275 0
276 737 280 0
277 33 103 0
277 103 173 0
277 173 413 0
277 413 737 0
278 104 275 0
278 556 1872 0
278 1624 104 0
279 557 1306 0
279 558 517 0
280 1309 281 0
281 276 280 0
282 35 606 0
282 563 568 0
282 568 1761 0
282 606 867 0
283 7 577 0
283 1471 1360 0
285 566 568 0
285 568 569 0
285 1455 879 0
286 40 573 0
287 110 571 0
287 1879 36 0
288 37 289 0
288 289 575 0
288 290 1756 0
289 37 584 0
289 112 575 0
289 584 299 0
290 1470 1790 0
290 1479 1603 0
291 288 1756 0
292 586 1173 0
292 1173 579 0
292 1177 586 0
293 268 579 0
293 578 1172 0
293 1172 1776 0
293 1776 1830 0
294 100 1830 0
294 113 1655 0
295 267 580 0
295 580 1655 0
295 1655 1664 0
295 1662 267 0
296 39 585 0
296 371 115 0
297 38 585 0
297 584 1176 0
297 919 584 0
298 37 291 0
298 291 915 0
298 914 1811 0
298 1811 1176 0
299 112 289 0
300 591 923 0
300 923 1745 0
300 1657 1822 0
301 117 922 0
301 573 40 0
301 922 927 0
302 118 1179 0
303 110 572 0
303 302 571 0
303 571 110 0
303 572 573 0
304 116 305 0
304 305 928 0
304 1181 1481 0
304 1481 929 0
305 121 928 0
306 307 596 0
307 126 596 0
307 306 122 0
307 936 42 0
308 318 605 0
308 605 1679 0
309 42 936 0
309 123 595 0
309 936 1186 0
310 599 945 0
310 600 931 0
310 931 1184 0
310 1184 1370 0
310 1680 599 0
311 127 607 0
311 607 1729 0
311 609 44 0
312 128 313 0
312 131 314 0
312 313 602 0
313 128 324 0
313 133 602 0
313 324 1762 0
314 130 594 0
315 604 870 0
315 605 1763 0
315 870 869 0
316 317 609 0
316 609 1729 0
316 1369 873 0
317 316 608 0
318 308 598 0
318 598 937 0
318 604 1763 0
319 312 601 0
319 613 938 0
319 614 131 0
319 938 614 0
320 131 614 0
320 614 1186 0
320 936 122 0
320 1186 936 0
321 334 331 0
321 615 334 0
322 619 940 0
322 624 625 0
322 625 1786 0
323 621 941 0
323 943 939 0
324 603 1762 0
325 44 601 0
325 601 602 0
325 1660 326 0
326 44 325 0
327 326 1660 0
327 599 127 0
327 1660 1821 0
328 18 616 0
328 634 136 0
329 136 634 0
329 332 47 0
330 328 616 0
330 618 321 0
331 329 634 0
331 330 321 0
331 634 330 0
332 329 331 0
332 331 334 0
333 473 786 0
333 786 1066 0
334 615 635 0
334 635 473 0
335 228 1789 0
335 804 138 0
335 1282 804 0
336 139 337 0
337 7 565 0
338 140 740 0
338 270 340 0
338 366 270 0
339 642 230 0
339 1192 953 0
340 101 641 0
341 271 544 0
341 343 644 0
341 544 1661 0
342 101 543 0
342 543 640 0
343 341 1661 0
344 649 1730 0
344 650 655 0
344 670 966 0
345 766 1750 0
346 651 1194 0
346 652 1847 0
346 1632 1735 0
347 68 1847 0
347 653 656 0
348 654 1259 0
348 1045 143 0
349 17 1635 0
349 187 656 0
350 358 658 0
350 647 659 0
350 648 647 0
350 659 667 0
351 144 1197 0
351 660 774 0
351 661 144 0
351 774 1053 0
352 144 663 0
352 476 1198 0
352 1198 964 0
353 215 663 0
353 661 1056 0
354 664 963 0
354 666 961 0
354 963 964 0
356 50 960 0
356 1195 1196 0
357 355 646 0
357 358 965 0
357 1196 355 0
358 350 667 0
358 357 658 0
358 667 668 0
358 668 965 0
359 670 1682 0
360 17 432 0
360 759 361 0
363 675 975 0
363 676 677 0
363 677 548 0
365 250 510 0
365 851 364 0
366 12 678 0
366 338 12 0
367 682 681 0
367 979 1544 0
367 981 682 0
367 1411 981 0
368 645 147 0
369 152 984 0
369 370 152 0
370 369 52 0
370 985 1208 0
370 1208 152 0
371 296 986 0
372 587 692 0
372 738 694 0
372 987 738 0
373 415 693 0
373 693 1310 0
373 1309 280 0
374 988 989 0
375 161 387 0
376 65 672 0
376 185 65 0
377 154 989 0
377 155 154 0
377 378 158 0
377 989 695 0
378 695 699 0
379 157 995 0
379 185 376 0
379 673 157 0
380 381 994 0
380 699 695 0
380 994 1218 0
381 380 715 0
381 715 696 0
382 26 396 0
382 159 410 0
382 396 397 0
383 702 707 0
383 703 701 0
383 707 1219 0
384 704 1015 0
385 55 998 0
385 709 1766 0
385 998 1493 0
386 711 1002 0
387 161 714 0
387 714 1028 0
388 375 387 0
388 390 1011 0
389 163 733 0
389 1638 1639 0
390 163 717 0
390 388 387 0
390 717 1011 0
390 1028 1852 0
391 717 1639 0
391 1639 1863 0
392 3 169 0
392 169 718 0
392 1739 164 0
393 57 402 0
393 402 403 0
393 403 719 0
394 1237 1401 0
395 1496 1246 0
396 166 397 0
396 248 399 0
397 166 705 0
397 705 706 0
398 57 704 0
398 166 1027 0
399 90 404 0
399 404 731 0
399 731 1027 0
400 92 723 0
401 238 728 0
401 1406 1409 0
402 406 730 0
402 722 406 0
403 395 1020 0
403 730 167 0
405 25 724 0
405 246 243 0
406 407 1025 0
407 1021 408 0
408 246 407 0
408 404 507 0
408 731 404 0
409 382 410 0
410 159 1029 0
411 170 736 0
411 736 1030 0
412 389 733 0
412 997 1641 0
412 1638 389 0
413 414 415 0
414 413 60 0
414 738 415 0
415 373 737 0
415 737 413 0
415 738 693 0
416 233 744 0
417 61 242 0
417 174 1037 0
417 419 174 0
417 1037 1253 0
417 1253 61 0
418 13 437 0
418 174 746 0
418 437 1038 0
419 88 1031 0
419 417 242 0
420 72 750 0
420 750 1034 0
420 751 1039 0
421 176 234 0
421 234 422 0
421 236 176 0
422 756 421 0
422 757 1258 0
423 11 178 0
423 178 757 0
424 63 1757 0
424 179 426 0
424 183 63 0
425 14 1631 0
425 182 427 0
426 429 424 0
427 1767 425 0
428 760 429 0
428 1204 762 0
429 181 428 0
429 183 424 0
429 760 434 0
430 758 1043 0
430 1046 758 0
430 1264 1046 0
430 1415 186 0
431 64 1047 0
431 70 1048 0
432 17 657 0
432 190 1049 0
432 1049 360 0
432 1266 69 0
434 184 183 0
435 434 760 0
435 1035 194 0
436 443 184 0
437 13 755 0
437 195 1039 0
438 749 1034 0
438 1035 761 0
439 224 479 0
439 765 763 0
439 791 765 0
440 198 224 0
440 199 73 0
440 224 439 0
442 199 460 0
442 201 443 0
444 18 1764 0
444 202 445 0
444 211 465 0
445 202 764 0
446 203 448 0
446 445 764 0
447 203 764 0
447 449 450 0
448 203 481 0
449 204 450 0
449 212 466 0
449 447 212 0
450 203 447 0
451 1642 1742 0
451 1643 1672 0
451 1742 1848 0
452 770 1669 0
452 1051 1670 0
452 1670 1741 0
452 1671 770 0
453 773 1689 0
453 1200 969 0
454 775 777 0
455 63 458 0
455 207 1768 0
455 458 780 0
456 457 1645 0
456 778 207 0
456 1058 457 0
457 205 1645 0
457 1058 1853 0
458 441 782 0
458 782 1060 0
459 75 1061 0
459 199 763 0
460 201 442 0
461 209 1277 0
461 1276 782 0
462 1652 1727 0
464 466 1738 0
465 1278 212 0
465 1704 1278 0
466 463 449 0
466 464 463 0
466 1062 1738 0
467 1059 1648 0
467 1273 1059 0
467 1647 462 0
468 215 785 0
468 476 352 0
469 216 784 0
469 784 785 0
469 785 1758 0
470 1280 1675 0
471 1650 1675 0
471 1675 1749 0
472 1687 1688 0
472 1688 1418 0
472 1700 1050 0
473 218 786 0
473 332 334 0
473 333 332 0
474 220 221 0
474 475 786 0
475 135 1066 0
475 221 476 0
476 221 1198 0
476 468 135 0
477 739 745 0
477 1207 1248 0
477 1248 488 0
478 479 1071 0
478 787 794 0
478 794 1801 0
479 224 1071 0
479 478 1787 0
480 448 481 0
480 797 1285 0
481 203 792 0
481 797 480 0
482 448 480 0
483 22 619 0
483 619 620 0
483 620 803 0
483 1076 22 0
484 81 800 0
484 485 227 0
484 800 802 0
485 621 617 0
485 802 486 0
486 802 1630 0
486 1120 82 0
486 1630 865 0
487 140 339 0
487 339 230 0
487 636 138 0
488 741 489 0
489 1281 1067 0
489 1785 740 0
490 1425 808 0
491 237 818 0
492 86 1784 0
492 1090 818 0
493 238 494 0
493 494 496 0
493 1023 728 0
494 238 505 0
494 504 820 0
495 61 748 0
495 239 1091 0
496 239 815 0
496 494 820 0
497 85 498 0
497 682 85 0
499 816 87 0
500 240 502 0
500 418 746 0
500 502 1653 0
500 746 1031 0
501 240 1031 0
501 1297 1089 0
502 235 1653 0
504 241 819 0
504 494 505 0
504 819 1091 0
507 246 408 0
508 251 685 0
508 681 509 0
508 1298 251 0
509 497 87 0
509 1428 508 0
510 250 826 0
510 826 1430 0
511 255 96 0
511 257 513 0
512 822 824 0
512 824 1095 0
512 1300 823 0
513 30 255 0
513 257 825 0
513 1096 514 0
514 1094 258 0
514 1096 1094 0
515 91 516 0
515 259 1097 0
516 251 28 0
517 31 822 0
517 822 823 0
518 279 517 0
518 557 279 0
518 823 1093 0
519 105 1872 0
519 518 1093 0
520 260 1299 0
520 1626 93 0
521 98 524 0
521 524 830 0
521 829 839 0
522 828 1781 0
522 850 828 0
523 533 858 0
523 829 831 0
524 98 526 0
524 526 835 0
525 833 1098 0
525 834 1826 0
525 842 833 0
525 1099 842 0
526 98 840 0
526 262 1101 0
527 262 1301 0
527 264 532 0
527 532 1101 0
527 824 31 0
528 97 1094 0
528 263 1304 0
529 98 521 0
529 263 530 0
529 521 839 0
529 839 1304 0
530 263 1302 0
530 1301 840 0
530 1302 1303 0
532 836 838 0
532 838 1101 0
533 265 859 0
533 523 831 0
534 522 523 0
534 850 522 0
534 856 850 0
534 858 554 0
535 99 1827 0
535 266 539 0
535 539 540 0
536 267 1654 0
536 580 267 0
536 854 1110 0
536 1110 1837 0
537 293 1830 0
537 1830 1832 0
538 266 921 0
538 268 539 0
538 579 268 0
538 921 292 0
539 269 540 0
540 269 1693 0
541 1693 1864 0
542 537 1832 0
542 1692 1862 0
542 1832 1849 0
543 101 546 0
543 271 640 0
543 546 547 0
544 32 1662 0
544 271 1677 0
544 1677 1759 0
545 1111 1857 0
546 101 679 0
546 272 1833 0
546 679 680 0
546 1833 547 0
547 853 1677 0
548 549 852 0
548 852 363 0
549 548 273 0
549 857 1836 0
550 857 1564 0
550 1596 1517 0
551 853 1833 0
551 972 1851 0
551 1833 272 0
551 1857 274 0
552 274 1835 0
552 1677 853 0
553 854 1654 0
553 855 1563 0
555 549 273 0
556 275 281 0
556 559 1872 0
556 1308 559 0
557 518 519 0
557 559 860 0
558 1103 1112 0
558 1306 1103 0
559 519 1872 0
559 557 519 0
560 863 106 0
561 863 560 0
561 1116 1795 0
561 1182 863 0
561 1530 1116 0
562 934 933 0
562 1076 1325 0
563 282 867 0
563 867 1132 0
563 1132 1133 0
564 870 871 0
564 871 1137 0
564 1783 1134 0
565 283 874 0
566 284 1761 0
566 879 910 0
566 910 925 0
566 925 284 0
567 876 908 0
567 908 1367 0
568 563 569 0
568 566 1761 0
569 1334 285 0
570 111 575 0
570 571 574 0
570 1170 111 0
571 302 574 0
572 286 573 0
573 301 118 0
574 302 592 0
575 107 570 0
576 291 1756 0
576 916 915 0
576 1756 1790 0
577 7 912 0
577 1790 1470 0
578 293 579 0
578 913 1172 0
578 1174 913 0
579 538 292 0
580 100 294 0
580 294 1655 0
581 298 915 0
581 917 914 0
581 918 917 0
582 113 1171 0
582 643 1664 0
582 1655 113 0
583 643 582 0
583 917 918 0
583 918 955 0
583 955 1375 0
586 920 1175 0
586 1175 1173 0
587 372 694 0
587 691 692 0
588 589 1177 0
588 691 587 0
588 986 589 0
589 920 586 0
590 923 925 0
590 924 1694 0
590 925 1367 0
591 35 284 0
591 300 1822 0
592 302 1179 0
592 926 1858 0
592 1604 1170 0
593 301 927 0
593 927 1180 0
593 1179 118 0
593 1480 926 0
595 42 309 0
595 123 1181 0
596 120 306 0
597 117 929 0
597 930 1656 0
597 1481 930 0
597 1656 1657 0
597 1657 1728 0
598 123 611 0
598 308 930 0
598 611 937 0
599 327 945 0
599 1680 127 0
600 629 933 0
600 945 628 0
601 312 602 0
601 613 319 0
603 46 1762 0
603 944 626 0
603 1753 944 0
604 129 871 0
604 315 1763 0
604 318 610 0
605 315 606 0
605 318 1763 0
605 606 935 0
605 935 1679 0
606 35 935 0
606 315 867 0
607 127 1680 0
607 1185 1369 0
607 1680 1185 0
608 316 873 0
608 873 1137 0
609 311 1729 0
609 317 1658 0
610 937 1187 0
611 309 1186 0
612 317 129 0
612 610 1187 0
612 1658 317 0
613 601 44 0
613 609 1658 0
615 1188 635 0
616 618 330 0
617 227 485 0
617 618 616 0
618 622 321 0
619 322 620 0
619 629 940 0
621 323 939 0
621 485 82 0
621 939 617 0
622 615 321 0
622 618 939 0
622 939 943 0
622 943 1372 0
623 624 942 0
623 626 1371 0
623 1371 624 0
623 1636 134 0
624 322 940 0
624 940 942 0
624 1371 625 0
625 1371 1372 0
626 134 46 0
626 944 1485 0
627 1188 1373 0
627 1627 214 0
629 22 933 0
629 600 628 0
629 619 22 0
629 628 1659 0
630 134 1636 0
630 1636 1821 0
631 211 1764 0
632 631 948 0
632 948 1065 0
633 946 947 0
633 947 949 0
633 949 1279 0
634 328 330 0
635 48 473 0
635 214 48 0
635 627 214 0
636 228 138 0
637 139 952 0
637 638 912 0
638 637 952 0
638 955 918 0
639 339 140 0
639 641 1192 0
640 341 644 0
641 141 1192 0
641 639 340 0
642 139 950 0
642 339 953 0
642 950 230 0
643 583 1375 0
643 1375 956 0
643 1663 1664 0
644 343 956 0
644 956 1191 0
644 1191 1374 0
645 686 147 0
645 1262 1777 0
645 1777 1791 0
645 1791 686 0
646 355 688 0
646 687 1193 0
647 1044 1260 0
647 1260 49 0
648 350 658 0
648 1044 647 0
649 142 1730 0
649 655 1854 0
650 49 654 0
650 344 966 0
650 654 1666 0
651 142 1194 0
651 346 1735 0
651 1665 1710 0
652 346 1194 0
652 347 1847 0
652 653 347 0
653 143 1263 0
654 49 1260 0
654 348 1666 0
655 649 344 0
655 650 1666 0
655 959 1854 0
656 653 1263 0
656 1265 349 0
657 349 1265 0
657 1266 432 0
658 357 646 0
658 646 1193 0
658 1193 648 0
659 49 958 0
659 958 145 0
660 50 774 0
660 351 1197 0
661 351 1053 0
661 353 663 0
662 79 785 0
662 353 777 0
663 468 352 0
664 961 983 0
664 983 1376 0
665 19 962 0
666 221 219 0
666 354 1198 0
666 665 961 0
667 145 668 0
668 669 965 0
668 1269 1052 0
669 356 965 0
670 344 1730 0
670 359 966 0
671 1201 1696 0
672 362 673 0
672 673 376 0
672 971 362 0
672 1204 971 0
673 362 146 0
673 379 376 0
674 759 1049 0
675 363 852 0
675 852 973 0
675 973 1839 0
676 363 975 0
676 364 677 0
676 975 1381 0
677 10 548 0
677 364 851 0
678 12 743 0
678 978 366 0
679 366 978 0
680 679 978 0
681 682 509 0
681 979 367 0
682 497 509 0
683 742 1544 0
683 976 742 0
683 1205 1379 0
683 1379 976 0
684 683 979 0
684 979 982 0
684 1205 683 0
685 251 249 0
685 681 508 0
685 982 681 0
685 1380 982 0
687 149 686 0
687 646 688 0
687 686 1791 0
687 1208 149 0
688 355 984 0
688 1208 687 0
689 371 986 0
689 587 694 0
689 588 587 0
689 694 153 0
690 691 921 0
690 921 266 0
690 1828 1819 0
691 588 1177 0
691 1177 921 0
692 987 372 0
693 987 1583 0
694 1210 153 0
695 378 377 0
696 1008 1007 0
696 1212 381 0
697 161 375 0
697 374 989 0
697 375 374 0
697 1866 161 0
698 379 995 0
698 995 1489 0
698 996 197 0
699 157 378 0
699 380 1218 0
700 1384 1487 0
700 1487 993 0
701 997 1030 0
701 1029 702 0
701 1030 1029 0
702 159 706 0
702 383 701 0
702 706 707 0
703 55 1641 0
703 997 701 0
704 57 999 0
704 705 398 0
704 999 1015 0
705 384 706 0
705 704 384 0
706 1013 707 0
707 1013 1494 0
708 1012 1667 0
708 1686 1772 0
709 385 1493 0
709 1012 160 0
710 1001 1577 0
710 1003 1004 0
711 386 1005 0
711 712 1746 0
711 1005 712 0
711 1746 1699 0
712 1005 1230 0
712 1697 1746 0
713 1007 1008 0
713 1008 1010 0
713 1010 1233 0
713 1231 1009 0
714 161 1866 0
714 165 1834 0
714 735 1028 0
714 1880 165 0
715 380 988 0
716 1766 1765 0
717 391 1232 0
718 58 170 0
719 1020 1236 0
720 721 1017 0
720 1012 1238 0
720 1017 1667 0
720 1238 1731 0
721 394 1398 0
721 1225 1773 0
721 1731 394 0
722 398 1027 0
722 402 57 0
723 1298 1504 0
723 1504 1547 0
724 400 1547 0
724 1022 1025 0
724 1547 1022 0
725 503 24 0
725 1555 727 0
726 24 401 0
726 401 1409 0
726 725 24 0
727 1579 1092 0
728 1023 1406 0
729 1026 1022 0
729 1505 1243 0
730 403 402 0
730 1025 1026 0
731 408 1021 0
731 1021 1027 0
732 410 736 0
733 163 734 0
733 734 1736 0
734 163 1852 0
735 714 1834 0
735 734 1028 0
735 1736 734 0
736 410 1029 0
736 1029 1030 0
737 276 277 0
737 373 280 0
738 414 1210 0
738 1210 694 0
739 222 1844 0
739 1070 789 0
740 805 489 0
741 743 1785 0
743 12 1785 0
743 976 678 0
743 1410 742 0
744 176 23 0
744 232 981 0
745 233 416 0
745 739 1844 0
745 1207 477 0
746 419 1031 0
747 1254 1871 0
748 747 813 0
748 752 747 0
748 813 495 0
748 1253 752 0
749 196 197 0
749 992 1215 0
751 420 1036 0
751 1036 1412 0
751 1037 1038 0
751 1038 1039 0
752 1253 1412 0
753 1216 993 0
753 1386 1488 0
754 235 86 0
754 236 421 0
755 13 1653 0
755 1653 177 0
756 177 754 0
756 422 1258 0
756 754 421 0
757 178 1257 0
757 422 423 0
759 360 1049 0
759 362 971 0
759 674 362 0
759 971 361 0
760 428 762 0
760 761 435 0
760 762 761 0
763 199 440 0
763 440 439 0
763 765 208 0
765 204 208 0
766 1702 1750 0
766 1742 1702 0
767 74 779 0
767 206 1050 0
767 1050 1700 0
768 767 1700 0
769 1054 1712 0
769 1712 1751 0
770 74 768 0
770 768 1669 0
770 1671 1733 0
771 1747 1268 0
772 1052 1378 0
773 453 969 0
773 968 1732 0
775 454 776 0
775 662 777 0
775 776 1744 0
776 217 1744 0
776 454 1055 0
776 1055 1721 0
777 353 1056 0
777 1056 1420 0
778 425 1767 0
778 456 1672 0
778 1643 425 0
778 1767 1768 0
779 457 1853 0
780 458 1060 0
780 1058 207 0
780 1060 1274 0
781 1275 1855 0
782 201 461 0
783 1062 1824 0
783 1824 1673 0
784 468 785 0
785 79 1758 0
786 475 1066 0
787 84 808 0
787 790 1069 0
788 223 222 0
788 739 789 0
788 789 790 0
790 787 478 0
790 1071 788 0
791 439 479 0
791 479 1787 0
791 793 797 0
792 204 765 0
792 765 791 0
792 797 481 0
793 791 1787 0
793 1285 797 0
793 1787 1801 0
794 787 808 0
794 808 798 0
794 1289 1423 0
794 1423 1801 0
796 795 1289 0
796 1079 1287 0
796 1287 795 0
796 1289 798 0
796 1425 1078 0
797 792 791 0
798 1425 796 0
799 801 1123 0
800 225 482 0
800 482 801 0
800 801 799 0
801 482 1290 0
801 1290 1327 0
802 485 484 0
802 800 799 0
803 620 941 0
805 487 804 0
806 809 904 0
806 1165 1164 0
806 1501 1291 0
807 231 1789 0
808 1284 490 0
808 1425 798 0
809 806 1295 0
809 1083 904 0
810 807 1083 0
810 1841 231 0
811 88 242 0
811 495 1091 0
812 493 496 0
812 496 815 0
812 815 1086 0
813 814 815 0
813 815 239 0
814 747 1871 0
814 813 747 0
815 814 1086 0
816 503 725 0
816 725 727 0
816 727 1092 0
817 241 1087 0
817 501 88 0
817 1087 1297 0
818 1090 1502 0
819 811 1091 0
820 504 1091 0
821 252 258 0
821 259 827 0
821 827 254 0
822 31 824 0
822 512 823 0
823 518 517 0
825 512 1095 0
826 515 1097 0
826 1304 1430 0
828 510 1430 0
828 851 510 0
828 1430 1781 0
829 521 830 0
829 523 522 0
829 830 831 0
830 524 832 0
830 1098 831 0
832 261 834 0
832 834 1098 0
832 835 261 0
833 533 831 0
833 842 265 0
834 525 1098 0
834 1100 1826 0
835 526 1101 0
835 832 524 0
836 264 1112 0
836 844 1105 0
837 836 1105 0
837 841 1100 0
837 1105 841 0
838 835 1101 0
838 836 837 0
838 837 261 0
839 522 1781 0
839 829 522 0
840 262 526 0
841 531 1305 0
841 1305 1100 0
843 845 1510 0
843 1506 1588 0
843 1586 845 0
844 836 1112 0
845 1109 1312 0
845 1586 1874 0
846 531 1506 0
846 843 1510 0
846 1102 531 0
847 1102 846 0
847 1592 1435 0
848 541 1313 0
848 1109 1382 0
848 1313 1560 0
849 1511 1718 0
850 10 828 0
851 365 510 0
851 828 10 0
852 549 1836 0
853 547 1833 0
854 536 1654 0
854 553 1563 0
855 553 1835 0
855 1441 1563 0
855 1835 1867 0
856 10 850 0
856 534 554 0
857 102 1836 0
857 549 555 0
857 550 102 0
858 533 859 0
858 534 523 0
858 1437 554 0
859 1311 1437 0
860 559 1308 0
860 1306 557 0
860 1431 1306 0
861 890 1829 0
861 894 1769 0
861 1081 1157 0
861 1157 894 0
862 1072 1778 0
863 1183 106 0
864 1483 1182 0
865 1120 486 0
865 1444 1120 0
866 1329 1531 0
866 1331 1443 0
866 1568 1331 0
867 315 869 0
867 869 1132 0
868 878 1133 0
869 870 1134 0
870 564 1134 0
870 604 871 0
871 608 1137 0
872 869 1134 0
872 1132 869 0
872 1134 1340 0
873 1369 1536 0
874 1161 875 0
875 1161 1552 0
876 567 1141 0
876 877 1169 0
876 1169 1474 0
877 876 1141 0
877 1141 1335 0
878 563 1133 0
878 569 563 0
878 868 1332 0
878 1332 1334 0
878 1334 569 0
879 566 285 0
879 567 910 0
879 1141 567 0
880 1142 1115 0
880 1442 881 0
881 1442 1348 0
882 881 1348 0
882 883 881 0
882 885 1878 0
883 882 1144 0
883 1338 1346 0
883 1346 881 0
884 1146 885 0
884 1349 1146 0
885 882 1348 0
885 1151 1878 0
886 888 1842 0
886 1152 888 0
886 1338 883 0
887 893 897 0
887 897 898 0
887 1149 1351 0
888 1154 1153 0
888 1788 1842 0
889 1153 1159 0
889 1788 1153 0
889 1809 1788 0
890 861 1769 0
890 1114 1829 0
890 1769 1810 0
890 1810 1155 0
891 895 1156 0
891 1147 1148 0
891 1148 1352 0
892 1358 897 0
892 1770 896 0
893 887 1351 0
893 1147 891 0
893 1351 1147 0
894 896 1769 0
894 1357 896 0
895 891 1352 0
895 1352 1810 0
895 1769 1770 0
897 1156 892 0
898 897 1358 0
898 1469 1359 0
899 889 1159 0
899 1138 1804 0
899 1160 902 0
900 1355 901 0
902 1354 1356 0
903 902 1356 0
903 1138 902 0
903 1363 1138 0
903 1472 1362 0
904 1163 806 0
905 1166 1165 0
906 1365 907 0
907 1365 1178 0
908 876 1474 0
908 906 909 0
908 1474 906 0
909 906 907 0
909 924 1367 0
911 1178 1365 0
911 1365 1601 0
911 1604 1858 0
911 1618 1604 0
911 1820 1618 0
912 576 577 0
913 917 1171 0
913 1171 1172 0
914 298 581 0
914 917 913 0
915 291 576 0
916 576 912 0
916 581 915 0
916 912 638 0
917 583 1171 0
918 581 916 0
918 916 638 0
919 39 114 0
919 297 585 0
919 299 584 0
920 589 38 0
922 117 1728 0
923 590 1745 0
923 591 284 0
924 590 1367 0
924 907 1480 0
924 909 907 0
924 1180 1694 0
925 923 284 0
926 592 1179 0
926 1178 1858 0
926 1179 593 0
927 922 1678 0
927 1694 1180 0
928 595 1181 0
930 308 1656 0
931 600 934 0
932 863 1182 0
932 931 934 0
932 934 1183 0
932 1182 1368 0
933 934 600 0
934 562 1183 0
935 591 1822 0
937 610 318 0
937 611 1186 0
938 612 1187 0
938 613 1658 0
939 618 617 0
940 629 1659 0
941 82 803 0
941 620 1786 0
941 1786 323 0
942 940 1659 0
943 625 1372 0
943 1786 625 0
944 1189 1485 0
944 1625 1189 0
945 600 310 0
946 329 947 0
946 633 948 0
948 631 136 0
948 633 1065 0
949 469 1190 0
949 947 216 0
949 1190 1279 0
950 83 636 0
950 336 83 0
950 636 230 0
951 954 953 0
951 1191 1375 0
952 139 954 0
952 951 955 0
952 955 638 0
953 954 642 0
953 1192 1374 0
954 139 642 0
954 951 952 0
955 951 1375 0
956 1663 643 0
957 1042 1044 0
957 1193 1791 0
957 1777 1042 0
958 650 966 0
959 652 1194 0
959 653 652 0
959 1194 1854 0
960 660 1197 0
961 664 354 0
961 665 962 0
961 962 983 0
962 369 983 0
963 664 1195 0
963 960 1197 0
963 1195 960 0
963 1197 964 0
966 359 958 0
967 1377 1681 0
967 1711 1377 0
968 671 1714 0
968 773 969 0
968 1201 671 0
968 1714 1732 0
969 1200 1201 0
970 359 1682 0
970 1269 145 0
970 1696 1707 0
971 1204 1202 0
972 272 977 0
972 551 272 0
972 675 1839 0
972 1206 675 0
972 1839 1851 0
973 545 1839 0
973 852 1836 0
974 364 676 0
974 365 364 0
974 676 1205 0
974 982 1380 0
974 1205 684 0
975 675 1206 0
975 1206 1381 0
976 743 742 0
976 1379 1486 0
978 1486 1543 0
978 1543 680 0
979 681 982 0
979 683 1544 0
980 416 744 0
980 744 981 0
980 1207 416 0
980 1249 1207 0
981 85 682 0
982 974 684 0
983 369 984 0
983 984 1376 0
984 152 688 0
984 355 1376 0
985 148 51 0
985 149 1208 0
985 150 148 0
985 370 150 0
986 38 589 0
986 588 689 0
987 693 738 0
988 162 715 0
988 374 162 0
988 380 695 0
988 695 989 0
989 154 697 0
990 1825 1873 0
991 1213 1487 0
991 1386 1213 0
992 749 197 0
993 1216 1217 0
994 381 1385 0
994 1385 1217 0
995 699 1218 0
995 1218 1489 0
996 698 1489 0
997 411 1030 0
997 412 171 0
997 703 1641 0
998 383 1219 0
998 703 383 0
999 393 1402 0
999 1016 1015 0
1000 1226 1227 0
1000 1227 1395 0
1000 1392 1490 0
1000 1395 1491 0
1001 386 1002 0
1001 710 1009 0
1001 1002 1577 0
1002 1229 1577 0
1003 1228 1212 0
1003 1545 1228 0
1004 696 1007 0
1004 1007 1009 0
1004 1009 710 0
1004 1212 696 0
1005 386 1231 0
1005 1231 1492 0
1006 391 1863 0
1006 1230 1492 0
1006 1492 391 0
1007 713 1009 0
1008 162 1010 0
1008 696 715 0
1009 386 1001 0
1009 1231 386 0
1010 388 1011 0
1010 1011 1233 0
1011 717 1232 0
1012 708 160 0
1012 709 1399 0
1012 720 1667 0
1013 706 384 0
1013 1239 1494 0
1014 1016 1401 0
1014 1239 1015 0
1016 999 1402 0
1016 1014 1015 0
1017 721 1773 0
1017 1773 1774 0
1019 395 1246 0
1020 395 1019 0
1020 719 403 0
1020 1235 1236 0
1021 406 722 0
1021 407 406 0
1021 722 1027 0
1023 493 812 0
1023 1405 1406 0
1024 1246 1496 0
1024 1247 1407 0
1024 1496 1548 0
1024 1548 1247 0
1025 405 724 0
1025 407 405 0
1025 730 406 0
1026 1025 1022 0
1028 390 387 0
1028 734 1852 0
1032 1033 1403 0
1032 1403 1404 0
1032 1404 1802 0
1032 1799 1800 0
1032 1802 1799 0
1033 1032 1800 0
1033 1807 1224 0
1034 749 1215 0
1035 435 761 0
1035 438 1034 0
1035 1034 750 0
1036 420 1252 0
1036 1252 1845 0
1037 174 1038 0
1037 751 1412 0
1038 437 1039 0
1040 747 752 0
1040 752 1250 0
1040 1250 1388 0
1040 1254 747 0
1040 1387 1254 0
1041 436 184 0
1041 1257 436 0
1042 1261 1044 0
1042 1416 1261 0
1043 758 1416 0
1043 1777 1415 0
1044 648 957 0
1044 1261 1260 0
1045 348 1259 0
1046 657 1265 0
1046 1264 1266 0
1046 1265 1417 0
1046 1417 758 0
1047 1734 189 0
1048 433 181 0
1050 1727 472 0
1051 452 1669 0
1051 1267 1715 0
1051 1715 1780 0
1052 669 668 0
1052 1269 1378 0
1053 1056 661 0
1053 1270 1420 0
1054 769 1419 0
1055 454 1748 0
1055 1498 1721 0
1056 1053 1420 0
1057 779 1272 0
1057 1272 1421 0
1058 456 207 0
1058 780 1274 0
1058 1272 1853 0
1059 1273 1499 0
1060 782 1276 0
1060 1276 1500 0
1061 781 1855 0
1062 466 1278 0
1062 783 1738 0
1062 1278 1704 0
1062 1704 1824 0
1063 76 1775 0
1063 1690 1824 0
1064 632 1065 0
1064 1065 1691 0
1065 633 1279 0
1065 1279 1706 0
1066 47 333 0
1066 135 216 0
1067 488 489 0
1068 1070 1067 0
1069 790 789 0
1069 1070 1068 0
1070 477 488 0
1070 488 1067 0
1070 739 477 0
1070 1069 789 0
1071 223 788 0
1071 790 478 0
1072 862 1113 0
1072 1074 1778 0
1073 1079 1080 0
1073 1081 1286 0
1073 1286 1778 0
1074 795 1287 0
1074 1287 1778 0
1074 1288 795 0
1074 1445 1288 0
1074 1518 1445 0
1075 1285 1423 0
1075 1288 1422 0
1075 1289 795 0
1075 1422 1285 0
1077 1288 1445 0
1077 1327 1290 0
1078 1079 796 0
1078 1085 1295 0
1079 1073 1287 0
1079 1078 1291 0
1080 1079 1291 0
1080 1081 1073 0
1080 1291 1501 0
1081 1080 1501 0
1081 1829 1286 0
1082 83 1292 0
1082 228 83 0
1082 1292 1551 0
1083 1084 810 0
1084 809 1085 0
1084 1083 809 0
1085 490 1084 0
1085 809 1295 0
1085 1078 1425 0
1085 1425 490 0
1086 1245 812 0
1087 1554 1297 0
1088 85 491 0
1088 491 818 0
1088 499 498 0
1088 818 1502 0
1088 1426 499 0
1089 1297 1427 0
1090 492 1784 0
1090 1427 1502 0
1093 823 1300 0
1093 1300 1299 0
1094 97 258 0
1094 1096 1302 0
1095 1096 825 0
1095 1301 1303 0
1096 513 825 0
1096 1095 1303 0
1097 528 1304 0
1098 830 832 0
1098 833 831 0
1099 1102 1107 0
1100 834 261 0
1100 1305 1826 0
1101 262 527 0
1102 1305 531 0
1102 1826 1305 0
1103 844 1112 0
1103 1306 1431 0
1103 1508 844 0
1104 844 1508 0
1104 1307 1105 0
1104 1508 1590 0
1104 1590 1612 0
1105 844 1104 0
1106 1308 1309 0
1106 1309 1310 0
1106 1310 1434 0
1106 1432 1433 0
1106 1434 1432 0
1107 847 1435 0
1107 1102 847 0
1107 1436 1099 0
1108 1436 1722 0
1109 845 1874 0
1110 849 1676 0
1110 854 1511 0
1110 1676 1837 0
1111 102 550 0
1111 274 1857 0
1111 1517 1867 0
1112 31 558 0
1113 1518 1072 0
1114 1286 1829 0
1114 1317 1519 0
1115 1131 1808 0
1115 1319 880 0
1115 1532 1131 0
1116 1530 1782 0
1116 1782 1831 0
1117 1118 1803 0
1117 1315 1118 0
1117 1831 1454 0
1118 1119 1320 0
1118 1316 1119 0
1118 1320 1803 0
1119 1348 1442 0
1120 803 82 0
1121 560 1322 0
1121 1331 1568 0
1121 1530 560 0
1121 1568 1782 0
1122 1123 1328 0
1122 1630 799 0
1123 1122 799 0
1123 1327 1446 0
1123 1446 1448 0
1124 865 1630 0
1124 1122 1328 0
1124 1323 865 0
1124 1526 1126 0
1125 1523 1529 0
1125 1527 1814 0
1126 1323 1124 0
1127 1869 1870 0
1129 886 1842 0
1130 1128 1336 0
1130 1341 1128 0
1131 1482 1794 0
1131 1599 1482 0
1131 1794 1808 0
1132 872 1133 0
1133 872 1135 0
1135 868 1133 0
1135 872 1340 0
1135 1339 868 0
1135 1340 1342 0
1136 1341 1342 0
1136 1342 1462 0
1136 1461 1463 0
1136 1462 1570 0
1137 873 1536 0
1137 1536 1600 0
1137 1600 564 0
1138 899 902 0
1138 1345 1804 0
1139 1344 1809 0
1139 1464 1335 0
1139 1869 1877 0
1140 1139 1809 0
1140 1345 1464 0
1141 879 1455 0
1141 1455 1870 0
1142 880 1346 0
1142 1346 1337 0
1142 1532 1115 0
1143 884 885 0
1143 885 1348 0
1143 1314 884 0
1144 882 1878 0
1144 886 883 0
1144 1151 1152 0
1144 1152 886 0
1145 1520 1521 0
1145 1521 1846 0
1146 1147 1150 0
1147 1349 1148 0
1148 1145 1846 0
1148 1349 1145 0
1149 1154 1350 0
1149 1350 1351 0
1149 1359 900 0
1150 1151 1146 0
1151 885 1146 0
1151 1144 1878 0
1151 1150 1350 0
1151 1350 1152 0
1153 1154 1158 0
1154 888 1152 0
1155 1318 1317 0
1155 1846 1318 0
1156 893 891 0
1156 895 1770 0
1156 897 893 0
1157 1081 1501 0
1158 900 901 0
1158 901 1159 0
1158 1149 900 0
1158 1154 1149 0
1159 1153 1158 0
1160 899 1159 0
1160 1159 901 0
1161 1168 1860 0
1162 892 896 0
1162 1166 1167 0
1162 1167 1358 0
1162 1358 892 0
1164 1157 1501 0
1164 1357 1157 0
1165 806 1163 0
1165 1163 905 0
1165 1166 1357 0
1165 1357 1164 0
1166 1162 1357 0
1166 1467 1167 0
1167 1469 1358 0
1168 1353 1537 0
1168 1537 1860 0
1168 1805 1353 0
1169 877 1343 0
1170 570 574 0
1170 574 592 0
1170 1479 111 0
1171 583 582 0
1172 113 1776 0
1173 578 579 0
1174 578 1173 0
1174 914 913 0
1174 1173 1175 0
1174 1175 1811 0
1174 1811 914 0
1175 920 1366 0
1175 1366 1811 0
1176 37 298 0
1177 292 921 0
1177 589 586 0
1178 911 1858 0
1178 1480 907 0
1180 924 1480 0
1181 304 928 0
1182 561 1795 0
1182 1795 864 0
1183 863 932 0
1183 1325 106 0
1184 931 1368 0
1184 1368 1484 0
1185 1533 1534 0
1186 1187 937 0
1187 614 938 0
1187 1186 614 0
1188 615 622 0
1188 622 1372 0
1188 627 635 0
1189 1373 1485 0
1190 469 1758 0
1190 1695 1705 0
1191 956 1375 0
1192 141 1374 0
1192 339 639 0
1193 687 1791 0
1193 957 648 0
1194 649 1854 0
1195 356 960 0
1195 1376 1196 0
1196 357 965 0
1196 965 356 0
1197 144 964 0
1198 354 964 0
1199 142 1710 0
1199 967 1771 0
1199 1710 1711 0
1199 1730 142 0
1200 772 1378 0
1200 1743 772 0
1201 968 969 0
1201 1378 1707 0
1202 70 361 0
1202 361 971 0
1202 433 1048 0
1202 1204 433 0
1203 146 156 0
1203 673 146 0
1204 65 762 0
1204 428 433 0
1205 676 1381 0
1206 972 977 0
1206 977 1543 0
1207 745 416 0
1207 1249 1248 0
1209 1382 1557 0
1209 1557 1585 0
1209 1619 1828 0
1210 9 153 0
1210 414 172 0
1211 1220 1807 0
1212 1004 1003 0
1212 1385 381 0
1213 753 993 0
1213 1386 753 0
1214 1254 1387 0
1214 1386 991 0
1214 1387 1386 0
1214 1793 1868 0
1215 992 1216 0
1215 1216 1251 0
1215 1251 1252 0
1216 753 1251 0
1216 992 996 0
1216 996 1217 0
1217 700 993 0
1217 1385 700 0
1219 707 1494 0
1219 1493 998 0
1220 1223 1807 0
1220 1383 1812 0
1220 1576 1223 0
1220 1812 1813 0
1221 1224 1223 0
1221 1395 1798 0
1222 1397 1396 0
1222 1797 1491 0
1223 1390 1221 0
1223 1576 1390 0
1224 1221 1798 0
1224 1807 1223 0
1225 721 1398 0
1225 1392 1394 0
1226 1000 1490 0
1226 1242 1227 0
1227 1242 1391 0
1227 1391 1798 0
1228 1384 1212 0
1228 1545 1813 0
1229 1002 1699 0
1229 1396 1397 0
1229 1397 1546 0
1229 1546 1577 0
1230 1005 1492 0
1230 1006 1686 0
1231 713 1233 0
1231 1233 1492 0
1232 1233 1011 0
1232 1492 1233 0
1234 1393 1398 0
1235 1020 1019 0
1235 1234 1236 0
1235 1393 1234 0
1236 1234 1240 0
1237 394 1731 0
1237 1014 1401 0
1237 1495 1014 0
1238 1012 1399 0
1238 1237 1731 0
1238 1399 1495 0
1239 384 1015 0
1239 1013 384 0
1239 1014 1495 0
1240 394 1401 0
1240 1016 1402 0
1240 1398 394 0
1240 1401 1016 0
1241 1394 1797 0
1241 1773 1394 0
1242 1018 1391 0
1242 1226 1497 0
1243 1429 1409 0
1243 1496 729 0
1243 1548 1496 0
1244 1235 1019 0
1244 1408 1226 0
1245 1023 812 0
1245 1086 1802 0
1245 1404 1875 0
1245 1405 1023 0
1246 1024 1407 0
1246 1407 1408 0
1248 741 488 0
1248 1410 741 0
1249 980 1411 0
1249 1544 1410 0
1250 752 1412 0
1250 1036 1845 0
1250 1412 1036 0
1251 753 1488 0
1252 420 1034 0
1252 1034 1215 0
1252 1251 1845 0
1253 748 61 0
1253 1037 1412 0
1254 1214 1868 0
1254 1868 1873 0
1255 756 1258 0
1255 1258 1413 0
1256 1414 194 0
1257 178 436 0
1257 1041 1414 0
1257 1258 757 0
1259 654 1260 0
1261 1259 1260 0
1261 1416 1259 0
1262 368 15 0
1262 645 368 0
1262 1415 1777 0
1263 1045 1417 0
1264 67 1628 0
1264 69 1266 0
1264 430 67 0
1264 1628 69 0
1265 656 1263 0
1265 1263 1417 0
1266 657 1046 0
1267 768 1700 0
1267 1669 768 0
1268 1377 1708 0
1269 668 145 0
1269 970 1707 0
1270 774 1743 0
1270 1053 774 0
1270 1743 1752 0
1271 1054 1703 0
1271 1703 1748 0
1271 1752 1689 0
1272 779 1853 0
1272 1274 1421 0
1273 467 462 0
1273 1057 1421 0
1273 1421 1499 0
1273 1646 1057 0
1274 1060 1500 0
1274 1272 1058 0
1275 210 1059 0
1275 1059 1499 0
1275 1499 1550 0
1275 1550 1855 0
1276 1277 1550 0
1277 1061 1855 0
1277 1276 461 0
1279 1190 1705 0
1281 489 805 0
1281 805 804 0
1281 1282 1283 0
1282 335 231 0
1282 1281 804 0
1282 1841 1283 0
1283 84 1068 0
1283 1067 1281 0
1283 1068 1067 0
1284 84 1841 0
1284 808 84 0
1284 810 1084 0
1284 1084 490 0
1285 793 1423 0
1285 1422 480 0
1286 862 1778 0
1286 1114 862 0
1287 1073 1778 0
1288 1075 795 0
1289 794 798 0
1289 1075 1423 0
1290 480 1422 0
1290 482 480 0
1290 1422 1077 0
1291 1295 806 0
1292 83 229 0
1292 1552 1551 0
1293 1424 807 0
1293 1551 1578 0
1293 1789 1082 0
1294 904 1083 0
1294 1163 904 0
1294 1468 1163 0
1295 1291 1078 0
1296 241 505 0
1296 505 503 0
1296 1503 1554 0
1297 501 817 0
1298 508 1428 0
1298 723 251 0
1299 1300 257 0
1300 512 825 0
1301 530 1303 0
1301 824 527 0
1301 1095 824 0
1302 1096 1303 0
1304 826 1097 0
1304 839 1430 0
1306 558 279 0
1307 531 841 0
1307 841 1105 0
1307 1506 531 0
1307 1612 1506 0
1308 281 1309 0
1308 556 281 0
1308 1106 1433 0
1309 373 1310 0
1311 265 1108 0
1311 1108 1594 0
1312 1109 1560 0
1312 1510 845 0
1312 1560 1591 0
1312 1562 1510 0
1313 541 1864 0
1314 1143 1316 0
1314 1316 1449 0
1314 1349 884 0
1314 1449 1520 0
1314 1520 1145 0
1315 1449 1316 0
1315 1566 1449 0
1316 1118 1315 0
1316 1143 1119 0
1317 890 1155 0
1317 1114 890 0
1317 1522 1519 0
1318 1521 1565 0
1318 1522 1317 0
1319 1115 1808 0
1321 1319 1808 0
1321 1320 1319 0
1321 1803 1320 0
1321 1808 1796 0
1322 1325 1324 0
1322 1331 1121 0
1323 1443 1444 0
1323 1444 865 0
1324 1325 1326 0
1324 1443 1331 0
1325 1076 1326 0
1325 1183 562 0
1326 483 803 0
1326 803 1120 0
1326 1076 483 0
1326 1120 1444 0
1326 1444 1324 0
1327 1077 1446 0
1327 1123 801 0
1329 866 1452 0
1329 1451 1525 0
1329 1452 1527 0
1329 1525 1330 0
1330 1315 1117 0
1330 1454 1531 0
1330 1525 1315 0
1330 1531 1329 0
1331 1322 1324 0
1332 868 1130 0
1332 1333 1334 0
1332 1457 1333 0
1333 1127 1334 0
1334 1127 1455 0
1335 1141 1870 0
1335 1464 877 0
1336 1128 1459 0
1336 1456 1457 0
1337 1128 1341 0
1337 1341 1463 0
1337 1346 1459 0
1337 1459 1128 0
1337 1463 1142 0
1338 886 1129 0
1338 1129 1347 0
1338 1459 1346 0
1339 1130 868 0
1339 1135 1342 0
1340 1134 1783 0
1341 1130 1339 0
1341 1136 1463 0
1341 1339 1342 0
1342 1340 1462 0
1343 1363 1856 0
1343 1364 1169 0
1344 1139 1569 0
1344 1569 1859 0
1344 1842 1788 0
1344 1859 1129 0
1345 1140 1804 0
1345 1363 1343 0
1346 880 881 0
1347 1459 1338 0
1347 1859 1456 0
1348 1119 1143 0
1349 1147 1146 0
1349 1314 1145 0
1350 1150 1351 0
1350 1154 1152 0
1351 1150 1147 0
1352 1148 1846 0
1352 1155 1810 0
1353 1362 1472 0
1353 1805 1473 0
1354 902 1160 0
1354 1160 901 0
1354 1355 1843 0
1354 1843 1539 0
1355 1354 901 0
1355 1465 1621 0
1356 1354 1539 0
1357 894 1157 0
1357 1162 896 0
1359 887 898 0
1359 1149 887 0
1359 1465 900 0
1360 874 283 0
1360 1161 874 0
1360 1168 1161 0
1360 1471 1817 0
1360 1806 1168 0
1361 906 1477 0
1362 1353 1473 0
1362 1473 1475 0
1362 1476 903 0
1363 903 1476 0
1363 1345 1138 0
1363 1476 1856 0
1364 1343 1856 0
1364 1474 1169 0
1364 1475 1478 0
1365 906 1361 0
1365 1361 1601 0
1366 38 297 0
1366 297 1176 0
1366 1176 1811 0
1367 908 909 0
1367 910 567 0
1367 925 910 0
1368 931 932 0
1368 1182 1483 0
1368 1483 1574 0
1369 1185 1534 0
1369 1534 1536 0
1370 1184 1484 0
1370 1533 1185 0
1371 626 1485 0
1371 1485 1372 0
1372 1373 1188 0
1373 1189 1754 0
1373 1372 1485 0
1373 1754 627 0
1374 951 953 0
1374 1191 951 0
1376 355 1196 0
1376 1195 664 0
1377 1268 1701 0
1377 1701 1681 0
1378 1201 1200 0
1378 1269 1707 0
1379 1205 1381 0
1379 1381 1486 0
1380 365 974 0
1380 685 249 0
1381 1206 1543 0
1382 1874 1557 0
1383 991 1487 0
1383 1220 1211 0
1383 1487 1812 0
1383 1793 991 0
1384 700 1385 0
1384 1228 1812 0
1384 1385 1212 0
1387 1388 1488 0
1388 1250 1845 0
1388 1387 1040 0
1388 1845 1488 0
1389 990 1868 0
1389 1793 1211 0
1389 1800 990 0
1391 1403 1224 0
1392 1000 1491 0
1392 1225 1393 0
1392 1393 1490 0
1393 1225 1398 0
1393 1235 1490 0
1394 1392 1491 0
1394 1491 1797 0
1394 1773 1225 0
1395 1222 1491 0
1395 1227 1798 0
1395 1779 1222 0
1396 1229 1699 0
1396 1797 1222 0
1397 1390 1546 0
1397 1779 1390 0
1398 1240 1234 0
1399 709 1493 0
1399 1400 1495 0
1400 1219 1494 0
1400 1399 1493 0
1400 1494 1495 0
1402 393 719 0
1402 719 1236 0
1402 1236 1240 0
1403 1033 1224 0
1403 1391 1018 0
1404 1245 1802 0
1404 1403 1018 0
1404 1549 1875 0
1405 1245 1875 0
1405 1247 1406 0
1405 1407 1247 0
1406 401 728 0
1408 1019 1246 0
1408 1244 1019 0
1409 1406 1247 0
1409 1429 726 0
1409 1548 1243 0
1410 743 741 0
1410 1248 1249 0
1410 1544 742 0
1411 980 981 0
1413 195 755 0
1413 755 1255 0
1413 1258 1414 0
1414 71 194 0
1414 1256 1413 0
1414 1258 1257 0
1415 430 1043 0
1415 1262 15 0
1416 1042 1043 0
1416 1045 1259 0
1417 1045 1416 0
1417 1416 758 0
1419 769 1780 0
1419 1498 1703 0
1419 1703 1054 0
1420 1270 1752 0
1420 1271 1748 0
1420 1748 777 0
1420 1752 1271 0
1421 1274 1500 0
1422 1288 1077 0
1423 793 1801 0
1424 1083 807 0
1424 1293 1578 0
1424 1294 1083 0
1426 1088 1502 0
1426 1427 1554 0
1426 1503 499 0
1427 1090 1089 0
1427 1297 1554 0
1427 1426 1502 0
1428 87 1092 0
1428 509 87 0
1428 1092 1579 0
1428 1504 1298 0
1428 1579 1504 0
1429 1243 1505 0
1429 1505 1608 0
1430 839 1781 0
1431 860 1433 0
1432 1507 1433 0
1433 860 1308 0
1435 1512 1722 0
1436 842 1099 0
1436 1108 842 0
1437 555 554 0
1437 858 859 0
1437 1311 1561 0
1437 1509 555 0
1438 1595 1838 0
1438 1716 1719 0
1440 1512 1515 0
1440 1514 1613 0
1440 1515 1595 0
1441 855 1517 0
1441 1439 1516 0
1441 1516 1563 0
1441 1517 1725 0
1441 1725 1439 0
1442 880 1319 0
1442 1319 1320 0
1442 1320 1119 0
1443 1323 1126 0
1443 1324 1444 0
1443 1452 866 0
1445 1446 1077 0
1446 1447 1448 0
1447 1445 1518 0
1447 1446 1445 0
1447 1453 1448 0
1448 1328 1123 0
1448 1528 1328 0
1450 1315 1525 0
1450 1524 1566 0
1450 1529 1524 0
1451 1329 1527 0
1451 1450 1525 0
1451 1529 1450 0
1452 1126 1526 0
1452 1443 1126 0
1453 1528 1448 0
1454 1330 1117 0
1455 285 1334 0
1455 1127 1870 0
1456 1336 1347 0
1456 1569 1458 0
1457 1130 1336 0
1457 1332 1130 0
1457 1458 1333 0
1458 1127 1333 0
1458 1457 1456 0
1458 1877 1127 0
1459 1347 1336 0
1460 1535 1573 0
1461 1136 1570 0
1461 1570 1571 0
1461 1571 1599 0
1461 1599 1532 0
1462 1340 1572 0
1463 1461 1532 0
1463 1532 1142 0
1464 1139 1140 0
1464 1343 877 0
1464 1345 1343 0
1465 1355 900 0
1465 1359 1469 0
1465 1466 1621 0
1466 1465 1469 0
1466 1467 1840 0
1466 1469 1167 0
1466 1840 1816 0
1467 1166 905 0
1467 1466 1167 0
1467 1468 1840 0
1468 905 1163 0
1468 1467 905 0
1468 1620 1840 0
1469 898 1358 0
1471 283 577 0
1471 577 1470 0
1471 1602 1817 0
1472 903 1356 0
1472 1538 1353 0
1473 1805 1815 0
1474 1364 1477 0
1475 1364 1476 0
1475 1473 1540 0
1476 1362 1475 0
1476 1364 1856 0
1477 906 1474 0
1477 1364 1478 0
1477 1478 1361 0
1478 1540 1361 0
1479 290 111 0
1479 1170 1604 0
1480 593 1180 0
1480 1178 926 0
1481 123 930 0
1481 597 929 0
1481 1181 123 0
1482 864 1794 0
1482 1542 864 0
1483 864 1542 0
1484 1541 1533 0
1484 1574 1541 0
1486 678 976 0
1486 978 678 0
1486 1381 1543 0
1487 1213 993 0
1487 1384 1812 0
1488 1386 1387 0
1489 994 1217 0
1489 1217 996 0
1489 1218 994 0
1490 1235 1244 0
1490 1244 1226 0
1492 1232 391 0
1493 1219 1400 0
1494 1239 1495 0
1495 1237 1238 0
1496 167 729 0
1496 395 167 0
1497 1018 1242 0
1497 1226 1408 0
1497 1408 1407 0
1498 1419 1715 0
1498 1720 1721 0
1499 1421 1500 0
1499 1500 1550 0
1500 1276 1550 0
1501 806 1164 0
1503 503 816 0
1503 816 499 0
1503 1296 503 0
1503 1426 1554 0
1504 1608 1547 0
1505 729 1022 0
1505 1547 1608 0
1506 843 846 0
1506 1612 1588 0
1507 1431 1433 0
1507 1432 1609 0
1508 1103 1431 0
1508 1431 1507 0
1509 1437 1561 0
1509 1561 1724 0
1509 1564 555 0
1509 1724 1564 0
1510 847 846 0
1510 1562 1592 0
1511 849 1110 0
1511 854 1563 0
1512 1435 1592 0
1512 1440 1513 0
1512 1513 1722 0
1512 1592 1515 0
1513 1440 1613 0
1513 1594 1722 0
1513 1613 1614 0
1514 1440 1595 0
1515 1562 1591 0
1515 1591 1595 0
1516 1511 1563 0
1516 1718 1511 0
1517 855 1867 0
1517 1111 550 0
1518 1074 1072 0
1518 1113 1567 0
1518 1567 1447 0
1519 862 1114 0
1519 1113 862 0
1519 1597 1113 0
1520 1449 1566 0
1520 1566 1524 0
1521 1318 1846 0
1521 1524 1565 0
1522 1318 1565 0
1522 1598 1597 0
1523 1125 1615 0
1523 1524 1529 0
1524 1521 1520 0
1524 1523 1565 0
1526 1124 1328 0
1526 1328 1528 0
1526 1528 1814 0
1527 1452 1526 0
1527 1526 1814 0
1527 1529 1451 0
1528 1125 1814 0
1528 1453 1615 0
1528 1615 1125 0
1529 1527 1125 0
1530 561 560 0
1530 1121 1782 0
1531 1454 1568 0
1532 1599 1131 0
1533 1370 1484 0
1533 1460 1534 0
1534 1460 1573 0
1535 1460 1575 0
1535 1570 1572 0
1535 1572 1573 0
1536 1534 1573 0
1536 1573 1600 0
1537 1607 1860 0
1538 1472 1356 0
1538 1537 1353 0
1538 1539 1850 0
1538 1606 1537 0
1539 1538 1356 0
1540 1473 1815 0
1540 1478 1475 0
1540 1815 1820 0
1541 1460 1533 0
1542 1482 1605 0
1543 977 680 0
1544 1249 1411 0
1544 1411 367 0
1545 710 1577 0
1545 1003 710 0
1545 1546 1576 0
1545 1576 1813 0
1545 1577 1546 0
1547 400 723 0
1547 1505 1022 0
1548 1409 1247 0
1549 1018 1497 0
1549 1404 1018 0
1549 1405 1875 0
1549 1407 1405 0
1549 1497 1407 0
1550 1277 1855 0
1551 1293 1082 0
1552 1161 1607 0
1552 1292 875 0
1552 1607 1623 0
1553 1294 1424 0
1553 1424 1578 0
1553 1468 1294 0
1553 1578 1617 0
1554 1087 1296 0
1555 725 726 0
1555 726 1429 0
1556 692 1792 0
1556 987 692 0
1556 1583 987 0
1556 1819 1611 0
1557 1586 1587 0
1557 1587 1585 0
1558 1586 1588 0
1558 1588 1612 0
1558 1612 1589 0
1559 1507 1609 0
1559 1581 1589 0
1559 1589 1590 0
1559 1609 1581 0
1560 1109 848 0
1561 1311 1594 0
1561 1594 1614 0
1561 1614 1724 0
1562 1312 1591 0
1562 1515 1592 0
1564 857 555 0
1564 1724 1596 0
1565 1523 1598 0
1566 1315 1450 0
1567 1113 1597 0
1567 1453 1447 0
1567 1615 1453 0
1568 866 1531 0
1568 1454 1782 0
1569 1139 1877 0
1569 1456 1859 0
1570 1462 1572 0
1570 1535 1571 0
1571 1535 1575 0
1571 1575 1605 0
1572 1340 1783 0
1573 1572 1600 0
1574 1483 1542 0
1574 1484 1368 0
1574 1542 1541 0
1575 1460 1541 0
1576 1220 1813 0
1576 1546 1390 0
1578 1551 1617 0
1579 727 1555 0
1579 1555 1608 0
1580 1556 1611 0
1580 1582 1583 0
1582 1432 1434 0
1582 1434 1583 0
1582 1580 1584 0
1582 1584 1609 0
1583 1310 693 0
1583 1434 1310 0
1583 1556 1580 0
1584 1580 1611 0
1584 1581 1609 0
1585 1587 1610 0
1585 1610 1619 0
1586 843 1588 0
1586 1557 1874 0
1586 1558 1587 0
1587 1581 1610 0
1589 1581 1587 0
1589 1587 1558 0
1590 1507 1559 0
1590 1508 1507 0
1590 1589 1612 0
1591 1560 1838 0
1591 1838 1595 0
1592 847 1510 0
1593 1439 1725 0
1593 1613 1723 0
1594 1108 1722 0
1594 1513 1614 0
1595 1438 1514 0
1596 550 1564 0
1596 1724 1726 0
1597 1519 1522 0
1598 1522 1565 0
1598 1523 1615 0
1600 1572 1783 0
1601 1361 1540 0
1601 1540 1820 0
1602 1470 1603 0
1602 1471 1470 0
1602 1618 1818 0
1603 1470 290 0
1603 1479 1604 0
1603 1618 1602 0
1604 592 1858 0
1605 1482 1599 0
1605 1541 1542 0
1605 1575 1541 0
1605 1599 1571 0
1606 1538 1850 0
1606 1607 1537 0
1606 1622 1876 0
1607 1161 1860 0
1607 1606 1876 0
1608 1504 1579 0
1608 1555 1429 0
1609 1432 1582 0
1610 1581 1584 0
1610 1584 1611 0
1610 1611 1619 0
1612 1307 1104 0
1613 1514 1723 0
1613 1593 1726 0
1614 1613 1726 0
1615 1567 1597 0
1615 1597 1598 0
1616 1623 1622 0
1616 1840 1620 0
1617 1551 1623 0
1618 1603 1604 0
1619 1209 1585 0
1619 1611 1819 0
1619 1819 1828 0
1620 1468 1553 0
1620 1553 1617 0
1620 1617 1616 0
1621 1466 1816 0
1621 1622 1843 0
1622 1606 1850 0
1622 1623 1876 0
1622 1816 1616 0
1623 1551 1552 0
1623 1607 1876 0
1623 1616 1617 0
1625 1754 1189 0
1626 256 29 0
1627 78 214 0
1628 16 69 0
1629 1396 1699 0
1629 1774 1241 0
1629 1797 1396 0
1630 802 799 0
1630 1122 1124 0
1631 14 1633 0
1631 1633 1734 0
1632 68 1634 0
1632 188 1735 0
1632 346 1847 0
1633 188 1734 0
1634 189 1734 0
1635 70 192 0
1636 623 942 0
1636 942 1659 0
1637 345 1665 0
1637 1633 1740 0
1637 1665 1735 0
1638 716 1765 0
1639 163 389 0
1639 1638 1765 0
1639 1765 1863 0
1640 733 1736 0
1641 1638 412 0
1642 205 1733 0
1642 451 1672 0
1642 1733 1742 0
1643 14 425 0
1643 451 1644 0
1643 778 1672 0
1644 451 1848 0
1644 1848 1740 0
1645 1672 456 0
1646 462 1727 0
1646 1273 462 0
1647 467 1648 0
1647 1648 1673 0
1647 1649 462 0
1648 783 1673 0
1649 470 1651 0
1649 1647 213 0
1649 1651 1652 0
1649 1652 462 0
1650 471 217 0
1650 1651 1675 0
1651 470 1675 0
1651 1650 1687 0
1652 472 1727 0
1653 235 177 0
1654 1760 553 0
1655 582 1664 0
1656 308 1679 0
1657 300 1728 0
1657 1679 1822 0
1658 612 938 0
1659 628 1821 0
1660 325 133 0
1660 630 1821 0
1661 544 1662 0
1662 295 1663 0
1662 1663 1661 0
1663 295 1664 0
1663 343 1661 0
1663 956 343 0
1665 345 1709 0
1665 651 1735 0
1665 1709 1710 0
1666 143 959 0
1666 959 655 0
1667 1698 708 0
1668 56 1739 0
1668 735 1834 0
1668 1737 1736 0
1669 1267 1051 0
1670 1780 769 0
1671 771 1733 0
1671 1741 1747 0
1672 1645 1642 0
1674 213 1690 0
1674 1690 1775 0
1674 1691 1823 0
1674 1823 470 0
1675 1280 1749 0
1676 542 1849 0
1676 1692 542 0
1677 552 1759 0
1678 300 1745 0
1678 1728 300 0
1679 935 1822 0
1679 1657 1656 0
1680 310 1370 0
1680 1370 1185 0
1681 671 1683 0
1682 670 1771 0
1682 1696 970 0
1683 671 1696 0
1683 967 1681 0
1683 1771 967 0
1684 1017 1774 0
1684 1667 1017 0
1684 1697 1698 0
1685 1684 1774 0
1685 1697 1684 0
1686 712 1230 0
1686 1006 1772 0
1686 1698 712 0
1687 472 1652 0
1687 1652 1651 0
1688 1650 217 0
1688 1687 1650 0
1688 1720 1418 0
1689 1054 1271 0
1690 1673 1824 0
1691 1065 1706 0
1691 1674 1775 0
1691 1706 1823 0
1691 1775 1064 0
1692 849 1716 0
1692 1676 849 0
1692 1716 1717 0
1692 1717 1861 0
1692 1861 1862 0
1693 269 1862 0
1693 541 540 0
1693 1861 1864 0
1694 927 1678 0
1694 1745 590 0
1695 1190 1758 0
1695 1744 471 0
1696 1201 1707 0
1696 1682 1683 0
1697 712 1698 0
1697 1685 1746 0
1698 1667 1684 0
1698 1686 708 0
1699 1002 711 0
1699 1685 1629 0
1700 472 1418 0
1700 1418 1267 0
1701 1268 1747 0
1701 1714 1681 0
1702 771 1268 0
1702 1268 1708 0
1702 1708 1750 0
1703 1055 1748 0
1703 1498 1055 0
1704 465 76 0
1704 1063 1824 0
1705 1695 1749 0
1705 1706 1279 0
1706 1280 1823 0
1706 1749 1280 0
1708 1377 1711 0
1708 1709 1750 0
1708 1711 1709 0
1709 345 1750 0
1709 1711 1710 0
1711 967 1199 0
1712 773 1732 0
1712 1054 1689 0
1712 1689 773 0
1713 1714 1701 0
1713 1732 1714 0
1713 1747 1741 0
1714 671 1681 0
1715 1267 1418 0
1715 1418 1720 0
1715 1419 1780 0
1715 1720 1498 0
1716 849 1718 0
1716 1438 1717 0
1716 1718 1719 0
1717 1313 1864 0
1717 1438 1838 0
1718 1439 1719 0
1718 1516 1439 0
1719 1439 1723 0
1719 1514 1438 0
1720 1688 1721 0
1721 217 776 0
1722 1107 1435 0
1722 1436 1107 0
1723 1439 1593 0
1723 1514 1719 0
1724 1614 1726 0
1725 1517 1596 0
1726 1593 1725 0
1726 1725 1596 0
1727 1050 206 0
1728 1678 922 0
1729 607 1369 0
1729 1369 316 0
1730 1771 670 0
1731 721 720 0
1732 1713 1751 0
1732 1751 1712 0
1733 771 1742 0
1734 1047 182 0
1736 735 1668 0
1736 1737 1640 0
1737 1668 1739 0
1738 210 781 0
1738 781 464 0
1739 392 718 0
1739 718 59 0
1740 345 1637 0
1740 1633 14 0
1740 1848 345 0
1741 1671 452 0
1742 766 1848 0
1742 771 1702 0
1743 453 1752 0
1743 774 772 0
1743 1200 453 0
1744 1758 79 0
1745 1694 1678 0
1746 1685 1699 0
1747 771 1671 0
1747 1713 1701 0
1748 454 777 0
1749 1695 471 0
1749 1706 1705 0
1751 1670 769 0
1751 1713 1741 0
1751 1741 1670 0
1752 453 1689 0
1753 1625 944 0
1754 1627 627 0
1755 1624 105 0
1756 290 1790 0
1757 455 1768 0
1758 1744 1695 0
1759 552 1760 0
1760 1654 32 0
1760 1835 553 0
1761 35 282 0
1765 1006 1863 0
1765 1766 1772 0
1765 1772 1006 0
1766 160 1772 0
1766 716 385 0
1767 179 1757 0
1767 427 179 0
1767 1757 1768 0
1769 895 1810 0
1769 896 1770 0
1770 892 1156 0
1771 1683 1682 0
1771 1730 1199 0
1773 1241 1774 0
1774 1629 1685 0
1775 1690 1063 0
1776 294 1830 0
1777 957 1791 0
1777 1043 1042 0
1779 1221 1390 0
1779 1395 1221 0
1779 1397 1222 0
1780 1670 1051 0
1782 1454 1831 0
1783 564 1600 0
1784 502 240 0
1784 1089 1090 0
1785 489 741 0
1786 620 322 0
1786 943 323 0
1787 478 1801 0
1788 888 1153 0
1788 1809 1344 0
1789 231 335 0
1789 1293 807 0
1790 577 576 0
1792 691 690 0
1792 692 691 0
1793 1214 991 0
1793 1383 1211 0
1793 1389 1868 0
1794 864 1795 0
1794 1795 1796 0
1795 1116 1796 0
1796 1116 1831 0
1796 1803 1321 0
1796 1831 1803 0
1797 1629 1241 0
1798 1391 1224 0
1799 990 1800 0
1799 1825 990 0
1800 1807 1033 0
1804 889 899 0
1804 1809 889 0
1805 1168 1806 0
1807 1389 1211 0
1807 1800 1389 0
1808 1794 1796 0
1809 1804 1140 0
1812 1228 1813 0
1815 1805 1806 0
1815 1806 1818 0
1815 1818 1820 0
1816 1622 1621 0
1817 1806 1360 0
1818 1618 1820 0
1818 1806 1817 0
1818 1817 1602 0
1819 1556 1792 0
1819 1792 690 0
1820 911 1601 0
1821 628 945 0
1821 945 327 0
1821 1636 1659 0
1823 1280 470 0
1825 814 1871 0
1825 1086 814 0
1825 1799 1802 0
1825 1802 1086 0
1825 1871 1873 0
1826 1099 525 0
1826 1102 1099 0
1827 1209 1828 0
1828 266 1827 0
1828 690 266 0
1829 1081 861 0
1830 100 1832 0
1831 1117 1803 0
1832 100 1849 0
1835 274 1867 0
1835 1760 552 0
1837 1676 1849 0
1838 1313 1717 0
1838 1560 1313 0
1839 545 1851 0
1840 1616 1816 0
1841 810 1284 0
1841 1282 231 0
1842 1344 1129 0
1843 1355 1621 0
1843 1622 1850 0
1845 1251 1488 0
1846 1155 1352 0
1848 766 345 0
1850 1539 1843 0
1851 545 1857 0
1857 551 1851 0
1859 1347 1129 0
1861 1693 1862 0
1861 1717 1864 0
1865 697 154 0
1866 697 53 0
1868 990 1873 0
1869 1127 1877 0
1869 1139 1335 0
1869 1335 1870 0
1871 1254 1873 0
1874 1382 1109 0
1877 1458 1569 0
1879 287 109 0
1880 714 1866 0
1880 1866 53 0

End
