MeshVersionFormatted 1

Dimension
2

Vertices
1888
0.0 0.0 1
1.0 0.0 1
1.0 1.0 1
0.0 1.0 1
0.5 0.0 1
1.0 0.5 1
0.5 1.0 1
0.2352875118900856 0.49826103009920647 0
0.0 0.5 1
0.0 0.75 1
0.25 1.0 1
0.3748858138047409 0.7644747076973138 0
0.7309947567842594 0.7360738580850156 0
0.5399964273747053 0.5033569440772271 0
0.5311355938765872 0.6892635763106782 0
0.6587033169430283 0.6149431109556291 0
0.6840890787215893 0.46191769744639155 0
0.8120322789598614 0.5526485114640991 0
0.7779951661890201 0.44576973469321113 0
1.0 0.25 1
1.0 0.375 1
0.7332704920324975 0.5604468737676387 0
0.5202721449239333 0.2560176406675675 0
0.5568630981717804 0.3844757221986632 0
0.6591729928156073 0.283706938455392 0
0.75 0.0 1
0.625 0.0 1
0.6981199226848454 0.13851685613026493 0
0.38309354758316755 0.3626171812985219 0
0.4781409245794929 0.4153969105558542 0
0.25 0.0 1
0.3696802278049357 0.200029981493471 0
0.36553988903899715 0.48832241676936344 0
0.5402295405960515 0.6230930665368438 0
0.6264232040580908 0.6956437285730183 0
0.5478304211847473 0.8553947092272497 0
0.75 1.0 1
0.625 1.0 1
0.48737037039333087 0.7747725078660089 0
0.375 1.0 1
0.29043604402015133 0.8733292991341431 0
0.1589251464738765 0.7133950505971494 0
0.11342087000904663 0.8802907972743232 0
0.125 1.0 1
0.0 0.25 1
0.31047074492483084 0.2802738645259205 0
0.24475904346509755 0.3871111025774096 0
0.0 0.375 1
0.12227271166709028 0.5088044567476612 0
0.1879504578460007 0.5948064488502612 0
0.06435303394722892 0.6340003213297757 0
0.0 0.625 1
0.125 0.0 1
0.08798667543255334 0.15638553349575932 0
0.0 0.125 1
0.4789071502734697 0.1417624450819129 0
0.375 0.0 1
0.37563228001466764 0.10584766498973937 0
0.5754181175927781 0.15481094194873035 0
0.8610066865626311 0.14941023012716617 0
0.8508953423202165 0.24662292044657186 0
0.7809222296359122 0.18640840470397155 0
0.8896948765515541 0.47240285879876265 0
1.0 0.125 1
0.875 0.0 1
0.11782723185976336 0.7700118257144158 0
1.0 0.75 1
0.8665615779590993 0.6943886698020143 0
1.0 0.625 1
0.9130238203066385 0.6051308244153537 0
0.7746658170806034 0.6464185770726333 0
0.8375284068937675 0.8551294681023798 0
0.903417673841351 0.7843074866204349 0
1.0 0.875 1
0.6941521005016865 0.8434637700192246 0
0.6122193790979101 0.9052960212703104 0
0.875 1.0 1
0.0 0.875 1
0.4872264757152738 0.5375618767534064 0
0.6823720980517745 0.6491478356099897 0
0.5768636886689087 0.5585285995361127 0
0.6002226318829826 0.4933387601874853 0
0.7252241827718762 0.400183955502279 0
0.7854020870760801 0.4053514559678608 0
0.7345206969591958 0.4481511369871444 0
0.8081852698753349 0.5044245325609455 0
1.0 0.4422190294670763 1
1.0 0.31203085419151894 1
0.8208164963063954 0.36141912945285004 0
0.8184957319446446 0.41186638369988615 0
0.694339427837649 0.5807108280496689 0
0.5546119181900788 0.4506218432466562 0
0.5960963235584392 0.42126791058297547 0
0.564615134590169 0.31676025570328487 0
0.5872488707080954 0.3407441179735321 0
0.6869554443840794 0.0 1
0.5611381857759266 0.0 1
0.6728877292752006 0.21033663627759205 0
0.6564675755494619 0.05078119227595999 0
0.7095668716008057 0.05798061453335034 0
0.41592036934158066 0.39655043091724884 0
0.4914295034762048 0.286694599501404 0
0.43105524404822776 0.3275877142662059 0
0.43410311731251866 0.21108804851076507 0
0.30402045907777825 0.49138745369458336 0
0.3641924370887205 0.5125713551271696 0
0.376452543853973 0.42722647836695 0
0.4175702647820033 0.4472193998265429 0
0.554321291338636 0.6558566878675903 0
0.538063636485207 0.5582049553676373 0
0.6100335552700082 0.6056760745536951 0
0.6707570879697003 0.7079998118245775 0
0.5343871274125103 0.9253945434379179 0
0.5657135382000757 1.0 1
0.6860294960970899 1.0 1
0.5223649595786329 0.8366197302744508 0
0.3132939193901948 1.0 1
0.44211301323478275 1.0 1
0.4676008635842917 0.8824037204503956 0
0.4083634611073218 0.9325344356618793 0
0.41068098737370434 0.8282376820809833 0
0.3346372177855273 0.8056670844408645 0
0.37707398391640734 0.875435677621897 0
0.29160201175697925 0.8227803320733054 0
0.3355573974662681 0.7686445596258825 0
0.2252665213155546 0.7293457484787813 0
0.14284696812274963 0.9283447820362336 0
0.27787493138818137 0.8973567084098761 0
0.3436503431446519 0.32841822545797306 0
0.3411541856973501 0.22654184439227007 0
0.25329472678097054 0.28774153358130167 0
0.25049232920726133 0.4408228731977816 0
0.2157228325412963 0.343153754783731 0
0.2649833712002123 0.3388192657013055 0
0.05710119766553071 0.4687159753522216 0
0.14021691654693905 0.3377918934895747 0
0.0 0.31157575316862207 1
0.0 0.43873785059652026 1
0.11765348269927695 0.45993968093787885 0
0.057198573003861025 0.5041252900076827 0
0.18125614046342436 0.5048217569745943 0
0.18383316113926865 0.6656672780088575 0
0.23435239463769675 0.6168846518145313 0
0.15411344659799836 0.5569713057056402 0
0.2161900113873002 0.5411658751971304 0
0.03608389493304143 0.7006550385234843 0
0.09524826570053611 0.5585015311823531 0
0.12204160110644716 0.6904369620754527 0
0.0 0.563426307960453 1
0.0 0.6872820792411174 1
0.034050769123291115 0.6361563801463963 0
0.13876326904835792 0.28711049395536054 0
0.07907779077591255 0.3589800568458265 0
0.1864508424066982 0.0 1
0.05722330755094774 0.0 1
0.04881370680004522 0.2103689125632925 0
0.14861187569147327 0.21879632320025016 0
0.0 0.05927046291736705 1
0.0 0.18429860330611567 1
0.026621060234983868 0.14256037614790354 0
0.1399943213517824 0.11521192870612387 0
0.5092619860968501 0.04897938698418972 0
0.500012884278156 0.1882321559334971 0
0.42869086583237503 0.15918226819536618 0
0.43641729886956365 0.0 1
0.3155876903920863 0.0 1
0.305055738431643 0.10999942806807451 0
0.35781498912216103 0.053175073134235154 0
0.6433500087166208 0.1518859288185755 0
0.5575383093226863 0.2131573968691154 0
0.6076630797479408 0.031590978610920924 0
0.5619801748242181 0.10372465004596147 0
0.28315744296726597 0.5196551073876736 0
0.3519916763998608 0.5513013439467064 0
0.9539492840564617 0.2089555218743628 0
0.8049877336724275 0.3015806163927031 0
0.855987372107908 0.1919397033790523 0
0.7312683879103921 0.1635677964283736 0
0.8192265275068988 0.157477666355413 0
0.8147947773236325 0.21790166802619437 0
0.8599730944779425 0.5147254558566112 0
0.9684174118540804 0.486121610801545 0
0.4965924370314534 0.6800438024242016 0
1.0 0.18699688307028783 1
1.0 0.056331248302178866 1
0.945639951645265 0.1139140325791863 0
0.9436687516978212 0.0 1
0.8105175492643906 0.0 1
0.8730772500033783 0.05014038990250663 0
0.14549269615217483 0.7350086660197337 0
0.11083891597469062 0.8339772311980231 0
0.9628654727857391 0.7070541331924888 0
0.8035523154019427 0.7053189917663177 0
1.0 0.6893550265339663 1
1.0 0.5624310882726953 1
0.8571446324819011 0.5937184261143313 0
0.7520133841388553 0.6783481336425655 0
0.7457418575397881 0.6070395705825681 0
0.8100394780239392 0.6047465581234285 0
0.8491757810206323 0.6692521475879234 0
0.7813277460477249 0.9296064521072495 0
0.8060248583423081 0.8009174782321672 0
0.9726375558173129 0.7531668598819187 0
0.8922888008486034 0.7274092816675298 0
0.8839702225202667 0.8372794354202854 0
1.0 0.9384514824165155 1
1.0 0.8148302554800269 1
0.7312741150641989 0.9388232708646318 0
0.6344292494321427 0.7340062741505308 0
0.6627316115861017 0.8286379463495512 0
0.6413659035914545 0.9623386937851562 0
0.6438610634361567 0.8791170586005502 0
0.8137682116370647 1.0 1
0.9387358609112217 1.0 1
0.934476487549352 0.8821539126622475 0
0.9061681083494639 0.9594009301421949 0
0.8784514392467568 0.9014349683780449 0
0.0 0.8126964814291718 1
0.0 0.9397331090245341 1
0.03244808162202954 0.88484365201881 0
0.5205061569067246 0.5254240523731191 0
0.44104744813349495 0.5583928766820263 0
0.7054131126891996 0.6786761868649963 0
0.7379998617499229 0.6446654870058084 0
0.5565065587605267 0.5269433519609712 0
0.554894354221988 0.592828156223906 0
0.6271855690429314 0.5803783965742864 0
0.6307269915194439 0.4734839798320072 0
0.5674849885436625 0.49940097129620675 0
0.5933001889209166 0.5228468804405219 0
0.69233041344923 0.43046951942507955 0
0.7753369270730345 0.42449587484803214 0
0.7714231472318246 0.3729729147490737 0
0.7480675606882965 0.4020132878844535 0
0.71993028386144 0.426709084114451 0
0.7120838265224685 0.45206325618777604 0
0.8150854477610284 0.5274502919308863 0
0.8004053948077448 0.48251755497729104 0
1.0 0.4721193550414826 1
1.0 0.40997600015630414 1
1.0 0.34339637158416675 1
1.0 0.2808998931818698 1
0.851108283115191 0.3568279767679085 0
0.7874496250796371 0.3463232063756111 0
0.9745140658360207 0.3822302712026516 0
0.9176200005573354 0.3971269305313796 0
0.7953009545041887 0.4386655225889423 0
0.8563127472530216 0.3932862051035116 0
0.7981261179241618 0.4186409728053176 0
0.7150678644945472 0.5334261216829498 0
0.689374612951787 0.48635980390130107 0
0.7158219026889884 0.5795930727560238 0
0.7032380738160459 0.5586832950163556 0
0.7946663437772019 0.5402560432133122 0
0.7568104962261095 0.5537783322778851 0
0.5608177272836753 0.4174458106834186 0
0.5446205677411208 0.4817360910319823 0
0.5714694341920047 0.4706042437740768 0
0.5785371445686863 0.3974646361716554 0
0.6335020449558626 0.43774824034764737 0
0.5407261010939326 0.2706815789227341 0
0.5049417899368985 0.30645061290814657 0
0.5556657494703796 0.3533227562479859 0
0.7262956816348699 0.3237000076131647 0
0.739493781023597 0.2597162106756635 0
0.6919950474068914 0.30470093647247887 0
0.5825289947479241 0.3732217478848581 0
0.6051427771673392 0.39056365198476006 0
0.5442646711957034 0.2502202742282052 0
0.5603521854050179 0.28854139709219095 0
0.71833919801289 0.0 1
0.6558439427260196 0.0 1
0.5927135998148165 0.0 1
0.530243274769689 0.0 1
0.5771038500832769 0.025247901613217712 0
0.626718910153776 0.19098376521954086 0
0.6631842621070728 0.2446420798792141 0
0.6414544215114011 0.02796871363811571 0
0.6039319903946141 0.06518690854234789 0
0.6555047979608027 0.09054746429749519 0
0.6703513525200944 0.02611929848040841 0
0.6845456584517802 0.05304743152674595 0
0.7292746539998489 0.043259038247508166 0
0.7012066981790107 0.09653074620219007 0
0.4859693911253582 0.5044291916004525 0
0.5197066743310086 0.489623284278609 0
0.5267541415812301 0.4593383298489345 0
0.5307030080455506 0.4313655727703972 0
0.5309298116025994 0.4000407705960174 0
0.40827500301480496 0.36720040293846873 0
0.44579259390946285 0.40736844868108774 0
0.47525531608664356 0.30749377328587635 0
0.4613071473259702 0.3355334456063332 0
0.40622799778726765 0.34009158790380434 0
0.46186107684710737 0.3886398197811231 0
0.482810757872164 0.3822774135204913 0
0.4783699566891914 0.35590697499703705 0
0.4376323958773062 0.37966094256363697 0
0.47705925585688186 0.23169205878746219 0
0.4137120976638911 0.21558946879182814 0
0.33715339041704745 0.46864053940818406 0
0.2661470071992075 0.490544474456802 0
0.31724692148030215 0.5234847921631408 0
0.34068466675190795 0.528749221870111 0
0.37168311636766777 0.536405822910171 0
0.42782831139350264 0.5285906762747469 0
0.3870763307493977 0.3942579233307902 0
0.31978826393406823 0.39517597005134514 0
0.3715781870469706 0.4581191064582137 0
0.4032840698270577 0.4284257498787295 0
0.39177602712070725 0.44693463889555596 0
0.45041899758849996 0.4406723624663869 0
0.3994109409725383 0.4753878506062385 0
0.6423291737442872 0.5997341214812308 0
0.5767518538602107 0.6245083518488619 0
0.6508403737884256 0.6977661032198229 0
0.6939483400122117 0.7139312626206015 0
0.6856973874145049 0.6708704590812136 0
0.5695252837029803 0.6900538555302065 0
0.664143964084971 0.6383948579424426 0
0.6365345169799913 0.6224067674363546 0
0.6424436927554813 0.6746633830238108 0
0.5554207859738814 0.8862551722689318 0
0.5767586722573419 0.9183485975894708 0
0.5530754816879221 0.7129753625716605 0
0.4986931124584932 0.7438493769436929 0
0.5287057096494814 0.7251644009195255 0
0.4481499622381132 0.7599407391731187 0
0.40427773427806035 0.7757688172685127 0
0.5134013780094484 0.7761872689089722 0
0.5031295838497056 0.795616107219064 0
0.2818505221751084 1.0 1
0.34434043697595146 1.0 1
0.40988800476713155 1.0 1
0.47204721847276226 1.0 1
0.5267920544991064 0.8744135472338699 0
0.39301138774487215 0.9715327498859427 0
0.38322328291276514 0.7941930037638371 0
0.4292905000246708 0.8705039554916152 0
0.40812160554231897 0.8016307050005972 0
0.2911708717671261 0.922098395121124 0
0.24554027541777862 0.9073202363313816 0
0.3526396255830298 0.784021000565088 0
0.31711246780927865 0.7988674495014602 0
0.31524050171432555 0.8391769942674234 0
0.38149909489691547 0.825992381864696 0
0.40679231897087625 0.8870735283442703 0
0.40428066949557545 0.8562159626879065 0
0.33346258760742903 0.871778089373893 0
0.28118075671261206 0.806026701795723 0
0.28423419886292883 0.8386015484344203 0
0.3532489204943314 0.7599303632255175 0
0.2718481516916717 0.6865087097129547 0
0.20429133083909176 0.6968447088080856 0
0.2259369785021435 0.7090022048719429 0
0.3927011299889862 0.5925463299352945 0
0.3664681825880105 0.7346031417357755 0
0.33725308118443675 0.744657925771688 0
0.028502209205696016 1.0 1
0.09076944349240575 1.0 1
0.03407010284667405 0.9627882373093029 0
0.15459615148370853 1.0 1
0.21701453398883444 1.0 1
0.11498973447373315 0.9817147391100471 0
0.0822782841197209 0.9631811740624027 0
0.2173150172893361 0.9189432049281304 0
0.24473769837564502 0.9454353399904937 0
0.271137905076185 0.8737755034917718 0
0.13032256151393756 0.8652140550084066 0
0.3333595867647685 0.31093557868754446 0
0.357608304766206 0.34975366852650497 0
0.3791216413596616 0.3411849258878334 0
0.33962282569122976 0.2556664843251855 0
0.3478435874328468 0.27359780758773417 0
0.3517828291229424 0.21057089792934838 0
0.22595029567867855 0.2720498023754257 0
0.2747926795438528 0.2893050924566123 0
0.25502151390671624 0.4132352568538405 0
0.24260884311794342 0.4751493754268785 0
0.26149754716887563 0.4602294667745578 0
0.20596222078937673 0.30083684743096056 0
0.2247451299403839 0.30766567960207314 0
0.24120960759845636 0.34455626072212986 0
0.28995328141777477 0.29871940761448373 0
0.2567872939599922 0.3623804518828 0
0.30604459868616984 0.3236114053194248 0
0.07700845930933216 0.41152745630221044 0
0.028772529071546867 0.4830354323606402 0
0.10138283249731007 0.3802974257202104 0
0.190766960602843 0.3492719919953192 0
0.0 0.28056358582189705 1
0.0 0.3430499176085324 1
0.05373261274121301 0.31593362013224296 0
0.0 0.40719079867750974 1
0.0 0.46966628068952115 1
0.030773122466633586 0.45566676462605604 0
0.02394887642623414 0.38955736531685997 0
0.12361501804252785 0.48756065032412516 0
0.10641879187377327 0.43362823504084236 0
0.08480577655640278 0.45425537341806926 0
0.08487370813479915 0.5092263443004544 0
0.21026514579237482 0.5008779879508954 0
0.1600155363879338 0.5102560056215634 0
0.18755715797388903 0.6230718466433928 0
0.1834632699237022 0.6882912648328544 0
0.2038105018151694 0.6743404232784431 0
0.20868854173813167 0.6064415649033885 0
0.13907723878580494 0.5287407343599492 0
0.16996096010070244 0.5794954109525533 0
0.17150114808245212 0.5317765609704876 0
0.22691365127776794 0.5211398332596296 0
0.19985814980065075 0.5258269955905919 0
0.18967141252367117 0.5720720282233744 0
0.21819105880386805 0.5657829307530639 0
0.052259726364976805 0.6657019743092344 0
0.03221855468673794 0.7340382567225973 0
0.10712438941001386 0.5268116066823108 0
0.07585146111541113 0.5322044925404033 0
0.0856717269041197 0.5854537311382237 0
0.12319705610001219 0.5554646101733156 0
0.14418920408545763 0.6797495650877651 0
0.16355988570190758 0.6721454929236971 0
0.08584154401008261 0.6571010630995041 0
0.11004718845444802 0.7252265213409477 0
0.0 0.5319516591778628 1
0.0 0.5944379299323239 1
0.0 0.6560869385193503 1
0.0 0.7185861786864963 1
0.05528375143268469 0.2843666955498703 0
0.11008472947934833 0.30171937806704274 0
0.13968911832484618 0.31778653441146026 0
0.06853916385241177 0.38174349912606076 0
0.10528219136140908 0.347123031313295 0
0.09860087444322502 0.3206368163509613 0
0.21795423315188267 0.0 1
0.08955771856545082 0.0 1
0.061650834355498146 0.18360710976284547 0
0.024734863603513985 0.23105535692845594 0
0.05127829163897761 0.2406990899514804 0
0.11418529941093457 0.030964058385818484 0
0.07959722302347612 0.03297993456836612 0
0.1351374826695025 0.0525836302996083 0
0.15713702694247503 0.23839163646730366 0
0.11933230567673898 0.16539603576714362 0
0.14376925606102633 0.2561036336378261 0
0.10263299603335978 0.2087843695633856 0
0.0 0.09124167638332063 1
0.0 0.1539283551567687 1
0.0 0.21626430051872203 1
0.02325664328502951 0.19953654727119002 0
0.3473182251072237 0.1916835258519164 0
0.29219846878153827 0.0853790057560995 0
0.1957876216155784 0.05644529908403914 0
0.13688809706912886 0.0247104586813615 0
0.15048416696940947 0.08886857575362984 0
0.1100851824277703 0.13027139237528412 0
0.1822832739773659 0.0867740130499589 0
0.5101699017282906 0.08018924955937143 0
0.532718672522307 0.04211476343517298 0
0.5172528705848801 0.023891443062011197 0
0.5081334244459924 0.2047949466795767 0
0.4872197329730559 0.16428403678777953 0
0.4610651580359791 0.20889136055810445 0
0.42052062882286095 0.19755528659435884 0
0.4468335026701044 0.13624194413926985 0
0.46792849421533866 0.0 1
0.4838175826821293 0.027210346903001673 0
0.3459918209706445 0.0 1
0.28364442423366726 0.0 1
0.32962964265244227 0.11169615294298325 0
0.2665120075769355 0.12595765604627893 0
0.3011753313076596 0.15103288067354628 0
0.3319701328176518 0.030474972891707253 0
0.3504878871465789 0.08759536874146796 0
0.3693576567640362 0.18294027663461282 0
0.3531993419949042 0.11522933371780496 0
0.600547544339938 0.16333038730397662 0
0.5304983744772815 0.21438886761573084 0
0.5625195726749805 0.23818482653555162 0
0.56277608972906 0.19219601750520124 0
0.522288036694714 0.19262308739114395 0
0.5058847389050001 0.14070951130012976 0
0.5138823697386915 0.17049839112753903 0
0.5557223626119153 0.14644540882118284 0
0.5867516281568911 0.04627351322498181 0
0.5691204719280213 0.12855933186659702 0
0.5942605392866858 0.13824910462369985 0
0.5592602468350927 0.07859185279383862 0
0.5392638661838944 0.12602065699850273 0
0.2533337621911036 0.5220603362358305 0
0.3696779404613379 0.5679681992476903 0
0.3570680743773729 0.5942296184901222 0
0.3170174713753551 0.5743616471018798 0
0.903262836090201 0.1716893016752376 0
0.8333387394049488 0.2712951637925039 0
0.8124925784198052 0.33124893521096804 0
0.8598432197111737 0.2771112656685554 0
0.8511594251680085 0.2201531505437137 0
0.6981646496768821 0.15264359502960295 0
0.6894559958038285 0.17675864544256067 0
0.767934514534502 0.10428310930787173 0
0.8451524896233942 0.15087839134302528 0
0.8400986476179737 0.17351326155771835 0
0.8323390067342288 0.24024058314198557 0
0.7978721133607265 0.20147939811705182 0
0.8099944614189457 0.2644247913729946 0
0.8381647435080872 0.4740066515250399 0
0.8336660633935286 0.5097577575745331 0
0.8754828422736692 0.4950116891228577 0
0.8402204797529558 0.5391443204663372 0
0.9443346103372136 0.5545046497927892 0
0.9363152722998481 0.49901658791152526 0
0.8960560112734751 0.4013054384434677 0
0.8588513987365017 0.4401485196285079 0
0.9057862621016736 0.45088897777910825 0
0.39790424687874104 0.7494055627906361 0
0.42754122657972965 0.7581715241630445 0
0.5117146848038828 0.653735833025023 0
0.4976525210385122 0.70763432490076 0
1.0 0.2183706270795248 1
1.0 0.15587467714958292 1
0.978672192745065 0.19908450718464799 0
1.0 0.08879974406794598 1
0.9733477091535293 0.11370181365849501 0
0.9792987028422535 0.06145320659498285 0
0.9380266987671977 0.16803723346112975 0
0.911200255932054 0.0 1
0.977378251059962 0.039443540186676576 0
0.8422310925131249 0.0 1
0.779793984825245 0.0 1
0.8616433053376457 0.023955848740642053 0
0.06203304738387354 0.7570458430307179 0
0.0853797073840134 0.7670654807084314 0
0.0292659886037497 0.7678495636674516 0
0.1581193664370458 0.7285737146821838 0
0.1371176773033056 0.7537606276203935 0
0.17359909176363117 0.7367142698789938 0
0.11116494056029808 0.8575613593400737 0
0.11530854034743006 0.8116399601459331 0
0.9239577873401013 0.71173892439092 0
0.9403527644559903 0.7405414626389294 0
0.7744145125696549 0.7091529664659215 0
0.8437009519499175 0.6999263584704941 0
1.0 0.7201142475283863 1
1.0 0.6576693135825046 1
1.0 0.5936982781877245 1
1.0 0.5311983541689584 1
0.8824589215117377 0.6078930324735575 0
0.8346251293948865 0.5686577868976879 0
0.9706399493090025 0.5783706305124172 0
0.9172606742545303 0.6329961016216663 0
0.8834146161522373 0.666168417868709 0
0.889266375024887 0.6359876632285416 0
0.7624084955404744 0.6618443869893667 0
0.74206827850202 0.696400439512745 0
0.7801149936662236 0.6929915803580606 0
0.7360969877195576 0.5884187581562672 0
0.7622988909769922 0.6239567198111113 0
0.7671181106213579 0.6034399245281687 0
0.8110872438046554 0.5784342160918438 0
0.7875074232546438 0.6192063125887103 0
0.8302416097622467 0.5898967925347663 0
0.8649605615572351 0.6468338934152847 0
0.8180600145409838 0.6572563757150882 0
0.8245077537006036 0.6839223493126323 0
0.8147402930873755 0.8971328366395385 0
0.7736330918932398 0.7516318655111535 0
0.755264033419814 0.8310393527002098 0
0.8377231325702799 0.8310937110663306 0
0.8228096053893851 0.7541228060307317 0
0.8957298504119089 0.6996528785588029 0
0.8581532868191057 0.8479628717454124 0
0.8596908500799072 0.81885238194529 0
0.918374239397001 0.918704280265375 0
1.0 0.7830421546229348 1
0.9694886374264435 0.7935819471700911 0
0.7099443598075089 0.809344687266436 0
0.6580424086644019 0.801325540151357 0
0.7593552486568371 0.9598929784216335 0
0.7640269747862709 0.9037584981297809 0
0.728742355957192 0.9018754521791399 0
0.7188975403827527 0.9626393878732933 0
0.6009410218597363 0.8296902474404733 0
0.6357537692212638 0.7116753813090434 0
0.6160512774994942 0.7175110793402807 0
0.6312840211402823 0.7595181055357195 0
0.6533722231235904 0.7199416958420676 0
0.6830663215444446 0.8142954330951725 0
0.6343151396457228 0.8174809524900728 0
0.5992092747221289 0.9736351665101084 0
0.5766169030820566 0.8600149072106441 0
0.6673925330129876 0.8569522596925782 0
0.5832941268707214 0.8868906057084388 0
0.6539957731965337 0.9235016962094775 0
0.798134912648531 0.964237429946295 0
0.9045829638104684 0.8850931709929893 0
0.8861059164148668 0.9339881899891169 0
0.8536842311227296 0.8761703157499114 0
0.0 0.7813976705188159 1
0.0 0.8438970528385664 1
0.0270170138381516 0.799293644228983 0
0.0 0.907965625299955 1
0.0 0.9703858199228946 1
0.06149394465545563 0.8737319299489645 0
0.07090147102522851 0.8511393104087153 0
0.4253021170635271 0.5786054570514061 0
0.5230570377297862 0.588832540389707 0
0.703728540699387 0.6614563169804059 0
0.6891037993089159 0.6919934436334285 0
0.7143856795916993 0.700153988908094 0
0.725471807182896 0.675424107700211 0
0.7537824749895888 0.6424168987809658 0
0.7425451375600565 0.6279868286705078 0
0.7071002533443099 0.6417440534483512 0
0.7426661086709644 0.6599648513652646 0
0.6722853732559284 0.5932409600580488 0
0.6178878830380261 0.5551765204686878 0
0.7496480467768816 0.3539070159496726 0
0.7013331569812269 0.408352754064825 0
0.7795164386675496 0.3898529590116398 0
0.7654585490065717 0.3582230000554577 0
0.7538603501541813 0.369018199122068 0
0.7552766248936403 0.4209584710956609 0
0.7678905290898262 0.4051192010747577 0
0.7396262421602015 0.3849021470578731 0
0.7368134438814226 0.41629517931464055 0
0.7571951247091888 0.44269267223207914 0
0.7689823226706197 0.46451253742722926 0
0.8708393457059537 0.36571639443743453 0
0.801099787530135 0.3565878221178544 0
0.7742524054758507 0.34508487481145694 0
0.7819880855229749 0.35881125912770173 0
0.8099021784759483 0.37619472838759715 0
0.9769671578983239 0.3535381441763738 0
0.9365906539330645 0.3104243688167426 0
0.965208094787119 0.4093320488258579 0
0.7936699032882686 0.45998536845090443 0
0.8397446008359549 0.40498498274686 0
0.8680589183903882 0.38358827151409025 0
0.8546505215335545 0.37528479018373023 0
0.7152465336133259 0.48838773104114735 0
0.7227534108454532 0.4693860442907023 0
0.7002857906537278 0.5093137149771297 0
0.7850281618215829 0.4968907487189794 0
0.774000163876901 0.5373345443841471 0
0.7452150056391742 0.5311147028460675 0
0.6520835884171599 0.4149978819631375 0
0.6770266399202258 0.4053701493146065 0
0.5132900167438651 0.28037364760385813 0
0.49516011218017353 0.3349655794435698 0
0.5238780893625102 0.3453738805692421 0
0.7223497888034331 0.310310381707761 0
0.7224295332160215 0.28369600730213645 0
0.7454080991402151 0.22586061463673562 0
0.7665659263187462 0.2880455128186587 0
0.7120707456929183 0.2458261808933206 0
0.6728811861974957 0.2934143967784228 0
0.7210181534999613 0.3779327804793079 0
0.7170514069468741 0.3543848460052553 0
0.7038201978227495 0.3375022725099063 0
0.611655684856508 0.3620688655658708 0
0.626689888799735 0.40579245312581314 0
0.6511039399267975 0.30257873456172163 0
0.6008055838321458 0.31560016722227474 0
0.5672420022037965 0.26122858432049856 0
0.5814920369536454 0.27963266541808246 0
0.6232919223364044 0.2972568669341332 0
0.5946760886036699 0.26137233407134214 0
0.6395653493894142 0.27934651933044913 0
0.6759031692435141 0.1914665208669361 0
0.6855762725361927 0.16076475037871665 0
0.6520715887016603 0.17060562204378713 0
0.6258931701534495 0.17132464683175594 0
0.6361325607795509 0.258094055629041 0
0.6696833639323538 0.2277925379839108 0
0.6563390248713956 0.2640477098545718 0
0.6738596839117154 0.2744503496103297 0
0.6295486392047753 0.05298333831571048 0
0.6252183957534879 0.07674811404736323 0
0.5783678964912194 0.06281641198848874 0
0.5849439068569835 0.08565351456525977 0
0.6453424803480656 0.07214743745198986 0
0.6912401109372652 0.12692225099009932 0
0.7045647036101497 0.0260534162340257 0
0.670554018693202 0.07353281706926044 0
0.6924421977398626 0.07453602617098513 0
0.6789061359754995 0.09606271868357691 0
0.7153430158362497 0.07971154096676454 0
0.7052694066936968 0.11424491679161486 0
0.49542914920836617 0.46983456853238065 0
0.5051339352027864 0.4386133742106215 0
0.5116162629654056 0.41529582793745295 0
0.5282310855019215 0.37036520688531893 0
0.4334933572259151 0.35003590617405345 0
0.5032503218941403 0.36371129148895975 0
0.3970438244095408 0.19965489838335793 0
0.4900818314684443 0.25941609290902407 0
0.33814024373356005 0.5048686245552979 0
0.4198324793823539 0.49657976476818616 0
0.4610871205612373 0.5284263343045831 0
0.39419388509934417 0.5118655065506457 0
0.3495019126528088 0.40670376914746614 0
0.27151379941328596 0.38541088070394647 0
0.4793215119631105 0.44853592699591616 0
0.7129629931393618 0.7231020771723371 0
0.6682977356510977 0.685949399945268 0
0.6006712821415172 0.691993435950631 0
0.638513460263994 0.6522845075149145 0
0.4998481894302467 0.8988157499792491 0
0.4709255758218107 0.9177233807373499 0
0.6084979412644352 0.9441519704122527 0
0.5303441620749328 0.7526131986504303 0
0.5008824845759164 0.821542279275986 0
0.4931584885393443 0.8560437475561433 0
0.4576968651939216 0.9698439654542933 0
0.44275554239545295 0.9394668496689879 0
0.4354480810380981 0.9052154196193292 0
0.43514217564651814 0.7870182585350386 0
0.30198252743639453 0.8967057840360247 0
0.26917623098838994 0.9255570728564946 0
0.29584056223336164 0.9751882037080774 0
0.3081275025230179 0.9461826979171276 0
0.3311954221166869 0.7860417667989992 0
0.3019697945410294 0.8099593503952623 0
0.3075892010316417 0.8222721512589125 0
0.2999034453454051 0.853846713458163 0
0.35883580371791823 0.8111439810465353 0
0.33872501035801494 0.8255130338726423 0
0.3192449513247951 0.856905623934536 0
0.3098107837295488 0.8740961573907493 0
0.26915026979128615 0.7910648467727852 0
0.27650534841401186 0.7717035446124549 0
0.25883010885713936 0.7739364043360957 0
0.25251678721084064 0.6833930724304947 0
0.3479543405679414 0.6463562470077572 0
0.347278293266642 0.6934655699404941 0
0.32982337479455087 0.6696200296979069 0
0.31532207742589985 0.756923446549539 0
0.23892117453563486 0.9733628525255165 0
0.2119158568812808 0.9558177134064938 0
0.18277009777632444 0.9781439903522777 0
0.1369091656420916 0.8902719027881297 0
0.11346177362502322 0.946188107530212 0
0.08572416096571658 0.9247816360454283 0
0.26470898334139964 0.9739970578701312 0
0.27194110978879715 0.8233899811895974 0
0.1639920345966651 0.9074582956068685 0
0.32170204067692326 0.2965481419268286 0
0.34005934135345506 0.37562173033366725 0
0.3645750130116443 0.32709323926661127 0
0.3447326558457373 0.29195940366973366 0
0.3505558320966415 0.3127217642975119 0
0.38155963430874934 0.2459739518082488 0
0.36922060282209956 0.3000156730244044 0
0.2436950162789767 0.27877820400589753 0
0.29250464300486845 0.28392310540949606 0
0.30833995507209555 0.4629697630988143 0
0.30117834883094996 0.43916500370638817 0
0.2177314501412857 0.29206776033098975 0
0.21072186064633078 0.3193432350574805 0
0.20402794355284684 0.2781958795931395 0
0.23680883084228854 0.2938241027381713 0
0.24623572207340783 0.3276805185581605 0
0.2299430550886006 0.32592767408443957 0
0.3035412359175917 0.29302737854968774 0
0.27428041423559546 0.32248788047730403 0
0.30556580865683935 0.3075104251276231 0
0.3160557439700736 0.31359562882578573 0
0.289618768065679 0.3167094231079888 0
0.32218556824364014 0.32833341803237504 0
0.2867387206680515 0.3348025101310306 0
0.048750133334927837 0.4006627748864072 0
0.1983999484657767 0.33140446774645216 0
0.19189558729221284 0.31500882424757126 0
0.165200535019874 0.35112956253732047 0
0.024014135137423436 0.32891906951616745 0
0.026859007292328194 0.2966571338253674 0
0.0832041494957563 0.3024887428411611 0
0.2098584704932613 0.45316034440585895 0
0.10247555404601716 0.47728468320655537 0
0.08260359756115172 0.48713109737434696 0
0.22085508839384682 0.4757596946214258 0
0.14380796825667647 0.49949386047108807 0
0.21119856207309667 0.6278010619248401 0
0.2548780191618775 0.6404437688711773 0
0.28212962923996737 0.650525555628562 0
0.17364122868804935 0.5569961923014336 0
0.20480126140917482 0.5847177243640811 0
0.2675436375771 0.5812934879057456 0
0.22870314949620327 0.5919599019351868 0
0.027629221042827293 0.5481387412904244 0
0.05505713163429904 0.6041464690123597 0
0.11115342372498573 0.5781474409776983 0
0.1416870526748167 0.7218760078155637 0
0.17460398141413194 0.6508106066743433 0
0.08586457613697729 0.6210347959376626 0
0.11438921150979244 0.7486629518717635 0
0.12987080774135673 0.7325553598338943 0
0.11266455579117504 0.7098615176552557 0
0.02309120623294221 0.6696220692356244 0
0.17729412997983546 0.2773413841082065 0
0.15027062678755704 0.302055461598626 0
0.12901013609824066 0.3031316198421963 0
0.12052639018864905 0.3218950484029793 0
0.044288427032410656 0.37577378602579503 0
0.05743020736078512 0.34961731954565317 0
0.16709854317746123 0.058732769899102706 0
0.20434615013472146 0.02938153122292296 0
0.05556457500533456 0.1499026198754184 0
0.05899300749922363 0.2603805851883062 0
0.11406547761112454 0.0894040426580046 0
0.1656520087987477 0.26060222579099335 0
0.09423746561901705 0.18556655996278934 0
0.1469008956522535 0.2729105699277106 0
0.13453371021928498 0.23492711651368062 0
0.13274376935398582 0.27047885816393274 0
0.07774855335494997 0.2059136389282666 0
0.06798197865506649 0.22739230217139297 0
0.11369537811813069 0.23117125020771853 0
0.11799472174115573 0.1904580414977137 0
0.029354193846367452 0.1718270283819044 0
0.07784661280881802 0.13080064121698012 0
0.31847397169684655 0.22089888542364303 0
0.3230596641923886 0.1601479106460117 0
0.24592031302753067 0.0787958803836112 0
0.2502551453928582 0.10695539812329106 0
0.2777943707324599 0.10756656921300961 0
0.27155508196888306 0.06396212258968394 0
0.31675333193592986 0.08484823689291046 0
0.21740369955529756 0.08912321222724597 0
0.21874306218614623 0.05178792958306858 0
0.16364331189194184 0.03299685565736285 0
0.20829216154438107 0.22109356996384152 0
0.17475012120929947 0.23972236989026754 0
0.2105166795814388 0.2606824261034556 0
0.22687527531096283 0.23095679645107245 0
0.21194487101486 0.2437960089682802 0
0.2549722425379377 0.27071520281100303 0
0.26673516488654764 0.1657820473832641 0
0.23200801032077767 0.1609048039186448 0
0.16381736099187283 0.20397245674681228 0
0.1718699970585185 0.22763141184054947 0
0.22272889246915126 0.12015768463976516 0
0.1997987282142032 0.11433053329368044 0
0.5328676773407699 0.06508422414472494 0
0.5444265669075455 0.022485840877316032 0
0.5581822455485728 0.05046900204875141 0
0.4860623190745412 0.20852372047024967 0
0.47273549704479084 0.1860462047984439 0
0.4133292892352773 0.17943513003810543 0
0.44091411894091004 0.18800392677678085 0
0.467333767204747 0.11818799155149584 0
0.37362873917308387 0.13440996880717226 0
0.37109949130021463 0.15640302175957663 0
0.3991641354344764 0.1532943190777139 0
0.3810628332691495 0.07928735352625357 0
0.3691235156020465 0.026713137864049562 0
0.47651859771389404 0.06099741578891819 0
0.2766578771654768 0.14676200210136994 0
0.317414982334875 0.13386515975981383 0
0.33234936739368054 0.06228458721573128 0
0.3877969435116235 0.17841052745277583 0
0.34874680101898553 0.16872262821986703 0
0.6850605495854295 0.14357540719799503 0
0.5807807341094993 0.24424182686287016 0
0.6000601734600491 0.21478211387306687 0
0.5429179083437401 0.19173808970496137 0
0.48827369407250765 0.12095791181719828 0
0.5335422497521021 0.1552978909646363 0
0.6199212181581634 0.1446185104205636 0
0.5089613332322042 0.10929610480906678 0
0.24179016216344457 0.5465367632115239 0
0.26797343370633225 0.5425360826936814 0
0.3323169449820872 0.5954629381783527 0
0.33472020121862905 0.6196775476169472 0
0.3415078117556566 0.5717280384529406 0
0.9783097749419646 0.22444763618664615 0
0.9210630702634035 0.19437091809921844 0
0.9509276806815233 0.23511459930228462 0
0.8744653653226373 0.23792496655992257 0
0.9299910431573971 0.21309554382778137 0
0.8804833425252337 0.206963493231488 0
0.8471454575418942 0.25658929759063115 0
0.7942173732388181 0.3125347748951904 0
0.7711719912953816 0.3305805849535056 0
0.7844406141235811 0.3342397840846882 0
0.8156686830603573 0.34555048994913784 0
0.8096910044643237 0.3167804718014136 0
0.8010801973966634 0.34007627138497387 0
0.8247229921121468 0.3345453961276546 0
0.8508631231689707 0.34431954263290226 0
0.8530131581218746 0.2658736255744358 0
0.8449993070036168 0.2758420279918747 0
0.8579349625399527 0.1819869343009821 0
0.8533002906520838 0.20543148197246547 0
0.8509872698481771 0.23404587092792026 0
0.7578727215595169 0.17631859843966785 0
0.7431467673770494 0.17079467474869983 0
0.7121763468226906 0.1610780461548828 0
0.718000943454646 0.18663902915223407 0
0.6871110036668555 0.20589959273649186 0
0.6984830064922177 0.16638265224883797 0
0.795193632641235 0.12879209314153753 0
0.751904738103245 0.054555378354823054 0
0.7428374887423635 0.1279842965372303 0
0.7341065725952337 0.08735865560651668 0
0.8321394909589994 0.15387845567406438 0
0.8524654281847238 0.15962625780638912 0
0.8049159445341381 0.16188076398376042 0
0.7931160309520503 0.1830332752956304 0
0.8446623918990602 0.18398752334647578 0
0.8487654835408522 0.17024626395926432 0
0.8293345350649767 0.1658676239047408 0
0.8265419153368145 0.2264926875475918 0
0.8419081164144465 0.24030375093149325 0
0.8393787378060524 0.22988973843913318 0
0.8422015124605479 0.20748025052556127 0
0.8279661048166496 0.2115323323585484 0
0.844374034943045 0.19699119961322112 0
0.8341471345656636 0.19070022245903204 0
0.7977480863982013 0.19155597101232089 0
0.7883314782234756 0.19489579840143464 0
0.8145042215448189 0.2920771614848503 0
0.8219015023154341 0.26869375496337305 0
0.8238977875708039 0.24938833658921353 0
0.8116957106197213 0.24198073338071058 0
0.8490516011261541 0.4924296317075984 0
0.8336166080486753 0.45215736221334596 0
0.8239684597813605 0.4875158694869163 0
0.922433258508234 0.5303270003861887 0
0.9547746258930028 0.5223324278362316 0
0.9171160683925113 0.571163680920174 0
0.9752561733767293 0.5428606816847678 0
0.9565383506438223 0.4531378064106892 0
0.8848547642198776 0.3825584898041622 0
0.874388260543916 0.4001447766828872 0
0.8580423715303904 0.41441876428103436 0
0.8786624351585902 0.4500602438951825 0
0.838036670417596 0.4255332984453493 0
0.9317456529482636 0.4717505400834883 0
0.36608681095264306 0.7013400191125966 0
0.470436068934406 0.7534363111058203 0
0.42310469379218035 0.7234362407559644 0
0.3714964329011698 0.6240240014023619 0
0.5064706935340874 0.6175689857297713 0
0.4192418129549828 0.6974552258486856 0
0.9795763661130599 0.17101602412018535 0
0.9607913552755117 0.08376878595440869 0
0.9236988404248405 0.11869281455050505 0
0.889142299548071 0.13532817541657616 0
0.897340503418481 0.1517554217130152 0
0.9380892621049208 0.19114414993503365 0
0.9579429163985645 0.18301001289855137 0
0.957255657817333 0.1341950170065892 0
0.9344194519503327 0.13988515929620993 0
0.9211902790177058 0.1761520490834748 0
0.7732633364025274 0.020645535190232277 0
0.891718083301553 0.026918599740166464 0
0.8474605913832614 0.04261418429754327 0
0.7910731274392342 0.06771770123286422 0
0.8768094658680793 0.07359171158858718 0
0.8761221673786626 0.09962013308192058 0
0.12566810186543803 0.7928404366748301 0
0.20695758528504576 0.7400625715388967 0
0.15626565493561248 0.7496164955493478 0
0.12375619594059512 0.8460959658868774 0
0.0990450480922556 0.788558144233174 0
0.7556479219972725 0.7119612057108384 0
0.7895784331983029 0.7080307843442138 0
0.7629858360659505 0.6939378598072554 0
0.8775009872606133 0.7156543502990589 0
0.96907061589816 0.6394219892413573 0
0.9431529573594258 0.6847201884187147 0
0.9708653002236222 0.6064751360077328 0
0.7335644209517119 0.7149224485235179 0
0.7701059026265225 0.6790425042586057 0
0.7006667302610543 0.6001879631117788 0
0.783093194678375 0.5608547528508656 0
0.7977852476957535 0.642355081779291 0
0.7976478584783571 0.6925986701775113 0
0.841556518180982 0.9003435256281009 0
0.8259734621365666 0.8773797873645643 0
0.7705923615306635 0.7291567245263559 0
0.7832829037533913 0.7801435563355453 0
0.7580370907453616 0.7435249164292225 0
0.7451678770623215 0.7767589212219563 0
0.7312056240283658 0.7899511661741011 0
0.7620683873808036 0.8136590714014797 0
0.7277364080426155 0.8344728062406456 0
0.7741186639891381 0.8807083975466686 0
0.814459875616678 0.8186276476820834 0
0.7889912336813364 0.7646327740365316 0
0.8032619811135009 0.7233815923581254 0
0.8020615854573468 0.7800634403937664 0
0.8662688231868263 0.739074491846054 0
0.8365042194840087 0.8046399670856949 0
0.95445846402693 0.9541034903409797 0
0.9368280639543671 0.7893572488001572 0
0.708791753187509 0.7793964994014808 0
0.7279462193890762 0.7616430158195084 0
0.7117468457215409 0.7434438264866579 0
0.6851599148892826 0.7902227324435595 0
0.6894728208262839 0.7673148156269171 0
0.7535023927463277 0.9260259924320271 0
0.6875951068724196 0.8856384174098901 0
0.5279428011418411 0.8039519014546527 0
0.5604287160376328 0.8255339967053306 0
0.5857662116146929 0.7231953620510718 0
0.6354202006452775 0.7869394304003048 0
0.676941841003196 0.7306289603082843 0
0.6098108997878618 0.8712756279454926 0
0.6776756628482451 0.955130270141838 0
0.8372025185984069 0.9622822884796481 0
0.8815914361622454 0.8690894951016642 0
0.9189120409317239 0.8233451307471197 0
0.94655536170162 0.815913516226982 0
0.020706687739957246 0.8573101801580612 0
0.05124211395599938 0.7874784999510803 0
0.026123867833989747 0.921904738843528 0
0.05911670625892295 0.9090051041461206 0
0.09088547113473891 0.8424609106921725 0
0.40512365568568387 0.6301089932431839 0
0.7233004523251481 0.6525528582189939 0
0.7279434526247783 0.619237099393064 0
0.725253163762087 0.6349982296760285 0
0.6771859223428451 0.5628427816565597 0
0.6513011644446104 0.5733358857022317 0
0.7603878297059231 0.3427038502450185 0
0.7603675187503087 0.38772100481276317 0
0.7407722425018752 0.43226655860308083 0
0.8354580595927696 0.3486729715711726 0
0.7918676468064133 0.37584195562926387 0
0.8008915402823572 0.3969986604107599 0
0.9414436345315779 0.33253513248165995 0
0.9245501330358894 0.34598775930799214 0
0.9614731344825804 0.3410410081024507 0
0.9114623110915774 0.2981610028295665 0
0.9377109801158678 0.4160102151804828 0
0.9126329963576212 0.4222232033454971 0
0.9022966944371779 0.3843116587557547 0
0.8377330381103927 0.36832431536214655 0
0.7480264836505514 0.4660020550485252 0
0.6798530376886087 0.5048588447598851 0
0.6552943471679656 0.4573431722704849 0
0.7825846547883334 0.4795039180143995 0
0.7888090354001315 0.521653521241066 0
0.7274890150423684 0.5095522443536222 0
0.6013020807556727 0.4565402681930364 0
0.5341726080522798 0.3032224162450523 0
0.7482132334326805 0.3387728852358187 0
0.7314317674123963 0.2713006381362603 0
0.7063603556932453 0.307978311232186 0
0.7178613558897848 0.2946838943211621 0
0.7691866343684199 0.2138668232499058 0
0.7448591002391947 0.2494310960168552 0
0.6847352291244947 0.21979742839576963 0
0.684663100766313 0.234379295629091 0
0.7251831882231502 0.25617222558053143 0
0.6992418043836337 0.2150656026640474 0
0.7366768396623119 0.364446013334156 0
0.7225461425003012 0.33496116961442973 0
0.7129161445989852 0.3230232174795761 0
0.6992464149862123 0.3219007575347587 0
0.7067343644109533 0.3881910591975158 0
0.6136286586218692 0.33935302031400905 0
0.6319299532530239 0.3783996895900464 0
0.5823424593644287 0.2965558707525575 0
0.5983240537500718 0.2871119577663656 0
0.6661425133635166 0.1534302670633698 0
0.6608343694433784 0.18280669865786503 0
0.6589201127372311 0.1985670145604727 0
0.6433225836680853 0.18687666843956768 0
0.5802787348401247 0.17717821947154633 0
0.6182323588422037 0.271930748085658 0
0.6496856356433226 0.233238039253296 0
0.6914939157175363 0.28481991071106405 0
0.5877214972956988 0.11171674325187272 0
0.638057729500896 0.09159812949350504 0
0.656091904854449 0.11131047948973488 0
0.6550877810467008 0.13558888853600637 0
0.7106115092882083 0.13001658929510726 0
0.458350162900559 0.3646447032106811 0
0.5056764901059474 0.2294926143256891 0
0.44863075338861935 0.22976364577853664 0
0.45070523270817725 0.49797092146299055 0
0.4340785559044123 0.47201667850236345 0
0.4048256072447646 0.5548173470771701 0
0.3470890127756123 0.4372260621122661 0
0.42424754394076436 0.42126247921101384 0
0.6636355979591001 0.6630606434343379 0
0.5875984493497908 0.6606689561996469 0
0.6159714770206357 0.6687086340271281 0
0.48529423457480925 0.9726058458150107 0
0.5203113912515215 0.964803106062582 0
0.4252877351314536 0.9674716631189597 0
0.4596194625066823 0.8538313127085525 0
0.462396945774985 0.7813326081672312 0
0.3166834146666295 0.777387848627591 0
0.318871273331979 0.8162614438081113 0
0.3372310801952489 0.8477303890851896 0
0.3553912883483464 0.8408946775557415 0
0.35961647428779764 0.972076692172394 0
0.34606928688478966 0.9156668862899496 0
0.37322374311705514 0.9068908010168845 0
0.29559185830871576 0.7885266290428388 0
0.3030968921696664 0.7058983831629446 0
0.2544247671125839 0.742242942884061 0
0.2645513308222677 0.7055142450518699 0
0.2444417308399906 0.722659202549821 0
0.22538073627259472 0.6834305145588051 0
0.2178797963587627 0.6613570819656591 0
0.2419166312162476 0.6625398327543508 0
0.3223967724088934 0.6445146170258054 0
0.34102379407903477 0.7153226878790794 0
0.30373154092039595 0.6586867327235675 0
0.29869349352473157 0.7656224928108044 0
0.19315499997467778 0.9347571820869237 0
0.14572486629947246 0.9683325772388092 0
0.18156436931305026 0.9537363259472244 0
0.11268074962434542 0.9104910757716279 0
0.2779825709055586 0.9488450884470441 0
0.26604837966972983 0.8390765411862251 0
0.23432743003599313 0.8870896510657079 0
0.3304289450068644 0.3492498840743847 0
0.36337266624464987 0.37853521355557407 0
0.3296803656290986 0.2756848976192874 0
0.36486584014694634 0.22521761340678706 0
0.35607818582260026 0.2424469211328424 0
0.38659439995050393 0.2214462743595012 0
0.3798231421746892 0.2768271974104202 0
0.360091078289517 0.2818185741977912 0
0.296772223283405 0.26679722269523576 0
0.32088182559154793 0.4205593517101812 0
0.27472925032514456 0.43841335649863344 0
0.29036600056457024 0.4092116840321851 0
0.24043186314978154 0.3113008073152245 0
0.27578889955414937 0.30676445255111856 0
0.28527619240593816 0.3596569293771223 0
0.024445350370878666 0.42413003872450405 0
0.052042339804972935 0.4341656376464861 0
0.18335774984380213 0.2968459988701125 0
0.16019307651255987 0.32266065264289207 0
0.2320679228990369 0.36466383616008746 0
0.027103735274258158 0.36262028054069656 0
0.03065153370106232 0.2638137621878803 0
0.1429594369236043 0.4726510089214692 0
0.1926501839844966 0.474808039245856 0
0.23496215181203028 0.45435345032080426 0
0.13877317103986753 0.43675713979945047 0
0.11862883074814112 0.4071920057865271 0
0.16405728875797032 0.4567346661877147 0
0.2281675036609848 0.43193720386518464 0
0.10330585354747333 0.5011406867371386 0
0.20024981232803962 0.649509639761578 0
0.19580647121627634 0.5488827824421422 0
0.2509336593068249 0.5969982430065404 0
0.24572191458927273 0.5727174467360404 0
0.28953378181962863 0.5791324590402059 0
0.05878645545323973 0.5631033260086374 0
0.027162915617078304 0.5798633449141536 0
0.02751426167005911 0.5163977909314361 0
0.13851782383308403 0.5850468633153397 0
0.11045628588022666 0.6049632594871561 0
0.10206556783862977 0.7643947293036542 0
0.1006130347908148 0.6954888673784037 0
0.17646987240303144 0.3143788523173746 0
0.23531196458117384 0.025701675111312765 0
0.0818435442468334 0.1044899048154506 0
0.041957752320095236 0.10921090479359863 0
0.07529819683521166 0.07662438802239437 0
0.03897765126612666 0.05172507168283184 0
0.1620755794340114 0.28604452581331347 0
0.1217933298613867 0.2857896383138947 0
0.12697675732413805 0.21492981425931834 0
0.12307719073926163 0.2519462673224881 0
0.08952201490286547 0.22854902370662367 0
0.31977643776256226 0.24088962081639945 0
0.33442741229814343 0.20710887360992966 0
0.2432823124636824 0.1292666938660069 0
0.266444697596383 0.08764598046726557 0
0.2500799301561757 0.054776843575006645 0
0.1899109126376495 0.23483931121760085 0
0.2271036840670093 0.2493639470127897 0
0.266354856264724 0.27828224320555006 0
0.24226024392866544 0.26225446395273183 0
0.24611224769711315 0.168788792105801 0
0.28566598695252005 0.16270680437135326 0
0.2523621903385651 0.14736062513828022 0
0.20759430140356097 0.19550049832911134 0
0.13987911429926903 0.192689611672731 0
0.21573249626698357 0.1711316994075878 0
0.18833349138987346 0.2089449479891501 0
0.20612267344228463 0.14906500625602023 0
0.4597041413481601 0.16465186615308924 0
0.42476370931598073 0.11430464367818642 0
0.42185775479163184 0.05618896384617084 0
0.47982032287057697 0.09721703441992907 0
0.2913391608145949 0.12588394128510333 0
0.30144335576124126 0.05404073858573948 0
0.30352635126247207 0.024163596062682757 0
0.34584424984131745 0.14192980176391712 0
0.6719986450838011 0.13017531683523864 0
0.6058448963190946 0.18984923713885904 0
0.5813761502863084 0.2021499669495878 0
0.6212989331275588 0.2082825328384533 0
0.5813459890460606 0.22606649838816253 0
0.5549318659187414 0.17073490892303866 0
0.5333123883216367 0.1774321417674938 0
0.6361951541101737 0.12871363450122386 0
0.2977956028294488 0.5497845695686356 0
0.3027469739893049 0.6319187513483824 0
0.9063361276161107 0.1898448429406461 0
0.975133558995298 0.2469535294397804 0
0.9264464447040385 0.2341893785417735 0
0.8613040347229722 0.24219110828239007 0
0.8714463610193475 0.2527589091299207 0
0.8643368869901356 0.22917824863664635 0
0.896637146136794 0.21746626846664863 0
0.8794389532454845 0.1956364757752307 0
0.7552975939888287 0.32589154909922863 0
0.782899416395347 0.3212116265288607 0
0.8193957747063934 0.30445905859599337 0
0.8192462182171425 0.3243729325606252 0
0.8420143932494001 0.33041331690138664 0
0.8341087098170873 0.2836494928007041 0
0.8541772489787377 0.2860450226536297 0
0.8755814511328017 0.18019955990986788 0
0.7062762958444675 0.17838318351670213 0
0.7337586639542777 0.17723010666229816 0
0.7210623438861885 0.17584846815661 0
0.8046290011083556 0.1393415688178564 0
0.781867378296825 0.1143794600929531 0
0.7761506941083468 0.151021997142564 0
0.7321525554004693 0.0657932615504551 0
0.751533355979315 0.07716971154499183 0
0.7348513019894066 0.14664627557906057 0
0.7527827460986081 0.11054664375233433 0
0.7182602264419601 0.10062579979227997 0
0.737458032110326 0.10760569712561571 0
0.7512438140587682 0.09526946147010676 0
0.7727754444720476 0.17721092826360846 0
0.8409512698791852 0.16267693697749935 0
0.837904773821805 0.2498136542682454 0
0.8313174821405883 0.17944423429635095 0
0.8349261222239895 0.2012534777177547 0
0.8036117766699473 0.17640132232283745 0
0.8089195441812236 0.278382609725756 0
0.8228959383082295 0.2815437076946365 0
0.829206599028929 0.25922556455793583 0
0.8214249026158559 0.23717419227726314 0
0.8186567822273222 0.2588254613676476 0
0.8096875186714697 0.2522400602152425 0
0.813904906829622 0.23011890789005093 0
0.8104029147491149 0.45246412871726377 0
0.9076073330798301 0.49388021015310996 0
0.8691551892319135 0.5370018993775889 0
0.9784936705185251 0.5147907382633156 0
0.8876437634871545 0.5808086657974804 0
0.9429345987639858 0.5907012899286089 0
0.9788388112074448 0.4366856781599735 0
0.9791326810375028 0.45512735432943136 0
0.8935248543783365 0.36695365060561397 0
0.8846424753451017 0.42532032783957807 0
0.3956256762771981 0.7155734250282205 0
0.47244953799651096 0.726188601139295 0
0.44560863459378874 0.7425024053970524 0
0.36059556563205797 0.6766044048511141 0
0.5036220184660268 0.5603117236332651 0
0.9362075074067164 0.06071415993570209 0
0.9222634725376097 0.029301039598975974 0
0.9111283359362455 0.1362255779459921 0
0.8843446435085429 0.16998427836136995 0
0.8764379748792104 0.14957797402741516 0
0.9781952061280247 0.14233223623250282 0
0.9573336767231467 0.1556292094667523 0
0.9593307981887994 0.05519731107726882 0
0.7519393496910146 0.0303043014517788 0
0.8345214090300546 0.08000961605704648 0
0.7823533220279842 0.07948878937206648 0
0.7958250360069722 0.02213675136341354 0
0.871492902250658 0.13700392211292348 0
0.9014363202621031 0.1135313887003205 0
0.09278240584665944 0.7423668025367418 0
0.06712795242506166 0.7254457780298014 0
0.22462444975818116 0.746259660686022 0
0.21978289519588434 0.7697596433566625 0
0.16557396454229475 0.7654975584851799 0
0.1428765808481842 0.7925414454356303 0
0.09346621086402032 0.8172671876301789 0
0.9076206829484617 0.6521138606609568 0
0.9721092418484817 0.6729522566294891 0
0.9395990808898297 0.6208842501580942 0
0.9165817595839628 0.6781203556537162 0
0.7945640647522226 0.6600585463833267 0
0.6837767225434407 0.6223200899630567 0
0.7872657557209175 0.592095729068872 0
0.8399937930638575 0.6412347512957152 0
0.8171939549586927 0.8479523670423776 0
0.7890102303261873 0.7418347745700241 0
0.7497659609998639 0.730665890551083 0
0.744081138095867 0.7468981382412859 0
0.7624511361443441 0.7809308073719151 0
0.7752888403138474 0.7962483185805962 0
0.7390590347791335 0.8129587377928055 0
0.7217066310941558 0.8661009636996277 0
0.7921180740380683 0.8383431622609503 0
0.7714449974765122 0.831322155436508 0
0.7984435680758305 0.8686198210109659 0
0.7704900554858269 0.8534344279885672 0
0.791068147185203 0.9018475011380729 0
0.7866788020462957 0.8109961293887888 0
0.7841518961378844 0.7237364642465512 0
0.8212885535223193 0.710193428885737 0
0.8426808361140717 0.7231918357415817 0
0.8418931234806901 0.7466263029263205 0
0.8970047376669645 0.7536105872662981 0
0.8359732241253237 0.7816134128753216 0
0.7063461898446936 0.7613492894114186 0
0.7515823933172683 0.8751541631584246 0
0.5435031621723151 0.7730275807168833 0
0.5564370151426656 0.7972029793724662 0
0.5571955568680519 0.7431733261852288 0
0.6132257540682664 0.8035273246054431 0
0.6108533288385165 0.7426945130583006 0
0.6975156300375083 0.7336810822082429 0
0.6372221721476438 0.8493159196642519 0
0.6984880108105884 0.93027588064288 0
0.8696663303378954 0.9570489373924691 0
0.8167594220142085 0.9255774080454129 0
0.024252525999009233 0.8288626212308033 0
0.045155270099049315 0.8496574070283422 0
0.0750370670867684 0.7805899577136043 0
0.08740755236063774 0.8940613517061752 0
0.08846694921979094 0.8671623430860373 0
0.44024678300772213 0.6408792439105262 0
0.45188343161704664 0.5862650516360601 0
0.7225929752653472 0.6027776473300863 0
0.6547140568470878 0.542185550304805 0
0.8680100135099678 0.3465876141376169 0
0.8276175084450123 0.37783820348589886 0
0.8228230885220311 0.3907850941082076 0
0.8398927256037151 0.38592533538807294 0
0.9506490363151568 0.35758053538639983 0
0.9200473005042276 0.3702012441763386 0
0.8950862804309994 0.33406143250521414 0
0.92437290710892 0.3253353899544277 0
0.8650586616416203 0.2878931169230432 0
0.9078948893676072 0.31656064410008233 0
0.922576555037191 0.3096915134699639 0
0.8939696996396033 0.30276560597248664 0
0.9749445594174084 0.29935612279594487 0
0.9783989429533368 0.3276074688166575 0
0.944586145092902 0.3878707996998421 0
0.6636256155672732 0.48604542149548186 0
0.6648226881339857 0.43564468989676347 0
0.7622830521310183 0.48843518954569964 0
0.7372849079943442 0.33011571052952304 0
0.7516437853003773 0.29564592343644486 0
0.7915478353871134 0.22555739659732493 0
0.7587531950884645 0.22174938203524538 0
0.787406500799347 0.21151992703160785 0
0.7752178320520527 0.19874228972635533 0
0.7430969797542665 0.18542974714779292 0
0.7542521526793661 0.21252221599080834 0
0.7563375690439952 0.19040495446463326 0
0.7916428139320036 0.29867528122207687 0
0.7889828738974237 0.2882435357355387 0
0.799279907071427 0.289691717482847 0
0.7930125008227794 0.27874677555233873 0
0.7786894096680683 0.2794803632613423 0
0.7994889942035851 0.26876813635669977 0
0.7537144804033572 0.2596080180241966 0
0.746582975022917 0.2716868639249151 0
0.7803518383591597 0.30863771693071923 0
0.7795764084909558 0.29399850173133807 0
0.7027361044871441 0.2704149737993625 0
0.6776480027991293 0.25498393783954754 0
0.7358078474051082 0.24848320356093684 0
0.6972143847081755 0.2277477649341467 0
0.67030948984874 0.3134725092788761 0
0.6957747620619957 0.3526752696207625 0
0.6902830194218709 0.3885248375557367 0
0.6340041487272111 0.3525062444797931 0
0.6513435771241438 0.3930794794312199 0
0.6729627055576282 0.1731420382717991 0
0.6541526941701901 0.215648855872478 0
0.6477786283075306 0.24865501340469126 0
0.7036900485754138 0.29629074718789733 0
0.6121086371726521 0.09407022541106351 0
0.7108795884605739 0.14495914561853845 0
0.5058224409776643 0.39215447908998335 0
0.4606826918347911 0.25503982725137286 0
0.4642597589058226 0.47411282011734307 0
0.612651112891189 0.6390805814205045 0
0.49629225221792045 0.9365686546077266 0
0.5626085902620915 0.9589992661490175 0
0.47199213375182386 0.8302525987831207 0
0.3551003687430736 0.8645151598844399 0
0.32758825438448436 0.8947057603777157 0
0.37146236178695874 0.9397473194034263 0
0.32383638289668154 0.697329958170647 0
0.28453589978402655 0.6945262108696758 0
0.3052319526329324 0.6834524299628296 0
0.26809593878679905 0.7550734333370069 0
0.24260309702817592 0.7009509937030075 0
0.22566654067488243 0.6435485080646 0
0.26341216227585995 0.6651207095295627 0
0.18974256332777373 0.9146992832059587 0
0.25338001404586985 0.881524878958987 0
0.3076980590196312 0.34472788752190836 0
0.41042447487548356 0.3175936469487913 0
0.42604520805334706 0.22945179860003123 0
0.3607544386116793 0.2619534117433246 0
0.32219109407916924 0.4428037060297092 0
0.2503051139152789 0.302324196014805 0
0.2591972747275969 0.31541609376081714 0
0.31375177956853706 0.3666225355657915 0
0.2232909996208426 0.40523075709793854 0
0.16246288054123081 0.4882326070158969 0
0.18724107158217954 0.448591144647668 0
0.13860193598616444 0.37499224529217234 0
0.16915283064148892 0.3838130468384228 0
0.1867878199753554 0.3678831528081769 0
0.25853398114464926 0.6162419447669722 0
0.2766309186883786 0.626084412262228 0
0.30807372892638346 0.6024395262321995 0
0.02355075756755826 0.6073249835611224 0
0.04934677440816484 0.5337321415125176 0
0.11364894676592747 0.6363452945841637 0
0.09270531591293055 0.7158916973621989 0
0.18064660027456214 0.33045685119085544 0
0.16718716794278607 0.30250184534418817 0
0.1676357683610201 0.11264105460720747 0
0.13704014165533282 0.1431743241007378 0
0.10191922521640893 0.28027394935180067 0
0.11742070792137965 0.2689009093761258 0
0.07432906891349053 0.24802039412719815 0
0.3164830323034844 0.26066670466837416 0
0.28209277164544694 0.25335640361966644 0
0.19159405516913697 0.2551004042531153 0
0.2465342245038201 0.2030523198916642 0
0.3026385253323221 0.1770072638798211 0
0.19364047929683142 0.17501452393126068 0
0.44922613209662454 0.10469912991399745 0
0.39942459275975317 0.1249561516463661 0
0.40697056045593755 0.023170147599341977 0
0.4476867825015992 0.030628399960041058 0
0.39019848202387963 0.051573737147514315 0
0.4032610805334431 0.07191684510560807 0
0.4286478984253537 0.08317982440576034 0
0.270291249248425 0.032399710570035344 0
0.6397742795739528 0.2035236733323714 0
0.6135310075851076 0.1212092157116001 0
0.5351362968024552 0.09339144201461876 0
0.260925134753543 0.5613873621505824 0
0.9106240730410662 0.2073197960012281 0
0.9779384993063561 0.2701416904098982 0
0.8582118316682253 0.25357041989180445 0
0.9085322983380024 0.23448778690377411 0
0.891079084199777 0.18319962154391936 0
0.768568715210035 0.3158677011942611 0
0.7979116144440123 0.32557380900234256 0
0.8232978407935646 0.31636667882774017 0
0.8306455157950594 0.32565062722598925 0
0.8602325830901001 0.32998852069667695 0
0.8437854202796752 0.2905858617305391 0
0.8721195593969682 0.3183325416991437 0
0.8657431244786457 0.21306782357385806 0
0.8664966341682742 0.19664400535768722 0
0.7084426360512917 0.19514342951573294 0
0.8000661344150494 0.15170634234972366 0
0.8088594261015944 0.1498203448017101 0
0.8192253894516774 0.14174559151679111 0
0.764650828455471 0.1216385679113143 0
0.7668922749442042 0.16508131261390963 0
0.7797922455453011 0.16648672127265526 0
0.7917355191899423 0.14385072078674682 0
0.7612381248731439 0.139856385943713 0
0.7222593158775825 0.1503679950945363 0
0.723539114303167 0.11998189386657003 0
0.838087727196927 0.21818808955106636 0
0.8191282724221295 0.20514465917524766 0
0.8034476558450001 0.186743667054067 0
0.8089376104299479 0.20565104537493417 0
0.8159937499016264 0.4664227428485636 0
0.8159639729916436 0.43297407288336814 0
0.861031414005234 0.4683969798502712 0
0.894352825992851 0.5503470871471057 0
0.8895746845987403 0.5211909200210321 0
0.8633277101291255 0.5601634402281607 0
0.933979146211009 0.4395965967979122 0
0.4720167396231705 0.6966674364250387 0
0.4460137590236241 0.7083999292922062 0
0.3857834507392771 0.6865962438643574 0
0.4751219184049123 0.5609321583480358 0
0.4731228075600563 0.663403886408812 0
0.9015879833367407 0.05702309417606918 0
0.9520813896444246 0.030839770024969723 0
0.879553594012651 0.12080630141950609 0
0.8642538068959978 0.16665539330097878 0
0.9185874618633569 0.15642506892125502 0
0.7761117196220727 0.045197791755174216 0
0.8565669680822735 0.10463483805662095 0
0.818766836468684 0.09328401535951304 0
0.8317055831903117 0.05531015137846156 0
0.8532497048925433 0.06477719458088875 0
0.8556705894156706 0.0869056768652064 0
0.7675652041834915 0.08694656065225853 0
0.8254900546699356 0.02833458781610775 0
0.8546178615144638 0.13626335474286908 0
0.900733113373246 0.08490838849327233 0
0.9253673377317675 0.09413870749148423 0
0.2419775880207256 0.8065030471060329 0
0.17799802611369964 0.7844006710373815 0
0.23795783151601754 0.7697343427238696 0
0.2131289433780992 0.7566821446367403 0
0.14401564348424478 0.8466626817988021 0
0.13116240022518277 0.8299716302285708 0
0.15179462932887897 0.7669178414386035 0
0.13745367350541274 0.7758937159681735 0
0.1816177343294537 0.8919409030051049 0
0.20468933294364297 0.8985192137386879 0
0.15324766977341142 0.8704230360503159 0
0.07304583016076405 0.8036611468798597 0
0.9387030330078848 0.653962188702637 0
0.7105236419941171 0.6203732035745124 0
0.8161447419280731 0.6293765452050187 0
0.8365612037691138 0.613835812878656 0
0.7534021906146992 0.761071208085987 0
0.7516350804291573 0.7951641292153998 0
0.7438097764219971 0.853335019325816 0
0.8581422226338498 0.7150924352991802 0
0.816100626559964 0.7708290590209781 0
0.8839618500094608 0.8050320131574956 0
0.5836536193465478 0.7999790622443327 0
0.5863544133770672 0.7509624327517377 0
0.6043372702268511 0.7744469787560478 0
0.6938968760917997 0.7477038624227595 0
0.8559101274249858 0.9297952600352282 0
0.07162962109043672 0.8269942288631678 0
0.42920466981773137 0.6059468128542715 0
0.631114437239352 0.5152042607605546 0
0.6864197396981933 0.5327646273418887 0
0.9117153153358076 0.33517719936211565 0
0.8867758040378575 0.3484051802156291 0
0.8780883047664807 0.3316323982521402 0
0.8745638511356838 0.2759477047172457 0
0.8674872168117771 0.3012499605282063 0
0.8804031509776962 0.30657863839156124 0
0.9321682786209591 0.292402064534214 0
0.9577744523682589 0.31983137695844976 0
0.9498751215566791 0.2960680985384448 0
0.9313764919175037 0.271659446711892 0
0.7485398521003719 0.5060261065942255 0
0.734974997169187 0.34653092301657973 0
0.733571426675047 0.29700284316998216 0
0.7418457864028352 0.2843010531574626 0
0.7531564203258716 0.2822393881835124 0
0.7878789640039415 0.2517386682523524 0
0.7784875200164886 0.22379566371183607 0
0.8015379306725511 0.23531253078029454 0
0.8009224583387345 0.2146389450484824 0
0.7617173835920722 0.19903872617585164 0
0.7485478145806218 0.19915905006049683 0
0.7677226333654571 0.1882228073905775 0
0.7569484539503494 0.2468907779187872 0
0.7641028707334454 0.2724385179318491 0
0.7161907409988111 0.2710271878453029 0
0.7114377685465975 0.2606481790099244 0
0.6965754598803559 0.255279398920905 0
0.6882274771977247 0.2682540881151366 0
0.7497525813517909 0.2393373536750776 0
0.7261407296548462 0.2422759336537492 0
0.685269296986556 0.3224931729728533 0
0.6877613527063589 0.33455149425861963 0
0.6552010319931727 0.32259161633187616 0
0.7014117011927518 0.3724469111009492 0
0.6335409552702624 0.3244013847135339 0
0.670966756482532 0.38353979614245715 0
0.6347414208949623 0.24049323220276006 0
0.6172887077227655 0.24937362074521954 0
0.5980142540761939 0.23703494255863589 0
0.708900353014269 0.2831888690729937 0
0.4631733901891269 0.280108839415864 0
0.46969849346011355 0.952731886232745 0
0.43074638509587426 0.8441325619511013 0
0.48158083520879874 0.8002697356775443 0
0.32598473028882335 0.9695834704858869 0
0.31669001173839795 0.9207550921975693 0
0.2653045287729571 0.7261262989994721 0
0.28544136004001885 0.6726831362415827 0
0.27639152798508226 0.742035846942628 0
0.2870522369156196 0.7206752206432152 0
0.29577938112641655 0.7438588868651262 0
0.3140501236258303 0.7262052313042063 0
0.16676708888692454 0.9375939680914619 0
0.39090935144713135 0.31828050661434765 0
0.40118296607851256 0.29541185076648757 0
0.4324321054883826 0.2822965138115137 0
0.4499692670659209 0.3074874303750493 0
0.263179913520908 0.3008072411068287 0
0.29611824097003653 0.3825394309779104 0
0.19770197656013938 0.42197587438704426 0
0.16733945237043316 0.4270632686002065 0
0.20751686312991416 0.366770325277321 0
0.27834765366452807 0.6030734768736674 0
0.16490556621210903 0.6060014497720526 0
0.14268655465258287 0.652094219306014 0
0.07628399594407292 0.6902179533998095 0
0.1808582161127731 0.13319641976698912 0
0.09880415913890081 0.25441760590435714 0
0.2804513676308072 0.2748592623551396 0
0.2675639953381935 0.26311121902337953 0
0.30247616773143293 0.2490198468060005 0
0.30409790982768975 0.23240343585792617 0
0.23021520968389797 0.18549127395594345 0
0.22923329017119548 0.2109079303255819 0
0.24296105341011046 0.22077810586861218 0
0.2540024689337856 0.18455379517401407 0
0.3262835378889994 0.18397378389348365 0
0.1831236934656397 0.19328703260306265 0
0.22982803656319967 0.13911138904740256 0
0.44575525368034774 0.06028341303661295 0
0.4554724083480653 0.08126080812125158 0
0.4024927694866017 0.09860489899857358 0
0.6296034395130821 0.10833296674467457 0
0.2754373653745015 0.563434196601212 0
0.9145885580045073 0.22053172021777304 0
0.8906714746937022 0.23441774304423013 0
0.8780792794506145 0.2230927065284124 0
0.8948173472892504 0.20089632030358026 0
0.8284210931111725 0.2939335547203619 0
0.8536662457361986 0.29631959886906495 0
0.8370630419189857 0.3156014902853009 0
0.852969860159905 0.3124436596149544 0
0.7219687276059233 0.19767926810160386 0
0.7092962445931033 0.223446662572425 0
0.8383916712214218 0.13823315472498013 0
0.7550288792830158 0.16548994863218505 0
0.7909799582139636 0.15767320028530327 0
0.7928037000388395 0.17055992568159484 0
0.7783269755369229 0.13242254090939423 0
0.7486191562430627 0.1454669076210731 0
0.757646856207549 0.15440205290032602 0
0.724265450699206 0.1367978020967143 0
0.8172570690687431 0.17333152933804358 0
0.825736572899791 0.19742238884617952 0
0.805630871477139 0.1936600593668534 0
0.9545465763284299 0.431981006876524 0
0.4132852812074011 0.665704611694618 0
0.3810788186927876 0.6544701799787784 0
0.7716035014509456 0.06802340652441109 0
0.8633289137047134 0.11895954221274005 0
0.8247594636124297 0.11293415551902668 0
0.8029230930349414 0.10672169683290475 0
0.7979957514815681 0.08656548192763641 0
0.8118549077288751 0.07327491934577564 0
0.2523668255791449 0.8391970199415129 0
0.22552315126771494 0.7872126377629194 0
0.26268362753343266 0.8068419468796413 0
0.24785532446370231 0.7887053948303785 0
0.23904001860745502 0.7534778384206589 0
0.25326716547173755 0.7596826421713663 0
0.18628868708739996 0.7660543796891616 0
0.1618517967343917 0.8041391367201854 0
0.13999104232224513 0.8098211378137636 0
0.15643556033857975 0.7816706908774291 0
0.22442077032294233 0.8984525050582769 0
0.1621499576448564 0.884782982442749 0
0.0467520627036841 0.8155682351342541 0
0.8598686697371783 0.6227986392969754 0
0.8185103154857866 0.7909304211757381 0
0.5722980428563691 0.7735451350274501 0
0.6748293682225048 0.7530202327349219 0
0.6617255134505798 0.5173434506266984 0
0.9053756401105745 0.35064946614691017 0
0.8889477344398041 0.3193638399764 0
0.8655511146575813 0.26468866392924145 0
0.8805649479299424 0.2901208049462193 0
0.9312643700816803 0.2508304957918777 0
0.9535556948820949 0.26259708853925373 0
0.7359744306560813 0.4867080158634971 0
0.76764315081058 0.5146251844581227 0
0.767414333723292 0.30077639117965843 0
0.7866439133166111 0.266469804288176 0
0.7901088975634535 0.23965973057778428 0
0.7998383483947835 0.24689548337366682 0
0.7676720109886831 0.22649783175673435 0
0.8033338406432098 0.22498293126939306 0
0.7582257756709188 0.23310527037331638 0
0.738620158045569 0.238210008252045 0
0.671554146662742 0.33094362340002875 0
0.6550538986343203 0.34190657780478073 0
0.6170052067572619 0.22848278278586384 0
0.42983025028275434 0.8157725118953706 0
0.4552037053427771 0.8075704697077302 0
0.2821849453399984 0.7537941751265248 0
0.4060874049553509 0.26481096457087566 0
0.42351154046505785 0.30657596614173205 0
0.19666692921408024 0.3911755292900307 0
0.15115842259251297 0.40666034262245854 0
0.22030450079092193 0.3823722676696262 0
0.13906032915329655 0.6195571080726077 0
0.15850077103579616 0.13693081476721475 0
0.08036688962031607 0.2702071634870083 0
0.2562975679706663 0.2566085686278067 0
0.2792067701634921 0.21642044580851247 0
0.2893853597191222 0.23323784414916313 0
0.2788494954279404 0.18031314109240326 0
0.14983345451857916 0.16287935216838575 0
0.9136617162295181 0.26224427415996004 0
0.739720300137313 0.3134737876238199 0
0.7296543282482926 0.18659286056811453 0
0.7127972031114131 0.20855285060017298 0
0.7180969009467298 0.23198867204104034 0
0.745073941306506 0.15757147745580882 0
0.8232761119528068 0.18723685098730053 0
0.8160534817019711 0.19467398799974817 0
0.45730297108810697 0.6107600390898059 0
0.8448572875266188 0.11958237057143456 0
0.8291018194227533 0.12707446487789512 0
0.8118510510289295 0.12691385486860168 0
0.7827772165951924 0.09705492289136305 0
0.21514742253325556 0.8567397688624099 0
0.2574241616486237 0.857400033236495 0
0.25549415320171653 0.8224648011837112 0
0.21110536962244078 0.7831605767678348 0
0.15230142982240225 0.8284329720668822 0
0.6608220244162889 0.7722708174635128 0
0.9462798248920056 0.28265757303699823 0
0.7799889926867126 0.23316464838004317 0
0.7993433880343199 0.2587058623325853 0
0.7687351394383991 0.23888897072631646 0
0.7795809311927097 0.24461966692954126 0
0.6746272672322841 0.34970315193443036 0
0.6831097288286347 0.3683608735246762 0
0.6369049530181083 0.2216285994165428 0
0.45089306961204484 0.8290669796916912 0
0.4079167655861673 0.2393527162355353 0
0.4334180014951963 0.25207062763360133 0
0.17688270120817884 0.4047131430711294 0
0.16139948648353228 0.6300048216865273 0
0.2488908042644902 0.24102388245846607 0
0.2582276475121773 0.2186008012691415 0
0.2714638843580618 0.23441421070314375 0
0.2671477063111692 0.2011994887865891 0
0.299099158736525 0.21822672182556999 0
0.17484157484966403 0.15725733742226627 0
0.1666368841504713 0.18075904346249289 0
0.884866326100544 0.24902281443949506 0
0.9013730450687422 0.24874889828413177 0
0.7574435671041267 0.3108429136697888 0
0.8304832457381784 0.30650879380866203 0
0.841414122226175 0.3028860160025922 0
0.7363570314456779 0.198490820846318 0
0.4835003991638445 0.5933453533376244 0
0.48028288325458335 0.6288987187075734 0
0.8381034864999585 0.09954272750335717 0
0.17962886227176803 0.8292499921072298 0
0.23664605776647096 0.8475686457676405 0
0.18941882005574623 0.8520760280128162 0
0.21818122981226154 0.8807671354703791 0
0.6553811714034823 0.7444736937109018 0
0.8968046596975024 0.2878148548183047 0
0.7716429004821944 0.25624570440744093 0
0.7310069052967476 0.22988989369654883 0
0.3405677490438992 0.9466647091472656 0
0.291027034466914 0.199992100418233 0
0.8795202641844936 0.2629087969374505 0
0.9138769174072823 0.2802262800067439 0
0.9146972045329127 0.24535024309212464 0
0.7415666731245614 0.21092708417319617 0
0.7268302974666253 0.2101430452766325 0
0.8112976816767914 0.18588667035303436 0
0.18736209084525593 0.8026110047189626 0
0.16514704501751185 0.8507276040015298 0
0.1754701974899555 0.8709309753558266 0
0.2351491874734809 0.8670258755920064 0
0.23681855664558316 0.8274827286176919 0
0.6568653144081124 0.36666133494627323 0
0.26589278345613654 0.24848040975496993 0
0.3122417927942995 0.20049061929681014 0
0.8884217874030699 0.2749548538536596 0
0.8952506566558817 0.26229764847913417 0
0.7335975936290998 0.21946138597971074 0
0.22076741139648512 0.811607304490539 0
0.1963863671287037 0.8750467509240393 0
0.2196811961599546 0.8339481672100789 0
0.9009729494692753 0.2731177689242571 0
0.7222173787902467 0.21989711591150254 0
0.2001899722135286 0.8367832079526866 0
1.0 0.2341853135397624 1
0.7818841058185324 1.0 1
1.0 0.02714697352108917 1
0.973061067552182 0.0 1
0.9646488772685808 0.9145044693783164 0
0.7300788470040813 0.020051733869541087 0
0.2064238019669235 0.7171851003613212 0
0.1728748509417989 0.7047089224501171 0
0.1614629009735991 0.6927090553201921 0
0.5300586427585342 0.23672910999431454 0
0.18890924735192455 0.7274481336495517 0
0.9187085836022634 0.7376936685460964 0
0.7582372891958289 0.5806081134456703 0
0.8091219122008053 0.6937494418750302 0
0.5387449978845076 0.3272050340526745 0
0.5189394111487928 0.3242828300949733 0
0.6889284507573205 0.10968375428817702 0
0.28568046611168096 0.46302107715451657 0
0.1255272992542949 0.7129400057954599 0
0.14446015591301775 0.7032435762334714 0
0.07952785927142708 0.3328708800019429 0
0.8406015854240657 0.2630414912301712 0
0.1888750664090755 0.7458913067566108 0
0.7895664112414081 0.7934096670140545 0
0.7725055096310031 0.7674420366704885 0
0.8174924318797058 0.8034583136478143 0
0.9130784050863816 0.8549709795960154 0
0.9427445770647054 0.8486340925684607 0
0.9713783138064138 0.8316122731061061 0
0.6975405044448706 0.239509597621177 0
0.6775101068472716 0.2409142006100217 0
0.6774647037038313 0.1163623387574203 0
0.7881229486979456 0.6762510005378135 0
0.8068119396565241 0.6770489543020713 0
0.7773790638277749 0.6641044899829296 0
0.8222079332774134 0.7328222350844331 0
0.9264654143953915 0.7611501611764474 0
0.8784374513549098 0.774412191956032 0
0.8578598197269981 0.7925106298337621 0
0.8520702521810506 0.7678362419133699 0
0.8346191295872188 0.7640073720732528 0
0.6857621965290881 0.24506486384418683 0
0.7073467780562821 0.23357388173106408 0
0.6945143098033913 0.19061635553247977 0
0.6999942816154148 0.20353811619632234 0
0.19633882277923334 0.7835068679944467 0
0.20880043509413623 0.7961911767229195 0
0.2780258663927911 0.8547857837225908 0
0.1887146349400206 0.7097903550325488 0
0.23839837287380952 0.7400849051395151 0
0.42021946241347397 0.13748689800198133 0
0.8060101208762326 0.047586072353412716 0
0.7835989750346567 0.17742233389296008 0
0.22764261647974443 0.7594504589880641 0
0.5326155673355117 1.0 1
0.5456942221821705 0.229541181402991 0
0.17408678425603463 0.7197345831630183 0
0.17415984672035137 0.7535377578958815 0
0.2055214100032712 0.7686393022312825 0
0.6067341249586442 0.5756920006703926 0
1.0 0.9080147408764111 1
1.0 0.8450649217207334 1
0.9737785942725439 0.8695494856633513 0
0.5856311990793812 0.5909671354706192 0
0.7066428743303513 0.4718049414851147 0
0.09935288048882553 0.6776129150883142 0
0.5261480371073018 0.8968605848963324 0
0.30012938324991306 0.8360679670167602 0
0.03969436259348855 0.19246317951430553 0
0.9105500032292216 0.4703019104502064 0
0.8028418546304921 0.7582056849371503 0
0.8097858375881326 0.742423975401652 0
0.9485460096971171 0.769244030063353 0
0.05704499385198571 0.9284629061027191 0
0.3759787914765819 0.8509723639100898 0
0.1149928059405528 0.6661074793255054 0
0.9212861469693747 0.5531494763052248 0
0.20100658535157687 0.7556630271890303 0
0.20564216531414053 0.8106782967914378 0
0.19653848465249443 0.8199775594597775 0
0.20961631040459092 0.8249153880060993 0
0.32920707030038904 0.5483044508522599 0
0.4422569446711311 0.6793780268679537 0
0.3520265264626373 0.8893443152632843 0
0.575781864820682 0.44476582802174647 0
0.9160182767501861 0.07583548533457667 0
0.29274178554887015 0.616267140709228 0
0.9594094740383085 0.2806913607038503 0
0.7749647272645359 0.2682540907839644 0
0.44471320765702405 0.2666303459761935 0
0.10428420185850494 0.05501971191280608 0
0.058725204085310026 1.0 1
0.1858326781264733 1.0 1
0.15469538465022398 0.0 1
0.4052529778567459 0.0 1
0.13100651902104188 0.6729219345117822 0
0.5953567691000379 1.0 1

Edges
121
1 155 1
1 158 1
2 1794 1
2 1795 1
3 206 1
3 214 1
4 359 1
4 603 1
5 274 1
5 466 1
6 239 1
6 547 1
7 335 1
7 1846 1
9 395 1
9 425 1
10 428 1
10 599 1
11 332 1
11 363 1
20 242 1
20 1792 1
21 240 1
21 241 1
26 271 1
26 530 1
27 272 1
27 273 1
31 435 1
31 469 1
37 115 1
37 1793 1
38 115 1
38 1888 1
40 333 1
40 334 1
44 360 1
44 362 1
45 391 1
45 449 1
48 392 1
48 394 1
52 426 1
52 427 1
53 436 1
53 1885 1
55 447 1
55 448 1
57 468 1
57 1886 1
64 521 1
64 523 1
65 527 1
65 529 1
67 544 1
67 575 1
69 545 1
69 546 1
74 1852 1
74 1853 1
77 213 1
77 214 1
78 600 1
78 602 1
87 239 1
87 240 1
88 241 1
88 242 1
96 271 1
96 272 1
97 273 1
97 274 1
114 1846 1
114 1888 1
117 332 1
117 333 1
118 334 1
118 335 1
137 391 1
137 392 1
138 394 1
138 395 1
149 425 1
149 426 1
150 427 1
150 428 1
154 435 1
154 1885 1
155 436 1
158 447 1
159 448 1
159 449 1
165 466 1
165 1886 1
166 468 1
166 469 1
184 520 1
184 521 1
185 523 1
185 1794 1
187 527 1
187 1795 1
188 529 1
188 530 1
194 544 1
194 545 1
195 546 1
195 547 1
206 1852 1
207 575 1
207 1853 1
213 1793 1
218 599 1
218 600 1
219 602 1
219 603 1
359 1883 1
360 1883 1
362 1884 1
363 1884 1
520 1792 1

Triangles
3653
1 155 1171 0
1 1171 158 0
2 1794 1795 0
3 214 997 0
5 467 466 0
6 182 239 0
6 547 1257 0
7 335 1093 0
7 1094 1846 0
8 302 490 0
8 402 782 0
10 416 534 0
10 534 599 0
11 363 739 0
11 739 745 0
12 329 338 0
12 338 343 0
12 343 352 0
12 352 357 0
12 357 516 0
13 1000 1001 0
13 1301 1000 0
14 221 286 0
15 109 319 0
15 183 518 0
15 325 327 0
15 519 183 0
16 314 616 0
16 321 314 0
17 231 236 0
17 236 1856 0
17 1044 1355 0
17 1354 1044 0
18 237 510 0
18 510 549 0
18 549 560 0
18 978 254 0
19 232 247 0
19 247 637 0
20 242 1457 0
20 1457 1213 0
21 245 634 0
22 250 646 0
22 252 253 0
22 255 1804 0
22 557 252 0
22 1804 557 0
23 1083 1801 0
24 256 289 0
24 263 267 0
24 289 693 0
25 663 669 0
25 669 676 0
25 676 677 0
26 530 957 0
26 1277 1797 0
27 171 273 0
27 272 278 0
29 290 307 0
29 307 1125 0
29 371 372 0
30 291 295 0
30 1391 692 0
31 469 1451 0
31 1451 1167 0
32 375 451 0
32 451 475 0
32 475 862 0
32 696 1129 0
33 309 313 0
33 313 701 0
33 698 301 0
33 701 106 0
34 518 945 0
35 316 584 0
35 584 585 0
35 585 707 0
36 116 1007 0
36 323 336 0
37 115 582 0
38 211 115 0
39 326 330 0
39 330 331 0
41 128 368 0
41 368 1839 0
41 726 730 0
42 535 794 0
43 369 742 0
43 742 1120 0
43 1120 1333 0
44 360 364 0
44 1118 362 0
45 1145 391 0
46 748 765 0
46 756 1132 0
47 378 1418 0
47 385 703 0
47 1418 1702 0
48 392 1144 0
49 398 783 0
49 408 417 0
50 409 413 0
50 413 788 0
51 151 792 0
52 151 427 0
52 426 1427 0
53 454 440 0
54 444 813 0
55 160 448 0
55 1169 160 0
56 462 1194 0
56 465 852 0
56 852 868 0
57 1446 857 0
58 474 856 0
58 856 1625 0
59 484 486 0
59 487 477 0
60 502 1510 0
60 1500 908 0
60 1510 1281 0
61 883 1243 0
61 896 1215 0
61 1215 1458 0
62 910 922 0
62 922 1362 0
62 1241 1844 0
62 1362 1565 0
63 515 1861 0
63 938 515 0
63 1487 938 0
64 521 1274 0
64 524 523 0
65 527 958 0
66 536 1520 0
66 967 1164 0
68 571 971 0
68 1532 543 0
69 545 972 0
69 972 974 0
69 974 546 0
70 548 1258 0
70 551 553 0
71 554 612 0
71 558 561 0
71 561 979 0
71 1294 1826 0
72 569 572 0
72 572 598 0
72 598 982 0
72 982 1298 0
73 998 1015 0
73 1015 1534 0
73 1316 1828 0
73 1829 1316 0
74 1852 1854 0
75 577 989 0
75 588 577 0
75 989 1305 0
76 212 594 0
76 594 711 0
76 1011 212 0
77 213 1013 0
77 1013 1328 0
78 600 1017 0
79 221 1268 0
80 318 1090 0
81 110 225 0
81 225 230 0
81 230 617 0
81 1851 1855 0
82 229 258 0
83 235 619 0
83 619 1064 0
83 658 625 0
83 1064 658 0
84 620 1033 0
84 1033 249 0
85 235 1030 0
85 627 1042 0
86 238 929 0
86 1046 644 0
87 1260 240 0
88 241 1352 0
89 630 887 0
89 887 1031 0
89 1041 1340 0
90 638 939 0
90 939 1486 0
90 1341 638 0
91 252 977 0
91 253 252 0
91 616 1026 0
92 256 1876 0
92 257 287 0
92 287 288 0
93 259 268 0
93 268 662 0
93 1048 1876 0
94 263 1806 0
94 270 1067 0
94 1067 664 0
95 263 94 0
96 271 684 0
97 273 275 0
97 275 846 0
98 670 901 0
98 675 1386 0
98 901 1056 0
99 278 281 0
99 281 282 0
99 282 685 0
100 282 684 0
100 684 283 0
101 291 1089 0
101 307 290 0
102 262 292 0
102 697 649 0
102 1584 697 0
103 293 694 0
103 1600 293 0
104 464 851 0
104 1412 300 0
105 173 302 0
105 301 698 0
105 302 1809 0
106 304 698 0
106 698 33 0
107 307 310 0
107 309 1088 0
107 310 311 0
108 312 1086 0
109 15 518 0
109 34 315 0
109 315 1091 0
110 81 226 0
110 607 1268 0
111 227 314 0
111 314 321 0
111 315 1855 0
111 321 1394 0
112 316 706 0
112 317 1010 0
113 323 324 0
113 324 1396 0
113 709 1858 0
113 1395 709 0
116 36 336 0
116 1006 1007 0
117 1588 333 0
118 334 1095 0
118 1095 715 0
119 339 1096 0
120 337 1400 0
120 347 717 0
120 1095 337 0
122 343 727 0
122 727 728 0
122 728 1099 0
122 1099 344 0
123 1104 1875 0
123 1398 1866 0
124 350 724 0
124 351 746 0
124 724 725 0
124 1859 351 0
125 343 723 0
125 723 1098 0
126 355 1109 0
126 964 1798 0
126 1109 1841 0
127 742 747 0
127 743 1120 0
127 747 1596 0
128 41 719 0
128 341 720 0
129 370 752 0
129 371 1124 0
129 1124 770 0
130 373 1177 0
130 375 1127 0
130 1127 1128 0
131 377 1601 0
131 755 838 0
131 838 1184 0
132 378 1134 0
132 1148 1152 0
133 760 764 0
133 1143 1605 0
133 1605 390 0
134 383 763 0
134 763 1416 0
134 766 771 0
134 771 1138 0
135 388 396 0
135 396 1140 0
136 431 1142 0
136 433 804 0
136 775 1421 0
137 391 777 0
138 394 1139 0
139 398 780 0
139 399 1149 0
140 135 781 0
140 401 418 0
140 418 1428 0
141 402 412 0
141 1419 1147 0
142 795 1154 0
143 407 790 0
143 785 1406 0
143 790 1156 0
143 1156 1424 0
144 408 410 0
144 409 1162 0
144 410 787 0
144 1162 420 0
145 411 872 0
146 150 800 0
146 415 1609 0
146 416 428 0
147 417 420 0
147 419 1159 0
147 420 793 0
148 421 1811 0
148 799 1165 0
148 1165 1857 0
148 1810 799 0
148 1857 1867 0
148 1867 1887 0
149 425 791 0
149 791 1160 0
150 146 428 0
150 427 800 0
151 51 415 0
151 52 1427 0
151 415 800 0
152 802 803 0
152 814 1172 0
152 1173 816 0
153 389 432 0
153 806 1812 0
154 435 808 0
154 808 832 0
155 436 441 0
155 441 1171 0
156 437 817 0
156 438 450 0
156 450 1860 0
156 817 818 0
157 443 815 0
157 815 1174 0
157 841 842 0
157 1190 841 0
159 448 821 0
160 809 821 0
161 1434 456 0
161 1704 1434 0
162 459 845 0
162 467 460 0
163 461 848 0
163 462 483 0
164 465 1194 0
164 855 1842 0
165 1446 1886 0
166 468 473 0
166 473 1200 0
167 470 860 0
167 860 1198 0
168 473 857 0
168 474 861 0
168 857 1448 0
169 672 673 0
169 870 1209 0
170 479 1847 0
170 480 1204 0
170 1204 1206 0
171 27 278 0
171 278 678 0
171 279 485 0
172 486 489 0
172 488 681 0
172 681 1077 0
173 105 303 0
173 1210 873 0
174 304 305 0
174 305 491 0
175 522 877 0
175 877 879 0
175 879 881 0
175 952 953 0
176 884 1366 0
176 1366 1368 0
177 895 919 0
178 898 1229 0
178 899 1479 0
178 1229 1230 0
178 1236 1716 0
179 907 913 0
179 913 1646 0
179 1472 1473 0
180 914 1253 0
180 1253 1689 0
180 1482 918 0
180 1484 1482 0
180 1562 1484 0
181 508 927 0
181 509 1489 0
182 6 1257 0
182 1261 239 0
183 519 1492 0
183 1496 518 0
184 520 522 0
184 522 947 0
185 523 525 0
185 528 1794 0
186 524 954 0
186 954 955 0
188 529 1509 0
189 958 1497 0
189 959 531 0
190 535 965 0
191 538 1021 0
191 1021 1289 0
192 194 544 0
192 540 973 0
192 973 1291 0
193 969 980 0
193 980 1805 0
194 192 1291 0
195 546 550 0
195 550 933 0
196 549 1490 0
196 1528 562 0
196 1671 1528 0
197 554 976 0
197 555 611 0
197 611 615 0
198 557 1804 0
198 558 613 0
198 613 1024 0
198 1337 557 0
199 560 562 0
199 562 1528 0
200 552 68 0
200 564 1297 0
201 580 1310 0
201 1004 580 0
201 1310 1329 0
202 991 1311 0
202 994 1672 0
202 1672 1817 0
203 541 192 0
203 544 67 0
203 575 576 0
203 576 1864 0
204 540 1803 0
205 572 573 0
205 573 1534 0
205 1015 1818 0
206 3 997 0
206 1796 1852 0
208 579 582 0
208 581 1004 0
208 582 1327 0
209 584 587 0
209 585 584 0
209 587 1763 0
210 75 592 0
210 578 588 0
210 592 1326 0
211 38 590 0
211 590 711 0
211 594 1012 0
212 592 1005 0
212 1326 592 0
213 595 1013 0
214 77 216 0
214 216 997 0
215 1818 1819 0
216 77 1328 0
217 596 574 0
217 597 1539 0
217 598 1014 0
218 599 601 0
219 361 603 0
219 602 1019 0
221 14 225 0
221 79 285 0
221 110 1268 0
221 285 286 0
222 306 700 0
222 606 1087 0
222 1336 606 0
223 318 608 0
224 612 615 0
224 615 1023 0
224 1023 1025 0
225 14 229 0
225 110 221 0
225 229 230 0
226 34 607 0
226 81 1855 0
226 315 34 0
227 111 1851 0
227 617 1027 0
228 82 1048 0
228 260 1044 0
228 1044 1354 0
228 1542 82 0
229 14 257 0
229 82 230 0
229 257 258 0
230 82 1542 0
231 17 1355 0
231 235 236 0
231 648 619 0
232 19 627 0
232 84 249 0
232 624 84 0
233 620 1029 0
233 621 632 0
234 83 625 0
234 623 626 0
234 625 1029 0
235 83 626 0
235 85 236 0
235 231 619 0
235 626 1030 0
236 85 642 0
236 642 1856 0
237 18 254 0
237 86 508 0
237 254 1046 0
237 508 510 0
238 86 644 0
238 644 1045 0
239 1261 87 0
241 21 634 0
242 88 1351 0
242 1351 1457 0
243 629 640 0
243 640 1041 0
243 891 1339 0
244 631 886 0
244 886 889 0
245 21 240 0
245 1343 634 0
246 513 1040 0
247 232 249 0
248 639 936 0
248 936 937 0
249 1486 247 0
250 22 253 0
250 1543 643 0
251 17 1856 0
251 643 1043 0
251 1354 17 0
252 1337 977 0
253 91 1026 0
253 1026 1543 0
255 22 646 0
255 646 645 0
256 24 259 0
256 92 288 0
256 93 1876 0
256 259 93 0
256 288 289 0
257 14 286 0
257 92 258 0
257 286 287 0
258 1876 1048 0
259 24 267 0
259 267 268 0
260 662 647 0
260 1048 93 0
261 23 269 0
261 269 665 0
261 270 1049 0
262 102 649 0
262 649 1049 0
262 1049 1807 0
263 24 693 0
263 95 267 0
263 651 1806 0
264 652 1712 0
264 1062 652 0
265 1051 1058 0
265 1055 1372 0
265 1372 1373 0
266 657 1076 0
266 1063 1574 0
266 1076 1388 0
266 1388 1052 0
266 1574 1380 0
267 95 661 0
268 267 661 0
269 23 1801 0
269 1801 1847 0
270 94 1049 0
270 261 665 0
270 665 666 0
270 666 1067 0
271 26 1797 0
272 96 281 0
273 171 275 0
274 97 846 0
274 460 5 0
275 171 485 0
276 673 1072 0
276 1072 1452 0
277 675 1822 0
278 99 678 0
278 272 281 0
279 171 678 0
279 678 679 0
279 679 1389 0
280 682 685 0
280 685 687 0
281 96 684 0
282 100 686 0
283 1234 100 0
284 686 688 0
284 1808 687 0
285 79 700 0
285 700 1085 0
286 285 690 0
286 690 287 0
288 287 691 0
288 691 692 0
289 1391 693 0
290 29 294 0
290 294 694 0
290 298 101 0
291 30 312 0
291 101 298 0
291 312 1089 0
292 262 650 0
292 650 293 0
292 1584 102 0
292 1600 1584 0
293 297 1082 0
294 29 372 0
294 1411 103 0
294 1597 1411 0
295 291 298 0
295 298 1082 0
295 1082 296 0
296 30 295 0
296 297 695 0
297 293 650 0
297 296 1082 0
297 650 695 0
298 290 694 0
298 694 1082 0
299 697 1392 0
299 848 1083 0
300 464 104 0
300 1129 696 0
300 1412 1739 0
300 1739 1129 0
301 105 757 0
301 757 1414 0
301 1088 309 0
302 8 379 0
302 173 490 0
302 379 380 0
302 380 1809 0
303 105 698 0
304 106 305 0
304 303 698 0
304 1873 303 0
305 106 701 0
305 701 1087 0
306 222 1087 0
306 699 1085 0
307 101 310 0
307 107 702 0
307 702 1125 0
308 702 1133 0
308 1133 1135 0
309 33 301 0
309 107 311 0
309 311 313 0
310 101 1089 0
310 108 311 0
311 108 313 0
312 30 704 0
312 108 1089 0
312 704 1393 0
313 108 1086 0
314 1027 616 0
315 111 1394 0
315 226 1855 0
316 35 322 0
316 112 587 0
316 322 706 0
317 112 609 0
317 609 610 0
317 610 705 0
317 705 1325 0
318 80 608 0
318 223 609 0
318 609 706 0
318 706 1090 0
319 109 1091 0
319 325 15 0
319 707 1008 0
319 1008 325 0
320 16 1295 0
321 16 320 0
321 320 708 0
321 708 1394 0
322 35 1092 0
323 36 591 0
323 113 1858 0
324 76 711 0
324 323 593 0
324 593 76 0
324 711 1396 0
325 1008 1322 0
326 39 942 0
326 327 712 0
326 942 1265 0
326 1265 519 0
327 326 519 0
327 1322 712 0
328 718 517 0
328 1266 942 0
329 12 516 0
329 516 517 0
329 718 340 0
330 326 712 0
330 712 1320 0
331 330 1006 0
331 713 1587 0
332 11 745 0
334 40 337 0
334 337 1095 0
335 118 715 0
335 715 1093 0
336 323 1858 0
336 714 116 0
338 329 340 0
338 346 727 0
339 119 717 0
339 347 348 0
339 348 1586 0
340 346 338 0
340 1695 121 0
341 128 719 0
341 719 1589 0
341 1121 720 0
343 122 723 0
343 125 352 0
343 338 727 0
344 723 122 0
344 724 1105 0
344 1099 724 0
345 725 1099 0
345 726 1859 0
345 728 1100 0
346 121 348 0
346 340 121 0
346 348 1866 0
347 120 1104 0
347 123 348 0
347 339 717 0
347 1104 123 0
348 121 1586 0
348 123 1866 0
349 729 1100 0
349 1100 1398 0
349 1398 1875 0
349 1399 730 0
350 731 1105 0
350 746 1660 0
351 726 1839 0
351 1122 746 0
352 125 358 0
354 355 1798 0
354 405 406 0
354 406 1110 0
354 1798 1840 0
355 354 1110 0
355 1110 1405 0
356 1087 606 0
356 1541 1022 0
357 352 358 0
357 358 1114 0
357 941 1264 0
357 1114 941 0
358 125 738 0
358 1595 1114 0
359 4 603 0
359 361 1883 0
359 603 361 0
361 219 1019 0
362 741 1884 0
362 1118 741 0
364 360 365 0
365 361 1865 0
365 743 364 0
365 1883 361 0
366 342 367 0
366 1522 1668 0
366 1668 342 0
367 342 720 0
367 720 1121 0
367 740 366 0
367 745 739 0
369 43 538 0
369 1517 1523 0
370 129 770 0
370 748 751 0
370 751 752 0
371 129 750 0
371 749 1124 0
372 371 750 0
373 1128 1413 0
374 373 1413 0
374 751 1126 0
375 130 1178 0
376 762 759 0
376 1183 1185 0
377 131 1184 0
377 756 384 0
377 1184 1612 0
378 47 703 0
378 132 1152 0
378 703 1135 0
378 1152 1418 0
379 8 782 0
379 782 1148 0
380 132 1134 0
380 1148 132 0
381 382 760 0
381 760 774 0
381 774 1141 0
382 381 759 0
382 759 762 0
382 762 1136 0
383 133 764 0
383 134 385 0
383 385 1143 0
383 1143 133 0
384 756 765 0
384 765 767 0
384 767 769 0
385 47 1143 0
385 134 1138 0
386 767 768 0
386 768 770 0
386 770 1410 0
387 399 400 0
387 400 1140 0
387 1150 399 0
388 9 395 0
388 135 140 0
388 140 1161 0
388 395 396 0
388 1161 9 0
389 153 433 0
390 773 133 0
390 775 1431 0
390 1605 1423 0
392 137 776 0
392 776 1144 0
393 429 778 0
393 776 777 0
393 777 429 0
393 778 1812 0
393 806 776 0
394 48 397 0
394 397 1139 0
395 138 396 0
396 138 1139 0
396 1139 1140 0
397 48 1144 0
398 49 1153 0
398 139 1146 0
399 139 400 0
400 135 1140 0
400 139 780 0
400 780 781 0
401 140 781 0
401 417 418 0
401 781 1153 0
402 8 411 0
402 141 1147 0
402 411 412 0
403 141 410 0
403 783 1419 0
403 1419 141 0
404 50 407 0
404 407 784 0
404 784 1154 0
404 1742 1607 0
405 142 406 0
405 354 1840 0
405 422 142 0
405 1799 1800 0
406 142 1154 0
407 50 788 0
407 143 784 0
407 788 790 0
408 144 420 0
408 403 410 0
408 783 403 0
409 50 1607 0
409 144 787 0
409 1607 1162 0
410 141 412 0
410 412 1155 0
411 145 412 0
412 145 1155 0
413 409 787 0
413 414 788 0
413 787 1155 0
414 145 872 0
414 1155 145 0
415 51 423 0
415 146 800 0
416 10 428 0
416 532 534 0
416 1284 532 0
417 147 418 0
417 408 420 0
417 1153 49 0
418 147 1159 0
419 147 793 0
419 792 1159 0
419 793 1163 0
419 796 792 0
421 148 1887 0
421 422 1800 0
421 1608 422 0
422 405 1800 0
422 795 142 0
422 1608 795 0
423 51 796 0
423 796 1429 0
423 1429 1867 0
423 1609 415 0
424 797 1283 0
424 1810 798 0
426 149 1160 0
426 1160 1427 0
427 151 800 0
429 810 1705 0
429 1145 810 0
430 804 434 0
431 136 804 0
431 802 1142 0
432 387 772 0
432 389 387 0
432 772 805 0
432 806 153 0
433 1421 389 0
433 1812 434 0
434 778 430 0
434 804 433 0
435 31 1167 0
436 53 440 0
436 440 441 0
437 156 1860 0
437 809 54 0
438 45 449 0
438 156 439 0
438 439 1145 0
438 449 450 0
438 1145 45 0
439 156 818 0
439 810 1145 0
439 818 1437 0
440 442 1882 0
441 440 1882 0
442 440 454 0
442 455 811 0
442 811 1882 0
442 832 807 0
444 456 1434 0
444 1190 820 0
444 1434 1710 0
444 1710 1190 0
445 443 812 0
445 814 816 0
445 816 1175 0
446 813 820 0
446 819 1176 0
446 820 1174 0
447 158 1171 0
448 160 821 0
449 159 450 0
450 159 821 0
450 821 1860 0
451 863 475 0
451 1620 863 0
452 827 1180 0
452 828 1199 0
452 829 167 0
453 457 807 0
453 808 831 0
453 832 808 0
454 53 1885 0
455 161 811 0
455 457 1433 0
455 1433 161 0
456 54 822 0
456 444 54 0
456 822 1168 0
457 453 830 0
458 162 845 0
458 845 1454 0
458 858 162 0
459 460 846 0
459 846 847 0
460 274 846 0
460 459 162 0
461 163 481 0
461 478 1083 0
462 56 482 0
462 163 849 0
462 482 483 0
462 849 1194 0
463 104 851 0
463 848 299 0
463 1084 104 0
464 696 850 0
465 56 1194 0
465 164 1842 0
465 1195 1444 0
466 1447 165 0
467 5 460 0
467 162 858 0
467 858 1447 0
468 57 857 0
469 166 1200 0
469 1200 1451 0
470 476 1201 0
471 826 827 0
471 827 1198 0
472 859 1198 0
472 1187 859 0
472 1442 1187 0
473 168 861 0
473 468 857 0
473 1199 1200 0
474 168 856 0
474 470 829 0
474 476 470 0
474 829 861 0
475 854 862 0
475 863 854 0
476 58 853 0
476 474 58 0
477 487 870 0
477 1073 59 0
478 170 1847 0
478 461 481 0
478 867 170 0
479 170 1206 0
479 269 1847 0
479 665 269 0
480 170 867 0
480 867 1207 0
480 1073 1204 0
481 483 1208 0
482 56 868 0
482 871 489 0
483 481 163 0
483 869 1208 0
484 59 1207 0
485 279 680 0
485 847 275 0
486 172 1077 0
486 484 489 0
487 59 486 0
487 486 1077 0
487 1077 1453 0
488 680 681 0
488 845 847 0
488 847 680 0
489 484 869 0
490 173 873 0
490 411 8 0
490 872 411 0
491 356 492 0
491 876 174 0
492 356 944 0
493 876 874 0
493 1210 1873 0
493 1426 1158 0
494 951 1501 0
494 1212 1460 0
494 1460 1272 0
495 893 1225 0
495 924 1249 0
495 1225 1248 0
495 1249 1813 0
496 887 889 0
496 888 1223 0
496 889 1462 0
497 1347 1226 0
497 1547 1347 0
498 896 916 0
498 916 1481 0
499 28 1390 0
499 899 902 0
500 670 1385 0
500 671 902 0
500 902 1228 0
500 1228 1835 0
501 1232 1474 0
501 1237 1240 0
502 60 908 0
502 907 1638 0
502 908 1242 0
503 913 1242 0
504 914 916 0
504 925 1250 0
506 924 1247 0
506 1371 1732 0
507 927 929 0
507 928 1487 0
507 929 1485 0
508 86 929 0
508 181 510 0
509 63 1255 0
509 181 927 0
509 1255 1489 0
509 1487 63 0
510 181 1256 0
511 550 1259 0
511 930 931 0
511 931 933 0
511 932 1868 0
512 182 931 0
512 930 1255 0
513 246 1039 0
513 935 1040 0
514 937 1263 0
515 940 1861 0
515 1263 1039 0
516 357 1264 0
516 1264 943 0
517 516 943 0
517 718 329 0
517 943 1266 0
517 1266 328 0
518 34 109 0
519 15 327 0
519 1265 1492 0
520 877 522 0
521 184 947 0
521 947 1274 0
522 175 953 0
524 64 1274 0
524 186 948 0
524 948 523 0
525 528 185 0
525 1276 528 0
526 952 956 0
526 955 1275 0
526 956 1501 0
527 187 1270 0
529 531 1509 0
530 188 1280 0
531 529 65 0
531 958 189 0
532 533 1332 0
533 967 1332 0
535 42 1848 0
535 190 794 0
535 537 965 0
536 66 797 0
536 798 190 0
536 965 1519 0
536 1519 1520 0
537 535 1848 0
537 1802 1814 0
537 1814 1849 0
538 191 966 0
539 191 1289 0
539 963 1666 0
539 1518 191 0
540 192 541 0
540 204 571 0
540 541 1803 0
541 203 1864 0
542 556 969 0
542 968 970 0
542 969 1312 0
543 200 68 0
543 565 200 0
543 1314 1313 0
544 203 192 0
545 194 1291 0
547 195 933 0
547 933 1257 0
548 70 553 0
548 196 1258 0
548 553 1671 0
549 196 562 0
549 510 1490 0
550 511 933 0
551 70 1292 0
551 1292 1525 0
552 200 563 0
552 553 1290 0
552 1293 571 0
553 551 1290 0
553 552 563 0
554 71 1826 0
554 197 615 0
555 197 970 0
555 610 611 0
555 968 975 0
556 542 970 0
556 970 976 0
556 1824 980 0
558 71 612 0
558 198 559 0
558 559 561 0
558 612 613 0
559 198 1804 0
559 1804 1296 0
560 199 1296 0
560 549 562 0
561 199 1527 0
561 1296 199 0
563 200 1297 0
563 1297 1671 0
563 1671 553 0
564 200 565 0
564 565 1825 0
564 979 1527 0
565 543 1313 0
565 1313 1805 0
565 1805 1825 0
566 981 1329 0
567 992 1816 0
567 1299 992 0
568 988 1307 0
568 1307 1309 0
568 1309 1531 0
569 72 1298 0
569 991 996 0
570 1533 1862 0
570 1832 1533 0
570 1862 1863 0
571 68 552 0
571 204 971 0
571 1293 540 0
572 205 1014 0
572 569 573 0
573 569 996 0
573 996 1830 0
574 215 1796 0
574 216 597 0
574 596 215 0
574 997 216 0
575 203 67 0
575 207 576 0
576 998 1864 0
576 1820 1016 0
577 999 987 0
577 1304 989 0
578 210 589 0
578 589 1009 0
578 1009 1729 0
578 1729 1002 0
579 37 582 0
579 201 595 0
580 581 1319 0
580 990 1310 0
581 208 1327 0
581 580 1004 0
581 1005 1305 0
581 1305 1319 0
582 1012 1327 0
583 589 1326 0
583 1011 591 0
584 316 587 0
585 209 1324 0
586 1324 209 0
586 1537 1324 0
586 1763 1729 0
587 112 1010 0
588 75 210 0
588 578 1002 0
589 210 1326 0
589 1323 1009 0
590 114 1396 0
590 1888 114 0
592 75 1005 0
593 323 591 0
593 591 1011 0
594 211 711 0
594 212 1005 0
594 1005 1327 0
595 201 1329 0
595 213 1793 0
595 1329 1013 0
596 217 1014 0
596 1014 1818 0
597 216 1328 0
597 217 574 0
597 1328 1539 0
598 217 981 0
598 572 1014 0
598 981 982 0
599 534 601 0
600 218 1330 0
601 534 1018 0
601 1018 1670 0
601 1330 218 0
602 78 220 0
604 605 1334 0
604 1020 220 0
604 1331 605 0
605 1021 1334 0
605 1331 1540 0
606 1336 1541 0
607 34 945 0
607 110 226 0
608 611 223 0
608 614 1023 0
609 112 706 0
609 223 610 0
610 223 611 0
610 555 975 0
611 608 1023 0
612 224 613 0
612 554 615 0
613 224 1025 0
614 608 80 0
614 1295 1526 0
615 611 1023 0
616 977 1295 0
617 1851 81 0
618 621 622 0
618 622 1060 0
618 1060 1555 0
619 1382 1064 0
620 84 624 0
620 233 1032 0
620 624 1029 0
620 1032 1033 0
621 233 622 0
621 618 1028 0
621 631 632 0
622 233 1029 0
623 232 627 0
623 234 624 0
623 627 1030 0
624 232 623 0
624 234 1029 0
625 622 1029 0
626 83 234 0
626 623 1030 0
627 19 628 0
627 85 1030 0
628 19 637 0
628 1356 1042 0
629 243 1339 0
629 639 640 0
629 935 639 0
629 1339 1545 0
630 89 633 0
630 244 889 0
630 1032 632 0
631 244 632 0
631 885 886 0
632 244 630 0
633 89 1340 0
633 1033 1032 0
633 1340 1341 0
633 1341 1033 0
634 1352 241 0
635 1346 1349 0
635 1349 1550 0
636 245 240 0
636 1353 245 0
636 1649 1038 0
637 238 1045 0
637 247 1254 0
637 1045 628 0
637 1254 1485 0
638 248 937 0
638 937 939 0
638 1341 1342 0
638 1342 248 0
639 248 640 0
639 935 936 0
641 251 1856 0
641 642 1682 0
641 643 251 0
642 85 1042 0
642 641 1856 0
642 1042 1682 0
643 641 1047 0
643 1047 250 0
644 1683 1356 0
645 646 1683 0
646 250 1047 0
646 1047 1554 0
646 1554 1683 0
647 648 1355 0
647 1355 260 0
647 1384 648 0
648 231 1355 0
649 23 261 0
649 261 1049 0
649 697 23 0
650 262 1807 0
650 651 695 0
651 650 1807 0
652 1052 1053 0
653 1051 1557 0
654 1360 1690 0
654 1572 1691 0
654 1766 1785 0
655 1375 1684 0
655 1558 1567 0
655 1684 1358 0
656 1058 1569 0
656 1569 1570 0
656 1570 1821 0
656 1715 1573 0
656 1821 1834 0
657 25 677 0
657 677 1076 0
658 659 1060 0
658 1060 625 0
658 1577 659 0
659 660 1061 0
660 659 1381 0
661 95 1065 0
661 1065 1383 0
661 1066 268 0
662 260 93 0
662 268 1066 0
662 1066 1384 0
663 25 657 0
663 667 669 0
663 1576 1578 0
664 95 94 0
664 1065 95 0
664 1068 667 0
664 1578 1065 0
665 479 865 0
666 665 668 0
668 1074 1068 0
668 1582 1581 0
669 674 676 0
670 98 1071 0
670 1835 901 0
671 864 499 0
672 169 1069 0
672 1069 1385 0
672 1070 1072 0
673 276 1203 0
673 672 1072 0
673 870 169 0
673 1203 477 0
674 669 1074 0
674 1074 1581 0
674 1580 1387 0
675 98 1056 0
675 277 1075 0
675 1056 1057 0
675 1057 1822 0
675 1075 1386 0
676 277 1377 0
676 1387 277 0
677 676 1377 0
677 1377 1571 0
678 682 679 0
679 682 1078 0
679 1078 1389 0
680 279 681 0
681 279 1389 0
682 99 685 0
682 280 1078 0
682 678 99 0
683 28 864 0
683 864 1202 0
683 1081 28 0
683 1202 1823 0
684 282 281 0
684 1797 283 0
685 282 686 0
685 686 687 0
686 100 688 0
686 284 687 0
687 1079 280 0
687 1808 1823 0
688 100 1234 0
688 1238 284 0
689 284 1238 0
689 683 1808 0
689 1238 1480 0
690 704 691 0
691 30 692 0
691 287 690 0
692 289 288 0
692 1391 289 0
693 651 263 0
694 293 1082 0
694 294 103 0
695 651 693 0
695 1391 296 0
696 32 862 0
696 464 300 0
699 306 701 0
699 313 1086 0
700 79 1495 0
700 306 1085 0
700 1495 222 0
701 306 1087 0
701 313 699 0
702 107 1088 0
702 308 749 0
702 749 1125 0
702 1088 1133 0
703 385 1138 0
703 1138 1602 0
704 30 691 0
704 690 1393 0
705 13 1001 0
705 975 13 0
705 1001 1325 0
706 322 1090 0
707 319 1091 0
707 585 1008 0
707 1091 1092 0
707 1092 35 0
708 320 1090 0
708 322 1092 0
708 1090 322 0
708 1092 1394 0
709 336 1858 0
709 710 119 0
709 714 336 0
710 709 1395 0
710 717 119 0
710 1585 716 0
711 590 1396 0
713 116 714 0
713 714 1397 0
713 1006 116 0
713 1397 1587 0
714 709 119 0
715 716 1585 0
716 715 1095 0
717 710 716 0
717 716 120 0
718 328 1097 0
718 1695 340 0
718 1696 1695 0
719 730 1399 0
720 342 128 0
721 117 332 0
721 332 745 0
722 721 1121 0
722 1588 721 0
722 1589 1767 0
723 344 1098 0
724 350 1105 0
725 345 1859 0
725 724 1099 0
726 41 1839 0
726 345 729 0
726 351 1859 0
726 729 730 0
727 1101 728 0
728 345 1099 0
729 345 1100 0
729 349 730 0
730 719 41 0
731 350 1660 0
731 732 1105 0
731 733 732 0
731 1660 1661 0
733 731 1661 0
733 1404 732 0
733 1515 1663 0
733 1663 1404 0
734 353 1108 0
734 1108 1405 0
734 1110 1112 0
734 1407 353 0
735 875 944 0
735 1113 875 0
735 1651 1267 0
736 1267 941 0
737 736 1401 0
737 1113 735 0
737 1401 1403 0
738 125 1098 0
738 1098 1116 0
738 1116 1594 0
738 1594 1595 0
738 1595 358 0
740 363 741 0
740 367 739 0
740 739 363 0
741 363 1884 0
741 1118 1119 0
741 1119 740 0
742 127 1120 0
742 1523 1669 0
742 1669 747 0
743 365 744 0
743 1118 364 0
744 365 1865 0
745 367 1121 0
745 1121 721 0
746 350 124 0
746 1122 1726 0
747 1669 1521 0
748 46 1126 0
748 768 767 0
749 308 1417 0
749 371 1125 0
750 752 754 0
751 374 1131 0
751 748 1126 0
751 754 752 0
752 750 129 0
753 1127 1129 0
753 1129 1739 0
753 1413 1128 0
754 751 1131 0
754 1130 1598 0
755 131 762 0
756 46 765 0
756 377 1612 0
757 105 1809 0
757 758 1414 0
758 1133 1414 0
758 1134 1135 0
759 381 761 0
760 133 773 0
760 382 764 0
760 773 774 0
761 376 759 0
761 381 1141 0
761 801 1440 0
762 131 1415 0
762 376 755 0
763 383 764 0
763 764 1136 0
763 1136 1416 0
764 382 1136 0
765 748 767 0
766 134 1416 0
766 769 771 0
767 386 769 0
768 370 770 0
768 748 370 0
769 386 771 0
769 1137 384 0
770 1124 1410 0
771 386 1410 0
772 387 1140 0
772 1139 397 0
773 1431 774 0
775 136 1142 0
775 390 1423 0
775 1142 1431 0
776 137 777 0
776 806 1144 0
777 391 1145 0
777 1145 429 0
778 434 1812 0
778 1705 1435 0
779 1420 1603 0
780 398 1153 0
781 135 400 0
781 780 1153 0
782 402 1147 0
782 779 1148 0
783 398 1146 0
783 408 49 0
783 1146 1419 0
784 143 1406 0
785 143 1424 0
785 1112 1406 0
785 1424 1425 0
785 1425 786 0
786 1591 1407 0
787 410 1155 0
788 414 790 0
789 1156 1157 0
789 1158 1606 0
790 414 1157 0
791 425 1161 0
791 1159 1160 0
791 1161 1428 0
792 151 1427 0
792 796 51 0
792 1160 1159 0
793 420 1162 0
794 190 798 0
794 798 1810 0
794 1810 1811 0
795 404 1154 0
795 1742 404 0
796 419 1163 0
796 1163 1429 0
797 66 1164 0
797 424 798 0
797 1164 1283 0
798 536 797 0
799 424 1430 0
801 761 1141 0
802 152 1172 0
802 431 803 0
803 431 804 0
803 1173 152 0
804 430 803 0
805 397 1144 0
805 772 397 0
806 393 1812 0
806 432 805 0
806 805 1144 0
807 455 442 0
807 457 455 0
807 832 453 0
808 435 1167 0
808 1167 831 0
809 437 821 0
809 822 54 0
810 439 1437 0
810 1437 1705 0
811 161 456 0
811 456 1168 0
811 1170 1882 0
812 443 834 0
812 814 445 0
812 834 1440 0
813 437 54 0
813 444 820 0
813 817 437 0
814 152 816 0
814 812 1172 0
815 443 445 0
815 445 1175 0
815 819 1174 0
816 1173 1436 0
817 446 1176 0
817 813 446 0
818 817 1176 0
818 1176 1437 0
819 446 1174 0
819 815 1175 0
819 1175 1611 0
819 1611 1176 0
820 1190 1174 0
821 437 1860 0
822 1169 1168 0
823 130 1177 0
823 1177 1615 0
824 1201 863 0
824 1620 1442 0
825 826 830 0
825 1180 826 0
826 471 1179 0
827 167 1198 0
827 452 167 0
827 826 1180 0
828 1180 825 0
828 1181 1451 0
829 452 1199 0
829 470 167 0
830 826 843 0
830 831 825 0
830 843 844 0
831 830 453 0
831 1167 1181 0
832 442 454 0
832 1885 154 0
833 836 837 0
833 1617 836 0
834 443 842 0
835 376 761 0
835 761 1440 0
835 837 1183 0
836 1617 1618 0
836 1618 1743 0
837 1182 833 0
838 755 1185 0
839 1186 1188 0
839 1709 1619 0
840 1191 1193 0
840 1622 1188 0
841 1190 1749 0
841 1749 1621 0
842 443 157 0
842 1182 834 0
843 1193 844 0
844 457 830 0
844 1433 457 0
846 275 847 0
847 485 680 0
847 845 459 0
848 461 1083 0
848 849 163 0
849 463 851 0
849 848 463 0
849 851 1194 0
850 851 464 0
850 855 164 0
851 164 1194 0
851 850 164 0
852 465 1444 0
853 58 1445 0
853 855 854 0
854 1201 853 0
855 850 862 0
855 853 1445 0
855 862 854 0
856 168 1448 0
856 1448 1449 0
856 1449 1625 0
857 1446 1448 0
858 458 1197 0
858 1197 1624 0
859 471 1198 0
859 839 1188 0
859 1187 839 0
860 470 1201 0
860 472 1198 0
860 824 472 0
861 829 1199 0
862 850 696 0
863 1201 854 0
863 1620 824 0
864 28 499 0
864 671 1069 0
865 668 665 0
865 1206 1582 0
866 1205 1694 0
866 1582 1206 0
867 478 481 0
867 481 1208 0
868 871 482 0
869 482 489 0
869 483 482 0
869 484 1207 0
869 1207 1208 0
870 487 1453 0
870 673 477 0
871 458 1454 0
872 873 1455 0
872 1157 414 0
873 872 490 0
873 1210 1627 0
874 876 492 0
875 492 944 0
875 874 492 0
876 491 492 0
876 1873 174 0
877 520 1792 0
878 881 1456 0
879 877 1213 0
879 1213 1681 0
880 1215 1217 0
880 1216 1215 0
880 1217 1630 0
881 879 1214 0
881 1214 1628 0
882 1219 1631 0
882 1468 1469 0
883 61 1458 0
883 892 1813 0
884 176 888 0
884 888 1462 0
885 631 1028 0
885 1028 1220 0
885 1221 886 0
885 1461 1221 0
886 1221 1462 0
887 496 890 0
887 630 889 0
887 890 1031 0
888 176 1222 0
888 496 1462 0
888 1222 1463 0
889 886 1462 0
890 496 1223 0
890 1223 1464 0
890 1224 1031 0
891 1224 1465 0
892 497 893 0
892 883 1458 0
892 893 1813 0
892 1458 1678 0
893 495 1813 0
893 497 1226 0
893 1226 1466 0
894 177 911 0
894 911 912 0
894 912 1500 0
894 1227 1469 0
894 1469 177 0
894 1500 1227 0
895 177 1469 0
895 498 917 0
895 917 919 0
896 61 915 0
896 498 1217 0
896 915 916 0
897 1241 1565 0
897 1475 1241 0
898 897 1363 0
898 1363 1229 0
899 178 1230 0
899 499 1390 0
899 1228 902 0
899 1390 1479 0
900 1228 1230 0
900 1470 1228 0
901 1835 1836 0
902 671 499 0
903 1231 1477 0
903 1232 1655 0
903 1642 1232 0
903 1655 1722 0
904 283 1277 0
904 1502 1652 0
905 1236 1645 0
905 1237 1474 0
905 1474 1478 0
905 1478 1643 0
906 688 1234 0
906 1234 1235 0
906 1235 1240 0
907 179 1473 0
907 502 1242 0
907 1473 1638 0
908 912 1242 0
909 179 1646 0
909 1471 1472 0
909 1472 179 0
910 62 1844 0
910 921 922 0
910 1483 921 0
911 177 919 0
911 503 912 0
911 919 920 0
911 1244 503 0
912 503 1242 0
912 908 1500 0
913 503 1244 0
913 907 1242 0
913 1244 1646 0
914 504 1250 0
914 1250 1253 0
915 61 1243 0
915 504 916 0
916 914 1481 0
917 498 1481 0
918 914 180 0
918 1245 917 0
918 1481 914 0
919 1245 920 0
920 1717 1244 0
921 505 922 0
922 505 1361 0
922 1361 1362 0
923 1222 176 0
923 1247 1248 0
923 1248 1632 0
924 495 1248 0
924 506 1251 0
925 926 1250 0
925 1243 1249 0
925 1249 1251 0
925 1251 1252 0
926 925 1252 0
926 1252 1687 0
927 507 1487 0
927 508 929 0
927 1487 509 0
928 507 1485 0
928 939 514 0
928 1254 1486 0
929 238 1485 0
930 511 1868 0
930 512 931 0
931 182 1257 0
932 70 1258 0
932 511 1259 0
932 1258 1488 0
932 1488 1868 0
933 931 1257 0
934 940 1491 0
934 1260 1261 0
935 513 936 0
935 629 1262 0
936 513 1263 0
937 514 939 0
937 936 1263 0
938 514 1263 0
938 1487 514 0
939 928 1486 0
940 182 512 0
940 512 1255 0
940 515 1491 0
940 934 182 0
940 1255 1861 0
941 1114 736 0
941 1494 1264 0
942 1097 328 0
943 946 1493 0
944 356 1022 0
945 1756 607 0
946 1264 1494 0
946 1650 1874 0
947 522 953 0
947 953 1275 0
948 525 523 0
948 1269 1276 0
949 186 955 0
949 955 1271 0
949 1282 1512 0
949 1512 186 0
950 951 1273 0
950 1281 1499 0
950 1499 1282 0
951 494 1272 0
951 950 1271 0
951 1271 1501 0
951 1272 1273 0
952 175 881 0
952 526 953 0
952 878 956 0
952 881 878 0
953 526 1275 0
954 524 1274 0
954 1274 1275 0
955 526 1501 0
955 954 1275 0
956 494 1501 0
956 1212 494 0
957 530 1280 0
957 1502 1277 0
958 527 1270 0
958 531 65 0
958 1270 1497 0
959 189 1506 0
959 1509 531 0
960 1502 1843 0
960 1652 1502 0
961 962 1507 0
961 1506 189 0
961 1511 962 0
962 1282 1499 0
963 66 1520 0
963 967 66 0
963 1288 1666 0
964 126 1285 0
964 1285 1516 0
964 1516 1869 0
965 536 190 0
965 537 1849 0
965 1287 1519 0
966 191 1518 0
966 369 538 0
967 533 1164 0
967 539 1289 0
967 963 539 0
967 1289 1524 0
968 542 983 0
968 555 970 0
968 983 1300 0
969 193 993 0
969 556 980 0
969 993 1312 0
970 197 976 0
971 204 995 0
971 995 1532 0
972 545 1291 0
972 1525 1292 0
973 540 1293 0
973 1293 1525 0
974 550 546 0
974 972 1292 0
974 1259 550 0
975 705 610 0
975 1300 13 0
976 554 1826 0
977 616 91 0
977 1337 1526 0
978 18 560 0
978 255 645 0
978 560 1296 0
978 645 254 0
979 561 1527 0
979 1294 71 0
980 1824 1825 0
981 217 1539 0
981 566 982 0
982 566 1308 0
983 542 1312 0
983 567 985 0
983 985 1300 0
984 992 994 0
984 994 1815 0
984 1302 1816 0
985 567 1529 0
986 1302 1530 0
987 986 1530 0
987 1000 986 0
988 568 1304 0
988 1303 1311 0
988 1304 1530 0
989 568 1531 0
989 1304 568 0
990 580 1319 0
990 1308 1310 0
991 202 1817 0
991 1298 1306 0
991 1306 1311 0
992 984 1816 0
992 1299 1862 0
993 193 1313 0
993 1299 1312 0
993 1827 1863 0
994 202 1815 0
994 992 1862 0
994 1533 1672 0
995 204 1316 0
995 1314 1532 0
995 1316 1829 0
995 1829 1831 0
996 991 1817 0
996 1317 1830 0
997 1796 206 0
998 576 1016 0
998 1828 1864 0
999 577 1002 0
999 1003 1318 0
999 1318 1000 0
1000 987 999 0
1000 1301 1529 0
1001 1318 1538 0
1002 577 588 0
1002 1003 999 0
1003 1002 1729 0
1003 1538 1318 0
1004 201 579 0
1004 579 208 0
1005 75 1305 0
1005 581 1327 0
1006 330 1320 0
1006 713 331 0
1006 1321 1007 0
1007 583 591 0
1007 591 36 0
1007 1321 1535 0
1007 1535 583 0
1008 1324 1536 0
1009 586 1729 0
1009 1537 586 0
1010 317 1325 0
1010 1325 1538 0
1010 1674 1763 0
1011 76 593 0
1012 115 211 0
1012 582 115 0
1012 594 1327 0
1013 1539 1328 0
1014 205 1818 0
1015 205 1534 0
1015 998 1016 0
1015 1016 1819 0
1017 220 78 0
1017 600 1330 0
1017 1331 220 0
1018 532 1332 0
1018 534 532 0
1018 1332 1524 0
1018 1524 1670 0
1019 602 220 0
1019 1865 361 0
1020 604 1333 0
1020 744 1865 0
1020 1019 220 0
1021 538 1334 0
1021 605 1540 0
1022 1541 1335 0
1023 614 1025 0
1024 613 1025 0
1024 1025 1526 0
1025 614 1526 0
1026 1027 1338 0
1026 1338 1543 0
1027 314 227 0
1027 617 1338 0
1027 1026 616 0
1028 618 1050 0
1028 631 621 0
1028 1050 1220 0
1031 891 243 0
1032 233 632 0
1032 630 633 0
1033 90 249 0
1033 1341 90 0
1034 635 1551 0
1034 1346 635 0
1035 1034 1343 0
1035 1676 1544 0
1036 634 1343 0
1036 1034 1551 0
1036 1343 1034 0
1036 1352 634 0
1037 1348 1350 0
1037 1764 1770 0
1037 1770 1550 0
1038 246 1353 0
1038 1353 636 0
1038 1491 1039 0
1039 246 1038 0
1039 1491 515 0
1040 935 1262 0
1041 89 1031 0
1041 640 1342 0
1041 1031 243 0
1042 627 628 0
1042 1356 1682 0
1043 1543 1675 0
1044 260 1355 0
1045 644 1356 0
1046 86 237 0
1046 254 645 0
1046 645 1683 0
1047 1682 1554 0
1048 82 258 0
1048 260 228 0
1049 94 1806 0
1049 1806 1807 0
1050 618 1555 0
1050 1357 1220 0
1051 265 1373 0
1051 653 1568 0
1051 1373 1557 0
1052 1063 266 0
1053 653 1556 0
1053 1388 1583 0
1053 1583 653 0
1054 1361 1560 0
1054 1560 1688 0
1055 265 1378 0
1055 1691 1572 0
1056 901 1059 0
1057 1379 1821 0
1057 1821 1833 0
1058 656 1573 0
1058 1378 265 0
1059 901 1836 0
1059 1379 1056 0
1060 622 625 0
1060 659 1555 0
1061 264 1357 0
1061 660 1062 0
1061 1555 659 0
1062 264 1061 0
1062 660 1063 0
1062 1052 652 0
1062 1063 1052 0
1063 660 1575 0
1066 661 1383 0
1066 1383 1780 0
1068 664 1067 0
1068 666 668 0
1068 1067 666 0
1069 671 1385 0
1069 1202 864 0
1070 670 1071 0
1070 672 1385 0
1070 1071 1072 0
1071 98 1386 0
1073 1203 1204 0
1073 1207 59 0
1074 667 1068 0
1074 668 1581 0
1074 669 667 0
1075 277 1387 0
1075 1387 1580 0
1075 1580 1737 0
1076 677 1571 0
1077 681 1389 0
1077 1389 1453 0
1078 280 1079 0
1079 687 1823 0
1079 1209 1626 0
1080 169 1209 0
1080 1069 169 0
1080 1079 1202 0
1080 1202 1069 0
1081 683 689 0
1081 689 1480 0
1081 1390 28 0
1083 23 697 0
1083 478 1801 0
1083 697 299 0
1084 463 299 0
1084 1740 1412 0
1085 699 1086 0
1085 1086 1393 0
1085 1393 285 0
1086 312 1393 0
1087 356 491 0
1087 491 305 0
1088 301 1414 0
1088 1414 1133 0
1089 108 310 0
1090 320 80 0
1091 315 1394 0
1092 1091 1394 0
1093 715 1585 0
1093 1395 1094 0
1094 7 1093 0
1094 113 1396 0
1094 1395 113 0
1095 120 716 0
1096 714 119 0
1096 1586 1738 0
1097 39 1587 0
1097 942 39 0
1097 1587 1696 0
1098 344 1105 0
1098 1105 1116 0
1100 728 1101 0
1100 1101 1398 0
1101 346 1866 0
1101 727 346 0
1102 40 333 0
1102 333 1588 0
1102 337 40 0
1102 1767 1400 0
1103 1399 1875 0
1103 1589 1399 0
1104 120 1400 0
1104 1103 1875 0
1105 732 1116 0
1106 1401 1595 0
1106 1402 1403 0
1107 1109 1590 0
1107 1590 1592 0
1107 1662 1841 0
1107 1841 1109 0
1108 353 1402 0
1108 1109 1405 0
1109 355 1405 0
1110 406 1111 0
1110 734 1405 0
1110 1111 1112 0
1111 406 1154 0
1111 1154 1406 0
1113 1211 875 0
1115 1113 737 0
1115 1211 1113 0
1116 732 1697 0
1117 366 740 0
1117 740 1119 0
1117 1119 1596 0
1117 1408 366 0
1117 1596 1408 0
1118 44 364 0
1118 743 127 0
1118 1596 1119 0
1120 743 744 0
1120 744 1333 0
1121 341 722 0
1122 351 1839 0
1122 1658 1726 0
1123 342 1668 0
1123 1668 1762 0
1123 1762 1778 0
1124 749 1417 0
1125 371 29 0
1126 373 374 0
1126 1438 373 0
1127 32 1129 0
1127 375 32 0
1127 753 1128 0
1128 373 130 0
1130 753 1698 0
1130 754 1131 0
1130 1131 1413 0
1131 374 1413 0
1132 756 1612 0
1133 758 1135 0
1134 378 1135 0
1134 758 1809 0
1134 1809 380 0
1135 1602 308 0
1136 762 1415 0
1136 1415 1416 0
1137 377 384 0
1137 766 1416 0
1137 769 766 0
1137 1416 1601 0
1137 1601 377 0
1138 771 1410 0
1138 1410 1417 0
1138 1417 1602 0
1139 772 1140 0
1141 774 1166 0
1141 1172 801 0
1142 1166 1431 0
1142 1432 1166 0
1143 47 1702 0
1146 139 1149 0
1146 1151 1419 0
1147 779 782 0
1147 1151 1420 0
1147 1420 779 0
1148 380 379 0
1148 779 1152 0
1149 1701 1604 0
1150 387 389 0
1150 389 1421 0
1150 1149 399 0
1150 1421 1701 0
1151 1146 1149 0
1151 1147 1419 0
1152 779 1603 0
1153 417 401 0
1154 784 1406 0
1155 414 413 0
1156 789 1606 0
1156 790 1157 0
1157 872 1455 0
1158 789 1627 0
1159 791 1428 0
1159 1428 418 0
1160 792 1427 0
1161 140 1428 0
1161 425 9 0
1162 1703 1163 0
1163 793 1162 0
1163 1703 1429 0
1165 799 1430 0
1165 1430 1609 0
1166 774 1431 0
1166 1432 1141 0
1168 1170 811 0
1169 55 447 0
1169 809 160 0
1169 822 809 0
1169 1170 1168 0
1170 441 1882 0
1170 1169 1171 0
1170 1171 441 0
1171 1169 447 0
1172 812 801 0
1172 1141 1432 0
1173 803 430 0
1175 816 1436 0
1177 373 1438 0
1177 1438 1614 0
1177 1614 1615 0
1178 130 823 0
1178 451 375 0
1178 823 1782 0
1179 843 826 0
1179 1622 843 0
1180 828 452 0
1181 825 831 0
1181 828 825 0
1181 1167 1451 0
1182 837 1440 0
1182 842 1192 0
1182 1192 833 0
1182 1440 834 0
1183 376 835 0
1183 836 1743 0
1183 837 836 0
1184 838 1613 0
1185 755 376 0
1185 1183 1743 0
1185 1706 838 0
1186 839 1619 0
1186 840 1188 0
1187 1442 1709 0
1188 471 859 0
1188 1179 471 0
1188 1622 1179 0
1189 1191 1616 0
1189 1443 1191 0
1190 157 1174 0
1192 841 1621 0
1192 842 841 0
1192 1189 833 0
1192 1621 1189 0
1193 843 1622 0
1193 1191 1443 0
1193 1443 1748 0
1193 1610 844 0
1193 1622 840 0
1195 465 1842 0
1195 1445 1625 0
1196 1446 1447 0
1196 1447 1623 0
1197 458 871 0
1197 868 852 0
1197 871 868 0
1197 1444 1624 0
1199 473 861 0
1199 828 1451 0
1200 1199 1451 0
1201 476 853 0
1201 824 860 0
1202 1079 1823 0
1203 866 1204 0
1203 1073 477 0
1203 1205 866 0
1204 866 1206 0
1205 276 1452 0
1205 1203 276 0
1205 1452 1737 0
1206 865 479 0
1207 867 1208 0
1207 1073 480 0
1209 870 1453 0
1209 1079 1080 0
1209 1453 1626 0
1210 173 303 0
1210 303 1873 0
1210 493 1158 0
1210 1158 1627 0
1211 786 1425 0
1211 1115 786 0
1211 1425 1878 0
1211 1426 875 0
1212 878 1456 0
1212 956 878 0
1212 1631 1460 0
1213 1457 1681 0
1213 1792 20 0
1214 879 1680 0
1214 1459 1628 0
1214 1680 1771 0
1215 896 1217 0
1215 1216 1458 0
1216 880 1750 0
1217 498 1468 0
1217 1468 1630 0
1218 882 1631 0
1218 1456 1628 0
1218 1629 1630 0
1219 1227 1460 0
1219 1460 1631 0
1219 1469 1227 0
1220 1357 1712 0
1220 1712 1752 0
1221 884 1462 0
1222 923 1632 0
1223 888 1463 0
1224 890 1464 0
1224 891 1031 0
1224 1464 1634 0
1225 893 1466 0
1225 1466 1632 0
1228 899 1230 0
1228 1470 1835 0
1229 1363 1713 0
1230 1713 900 0
1231 903 1722 0
1231 1471 1477 0
1232 501 1723 0
1233 1475 1644 0
1233 1477 1640 0
1233 1644 1478 0
1234 283 904 0
1234 904 1235 0
1235 904 1652 0
1236 178 1479 0
1236 905 1643 0
1236 1479 1645 0
1236 1643 1716 0
1237 501 1474 0
1237 905 1239 0
1237 1239 1240 0
1238 688 906 0
1238 906 1239 0
1238 1239 1480 0
1239 905 1480 0
1239 906 1240 0
1240 1508 501 0
1241 62 1565 0
1241 1475 1476 0
1241 1476 1844 0
1243 504 915 0
1243 925 504 0
1243 1813 1249 0
1244 911 920 0
1245 918 1647 0
1245 919 917 0
1245 1647 920 0
1246 909 1646 0
1246 1641 909 0
1246 1774 1483 0
1247 923 1368 0
1247 924 1248 0
1247 1368 1369 0
1249 924 1251 0
1250 926 1253 0
1251 506 1252 0
1252 506 1732 0
1253 926 1561 0
1253 1561 1689 0
1254 247 1486 0
1254 928 1485 0
1255 63 1861 0
1255 930 1489 0
1256 181 1489 0
1256 1488 1490 0
1258 196 1490 0
1259 70 932 0
1259 1292 70 0
1260 636 240 0
1260 934 1649 0
1261 182 934 0
1261 1260 87 0
1263 513 1039 0
1263 515 938 0
1264 946 943 0
1265 942 1266 0
1265 1266 1493 0
1266 943 1493 0
1267 736 737 0
1267 737 735 0
1268 1756 1495 0
1269 948 1512 0
1269 1270 1498 0
1269 1498 1276 0
1269 1512 1877 0
1270 187 1498 0
1270 1269 1497 0
1271 955 1501 0
1272 1500 1273 0
1274 947 1275 0
1276 525 948 0
1276 1498 528 0
1277 26 957 0
1277 283 1797 0
1278 1504 1657 0
1278 1506 1507 0
1279 960 1656 0
1279 1508 1652 0
1279 1656 1723 0
1280 188 1509 0
1281 950 1273 0
1281 1273 60 0
1281 1510 1653 0
1282 949 1271 0
1282 962 1511 0
1282 1271 950 0
1282 1511 1512 0
1283 532 1284 0
1283 533 532 0
1283 1164 533 0
1284 146 1609 0
1284 416 146 0
1285 126 1841 0
1285 1662 1845 0
1286 1515 1659 0
1286 1516 1845 0
1286 1659 1727 0
1286 1727 1850 0
1287 965 1849 0
1288 963 1520 0
1288 1520 1667 0
1289 1021 1540 0
1290 551 1525 0
1291 973 1525 0
1292 1259 974 0
1293 552 1290 0
1293 1290 1525 0
1294 564 1825 0
1294 979 564 0
1294 1824 1826 0
1295 16 616 0
1295 80 320 0
1295 614 80 0
1295 977 1526 0
1296 561 559 0
1296 1804 978 0
1297 564 1527 0
1297 1527 1528 0
1297 1528 1671 0
1298 982 1308 0
1298 991 569 0
1299 567 983 0
1299 983 1312 0
1299 993 1863 0
1300 975 968 0
1300 985 1301 0
1301 13 1300 0
1302 984 1303 0
1302 986 1529 0
1302 1303 1530 0
1303 984 1815 0
1303 988 1530 0
1304 577 987 0
1304 987 1530 0
1305 989 1531 0
1306 1298 1308 0
1306 1307 1311 0
1306 1309 1307 0
1307 988 1311 0
1308 566 1310 0
1308 1309 1306 0
1309 990 1319 0
1309 1308 990 0
1309 1319 1531 0
1311 1815 202 0
1313 193 1805 0
1313 1827 993 0
1314 543 1532 0
1314 995 1315 0
1314 1315 1827 0
1315 570 1827 0
1315 995 1831 0
1315 1831 1832 0
1316 204 1803 0
1316 1803 1828 0
1317 996 1672 0
1317 1533 1832 0
1318 1001 1000 0
1319 1305 1531 0
1320 712 1322 0
1320 1321 1006 0
1320 1322 1673 0
1321 1320 1673 0
1322 327 325 0
1322 1008 1536 0
1322 1536 1673 0
1323 583 1535 0
1323 589 583 0
1323 1535 1537 0
1324 1008 585 0
1324 1537 1536 0
1325 1001 1538 0
1326 212 1011 0
1326 1011 583 0
1329 981 1539 0
1329 1310 566 0
1329 1539 1013 0
1330 601 1670 0
1330 1331 1017 0
1331 604 220 0
1331 1330 1670 0
1332 967 1524 0
1333 744 1020 0
1333 1334 43 0
1334 538 43 0
1334 1333 604 0
1335 1496 1874 0
1335 1541 1719 0
1335 1719 1757 0
1336 222 1495 0
1336 1756 1719 0
1337 198 1024 0
1337 252 557 0
1337 1024 1526 0
1338 1542 1675 0
1339 891 1465 0
1340 1041 1342 0
1341 1340 1342 0
1342 640 248 0
1344 246 1040 0
1344 1035 1343 0
1344 1040 1262 0
1344 1262 1676 0
1345 1545 1546 0
1345 1546 1677 0
1346 1034 1035 0
1346 1035 1544 0
1346 1348 1349 0
1347 1547 1679 0
1348 1037 1349 0
1348 1345 1677 0
1349 1037 1550 0
1350 1348 1677 0
1350 1764 1037 0
1351 1551 1552 0
1351 1552 1879 0
1352 1351 88 0
1352 1551 1351 0
1353 246 1344 0
1353 1343 245 0
1353 1344 1343 0
1354 251 1043 0
1354 1043 1675 0
1354 1542 228 0
1356 628 1045 0
1356 1554 1682 0
1357 264 1712 0
1357 1050 1555 0
1358 1556 1557 0
1358 1557 1558 0
1358 1558 655 0
1358 1712 1556 0
1358 1752 1712 0
1359 1561 1686 0
1359 1562 1689 0
1359 1686 1731 0
1360 654 1364 0
1360 1054 1688 0
1360 1364 1054 0
1361 505 1562 0
1361 1054 1362 0
1361 1359 1560 0
1362 1563 1565 0
1363 1564 1755 0
1364 1564 1563 0
1365 897 1565 0
1365 1363 897 0
1366 884 1374 0
1367 1370 1369 0
1368 923 176 0
1368 1366 1367 0
1368 1367 1369 0
1369 1371 1247 0
1369 1685 1371 0
1370 655 1567 0
1370 1375 655 0
1370 1567 1880 0
1371 506 1247 0
1371 1685 1732 0
1372 1055 1566 0
1372 1765 1567 0
1373 1372 1567 0
1374 884 1221 0
1374 1221 1461 0
1374 1461 1684 0
1375 1366 1374 0
1375 1367 1366 0
1375 1370 1367 0
1375 1374 1684 0
1376 1076 1571 0
1377 277 1822 0
1377 1570 1571 0
1377 1822 1833 0
1378 1058 1573 0
1378 1573 1691 0
1379 1057 1056 0
1379 1059 1637 0
1380 657 266 0
1380 663 657 0
1380 1574 1692 0
1381 1575 660 0
1381 1577 1736 0
1381 1736 1735 0
1382 619 648 0
1383 1065 1578 0
1384 647 662 0
1384 1066 1780 0
1385 670 1070 0
1385 671 500 0
1386 1075 1737 0
1386 1452 1071 0
1387 676 674 0
1388 1053 1052 0
1388 1076 1583 0
1389 1078 1626 0
1390 1081 1645 0
1391 30 296 0
1391 695 693 0
1392 1084 299 0
1392 1584 1881 0
1392 1740 1084 0
1393 690 285 0
1395 1093 1585 0
1396 114 1846 0
1396 1846 1094 0
1397 714 1096 0
1397 1096 1738 0
1397 1696 1587 0
1398 123 1875 0
1398 1101 1866 0
1399 349 1875 0
1400 337 1102 0
1400 1103 1104 0
1400 1767 1103 0
1401 736 1114 0
1401 1106 1403 0
1402 353 1591 0
1402 1106 1593 0
1402 1593 1108 0
1403 1115 737 0
1403 1402 1591 0
1403 1591 1115 0
1404 1107 1592 0
1404 1592 1697 0
1404 1697 732 0
1406 1112 1111 0
1407 734 1112 0
1407 785 786 0
1407 1112 785 0
1408 1521 1522 0
1409 128 342 0
1409 342 1123 0
1409 368 128 0
1409 1123 1778 0
1410 1124 1417 0
1412 104 1084 0
1413 753 1130 0
1416 1415 1601 0
1417 308 1602 0
1418 1152 1603 0
1418 1603 1700 0
1418 1700 1702 0
1420 1151 1604 0
1421 433 136 0
1421 775 1422 0
1421 1422 1701 0
1422 775 1423 0
1422 1700 1741 0
1423 1605 1700 0
1424 1606 1425 0
1425 1606 1878 0
1426 493 874 0
1426 874 875 0
1426 1211 1878 0
1426 1606 1158 0
1429 1608 1867 0
1430 424 1283 0
1430 1283 1284 0
1430 1284 1609 0
1431 773 390 0
1432 802 1172 0
1432 1142 802 0
1433 844 1610 0
1433 1610 1704 0
1434 1704 1710 0
1435 430 778 0
1435 1173 430 0
1435 1436 1173 0
1436 1435 1611 0
1436 1611 1175 0
1437 1176 1611 0
1437 1611 1705 0
1438 46 1132 0
1438 1126 46 0
1438 1132 1614 0
1439 1132 1612 0
1439 1612 1613 0
1439 1613 1781 0
1439 1614 1132 0
1440 801 812 0
1440 837 835 0
1441 1616 1619 0
1441 1619 1746 0
1442 472 824 0
1442 1620 1782 0
1443 1189 1621 0
1443 1621 1749 0
1444 1197 852 0
1444 1450 1624 0
1445 58 1625 0
1445 1842 855 0
1446 57 1886 0
1446 165 1447 0
1446 1196 1448 0
1447 466 467 0
1447 858 1623 0
1448 1196 1449 0
1449 1196 1450 0
1449 1450 1625 0
1450 1195 1625 0
1450 1196 1623 0
1450 1444 1195 0
1450 1623 1624 0
1452 1072 1071 0
1452 1386 1737 0
1453 1389 1626 0
1454 172 489 0
1454 488 172 0
1454 489 871 0
1454 845 488 0
1455 789 1157 0
1455 873 1627 0
1455 1627 789 0
1456 881 1628 0
1456 1218 1631 0
1457 1351 1879 0
1459 1214 1771 0
1459 1218 1628 0
1459 1629 1218 0
1460 1227 1272 0
1461 885 1220 0
1461 1220 1752 0
1463 1222 1753 0
1463 1634 1464 0
1464 1223 1463 0
1465 1635 1467 0
1466 1226 1633 0
1467 1546 1465 0
1467 1549 1677 0
1467 1635 1548 0
1468 498 895 0
1468 882 1630 0
1469 1219 882 0
1469 1468 895 0
1470 900 1636 0
1470 1636 1714 0
1470 1714 1836 0
1471 1231 1472 0
1472 1231 1473 0
1473 1231 1722 0
1474 1232 1642 0
1475 897 1639 0
1475 1233 1476 0
1475 1639 1644 0
1476 1233 1640 0
1476 1640 1641 0
1476 1641 1844 0
1477 1471 1640 0
1477 1642 903 0
1478 1474 1642 0
1479 1390 1645 0
1480 905 1645 0
1481 918 917 0
1482 1484 1718 0
1483 910 1246 0
1484 1562 505 0
1484 1648 1718 0
1485 238 637 0
1486 249 90 0
1487 928 514 0
1488 930 1868 0
1488 1258 1490 0
1488 1489 930 0
1489 1488 1256 0
1490 510 1256 0
1491 1649 934 0
1492 1265 1493 0
1492 1493 1874 0
1492 1496 183 0
1493 946 1874 0
1494 941 1267 0
1494 1267 1651 0
1494 1650 946 0
1495 79 1268 0
1496 1335 1757 0
1496 1492 1874 0
1496 1757 518 0
1497 961 189 0
1497 1269 1877 0
1497 1511 961 0
1498 1795 528 0
1499 1653 962 0
1500 60 1273 0
1500 1272 1227 0
1502 904 1277 0
1502 957 1280 0
1502 1280 1843 0
1503 1507 962 0
1503 1720 1758 0
1504 1654 1655 0
1504 1655 1656 0
1504 1656 1657 0
1505 959 1506 0
1505 1278 1657 0
1505 1509 959 0
1505 1843 1509 0
1506 961 1507 0
1506 1278 1505 0
1507 1758 1278 0
1508 1235 1652 0
1508 1240 1235 0
1508 1723 501 0
1509 1843 1280 0
1510 502 1638 0
1510 1638 1720 0
1511 1497 1877 0
1512 948 186 0
1512 1511 1877 0
1513 1659 1661 0
1513 1660 1726 0
1513 1726 1779 0
1513 1779 1786 0
1514 1287 1664 0
1514 1664 1837 0
1514 1665 1667 0
1515 733 1661 0
1515 1662 1663 0
1515 1845 1662 0
1516 1285 1845 0
1516 1286 1850 0
1517 369 966 0
1517 966 1518 0
1517 1776 1523 0
1518 539 1666 0
1518 1666 1728 0
1518 1728 1517 0
1519 1287 1667 0
1520 1519 1667 0
1521 1408 747 0
1521 1669 1777 0
1521 1777 1787 0
1522 366 1408 0
1522 1521 1787 0
1522 1762 1668 0
1523 742 369 0
1524 1289 1540 0
1524 1540 1670 0
1525 972 1291 0
1527 199 1528 0
1529 986 1000 0
1529 1301 985 0
1529 1816 1302 0
1532 68 971 0
1533 994 1862 0
1533 1317 1672 0
1534 573 1830 0
1535 1321 1673 0
1536 1537 1673 0
1537 1009 1323 0
1537 1535 1673 0
1538 1003 1674 0
1540 1331 1670 0
1541 356 606 0
1541 1336 1719 0
1542 617 230 0
1542 1338 617 0
1542 1354 1675 0
1543 250 253 0
1543 1043 643 0
1543 1338 1675 0
1544 1345 1348 0
1544 1348 1346 0
1545 1262 629 0
1545 1345 1676 0
1546 1339 1465 0
1546 1545 1339 0
1547 1678 1769 0
1547 1769 1783 0
1548 1549 1467 0
1548 1633 1347 0
1549 1350 1677 0
1549 1679 1350 0
1550 1553 1730 0
1550 1730 1552 0
1551 1352 1036 0
1552 635 1550 0
1552 1551 635 0
1552 1730 1879 0
1553 1550 1770 0
1553 1680 1681 0
1554 1356 1683 0
1555 1061 1357 0
1556 652 1053 0
1556 653 1557 0
1557 1373 1558 0
1559 1686 1687 0
1559 1687 1732 0
1560 1359 1731 0
1561 926 1687 0
1561 1359 1689 0
1562 1359 1361 0
1563 1054 1364 0
1563 1362 1054 0
1563 1365 1565 0
1563 1564 1365 0
1564 1363 1365 0
1564 1364 1772 0
1566 1055 1572 0
1566 1572 1690 0
1566 1690 1733 0
1566 1733 1765 0
1567 1558 1373 0
1567 1765 1880 0
1568 1058 1051 0
1568 1376 1569 0
1568 1569 1058 0
1569 1376 1570 0
1570 1376 1571 0
1570 1377 1833 0
1572 654 1690 0
1573 1715 1766 0
1574 1063 1575 0
1574 1575 1692 0
1576 663 1380 0
1576 1380 1692 0
1577 658 1064 0
1577 1064 1382 0
1577 1381 659 0
1577 1382 1736 0
1578 664 667 0
1578 667 663 0
1579 648 1384 0
1579 1382 648 0
1579 1384 1780 0
1579 1736 1382 0
1579 1780 1736 0
1580 674 1581 0
1580 1694 1737 0
1581 1694 1580 0
1582 668 865 0
1582 866 1694 0
1583 1076 1376 0
1583 1376 1568 0
1583 1568 653 0
1584 1392 697 0
1584 1599 1881 0
1584 1600 1599 0
1585 710 1395 0
1586 121 1695 0
1586 1096 339 0
1586 1695 1738 0
1587 39 331 0
1588 117 721 0
1588 722 1767 0
1589 719 1399 0
1589 722 341 0
1589 1103 1767 0
1590 1108 1593 0
1590 1109 1108 0
1591 353 1407 0
1591 786 1115 0
1592 1590 1593 0
1592 1594 1697 0
1593 1106 1595 0
1594 1116 1697 0
1594 1592 1593 0
1594 1593 1595 0
1595 1401 1114 0
1596 747 1408 0
1596 1118 127 0
1597 294 372 0
1597 372 750 0
1597 750 754 0
1598 1130 1698 0
1598 1411 1597 0
1598 1597 754 0
1598 1599 1699 0
1598 1699 1411 0
1599 1598 1698 0
1599 1600 1699 0
1599 1740 1881 0
1600 292 293 0
1601 1415 131 0
1602 1135 703 0
1603 1604 1741 0
1604 1151 1149 0
1604 1603 1420 0
1604 1701 1741 0
1605 1143 1702 0
1606 1424 1156 0
1606 1426 1878 0
1607 50 404 0
1608 421 1887 0
1608 1429 1703 0
1608 1703 1742 0
1608 1742 795 0
1609 1857 1165 0
1610 1193 1748 0
1611 1435 1705 0
1612 1184 1613 0
1613 838 1706 0
1613 1706 1781 0
1614 1439 1708 0
1615 1614 1708 0
1615 1747 823 0
1616 840 1186 0
1616 1186 1619 0
1616 1191 840 0
1616 1441 1617 0
1616 1617 1189 0
1617 833 1189 0
1617 1441 1618 0
1618 1441 1744 0
1619 1709 1746 0
1620 451 1178 0
1623 858 1624 0
1626 1078 1079 0
1629 1459 1751 0
1630 882 1218 0
1630 1629 880 0
1631 1212 1456 0
1632 1248 1225 0
1632 1466 1754 0
1633 1226 1347 0
1633 1548 1635 0
1634 1463 1753 0
1634 1754 1635 0
1635 1224 1634 0
1635 1465 1224 0
1635 1754 1633 0
1636 900 1713 0
1636 1755 1773 0
1637 1059 1714 0
1637 1714 1790 0
1637 1834 1379 0
1638 1473 1721 0
1638 1721 1720 0
1639 897 898 0
1639 1716 1644 0
1640 1471 909 0
1641 910 1844 0
1641 1246 910 0
1641 1640 909 0
1642 1233 1478 0
1642 1477 1233 0
1643 1478 1644 0
1645 1081 1480 0
1646 1244 1717 0
1646 1717 1774 0
1646 1774 1246 0
1647 918 1482 0
1647 1482 1718 0
1648 505 921 0
1648 921 1483 0
1648 1483 1774 0
1648 1484 505 0
1649 636 1260 0
1649 1491 1038 0
1650 1022 1335 0
1650 1335 1874 0
1650 1651 1022 0
1651 735 944 0
1651 944 1022 0
1651 1650 1494 0
1652 960 1279 0
1653 1499 1281 0
1653 1503 962 0
1653 1510 1720 0
1654 1504 1758 0
1654 1720 1721 0
1654 1721 1722 0
1655 1232 1723 0
1655 1654 1722 0
1656 960 1657 0
1656 1655 1723 0
1657 1843 1505 0
1658 1122 1725 0
1658 1725 1760 0
1658 1760 1779 0
1658 1779 1726 0
1659 1515 1661 0
1659 1786 1838 0
1660 746 1726 0
1660 1513 1661 0
1663 1107 1404 0
1663 1662 1107 0
1664 1287 1849 0
1664 1814 1869 0
1665 1514 1775 0
1666 1288 1665 0
1667 1287 1514 0
1667 1665 1288 0
1669 1523 1777 0
1671 196 548 0
1672 996 1817 0
1674 1010 1538 0
1676 1035 1344 0
1676 1262 1545 0
1676 1345 1544 0
1677 1546 1467 0
1678 497 892 0
1678 1216 1769 0
1678 1458 1216 0
1678 1547 497 0
1679 1547 1783 0
1679 1548 1347 0
1679 1549 1548 0
1680 879 1681 0
1680 1553 1711 0
1680 1711 1771 0
1681 1457 1879 0
1681 1730 1553 0
1682 1047 641 0
1683 644 1046 0
1684 1461 1752 0
1684 1752 1358 0
1685 1369 1370 0
1685 1370 1880 0
1685 1559 1732 0
1685 1765 1559 0
1686 1559 1734 0
1686 1561 1687 0
1687 1252 1732 0
1688 1690 1360 0
1688 1731 1733 0
1689 1562 180 0
1690 1688 1733 0
1691 1055 1378 0
1691 1573 1766 0
1692 1575 1735 0
1693 1383 1578 0
1693 1576 1692 0
1693 1578 1576 0
1693 1780 1383 0
1694 1205 1737 0
1694 1581 1582 0
1695 1696 1738 0
1696 718 1097 0
1696 1397 1738 0
1698 753 1739 0
1698 1740 1599 0
1699 103 1411 0
1699 1600 103 0
1700 1422 1423 0
1700 1603 1741 0
1700 1605 1702 0
1701 1149 1150 0
1703 1162 1607 0
1704 161 1433 0
1704 1610 1748 0
1705 778 429 0
1706 1185 1743 0
1706 1743 1781 0
1707 1744 1746 0
1707 1746 1768 0
1708 1439 1745 0
1708 1745 1707 0
1709 839 1187 0
1709 1442 1768 0
1710 1704 1748 0
1710 1748 1749 0
1710 1749 1190 0
1711 1553 1770 0
1711 1751 1771 0
1711 1770 1789 0
1712 652 1556 0
1713 1230 1229 0
1713 1363 1755 0
1714 1059 1836 0
1714 1636 1773 0
1714 1773 1790 0
1715 656 1834 0
1715 1637 1790 0
1716 898 178 0
1716 1639 898 0
1716 1643 1644 0
1717 920 1647 0
1717 1647 1718 0
1718 1648 1774 0
1719 1756 1757 0
1720 1503 1653 0
1720 1654 1758 0
1721 1473 1722 0
1723 1508 1279 0
1724 1761 1791 0
1724 1762 1787 0
1724 1778 1762 0
1725 368 1409 0
1725 1409 1778 0
1725 1839 368 0
1727 1659 1838 0
1727 1837 1850 0
1728 1665 1759 0
1728 1666 1665 0
1728 1759 1776 0
1728 1776 1517 0
1729 1674 1003 0
1730 1681 1879 0
1731 1686 1734 0
1731 1688 1560 0
1733 1731 1734 0
1733 1734 1765 0
1735 1575 1381 0
1735 1693 1692 0
1736 1780 1735 0
1739 1412 1740 0
1740 1392 1881 0
1740 1698 1739 0
1741 1701 1422 0
1742 1703 1607 0
1743 1618 1744 0
1743 1745 1781 0
1744 1441 1746 0
1745 1439 1781 0
1745 1743 1744 0
1745 1744 1707 0
1746 1709 1768 0
1747 1615 1708 0
1747 1707 1768 0
1747 1708 1707 0
1747 1768 1782 0
1748 1443 1749 0
1750 880 1629 0
1750 1629 1751 0
1751 1459 1771 0
1751 1784 1750 0
1753 1222 1632 0
1753 1632 1754 0
1754 1466 1633 0
1754 1634 1753 0
1755 1564 1772 0
1755 1636 1713 0
1755 1772 1773 0
1756 945 1757 0
1756 1268 607 0
1756 1336 1495 0
1757 945 518 0
1758 1504 1278 0
1758 1507 1503 0
1759 1665 1775 0
1759 1761 1776 0
1759 1775 1871 0
1760 1724 1788 0
1760 1725 1778 0
1761 1724 1787 0
1761 1759 1791 0
1762 1522 1787 0
1763 586 209 0
1763 587 1010 0
1763 1674 1729 0
1764 1350 1679 0
1764 1679 1783 0
1764 1783 1789 0
1765 1372 1566 0
1765 1685 1880 0
1765 1734 1559 0
1766 654 1691 0
1766 1715 1790 0
1767 1102 1588 0
1768 1442 1782 0
1769 1216 1750 0
1769 1750 1784 0
1770 1764 1789 0
1772 1364 654 0
1773 1772 1785 0
1773 1785 1790 0
1774 1717 1718 0
1775 1514 1837 0
1775 1838 1870 0
1775 1870 1871 0
1776 1777 1523 0
1777 1761 1787 0
1777 1776 1761 0
1778 1724 1760 0
1779 1760 1788 0
1780 1693 1735 0
1782 823 1747 0
1782 1620 1178 0
1784 1711 1789 0
1784 1751 1711 0
1784 1783 1769 0
1784 1789 1783 0
1785 1766 1790 0
1785 1772 654 0
1786 1659 1513 0
1786 1779 1788 0
1786 1788 1872 0
1788 1724 1791 0
1788 1791 1872 0
1791 1759 1871 0
1791 1871 1872 0
1792 1213 877 0
1793 37 579 0
1793 579 595 0
1794 528 1795 0
1795 1498 187 0
1796 215 1854 0
1796 997 574 0
1797 684 271 0
1798 355 126 0
1798 964 1802 0
1798 1802 1840 0
1799 42 1800 0
1799 405 1840 0
1799 1848 42 0
1800 1811 421 0
1801 478 1847 0
1802 537 1848 0
1802 964 1814 0
1803 541 1828 0
1804 255 978 0
1805 980 1825 0
1806 651 1807 0
1808 284 689 0
1808 683 1823 0
1809 758 757 0
1810 148 1811 0
1810 424 799 0
1811 42 794 0
1811 1800 42 0
1812 433 153 0
1813 1243 883 0
1814 964 1869 0
1814 1664 1849 0
1815 1311 1303 0
1816 1529 567 0
1818 215 596 0
1818 1015 1819 0
1819 1016 1820 0
1819 1854 215 0
1820 207 1853 0
1820 576 207 0
1820 1853 1854 0
1821 1379 1834 0
1821 1570 1833 0
1822 1057 1833 0
1824 556 976 0
1824 976 1826 0
1824 1294 1825 0
1827 570 1863 0
1827 1313 1314 0
1828 541 1864 0
1828 998 73 0
1829 73 1534 0
1829 1534 1830 0
1830 1831 1829 0
1831 1317 1832 0
1831 1830 1317 0
1832 570 1315 0
1834 1637 1715 0
1835 670 500 0
1835 1470 1836 0
1837 1664 1850 0
1837 1838 1775 0
1838 1786 1870 0
1838 1837 1727 0
1839 1725 1122 0
1841 1662 1285 0
1842 1445 1195 0
1843 1657 960 0
1845 1515 1286 0
1848 1799 1840 0
1848 1840 1802 0
1850 1869 1516 0
1851 111 1855 0
1851 617 227 0
1852 1796 1854 0
1853 74 1854 0
1854 1819 1820 0
1857 423 1867 0
1857 1609 423 0
1859 124 725 0
1862 1299 1863 0
1865 1019 1020 0
1867 1608 1887 0
1869 1850 1664 0
1870 1786 1872 0
1871 1870 1872 0
1873 304 174 0
1873 876 493 0
1876 258 92 0
1883 365 360 0
1885 832 454 0
1888 590 38 0

End
