MeshVersionFormatted 1

Dimension
2

Vertices
1881
0.0 0.0 1
1.0 0.0 1
1.0 1.0 1
0.0 1.0 1
0.5 0.0 1
1.0 0.5 1
0.5 1.0 1
0.23732538711264134 0.4894632337603133 0
0.0 0.5 1
0.0 0.75 1
0.25 1.0 1
0.37286108787395905 0.7579066075304853 0
0.726269824295393 0.7308687087556262 0
0.3823726537124284 0.5846530815582512 0
0.524915741843962 0.6854412905935926 0
0.7610073765659097 0.3450658855574694 0
0.6723686531462281 0.4529346011746095 0
1.0 0.25 1
0.7458170109281695 0.5520675605087852 0
0.5622613185827079 0.4009935717065966 0
0.6543201225283755 0.2796768095230009 0
0.75 0.0 1
0.625 0.0 1
0.3770595806270388 0.3555619041721346 0
0.4828659202420301 0.41634374281404796 0
0.25 0.0 1
0.3889184832111466 0.18125846035047363 0
0.75 1.0 1
0.375 1.0 1
0.28053420561807363 0.865869775904565 0
0.15235017335401035 0.6917906321441871 0
0.26264486370691376 0.7713227315956847 0
0.10081739154842403 0.9157266951059998 0
0.125 1.0 1
0.20771495561821224 0.9338104718423452 0
0.0 0.25 1
0.20480480447585647 0.28116105044895295 0
0.30927957180222326 0.277177422436642 0
0.23604537149513985 0.37893052816160616 0
0.0 0.375 1
0.0 0.625 1
0.125 0.0 1
0.10785390350461492 0.15345324400806537 0
0.0 0.125 1
0.375 0.0 1
0.887962382492592 0.15066998077687307 0
0.7968718339526933 0.17524102885898124 0
1.0 0.125 1
0.875 0.0 1
0.10618691132155483 0.8002449477335654 0
1.0 0.75 1
0.8530305235674528 0.7063903089041148 0
1.0 0.625 1
0.9293957252487731 0.7626924423204956 0
0.875 1.0 1
0.9139033240047111 0.9259527187409312 0
0.0 0.875 1
0.46216378395261587 0.5774203812279106 0
0.682596007427978 0.6655980827002056 0
0.5872834462253445 0.581343284056753 0
0.5893608376089755 0.4951613068972183 0
0.7195752862715293 0.3975411731708272 0
0.7913454506340538 0.40631038692069343 0
0.7226387395437883 0.4559113631404728 0
1.0 0.4422938552695573 1
1.0 0.31085324617673793 1
0.8254547642727779 0.3581017498298386 0
0.8237219816670981 0.43232661806015077 0
0.6902872319060981 0.5580743431470363 0
0.6226634343468985 0.44062368871909446 0
0.5436659734708792 0.31482838234422167 0
0.602270055871221 0.3404427806890346 0
0.6875 0.0 1
0.5612945127432222 0.0 1
0.6743346524261664 0.21297074767766846 0
0.4237565971638748 0.3367240539901204 0
0.3018268127496355 0.4842179491862673 0
0.4127631857507433 0.43936226468955725 0
0.5282550779417498 0.5630240426034916 0
0.6843065516292377 0.7186140784239519 0
0.5646282792023025 1.0 1
0.6855867696105783 1.0 1
0.31235285244762756 1.0 1
0.43756199513837296 1.0 1
0.3960246304508752 0.8234946042564094 0
0.26270591667570475 0.9687587657208779 0
0.31882294446760306 0.810781115661768 0
0.2834522887643873 0.8192042394128202 0
0.32567918516690997 0.7619263018954746 0
0.3440700242093683 0.6029773916133048 0
0.058606803548209796 1.0 1
0.18364192976501836 1.0 1
0.10620076218288489 0.9591051097870571 0
0.22830502583107437 0.9683624859199834 0
0.25513882677707 0.9081351926600673 0
0.14170330282860225 0.8952570562403029 0
0.3470389684494008 0.32541481371508507 0
0.3467402578591984 0.231331926988668 0
0.24140147088824135 0.4382667971222303 0
0.21974314596456337 0.33381324230243853 0
0.27192160645011837 0.3302785176560321 0
0.18158547827160063 0.394617475477328 0
0.0 0.3090906908028794 1
0.06690531050665584 0.41222007100055097 0
0.17390661694040138 0.505644942843465 0
0.23624475138047918 0.6265020625152873 0
0.21906060031988153 0.5512288279264503 0
0.05116746253969332 0.6967166375851201 0
0.10690400448204179 0.668494809797117 0
0.0 0.5634286169393764 1
0.0 0.6884898910491719 1
0.03211243190029828 0.26787780370079567 0
0.12939050152571338 0.2991500098577251 0
0.10175726577577099 0.35086825646022035 0
0.1853056528394518 0.0 1
0.05754174151698665 0.0 1
0.036508284303622504 0.19244841613286193 0
0.0 0.059469498087273406 1
0.0 0.18462173195727946 1
0.20984470276750183 0.21307723958119199 0
0.12339633012547503 0.10912411730852244 0
0.43641729886956365 0.0 1
0.3155876903920863 0.0 1
0.3525116613961211 0.04742109444798248 0
0.5428162448578245 0.1492258051070402 0
0.6040372869615542 0.04576438419625808 0
0.3422398781991437 0.5628583153253809 0
0.9496008070531502 0.19354232882121825 0
0.8006041841634554 0.2975368689096713 0
0.8367498609520498 0.19629817973105718 0
0.9642176840727819 0.2573597547353288 0
0.8213767201022847 0.2294347166446663 0
0.9566508468097783 0.1089946435132083 0
0.9419479403864625 0.0 1
0.8158632460580781 0.0 1
0.8708443142733502 0.077741733428892 0
0.09945222742020508 0.8714385901251859 0
0.8042383109827891 0.6950127350973945 0
1.0 0.6870981473287238 1
1.0 0.5606224261397816 1
0.8973710746621079 0.5806873646031435 0
0.8907549520561461 0.6447006556408938 0
0.7529898833115247 0.6822449417581545 0
0.7680845301861895 0.937195787921333 0
0.7890355056213396 0.800754950435474 0
0.8652287212364094 0.8204194929750436 0
1.0 0.9405193571424332 1
1.0 0.8141969732549693 1
0.7695771620508007 0.8647996983068328 0
0.667875967456186 0.8402829187049491 0
0.6189459826455772 0.9678419120813985 0
0.5746370895345358 0.9101628088679261 0
0.6456626177560351 0.9106448762914164 0
0.8141979961182363 1.0 1
0.940528565205844 1.0 1
0.9471566667726838 0.8955460062011655 0
0.8834951848507637 0.9014181646294951 0
0.0 0.814127520399915 1
0.0 0.9410259353446558 1
0.051017357531706595 0.8921358874141087 0
0.497920832099617 0.583500345250795 0
0.7061782277439934 0.7019816941310308 0
0.7372684353372948 0.6532993665458243 0
0.5547553660065256 0.5813119624635796 0
0.6175530730831025 0.5989097304263135 0
0.5594913840074953 0.5069678081790363 0
0.5844863721795155 0.5228926224291434 0
0.7387830578655527 0.3714891610290542 0
0.6892235555224792 0.4263562985437484 0
0.7829906485163797 0.4242556900507922 0
0.7541990558123763 0.39727636771978425 0
0.7203411941487575 0.41518832730279703 0
0.7736531034623159 0.4513457242521207 0
0.6927409490570552 0.4498803138214092 0
0.8020938157551265 0.4842868758278194 0
1.0 0.4100382310684883 1
1.0 0.34249288049351084 1
1.0 0.2800362742819433 1
0.7899438308231564 0.35159159097263326 0
0.8084584718068037 0.3977203690470619 0
0.8004059387978256 0.44299553668632013 0
0.804763564460586 0.4180939480032041 0
0.7038913735419691 0.47545877906895745 0
0.6800058561654047 0.4712836201563256 0
0.7191818911856096 0.557991898162779 0
0.6758981917392787 0.5754055910323 0
0.8192859143622954 0.5312158470922758 0
0.5310513639330453 0.4834265326497958 0
0.5666824713963066 0.47014251334607154 0
0.6201211335677156 0.4612433038371475 0
0.5926408330693946 0.4141188505916073 0
0.6572957793791433 0.40997512149158066 0
0.5365543394915189 0.26646431748826654 0
0.5056227391494553 0.31935021496362254 0
0.5496275405616163 0.3536365248756374 0
0.742531323316526 0.33250507116745 0
0.7453416035305753 0.23431364564753948 0
0.6849262033783837 0.3057109245729006 0
0.7111372122263266 0.36069538301226145 0
0.5836653055179739 0.366770089629099 0
0.6161470363210406 0.3690680535190907 0
0.6256990487554659 0.3079035894042471 0
0.576330965445377 0.33388865178586424 0
0.5580740810964883 0.25542217037163484 0
0.5708775852471513 0.2865588910094549 0
0.60982250884647 0.2769893137655024 0
0.5644895716992653 0.051824699271571954 0
0.6851298715113717 0.18572091507238236 0
0.6603857925583635 0.2460760004134083 0
0.6572805293266127 0.04594491459963208 0
0.6768792037869771 0.08969728021404638 0
0.7153793874861051 0.05097502114268896 0
0.4073274194192187 0.38770968296399255 0
0.45277109056026715 0.39830812890430817 0
0.4826715004257171 0.31121472655297333 0
0.4957362328921865 0.261681761080138 0
0.4463715152290205 0.3335428275504214 0
0.43201498415206446 0.3795509497799428 0
0.47254988222263045 0.2655644733713459 0
0.33348258051625806 0.4864256464053456 0
0.2697641987181413 0.490428173705106 0
0.3816219440956003 0.5630837027229594 0
0.3035163838471455 0.40811816096063913 0
0.4464783582745407 0.42965134141926886 0
0.4246214842539458 0.40809997225796646 0
0.5430195580749381 0.6603559978963832 0
0.5292414084977684 0.5219974752368429 0
0.708625615278456 0.7264200550427433 0
0.5633126210837198 0.683740270924461 0
0.6223031100304752 0.6240625432031746 0
0.5248614448271941 0.9592819296339155 0
0.7172852287878031 1.0 1
0.5268963163979946 0.7667473013312596 0
0.49738628795453343 0.7060546820816826 0
0.41356574185627054 0.7764717295744179 0
0.5141990151279341 0.7959657218312816 0
0.2811398123002103 1.0 1
0.3436394658614555 1.0 1
0.40629652712002395 1.0 1
0.505115342570985 0.8693010802053448 0
0.3919405198178722 0.9673044286539373 0
0.38008402540728015 0.7924423895143284 0
0.28469107533241267 0.907154698996325 0
0.24250647162912975 0.9379723411072688 0
0.2971881084913357 0.9622884682399456 0
0.3508144752292347 0.7776572929596186 0
0.3111686172544742 0.8430222950813786 0
0.36371823781197743 0.8158882489827902 0
0.319226614088578 0.8865266339013255 0
0.4080108118372671 0.9318823272484543 0
0.27310138674396295 0.7826244872773896 0
0.2898123822023166 0.8465393268374689 0
0.3080157092546496 0.8110319756897136 0
0.29143899946110824 0.7660677585680123 0
0.35250973805563196 0.7504248061621124 0
0.2367706527995258 0.7598158254942059 0
0.36361332003026103 0.5952204843837366 0
0.30699387984517335 0.6213122888836904 0
0.3536242329859345 0.7170215981337759 0
0.30969363953855406 0.6575474069754168 0
0.31997418883911505 0.7249874175695913 0
0.21573270073389558 1.0 1
0.19350010358718173 0.9667074563828192 0
0.15115329618214754 0.9658043636159898 0
0.13315437496727375 0.9340369037384018 0
0.1887153680482722 0.896453956053693 0
0.32387389424736773 0.30559342931572264 0
0.367352090826114 0.3434274157946561 0
0.3206089990409198 0.25215636764754346 0
0.33294243679775926 0.27541244583418245 0
0.22726794428662903 0.28557962666829545 0
0.27469922926339124 0.27876209157440623 0
0.23949583823675397 0.402391843077772 0
0.25735033216384406 0.47050461277373173 0
0.2780255221270945 0.46505533934398585 0
0.20615461343713723 0.3097292785808082 0
0.2324219405017804 0.35303230851718126 0
0.23583287693900895 0.31182851651569166 0
0.24546714879868958 0.33556649757094603 0
0.29043733503457164 0.29959465151565295 0
0.25216399040729415 0.3575656875511466 0
0.3120928086433739 0.34345357615872674 0
0.21433928543232447 0.3831936403205583 0
0.19396029409180593 0.35911711303845356 0
0.2093552509711822 0.416390303631364 0
0.031759524021957974 0.2991486508413075 0
0.0 0.4080767486833904 1
0.0 0.4704865452499953 1
0.11654285243277876 0.4997399468030481 0
0.03844622180560415 0.514486156622298 0
0.14968904579638506 0.4859557235744137 0
0.2049405550948663 0.49797366576425484 0
0.14578669936278682 0.5131350967908322 0
0.18543050138870681 0.6251508854110964 0
0.18401053952326935 0.6540897795793638 0
0.23814040523065597 0.6508890720672403 0
0.21167358888865698 0.6109529825680288 0
0.12961711944836413 0.5362532508721716 0
0.150150588769535 0.5720548465221712 0
0.16362587128005393 0.5357980376854301 0
0.22646538207471895 0.5208781365825891 0
0.19560572142449 0.5295312541269713 0
0.18461091424505188 0.5931383070482497 0
0.2129028775076895 0.5812322471510064 0
0.08417153946402382 0.5343861882251072 0
0.08487180405001091 0.6300603413401175 0
0.0 0.531953425655101 1
0.042302812016256575 0.6508049901182169 0
0.060424234344420784 0.28609530763212543 0
0.16180266566442925 0.3017495377843228 0
0.11162897986469059 0.3112739410121492 0
0.11730882988882109 0.3320943936617505 0
0.09204161263365315 0.3263254483630216 0
0.08491858390959743 0.37843496879710314 0
0.16593188515017973 0.041899031558793036 0
0.07006182288845864 0.16994432583056435 0
0.04099305214885304 0.22945646211397167 0
0.08150440122697304 0.07708431776225859 0
0.1235659726540554 0.05801775897639924 0
0.16841456431600327 0.2474798906938983 0
0.10070388461579188 0.19441385023909222 0
0.06608103468500882 0.20176346910907592 0
0.034729012425188575 0.14816082424042448 0
0.04111466265520341 0.09661575992387296 0
0.3014786885632044 0.11979695068169004 0
0.19213628649066136 0.07616163486129078 0
0.2059772890538125 0.25500297192055144 0
0.237833857330768 0.244538743024496 0
0.16344864739400772 0.2109779276606654 0
0.22512785424691265 0.13193026126663476 0
0.15535577947038984 0.07958297485556909 0
0.5032040966296606 0.08414036473716234 0
0.5224953752093634 0.20183552919420494 0
0.5079084601835492 0.1530018862523642 0
0.43322149398058485 0.15973821692318887 0
0.44993637465036523 0.12880882807127308 0
0.4739818877766759 0.04498747875148263 0
0.28364442423366726 0.0 1
0.3359464680018376 0.11588644950430316 0
0.35788391279526843 0.09190197701144699 0
0.3949969339384788 0.03570365958669712 0
0.3728040457857249 0.15640882589642102 0
0.34568195532262086 0.13754543106267428 0
0.6115712046337921 0.1575741630864907 0
0.6648130874823808 0.1410374412830308 0
0.5303674455072694 0.1758387510257809 0
0.5244783211955315 0.11866971179367224 0
0.5620641948641212 0.11888517374911657 0
0.3507159931900168 0.5135732614354557 0
0.2886869199170592 0.5175439160064962 0
0.2560537351148255 0.5162974211828095 0
0.24807104616837566 0.5423397942454019 0
0.3636865129968698 0.5722150783179253 0
0.3643068523106084 0.5436769452723375 0
0.3091139377986872 0.5349531814660783 0
0.3473698681720866 0.5833351910583126 0
0.3246798803005065 0.5854764600441782 0
0.9732291658097602 0.2205797870766724 0
0.9178076178056871 0.16926614368103257 0
0.8372411681307049 0.2892554685960664 0
0.7817258911795796 0.31804731728007113 0
0.8731234218607169 0.23592783549811977 0
0.9364378055634368 0.23176865482647435 0
0.7484958036221808 0.1571547689650809 0
0.688488745174395 0.1470844621903977 0
0.7096559392832299 0.18924298240027698 0
0.7804187092339233 0.10686094567626854 0
0.8277899147577534 0.13790196297566476 0
0.85593914265873 0.1690484559391434 0
0.8314516830616473 0.24550423895603102 0
0.7953305222740035 0.21280726622937887 0
0.8101150627279942 0.26920983298832796 0
0.8514090222806242 0.44430383505379706 0
0.8486903669508145 0.5188862016014623 0
0.8834881639419593 0.5052592337909234 0
0.8440189497811766 0.5483997678110042 0
0.913797698122339 0.5374386769090379 0
0.9231913708294734 0.48968436144079586 0
0.8454484214790744 0.4122640884155059 0
0.35930818773920187 0.7058103452866644 0
0.4104379044291328 0.7550498698502847 0
0.4089558881626648 0.5975063674463115 0
0.38197189350013305 0.6094932785619024 0
0.455670605617439 0.6950560512714515 0
1.0 0.21448545406263542 1
0.919413207518181 0.13168267771601244 0
0.9563527601632559 0.15128855569973915 0
0.8492969438288418 0.03898521384322044 0
0.8826326908314314 0.11540038429098001 0
0.9007941555404959 0.044997192096305566 0
0.9144107767735126 0.09044570838811447 0
0.032298582413365466 0.7294019650873911 0
0.07657363446766585 0.7844965187019435 0
0.1385727580700335 0.7849739463228493 0
0.9649776079020754 0.7455913565621651 0
0.7622639035067452 0.7184193064969469 0
1.0 0.7184473134116212 1
1.0 0.6559498971985336 1
0.8734841019547945 0.5455554231005573 0
0.8207863162159279 0.5641203952830665 0
0.9162745214868923 0.6197385343745007 0
0.8942112776824807 0.6727131115651442 0
0.877517199403133 0.6133556399884953 0
0.7425268757972243 0.707182056150229 0
0.7927442135424168 0.545993430875902 0
0.7829233508181173 0.9738651792300541 0
0.8059405084264941 0.8826040959267549 0
0.7513637154775232 0.7764906244012018 0
0.8202690940438537 0.8251382430193324 0
0.7953308988968513 0.7482920712755707 0
0.905710538462121 0.7447726552312757 0
0.8771060668992685 0.6959288343462334 0
0.8553021351064668 0.8409785515079209 0
0.8886588642398182 0.7924090873904595 0
0.9603760846638234 0.9344126350486414 0
0.7355631461032154 0.8579093353055418 0
0.8230147482894841 0.8631045743656829 0
0.7786253708284993 0.8296850345608013 0
0.7106762376718633 0.8337873435181072 0
0.7080642542962818 0.7708445936893122 0
0.7377419280170415 0.9659344125142537 0
0.7083875166130712 0.9074134002343425 0
0.7061434719512824 0.9749001375313099 0
0.5372818087202256 0.8523371388221128 0
0.6928025429696862 0.850613238093663 0
0.5757754147166725 0.8652013621196853 0
0.6107786110434523 0.8921170599707308 0
0.6127624719867462 0.9291685777005543 0
0.9657341796534394 0.967910547984014 0
0.8995418796637895 0.8501399658450374 0
0.8929851213776664 0.9667709547334764 0
0.8631346397219946 0.8825961148238266 0
0.03935563479559806 0.7720948036968681 0
0.06266737611196965 0.9422982736520609 0
0.03200293723642052 0.8486356772110549 0
0.06817757825541547 0.8463813042363749 0
0.40106512182339293 0.5718031726839851 0
0.5325392959649105 0.5982273598426016 0
0.6754089674332474 0.6519857569816551 0
0.6617195186171297 0.6197342175692286 0
0.6610534684996923 0.6422406371951916 0
0.6954373995417701 0.7090746054669858 0
0.6951054136927975 0.67771821009613 0
0.7325774731545642 0.6952448879198337 0
0.7066027166169077 0.6009600356932466 0
0.7421717387497603 0.6704370870420117 0
0.6380432014968962 0.5880846280807095 0
0.6150750313777316 0.4865983862813644 0
0.6589289994367455 0.46439373453381744 0
0.724648614197301 0.38055628453509804 0
0.750194942412237 0.3524373278485308 0
0.7040626684904875 0.41076315964313476 0
0.6734598345754407 0.43730447273842904 0
0.7626510562268686 0.36086833351536585 0
0.7489682146249825 0.3640665419585139 0
0.7572293513542264 0.422761599623692 0
0.7375703493978608 0.388765987236237 0
0.7373897360396826 0.4093151364703914 0
0.7325460782675371 0.4298074272047198 0
0.710413506246972 0.43170743967173425 0
0.7774548133009866 0.4813235068795191 0
0.8073616526459402 0.3565648621815644 0
0.7750718215563062 0.3482248582878615 0
0.7810582495603018 0.36407995998163695 0
0.8224048456543998 0.4082282010135536 0
0.8087376384369943 0.3743703698599226 0
0.7938843811052577 0.4652461216144745 0
0.8651990823252368 0.38758839719449173 0
0.7480523195289648 0.4738092801277928 0
0.6688536252248729 0.5481910800081401 0
0.7914934801311774 0.5122144266875746 0
0.5655320615282561 0.44216691347465154 0
0.5871325149254201 0.4347070272714492 0
0.597515795818915 0.46997180512679554 0
0.581768699145807 0.4002469745335625 0
0.6067186171071234 0.4283069701382982 0
0.6423703632794284 0.4499903808133 0
0.6601494206521218 0.44662260524529035 0
0.6841339239562998 0.4084183476846645 0
0.6374264744276559 0.43311847246670815 0
0.6708124813939644 0.41866550717784407 0
0.6547906390053795 0.43040467594737036 0
0.5369904953941907 0.29023067328836355 0
0.5137069738470459 0.2805174245459684 0
0.5025531755949025 0.3000486690003141 0
0.556445648578227 0.3345290907656 0
0.5248453805486563 0.32374573631079046 0
0.5665357692252224 0.3636231196850804 0
0.730347834707644 0.3289553961694703 0
0.7504225834740345 0.340917327270888 0
0.7743276491832569 0.2612433655902194 0
0.7306192654186527 0.2730183050681739 0
0.7040446445060975 0.2288927097998801 0
0.6918249046933571 0.31239678020483985 0
0.6651163962454628 0.29388202916528916 0
0.7122598869208174 0.3722023205930825 0
0.7250605652339557 0.3626447514382466 0
0.7306708098007135 0.34950924736814004 0
0.7109789588596974 0.33927186536901816 0
0.6829816637240244 0.39576468882465093 0
0.5932008398648723 0.35448158686174247 0
0.5717302725956224 0.3798271484355771 0
0.6000847399278603 0.3676262245949668 0
0.6061435852138178 0.381376134238092 0
0.6082049475857285 0.3557624141832527 0
0.6102883217598922 0.41019248845604095 0
0.6273578005210322 0.4050377210493265 0
0.6565822501232302 0.30042528939807495 0
0.6181069245691769 0.3155109331295228 0
0.565680908144484 0.31460109614014414 0
0.5653464045506547 0.3479582153325347 0
0.5884473458569682 0.3422678223662543 0
0.5578232837327464 0.278370612109797 0
0.5769694453938606 0.26780105967663853 0
0.5588294894949147 0.29763583356746975 0
0.5786817138241959 0.30156513331310164 0
0.5236799131562622 0.04407649293396925 0
0.6751239881284059 0.1979526576173431 0
0.6747369683693097 0.16457945175170216 0
0.6456765035137528 0.1647725728566612 0
0.6226710662829221 0.18342857072524182 0
0.659293072542027 0.20331036762329263 0
0.6709049208089355 0.23289086220784042 0
0.5845435361430913 0.08570736291844926 0
0.6317926134812107 0.08998085138166345 0
0.6592182808020135 0.11547505916121385 0
0.5123229549780671 0.40265977184464874 0
0.4869914428368353 0.540574778010115 0
0.4801301481606724 0.3670861731162906 0
0.4964053171070342 0.38664540791056884 0
0.4884246916017978 0.3393204667702373 0
0.39068386643514885 0.3695173771546884 0
0.5163448805230167 0.25173953418698897 0
0.46688403428300984 0.3287557598217717 0
0.45671444402843475 0.3740195622161848 0
0.41288911103530124 0.3602147536678258 0
0.4253358251746019 0.211378609645947 0
0.4889577042418114 0.2847547437121187 0
0.4613661761248097 0.244409247138685 0
0.3639463472702348 0.4850005069538282 0
0.443551232201739 0.5401075187871931 0
0.459507228709984 0.5032018791026348 0
0.4027515988279178 0.5439071097871507 0
0.3846578444092598 0.39248150551056465 0
0.37291636814801765 0.37387517138708376 0
0.37516743798689206 0.41305173548107665 0
0.3994407279686063 0.41183768759198786 0
0.39121645382264814 0.48542093916797036 0
0.6684675147393754 0.715453777480454 0
0.6969383727230103 0.7222639738215844 0
0.7169465242725405 0.7309669222569782 0
0.7069967051583083 0.7142633745469961 0
0.572987893428642 0.6449988542464848 0
0.6408112839221307 0.6092271215887384 0
0.59394724117257 0.6165495138359273 0
0.6255448006239401 0.6663616746683969 0
0.6631405326129319 0.6632418426687472 0
0.4793578932357804 0.8776170291300854 0
0.5757258652807762 0.9573486283946951 0
0.39629690080830804 0.7677869514141543 0
0.5044681356211869 0.8308348178889707 0
0.4261718238063005 0.962660677946654 0
0.39585986058775596 0.7843045698983429 0
0.3965718132889348 0.8028277481098837 0
0.3801889660224317 0.7740551042041584 0
0.4103309419395824 0.7932649496378289 0
0.2735341773835253 0.9382762884426618 0
0.3410983982344778 0.8031667127276864 0
0.3645319990502826 0.7842914211401196 0
0.335670989023551 0.7706060816304101 0
0.3164442095414511 0.8250468084387336 0
0.30484948183345517 0.8639946955461747 0
0.3769205490199543 0.8300351749837289 0
0.38021532307832856 0.8102634239648799 0
0.34920812805640344 0.8182465906740767 0
0.4229475273185451 0.8961296517140788 0
0.40045352501475556 0.8792404105378692 0
0.3726483398052955 0.8790575711248512 0
0.3901701352224023 0.8473120312126996 0
0.3286229171745388 0.8604065390854845 0
0.2946740063941233 0.8863954284060175 0
0.3069084279280182 0.9063359085907849 0
0.38929693473897886 0.9036913747583286 0
0.2767128889390163 0.7694243853394599 0
0.280501017590959 0.8072635745225825 0
0.3011794461381925 0.7955293797977143 0
0.29690211860184423 0.8265666026091312 0
0.3134376071219556 0.7761028007990234 0
0.33869933489857085 0.7869520162682138 0
0.281248872100345 0.757277270947986 0
0.2875050709873935 0.7783071515967197 0
0.31069517718342293 0.763813271403709 0
0.3409895426296541 0.7567640330099906 0
0.3502258626718035 0.7629078791839969 0
0.3662327946651351 0.7450817752503623 0
0.19620047636491306 0.7065799584798393 0
0.22937101426025552 0.743825535384592 0
0.25265487613045334 0.7589752934659134 0
0.22197274131139158 0.6823622646808434 0
0.22953196307709267 0.716042760025203 0
0.2386490031991889 0.7305489132802654 0
0.20375754854591113 0.6891407308609818 0
0.3254521456638146 0.6111281896812444 0
0.2916122371592715 0.6325266015477677 0
0.32215883534874107 0.6794985435359079 0
0.3414451539858575 0.6236844831218332 0
0.32425254230721035 0.6312832658206685 0
0.37549900594353813 0.7334052198499734 0
0.3440773402672607 0.714902003778315 0
0.35296459750233966 0.7370954123778701 0
0.3312726793130451 0.6976156417969032 0
0.32325561699094296 0.6486339569902981 0
0.2948449374882952 0.6515063889060076 0
0.2764721848759594 0.6463411394232819 0
0.33931852955264263 0.718155881422882 0
0.33019450533670525 0.747726878430919 0
0.1694304885808784 0.9315015018475504 0
0.27317536260716163 0.849114169035088 0
0.2699544626573245 0.8849126081489778 0
0.225304683668795 0.9059078808788174 0
0.24256268100747141 0.8815098796267814 0
0.33369834827110084 0.3189071165808458 0
0.31327380180925635 0.2920209166351166 0
0.3350982580818264 0.3768279242226918 0
0.39290207152799655 0.3491176363604038 0
0.3699899586825738 0.3281165279905796 0
0.3809051175348868 0.3416726183336985 0
0.3345517456846599 0.2429148333221375 0
0.31991641901844725 0.2675058698356934 0
0.3346882582685921 0.25885637585447996 0
0.3289440414499599 0.290001712480033 0
0.3393568754590712 0.30171967344243483 0
0.3770794738145347 0.24848710595655812 0
0.36372107294585454 0.31300766563494714 0
0.2599557497963037 0.2795495210677323 0
0.28665394100578 0.2799601358768905 0
0.24142506594816487 0.4174877001318844 0
0.24750664124075644 0.3883573799828376 0
0.25956269808783916 0.44988255750152145 0
0.2094237186678986 0.289483650305891 0
0.21338232761700193 0.3226285248045904 0
0.2198186915253934 0.2944753819934446 0
0.22648331999174845 0.34488360589977557 0
0.2322892068832428 0.3657625379350335 0
0.22133689104359888 0.30876375279640256 0
0.24260768554307077 0.30521999894288676 0
0.227574861874599 0.32256742031600255 0
0.2594229911364467 0.3365153923959416 0
0.24077057928264056 0.32361933489770345 0
0.23287786180485004 0.33411463293250676 0
0.23811752033940306 0.34527633514501566 0
0.2970066117881083 0.2865938177671233 0
0.28258340622236733 0.28956165330898753 0
0.309935736581558 0.3065593889457199 0
0.24189267800061223 0.3568737391075723 0
0.2616792486464914 0.3501953463671839 0
0.247515755299438 0.37029001168559256 0
0.31887807552541986 0.3182705645776837 0
0.3070891695847307 0.3175690494268827 0
0.32270469163962934 0.33251353737414996 0
0.2813705517904166 0.33696073978458974 0
0.10222368467686907 0.46655320295528374 0
0.09741937932104713 0.43509596804669215 0
0.06850894050042483 0.45327766256349433 0
0.19906779003727518 0.38829012452481654 0
0.22571156191541544 0.3780518816189776 0
0.21758857354193395 0.36942092376217195 0
0.18383401707082955 0.37390440969285416 0
0.2027039402865276 0.3722618576560412 0
0.21420727090261313 0.3477899422486396 0
0.20272254397081363 0.3361432094338269 0
0.16087822623750622 0.4037953999629356 0
0.22540349469512913 0.4093435939267032 0
0.21186560276312835 0.3985598538903379 0
0.22458852986709008 0.4273690442089085 0
0.19611487017005994 0.40522742936701767 0
0.02938465517465654 0.4010247424129604 0
0.18161800671980127 0.6837413452201423 0
0.22401184848101532 0.6637674830843002 0
0.21231511882778378 0.6429978184966572 0
0.25734838092692525 0.6382055947599087 0
0.1549338914721211 0.6111482386216607 0
0.23750747337764366 0.5988421250965699 0
0.040722885015930584 0.6013157652632977 0
0.08060194366476706 0.5809444838046717 0
0.157693454399872 0.6634723820448221 0
0.13400833167500695 0.672745215402874 0
0.106582408944033 0.7644406104949398 0
0.11316163081385625 0.7291013726727452 0
0.089517978971724 0.6999119369034938 0
0.17764961022577686 0.2910518693042509 0
0.0869767325813909 0.2997806341543185 0
0.12006667877177488 0.3763649982140481 0
0.14573374846746845 0.3046974553479982 0
0.10347672927443441 0.40539997280453577 0
0.06134130143215884 0.3164051536211534 0
0.04333495654800702 0.04462741373736273 0
0.07693828128675968 0.1249715714115441 0
0.14767360546757397 0.272203360906216 0
0.3313007084409857 0.22515405835615324 0
0.3485294132826439 0.2093602841053762 0
0.3748164429078663 0.20579920842870644 0
0.2958086400134847 0.1509583654662761 0
0.24878126685436122 0.11525996526645226 0
0.2784642258014809 0.08406323608423498 0
0.30195414270180226 0.04268265094135878 0
0.2149221892939825 0.0410151133911693 0
0.23409448336942298 0.07865311947382929 0
0.20750321339994013 0.23501569336396125 0
0.18911053554236817 0.24507439207502293 0
0.19111628098597458 0.28457923456389805 0
0.22413208869598966 0.22780631805939988 0
0.22151040170151112 0.24597192844272459 0
0.23188020870251663 0.2557940585205464 0
0.25604237715867095 0.2630256522831608 0
0.22265589235281433 0.1903490263200047 0
0.24720654401315123 0.1464978070547316 0
0.13492559605216672 0.2114286559559642 0
0.1544212977230479 0.23206747895653682 0
0.18573923447354712 0.2090164311246253 0
0.19945441740277167 0.19155559591987048 0
0.2121832419349979 0.11053340300337056 0
0.49894538074782124 0.21398763961159156 0
0.5201760516384076 0.22697395098746695 0
0.4776470170344435 0.22649678097429365 0
0.5006017371314557 0.1845509126691215 0
0.416554585744154 0.18491662283635804 0
0.44705708630919316 0.18901672491123728 0
0.4529201836562342 0.21907676761169803 0
0.47447595424944344 0.19967783026737648 0
0.3645520220912367 0.12234305190136907 0
0.4051595335206932 0.158529351796154 0
0.3933028756414072 0.13142164401525874 0
0.4604618962806065 0.09116999694031724 0
0.27332368401292617 0.1336035645629928 0
0.32083245351521844 0.08336956703197121 0
0.32301147143117065 0.14357248660214728 0
0.5416739046742377 0.21887305087140527 0
0.5382732119347827 0.24248259959587865 0
0.5761514755646369 0.24590066819536238 0
0.5832590656422919 0.22532044899574155 0
0.5928015741060032 0.25602545793144 0
0.548734194643731 0.1943229965276381 0
0.5522822762193652 0.17355895001482252 0
0.577072842252321 0.15602275005608837 0
0.54420619788887 0.08227857873373123 0
0.31948647897407745 0.5120620063168277 0
0.2704951831452734 0.5364036728306655 0
0.3339079481426577 0.5382139862586819 0
0.28523774728891094 0.6098197107456459 0
0.30670829324308985 0.6018813519268947 0
0.31618683114793583 0.5576215084090255 0
0.8869165682638047 0.1829285727494326 0
0.8986527165376204 0.24005935063905864 0
0.8816845985337826 0.21247311134486016 0
0.8177867551780388 0.29613648449928137 0
0.7950291666825462 0.3091175286232327 0
0.770457083246305 0.3335667320946208 0
0.7863173546959046 0.3357923290168813 0
0.817727658432004 0.34259615275496125 0
0.8088045108627866 0.31187985165116333 0
0.7986372438831599 0.3246286463088811 0
0.8630378035063697 0.2830897937571547 0
0.8153689128862461 0.3281178370617806 0
0.8809022192838896 0.3600935521232783 0
0.8394411525358866 0.23045216188333353 0
0.690587036270339 0.2028179185922821 0
0.7226964753721454 0.1664680032555949 0
0.6986802471612003 0.1650943632109101 0
0.7984337384173162 0.1272338943237074 0
0.753144987774947 0.08218265849892138 0
0.8164497475955966 0.21231641599487877 0
0.8205273726454203 0.17107289950672466 0
0.8520890276861426 0.24209407216604967 0
0.806724224373577 0.2826959465690852 0
0.8227791527166909 0.27603431590016847 0
0.821545624897167 0.2603277125597216 0
0.8131749651505356 0.24424152293356527 0
0.8230113283515287 0.49874518347380553 0
0.8515552886866036 0.4812209027381701 0
0.9584783174991105 0.5234689676854973 0
0.9626862924364896 0.47073914978007747 0
0.9016594878650114 0.38881482213770396 0
0.8764765724970943 0.41977656573972344 0
0.33444160635008835 0.6858086903763886 0
0.4011210422476109 0.7064902420463967 0
0.36576310709842286 0.7152586888913812 0
0.41088223268583385 0.7198409088982325 0
0.3833146459395394 0.7471974098650578 0
0.39683229753827576 0.7415404920227933 0
0.41698679754861484 0.7046070075027606 0
0.43654844749836946 0.7782561917933831 0
0.4009256424542857 0.6255711005375291 0
0.3607287842214024 0.616171280053498 0
0.35557666795813936 0.6363968190013167 0
0.49392151877589285 0.6750129486077844 0
0.4389964111134068 0.6801028006664311 0
0.5098019623647928 0.7385291049570324 0
0.47189159919587437 0.7113885975204224 0
0.8596966600128042 0.13674649666310415 0
0.0722176427282851 0.7393800076350876 0
0.16899499590953154 0.7430017784549622 0
0.19288630828040965 0.7286675446533696 0
0.13897353843485827 0.7513733617113847 0
0.1665267484174926 0.8636390416274283 0
0.8965922986259829 0.7193655363663677 0
0.7494994618820059 0.7185128347116706 0
0.7915197487980518 0.7153788182044339 0
0.7634943148903225 0.7056780029338304 0
0.8249421910907254 0.6784799116345184 0
0.7703226027754012 0.6733954378612633 0
0.9657146976586518 0.7073709133417666 0
0.7722174683843784 0.6556454390179158 0
0.755009283162563 0.6983066361051733 0
0.7352001550607479 0.7205767216083009 0
0.8545698782075953 0.5802028112646965 0
0.7924776939304475 0.5792283420048026 0
0.8417071738519452 0.6584921115151573 0
0.8605163919001814 0.6386700242718495 0
0.8157535153195374 0.6542611140552468 0
0.7929214784506976 0.6519994641139265 0
0.801650027448246 0.6717131928684038 0
0.852881149397775 0.9098221920520934 0
0.7904855554707005 0.9103989490923067 0
0.835138521237711 0.8846263933651555 0
0.7632804039392577 0.7430277327901929 0
0.743824941063658 0.7915807737467759 0
0.8004797038331075 0.8149734355085974 0
0.8336145539290417 0.844687315861955 0
0.7871199893015787 0.7637490584003186 0
0.7943800792398203 0.7812736309697214 0
0.8942511908860346 0.7681109645194935 0
0.8432819412776748 0.8232974385017667 0
0.8514654023595993 0.8063437287164645 0
0.8135845068531392 0.7800734769152385 0
0.9304074185486856 0.9653394164109275 0
0.9749371037937619 0.7833253653334636 0
0.7563529785695035 0.8532326156084158 0
0.7316376839393826 0.8265591440420114 0
0.7141407578984612 0.8548915455995393 0
0.7887203039933055 0.8649778447454806 0
0.7960255590493971 0.8479499965914084 0
0.7831618067128657 0.8151099744672715 0
0.8128436278945318 0.8453697998384944 0
0.7066227730699889 0.7972865467677466 0
0.6878335954496266 0.8289068175960432 0
0.7117925078049274 0.7833713688858182 0
0.7264989457403739 0.7496883877100278 0
0.7142132636199954 0.7484799397924728 0
0.6786386357976665 0.8167389612376527 0
0.6882833507827829 0.7981708262063751 0
0.698753908865411 0.7824098562831661 0
0.7595571964642718 0.9062000140198676 0
0.7245527583856133 0.8779551486231246 0
0.7360465909532352 0.9263683881964752 0
0.6981488670536198 0.8769561328476825 0
0.6784662214576479 0.929219818819289 0
0.7088236961158617 0.9442234462276939 0
0.6502808389922037 0.7182848435193315 0
0.6374928029050623 0.6935006294000943 0
0.6147195391675466 0.7727026511686155 0
0.6749120365555926 0.7276811526929375 0
0.6629184069814852 0.7359557127601325 0
0.6512495432304025 0.7824960825773062 0
0.6342562676667377 0.8121300982149201 0
0.6775607242865386 0.8669019830910328 0
0.6485066146481455 0.9504982393660751 0
0.8709788465379356 0.8587073291621812 0
0.8857546285477481 0.8747213040024033 0
0.9115228803436479 0.8846794116869834 0
0.8910414535358594 0.8172814878031338 0
0.9644086122705953 0.8259796844740329 0
0.05023256863027396 0.8139767049873693 0
0.10283117050279256 0.8329103463553704 0
0.42635516901019477 0.5710318179528544 0
0.661349839036606 0.699664425022425 0
0.6793188893653256 0.7034830551323381 0
0.6921113445113756 0.6939283253713838 0
0.7439337178842753 0.692920357842461 0
0.7073352161439594 0.6881823600642794 0
0.7190016962180125 0.6976288258770884 0
0.6995045604310942 0.5806121390580888 0
0.7031345042256366 0.6213636751234299 0
0.6884646059644316 0.6515706749249421 0
0.7540816703784486 0.6627182192449746 0
0.7375787277159715 0.6824689941160479 0
0.6582509037291949 0.5942452866692804 0
0.754595591183011 0.37805229529392265 0
0.795635639956969 0.36681400949311405 0
0.9651463858759345 0.3823329335858258 0
0.9344496393066197 0.40485835053778674 0
0.736122239406048 0.4964469948671296 0
0.6390672657015609 0.4756735226775547 0
0.68674101083497 0.4973834033523661 0
0.6491882010279073 0.5686423870973032 0
0.5391102201478183 0.45069869526241646 0
0.5346843963606251 0.40207693373860937 0
0.5733568073567407 0.4177552867024927 0
0.5839944809665935 0.4535319103210435 0
0.6028350296531342 0.44801481848314 0
0.5355188593901157 0.3378374919764933 0
0.7555712152822356 0.30045252762644603 0
0.7467145953061021 0.25100405599129544 0
0.7923986787511408 0.28572407552153034 0
0.7977235016311007 0.27003940802506127 0
0.7229571545403926 0.2867008436061013 0
0.7330623700812305 0.256614571544151 0
0.7008991818401745 0.2934883334634177 0
0.7547396575586268 0.21904578207180853 0
0.7587006918303214 0.20008651953269246 0
0.6901609780239758 0.22098371074827525 0
0.6894133663006418 0.2396122767341846 0
0.7181752602880613 0.25103290639491743 0
0.7194335696354764 0.2356217139405298 0
0.705740873062511 0.2124051307729187 0
0.7387128893514187 0.3573970258421173 0
0.7409667080954716 0.34549004164843644 0
0.6945349244544857 0.33359433650847115 0
0.6710086197036286 0.402788012151966 0
0.692144768393391 0.3745597464503051 0
0.704136720002735 0.3939397452550893 0
0.5797140871607315 0.3519910881498767 0
0.589917494644862 0.3843337921111921 0
0.6238438017177018 0.42192289304529934 0
0.6405724807562504 0.41588307364537414 0
0.6192199537902356 0.38072592759816487 0
0.6161188190716146 0.3457782925371158 0
0.6043402392572871 0.3265929681246495 0
0.5859474503630233 0.2855864674003213 0
0.5833256685495257 0.3175292590141609 0
0.5955022512655436 0.2726775465818424 0
0.6124261058213265 0.2901883862296519 0
0.6636948749010544 0.18502807469944077 0
0.6441647395206697 0.19248780437183974 0
0.5960905321650197 0.18120223339144417 0
0.6211294713484523 0.26840948985040863 0
0.6595915153127789 0.2192331746188088 0
0.6840644228277941 0.28060958243478007 0
0.601206696340042 0.12360155401344944 0
0.5015901998014903 0.45783738856511297 0
0.4698395247220944 0.4501115179914187 0
0.46345683088194656 0.3501622679074474 0
0.5158073734333193 0.3405539230483526 0
0.47418825630822353 0.38841857674955715 0
0.43892724176679115 0.3553999248493989 0
0.4012584841607415 0.20658125733238558 0
0.4545332442102115 0.3109976942378565 0
0.4654208120217856 0.2894971381772232 0
0.38149669932182045 0.4570554988600897 0
0.4968488407734677 0.49754060468761263 0
0.38186559500257844 0.5117368651153847 0
0.40775698307251695 0.4703993056375845 0
0.3238585425499654 0.42097889094331487 0
0.2615563196247031 0.37843801218667683 0
0.2833989705220235 0.39677802858046507 0
0.26596613309425515 0.3931765954329667 0
0.2537730758145617 0.4055205975586898 0
0.34066923286792594 0.43488092982471355 0
0.3466956696374597 0.45855704118111884 0
0.3225476301368398 0.4450445392526373 0
0.32151557556739246 0.46617091628845264 0
0.30223955411062786 0.4558874881660131 0
0.386821114737858 0.4316918929743301 0
0.6281939007615295 0.7198321887803334 0
0.595491980917142 0.6692050943780384 0
0.6467595489740352 0.6708460813314293 0
0.6436071659293237 0.6307728129940098 0
0.6444342361592136 0.6522293728092659 0
0.5376929736290492 0.8891339550221945 0
0.49687322784651033 0.9137072017659306 0
0.5446232097882092 0.7377057813382684 0
0.4823423953866013 0.8549887966989372 0
0.3994150035464642 0.8584288864681948 0
0.4555760197498205 0.8620929481920281 0
0.4611863253401761 0.7789222932030315 0
0.4261273423699922 0.7937037675967265 0
0.34553395829001093 0.94097245804979 0
0.35231168236510896 0.7925332934334135 0
0.3326079848788333 0.8173612076242291 0
0.3860542709028211 0.8632159333737834 0
0.35788047210977414 0.8326699699028447 0
0.33000048369063073 0.8372676478001423 0
0.34996693662899764 0.8853015003583643 0
0.3611683982970611 0.9695411642710696 0
0.31194703994527617 0.7997227862337991 0
0.3264919867440554 0.797805275456589 0
0.3045716666655855 0.7836414079079307 0
0.2853914086394388 0.7941827423904286 0
0.2462840539712811 0.7736511913338112 0
0.26782003343418986 0.7586752026015495 0
0.21648978691204063 0.7025410868289672 0
0.24597202121504735 0.7461313534125873 0
0.3481638066337849 0.7066403914453363 0
0.341735023638024 0.7427759307536198 0
0.3082573312114399 0.6404446588192384 0
0.2971363545803342 0.6677314718026794 0
0.3323338655490369 0.7321695346387868 0
0.30422743375596906 0.7531498951518505 0
0.32039492435484124 0.7404124663832796 0
0.2724262147785527 0.7360688111103537 0
0.27837669357837386 0.8321928815542187 0
0.24384332001497086 0.8435189882571434 0
0.3423456239451009 0.3578036471862119 0
0.3266293718396959 0.3635125198508103 0
0.325020646847749 0.39493843908373766 0
0.4315817555874166 0.31597443362009126 0
0.3206490785933613 0.2807078501998095 0
0.3645319662774715 0.2284359637973025 0
0.353823973066848 0.24962427892828906 0
0.38854707422779244 0.2274874709594037 0
0.40891784070326304 0.22744859674199208 0
0.36097205243613895 0.2830322206743514 0
0.34944714931623905 0.31338705456201116 0
0.29601493253643596 0.272088239018688 0
0.23282852459420825 0.2974123605320071 0
0.2499259118794499 0.2839891533260382 0
0.2478633352822335 0.3143839671167965 0
0.24972855870446456 0.3467252618499414 0
0.26958253258650205 0.2919317007314721 0
0.25926952385454544 0.31498482321052446 0
0.3405363658298609 0.33749228754261285 0
0.2713144633407924 0.34288381689009384 0
0.2218174090815262 0.35730226996589176 0
0.20917660897997248 0.3598353485921179 0
0.19778532786875372 0.31944183835344125 0
0.20120467849579224 0.3486047187792401 0
0.1670637057619582 0.3847958024527782 0
0.13462669104185634 0.40307657531152313 0
0.23762012643030742 0.46044400263607876 0
0.21264515334887618 0.4693480864620838 0
0.2203666528231934 0.44633036449633817 0
0.18053799610960525 0.47243781479486885 0
0.19814993217982127 0.448460513476974 0
0.04636090881623511 0.37578269819343674 0
0.17964380425995477 0.4100340348713207 0
0.1214655216041918 0.42500785211231734 0
0.12518644137832316 0.4471358654082395 0
0.07421844853641812 0.4914539797671443 0
0.12927464465500865 0.4716877934981118 0
0.20419266607590092 0.6697104538579777 0
0.16263155342188235 0.6386760043485002 0
0.18779128660306596 0.5598283102794045 0
0.26425962364541133 0.5890935547766596 0
0.040867584115500545 0.5545931865880973 0
0.11346106834132427 0.5644936606450729 0
0.14564088041190534 0.7203804255250773 0
0.07515426148204003 0.6701892032303307 0
0.12401930512374346 0.3501613943506881 0
0.16199894076492874 0.348643009640082 0
0.06885989014417022 0.3468304281147526 0
0.08609913603462305 0.03545862617105051 0
0.11097176400820821 0.2879062781817324 0
0.16244891547766266 0.28316366011198535 0
0.1499446445395618 0.2536504764055026 0
0.144142400063458 0.14583075778417076 0
0.06659391221969929 0.25571015387818735 0
0.31800152303887863 0.23718097714476272 0
0.32544885911566596 0.20699645280317733 0
0.36090550409328853 0.18462671691502044 0
0.33322599125015023 0.18809287662023302 0
0.3146956066850911 0.17079133589904558 0
0.2618022242179176 0.042028480600877424 0
0.17906403353158618 0.2756932382520344 0
0.2965116826669283 0.24947258289638316 0
0.2701525037330019 0.26604081758789017 0
0.2505898931985006 0.2515107977723824 0
0.23964670031818078 0.19498714519567584 0
0.2688317025270333 0.16470111255018713 0
0.1336380010335938 0.17855175476670923 0
0.19429884359165422 0.22569215830708447 0
0.20024087735864324 0.14164399706293523 0
0.4985729106232856 0.23765828909348893 0
0.4300170562160406 0.05796476052696703 0
0.5603438735658419 0.23314114574575315 0
0.6098836478375566 0.20109292173944238 0
0.6030875790407759 0.21971295899881232 0
0.6157668858108893 0.23549924414787543 0
0.5654021692233813 0.2099166896861482 0
0.5716502198642537 0.18627363625848553 0
0.29096343565500127 0.5492067840794626 0
0.2685469088032619 0.5612621353642938 0
0.27415033149638973 0.6289674168403705 0
0.8706441919895233 0.2585658838263472 0
0.9132575887392261 0.2055960447910126 0
0.8270447787087623 0.310548100711341 0
0.7565781904061516 0.3325265229263542 0
0.8028095791066236 0.33959453728475475 0
0.8520301704814741 0.3089766456428946 0
0.8359120386582506 0.33361279140190325 0
0.8514268429643516 0.36094663893229834 0
0.8662661234462636 0.33182897318173776 0
0.8533120343520291 0.22030353179907447 0
0.9568357437058345 0.2992381057311778 0
0.8966870871110321 0.3295803012004493 0
0.8816784903223922 0.3071721412349553 0
0.7387091157258203 0.18740411818614844 0
0.7995338623636273 0.153051217047153 0
0.766122625506468 0.041002646269909855 0
0.7486606132700254 0.11999075721648811 0
0.6874353539909845 0.12276355027159082 0
0.716129418643137 0.100522494284993 0
0.833468355598386 0.2169425960404928 0
0.8429456981010759 0.2651005613524212 0
0.8214637734204006 0.46442508780227904 0
0.9490175561288845 0.5828910400325932 0
0.8885194877803291 0.459112321585607 0
0.3532060572253117 0.694218607406668 0
0.3481064324710563 0.6675803922827661 0
0.34104882201351416 0.696764194102004 0
0.40853330623862233 0.6893088580820174 0
0.3626332162795179 0.7281726596180578 0
0.41553053592300077 0.7347631047302379 0
0.35957300426218863 0.6620388976639017 0
0.37845179911081694 0.634652859606061 0
0.4767103538034272 0.6923909000710807 0
0.5381958733102402 0.6307703700930262 0
0.5631178252545805 0.6085369130426337 0
0.47662244899659456 0.7340080593506946 0
0.9511268646887604 0.06416437840907838 0
0.8123729954479049 0.1048075342310192 0
0.8295886013915669 0.07341014904174646 0
0.7916054041997352 0.0739363303710255 0
0.8060546387055706 0.03752743631291274 0
0.2233107884841638 0.7303264152238328 0
0.15754614824033297 0.7658822111553425 0
0.1920944064732398 0.8645061859948696 0
0.1346479413677624 0.8535261057450333 0
0.9105365168964669 0.6941028003321504 0
0.9302242684054663 0.7233542961441772 0
0.755149817787758 0.7092468865151004 0
0.7744022766296894 0.708954016708493 0
0.8298901895335673 0.7042783657806756 0
0.7852887299760731 0.66714870409309 0
0.769037280581496 0.692914344489516 0
0.785753439567655 0.6837468529234776 0
0.9583023183644485 0.637367179359158 0
0.719218319182948 0.7205283268279337 0
0.8736032639146435 0.9349028949656161 0
0.8207445020668442 0.9113936876162936 0
0.7634107687281722 0.7570298171918488 0
0.777466901902833 0.7492195509494232 0
0.7638888687979348 0.7309572522128328 0
0.7526679613707787 0.7365588359572812 0
0.7633635452186803 0.7873547877372065 0
0.7254163559496793 0.7922996228046056 0
0.7365000762909675 0.779336351607355 0
0.8171122298675144 0.807979254815728 0
0.8102965781155426 0.7143108517130728 0
0.8817576979999913 0.7440258506756053 0
0.8708363427699165 0.8006159890610994 0
0.805754333280655 0.76357440136781 0
0.8067058938029843 0.7960808747649002 0
0.8233555828250791 0.7948083305781823 0
0.8353453957794118 0.7446655571783586 0
0.7636426706977003 0.8357568058078723 0
0.7193520079361656 0.8099227298804113 0
0.7272669939237187 0.8428056320181867 0
0.7306232401637333 0.7691054746117874 0
0.710238353860842 0.7378962790586434 0
0.7201971825685284 0.7610255938594824 0
0.6930061051538926 0.7419238176403977 0
0.7209871998182468 0.739583506760164 0
0.656422748748861 0.81728545427039 0
0.6988441723506521 0.813810555133393 0
0.7780286855982766 0.8854497382683811 0
0.7502352345493795 0.8777837636102098 0
0.7363881694631998 0.8987491714941113 0
0.6746592328346496 0.892374550009007 0
0.5427056210222799 0.7905972192334407 0
0.5632440117507952 0.8349626631442315 0
0.5394758861339036 0.8194927222900404 0
0.6401228692976265 0.7674022611444571 0
0.6131747993169447 0.8519066241972088 0
0.6809974564199854 0.9668645342483033 0
0.8586582718076535 0.9681682957675324 0
0.912764616425774 0.7931562968867435 0
0.9430573222476688 0.792819470742013 0
0.968890976553092 0.8668613917767294 0
0.08163062060782328 0.814276310362624 0
0.4136804272934441 0.6455183654076563 0
0.6756318945100231 0.6838752204029205 0
0.7114804386653933 0.6733407155898752 0
0.7224539557459589 0.5876779643643697 0
0.7235744070967732 0.635539481561103 0
0.6822790924063271 0.6329941384854161 0
0.6848914474231128 0.6036091581845346 0
0.7786870079788959 0.6338291147648338 0
0.7226556280599731 0.684305944554028 0
0.5649273678951717 0.5462027129554015 0
0.9342667240547103 0.366273495517365 0
0.7650428754692482 0.5340923431760681 0
0.732597947878513 0.524298544872194 0
0.6973964286634382 0.5289991400680311 0
0.6612742613359911 0.487395256420566 0
0.6006283547158647 0.5464882060467882 0
0.6103395272280957 0.5149514093013678 0
0.6370134896552294 0.5385902902162016 0
0.6380147558913715 0.5040138723964572 0
0.5495695183312329 0.422945598224789 0
0.5207362751143096 0.30388268736446955 0
0.7509023077236666 0.31972752319415865 0
0.7626116649499767 0.28963862142884433 0
0.76992098867492 0.30387769000761294 0
0.7644552473149889 0.3191887005158167 0
0.8049969571115903 0.2584349497380112 0
0.7628811620786834 0.2546620160475924 0
0.6871652064835486 0.29384717248430814 0
0.7870894824061273 0.2310678854561521 0
0.6934864364212754 0.2546723870308884 0
0.7201590206277867 0.26374394239605886 0
0.7049702437972002 0.24526939267546313 0
0.7173151654674451 0.21969935955408945 0
0.6836426010934165 0.3165602561920746 0
0.6916195486155513 0.35244406355073504 0
0.6566760102884087 0.3546881337837321 0
0.6434257595441152 0.3965807839753388 0
0.619069542013162 0.3565049979682446 0
0.5969103306185353 0.31931387027700214 0
0.6357856543530849 0.1323068976873863 0
0.5210960230058329 0.4256438706547272 0
0.44758288339565916 0.2679501201056068 0
0.4181986199621507 0.5034725669189468 0
0.44136289003151885 0.46780399343199575 0
0.36423914767151405 0.4345803911580589 0
0.36238386297689584 0.3905009169879368 0
0.26129222711974787 0.3637858629614811 0
0.2746157856163892 0.3836233337961194 0
0.26944313836711153 0.40749446981177617 0
0.6120943844805218 0.6870445261088791 0
0.5934130416943685 0.6971426584162059 0
0.5411869467679357 0.9240504309183256 0
0.4485813337071972 0.9264022801426863 0
0.45618038468653865 0.8911101927346528 0
0.3759143549930492 0.9373179052022387 0
0.32848415043302204 0.9702235795519976 0
0.3192535667333801 0.94292663765579 0
0.3275959876012127 0.9163831035046344 0
0.35742957744794746 0.9097910756448673 0
0.3662412635063103 0.8003288103962088 0
0.3550541795398985 0.8064868780654094 0
0.3427871420158086 0.8290054073483678 0
0.36871048337903795 0.852478198402384 0
0.33779607459014754 0.8795897324526402 0
0.31382665972779833 0.7898544028297276 0
0.36194333129085277 0.7687678571010759 0
0.36162811463534655 0.7566513845481788 0
0.21689186999364135 0.7579901167994398 0
0.23861600199231708 0.6970803176109266 0
0.2608646894995622 0.6624861175395731 0
0.2814120644527002 0.6654724238811252 0
0.31147530642858856 0.6839973699312207 0
0.25513903182863173 0.7324013902448795 0
0.29306397940302203 0.754070397804369 0
0.2841193516720525 0.7455249466263834 0
0.25265741929273355 0.8024812452507626 0
0.23232415272362894 0.8585432122242335 0
0.26021286977526614 0.837681372947392 0
0.2582005308248314 0.8600930950388324 0
0.3257222068969577 0.34893203839936615 0
0.31274665755145614 0.3587003237001309 0
0.3169328392235292 0.3759192383554269 0
0.36057169919902676 0.3592209396743398 0
0.37108940899560916 0.29781824275478147 0
0.36727299733026997 0.2655364508933227 0
0.3497599081411857 0.26958959897324114 0
0.29568905679749863 0.33724848330090085 0
0.035331036326574375 0.47853402309197035 0
0.033125675990209116 0.43770630912985853 0
0.22831663212796968 0.3911655548066641 0
0.1800408942515463 0.3053527802498653 0
0.20887270470990113 0.432375267376844 0
0.190631851098657 0.42588073007829097 0
0.16971114940754858 0.4227168067094465 0
0.24198565354278206 0.5708372913180025 0
0.2590049858240086 0.6144363956180587 0
0.12419895474105799 0.697036607651295 0
0.14834306086356122 0.38234130424814977 0
0.1329659448649463 0.31813336598323033 0
0.14243763925176237 0.33902191591475594 0
0.17690828555185434 0.34093051048100126 0
0.1433596882569816 0.36057290556350585 0
0.1779201745958197 0.3562994044283089 0
0.029447435288384966 0.3378520815924507 0
0.1302879478558401 0.2800679017671989 0
0.16393333798826748 0.26564857226605976 0
0.1452254520743458 0.28898327250374184 0
0.09036880505112117 0.27425574979209033 0
0.08096297272000631 0.22469061988745034 0
0.341569062688025 0.1636995257766991 0
0.17673223006963729 0.2284919522698661 0
0.3062777326921187 0.2616977732392356 0
0.30898615492521936 0.24745181469529484 0
0.29280415872345944 0.26134916346671677 0
0.280817054547044 0.25345162912469543 0
0.31261620277955265 0.21953008230592416 0
0.23906596750037568 0.17386650292571865 0
0.23041735261939672 0.21071693655166404 0
0.26969742354088544 0.20688874116241496 0
0.15383948042707168 0.19182965784049 0
0.21227656336615885 0.16902433047805854 0
0.1610371546615411 0.17089918748527447 0
0.4707583678253461 0.16212229320486007 0
0.48611295899326595 0.1236356610832931 0
0.6065728092056225 0.2623084055490994 0
0.5876250942243846 0.20438626064432888 0
0.6276377846933228 0.20191660045139223 0
0.5971997370667508 0.23925623836709042 0
0.6488208256180157 0.23468878517491495 0
0.6214015123789834 0.21667132243311782 0
0.6077548477974752 0.24972695526790317 0
0.9264066973242402 0.26736417974352844 0
0.8925113816684119 0.27617915405565574 0
0.7422713617311293 0.20775223530056205 0
0.7747481916891434 0.13900083211226316 0
0.7602865039638989 0.18280472300783127 0
0.7152826041357205 0.13940559441643333 0
0.9655976235472807 0.42607193794712733 0
0.9299519345694457 0.44614918637458334 0
0.36517103420297503 0.6963208973415899 0
0.3738462293659852 0.706627288688256 0
0.37418879311681036 0.7213800570418788 0
0.4896327873992084 0.7672562624995315 0
0.3515650773454603 0.6816325234944307 0
0.3943895741174084 0.6438727200409153 0
0.366212167157767 0.6517188828991409 0
0.4651364706266972 0.6697679232709376 0
0.5146689064630603 0.6533569375622235 0
0.480093695479268 0.6022594803456147 0
0.5039666977860805 0.6186529161348225 0
0.42808944837764135 0.7179078516346634 0
0.4359191985615677 0.70316564601522 0
0.8472443515126046 0.1081990878154173 0
0.20342208821742755 0.8041406718575204 0
0.13484749988388087 0.8200313963922722 0
0.7850146810556099 0.6997507192230273 0
0.9247616924413194 0.6624338893708982 0
0.7276580982241561 0.7077563656976187 0
0.8486732056615744 0.6133739718395698 0
0.8051230050713586 0.6306486424228819 0
0.8239961693270337 0.9702717229271948 0
0.7532708727491397 0.7643304347271618 0
0.7862038641566891 0.7342207520901448 0
0.7747332670606782 0.7246816783445216 0
0.7420025399952286 0.7396195950742718 0
0.7374249014125669 0.8090065771593756 0
0.7555894214691042 0.8050977630033949 0
0.7669795371376009 0.8185419842765074 0
0.772686492506425 0.8027887871565543 0
0.868470147351325 0.7645230890284643 0
0.8547954553722138 0.7848020157113961 0
0.8135088620102542 0.7460981546062196 0
0.8223055647699495 0.7278789001301412 0
0.8452499040607747 0.7248022822391906 0
0.8243215699476478 0.7625436318446319 0
0.8567249965029249 0.7446282377287714 0
0.7438603049816596 0.8398468665115522 0
0.6932291749201067 0.7674924322576617 0
0.7023963992496272 0.7456653519999678 0
0.6880151836144154 0.7315717068443854 0
0.6999644583845811 0.7342234113529627 0
0.6072093959245612 0.8006111408587953 0
0.6390648679556348 0.8365388509271219 0
0.839609655540219 0.9392895106119161 0
0.9247785734251666 0.8235154470934357 0
0.9355438499211094 0.8566327415529098 0
0.4308737762740943 0.624495218482265 0
0.4364009542356979 0.5957276645869986 0
0.6990927775529445 0.6610190155760275 0
0.7167194542907909 0.656343569080207 0
0.7248725648780502 0.6113179356205186 0
0.7010252276691443 0.6427882090230872 0
0.8319637181677878 0.38500564641743484 0
0.6649303038820383 0.5181544910309488 0
0.6222339579451062 0.5712634381967356 0
0.737202701640313 0.31951686727456236 0
0.752187273006114 0.2654904545330243 0
0.7600296374545332 0.23936963631524344 0
0.7919403788686268 0.2599595918136503 0
0.6750841288964398 0.28834686264336384 0
0.7949062213295192 0.2434718565324228 0
0.7727028025945367 0.21388645510418666 0
0.6959535816567639 0.2833081739463994 0
0.7064191883965969 0.26121722149558807 0
0.7243115051284682 0.20637608619780415 0
0.6651715307463274 0.30562882833028965 0
0.6369202493465428 0.34395269717550664 0
0.6594942211647105 0.37496768038990513 0
0.6740965628677222 0.3428859249296868 0
0.5049248239360288 0.3616449961532624 0
0.4728624753501635 0.4743771289447893 0
0.34891681303341193 0.40931799563890847 0
0.2729765602151797 0.35636939368043197 0
0.2741034599537196 0.3707445709052668 0
0.2617510402872616 0.42562679382118324 0
0.2838020367155618 0.41851038835482823 0
0.3024258878184484 0.43182008337610783 0
0.5459459395918383 0.7092958454708597 0
0.42498846701631476 0.864839624222819 0
0.4091939100881583 0.8410511631123895 0
0.3012997392850612 0.9277763976212133 0
0.33734027998783467 0.8958467576721462 0
0.24034978133250606 0.6730931221636564 0
0.272185484475189 0.6786612559678717 0
0.2752308444820889 0.6941604664633894 0
0.3118400429973282 0.6974891118356605 0
0.24709417070166848 0.7166991203521748 0
0.2616381292017375 0.7471867618625441 0
0.3101062588465857 0.7420330715458633 0
0.25687979122633814 0.786183832877565 0
0.24397517426363366 0.8222751549298541 0
0.26862057305366954 0.7983272103317416 0
0.2145463119949221 0.8760716591897098 0
0.30262802096490016 0.38726338138733957 0
0.4388289661697428 0.29207300121527036 0
0.3896016401694419 0.29496193428029444 0
0.41029857003916814 0.3212806810629498 0
0.39617058821199186 0.31069489202067513 0
0.41219055052272174 0.29768500451313007 0
0.2524792151615199 0.30538650710849125 0
0.1508167710888534 0.4585126602208135 0
0.13135122769560023 0.6412709984198205 0
0.15267124197480736 0.3174037088871196 0
0.18827273337594946 0.33327939634944626 0
0.16304535106269152 0.332073146849835 0
0.1902044872816844 0.3469348059528681 0
0.16397670355614122 0.36783299437821537 0
0.13420585480263225 0.2636235092970234 0
0.10817680906261211 0.22446084587639367 0
0.28399978454849223 0.2689731744898537 0
0.26282525074406804 0.2514900028301581 0
0.30930973148306395 0.198431787723855 0
0.2560991533234083 0.19005276036845561 0
0.28597801685822194 0.235199990780068 0
0.26124730432344906 0.22274896353980828 0
0.25009142190053435 0.2086035181115954 0
0.1865459533314497 0.16883482411862827 0
0.17230652284139983 0.1150980179917262 0
0.38504765251214923 0.10462602964255914 0
0.6414463410164146 0.2141651124491004 0
0.6463072928019055 0.2538905823336307 0
0.6319629105599213 0.22865132155028658 0
0.962887584709435 0.3397176215629568 0
0.9133186747434843 0.3014603417130102 0
0.7336481109954015 0.22441967933805498 0
0.7749711895896251 0.16635420031474613 0
0.9061585599484714 0.4223868102103454 0
0.3858178487202638 0.6993555452290373 0
0.41699347932869313 0.6718277568670836 0
0.36358748126683876 0.6860440115565403 0
0.43861946069477264 0.6557513757426039 0
0.45298803318073444 0.7182339169306591 0
0.22295414324622695 0.8155774592180878 0
0.1796038694808146 0.7704882789397648 0
0.20397504337703345 0.7780092847393606 0
0.16080519682085045 0.8049132128073115 0
0.9645425369090317 0.6734579102461532 0
0.7674751638626276 0.563007713719486 0
0.8199738123400198 0.6010104607073121 0
0.7511430959669795 0.7489645309089844 0
0.7731827070425602 0.7361513090166637 0
0.7503258720054353 0.8224935353433676 0
0.87482801233549 0.7813483927281152 0
0.8025444075291699 0.7315236479821037 0
0.8682129752824064 0.7238048164787503 0
0.8330684865472948 0.7796382021565109 0
0.6820457625729124 0.7820371741633478 0
0.6900010535148855 0.7531181625882111 0
0.7043964075446537 0.7571011240475528 0
0.6673631548586705 0.7961392985211829 0
0.5865259981378174 0.7737971888992848 0
0.5570499201573015 0.7687703328629761 0
0.6471407498489993 0.8702994716213638 0
0.8038747628681423 0.9406429216374752 0
0.7277677307154549 0.6694436041066991 0
0.7411651131403082 0.6236766694254771 0
0.7423702034549295 0.6005166879138059 0
0.766253920740657 0.5902151892672792 0
0.75499808089621 0.6405481123336227 0
0.758218773380842 0.5038104735162728 0
0.5487986012239536 0.37650930261145704 0
0.7415102522841263 0.2990543956930623 0
0.7286821792128964 0.2970268317137963 0
0.775922347570005 0.24596411768460613 0
0.7684404504225592 0.22976895013724075 0
0.7150490740067748 0.2758831614831728 0
0.683748586580198 0.2672225768077449 0
0.6355348983842157 0.32219233368135575 0
0.63795772245523 0.36852091294940464 0
0.6751038492263293 0.3641069060880948 0
0.6740042394377678 0.3218175615117715 0
0.5998652376812552 0.28693165782262003 0
0.2850356253614571 0.34860716947485554 0
0.605525279795604 0.6437579763861903 0
0.6288424573136903 0.6438964529996369 0
0.4741087775410842 0.9599065080297859 0
0.48006408490053754 0.8009205658494358 0
0.4182525957470624 0.8141981212863083 0
0.35103859502415813 0.8674502483523288 0
0.34656525442358155 0.8465560478410118 0
0.28859513868282555 0.6804762473109375 0
0.2646863076205786 0.719767240259564 0
0.27579880321419 0.7081140810796546 0
0.2572351502632976 0.6845833826111031 0
0.3012855466023893 0.6906416001573628 0
0.2663263694456033 0.817023434983725 0
0.2868103306884077 0.3783654733019533 0
0.3793915136076018 0.27984243167100165 0
0.39177649055706915 0.3282110125554871 0
0.38095130228137153 0.31176453158071576 0
0.264373484422663 0.304509204341076 0
0.17291383185290687 0.442699673406628 0
0.14780528276860502 0.42890718081847085 0
0.11943723748459932 0.6000623731453177 0
0.29392598505475387 0.5796258336380761 0
0.11514945048177092 0.2662658990729287 0
0.09794915011762195 0.24813619517855975 0
0.29191584453002767 0.2162490935773058 0
0.3017119139010416 0.23381821296066785 0
0.2751409563404806 0.18843287910714737 0
0.24281120911736 0.224191569570272 0
0.17402259731576605 0.1893436786258718 0
0.41898059287853573 0.10416481225910504 0
0.3895125067529088 0.07401377543877906 0
0.39848475994204735 0.6601015861524532 0
0.3750886342077528 0.692344791951505 0
0.3612681425029827 0.6741444161302974 0
0.18755846743359803 0.8438677610630972 0
0.23527571053295118 0.8055033557998739 0
0.19664098677773953 0.7522109985930506 0
0.18363089048440603 0.7931508651495092 0
0.16338542560356742 0.7849485258235327 0
0.8320889628226512 0.6325620832700075 0
0.846157226936215 0.7635820383378943 0
0.649188026733192 0.7506895623257658 0
0.6585017299826406 0.7653173138820708 0
0.6771054468671721 0.7622739166781406 0
0.6649414140501109 0.7519198839476127 0
0.6790035746266019 0.7438816380092602 0
0.6123745453210769 0.7038078241686182 0
0.743878856477443 0.5752898411676081 0
0.7628434994440499 0.6163542563955856 0
0.7875096344101485 0.6086384866548901 0
0.5212654940805788 0.3813920622470791 0
0.6453699123342276 0.3180752388060423 0
0.28668499845846 0.36279475129967204 0
0.29831087993064476 0.3532938998252657 0
0.28062979839967556 0.44152328703540406 0
0.4460953888721129 0.8045069050631479 0
0.29548134548861893 0.7259035049116709 0
0.26011250024172766 0.703212651960136 0
0.2896612851321491 0.6977987234151855 0
0.3849018689435414 0.26365838693746707 0
0.43224915942760817 0.24091823862983366 0
0.25687091191214306 0.29237513822050415 0
0.12756365150355423 0.24283950672447838 0
0.2893591281555181 0.19912729516091573 0
0.29090696081193695 0.17765614604335406 0
0.9286244644216718 0.3327858867521875 0
0.3823687430427773 0.6538035683718915 0
0.3986425119384904 0.6782378494100918 0
0.4861434954814125 0.6454150889477471 0
0.18409976611987053 0.8187622181508784 0
0.20577945943916257 0.8290913457329467 0
0.2399402917732645 0.7895766956406104 0
0.222549119823977 0.7942148655536458 0
0.5754039802516945 0.7445959090608479 0
0.6231758341145681 0.7448649538627053 0
0.4776821355216453 0.6228128620979891 0
0.3009150216148916 0.36982980524354997 0
0.4364018795178932 0.8352133715172326 0
0.46743614512069287 0.8319822957514994 0
0.30922281491310494 0.7254643720789758 0
0.3008799935324495 0.7028510280176314 0
0.39838383692349444 0.2763900571187839 0
0.4014715481023439 0.2508013103307022 0
0.37052050207494636 0.6651589042911317 0
0.38497200655838787 0.6849094685084635 0
0.45749549826128727 0.6392516270475651 0
0.16136624830344523 0.8337532079207718 0
0.22641347120860986 0.8369900001443179 0
0.21029599260645435 0.8514699348104403 0
0.2280968921041467 0.7755632838972174 0
0.667052314049521 0.7784706108814313 0
0.5689056188900986 0.8037142743177015 0
0.6019795158902119 0.7261417357819513 0
0.38474807234952196 0.6698523405425371 0
0.37355121003717406 0.6788502424068038 0
0.4586500489975699 0.6098000236942496 0
0.4219237255728143 0.2706425378517885 0
0.907764282602922 1.0 1
0.7829316230290391 0.0 1
1.0 0.09152602980676879 1
0.8445989980591182 1.0 1
0.0 0.2795453454014397 1
1.0 0.8445984866274847 1
0.7743853670540042 0.40467221681995824 0
0.7870183114798555 0.38473613603418916 0
0.7705595367425513 0.37506537072260665 0
0.7467665500637517 0.4476403530413025 0
0.7259926188891258 0.3177898058322007 0
0.7336941688830271 0.33885987281986113 0
0.7178524600430817 0.34932217796934684 0
0.7234513784973067 0.3396687856323135 0
0.6557405885108837 0.2898022312030146 0
0.6346997940673853 0.301098754733907 0
0.6463186277865552 0.2950042482585688 0
0.6456012724697223 0.2858380363650644 0
0.6234763290758663 0.2963081423763754 0
0.6433851425572027 0.27688587266958103 0
0.6536507577510056 0.2676166628060696 0
0.33812780965330297 0.6412435486477858 0
0.353250906531979 0.725784282556196 0
0.3229168695322155 0.6653514041825772 0
0.3316100404548147 0.7197407975693978 0
0.3455561621045943 0.7218007928175395 0
0.3178197671962768 0.7517814286326072 0
0.35729445999200277 0.3337120498765096 0
0.21645812307805878 0.2828147040375804 0
0.28712772078778986 0.3123557600487423 0
0.30226080468692595 0.2992108486613593 0
0.3089109886840202 0.32804539140940775 0
0.29938216807298906 0.3098280709076644 0
0.29763649368573525 0.32197384505205234 0
0.2845808069094875 0.3262743390657393 0
0.8465417238557056 0.8622187933138868 0
0.7792301371024404 0.7893133612173527 0
0.7774445723983973 0.7756196952094593 0
0.8058603768319855 0.8600488933767217 0
0.8010420648668851 0.8328056575857742 0
0.7896156427474421 0.8252488433090385 0
0.8766383606818555 0.8370339937663737 0
0.7157083382073497 0.7086274891128229 0
0.7833006196817983 0.273568945113353 0
0.7191161266900518 0.2961119601003842 0
0.7321191988813087 0.2423927147696366 0
0.7088023311629575 0.3030199321636399 0
0.7118666457276673 0.290598227150578 0
0.6963382555579457 0.304245239702542 0
0.6751142656548886 0.2513476122644387 0
0.6937195102878208 0.32160976020229465 0
0.7055579287377739 0.326581982960005 0
0.6922611915257293 0.3862905200348781 0
0.7024812424227086 0.37950915437981625 0
0.7017404703490469 0.3677581371971075 0
0.6591360846277357 0.39447103907225833 0
0.6148123475952517 0.39433540207501877 0
0.613848287736047 0.33344278397212546 0
0.6142394741147295 0.32356277067181083 0
0.6131258111906654 0.30005965859159206 0
0.610592386209189 0.3080153198902409 0
0.6182406688112135 0.3055189709413116 0
0.6326167315094344 0.2600585025617672 0
0.6637608382239948 0.28396174782229544 0
0.6631441623566942 0.2756032660348641 0
0.35325142024888917 0.34561436976758614 0
0.3545829816610865 0.2998698425014188 0
0.3449808139406455 0.28692228613509263 0
0.35737400537000846 0.32306109519146053 0
0.24536021288834556 0.29412345543508955 0
0.25238437172226147 0.3246945727819012 0
0.2777700683289349 0.3033758206462477 0
0.19450522409180587 0.2678446988941262 0
0.23290164387200368 0.26604833079631296 0
0.21939912807876885 0.2611735450316764 0
0.20934361981744187 0.2700522736748993 0
0.24273411368056233 0.2590082193759657 0
0.350326708750049 0.6531011554464466 0
0.3348654113308055 0.6724999737921232 0
0.7633267700464135 0.7701071615191443 0
0.7743330664578161 0.7633138425128021 0
0.7542064115888846 0.7264967488146833 0
0.7406690184185739 0.7683493299266517 0
0.7496117308332201 0.2880150712282694 0
0.756151710499131 0.27590500149899505 0
0.7697362556309553 0.2751115129724138 0
0.7575255721138499 0.3109586204873784 0
0.6906100053834527 0.3429283196160385 0
0.6920990914416802 0.3633179500773275 0
0.7008519220846754 0.3565791699113223 0
0.6286008339643443 0.3887273525972353 0
0.6027041630959342 0.3100114349023908 0
0.5923709170912482 0.32987844334525784 0
0.3225299533138655 0.6920710894955119 0
0.3104266255634348 0.6724569279476065 0
0.30237065692037823 0.679091746694942 0
0.18038855883126456 0.259829023504134 0
0.632880786319536 0.2450242251665117 0
0.6196980631210129 0.25287261422608115 0
0.7439499632851511 0.7285287663989051 0
0.7350826466750515 0.7319773433133517 0
0.7365803999477231 0.2866620102081971 0
0.7445586987836199 0.2744009708417179 0
0.7632927232648298 0.2673131358259194 0
0.7421161521456636 0.2644153054133691 0
0.6955231860301351 0.2661161415093894 0
0.7003422814565732 0.2744391624036106 0
0.6752401257515543 0.31096917030114263 0
0.6469832440832524 0.3494218861127228 0
0.6261821125636164 0.3390657345485098 0
0.6281051191311703 0.3510024109360268 0
0.6461709329916481 0.33651138897861477 0
0.6564063145128779 0.3219097116380734 0
0.6558954508333856 0.3425282106309642 0
0.6523547696747275 0.3844451265172745 0
0.6569873171725807 0.3659792418412121 0
0.6618451582107522 0.38509036849710176 0
0.6839427892519171 0.3377062959284501 0
0.6659414984364839 0.34833697479103054 0
0.6829456655326388 0.34828803200031133 0
0.5936839596983766 0.30646519942219613 0
0.5929434388261152 0.2959035827716657 0
0.32191510928670203 0.7020951773140595 0
0.25462092208755 0.2378188617835437 0
0.2705850370312455 0.23741928496459141 0
0.6614685240866799 0.25640117428134945 0
0.7435625148877381 0.7578852340818585 0
0.7376751719757161 0.7495731836784839 0
0.7331196883994655 0.7590566149371782 0
0.7314931929458325 0.7398951837789625 0
0.7470493923339093 0.30974896121716744 0
0.7340937770292167 0.30827877463911363 0
0.667966241585229 0.2660309881016341 0
0.6352257518825042 0.332053940967807 0
0.642179308091997 0.3276471919460921 0
0.6282929931508551 0.31710335450565436 0
0.6394831807573415 0.3804295127997884 0
0.6489587780243093 0.3724705395367527 0
0.6274218393157783 0.36214625194583117 0
0.6747530256428049 0.3543302551325563 0
0.6655765381497786 0.360169688483916 0
0.6670657120767695 0.3692672413697419 0
0.6833099415013745 0.3684291898263446 0
0.6688449136438274 0.3788533150280522 0
0.6837210285352812 0.32740917329780406 0
0.6747660910571566 0.3327460831442449 0
0.6655828759048806 0.3270442301441544 0
0.6362586662203341 0.3119852382688375 0
0.6456234343043183 0.306983285987684 0
0.2971803430442048 0.7413924045794754 0
0.3036499956765394 0.7154112833075273 0
0.3137532337725411 0.7176239466451031 0
0.3128644939130914 0.7086679728474339 0
0.6757140316345078 0.3002982109503284 0
0.3218475418107286 0.7134903655391145 0
0.6037723615602909 0.3001642132288408 0
0.7677183634550144 0.387219761725711 0
0.7781444650901503 0.847990842027589 0
0.2927473919262691 0.8094995897854034 0
0.0 0.21645407982168877 1
0.7186115143730238 0.3285359644349948 0
0.6363609280960455 0.2866559282377789 0
0.6229032898611246 0.28228020760742617 0
0.3379341401150019 0.7239608526566951 0
0.778211915674699 0.2883983567674771 0
0.7214430196064959 0.3063975245291237 0
0.7017750161112307 0.314187926448163 0
0.6997917085145684 0.3449043232951834 0
0.6242036153043342 0.3262527412800902 0
0.23891617415904515 0.28523714166256753 0
0.27268527447846874 0.31680377689156264 0
0.33567172861135736 0.6578129237761109 0
0.6833522135249309 0.3581614020396315 0
0.6080265311034725 0.3167120896312292 0
0.7048791261046841 0.28275078889745875 0
0.6920019556782028 0.2740555270170306 0
0.6372016012480068 0.35568550284278694 0
0.6283535013667789 0.3742305886996651 0
0.6808763112904179 0.38064621464419623 0
0.6714904735456692 0.3904519702952991 0
0.6660833586559985 0.337611005073646 0
0.66548642422399 0.3163924645400982 0
0.7135590429869951 0.3161405343948467 0
0.6329546891041036 0.27410959240771465 0
0.7857356865856012 0.3003800644456537 0
0.24452900736384764 0.2735859693132575 0
0.6474321407175092 0.36087857891802083 0
0.6741481865179916 0.3720222407789219 0
1.0 0.9077596785712165 1
0.6552933848052891 1.0 1
0.5948141396011513 1.0 1
0.6411876145291755 0.7325269368451482 0
0.8044487359226125 0.22940158876529193 0
0.7817283081363446 0.19259243328850378 0
0.5991601646792922 0.39683775066433885 0
0.8085284344108884 0.19316335131574894 0
0.7889905819049101 0.8365551132818154 0
0.7224828600735715 0.7750962184167284 0
0.2962091565741097 0.7846840179383245 0
0.38564709300859695 0.7130653618386936 0
0.2727438489401541 0.7485811979108186 0
0.1714998425086333 0.14955470463065365 0
0.29053181851175436 0.7110926981442769 0
0.6006523954051061 0.753756529618871 0
0.2859672487822116 0.7336808157688689 0
0.21195711003748435 0.7386720782182961 0
0.2114904415938671 0.7200994628984955 0
0.8330136670635588 0.8093485349809507 0
0.6569553095065528 0.6812884032245545 0
0.48143192135786567 0.24786920230199821 0
0.9082245941593432 0.35505086512578227 0
0.8488203097198338 0.6853024991564327 0
0.8698361021830626 0.665965605281389 0
0.9384808436574905 0.6918416642851855 0
0.5296938655154407 0.35920496744288466 0
0.6557900977696173 0.31222738431575614 0
0.6563120758732343 0.33230790890894035 0
0.6493207261892056 0.32777165141813225 0
0.7079648750618707 0.3506698288426051 0
0.5253469936274797 0.7160504174286162 0
0.17304454076053816 0.7124278806914551 0
0.22481015004064114 0.1524306018242882 0
1.0 0.04384626707945905 1
0.2810244505636327 0.7226075573143608 0
0.3214639580466825 0.769241555688409 0
0.32367467953865914 0.7829169582268946 0
0.40654966511470936 0.3383565566869365 0
0.20890914445952072 0.3002709360927262 0
0.8603506449033104 0.19641305338258253 0
0.3971853226284426 0.7260881870715293 0
0.38747914246461995 0.735251983270222 0
0.3854545440435835 0.7604585323541228 0
0.3945008379882171 0.7534063469428817 0
0.425262190096498 0.7644386140833728 0
0.6475421010363376 0.7993176002695256 0
0.6934743136855874 0.39848429458709994 0
0.2634937293082356 0.3241843769182015 0
0.19820046928226856 0.2909081567976369 0
0.3431114920439295 0.6797637964381826 0
0.34366055547340285 0.3905186073243088 0
0.38376508884254557 0.7260746952033194 0
0.3447846935827584 0.6873632120085647 0
0.8389139240580317 0.7957797375814143 0
0.19318186877158264 0.30931365321945953 0
0.19108097778883004 0.29680175990181 0
0.1847045764026254 0.3199182316677601 0
0.39538444610624063 0.6917080867173228 0
0.17708889428820682 0.3269560454479489 0
0.2831540346114477 0.7023802454253794 0
0.7129565840028063 0.38474397074934624 0
0.16916411353653998 0.3173409793191613 0
0.9534920956317657 0.7718240196805696 0
0.617804401281204 0.8278863586174176 0
0.713713394563897 0.5000043377445865 0
0.4198149050731094 0.13607949205208184 0
0.46626546987438483 0.7557267479195607 0
0.4272220964105505 0.751130003529723 0
0.4372726910661086 0.7349156531334508 0
0.7392665740122935 0.6379387064843717 0
0.45417778179236223 0.7410666249270632 0
0.6733286033047383 0.27670499603466747 0
0.7029181653064471 0.3367079904664354 0
0.7253593334200085 0.4799008931522654 0
0.5702600536093158 0.7164208792733903 0
0.64176851698615 0.2663362685005641 0
0.27662346130298915 0.11393160442389 0
0.22337506326634446 0.2733765028028683 0
0.423083867384473 0.6904594725496059 0
0.23272760188691993 0.27666376284636285 0
0.6324322078291872 0.7902247068226165 0
0.20083450814442635 0.2989360868508885 0
0.5919427981889152 0.8302149818460614 0
0.44436016383090693 0.7575721211505003 0
0.3346516527700013 0.7079594280578476 0
1.0 0.184027100426838 1
0.30202419114612705 0.7677637343008146 0
0.3200784840731262 0.7600444122846592 0
0.33225269255109563 0.7581579766874813 0
0.32535471555494827 0.7559948782081747 0
0.30430077254050386 0.7735115193473235 0
0.2975728784544435 0.7772294409899279 0
0.2995236306284366 0.7609326741089862 0
0.2756541061691319 0.2234065438646886 0
0.3528620388801758 0.3754901650502924 0
0.30553211980501815 0.7330640703443294 0
0.3429733693725922 0.7307089461634361 0
0.4393023612616424 0.8771553468306859 0
0.3133689990948451 0.7331595405119335 0
0.19246777854459568 0.2568387965535904 0
0.0 0.34272752215617447 1
1.0 0.7824167657025413 1
0.7822430307651309 1.0 1

Edges
88
1 116 1
1 118 1
2 134 1
2 1812 1
3 147 1
3 155 1
4 91 1
4 159 1
5 74 1
5 122 1
6 65 1
6 140 1
7 81 1
7 84 1
9 288 1
9 307 1
10 111 1
10 158 1
11 237 1
11 262 1
18 178 1
18 385 1
22 73 1
22 1591 1
23 73 1
23 74 1
26 115 1
26 338 1
28 232 1
28 1881 1
29 238 1
29 239 1
34 91 1
34 92 1
36 1594 1
36 1749 1
40 287 1
40 1879 1
41 110 1
41 111 1
42 115 1
42 116 1
44 118 1
44 119 1
45 122 1
45 123 1
48 1592 1
48 1864 1
49 134 1
49 135 1
51 397 1
51 1880 1
53 140 1
53 398 1
55 1590 1
55 1593 1
57 158 1
57 159 1
65 176 1
66 177 1
66 178 1
81 1780 1
82 232 1
82 1779 1
83 237 1
83 238 1
84 239 1
92 262 1
103 1594 1
103 1879 1
110 307 1
119 1749 1
123 338 1
135 1591 1
139 397 1
139 398 1
147 1778 1
148 1595 1
148 1880 1
154 1593 1
154 1881 1
155 1590 1
176 177 1
287 288 1
385 1864 1
1592 1812 1
1595 1778 1
1779 1780 1

Triangles
3672
1 116 697 0
3 155 429 0
4 159 91 0
5 74 517 0
7 84 1495 0
8 221 351 0
8 292 1030 0
9 290 307 0
11 94 86 0
12 789 1821 0
13 551 1137 0
13 815 1690 0
14 222 437 0
14 257 353 0
14 383 257 0
15 226 229 0
15 1397 1809 0
16 451 490 0
16 490 1086 0
17 174 184 0
17 449 478 0
18 358 385 0
19 1457 1540 0
20 475 898 0
20 897 1480 0
21 1604 1607 0
21 1607 1609 0
23 73 210 0
24 268 627 0
24 532 545 0
24 545 1262 0
24 625 532 0
25 214 944 0
25 527 1220 0
25 530 527 0
25 940 941 0
27 702 1059 0
27 732 727 0
28 232 421 0
28 406 1881 0
29 238 984 0
30 252 572 0
30 572 581 0
30 618 252 0
31 678 1810 0
31 687 686 0
32 1409 989 0
33 93 434 0
33 96 265 0
33 137 96 0
33 160 137 0
34 91 93 0
34 93 264 0
35 94 263 0
35 263 617 0
35 266 620 0
36 317 112 0
37 640 1827 0
37 1618 640 0
37 1662 1665 0
38 623 652 0
38 629 1007 0
38 1291 629 0
39 644 657 0
39 666 644 0
42 115 315 0
43 121 1055 0
43 316 698 0
44 118 324 0
45 122 341 0
46 389 386 0
46 753 369 0
47 773 1785 0
47 1097 773 0
47 1445 1097 0
48 387 133 0
48 1864 387 0
49 134 390 0
50 393 688 0
50 688 394 0
51 395 397 0
52 1132 1801 0
52 1353 1132 0
52 1801 412 0
53 1105 140 0
54 395 1841 0
54 1129 395 0
55 431 1590 0
56 156 415 0
56 157 870 0
56 415 836 0
56 1138 157 0
57 158 435 0
58 528 161 0
58 541 528 0
58 1367 875 0
58 1588 1367 0
59 439 884 0
59 443 1181 0
59 884 1368 0
60 555 1117 0
60 1117 164 0
60 1189 1195 0
61 166 189 0
61 189 474 0
62 172 452 0
62 452 921 0
62 921 1839 0
63 180 182 0
64 174 460 0
64 469 1852 0
64 1599 469 0
65 6 782 0
65 1317 176 0
68 181 182 0
68 182 465 0
68 373 1104 0
68 379 373 0
68 465 379 0
69 186 470 0
69 1193 185 0
70 190 900 0
70 480 477 0
70 924 480 0
71 483 515 0
71 487 1200 0
71 901 487 0
72 505 501 0
72 1647 927 0
72 1682 928 0
74 23 126 0
74 126 207 0
74 207 517 0
75 518 767 0
75 523 937 0
75 767 911 0
76 217 945 0
76 536 1816 0
76 1006 217 0
77 220 747 0
77 221 275 0
77 747 350 0
78 224 1223 0
78 225 224 0
78 949 963 0
79 161 528 0
79 164 438 0
80 442 550 0
80 549 877 0
81 7 231 0
83 237 245 0
83 245 1235 0
83 1235 238 0
84 239 562 0
85 564 1497 0
85 574 564 0
85 1399 579 0
86 94 244 0
86 237 11 0
86 244 567 0
87 985 986 0
88 585 1748 0
88 587 1001 0
88 1505 585 0
89 570 1814 0
89 1814 1866 0
89 1866 1868 0
90 257 794 0
91 159 434 0
92 34 264 0
93 33 265 0
94 11 262 0
94 35 244 0
94 262 263 0
95 243 567 0
95 244 620 0
95 620 621 0
96 266 617 0
97 622 1013 0
97 1013 1658 0
98 628 700 0
98 700 701 0
98 1008 1009 0
99 639 1029 0
99 1031 675 0
100 641 647 0
100 643 670 0
100 647 650 0
100 670 671 0
101 648 1826 0
101 661 1022 0
101 1760 1624 0
102 665 676 0
102 672 1027 0
102 676 1035 0
103 1283 1879 0
104 314 695 0
104 664 1268 0
105 291 1032 0
105 292 302 0
105 1032 292 0
106 296 680 0
106 297 683 0
106 683 1275 0
106 1275 681 0
107 301 352 0
107 1274 304 0
108 111 308 0
108 801 392 0
108 1047 690 0
109 306 1421 0
109 687 1276 0
109 690 1047 0
110 684 41 0
110 1044 684 0
111 41 308 0
111 392 10 0
112 286 1594 0
112 317 1056 0
112 1594 36 0
113 311 1052 0
113 1278 311 0
113 1284 1286 0
114 312 1048 0
114 314 1050 0
115 26 707 0
116 42 1051 0
116 1051 697 0
117 119 323 0
117 317 1749 0
117 1749 119 0
118 1 697 0
119 44 323 0
120 709 1070 0
120 716 1297 0
120 720 721 0
121 319 331 0
121 698 318 0
121 1437 1055 0
122 5 337 0
122 337 1073 0
123 45 124 0
123 124 706 0
124 45 341 0
124 340 736 0
124 341 1523 0
125 346 334 0
125 347 348 0
125 348 745 0
125 744 346 0
126 23 210 0
126 524 207 0
126 525 524 0
127 353 356 0
127 357 752 0
128 358 363 0
128 359 387 0
128 363 1084 0
129 757 1774 0
130 369 1818 0
130 772 1785 0
130 1092 1102 0
131 358 18 0
131 1093 1311 0
132 370 778 0
132 772 1102 0
133 386 391 0
133 391 1119 0
134 2 1812 0
134 1119 390 0
135 49 388 0
135 388 1123 0
136 1332 1121 0
137 436 874 0
137 874 1127 0
138 808 1335 0
138 810 1132 0
140 1105 781 0
141 399 377 0
141 403 816 0
142 1336 402 0
142 1802 819 0
143 811 1134 0
143 814 879 0
143 879 886 0
144 421 855 0
144 1473 406 0
145 828 843 0
145 831 1152 0
145 843 1348 0
145 1348 1626 0
146 833 834 0
146 834 1150 0
146 871 1631 0
147 3 429 0
148 837 1880 0
148 872 837 0
149 838 1747 0
149 1165 1166 0
149 1166 838 0
150 1163 850 0
150 1362 1163 0
151 428 867 0
153 427 1472 0
153 867 428 0
153 1168 857 0
154 406 1340 0
156 56 870 0
156 870 1365 0
157 869 870 0
158 10 433 0
158 433 873 0
159 160 434 0
160 57 435 0
160 159 57 0
160 435 436 0
160 436 137 0
161 79 438 0
161 438 1329 0
161 1329 1328 0
162 442 878 0
162 878 880 0
162 880 881 0
162 881 1632 0
163 446 1474 0
163 1184 1848 0
164 1117 438 0
164 1189 60 0
165 554 230 0
166 61 167 0
166 167 1189 0
166 188 189 0
166 1189 227 0
167 1196 1195 0
168 450 497 0
168 497 916 0
168 888 457 0
169 174 453 0
169 453 481 0
169 479 452 0
170 63 182 0
170 173 456 0
170 182 181 0
170 1596 63 0
171 456 458 0
171 457 888 0
171 888 1746 0
172 62 458 0
172 458 459 0
172 459 460 0
173 170 181 0
173 467 461 0
173 469 1599 0
174 17 453 0
174 64 183 0
174 169 460 0
174 183 184 0
175 461 467 0
175 467 1104 0
177 176 890 0
177 890 1442 0
178 131 18 0
178 1093 131 0
179 462 889 0
179 463 759 0
179 759 1087 0
180 63 1597 0
180 466 1372 0
181 68 1104 0
182 180 465 0
183 64 1852 0
184 449 17 0
185 19 1540 0
185 1183 882 0
185 1192 19 0
186 69 882 0
186 882 1186 0
186 887 895 0
187 400 405 0
187 779 374 0
189 472 899 0
190 70 477 0
190 448 474 0
190 474 900 0
190 477 893 0
191 506 476 0
192 482 925 0
192 1216 1645 0
192 1645 919 0
193 484 533 0
194 485 1200 0
194 487 943 0
194 531 215 0
195 486 511 0
195 1804 901 0
196 489 1375 0
196 490 917 0
196 917 1601 0
197 903 1635 0
197 909 1377 0
198 494 1213 0
198 1213 1697 0
198 1697 1743 0
199 496 1644 0
199 1602 497 0
199 1644 1679 0
199 1808 1602 0
200 501 503 0
200 503 923 0
201 503 505 0
201 505 1217 0
201 1217 1728 0
202 509 1651 0
202 1605 1737 0
202 1608 1605 0
202 1651 1608 0
202 1725 509 0
203 486 510 0
203 930 1682 0
204 193 739 0
204 513 193 0
204 740 514 0
205 513 514 0
205 514 929 0
205 516 515 0
208 366 767 0
208 518 933 0
208 519 769 0
209 523 1639 0
209 1715 1440 0
210 73 212 0
211 210 212 0
211 212 1101 0
211 1101 1100 0
212 22 1098 0
212 73 22 0
213 532 536 0
213 547 544 0
214 25 224 0
214 224 225 0
214 535 944 0
215 485 194 0
215 531 534 0
215 947 948 0
216 219 1799 0
217 534 942 0
217 942 945 0
218 213 536 0
218 535 214 0
218 536 945 0
219 538 948 0
219 539 1799 0
219 948 1221 0
220 77 961 0
220 349 747 0
220 540 349 0
220 959 540 0
221 8 274 0
221 77 350 0
221 274 275 0
221 350 351 0
222 14 353 0
222 353 354 0
222 354 543 0
223 953 1396 0
223 1413 1005 0
224 25 941 0
224 941 1223 0
225 78 547 0
225 213 218 0
225 218 214 0
225 547 213 0
226 1116 553 0
226 1327 1116 0
227 188 166 0
227 1189 79 0
228 550 552 0
228 551 1159 0
228 552 1137 0
228 1159 1360 0
229 1230 1853 0
229 1397 15 0
230 967 1494 0
230 1493 555 0
230 1494 1493 0
231 1231 559 0
232 82 423 0
234 15 1809 0
234 796 15 0
235 381 1823 0
235 563 560 0
235 792 976 0
235 976 566 0
236 1322 233 0
237 86 245 0
239 29 241 0
239 241 562 0
240 424 969 0
240 561 424 0
240 970 558 0
241 29 984 0
241 984 1234 0
242 564 574 0
242 1239 569 0
243 582 1400 0
244 35 620 0
244 95 567 0
245 86 567 0
246 570 594 0
246 594 1245 0
247 252 587 0
247 571 982 0
248 575 1240 0
249 572 580 0
249 1237 582 0
249 1243 1401 0
250 241 1234 0
250 562 241 0
251 32 584 0
251 584 591 0
251 591 988 0
252 247 572 0
252 618 1001 0
253 87 571 0
253 571 587 0
253 586 985 0
253 587 1748 0
254 584 590 0
254 590 1253 0
254 1253 1871 0
254 1865 1870 0
255 593 994 0
255 595 1246 0
256 597 992 0
256 598 989 0
256 989 1582 0
256 1582 1247 0
257 90 356 0
257 383 794 0
258 603 607 0
258 607 995 0
259 380 787 0
259 609 993 0
259 787 1111 0
259 1111 1612 0
259 1612 1615 0
260 612 1613 0
260 613 995 0
260 1613 1684 0
261 997 999 0
261 999 1877 0
262 92 263 0
263 92 264 0
263 264 617 0
264 93 265 0
264 265 617 0
265 96 617 0
266 35 617 0
266 96 805 0
266 805 1126 0
266 1412 620 0
267 622 658 0
267 623 631 0
267 631 632 0
268 24 1262 0
268 626 627 0
268 1262 1655 0
269 628 630 0
269 629 1291 0
269 1057 628 0
270 629 630 0
270 630 1265 0
270 631 1007 0
270 1265 1657 0
271 1856 1858 0
272 635 1065 0
272 636 653 0
272 653 1019 0
272 1065 1429 0
273 637 673 0
273 638 957 0
273 673 1269 0
275 274 639 0
275 639 1547 0
275 962 77 0
275 1547 962 0
276 641 1025 0
276 1025 1833 0
276 1833 1860 0
277 643 651 0
277 651 655 0
278 645 1015 0
278 646 1017 0
279 648 1018 0
279 649 1660 0
279 1660 648 0
280 652 1620 0
281 655 1018 0
281 656 1226 0
282 1259 1260 0
282 1546 1266 0
283 665 669 0
283 666 1269 0
284 668 1282 0
284 1425 1026 0
285 673 675 0
285 675 1271 0
285 1271 1272 0
286 103 1594 0
286 112 309 0
286 309 696 0
286 696 1283 0
287 40 677 0
287 677 1268 0
288 287 1268 0
288 1268 1267 0
289 291 293 0
289 293 298 0
290 9 1267 0
290 305 1044 0
290 1267 1038 0
291 105 293 0
291 289 1039 0
291 1039 1420 0
292 301 302 0
293 105 300 0
294 295 1041 0
294 303 297 0
295 294 680 0
296 106 681 0
296 679 680 0
296 681 1249 0
296 1402 679 0
297 106 680 0
297 303 304 0
297 304 683 0
297 680 294 0
298 293 300 0
298 300 299 0
299 300 1042 0
299 1513 1045 0
300 105 302 0
300 302 1042 0
301 8 351 0
301 107 302 0
301 292 8 0
301 351 352 0
302 107 1042 0
303 294 682 0
303 299 1042 0
303 682 299 0
304 1042 107 0
305 289 298 0
305 290 1038 0
305 1038 289 0
305 1045 685 0
306 109 1047 0
306 685 1513 0
307 1044 110 0
309 112 1056 0
309 692 696 0
309 1056 1287 0
310 691 1270 0
310 694 1286 0
310 1270 1840 0
311 312 313 0
311 313 692 0
311 1278 312 0
312 114 313 0
312 1279 1048 0
313 114 1050 0
314 104 1034 0
314 114 693 0
314 1034 1050 0
315 115 707 0
315 331 319 0
316 43 321 0
316 117 323 0
316 321 322 0
317 36 1749 0
317 117 322 0
317 1288 1056 0
318 697 1051 0
318 1051 319 0
319 42 315 0
319 121 318 0
319 1051 42 0
320 710 1686 0
320 719 1290 0
321 43 1069 0
322 117 316 0
324 118 697 0
324 318 698 0
324 323 44 0
324 698 323 0
325 339 737 0
325 703 735 0
325 735 1855 0
326 315 707 0
326 707 708 0
326 1437 331 0
327 709 713 0
327 713 1664 0
327 1662 1878 0
327 1665 1662 0
328 712 1520 0
328 1066 1666 0
328 1713 1066 0
329 718 1299 0
329 720 1290 0
329 1299 1521 0
330 717 1811 0
330 1071 722 0
331 315 326 0
332 347 1303 0
332 734 337 0
332 1303 734 0
333 726 346 0
334 347 125 0
334 726 1302 0
334 1303 347 0
335 727 732 0
336 335 1844 0
336 734 1303 0
336 1302 335 0
337 5 517 0
337 734 1073 0
338 123 706 0
338 706 1062 0
339 325 736 0
339 343 737 0
339 731 343 0
339 736 340 0
340 124 1523 0
340 1438 731 0
341 122 1073 0
341 1073 1523 0
342 27 1059 0
342 731 733 0
342 1059 1289 0
344 521 935 0
344 939 1219 0
344 1219 520 0
345 519 520 0
345 526 1100 0
345 1219 526 0
346 726 334 0
348 524 939 0
349 354 749 0
350 747 355 0
350 1080 748 0
352 351 748 0
352 748 1081 0
352 1274 107 0
353 127 354 0
353 257 356 0
354 127 749 0
354 951 543 0
356 90 357 0
357 90 603 0
357 127 356 0
357 603 751 0
358 131 363 0
359 46 386 0
359 128 1084 0
359 386 387 0
360 756 776 0
360 763 1088 0
360 776 1103 0
360 1088 1085 0
361 757 762 0
361 758 1204 0
361 1203 1774 0
364 1099 1314 0
364 1316 1099 0
365 345 1100 0
366 208 769 0
366 769 768 0
366 1096 1384 0
367 770 1314 0
367 771 1122 0
368 369 773 0
368 1097 770 0
368 1120 1332 0
369 753 1818 0
369 800 46 0
370 132 766 0
370 774 1103 0
371 772 1782 0
372 775 905 0
372 905 1205 0
372 1205 777 0
375 399 374 0
376 187 374 0
376 816 400 0
377 378 781 0
377 399 375 0
378 377 375 0
380 259 993 0
380 993 1107 0
380 1107 1319 0
380 1319 1320 0
381 560 1822 0
381 790 1112 0
381 1112 1846 0
382 14 437 0
382 875 1367 0
382 1366 793 0
383 14 382 0
383 382 793 0
383 793 1114 0
384 799 1451 0
384 1451 1331 0
386 133 387 0
386 389 391 0
387 1864 128 0
388 136 1121 0
388 390 136 0
389 46 800 0
389 136 391 0
389 800 1332 0
390 388 49 0
390 391 136 0
391 390 1119 0
392 111 108 0
392 433 10 0
392 801 433 0
393 50 1179 0
394 688 804 0
394 1125 1531 0
394 1334 50 0
394 1455 1334 0
395 812 397 0
395 837 1841 0
396 807 1130 0
396 809 1131 0
396 1131 1343 0
396 1142 1671 0
399 376 374 0
400 187 376 0
400 817 405 0
400 1458 817 0
401 141 1105 0
401 1336 142 0
403 141 401 0
403 142 819 0
403 401 142 0
403 819 1338 0
404 807 815 0
404 814 1130 0
404 815 1337 0
404 879 814 0
405 471 187 0
406 28 421 0
406 154 1881 0
406 421 144 0
407 824 1165 0
407 825 1139 0
408 827 1146 0
408 1144 827 0
408 1341 1669 0
408 1672 1341 0
409 828 1147 0
409 844 1629 0
409 1147 1797 0
410 830 1141 0
410 1141 1342 0
410 1342 1463 0
411 54 832 0
411 832 1149 0
412 402 1128 0
412 806 1464 0
412 1128 806 0
413 146 1631 0
413 829 833 0
413 868 1625 0
413 1625 829 0
415 147 429 0
415 429 836 0
416 838 1166 0
417 825 407 0
418 843 1630 0
418 1155 1347 0
418 1630 1786 0
418 1747 1155 0
419 425 846 0
419 839 1157 0
419 840 425 0
419 846 1164 0
420 847 852 0
420 852 1357 0
421 232 423 0
422 854 1167 0
422 857 1168 0
422 1168 856 0
423 82 1174 0
424 561 1171 0
425 150 846 0
426 424 1170 0
426 427 152 0
426 1170 1861 0
427 153 428 0
427 428 152 0
428 151 559 0
429 155 836 0
430 868 1631 0
430 871 1364 0
431 55 1175 0
431 56 836 0
431 836 1590 0
432 157 823 0
432 823 825 0
432 825 1625 0
432 869 157 0
432 1625 868 0
434 93 91 0
434 160 33 0
435 158 873 0
436 873 1179 0
437 222 543 0
438 1116 1329 0
439 441 1185 0
440 967 554 0
441 439 557 0
441 440 1185 0
441 557 968 0
442 80 877 0
442 162 552 0
442 877 878 0
443 59 1368 0
443 878 1181 0
444 879 404 0
444 881 1188 0
445 883 1186 0
445 1183 1370 0
446 143 886 0
446 163 885 0
446 886 1474 0
447 165 1374 0
448 61 474 0
448 1196 61 0
448 1198 1196 0
449 184 1194 0
449 1194 893 0
450 62 1839 0
450 168 457 0
450 496 497 0
451 16 454 0
451 454 455 0
451 917 490 0
452 172 460 0
452 460 169 0
452 479 1825 0
453 482 481 0
454 16 463 0
454 463 464 0
454 464 1598 0
454 888 455 0
455 916 451 0
456 171 1596 0
456 173 1599 0
457 62 450 0
458 62 457 0
458 456 459 0
458 457 171 0
459 456 1599 0
460 459 64 0
461 175 471 0
461 469 173 0
461 471 1479 0
462 67 466 0
462 179 1087 0
462 466 889 0
463 16 758 0
463 179 464 0
463 758 759 0
464 179 889 0
464 889 1597 0
464 1597 1598 0
465 180 1372 0
465 1372 379 0
466 180 1597 0
467 173 181 0
467 181 1104 0
468 783 784 0
468 784 379 0
468 1090 765 0
469 461 1479 0
469 892 1852 0
470 186 895 0
470 895 1197 0
470 1197 1373 0
471 175 779 0
471 405 1191 0
472 189 896 0
472 473 899 0
472 896 1199 0
472 1199 898 0
473 191 476 0
473 472 898 0
473 476 900 0
473 898 191 0
474 189 899 0
474 899 900 0
475 20 502 0
475 191 898 0
475 502 923 0
475 1784 191 0
476 70 900 0
476 924 70 0
477 482 478 0
478 449 477 0
478 453 17 0
478 482 453 0
479 169 481 0
479 481 919 0
479 500 1825 0
481 192 919 0
482 192 481 0
482 477 480 0
482 480 925 0
483 193 513 0
483 513 515 0
484 193 483 0
484 485 538 0
484 1200 485 0
486 71 510 0
486 195 901 0
486 203 511 0
488 195 511 0
488 1480 195 0
489 196 1601 0
489 1600 1375 0
489 1601 1603 0
489 1603 1750 0
490 196 1086 0
491 1483 1378 0
491 1633 1675 0
491 1675 1693 0
492 906 1485 0
492 907 1694 0
493 911 915 0
493 914 1211 0
493 915 1212 0
494 198 1638 0
495 508 1604 0
495 1653 1379 0
496 199 497 0
496 450 1839 0
496 1643 1644 0
497 498 916 0
497 1602 498 0
498 1602 1603 0
499 1602 1808 0
499 1641 1750 0
499 1757 1851 0
500 479 919 0
500 1642 1825 0
500 1768 1642 0
501 200 922 0
502 200 923 0
502 488 200 0
502 1480 488 0
503 201 504 0
503 501 505 0
503 504 923 0
504 926 1646 0
505 72 927 0
505 927 1217 0
506 191 1784 0
506 507 924 0
507 506 1646 0
507 1646 1680 0
508 1385 1805 0
509 1648 1763 0
509 1650 1651 0
509 1725 1758 0
510 71 515 0
510 515 516 0
510 930 203 0
511 203 922 0
512 72 501 0
512 203 1682 0
512 501 922 0
513 204 514 0
513 205 515 0
514 740 742 0
516 205 929 0
516 929 1711 0
517 207 746 0
517 332 337 0
517 746 332 0
518 75 522 0
518 208 767 0
518 522 933 0
519 345 365 0
519 365 769 0
519 933 520 0
520 933 934 0
521 344 520 0
521 520 934 0
521 1306 1075 0
522 75 937 0
522 937 1439 0
523 75 911 0
523 209 1308 0
523 911 912 0
523 912 1639 0
524 348 746 0
525 126 210 0
525 210 211 0
525 211 526 0
525 939 524 0
528 227 79 0
528 542 950 0
529 530 944 0
529 531 1389 0
529 535 942 0
529 944 535 0
530 25 944 0
531 194 943 0
532 213 544 0
532 544 545 0
532 625 536 0
533 484 216 0
534 217 947 0
534 531 942 0
535 218 945 0
536 76 945 0
536 625 1816 0
537 727 728 0
537 729 1553 0
537 1553 1011 0
538 215 948 0
538 216 484 0
538 219 216 0
538 485 215 0
539 219 1221 0
539 729 725 0
539 1221 1553 0
541 542 528 0
542 541 1222 0
542 1223 1390 0
543 875 437 0
543 951 1222 0
544 546 1225 0
545 1225 1873 0
546 547 963 0
546 963 1224 0
546 1224 1391 0
547 78 963 0
547 546 544 0
548 949 952 0
548 951 540 0
549 80 862 0
549 863 859 0
549 876 877 0
550 228 1360 0
550 442 552 0
550 1359 80 0
551 13 1162 0
551 228 1137 0
552 162 1632 0
553 229 226 0
553 965 229 0
553 1116 1117 0
553 1117 555 0
553 1493 965 0
554 165 447 0
554 967 230 0
555 60 165 0
555 165 230 0
556 966 860 0
556 968 966 0
556 1493 1494 0
557 59 1181 0
557 439 59 0
557 1181 1798 0
559 81 231 0
559 151 1780 0
559 152 428 0
559 1231 152 0
559 1780 81 0
560 381 235 0
560 563 565 0
560 1821 1822 0
561 236 1171 0
561 240 972 0
562 250 1232 0
562 1232 1495 0
563 235 566 0
563 242 565 0
563 564 242 0
564 563 566 0
564 566 1497 0
565 242 569 0
565 569 1245 0
565 1821 560 0
568 978 1240 0
569 246 1245 0
570 89 1867 0
570 246 589 0
570 589 1815 0
570 593 594 0
571 87 979 0
571 247 587 0
571 979 982 0
572 247 580 0
572 249 581 0
573 85 579 0
573 248 574 0
573 981 248 0
573 1242 981 0
574 85 573 0
574 248 1239 0
575 248 981 0
575 568 1240 0
575 981 1241 0
576 250 583 0
576 1398 1876 0
577 973 1398 0
578 980 577 0
578 1238 983 0
578 1242 980 0
579 973 980 0
579 980 1242 0
580 247 982 0
580 1243 249 0
580 1498 1243 0
580 1499 1498 0
581 243 619 0
581 582 243 0
582 581 249 0
582 1237 1400 0
583 577 576 0
583 578 577 0
583 1234 1238 0
584 254 591 0
584 990 590 0
586 253 1748 0
586 987 1244 0
586 988 1788 0
587 88 1748 0
587 252 1001 0
588 987 1869 0
588 1814 1815 0
589 978 568 0
589 986 1815 0
590 1790 1254 0
591 254 1870 0
592 588 1869 0
592 998 1616 0
592 1616 1866 0
592 1814 588 0
592 1871 998 0
593 255 594 0
593 570 1867 0
593 616 994 0
594 255 1246 0
594 1246 1245 0
595 255 610 0
595 789 12 0
595 1111 608 0
596 678 602 0
596 803 1810 0
596 991 1796 0
597 601 992 0
597 1124 601 0
597 1247 1795 0
598 990 32 0
598 992 1407 0
599 679 1402 0
599 991 602 0
600 991 1248 0
600 1124 1796 0
601 600 1406 0
601 1124 600 0
602 1040 599 0
603 90 606 0
603 258 751 0
603 606 607 0
604 258 995 0
604 613 614 0
604 750 258 0
605 1251 1684 0
605 1613 1668 0
605 1683 1251 0
606 90 794 0
606 794 795 0
607 606 1611 0
607 612 995 0
608 1111 1321 0
608 1321 1830 0
609 259 1615 0
609 615 1863 0
610 255 994 0
610 994 1875 0
611 785 1109 0
611 1712 1683 0
612 260 995 0
612 607 1611 0
613 260 996 0
613 604 995 0
613 1250 614 0
614 681 1082 0
615 609 1615 0
615 1615 1753 0
616 593 1867 0
616 1867 1868 0
619 30 581 0
619 243 95 0
619 621 1258 0
619 1258 30 0
621 619 95 0
621 620 1412 0
622 267 632 0
622 632 1013 0
622 1021 660 0
623 38 1007 0
623 267 654 0
623 654 1620 0
624 1005 1261 0
625 24 627 0
625 1508 1816 0
626 268 1617 0
626 634 1509 0
626 1509 1508 0
626 1617 1658 0
628 1009 630 0
629 269 630 0
629 270 1007 0
630 1009 1265 0
631 270 1657 0
631 623 1007 0
632 631 1657 0
634 626 1658 0
634 1013 1656 0
634 1263 1509 0
635 272 1019 0
635 715 1065 0
635 1019 1554 0
635 1775 715 0
636 272 1429 0
636 652 653 0
637 99 675 0
637 957 1394 0
638 273 1269 0
638 954 956 0
638 956 957 0
639 274 1029 0
639 1394 1547 0
640 642 1817 0
640 1817 1860 0
641 100 671 0
641 276 645 0
641 645 647 0
641 671 1025 0
642 271 1015 0
642 640 1618 0
643 100 650 0
643 277 1023 0
643 650 651 0
644 277 655 0
644 655 657 0
644 666 667 0
644 1023 277 0
645 278 647 0
645 642 1015 0
645 1817 642 0
646 278 1015 0
646 1015 1659 0
647 278 649 0
647 649 650 0
648 656 1018 0
648 1022 656 0
648 1660 1826 0
649 278 1017 0
649 279 650 0
649 1017 1660 0
650 279 651 0
651 279 1018 0
652 280 653 0
652 623 1620 0
652 1014 38 0
653 280 1661 0
654 267 658 0
654 658 659 0
654 659 1622 0
655 281 657 0
655 651 1018 0
656 281 1018 0
656 1022 1392 0
657 281 1226 0
657 638 39 0
658 622 660 0
659 658 1621 0
659 1621 1623 0
660 1021 1259 0
660 1621 658 0
661 101 1624 0
661 1266 1492 0
662 289 1038 0
662 1039 289 0
663 662 664 0
663 1037 662 0
664 104 663 0
664 1267 1268 0
665 102 668 0
665 668 669 0
665 674 676 0
666 39 1269 0
666 283 667 0
667 283 669 0
667 669 1024 0
668 102 1027 0
668 284 669 0
668 1027 1426 0
669 284 1024 0
670 643 1023 0
670 1023 1024 0
670 1024 1026 0
671 670 1026 0
671 1026 1425 0
672 102 1035 0
672 1028 1277 0
672 1035 1273 0
672 1273 1512 0
672 1512 1028 0
673 285 674 0
673 637 675 0
673 674 1269 0
674 283 1269 0
674 285 676 0
674 665 283 0
675 1031 1271 0
676 285 1272 0
677 40 1034 0
677 104 1268 0
677 1034 104 0
678 31 686 0
678 295 1040 0
678 596 1810 0
679 599 1040 0
682 294 1041 0
683 304 1274 0
683 1043 1275 0
684 306 308 0
684 308 41 0
684 1044 685 0
685 306 684 0
685 1045 1513 0
686 295 678 0
686 1041 295 0
687 31 1276 0
687 109 1421 0
688 393 801 0
688 689 804 0
688 801 689 0
689 1046 804 0
690 689 801 0
690 1276 689 0
691 1053 1063 0
691 1063 711 0
692 309 1287 0
692 313 696 0
692 1052 311 0
693 114 1048 0
693 1048 1281 0
693 1277 1028 0
694 113 1286 0
694 310 1422 0
695 314 693 0
695 663 104 0
695 693 1028 0
695 1036 663 0
696 313 1050 0
696 1050 1283 0
697 318 324 0
698 121 43 0
698 316 323 0
699 1053 1286 0
699 1054 1285 0
699 1284 1427 0
700 628 1057 0
700 1057 1295 0
701 700 1058 0
701 702 1008 0
701 1008 98 0
701 1059 702 0
702 946 1010 0
703 325 737 0
703 1061 1557 0
704 705 1855 0
704 717 330 0
704 735 717 0
705 325 1855 0
705 704 708 0
705 736 325 0
706 124 736 0
706 705 1062 0
708 704 722 0
708 707 1062 0
708 722 326 0
708 1062 705 0
709 120 712 0
709 710 1070 0
709 712 713 0
710 320 1290 0
710 327 1878 0
710 709 327 0
711 37 1827 0
711 1834 691 0
712 120 1297 0
712 328 713 0
712 1297 1520 0
714 328 1666 0
714 713 328 0
714 1663 1664 0
715 1066 1430 0
716 120 721 0
716 1067 1297 0
716 1300 1296 0
717 1296 1811 0
718 321 1069 0
718 329 719 0
718 719 1555 0
718 1555 1428 0
719 329 1290 0
720 120 1070 0
720 329 1521 0
720 1070 1290 0
721 720 1521 0
721 1436 1300 0
722 704 330 0
722 1071 1437 0
723 333 724 0
723 724 1072 0
723 726 333 0
723 730 726 0
724 333 738 0
724 738 739 0
725 723 1072 0
725 1799 539 0
726 730 1302 0
727 335 728 0
727 946 27 0
728 730 729 0
728 1302 730 0
729 537 728 0
730 723 725 0
730 725 729 0
731 339 340 0
731 342 343 0
732 27 342 0
732 342 733 0
732 1844 335 0
733 1522 1844 0
734 336 1522 0
735 703 1068 0
735 704 1855 0
735 1068 717 0
736 705 706 0
737 343 1289 0
738 743 1078 0
738 1074 739 0
738 1078 1074 0
739 193 533 0
739 533 724 0
739 1074 204 0
740 204 1074 0
741 740 1074 0
741 1078 1305 0
741 1305 1076 0
741 1307 740 0
742 740 1307 0
742 1307 1310 0
742 1310 1304 0
743 333 346 0
743 346 744 0
743 738 333 0
743 744 1079 0
744 125 745 0
745 348 939 0
746 207 524 0
746 347 332 0
746 348 347 0
748 351 350 0
749 355 747 0
749 747 349 0
749 752 355 0
750 604 1082 0
750 1275 1043 0
750 1514 751 0
751 258 750 0
751 1514 357 0
752 357 1514 0
752 749 127 0
752 1080 355 0
753 46 359 0
753 359 1084 0
753 755 1818 0
754 363 1311 0
754 1084 363 0
754 1311 1312 0
754 1312 1083 0
755 362 1092 0
755 753 1084 0
755 754 362 0
755 1084 754 0
756 129 775 0
756 360 1085 0
756 761 129 0
756 775 776 0
757 129 761 0
757 361 1774 0
757 761 762 0
758 16 1086 0
758 361 759 0
758 1086 1204 0
759 361 762 0
759 762 1087 0
760 67 462 0
760 462 1087 0
760 764 1089 0
761 1085 764 0
763 360 1103 0
763 1083 1312 0
763 1095 1088 0
764 762 761 0
764 1087 762 0
765 1094 1800 0
766 132 1102 0
766 774 370 0
767 366 915 0
768 364 1096 0
769 365 1316 0
770 367 1120 0
770 1097 1314 0
771 212 1098 0
771 367 1099 0
771 1098 1122 0
771 1099 1101 0
772 130 1102 0
772 132 1782 0
773 130 1785 0
773 369 130 0
774 1092 362 0
775 129 904 0
775 372 776 0
775 904 905 0
776 372 777 0
776 777 1103 0
777 370 1103 0
778 370 777 0
778 777 1205 0
778 1205 1380 0
779 175 1104 0
779 187 471 0
780 373 1106 0
780 374 779 0
780 375 374 0
780 1104 373 0
781 6 140 0
781 378 782 0
781 1105 377 0
782 6 781 0
783 468 765 0
783 765 1800 0
783 891 1446 0
784 373 379 0
784 783 1446 0
784 1106 373 0
785 605 1668 0
785 1668 1828 0
785 1683 605 0
785 1828 1831 0
786 791 788 0
786 1447 1836 0
787 380 1320 0
787 1321 1111 0
788 1330 1112 0
788 1819 786 0
789 595 608 0
789 608 1820 0
789 790 1822 0
790 381 1822 0
790 789 1820 0
791 786 1110 0
791 1110 1857 0
791 1331 1330 0
792 235 1823 0
792 1823 1862 0
793 1366 1180 0
794 383 1114 0
795 794 1114 0
795 1114 1325 0
797 384 1331 0
797 1326 384 0
798 233 1322 0
798 234 1809 0
798 1118 234 0
799 384 1115 0
799 1115 234 0
799 1118 1451 0
800 369 368 0
801 108 690 0
801 393 433 0
802 803 1529 0
802 1046 1810 0
802 1453 1125 0
803 596 1796 0
803 802 1810 0
804 1046 802 0
805 1127 1579 0
806 1128 1129 0
807 396 1671 0
807 404 1130 0
808 1131 1335 0
808 1148 1463 0
808 1342 1343 0
809 396 1130 0
810 138 822 0
810 818 1801 0
810 820 818 0
811 143 885 0
811 813 1133 0
811 1133 1135 0
812 139 397 0
812 395 1129 0
813 811 885 0
813 1478 1187 0
814 809 1130 0
814 1134 809 0
815 13 1137 0
815 807 1689 0
815 1137 1337 0
815 1689 1690 0
816 376 399 0
816 399 141 0
816 403 1338 0
817 1458 1542 0
818 819 1802 0
818 1532 819 0
819 1532 1338 0
820 822 821 0
821 813 1187 0
821 1133 813 0
821 1187 1339 0
821 1339 820 0
822 820 810 0
822 1133 821 0
823 157 1138 0
823 1138 1363 0
824 144 853 0
824 407 1139 0
824 1139 1473 0
825 417 1625 0
825 823 1139 0
826 1140 1459 0
826 1142 1460 0
827 1144 1346 0
827 1145 1146 0
827 1345 1145 0
827 1346 1345 0
828 145 1152 0
828 409 1629 0
828 1629 1630 0
829 409 833 0
829 844 409 0
829 1625 417 0
830 831 1627 0
830 1151 831 0
830 1627 1670 0
831 145 1626 0
831 835 1152 0
831 1626 1627 0
832 1176 414 0
832 1462 1349 0
833 146 413 0
833 409 1797 0
834 833 1797 0
835 831 1151 0
835 1151 1354 0
835 1354 1465 0
837 51 1880 0
837 395 51 0
837 872 1177 0
837 1177 1841 0
838 416 1356 0
838 1155 1747 0
839 419 1156 0
839 1156 1345 0
839 1461 1356 0
840 416 854 0
840 419 1157 0
840 854 856 0
841 1747 842 0
842 844 1628 0
842 1629 844 0
842 1747 1786 0
843 418 1347 0
843 828 1630 0
843 1347 1348 0
844 829 417 0
845 851 852 0
846 150 850 0
846 850 1164 0
847 420 1787 0
847 845 852 0
847 1145 845 0
848 849 1162 0
848 1719 1717 0
849 848 1160 0
849 1159 1162 0
849 1160 1468 0
850 1163 1469 0
851 845 1164 0
851 850 1469 0
851 1164 850 0
851 1466 852 0
851 1469 1466 0
852 1466 1357 0
853 1166 1165 0
854 416 1166 0
854 422 856 0
854 1166 1167 0
855 421 858 0
855 422 1167 0
855 853 144 0
855 1167 853 0
856 425 840 0
856 866 425 0
857 422 858 0
857 867 153 0
858 421 423 0
858 422 855 0
858 423 1174 0
859 863 1781 0
859 876 549 0
859 964 860 0
859 1781 964 0
860 876 859 0
860 1539 1229 0
860 1798 876 0
861 1172 1859 0
861 1470 1793 0
862 80 1359 0
863 549 862 0
863 1534 1781 0
863 1538 1537 0
864 1535 1583 0
864 1859 1172 0
865 1362 1842 0
866 150 425 0
866 856 1168 0
866 1472 150 0
867 1174 1779 0
867 1779 151 0
868 413 1631 0
868 430 869 0
869 430 870 0
869 432 868 0
870 430 1365 0
871 414 1176 0
871 430 1631 0
871 1150 414 0
871 1176 1364 0
872 1178 1365 0
872 1595 1178 0
873 393 1179 0
873 433 393 0
873 436 435 0
874 50 1334 0
874 436 1179 0
874 1179 50 0
875 382 437 0
875 541 58 0
875 543 541 0
877 876 1181 0
878 443 880 0
878 877 1181 0
879 444 886 0
880 443 1182 0
880 1182 1188 0
881 880 1188 0
881 1337 1632 0
882 69 185 0
882 445 1186 0
883 445 1370 0
884 439 1185 0
884 1185 1371 0
885 143 446 0
885 163 1478 0
886 444 1188 0
886 1188 1474 0
887 186 1186 0
887 440 554 0
887 447 895 0
887 554 447 0
888 168 455 0
888 454 1598 0
888 1598 1746 0
889 466 1597 0
890 176 1317 0
890 1190 1442 0
891 783 1190 0
891 890 1317 0
891 1317 1318 0
891 1318 1446 0
892 469 1479 0
892 1192 1843 0
893 448 190 0
893 477 449 0
893 1194 1198 0
894 183 1843 0
894 184 183 0
894 1193 1373 0
894 1194 184 0
895 447 1374 0
896 188 940 0
896 189 188 0
896 1220 1199 0
897 527 1543 0
897 1220 527 0
899 473 900 0
901 71 486 0
902 1202 1203 0
902 1481 1673 0
902 1673 1202 0
902 1676 1720 0
903 197 1377 0
903 907 1635 0
903 1206 1376 0
903 1376 1694 0
904 129 1774 0
905 904 1633 0
906 1482 1634 0
906 1634 1637 0
907 492 1210 0
908 1636 1638 0
909 197 1444 0
910 909 1313 0
910 1313 1096 0
910 1315 1783 0
911 493 912 0
911 767 915 0
912 493 1211 0
913 907 1210 0
913 1210 1383 0
913 1635 907 0
914 493 1212 0
914 913 1211 0
914 1212 1444 0
915 366 1384 0
916 455 168 0
916 498 917 0
917 451 916 0
917 498 1601 0
918 1640 1641 0
918 1641 1851 0
918 1677 1707 0
918 1707 1734 0
918 1757 1677 0
919 1645 1769 0
919 1769 500 0
920 1642 1768 0
921 452 1825 0
922 200 488 0
922 203 512 0
922 488 511 0
923 504 1784 0
924 476 506 0
924 925 480 0
925 924 507 0
926 201 1767 0
926 504 201 0
927 1647 1699 0
927 1699 1700 0
928 1218 1763 0
929 931 1491 0
929 1491 1711 0
930 510 516 0
930 516 1710 0
930 1218 1682 0
931 514 742 0
931 929 514 0
931 1304 206 0
932 206 1752 0
932 1491 206 0
932 1752 1608 0
933 519 208 0
933 522 934 0
934 1439 1306 0
935 745 344 0
935 1075 1305 0
936 206 1304 0
936 1652 1773 0
936 1688 1652 0
936 1752 206 0
937 523 1308 0
937 1308 1439 0
938 1486 1765 0
938 1850 1486 0
939 344 745 0
939 525 1219 0
940 188 950 0
940 950 1390 0
942 531 529 0
942 535 945 0
943 487 901 0
943 901 1804 0
943 1389 531 0
946 702 27 0
946 727 537 0
946 1011 1010 0
947 215 534 0
948 947 1414 0
949 78 952 0
949 548 540 0
950 188 227 0
950 227 528 0
950 542 1390 0
951 349 540 0
951 354 349 0
952 78 1223 0
953 958 960 0
953 1005 1391 0
954 638 657 0
954 657 1226 0
954 1226 1393 0
955 1228 956 0
955 1395 1228 0
955 1413 223 0
956 954 1227 0
956 1227 955 0
957 637 273 0
957 1228 1394 0
959 220 961 0
959 949 540 0
960 958 959 0
960 959 961 0
960 1396 953 0
961 77 962 0
962 960 961 0
962 1396 960 0
962 1547 1396 0
963 949 1224 0
965 1230 229 0
966 557 1798 0
967 440 441 0
967 441 968 0
968 557 966 0
969 424 426 0
969 426 152 0
969 1231 970 0
970 231 1495 0
970 240 969 0
970 1232 1233 0
971 233 798 0
971 1397 1853 0
971 1566 1471 0
971 1809 1397 0
972 240 558 0
972 558 974 0
972 974 1571 0
972 1571 561 0
974 1233 1876 0
975 792 1862 0
975 1548 792 0
976 1548 1497 0
977 984 1235 0
977 1235 1236 0
977 1236 1237 0
977 1237 1238 0
978 246 569 0
978 569 1239 0
978 589 246 0
978 1239 1240 0
979 568 575 0
979 575 1241 0
979 986 568 0
980 973 577 0
982 1241 1499 0
983 1238 1401 0
983 1498 578 0
984 977 1234 0
985 87 253 0
986 589 568 0
986 979 87 0
986 1244 1815 0
987 586 1788 0
987 588 1244 0
988 591 1788 0
988 1411 251 0
988 1748 585 0
989 598 32 0
989 1409 1564 0
990 584 32 0
990 1407 1790 0
991 596 602 0
991 599 1248 0
991 600 1796 0
992 598 256 0
992 601 1252 0
992 1252 1407 0
994 616 997 0
994 997 1875 0
996 1684 1685 0
997 261 1614 0
997 616 999 0
997 1753 1875 0
998 1253 1739 0
999 616 1616 0
999 1408 1877 0
999 1616 1408 0
1000 1252 1501 0
1000 1254 1790 0
1000 1813 1794 0
1001 618 1257 0
1001 1257 1505 0
1002 1256 1580 0
1002 1257 1258 0
1003 624 1004 0
1003 1021 1655 0
1003 1259 1021 0
1003 1873 624 0
1004 624 1261 0
1005 624 1829 0
1005 953 223 0
1006 947 217 0
1006 1416 1418 0
1008 633 1009 0
1008 702 1010 0
1009 628 98 0
1009 633 1264 0
1010 633 1008 0
1010 1011 1575 0
1010 1575 633 0
1011 946 537 0
1012 1263 1656 0
1012 1264 1507 0
1013 632 1656 0
1013 634 1658 0
1014 636 1429 0
1014 652 636 0
1016 635 1554 0
1016 1659 1759 0
1016 1759 1775 0
1016 1775 635 0
1017 646 1419 0
1017 1020 1660 0
1017 1419 1020 0
1019 653 1661 0
1019 1510 1554 0
1020 1760 1826 0
1021 97 1617 0
1021 622 97 0
1022 648 101 0
1022 661 1492 0
1023 644 667 0
1023 667 1024 0
1024 284 1026 0
1025 671 1423 0
1025 1423 1835 0
1027 672 1277 0
1027 1277 1426 0
1028 1036 695 0
1029 8 1030 0
1029 274 8 0
1029 1030 1031 0
1031 99 1029 0
1031 1033 1271 0
1032 291 1420 0
1032 1030 292 0
1032 1033 1030 0
1033 1031 1030 0
1035 676 1272 0
1035 1272 1273 0
1036 1512 1037 0
1037 663 1036 0
1037 1420 1039 0
1038 664 662 0
1038 1267 664 0
1039 662 1037 0
1040 295 680 0
1040 602 678 0
1040 680 679 0
1041 1421 682 0
1042 304 303 0
1043 683 1274 0
1044 305 685 0
1044 307 290 0
1045 298 299 0
1045 305 298 0
1046 31 1810 0
1046 689 1276 0
1046 1276 31 0
1047 108 308 0
1047 308 306 0
1048 1279 1281 0
1049 1279 1424 0
1049 1282 1426 0
1050 1034 1283 0
1052 692 1287 0
1052 1284 113 0
1052 1287 1515 0
1053 310 1286 0
1053 691 310 0
1053 699 1285 0
1054 320 1285 0
1054 699 1427 0
1054 719 320 0
1054 1427 1555 0
1054 1555 719 0
1055 1069 43 0
1055 1437 1791 0
1056 1288 1516 0
1057 269 1292 0
1057 1518 1295 0
1058 700 1295 0
1058 1295 1431 0
1058 1431 1060 0
1059 701 1060 0
1059 1060 1289 0
1060 701 1058 0
1061 703 737 0
1061 737 1289 0
1061 1289 1060 0
1061 1431 1557 0
1062 26 338 0
1062 707 26 0
1063 1686 1662 0
1064 1291 1293 0
1064 1293 1294 0
1064 1294 1433 0
1064 1433 1518 0
1065 715 1430 0
1065 1294 1429 0
1068 703 1557 0
1068 1557 1519 0
1069 1055 1301 0
1069 1299 718 0
1070 710 1290 0
1071 330 1811 0
1071 1300 1436 0
1071 1811 1300 0
1072 216 1799 0
1072 533 216 0
1072 724 533 0
1073 734 1522 0
1073 1522 1523 0
1074 1078 741 0
1075 935 521 0
1075 1076 1305 0
1075 1306 1309 0
1076 1075 1309 0
1076 1077 1307 0
1077 1076 1309 0
1077 1309 1441 0
1078 1079 1305 0
1079 744 745 0
1079 745 935 0
1079 1078 743 0
1080 350 355 0
1080 752 1514 0
1080 1514 1081 0
1081 748 1080 0
1081 1043 1274 0
1081 1514 1043 0
1082 604 614 0
1083 362 754 0
1083 774 362 0
1083 1103 774 0
1085 761 756 0
1085 1088 1089 0
1085 1089 764 0
1086 1201 1204 0
1087 764 760 0
1089 67 760 0
1089 1088 1091 0
1089 1090 67 0
1089 1091 1090 0
1090 468 1372 0
1090 1091 765 0
1090 1372 67 0
1091 1094 765 0
1092 766 1102 0
1092 774 766 0
1092 1818 755 0
1093 178 66 0
1094 1091 1095 0
1094 1095 1443 0
1094 1443 1558 0
1095 1091 1088 0
1095 1312 1443 0
1096 366 768 0
1096 1313 1384 0
1096 1315 910 0
1097 368 773 0
1099 367 1314 0
1100 526 211 0
1100 1316 365 0
1101 212 771 0
1101 1316 1100 0
1103 1083 763 0
1104 780 779 0
1105 141 377 0
1106 375 780 0
1106 378 375 0
1106 1446 1318 0
1107 993 1109 0
1107 1323 1449 0
1107 1831 1323 0
1108 1323 1828 0
1108 1526 1323 0
1108 1668 1761 0
1109 785 1831 0
1109 993 1863 0
1109 1863 611 0
1110 786 1836 0
1110 1448 1857 0
1111 595 610 0
1111 610 1612 0
1112 790 1819 0
1112 1330 1847 0
1113 1108 1667 0
1113 1325 1576 0
1113 1526 1108 0
1114 793 1324 0
1114 1324 1559 0
1115 384 1326 0
1115 796 234 0
1115 1326 796 0
1116 438 1117 0
1118 798 1322 0
1118 799 234 0
1118 1322 1845 0
1118 1845 1849 0
1119 134 1812 0
1120 367 1122 0
1120 368 770 0
1120 1121 1332 0
1120 1122 1121 0
1122 1098 1123 0
1122 1123 1121 0
1123 388 1121 0
1123 1098 1591 0
1123 1591 135 0
1124 597 1795 0
1125 394 804 0
1125 804 802 0
1125 1453 1531 0
1126 1527 1581 0
1127 96 137 0
1127 805 96 0
1127 874 1334 0
1127 1334 1579 0
1128 402 1336 0
1128 1336 1803 0
1129 54 411 0
1129 411 806 0
1129 1803 812 0
1131 808 1343 0
1131 809 1134 0
1131 1134 1335 0
1132 810 1801 0
1132 1353 1352 0
1134 811 1135 0
1134 814 143 0
1134 1135 1335 0
1135 138 1335 0
1135 822 138 0
1135 1133 822 0
1136 53 398 0
1136 401 1105 0
1136 1105 53 0
1136 1456 1336 0
1137 1632 1337 0
1138 56 431 0
1138 1175 1363 0
1139 823 1363 0
1139 1363 1473 0
1140 826 1141 0
1140 1141 1670 0
1140 1341 1459 0
1141 826 1460 0
1141 830 1670 0
1142 396 1343 0
1142 826 1143 0
1142 1143 1671 0
1142 1343 1460 0
1143 826 1459 0
1143 1344 1689 0
1144 408 1669 0
1144 1627 1626 0
1145 847 1787 0
1146 1145 1787 0
1146 1158 1672 0
1146 1672 408 0
1147 828 1152 0
1147 1152 1153 0
1148 138 1132 0
1148 808 138 0
1148 1132 1352 0
1149 806 411 0
1149 832 1349 0
1149 1349 1355 0
1149 1464 806 0
1150 834 1350 0
1150 871 146 0
1150 1350 1462 0
1151 410 1351 0
1151 830 410 0
1151 1351 1354 0
1152 835 1153 0
1153 835 1465 0
1153 1465 1832 0
1153 1797 1147 0
1154 1351 1352 0
1154 1352 1353 0
1154 1353 1355 0
1154 1355 1533 0
1155 838 1356 0
1155 1356 1461 0
1156 845 1145 0
1156 1164 845 0
1157 416 840 0
1157 839 1356 0
1158 1146 1787 0
1158 1160 1718 0
1159 551 1162 0
1159 849 1358 0
1159 1358 1360 0
1160 420 1468 0
1160 848 1718 0
1160 1158 1787 0
1160 1787 420 0
1161 1358 1467 0
1161 1359 1360 0
1162 13 1719 0
1163 865 1824 0
1163 1362 865 0
1164 1156 419 0
1165 149 841 0
1165 824 853 0
1165 841 407 0
1166 853 1167 0
1169 233 1471 0
1169 236 233 0
1170 1171 1584 0
1171 236 1169 0
1171 1169 1584 0
1171 1170 424 0
1172 1567 1534 0
1173 426 1861 0
1173 427 426 0
1173 1362 1472 0
1174 857 858 0
1174 867 857 0
1175 55 1593 0
1175 1138 431 0
1176 832 54 0
1176 1177 1364 0
1177 54 1841 0
1177 872 1364 0
1177 1176 54 0
1178 156 1365 0
1178 1778 156 0
1180 1448 1524 0
1180 1450 1448 0
1181 876 1798 0
1182 443 1368 0
1182 1368 1369 0
1182 1369 1474 0
1183 445 882 0
1184 163 1369 0
1184 883 1370 0
1184 1371 883 0
1184 1475 1848 0
1185 883 1371 0
1185 1186 883 0
1186 440 887 0
1186 1185 440 0
1188 1182 1474 0
1189 164 79 0
1190 783 1800 0
1190 890 891 0
1190 1558 1442 0
1191 19 1192 0
1191 1479 471 0
1192 185 1193 0
1192 892 1479 0
1192 1193 1843 0
1192 1479 1191 0
1193 69 470 0
1193 470 1373 0
1193 894 1843 0
1194 894 1373 0
1195 1189 167 0
1195 1197 1374 0
1196 167 61 0
1196 1197 1195 0
1197 895 1374 0
1197 1198 1373 0
1198 448 893 0
1198 1194 1373 0
1198 1197 1196 0
1199 20 898 0
1199 897 20 0
1199 1220 897 0
1200 483 71 0
1200 484 483 0
1200 487 194 0
1201 196 1375 0
1201 1086 196 0
1201 1375 1720 0
1202 1674 1675 0
1202 1675 1754 0
1203 361 1204 0
1203 1202 1754 0
1203 1754 1774 0
1204 1201 1676 0
1205 1378 1380 0
1206 491 1693 0
1206 903 1377 0
1206 1377 1483 0
1207 938 1382 0
1207 1743 1379 0
1208 1380 1483 0
1208 1484 1381 0
1209 912 1211 0
1209 1211 1383 0
1209 1383 1695 0
1209 1639 912 0
1210 492 1485 0
1211 913 1383 0
1212 915 1384 0
1212 1384 1444 0
1213 494 1640 0
1213 1490 1697 0
1213 1640 1734 0
1214 1677 1757 0
1214 1678 1762 0
1215 1698 1703 0
1215 1703 1708 0
1215 1705 1776 0
1215 1708 1730 0
1216 192 925 0
1216 507 1680 0
1216 925 507 0
1216 1680 1726 0
1217 927 1700 0
1217 1700 1728 0
1218 928 1682 0
1218 930 1710 0
1218 1681 1763 0
1219 345 520 0
1219 525 526 0
1220 896 940 0
1220 940 25 0
1222 541 543 0
1222 548 952 0
1222 951 548 0
1223 542 1222 0
1223 941 1390 0
1223 1222 952 0
1224 949 959 0
1224 959 958 0
1225 545 544 0
1225 546 1391 0
1225 1391 1829 0
1226 656 1392 0
1227 954 1393 0
1227 1393 1506 0
1227 1506 955 0
1228 957 956 0
1229 556 860 0
1229 965 556 0
1229 1230 965 0
1230 1229 1539 0
1230 1585 1853 0
1231 231 970 0
1231 969 152 0
1232 250 576 0
1232 576 1233 0
1232 970 1495 0
1233 558 970 0
1233 576 1876 0
1233 974 558 0
1234 583 250 0
1234 977 1238 0
1235 245 1236 0
1235 984 238 0
1237 249 1401 0
1237 1236 1400 0
1238 578 583 0
1238 1237 1401 0
1239 242 574 0
1239 248 1240 0
1241 981 1499 0
1241 982 979 0
1242 573 579 0
1242 578 1498 0
1242 1498 1499 0
1244 588 1815 0
1244 985 586 0
1244 986 985 0
1245 12 565 0
1245 1246 12 0
1246 595 12 0
1247 597 256 0
1247 1582 1454 0
1248 1503 1550 0
1249 681 614 0
1249 1250 1403 0
1249 1503 1402 0
1250 613 996 0
1250 996 1500 0
1250 1249 614 0
1251 1405 1504 0
1251 1504 1685 0
1252 601 1406 0
1252 1000 1407 0
1252 1406 1501 0
1253 590 1254 0
1253 998 1871 0
1254 1000 1794 0
1254 1739 1253 0
1255 1409 1411 0
1255 1410 1528 0
1255 1528 1564 0
1256 621 1412 0
1256 1002 1258 0
1256 1412 1581 0
1257 618 1258 0
1257 1002 1410 0
1257 1410 1505 0
1258 618 30 0
1258 621 1256 0
1259 282 660 0
1259 1003 1004 0
1259 1004 1260 0
1260 1004 1261 0
1260 1569 1546 0
1261 1005 1413 0
1261 1413 1569 0
1262 545 1873 0
1262 1003 1655 0
1263 634 1656 0
1263 1415 1509 0
1263 1507 1415 0
1264 633 1552 0
1264 1265 1009 0
1265 1012 1657 0
1265 1264 1012 0
1266 1624 1623 0
1267 9 288 0
1269 39 638 0
1270 1833 1835 0
1270 1834 1833 0
1271 1033 1272 0
1272 1511 1273 0
1274 352 1081 0
1275 750 1082 0
1275 1082 681 0
1276 690 109 0
1278 113 694 0
1278 1422 1279 0
1279 312 1278 0
1279 1049 1281 0
1279 1422 1424 0
1280 1049 1424 0
1280 1282 1049 0
1280 1423 1425 0
1280 1424 1837 0
1280 1425 1282 0
1281 1049 1426 0
1281 1277 693 0
1282 668 1426 0
1283 40 1879 0
1283 103 286 0
1283 1034 40 0
1284 699 1286 0
1284 1052 1515 0
1285 320 1686 0
1285 1063 1053 0
1285 1686 1063 0
1287 1056 1516 0
1288 317 322 0
1288 321 1428 0
1288 322 321 0
1288 1428 1516 0
1289 343 342 0
1291 38 1014 0
1291 1014 1293 0
1291 1064 1292 0
1292 269 1291 0
1292 1064 1518 0
1293 1014 1429 0
1294 1065 1430 0
1294 1293 1429 0
1294 1430 1714 0
1296 717 1068 0
1296 1067 716 0
1296 1432 1067 0
1297 1067 1435 0
1297 1435 1520 0
1298 1434 1435 0
1298 1435 1432 0
1298 1517 1872 0
1299 1069 1301 0
1299 1301 1521 0
1300 716 721 0
1301 1055 1791 0
1301 1436 1521 0
1302 728 335 0
1302 1303 334 0
1303 1302 336 0
1304 931 742 0
1304 1688 936 0
1305 1079 935 0
1306 521 934 0
1307 741 1076 0
1307 1077 1310 0
1308 1687 1441 0
1309 1439 1441 0
1310 1077 1688 0
1311 363 131 0
1311 1443 1312 0
1312 1095 763 0
1313 909 1444 0
1314 1097 1445 0
1315 364 1445 0
1315 1096 364 0
1316 364 768 0
1316 768 769 0
1316 1101 1099 0
1317 65 782 0
1317 782 1318 0
1318 378 1106 0
1318 782 378 0
1319 1107 1449 0
1319 1449 1525 0
1320 1525 1447 0
1321 787 1320 0
1321 1320 1789 0
1321 1789 1830 0
1322 975 1845 0
1322 1496 975 0
1324 793 1180 0
1324 1524 1559 0
1325 1114 1559 0
1325 1559 1576 0
1325 1667 795 0
1326 797 1450 0
1326 1578 1561 0
1327 15 796 0
1327 226 15 0
1327 1561 1329 0
1328 58 161 0
1328 1568 1588 0
1329 1116 1327 0
1330 788 791 0
1330 1331 1451 0
1330 1451 1847 0
1331 1857 797 0
1332 136 389 0
1332 800 368 0
1333 1454 1565 0
1333 1562 1530 0
1336 401 1136 0
1336 1456 1803 0
1337 444 404 0
1337 881 444 0
1339 1187 1542 0
1340 1363 1175 0
1341 1140 1669 0
1342 808 1463 0
1342 1141 1460 0
1342 1460 1343 0
1344 1143 1459 0
1344 1459 1717 0
1344 1717 1719 0
1345 1156 1145 0
1346 1144 1348 0
1346 1348 1347 0
1346 1461 1345 0
1347 1155 1461 0
1347 1461 1346 0
1348 1144 1626 0
1349 1533 1355 0
1350 834 1832 0
1350 1349 1462 0
1350 1533 1349 0
1351 410 1463 0
1351 1154 1354 0
1352 1351 1463 0
1352 1463 1148 0
1353 52 1464 0
1354 1154 1533 0
1355 1353 1464 0
1356 416 1157 0
1357 1466 1536 0
1357 1467 1468 0
1357 1468 420 0
1357 1536 1467 0
1358 849 1468 0
1358 1161 1360 0
1359 550 1360 0
1359 1161 1538 0
1361 865 1842 0
1361 1470 861 0
1361 1584 1470 0
1361 1842 1861 0
1361 1859 865 0
1362 1173 1842 0
1363 1340 1473 0
1364 1365 430 0
1365 1364 872 0
1366 1367 1588 0
1366 1450 1180 0
1367 1366 382 0
1368 884 1371 0
1368 1371 1369 0
1369 163 1474 0
1370 1183 1476 0
1370 1475 1184 0
1371 1184 1369 0
1372 466 67 0
1372 468 379 0
1374 60 1195 0
1374 165 60 0
1376 1206 1693 0
1376 1692 1694 0
1377 909 1484 0
1378 1205 905 0
1379 938 1207 0
1379 1850 938 0
1380 1208 1782 0
1380 1378 1483 0
1380 1782 778 0
1381 371 1208 0
1381 909 910 0
1382 908 1207 0
1382 938 1765 0
1382 1696 1764 0
1382 1764 908 0
1383 1210 1485 0
1383 1485 1696 0
1384 1313 1444 0
1385 508 495 0
1385 1697 1771 0
1385 1771 1805 0
1386 1698 1766 0
1386 1699 1723 0
1387 1704 1727 0
1387 1705 1731 0
1387 1731 1733 0
1388 1707 1709 0
1388 1708 1770 0
1388 1709 1729 0
1389 530 529 0
1389 943 1804 0
1389 1543 530 0
1390 941 940 0
1391 958 953 0
1391 1005 1829 0
1391 1224 958 0
1392 1022 1492 0
1392 1393 1226 0
1392 1492 1545 0
1393 1392 1545 0
1394 99 637 0
1394 639 99 0
1394 1228 1395 0
1395 955 223 0
1395 1396 1547 0
1395 1547 1394 0
1396 1395 223 0
1397 229 1853 0
1398 576 577 0
1398 973 1399 0
1398 974 1876 0
1398 1399 1570 0
1398 1570 974 0
1399 85 1497 0
1399 973 579 0
1399 1497 1570 0
1400 245 567 0
1400 567 243 0
1400 1236 245 0
1401 1243 983 0
1402 296 1249 0
1402 1248 599 0
1402 1503 1248 0
1403 1250 1500 0
1403 1404 1503 0
1403 1503 1249 0
1404 1403 1500 0
1404 1551 1838 0
1405 1251 1683 0
1405 1712 1742 0
1405 1742 1573 0
1406 600 1248 0
1407 990 598 0
1407 1000 1790 0
1408 1739 1874 0
1409 32 251 0
1409 251 1411 0
1409 1255 1564 0
1410 1002 1580 0
1410 1452 1528 0
1411 585 1505 0
1411 988 585 0
1411 1505 1255 0
1412 266 1126 0
1412 1126 1581 0
1413 955 1506 0
1413 1506 1569 0
1414 947 1006 0
1414 1006 1418 0
1414 1221 948 0
1414 1589 1221 0
1415 1417 1509 0
1415 1507 1574 0
1415 1574 1418 0
1416 76 1816 0
1416 1006 76 0
1417 1415 1418 0
1417 1416 1508 0
1417 1418 1416 0
1419 646 1659 0
1420 1037 1512 0
1420 1511 1032 0
1420 1512 1511 0
1421 306 1513 0
1421 686 687 0
1421 1041 686 0
1421 1513 682 0
1422 310 1840 0
1422 1278 694 0
1423 671 1425 0
1423 1280 1837 0
1423 1837 1835 0
1424 1422 1840 0
1425 284 1282 0
1426 1277 1281 0
1427 1284 1515 0
1427 1515 1555 0
1428 321 718 0
1430 1066 1713 0
1430 1713 1714 0
1431 1061 1060 0
1431 1295 1517 0
1431 1556 1557 0
1432 1068 1519 0
1432 1296 1068 0
1432 1435 1067 0
1433 1294 1714 0
1433 1517 1518 0
1434 1298 1872 0
1435 1434 1520 0
1436 721 1521 0
1436 1791 1071 0
1437 121 331 0
1437 326 722 0
1437 1071 1791 0
1438 340 1523 0
1438 733 731 0
1438 1522 733 0
1439 934 522 0
1439 1308 1441 0
1439 1309 1306 0
1440 1308 209 0
1440 1610 1854 0
1440 1687 1308 0
1440 1715 1610 0
1442 66 177 0
1442 1093 66 0
1443 1311 1093 0
1444 197 1635 0
1444 1635 914 0
1445 364 1314 0
1445 1783 1315 0
1446 1106 784 0
1447 1525 1577 0
1447 1577 1836 0
1447 1789 1320 0
1448 797 1857 0
1449 1323 1526 0
1449 1526 1587 0
1450 797 1448 0
1450 1366 1578 0
1451 1118 1849 0
1452 1333 1565 0
1452 1410 1580 0
1453 802 1529 0
1453 1530 1531 0
1454 1453 1529 0
1454 1529 1247 0
1454 1530 1453 0
1455 394 1531 0
1455 1530 1562 0
1455 1579 1334 0
1456 139 812 0
1456 398 139 0
1456 812 1803 0
1456 1136 398 0
1457 19 1191 0
1457 405 817 0
1457 1191 405 0
1457 1477 1540 0
1458 400 816 0
1458 816 1338 0
1458 1339 1542 0
1458 1532 1339 0
1459 1341 1716 0
1459 1716 1717 0
1461 839 1345 0
1462 414 1150 0
1462 832 414 0
1464 52 412 0
1464 1149 1355 0
1465 1350 1832 0
1465 1354 1533 0
1467 1358 1468 0
1469 864 1583 0
1469 1824 864 0
1470 1471 1566 0
1470 1566 1793 0
1471 233 971 0
1471 1470 1584 0
1472 427 1173 0
1472 866 1168 0
1472 1168 153 0
1472 1362 150 0
1473 144 824 0
1473 1340 406 0
1475 1370 1476 0
1475 1476 1541 0
1475 1478 1848 0
1476 1183 1540 0
1476 1477 1541 0
1477 1457 817 0
1477 1476 1540 0
1478 163 1848 0
1478 813 885 0
1478 1475 1541 0
1478 1541 1187 0
1480 502 20 0
1480 897 1543 0
1481 902 1720 0
1482 906 1691 0
1482 1481 1721 0
1482 1691 1481 0
1483 491 1206 0
1483 1377 1484 0
1484 909 1381 0
1484 1208 1483 0
1486 1209 1695 0
1486 1850 1722 0
1487 1723 1758 0
1488 1726 1767 0
1488 1728 1766 0
1488 1766 1776 0
1489 1729 1762 0
1489 1732 1777 0
1490 1213 1734 0
1490 1734 1735 0
1490 1735 1736 0
1490 1736 1771 0
1491 931 206 0
1491 932 1745 0
1492 1266 1546 0
1493 553 555 0
1493 556 965 0
1494 967 968 0
1494 968 556 0
1495 84 562 0
1495 231 7 0
1496 236 561 0
1496 561 1571 0
1496 1322 236 0
1496 1571 1548 0
1497 566 976 0
1497 1548 1570 0
1498 983 1243 0
1499 580 982 0
1499 981 1242 0
1500 996 1685 0
1500 1551 1404 0
1501 1813 1000 0
1502 1404 1838 0
1502 1550 1404 0
1502 1792 1813 0
1503 1404 1550 0
1504 1405 1573 0
1504 1500 1685 0
1504 1573 1551 0
1505 88 1001 0
1505 1410 1255 0
1506 1393 1545 0
1506 1545 1569 0
1507 1263 1012 0
1507 1264 1552 0
1507 1552 1574 0
1508 625 627 0
1508 627 626 0
1508 1416 1816 0
1509 1417 1508 0
1510 1019 1661 0
1510 1020 1419 0
1510 1419 1554 0
1510 1760 1020 0
1511 1033 1032 0
1511 1272 1033 0
1512 1036 1028 0
1512 1273 1511 0
1513 299 682 0
1514 750 1043 0
1515 1287 1516 0
1515 1516 1555 0
1516 1428 1555 0
1517 1295 1518 0
1517 1298 1556 0
1517 1433 1872 0
1518 1057 1292 0
1519 1298 1432 0
1519 1556 1298 0
1520 1434 1713 0
1522 336 1844 0
1522 1438 1523 0
1524 1324 1180 0
1524 1448 1560 0
1524 1560 1586 0
1525 1320 1319 0
1525 1449 1587 0
1526 1576 1587 0
1527 805 1579 0
1527 1126 805 0
1527 1563 1581 0
1528 1452 1565 0
1529 1795 1247 0
1530 1454 1333 0
1530 1455 1531 0
1532 818 820 0
1532 820 1339 0
1532 1458 1338 0
1533 1350 1465 0
1535 864 1172 0
1535 1172 1534 0
1535 1536 1583 0
1536 1535 1537 0
1536 1537 1538 0
1536 1538 1467 0
1537 1534 863 0
1537 1535 1534 0
1538 862 1359 0
1538 863 862 0
1538 1161 1467 0
1539 860 964 0
1540 1183 185 0
1541 1542 1187 0
1542 1477 817 0
1542 1541 1477 0
1543 527 530 0
1543 1804 1480 0
1544 1702 1807 0
1544 1724 1487 0
1544 1738 1805 0
1545 1492 1546 0
1545 1546 1569 0
1546 282 1260 0
1548 975 1496 0
1548 976 792 0
1549 1572 1874 0
1549 1739 1794 0
1549 1794 1813 0
1550 1406 1248 0
1550 1501 1406 0
1550 1502 1501 0
1551 1500 1504 0
1551 1792 1838 0
1552 633 1575 0
1553 729 539 0
1553 1221 1589 0
1553 1589 1575 0
1554 1659 1016 0
1556 1431 1517 0
1556 1519 1557 0
1558 1093 1442 0
1558 1443 1093 0
1558 1800 1094 0
1559 1524 1586 0
1560 1110 1836 0
1560 1448 1110 0
1560 1577 1586 0
1561 796 1326 0
1561 1327 796 0
1561 1568 1329 0
1562 1527 1579 0
1562 1563 1527 0
1563 1333 1452 0
1563 1452 1580 0
1563 1562 1333 0
1563 1580 1581 0
1564 1528 1565 0
1564 1565 1582 0
1565 1454 1582 0
1566 971 1853 0
1566 1585 1793 0
1567 861 1793 0
1567 964 1781 0
1567 1172 861 0
1567 1585 964 0
1567 1781 1534 0
1568 1328 1329 0
1568 1561 1578 0
1568 1578 1588 0
1569 1260 1261 0
1570 1571 974 0
1571 1570 1548 0
1572 261 1877 0
1572 1549 1740 0
1572 1740 1741 0
1572 1741 261 0
1573 1742 1740 0
1575 1011 1553 0
1575 1574 1552 0
1575 1589 1574 0
1576 1526 1113 0
1576 1559 1586 0
1576 1586 1587 0
1577 1525 1587 0
1577 1560 1836 0
1578 1326 1450 0
1578 1366 1588 0
1579 1455 1562 0
1580 1256 1581 0
1582 989 1564 0
1583 1466 1469 0
1583 1536 1466 0
1584 1169 1471 0
1584 1861 1170 0
1585 1230 1539 0
1585 1539 964 0
1585 1566 1853 0
1585 1567 1793 0
1586 1577 1587 0
1588 58 1328 0
1589 1414 1418 0
1589 1418 1574 0
1590 836 155 0
1591 1098 22 0
1592 48 133 0
1592 133 1119 0
1592 1119 1812 0
1593 154 1340 0
1593 1340 1175 0
1595 872 148 0
1595 1778 1178 0
1596 170 456 0
1596 171 1746 0
1597 63 1596 0
1597 1596 1746 0
1599 64 459 0
1600 489 1750 0
1600 1750 1772 0
1601 498 1603 0
1602 499 1603 0
1603 499 1750 0
1604 508 1606 0
1604 1606 1607 0
1604 1653 495 0
1606 508 1738 0
1606 1605 1751 0
1608 1651 1649 0
1609 1751 1773 0
1609 1773 1854 0
1610 21 1609 0
1610 1609 1854 0
1610 1715 1722 0
1610 1722 1654 0
1611 606 795 0
1611 1761 612 0
1613 605 1684 0
1613 612 1761 0
1614 1753 997 0
1615 1875 1753 0
1616 616 1868 0
1616 998 1408 0
1617 97 1658 0
1617 268 1655 0
1618 271 642 0
1618 1665 1856 0
1619 280 1622 0
1619 1661 280 0
1620 1622 280 0
1621 282 1266 0
1621 660 282 0
1621 1266 1623 0
1622 659 1623 0
1622 1620 654 0
1622 1623 1619 0
1623 1624 1619 0
1624 1266 661 0
1624 1760 1619 0
1627 1144 1669 0
1627 1669 1670 0
1628 407 841 0
1628 417 407 0
1628 841 842 0
1628 844 417 0
1629 842 1786 0
1630 1629 1786 0
1632 1137 552 0
1633 491 1378 0
1633 904 1754 0
1633 1378 905 0
1634 1482 1755 0
1634 1636 1637 0
1635 913 914 0
1636 908 1637 0
1636 1634 1755 0
1636 1772 1756 0
1637 908 1764 0
1637 1485 906 0
1638 198 1207 0
1638 1207 908 0
1638 1756 494 0
1639 1209 1486 0
1639 1722 1715 0
1640 494 1756 0
1640 918 1734 0
1641 499 1851 0
1641 1640 1756 0
1641 1756 1772 0
1642 920 1643 0
1642 921 1825 0
1643 496 1839 0
1643 920 1644 0
1643 921 1642 0
1644 920 1678 0
1644 1678 1679 0
1646 926 1680 0
1646 1784 504 0
1647 72 928 0
1647 928 1648 0
1648 928 1763 0
1648 1758 1647 0
1649 932 1608 0
1649 1650 1745 0
1649 1651 1650 0
1650 509 1763 0
1650 1681 1745 0
1652 1440 1854 0
1653 1604 21 0
1653 1654 1850 0
1654 21 1610 0
1654 1653 21 0
1655 1021 1617 0
1656 1657 1012 0
1657 1656 632 0
1659 1554 1419 0
1660 1020 1826 0
1661 1619 1760 0
1661 1760 1510 0
1662 37 711 0
1662 711 1063 0
1662 1686 1878 0
1663 1775 1858 0
1664 713 714 0
1664 1663 1856 0
1665 327 1664 0
1665 1618 37 0
1665 1664 1856 0
1666 1066 715 0
1666 1663 714 0
1667 1108 1761 0
1667 1325 1113 0
1667 1611 795 0
1668 1108 1828 0
1668 1613 1761 0
1669 1140 1670 0
1671 1689 807 0
1672 1716 1341 0
1673 1481 1691 0
1673 1674 1202 0
1674 1376 1693 0
1674 1692 1376 0
1675 1633 1754 0
1675 1674 1693 0
1676 902 1203 0
1676 1201 1720 0
1676 1203 1204 0
1677 1214 1709 0
1678 1214 1679 0
1678 1732 1762 0
1679 1214 1757 0
1679 1757 1808 0
1680 926 1767 0
1681 1218 1710 0
1681 1650 1763 0
1681 1710 1745 0
1682 72 512 0
1683 785 611 0
1684 996 260 0
1684 1251 1685 0
1686 710 1878 0
1687 1077 1441 0
1687 1440 1652 0
1687 1652 1688 0
1688 1077 1687 0
1688 1304 1310 0
1689 1344 1690 0
1689 1671 1143 0
1690 1719 13 0
1691 492 1692 0
1691 906 492 0
1692 492 1694 0
1692 1673 1691 0
1692 1674 1673 0
1694 907 903 0
1695 1383 1696 0
1696 1485 1764 0
1696 1765 1695 0
1697 1490 1771 0
1698 1215 1776 0
1698 1386 1701 0
1698 1701 1703 0
1699 1386 1700 0
1699 1647 1758 0
1700 1386 1766 0
1701 1386 1723 0
1701 1723 1724 0
1702 1544 1805 0
1702 1806 1807 0
1703 1701 1806 0
1704 1216 1726 0
1704 1387 1706 0
1704 1645 1216 0
1704 1706 1645 0
1704 1726 1727 0
1705 1215 1730 0
1705 1387 1727 0
1705 1727 1776 0
1705 1730 1731 0
1706 1387 1733 0
1706 1769 1645 0
1707 1388 1735 0
1707 1677 1709 0
1708 1388 1729 0
1708 1703 1770 0
1708 1729 1730 0
1709 1214 1762 0
1710 516 1711 0
1710 1711 1745 0
1711 1491 1745 0
1712 611 1863 0
1712 1405 1683 0
1713 328 1520 0
1713 1434 1714 0
1714 1872 1433 0
1715 209 1639 0
1717 1716 1718 0
1717 1718 848 0
1718 1672 1158 0
1718 1716 1672 0
1719 848 1162 0
1719 1690 1344 0
1720 1721 1481 0
1721 1375 1600 0
1721 1600 1755 0
1721 1720 1375 0
1722 1639 1486 0
1722 1850 1654 0
1723 1487 1724 0
1723 1699 1758 0
1724 1544 1807 0
1725 202 1737 0
1725 1487 1758 0
1726 1488 1727 0
1726 1680 1767 0
1727 1488 1776 0
1728 1488 1767 0
1728 1700 1766 0
1729 1489 1730 0
1729 1709 1762 0
1730 1489 1731 0
1731 1489 1777 0
1732 920 1768 0
1732 1489 1762 0
1732 1678 920 0
1732 1768 1777 0
1733 1731 1777 0
1734 1707 1735 0
1735 1388 1770 0
1736 1702 1771 0
1736 1735 1770 0
1737 1487 1725 0
1737 1544 1487 0
1737 1738 1544 0
1738 508 1805 0
1738 1605 1606 0
1738 1737 1605 0
1739 1254 1794 0
1739 1408 998 0
1739 1549 1874 0
1740 1792 1573 0
1741 1740 1742 0
1741 1742 1744 0
1743 495 1379 0
1743 1207 198 0
1743 1385 495 0
1743 1697 1385 0
1744 261 1741 0
1744 1614 261 0
1744 1712 1863 0
1744 1742 1712 0
1745 932 1649 0
1746 1598 1597 0
1747 418 1786 0
1747 841 149 0
1748 988 586 0
1750 1641 1772 0
1751 1605 1608 0
1751 1607 1606 0
1751 1608 1752 0
1751 1609 1607 0
1751 1752 1773 0
1753 1614 615 0
1754 904 1774 0
1755 1482 1721 0
1755 1600 1772 0
1755 1772 1636 0
1756 1638 1636 0
1757 499 1808 0
1757 918 1851 0
1758 1648 509 0
1759 271 1858 0
1759 1015 271 0
1759 1659 1015 0
1760 101 1826 0
1761 1611 1667 0
1764 1485 1637 0
1765 1486 1695 0
1765 1696 1382 0
1766 1698 1776 0
1767 201 1728 0
1768 500 1769 0
1768 1733 1777 0
1768 1769 1733 0
1769 1706 1733 0
1770 1703 1806 0
1771 1702 1805 0
1773 1652 1854 0
1773 1752 936 0
1775 1663 1666 0
1775 1666 715 0
1775 1759 1858 0
1778 147 415 0
1778 415 156 0
1779 1174 82 0
1779 1780 151 0
1782 132 778 0
1782 1208 371 0
1783 47 1785 0
1783 371 1381 0
1783 1381 910 0
1783 1445 47 0
1784 475 923 0
1784 1646 506 0
1785 371 1783 0
1785 772 371 0
1788 1870 987 0
1789 786 1819 0
1789 1447 786 0
1789 1819 1830 0
1790 590 990 0
1791 1436 1301 0
1792 1502 1838 0
1792 1549 1813 0
1792 1551 1573 0
1792 1740 1549 0
1795 1529 803 0
1796 1124 1795 0
1796 1795 803 0
1797 1832 834 0
1798 860 966 0
1799 725 1072 0
1800 1558 1190 0
1801 818 1802 0
1802 142 402 0
1802 402 412 0
1802 412 1801 0
1803 1129 1128 0
1804 195 1480 0
1804 1543 1389 0
1806 1701 1807 0
1806 1702 1736 0
1806 1736 1770 0
1807 1701 1724 0
1808 199 1679 0
1809 971 798 0
1811 1296 1300 0
1813 1501 1502 0
1814 570 1815 0
1814 592 1866 0
1817 276 1860 0
1817 645 276 0
1818 1092 130 0
1819 788 1112 0
1819 790 1820 0
1819 1820 1830 0
1820 608 1830 0
1821 565 12 0
1821 789 1822 0
1823 381 1846 0
1823 1846 1862 0
1824 865 1859 0
1824 1469 1163 0
1827 640 1860 0
1828 1323 1831 0
1829 1873 1225 0
1831 1107 1109 0
1832 1797 1153 0
1833 1025 1835 0
1833 1834 1860 0
1834 711 1827 0
1834 1270 691 0
1834 1827 1860 0
1837 1424 1840 0
1837 1840 1835 0
1839 921 1643 0
1840 1270 1835 0
1842 1173 1861 0
1843 1852 892 0
1844 732 733 0
1845 975 1862 0
1846 1112 1847 0
1847 1451 1849 0
1849 1845 1862 0
1849 1862 1847 0
1850 1379 1653 0
1852 1843 183 0
1856 271 1618 0
1856 1663 1858 0
1857 1331 791 0
1859 864 1824 0
1859 1361 861 0
1861 1584 1361 0
1862 1846 1847 0
1863 615 1614 0
1863 993 609 0
1863 1614 1744 0
1864 358 128 0
1864 385 358 0
1865 254 1871 0
1865 592 1869 0
1865 1869 1870 0
1866 1616 1868 0
1867 89 1868 0
1869 987 1870 0
1870 1788 591 0
1871 592 1865 0
1872 1714 1434 0
1873 1003 1262 0
1873 1829 624 0
1874 1877 1408 0
1875 1612 610 0
1875 1615 1612 0
1877 1874 1572 0

End
