MeshVersionFormatted 1

Dimension
2

Vertices
2231
0.0 0.0 1
1.0 0.0 1
1.0 1.0 1
0.0 1.0 1
0.5 0.0 1
1.0 0.5 1
0.5 1.0 1
0.2543646060851159 0.49952352880180423 0
0.0 0.5 1
0.0 0.75 1
0.25 1.0 1
0.3805611263644555 0.7581689759381017 0
0.38043594195071756 0.6032850403774987 0
0.5414650616302017 0.6942387260960449 0
0.6524965774775021 0.6029356857890142 0
0.672176964474119 0.4650735368229125 0
1.0 0.25 1
1.0 0.375 1
0.8837304884581345 0.38823334811232396 0
0.721660730118624 0.5368654420124925 0
0.75 0.0 1
0.625 0.0 1
0.6963068499581027 0.1481779377006221 0
0.3744978501134264 0.3633879845790856 0
0.4694791993294135 0.4256878168825093 0
0.3775324101032195 0.20908115688769438 0
0.370778994302173 0.4636291252207418 0
0.580322339839723 0.5809630197265031 0
0.6231585579389227 0.7050767152907226 0
0.5460848396082955 0.8468747793376606 0
0.75 1.0 1
0.625 1.0 1
0.4671327687636616 0.7840819742131883 0
0.375 1.0 1
0.28986690657890957 0.8621619958443195 0
0.20846017879690104 0.7037379657076738 0
0.2891035272423673 0.6438761336009226 0
0.12619829062748517 0.8824413974948648 0
0.125 1.0 1
0.21576504006043662 0.9036667952160912 0
0.0 0.25 1
0.20120661166257964 0.2790248426022336 0
0.3066991289552541 0.28532619651670754 0
0.24734584020774766 0.3814834890833626 0
0.10199798067529826 0.3950589569164176 0
0.0 0.375 1
0.09531711703071788 0.5294270001409537 0
0.05061900987186407 0.6374858220116768 0
0.0 0.625 1
0.1022163782388409 0.2955169493203987 0
0.125 0.0 1
0.0 0.125 1
0.22783853345471092 0.15696732881903006 0
0.1757883591927402 0.08768608298440377 0
0.375 0.0 1
0.33358827552180587 0.09842006156839801 0
0.5676937170960867 0.08715337732967039 0
0.3309458483084014 0.5538109942096685 0
0.8696953908487982 0.14773868597027903 0
0.8435411489808349 0.2586982495022712 0
1.0 0.125 1
0.875 0.0 1
0.10922838242523607 0.7659239190905667 0
1.0 0.75 1
1.0 0.625 1
0.8999487356433706 0.6107317674631854 0
0.7890973468719794 0.6378824541321886 0
0.8396504851565427 0.8637507004397449 0
1.0 0.875 1
0.6950632010412926 0.8676698943430029 0
0.630435895896295 0.8102267863922569 0
0.875 1.0 1
0.9030611624554845 0.9163605633097542 0
0.0 0.875 1
0.7115369709054689 0.6654526758700061 0
0.8178864339522829 0.5023881719585355 0
1.0 0.43672006583572653 1
1.0 0.3123706412603511 1
0.8312381536539847 0.3628052089152844 0
0.8359504650786609 0.4097082164264579 0
0.7020803918620493 0.5702897100351576 0
0.7042691021218123 0.32193764453683965 0
0.6869554443840794 0.0 1
0.5611381857759266 0.0 1
0.6730394388281429 0.21424450128291517 0
0.499814339787439 0.4607947092196651 0
0.5026114386380406 0.39930689355502214 0
0.5030134132986798 0.28699206936816674 0
0.43390580875862794 0.34875727879715807 0
0.37454870948833024 0.5298333933860047 0
0.3783463777462308 0.42744701806156626 0
0.40787986583854924 0.45227263958700786 0
0.5404283429007432 0.6327365575982826 0
0.5568952037948762 0.5543893861976694 0
0.6096380236101592 0.5997337116216319 0
0.6336855050203267 0.6595912986584375 0
0.56847731360821 1.0 1
0.6867975208295864 1.0 1
0.506856209743969 0.7237609479488312 0
0.5065268596964131 0.8153362941713378 0
0.30995734466091934 1.0 1
0.438542166475366 1.0 1
0.5020367000027804 0.8573858412706418 0
0.40249959678469016 0.9453249288746741 0
0.3436697247470816 0.8026013826765164 0
0.30184638785637163 0.8013791632126108 0
0.3370546264513333 0.6252788621628242 0
0.3431048986056213 0.7133396364480854 0
0.05847980594732219 1.0 1
0.1916021156113463 1.0 1
0.23920761591995632 0.9573486853481518 0
0.2633371041259605 0.8914226952088121 0
0.16992224367411798 0.9062454242784359 0
0.32822266002419737 0.24943243963586284 0
0.250318498671987 0.27569640265152656 0
0.22110711864354665 0.31864393170978983 0
0.31139385822293497 0.38347237656842365 0
0.14690385677192364 0.34260636260267574 0
0.17510020843051155 0.38381340506078476 0
0.0 0.31552930083720865 1
0.0 0.4400378936797047 1
0.04734701907404029 0.3755743360836831 0
0.11328072470513006 0.4642622192707721 0
0.04500609753945298 0.5060607745658852 0
0.17327692836916175 0.5212711001330104 0
0.14545854551896112 0.5644531296336088 0
0.21073155824517315 0.5565650506941893 0
0.029529635128859956 0.7001513385940704 0
0.0674568229652531 0.5753019869793673 0
0.12605033985484487 0.6641305883970389 0
0.0 0.567765245526342 1
0.0 0.6841533776469482 1
0.02317958419398085 0.6455325567361077 0
0.045040793503234616 0.2698744451733533 0
0.13262305712854117 0.2882820512745246 0
0.08324495128196688 0.3374069771770103 0
0.18634576926718516 0.0 1
0.057582147502515085 0.0 1
0.0706150403162507 0.17714552581827098 0
0.0 0.0584804992473356 1
0.0 0.17894829759890785 1
0.05722133090784551 0.12744064930393023 0
0.21872184290052835 0.20953448501801178 0
0.2148981070154439 0.12250000697256842 0
0.47786987009796517 0.07964372526648396 0
0.49833912229767835 0.18387352574531246 0
0.43641729886956365 0.0 1
0.3143989444199823 0.0 1
0.6379977795121133 0.14625790415505985 0
0.592723497923853 0.03486527338140868 0
0.3356262862456738 0.5086943366637099 0
0.2957000118668255 0.5149952908476408 0
0.3015298860686789 0.6154404252789324 0
0.9514975903067229 0.18951791240631896 0
0.8073195051146975 0.29658104920196693 0
0.8601830298670958 0.3342972746965998 0
0.8538657034050171 0.1822708710467704 0
0.728390583558159 0.15761639912606049 0
0.8294753958561393 0.152734378653375 0
0.8219001500350068 0.22701601984675052 0
0.858226536798482 0.5184914831449133 0
0.9000967204342293 0.42259032145851966 0
0.3995343401821027 0.6214873492245865 0
0.49824094938290553 0.680984179722808 0
1.0 0.18801341605914218 1
1.0 0.05761579082760253 1
0.9271340939837229 0.1395672618751067 0
0.940693697275313 0.0 1
0.8165617278447693 0.0 1
0.8551684087642382 0.07237935351693739 0
0.044353602373014986 0.7726808939350652 0
0.16463944048447368 0.7320037774309834 0
0.11252081831167937 0.8223496066459461 0
0.7816497838651595 0.715221892688794 0
1.0 0.5657075223128505 1
0.9761146335367238 0.6025582801107104 0
0.7608053038519159 0.5783259780661256 0
0.8109784828624214 0.5882898359676436 0
0.7923584652702466 0.9293244473453695 0
1.0 0.9381374514392736 1
1.0 0.8152107592314051 1
0.7222812489842096 0.805835003700151 0
0.7158211202341499 0.9421527874517056 0
0.5761635692765769 0.8197231892437277 0
0.6779682189235084 0.8370988883284567 0
0.6271911382796372 0.9433369406783984 0
0.578791769292074 0.8995955091187796 0
0.6650921394479342 0.8884565969989467 0
0.9395090535016523 1.0 1
0.9506100435465348 0.9121678590619459 0
0.9154065524603916 0.8727162174476985 0
0.0 0.8077106296383264 1
0.0 0.9402914919201627 1
0.4128981663919963 0.5696619217258192 0
0.6763882368644006 0.6404311255271077 0
0.7151988919467929 0.6935077540919741 0
0.7462282610092795 0.6377409504805392 0
0.5754417289677894 0.5254875704786912 0
0.6212318572102629 0.5808086422365417 0
0.632808930440942 0.457501943421507 0
0.5653474188670998 0.48134802105307395 0
0.7122362046569999 0.4097971363215067 0
0.7583487021086723 0.3659133846320794 0
0.7558170865628417 0.44062949256221673 0
0.8204522731368996 0.5304348733985512 0
0.8069974275493862 0.47722601724357533 0
1.0 0.4681601449177502 1
1.0 0.4056698779271384 1
1.0 0.34365284690252773 1
1.0 0.28115311464165527 1
0.8741932510816541 0.3716945591522835 0
0.7933731344217148 0.3499946563768968 0
0.7987817440242847 0.38511070742007164 0
0.9695609036402247 0.36352937153441356 0
0.9762052437021871 0.39177913762629807 0
0.8838106323027632 0.44553230352938206 0
0.8024447932522559 0.4427892623340684 0
0.8618696899178264 0.3957902209672062 0
0.834937854561212 0.38416008430202453 0
0.7114387638776515 0.5170025727165818 0
0.7204601479306224 0.5637180988674272 0
0.6980947680033468 0.5281832879026958 0
0.665296627421908 0.5835744730182684 0
0.7965495297246316 0.5460982747381035 0
0.7952861146410847 0.5193778586695286 0
0.7699400499614625 0.5334730738473036 0
0.5645487814509835 0.4170259830090324 0
0.5932085195531935 0.4007470579282739 0
0.7408723896082116 0.2662405628581422 0
0.71833919801289 0.0 1
0.6558439427260196 0.0 1
0.5927135998148165 0.0 1
0.530243274769689 0.0 1
0.6795816124537168 0.1786442288363875 0
0.643480770747063 0.02264227669442452 0
0.6761772218011426 0.09113145944791715 0
0.6718956033191834 0.023784545786218286 0
0.756723071931351 0.030134526892769777 0
0.7094088583452437 0.09351676828313432 0
0.47046048709087745 0.44625832863009235 0
0.5253126853663878 0.44859005177410394 0
0.533434363828233 0.4180161294887239 0
0.5391215524997263 0.3996868903246337 0
0.39998185254179325 0.38596586916736625 0
0.44725267169239646 0.4228176320331301 0
0.48942555001427956 0.30690463581394617 0
0.5159286673841758 0.27714539616563477 0
0.45176631543714924 0.3321085136836139 0
0.512358133711505 0.3805958998109514 0
0.47597156451101996 0.25540978711848417 0
0.3247700023714303 0.4866225577168108 0
0.2850140121032743 0.4915048265230118 0
0.363909571032088 0.5043893633795075 0
0.35018158284343576 0.5418609113804828 0
0.35813031595297456 0.5830706160900534 0
0.4210198855403218 0.5427346546382439 0
0.37319905007147364 0.39376381308679026 0
0.35660864749217996 0.45038590721052274 0
0.4110671265665165 0.4299556708931582 0
0.43178574028170214 0.440981616457916 0
0.38826921695251154 0.45779567204063876 0
0.5480133265568843 0.6138430626943899 0
0.5421521157798362 0.6707080499270068 0
0.6314134501731823 0.6011678563520949 0
0.5997544660417451 0.5805867040495545 0
0.5892127931283931 0.6000782320431877 0
0.6673375336923296 0.6932156432033463 0
0.7157496611387474 0.7214034839822341 0
0.6887617930849649 0.6804839233498539 0
0.5646934646399412 0.6947105363621068 0
0.6005017690588479 0.6948074880911556 0
0.5604543681462535 0.6769843476218329 0
0.6322142352263497 0.6379151477031847 0
0.5375373438260879 0.8955707623581795 0
0.4857606044753936 0.9092312020629615 0
0.5738825269406455 0.9217671432887198 0
0.5360363238566997 1.0 1
0.5979638051845281 1.0 1
0.6557270607887159 1.0 1
0.718219164990729 1.0 1
0.4133470135170277 0.7622060308991468 0
0.4847489510934368 0.7714753555300418 0
0.5273228741699441 0.8307185412874514 0
0.4830173774960221 0.8014612116247133 0
0.27939342850875065 1.0 1
0.3417899584669619 1.0 1
0.30451963518946973 0.9225235100081922 0
0.40704040469863456 1.0 1
0.4695230261180832 1.0 1
0.5230854290714491 0.8528920939236531 0
0.5052009811168197 0.838757944843718 0
0.3905741174534492 0.9808166373275756 0
0.41217023423762356 0.9700021206647229 0
0.3925493722523483 0.7869052378964319 0
0.36285591979691845 0.7816463985970203 0
0.3775144453044642 0.9070331136041415 0
0.29871331462307027 0.7811497708010047 0
0.285673559828571 0.8415215142638245 0
0.32211728927070954 0.8131041497564798 0
0.3397113219403298 0.7715408758245418 0
0.3556111825536756 0.7578764599985484 0
0.2685515425147755 0.6611999716414777 0
0.2331270113308984 0.6876112093009343 0
0.35743899087147063 0.6133597276976035 0
0.3160979625543227 0.634874936601254 0
0.33257308182205214 0.6693652874208559 0
0.36701467483463895 0.7310997724581649 0
0.3357503716093021 0.7408969119954963 0
0.028359041853683438 1.0 1
0.09060027265211469 1.0 1
0.1594668233209267 1.0 1
0.2216973929198612 1.0 1
0.21855968072912266 0.9475844106902854 0
0.13048838447066582 0.9806891021024202 0
0.23467918228387213 0.9361286321281722 0
0.24255844931207313 0.9783287504832109 0
0.23334005110641343 0.8987588165964736 0
0.27494872043208424 0.8769531975140921 0
0.2671342426751864 0.8567814847415214 0
0.14933654446959957 0.8923811411659761 0
0.14312539804872665 0.9310962137992967 0
0.3403286103114378 0.3333378611386214 0
0.31553779972302093 0.26658868537148045 0
0.36340813976181086 0.23032627997740557 0
0.23199416342622595 0.2866450034307971 0
0.2760081556379117 0.27688200043158007 0
0.26184564615811184 0.4676493143313511 0
0.2787358733400555 0.47390634105936524 0
0.2116661311031477 0.3116965773691483 0
0.23031193066320654 0.3659850139500626 0
0.2421941831968851 0.30853539314642947 0
0.3422904061910039 0.3642084931935111 0
0.3218808717521417 0.33400407014013095 0
0.2865495941189849 0.3810277895563841 0
0.3417522827234729 0.405461549864095 0
0.17941566303654138 0.3240565934179579 0
0.12476381396495347 0.3734355177839044 0
0.15987868664415403 0.3679228785069161 0
0.21062076451070366 0.3862168256059625 0
0.1388533853933218 0.38797602696529954 0
0.2163846288612145 0.4279533973260407 0
0.0 0.34595075735333075 1
0.0 0.40820626927356646 1
0.0 0.47060318651407806 1
0.017257233396482174 0.45228609491672617 0
0.022140077311631742 0.3621619843660391 0
0.13545866784468283 0.44190766523277103 0
0.09219702292446404 0.501415025389799 0
0.038262934833077106 0.47179795243249634 0
0.06910568144774179 0.5166206287037691 0
0.017358524539374882 0.49855228757989084 0
0.137956204346912 0.4991191924731096 0
0.21828980019836555 0.5089140235046563 0
0.14643244239298678 0.5252302545845438 0
0.20556089480931383 0.6760395982395195 0
0.24647812751864656 0.6622696622875606 0
0.20291255053739002 0.6475393771377079 0
0.2598413472546794 0.6420410302537507 0
0.12459880853401091 0.5445475695608596 0
0.16590885955384066 0.547767141930712 0
0.23452203255876056 0.5240767787664005 0
0.21398114204067378 0.5314925596735481 0
0.1988945899557942 0.585238038462656 0
0.22698102783283322 0.602599535336295 0
0.04377887393268905 0.6669555581743414 0
0.018282223260710464 0.7317289405131098 0
0.09544477535877059 0.5584319806831406 0
0.0520517106650477 0.530985581872453 0
0.08624716668915444 0.6037695825474898 0
0.11935867055653845 0.5734805401707562 0
0.1552664767316723 0.6775444633070502 0
0.1102586185352565 0.7106466585009076 0
0.0 0.5354326522916729 1
0.0 0.5974885650875671 1
0.0 0.6538266767689498 1
0.0 0.7161473931981097 1
0.06608797833578195 0.28325719211073774 0
0.01722794923824473 0.2636634538483579 0
0.18246262917688783 0.29387993002599444 0
0.11994410951809481 0.2918182538441761 0
0.1407030565462515 0.3151184777134121 0
0.11262292125444406 0.3348819630486168 0
0.09401365724908188 0.3099440698106475 0
0.21787354533963854 0.0 1
0.15539486252837878 0.0 1
0.08985841644022889 0.0 1
0.020144549474406435 0.22074596752185222 0
0.041333083698162534 0.2320662093092284 0
0.11119996786265354 0.040886645598055466 0
0.165800102627914 0.22674244116144576 0
0.11097383993989018 0.1938985135154641 0
0.0 0.09060083996785168 1
0.03158158098363855 0.030072401113246185 0
0.0 0.1503730809822835 1
0.0 0.21169936897248412 1
0.044289145287898006 0.1824104390203543 0
0.0769390415011696 0.15293756707976286 0
0.09489629346608806 0.12052338192351518 0
0.32639121173947355 0.21124521974789384 0
0.28003978158157405 0.09018089914359184 0
0.22040037120305786 0.08062648167027822 0
0.22413863987870455 0.22718053770805421 0
0.23779550013294037 0.22649566157549011 0
0.23554230769933215 0.17533610312586564 0
0.14091833329250628 0.026043660027821585 0
0.14750794324253294 0.049699727967028574 0
0.14953536237405235 0.09830810836898236 0
0.2264206911032464 0.1372324222801614 0
0.20064961851184757 0.1029055996730241 0
0.483504210084263 0.10079172203894274 0
0.5201481008007608 0.06219585635390245 0
0.48319096629268476 0.027191890981377826 0
0.41802363805781156 0.19682393209779345 0
0.3857812406459735 0.1291797684617357 0
0.46792849421533866 0.0 1
0.40544725102104806 0.0 1
0.4537959055798899 0.025421811431715697 0
0.28270360845904624 0.0 1
0.32660266742892907 0.022760249437630997 0
0.3447673953101975 0.06797504416132844 0
0.33520901880154996 0.13671679396414452 0
0.5706121474966898 0.23534246679986393 0
0.5803875008484715 0.17833225022826507 0
0.5326276980931065 0.2166812996951997 0
0.5810022342995393 0.056737696963208455 0
0.6166537600227265 0.028300768361979756 0
0.33355533591793524 0.5305663328769258 0
0.3468179908230148 0.4878005261335059 0
0.3161287585604874 0.5034179493031787 0
0.30348059986357245 0.4917298258298056 0
0.31224913437616464 0.5368427488763202 0
0.2714025489676362 0.5055872125235836 0
0.2516974377769645 0.5369020845625265 0
0.36971870277655433 0.5608849611662565 0
0.34901833997047704 0.5622881565787887 0
0.3362943324419971 0.6005894114111852 0
0.32139626442767166 0.6145636624841991 0
0.2754118296432955 0.6179256410175835 0
0.9466954530752101 0.21883080041565098 0
0.9197382667852642 0.16193601925835133 0
0.8960585133027411 0.22531348086325542 0
0.7909244506558606 0.3198259050939806 0
0.8236709515274426 0.32025381569907907 0
0.8401972336204772 0.3076691211402111 0
0.8831945908093451 0.3565232511390386 0
0.8620027042210954 0.16513778230452794 0
0.858942240901689 0.21627017355846967 0
0.7609165261741941 0.17414097981705584 0
0.7040749173205594 0.1912152745783514 0
0.779667904001193 0.10174107068433214 0
0.7938662170490643 0.17405562478743797 0
0.8436665078054146 0.16698505233198271 0
0.8315931203932051 0.24263155990707125 0
0.8229661337529016 0.21073490956066018 0
0.7906713674033405 0.20191956991413812 0
0.8374512601425004 0.5177658813028898 0
0.8429267424508703 0.5387484799382997 0
0.9370406787567205 0.5471130819841008 0
0.9741290707541704 0.4835057524035212 0
0.8846759240446117 0.40402458214787185 0
0.9079107737480637 0.44323428142532456 0
0.9240061462252789 0.3830008604762848 0
0.3863020762172184 0.7074726534693613 0
0.4242668500256683 0.6748556304405211 0
0.39868146966528956 0.7341038429692556 0
0.43064544605709043 0.5905800407636187 0
0.514908810993574 0.6990006864487052 0
0.5217590218499912 0.6751712041816426 0
0.4913163640982667 0.7055024126836571 0
1.0 0.2191329640789738 1
1.0 0.15663718166320195 1
0.974284430891942 0.20466782155401575 0
1.0 0.08988648638057121 1
0.9503213367171683 0.13270407817297458 0
0.9475473413704796 0.10906469637928029 0
0.9045008859745961 0.14556468632447436 0
0.9087295117762006 0.0 1
0.960660228810016 0.03151814175936386 0
0.8466695821163388 0.0 1
0.7844337295371653 0.0 1
0.8620473452294062 0.022098004749342648 0
0.8338541272080326 0.02816100513724227 0
0.8727786154539195 0.10422529718380398 0
0.8987912343041013 0.1019301853765476 0
0.04057192699687867 0.7327144401742319 0
0.06464359544728246 0.762139745857131 0
0.025329868063574342 0.7572826580281831 0
0.18516233420798203 0.713856086462505 0
0.12788533955591747 0.7515855527112665 0
0.20467020179898418 0.7243645176182298 0
0.1335930811033975 0.861451051120944 0
0.11984015363205344 0.851931397062374 0
0.10130002921239943 0.7898581818340593 0
0.9173603729410039 0.7554938402203569 0
0.9163645888132947 0.7992851549462422 0
0.7632595731631527 0.7347926289550623 0
0.8365769098277581 0.7095130611979934 0
0.797876346728379 0.662732280318803 0
1.0 0.6576877989245845 1
1.0 0.5960759398082673 1
1.0 0.5337406231328401 1
0.8689661761361833 0.5419935252084498 0
0.8504076888950602 0.5598549656587973 0
0.9410108440537631 0.6071343187764874 0
0.9227503264382044 0.6436810906600248 0
0.8779648508059265 0.6487172876522231 0
0.7463521799585313 0.7076347867096576 0
0.7473702656717411 0.554601028216148 0
0.7377363586774613 0.5801241618333757 0
0.7696842023293692 0.6207370489130759 0
0.7756040640445314 0.5633233631107046 0
0.7801683711731505 0.5905982823764796 0
0.8218628165224138 0.5593907231398227 0
0.7999291870240015 0.6141999837055074 0
0.84188574895034 0.5834246186446256 0
0.8359068147619846 0.667908271592987 0
0.8062231287573464 0.6921181316997765 0
0.7649735804794959 0.960824816227584 0
0.8127938456082887 0.8949381133873833 0
0.7345845222573204 0.9191625510856191 0
0.8258135620127478 0.8294174840148545 0
0.7938915477417762 0.7802610177179318 0
0.8751558100247919 0.7339311558798459 0
0.8741593728721906 0.7857007184512398 0
0.9620732462420147 0.7789111791895373 0
0.7078075634630666 0.8357171635491752 0
0.7592068154204975 0.7993855949001076 0
0.7318669869642681 0.7741831737568854 0
0.6733202130139381 0.7865511016434945 0
0.7297803566873907 0.9711478783266939 0
0.6948067936805221 0.9681392656758708 0
0.6053887823300224 0.8220916765871894 0
0.565895416227265 0.8393802266783953 0
0.6521703029039962 0.714760024967339 0
0.6032728416662585 0.7208708738585137 0
0.653782591976858 0.743182688732859 0
0.6583955629228772 0.8153183304839143 0
0.6350934422901657 0.8350323417090355 0
0.6116064378064743 0.9723555216344854 0
0.5647763774230553 0.8610958995128765 0
0.5858995631682892 0.8446621487696963 0
0.6647675638825696 0.8572811186034394 0
0.6347215532741769 0.891004438457198 0
0.7847839254378083 1.0 1
0.8034657866782833 0.9683233612284662 0
0.9644791807626604 0.9645123190817338 0
0.9613785172479062 0.8672961881240691 0
0.8703206459967513 0.9519338113809951 0
0.874346310193011 0.856942808232246 0
0.0 0.7778328687346496 1
0.0 0.8399655018260762 1
0.02261942980159882 0.8087254990471411 0
0.0 0.9084077191398346 1
0.0 0.9707829989065654 1
0.05459012642080326 0.9222795030272238 0
0.028346945795028305 0.8716305144471178 0
0.0891350405487555 0.8588339345706053 0
0.46303631730775036 0.5443205661526714 0
0.5169199401046043 0.5228082609082817 0
0.3863450467118261 0.5769243419625352 0
0.5272966600645973 0.5583947511803405 0
0.5342180344070776 0.5771043668017185 0
0.6631551416947765 0.6204582450640422 0
0.6504530594626523 0.6410516597903407 0
0.6872534938066719 0.6570346085403973 0
0.6437740091061595 0.6847774494809119 0
0.769942521187629 0.652981132590597 0
0.7453969070847978 0.616892821535645 0
0.7261304496890592 0.6478879193003213 0
0.5668051455113974 0.5129032762494489 0
0.5574513962312856 0.5320442917189531 0
0.5901601987483914 0.5623247117766054 0
0.6108702576891778 0.5630585390155566 0
0.5784134903743203 0.49427818409274327 0
0.5582315128247628 0.4961810436761636 0
0.6167521665954792 0.4859994888164809 0
0.588063558743678 0.5314253603090472 0
0.7640925371084489 0.35114228407991177 0
0.7636455167341697 0.39770293330897616 0
0.7332223494767993 0.38606776699444323 0
0.7284755569160186 0.40138682182553426 0
0.7826477240377901 0.4426651195725589 0
0.7585286482799488 0.41569473662066914 0
0.7060502873577231 0.43302362252074544 0
0.727859573238917 0.44854923503588057 0
0.6891343868388852 0.46585318111936547 0
0.7938347961020433 0.4599558046270445 0
0.971686893790396 0.2972404521538441 0
0.812009018829094 0.3560243164511397 0
0.777062394729082 0.3422595932932144 0
0.7781808449142741 0.3613641043608846 0
0.8168663964261624 0.3963926460333066 0
0.7833017463495142 0.3928339849841265 0
0.816188976401395 0.3755782675213524 0
0.7975065697638314 0.3683339819664409 0
0.8591738911678952 0.43734377133809643 0
0.8256879562784416 0.46514584682002375 0
0.8512545825145343 0.3705447330316811 0
0.7170384161601345 0.4965672470563093 0
0.7471079727019029 0.4676670394697981 0
0.7011036692399939 0.48005764732656714 0
0.681743894012014 0.48269702583961144 0
0.7002604573088851 0.551396176192212 0
0.7451591373088471 0.5301151760760923 0
0.5664806927496543 0.4297386751957164 0
0.5647760609368728 0.40062314113570624 0
0.5488920934207193 0.4777107080776877 0
0.5761010259094991 0.4757916045127734 0
0.5829508699029324 0.462789346055225 0
0.6064165603453731 0.4083647217099863 0
0.6640706715139435 0.45187856313845015 0
0.5310135825940036 0.2769404704169772 0
0.5406332579435407 0.31577291922311757 0
0.7535644965115851 0.23205362544127037 0
0.7777382976755063 0.2801896583140341 0
0.7055244360275089 0.23778717649184436 0
0.6860887760122758 0.31524390562061017 0
0.5621892974597996 0.3633063742706589 0
0.6238694070133347 0.4001843513446705 0
0.5665178690069939 0.3297722042148072 0
0.5516563135969925 0.27585307027613604 0
0.5388376763121339 0.25964644846962254 0
0.5762637024510316 0.27490273231389 0
0.5549541187605873 0.31430053108383876 0
0.6230620627428999 0.2860743534684124 0
0.5442513492436619 0.023214487227049812 0
0.5698451721095162 0.02743284662094052 0
0.6780767717449283 0.19578162784168 0
0.6831955680973205 0.16165952391407593 0
0.6634847911208726 0.22667427705736726 0
0.6505983231464872 0.2716464351722922 0
0.6562318650551866 0.2901592616724955 0
0.5928043341982638 0.07791104952298916 0
0.5909716437003449 0.10033446155589083 0
0.6783962273471652 0.11412595662776252 0
0.70002578533012 0.023190677522102448 0
0.6847708818975848 0.046632669340221096 0
0.6951566583669807 0.06272981056754366 0
0.6609810064002227 0.04595026713151919 0
0.7372662473940542 0.043069083171447205 0
0.6915156683541817 0.0987642290969285 0
0.7127105362073114 0.0710059896226283 0
0.7044392577453779 0.114734201503832 0
0.4477066319251529 0.47577629574609726 0
0.4806508707235796 0.5279370637451595 0
0.4783791107225295 0.5024683671542076 0
0.5111567211409312 0.4787066619363662 0
0.5017122173860369 0.49682176417000046 0
0.5389771436997219 0.4950701368254045 0
0.5304754069941658 0.4785793919903654 0
0.48901218439609695 0.44142238809324946 0
0.5187432238350783 0.4627565680939916 0
0.5388316882624969 0.43736802153526244 0
0.5123530893627322 0.41663211838952147 0
0.5516413923552409 0.42583407236892995 0
0.5510409805882848 0.4096194013807815 0
0.5216508142435475 0.4006889538417111 0
0.5522601443413596 0.39554695271820456 0
0.41343234258919037 0.396341237039096 0
0.41869308923193116 0.35707771854934234 0
0.3863895937779963 0.3749557991133129 0
0.45307403903655924 0.3558607611625043 0
0.435914710147126 0.3710534234095354 0
0.5067602750498098 0.30293473072054594 0
0.5230650328042162 0.31104787139250456 0
0.5188860373460864 0.29131887864121 0
0.4719180408454737 0.3204276962795572 0
0.3892336650764821 0.3613279251352632 0
0.5300999796327098 0.38718121597518096 0
0.47421368670398173 0.38052949129092317 0
0.4051694255951423 0.22003717385152222 0
0.4984754635850068 0.268391992189176 0
0.46307204389728573 0.23877762952746828 0
0.35072677561190513 0.5224704546334086 0
0.44076407344490126 0.5624777489094529 0
0.4027109551094976 0.5242596069982255 0
0.39474956874752937 0.5510646252046795 0
0.3851128367311405 0.3919599975583088 0
0.3727328504018438 0.38114644812650483 0
0.3369480223135009 0.4731377067588934 0
0.3964515550012946 0.40302769703662067 0
0.3792767014749334 0.408811851329025 0
0.41217524693991614 0.4118278574938093 0
0.4282503369346753 0.4196239001569546 0
0.39310956845651845 0.4383963095074182 0
0.3758615542771082 0.4448285956456312 0
0.4541233753471169 0.4419487953846826 0
0.38060443178393355 0.49248764336197015 0
0.5477847921158119 0.5130899520408465 0
0.5650072266073627 0.6019768245838804 0
0.5554242863310981 0.6530029490251233 0
0.5809328447909335 0.6849616672409009 0
0.6408298829793145 0.6216055474875458 0
0.6184317705651907 0.6206843020802615 0
0.6185603275895015 0.680863023271955 0
0.5615500679841652 0.8852242648317241 0
0.5426091199420444 0.8688809829892001 0
0.5181417325546191 0.8769222497685348 0
0.49439168853836174 0.881531597747091 0
0.5156550948964446 0.9199724556726985 0
0.47044528464475555 0.8848217170715557 0
0.4910073980722711 0.9433774986849265 0
0.521653188499353 0.9798977123790596 0
0.5479945333678615 0.9755929832303285 0
0.6079418111766485 0.9097345407082055 0
0.5444236021113278 0.9236731007337295 0
0.6416934945976729 0.9743958913157417 0
0.5325937546956205 0.7199937335241842 0
0.5583518512115544 0.7153744741738963 0
0.4564535783226734 0.7691902773877755 0
0.5133331015750283 0.7886675306946759 0
0.49609958241019086 0.7451922866582099 0
0.3174280830602902 0.9620148194114665 0
0.274929055270235 0.9491256886475545 0
0.48633610729665666 0.8275431815697649 0
0.4806639848829425 0.8621376882985111 0
0.35326841824056193 0.9763156023088322 0
0.4249778744150331 0.9393987583729718 0
0.3997946738284131 0.8189797530291982 0
0.4444202894768695 0.8849716758265828 0
0.4223764053431301 0.7943267717684441 0
0.3378519967814681 0.8228925291620691 0
0.30394207287250835 0.8487158737334934 0
0.3715656113292859 0.8081686241752939 0
0.40694473275333587 0.8663776994716886 0
0.3734018624327023 0.8368855445509332 0
0.31344606585654333 0.868327428680288 0
0.40507587570380377 0.9159192286602202 0
0.3941279762954169 0.8871431661184359 0
0.3688509619451206 0.8826625684084312 0
0.3413290115524525 0.9198727693711171 0
0.3032735397487867 0.8265504482448964 0
0.2883618480276629 0.76082441900685 0
0.2590271144978804 0.6843947324098647 0
0.3774630512887778 0.6278661779082494 0
0.37559440099020075 0.6522848076307091 0
0.347906523979194 0.6872082599017875 0
0.3358943142932232 0.6492052933027012 0
0.31415387464412775 0.6616449350762914 0
0.3151274531367651 0.764245977006429 0
0.018714847377816726 0.9836076354853949 0
0.10749528257483094 1.0 1
0.14254570852576806 1.0 1
0.15050733649123302 0.979139663459643 0
0.22154871975413493 0.969062856020889 0
0.20024181134778996 0.9786760467587348 0
0.21250077066223108 0.9271642735449753 0
0.10209213577323768 0.9626451438549024 0
0.2658416442039218 0.9825900339946052 0
0.23249156253288922 0.9149827947481874 0
0.23123677984166244 0.8711517379108952 0
0.2825350240853773 0.81647050831406 0
0.2587317602859599 0.8738498747652222 0
0.15620030601471702 0.900627375962974 0
0.15291344865927226 0.9158046710431149 0
0.1732392823210133 0.9420687213235478 0
0.32812846708536036 0.31625123501640606 0
0.36529385136046555 0.3485823838630466 0
0.38533037130859116 0.3489857795834456 0
0.3371140745778148 0.26998888904984747 0
0.3256261848323499 0.2851489951627813 0
0.3367677338583198 0.30031698057704637 0
0.37441491993204895 0.2545381496033577 0
0.22079788717889656 0.28184022477761445 0
0.2896572578217526 0.28778597621804214 0
0.29243281842163654 0.26626340225257966 0
0.24402794411295317 0.4212113053424956 0
0.2656338687157438 0.486685510533258 0
0.27468644207377085 0.43916480528370544 0
0.3077680745638729 0.4730269711644695 0
0.29386058701719725 0.4794031740739603 0
0.22053589151235287 0.2925874750596811 0
0.20859324157202586 0.2997804839502873 0
0.23536555830906192 0.3790105224402046 0
0.2404641189692606 0.29600687647032875 0
0.23494632164513019 0.32013148296978094 0
0.3306744529415212 0.37012497566891844 0
0.36306691306998473 0.3888052393134042 0
0.3568767176376337 0.3605385696178455 0
0.348802105636023 0.3481494448148724 0
0.31626988371593906 0.35176322756072687 0
0.25931699182558227 0.3783840710107398 0
0.3004875436566478 0.3727459004040164 0
0.27135448883446095 0.3893067669399972 0
0.26231562927447744 0.40106642367217554 0
0.3664711652035082 0.4180295425271301 0
0.3606048477724895 0.40414011217503715 0
0.34942792522587357 0.3915271872784898 0
0.3339442921109956 0.3924807953510976 0
0.037961891218456265 0.4435664493962279 0
0.08615446147512242 0.4306801950507871 0
0.05059732949306248 0.4105184472323303 0
0.12655420537516937 0.3596588955754171 0
0.11284339657350458 0.38309156692388774 0
0.1774310766782762 0.3361415277176691 0
0.2051160248375941 0.33758180608713834 0
0.18054067720077593 0.3607888463175317 0
0.1617931252487508 0.3808652100456139 0
0.15426515770215407 0.3560284775007405 0
0.13618734246155778 0.3687978439208037 0
0.22093854786567194 0.37702923470168015 0
0.18832456443978304 0.39101962389179495 0
0.1268736899954312 0.38520550454952524 0
0.15016202728448239 0.38389518803000144 0
0.1189287094554396 0.3948923816901975 0
0.22636462294664014 0.4179222027777223 0
0.2093130980049726 0.4009341089774439 0
0.22876058746828995 0.4329655004958168 0
0.1854993149680414 0.4027833562623832 0
0.18797047292980468 0.4813321490746891 0
0.0 0.2670178265699477 1
0.0 0.29976129719161654 1
0.02282995880633989 0.3867088137766502 0
0.019571706393677807 0.43081170957432613 0
0.059826416323679986 0.39280305947768157 0
0.08257807761759121 0.3890631052733986 0
0.12340293143009287 0.44834221810728897 0
0.14878207421792616 0.42062041242407194 0
0.12414818446657197 0.419395707204556 0
0.09010053948847219 0.4542913832103224 0
0.05522052368749775 0.4515829439322856 0
0.14939889355750552 0.4670923274132151 0
0.15951920993700602 0.5022308234591809 0
0.11303011745610252 0.4903448664986724 0
0.23795327757051019 0.5032218681782143 0
0.11892783994265056 0.5142781919465129 0
0.17833908974027127 0.6333048500066404 0
0.1679253755815569 0.5760807531437979 0
0.20215735343571078 0.6187839963568385 0
0.2303472524664082 0.6366200940211166 0
0.22960991372295353 0.5728044535858895 0
0.07122495882971554 0.5438326446249033 0
0.020968475439319158 0.5505590858144591 0
0.056449971480778315 0.6076203473307845 0
0.09669312474924187 0.581557757961564 0
0.16070250349866422 0.7057472063693312 0
0.18217754483072457 0.6922414362837419 0
0.17699412681959442 0.6634145452449615 0
0.10922933115942747 0.737962294799487 0
0.13741857337856242 0.7265261470004452 0
0.13427246068674445 0.6944459542864482 0
0.11221205905175181 0.6857114763759807 0
0.06079453123838557 0.7131118588480578 0
0.01979696171063489 0.6698299973174461 0
0.048649667746245726 0.2929031402462336 0
0.018872794818419653 0.32323606805052657 0
0.025865890084129105 0.2864707779771847 0
0.14629924465175692 0.29538787521844734 0
0.1914042882801971 0.28079491363663484 0
0.14131078452892523 0.33012891466080496 0
0.15515396700515485 0.3265780370126042 0
0.1300867360069036 0.3031984815024463 0
0.08355433777442829 0.3504441906379265 0
0.09934641670145264 0.3760308071882477 0
0.09956991098118846 0.35679359826606455 0
0.11370496587666903 0.34927534064468246 0
0.1295783408621768 0.34220711467786813 0
0.12679440953151974 0.327502158147228 0
0.1031044034951144 0.32251526024583804 0
0.08394565364265885 0.2942564403051001 0
0.06737301718190737 0.3766377397256944 0
0.1684781730596685 0.026641716180759577 0
0.1804880233248382 0.05746816797504854 0
0.1990857459106009 0.02861731915468685 0
0.04026769272412509 0.2075409499490263 0
0.05137637025324023 0.2523548357940396 0
0.06227991188001771 0.2185029572864012 0
0.12081725325326538 0.10487463012539221 0
0.16732955424290424 0.2608122947173212 0
0.14064480766612106 0.2018842028753025 0
0.10585747259192434 0.14952972880675217 0
0.08424586058457713 0.20236758647362313 0
0.12987898114348173 0.19221410384505777 0
0.09430220652615863 0.17540144458192974 0
0.06447780243399098 0.03412053075830632 0
0.0 0.2300422276165459 1
0.021467725237395048 0.1946814932286862 0
0.02366569984861945 0.1663353421620645 0
0.02643996747185065 0.13678079071224222 0
0.3176494636696372 0.23046156685517466 0
0.30792091510784353 0.18896206585362066 0
0.33815789083406783 0.2308595423705579 0
0.3518529850146625 0.20899939098390194 0
0.2501425778819046 0.1647088233382818 0
0.2517624331337283 0.18578104614258772 0
0.2944836808333594 0.1640582394706167 0
0.2465902469958264 0.09011687503734772 0
0.23816491765098285 0.11903361077486165 0
0.24600262547817994 0.1419234178804558 0
0.264870452612578 0.11939857373079509 0
0.2923631779314858 0.11183022344600589 0
0.3048151832764167 0.09209614045415976 0
0.20035005736009273 0.07413830718028719 0
0.22516160490438314 0.1024922356686479 0
0.20953450712383426 0.056571404106526946 0
0.23940511758704006 0.0630482227433359 0
0.21975798158467447 0.2574489671614125 0
0.2353376591972575 0.24024858779243552 0
0.23863376373503678 0.2535043999811583 0
0.24735742305826824 0.2640356785024654 0
0.2823834713648548 0.22079262387142687 0
0.15969062326453173 0.1970022947685247 0
0.18138678571738276 0.21590452422265724 0
0.2042317145409148 0.20885291786698826 0
0.12147615533621049 0.12809453889691055 0
0.20562077004263488 0.16360119822549546 0
0.16927702383746412 0.11705036299918034 0
0.19486204056757664 0.12994380642516606 0
0.4931198497820017 0.130515799181545 0
0.502874250028378 0.07961361056078915 0
0.5480509815487796 0.05463753058468118 0
0.4935400250006678 0.05549373159305051 0
0.515312960430345 0.1995388692726813 0
0.5021403987982955 0.24600947544094393 0
0.5264047730504127 0.23983754836947802 0
0.5059780604458632 0.15769765042259679 0
0.45604073976271103 0.22110942463064578 0
0.4820870351235026 0.226105580314143 0
0.4216873623937662 0.17108248398398038 0
0.46820206552366955 0.1250106472658201 0
0.4521832003445815 0.17256583401054437 0
0.35776121152693485 0.11707463389789426 0
0.39233042500292453 0.15785931452594282 0
0.36048786073213274 0.09233350830690357 0
0.46775992355803675 0.051132837466270814 0
0.2910665361828771 0.13498045838632663 0
0.2702145476864212 0.14909258541373974 0
0.3113876410647743 0.11921089508637824 0
0.34379941502968114 0.16036463280757893 0
0.31084180685809604 0.1432756392157497 0
0.625916383641462 0.15742487239702785 0
0.6553466951399499 0.14030556620752058 0
0.6834743115958074 0.1470718033445434 0
0.548790449538865 0.23558364149072689 0
0.5608447388728075 0.2561315208695748 0
0.5835948262072388 0.2522432873916555 0
0.6030583608186494 0.2243343969190963 0
0.5792364553704795 0.19690176417982644 0
0.5595610782078198 0.21131922136525155 0
0.5271339681092627 0.1567563952108332 0
0.5676447193187328 0.16120306112829488 0
0.5840852673536648 0.1462015952261659 0
0.591441836831751 0.12728026354461192 0
0.6119804884445389 0.13249807447115983 0
0.6190595348673943 0.1446941028482366 0
0.5438877928088537 0.1441547324027658 0
0.5683847412444372 0.13628628212019486 0
0.3183351420724606 0.5187233817622969 0
0.25348731601876306 0.5165227985311212 0
0.23142174918582828 0.5478891725363941 0
0.253184166297524 0.560055900931467 0
0.27119306731598797 0.5273984908610074 0
0.33203712443294836 0.5760968358338977 0
0.3147754259293368 0.5946427219715347 0
0.24998609435610133 0.6189217084787294 0
0.9284069593779197 0.17904008560994442 0
0.8850663299418419 0.16195728511276367 0
0.893057262979023 0.1802400520505156 0
0.8731125420820666 0.23163290018311578 0
0.9264682481605637 0.19872322959664845 0
0.8785474238811142 0.21176114246622071 0
0.8213968403266148 0.2831686926949816 0
0.7909456779548263 0.3035423978454858 0
0.7750917574540744 0.32444946703672617 0
0.7884999093611271 0.3333601403128428 0
0.8267929379621034 0.34018060688192003 0
0.8066795705421024 0.3330899307266406 0
0.8339563324428924 0.2937050285171699 0
0.8436282170162515 0.3284399740221926 0
0.8460894367041857 0.34766896731013464 0
0.86549341019465 0.3519758624816013 0
0.8493004323624824 0.2938366788634899 0
0.8397103534622579 0.27758201739709193 0
0.862806103858392 0.31411373211661864 0
0.8994107628201857 0.3714462957244647 0
0.8423406985527412 0.2013813645930739 0
0.8511475717972882 0.2377563353037263 0
0.7467107312683969 0.16623110500591684 0
0.7133443311487485 0.15224725047611454 0
0.6881124422070617 0.21103755787064024 0
0.7167988241665176 0.1826936343889084 0
0.6915435089241704 0.18701668364924928 0
0.7984165595851416 0.13320557136947778 0
0.7697913779389715 0.06890602663015491 0
0.761432840650299 0.13704137084432905 0
0.7414182034125597 0.10277283903507699 0
0.8105477000889676 0.16075420084259687 0
0.7869607788978548 0.18973967147102438 0
0.8255874573604418 0.1723890682170034 0
0.8274918960082835 0.2640229172779725 0
0.8384604382763042 0.2235656757919868 0
0.8373616339545359 0.18287734844054307 0
0.8015737194708878 0.1894389847838865 0
0.7962638445473263 0.21514247710478382 0
0.7755163677232654 0.19926151233687 0
0.804168315713256 0.28048191115912025 0
0.816036915459029 0.2522996926760263 0
0.8116333552790915 0.2387900154671747 0
0.871109425614663 0.4961778596115858 0
0.9215450575607677 0.5148093338599252 0
0.917624366450733 0.5781501642195974 0
0.9682010227628116 0.5425714891420486 0
0.9738735851909721 0.41824400357717584 0
0.9035863375544552 0.4646414774744189 0
0.9034155076661732 0.39698658506065565 0
0.9510647080106296 0.39389796221181983 0
0.400646360097555 0.6860979335525282 0
0.43612050365323235 0.7720006992138916 0
0.40590384492029313 0.5964780329240245 0
0.42296615308371566 0.6137642692275794 0
0.47802927117858207 0.5904442448607793 0
0.5303795919464143 0.6525875081829544 0
0.5115606719742383 0.6124645402133271 0
0.4397900485203553 0.6553751633975364 0
0.44583159974135955 0.696769133749628 0
0.4872154017245519 0.7273817762250597 0
0.4724588049325798 0.6893384236447174 0
0.9738742619786729 0.17261827980692954 0
0.9303519570296745 0.12257626103542278 0
0.8805743842087835 0.14301760340172753 0
0.9458644528652891 0.16029754317804934 0
0.96605117902268 0.07251766911073106 0
0.811561549320556 0.070422826122762 0
0.8641436555527018 0.12927296025290408 0
0.9110034501596794 0.1248639406237825 0
0.9247386443264259 0.10262996852069982 0
0.8789579148024699 0.0788954625768993 0
0.048432507519570324 0.7531120511490149 0
0.11911179806882226 0.786800279914398 0
0.22497138951796822 0.7201208452745039 0
0.19116666244772557 0.7393649424458779 0
0.16841358554249627 0.794205791314297 0
0.1522064335572791 0.8815654831777586 0
0.13735292241115207 0.8467976063818105 0
0.13413833197635588 0.8723210356813341 0
0.12312856155507154 0.8680602582821025 0
0.12433283824459838 0.8343374407628069 0
0.08473835190131014 0.7743941177174355 0
0.8765152053485402 0.6911690800046476 0
0.774325535669614 0.6835934353106025 0
0.9648196454796735 0.6460179124416532 0
0.9582481519412236 0.7249220665684347 0
0.7158767492186816 0.5861538832316534 0
0.7084527505124901 0.6104763422615945 0
0.7966188237401718 0.5691566523607031 0
0.8632313918185976 0.610905001242138 0
0.7404500549112619 0.9431651568032708 0
0.8615784251131803 0.8991373048620629 0
0.7607728902443239 0.923321048334795 0
0.7807908737319051 0.904248260419436 0
0.761915188234972 0.7604649174127573 0
0.7390197419772647 0.7415012206126952 0
0.8580899818725136 0.8288621856818963 0
0.7907849467534485 0.7435575068666077 0
0.9151017453541629 0.9563079788744876 0
0.7432715780369897 0.8285627017983827 0
0.7916666577484026 0.8221938108615713 0
0.7093202121621998 0.749582301511959 0
0.6907676825643018 0.810190761949997 0
0.7017107231346126 0.7818912262840074 0
0.6929294473073204 0.8974850013258211 0
0.550229574611782 0.8179702303053102 0
0.6283964859161514 0.7331534214414489 0
0.5820982299983432 0.7059255700728024 0
0.6435071448326438 0.786707090607565 0
0.5939260904584716 0.9458886291926505 0
0.6646057390314575 0.9488136298358034 0
0.5894323774653921 0.8763543896030369 0
0.6561728948784409 0.8411904288126494 0
0.8950423129807729 0.8320234246995679 0
0.9495535623367207 0.8295249308034313 0
0.8405196796078448 0.9753811486499223 0
0.027113825240073115 0.8602007308619438 0
0.022553747938725378 0.7838696931719693 0
0.018552949552254557 0.9317210181704211 0
0.015953208037124956 0.8976796284776429 0
0.03584316749020073 0.9058062447952276 0
0.07987452246504077 0.926562034127936 0
0.013768053919447819 0.8816982488056925 0
0.04395375298379575 0.8876181883113661 0
0.06152095417492801 0.8870327867266138 0
0.09553977212443047 0.8286396644239991 0
0.06865197197526993 0.8775201559011357 0
0.1035014725687587 0.8539823067249569 0
0.5355466727663083 0.5286617035249552 0
0.5290557991914168 0.5104479404723291 0
0.5427671272046098 0.5625805069429901 0
0.539751283051106 0.5448903810523048 0
0.5077840849501838 0.5549658439503388 0
0.5015710137625495 0.5363648116762055 0
0.4866076197662466 0.5506887800241134 0
0.5567278426775941 0.5767399300883458 0
0.5146282381847513 0.5746348186538528 0
0.5426155512290276 0.5964776158643684 0
0.49356848007763837 0.5715262329223786 0
0.6722879107692264 0.603253568881227 0
0.6641819497010998 0.6659142651882711 0
0.7412329443455897 0.6707763758979934 0
0.7315792260552024 0.6045783725062134 0
0.6151454743368093 0.4660918161488963 0
0.6076314941034785 0.5230516009640171 0
0.6659452087625027 0.5015060660057233 0
0.6332781694399007 0.4756331726338536 0
0.752171006812433 0.3823915986631355 0
0.7434188364636269 0.4005716923166882 0
0.7339465425520373 0.421626030460954 0
0.9503366916374794 0.24800073898677003 0
0.9272118499190933 0.2619480178172266 0
0.9119511538621027 0.3089115754861657 0
0.9712533741221918 0.32855650930746816 0
0.7854531006579777 0.37688819241999505 0
0.8141384916070614 0.4214984828597586 0
0.7959688591266049 0.4048402577200053 0
0.9414705185855687 0.3672257973829931 0
0.8735621964493517 0.42036683180166656 0
0.8386351455109938 0.4306929477281841 0
0.8414490396620954 0.452772708220992 0
0.810445111164599 0.45802173270394075 0
0.82886543545579 0.4812500967567448 0
0.846586230462901 0.49520155308125424 0
0.8790860216170203 0.47399117901049354 0
0.7723918926648615 0.4623337312092191 0
0.7229312648292807 0.4734678393341778 0
0.7055221564762393 0.4581234703421838 0
0.6517057649690325 0.46679511973812154 0
0.6819629240311904 0.5633078731952894 0
0.7922461149259509 0.4956061627975873 0
0.7315668765979426 0.5137641187932145 0
0.5399356398090138 0.45873576497775453 0
0.5950587054685664 0.4766566906247924 0
0.6161975431947989 0.4502560766723184 0
0.5787267311483795 0.39092471885767816 0
0.578509719415523 0.4087499235089054 0
0.6050096012764155 0.4230606153979571 0
0.5931424619505268 0.41628185032173637 0
0.6475469769858428 0.4459356968818229 0
0.6844567554092419 0.4473787154077365 0
0.7148429706762582 0.3900791619952423 0
0.6935953753368025 0.3978312123514228 0
0.6568996396280791 0.4077302151591347 0
0.6432392913504663 0.4264462064944044 0
0.6953099758878041 0.4162006717099877 0
0.5411313343599167 0.29773822842823755 0
0.523845536355417 0.32751136641082956 0
0.5455690215920751 0.35576728098779126 0
0.5482683271130366 0.3711756213518514 0
0.7486126941590681 0.351411356743712 0
0.7249479001934367 0.2704638801413531 0
0.7412414136521757 0.24608875175289674 0
0.7228050651112615 0.20744768212397252 0
0.7913376612593357 0.2876237716646937 0
0.7917393289970235 0.27014635770527645 0
0.7752955390261198 0.29697576901607614 0
0.6843097214691451 0.22275528441312226 0
0.6778867888216095 0.24791255664743422 0
0.7212879269300572 0.3705434580789844 0
0.7407316641956018 0.3690001782474437 0
0.7370246126543927 0.3343288721359344 0
0.7288340505250025 0.3528345445941722 0
0.7084696559694544 0.3551437223854627 0
0.7159094407465668 0.33668595591692524 0
0.6999397490782513 0.3747836601910132 0
0.5801044692806825 0.35050542133445567 0
0.561602175806303 0.38206223963337765 0
0.5972354761786777 0.36545367120292166 0
0.5805332090331036 0.37334542698545814 0
0.6075644656470651 0.3773228791791986 0
0.5939581108606162 0.38375253055433334 0
0.6074496882490008 0.39156827696917224 0
0.6052627176305055 0.3444913386185143 0
0.6182641987804295 0.3638086849018392 0
0.6230178583649594 0.4200745616283364 0
0.6394381501913134 0.3922242525031975 0
0.6388208503068477 0.300014989147688 0
0.5642202803626705 0.29544257883607433 0
0.5722117035314238 0.31240138400626527 0
0.6236619426704327 0.30609488819708597 0
0.6692901697399256 0.15222382805996057 0
0.6523524371202916 0.15742410875721183 0
0.6653660057820474 0.1837077274661682 0
0.6669146498478244 0.16727151992858216 0
0.6398724152710834 0.1649974814384422 0
0.6120089895503884 0.1603153535572329 0
0.6610213230994761 0.2007042398012204 0
0.6226523486938688 0.1749528945970974 0
0.5927221725471828 0.16522399055200468 0
0.6332523976499967 0.26826790109191523 0
0.6545577672655767 0.2167799374584862 0
0.6405042334866515 0.28168504324209737 0
0.6738722529896483 0.2949766295936859 0
0.6088593969051765 0.05734271978346277 0
0.6358651946230555 0.04841665857114686 0
0.5725553480337308 0.1136856887162646 0
0.6490872300028535 0.06704653298237406 0
0.6571109747288751 0.123077623930324 0
0.6902855916016272 0.13166412578567818 0
0.7282018255967619 0.022846522431143525 0
0.6746318804448779 0.06891079330999653 0
0.7090295493722599 0.13392812132489623 0
0.4676098290304937 0.4792470353822536 0
0.4794585850884284 0.46132670142551424 0
0.44498504109680354 0.4583530690626707 0
0.42671520481793074 0.46731952809038235 0
0.49948204143381203 0.5153456059866883 0
0.4903446439005826 0.47932063681844994 0
0.5144248282375121 0.5092690345521574 0
0.5095396221792451 0.44615333240640154 0
0.4939613023288834 0.4188680645169409 0
0.47177675958574383 0.34220057674236715 0
0.41591529904536373 0.3768657843471654 0
0.4284333884373669 0.39082346619328895 0
0.45621312781954976 0.4056791365782839 0
0.5110548528465946 0.36106801803084626 0
0.4919362955103646 0.35317188099695435 0
0.4585980043070296 0.3750033895826483 0
0.49103700941382966 0.3831310350741919 0
0.443250662141309 0.2405310312269715 0
0.4556941546980271 0.3130861371185095 0
0.4673535637949612 0.2970643385845133 0
0.4817225628698782 0.28141785802039376 0
0.44207746498540534 0.5360225583854132 0
0.3411166540097301 0.4370655932540686 0
0.4242060669592217 0.4043768223613847 0
0.3938188060927837 0.4202576031983598 0
0.3866378488583822 0.5075532149105663 0
0.561447302075048 0.6273196686668214 0
0.5970070681711115 0.6519109223500033 0
0.5985579253832938 0.6137928212023366 0
0.5099697964550444 0.8969149220230404 0
0.4955184753263697 0.9738165224150805 0
0.5251354277812147 0.9525552397088264 0
0.5801868626347442 0.9733952916189724 0
0.5594437437081863 0.9050665310186456 0
0.5280636025232297 0.8087752525971647 0
0.5404608723151981 0.7915632944072223 0
0.5657327866539952 0.798278256907655 0
0.3316248648552415 0.9811070923673694 0
0.3097365347618743 0.9418051347606446 0
0.29870268440345565 0.9024792416219766 0
0.29520109357333096 0.8837224566773931 0
0.25897998393827565 0.9627570914192115 0
0.2548348458971312 0.9429975293198384 0
0.29134608919312244 0.9387499302828678 0
0.4885088735079962 0.8458620950940907 0
0.41728214880710307 0.8409445767933449 0
0.45710348489030445 0.8620558010228129 0
0.43128576826780235 0.8619481644104846 0
0.3552520765994522 0.8233837596134143 0
0.4193218657149656 0.8890334275223861 0
0.3838850105162622 0.8623540121827755 0
0.3243570771381643 0.840697761983431 0
0.3387416205819404 0.8622814000331787 0
0.38644603970570807 0.9605396973902092 0
0.3507586834933372 0.8793068226276718 0
0.32479469975984643 0.9264866479724001 0
0.3275356162212335 0.9452300234398864 0
0.3585094038871972 0.9263525052262367 0
0.32016069709387296 0.7889310187907734 0
0.25212969184010225 0.7104742856517081 0
0.394520417416747 0.6411482105726598 0
0.3759050145031877 0.6806174751344538 0
0.35442762407854594 0.6612925537403558 0
0.3565525161907087 0.638680480338293 0
0.36525639184388586 0.7039657143399451 0
0.2897463969801998 0.6793643562115109 0
0.32419924958525365 0.6930403222296689 0
0.07997546185129029 0.9709194967590588 0
0.14306312199017368 0.9636592660446588 0
0.19710959249228321 0.9132712762050039 0
0.11561939582204818 0.9437046339082564 0
0.24653536238304874 0.8650979813281864 0
0.19262599423498958 0.8881820346244743 0
0.24343108846051123 0.8849280751268198 0
0.22430152898623837 0.8865212495601473 0
0.27731173327414427 0.7880375296820649 0
0.12378245320665203 0.9011358850561562 0
0.14196498884854053 0.9024006489868708 0
0.18973418197202338 0.927984624383768 0
0.17255744808325077 0.9227142487490756 0
0.20313611255807773 0.9574677393239479 0
0.16443449944941987 0.9626793114795356 0
0.35774672296665405 0.3297759399988837 0
0.350286183447237 0.2512702280517604 0
0.383555561535537 0.23073975592627546 0
0.3571431400931955 0.27473454723442503 0
0.43177649118773787 0.21890142292817 0
0.41472937564480156 0.26364992357100225 0
0.21196551481935327 0.27849074932495765 0
0.27604894467092816 0.45729099945827417 0
0.2594708482399157 0.43030998657700636 0
0.2599815889114589 0.4491984732960655 0
0.23159645466817178 0.3010313631775151 0
0.21021219752048856 0.2867983955658076 0
0.2601451266755207 0.2867377989681507 0
0.22711852689685386 0.33068287073049024 0
0.35631504600267555 0.375530363137057 0
0.31646630044670315 0.3013858308978494 0
0.28660297834572956 0.34430103436622866 0
0.24841328133996124 0.3214284170409473 0
0.27198649531825847 0.37258208741604953 0
0.24676190165878184 0.36793593106516037 0
0.3160101404382476 0.36788282604362943 0
0.2614338935412586 0.4150174936387249 0
0.28749732387514315 0.39580147636087976 0
0.25605521214102617 0.39144488333872673 0
0.3400260203836277 0.37924047121664267 0
0.32504456443650387 0.38099244970728185 0
0.07098434591857385 0.4478121492277339 0
0.0947617167619673 0.4084715536183086 0
0.07363007353195425 0.4098586470613648 0
0.05794274291646192 0.43171928331242315 0
0.19417355091652422 0.32581861202330725 0
0.20034713747752003 0.31140823795594286 0
0.16713605937838183 0.31992658120998235 0
0.16762217119609418 0.3295827083967699 0
0.21700734355815096 0.32904897231902014 0
0.20810020762139983 0.3223508451848146 0
0.1781671951456308 0.34906995558906456 0
0.16379544921346575 0.3424956763400449 0
0.16793949794585183 0.3580557146322969 0
0.18603979673778911 0.374143136126689 0
0.19895388638949618 0.38107608916507507 0
0.14015901444844114 0.35607158778470566 0
0.13342291175506482 0.37868770140817076 0
0.24139117408086 0.3924753915160719 0
0.211949318789199 0.3519005586434684 0
0.15257154710416918 0.375701142811695 0
0.2499138399575602 0.4040004474527123 0
0.2126095151559581 0.4143544577144261 0
0.2248757825685942 0.39270497124407655 0
0.244102398355421 0.4407223918082651 0
0.195926753447176 0.40172345646600566 0
0.20215331902370032 0.4116382650422138 0
0.17513565693892316 0.3962191917503221 0
0.18235745691555555 0.49999119563787175 0
0.20334695275449968 0.49420259316720866 0
0.21027648781662298 0.4545628233055296 0
0.1633097249846597 0.45970512486736154 0
0.04226464475804483 0.3959868215710118 0
0.1725063328299784 0.4186730517491332 0
0.14138519545732922 0.4013993544805241 0
0.1122672460118822 0.4067005017617698 0
0.12159568878830249 0.4333959928418953 0
0.13724187040370386 0.4272945688983894 0
0.1273030638421436 0.40544156755795946 0
0.06898902618659218 0.4652083934934877 0
0.09231994431381996 0.47659329176510057 0
0.13420705214526904 0.45906587619251993 0
0.13221830593859335 0.4773965655536893 0
0.2453412001201012 0.4816546030551288 0
0.22233430946073987 0.6623369792363253 0
0.18695855585021387 0.5606868412397271 0
0.03099394578544868 0.5795749482931154 0
0.025074840734304417 0.5279736407790817 0
0.17418637416187316 0.6052837635033335 0
0.07866235429701333 0.6291511525454266 0
0.11302267669170304 0.6000383130919744 0
0.08609482503444058 0.7501889583070729 0
0.10041933143091931 0.6706995010417819 0
0.08688763463614785 0.7246589531282276 0
0.05866990346006489 0.6860470786593512 0
0.08527193477111525 0.6926128939970935 0
0.05720204404508894 0.3361851605120458 0
0.02414544786939547 0.34094837639163483 0
0.16586332049477043 0.2964786416549258 0
0.1307700204380606 0.2625142767939328 0
0.14627179761648723 0.2297209599134528 0
0.13875982973973244 0.21660998576387688 0
0.17351200078270304 0.3091368944820558 0
0.15854886789253173 0.3103713523224543 0
0.09736078342147986 0.33967502638431907 0
0.12492200527438889 0.3150892709648643 0
0.11606668254946513 0.32181713934024014 0
0.06615307058362743 0.2995428218058741 0
0.08230195327432646 0.36683941478556364 0
0.15710731969236458 0.07215840284530238 0
0.017931429881272113 0.24258852912606016 0
0.06846277649824763 0.2607206363997948 0
0.1319274486575602 0.0750194485028479 0
0.16066442424034547 0.2784528667621378 0
0.17509122614835906 0.2439861552951684 0
0.17849921758329115 0.27578392717747735 0
0.1668083219048755 0.21108331693422036 0
0.12215198615401629 0.17238746856842657 0
0.04853310975406041 0.156544488118425 0
0.3057773838297197 0.2488548786959706 0
0.3216453297395461 0.16302659644544995 0
0.23225105966967435 0.19439391476593473 0
0.26972844989101985 0.17487558239715115 0
0.31770530599218705 0.07306724632119369 0
0.2330631845698296 0.031676713924409766 0
0.20682149367599706 0.23606172617241078 0
0.18192207311946768 0.23083698138503583 0
0.1927296687441841 0.24367467707194962 0
0.2204284740857124 0.243565041440425 0
0.20794008909563774 0.25130425283014446 0
0.20732317429845318 0.26626249685592596 0
0.2193277562671802 0.2702806956261528 0
0.22863031769699077 0.2516728633419394 0
0.2606534558690774 0.26867611650527334 0
0.3022418797970131 0.2137920493818078 0
0.26038863418681707 0.2197947448323083 0
0.28637193051977505 0.24510186543379822 0
0.21195381462318988 0.19504842804724268 0
0.13214438578649193 0.14703451159319045 0
0.1442829916362171 0.12325775278017881 0
0.21123114654069522 0.1438643519333708 0
0.19109604561069884 0.1514516899770255 0
0.20115689858977667 0.18087995859422942 0
0.5178904066156322 0.03241612181030448 0
0.5190637590950851 0.26041642542307136 0
0.508555657372888 0.22257179945022415 0
0.4408649626456652 0.19218528543198596 0
0.47169322180590634 0.19422008220807216 0
0.3950917868038663 0.18864383518874317 0
0.3631668669744392 0.14832514691655913 0
0.41874440256242623 0.13746365355856102 0
0.40974415979292306 0.05781313621057097 0
0.2934529814905639 0.06149669160823358 0
0.3232079286032601 0.04832735332723377 0
0.26360589623639225 0.03535939504910695 0
0.5952512962174341 0.26366129182192716 0
0.5890219784679012 0.23520712392177476 0
0.5387220442977534 0.19348797139305438 0
0.5603920037091749 0.1844679695547428 0
0.5435385090963958 0.17057152127585265 0
0.6010207466622105 0.14532106120779734 0
0.5231331198826845 0.13647507357609845 0
0.28785009348151347 0.5430444922544168 0
0.25698885179129805 0.5898882247623538 0
0.910253135204963 0.18093986152420274 0
0.9176432049553409 0.22253977220728233 0
0.8997945596000089 0.2021124120032262 0
0.7587231774505604 0.331484743533591 0
0.822318689017834 0.30190464174548703 0
0.865117935060134 0.2537699065475837 0
0.7157677259094936 0.16877690118529903 0
0.6918052999123848 0.17272561978000658 0
0.7047444437542654 0.17716840887188176 0
0.8118467531614512 0.14086011516473398 0
0.7893299431374804 0.1194462785494115 0
0.7523902131493153 0.05707342702406646 0
0.7323166970878617 0.06309138995155307 0
0.7698387811513329 0.08789954119151641 0
0.7814528010725045 0.13501961907056484 0
0.7712348791148992 0.11939707805972169 0
0.7519832584960985 0.11925779560633444 0
0.7232329212432377 0.1072005631549883 0
0.7615760425232463 0.10208610861530631 0
0.7279222027319737 0.08546807180229132 0
0.7771640166993223 0.18213389813738676 0
0.8208097288894047 0.1917806711524598 0
0.8076302927592888 0.22114623423718024 0
0.8860482183916395 0.5163996952926428 0
0.9256713135756977 0.48217944960257014 0
0.9483616502433415 0.4976954573087786 0
0.9596453188101653 0.5729854228721923 0
0.9497050897865145 0.5244574913791118 0
0.9679336499966957 0.4505607491720475 0
0.9509524680194912 0.4732890750911403 0
0.9212444120401931 0.43106214517366664 0
0.4214248929504615 0.7366598410496799 0
0.4180907353622842 0.643114700881272 0
0.45537824249176795 0.5883544658446321 0
0.4691625813012867 0.5683860305363403 0
0.5013271581759106 0.5930321994151432 0
0.48876594650368066 0.6105271125072226 0
0.5036404528066936 0.652626506978208 0
0.5303484306874102 0.6138251277243278 0
0.5196640779693981 0.6316394171191353 0
0.41810327135749514 0.7097861561911546 0
0.468247896564341 0.7431913354886128 0
0.8871319090329056 0.12435013314580971 0
0.9732515751915509 0.14702432052880793 0
0.81226808118207 0.09427088895703545 0
0.8353795696101891 0.05712216414894427 0
0.7885378302457482 0.058514883267037895 0
0.8901050867928231 0.02535863796185944 0
0.9118035949957043 0.08235008461560327 0
0.1154631865787193 0.803874731574242 0
0.24312222640863598 0.7374765918122742 0
0.16043393988620536 0.824305981711432 0
0.20464016788960757 0.8274806798578351 0
0.19710531749120155 0.7612474511738754 0
0.15111107634852433 0.7931076230446416 0
0.17446794339377159 0.7574044996636728 0
0.16196621138811393 0.890795830944613 0
0.14438485975597895 0.8710800572870523 0
0.13947950899373449 0.8868147185618205 0
0.9078878517135339 0.675366857162656 0
0.977111586453603 0.6845285283901518 0
0.9112189715167215 0.7114316770776257 0
0.7264081914036772 0.6256612898956379 0
0.6847181203276108 0.617149978606885 0
0.6902245521184305 0.5908022801840517 0
0.8296673319879743 0.6114925707990012 0
0.809848794309439 0.7232021045629814 0
0.8310479966692773 0.7556536867973579 0
0.8295485334393746 0.8026550618989421 0
0.8039549554466388 0.8563486294630462 0
0.680923500597622 0.7556687324026973 0
0.7061113943239343 0.9180824524299075 0
0.6318997611986273 0.7621652816943176 0
0.5610528441694618 0.9486993482174922 0
0.6785986251474008 0.9179535325999072 0
0.6686058900330408 0.9790646429897782 0
0.6156181787817616 0.8787284828664772 0
0.8323939557750256 0.939231090586958 0
0.040043457313598645 0.8664314794157336 0
0.017560307700061385 0.8479785780038546 0
0.05736564510826896 0.8729620138468102 0
0.06482896521201248 0.7849790751448142 0
0.11171364466274686 0.8742858155051157 0
0.09694247876951094 0.808906134797512 0
0.09251182050098129 0.8435604574857097 0
0.11310417641315273 0.8642061209008981 0
0.5214918742618608 0.5412051205604888 0
0.577351516132362 0.5445767353076741 0
0.5712739654556253 0.5633165281362594 0
0.586902193509226 0.5143455513995521 0
0.6013764330840298 0.4996514351451244 0
0.6428852126014991 0.5040841334074045 0
0.6661748957619986 0.54189448777293 0
0.6774158188818935 0.5233619049408627 0
0.7731477118119913 0.4275884760717184 0
0.9477530663275674 0.2771253667012956 0
0.9302035412404118 0.2389762654811711 0
0.9107199495526254 0.24459174001459003 0
0.9733429606544656 0.2645947445038969 0
0.8868369090492267 0.31140406348262345 0
0.9219515622941145 0.2850176717205835 0
0.8999004164363367 0.3275246024384154 0
0.8989571961542399 0.3461541508037863 0
0.9408516560296412 0.3106171836738644 0
0.7698303974535452 0.3788304739879232 0
0.7918123935394384 0.4254380840651204 0
0.9446683707572496 0.34373394909526733 0
0.8546953361780442 0.4185488698608993 0
0.8595904496297713 0.460408912570499 0
0.8215143291801963 0.4451313974806436 0
0.8446549562963526 0.47237773267502614 0
0.786496900334327 0.4766158309069699 0
0.7398322259993109 0.49213424649383153 0
0.7761552395607675 0.5096581418590351 0
0.5560640261977539 0.4435721821616961 0
0.5633678233918552 0.46382236629579593 0
0.5770355782576968 0.44420230862413806 0
0.6102196107148249 0.43638730664807696 0
0.6286774292516778 0.43948643695150547 0
0.6652741196088954 0.4313337890233569 0
0.5430946395283577 0.3845669486100493 0
0.7038731527660997 0.30529248563767436 0
0.7200506811155115 0.29476580326109386 0
0.7471484716800689 0.28331023624798013 0
0.7238422901400855 0.31411777070442126 0
0.7316167853636909 0.2819502785894892 0
0.7813747986066382 0.21774032756378475 0
0.7653927879657447 0.21684435189901208 0
0.7617114423909074 0.18780261892323719 0
0.7152545301315955 0.19658605595325276 0
0.7342143032741184 0.22424635894049758 0
0.7470643732490461 0.18601606784455121 0
0.8114855936429572 0.267991962433884 0
0.754078288250731 0.25705239099615984 0
0.77993067996946 0.31115871128580175 0
0.6750322151583207 0.23151115029781713 0
0.6895033587571344 0.2362360401700965 0
0.6630965201722209 0.24079467284941408 0
0.6650538924015762 0.258887148148645 0
0.712463320255362 0.26611311163528806 0
0.7096372918729794 0.2514075118490971 0
0.7253382331917427 0.25699298720322233 0
0.7218665298882619 0.23965484090568648 0
0.7053537954646896 0.206582755792116 0
0.6986080813510914 0.22293323258797332 0
0.5903533900135792 0.3234285502177776 0
0.6735869138688557 0.39663574026884 0
0.6588733481807193 0.3831982187047905 0
0.6794080167320795 0.378544720131721 0
0.6234340775288226 0.3818108373830505 0
0.6369160874228108 0.4104362978614988 0
0.6364252608753121 0.3182339048780069 0
0.6065880560135051 0.30345880967520517 0
0.6005811468947402 0.2822950099825863 0
0.6515514302660229 0.19033992779087378 0
0.6531575501292552 0.17540003846221236 0
0.6396244158815536 0.18433327463010182 0
0.6162640221348149 0.08683156261808027 0
0.6145237587459477 0.11185337134012809 0
0.6599319503368796 0.08321681951231315 0
0.671572749856349 0.13363630844475716 0
0.7118050933940747 0.048590847093003965 0
0.6942230086338573 0.08135795452350741 0
0.4583008943548673 0.520130783964992 0
0.4608852460203499 0.45967922616725787 0
0.4022321443316419 0.4723542575751599 0
0.4523941808542392 0.49589512901764954 0
0.42968773714016845 0.51327975925491 0
0.4338891848752612 0.4879282762109756 0
0.5207909915389585 0.49439077296277106 0
0.5213998283647006 0.4333622288792859 0
0.5056994166015841 0.43068379867388 0
0.4021268551482685 0.3688984499141006 0
0.4709953952863715 0.36300003604879 0
0.46310276725147076 0.39311509132702527 0
0.437884613723091 0.4061406634344627 0
0.5074522181219906 0.3187213669309802 0
0.5311789998727069 0.37022191223610607 0
0.4857141149827835 0.36837151148398267 0
0.4576688829196063 0.274307458985964 0
0.3618264335688789 0.4325823782953907 0
0.3527756163257637 0.4697024169686589 0
0.35125670753241883 0.41967456227628946 0
0.3245884365418409 0.4657107967937417 0
0.6123509518625644 0.6617372915552217 0
0.5966825803443381 0.6725034865126307 0
0.6152405777229168 0.6446186340262458 0
0.578873127336564 0.6637026659005056 0
0.5785542163306155 0.641852664769682 0
0.5813452777048935 0.6202751324840268 0
0.43542396517477033 0.9108333565386916 0
0.45827501515883584 0.9053803672093973 0
0.511065337681797 0.7631447316048984 0
0.2811496274738641 0.8969189519034546 0
0.46501919777046447 0.970219962036156 0
0.43884797641980045 0.9632637164102985 0
0.46233191250342576 0.8015271780230478 0
0.36122666840603035 0.8612666680452891 0
0.37285817081279404 0.9744446579101745 0
0.3135596242712348 0.9090441296831595 0
0.35096187045478416 0.9001394705961838 0
0.3820445614880112 0.9352228085780783 0
0.34051781861727015 0.9391383024986265 0
0.3329054551168607 0.8846302200550357 0
0.3141037125693678 0.8910797933832795 0
0.29521558823918637 0.7109713059060565 0
0.13306792432848263 0.9482973134423321 0
0.17395651987045602 0.980561773204647 0
0.10870024455477763 0.9854056109131228 0
0.2505153374949359 0.9228595749324765 0
0.26638578501229027 0.9106790419368819 0
0.26404614810699006 0.8308996809871059 0
0.17810466741298994 0.890022200025805 0
0.2145577287050701 0.8689592271079869 0
0.18403200681094464 0.9141164007424804 0
0.15508736280785668 0.9473427481904114 0
0.40101088380136424 0.35101211681578975 0
0.3487382228334895 0.31474902249114495 0
0.4229029552147236 0.24083561967825434 0
0.4373783150199689 0.2599935573485554 0
0.39863840180293036 0.2452641451113322 0
0.2925217119598129 0.4631256496904126 0
0.22064223977563757 0.30555252237925196 0
0.3334186515377056 0.34759357852524614 0
0.2711157495413891 0.35655025422290637 0
0.2789009523899106 0.32575547064686006 0
0.2869756400923756 0.3633044975846491 0
0.2395500753348953 0.3318349057395564 0
0.26339303303201683 0.3248533013277095 0
0.30813804108446086 0.3193080442272488 0
0.2750957465633314 0.2934812107477069 0
0.27393063813456386 0.31029912012719424 0
0.3020631087515426 0.35778208292536867 0
0.29836294250012124 0.38761584160714957 0
0.30785372573478265 0.3943170828540063 0
0.10759717575931556 0.42190639294075993 0
0.1876642309040083 0.31112315257535156 0
0.21927862355799518 0.3414253927974236 0
0.1925790701337717 0.3616237581050046 0
0.20750794934617697 0.37377007780774735 0
0.18996142916749487 0.3399851471402371 0
0.20361276277999762 0.3619092441491971 0
0.21634946663495366 0.36403952869920436 0
0.1428269449813011 0.3768524266729033 0
0.2350740436249133 0.4062586836749145 0
0.2177986881539509 0.4409228235783457 0
0.2055481865836441 0.43765057476484737 0
0.22878391734252776 0.4486318696923002 0
0.20784143849258985 0.4749043573391488 0
0.14961486489709402 0.44994731812267985 0
0.16976702602409272 0.48546428788303136 0
0.1749325528762794 0.4699099212274623 0
0.1805637138047365 0.4379682941818445 0
0.03978074884527403 0.4260837679652335 0
0.10542480309411005 0.4414056985739795 0
0.16361293493002244 0.3990884041673984 0
0.13793845645964323 0.4140174684206991 0
0.0671218096647507 0.4894854225722763 0
0.22254140182235446 0.48785947660012485 0
0.02794165812722056 0.6144890106449651 0
0.1258147055315716 0.6279132106730493 0
0.1413979640850954 0.596368004506075 0
0.10164032867664254 0.6207175512092649 0
0.06479724027741701 0.7392699386958247 0
0.0745071814535076 0.6617562712908461 0
0.036138918670643505 0.30715853961003514 0
0.0716790862431913 0.341031930540741 0
0.07577179727635423 0.3114013979581776 0
0.04008505181810639 0.3290614522807448 0
0.14026261903184675 0.27780369074866246 0
0.14868787195923597 0.2613845067814354 0
0.13718597229126808 0.24729116231978587 0
0.1527147361973348 0.21422591835605959 0
0.1247197843225383 0.2788166978153796 0
0.10916643916980134 0.2818818108299911 0
0.1251798450717539 0.20944363094956978 0
0.10444264651165608 0.22009729777514286 0
0.12473855292282117 0.23132938463236455 0
0.11325388340942431 0.3090705850471054 0
0.04234096950126323 0.34904640555984223 0
0.06483337324694416 0.23843035240058774 0
0.03823161963113577 0.06852362350931443 0
0.03388740215626336 0.1091699177322375 0
0.33509167136678675 0.18350732789849408 0
0.36466676871133924 0.17789668675443993 0
0.23423930897921572 0.21318284908680651 0
0.19615726331465064 0.21486806831449023 0
0.20729224043617991 0.22182249224383527 0
0.1842361611193094 0.258489169624531 0
0.19302892146921502 0.2702335997551334 0
0.22820139874229062 0.27694244483403024 0
0.24521972412548193 0.21974231235067748 0
0.24877618391252693 0.23226523739369284 0
0.24973519018144041 0.20556015605916472 0
0.29828805485107546 0.2326676650256984 0
0.2735164749974235 0.25919623585904705 0
0.19469028134782548 0.2266020802586007 0
0.2185459033052478 0.17734307554034237 0
0.14475557853952012 0.1852006635943324 0
0.19324170608693853 0.20021059581718115 0
0.5443061319231858 0.1149679338285807 0
0.5312602179663116 0.08371315712041465 0
0.5141729869460364 0.10926632538857493 0
0.43827880245877937 0.11565612590728327 0
0.3555060261681835 0.033580698349226064 0
0.3907787932118571 0.03125539485463613 0
0.42330284580223626 0.02873147107226461 0
0.43703048056606775 0.056582062818118124 0
0.2648206452399622 0.06766093068873708 0
0.2997201649484923 0.026491825388157322 0
0.5831327410392945 0.21705064435402097 0
0.5989082499035453 0.20410811426353356 0
0.6267872524010955 0.19153451569041852 0
0.6210577239226747 0.23100919344007784 0
0.6377336435771209 0.2211944770515615 0
0.6267962200768252 0.24934245312488068 0
0.5229657477070416 0.17687481526401114 0
0.3064848295459018 0.5656041074231223 0
0.2693234924201486 0.5459207056502741 0
0.2773650525229862 0.5661555517139816 0
0.2888978994652918 0.5931164631921454 0
0.8074977436674908 0.31227493790124033 0
0.8601871732863307 0.27406807279562606 0
0.70103924578821 0.16317344188199748 0
0.849936406596485 0.14892415220945573 0
0.7508124454096264 0.08132763008549035 0
0.7612115376584004 0.15635953731221156 0
0.7450447539990501 0.13297768665927273 0
0.7206061313319558 0.12226252977440377 0
0.7347254459971766 0.11988229593035779 0
0.8063926068106158 0.2042099319134966 0
0.811133387808817 0.1777111089114427 0
0.8982338402200885 0.4896254842662289 0
0.8781420974142261 0.5753481468837554 0
0.9027318786677269 0.5470574664279285 0
0.9725726475332075 0.5134278159519264 0
0.9317088072273491 0.4533563640264609 0
0.9246071907279428 0.4089353274996745 0
0.44519086692337906 0.6071700759739328 0
0.522926759208607 0.5943748256005844 0
0.4772631676076563 0.6639656493538617 0
0.500730987998717 0.6292680276056135 0
0.43956634776852554 0.7518992383330892 0
0.7839381867337112 0.029044430906949546 0
0.7964392951909386 0.10380284540964767 0
0.8092542670900209 0.11760391123051815 0
0.8356158493498631 0.08634564201747787 0
0.8489725577233885 0.10762172071471737 0
0.7897038647624578 0.08429524694791378 0
0.7703013268706849 0.04975030617492023 0
0.9219535779499884 0.029289801373598594 0
0.9006552565787388 0.05311318968291044 0
0.9367146202993888 0.05908507232304593 0
0.2589833072746203 0.7635247156893146 0
0.1423165202192449 0.82843149065586 0
0.17448045674051935 0.810802151095086 0
0.15308282937484008 0.841331917999654 0
0.18167159530493876 0.8289627033306197 0
0.19843289415567075 0.8614355189295159 0
0.2109501252781185 0.8485685978719125 0
0.23866612706129448 0.8007744966514239 0
0.18225452457492414 0.7787850916082312 0
0.21649141443184325 0.7460250678341119 0
0.1332402476048712 0.7983644031126459 0
0.1360881714079344 0.7746614112183628 0
0.16059227979506274 0.7750796273145154 0
0.9390794197018294 0.6806233549869315 0
0.7034946288785502 0.6379238758451838 0
0.8452832923813597 0.6342344405163842 0
0.8172872647309112 0.6383466401042073 0
0.7203931857005661 0.8921483118227648 0
0.7824944865396439 0.8779458613150782 0
0.7659817633848259 0.8533746433334805 0
0.7316096436597738 0.8620284054634362 0
0.686168288768163 0.7109246237418893 0
0.6565034846890139 0.7652998634715732 0
0.6907376880117759 0.9385266550525508 0
0.5845466438043845 0.777398825064132 0
0.6012692194032899 0.7527572774934541 0
0.5773855067906218 0.7341336253090562 0
0.6461576814735591 0.9166195173128255 0
0.6123744401492648 0.8537695230397165 0
0.035797799652645325 0.8506500749072382 0
0.06964137128370922 0.8619524091628555 0
0.08119199174916253 0.7979706697297007 0
0.027043754914116876 0.8909212791655355 0
0.1042847714725647 0.9272664134362492 0
0.10768246470103482 0.8390952987723507 0
0.5988907668966771 0.5443048120854184 0
0.6328519795329799 0.4917278831302349 0
0.6223594100641872 0.5055705273493176 0
0.684064299797871 0.5417599741535468 0
0.6562319820894948 0.5629141479782921 0
0.654499169685094 0.5232650177201934 0
0.6325208067948629 0.5631513573284372 0
0.663781446015682 0.47831520909755304 0
0.8881528350287691 0.2491552628031473 0
0.9741793859156459 0.23489020606459513 0
0.8801796460594018 0.3339638930112701 0
0.9197658678675892 0.3322845376940707 0
0.7768771421304995 0.410175893301222 0
0.8597106690894893 0.4795736099016882 0
0.754954073212566 0.5106958667373324 0
0.7670635620118839 0.4878168111433195 0
0.5988459135168671 0.4521824175154718 0
0.7558901320902032 0.29951424149361344 0
0.7641247083563286 0.2824873559502811 0
0.729282295775633 0.19238418261973156 0
0.7141470204443896 0.2226562033269363 0
0.7567666076955474 0.20130352592225714 0
0.7586556030739349 0.24458311207911854 0
0.770410954162962 0.2648221511089229 0
0.6946490226588609 0.24972640974894914 0
0.7153489430868464 0.27895635693445936 0
0.6420074653539134 0.36829992394301825 0
0.6161652925165647 0.3232262487651216 0
0.6295960746368803 0.06944799626757155 0
0.6274317911332109 0.12931764205985544 0
0.6438255171524012 0.1304227119314946 0
0.39649928829351133 0.49056952175188295 0
0.41603478113473225 0.4900451593298029 0
0.4777362301815149 0.4015837611631024 0
0.44664951235478545 0.38992964281004255 0
0.5084236681019132 0.33943464357556064 0
0.33999875012861314 0.4577516432415663 0
0.5989473926279034 0.631399221407107 0
0.5224855936112061 0.7440201966549921 0
0.285509063654553 0.9172800258463851 0
0.4572356161508273 0.9347835003265934 0
0.42555334744624557 0.8199896371634665 0
0.444329967158067 0.8362176027087145 0
0.46555555284969447 0.8201742010937995 0
0.348657996787845 0.8406985229458613 0
0.3296821938705891 0.905531497670668 0
0.2737400509938881 0.7318295057141193 0
0.39832234357512525 0.6634480614890926 0
0.1834660125349368 0.9609847931843212 0
0.10883194245392924 0.8895163831462394 0
0.09227349928306675 0.8908794389054808 0
0.10977199874173751 0.9054453383480823 0
0.24784594400448748 0.9039869712003249 0
0.2690435902509897 0.9302896279110979 0
0.1681279882700241 0.8784074111388992 0
0.18817677548173262 0.9017032736582563 0
0.15804239857156388 0.9326557926598883 0
0.34148563502658735 0.28477656965782944 0
0.45404880922517576 0.2542885496162594 0
0.37559181354650106 0.27568649440731796 0
0.40741779669532124 0.3147502204967788 0
0.43280418517545016 0.2806347616761849 0
0.38869686575057566 0.3011520815067005 0
0.26776331792119745 0.3396885600256405 0
0.26077861759701026 0.36554500682630275 0
0.2318750148099205 0.34203415262684356 0
0.24998656727649585 0.29827624018720117 0
0.2992709246322042 0.30088076432901967 0
0.25802813545899256 0.31027858495302113 0
0.2628946104438481 0.29906082957573277 0
0.276407451336895 0.407190302097769 0
0.3198693346511233 0.3933148293063291 0
0.19498504922444393 0.301411663560835 0
0.19845203908888734 0.28999900528220085 0
0.18767605564339004 0.3531100239792599 0
0.19841670462484845 0.35107780680401834 0
0.22465298263229144 0.353487344361912 0
0.14743185718382282 0.36652188150956433 0
0.24441795940358912 0.4594757218967261 0
0.14932610076340322 0.4343009156558188 0
0.15160944964318407 0.4842254163329598 0
0.1924759043761198 0.463919369029285 0
0.18193920068654207 0.4256100704568306 0
0.17315468232381542 0.43017608264797885 0
0.16520680189972844 0.44194832987939464 0
0.1923826583112122 0.43225028557630313 0
0.17777596956638622 0.4532751215099336 0
0.028313406495870636 0.41000559958680194 0
0.04367392076201745 0.5531477516969693 0
0.15245141550765107 0.6490136442898305 0
0.09986658943047283 0.645706684654415 0
0.01404762789359565 0.302608134319325 0
0.06543756261551416 0.3578266432843371 0
0.05766682810403261 0.3144375756591467 0
0.15785035734349293 0.24500984012673224 0
0.09683945330136824 0.27011141892063734 0
0.11887209283816025 0.2500993659766208 0
0.0845734330074192 0.22451848767351193 0
0.06639829976593817 0.09582214197517074 0
0.09996450484267272 0.0835747313160338 0
0.28860569651788537 0.2006168810330858 0
0.28598900360383617 0.18472581559475892 0
0.2692122371331376 0.19856578121837548 0
0.19701033360962333 0.2582734940526299 0
0.248434079350138 0.24820052487109678 0
0.259069031568773 0.25587657316215223 0
0.2657101595149719 0.23949083516485192 0
0.1476782780882078 0.16463298087473313 0
0.15715198667201355 0.14115817208950215 0
0.17632437385354427 0.14074113918034886 0
0.47744277306352423 0.1561132208973066 0
0.40965533575630303 0.10971782970092882 0
0.5938433022090724 0.18584493124548743 0
0.6413584864966256 0.20180236164900772 0
0.6466445096410731 0.25144991473689027 0
0.6200770590125387 0.20899438904359577 0
0.6500936513224893 0.23287725147954527 0
0.6368841376077689 0.237187885236361 0
0.614057424302744 0.26554131859331737 0
0.8717403887988124 0.292255034530151 0
0.8271814029853558 0.1059362073994512 0
0.7753669397137141 0.1487772127079957 0
0.7449856952617652 0.1475859160571914 0
0.9441825277490382 0.4254871861213309 0
0.4651426822620588 0.6103119467641845 0
0.45472965673980237 0.6726970880201729 0
0.44334553505425284 0.7258317162643786 0
0.8064583929527904 0.019860512105930553 0
0.14618345586450882 0.8114459760078669 0
0.12902171456081732 0.8154044927367053 0
0.14764018474335736 0.8563508563878828 0
0.16650617560863792 0.839103619575684 0
0.19865690363451716 0.8754133751056592 0
0.19362639179779367 0.8445355501535877 0
0.22902775032386635 0.8557542401648918 0
0.2535325517513072 0.7879296825500969 0
0.22371427659566903 0.8137045543972568 0
0.2594245424948362 0.8065649832272889 0
0.24168110679972354 0.8207836273815309 0
0.22602819779713013 0.8354830812696413 0
0.18720116726698477 0.7977195439490871 0
0.23606636786240262 0.7588379067162053 0
0.15004729058201136 0.7529730496771007 0
0.7520549262136128 0.8894816385969992 0
0.6121876371287499 0.7893833509079519 0
0.557464240920121 0.7724115563657445 0
0.5742374192098315 0.7562700093101078 0
0.6408623075185996 0.863493895753167 0
0.030649796107841458 0.8322127070581286 0
0.07889661489221976 0.8490183276536728 0
0.6475802746843876 0.4859302930710207 0
0.6431388739947637 0.5825721760237585 0
0.6933167744493401 0.5046149672354533 0
0.9056732353639319 0.2671808617186886 0
0.9221593367606883 0.35835903609178105 0
0.5943010681621005 0.4327745260282249 0
0.5791217459296447 0.4246310202173597 0
0.7377869951011559 0.29903131325864474 0
0.7463598976873516 0.3146443893845928 0
0.7659615170085973 0.3138297688429119 0
0.754655938237983 0.27158289807364566 0
0.7498677790135684 0.2164237562562794 0
0.7401006063023061 0.20511363549388945 0
0.794737159714901 0.23379161460592415 0
0.8010368278843343 0.2522606052555633 0
0.6837165234221879 0.2818712364831154 0
0.7011919535909843 0.26113390205557696 0
0.7065804933520726 0.2904220284982272 0
0.6486291081341795 0.33147741987188256 0
0.6588444157831386 0.312843972035632 0
0.6706382355696142 0.3379926440027473 0
0.6507078456975997 0.34882407220079115 0
0.6588665289461684 0.10219663921530127 0
0.6382498911322086 0.1119624509933372 0
0.4061262930810797 0.5055992194764217 0
0.32629208332233955 0.4053463959835218 0
0.29048602315672784 0.44564401861775454 0
0.2866145992798059 0.43156931950509336 0
0.30962654071707824 0.45217913304693486 0
0.4484825714705767 0.7883179976796563 0
0.47152485620478496 0.8419856484839774 0
0.3398729754987076 0.9597067732451718 0
0.30439809821103303 0.738585454998854 0
0.3192626561876492 0.7195086375064331 0
0.3861518564335144 0.28499252457559454 0
0.3956746956066531 0.33301494489007116 0
0.415602587204539 0.33718182861048757 0
0.42697688189222244 0.30240930333705474 0
0.44043225946908593 0.31580157600579306 0
0.4335464090467936 0.3301027266517508 0
0.4244993917742058 0.3196405112012486 0
0.3869180780157372 0.31819241030500844 0
0.36951908531848854 0.31250862035828797 0
0.2546729695958757 0.3510887666097064 0
0.253738540158689 0.3356351104195866 0
0.23821361885723877 0.35409141589289606 0
0.293538687912416 0.3292497883025574 0
0.2858073782839896 0.300123226977829 0
0.28991675362124486 0.3139026620485478 0
0.29055760166918526 0.4070030833162866 0
0.22664416489075961 0.4678451965477397 0
0.1624951040574859 0.4729801459377807 0
0.16137581419555466 0.42602938640788773 0
0.15476409189642715 0.6221010487697897 0
0.0887255219163225 0.3237920486027371 0
0.07288334713563523 0.3277645526396133 0
0.08197888064192901 0.2761874422002296 0
0.11332510581200221 0.26597915442900544 0
0.10992207709230122 0.23742394264903788 0
0.180279324860925 0.1835166118986959 0
0.3816092507532024 0.0995576882318887 0
0.6067305979178728 0.17547974328686586 0
0.6041526119985154 0.2473098668254092 0
0.8802717044581124 0.27035954854187183 0
0.8346740979350505 0.12920867550562234 0
0.7928715238732013 0.15136724654999592 0
0.776691226740377 0.16380761222645865 0
0.727336690047574 0.1371136271947582 0
0.4776084196536508 0.636150620871761 0
0.4677774949945296 0.713413408185737 0
0.8089289731089925 0.043363019943634104 0
0.15709057718431296 0.8669021541945062 0
0.1848396780887862 0.8735128879238716 0
0.18445416512064086 0.8585637938732986 0
0.20274340596470694 0.78345076362555 0
0.2459540783748914 0.843649985010125 0
0.5315515139118998 0.7671639891000129 0
0.043312890058012025 0.7964862882553045 0
0.07897059557477935 0.8347592344937238 0
0.087821458916862 0.9089699246603647 0
0.6318764361722852 0.5233837374364467 0
0.6431704558714364 0.543564945449815 0
0.621242948064381 0.5428888257732263 0
0.8962030349407661 0.2905678137162144 0
0.7716889648708203 0.2353360023576856 0
0.76756745190057 0.24972280736352861 0
0.7822154690101787 0.25122014101159434 0
0.6694335028868561 0.2773443032949003 0
0.6996465949190646 0.27702871388889466 0
0.6917815601595233 0.2941234825111482 0
0.6310066232312611 0.34235232698468016 0
0.6645342911618726 0.3624100883494805 0
0.6940247263050284 0.3375665324697887 0
0.5857336253567907 0.29882770283185733 0
0.27476764940588305 0.42376911120986754 0
0.3278991004810783 0.44948853970803976 0
0.36210533302632325 0.9526863627966936 0
0.40654063253288064 0.2887155105948461 0
0.3934973622336488 0.26810248127620734 0
0.44606434086387 0.298518139102856 0
0.37620646750108366 0.33061758042500317 0
0.24357834617580346 0.34246116267162163 0
0.09658551084437368 0.2344345119714839 0
0.10102492515936567 0.2515120757347122 0
0.0771213809964272 0.0642701792824162 0
0.19123627084643244 0.16805541327693607 0
0.16073128435465936 0.1777722183935753 0
0.4306547875436355 0.08300968691903488 0
0.37856274489772773 0.06663355514354748 0
0.6113364123105812 0.19083036222347122 0
0.44756065999205924 0.6316938672889382 0
0.4579871934621546 0.652612514881836 0
0.1614608849825066 0.8529788667405381 0
0.21829062504036606 0.7702894857188803 0
0.22048923693080982 0.7923702571895546 0
0.5507829415684882 0.7437895061771301 0
0.06478380497060496 0.8070998210891402 0
0.053357006068081525 0.8551753652076938 0
0.6844011109559824 0.2647458966254069 0
0.686115196411221 0.35771792067035435 0
0.3211257372049727 0.43400309099445145 0
0.31538160782000174 0.41812329744892124 0
0.30169905643622064 0.4311908370400796 0
0.30070899913608856 0.4136186378260623 0
0.4448899973231439 0.8106544280520872 0
0.35387994425780495 0.2975035761187652 0
0.3726686465514037 0.2910770004644374 0
0.08607499665005137 0.25981485331716897 0
0.08345911741670987 0.24468749602855944 0
0.4562672001936315 0.07358604552659086 0
0.175345588206744 0.8488122505083704 0
0.23885545601179234 0.7791986852830622 0
0.08025307439295123 0.8161345523258363 0
0.0455613378732809 0.8190598384283843 0
0.06568461958725857 0.8449083124308466 0
0.6393993549353902 0.08877606813134778 0
0.33326270721799456 0.4201727331087795 0
0.3115004479301194 0.40394434329145984 0
0.28902121924972657 0.4195505651471931 0
0.2996843735084585 0.40071740474102013 0
0.17177824987698093 0.16079818254773873 0
0.45905670965853823 0.09556754049588152 0
0.17274247417372732 0.8633191682886302 0
0.0488390101888286 0.838371189161487 0
0.06329775572477457 0.8263094501656413 0
0.0 0.8917038595699174 1
0.0 0.5177163261458364 1
0.0 0.9853914994532826 1
0.8459936490538904 1.0 1
1.0 0.8451053796157025 1
1.0 0.027852264195990965 1
0.9705627759145128 0.0 1
0.2947609814120973 1.0 1
0.04192898410283686 0.975318883591963 0
0.19695214694756924 0.5153485749208995 0
0.7543367096722698 0.597195966225638 0
0.0 0.8571199925649433 1
0.0 0.9245940965235283 1
0.3841033757936918 0.4765639604340625 0
0.366620776655858 0.4824421900468525 0
0.31505307516998865 0.9830516109914593 0
0.2983234395603571 0.9700000804349674 0
0.28720322002306903 0.9833373911595915 0
0.2875291406035946 0.9576277978102057 0
0.09363711032202043 0.9443632268666328 0
0.1345114543713623 0.9162480895682977 0
0.24518858131086957 0.28669932274469556 0
0.15734355479833753 0.39138958492224407 0
0.17739741783516755 0.2011545869335624 0
0.9037620683688347 0.16693170369773125 0
0.8734231069999063 0.1807382518265123 0
0.8651472966495941 0.1984924061237687 0
0.8825919078829086 0.19398119522977902 0
0.013828636767040079 0.8656327860766433 0
0.05820455140021858 0.8995074800123968 0
0.06571998224251929 0.9456992783435109 0
0.3018094128260462 0.9534604521155109 0
0.11874756214011052 0.9116322630037119 0
0.1913689868221771 0.9461164391575698 0
0.19146118363277564 0.4101075788105139 0
0.16004859610670716 0.41156918139037296 0
0.18276174485053348 0.41484743123114365 0
0.17307809700259116 0.40699385992117953 0
0.14717982175759506 0.408684656312533 0
0.14824063600314533 0.3930488354650803 0
0.13009909989368657 0.3954344310344275 0
0.23135160515198083 0.26432722704897965 0
0.11865202864439749 0.9641038618516119 0
0.19937169613873906 0.8986302177711406 0
0.23086147191839948 0.3110074996377382 0
0.1528124219954843 0.400625464688646 0
0.16665984141629006 0.39033066785558335 0
0.9399284027392497 0.0868939379272551 0
0.20452103204067812 0.8046611613281587 0
0.19146583293939345 0.8137556099257685 0
0.19189816494817544 0.41932418777286395 0
0.19328475761256597 0.44669064983415857 0
0.1597965333500993 0.8069800376599511 0
0.037276923140988086 0.9430580183528557 0
0.2030319279703564 0.9401989372217657 0
0.1999457037013757 0.392202043066787 0
0.014118257919569591 0.8276300069277878 0
0.07101087256040994 0.9117786465515145 0
0.2073992819220734 0.8865989801432956 0
0.19133522133476838 0.5395315542009211 0
0.01785940985722669 0.914874162779554 0
0.30062803908099417 0.9877153083443275 0
0.27872808825281076 0.9670178497435578 0
0.12533971667565244 0.9291725034938461 0
0.23948253189808363 0.27554493515753314 0
0.203517013064183 0.424452696519131 0
0.14564620784943316 0.545753527894444 0
0.9721801163950827 0.11391439041764366 0
0.8662647688064058 0.048678940976408465 0
0.8561814954896262 0.09139494730975424 0
0.01938812362926071 0.9567254818818821 0
0.5588748437057937 0.3462167678616784 0
0.3273236531023112 0.3602008257118481 0
0.171845974258741 0.3708639098812614 0
0.11352132522292818 0.3659258077123969 0
0.060553246501282784 0.19689759095610296 0
0.03618559795509636 0.25170833566604367 0
0.6939365324260064 0.1974361091135523 0
0.02899140497955141 0.9212667723226077 0
0.22131352807171048 0.40576587464926217 0
0.09994271394586943 0.8811527069838209 0
0.7296023701357154 0.1747084374616235 0
0.2758838880651146 0.7031175112606028 0
0.19756582000914735 0.37028402316017767 0
0.6720764121316237 0.7324453137044994 0
0.09898036277034722 0.8693040504862012 0
0.09418682954394163 0.283138254540627 0
0.07401774593253756 0.8917226184035761 0
0.30464174712556435 0.3382472213791366 0
0.5459367763133017 0.3337300147113866 0
0.08530941840170958 0.8748302896996947 0
0.6859584388301888 0.4276827565127675 0
0.5285860578577046 0.3473292670091157 0
0.4982600085055554 0.36898410637048384 0
0.39621174515725627 0.8451629271449449 0
0.4968242540813179 0.20524518651262258 0
0.6788498496621114 0.41322308989545375 0
0.4908284598350357 0.33069161582980083 0
0.5890026466343131 0.8008691627229284 0
0.25045535380297723 0.0 1
0.34525472086132614 0.0 1
0.6926500344998918 0.7338919986400265 0
1.0 0.7196893519910381 1
0.0 0.2833895618807821 1
0.0 0.7927717491864881 1
0.7672168647685826 0.0 1
0.04341942390050281 1.0 1
0.9669261441536036 0.09683819602847973 0
0.18547077521791733 0.3314293373953875 0
0.17256165608678795 0.2859934133222869 0
0.44664354421652125 0.14927922186584522 0
0.7659661053294865 0.825435624487472 0
0.4019414524963301 0.08348529203022077 0
0.6282998118119307 0.09944417836652064 0
0.3260303205370672 1.0 1
1.0 0.6893537606611484 1
0.8162865640498406 1.0 1
0.0 0.8238380657322013 1

Edges
137
1 138 1
1 140 1
2 2119 1
2 2120 1
3 180 1
3 189 1
4 309 1
4 2116 1
5 233 1
5 415 1
6 207 1
6 501 1
7 277 1
7 289 1
9 344 1
9 2115 1
10 376 1
10 550 1
11 285 1
11 312 1
17 210 1
17 470 1
18 208 1
18 209 1
21 230 1
21 2219 1
22 231 1
22 232 1
31 280 1
31 544 1
32 278 1
32 279 1
34 286 1
34 288 1
39 742 1
39 743 1
41 811 1
41 876 1
46 342 1
46 343 1
49 374 1
49 375 1
51 385 1
51 386 1
52 392 1
52 394 1
55 416 1
55 2214 1
61 471 1
61 473 1
62 477 1
62 479 1
64 181 1
64 2216 1
65 499 1
65 500 1
69 180 1
69 2118 1
72 189 1
72 2117 1
74 2114 1
74 2125 1
77 207 1
77 208 1
78 209 1
78 210 1
83 230 1
83 231 1
84 232 1
84 233 1
97 277 1
97 278 1
98 279 1
98 280 1
101 2121 1
101 2228 1
102 288 1
102 289 1
109 310 1
109 2220 1
110 311 1
110 312 1
120 342 1
120 812 1
121 343 1
121 344 1
131 373 1
131 374 1
132 375 1
132 376 1
137 384 1
137 385 1
138 386 1
140 392 1
141 394 1
141 395 1
147 415 1
147 416 1
148 418 1
148 2214 1
165 470 1
165 471 1
166 473 1
166 2119 1
168 477 1
168 2120 1
169 479 1
169 480 1
175 500 1
175 501 1
181 2118 1
192 2218 1
192 2231 1
193 554 1
193 2126 1
285 2121 1
286 2228 1
309 2220 1
310 742 1
311 743 1
373 2115 1
384 2213 1
395 876 1
418 2213 1
480 2219 1
499 2229 1
544 2230 1
550 2218 1
551 2125 1
551 2231 1
553 2114 1
553 2126 1
554 2116 1
811 2217 1
812 2217 1
2117 2230 1
2216 2229 1

Triangles
4323
1 138 393 0
2 2119 2120 0
3 189 546 0
4 741 309 0
5 233 1410 0
5 412 415 0
6 501 1766 0
7 1230 703 0
8 432 949 0
8 825 1350 0
10 366 487 0
10 376 366 0
10 487 550 0
11 312 316 0
11 316 749 0
12 281 294 0
12 294 295 0
12 295 301 0
12 301 307 0
12 307 465 0
13 255 560 0
14 270 709 0
14 272 270 0
14 467 468 0
15 223 1096 0
15 264 1970 0
15 563 693 0
15 1970 223 0
16 586 602 0
16 611 1137 0
16 1826 1125 0
17 210 1529 0
17 1529 1828 0
19 1005 460 0
20 220 1128 0
20 603 222 0
21 1197 230 0
22 231 235 0
22 235 426 0
23 629 933 0
23 933 1196 0
23 979 1754 0
23 1196 1199 0
23 1754 629 0
24 661 679 0
24 758 759 0
25 240 687 0
26 324 883 0
27 258 686 0
27 261 2127 0
27 686 261 0
27 2127 2128 0
28 266 690 0
29 271 695 0
29 1063 535 0
30 283 1062 0
30 533 540 0
30 540 697 0
31 280 530 0
31 518 544 0
32 278 539 0
32 539 707 0
33 282 284 0
33 284 1627 0
33 1998 710 0
34 286 717 0
34 1629 292 0
35 298 723 0
35 318 319 0
35 723 727 0
35 727 1240 0
36 355 303 0
36 488 837 0
37 302 358 0
37 305 739 0
37 739 1265 0
37 1265 302 0
38 1035 1489 0
39 314 743 0
39 1639 314 0
40 317 750 0
40 747 1269 0
40 1269 2157 0
40 2172 1274 0
41 378 811 0
41 876 1377 0
42 849 1720 0
42 1288 1293 0
43 1297 1886 0
43 1886 765 0
44 1301 782 0
44 1305 1325 0
45 794 805 0
45 805 1342 0
45 816 854 0
46 346 813 0
47 348 826 0
47 359 367 0
47 367 832 0
48 1690 834 0
49 133 375 0
49 374 1690 0
50 383 860 0
50 860 2200 0
51 385 405 0
51 405 389 0
52 392 1713 0
52 879 394 0
53 408 889 0
54 407 1376 0
54 863 893 0
54 907 407 0
55 416 1736 0
55 1736 1735 0
56 420 924 0
56 421 928 0
56 892 1390 0
57 633 634 0
58 254 435 0
59 1024 1020 0
60 453 977 0
60 977 1436 0
60 1436 1753 0
61 471 1474 0
61 1474 2181 0
62 477 1478 0
63 493 1038 0
63 1038 1358 0
63 1795 1029 0
64 181 525 0
64 1042 2216 0
65 499 1041 0
66 504 505 0
66 505 506 0
67 510 514 0
67 514 1800 0
68 519 1500 0
68 521 1053 0
68 549 1048 0
69 180 190 0
70 185 526 0
70 188 542 0
70 526 1804 0
71 537 538 0
71 1963 1065 0
72 1072 548 0
72 2117 1072 0
73 1048 191 0
74 2125 2142 0
75 196 269 0
75 269 565 0
75 569 1098 0
75 1098 196 0
76 205 225 0
76 206 1119 0
76 225 1127 0
76 1119 1120 0
78 588 210 0
79 219 594 0
79 589 966 0
79 966 970 0
80 218 1538 0
81 221 1043 0
81 1043 1495 0
82 617 1552 0
83 230 636 0
84 232 627 0
85 628 980 0
85 630 1188 0
85 980 1154 0
85 1154 1566 0
86 647 1205 0
86 1207 652 0
87 654 1208 0
88 246 1220 0
88 247 666 0
89 660 2005 0
89 662 663 0
89 2008 248 0
90 253 1225 0
90 254 674 0
90 676 677 0
91 686 1611 0
91 1224 685 0
92 259 260 0
92 260 1203 0
92 1203 1596 0
93 1012 1470 0
93 1226 691 0
94 571 1518 0
94 1087 1088 0
94 1518 1519 0
95 199 264 0
95 264 694 0
95 694 1228 0
96 273 564 0
96 695 1615 0
97 277 704 0
97 704 1232 0
98 279 1506 0
99 467 708 0
99 469 467 0
99 708 1857 0
99 712 1016 0
100 283 291 0
100 284 711 0
100 291 715 0
100 711 1234 0
101 2121 2175 0
101 2129 2228 0
102 288 293 0
102 293 1626 0
102 1626 1625 0
103 290 698 0
103 698 699 0
103 1244 291 0
104 1253 1632 0
105 295 724 0
105 724 1248 0
106 752 1275 0
107 304 1263 0
107 305 437 0
108 307 308 0
108 737 1264 0
108 2002 1266 0
110 311 1638 0
110 1638 746 0
111 313 315 0
111 316 745 0
112 1273 753 0
112 1624 1641 0
112 1641 1871 0
113 754 1487 0
113 1279 755 0
113 1487 1643 0
113 1643 1874 0
113 1874 1645 0
114 323 1386 0
114 880 882 0
114 1386 880 0
115 900 1400 0
116 776 1295 0
116 2158 776 0
117 783 1302 0
117 1307 1890 0
117 1664 783 0
118 799 1323 0
118 850 851 0
118 851 1319 0
119 802 1334 0
119 1334 2160 0
119 2187 1321 0
120 1910 846 0
122 815 1339 0
123 820 1685 0
123 824 1347 0
123 1348 1349 0
123 1685 817 0
124 349 1688 0
124 350 368 0
125 354 823 0
125 823 1335 0
125 1335 2123 0
125 2123 2173 0
126 359 2180 0
126 360 828 0
126 828 1692 0
126 1692 370 0
127 2173 362 0
128 132 844 0
128 365 1361 0
128 366 376 0
129 832 367 0
129 834 1353 0
129 1353 1907 0
130 841 842 0
130 842 1359 0
130 1359 1909 0
130 1908 371 0
131 373 833 0
131 833 1353 0
132 128 376 0
132 375 844 0
133 48 365 0
133 49 1690 0
133 365 844 0
134 377 845 0
134 378 2190 0
134 845 847 0
134 866 1378 0
135 380 1704 0
137 384 864 0
139 397 874 0
139 1385 397 0
140 1 393 0
140 393 1712 0
141 394 878 0
142 1385 879 0
143 904 1404 0
143 1388 1716 0
143 1718 904 0
144 408 1407 0
144 409 894 0
145 410 2110 0
145 2110 2098 0
146 1747 913 0
147 415 417 0
147 417 1737 0
148 419 1740 0
149 932 1179 0
149 1179 1182 0
150 232 426 0
151 251 428 0
151 253 674 0
151 427 948 0
152 252 430 0
152 429 948 0
152 1429 952 0
153 305 37 0
153 438 1751 0
154 956 1021 0
154 1018 472 0
155 962 1435 0
155 963 1151 0
155 1435 1752 0
155 1752 963 0
156 969 974 0
156 971 970 0
157 446 2139 0
157 976 992 0
158 978 2195 0
158 1437 979 0
158 2195 1437 0
159 452 989 0
159 987 1440 0
159 2033 1755 0
160 454 991 0
160 998 1453 0
161 999 1454 0
161 1120 999 0
162 216 1115 0
162 460 1005 0
162 1005 1768 0
163 735 13 0
164 467 469 0
164 468 467 0
165 470 472 0
165 472 1018 0
166 473 1022 0
166 478 2119 0
167 440 476 0
167 476 1025 0
168 478 1781 0
169 479 482 0
169 482 1946 0
170 1027 2183 0
170 1476 2182 0
170 1777 1476 0
171 486 1512 0
171 487 1028 0
171 2046 1074 0
172 488 1031 0
172 1031 1486 0
172 1486 1961 0
173 1037 1818 0
173 1082 1514 0
173 1480 1948 0
174 517 1497 0
175 176 1457 0
175 500 176 0
176 65 1041 0
176 500 65 0
176 504 1457 0
177 508 511 0
177 511 512 0
177 512 2124 0
178 512 1045 0
178 513 515 0
178 515 1496 0
179 518 1049 0
179 519 1508 0
179 1049 1050 0
180 3 546 0
182 526 1059 0
182 527 1056 0
182 1059 1060 0
183 520 1047 0
183 531 1807 0
184 1062 1236 0
185 70 542 0
185 542 1069 0
186 539 1066 0
187 1233 696 0
188 70 1061 0
188 543 1966 0
188 1061 1505 0
188 1505 1811 0
189 72 1055 0
190 191 547 0
190 547 69 0
190 1055 73 0
191 190 73 0
191 1071 547 0
192 552 2170 0
194 256 675 0
194 560 677 0
194 1009 560 0
195 563 1494 0
195 565 1097 0
195 1494 1798 0
197 510 567 0
197 569 1493 0
198 1520 577 0
199 265 573 0
199 573 1825 0
199 1825 1970 0
200 1549 1136 0
202 1138 581 0
202 1139 1138 0
203 578 591 0
203 591 1535 0
203 1147 578 0
204 583 1525 0
204 585 1106 0
204 1106 583 0
205 76 456 0
205 224 225 0
205 456 457 0
205 457 513 0
205 513 224 0
206 587 1118 0
206 597 1119 0
206 1542 587 0
207 6 459 0
207 1459 77 0
208 77 1003 0
209 1110 78 0
211 19 218 0
211 218 598 0
211 975 19 0
212 589 595 0
212 590 965 0
212 965 967 0
213 592 1113 0
214 209 18 0
214 1006 1114 0
214 1114 1537 0
215 18 208 0
215 208 1003 0
215 214 18 0
215 1006 214 0
216 162 461 0
216 596 1115 0
216 1004 1121 0
216 1121 1539 0
217 587 582 0
217 1118 587 0
218 19 460 0
218 80 219 0
218 219 598 0
218 460 1115 0
218 1115 1538 0
219 79 598 0
219 80 592 0
219 592 594 0
220 20 222 0
220 599 1128 0
221 20 508 0
221 81 603 0
221 508 509 0
221 509 1043 0
222 1524 1971 0
222 1971 220 0
223 1126 1495 0
224 511 226 0
224 513 1045 0
224 1045 511 0
225 224 226 0
225 1544 1127 0
226 1544 225 0
227 605 655 0
227 606 1133 0
227 655 656 0
227 1975 605 0
228 610 1135 0
228 1133 1132 0
229 1148 1572 0
229 1149 1564 0
229 1564 1979 0
229 1979 1554 0
231 83 237 0
232 22 426 0
232 150 627 0
233 84 626 0
233 626 1410 0
234 628 1180 0
234 629 1438 0
234 1180 1181 0
235 231 237 0
236 1198 1593 0
236 1590 1198 0
236 1593 641 0
237 83 636 0
237 636 637 0
237 637 639 0
237 639 235 0
238 21 2219 0
238 640 1197 0
239 641 1593 0
239 642 1450 0
240 651 1201 0
240 1201 1595 0
241 652 1207 0
241 1601 653 0
242 653 1601 0
243 242 657 0
243 656 242 0
243 657 669 0
244 659 681 0
244 661 1603 0
244 1210 659 0
245 260 684 0
245 684 1606 0
246 88 664 0
246 664 1607 0
246 667 1219 0
247 88 672 0
247 672 1411 0
248 667 1209 0
249 87 1216 0
249 1213 1608 0
250 672 1220 0
250 1610 1877 0
251 151 429 0
251 1614 680 0
252 152 432 0
252 328 771 0
252 432 768 0
253 90 674 0
253 151 428 0
253 428 2128 0
253 688 1225 0
254 58 427 0
254 90 434 0
254 427 674 0
254 434 435 0
255 13 304 0
255 304 436 0
255 435 434 0
256 194 677 0
256 676 1598 0
256 1221 675 0
257 678 682 0
258 27 1612 0
258 1222 1611 0
258 1855 1222 0
259 92 685 0
260 245 687 0
260 259 684 0
260 687 1202 0
260 1202 1203 0
261 92 1596 0
261 1596 2127 0
262 93 1469 0
262 690 1226 0
263 14 468 0
263 468 1012 0
264 15 693 0
264 693 694 0
265 95 266 0
265 199 95 0
266 28 265 0
266 95 1228 0
266 1620 690 0
268 1052 1058 0
268 1058 2215 0
268 1805 196 0
269 1097 565 0
269 1805 267 0
270 272 692 0
271 29 535 0
271 535 1064 0
271 692 1616 0
272 14 263 0
272 263 691 0
272 691 1618 0
274 696 1233 0
274 700 1229 0
275 699 1229 0
275 700 702 0
275 702 1859 0
276 187 705 0
276 705 1066 0
276 706 1233 0
276 1066 1504 0
277 7 703 0
277 703 704 0
278 97 1232 0
279 32 707 0
279 707 1506 0
280 98 531 0
281 12 465 0
281 465 1462 0
281 1773 1008 0
282 33 710 0
282 1472 712 0
283 30 290 0
283 100 1234 0
283 290 291 0
284 100 715 0
284 282 711 0
284 715 1862 0
285 11 749 0
285 749 2131 0
286 1237 717 0
287 1238 1243 0
287 1239 1630 0
287 1243 1858 0
288 34 292 0
288 292 293 0
289 1230 7 0
290 30 697 0
290 103 291 0
290 697 698 0
293 104 718 0
293 718 1626 0
293 1253 104 0
294 281 721 0
294 719 724 0
295 105 300 0
295 294 724 0
295 300 301 0
296 1257 1631 0
296 1632 1257 0
297 106 1275 0
297 733 740 0
297 740 1258 0
298 35 319 0
298 319 1642 0
299 106 1258 0
299 722 1251 0
299 1251 732 0
299 1258 105 0
302 356 358 0
303 355 1351 0
303 1259 1030 0
304 13 735 0
304 107 436 0
304 735 1263 0
305 107 738 0
305 153 437 0
305 738 739 0
306 737 1266 0
306 738 1262 0
306 1266 739 0
307 301 308 0
307 463 465 0
307 1264 463 0
308 300 740 0
308 301 300 0
308 2002 108 0
309 2122 2220 0
310 109 1267 0
310 1267 1639 0
311 744 1638 0
312 110 746 0
313 111 745 0
313 1280 2168 0
315 313 747 0
315 1242 111 0
316 111 1241 0
317 1273 1871 0
318 35 1240 0
318 112 753 0
318 1624 112 0
319 318 753 0
319 753 1271 0
319 1271 2044 0
320 1033 1487 0
321 1875 1646 0
322 757 1648 0
322 780 1654 0
323 43 766 0
323 114 760 0
323 761 43 0
323 766 1386 0
324 763 1283 0
324 882 883 0
325 764 1721 0
325 1292 772 0
325 1721 2178 0
326 1294 1400 0
326 1400 1726 0
326 1661 1294 0
326 1726 766 0
327 768 1350 0
327 1291 1289 0
327 1350 1897 0
328 327 1289 0
328 1289 1652 0
329 773 1653 0
329 1653 116 0
330 774 801 0
330 801 1673 0
330 1673 1895 0
331 776 2158 0
331 1299 776 0
331 1885 1887 0
332 777 2186 0
332 779 1296 0
332 1296 1306 0
332 1654 780 0
333 322 1654 0
333 1660 757 0
334 783 1664 0
334 784 1300 0
334 1300 1657 0
335 789 788 0
336 795 1315 0
336 1312 2222 0
336 1314 1369 0
336 1369 1667 0
336 1667 1312 0
337 793 800 0
337 794 2188 0
337 1324 803 0
338 798 1327 0
338 799 1320 0
338 1896 799 0
339 1322 1670 0
340 803 1324 0
340 1341 2154 0
341 806 808 0
341 1676 1677 0
341 1677 2179 0
342 120 846 0
342 346 46 0
342 846 1364 0
342 1364 346 0
343 46 813 0
343 813 1906 0
343 814 121 0
344 121 345 0
344 345 349 0
344 351 9 0
345 121 814 0
345 814 790 0
346 122 813 0
346 1364 1710 0
347 817 1343 0
347 1343 1344 0
347 1344 1898 0
348 47 350 0
348 350 1688 0
348 824 826 0
349 124 351 0
349 351 344 0
349 821 1346 0
350 47 832 0
350 124 1688 0
351 124 1354 0
351 1354 2115 0
351 2115 9 0
352 354 826 0
353 361 362 0
353 362 2123 0
353 1336 1689 0
354 125 360 0
354 352 823 0
354 360 2180 0
355 36 837 0
355 357 1351 0
355 838 357 0
356 303 1351 0
356 734 303 0
357 827 829 0
357 829 830 0
358 830 955 0
358 955 438 0
359 126 370 0
359 354 2180 0
359 826 354 0
360 125 2173 0
360 126 2180 0
361 353 825 0
361 433 950 0
361 825 949 0
362 950 127 0
363 127 831 0
363 364 829 0
364 363 831 0
364 831 1430 0
365 48 1695 0
365 128 844 0
366 128 485 0
366 485 487 0
367 359 370 0
367 835 129 0
368 350 832 0
368 1907 1354 0
369 129 835 0
369 1357 1693 0
370 835 367 0
372 839 1360 0
372 1360 1362 0
374 131 1353 0
375 133 844 0
377 134 1378 0
377 860 1374 0
377 1378 2025 0
378 41 1377 0
378 134 847 0
378 847 2217 0
378 1377 2190 0
378 2217 811 0
379 1365 2223 0
379 1667 1369 0
379 1891 1667 0
379 1892 1891 0
380 50 1705 0
380 135 852 0
380 852 1709 0
381 850 858 0
381 858 1372 0
381 1372 852 0
382 856 1371 0
382 859 1373 0
383 50 1709 0
383 859 2023 0
384 1391 864 0
385 137 862 0
386 875 138 0
387 388 1377 0
387 395 877 0
387 876 395 0
388 387 865 0
388 865 867 0
388 2190 1377 0
389 386 51 0
389 405 406 0
389 1379 1918 0
390 1367 1703 0
390 1381 1913 0
391 874 1384 0
391 1706 1707 0
392 140 1712 0
393 138 875 0
395 141 877 0
396 139 2189 0
396 865 877 0
396 878 1385 0
397 142 398 0
397 871 874 0
398 905 871 0
399 880 1401 0
399 881 1714 0
400 890 887 0
400 891 890 0
401 409 893 0
401 887 894 0
401 893 895 0
401 895 896 0
402 143 1716 0
402 898 1395 0
402 1718 143 0
403 402 1716 0
403 1716 1722 0
403 1722 1723 0
404 53 884 0
404 884 885 0
404 885 1388 0
405 385 862 0
406 405 862 0
406 862 863 0
406 1379 389 0
407 1379 1376 0
407 1406 868 0
408 144 888 0
408 888 889 0
409 54 893 0
409 144 908 0
409 401 894 0
410 145 910 0
410 909 920 0
410 1733 909 0
411 910 912 0
411 1410 911 0
412 5 1410 0
414 923 1416 0
415 412 417 0
416 1737 1736 0
417 412 925 0
417 1738 1737 0
418 148 1740 0
419 148 2214 0
419 1420 1740 0
420 56 1390 0
420 1390 1420 0
421 56 922 0
421 922 1416 0
421 1387 930 0
421 1416 929 0
422 939 1741 0
423 938 1425 0
423 941 1186 0
424 915 1412 0
424 1424 939 0
425 150 1191 0
425 627 150 0
425 633 57 0
425 911 627 0
426 235 1192 0
427 58 431 0
427 151 674 0
427 431 948 0
428 251 680 0
429 151 948 0
429 152 430 0
429 430 251 0
430 252 771 0
431 58 1748 0
431 152 948 0
431 1748 1429 0
432 8 768 0
432 152 952 0
433 361 949 0
433 949 952 0
433 952 1749 0
434 560 255 0
435 255 953 0
436 107 437 0
436 437 954 0
436 953 255 0
437 153 954 0
438 37 358 0
438 153 37 0
439 154 472 0
439 1432 960 0
440 956 1431 0
440 1431 2138 0
441 959 961 0
441 961 1433 0
441 1432 1528 0
441 1528 1827 0
442 963 1752 0
442 964 1565 0
442 967 965 0
442 1752 967 0
443 966 967 0
444 969 443 0
445 211 971 0
446 59 957 0
446 157 452 0
446 957 2139 0
447 959 977 0
447 976 2140 0
447 977 991 0
448 978 1757 0
448 1559 1562 0
448 1757 2035 0
448 2035 1451 0
449 981 1560 0
449 982 1439 0
449 1560 1574 0
450 1441 1446 0
450 1446 1449 0
450 1779 1775 0
451 987 1762 0
451 2035 2034 0
452 157 992 0
453 60 990 0
453 160 991 0
453 990 997 0
453 998 160 0
454 1453 1761 0
455 988 993 0
455 993 1761 0
455 994 1557 0
456 76 1120 0
456 161 457 0
457 161 502 0
457 502 503 0
457 503 513 0
458 1000 1458 0
458 1001 1765 0
458 1002 1457 0
459 6 1766 0
459 1456 1460 0
459 1459 207 0
460 162 1115 0
461 162 1461 0
461 1461 1767 0
462 975 1973 0
462 1005 975 0
462 1114 1006 0
462 1973 1114 0
463 1261 1007 0
463 1471 465 0
464 1015 1471 0
464 1463 1014 0
464 1471 1007 0
464 1866 1463 0
464 1944 1015 0
466 194 675 0
466 675 1464 0
467 14 708 0
468 164 1468 0
469 99 1016 0
469 1017 164 0
470 17 1828 0
471 165 1018 0
471 1018 1474 0
472 1828 439 0
473 61 2181 0
473 2181 2221 0
474 167 1019 0
474 475 2181 0
474 1021 167 0
474 1474 1021 0
475 474 1019 0
475 1019 1026 0
475 1026 2161 0
476 440 2138 0
476 957 1020 0
476 1020 1473 0
477 168 1781 0
478 166 1022 0
478 168 2120 0
478 1783 1781 0
479 62 481 0
479 481 482 0
480 169 1946 0
481 62 1478 0
482 481 2182 0
482 1476 2039 0
483 484 1473 0
483 1024 1778 0
483 1778 2183 0
484 483 1027 0
484 1025 1473 0
484 1027 1479 0
485 128 843 0
486 1028 1694 0
486 1038 1512 0
487 485 1028 0
488 36 490 0
488 172 836 0
488 490 1031 0
488 836 837 0
489 63 839 0
489 839 840 0
490 1030 1793 0
491 1034 1949 0
491 1036 492 0
492 1034 491 0
492 1036 1516 0
492 1084 1818 0
493 63 1029 0
493 1029 1480 0
493 1480 1514 0
493 1514 1815 0
494 524 523 0
494 525 495 0
494 1042 525 0
495 1070 524 0
496 174 1054 0
496 507 174 0
496 1051 1052 0
497 516 1039 0
497 523 1498 0
497 1497 517 0
497 1498 1497 0
498 567 67 0
501 175 1002 0
501 1002 1766 0
502 161 1454 0
503 502 1764 0
504 66 1001 0
504 176 1041 0
504 1001 1457 0
505 504 1041 0
506 505 1490 0
506 1490 1039 0
507 268 196 0
507 1052 268 0
507 1098 1040 0
508 177 509 0
508 226 511 0
508 604 226 0
509 2124 1099 0
510 67 567 0
510 197 568 0
510 512 514 0
510 568 2124 0
512 178 514 0
512 510 2124 0
512 511 1045 0
513 178 1045 0
513 503 515 0
514 178 1496 0
514 1496 1800 0
515 503 1764 0
515 1046 1496 0
516 506 1039 0
516 1799 506 0
517 498 516 0
517 516 497 0
517 1040 498 0
518 31 530 0
518 179 545 0
518 530 1047 0
518 1047 1049 0
519 68 1048 0
519 179 1050 0
519 1048 1508 0
519 1050 1802 0
521 1057 1499 0
522 1054 1498 0
522 1057 527 0
522 1498 1499 0
523 497 1039 0
524 494 495 0
525 181 1071 0
526 182 1056 0
526 185 1059 0
526 1056 1804 0
527 182 528 0
527 1057 2225 0
528 182 1060 0
529 537 1065 0
529 1806 1501 0
530 183 1047 0
530 280 531 0
531 98 1506 0
531 183 530 0
531 1067 1807 0
532 71 538 0
532 184 2212 0
532 541 184 0
532 1963 71 0
533 30 1062 0
533 184 541 0
534 566 267 0
534 1805 2198 0
535 1063 1809 0
535 1809 1810 0
536 534 2198 0
536 1063 534 0
536 1501 1806 0
537 71 1065 0
537 185 1069 0
537 1059 185 0
538 537 1069 0
538 1069 1966 0
539 186 707 0
539 278 1232 0
540 533 541 0
540 541 1068 0
540 696 697 0
542 188 1966 0
543 188 1811 0
543 1507 1966 0
543 1811 705 0
544 518 545 0
544 545 2230 0
545 179 1508 0
546 189 1055 0
546 190 180 0
548 73 1055 0
548 1072 1508 0
549 68 1053 0
549 191 1048 0
549 1053 1070 0
551 2170 1510 0
552 1074 2046 0
552 1967 2170 0
553 1076 2174 0
554 193 2184 0
555 1077 2143 0
555 1078 2144 0
555 2143 2171 0
555 2192 1077 0
556 1073 1509 0
556 1079 2142 0
556 1080 1816 0
557 1814 1968 0
558 1465 675 0
558 1594 645 0
559 1085 1517 0
559 1090 1204 0
559 1204 1206 0
560 434 677 0
561 562 1093 0
561 1089 1517 0
562 561 1087 0
562 1087 1092 0
562 1092 1094 0
562 1094 1770 0
563 15 1096 0
563 195 564 0
563 1096 1494 0
564 195 1097 0
564 693 563 0
565 1798 75 0
566 534 29 0
566 695 96 0
567 498 1040 0
567 1040 1098 0
568 197 1493 0
568 1099 2124 0
569 75 1798 0
569 197 1098 0
570 198 571 0
570 1520 198 0
571 198 1518 0
571 1085 689 0
572 28 1519 0
572 265 28 0
572 573 265 0
572 1819 573 0
574 201 608 0
574 575 201 0
574 608 1130 0
575 570 689 0
575 574 570 0
575 607 201 0
576 1100 1103 0
576 1103 1820 0
576 1820 1821 0
577 1520 1101 0
578 590 591 0
578 1434 590 0
579 583 1105 0
579 1831 583 0
580 581 1138 0
580 1104 1105 0
580 1105 581 0
580 1138 1156 0
582 204 1525 0
582 1122 204 0
584 202 1106 0
584 1106 585 0
584 1137 2205 0
585 204 600 0
586 601 602 0
588 1110 1534 0
588 1529 210 0
589 79 594 0
589 212 967 0
589 594 595 0
590 212 591 0
590 964 965 0
591 212 595 0
591 595 1111 0
591 1111 1535 0
592 80 1112 0
592 213 594 0
592 1112 1113 0
593 213 1113 0
593 1111 213 0
593 1113 1831 0
594 213 595 0
595 213 1111 0
596 1539 1117 0
597 206 1118 0
597 1117 1541 0
597 1118 1540 0
598 971 211 0
599 220 1971 0
599 1123 1543 0
600 204 1122 0
600 1122 1834 0
600 1543 1123 0
601 586 1124 0
601 599 1971 0
601 1123 599 0
602 601 1971 0
602 1102 1826 0
603 20 221 0
603 81 1126 0
603 1126 1822 0
604 20 1128 0
604 508 20 0
604 1128 1833 0
606 227 656 0
606 656 658 0
606 658 1164 0
606 1132 1133 0
606 1164 1132 0
607 649 650 0
609 1546 1547 0
609 1547 1835 0
610 228 1169 0
610 619 1172 0
612 622 621 0
612 1411 622 0
613 624 2203 0
613 1143 624 0
614 1149 1561 0
614 1558 2053 0
614 1561 1980 0
615 1151 1153 0
615 1153 1837 0
616 1567 1575 0
616 1573 1571 0
616 1843 1567 0
617 1989 1988 0
618 1145 2185 0
618 1146 1145 0
618 1163 1166 0
618 1164 1146 0
619 610 1169 0
619 1173 1581 0
619 1580 1173 0
620 624 1176 0
620 1163 2185 0
620 1576 1163 0
620 2185 2203 0
621 623 1175 0
621 1143 612 0
621 1175 1143 0
622 1411 915 0
623 935 936 0
623 936 1422 0
623 2062 1175 0
624 620 2203 0
624 1143 1175 0
625 1174 1177 0
626 84 627 0
626 911 1410 0
627 911 626 0
628 85 1184 0
628 234 982 0
628 982 2191 0
629 234 1181 0
630 85 1566 0
630 1566 1568 0
631 2056 632 0
632 1174 1189 0
632 1189 631 0
634 633 1588 0
634 943 1193 0
634 1193 57 0
635 236 641 0
635 641 643 0
635 643 1196 0
635 1195 1991 0
635 1196 1591 0
636 230 1197 0
636 1197 1592 0
637 636 1592 0
637 638 1198 0
637 1198 639 0
638 642 1593 0
639 1192 235 0
640 238 1442 0
641 239 643 0
642 239 1593 0
642 1443 1450 0
643 239 1448 0
643 1448 1759 0
644 1202 1595 0
644 1595 1200 0
644 1597 1599 0
645 646 1204 0
645 1090 1091 0
645 1091 558 0
646 648 1204 0
646 1205 648 0
646 1597 1200 0
647 86 652 0
647 648 1205 0
648 647 1600 0
649 575 689 0
649 607 575 0
649 689 1086 0
649 1086 1600 0
649 1600 650 0
651 86 1201 0
651 240 25 0
652 241 1129 0
652 650 647 0
653 1129 241 0
653 1545 1129 0
654 87 657 0
654 242 1601 0
654 1601 1602 0
655 242 656 0
655 653 242 0
656 243 658 0
657 87 249 0
657 242 654 0
657 249 669 0
659 1223 683 0
660 89 663 0
661 24 668 0
661 244 678 0
661 668 1603 0
661 678 679 0
662 89 248 0
662 248 1209 0
663 1210 660 0
663 1211 1210 0
663 1215 1853 0
664 88 666 0
665 613 1144 0
665 664 666 0
665 1143 613 0
665 1144 1607 0
665 1607 664 0
666 247 612 0
666 612 1143 0
667 248 1218 0
667 1218 1219 0
667 2211 1209 0
668 24 759 0
668 759 1647 0
669 249 1608 0
669 1608 1551 0
670 1215 1604 0
670 1216 1852 0
670 1604 1609 0
671 1286 1649 0
671 1415 413 0
673 918 250 0
673 1217 917 0
675 1221 558 0
675 1465 1464 0
676 90 1225 0
676 256 677 0
676 1225 1993 0
676 1993 1598 0
677 434 90 0
678 244 681 0
678 257 679 0
678 681 682 0
679 257 778 0
679 1296 24 0
680 1855 1612 0
681 659 683 0
681 683 1224 0
681 1224 682 0
682 91 786 0
682 1224 91 0
683 259 1224 0
683 684 259 0
684 683 1223 0
684 1223 1606 0
685 92 261 0
685 261 686 0
685 1224 259 0
686 91 685 0
686 258 1611 0
687 240 1595 0
687 245 25 0
688 253 2128 0
689 570 571 0
689 1085 1086 0
690 262 1094 0
690 1092 28 0
691 1012 93 0
691 1226 1619 0
692 272 1618 0
692 1064 270 0
693 564 273 0
694 693 273 0
695 271 1616 0
695 566 29 0
695 1616 1615 0
696 274 697 0
696 1068 187 0
697 274 698 0
698 274 1229 0
699 275 701 0
699 698 1229 0
699 716 103 0
700 275 1229 0
700 706 1231 0
700 1231 702 0
701 275 1622 0
701 716 699 0
702 1230 1625 0
702 1625 1859 0
703 1230 1231 0
704 1231 1504 0
704 1504 1232 0
705 186 1066 0
706 274 1233 0
706 700 274 0
706 1504 1231 0
707 186 1067 0
707 1067 1506 0
708 709 2084 0
708 2084 1857 0
709 270 1064 0
709 708 14 0
711 282 1623 0
711 2045 1235 0
712 99 1857 0
712 1472 1016 0
712 1623 282 0
713 1237 2129 0
713 1238 1256 0
713 1256 2000 0
713 2129 2130 0
713 2145 1238 0
714 1241 1242 0
714 1243 2132 0
714 2176 1241 0
715 1244 1999 0
716 1999 1244 0
717 1237 2000 0
717 1629 34 0
718 104 728 0
718 728 1621 0
718 1859 1626 0
719 294 721 0
719 1860 1245 0
719 2208 726 0
720 701 1622 0
720 1246 701 0
721 281 1008 0
721 1860 719 0
721 1998 2093 0
721 2093 1860 0
722 105 1248 0
722 299 105 0
722 1248 1863 0
723 298 732 0
723 732 1251 0
724 719 726 0
725 729 1250 0
725 1247 1249 0
725 1250 2208 0
727 1252 1634 0
728 104 1632 0
728 296 729 0
729 296 730 0
729 725 1249 0
730 296 1631 0
731 1255 1864 0
731 1257 1633 0
732 106 299 0
732 752 106 0
733 297 1275 0
733 1784 1865 0
734 302 1265 0
734 356 302 0
734 1259 303 0
734 1265 2196 0
735 163 1260 0
735 736 1263 0
736 735 1260 0
736 1260 1866 0
736 1261 1262 0
736 1262 1263 0
737 306 1262 0
737 1261 1264 0
738 107 1263 0
738 306 739 0
739 1266 1265 0
740 2001 308 0
741 4 2116 0
741 554 2184 0
741 2116 554 0
741 2184 2122 0
743 314 744 0
744 311 743 0
744 314 1268 0
744 1268 1281 0
744 1281 1638 0
745 312 746 0
745 316 312 0
745 1280 313 0
747 313 2168 0
747 750 315 0
748 1267 2133 0
748 2133 1270 0
749 316 1241 0
749 1241 2176 0
750 747 40 0
750 1871 1640 0
751 1271 1273 0
751 1273 1274 0
751 1274 1644 0
752 298 1642 0
752 732 298 0
752 1642 1956 0
754 320 1487 0
754 755 1277 0
755 754 113 0
755 1875 321 0
755 2134 1277 0
756 1278 2147 0
756 1646 1875 0
756 1867 1281 0
756 1875 1279 0
757 322 333 0
757 1297 762 0
758 24 779 0
758 779 780 0
758 1282 2069 0
759 758 2069 0
759 2004 1647 0
760 114 1283 0
760 761 323 0
760 1283 1285 0
762 761 1876 0
762 1648 757 0
762 1876 2094 0
763 324 1284 0
763 2067 1878 0
764 325 772 0
764 772 1293 0
764 1398 1721 0
765 766 43 0
765 1661 326 0
765 1886 2016 0
766 765 326 0
767 1328 1303 0
767 1331 808 0
767 1675 1328 0
768 8 1350 0
768 327 328 0
768 328 252 0
769 1289 1291 0
769 2063 1996 0
770 251 430 0
770 430 771 0
770 771 1652 0
770 1614 251 0
770 1997 1614 0
771 328 1652 0
772 1292 1653 0
773 329 1313 0
773 1293 772 0
773 1892 1293 0
774 330 1301 0
774 1330 801 0
775 325 2135 0
775 331 1292 0
775 1885 331 0
777 332 1306 0
777 1302 2186 0
777 1306 1307 0
778 257 787 0
778 787 788 0
778 788 1296 0
778 1296 679 0
779 332 780 0
780 1282 758 0
781 333 1654 0
781 1654 2186 0
781 1663 2202 0
781 2202 333 0
782 1301 1883 0
782 1305 44 0
783 334 1657 0
783 1657 1663 0
784 334 1304 0
784 782 1300 0
784 785 1305 0
784 1304 1889 0
785 784 1889 0
785 1328 1305 0
786 91 1611 0
786 787 682 0
787 257 682 0
787 335 788 0
787 1613 335 0
788 789 1306 0
790 349 345 0
790 821 349 0
791 820 1308 0
791 1309 1666 0
791 1666 1685 0
792 1311 1684 0
792 1906 1339 0
793 856 857 0
793 857 1323 0
793 2188 856 0
794 45 854 0
794 337 803 0
794 803 805 0
794 854 2188 0
795 336 2222 0
795 1319 1315 0
796 1312 1317 0
796 1316 1668 0
796 1894 1671 0
797 1318 1893 0
797 1321 2187 0
798 338 2187 0
798 804 1327 0
798 2160 2136 0
799 118 1319 0
799 1319 1320 0
800 793 1323 0
800 1323 1896 0
801 339 1670 0
801 1330 339 0
801 1670 1673 0
802 119 1321 0
802 809 1334 0
802 1321 1322 0
802 1322 2169 0
803 2154 805 0
804 798 2136 0
804 1674 1327 0
804 2136 2153 0
806 341 1329 0
806 767 808 0
806 2193 1675 0
807 339 1330 0
807 1330 2193 0
807 2169 339 0
808 1331 1678 0
809 802 1332 0
809 1332 2148 0
809 2150 2151 0
810 1335 1681 0
810 1681 1682 0
810 1682 1900 0
813 122 1339 0
813 1339 1906 0
814 343 1906 0
814 1684 790 0
815 122 861 0
815 792 1339 0
815 861 816 0
815 1310 792 0
816 45 1309 0
816 861 1375 0
816 1309 1310 0
816 1310 815 0
817 347 1348 0
817 1685 1343 0
818 1687 2152 0
819 1342 1345 0
819 1343 1666 0
819 1345 1687 0
821 790 1311 0
821 1311 1308 0
822 1338 2020 0
822 1348 1680 0
823 352 1899 0
823 1681 1335 0
824 123 1349 0
824 348 1347 0
824 352 826 0
825 8 949 0
825 353 1689 0
826 359 47 0
827 1908 2022 0
828 360 1352 0
829 364 830 0
829 1355 363 0
830 358 356 0
830 364 955 0
831 950 951 0
831 951 1430 0
832 1907 368 0
833 373 1354 0
834 129 369 0
834 1356 48 0
835 370 1357 0
836 172 840 0
836 371 837 0
836 840 841 0
836 841 371 0
837 838 355 0
838 371 1908 0
838 827 357 0
838 837 371 0
839 63 1358 0
839 372 840 0
839 1358 1360 0
840 372 841 0
840 1961 489 0
841 130 371 0
841 372 842 0
842 372 1362 0
843 128 1361 0
843 1360 1694 0
843 1694 485 0
845 377 1374 0
845 1374 1912 0
846 1696 1699 0
847 1696 1910 0
847 1910 2217 0
848 135 1700 0
848 381 852 0
848 852 135 0
848 1365 1370 0
848 1370 381 0
849 42 1892 0
849 379 1382 0
849 1382 1720 0
850 118 857 0
850 381 851 0
850 857 858 0
851 381 1370 0
851 1315 1319 0
852 1372 1709 0
853 136 1371 0
853 1697 136 0
854 816 1375 0
854 855 2188 0
855 853 1371 0
855 854 1375 0
855 856 2188 0
855 1375 853 0
856 382 857 0
856 855 1371 0
857 118 1323 0
857 382 858 0
858 382 1373 0
859 382 1371 0
860 377 2025 0
860 383 1698 0
860 2025 2200 0
861 1911 1375 0
862 137 864 0
863 54 1376 0
864 863 862 0
865 387 877 0
865 396 2189 0
866 134 2190 0
866 388 1711 0
867 865 2189 0
867 1711 388 0
867 1916 1711 0
869 1380 1701 0
869 1381 1719 0
869 1701 1913 0
870 873 1729 0
870 1729 902 0
871 397 398 0
871 905 1405 0
872 391 1707 0
872 874 391 0
872 1707 1916 0
872 2189 139 0
873 391 1384 0
874 871 1384 0
874 872 139 0
875 386 389 0
875 1712 393 0
876 387 1377 0
877 878 396 0
878 394 879 0
878 877 141 0
878 879 1385 0
880 399 882 0
880 1386 1725 0
881 399 1401 0
881 1387 1714 0
881 1401 1919 0
881 1919 1920 0
882 399 883 0
882 1283 114 0
883 399 1714 0
884 889 927 0
885 884 1389 0
885 1389 1921 0
885 1921 1724 0
886 881 1920 0
886 926 930 0
886 930 1387 0
887 888 894 0
888 144 894 0
889 884 53 0
889 888 890 0
889 890 927 0
890 888 887 0
890 891 926 0
891 400 892 0
891 928 926 0
892 56 928 0
892 400 1419 0
893 863 895 0
895 863 864 0
895 864 1391 0
896 887 401 0
896 895 1391 0
896 1739 887 0
897 1395 1399 0
897 1399 2155 0
898 402 403 0
898 403 1723 0
898 1923 899 0
899 1399 898 0
899 2155 1399 0
900 115 2178 0
900 899 1923 0
900 1923 1924 0
900 2178 2155 0
901 1401 1725 0
901 1402 1921 0
901 1403 1925 0
902 1703 870 0
902 1729 2075 0
902 2028 2137 0
903 390 1383 0
903 1383 2137 0
903 1393 390 0
903 1717 1727 0
903 1730 1717 0
904 1730 1404 0
905 398 868 0
905 868 1406 0
906 1407 53 0
906 2074 1408 0
907 54 409 0
907 908 1928 0
907 1928 1927 0
908 144 1407 0
908 907 409 0
908 1407 1408 0
908 1408 1928 0
909 1733 1428 0
909 1929 920 0
910 145 912 0
910 411 1732 0
910 1732 1733 0
910 1733 410 0
911 57 1732 0
911 425 57 0
911 1732 411 0
912 412 1410 0
912 925 412 0
913 1424 424 0
913 2209 146 0
914 250 918 0
914 672 250 0
914 915 1411 0
914 918 1412 0
914 1411 672 0
915 424 934 0
915 914 1412 0
916 1428 940 0
917 1286 1413 0
917 1413 1414 0
918 673 917 0
918 1414 2209 0
919 413 1415 0
919 921 1413 0
919 2224 921 0
921 1929 1414 0
922 56 924 0
923 919 1415 0
923 1417 919 0
924 420 2077 0
924 2029 922 0
924 2077 2029 0
925 145 2098 0
925 912 145 0
925 2098 1738 0
926 886 927 0
926 927 890 0
927 1389 884 0
928 891 892 0
928 930 926 0
930 928 421 0
931 149 1182 0
931 945 149 0
931 1182 1185 0
931 1185 1183 0
932 149 1849 0
932 1195 1591 0
932 1849 1195 0
933 629 1178 0
934 424 939 0
934 622 915 0
934 935 622 0
935 422 936 0
935 621 622 0
935 623 621 0
935 934 422 0
936 2031 1422 0
937 1741 1742 0
937 1742 1934 0
937 1744 2031 0
937 2031 1423 0
938 939 1425 0
938 1742 1741 0
939 422 934 0
939 938 1741 0
939 1424 1425 0
940 1426 1747 0
940 1428 946 0
940 1747 916 0
941 423 1425 0
941 947 942 0
941 1425 1426 0
942 947 943 0
942 1186 941 0
944 943 1589 0
945 931 1183 0
945 944 1848 0
945 1183 1427 0
946 941 1426 0
946 1731 947 0
947 941 946 0
947 1731 1193 0
949 432 952 0
950 362 361 0
950 433 951 0
950 831 127 0
951 433 1749 0
951 1749 1750 0
952 1429 1749 0
953 58 435 0
953 436 954 0
954 153 1751 0
955 364 1430 0
956 154 960 0
956 440 1021 0
957 59 1020 0
957 476 2138 0
957 958 2139 0
958 957 2138 0
958 1431 1433 0
958 1433 2141 0
959 441 1827 0
959 447 961 0
960 154 439 0
960 1431 956 0
960 1432 1433 0
961 447 2140 0
961 2140 2141 0
962 155 996 0
962 968 1435 0
962 996 1563 0
963 442 1565 0
964 442 965 0
964 1434 1978 0
966 443 969 0
966 589 967 0
967 1752 443 0
968 444 1435 0
968 962 973 0
968 973 972 0
969 156 970 0
969 444 974 0
969 970 966 0
970 598 79 0
971 598 970 0
971 1829 445 0
972 444 968 0
972 974 444 0
972 1753 1938 0
973 60 1753 0
973 990 60 0
974 1829 156 0
975 211 445 0
975 445 1533 0
975 1005 19 0
975 1533 1973 0
976 157 2140 0
976 991 454 0
976 1452 992 0
977 453 991 0
977 959 1436 0
978 158 1941 0
978 448 1562 0
978 1562 2195 0
978 1941 1757 0
979 1199 2036 0
979 2036 158 0
980 628 2191 0
980 1574 1575 0
980 1575 1154 0
981 449 1439 0
981 1437 2195 0
981 2195 1838 0
982 234 1438 0
982 449 2191 0
983 1440 2034 0
983 1441 1776 0
983 2034 1445 0
984 1442 1780 0
984 1779 1444 0
985 1445 1940 0
985 1757 1941 0
985 1940 1757 0
986 1447 1760 0
986 1448 1450 0
986 1450 1756 0
987 159 989 0
987 989 1762 0
987 2034 1440 0
988 451 993 0
988 455 995 0
988 1451 451 0
989 452 992 0
989 992 1452 0
989 1452 1762 0
990 962 1563 0
990 973 962 0
991 976 447 0
993 451 1762 0
993 1452 1761 0
994 455 1761 0
994 1453 1982 0
995 455 1557 0
995 1559 1451 0
996 155 1151 0
996 1151 1152 0
997 1983 998 0
998 453 997 0
998 1982 1453 0
999 1120 1832 0
999 1763 1454 0
999 1832 1121 0
1000 1455 1456 0
1000 1456 1458 0
1001 458 1457 0
1001 1764 1765 0
1002 458 1458 0
1002 1458 1766 0
1003 1006 215 0
1003 1459 1942 0
1004 216 461 0
1004 461 1767 0
1004 1455 1763 0
1004 1763 1121 0
1005 462 1768 0
1006 1003 1942 0
1007 1866 464 0
1008 1773 710 0
1009 13 560 0
1009 163 13 0
1009 194 466 0
1009 466 1010 0
1009 1010 163 0
1010 466 1769 0
1010 1463 163 0
1010 1769 2079 0
1011 1464 1465 0
1011 1465 1095 0
1011 1466 1467 0
1011 1943 1464 0
1012 691 263 0
1012 1468 1470 0
1013 1466 1770 0
1013 1469 1470 0
1013 1470 1772 0
1014 2080 1944 0
1015 1944 1017 0
1016 2038 469 0
1017 1771 164 0
1017 2038 1015 0
1018 154 1021 0
1018 1021 1474 0
1019 167 1025 0
1019 1025 1026 0
1020 1024 1473 0
1021 440 167 0
1022 473 2221 0
1023 1475 1779 0
1023 1476 1777 0
1023 1477 2039 0
1024 59 1755 0
1024 483 1473 0
1025 476 1473 0
1025 484 1026 0
1026 484 1479 0
1027 483 2183 0
1028 485 1694 0
1028 486 171 0
1030 36 303 0
1030 490 36 0
1030 1481 1793 0
1031 1484 1486 0
1031 1793 1484 0
1032 1485 1796 0
1032 1786 2166 0
1032 1792 1959 0
1033 320 1489 0
1033 1488 2040 0
1034 492 1037 0
1034 1037 1785 0
1034 1785 1787 0
1034 1787 1949 0
1035 38 1036 0
1035 491 1488 0
1035 1488 1489 0
1036 38 1513 0
1036 491 1035 0
1036 1513 1516 0
1037 492 1818 0
1037 1948 1785 0
1038 486 1358 0
1038 493 1815 0
1039 1490 1492 0
1040 174 507 0
1040 517 174 0
1041 499 1491 0
1041 1491 1797 0
1042 64 525 0
1042 494 1492 0
1042 1491 2216 0
1042 1492 1797 0
1043 1044 1495 0
1044 1043 1099 0
1044 1494 1495 0
1044 1798 1494 0
1046 66 506 0
1046 506 1799 0
1046 515 1764 0
1046 1764 66 0
1047 520 1049 0
1048 73 548 0
1048 548 1508 0
1049 520 1962 0
1050 1049 1962 0
1051 522 527 0
1051 527 528 0
1051 528 1052 0
1051 1054 522 0
1052 507 496 0
1052 528 1058 0
1053 521 1499 0
1053 1499 524 0
1054 174 1497 0
1054 1051 496 0
1055 72 548 0
1055 190 546 0
1056 527 2225 0
1057 521 1500 0
1057 522 1499 0
1057 1500 1803 0
1057 1803 2225 0
1058 528 1060 0
1058 1060 1501 0
1058 1501 2215 0
1059 529 1060 0
1059 537 529 0
1060 529 1501 0
1061 70 1801 0
1061 1502 1505 0
1062 184 533 0
1062 283 1234 0
1063 29 534 0
1063 536 1503 0
1063 1503 1809 0
1064 535 1810 0
1064 692 271 0
1064 1810 709 0
1066 539 1232 0
1067 186 1811 0
1067 531 1506 0
1067 1505 1807 0
1068 541 1812 0
1068 696 540 0
1068 705 187 0
1068 1507 705 0
1069 542 1966 0
1070 191 549 0
1070 1053 524 0
1071 181 2118 0
1071 191 1070 0
1071 495 525 0
1071 1070 495 0
1072 545 1508 0
1072 2230 545 0
1073 556 2142 0
1073 1510 1813 0
1074 487 171 0
1074 550 487 0
1074 552 2218 0
1074 2218 550 0
1075 193 2126 0
1075 2126 2174 0
1075 2174 2192 0
1075 2184 193 0
1076 1079 1816 0
1076 2114 1079 0
1077 2174 1076 0
1078 555 2171 0
1078 2048 1817 0
1079 74 2142 0
1079 556 1816 0
1079 2114 74 0
1080 556 1509 0
1080 1077 1816 0
1080 1081 2143 0
1080 1511 1081 0
1080 2143 1077 0
1082 173 1818 0
1082 1515 2047 0
1083 2201 1081 0
1084 492 1516 0
1084 557 1515 0
1084 1515 1818 0
1084 1516 2199 0
1084 2199 557 0
1085 559 1086 0
1085 571 1088 0
1085 1088 1517 0
1086 559 1206 0
1086 1206 1600 0
1087 561 1088 0
1088 561 1517 0
1088 571 94 0
1089 561 1093 0
1089 1090 1517 0
1089 1093 1095 0
1090 559 1517 0
1090 645 1204 0
1091 1089 1095 0
1091 1090 1089 0
1092 690 1094 0
1092 1087 94 0
1093 562 1770 0
1094 262 1469 0
1094 1469 1770 0
1096 223 1495 0
1097 96 564 0
1097 267 566 0
1097 269 267 0
1097 566 96 0
1098 197 567 0
1098 507 196 0
1099 568 1493 0
1099 1043 509 0
1099 1493 1044 0
1100 576 1130 0
1101 1819 577 0
1101 1821 2049 0
1101 2051 1819 0
1102 602 1971 0
1102 1522 1969 0
1103 1100 200 0
1103 1969 1820 0
1104 203 1535 0
1105 1104 579 0
1105 1106 581 0
1106 202 581 0
1106 1105 583 0
1107 439 1828 0
1107 1108 1527 0
1108 1107 1526 0
1108 1526 1531 0
1108 1531 1972 0
1109 1530 2052 0
1109 1531 1534 0
1109 1534 1830 0
1110 209 214 0
1110 214 1537 0
1110 588 78 0
1111 593 1535 0
1112 80 1116 0
1112 217 1536 0
1112 1540 217 0
1113 1112 1536 0
1113 1536 1831 0
1115 596 1538 0
1116 596 1117 0
1116 1117 1540 0
1116 1538 596 0
1117 597 1540 0
1118 217 1540 0
1119 1541 1120 0
1120 161 456 0
1120 1541 1832 0
1122 582 587 0
1122 587 1542 0
1123 585 600 0
1123 1124 585 0
1124 584 585 0
1124 1123 601 0
1124 1137 584 0
1125 611 16 0
1125 1103 200 0
1125 1136 611 0
1126 81 1495 0
1126 223 1823 0
1126 1523 1822 0
1127 206 76 0
1127 1544 1834 0
1128 599 1543 0
1128 1543 1833 0
1129 607 650 0
1129 650 652 0
1129 1546 607 0
1130 576 1521 0
1130 608 609 0
1130 609 1835 0
1130 1521 574 0
1130 1835 1100 0
1131 200 1100 0
1131 1100 1835 0
1132 1166 1168 0
1132 1168 228 0
1134 610 1172 0
1134 1135 610 0
1134 1974 1135 0
1135 1133 228 0
1135 1975 1133 0
1136 1125 200 0
1136 1550 611 0
1137 586 16 0
1137 1124 586 0
1137 1550 2205 0
1139 1162 1138 0
1139 1577 1579 0
1139 2210 1577 0
1140 1550 1141 0
1140 1577 2210 0
1141 1136 1549 0
1141 1549 1172 0
1141 1581 1140 0
1142 202 584 0
1142 584 2205 0
1142 1139 202 0
1142 2205 2210 0
1143 665 666 0
1144 613 2203 0
1146 1608 1145 0
1147 203 1157 0
1147 1157 1159 0
1147 1158 1434 0
1147 1159 1158 0
1148 1570 1572 0
1148 1844 1570 0
1149 614 1841 0
1149 1572 1573 0
1150 1560 1838 0
1150 1561 1839 0
1150 1839 1574 0
1151 615 1152 0
1151 963 1153 0
1152 615 1842 0
1153 963 1565 0
1153 1565 1978 0
1153 1978 1836 0
1154 1567 1566 0
1155 1567 1843 0
1155 2087 1569 0
1156 1160 1159 0
1157 203 1104 0
1157 580 1156 0
1157 1104 580 0
1158 1555 1977 0
1159 1157 1156 0
1159 1161 1158 0
1160 1156 1162 0
1161 1159 1160 0
1161 1555 1158 0
1161 2061 82 0
1162 1139 1579 0
1162 1156 1138 0
1162 2088 1160 0
1163 618 2185 0
1163 1165 1166 0
1164 618 1166 0
1164 658 1551 0
1165 1168 1166 0
1166 1132 1164 0
1167 1169 1168 0
1168 1165 1167 0
1169 228 1168 0
1169 1167 1580 0
1170 1163 1576 0
1170 1165 1163 0
1170 1171 1165 0
1171 1167 1165 0
1172 619 1581 0
1172 1548 1134 0
1172 1581 1141 0
1173 1578 1140 0
1174 625 1189 0
1174 632 1988 0
1174 1988 1582 0
1175 1176 624 0
1175 2062 1176 0
1177 1174 1582 0
1178 629 1181 0
1179 932 1178 0
1179 1181 1586 0
1179 1586 1182 0
1180 1184 1585 0
1180 1585 1586 0
1181 1179 1178 0
1181 1180 1586 0
1182 1586 1587 0
1184 1180 628 0
1185 2030 1183 0
1187 625 1937 0
1188 630 1935 0
1188 1184 85 0
1189 625 1187 0
1189 1187 631 0
1190 617 1988 0
1190 632 2056 0
1190 1984 2058 0
1191 150 426 0
1191 426 1192 0
1191 633 425 0
1191 1588 633 0
1192 1847 1191 0
1193 943 947 0
1193 1731 57 0
1194 639 1198 0
1194 1192 639 0
1194 1590 2104 0
1194 1847 1192 0
1194 2104 1847 0
1196 643 1199 0
1196 933 1591 0
1197 21 238 0
1197 640 1592 0
1198 638 1593 0
1198 1590 1194 0
1199 979 23 0
1199 1759 2036 0
1201 86 1205 0
1201 1200 1595 0
1201 1205 1200 0
1202 644 1203 0
1202 687 1595 0
1203 1599 1851 0
1204 648 1206 0
1205 646 1200 0
1206 648 1600 0
1207 86 651 0
1207 651 1602 0
1208 651 25 0
1208 654 1602 0
1208 1602 651 0
1208 1852 87 0
1209 1214 1604 0
1210 244 1603 0
1210 1211 659 0
1210 1603 660 0
1211 663 1853 0
1212 25 245 0
1212 245 1606 0
1212 1605 1852 0
1212 1606 1853 0
1213 249 2207 0
1213 1854 2206 0
1214 1209 2211 0
1214 1213 2207 0
1215 662 1604 0
1215 663 662 0
1215 670 1605 0
1215 1605 1853 0
1216 87 1852 0
1216 670 1609 0
1216 2207 249 0
1217 673 1877 0
1217 1649 1286 0
1219 1218 2068 0
1219 1610 1220 0
1220 246 1219 0
1220 672 88 0
1221 256 1598 0
1221 1598 1594 0
1222 2064 2089 0
1222 2105 1613 0
1223 659 1211 0
1223 1211 1606 0
1225 688 1850 0
1225 1850 1993 0
1226 93 262 0
1226 690 1620 0
1227 1615 1616 0
1227 1616 1618 0
1227 1618 1619 0
1227 1619 1856 0
1228 694 1856 0
1230 702 1231 0
1231 704 703 0
1232 1504 1066 0
1233 187 276 0
1234 711 1235 0
1235 1062 1234 0
1235 1236 1062 0
1236 2212 184 0
1237 286 2228 0
1238 287 1255 0
1238 1255 1256 0
1239 287 1858 0
1239 1240 1635 0
1239 1624 1240 0
1240 1624 318 0
1241 111 1242 0
1243 714 1872 0
1243 1238 2145 0
1244 103 716 0
1244 715 291 0
1245 725 2208 0
1245 1247 725 0
1245 1860 1861 0
1246 716 701 0
1246 1247 1861 0
1246 1861 1999 0
1247 1246 720 0
1248 724 726 0
1249 728 729 0
1249 1247 720 0
1249 1621 728 0
1250 726 2208 0
1250 729 730 0
1250 1628 726 0
1251 722 1863 0
1251 727 723 0
1252 727 1251 0
1252 1254 1634 0
1252 1628 1254 0
1253 292 1629 0
1253 293 292 0
1253 1629 2065 0
1254 1631 1634 0
1255 287 1630 0
1255 1630 1864 0
1255 1633 1256 0
1256 1633 2000 0
1257 731 1631 0
1257 1632 2065 0
1258 106 297 0
1258 300 105 0
1258 740 300 0
1259 734 2196 0
1259 1865 1481 0
1261 463 1264 0
1261 736 1866 0
1261 737 1262 0
1262 738 1263 0
1264 307 108 0
1265 1636 2196 0
1266 737 108 0
1267 2122 2144 0
1267 2144 2133 0
1268 314 2156 0
1268 1637 1646 0
1269 747 1278 0
1269 1278 1645 0
1269 1874 2157 0
1270 2156 748 0
1270 2177 1637 0
1271 753 1273 0
1271 1953 2044 0
1272 1951 2172 0
1273 112 1871 0
1273 317 1274 0
1274 317 40 0
1275 752 1956 0
1275 1784 733 0
1276 38 1489 0
1276 1868 38 0
1276 1870 1868 0
1276 2134 2146 0
1277 320 754 0
1278 747 2168 0
1278 756 1279 0
1278 1279 1645 0
1278 2168 2147 0
1279 113 1645 0
1280 745 746 0
1280 746 1867 0
1280 1867 2147 0
1280 2147 2168 0
1281 1268 1646 0
1282 322 1648 0
1282 780 322 0
1282 1648 2011 0
1282 2011 2069 0
1283 763 1285 0
1283 882 324 0
1284 26 671 0
1284 324 26 0
1284 1651 763 0
1285 763 1878 0
1285 1876 760 0
1285 2094 1876 0
1286 671 413 0
1286 917 1217 0
1287 1650 1880 0
1288 42 1397 0
1288 764 1293 0
1288 1397 1398 0
1289 769 1995 0
1290 767 1303 0
1290 769 1291 0
1290 1291 1331 0
1290 1303 2063 0
1290 2063 769 0
1291 327 1897 0
1292 325 775 0
1292 331 2158 0
1294 115 1400 0
1294 1661 1888 0
1294 1885 2135 0
1294 1888 1885 0
1295 776 1658 0
1295 1316 116 0
1295 1658 1884 0
1296 779 24 0
1296 788 1306 0
1297 43 761 0
1297 761 762 0
1297 1660 1886 0
1298 1655 1882 0
1298 1656 2015 0
1298 2015 2202 0
1299 1659 2013 0
1300 1655 1657 0
1300 1883 1655 0
1301 44 774 0
1301 330 2014 0
1302 781 2186 0
1302 783 1663 0
1302 1307 117 0
1302 1663 781 0
1303 785 1889 0
1304 334 1664 0
1305 782 784 0
1306 789 1307 0
1307 789 1890 0
1307 1302 777 0
1308 1311 791 0
1308 1346 821 0
1309 45 1342 0
1309 791 1310 0
1309 1342 1666 0
1310 791 1311 0
1310 1311 792 0
1311 790 1684 0
1312 1313 1317 0
1312 1671 2222 0
1313 329 1317 0
1313 1312 1667 0
1313 1891 773 0
1314 336 1315 0
1314 1370 1369 0
1315 851 1314 0
1316 796 1317 0
1316 1295 1668 0
1317 116 1316 0
1317 329 116 0
1318 797 1320 0
1318 1320 1319 0
1319 795 1318 0
1320 2187 338 0
1321 797 1669 0
1321 1669 2197 0
1322 339 2169 0
1322 1321 2197 0
1323 799 1896 0
1324 337 800 0
1324 800 1674 0
1325 774 44 0
1325 1305 1328 0
1325 1328 1675 0
1326 796 1668 0
1326 1668 1895 0
1326 1672 1894 0
1326 1894 796 0
1328 785 1303 0
1329 807 2193 0
1329 1333 807 0
1329 2179 1333 0
1330 774 1325 0
1330 1325 1675 0
1330 1675 2193 0
1331 767 1290 0
1331 1291 1897 0
1332 802 2169 0
1332 807 1333 0
1332 1333 2148 0
1333 2164 2148 0
1334 809 2151 0
1334 1686 2160 0
1335 810 1336 0
1336 810 1679 0
1336 1679 1689 0
1336 2123 1335 0
1337 1676 1678 0
1337 1678 2019 0
1337 1679 1900 0
1337 1900 2165 0
1338 822 1680 0
1338 1680 1903 0
1338 1682 2020 0
1338 1903 1905 0
1340 1901 1902 0
1340 1902 2021 0
1340 2021 2149 0
1341 340 2153 0
1341 1345 2154 0
1341 2153 2159 0
1342 805 1345 0
1342 819 1666 0
1343 819 1344 0
1344 819 1687 0
1344 1687 818 0
1345 805 2154 0
1345 1341 1687 0
1346 820 1347 0
1346 1308 820 0
1346 1347 1688 0
1347 348 1688 0
1347 820 123 0
1348 123 817 0
1348 347 1680 0
1348 822 1349 0
1349 352 824 0
1349 1899 352 0
1350 825 1689 0
1350 1689 2019 0
1351 357 830 0
1351 830 356 0
1352 127 363 0
1352 360 2173 0
1352 363 828 0
1353 833 1907 0
1353 834 1690 0
1354 124 368 0
1354 1907 833 0
1355 827 2022 0
1355 828 363 0
1355 829 827 0
1355 1692 828 0
1356 369 1693 0
1356 834 369 0
1356 1695 48 0
1356 1909 1695 0
1357 369 835 0
1357 370 1692 0
1357 1691 1693 0
1357 1692 1691 0
1358 486 1694 0
1359 842 1362 0
1359 1362 1695 0
1359 1695 1909 0
1360 843 1362 0
1360 1358 1694 0
1361 365 1695 0
1361 1362 843 0
1362 1361 1695 0
1363 1710 1699 0
1364 846 1699 0
1364 1699 1710 0
1365 1369 1370 0
1365 1380 2223 0
1366 1700 1704 0
1367 390 1913 0
1367 1368 1703 0
1367 1702 1708 0
1368 870 1703 0
1368 1706 870 0
1369 1365 379 0
1370 1314 851 0
1371 2023 859 0
1372 858 1373 0
1372 1373 1709 0
1374 860 1698 0
1374 1698 1912 0
1375 1911 853 0
1376 406 863 0
1378 866 1711 0
1378 2097 2096 0
1379 406 1376 0
1379 407 868 0
1379 868 1918 0
1380 848 1700 0
1380 869 1382 0
1380 1365 848 0
1380 1382 2223 0
1380 1700 1701 0
1381 390 1393 0
1381 869 1913 0
1381 1393 1394 0
1381 1394 1719 0
1382 379 2223 0
1382 869 1719 0
1382 1719 1720 0
1383 390 1703 0
1383 902 2137 0
1384 871 1405 0
1384 1926 1729 0
1385 139 396 0
1385 142 397 0
1386 1403 1725 0
1387 421 929 0
1387 881 886 0
1387 929 1714 0
1388 885 1724 0
1388 1728 404 0
1389 886 1920 0
1389 927 886 0
1390 892 1419 0
1390 1419 1420 0
1391 2213 1421 0
1392 402 1395 0
1392 1394 1727 0
1392 1395 1396 0
1392 1718 402 0
1393 903 1727 0
1394 1392 1396 0
1394 1393 1727 0
1395 897 1396 0
1395 898 1399 0
1396 1397 1922 0
1397 42 1720 0
1397 897 1398 0
1397 1396 897 0
1398 764 1288 0
1398 897 2155 0
1400 900 1924 0
1401 880 1725 0
1401 901 1919 0
1402 901 1925 0
1402 1722 1724 0
1402 1724 1921 0
1403 766 1726 0
1403 901 1725 0
1403 1386 766 0
1403 1726 1925 0
1404 1388 143 0
1404 1728 1388 0
1405 1927 1926 0
1406 407 907 0
1406 1405 905 0
1407 408 53 0
1408 1407 906 0
1408 2109 1928 0
1409 906 1728 0
1409 1404 1730 0
1409 1728 1404 0
1409 2028 2074 0
1409 2074 906 0
1410 411 912 0
1411 612 247 0
1412 913 424 0
1412 918 2209 0
1413 413 919 0
1413 921 1414 0
1413 1286 413 0
1414 146 2209 0
1414 918 917 0
1414 1929 146 0
1415 26 1715 0
1415 671 26 0
1415 1715 923 0
1416 922 414 0
1416 1715 929 0
1417 414 1930 0
1417 923 414 0
1417 1734 2224 0
1418 1736 1737 0
1418 1737 1738 0
1418 2076 2226 0
1419 400 1739 0
1420 1735 420 0
1421 418 1740 0
1421 896 1391 0
1421 1419 1739 0
1421 1739 896 0
1422 2031 1937 0
1423 936 422 0
1424 1426 1425 0
1426 940 946 0
1426 1424 1747 0
1427 942 943 0
1427 943 944 0
1427 944 945 0
1427 1183 1186 0
1427 1186 942 0
1428 916 909 0
1429 152 431 0
1429 1748 1750 0
1429 1750 1749 0
1430 438 955 0
1430 951 1750 0
1430 1750 1751 0
1431 958 2138 0
1431 960 1433 0
1432 439 1527 0
1432 441 1433 0
1432 1527 1528 0
1433 961 2141 0
1434 578 1147 0
1434 964 590 0
1434 1977 1978 0
1435 443 1752 0
1435 444 443 0
1436 959 1827 0
1436 1827 2032 0
1437 981 1439 0
1437 1439 1754 0
1437 1754 979 0
1438 629 1754 0
1438 1439 982 0
1439 1438 1754 0
1440 1776 2033 0
1441 450 1775 0
1441 983 1445 0
1441 1445 1446 0
1441 1775 1776 0
1442 1756 1443 0
1443 640 1442 0
1443 642 1592 0
1444 450 1449 0
1444 1756 984 0
1445 985 1446 0
1445 2034 1940 0
1446 985 1447 0
1446 1447 1449 0
1447 985 1758 0
1447 986 1449 0
1447 1758 1760 0
1448 239 1450 0
1448 986 1760 0
1450 1443 1756 0
1451 988 995 0
1452 454 1761 0
1452 976 454 0
1452 993 1762 0
1453 454 160 0
1453 994 1761 0
1454 1000 1765 0
1454 1765 502 0
1455 1767 1460 0
1456 459 1766 0
1457 1002 175 0
1458 1456 1766 0
1459 459 1460 0
1459 1003 77 0
1459 1460 1767 0
1459 1767 1942 0
1460 1456 1455 0
1461 162 1768 0
1463 1260 163 0
1463 1866 1260 0
1464 1769 466 0
1465 558 1091 0
1465 1091 1095 0
1466 1011 1095 0
1466 1013 1467 0
1466 1093 1770 0
1466 1095 1093 0
1467 1013 1772 0
1468 164 1771 0
1468 1012 468 0
1468 1771 2037 0
1469 93 1470 0
1469 1013 1770 0
1470 1468 1772 0
1471 463 1007 0
1471 1015 1945 0
1471 1462 465 0
1471 1945 1462 0
1472 282 710 0
1472 710 1773 0
1472 2038 1016 0
1474 474 2181 0
1475 1023 1777 0
1475 1775 1779 0
1475 1777 1939 0
1476 482 2182 0
1476 1023 2039 0
1477 984 1780 0
1477 1023 1779 0
1478 477 1781 0
1478 1781 1782 0
1478 2182 481 0
1479 1027 1782 0
1479 1782 1783 0
1479 2161 1026 0
1480 173 1514 0
1480 1029 1794 0
1480 1794 1948 0
1481 1030 1259 0
1481 1784 1960 0
1482 1785 1947 0
1482 1786 1788 0
1482 1788 1950 0
1482 1947 2166 0
1483 1788 2163 0
1483 1790 1952 0
1483 1955 1958 0
1484 1793 2082 0
1485 1794 1795 0
1485 1795 1796 0
1485 2166 1947 0
1486 1484 1792 0
1486 1792 1796 0
1486 1796 1961 0
1487 1033 1873 0
1488 491 1949 0
1488 1033 1489 0
1488 1949 2040 0
1489 320 1277 0
1489 1277 1276 0
1490 505 1797 0
1491 499 2229 0
1491 1042 1797 0
1492 494 523 0
1492 523 1039 0
1492 1490 1797 0
1493 569 1798 0
1494 1096 1495 0
1496 1046 1799 0
1496 1799 1800 0
1498 523 524 0
1498 1054 1497 0
1499 1498 524 0
1500 519 1802 0
1500 521 68 0
1500 1802 1803 0
1501 536 2198 0
1501 2198 2215 0
1502 183 1807 0
1502 520 183 0
1503 1065 1963 0
1503 1806 1065 0
1503 1963 1809 0
1504 706 276 0
1505 1067 1811 0
1505 1502 1807 0
1507 543 705 0
1507 1068 1812 0
1507 1812 1966 0
1509 1813 2086 0
1510 1073 2142 0
1510 2142 2125 0
1511 1080 1509 0
1511 1083 1081 0
1511 1509 2086 0
1511 1814 1083 0
1511 2086 1814 0
1512 1038 1815 0
1512 1815 2085 0
1513 1868 2194 0
1513 2194 2199 0
1514 2101 1815 0
1515 557 1968 0
1515 1082 1818 0
1515 1968 2047 0
1516 1513 2199 0
1518 198 577 0
1518 577 1819 0
1518 1819 572 0
1519 28 1092 0
1519 1092 94 0
1519 1518 572 0
1520 570 574 0
1520 574 1521 0
1521 1101 1520 0
1521 1821 1101 0
1522 1820 1969 0
1522 2049 1821 0
1523 1126 1823 0
1523 2050 1824 0
1524 1102 1971 0
1524 1822 1523 0
1524 1824 1102 0
1525 583 1831 0
1526 1529 588 0
1526 1534 1531 0
1527 439 1107 0
1527 1108 1528 0
1528 1108 1972 0
1529 1107 1828 0
1529 1526 1107 0
1530 974 1938 0
1530 1109 1532 0
1530 1829 974 0
1530 1938 2052 0
1531 1109 2052 0
1532 1533 1829 0
1532 1830 1533 0
1533 445 1829 0
1533 1830 1973 0
1534 1110 1537 0
1534 1526 588 0
1535 579 1104 0
1535 593 579 0
1536 217 582 0
1536 582 1525 0
1537 1114 1973 0
1537 1830 1534 0
1538 1116 80 0
1539 596 216 0
1539 1121 1832 0
1539 1541 1117 0
1540 1112 1116 0
1541 1119 597 0
1541 1539 1832 0
1542 206 1127 0
1542 1834 1122 0
1543 1834 1833 0
1544 1833 1834 0
1545 653 655 0
1545 655 605 0
1545 1546 1129 0
1546 201 607 0
1546 608 201 0
1546 609 608 0
1546 1545 1547 0
1547 1545 605 0
1548 1172 1549 0
1548 1549 1131 0
1548 1835 1974 0
1549 200 1131 0
1550 1136 1141 0
1550 1137 611 0
1550 1140 2210 0
1551 243 669 0
1551 658 243 0
1551 1146 1164 0
1552 617 2058 0
1552 1553 1555 0
1552 1555 82 0
1553 1844 1556 0
1553 1976 1555 0
1554 1836 1976 0
1554 1976 1556 0
1555 1161 82 0
1555 1976 1977 0
1556 229 1554 0
1556 1148 229 0
1557 994 1982 0
1557 1982 2053 0
1558 995 1557 0
1558 1840 995 0
1559 448 1451 0
1560 981 1838 0
1561 1149 1573 0
1561 1150 1981 0
1561 1573 1839 0
1562 1559 1840 0
1562 1838 2195 0
1562 1840 1981 0
1563 996 1152 0
1563 997 990 0
1563 1983 997 0
1564 1149 1841 0
1564 1841 2054 0
1565 964 1978 0
1566 1155 1568 0
1566 1567 1155 0
1567 1154 1575 0
1568 1155 1569 0
1569 631 1933 0
1570 1844 2057 0
1571 1570 1985 0
1572 1149 229 0
1572 1570 1571 0
1573 1572 1571 0
1574 1560 1150 0
1574 2191 449 0
1575 1574 1839 0
1576 620 1176 0
1576 1846 1170 0
1577 1578 1579 0
1578 1577 1140 0
1578 1845 2060 0
1578 2060 1579 0
1580 619 1169 0
1580 1167 1171 0
1580 1171 1845 0
1581 1173 1140 0
1582 2059 1846 0
1583 625 1177 0
1583 1584 625 0
1584 623 1422 0
1584 1583 2062 0
1584 1937 625 0
1586 1585 1587 0
1587 1185 1182 0
1587 1585 1932 0
1587 1932 1743 0
1588 1191 1847 0
1588 1589 634 0
1588 2104 2227 0
1589 943 634 0
1589 1588 2227 0
1589 1848 944 0
1590 236 1991 0
1591 933 1178 0
1591 1178 932 0
1591 1195 635 0
1592 638 637 0
1592 640 1443 0
1592 642 638 0
1594 558 1221 0
1594 646 645 0
1594 1598 1597 0
1596 1203 1851 0
1596 1850 2127 0
1597 644 1200 0
1597 646 1594 0
1598 1599 1597 0
1599 1203 644 0
1600 647 650 0
1601 241 1207 0
1601 1207 1602 0
1603 668 1647 0
1603 1647 660 0
1604 662 1209 0
1605 670 1852 0
1605 1212 1853 0
1606 1211 1853 0
1608 1146 1551 0
1608 2206 1145 0
1609 1214 2207 0
1609 1604 1214 0
1610 250 1220 0
1610 1219 2068 0
1610 1650 1877 0
1610 1880 1650 0
1612 428 680 0
1612 2128 428 0
1613 786 1611 0
1613 787 786 0
1613 1611 1222 0
1613 2105 335 0
1614 1997 2064 0
1615 1227 1617 0
1616 692 1618 0
1617 96 1615 0
1617 273 96 0
1617 694 273 0
1617 1227 1856 0
1617 1856 694 0
1618 691 1619 0
1619 1226 1620 0
1619 1620 1856 0
1620 266 1228 0
1620 1228 1856 0
1621 720 1622 0
1621 1249 720 0
1621 1622 1859 0
1622 275 1859 0
1623 712 1857 0
1623 1857 2045 0
1624 1239 1858 0
1625 289 102 0
1625 1230 289 0
1625 1626 1859 0
1627 284 1862 0
1627 1862 2093 0
1627 1998 33 0
1628 730 1254 0
1628 1250 730 0
1628 1863 726 0
1630 1239 1635 0
1630 1635 1864 0
1631 1254 730 0
1632 296 728 0
1632 1253 2065 0
1633 1255 731 0
1633 1257 2065 0
1634 1631 1864 0
1634 1864 1635 0
1635 727 1634 0
1635 1240 727 0
1636 1265 1266 0
1636 2001 1865 0
1637 321 1646 0
1637 2156 1270 0
1638 1281 1867 0
1638 1867 746 0
1639 39 742 0
1639 742 310 0
1639 1267 748 0
1639 2156 314 0
1640 315 750 0
1640 1242 315 0
1640 1872 1242 0
1641 1624 1858 0
1641 1640 1871 0
1641 1858 1872 0
1642 319 2044 0
1643 1272 1874 0
1643 1487 1873 0
1643 1873 2041 0
1644 1274 2172 0
1644 1789 1790 0
1644 1953 751 0
1646 756 1281 0
1647 2004 2005 0
1648 762 2094 0
1648 2094 2011 0
1649 1217 1650 0
1649 1287 1651 0
1649 1650 1287 0
1650 1217 1877 0
1651 671 1649 0
1651 1284 671 0
1651 1287 2067 0
1652 1289 1995 0
1653 773 772 0
1653 1292 2158 0
1654 332 2186 0
1655 1298 1657 0
1655 1883 2012 0
1656 1298 1882 0
1656 1659 1662 0
1656 1662 2017 0
1656 2017 2015 0
1657 1298 1663 0
1658 776 1299 0
1658 1299 2013 0
1658 2013 2070 0
1659 1299 1887 0
1659 1656 1882 0
1659 1882 2013 0
1659 1887 1662 0
1660 333 2202 0
1660 1297 757 0
1660 2015 2017 0
1660 2202 2015 0
1661 765 2016 0
1662 1661 2016 0
1662 2016 2017 0
1663 1298 2202 0
1664 117 1665 0
1664 1665 2108 0
1664 2108 1304 0
1665 117 1890 0
1665 1890 2106 0
1665 2106 2108 0
1668 1295 1884 0
1669 797 1893 0
1669 1672 2197 0
1669 1893 1894 0
1670 1672 1673 0
1670 2197 1672 0
1671 795 2222 0
1671 1312 796 0
1671 1318 795 0
1672 1326 1673 0
1672 1669 1894 0
1673 1326 1895 0
1674 340 1324 0
1674 800 1896 0
1674 804 340 0
1675 767 806 0
1676 341 808 0
1676 808 1678 0
1676 1337 1677 0
1677 1337 2165 0
1677 1904 2179 0
1678 1331 1897 0
1678 1897 2019 0
1679 810 1900 0
1679 1337 2019 0
1680 347 1898 0
1680 1898 1903 0
1681 823 1899 0
1681 1899 2020 0
1682 1338 1905 0
1682 1681 2020 0
1683 2165 1905 0
1684 814 1906 0
1685 820 791 0
1685 1666 1343 0
1686 1334 2151 0
1686 2136 2160 0
1687 1341 2152 0
1688 349 1346 0
1689 1679 2019 0
1690 48 133 0
1690 374 1353 0
1691 130 1909 0
1691 1692 2022 0
1692 1355 2022 0
1693 1909 1356 0
1696 845 1912 0
1696 846 1910 0
1696 847 845 0
1697 1363 2024 0
1697 2024 136 0
1698 383 2023 0
1698 2023 2024 0
1699 1912 1363 0
1700 135 1704 0
1700 1366 1701 0
1701 1366 1702 0
1701 1702 1913 0
1702 1367 1913 0
1703 902 1383 0
1704 380 1705 0
1704 2026 1366 0
1705 1914 2026 0
1705 2200 1914 0
1706 391 873 0
1706 873 870 0
1706 1368 1708 0
1707 1706 1708 0
1707 2027 2071 0
1708 1368 1367 0
1708 2027 1707 0
1709 50 380 0
1709 859 383 0
1709 1373 859 0
1710 122 346 0
1710 1911 122 0
1711 1916 2097 0
1712 875 2073 0
1712 1713 392 0
1712 2073 1917 0
1713 142 879 0
1713 879 52 0
1713 1712 1917 0
1714 929 1715 0
1715 26 883 0
1715 883 1714 0
1715 1416 923 0
1716 1388 1724 0
1717 904 1718 0
1717 1730 904 0
1718 1392 1727 0
1718 1727 1717 0
1719 1394 1922 0
1720 1719 1922 0
1721 1398 2155 0
1722 1402 1723 0
1722 1716 1724 0
1723 1402 1925 0
1726 1400 1924 0
1726 1924 1925 0
1728 53 404 0
1728 906 53 0
1729 873 1384 0
1730 903 2137 0
1731 946 1428 0
1731 1428 1733 0
1731 1732 57 0
1731 1733 1732 0
1734 920 2224 0
1735 1420 419 0
1735 2214 55 0
1736 1418 2077 0
1736 2077 1735 0
1737 416 147 0
1738 417 925 0
1739 400 887 0
1740 1419 1421 0
1740 1420 1419 0
1741 937 1423 0
1741 1423 422 0
1742 938 1931 0
1742 1931 2078 0
1742 2078 1934 0
1743 1185 1587 0
1743 2078 1185 0
1744 937 1934 0
1744 1745 1936 0
1744 1934 1745 0
1744 1936 1746 0
1745 1932 1188 0
1745 1934 1932 0
1746 1187 1937 0
1746 1933 1187 0
1746 1937 2031 0
1747 146 916 0
1747 1424 913 0
1748 58 953 0
1748 953 954 0
1748 954 1751 0
1751 438 1430 0
1751 1750 1748 0
1753 972 973 0
1753 1436 2032 0
1755 59 446 0
1755 446 452 0
1755 452 159 0
1755 2033 1024 0
1756 1442 984 0
1756 1444 1449 0
1756 1449 986 0
1757 1940 2035 0
1759 1199 643 0
1759 1760 2036 0
1760 1758 2036 0
1760 1759 1448 0
1763 999 1121 0
1763 1000 1454 0
1763 1455 1000 0
1764 502 1765 0
1764 1001 66 0
1765 1000 458 0
1767 1455 1004 0
1767 1461 1942 0
1768 462 1006 0
1768 1942 1461 0
1769 1464 1943 0
1769 1943 2079 0
1771 1944 2080 0
1773 281 1462 0
1773 1462 1945 0
1774 480 1946 0
1774 1477 1780 0
1774 1946 2039 0
1775 1475 1776 0
1776 1440 983 0
1776 1475 1939 0
1776 1939 2033 0
1777 1778 1939 0
1777 2183 1778 0
1778 1024 2033 0
1778 2033 1939 0
1779 450 1444 0
1779 984 1477 0
1780 238 1774 0
1780 1442 238 0
1782 1027 2182 0
1782 1781 1783 0
1783 478 1022 0
1783 1022 2161 0
1784 1275 1954 0
1784 1481 1865 0
1785 1482 1787 0
1786 1032 1959 0
1786 1482 2166 0
1787 1482 1950 0
1787 1950 2081 0
1788 1483 1952 0
1788 1786 2163 0
1788 1952 2099 0
1789 1644 1951 0
1789 1952 1790 0
1789 2041 2042 0
1790 1483 1958 0
1791 1954 1956 0
1791 1955 2083 0
1791 1956 1957 0
1791 2083 2100 0
1792 1032 1796 0
1792 2043 1959 0
1793 1031 490 0
1793 1481 1960 0
1794 1029 1795 0
1794 1485 1947 0
1794 1947 1948 0
1795 63 489 0
1795 489 1961 0
1796 1795 1961 0
1797 505 1041 0
1798 565 195 0
1798 1044 1493 0
1800 498 67 0
1800 516 498 0
1800 1799 516 0
1801 520 1502 0
1801 1502 1061 0
1801 1962 520 0
1802 1050 1962 0
1803 1056 2225 0
1804 1056 1803 0
1804 1801 70 0
1804 1803 1962 0
1804 1962 1801 0
1805 268 2215 0
1805 269 196 0
1805 534 267 0
1806 529 1065 0
1806 1503 536 0
1808 1236 1964 0
1808 1963 2212 0
1808 1965 1809 0
1809 1965 1810 0
1810 1965 2084 0
1811 186 705 0
1812 532 538 0
1812 538 1966 0
1812 541 532 0
1813 1509 1073 0
1813 1510 1967 0
1813 1967 2112 0
1814 557 2204 0
1814 2204 1083 0
1816 1077 1076 0
1817 2177 1270 0
1820 1522 1821 0
1821 1521 576 0
1822 222 603 0
1822 1524 222 0
1823 223 1970 0
1823 1970 1825 0
1824 1522 1102 0
1824 1524 1523 0
1824 2049 1522 0
1825 2050 1823 0
1825 2051 2050 0
1826 16 602 0
1826 1102 1969 0
1827 1528 1972 0
1827 1972 2032 0
1828 472 470 0
1829 971 156 0
1829 1530 1532 0
1830 1532 1109 0
1830 1537 1973 0
1831 579 593 0
1831 1536 1525 0
1833 226 604 0
1833 1544 226 0
1834 1542 1127 0
1834 1543 600 0
1835 1547 1974 0
1835 1548 1131 0
1836 1554 1837 0
1836 1837 1153 0
1837 1554 1979 0
1838 1981 1150 0
1839 616 1575 0
1839 1573 616 0
1840 1559 995 0
1840 1980 1981 0
1841 614 2053 0
1842 615 1837 0
1842 1564 2054 0
1842 1837 1979 0
1842 1979 1564 0
1842 2054 2055 0
1843 616 1571 0
1843 1571 1985 0
1843 1985 2087 0
1844 1148 1556 0
1844 1553 1986 0
1844 1986 2057 0
1845 1173 1580 0
1845 1578 1173 0
1845 1990 2060 0
1846 1177 1582 0
1846 1576 1583 0
1846 1583 1177 0
1847 2104 1588 0
1848 149 945 0
1848 1589 1992 0
1848 1849 149 0
1849 1848 1992 0
1849 1992 1195 0
1850 688 2127 0
1850 1596 1851 0
1850 1851 1993 0
1851 1598 1993 0
1851 1599 1598 0
1852 25 1212 0
1852 1208 25 0
1854 1144 2206 0
1854 1213 1214 0
1854 1214 2211 0
1854 1607 1144 0
1855 258 1612 0
1855 680 1614 0
1855 1614 2064 0
1858 1243 1872 0
1859 718 1621 0
1861 1247 1245 0
1861 2093 1862 0
1862 715 1999 0
1863 1248 726 0
1863 1252 1251 0
1863 1628 1252 0
1864 1631 731 0
1865 2196 1636 0
1866 1007 1261 0
1867 756 2147 0
1868 1513 38 0
1868 1870 1869 0
1869 1870 2048 0
1869 2194 1868 0
1870 1276 2146 0
1870 1817 2048 0
1871 750 317 0
1872 714 1242 0
1872 1640 1641 0
1873 1033 2040 0
1873 2040 2111 0
1874 1269 1645 0
1874 1272 2157 0
1875 755 1279 0
1876 761 760 0
1877 673 250 0
1878 2067 2003 0
1879 2004 2010 0
1880 1610 2068 0
1880 2066 1287 0
1881 2010 2011 0
1882 1655 2012 0
1882 2012 2013 0
1883 1300 782 0
1883 1301 2012 0
1884 1658 2070 0
1884 1895 1668 0
1884 2014 1895 0
1885 775 2135 0
1886 1660 2017 0
1887 1299 331 0
1887 1885 1888 0
1887 1888 1662 0
1888 1661 1662 0
1889 1304 2018 0
1889 2063 1303 0
1889 2107 2063 0
1890 789 1994 0
1890 1994 2106 0
1891 1313 1667 0
1891 1892 773 0
1892 42 1293 0
1892 379 849 0
1893 1318 1671 0
1893 1671 1894 0
1895 2014 330 0
1896 338 1327 0
1896 1327 1674 0
1897 1350 2019 0
1898 818 2021 0
1898 1344 818 0
1899 822 2020 0
1899 1349 822 0
1900 1682 1905 0
1900 1905 2165 0
1901 1340 2150 0
1901 1683 1902 0
1901 1904 1683 0
1901 2150 2164 0
1902 1903 2021 0
1903 1683 1905 0
1903 1898 2021 0
1903 1902 1683 0
1904 1677 2165 0
1904 1901 2164 0
1904 2164 2179 0
1906 792 1684 0
1907 832 129 0
1908 130 1691 0
1908 827 838 0
1908 1691 2022 0
1909 1693 1691 0
1910 120 812 0
1911 861 122 0
1911 1363 1697 0
1911 1697 853 0
1911 1710 1363 0
1912 1699 1696 0
1912 2024 1363 0
1914 2025 2096 0
1914 2072 2026 0
1914 2096 2072 0
1915 1366 2026 0
1915 1702 1366 0
1915 1708 1702 0
1915 2026 2072 0
1915 2027 1708 0
1916 867 872 0
1916 1707 2071 0
1916 2071 2097 0
1917 142 1713 0
1917 398 142 0
1918 398 1917 0
1918 868 398 0
1918 2073 389 0
1919 901 1921 0
1920 1919 1921 0
1920 1921 1389 0
1922 1394 1396 0
1922 1397 1720 0
1923 898 1723 0
1923 1723 1925 0
1924 1923 1925 0
1926 1384 1405 0
1926 2075 1729 0
1927 1405 1406 0
1927 1406 907 0
1927 1928 2109 0
1927 2109 1926 0
1929 909 916 0
1929 916 146 0
1929 2224 920 0
1930 1734 1417 0
1930 2029 2226 0
1931 423 1186 0
1931 938 423 0
1931 1186 2030 0
1931 2030 2078 0
1932 1184 1188 0
1932 1585 1184 0
1933 631 1187 0
1933 1568 1569 0
1933 1746 1936 0
1933 1935 1568 0
1934 1743 1932 0
1934 2078 1743 0
1935 630 1568 0
1935 1745 1188 0
1935 1933 1936 0
1935 1936 1745 0
1937 1584 1422 0
1938 974 972 0
1938 1753 2032 0
1938 2032 2052 0
1941 1758 985 0
1942 1768 1006 0
1943 1011 1467 0
1943 1467 2037 0
1944 464 1014 0
1944 1771 1017 0
1945 1015 2038 0
1945 1472 1773 0
1945 2038 1472 0
1947 1785 1948 0
1948 1037 173 0
1949 1787 2081 0
1950 1788 2099 0
1951 1644 2172 0
1952 2042 2099 0
1953 1271 751 0
1953 1644 1790 0
1953 1790 1958 0
1953 1958 2044 0
1954 1275 1956 0
1954 1791 2100 0
1955 1483 2162 0
1955 1957 1958 0
1956 1642 1957 0
1957 1642 2044 0
1957 1955 1791 0
1958 1957 2044 0
1960 1784 2100 0
1960 2082 1793 0
1961 840 172 0
1962 1803 1802 0
1963 532 2212 0
1963 1808 1809 0
1964 1235 2045 0
1964 1236 1235 0
1964 1965 1808 0
1964 2045 2084 0
1965 1964 2084 0
1967 552 2102 0
1967 1510 2170 0
1967 2102 2112 0
1969 1103 1125 0
1969 1125 1826 0
1970 264 199 0
1972 1531 2052 0
1974 1134 1548 0
1974 1547 1975 0
1975 227 1133 0
1975 1135 1974 0
1975 1547 605 0
1976 1553 1556 0
1976 1836 1977 0
1977 1434 1158 0
1977 1836 1978 0
1980 1558 614 0
1980 1561 1981 0
1980 1840 1558 0
1981 1838 1562 0
1982 1983 2055 0
1983 1563 1152 0
1983 1982 998 0
1984 1190 2056 0
1984 2056 2087 0
1984 2057 2058 0
1985 1570 2057 0
1986 1552 2058 0
1986 1553 1552 0
1987 1582 1988 0
1987 1988 1989 0
1987 1990 2059 0
1988 632 1190 0
1989 1990 1987 0
1989 2061 2088 0
1990 1845 2059 0
1991 236 635 0
1991 1195 1992 0
1991 2104 1590 0
1992 1589 2227 0
1994 789 335 0
1994 2090 2106 0
1994 2105 2090 0
1995 769 1996 0
1996 2063 2107 0
1997 770 1652 0
1997 1652 1995 0
1998 721 1008 0
1998 1008 710 0
1998 1627 2093 0
1999 716 1246 0
1999 1861 1862 0
2000 1237 713 0
2000 1633 2065 0
2001 733 1865 0
2001 740 733 0
2001 1636 2002 0
2002 308 2001 0
2002 1636 1266 0
2003 1881 2095 0
2003 2066 1881 0
2004 759 2069 0
2004 1879 2005 0
2005 660 1647 0
2005 1879 2009 0
2005 2008 89 0
2006 1880 2068 0
2006 2007 2009 0
2007 1218 248 0
2008 2005 2009 0
2008 2007 248 0
2008 2009 2007 0
2009 1879 2006 0
2010 1881 1879 0
2010 2004 2069 0
2011 2010 2069 0
2012 1301 2014 0
2012 2014 2070 0
2013 2012 2070 0
2014 1884 2070 0
2016 1886 2017 0
2018 1304 2108 0
2018 2107 1889 0
2021 818 2149 0
2023 1371 136 0
2024 1912 1698 0
2024 2023 136 0
2025 1378 2096 0
2025 1914 2200 0
2026 1704 1705 0
2027 1915 2072 0
2028 1409 1730 0
2028 1730 2137 0
2028 2075 2109 0
2029 414 922 0
2029 1930 414 0
2029 2077 2226 0
2030 1185 2078 0
2030 1186 1183 0
2031 936 1423 0
2031 1744 1746 0
2032 1972 2052 0
2033 159 1440 0
2034 987 451 0
2035 451 1451 0
2035 1940 2034 0
2036 1758 1941 0
2036 1941 158 0
2037 1467 1772 0
2037 1771 2080 0
2037 1772 1468 0
2038 1017 469 0
2039 1477 1774 0
2039 1946 482 0
2040 1949 2081 0
2040 2081 2111 0
2041 1272 1643 0
2041 1789 1951 0
2041 1873 2111 0
2041 1951 1272 0
2042 1952 1789 0
2042 2041 2111 0
2043 1484 2082 0
2043 1792 1484 0
2043 2083 2162 0
2043 2162 1959 0
2045 711 1623 0
2045 1857 2084 0
2046 171 1512 0
2046 1512 2085 0
2046 2085 2102 0
2047 1968 2103 0
2047 2101 1082 0
2047 2103 2113 0
2047 2113 2101 0
2048 1078 2171 0
2048 2201 1869 0
2049 1824 2050 0
2049 2051 1101 0
2050 1523 1823 0
2051 573 1819 0
2051 1825 573 0
2051 2049 2050 0
2053 1558 1557 0
2053 1982 2055 0
2054 1841 2053 0
2054 2053 2055 0
2055 1152 1842 0
2055 1983 1152 0
2056 631 1569 0
2056 1569 2087 0
2057 1986 2058 0
2057 2087 1985 0
2058 617 1190 0
2059 1170 1846 0
2059 1171 1170 0
2059 1582 1987 0
2059 1845 1171 0
2060 1989 2088 0
2060 1990 1989 0
2060 2088 1579 0
2061 617 82 0
2061 1161 1160 0
2061 1989 617 0
2062 623 1584 0
2062 1576 1176 0
2062 1583 1576 0
2064 1222 1855 0
2065 717 2000 0
2065 1629 717 0
2066 1879 1881 0
2066 1880 2006 0
2066 2006 1879 0
2066 2067 1287 0
2067 763 1651 0
2067 2066 2003 0
2068 1218 2007 0
2068 2007 2006 0
2071 2027 2072 0
2072 2097 2071 0
2073 875 389 0
2073 1918 1917 0
2074 2028 2109 0
2075 2028 902 0
2076 1418 1738 0
2076 1734 1930 0
2076 1930 2226 0
2077 420 1735 0
2077 1418 2226 0
2079 1014 1463 0
2079 1463 1010 0
2079 1943 2037 0
2079 2080 1014 0
2080 2079 2037 0
2081 1950 2099 0
2081 2099 2111 0
2082 1960 2100 0
2082 2083 2043 0
2084 709 1810 0
2085 1815 2101 0
2085 2113 2102 0
2086 1813 2112 0
2087 1155 1843 0
2087 2057 1984 0
2088 1162 1579 0
2088 2061 1160 0
2089 1997 2091 0
2089 2064 1997 0
2089 2090 2105 0
2090 2092 2106 0
2091 1995 1996 0
2091 1996 2107 0
2091 1997 1995 0
2091 2090 2089 0
2091 2092 2090 0
2092 2018 2108 0
2092 2091 2107 0
2093 1861 1860 0
2094 1285 2095 0
2095 1285 1878 0
2095 1878 2003 0
2095 1881 2011 0
2095 2011 2094 0
2097 1378 1711 0
2097 2072 2096 0
2098 2076 1738 0
2099 2042 2111 0
2100 1784 1954 0
2100 2083 2082 0
2101 1514 1082 0
2102 552 2046 0
2103 1814 2086 0
2103 1968 1814 0
2103 2086 2112 0
2103 2112 2113 0
2104 1991 1992 0
2104 1992 2227 0
2105 1222 2089 0
2105 1994 335 0
2106 2092 2108 0
2107 2018 2092 0
2109 1408 2074 0
2109 2075 1926 0
2110 410 920 0
2110 920 1734 0
2110 1734 2076 0
2110 2076 2098 0
2112 2102 2113 0
2113 2085 2101 0
2114 1076 553 0
2115 1354 373 0
2118 69 547 0
2118 547 1071 0
2119 478 2120 0
2121 285 2131 0
2121 2131 2175 0
2122 109 2220 0
2122 309 741 0
2122 1267 109 0
2122 2167 2144 0
2122 2184 2167 0
2123 362 2173 0
2123 1336 353 0
2124 509 177 0
2125 551 1510 0
2126 553 2174 0
2127 688 2128 0
2128 1612 27 0
2129 101 2175 0
2129 1237 2228 0
2130 2129 2175 0
2130 2176 2132 0
2131 749 2176 0
2132 1243 2145 0
2132 2145 2130 0
2133 1078 1817 0
2133 1817 1270 0
2134 755 321 0
2134 1276 1277 0
2135 115 1294 0
2135 325 2178 0
2135 2178 115 0
2136 2159 2153 0
2139 958 2141 0
2139 2140 157 0
2140 2139 2141 0
2143 1081 2201 0
2144 1078 2133 0
2145 713 2130 0
2146 1817 1870 0
2148 2150 809 0
2149 1686 2151 0
2149 2151 1340 0
2150 1340 2151 0
2150 2148 2164 0
2152 1341 2159 0
2152 2149 818 0
2153 340 804 0
2154 803 340 0
2155 899 900 0
2155 2178 1721 0
2156 1637 1268 0
2156 1639 748 0
2157 1272 2172 0
2158 116 1653 0
2159 1686 2149 0
2159 2136 1686 0
2159 2149 2152 0
2160 798 119 0
2161 1479 1783 0
2161 2221 475 0
2162 1483 2163 0
2162 2083 1955 0
2163 1786 1959 0
2163 1959 2162 0
2164 1333 2179 0
2165 1683 1904 0
2166 1485 1032 0
2167 555 2144 0
2167 1075 2192 0
2167 2192 555 0
2169 807 1332 0
2170 2231 192 0
2171 2201 2048 0
2172 40 2157 0
2173 127 1352 0
2174 1077 2192 0
2175 2131 2130 0
2176 714 2132 0
2176 2130 2131 0
2177 321 1637 0
2177 1817 2146 0
2177 2134 321 0
2177 2146 2134 0
2179 1329 341 0
2181 475 2221 0
2182 1027 170 0
2182 1478 1782 0
2183 1777 170 0
2184 1075 2167 0
2185 1145 2203 0
2187 119 798 0
2187 1320 797 0
2188 793 337 0
2189 872 867 0
2190 388 866 0
2191 1574 980 0
2193 806 1329 0
2194 1869 2204 0
2196 1865 1259 0
2197 1670 1322 0
2198 1805 2215 0
2199 2204 557 0
2200 1705 50 0
2201 1083 2204 0
2201 2171 2143 0
2203 2206 1144 0
2204 1869 2201 0
2204 2199 2194 0
2205 1550 2210 0
2206 1608 1213 0
2206 2203 1145 0
2207 1216 1609 0
2208 719 1245 0
2209 913 1412 0
2210 1139 1142 0
2211 246 1607 0
2211 667 246 0
2211 1607 1854 0
2212 1236 1808 0
2213 418 1421 0
2213 1391 384 0
2214 1735 419 0
2216 1491 2229 0
2217 1910 812 0
2218 552 192 0
2219 480 1774 0
2219 1774 238 0
2221 2161 1022 0
2224 919 1417 0
2224 1929 921 0
2230 1072 2117 0
2231 2170 551 0

End
