MeshVersionFormatted 1

Dimension
2

Vertices
1744
0.0 0.0 1
1.0 0.0 1
1.0 1.0 1
0.0 1.0 1
0.5 0.0 1
0.5 1.0 1
0.0 0.5 1
0.25 1.0 1
0.7311687530371129 0.7290631394905467 0
0.5394151388162794 0.5211954183415335 0
1.0 0.25 1
1.0 0.375 1
0.5550710756649252 0.37165150105976363 0
0.75 0.0 1
0.625 0.0 1
0.4683842921734637 0.42199223386179446 0
0.25 0.0 1
0.37698666876719433 0.46184027771007696 0
0.5534219146660379 0.5979499207560686 0
0.75 1.0 1
0.625 1.0 1
0.4845106013197443 0.75560547330253 0
0.375 1.0 1
0.11499623353629221 0.876878311425624 0
0.125 1.0 1
0.0 0.25 1
0.18994268314594287 0.2696009927712637 0
0.0960095564989748 0.3971764818413344 0
0.0 0.375 1
0.05754568894411024 0.6381841528560099 0
0.0 0.625 1
0.125 0.0 1
0.10101837066242267 0.16273905693904017 0
0.0 0.125 1
0.22613388979985152 0.13331545800073027 0
0.16065885620275916 0.04112400268510002 0
0.375 0.0 1
0.8575351895233456 0.146478809054464 0
0.8483698278745502 0.2306351658447874 0
1.0 0.125 1
1.0 0.75 1
1.0 0.625 1
0.9123720655822856 0.5941704362186827 0
1.0 0.875 1
0.6159611363976911 0.9033309042116958 0
0.875 1.0 1
0.9250802682688036 0.9202043957424267 0
0.0 0.875 1
0.6202024868892442 0.47267883276485795 0
1.0 0.3173252654320726 1
0.8223881579740538 0.37893028537327306 0
0.7083311471710827 0.5553814584514267 0
0.547424088032458 0.44273990705350297 0
0.6404847586087562 0.42391423250064064 0
0.5469388492620801 0.2951538034910913 0
0.7212821910089404 0.32410536744503166 0
0.6898380854128348 0.0 1
0.7213157982366196 0.06921670923156482 0
0.5153626981168467 0.4696407890051379 0
0.4361573667873082 0.39953466091270334 0
0.4617468090369428 0.3736788761395394 0
0.4427977776978329 0.22145407843692977 0
0.4067125686000723 0.45889089732640315 0
0.5528476077629463 0.5525380536661213 0
0.6045705221115425 0.5849746378218492 0
0.5341063381970972 0.9050089423936768 0
0.5705982880626045 1.0 1
0.687600821073978 1.0 1
0.3138501521153192 1.0 1
0.4369817082479932 1.0 1
0.46491921363696326 0.9471758069750789 0
0.39539917384217893 0.9577910899252886 0
0.28362246597836294 0.8177420080432404 0
0.06106446543966069 0.9499716922706519 0
0.050741597720177126 1.0 1
0.1893531753437944 1.0 1
0.1285540487251575 0.9477302781484324 0
0.2671870426437354 0.8957323152352211 0
0.2435223185800578 0.35325151172760405 0
0.06208833395293276 0.4631416443108294 0
0.18775897837479594 0.3897044599623371 0
0.0 0.3154383744543791 1
0.0 0.44012887207566503 1
0.050386404701731044 0.39249365678451953 0
0.17838742981122616 0.5229465300731693 0
0.0 0.5671555229176188 1
0.0 0.6803282756948081 1
0.09420589325467255 0.35577675436206846 0
0.1885417289813916 0.0 1
0.05473960591075571 0.0 1
0.05557167011638909 0.18623686832514308 0
0.11143092328962087 0.06620696602597292 0
0.0 0.05900249377180107 1
0.0 0.17361252185755816 1
0.04982760230671299 0.14844983272724396 0
0.1312546094559475 0.03208368549307814 0
0.13007729561602116 0.09253462952780792 0
0.20156976206194016 0.08918837122425036 0
0.5065345604964483 0.06397642092564945 0
0.5001740204369723 0.18382492401538614 0
0.42989469475274456 0.17093300922214613 0
0.4375 0.0 1
0.3047070506733689 0.0 1
0.3427570992072982 0.13754790956415525 0
0.6436636494317453 0.14624715265697383 0
0.5956100855890092 0.018763478997609023 0
0.9498790108421089 0.1866011695855051 0
0.8549592749332655 0.1918294515500199 0
0.821560457014043 0.17627727166085533 0
0.37566189414121226 0.6560816434261827 0
0.48167726746126927 0.6872526053966228 0
1.0 0.187551702883197 1
1.0 0.054193187831184805 1
0.9412250340219932 0.0 1
0.8170669385516074 0.0 1
0.8557079077497397 0.055790877398795444 0
0.022282901109382535 0.7715337018228671 0
1.0 0.6832139871058305 1
1.0 0.5611827550150408 1
0.9795539005317554 0.6140544945394406 0
0.7504112167376477 0.6940819263181693 0
0.7920749383571074 0.9431158911226516 0
0.7690932226231875 0.7831405139446296 0
0.9591700556850793 0.7545285109642289 0
0.8720982195063662 0.8161410798979324 0
1.0 0.9450819117340726 1
1.0 0.81108806037393 1
0.9758645987790165 0.8353678533870954 0
0.6338622343252499 0.96382171621238 0
0.5906565226178414 0.8862030658983855 0
0.6468138264357484 0.8910988012616321 0
0.8079840651936759 1.0 1
0.9395727577404045 1.0 1
0.9619630785718428 0.8885504053924955 0
0.8844375700275956 0.9721414243044403 0
0.0 0.8146086075640533 1
0.0 0.94721199787026 1
0.060188305731300074 0.8818455634788382 0
0.49118745186044915 0.52618957533734 0
0.5196579385285558 0.5652941960243466 0
0.7041653978941658 0.6852446025432615 0
0.5712483678240381 0.5570032075656297 0
0.5777008013236693 0.5839307648647905 0
0.6818338946739657 0.45031282274474127 0
0.7183030780898649 0.4146323797596165 0
0.7898786654505245 0.3893131829296735 0
0.7349581606729955 0.4398791964930617 0
0.7133539874956643 0.4656762245051459 0
1.0 0.46688959767697225 1
1.0 0.40448306924272726 1
1.0 0.28506438485847513 1
0.7961150227805973 0.3639342215834769 0
0.8132951072961265 0.40946075976758484 0
0.9698580401059439 0.39569513509073123 0
0.706064776333014 0.49585067089260904 0
0.7147454525051825 0.525431864379688 0
0.5421182734679261 0.41353816858631903 0
0.6289497099695577 0.4462241074307349 0
0.6666353458187366 0.42878907936133975 0
0.6936293160682268 0.3950154315352349 0
0.5604219973201772 0.3313468718984643 0
0.6158711706295327 0.36746798803731895 0
0.5546399572420887 0.2769965232489331 0
0.7204608431916069 0.0 1
0.658048329868339 0.0 1
0.5960181248756121 0.0 1
0.6122570919910666 0.1930583052650577 0
0.6469779084462718 0.02353561075429201 0
0.6152945770000494 0.05754422681136934 0
0.6742806090676031 0.021911981335282018 0
0.6948378675247343 0.07190170877439965 0
0.7312745258745212 0.026258884611993813 0
0.4887359937898669 0.4519453601267997 0
0.4849413424610611 0.5023029056304095 0
0.5338530299455094 0.4827530949312836 0
0.5325190363270974 0.46078132354112 0
0.5242849307127658 0.4196315308422929 0
0.49078506395198485 0.4060133244365516 0
0.5438208430451945 0.3933960522450182 0
0.454608682663421 0.4129635397166472 0
0.5095003428994744 0.25631592733363573 0
0.412431752209603 0.3887223267253409 0
0.5015960848236817 0.39047387876095463 0
0.4393077405297025 0.28115170950822244 0
0.3719709274492515 0.49653216323765653 0
0.43635184707731667 0.44017606017389244 0
0.5489723519278795 0.6264804938358779 0
0.5541452756860707 0.5739482014832965 0
0.6205074373889207 0.6080209019634036 0
0.5931443423426582 0.565963648657417 0
0.7139994541811189 0.7210623080033446 0
0.5561416874164608 0.679601418699198 0
0.636847639537367 0.6599076004547111 0
0.5637150761578991 0.8728044879491496 0
0.48370946819304705 0.9007056555300444 0
0.5836031917464826 0.9152422428044742 0
0.5378922889425161 1.0 1
0.7142803486779321 0.9342588989653446 0
0.5413793797438821 0.7048817907394995 0
0.46223823799330405 0.7916026761796098 0
0.41992985748133627 0.7797245156911952 0
0.5098876419047339 0.749571986069463 0
0.5047785004327155 0.7819827743954352 0
0.45684616595627936 0.8596548550508942 0
0.2822773953997469 1.0 1
0.3447482265601794 1.0 1
0.40586341908322626 1.0 1
0.46835912101252397 1.0 1
0.45506762825243724 0.9260136609818443 0
0.4451564068273217 0.9695916383381421 0
0.4807662024164718 0.9717968589971459 0
0.3910380984391083 0.9792404859410526 0
0.41597599357922455 0.9769319511811804 0
0.40435190883166094 0.9286589302526111 0
0.3986048767281552 0.8031196899576928 0
0.4250815034912769 0.8130526925680788 0
0.29851789504039355 0.9742188789006088 0
0.3908298378886738 0.8783393042097736 0
0.3591701714023564 0.7399275824271296 0
0.018373621999295348 0.9534106045835387 0
0.06979777475763815 0.9753252806907171 0
0.08368886594645361 1.0 1
0.15766786872984317 1.0 1
0.22011291254130683 1.0 1
0.11745664157229897 0.9790173785873195 0
0.12969622012749427 0.9149238620170744 0
0.08691245928001685 0.9559347864216714 0
0.22314568023556766 0.932375708107227 0
0.25622049208948156 0.9413039097615044 0
0.2491462081438521 0.9146136866669149 0
0.2850525021925889 0.8720124341971617 0
0.27410008111659934 0.8445397158385193 0
0.1336515432309371 0.8827448470252709 0
0.14930279418344733 0.9122713767877584 0
0.21483533006758132 0.3015869030199578 0
0.07176480674565622 0.4250882144060279 0
0.02285007888744813 0.48157405699999095 0
0.1957487260075156 0.36085539124186866 0
0.1337801689663365 0.4026134357613293 0
0.0 0.2835249080584211 1
0.0 0.3458867125301125 1
0.0 0.408278411445466 1
0.0 0.4706678033835803 1
0.022318723910334518 0.45568346164948376 0
0.015500568021477925 0.3695245301556371 0
0.06338355208854983 0.38618564670310956 0
0.11360235057677995 0.4368407546694872 0
0.04877922420358362 0.48657512679759396 0
0.02973997657962053 0.5161339234554319 0
0.16761287430456032 0.5513580738524312 0
0.052062971488291615 0.672808350534057 0
0.0 0.5349232638370978 1
0.0 0.5970761620110082 1
0.0 0.7129293468146713 1
0.0907685540613769 0.3809351308892018 0
0.06263028258745278 0.3687168203126388 0
0.21952270517782116 0.0 1
0.1570400691699542 0.0 1
0.08271179262221182 0.17020902938489374 0
0.08407441502203275 0.038276237285140326 0
0.1105875400446368 0.11679703042437563 0
0.13765972616672564 0.06226714031583413 0
0.16331478921272038 0.23276778540118587 0
0.13043714516804206 0.23479411833578265 0
0.03693632425315959 0.031975057718118295 0
0.0 0.2065653764450405 1
0.01885672967705648 0.194123843498544 0
0.06624552467919002 0.16875587725852145 0
0.07751270252036736 0.14889788860307726 0
0.027968544760980457 0.0874567496313268 0
0.197604070684663 0.05002073538951132 0
0.13257635964105485 0.12947084207494008 0
0.20562062994103578 0.1222129540503243 0
0.1664774015866086 0.0816885497049012 0
0.4893105582367449 0.10370931551433706 0
0.5230313583452451 0.0649210537387773 0
0.47138999992986963 0.19908874888940334 0
0.445701369622323 0.1834429798739514 0
0.3918904395797661 0.15245641985153374 0
0.46875 0.0 1
0.40625 0.0 1
0.4677786074111317 0.032363005553012525 0
0.33738036111644515 0.0 1
0.2758545341797907 0.0 1
0.2525184843524485 0.13831146869563551 0
0.3489531138643416 0.024828482530319707 0
0.6669088372819096 0.16036435799597076 0
0.5320197208199976 0.24151034057852805 0
0.540558696194 0.1528570878638263 0
0.5775857044589665 0.0439218777123908 0
0.507320443765747 0.014492846605163456 0
0.5730406044024662 0.13605731908248156 0
0.5667197597978715 0.09649227039932656 0
0.32842289370259986 0.5147547002726981 0
0.7660290000626977 0.03269379236659685 0
0.7633983739991983 0.06438425045414334 0
0.9013968468130339 0.1696070968041317 0
0.905343015715335 0.19327486668563987 0
0.7833618875500401 0.341689630638574 0
0.8162773549003614 0.34134853793051334 0
0.8775014214298159 0.29119003252638187 0
0.8593974417756195 0.16957056993876757 0
0.8665064630108921 0.20360010801619693 0
0.38070820175629433 0.6274749860130668 0
0.4092677682735181 0.6696556815577208 0
0.5118699352804902 0.6950612483355219 0
1.0 0.21878875578794718 1
1.0 0.15628879855896216 1
0.9688059154211868 0.20582677377558523 0
1.0 0.0869204328381569 1
0.9651021041299033 0.10907211373610756 0
0.9091589826649039 0.0 1
0.9605727227479506 0.036618448244157054 0
0.8470158193217178 0.0 1
0.7848498260996822 0.0 1
0.8048098939614275 0.03152542841791754 0
0.821485603472319 0.06273131999333516 0
0.8770007114745403 0.0262117390229593 0
0.8685657433975061 0.0833164000633368 0
0.11753589987486146 0.7584013097995241 0
0.13371813249798875 0.8493656099975098 0
0.11681005591293694 0.859702823000879 0
0.9092925719596326 0.695594085350163 0
0.9722698412279203 0.7344643537741751 0
0.8155787768566688 0.7015869784772621 0
1.0 0.7153821185609625 1
1.0 0.6531762667277149 1
0.9746892648755554 0.6997258042440561 0
1.0 0.5927480013140757 1
1.0 0.5302757655183871 1
0.8802791860840705 0.5951863397110465 0
0.9387312220672677 0.640382534860904 0
0.9124784250135816 0.6406560787802799 0
0.7517064168560242 0.6704204230758859 0
0.7362101369902746 0.7104009589363742 0
0.8539138382090593 0.6807476588257311 0
0.7827568883997714 0.9763292632149783 0
0.9392800825426805 0.7617118054035544 0
0.979251604645906 0.7644611498099545 0
0.8498360153536111 0.8281276413645994 0
1.0 0.9740102833636601 1
1.0 0.9124322837032995 1
1.0 0.8426748701556678 1
1.0 0.7802067700440365 1
0.9784617319917254 0.7901300969032106 0
0.9426844759139777 0.813369847015504 0
0.5957808681068455 0.7060462316848827 0
0.6641357401075245 0.7210261187773443 0
0.5951506815532959 0.9668203053407358 0
0.5869820902310305 0.8564257671338631 0
0.6505873189825314 0.8600239549162088 0
0.6455746120928069 0.926310097814899 0
0.8401923916732911 1.0 1
0.9078396575914398 1.0 1
0.9702709038051089 1.0 1
0.9459184280018547 0.9058082872262191 0
0.9784914073225023 0.8836864090503717 0
0.8918130881680335 0.9491313419331833 0
0.8970274148760469 0.9004725844996985 0
0.869155601942417 0.862439958698539 0
0.0 0.7828677822217521 1
0.0 0.8452966291224103 1
0.0 0.9143647900489257 1
0.05653719958901892 0.9255589030022932 0
0.01911380429371834 0.8868981546112087 0
0.0838834513114751 0.8619644735958563 0
0.5177572988167085 0.5245038190645398 0
0.4394158489467338 0.5697561678483957 0
0.4174078908141721 0.5853782596376131 0
0.5338521823716823 0.5836479860223083 0
0.5396679840509105 0.5642021820972977 0
0.4973975785699364 0.5646531054461597 0
0.6714490571287991 0.6249917973257019 0
0.6509482357015232 0.6026164041153749 0
0.6440742989019268 0.633175174064772 0
0.6535020659874484 0.6879145464708668 0
0.6927500705216388 0.7055639364028053 0
0.6929691691327678 0.6682873499677859 0
0.7159359318337202 0.7003396758084982 0
0.7292123966089513 0.6877411448453123 0
0.7380106491103043 0.6395250862445675 0
0.7179554215829346 0.6609181910212202 0
0.5973190402127959 0.5429902482034793 0
0.5573290657492312 0.5370323237798682 0
0.6330307497150497 0.5817972121595557 0
0.641225162166173 0.4606039549324491 0
0.6046779292038794 0.4892182977360305 0
0.5660786517690289 0.5096768172406709 0
0.5762965913563756 0.5329492356969006 0
0.6289114701314439 0.5005236330353634 0
0.5973290541888999 0.5152936676248138 0
0.7862879856005929 0.41611389634800144 0
0.7558710020452618 0.40755710415918317 0
0.7070064050397147 0.43896043603627233 0
0.9422576427140277 0.30338711752215575 0
0.879605171260511 0.36962606924722463 0
0.9048054208695199 0.3872120663688689 0
0.8936161696485903 0.45588873952816034 0
0.8056605948636901 0.4412086247229043 0
0.8524108566694047 0.37992881169543813 0
0.747905668358679 0.46733803227490994 0
0.6835651348581793 0.4818426340016194 0
0.6656701943227542 0.552875032122451 0
0.8057001740289002 0.5338991095812999 0
0.557520687578055 0.42464512525480647 0
0.5659689484326759 0.38817802710319566 0
0.5510716655122315 0.4650115266164577 0
0.5443956120927129 0.5000968330027967 0
0.5578271755888295 0.4854554080174792 0
0.5938812264479073 0.47033136896862987 0
0.5636903107148552 0.4531589011881065 0
0.5820763955519137 0.4893047230683988 0
0.6040721211762691 0.449719799509274 0
0.5857982426245092 0.39151700156921754 0
0.6233731494330053 0.4057912576058461 0
0.6526116713193506 0.4474433676892027 0
0.6656698337224929 0.4048991414417014 0
0.6896125456496003 0.4221328050315285 0
0.5318682640726888 0.27229644439175227 0
0.5420312273635942 0.3179853959596594 0
0.76345886017515 0.36474914755315657 0
0.7263159583912445 0.23989472446497723 0
0.725022335805598 0.3771557046427994 0
0.7351802099483706 0.34983945163630303 0
0.6953672504732937 0.3685103961105381 0
0.5869382162973814 0.35523543482453157 0
0.6064586872733428 0.35469810699779236 0
0.6102701762660594 0.3881632057726667 0
0.628516049827491 0.3835236358851534 0
0.6507927699890373 0.38167197136927444 0
0.6434400685992934 0.2831458391094229 0
0.5813311560104157 0.31777273102258974 0
0.6094304471868962 0.3118146437402006 0
0.568409776727775 0.29533104399422155 0
0.6189634045817564 0.29016228543674094 0
0.5170642051616521 0.0 1
0.5259732941021578 0.017834191643251115 0
0.6640533218158982 0.18361931838958684 0
0.6477718416065065 0.1699593531334134 0
0.6274284323852306 0.16770238427994413 0
0.6030421105664129 0.16262911990822165 0
0.6594371663254897 0.2660870675621079 0
0.6204042241410218 0.032248114557930606 0
0.6011713450868993 0.042469818758701254 0
0.6421591013259246 0.05367641944463244 0
0.5945437082653189 0.058558313051027044 0
0.6722613300395073 0.0872302745293209 0
0.663674981258124 0.04222202688905442 0
0.6859294089455056 0.04747686163825816 0
0.6682538891172927 0.06389986035945354 0
0.6939374403966412 0.1012195052771072 0
0.6710428878071667 0.11128285039301777 0
0.7171822654707084 0.08989437697512077 0
0.6899859658877542 0.12508988029718557 0
0.7109305975641909 0.13923437191512344 0
0.4985539237618846 0.48527967666773286 0
0.4718955161127617 0.5402134061910906 0
0.45001069563016954 0.4865092940330712 0
0.5070287076391703 0.4497265660808409 0
0.5256138969218359 0.4400211151539547 0
0.49361409072927137 0.43494747477198004 0
0.5106978647339986 0.4077319053527512 0
0.5260084363942702 0.4058590790688208 0
0.4230442737371016 0.3598886986310132 0
0.3928260107552317 0.36224843785947164 0
0.47850749150735106 0.3853951419051241 0
0.5216979722383316 0.3921181868467436 0
0.47511955731220784 0.3606614732841651 0
0.43779463579994404 0.33495155681900124 0
0.45720701941228875 0.39151467178308835 0
0.44039994175869385 0.37812072742308933 0
0.4753816179660373 0.23164842439758768 0
0.39256968658756125 0.20507701512416024 0
0.4851945596175556 0.25710202757904177 0
0.47163026591185087 0.2808921699473562 0
0.4559095477102032 0.2531883855119055 0
0.3358831551744333 0.49530663056083546 0
0.33736921806207315 0.47205218931780524 0
0.31551701410575883 0.5042845411691317 0
0.38310624722127357 0.5113062731642928 0
0.3617309523837687 0.4775866331833244 0
0.35354363768214236 0.4982980190543337 0
0.3456887824401238 0.5159764676241039 0
0.35886860157042 0.5350618661635385 0
0.3543750187929058 0.572082518557666 0
0.3974147566214907 0.524961522831784 0
0.43746274169643373 0.5453368471511743 0
0.35617045119480006 0.39149783599314825 0
0.35805607484282276 0.4547858415459938 0
0.3811602463488854 0.3872912677525499 0
0.39525916314148896 0.408529577145838 0
0.37254427080892194 0.4102037457270509 0
0.38574409266960724 0.4300455427741813 0
0.37309921767951426 0.44609264844885654 0
0.4530705654360363 0.43095751858507897 0
0.4362468495354811 0.42087748231978134 0
0.42235732769327056 0.450065541280901 0
0.3900034175440469 0.4503859296043217 0
0.3920696614374621 0.46739945754780254 0
0.38128906496166526 0.47936171921418463 0
0.5762003766360771 0.6124273600316646 0
0.5653709701867806 0.6505614483427431 0
0.5944084361413354 0.6022288452301497 0
0.6152336122041816 0.6389396239347456 0
0.6679851357661148 0.6588553630225511 0
0.5044027298250489 0.9159937792000262 0
0.5078902797654107 0.891690663024863 0
0.459679344147375 0.9083497648825373 0
0.4770258135569407 0.9231383634393027 0
0.4945373259579765 0.9439797535559957 0
0.5171805026404648 0.9686449367157709 0
0.560599792725961 0.8955058823392329 0
0.5560920305099396 0.9252945649844889 0
0.6112409690781704 0.9358431542188753 0
0.6748543032466913 0.9606740116799771 0
0.447030240422886 0.7434266955611792 0
0.40507141642183275 0.7409493538937345 0
0.5160461170002852 0.7254305755960484 0
0.5557581736268544 0.8435044084949147 0
0.4420568289632035 0.8891815943146338 0
0.48324119835829443 0.8740851150541423 0
0.5235096741325945 0.8448717994636035 0
0.4423058886102881 0.9135109410400319 0
0.4450979270528819 0.9451318862357379 0
0.4325513281100912 0.9283284382781276 0
0.42268701541031156 0.908320663030756 0
0.40083593992431615 0.8310245597054895 0
0.276142698467638 0.9184597610074877 0
0.28488349946433467 0.9493370640579593 0
0.4001818051421474 0.9026561388434841 0
0.3635507230951173 0.8832476411786339 0
0.41694175663941896 0.8840521120557263 0
0.4298915546693329 0.8679874528403759 0
0.3569697459170019 0.9140640287376537 0
0.3385921692710105 0.7748808295444057 0
0.293973533586483 0.7770785094747955 0
0.2620743333027009 0.6602842784764016 0
0.2161298667439711 0.7131820921042752 0
0.24791733339021393 0.7366901128765541 0
0.2547970608218761 0.694529610002521 0
0.36845821359745 0.5999857036646353 0
0.09221548274667732 0.9800499063270778 0
0.10304637509962053 1.0 1
0.2046545722716174 0.9796158680417844 0
0.13801330458069688 0.982651429568259 0
0.10497610223253555 0.9651859961034908 0
0.12305881218518251 0.8954505117706923 0
0.2659939834200949 0.9732935210316537 0
0.2310881250420188 0.9697439259199244 0
0.25366320690895916 0.87074188237844 0
0.2589899355756836 0.8246346625589364 0
0.139337134793937 0.8985650881856578 0
0.15688628413675457 0.8901576871986991 0
0.13747646602648061 0.9300489753311096 0
0.22792953237229543 0.9041322167941648 0
0.3396163567766693 0.37133410700049246 0
0.35336227447832486 0.3042984002890135 0
0.22715349589627534 0.2669334512330809 0
0.2078267803627823 0.2662019724542758 0
0.2677872523322295 0.4578817449401255 0
0.20023278170648307 0.2832893836333462 0
0.21617350770592433 0.2826925622299578 0
0.22309011407125517 0.33059922301400396 0
0.2492269305765992 0.32437579107851666 0
0.2487153099656328 0.3830583799876654 0
0.3178415156645619 0.3018527306335323 0
0.2955185615307203 0.32729837499503406 0
0.06231839687482358 0.4408528924202193 0
0.08474156287405787 0.4123932831435711 0
0.06431574089078572 0.4047986356161017 0
0.040044229278253185 0.46508722339950964 0
0.22920320700057223 0.3743410342536579 0
0.18753357415347982 0.3748678743122562 0
0.2077529660958779 0.3779616195077261 0
0.11878162942224753 0.37523757962427245 0
0.16281329753459128 0.40854461900915423 0
0.11647268735829931 0.396279398588258 0
0.2253179266376072 0.3954483275109881 0
0.24421942229002702 0.4102099917165736 0
0.20247320464676408 0.40371860364092 0
0.2141932339764676 0.4853560199555996 0
0.0 0.26697395849330163 1
0.0 0.29967330257343117 1
0.0 0.3308370114066565 1
0.02061309265290534 0.4279246251759664 0
0.018961151826569572 0.3889542531411933 0
0.07938896912538282 0.3932041183733733 0
0.1469704492960019 0.43955467239618035 0
0.14567844610655403 0.4178399344483618 0
0.13005579421527802 0.45098347509839526 0
0.1323074112045539 0.4334947219203724 0
0.1051095743525296 0.4151433617832733 0
0.09219191907567614 0.43120374043536014 0
0.11178024749608506 0.48162318079428507 0
0.0782789589304815 0.44774654649359275 0
0.10832866663106769 0.504887283782935 0
0.2113554463913846 0.5178826722662248 0
0.12013691543215221 0.5220020949556605 0
0.18755152456100896 0.6931327912800114 0
0.22445171159438101 0.6758726740690629 0
0.19757260223169432 0.6475054524860671 0
0.1834557129323333 0.6090793004130424 0
0.2626247534864301 0.5167802576606835 0
0.25983413665316185 0.5478763364729519 0
0.21255065218795194 0.5861198202704744 0
0.022919460308019696 0.6521267042666791 0
0.10351433188851852 0.5721236211239947 0
0.09986756702584113 0.5442321014505072 0
0.07617445054331205 0.5676023494902936 0
0.09372186614068194 0.5198474440131058 0
0.03056088065620168 0.617206465095834 0
0.13248631945968087 0.556228746712763 0
0.15571231970562976 0.581144775779265 0
0.1304028289169299 0.6683859212779886 0
0.16122601853572133 0.6661072200378265 0
0.08777648156104546 0.6293935735695717 0
0.08088395767851661 0.6638091273055539 0
0.09081923307746774 0.7474742211902763 0
0.12061928333632135 0.6919627857460565 0
0.023140911583919947 0.5448222724869908 0
0.0 0.7308313696925943 1
0.0856167736832599 0.36692182962423175 0
0.07616625166293392 0.3761608567040137 0
0.0746341412562542 0.36413246810534866 0
0.05308549898908192 0.3268773843187212 0
0.07261917693713649 0.18655449702064691 0
0.032967185124312744 0.20588339235849698 0
0.01279885259272839 0.23863947551361847 0
0.07817087553871352 0.0720792899071492 0
0.08630813177927228 0.12143165303293275 0
0.10511516528084502 0.13926747597744704 0
0.1587407858425562 0.25561402598139715 0
0.15438894238140222 0.20974633187906466 0
0.17762579851382543 0.25237729029634465 0
0.09663058829067177 0.17752962272079545 0
0.13236806931281042 0.2162880083655978 0
0.0 0.22658096313464487 1
0.02124813116677696 0.22036054300889443 0
0.23575019091587054 0.10746907758253475 0
0.26367254236519877 0.08005718587107656 0
0.23194630526996615 0.06491566510594826 0
0.22452377652124067 0.02123959328303332 0
0.22757697525964907 0.2109022776171444 0
0.18843256538122177 0.23132156218914532 0
0.19957504944508253 0.2506925167019767 0
0.2178419150919903 0.25046559096567617 0
0.24964802727911903 0.2704908064903684 0
0.17536073893403883 0.21454519576233053 0
0.22041029722623903 0.1837789747701305 0
0.12274853175203197 0.15780288001425985 0
0.17811580918959818 0.112847710432548 0
0.4939180842596906 0.08286140812434711 0
0.5141266367680025 0.08131953825137817 0
0.5393917619930391 0.061719560648019464 0
0.5346389469278289 0.04253708028407809 0
0.5121584234199957 0.03371603377845888 0
0.5013912172565188 0.044793902915373315 0
0.494770765529776 0.029102465117358183 0
0.500976403936008 0.1395637712936124 0
0.49688435034093686 0.2131418273135814 0
0.4178980915972239 0.19580248649807636 0
0.49226228937061356 0.1595696065214139 0
0.476063663315154 0.14580863393123503 0
0.48282323369822444 0.12468021247878765 0
0.3611081385339443 0.11646927638476372 0
0.37300440609780694 0.1333599570022265 0
0.4092208699940178 0.168432822314678 0
0.45402976783306137 0.016313511253576687 0
0.48247168998042167 0.0409375780153815 0
0.47449837852216065 0.014918661060554271 0
0.3554809766816869 0.0 1
0.2726875222922181 0.111286274296087 0
0.31755565745056846 0.08468594414799774 0
0.39066332463869696 0.18074137286647823 0
0.33991761651656194 0.10303854300218117 0
0.2959672654329797 0.18059227528246957 0
0.31493496572951624 0.1527921214003852 0
0.5564287319520108 0.227196970075013 0
0.585309434308257 0.24297088191599164 0
0.5249411853240469 0.2097328200065524 0
0.5039179649765543 0.11735796534042585 0
0.5143922750884206 0.15850815888385636 0
0.5326882571833417 0.17716106390686828 0
0.5579484147030304 0.1690313007694446 0
0.569567237544201 0.02213707609789609 0
0.5581206299715531 0.05479463729554545 0
0.5442367677757981 0.019799404374509926 0
0.5790656538364262 0.15808177357687356 0
0.5934097912100463 0.14209881915686368 0
0.5862698445354037 0.12200027859618028 0
0.6165093981386053 0.14571230764881238 0
0.5520809161708439 0.07692879168152215 0
0.5495471248115632 0.1305281298573871 0
0.5526095626214738 0.1105536177550562 0
0.23856833422607185 0.5653003830806154 0
0.3309105667510085 0.5958571219224258 0
0.2897513061901663 0.6383227639902165 0
0.3039796346436971 0.6050610967762241 0
0.3202012345431495 0.6263302532372095 0
0.2534110281259926 0.6260104649176758 0
0.8332069783526774 0.1110059405253637 0
0.7445966648985181 0.08203106516042273 0
0.7881410124585879 0.06058101353129253 0
0.7405950914618694 0.05438044295778346 0
0.9260143734883527 0.17500312678278918 0
0.8808362404973318 0.15834014534860935 0
0.8846148072200952 0.21115214009744687 0
0.8514338494718104 0.2973559642455455 0
0.9030879220660422 0.3581071251503128 0
0.6816752693771414 0.20111958109374747 0
0.8393628640963959 0.1573772884814107 0
0.8478862723202898 0.21069041095152025 0
0.8424729418899964 0.17803939323162432 0
0.8304745882494169 0.27819025582174955 0
0.8279080302131088 0.5625600889949158 0
0.9023899676231029 0.5409562203350227 0
0.9108444477617548 0.5115800983543792 0
0.9179463916335505 0.5651113970805166 0
0.8815843985920238 0.49143396288830543 0
0.39976257844630236 0.6056543544550067 0
0.4248238823845572 0.7077279451069621 0
0.5405252291346831 0.6549119018259617 0
0.5214936190758699 0.6325249120996419 0
0.4482997085092077 0.6803274106513783 0
0.9708703563808961 0.173567989755822 0
0.9125782515782626 0.06947342152019213 0
0.8798750337311174 0.1324980837023398 0
0.946916897835081 0.15766685886428208 0
0.946145095081505 0.13438572816616287 0
0.9673368807539112 0.07445782534947452 0
0.8377582493017849 0.02686693709823415 0
0.8529713030497356 0.09883821453390582 0
0.8548903054675528 0.12179505598999817 0
0.8755797677663094 0.1058614866395884 0
0.03501997335771423 0.7223188646431433 0
0.09148785128460923 0.7755579008361797 0
0.019248220644471094 0.7483641098380843 0
0.21425665791434628 0.7457107418273187 0
0.18796278707176248 0.7266140390423573 0
0.1426055137174495 0.7427400396290074 0
0.14539393633412107 0.8665032964343815 0
0.1141095141555476 0.841897154720432 0
0.12210038540532732 0.7840903676265294 0
0.8905240388987771 0.6941178598814122 0
0.8948057699006294 0.7126002881143836 0
0.9016414650018455 0.7321608977404856 0
0.9203766981772036 0.7419438022232365 0
0.7492096169770368 0.7341176829762749 0
0.7660845248598895 0.713143053881574 0
0.8393409679534364 0.7049493865306876 0
0.8265927180429482 0.6826692588783558 0
0.7845062266790996 0.6633749629961984 0
0.7909621980569429 0.7066222316233 0
0.8082030088208055 0.6620060963199161 0
0.8602944153863707 0.5370746188250322 0
0.9464010141841909 0.6111778046787992 0
0.8737973883405759 0.6234620634229332 0
0.773050817914682 0.6892936423532853 0
0.8198806703529281 0.5850938263340654 0
0.7932466921267952 0.5692211916185315 0
0.7730687507324085 0.5441402982606484 0
0.845510911552737 0.5853815353535524 0
0.8553917196517323 0.609294627958605 0
0.8359544247739471 0.6567007536908461 0
0.8663327128534412 0.6539241242971692 0
0.7953417816060483 0.6413692332487821 0
0.7527284670659854 0.9496991865445757 0
0.8488716450926119 0.9291783183299717 0
0.8034174989279912 0.9149985249162639 0
0.7544950506392232 0.7589545401062515 0
0.7867354636084041 0.7966561578909208 0
0.8078210637123058 0.8519104345273428 0
0.7854851872163473 0.7254720201225581 0
0.781563781501578 0.7602919692316131 0
0.9413099365958433 0.7356022497224111 0
1.0 0.894399113337572 1
0.9729831158641616 0.9058048636805065 0
0.9722102944860359 0.9363112653525466 0
0.9486608812601032 0.9285713429388441 0
0.9657347774770318 0.9682991564029344 0
0.9577365592242153 0.7764995850535111 0
0.9608290791669334 0.8183919702322239 0
0.9213243094057969 0.8077083910972982 0
0.7920919204392555 0.8404621398775006 0
0.7621016623164132 0.8096212769107269 0
0.7483986036648659 0.8593749096213151 0
0.7871668916105337 0.819984147435994 0
0.7396644693321344 0.8076888757600801 0
0.7465708390909033 0.7889391273989529 0
0.666632561036151 0.8384802807160163 0
0.7369409469974051 0.7464973326760775 0
0.7165024048556051 0.7470760874452208 0
0.6504930986168412 0.80741831793795 0
0.61827674991581 0.6846173814546304 0
0.6284784755057906 0.713808002231638 0
0.5857945829238194 0.674786991270082 0
0.6290353168024896 0.7804470191407403 0
0.6172127646974478 0.8104424691098644 0
0.6786908635913699 0.913859757997429 0
0.8554561731915262 0.9742123693703886 0
0.8206091163629993 0.968407745637471 0
0.9438473165396896 0.884381221378583 0
0.9090948186062684 0.961186936983009 0
0.907526597445996 0.9375711393214409 0
0.8488360516382122 0.8528912442001322 0
0.9028200030370281 0.9170337256945594 0
0.8700755890420949 0.8409376072917867 0
0.8497557381828155 0.8742593232821596 0
0.8667824366102435 0.8833352366391962 0
0.0 0.7665797288732603 1
0.02392862908018098 0.7932508932882364 0
0.0 0.8956526480153085 1
0.05227599060677694 0.9012896289125679 0
0.01765270439995997 0.9305891386840942 0
0.07675074915044772 0.9345548737022029 0
0.019738210723575785 0.8625434197884247 0
0.10418448452776728 0.8959044673933657 0
0.07871609245962931 0.8805564539206837 0
0.0937320520263039 0.878762017802355 0
0.0988755082550716 0.836660829971287 0
0.06803690395917734 0.8666718255391989 0
0.09842731839384271 0.8518701223239036 0
0.533976551012724 0.5436762085439978 0
0.50452637552638 0.5048673134456082 0
0.5261890233269605 0.5043630912408492 0
0.38900101536810344 0.5738454613015733 0
0.48941239796704217 0.5471651516693016 0
0.5074038781883445 0.5446785311981593 0
0.47610585147344925 0.5604615000305244 0
0.6835631304857444 0.5935129750038989 0
0.679814407512225 0.6848034220676658 0
0.7110712430483317 0.5829154008271608 0
0.7297021720030983 0.612177637665926 0
0.6845154225779722 0.5675806373919211 0
0.6960365405391259 0.6427701953614979 0
0.6595842132334119 0.5749990992148106 0
0.6142053289905396 0.5610922253316246 0
0.7683469197345657 0.43937303402549205 0
0.9696630354726972 0.23914328312234012 0
0.9336127276038938 0.24793593114270412 0
0.9729618896555788 0.29349780811271525 0
0.9345266506143544 0.3341804904847971 0
0.9682382949412853 0.32481225719452583 0
0.8152613884080778 0.47674467656429487 0
0.8644860041287662 0.43292710535232426 0
0.7321848586207687 0.4951051878921026 0
0.6603895443748625 0.46998213595402755 0
0.6869292297483419 0.5391767944142044 0
0.6549193359399932 0.5260879041514044 0
0.7482630278052652 0.5220967499221272 0
0.5724103516225559 0.46889302483291273 0
0.5693674214135839 0.4370291436978833 0
0.5817464057480074 0.45208365369322434 0
0.573635702870179 0.4043469426280899 0
0.6146996120129481 0.42571434420865945 0
0.5225306365087693 0.3009358934317956 0
0.7061699829731103 0.297506114659208 0
0.7555827581850612 0.3266598631713009 0
0.7790174692385243 0.20914213322897243 0
0.6778625491122912 0.2278516563610143 0
0.6989282899995422 0.24639204848514823 0
0.7047863783374573 0.21950124709723423 0
0.5958677620004877 0.3726995913784582 0
0.6414210681911886 0.3996091644156618 0
0.6741160733091079 0.37691716604886305 0
0.6357953430027522 0.3666250212645617 0
0.5993570359601503 0.33655460051746994 0
0.5778083395006683 0.27091028986238347 0
0.685998311081246 0.15090741537600041 0
0.584274381963238 0.18071123692497995 0
0.6596380764220845 0.21123377633084833 0
0.5774868498519701 0.07303120233582407 0
0.6034363164675828 0.07911616769037869 0
0.6553100899173729 0.09826052548343567 0
0.6692053877420113 0.1358379902071059 0
0.713138909243184 0.04812125710720791 0
0.7021526300910519 0.023642575622991564 0
0.738220482899867 0.1075029634912613 0
0.713866206000576 0.11374574428499921 0
0.5163216128571838 0.489238623056598 0
0.4933449766359932 0.4662605356020578 0
0.4313991534774536 0.5115290881398205 0
0.4208132840935478 0.46696658199802155 0
0.4665436955708085 0.49591743627623364 0
0.4375282944210308 0.45921835438181785 0
0.5094800246145087 0.4290204533711097 0
0.4512484820611104 0.3576949445312238 0
0.4986456884876384 0.36869991706229643 0
0.5030679639050978 0.23387035339541948 0
0.5020836045321204 0.2792435361278863 0
0.4552068550409822 0.3078136512079788 0
0.4077966045705478 0.22697217063196773 0
0.42515799828624967 0.2525957010315127 0
0.31321042643105634 0.4842758681613833 0
0.29116374452643906 0.505191670131217 0
0.36463824882214135 0.5157973945154924 0
0.3695828442537187 0.5522974463582009 0
0.4561243515595183 0.536527027177549 0
0.3792234035039587 0.5318891571981392 0
0.4144741592302809 0.537047757559339 0
0.35249219488385847 0.4090907162994145 0
0.33655433102654914 0.3979133337701611 0
0.2741304559031619 0.39632399346005365 0
0.4038548195640458 0.4423870235881508 0
0.4734484192839939 0.4395636404872722 0
0.41819002530145544 0.41411232071873305 0
0.6096898086246257 0.6618936385643255 0
0.5272002647360909 0.9383222346289125 0
0.6801305441194581 0.8721004070920175 0
0.4863815192478865 0.7230030520973038 0
0.5386390041645248 0.7692449445071567 0
0.5380402261691514 0.808652968307721 0
0.5803157116186989 0.8169570092281973 0
0.535984989585331 0.874241764067347 0
0.498811940647355 0.8175544498914469 0
0.49149812511197727 0.8472337861264391 0
0.4488281601362633 0.8293215510505078 0
0.470338205307255 0.8294031111026287 0
0.4214350861838572 0.9517261769583578 0
0.3601596452102547 0.9663417757772071 0
0.4291657010604687 0.8423578777737751 0
0.40704167356120147 0.8590633077181148 0
0.38135672715397284 0.8508780563686397 0
0.2949740244350165 0.9001564754421345 0
0.3126721739757597 0.8787770551998054 0
0.3400335987537127 0.8572481869217136 0
0.3803362144522257 0.7766615513598562 0
0.3440296282959626 0.6718590760371778 0
0.34852662641499743 0.6333629033345269 0
0.34587450823421184 0.7103359230321855 0
0.31104544523309025 0.669165130845806 0
0.31592822196843207 0.7359692526103191 0
0.20042148470906382 0.9533405866508804 0
0.20738765483329402 0.9127420172537354 0
0.1481060928896196 0.9486743482863329 0
0.17324008834445745 0.9463045795527482 0
0.15964178661199116 0.9293479789441054 0
0.11850778962996031 0.9617725206490134 0
0.25539410735657336 0.7944823515621733 0
0.1883280399298569 0.8909345103678097 0
0.24509362144611804 0.8948017322420837 0
0.34693853678212344 0.3413468611208192 0
0.31536035876631335 0.38461955018982635 0
0.40902665711678976 0.28027357054588903 0
0.30318880849894064 0.2750776524739234 0
0.3315378073827214 0.2780855219532175 0
0.3428769823534229 0.2222679265258828 0
0.2922429432018979 0.47391289151689825 0
0.31441536379590423 0.45843619380719347 0
0.29278762258137997 0.44604577154836733 0
0.31600005040849666 0.40806334049927845 0
0.26949764569961693 0.4266376065338987 0
0.1912706370262477 0.30087171825185166 0
0.18115844047531554 0.28538774916599924 0
0.18630284689132426 0.3330533806222561 0
0.23296395565349146 0.2872012017365947 0
0.27004736779067423 0.33966528001944374 0
0.2579415503289409 0.2975486524370624 0
0.05403441710832115 0.4228370194518352 0
0.21632843995254994 0.3566990278684981 0
0.13356467170877934 0.3877282452186724 0
0.1004942376608412 0.37058975194002547 0
0.17020669728090748 0.39358271628240077 0
0.1053358434829225 0.38397126487980904 0
0.188408122027619 0.49526422158624306 0
0.239301454040034 0.4999082760587188 0
0.01461512168267509 0.2760228546875467 0
0.0274932170542618 0.31095069277946846 0
0.017850881697862843 0.29263104780885935 0
0.0386734551089563 0.2956103678182936 0
0.0376268840336201 0.4178127141983899 0
0.022940824992599015 0.40810472948914245 0
0.18172908337593532 0.41123360014323257 0
0.12471408993988146 0.4163137377379452 0
0.11164277580450434 0.4590975787695325 0
0.07193334904561478 0.48571415503137616 0
0.08844027029222308 0.4692875757740836 0
0.2629436719209679 0.48708374396760734 0
0.131884472578222 0.49631190175293904 0
0.14793743255133276 0.5251432682782793 0
0.22151796642024713 0.6169818586142679 0
0.23202719617283357 0.6443606317926523 0
0.18555641366997647 0.577452960726877 0
0.02553707745915448 0.6891403884873752 0
0.09625323123188395 0.5963841385277422 0
0.05097395161149848 0.5428573502390361 0
0.11052234042148106 0.651559692492261 0
0.11337128250705837 0.7336370166180783 0
0.13223624963756042 0.7157418718728992 0
0.14849817857497163 0.6910346983621264 0
0.10646318979815705 0.6742212825267967 0
0.033616200139918125 0.2764328438043993 0
0.04985974417878817 0.2034746791312762 0
0.0441937638566589 0.2228965008285387 0
0.12531453558633068 0.2966956438530313 0
0.0891703710784618 0.3449464334351239 0
0.08083861875952772 0.3549264206372434 0
0.04677463750206417 0.3643587721041378 0
0.05655614939895691 0.35480938758472436 0
0.01800094133757172 0.2583570660932149 0
0.03353257776992984 0.12165801051032975 0
0.17042304392668864 0.27030904656745214 0
0.08605829127056477 0.18665591589465663 0
0.11341782247815245 0.179335875901741 0
0.14357320804443433 0.22657345661408035 0
0.13120903861474845 0.1945741612002925 0
0.0475683039592643 0.06575975605046255 0
0.32239812378181587 0.2502791655808117 0
0.2844386178473018 0.1462302614186557 0
0.36557631730566265 0.1976602208280538 0
0.2603091513806541 0.037621811472851104 0
0.29095517438986856 0.09013485916274079 0
0.21151460449015794 0.23108863559558082 0
0.27519426827172044 0.2746502546695338 0
0.13218846769275713 0.17410919373247732 0
0.1535717072160537 0.1110977979525749 0
0.23511531994889667 0.1607955459521516 0
0.5162290213299726 0.05156870788587759 0
0.49130347712318895 0.014130236861740938 0
0.47439192347650705 0.1706500451270518 0
0.44165308971091943 0.13149339576755234 0
0.36680321354772194 0.09375903191781114 0
0.36186379499919197 0.16342197351270835 0
0.3587791274680653 0.04887777434618444 0
0.3773557992146261 0.06006760820746329 0
0.3772494860428398 0.1122311746319459 0
0.4182168320277696 0.06041770570452551 0
0.3717203550880144 0.023280232494485072 0
0.4876058820521429 0.06046224692423304 0
0.4826062178274434 0.026235719073270245 0
0.3216714050220798 0.021944874294305854 0
0.31052725294260286 0.11756779856942208 0
0.5081344450252265 0.09597045451989158 0
0.5573847533030131 0.03599666217640487 0
0.5362381674382398 0.11105835671612418 0
0.31146233083324715 0.5263094045803338 0
0.28526042220889514 0.5350289662186106 0
0.3303976023004561 0.5634733935592199 0
0.24340855092386277 0.5949608401875298 0
0.8139138575118843 0.15027454742579843 0
0.8250752393300343 0.09005841357452858 0
0.9291718732337503 0.20008397810089748 0
0.857161617837751 0.27057475278023513 0
0.8227106463020616 0.30705932943589526 0
0.6866882670994015 0.1749421952089881 0
0.7097750305799359 0.1647841523250948 0
0.8317220479162425 0.19807615206710463 0
0.8008468409754692 0.2845949978444142 0
0.7793145275253821 0.2585287306876752 0
0.8110078054290135 0.25478572694583934 0
0.8569381686781398 0.5129575269168676 0
0.8370590565960206 0.5339982639182328 0
0.8537695533984355 0.5558557155177875 0
0.8837248337346939 0.5254429588134603 0
0.9552069008006157 0.47454983911814314 0
0.892309356005117 0.5724102919167238 0
0.9788814170135675 0.5051430815507221 0
0.9659464475569854 0.5421974310321285 0
0.9156470118348853 0.48271431084089556 0
0.507044536280713 0.5897861855961813 0
0.4566204540063166 0.7080951869372871 0
0.9156160701914994 0.09305552585763165 0
0.8925200313912157 0.0879194815502902 0
0.8886716547012705 0.05946436529372968 0
0.9383415133971351 0.08592042669764613 0
0.9189787394330842 0.036457519997720844 0
0.9150433983211517 0.1443974829095379 0
0.9703946441864753 0.1429041392281934 0
0.9386428423516949 0.059803762900196185 0
0.8444103180034278 0.08102511397149617 0
0.06505374040955321 0.736585270351354 0
0.08726641294439234 0.7241186688477197 0
0.23415153210296133 0.7674031583550728 0
0.2198278207651325 0.8369268148006503 0
0.16359789902487926 0.8275601762446749 0
0.8978345898357384 0.6800467365864826 0
0.8952843397056176 0.6603668998882688 0
0.8791834351389411 0.6792677406786237 0
0.9207049133818181 0.7178623728375796 0
0.8796223377817041 0.7326642804293537 0
0.8694887932038224 0.7054541378406607 0
0.8001218246204604 0.685181927484233 0
0.9500558794848066 0.7120850323779953 0
0.9504851668149685 0.6832786948120837 0
0.9746333930358582 0.6690235998435409 0
0.7683030786816804 0.6416069081451681 0
0.8033516295345526 0.6220258962185302 0
0.7131441210710996 0.9699262237309078 0
0.8233031616336665 0.9369426004102237 0
0.8689338137395841 0.9466873147480768 0
0.8529456562403271 0.9111634419270865 0
0.8288489366935827 0.8858731937261283 0
0.829564253602817 0.8382474067059578 0
0.807080181975998 0.8060688745708657 0
0.7883461881718478 0.7791547821828303 0
0.9503340602364962 0.9476789199901392 0
0.9590371336926021 0.8011439548413246 0
0.9165804966806019 0.7692265692485252 0
0.8966707758683621 0.8049557946360014 0
0.891355199310518 0.8308814673178668 0
0.7895180386685465 0.8916525901532089 0
0.8082626265232054 0.8761048129266633 0
0.7823467263197414 0.8630261221694174 0
0.7456722864113504 0.8271415385619977 0
0.7280415013729664 0.7659851559646209 0
0.6920586974236679 0.7354235239293611 0
0.6878637436965324 0.8060859584207829 0
0.6976513572544044 0.7661684659025807 0
0.6636247210863638 0.7772085602357177 0
0.6089004961453318 0.8376991509780983 0
0.6172090929847907 0.8665842249794627 0
0.9123472808824052 0.90485576788657 0
0.9476776388547504 0.8347255809574995 0
0.9608029788896392 0.8718663463068744 0
0.9776121788285874 0.86111472664684 0
0.9331970555177719 0.9705820590016674 0
0.907316878274311 0.8757808836241023 0
0.0655431390577492 0.8236206999649679 0
0.07082888978876038 0.8942517037219121 0
0.04040316580570398 0.8792522823075589 0
0.018064410804580103 0.9068234494946342 0
0.10871102273681862 0.9477130365710367 0
0.021553678417397186 0.8364311735717507 0
0.11471557514765943 0.9126450032622124 0
0.10090491683880262 0.8649169630249901 0
0.10928361100398909 0.8220347095148595 0
0.41506569022305684 0.5592983958648637 0
0.48806555775447086 0.6057921016603965 0
0.4572425652526296 0.5553667461981154 0
0.7645306879514907 0.5715623170443515 0
0.7445306608864067 0.5887151055507787 0
0.7145353125573597 0.6335666809434501 0
0.7021275053451759 0.6152117777041083 0
0.7774269977362317 0.5184330247558243 0
0.977513797234712 0.26800932277894773 0
0.9453185733438135 0.21628594227357129 0
0.954182912299083 0.2706499676353261 0
0.9134957436634 0.2226802386006269 0
0.873186552509767 0.322116196541904 0
0.9031098176009874 0.3348988404692916 0
0.9703114414510088 0.35816598848927017 0
0.8405432294763172 0.3220320685498222 0
0.8525318952289105 0.35189281014060214 0
0.9302233399542235 0.41038969425147437 0
0.8273788477114826 0.508955245440779 0
0.7828881636142642 0.4699001273697718 0
0.8647779673450312 0.46329222669191605 0
0.8395963695714469 0.4550892335961783 0
0.8739400455321802 0.39942239455339656 0
0.7649518516565261 0.4949229171141583 0
0.6399859461299356 0.47940895038862347 0
0.6427164857751798 0.55579956927617 0
0.6217169123833252 0.5346492227457454 0
0.5907554826330907 0.4294681299116156 0
0.5322161712241967 0.37361432347668 0
0.5410393534227532 0.3486209650213873 0
0.7364324420078681 0.2956872620343787 0
0.7691535986451135 0.2907627630719816 0
0.8024418374488453 0.19826824166900342 0
0.7786200538424565 0.1855553577059252 0
0.6769361707712481 0.250232207317802 0
0.7474368177587208 0.26346755450287673 0
0.757365230973692 0.22960099870676295 0
0.6695293128236841 0.29657646299001156 0
0.7090264637649416 0.34858929663671373 0
0.654573169005366 0.35977609349483164 0
0.5569117333827445 0.2550943914848845 0
0.6033563133909521 0.26703503692948466 0
0.5932215518799019 0.2928756067828748 0
0.6429365263188764 0.1906967017037492 0
0.6509034875021124 0.23972134784894236 0
0.5905843074045333 0.10004558627863537 0
0.6271628576143314 0.07530733324668228 0
0.651328710716056 0.07975898900932334 0
0.7749187592979168 0.08459692965970814 0
0.7647463673569999 0.14854013498842952 0
0.7299699850014495 0.12886750770021177 0
0.46401588597532956 0.4792747668177331 0
0.41467461053304416 0.5187358749343641 0
0.4330887901333597 0.49422574941286634 0
0.4290055391687012 0.526656051017146 0
0.4060106039070279 0.4742993721640666 0
0.4485439805834676 0.5047281794646742 0
0.46579205474104934 0.5178187935746906 0
0.40804462706519823 0.33669816098305233 0
0.4449329328788476 0.5247776668454522 0
0.3947440582245 0.5461622654468011 0
0.3609728619604275 0.4315150859899803 0
0.2699619504004277 0.36619341060019706 0
0.29388829781753906 0.37555688171846807 0
0.2947085896632114 0.4173947061916725 0
0.4537883941935305 0.4501463411171971 0
0.4052553559836459 0.4253274773837717 0
0.4204178331883159 0.4318004604332294 0
0.592977349304737 0.6454563681187961 0
0.7121274335292821 0.8966097136843605 0
0.7431948714410509 0.9118676472628644 0
0.7630736792013694 0.8860476127068898 0
0.71536266383204 0.8654910849166368 0
0.5699670006199249 0.6976588583726431 0
0.5619169693799373 0.755313211411393 0
0.5391863653176895 0.738985119342299 0
0.5855334027524353 0.7577297314887215 0
0.5097537162851632 0.8677925423063962 0
0.3754243952948259 0.937135925200181 0
0.30017855155767775 0.8480573870228693 0
0.313180485209245 0.6984566407525433 0
0.1349969410849371 0.9655561537123335 0
0.19519526325533046 0.9314672886510983 0
0.15507426649312187 0.9692971034250262 0
0.16927913231743685 0.9107109343856189 0
0.3259729195331729 0.32441379590404956 0
0.36632484523271064 0.3660208716829773 0
0.2985967086324686 0.3972089532848293 0
0.3920270937376303 0.30710153763500136 0
0.4229996205913208 0.3080149319678936 0
0.33529858758504266 0.42011058446423855 0
0.16300971985825524 0.2848833832418341 0
0.19999429379845948 0.320813406731542 0
0.20025873156570012 0.3417809845756227 0
0.17942977499892604 0.3168011341002064 0
0.28848155431978284 0.2991996970499308 0
0.1496038517170022 0.3960570954877508 0
0.17883001261864614 0.36473776239928773 0
0.24241196718024874 0.44197423108910683 0
0.16517915256828677 0.45529323517858694 0
0.19088732707297978 0.468435457473439 0
0.01035524631447089 0.3133510390044015 0
0.03562514550261198 0.39830056370030587 0
0.04234856393765497 0.4421427454886274 0
0.03400516886026685 0.33969980185730764 0
0.1654516326550223 0.42963334359919086 0
0.09018757870949465 0.49374699604798633 0
0.13013228119647452 0.46925210732969874 0
0.20687834340393849 0.5492997817296763 0
0.0634074726703246 0.6051045449092912 0
0.035013121749042475 0.5769434353523101 0
0.07732888444479186 0.5366623785522304 0
0.161645924432416 0.7184139770442574 0
0.06523483061766361 0.19962157442174078 0
0.038330604396637 0.2547808205734625 0
0.045658660527870314 0.2398822192853009 0
0.028829976291302264 0.23908641070619113 0
0.09378083588914231 0.2457196968905253 0
0.11400747055094328 0.3011232051550618 0
0.1466013250943284 0.28657897987889835 0
0.15619395908211992 0.34325395484822946 0
0.11024048246922864 0.3550313311692972 0
0.0991236532302581 0.3465097261993708 0
0.11769904553496008 0.2876775531728947 0
0.1038514307869107 0.30361928920771203 0
0.09768850385510774 0.31201238392336245 0
0.045803176474593206 0.3116679110222912 0
0.035741857166309156 0.32687902932091967 0
0.046248236255277506 0.34862194417897785 0
0.03488168526484582 0.37975649288469815 0
0.06922515892136277 0.35406076026473626 0
0.06504671428373333 0.328794109584233 0
0.05873835420317505 0.3412799367249072 0
0.15385279648799358 0.27331424106287944 0
0.08235526257780208 0.2036444184046232 0
0.1276027978474941 0.2637566362602338 0
0.1160473505334876 0.2702863485850005 0
0.09499020929777871 0.09386365376852907 0
0.0627004573875085 0.09752966105108031 0
0.3318419988577357 0.1849936956755499 0
0.2928938552874409 0.05952515575570596 0
0.19844345894720047 0.20635832552194217 0
0.26641213947718007 0.25277551816562166 0
0.2904719658305455 0.250102117998484 0
0.24323750992531468 0.18908082709707513 0
0.14481497660576798 0.15640988466572225 0
0.5327510243772845 0.07868349647010521 0
0.460781507887367 0.1299605307869074 0
0.4205692632229346 0.14686623865120968 0
0.4499507458172937 0.15463228379057462 0
0.40533010536820363 0.040192106903518016 0
0.445774221462034 0.0330772360277441 0
0.43435522434251955 0.09857723274982176 0
0.29953993564716647 0.02951727890838657 0
0.5572033955749759 0.19707555346840405 0
0.6106790707917515 0.24708218369119447 0
0.5234934194190173 0.13032782147679456 0
0.79619786776002 0.16990064713832018 0
0.8373698520907289 0.1358836649035063 0
0.8811986829002956 0.26185700250838007 0
0.8787641435480796 0.18475106466945077 0
0.7080104791134865 0.19288701044802858 0
0.7926468366775384 0.22779546080578897 0
0.8753987053307745 0.5494083545759976 0
0.870462285409809 0.5718262927603452 0
0.965132650739889 0.5790684673855064 0
0.5291745227391911 0.6073842244082256 0
0.5072844191070842 0.6615925784795975 0
0.40430974193260044 0.6360617653080528 0
0.9028101811936716 0.11287405408595254 0
0.07027489583549999 0.7607309599701707 0
0.041520108427820224 0.7532526837991226 0
0.10866820553049077 0.7125310331849004 0
0.04624360762212128 0.6972414410368155 0
0.2266910979217603 0.8583148641540511 0
0.2361203124964529 0.8188985843781537 0
0.15638823012755126 0.8478274549247625 0
0.16822444700192515 0.805461324645016 0
0.1447134112122927 0.8350082021077582 0
0.16844103218090042 0.7422367895199592 0
0.18497939769084698 0.783506575895084 0
0.1463365535124547 0.8171544845570499 0
0.12439235400402264 0.8068269240914324 0
0.14338876802237346 0.7949251456425874 0
0.1415472575508313 0.7704115458413633 0
0.15863907484255552 0.7848492212764887 0
0.21069165625063713 0.893906026013156 0
0.7945040929876713 0.7423197600535814 0
0.8055862936827723 0.7237416040643819 0
0.9704686126490193 0.6389602594810978 0
0.9246240467680529 0.6695001011801365 0
0.8465043749301977 0.6310990060929802 0
0.7744254830115792 0.9173162328420341 0
0.8412235657021453 0.9513352055177163 0
0.8114793063767973 0.893758904592434 0
0.8878779920029283 0.9294038406970254 0
0.832134987088832 0.9098212612069323 0
0.8488145314257438 0.8936818270342592 0
0.8675362222976011 0.9032739583174276 0
0.8846870623177965 0.9100829365147731 0
0.8300571726483515 0.8617365650350296 0
0.7731252692349082 0.7382495186650332 0
0.8095082931082168 0.827907821523929 0
0.9288418522658243 0.9427777300179544 0
0.9788653201129338 0.8137969658035495 0
0.9351408254129523 0.78802625608481 0
0.9109846250863193 0.825623837458269 0
0.7688253996582279 0.8366015317408229 0
0.7258409156760826 0.8415567384757846 0
0.7191912180707218 0.7912676491134584 0
0.6396138208783002 0.749298573463437 0
0.9573276963191057 0.8536208397444786 0
0.9264592808186461 0.8788825004330627 0
0.8869231467212652 0.8736262019424682 0
0.9114474405815298 0.8905419570738035 0
0.04646722370282479 0.8054335294113614 0
0.061723905888290444 0.8495961437656891 0
0.074499201982282 0.7977707852394955 0
0.08141043252645996 0.840629757574012 0
0.07620218519587964 0.9123343614962779 0
0.08580075402312752 0.8946339171990535 0
0.11990448411468295 0.9294623594598871 0
0.49232777006493395 0.6300103319951933 0
0.48359067640424513 0.5820089626518059 0
0.5083880699712043 0.6137732116008879 0
0.7390569717721424 0.5565792964177976 0
0.7828470053787963 0.6182556783393225 0
0.7743143282055742 0.5951505159182933 0
0.8827147770449613 0.3446341929589936 0
0.9344263450582377 0.37729132455469006 0
0.8429990401930031 0.4045764706590988 0
0.796301898711273 0.500566202666555 0
0.6590881320036922 0.4947652873047853 0
0.6836968572350923 0.5093104939541546 0
0.600352668983794 0.40862531807812896 0
0.46741228663593204 0.3350637894006069 0
0.5158087760911272 0.3752856751807306 0
0.7906480487661962 0.31398831183816317 0
0.826144949368362 0.22406763539745989 0
0.7553802844354879 0.19851146752764107 0
0.6918921345114687 0.3246336646315959 0
0.6361452583639527 0.30868330439694386 0
0.6281736920013712 0.34091750589662206 0
0.6799656844357138 0.35388017944405814 0
0.6156732298440168 0.09815361691728289 0
0.7620003254140123 0.10615234347118115 0
0.7519283431931797 0.12925410130673617 0
0.4509946358227861 0.46882007532397346 0
0.47122856072019115 0.46264956954344605 0
0.4787623889096116 0.4819500492620471 0
0.39460434681193024 0.4802462396925377 0
0.4188331382281518 0.4837732461536435 0
0.4163321878614145 0.5013661021294533 0
0.40122488693234565 0.5069757280293198 0
0.5964881912275193 0.6239777753589024 0
0.5542823047128929 0.9626173964393422 0
0.7380693297122136 0.883351191129723 0
0.5723093235860849 0.7288363948518919 0
0.6044690246341091 0.7360132645628931 0
0.6102533250413955 0.7615026939533434 0
0.5989526345454532 0.784565342722756 0
0.5691524997618727 0.7806464352949124 0
0.32006234846183707 0.8182493301091588 0
0.38210619278240876 0.6994026620679539 0
0.28640032793086706 0.7137092995151632 0
0.2852975050392836 0.6780402746531891 0
0.1924099258159231 0.9100666664207807 0
0.3820522614240691 0.27971065937295186 0
0.3761947934544997 0.335600115696696 0
0.3769583419318348 0.22657209103270712 0
0.17135496130271544 0.3014413424165295 0
0.2720239661016848 0.3174871779580351 0
0.1594788378796067 0.3808869693234597 0
0.18443402917996088 0.34799029813563126 0
0.17486301947399052 0.37811912829594063 0
0.24026522501313624 0.469953956940265 0
0.21630066720479899 0.455836173111152 0
0.05697943239245808 0.30007671806148434 0
0.049157077951981806 0.4073101866123485 0
0.04465569703278232 0.33653926643742016 0
0.013698069577068832 0.3459534751105918 0
0.14400204313211395 0.4578076287977649 0
0.12478447446134994 0.5911918758889655 0
0.06466808915047138 0.7082097796840939 0
0.06767386907296662 0.6879010860519235 0
0.09172265744452132 0.6953674834206215 0
0.0707364145780116 0.29581218778302815 0
0.07395487549670758 0.22864676522097624 0
0.0533367978532629 0.26741477146279746 0
0.06504632558452861 0.21620425942446644 0
0.11658764400508936 0.2246744771377859 0
0.08865062657366406 0.2321050468455584 0
0.11742305710990544 0.23926401776556938 0
0.1157240169382505 0.25598257457750234 0
0.16787433899957566 0.3529789828889259 0
0.15073822081653268 0.36971506143844624 0
0.1417142024217593 0.3466907017664471 0
0.17002983966173674 0.3347663772133953 0
0.11015812619206596 0.3130105480843617 0
0.10852245523473715 0.33868707026122263 0
0.09772611438888455 0.3376378823214675 0
0.10152909124636256 0.3253000677197555 0
0.03314726041138514 0.3577852743113084 0
0.0886336691329777 0.33160864555527325 0
0.07572841933903345 0.33951935084780926 0
0.12616905622180183 0.2755761402908138 0
0.0801272167407328 0.21942923319404206 0
0.09861327275797584 0.1950408601863758 0
0.10326561996838983 0.27925483261543105 0
0.12911689957890465 0.24788198142315687 0
0.2617758247511879 0.16861205281871527 0
0.3274819871288998 0.050453969231946 0
0.3024121654829604 0.21745011149315735 0
0.19579462628705102 0.18044252176038644 0
0.17418460623871018 0.19272293716246647 0
0.18484245689434842 0.13673535787378638 0
0.16065320407271533 0.1344281858008448 0
0.5253057407414217 0.09678402570017247 0
0.4689307174266438 0.10936193591425108 0
0.39940951343838466 0.12248442569275377 0
0.3952678424189277 0.01993694577517602 0
0.38432353549831 0.042548583689363165 0
0.3838612754651146 0.07571991632981925 0
0.43343007284124463 0.019354600292522693 0
0.42628559054516746 0.036854866773275416 0
0.4686671418145819 0.05314537800280237 0
0.42538592293943406 0.11739331962484158 0
0.4400800899085424 0.08315232084757136 0
0.42414290879052513 0.08165689994834004 0
0.4143367228126063 0.09876067444838371 0
0.5843830101388156 0.21208932544160594 0
0.6087166836786716 0.2248690059741796 0
0.6328845764880602 0.216578644686265 0
0.6081670495001632 0.1212653066081092 0
0.6471889893490773 0.11973179812684957 0
0.26633915704037725 0.5736034383729102 0
0.30642151902579723 0.5459692616909917 0
0.30801423769466546 0.5766078452894332 0
0.28892224107488884 0.5827884287348288 0
0.2730191455796246 0.6033286159397683 0
0.33357515934387594 0.5365950862378339 0
0.9071210670541758 0.3041117982477937 0
0.7330472138786728 0.1823030333901265 0
0.9312904241176806 0.11327535886100192 0
0.2087023764797173 0.8722544046809612 0
0.19142598192332663 0.8112701239135142 0
0.17942396987998652 0.8239710542040906 0
0.20241820521062165 0.7963162593247147 0
0.2455392483913645 0.842916067664178 0
0.1282653757086902 0.8282605662459875 0
0.1625966713132881 0.7631954652589054 0
0.8490120290632006 0.7328155937694073 0
0.8250235856430348 0.720925234959149 0
0.9516675071061318 0.6630785653306542 0
0.9324265935258611 0.6952309151344909 0
0.8277204371174707 0.6092961071273095 0
0.8203403594299344 0.6364841989266286 0
0.8684566084574503 0.921359598518546 0
0.8820577580167808 0.8929738667809276 0
0.8283901286774661 0.8150471552615203 0
0.9030045107289134 0.8620910286601113 0
0.698955859059061 0.8396540040760818 0
0.6709606223186676 0.7485293876111497 0
0.6353189578164236 0.8354989160949308 0
0.9277860344140377 0.823837502673978 0
0.9272309194294681 0.8970481183336152 0
0.9417999436682785 0.86748593027747 0
0.8966747193033935 0.8857277543349467 0
0.8865182917816435 0.8528141976496711 0
0.049699582721343345 0.7814829149577908 0
0.10210750605809372 0.800669174721859 0
0.472385917583199 0.6540743705299791 0
0.4279222546380362 0.614486486523584 0
0.4671300267014356 0.5951166192134336 0
0.7564600703793192 0.6156882974040158 0
0.8994827063912361 0.42421661499739105 0
0.9296522636054265 0.4456939513981317 0
0.9632812343660726 0.43316644647675967 0
0.8485231051606699 0.48460428611855944 0
0.5161237545464513 0.3296493296627135 0
0.5163966218549972 0.35780839280519083 0
0.6285459669468707 0.2613479403093482 0
0.6366282704177253 0.09721209267991489 0
0.7771570543222964 0.16403053920317726 0
0.7886244726207833 0.14859298993960718 0
0.7382310229735931 0.15225122696064652 0
0.4357781467124395 0.47683560689771526 0
0.3895966639419233 0.49430997097947943 0
0.5765060730663503 0.6320767428428459 0
0.5791288346815741 0.9399654559362726 0
0.33935031568812335 0.8842987471232675 0
0.3301014002053031 0.9748817644493987 0
0.29930524851135126 0.9261013659192843 0
0.31795514385798096 0.9459672644437358 0
0.3659264752654331 0.8175326817684117 0
0.17891762260827243 0.9239062810113369 0
0.3158068094230389 0.353754577393228 0
0.35709961309816535 0.26025861358074515 0
0.31505554612900205 0.43403990297249695 0
0.3379630359558604 0.4442953172204252 0
0.16231512244248686 0.49897679658963406 0
0.1902344293366693 0.4374384251771985 0
0.04855014157126523 0.2846400448252187 0
0.06434534670182533 0.28369452465936257 0
0.021333214246778535 0.3275109569702934 0
0.14911804694738667 0.47471868232497105 0
0.06155707895287736 0.2358172040604087 0
0.09920506428927213 0.21645119811257046 0
0.10302187579577808 0.2345640179110874 0
0.15323351077888872 0.35742600282513803 0
0.16509858809615088 0.36705607199661855 0
0.1459013074905591 0.38152292783989955 0
0.12942776307889983 0.3582001823091079 0
0.1423918039895519 0.36161929751458016 0
0.12403160483637259 0.3435849254385724 0
0.15158463452029147 0.3302213444221584 0
0.0917130998058939 0.28894185136539513 0
0.10401850216973721 0.294495343084648 0
0.07727799036053233 0.32241036573941345 0
0.061563263550991475 0.3159447240653881 0
0.09107811700836493 0.31995564193447923 0
0.07063889188715212 0.2693884169366017 0
0.07713197965205665 0.2844465204046719 0
0.09948673813712391 0.26097039920173476 0
0.2399377729789606 0.23947890586041615 0
0.26925806734528135 0.22720892773518817 0
0.20516929028004272 0.1528185792034996 0
0.15180092754789357 0.18115508263083804 0
0.5432262340422417 0.09363863165624657 0
0.518216926397202 0.11021535578075774 0
0.44749550742941807 0.11316676908609459 0
0.4152431692721962 0.01920723749109053 0
0.45176214035586826 0.06729287260314008 0
0.40565628253123087 0.07759135536709218 0
0.3912947113675498 0.09592490309131364 0
0.7309524256999966 0.21002533438357404 0
0.1692681894901384 0.8681462957352569 0
0.22915860524903192 0.880460528250354 0
0.186609269933694 0.7556406150092437 0
0.199095836598267 0.8303533447346 0
0.8078259124538012 0.7654701023583524 0
0.8972127470163951 0.7532270976210618 0
0.819593543551757 0.7407580866156925 0
0.8728088471140767 0.7898150411719838 0
0.8693983878756866 0.761515765983015 0
0.8923757400327534 0.779481124509055 0
0.8496865577629099 0.8040758194048475 0
0.9059095908847332 0.8456664227798414 0
0.9253554332744849 0.8397116043795742 0
0.9206497668351105 0.85959214570758 0
0.03965703271211282 0.8534165557404664 0
0.043774695961935665 0.8298999911029034 0
0.02217430788529828 0.8133823581958886 0
0.08779707399856417 0.8186127445084612 0
0.09540188809224849 0.911362598045348 0
0.4374943362965428 0.6459202587505927 0
0.44459070680338525 0.5928850741640435 0
0.46099361769767233 0.5761562004225382 0
0.4929969829703103 0.3437948468791728 0
0.7175809963019156 0.26894416992515 0
0.6871789655748971 0.2706766296887187 0
0.6599036454093982 0.3293472679583624 0
0.7584138599919129 0.17226002273861085 0
0.8200021963905347 0.12562435661085555 0
0.7883291753975539 0.10617059757127247 0
0.8002571439125914 0.12706041497132728 0
0.8116715387834248 0.10794195878418271 0
0.8024601378994208 0.0846504238621026 0
0.28879159642024527 0.35259684678809766 0
0.3935897778060839 0.2535370710339005 0
0.17415498484812517 0.4801863524602468 0
0.21824626181327988 0.4224862314201346 0
0.11746801259717075 0.6209138943754163 0
0.13837483561181735 0.6415585672109793 0
0.0817673303910639 0.29726601090952226 0
0.052586757869558146 0.2503131535094514 0
0.11576033259234197 0.2038605024680619 0
0.08302726766778576 0.2583626935475666 0
0.13629072903528153 0.3727057667968433 0
0.11806851471212962 0.32684979056332375 0
0.1455503753760377 0.31403429876677125 0
0.1384777560136859 0.2995984891546878 0
0.15361938947628168 0.2999307804372425 0
0.09419811969299623 0.3008798849694747 0
0.1384249597573456 0.2748494611502645 0
0.08752506000921088 0.2720635411276332 0
0.27094036661409854 0.1993301810875048 0
0.25043592760487793 0.21505947450016313 0
0.4724546357284841 0.07455919326392095 0
0.4563453183429918 0.09071747126435892 0
0.6261789257334804 0.23719487499948103 0
0.2057243727316917 0.8517579570889156 0
0.17840131142608132 0.8475775984927164 0
0.20649772867432253 0.7725306607384627 0
0.2116622771169678 0.8144757607343748 0
0.8374822200426907 0.7625677304168764 0
0.802566082093945 0.7883622189878983 0
0.8257135921009445 0.7891835987449372 0
0.9383099896361559 0.8509761495174776 0
0.05306423622003688 0.8650457449178305 0
0.776803414092382 0.12763620480368293 0
0.34290217785630955 0.9411092998558303 0
0.1347638957739481 0.32828020757838616 0
0.1615026771739511 0.3164461846966062 0
0.07278147628147573 0.3078672493038167 0
0.08575811327499774 0.3098537915529317 0
0.14048079580215075 0.25873132127257575 0
0.1752876875670932 0.16114846047096165 0
0.4752492151405544 0.09281059888597068 0
0.2233369096999348 0.7943777151892363 0
0.46093902890185634 0.6202986686368519 0
0.3211018934711539 0.9139965293454264 0
0.14731203056012865 0.6121916513688245 0
0.1263035766400489 0.31125267844941 0
0.14437590971717018 0.2431961130562274 0
0.8526495556505499 0.7809737890935372 0
0.06672530352847754 0.25415317691647327 0
0.07857667026296997 0.2407340064838321 0
0.421875 0.0 1
1.0 0.8268814652647989 1
0.5496497913445691 0.0 1
0.0 0.36044335626505625 1
0.5808216273488207 0.0 1
0.48956769657173377 0.31070919192109375 0
0.0240565384198215 1.0 1
0.0 0.1481389524257401 1
0.01955171458320556 0.14854548713309765 0
0.0 0.9755046936565577 1
0.0523175728023387 0.37795566206464054 0
0.025386395118821313 0.17458210549615483 0
0.041188120132169416 0.17138223444489506 0
0.0619035627228467 0.12829227951935374 0
0.03756374208567226 0.9409865371919143 0
0.0324087344968144 0.8991369261307568 0
0.03658801813006264 0.916755890981019 0
0.09304979077483369 0.9375708394043623 0
0.3959822888363805 0.05984772668605895 0
0.4382455932202705 0.052632776122344925 0
0.45489617022962936 0.04902302775441321 0
0.40497281174972216 0.48957586256035174 0
0.4348317306314112 0.06863448032003713 0
0.10327397294629603 0.9270711125061537 0
0.0889982309463008 0.9250430041867839 0
0.4726686650637346 0.4063869009921856 0
0.03745757980862561 0.9699214540802683 0
0.0 0.10682396029454574 1
0.656300410536989 1.0 1
0.03675554773163501 0.18858646366728912 0
0.1286346527846667 0.8684421743340152 0
0.9208132434877676 0.622252291307969 0
0.5653459322819412 0.35293900025343583 0
0.5193399090480555 0.4545497980587444 0
0.4822136011471279 0.4214537467180954 0
0.4967203445770907 0.4184548596562938 0
0.5596176986197818 0.14933350650242097 0
0.5742400000553517 0.4177208514595616 0
0.55998002254248 0.4061225810370187 0
0.09669034071406364 0.4485759783891523 0
0.34639528504642686 0.07429049277709078 0
0.9425056573944688 0.5107744055426434 0
0.9063274355421966 0.25234441597845214 0
0.8859004791772934 0.23548635194627515 0
0.8662956015938994 0.2210464197566905 0
0.5850658785300675 0.4110020914263642 0
0.36570654955201215 0.07083165664479558 0
0.9006069060999292 0.27800009578332124 0
0.5323258422704255 0.6793524710384149 0
0.06708639630797093 0.5117115446308276 0
0.8903112098441195 0.6386354614269137 0
1.0 0.3475159471469684 1
0.23610313671373545 0.30700899612023475 0
0.9316908784124505 0.5368924861360134 0
0.911467506642731 0.7902571281865687 0
0.8327022372500265 0.4292640841406125 0
0.5753847711675343 0.3721760205433368 0
0.5602280636476833 0.3121705860327476 0
0.32665695003244277 0.6484605146988088 0
0.2868788726214469 0.5615917745980298 0
0.7999196182873979 0.5996814135379297 0
0.18073528775674397 0.9750243028690752 0
0.1331230609781522 0.28686729584611426 0
0.9220333078487422 0.27709479995391123 0
0.26175861532959316 0.7665551217532217 0
0.28421236936157673 0.7470422756760741 0
0.6277732813504739 0.12912709606550482 0
0.16730552176133734 0.6345154306359289 0
0.8402734884322002 0.2519359970735187 0
0.34421502366059564 0.48760050441796887 0
0.7191997978634033 0.8185978138481806 0
0.348911870306746 0.549383395185999 0
0.8625605894336578 0.245074633104134 0
0.5698475591253096 0.11714585906463187 0
0.897749242717353 0.6210022971661956 0
0.6263274802867996 0.11372076839319056 0
0.0 0.7987381948929027 1
0.6721301093857516 0.699411853750105 0
0.5397779312495501 0.42982554278070884 0
0.46475167331492645 0.8871082587718443 0
0.23773336187367564 0.5324651766933446 0
0.9436455080798068 0.5636211410300623 0
0.19007383952307308 0.8655966266296357 0
0.578777382183999 0.33874607664017997 0
0.3374777551281572 0.15898565610370136 0
0.376341014339623 0.8982823941444925 0
0.38159526584060716 0.9153663385337361 0
0.1982431073142689 0.41905284426593126 0
0.10652489932620395 0.24616301746710012 0
0.9353037585224728 0.584921213886788 0
0.3377828506725292 0.9572777261414364 0
0.5334504622480262 0.0 1
0.4839964050497454 0.0 1
0.07085786808519227 0.7781878638152946 0
0.8386094560783203 0.09539060389227898 0
0.0 0.652508434450304 1
0.7780889417319382 1.0 1
1.0 0.49734847582582054 1
0.878493105722145 0.0 1
0.718800410536989 1.0 1

Edges
137
1 90 1
1 93 1
2 113 1
2 114 1
3 341 1
3 355 1
4 1651 1
4 1654 1
5 436 1
5 1737 1
6 197 1
6 208 1
7 243 1
7 252 1
8 205 1
8 224 1
11 151 1
11 307 1
12 150 1
12 1696 1
14 164 1
14 315 1
15 165 1
15 166 1
17 257 1
17 284 1
20 1741 1
20 1744 1
21 67 1
21 1673 1
23 206 1
23 207 1
25 223 1
25 543 1
26 582 1
26 637 1
29 242 1
29 1648 1
31 253 1
31 1740 1
32 90 1
32 258 1
34 1652 1
34 1672 1
37 281 1
37 671 1
40 308 1
40 310 1
41 326 1
41 344 1
42 327 1
42 329 1
44 343 1
44 776 1
46 353 1
46 354 1
48 362 1
48 812 1
50 151 1
50 1696 1
57 164 1
57 165 1
67 197 1
68 1673 1
68 1744 1
69 205 1
69 206 1
70 207 1
70 208 1
75 222 1
75 1651 1
76 223 1
76 224 1
82 583 1
82 584 1
83 242 1
83 243 1
86 252 1
86 253 1
87 254 1
87 1740 1
89 257 1
89 258 1
93 1672 1
94 266 1
94 1652 1
102 280 1
102 1645 1
103 283 1
103 284 1
112 307 1
112 308 1
113 310 1
114 312 1
115 314 1
115 315 1
118 326 1
118 327 1
119 329 1
119 330 1
126 341 1
126 342 1
127 344 1
127 1646 1
132 353 1
132 1741 1
133 354 1
133 355 1
136 362 1
136 1721 1
137 363 1
137 1654 1
149 150 1
149 1742 1
166 1649 1
222 543 1
240 582 1
240 583 1
241 584 1
241 1648 1
254 621 1
266 637 1
280 1737 1
281 1645 1
283 671 1
312 1743 1
314 1743 1
330 1742 1
342 776 1
343 1646 1
361 810 1
361 1721 1
363 812 1
436 1736 1
621 810 1
1647 1649 1
1647 1736 1

Triangles
3349
1 90 265 0
5 1019 1737 0
6 208 211 0
6 211 511 0
7 237 249 0
9 335 748 0
9 748 791 0
10 367 825 0
11 151 1135 0
12 150 154 0
12 1141 1696 0
13 179 1155 0
13 1677 1701 0
15 106 166 0
15 165 168 0
16 180 1670 0
16 1670 1679 0
17 1011 642 0
18 489 494 0
18 494 498 0
19 187 1293 0
19 501 187 0
20 337 1741 0
21 67 349 0
22 200 516 0
22 202 203 0
22 516 910 0
22 910 202 0
23 920 212 0
24 233 547 0
24 322 1675 0
24 817 819 0
24 819 1125 0
25 225 545 0
27 559 561 0
27 561 954 0
27 634 645 0
27 954 1002 0
28 255 964 0
28 569 587 0
28 577 592 0
29 245 586 0
30 251 606 0
30 606 611 0
30 611 1236 0
30 1236 616 0
31 253 611 0
31 606 1740 0
32 96 260 0
33 259 269 0
33 269 631 0
33 650 1004 0
33 1004 635 0
37 281 1447 0
37 1028 671 0
37 1447 1028 0
39 1365 712 0
39 1689 1717 0
40 308 1068 0
41 324 326 0
43 331 1056 0
43 756 1676 0
43 1056 718 0
43 1676 1719 0
43 1734 756 0
45 352 514 0
45 1111 131 0
46 135 354 0
46 353 800 0
47 1330 804 0
48 362 816 0
48 365 812 0
49 158 386 0
49 386 1151 0
49 387 410 0
49 410 413 0
51 146 152 0
51 152 300 0
51 300 1143 0
51 1143 400 0
52 832 834 0
53 176 460 0
53 405 852 0
53 460 1723 0
54 158 855 0
54 159 416 0
55 163 434 0
55 434 1702 0
55 856 419 0
56 424 1165 0
56 1165 1367 0
57 164 877 0
59 175 880 0
59 456 881 0
59 459 1678 0
60 182 471 0
60 471 470 0
60 496 906 0
61 471 887 0
62 277 472 0
62 476 893 0
62 661 278 0
63 498 904 0
63 883 1182 0
64 188 371 0
64 371 823 0
65 189 503 0
66 506 507 0
66 512 513 0
66 513 908 0
66 908 506 0
68 515 1088 0
69 205 217 0
69 217 1518 0
70 207 213 0
71 209 509 0
71 509 510 0
72 212 920 0
72 1205 214 0
73 536 1389 0
73 551 939 0
73 1389 1206 0
74 221 1671 0
74 364 815 0
75 221 222 0
75 1651 1671 0
76 223 1706 0
76 544 224 0
77 554 935 0
77 935 1208 0
77 938 1122 0
77 1348 554 0
78 230 941 0
78 924 528 0
79 572 960 0
79 1189 565 0
80 248 571 0
80 595 977 0
80 976 248 0
80 1230 568 0
81 573 574 0
81 580 973 0
81 1401 573 0
82 583 1228 0
84 246 570 0
84 570 1405 0
85 980 1527 0
85 1235 250 0
85 1527 965 0
86 620 1237 0
88 996 1249 0
89 36 258 0
89 257 642 0
90 32 260 0
90 260 265 0
91 268 626 0
91 626 1240 0
92 96 262 0
92 97 1264 0
92 262 97 0
93 1 265 0
95 1001 1658 0
96 32 258 0
96 36 262 0
96 92 260 0
97 274 1016 0
98 271 641 0
99 276 653 0
99 652 1029 0
100 662 682 0
100 680 660 0
100 682 683 0
101 278 661 0
101 1275 1276 0
102 280 668 0
103 283 1031 0
104 666 1023 0
104 1023 1729 0
104 1032 675 0
105 287 439 0
105 439 440 0
105 691 1711 0
106 443 444 0
106 444 290 0
107 705 728 0
107 725 309 0
107 1136 1042 0
108 302 1287 0
108 303 712 0
108 1047 713 0
109 1047 1159 0
110 1295 305 0
111 306 910 0
111 910 1061 0
112 307 309 0
112 309 725 0
113 313 2 0
114 2 313 0
114 313 1066 0
115 314 731 0
116 317 731 0
116 318 1064 0
116 319 1070 0
117 737 1298 0
117 1496 811 0
118 326 328 0
118 1085 327 0
119 329 1292 0
119 1292 1058 0
120 329 42 0
121 334 758 0
121 335 380 0
121 380 334 0
122 767 1319 0
122 769 1089 0
122 1089 801 0
123 770 774 0
123 771 785 0
123 774 1095 0
123 785 789 0
124 324 339 0
124 338 775 0
124 339 781 0
124 775 324 0
125 340 1573 0
125 1099 1100 0
126 780 778 0
127 1646 1331 0
128 782 1331 0
128 1338 1113 0
128 1646 343 0
129 21 349 0
129 349 514 0
129 352 515 0
130 45 196 0
130 196 512 0
130 350 1111 0
131 351 909 0
131 1111 351 0
132 337 801 0
134 356 802 0
135 46 800 0
135 358 803 0
135 800 1090 0
136 1579 1123 0
137 220 1654 0
137 363 814 0
138 818 1119 0
139 174 824 0
139 367 828 0
139 1184 174 0
140 370 1060 0
141 377 831 0
142 188 64 0
142 384 389 0
143 19 188 0
143 142 190 0
143 188 142 0
143 190 65 0
143 503 501 0
144 402 847 0
144 418 394 0
145 147 394 0
145 418 160 0
145 423 393 0
146 51 153 0
146 153 392 0
146 392 393 0
146 421 152 0
147 148 394 0
147 393 838 0
148 144 394 0
149 1057 1055 0
150 149 1504 0
150 1504 154 0
151 50 841 0
151 841 1135 0
152 299 300 0
153 1357 1700 0
154 1141 12 0
155 148 846 0
156 52 848 0
156 155 846 0
156 848 1360 0
156 1352 52 0
157 177 463 0
157 1723 177 0
158 49 413 0
158 54 416 0
158 413 855 0
159 54 417 0
159 144 416 0
159 417 418 0
160 423 145 0
161 432 1728 0
162 427 1369 0
162 863 427 0
162 1369 866 0
163 55 419 0
163 419 1167 0
164 14 172 0
165 57 170 0
167 440 1170 0
167 1170 1459 0
167 1458 1457 0
168 165 170 0
168 170 448 0
169 445 1173 0
170 57 877 0
170 449 448 0
171 58 453 0
171 447 450 0
171 876 58 0
172 14 295 0
172 295 704 0
172 704 876 0
172 877 164 0
173 459 881 0
173 881 1375 0
174 456 824 0
174 884 1376 0
175 408 825 0
175 825 880 0
176 53 407 0
176 59 1678 0
176 175 59 0
176 407 175 0
177 460 886 0
177 462 463 0
178 462 1680 0
179 13 406 0
179 157 463 0
179 463 467 0
179 1683 157 0
180 16 495 0
180 470 1670 0
180 495 496 0
181 474 889 0
182 464 471 0
182 906 491 0
183 178 466 0
183 462 178 0
183 1363 467 0
184 475 891 0
185 481 500 0
185 500 1514 0
185 896 482 0
186 495 1192 0
186 497 1194 0
187 502 722 0
187 722 723 0
187 1515 502 0
188 19 370 0
188 370 371 0
189 65 385 0
189 374 375 0
190 142 383 0
191 9 792 0
191 335 9 0
191 377 379 0
191 792 1106 0
192 722 502 0
192 796 1200 0
192 1200 199 0
193 375 505 0
194 130 512 0
194 350 130 0
195 508 1724 0
196 45 514 0
196 514 1516 0
197 6 511 0
197 1382 67 0
198 515 799 0
198 767 1088 0
198 1197 767 0
199 1200 1384 0
199 1693 192 0
200 22 203 0
200 915 918 0
201 516 200 0
201 927 517 0
202 1202 911 0
203 202 911 0
203 911 912 0
204 520 533 0
204 521 1724 0
204 921 917 0
205 8 548 0
206 69 1518 0
206 920 23 0
207 23 212 0
207 212 213 0
208 70 210 0
208 210 211 0
209 71 524 0
209 524 525 0
210 70 213 0
210 71 211 0
210 213 919 0
210 524 71 0
211 71 510 0
211 510 511 0
212 72 213 0
213 72 919 0
214 919 72 0
214 1205 1731 0
215 201 216 0
215 527 1521 0
215 927 201 0
216 200 917 0
216 201 200 0
216 527 215 0
216 921 527 0
217 205 548 0
218 530 1730 0
218 923 922 0
219 927 535 0
220 814 1659 0
220 1659 1671 0
221 74 227 0
221 75 1671 0
222 221 542 0
222 542 543 0
223 25 545 0
223 545 1210 0
223 1210 1706 0
224 549 8 0
225 542 546 0
225 543 542 0
225 546 938 0
225 938 1208 0
226 234 554 0
226 547 552 0
227 74 815 0
227 542 221 0
227 546 542 0
227 815 1662 0
228 549 933 0
228 933 1209 0
229 228 230 0
229 528 529 0
229 529 548 0
229 548 549 0
230 78 528 0
230 228 555 0
231 78 550 0
232 73 1206 0
232 231 550 0
232 551 73 0
233 24 1675 0
234 226 552 0
234 552 553 0
234 553 1211 0
235 561 562 0
235 562 956 0
235 956 1697 0
236 568 959 0
236 569 593 0
236 593 595 0
237 7 243 0
237 243 244 0
237 244 571 0
237 248 249 0
238 573 1224 0
238 1220 960 0
238 1400 1220 0
239 577 961 0
239 589 974 0
239 961 1223 0
240 582 967 0
242 29 586 0
242 585 83 0
242 586 972 0
243 83 244 0
244 83 585 0
244 585 1230 0
245 1407 1429 0
246 84 1655 0
246 256 623 0
247 590 975 0
247 592 974 0
247 975 1684 0
248 237 571 0
248 1694 249 0
249 252 7 0
251 30 617 0
251 617 1411 0
251 1300 984 0
252 249 620 0
253 86 1237 0
254 87 984 0
254 984 735 0
255 28 587 0
255 587 623 0
255 622 962 0
255 962 964 0
256 246 1655 0
256 998 999 0
256 999 1257 0
257 17 642 0
258 36 96 0
259 33 635 0
259 268 269 0
259 635 1003 0
260 92 629 0
260 1007 265 0
261 97 272 0
261 272 631 0
261 630 1264 0
261 1264 97 0
262 274 97 0
263 633 648 0
264 636 1005 0
264 1005 1641 0
264 1436 1419 0
265 1007 93 0
266 94 267 0
266 267 638 0
267 94 1656 0
267 627 638 0
267 1656 1674 0
268 91 1657 0
268 95 269 0
268 259 626 0
269 95 1658 0
269 630 631 0
270 93 1007 0
270 1001 1672 0
270 1007 1265 0
271 36 89 0
271 89 642 0
271 274 36 0
272 97 1016 0
272 1443 1272 0
273 35 1553 0
273 639 35 0
273 651 98 0
274 98 651 0
274 262 36 0
274 271 98 0
275 652 1033 0
275 664 1445 0
275 1445 1635 0
276 654 1273 0
277 278 1020 0
277 1020 100 0
278 277 62 0
279 674 1023 0
282 668 670 0
282 669 1452 0
282 670 1030 0
282 1452 1665 0
284 103 1280 0
284 1011 17 0
284 1280 1011 0
285 35 639 0
285 639 672 0
285 1009 1437 0
285 1017 35 0
285 1437 1017 0
286 1031 283 0
287 438 439 0
287 869 1045 0
288 419 181 0
288 1167 419 0
289 682 1283 0
289 693 1681 0
290 444 446 0
291 5 436 0
291 436 437 0
291 656 658 0
291 1019 5 0
292 688 1681 0
292 693 1718 0
292 1718 690 0
293 1172 1718 0
294 477 483 0
295 14 315 0
295 296 704 0
295 315 316 0
295 316 703 0
295 703 296 0
296 702 704 0
297 298 1287 0
297 706 1067 0
298 297 705 0
298 705 1042 0
298 1042 1138 0
299 152 421 0
299 858 1364 0
300 1044 1142 0
300 1364 1044 0
301 708 1043 0
301 1043 1286 0
301 1286 1692 0
302 38 706 0
302 108 713 0
302 711 38 0
304 541 720 0
305 1390 110 0
306 111 1294 0
306 199 518 0
306 518 910 0
306 1294 1693 0
307 11 839 0
308 112 725 0
308 725 1068 0
309 307 839 0
309 839 1136 0
310 40 311 0
310 730 113 0
311 40 1068 0
311 730 310 0
312 114 1066 0
312 318 1743 0
313 113 730 0
313 730 1069 0
314 318 731 0
315 115 316 0
316 115 731 0
316 731 317 0
317 116 1070 0
317 1041 1594 0
317 1070 1041 0
317 1594 703 0
318 116 731 0
318 312 1066 0
318 314 1743 0
319 732 1070 0
319 1064 1063 0
320 618 988 0
320 740 1311 0
321 322 742 0
321 1476 1305 0
322 24 1125 0
322 321 1675 0
322 822 742 0
323 744 1076 0
324 41 339 0
324 775 1083 0
325 1315 753 0
327 1316 42 0
328 324 1083 0
328 326 324 0
328 1084 1085 0
329 120 1292 0
330 1057 1742 0
330 1058 1057 0
331 762 1291 0
331 1291 1056 0
332 333 1676 0
332 1317 333 0
332 1480 1317 0
333 1077 1695 0
333 1695 1719 0
334 382 381 0
335 121 749 0
335 191 379 0
335 379 380 0
336 750 751 0
336 764 765 0
336 765 1078 0
336 1081 750 0
337 122 801 0
337 132 1741 0
338 781 1332 0
338 1098 747 0
339 41 344 0
339 344 345 0
339 345 781 0
340 125 807 0
340 805 1093 0
340 1093 1486 0
341 3 355 0
341 355 780 0
342 126 778 0
342 777 776 0
342 778 777 0
343 44 1115 0
343 1115 128 0
344 127 345 0
345 1331 1097 0
346 782 1113 0
346 783 1332 0
346 1113 1491 0
346 1332 1097 0
347 794 795 0
347 795 1385 0
347 1385 1384 0
348 376 1722 0
348 1106 1489 0
348 1337 795 0
349 1516 514 0
350 519 913 0
350 913 1110 0
352 45 131 0
352 129 514 0
352 131 799 0
352 799 515 0
353 132 801 0
353 801 800 0
356 47 1492 0
356 134 777 0
356 777 779 0
357 44 776 0
357 776 777 0
357 777 134 0
357 1114 1115 0
357 1115 44 0
358 1090 1322 0
359 806 1326 0
359 1326 1485 0
359 1485 1494 0
360 807 1495 0
361 810 117 0
361 811 1721 0
362 136 1123 0
363 812 1121 0
364 74 1659 0
364 813 1346 0
365 48 816 0
365 816 1120 0
365 1120 1660 0
366 818 821 0
366 821 1343 0
366 1125 819 0
367 10 823 0
367 139 824 0
367 823 828 0
367 824 825 0
368 1127 487 0
368 1129 1584 0
369 368 1583 0
369 826 1127 0
369 1127 368 0
370 140 371 0
372 140 1060 0
372 1060 1350 0
373 505 375 0
374 189 385 0
374 373 375 0
375 193 504 0
376 794 193 0
376 795 794 0
376 831 1722 0
377 141 379 0
377 191 1106 0
377 348 1722 0
378 141 831 0
378 831 505 0
378 835 382 0
379 141 380 0
380 141 382 0
381 382 1132 0
381 1501 1086 0
382 141 378 0
382 334 380 0
382 835 1132 0
383 837 190 0
384 10 388 0
384 142 64 0
384 388 389 0
385 837 1152 0
385 1152 836 0
386 158 416 0
386 847 1151 0
387 49 390 0
387 390 391 0
388 10 408 0
388 408 409 0
388 409 412 0
388 412 391 0
389 383 142 0
389 388 391 0
390 49 1151 0
390 1151 1359 0
391 383 389 0
391 390 1153 0
393 147 145 0
393 392 838 0
393 421 146 0
395 841 843 0
395 1137 841 0
395 1708 1137 0
396 397 1149 0
396 709 397 0
396 1149 400 0
397 709 1356 0
397 1144 1502 0
397 1502 1149 0
398 1059 719 0
398 1503 1059 0
399 153 1700 0
399 392 153 0
399 844 1146 0
399 1146 838 0
399 1148 844 0
401 148 147 0
401 846 148 0
401 1150 846 0
402 144 148 0
402 148 155 0
402 155 1360 0
402 1360 1359 0
403 834 836 0
403 1152 849 0
404 715 760 0
405 53 1723 0
406 13 1701 0
406 854 1683 0
407 53 411 0
407 409 175 0
407 411 851 0
408 10 825 0
408 175 409 0
409 407 851 0
410 387 412 0
410 853 413 0
411 53 852 0
412 387 391 0
412 409 851 0
412 851 410 0
413 853 1154 0
414 406 1701 0
414 1361 1690 0
415 54 855 0
415 428 429 0
415 864 54 0
416 847 386 0
417 54 864 0
417 160 418 0
417 865 160 0
418 144 159 0
418 145 394 0
419 890 181 0
420 161 1156 0
420 856 55 0
420 1702 161 0
421 393 423 0
422 1562 1163 0
423 160 425 0
423 424 421 0
424 56 858 0
425 160 865 0
425 1165 423 0
425 1370 1165 0
426 867 427 0
426 1677 1728 0
426 1701 1677 0
427 867 1369 0
428 162 429 0
428 415 1361 0
428 1361 414 0
429 162 866 0
429 430 864 0
430 417 864 0
430 429 866 0
430 866 1166 0
431 1508 442 0
432 161 1702 0
432 867 1728 0
432 1169 433 0
433 435 1368 0
433 1169 435 0
434 163 868 0
434 432 1702 0
434 868 1169 0
435 431 1368 0
435 1168 1508 0
435 1169 1168 0
437 436 1736 0
437 655 656 0
437 656 291 0
438 287 1045 0
439 438 1170 0
440 167 441 0
440 439 1170 0
440 691 105 0
441 689 691 0
442 1161 1587 0
442 1171 1161 0
443 15 168 0
443 106 15 0
443 168 445 0
443 169 444 0
443 445 169 0
444 169 446 0
445 168 448 0
447 171 451 0
449 170 877 0
449 450 448 0
450 445 448 0
450 449 171 0
450 1174 445 0
451 171 453 0
451 452 447 0
451 454 452 0
452 454 875 0
452 1461 874 0
453 58 702 0
453 702 878 0
453 878 879 0
453 879 451 0
454 451 879 0
454 455 869 0
454 879 455 0
455 879 1177 0
455 1046 869 0
455 1177 1512 0
456 59 880 0
456 174 1376 0
457 139 827 0
457 898 1184 0
457 1129 898 0
458 884 1183 0
458 1180 1513 0
459 59 881 0
459 173 461 0
459 460 1678 0
459 461 886 0
460 176 1678 0
460 177 1723 0
460 459 886 0
461 173 905 0
461 905 1679 0
461 1679 1680 0
462 177 886 0
462 183 467 0
462 886 1680 0
464 182 465 0
464 469 887 0
464 1185 469 0
465 182 490 0
465 1185 464 0
466 61 468 0
466 178 1670 0
466 470 61 0
466 888 183 0
467 463 462 0
467 1155 179 0
469 1216 891 0
470 180 60 0
470 466 1670 0
470 471 61 0
471 464 887 0
473 661 892 0
473 674 661 0
474 472 889 0
474 475 476 0
474 476 472 0
475 184 476 0
475 890 1650 0
476 62 472 0
476 184 893 0
477 294 479 0
477 478 1714 0
477 479 894 0
478 481 1714 0
478 894 949 0
479 294 1036 0
479 895 894 0
480 185 1514 0
480 486 899 0
481 18 500 0
481 185 482 0
481 482 1714 0
481 489 18 0
482 477 1714 0
482 483 477 0
483 482 896 0
483 1467 294 0
484 483 896 0
484 899 897 0
485 541 696 0
485 696 1038 0
485 1038 1716 0
486 480 1380 0
486 900 1187 0
487 900 1181 0
487 1129 368 0
487 1186 898 0
488 490 492 0
488 556 1213 0
488 901 902 0
488 1213 490 0
489 478 1526 0
489 481 478 0
490 1213 465 0
491 490 182 0
491 493 492 0
491 906 1193 0
491 1193 493 0
492 490 491 0
492 493 1188 0
492 1188 901 0
493 904 498 0
494 489 1188 0
494 1188 493 0
495 16 905 0
495 186 496 0
495 905 1192 0
496 60 180 0
496 186 1194 0
497 186 885 0
497 904 1194 0
498 63 499 0
498 494 493 0
499 18 498 0
499 63 1182 0
499 500 18 0
499 1182 1377 0
499 1377 500 0
500 1377 1514 0
501 19 143 0
501 503 1381 0
502 796 192 0
503 143 65 0
504 189 375 0
504 193 907 0
505 376 193 0
505 831 376 0
505 835 378 0
506 195 507 0
506 509 195 0
506 510 509 0
506 908 510 0
507 521 1204 0
508 209 523 0
508 520 1724 0
509 209 508 0
509 508 195 0
511 510 908 0
511 1382 197 0
512 196 513 0
512 914 194 0
513 196 1516 0
515 68 1673 0
515 198 1088 0
516 201 517 0
516 721 1061 0
517 219 1390 0
517 1390 721 0
518 202 910 0
519 194 914 0
519 350 194 0
520 204 1724 0
520 508 523 0
520 526 532 0
521 195 1724 0
521 204 916 0
521 507 195 0
521 916 1204 0
522 519 914 0
522 912 519 0
522 915 912 0
522 1204 916 0
523 209 525 0
523 525 526 0
524 210 919 0
525 214 526 0
525 919 214 0
526 214 530 0
526 520 523 0
526 530 532 0
528 229 230 0
528 924 1519 0
529 217 548 0
529 1520 217 0
530 214 1731 0
530 218 532 0
531 926 923 0
531 1730 534 0
532 922 533 0
533 520 532 0
534 1205 1628 0
534 1517 531 0
534 1628 1638 0
534 1730 1731 0
535 1521 1389 0
536 73 939 0
536 535 1389 0
536 932 535 0
536 939 1709 0
536 1709 1710 0
537 540 600 0
538 599 600 0
538 600 540 0
538 739 599 0
539 538 540 0
539 738 538 0
539 1391 1710 0
539 1709 1073 0
540 537 1392 0
540 1391 539 0
541 304 929 0
541 485 826 0
543 225 25 0
544 76 1706 0
545 225 1208 0
545 1208 1210 0
547 226 1124 0
547 233 552 0
549 224 544 0
549 228 229 0
549 544 933 0
549 548 8 0
550 78 941 0
550 1475 232 0
550 1564 1301 0
553 552 233 0
553 741 1563 0
553 940 1211 0
554 234 937 0
554 1348 226 0
555 941 230 0
555 1313 1564 0
556 488 902 0
556 942 1213 0
556 943 1523 0
557 1212 566 0
557 1394 1215 0
558 956 562 0
558 1551 647 0
559 27 645 0
560 1225 952 0
561 235 953 0
561 559 562 0
562 559 558 0
563 235 1697 0
563 960 1220 0
564 79 563 0
564 563 1697 0
565 579 578 0
565 903 579 0
566 567 1222 0
567 566 1212 0
568 236 595 0
568 595 80 0
569 28 592 0
569 236 570 0
569 570 587 0
569 592 593 0
570 236 959 0
570 246 587 0
570 959 1405 0
571 1230 80 0
572 79 565 0
573 238 574 0
574 238 960 0
574 578 580 0
574 580 81 0
574 960 572 0
575 577 964 0
577 28 964 0
577 239 974 0
577 575 961 0
578 572 565 0
578 574 572 0
578 1598 580 0
579 903 952 0
579 1598 578 0
580 1598 1732 0
581 597 965 0
581 1227 1403 0
582 26 1000 0
583 969 1228 0
584 82 1228 0
584 1228 1531 0
585 242 972 0
585 971 1230 0
586 1256 1229 0
587 246 623 0
588 591 589 0
588 1232 1226 0
589 591 974 0
589 1223 576 0
589 1232 588 0
590 247 591 0
590 591 588 0
591 247 974 0
592 247 593 0
592 577 974 0
593 247 1684 0
594 979 596 0
594 1233 977 0
595 593 1684 0
597 581 966 0
597 966 1725 0
597 1235 85 0
598 610 596 0
598 979 980 0
599 601 600 0
599 615 601 0
599 739 1239 0
600 601 982 0
600 982 537 0
601 602 981 0
601 615 1712 0
602 601 1712 0
602 605 981 0
602 1712 1639 0
603 604 1725 0
603 895 1037 0
603 978 895 0
604 695 1725 0
604 1037 1704 0
605 602 983 0
605 695 1039 0
606 31 611 0
606 87 1740 0
606 251 984 0
606 984 87 0
607 612 1409 0
607 985 609 0
608 609 1238 0
608 610 598 0
608 612 607 0
609 608 607 0
610 1233 596 0
610 1694 1233 0
612 608 598 0
613 250 983 0
613 612 250 0
613 983 602 0
613 1639 1409 0
614 619 991 0
614 987 1600 0
615 599 990 0
615 990 614 0
615 1600 1712 0
616 617 30 0
616 985 1599 0
617 616 987 0
617 987 991 0
617 1412 1411 0
618 736 1297 0
619 614 990 0
619 989 1299 0
619 1299 1412 0
620 86 252 0
620 249 986 0
620 986 1237 0
621 254 735 0
621 735 737 0
622 88 962 0
622 255 623 0
622 623 624 0
622 624 997 0
622 997 88 0
623 256 624 0
624 256 1257 0
625 1254 1253 0
625 1258 1259 0
626 259 1003 0
626 1261 1240 0
627 267 1674 0
627 993 994 0
628 26 637 0
628 637 638 0
629 1265 1007 0
630 261 631 0
630 269 1658 0
631 650 33 0
632 263 634 0
632 634 1002 0
632 1260 1633 0
632 1641 263 0
633 1005 636 0
634 263 644 0
634 644 645 0
635 1004 1434 0
636 264 1417 0
636 1603 1006 0
637 266 638 0
638 627 994 0
638 994 1243 0
638 1243 628 0
639 273 98 0
639 640 672 0
641 271 642 0
641 639 98 0
641 640 639 0
641 642 1011 0
643 649 1271 0
643 1013 1268 0
643 1614 1551 0
644 263 648 0
644 648 1268 0
646 558 559 0
646 559 645 0
646 645 1013 0
647 956 558 0
647 1551 1269 0
648 633 1441 0
648 1441 1268 0
649 643 1268 0
649 1553 1017 0
650 272 1272 0
650 631 272 0
652 99 653 0
652 275 1635 0
652 653 1033 0
653 276 1273 0
653 1273 1444 0
654 276 655 0
654 655 686 0
655 276 1018 0
655 437 687 0
655 1034 686 0
656 655 1018 0
656 657 658 0
656 1018 657 0
657 99 1029 0
657 669 658 0
658 669 1030 0
659 663 664 0
659 681 1283 0
660 277 100 0
660 472 277 0
660 889 472 0
661 62 892 0
662 659 682 0
663 659 662 0
664 275 681 0
664 663 1274 0
664 1274 1445 0
665 666 104 0
665 675 1022 0
666 1446 279 0
667 101 661 0
667 279 1275 0
667 661 674 0
668 280 670 0
668 282 1278 0
668 1278 1450 0
669 282 1030 0
669 657 1029 0
669 1029 1452 0
670 280 1737 0
670 1019 1030 0
671 286 283 0
671 1028 286 0
672 640 1012 0
673 1032 1012 0
673 1267 1438 0
673 1438 1685 0
674 279 667 0
674 473 1010 0
675 665 104 0
675 673 1685 0
676 1009 677 0
676 1266 1439 0
676 1439 1613 0
676 1613 1437 0
677 104 1729 0
677 1009 1032 0
678 288 680 0
678 680 1281 0
679 678 1457 0
680 288 889 0
680 889 660 0
681 275 1033 0
681 659 664 0
681 1033 1556 0
681 1556 1283 0
682 289 683 0
682 659 1283 0
683 680 100 0
683 1281 680 0
684 289 1681 0
684 683 289 0
684 1281 683 0
685 106 290 0
685 290 1034 0
685 1649 106 0
687 437 1736 0
687 1647 685 0
688 292 689 0
688 441 870 0
688 684 1681 0
688 870 684 0
689 292 690 0
689 441 688 0
689 690 1460 0
691 440 441 0
691 1460 1711 0
692 293 1555 0
692 654 686 0
692 686 872 0
692 1555 1273 0
693 292 1681 0
693 1283 1035 0
694 693 1035 0
694 1555 293 0
695 604 1462 0
695 605 1235 0
695 1235 1725 0
696 541 929 0
696 929 699 0
696 1464 1038 0
697 537 700 0
697 699 1703 0
697 700 1466 0
697 1466 698 0
697 1703 931 0
698 1466 1465 0
699 697 698 0
699 698 696 0
700 537 982 0
701 732 733 0
701 1041 1739 0
701 1590 1593 0
702 58 704 0
702 296 1175 0
702 1175 1372 0
702 1372 878 0
703 316 317 0
703 1594 1175 0
704 58 876 0
705 297 1067 0
705 1067 728 0
706 38 727 0
706 297 1287 0
706 727 1067 0
706 1287 302 0
707 298 1138 0
707 303 1287 0
707 1138 1688 0
707 1287 298 0
707 1688 1689 0
708 1139 1142 0
708 1142 1044 0
709 396 1355 0
710 438 1045 0
710 860 871 0
710 871 438 0
711 302 713 0
711 713 109 0
711 1040 1285 0
711 1285 38 0
712 1689 39 0
714 1043 708 0
714 1050 1713 0
715 404 1052 0
715 759 760 0
715 762 759 0
716 717 1698 0
716 1054 717 0
716 1056 1290 0
717 1054 719 0
717 1686 1698 0
718 716 1698 0
718 1698 1726 0
718 1726 1734 0
719 1051 1505 0
719 1054 1051 0
719 1059 717 0
719 1147 398 0
720 1295 304 0
720 1499 1295 0
721 516 517 0
721 724 1061 0
722 192 1693 0
722 1294 723 0
723 1293 187 0
723 1294 1349 0
723 1349 1351 0
724 721 305 0
725 107 728 0
725 728 1068 0
726 1063 1064 0
726 1064 1066 0
726 1066 1069 0
727 38 733 0
727 733 734 0
727 734 1296 0
727 1296 1067 0
728 729 1068 0
728 1067 729 0
729 311 1068 0
729 1470 311 0
730 311 1065 0
730 1065 1069 0
732 701 1739 0
732 734 733 0
733 1285 701 0
734 319 1063 0
734 732 319 0
734 1063 1296 0
735 1071 1298 0
735 1300 1410 0
736 618 320 0
736 743 1497 0
736 1344 1738 0
736 1497 1344 0
737 735 1298 0
738 539 1073 0
738 739 538 0
739 738 1565 0
739 1565 1306 0
740 320 988 0
740 1306 1477 0
740 1477 1311 0
741 321 1303 0
741 553 233 0
741 1303 1563 0
741 1675 321 0
743 320 1311 0
743 736 320 0
743 1309 1497 0
744 323 745 0
745 323 1079 0
746 745 1079 0
746 747 1568 0
749 121 758 0
749 748 335 0
749 758 753 0
749 773 1328 0
749 1328 748 0
750 325 751 0
750 1478 1479 0
750 1479 325 0
751 325 1082 0
751 754 764 0
752 754 1082 0
753 758 1082 0
753 1082 325 0
754 751 1082 0
754 752 766 0
754 766 1483 0
754 1483 764 0
755 1051 1054 0
756 332 1676 0
756 1316 332 0
757 331 1719 0
758 334 752 0
758 752 1082 0
759 762 1482 0
760 759 1705 0
760 761 404 0
761 760 1130 0
761 850 1134 0
762 715 1053 0
762 763 1482 0
763 331 757 0
763 762 331 0
764 336 751 0
764 1483 1318 0
765 757 1695 0
765 1077 1078 0
765 1318 757 0
767 20 1088 0
767 122 337 0
767 337 20 0
768 1090 1320 0
768 1091 1484 0
769 122 1319 0
769 1101 1321 0
769 1319 1101 0
769 1321 1323 0
770 123 789 0
770 791 748 0
771 123 1095 0
771 1095 1623 0
772 784 1329 0
773 749 753 0
773 753 1315 0
774 1328 1314 0
775 338 747 0
775 747 1079 0
775 1079 1083 0
778 779 777 0
778 780 1096 0
779 47 356 0
779 1096 1330 0
780 126 341 0
780 133 1116 0
780 355 133 0
781 338 124 0
781 345 1097 0
781 1097 1332 0
782 128 1113 0
782 346 1097 0
782 1097 1331 0
783 346 1491 0
783 1099 1699 0
784 1103 1334 0
785 771 787 0
785 788 789 0
785 1104 788 0
785 1334 1104 0
786 1103 1198 0
786 1198 1383 0
786 1334 1103 0
787 784 1334 0
787 1329 784 0
789 1105 770 0
789 1336 1105 0
790 793 1107 0
790 909 351 0
790 1107 1488 0
790 1490 793 0
791 1105 792 0
792 9 791 0
792 1105 1108 0
794 796 907 0
795 376 348 0
795 1337 1385 0
796 502 1195 0
796 794 347 0
796 1195 907 0
797 1386 1337 0
798 797 793 0
798 913 1387 0
799 131 909 0
799 1196 198 0
801 1089 1320 0
801 1320 800 0
802 1339 1493 0
803 354 135 0
803 804 1330 0
803 1116 354 0
804 803 358 0
804 806 47 0
804 1322 806 0
805 360 808 0
805 807 360 0
805 808 1327 0
805 1327 1093 0
806 359 1112 0
806 1322 1326 0
807 125 1100 0
807 805 340 0
807 1100 1495 0
808 360 809 0
809 360 1340 0
809 1324 808 0
809 1485 1325 0
810 621 737 0
810 737 117 0
811 361 117 0
811 1342 1579 0
811 1579 1721 0
812 365 1121 0
813 138 1119 0
813 364 1661 0
813 1119 1346 0
814 220 137 0
814 363 1121 0
814 1121 1661 0
815 364 1346 0
815 1346 1669 0
816 362 1123 0
816 1123 1577 0
817 24 547 0
817 547 1124 0
817 1124 1581 0
817 1581 1347 0
818 138 821 0
818 819 1347 0
819 818 366 0
820 1580 1126 0
821 138 1626 0
822 322 1125 0
822 366 1345 0
822 820 742 0
823 10 384 0
823 371 140 0
823 384 64 0
824 456 880 0
825 824 880 0
826 369 720 0
826 720 541 0
826 897 1187 0
827 139 828 0
827 372 829 0
828 140 372 0
828 372 827 0
828 823 140 0
829 372 1350 0
829 457 827 0
829 1129 457 0
829 1350 1584 0
830 373 374 0
830 836 834 0
830 1133 373 0
831 377 1722 0
832 52 1352 0
832 830 834 0
832 1133 830 0
833 381 1132 0
833 1131 1501 0
833 1132 1133 0
834 848 52 0
835 373 1133 0
835 505 373 0
836 374 385 0
836 830 374 0
837 65 190 0
837 383 1153 0
837 385 65 0
838 392 399 0
838 401 147 0
838 1146 401 0
839 840 1136 0
840 839 1137 0
840 1137 1708 0
841 50 843 0
841 1137 1135 0
842 395 843 0
842 709 1140 0
842 1356 709 0
842 1468 395 0
843 50 1696 0
844 1358 1146 0
845 1147 1148 0
845 1148 1700 0
845 1149 1502 0
847 416 144 0
848 834 403 0
848 849 1360 0
849 390 1359 0
849 848 403 0
850 156 846 0
850 761 1352 0
852 405 1682 0
852 853 411 0
853 410 851 0
853 851 411 0
853 852 1154 0
854 406 414 0
854 414 1690 0
855 413 1154 0
855 1154 1361 0
855 1361 415 0
856 420 1506 0
856 1506 1650 0
857 56 1367 0
857 1586 1157 0
858 299 421 0
858 421 424 0
858 1157 1158 0
858 1158 1364 0
859 1160 1159 0
859 1163 1366 0
859 1289 1163 0
860 710 862 0
860 1161 1171 0
861 422 1586 0
861 862 422 0
861 1587 1161 0
862 710 1288 0
862 861 860 0
862 1288 1562 0
863 162 428 0
863 426 427 0
863 428 414 0
863 1701 426 0
864 415 429 0
865 417 430 0
865 430 1166 0
865 1166 1370 0
865 1370 425 0
866 1369 1166 0
867 426 1728 0
867 432 433 0
868 163 1167 0
868 679 1168 0
868 1167 679 0
870 441 167 0
872 290 446 0
872 293 692 0
872 446 873 0
872 686 290 0
872 1172 293 0
873 169 1173 0
873 446 169 0
873 1172 872 0
873 1173 1371 0
874 447 452 0
875 105 1461 0
875 287 105 0
875 454 869 0
875 869 287 0
876 171 449 0
876 449 877 0
877 172 876 0
878 1372 1373 0
881 456 1376 0
882 1179 1379 0
882 1180 1183 0
882 1183 1186 0
883 63 497 0
883 497 885 0
884 174 1184 0
884 458 1178 0
884 1178 1376 0
885 186 1192 0
885 1192 1374 0
885 1513 883 0
886 461 1680 0
887 468 61 0
887 1362 468 0
888 466 468 0
888 1585 1507 0
889 288 181 0
890 419 856 0
890 474 181 0
890 475 474 0
890 856 1650 0
891 475 1650 0
891 1362 469 0
892 1596 1396 0
893 184 944 0
893 892 62 0
893 944 1596 0
894 478 477 0
894 948 949 0
895 479 1036 0
895 948 894 0
895 978 948 0
896 185 480 0
896 480 899 0
897 826 485 0
897 1716 484 0
898 1129 487 0
899 484 896 0
899 486 1187 0
899 1187 897 0
900 486 1179 0
900 1127 1187 0
900 1179 1181 0
901 488 492 0
902 901 1217 0
902 1217 951 0
903 565 1189 0
903 1189 1190 0
903 1214 1191 0
904 493 1193 0
904 497 63 0
904 1193 1194 0
905 16 1679 0
905 173 1375 0
906 182 60 0
906 496 1194 0
907 193 794 0
907 1195 504 0
909 790 1488 0
909 1196 799 0
911 1388 912 0
912 1388 913 0
913 519 912 0
913 798 1110 0
914 66 507 0
914 507 1204 0
914 512 66 0
915 200 203 0
915 203 912 0
915 916 918 0
916 915 522 0
917 918 204 0
918 916 204 0
918 917 200 0
919 525 524 0
920 206 1518 0
920 1205 72 0
920 1518 1735 0
921 204 533 0
921 216 917 0
921 533 922 0
922 527 921 0
922 532 218 0
923 218 531 0
923 527 922 0
923 926 1521 0
923 1521 527 0
924 78 231 0
924 231 925 0
924 925 1638 0
926 1206 1389 0
926 1389 1521 0
926 1517 925 0
927 215 1521 0
927 219 517 0
928 929 110 0
928 930 1207 0
928 1207 931 0
928 1703 929 0
929 304 110 0
930 219 932 0
930 928 1390 0
930 932 1207 0
931 1392 697 0
931 1703 928 0
932 219 535 0
932 536 1710 0
932 1391 1207 0
933 544 1706 0
934 555 228 0
934 1209 1393 0
934 1313 555 0
935 554 937 0
935 1210 1208 0
936 933 1706 0
936 937 1522 0
937 234 1211 0
937 936 935 0
937 1211 1522 0
938 77 1208 0
939 551 1302 0
939 1073 1709 0
939 1302 1636 0
940 1563 1727 0
941 555 1564 0
942 557 1395 0
942 1212 557 0
942 1523 1212 0
943 556 902 0
943 1190 1523 0
944 184 1216 0
945 566 1222 0
945 946 566 0
946 557 566 0
946 1008 1524 0
947 1008 1439 0
947 1010 1396 0
948 560 950 0
948 950 949 0
949 1525 1526 0
950 1191 1525 0
951 943 902 0
951 1191 1214 0
951 1214 943 0
951 1525 1191 0
952 903 1191 0
952 950 560 0
953 235 1219 0
953 954 561 0
953 1219 1221 0
953 1221 1397 0
954 953 1397 0
954 1218 1002 0
955 1219 1220 0
955 1400 1424 0
956 647 958 0
957 79 564 0
957 567 1595 0
957 1398 567 0
957 1595 1189 0
958 647 1014 0
958 1222 1398 0
958 1398 564 0
958 1697 956 0
959 971 1405 0
959 1230 971 0
960 563 79 0
961 575 1605 0
962 88 1248 0
962 575 964 0
963 973 576 0
963 1223 1399 0
965 597 85 0
966 581 1402 0
966 603 1725 0
966 1402 978 0
968 969 970 0
968 1254 1531 0
969 240 967 0
969 583 240 0
969 967 992 0
969 968 1228 0
970 1253 968 0
971 585 972 0
971 1229 1405 0
972 1229 971 0
973 580 1732 0
973 963 81 0
973 1528 1232 0
975 594 977 0
975 1234 594 0
976 80 977 0
976 1233 1694 0
977 1233 976 0
977 1684 975 0
978 560 948 0
978 603 966 0
978 1402 560 0
979 594 1234 0
979 598 596 0
979 1527 980 0
980 85 250 0
980 250 612 0
980 612 598 0
981 982 601 0
981 1039 700 0
982 981 700 0
983 250 1235 0
985 607 1409 0
986 249 1694 0
986 1238 609 0
987 614 991 0
987 616 1599 0
988 618 1072 0
988 989 740 0
988 1299 989 0
989 619 990 0
989 990 1239 0
991 619 1412 0
991 1412 617 0
992 970 969 0
992 1000 1241 0
992 1529 970 0
993 91 1240 0
993 1240 1416 0
993 1674 91 0
994 993 1416 0
994 1242 1243 0
995 1640 1245 0
996 88 997 0
996 1430 1427 0
997 624 1257 0
998 256 1655 0
998 1256 1429 0
999 1255 1259 0
999 1259 1257 0
1000 26 628 0
1000 628 1243 0
1000 967 582 0
1000 992 967 0
1001 95 1653 0
1001 270 1265 0
1002 634 27 0
1003 635 1434 0
1004 650 1015 0
1005 633 263 0
1006 633 636 0
1006 1004 1015 0
1007 260 629 0
1008 946 945 0
1009 285 672 0
1009 672 1032 0
1009 676 1437 0
1010 473 1396 0
1010 1266 1023 0
1011 640 641 0
1011 1280 1267 0
1012 640 1267 0
1012 1032 672 0
1013 643 1551 0
1013 644 1268 0
1013 645 644 0
1014 647 1269 0
1014 1222 958 0
1014 1270 945 0
1015 650 1272 0
1015 1272 1554 0
1016 274 651 0
1017 1271 649 0
1017 1553 35 0
1018 99 657 0
1018 276 99 0
1019 291 658 0
1019 658 1030 0
1019 670 1737 0
1020 278 1276 0
1020 662 100 0
1020 663 662 0
1021 1274 1276 0
1021 1275 1453 0
1021 1557 1274 0
1022 675 1685 0
1022 1026 665 0
1022 1449 1561 0
1023 666 279 0
1023 674 1010 0
1023 1266 1729 0
1024 1025 1691 0
1024 1438 286 0
1024 1448 1025 0
1025 1449 1691 0
1026 666 665 0
1027 1277 1451 0
1027 1451 1664 0
1027 1455 1560 0
1027 1560 1663 0
1027 1664 1667 0
1028 1024 286 0
1029 652 1615 0
1032 104 677 0
1032 673 675 0
1033 653 1444 0
1033 1444 1556 0
1034 290 686 0
1034 655 687 0
1034 687 685 0
1035 1283 1556 0
1035 1444 1555 0
1035 1556 1444 0
1036 294 1467 0
1037 604 603 0
1037 895 1036 0
1037 1036 1463 0
1037 1463 1704 0
1038 1467 1716 0
1039 981 605 0
1039 1466 700 0
1040 109 1284 0
1040 711 109 0
1041 1070 1739 0
1041 1593 1594 0
1042 705 107 0
1042 1136 1138 0
1043 714 1713 0
1043 1713 1717 0
1044 714 708 0
1044 1048 714 0
1045 869 1046 0
1045 1288 710 0
1046 455 1512 0
1046 1288 1045 0
1046 1469 1288 0
1047 108 712 0
1047 109 713 0
1047 1365 1159 0
1048 1049 1050 0
1048 1050 714 0
1049 1163 1289 0
1051 755 1052 0
1052 1053 715 0
1052 1145 1051 0
1053 1052 755 0
1053 1290 1291 0
1053 1291 762 0
1055 1057 1686 0
1055 1503 1504 0
1055 1504 149 0
1056 716 718 0
1056 1291 1290 0
1057 149 1742 0
1057 1058 1686 0
1058 330 119 0
1058 1292 1726 0
1059 1686 717 0
1060 370 1293 0
1061 724 111 0
1061 910 516 0
1062 726 1065 0
1062 1063 726 0
1063 1062 1296 0
1064 318 1066 0
1064 319 116 0
1065 311 1470 0
1065 726 1069 0
1065 1470 1062 0
1066 313 1069 0
1067 1470 729 0
1070 732 1739 0
1071 735 1410 0
1071 1297 1298 0
1072 618 1071 0
1072 1071 1410 0
1072 1412 1299 0
1073 939 1636 0
1073 1620 738 0
1073 1636 1620 0
1074 1301 1618 0
1074 1566 1621 0
1074 1621 1302 0
1075 1303 1305 0
1075 1304 1473 0
1075 1305 1308 0
1075 1473 1619 0
1076 744 1078 0
1076 1077 1317 0
1077 765 1695 0
1077 1076 1078 0
1078 744 1081 0
1079 747 746 0
1079 1481 1083 0
1080 745 746 0
1080 1568 1571 0
1080 1571 1478 0
1081 336 1078 0
1081 744 745 0
1081 745 1080 0
1083 1084 328 0
1083 1481 1084 0
1084 1480 1085 0
1084 1481 1317 0
1085 118 328 0
1086 334 381 0
1086 752 334 0
1086 766 752 0
1087 766 1353 0
1088 1744 68 0
1089 768 1320 0
1090 358 135 0
1090 768 1484 0
1090 800 1320 0
1091 768 1323 0
1091 1324 1325 0
1092 1321 1102 0
1092 1323 1321 0
1092 1324 1323 0
1093 772 1329 0
1093 1329 1486 0
1094 787 771 0
1094 1624 1486 0
1095 774 1567 0
1096 779 778 0
1096 1116 1330 0
1098 338 1332 0
1099 125 1570 0
1099 1572 1699 0
1100 1099 1333 0
1100 1333 1574 0
1101 1102 1321 0
1101 1103 1102 0
1102 772 1327 0
1102 1103 772 0
1102 1327 1092 0
1103 784 772 0
1103 1101 1198 0
1104 786 1335 0
1104 1334 786 0
1104 1715 788 0
1105 791 770 0
1106 348 377 0
1106 792 1108 0
1106 1108 1489 0
1107 793 1109 0
1107 1715 1488 0
1108 1107 1109 0
1108 1109 1489 0
1108 1336 1107 0
1109 793 797 0
1109 1337 1489 0
1110 798 1490 0
1110 1111 350 0
1110 1490 1111 0
1111 45 130 0
1112 47 806 0
1112 359 1341 0
1112 1341 1492 0
1114 134 802 0
1114 357 134 0
1114 802 1493 0
1114 1338 1115 0
1115 1338 128 0
1116 133 354 0
1116 803 1330 0
1116 1096 780 0
1117 1339 1341 0
1117 1340 1487 0
1117 1341 1494 0
1117 1487 1576 0
1118 1343 1578 0
1118 1344 1580 0
1119 818 1347 0
1120 138 813 0
1120 813 1660 0
1120 1626 138 0
1121 365 1660 0
1121 1660 1661 0
1122 227 1662 0
1122 546 227 0
1122 938 546 0
1122 1348 77 0
1122 1662 1668 0
1123 1578 1577 0
1124 1668 1581 0
1125 366 822 0
1126 742 820 0
1126 1476 742 0
1126 1497 1309 0
1127 826 1187 0
1127 900 487 0
1128 1349 1637 0
1128 1350 1060 0
1129 829 1584 0
1130 1352 761 0
1131 832 1352 0
1131 833 832 0
1131 1354 1501 0
1132 835 1133 0
1133 832 833 0
1134 404 761 0
1135 839 11 0
1136 107 309 0
1136 840 1138 0
1137 839 1135 0
1138 840 1687 0
1138 1687 1688 0
1139 301 1468 0
1139 708 301 0
1139 1140 1355 0
1139 1143 1142 0
1140 1468 842 0
1141 842 843 0
1141 843 1696 0
1141 1356 842 0
1143 300 1142 0
1143 396 400 0
1143 1139 1355 0
1144 397 1356 0
1144 1356 154 0
1144 1504 1503 0
1145 1052 404 0
1145 1358 844 0
1145 1505 1051 0
1146 1150 401 0
1147 845 398 0
1148 399 1700 0
1148 1147 1505 0
1148 1505 844 0
1149 1357 400 0
1150 850 846 0
1150 1134 850 0
1150 1146 1358 0
1150 1358 1134 0
1151 847 1359 0
1152 403 836 0
1153 383 391 0
1153 390 849 0
1153 849 1152 0
1153 1152 837 0
1154 852 1682 0
1154 1682 1690 0
1155 467 1363 0
1156 13 1155 0
1156 1155 1507 0
1156 1507 1506 0
1156 1677 13 0
1157 56 857 0
1157 858 56 0
1158 1048 1364 0
1158 1049 1048 0
1158 1162 1049 0
1160 1510 1284 0
1160 1589 1510 0
1161 860 861 0
1162 422 1163 0
1162 1158 1157 0
1162 1163 1049 0
1162 1586 422 0
1163 1562 1366 0
1164 431 442 0
1164 1368 431 0
1164 1587 857 0
1165 424 423 0
1166 1369 1588 0
1166 1588 1370 0
1167 288 678 0
1167 678 679 0
1168 679 1282 0
1168 1282 1508 0
1169 432 434 0
1169 868 1168 0
1170 438 871 0
1170 871 1459 0
1171 442 1508 0
1171 871 860 0
1172 690 1718 0
1172 873 1371 0
1172 1460 690 0
1173 445 1174 0
1173 1174 1509 0
1174 447 874 0
1174 450 447 0
1174 874 1509 0
1175 296 703 0
1175 1591 1372 0
1175 1594 1591 0
1176 1373 1627 0
1176 1510 1589 0
1176 1511 1510 0
1177 878 1373 0
1177 879 878 0
1177 1373 1512 0
1178 458 1374 0
1178 1374 1375 0
1178 1375 1376 0
1179 486 1380 0
1179 882 1181 0
1180 458 1183 0
1180 882 1379 0
1180 1378 1513 0
1181 882 1186 0
1182 883 1378 0
1182 1378 1666 0
1183 884 1184 0
1183 1184 1186 0
1184 139 457 0
1184 898 1186 0
1186 487 1181 0
1188 1526 1217 0
1189 79 957 0
1189 1595 1190 0
1190 943 1214 0
1190 1214 903 0
1191 950 952 0
1192 905 1375 0
1193 906 1194 0
1195 1381 504 0
1196 1383 1197 0
1197 198 1196 0
1197 1198 1319 0
1197 1383 1198 0
1199 1196 909 0
1199 1335 786 0
1200 796 347 0
1201 911 1202 0
1202 199 1384 0
1202 202 518 0
1202 518 199 0
1203 1201 1384 0
1203 1384 1385 0
1203 1385 1386 0
1203 1386 1387 0
1203 1387 1388 0
1204 522 914 0
1205 534 1731 0
1205 920 1628 0
1206 231 232 0
1206 925 231 0
1206 926 925 0
1209 933 936 0
1209 934 228 0
1209 936 1522 0
1210 935 936 0
1210 936 1706 0
1211 940 1393 0
1211 1393 1522 0
1212 1523 567 0
1215 944 1216 0
1215 1185 1395 0
1215 1216 1185 0
1215 1394 944 0
1215 1395 557 0
1216 184 891 0
1216 469 1185 0
1217 901 1188 0
1217 1526 1525 0
1218 954 1397 0
1218 1260 1002 0
1218 1609 1246 0
1219 235 563 0
1219 955 1221 0
1220 1219 563 0
1222 567 1398 0
1222 1014 945 0
1223 589 239 0
1223 961 1538 0
1223 963 576 0
1224 573 1401 0
1224 1401 1537 0
1225 579 952 0
1225 1402 1403 0
1226 1528 1227 0
1226 1597 1532 0
1227 581 965 0
1227 1597 1226 0
1228 968 1531 0
1229 84 1405 0
1229 972 586 0
1229 1256 84 0
1230 571 244 0
1230 959 568 0
1231 1254 1406 0
1231 1255 1429 0
1232 576 973 0
1232 589 576 0
1232 1528 1226 0
1233 594 596 0
1234 590 1408 0
1234 975 590 0
1234 1408 1532 0
1235 597 1725 0
1235 605 983 0
1236 609 985 0
1236 611 1237 0
1236 985 616 0
1237 609 1236 0
1237 611 253 0
1237 986 609 0
1238 610 608 0
1238 986 1694 0
1239 740 989 0
1239 990 599 0
1239 1306 740 0
1240 1261 1416 0
1241 1000 1243 0
1241 1415 992 0
1242 1241 1243 0
1242 1602 1241 0
1244 1418 1535 0
1244 1535 1733 0
1244 1550 1604 0
1244 1604 1644 0
1245 1544 1250 0
1246 1260 1218 0
1246 1611 1260 0
1247 1421 1536 0
1247 1423 1542 0
1247 1542 1424 0
1248 88 1249 0
1248 575 962 0
1248 1249 1426 0
1248 1539 575 0
1249 996 1427 0
1250 995 1245 0
1250 1432 1707 0
1250 1435 1263 0
1251 1610 1544 0
1252 1425 1428 0
1253 970 1404 0
1254 968 1253 0
1254 1231 1531 0
1255 998 1429 0
1255 999 998 0
1256 245 1429 0
1256 586 245 0
1256 1655 84 0
1257 1259 1431 0
1258 1546 1545 0
1259 1258 1431 0
1259 1406 625 0
1260 632 1002 0
1261 626 1003 0
1261 1003 1434 0
1261 1434 1534 0
1262 1633 1611 0
1263 1262 1432 0
1263 1420 1262 0
1264 629 92 0
1264 630 1265 0
1265 629 1264 0
1265 1658 1001 0
1266 676 677 0
1266 677 1729 0
1266 1010 947 0
1267 640 1011 0
1267 673 1012 0
1269 1551 1552 0
1269 1552 1270 0
1270 1008 945 0
1270 1014 1269 0
1270 1552 1439 0
1271 1017 1437 0
1271 1613 1614 0
1272 1443 1634 0
1273 654 692 0
1275 101 667 0
1275 279 1446 0
1275 1021 1276 0
1276 278 101 0
1276 663 1020 0
1276 1274 663 0
1277 1027 1663 0
1277 1447 1558 0
1278 282 1665 0
1279 1453 1456 0
1279 1454 1616 0
1280 103 1031 0
1280 1438 1267 0
1281 684 870 0
1281 870 1457 0
1282 1458 1617 0
1282 1617 1508 0
1283 693 289 0
1284 109 1159 0
1284 1159 1160 0
1284 1511 1040 0
1285 733 38 0
1285 1040 1590 0
1286 1043 1717 0
1286 1687 1692 0
1287 303 108 0
1288 1469 1562 0
1289 859 1159 0
1289 1050 1049 0
1289 1159 1365 0
1290 755 1054 0
1290 1053 755 0
1290 1054 716 0
1292 120 756 0
1292 756 1734 0
1293 370 19 0
1293 1351 1060 0
1294 722 1693 0
1295 110 304 0
1296 1062 1470 0
1296 1470 1067 0
1297 736 1738 0
1297 1071 618 0
1298 1297 1496 0
1299 988 1072 0
1300 251 1411 0
1300 735 984 0
1301 1074 1475 0
1301 1471 1618 0
1303 321 1305 0
1303 1075 1619 0
1304 1075 1308 0
1304 1312 1307 0
1304 1472 1473 0
1306 1239 739 0
1307 1312 1477 0
1307 1620 1474 0
1308 1305 1476 0
1308 1310 1304 0
1309 743 1310 0
1309 1476 1126 0
1310 743 1311 0
1310 1308 1309 0
1310 1311 1312 0
1310 1312 1304 0
1312 1311 1477 0
1313 940 1471 0
1313 1393 940 0
1313 1471 1564 0
1314 1567 774 0
1315 325 1479 0
1315 1314 773 0
1315 1569 1314 0
1316 120 42 0
1316 327 1085 0
1316 756 120 0
1316 1085 1480 0
1316 1480 332 0
1317 323 1076 0
1317 1077 333 0
1317 1480 1084 0
1317 1481 323 0
1318 763 757 0
1318 765 764 0
1318 1483 1482 0
1319 767 1197 0
1319 1198 1101 0
1322 804 358 0
1322 1090 1484 0
1323 768 1089 0
1323 1089 769 0
1324 809 1325 0
1324 1091 1323 0
1324 1092 808 0
1325 1484 1091 0
1326 1322 1484 0
1326 1325 1485 0
1327 772 1093 0
1327 808 1092 0
1328 770 748 0
1328 773 1314 0
1328 774 770 0
1329 787 1094 0
1329 1094 1486 0
1330 47 779 0
1331 345 127 0
1331 1646 128 0
1332 1699 1098 0
1333 783 1491 0
1333 1099 783 0
1333 1491 1575 0
1334 785 787 0
1335 1488 1715 0
1336 788 1715 0
1336 789 788 0
1336 1108 1105 0
1337 348 1489 0
1337 1109 797 0
1338 1114 1493 0
1338 1493 1625 0
1338 1625 1113 0
1339 802 1492 0
1339 1117 1576 0
1340 360 1495 0
1340 1117 1494 0
1340 1485 809 0
1341 359 1494 0
1341 1339 1492 0
1342 811 1496 0
1342 1118 1578 0
1342 1344 1118 0
1343 1118 1345 0
1343 1577 1578 0
1344 1342 1496 0
1344 1496 1738 0
1344 1497 1580 0
1345 366 1343 0
1345 820 822 0
1345 1118 1580 0
1346 1119 1347 0
1346 1347 1581 0
1346 1581 1669 0
1347 819 817 0
1348 1122 1668 0
1348 1124 226 0
1349 1128 1351 0
1349 1498 1637 0
1350 1128 1500 0
1350 1500 1584 0
1351 1128 1060 0
1351 1293 723 0
1352 156 850 0
1352 1130 1131 0
1353 766 1086 0
1353 1501 1354 0
1353 1705 1087 0
1354 760 1705 0
1354 1130 760 0
1354 1131 1130 0
1355 396 1143 0
1355 1140 709 0
1356 1141 154 0
1357 51 400 0
1357 153 51 0
1357 845 1700 0
1357 1149 845 0
1358 404 1134 0
1358 1145 404 0
1359 847 402 0
1360 155 156 0
1360 849 1359 0
1361 1154 1690 0
1362 887 469 0
1363 183 888 0
1363 888 1507 0
1363 1507 1155 0
1364 300 299 0
1364 1048 1044 0
1365 39 1713 0
1365 1047 712 0
1365 1050 1289 0
1365 1713 1050 0
1366 1160 859 0
1366 1469 1589 0
1367 1164 857 0
1367 1165 1370 0
1367 1370 1588 0
1368 1164 1588 0
1369 433 1368 0
1369 867 433 0
1369 1368 1588 0
1371 1173 1509 0
1371 1460 1172 0
1371 1509 1720 0
1372 1591 1627 0
1373 1176 1512 0
1373 1372 1627 0
1374 1192 1375 0
1374 1513 885 0
1375 881 1376 0
1377 1182 1666 0
1378 883 1513 0
1378 1180 1379 0
1378 1379 1666 0
1379 1179 1380 0
1380 480 1514 0
1381 189 504 0
1381 503 189 0
1381 1195 1515 0
1382 349 67 0
1382 511 908 0
1382 513 1516 0
1382 908 513 0
1383 1196 1199 0
1383 1199 786 0
1384 1200 347 0
1384 1201 1202 0
1386 797 1387 0
1386 1385 1337 0
1387 797 798 0
1387 913 1388 0
1388 911 1201 0
1388 1201 1203 0
1390 219 930 0
1390 305 721 0
1390 928 110 0
1391 540 1392 0
1391 932 1710 0
1391 1392 1207 0
1392 537 697 0
1392 931 1207 0
1393 1209 1522 0
1393 1313 934 0
1395 465 1213 0
1395 1185 465 0
1395 1213 942 0
1396 473 892 0
1396 1524 947 0
1396 1596 1524 0
1397 1221 1630 0
1398 957 564 0
1399 1223 1538 0
1399 1401 963 0
1399 1422 1537 0
1400 238 1224 0
1400 955 1220 0
1400 1224 1421 0
1400 1421 1424 0
1401 81 963 0
1401 1399 1537 0
1402 1225 560 0
1403 1227 1528 0
1403 1402 581 0
1403 1528 1598 0
1403 1598 1225 0
1404 970 1529 0
1404 1529 1530 0
1406 1254 625 0
1406 1255 1231 0
1406 1259 1255 0
1407 241 584 0
1407 245 1648 0
1407 584 1531 0
1407 1231 1429 0
1407 1648 241 0
1408 588 1226 0
1408 590 588 0
1408 1226 1532 0
1409 612 613 0
1409 1639 1599 0
1410 1300 1411 0
1410 1411 1412 0
1410 1412 1072 0
1413 1404 1530 0
1413 1601 1631 0
1413 1631 1404 0
1414 1418 1644 0
1414 1433 1418 0
1415 1241 1602 0
1415 1530 1529 0
1415 1602 1643 0
1416 1261 1433 0
1416 1533 994 0
1417 1419 1535 0
1417 1534 1603 0
1418 1244 1644 0
1418 1433 1534 0
1419 1417 264 0
1419 1420 1733 0
1420 1263 1550 0
1420 1419 1436 0
1420 1550 1733 0
1421 1224 1537 0
1421 1247 1424 0
1422 1399 1538 0
1422 1536 1537 0
1422 1605 1540 0
1423 1536 1540 0
1423 1539 1541 0
1423 1541 1629 0
1424 1221 955 0
1425 1245 1640 0
1425 1251 1245 0
1425 1252 1251 0
1426 1249 1427 0
1427 1430 1428 0
1428 1425 1606 0
1428 1426 1427 0
1428 1547 1252 0
1431 996 997 0
1431 997 1257 0
1431 1430 996 0
1432 1250 1263 0
1432 1262 1611 0
1432 1611 1707 0
1433 1261 1534 0
1433 1414 1416 0
1434 1603 1534 0
1435 1543 1612 0
1435 1550 1263 0
1435 1612 1550 0
1436 264 1641 0
1436 1262 1420 0
1438 1024 1685 0
1438 1031 286 0
1438 1280 1031 0
1439 1008 1270 0
1439 1266 947 0
1440 649 1268 0
1440 1441 1634 0
1441 1440 1268 0
1442 651 273 0
1442 1443 651 0
1443 272 1016 0
1443 1016 651 0
1443 1442 1634 0
1445 1274 1557 0
1445 1616 1635 0
1446 666 1026 0
1446 1453 1275 0
1446 1561 1456 0
1447 1277 1448 0
1448 1024 1028 0
1448 1028 1447 0
1449 1022 1691 0
1449 1025 1663 0
1449 1560 1561 0
1449 1663 1560 0
1450 102 668 0
1450 1278 1451 0
1450 1451 1558 0
1451 1277 1558 0
1451 1278 1664 0
1452 1029 1615 0
1453 1279 1557 0
1453 1446 1456 0
1454 1279 1455 0
1454 1455 1667 0
1454 1559 1616 0
1454 1667 1559 0
1455 1027 1667 0
1455 1456 1560 0
1456 1455 1279 0
1457 678 1281 0
1457 870 167 0
1458 167 1459 0
1458 679 1457 0
1458 1282 679 0
1459 871 1171 0
1460 691 689 0
1460 1371 1720 0
1461 105 1711 0
1461 452 875 0
1461 1509 874 0
1461 1711 1720 0
1462 604 1704 0
1462 1039 695 0
1462 1465 1466 0
1462 1466 1039 0
1463 1036 1467 0
1463 1467 1038 0
1464 696 698 0
1464 698 1465 0
1464 1463 1038 0
1464 1704 1463 0
1465 1462 1704 0
1467 483 484 0
1467 484 1716 0
1468 301 1692 0
1468 1140 1139 0
1468 1692 1708 0
1469 1512 1589 0
1471 940 1727 0
1471 1301 1564 0
1472 1304 1307 0
1472 1307 1474 0
1472 1621 1566 0
1473 1472 1566 0
1474 1636 1621 0
1475 550 1301 0
1475 551 232 0
1475 1074 1302 0
1475 1302 551 0
1476 321 742 0
1476 1309 1308 0
1478 750 1081 0
1478 1081 1080 0
1478 1569 1479 0
1478 1622 1569 0
1481 1079 323 0
1482 763 1318 0
1482 1705 759 0
1483 766 1087 0
1483 1087 1482 0
1484 1325 1326 0
1485 1340 1494 0
1487 1340 1495 0
1487 1495 1574 0
1488 1199 909 0
1488 1335 1199 0
1490 351 1111 0
1490 790 351 0
1490 798 793 0
1492 47 1112 0
1492 802 356 0
1493 1339 1576 0
1493 1576 1625 0
1495 1100 1574 0
1496 117 1298 0
1496 1297 1738 0
1497 1126 1580 0
1498 111 724 0
1498 724 1582 0
1498 1294 111 0
1498 1349 1294 0
1498 1582 1637 0
1499 720 369 0
1499 1582 1295 0
1500 1128 1637 0
1500 1583 1584 0
1501 381 833 0
1501 1353 1086 0
1502 398 845 0
1503 398 1502 0
1503 1055 1059 0
1503 1502 1144 0
1504 1144 154 0
1505 1145 844 0
1505 1147 719 0
1506 420 1156 0
1506 1585 1650 0
1508 431 435 0
1508 1617 1171 0
1509 1461 1720 0
1510 1511 1284 0
1511 1176 1627 0
1511 1627 1592 0
1512 1469 1046 0
1513 1374 458 0
1514 1377 1666 0
1515 187 501 0
1515 501 1381 0
1515 1195 502 0
1516 349 1382 0
1517 926 531 0
1517 1638 925 0
1518 217 1520 0
1518 1520 1735 0
1519 529 528 0
1519 924 1638 0
1520 529 1519 0
1520 1628 1735 0
1520 1638 1628 0
1521 535 927 0
1523 942 556 0
1523 1595 567 0
1524 557 946 0
1524 1008 947 0
1524 1394 557 0
1525 949 950 0
1525 951 1217 0
1526 478 949 0
1526 1188 489 0
1527 979 1532 0
1527 1597 965 0
1528 973 1732 0
1529 992 1415 0
1530 1415 1548 0
1530 1549 1413 0
1531 1231 1407 0
1532 979 1234 0
1532 1597 1527 0
1533 1242 994 0
1533 1414 1644 0
1533 1416 1414 0
1533 1643 1602 0
1534 1417 1535 0
1534 1535 1418 0
1535 1419 1733 0
1536 1421 1537 0
1536 1422 1540 0
1536 1423 1247 0
1538 961 1605 0
1539 1423 1540 0
1539 1540 1605 0
1539 1605 575 0
1541 1248 1426 0
1541 1426 1606 0
1541 1539 1248 0
1541 1606 1629 0
1542 1423 1629 0
1542 1607 1630 0
1543 1435 1544 0
1543 1544 1610 0
1543 1601 1549 0
1543 1610 1601 0
1544 1245 1251 0
1544 1435 1250 0
1545 1430 1431 0
1545 1431 1258 0
1545 1546 1631 0
1545 1547 1430 0
1545 1631 1632 0
1546 625 1253 0
1546 1253 1404 0
1546 1258 625 0
1546 1404 1631 0
1547 1428 1430 0
1547 1545 1632 0
1547 1632 1252 0
1548 1643 1604 0
1549 1530 1548 0
1549 1601 1413 0
1550 1244 1733 0
1551 558 646 0
1551 646 1013 0
1551 1614 1552 0
1552 1613 1439 0
1553 649 1440 0
1553 1442 273 0
1553 1634 1442 0
1554 633 1006 0
1554 1006 1015 0
1554 1272 1634 0
1554 1441 633 0
1555 694 1035 0
1555 1444 1273 0
1557 1021 1453 0
1557 1279 1616 0
1558 281 1645 0
1558 1447 281 0
1558 1645 1450 0
1559 1452 1615 0
1559 1615 1616 0
1559 1664 1665 0
1559 1665 1452 0
1560 1456 1561 0
1561 1026 1022 0
1561 1446 1026 0
1562 422 862 0
1562 1469 1366 0
1563 940 553 0
1563 1303 1619 0
1563 1619 1727 0
1564 550 941 0
1565 1307 1477 0
1565 1477 1306 0
1566 1618 1619 0
1567 1314 1569 0
1567 1569 1622 0
1567 1622 1624 0
1567 1624 1623 0
1568 747 1098 0
1568 1080 746 0
1569 1315 1479 0
1570 1571 1572 0
1570 1572 1099 0
1570 1573 1642 0
1570 1642 1571 0
1571 1568 1572 0
1572 1098 1699 0
1572 1568 1098 0
1573 340 1486 0
1573 1486 1624 0
1573 1570 125 0
1574 1333 1575 0
1574 1576 1487 0
1575 1491 1113 0
1576 1574 1575 0
1576 1575 1625 0
1577 1120 816 0
1577 1343 1626 0
1577 1626 1120 0
1578 1123 1579 0
1579 1342 1578 0
1580 820 1345 0
1581 1668 1669 0
1582 305 1295 0
1582 724 305 0
1583 368 1584 0
1583 1499 369 0
1583 1637 1499 0
1585 468 1362 0
1585 888 468 0
1585 1506 1507 0
1586 857 1587 0
1586 1162 1157 0
1587 861 1586 0
1587 1164 442 0
1588 1164 1367 0
1589 1160 1366 0
1589 1512 1176 0
1590 701 1285 0
1590 1592 1593 0
1591 1592 1627 0
1592 1040 1511 0
1592 1590 1040 0
1592 1591 1593 0
1593 1041 701 0
1594 1593 1591 0
1595 1523 1190 0
1596 892 893 0
1596 944 1394 0
1596 1394 1524 0
1597 1227 965 0
1598 579 1225 0
1598 1528 1732 0
1599 985 1409 0
1599 1600 987 0
1600 615 614 0
1600 1599 1639 0
1600 1639 1712 0
1601 1610 1632 0
1602 1242 1533 0
1603 636 1417 0
1603 1004 1006 0
1603 1434 1004 0
1605 1422 1538 0
1606 1425 1640 0
1606 1426 1428 0
1607 1542 1629 0
1607 1629 1640 0
1608 1707 1246 0
1609 1218 1397 0
1609 1397 1630 0
1609 1607 1608 0
1609 1608 1246 0
1609 1630 1607 0
1610 1251 1252 0
1610 1252 1632 0
1611 1246 1707 0
1612 1543 1549 0
1612 1548 1604 0
1612 1549 1548 0
1612 1604 1550 0
1613 1271 1437 0
1613 1552 1614 0
1614 643 1271 0
1615 652 1635 0
1616 1445 1557 0
1616 1615 1635 0
1617 1458 1459 0
1617 1459 1171 0
1618 1471 1727 0
1618 1566 1074 0
1619 1473 1566 0
1619 1618 1727 0
1620 1307 1565 0
1620 1565 738 0
1621 1472 1474 0
1622 1478 1571 0
1622 1571 1642 0
1623 1094 771 0
1623 1095 1567 0
1624 1094 1623 0
1624 1622 1642 0
1624 1642 1573 0
1625 1575 1113 0
1626 1343 821 0
1628 920 1735 0
1629 1606 1640 0
1630 1221 1424 0
1630 1424 1542 0
1632 1631 1601 0
1633 1260 1611 0
1633 1262 1436 0
1633 1436 1641 0
1633 1641 632 0
1634 1441 1554 0
1634 1553 1440 0
1636 1302 1621 0
1636 1474 1620 0
1637 1582 1499 0
1637 1583 1500 0
1638 1517 534 0
1638 1520 1519 0
1639 613 602 0
1640 995 1608 0
1640 1608 1607 0
1641 1005 263 0
1643 1548 1415 0
1644 1604 1643 0
1644 1643 1533 0
1645 102 1450 0
1647 687 1736 0
1647 1649 685 0
1648 245 29 0
1649 166 106 0
1650 1362 891 0
1650 1585 1362 0
1651 4 1654 0
1652 34 1653 0
1653 34 1001 0
1653 94 1652 0
1653 1656 94 0
1653 1657 1656 0
1654 1671 1651 0
1655 1256 998 0
1656 1657 1674 0
1657 95 268 0
1657 1653 95 0
1658 1265 630 0
1659 74 1671 0
1660 813 1661 0
1661 364 1659 0
1661 1659 814 0
1662 815 1669 0
1663 1025 1448 0
1663 1448 1277 0
1664 1278 1665 0
1664 1559 1667 0
1666 1379 1380 0
1666 1380 1514 0
1668 1124 1348 0
1668 1662 1669 0
1670 178 1679 0
1671 1654 220 0
1672 93 270 0
1672 1001 34 0
1673 21 129 0
1673 129 515 0
1674 993 627 0
1674 1657 91 0
1675 741 233 0
1676 333 1719 0
1677 161 1728 0
1677 1156 161 0
1679 178 1680 0
1682 405 1683 0
1682 854 1690 0
1683 179 406 0
1683 405 157 0
1683 854 1682 0
1684 977 595 0
1685 1691 1022 0
1686 1058 1698 0
1686 1059 1055 0
1687 840 1708 0
1687 1286 1688 0
1688 1717 1689 0
1689 303 707 0
1689 712 303 0
1691 1685 1024 0
1692 1687 1708 0
1693 199 306 0
1694 248 976 0
1694 610 1238 0
1695 757 1719 0
1697 958 564 0
1698 1058 1726 0
1699 1332 783 0
1701 863 414 0
1702 420 55 0
1703 699 929 0
1704 1464 1465 0
1705 1353 1354 0
1705 1482 1087 0
1707 995 1250 0
1707 1608 995 0
1708 395 1468 0
1710 1709 539 0
1711 1460 1720 0
1713 39 1717 0
1715 1104 1335 0
1715 1107 1336 0
1716 897 485 0
1717 1688 1286 0
1718 693 694 0
1718 694 293 0
1719 331 43 0
1721 1579 136 0
1723 157 405 0
1726 1292 1734 0
1730 530 1731 0
1730 531 218 0
1734 43 718 0
1744 1088 20 0

End
