MeshVersionFormatted 1

Dimension
2

Vertices
3723
0.0 0.0 1
1.0 0.0 1
1.0 1.0 1
0.0 1.0 1
0.5 0.0 1
1.0 0.5 1
0.5 1.0 1
0.25 0.5 0
0.0 0.5 1
0.0 0.75 1
0.25 1.0 1
0.375 0.75 0
0.7291666666666666 0.7291666666666666 0
0.538690476190476 0.5119047619047622 0
0.3910557644110273 0.5857221177944861 0
0.5316602518200254 0.6823877028881726 0
0.654972415227055 0.6020863169829342 0
0.7650644656186915 0.3400724474862056 0
0.6749052114385818 0.45632563128933656 0
0.8276068351983819 0.5514508511724192 0
0.7854616148589596 0.44897904494922575 0
0.7352910988334793 0.5295162491877469 0
0.7601325780042659 0.6301974255277039 0
0.7736121155384761 0.5734663558598555 0
0.7140392862560221 0.5867276498891941 0
0.6987346194295964 0.6491284537217925 0
0.6895479488246486 0.6137980513830927 0
0.6614100503901603 0.639974082968478 0
0.6825426634382137 0.6344791454007385 0
0.668757539332636 0.6182827311918356 0
0.7244735266878868 0.623576211854637 0
0.7477968640191492 0.5972994768463565 0
0.7275379409771011 0.6028068862470389 0
0.7077852822112207 0.6056836746037286 0
0.7053254184624971 0.6247067454705897 0
0.7158743878545353 0.6406538432804857 0
0.7395231880313229 0.6418579900121615 0
0.7256268436958101 0.6819477976178303 0
0.7159757047162729 0.6624285184377636 0
0.6786000576170401 0.6930541850285209 0
0.7008291945728715 0.6820631802799985 0
0.6997819070012311 0.665595817000895 0
0.6765764955885353 0.6588046451873361 0
0.6850444144313926 0.6479871275003931 0
0.7131998274482872 0.6759466277145042 0
0.737882338951859 0.6637425731135399 0
0.7275959291078921 0.6519675200297731 0
0.7750417315575396 0.7019854654900602 0
1.0 0.75 1
0.7524410925587347 0.6867710404238769 0
0.7400951458625207 0.6784599267031267 0
0.7277591992493206 0.6400694707791189 0
0.696427298121688 0.6354055674888984 0
0.6837836496075504 0.6755633745239353 0
0.6570184821796646 0.6771447381493989 0
0.6706871175474789 0.6811955869534192 0
0.6582542787011946 0.6980610538361066 0
0.6803602792241105 0.7440486921639935 0
0.6741311272999443 0.7187360760854018 0
0.6707297763491119 0.7049144368293441 0
0.5948223451665907 0.6913141311575569 0
0.6270999728908868 0.6894070754091969 0
0.6441590400031186 0.6883991763071932 0
0.63415804186363 0.6639980405861633 0
0.6371009710303737 0.713808211130231 0
0.6528034373312604 0.7374073526044783 0
0.6683013150477074 0.7335934981021203 0
0.6555792169636728 0.7165489170561913 0
0.7013634929227986 0.7254572656286232 0
0.7133285424205903 0.7036096115630504 0
0.69561293608569 0.6994879233007553 0
0.7163146387545388 0.7194451785410517 0
0.735847776824768 0.7020726733490568 0
0.7240797188884758 0.6953914636271578 0
0.7554551189748988 0.7066873292314896 0
0.7424302611056612 0.7180665931428064 0
0.7740877005592781 0.7411582769807749 0
0.7608714908207869 0.7260308263165152 0
0.7473514077952532 0.7511796926467725 0
0.75 1.0 1
0.7449964846712736 0.734607441548724 0
0.7588366416186931 0.7411455327294691 0
0.7502359058694329 0.7253250814744931 0
0.7810598556456474 0.7217300565754122 0
0.8860731563535021 0.7703810573505313 0
0.8611431391113457 0.6865313289031498 0
0.8190104970572584 0.6993733000002086 0
0.8216640436101544 0.7472667260503679 0
0.7985487887336208 0.7389714144625125 0
0.7858118462499474 0.7344005409357784 0
0.7973409123594657 0.7059781594822503 0
0.7975546967145276 0.7224890704250528 0
0.7951734901146988 0.6600173520479214 0
0.7898948194019463 0.6832977933120525 0
0.804624414961298 0.6910244638559278 0
0.8282528335446195 0.666878684188482 0
0.8195050149942997 0.681952262547252 0
0.8395545814952315 0.6912389320504416 0
0.8109898097686394 0.6669353891938344 0
0.8194868532916666 0.6259700758874349 0
0.8109195865395906 0.6455569365320637 0
0.8344119756573339 0.6441653903809978 0
0.8223110467665278 0.6388724602051833 0
0.7895577643421262 0.6245462181071237 0
0.793267783969414 0.6421389572539256 0
0.8042666551304942 0.6306319153795782 0
0.8053857501845391 0.6071088529791966 0
0.7765921268149395 0.6364680186929892 0
0.7603106949394265 0.6544673493527752 0
0.7546301453885726 0.6701939077153015 0
0.7707714322802184 0.68075850735934 0
0.782026537992304 0.6692750470115785 0
0.7802042544069279 0.6527232910154863 0
0.7467383821236924 0.653402771332673 0
0.846892128060616 0.6730329312047724 0
0.8972641851653735 0.6341243343484684 0
1.0 0.625 1
0.8751142583082312 0.6575092470964556 0
0.8634863494309395 0.6697854788100164 0
0.8884868072791774 0.6818206036126065 0
0.8779117074109325 0.6718039877238429 0
0.8988542107042176 0.6602844885680573 0
0.8550031238404961 0.6501052345168084 0
0.8415072762392616 0.658229426125488 0
0.8727031662342901 0.6330429503326677 0
0.8503519739355048 0.6275682712644359 0
0.8679845394135276 0.6458599110650705 0
0.8399444242376305 0.7222336740442485 0
0.8542018504804946 0.7065545256726822 0
0.838666697598603 0.7067499222533127 0
0.8723386697792785 0.7373686553911641 0
0.858489643361548 0.7247754030022523 0
0.8461407927461675 0.7459497186964287 0
0.8583253800384609 0.7388676843959094 0
0.8636886979213712 0.7621179959013468 0
0.883996674036239 0.7106365001256942 0
0.8701575391616043 0.7008710222224404 0
0.8700992866661802 0.7156423700201293 0
0.8305488631366357 0.6985043318515944 0
0.8794930446038884 0.7537553981062937 0
0.9393662062204021 0.7396737377745971 0
0.9104640193500484 0.7511126597819185 0
0.8937285451675397 0.7377850909275413 0
0.8953753510552726 0.7570844604831116 0
0.9128624446624346 0.7792204633790991 0
0.9170898303608175 0.7256214252843244 0
0.9081122185991507 0.7368946433407969 0
0.9277166214724831 0.6874422144410316 0
0.9089907120374929 0.6784276332497787 0
0.901805011008048 0.6986536423929568 0
0.8873541807250884 0.6964018938342337 0
0.9326046792783526 0.6533314221177404 0
0.9168289981272771 0.6621452311804148 0
0.9319247336205464 0.6706396104395589 0
1.0 0.6875 1
1.0 0.65625 1
0.9659334876024174 0.6633081816623931 0
0.9479868894677552 0.6626031563155957 0
0.9559073016030458 0.6897571715680556 0
0.9564927567165294 0.6748542638991543 0
0.9776731569701259 0.6831492814701867 0
0.9423394477279115 0.6821761639093245 0
0.9583316402241514 0.628045020121487 0
0.9487179195639481 0.6439946007222499 0
0.9158983575758481 0.6419542830526644 0
0.9334911914823522 0.623944425643271 0
0.913368893194393 0.621885727100018 0
0.9315948202787173 0.5431102415603537 0
0.9274475452865023 0.5836468731858367 0
0.9253069258416221 0.6045698893952087 0
0.9492320257084754 0.6058792397887663 0
0.9378137974963151 0.5952784481016301 0
1.0 0.5625 1
0.9670066901345133 0.5752842102539181 0
0.9466914266213808 0.5769314827052824 0
0.9580178999843422 0.5905227814343091 0
1.0 0.59375 1
0.9789723284788695 0.5926127910608889 0
1.0 0.578125 1
0.9840537180602839 0.570312500000001 0
0.9748028939602137 0.5312500000000037 0
1.0 0.53125 1
0.9697756758435383 0.5530671964646448 0
0.955753822296993 0.5626006640003509 0
0.9521971725663239 0.5422911060160983 0
0.9886103891094723 0.6093749999999994 0
1.0 0.609375 1
0.9687418813907488 0.6096471569353115 0
0.936949704449327 0.6110675848713325 0
0.885546449735702 0.5899310115834456 0
0.8928779758561285 0.6116372017251634 0
0.9085950997301985 0.6058214086176205 0
0.9304375739573146 0.6385591775798964 0
0.9028525800419144 0.6469130676112852 0
0.967592927619889 0.6444994843285465 0
0.9796548679562125 0.6278666372400795 0
0.9857529475367417 0.644978901546079 0
1.0 0.640625 1
0.9835186790970418 0.66244302206695 0
1.0 0.671875 1
0.8676475303227422 0.6080678368620751 0
0.8635892237846858 0.6218886026555898 0
0.8790013662856242 0.6187687697389755 0
0.8811609498574615 0.6035035172993957 0
0.853146162714259 0.5758562080407991 0
0.8347473376029014 0.5998591983293142 0
0.8497807815049598 0.6096414553797302 0
0.857347252091075 0.5933349207328109 0
0.870164557508394 0.5810099901681347 0
0.8778955669798633 0.5248060257826708 0
0.8695710213359732 0.5522946546671192 0
0.8651937458178135 0.5667489333017505 0
0.8888596513640591 0.566496819865391 0
0.8485498015321096 0.5538186106978628 0
0.8342419546396241 0.6170787561305118 0
0.8212010418591348 0.6080788184818064 0
0.8148429613649629 0.58232816617375 0
0.8363570125944032 0.5678597774068824 0
0.8196425145636976 0.5662353926616557 0
0.7963442499428908 0.568048956656812 0
0.8389539461327472 0.5840306080197287 0
0.8576557898004514 0.5336814935673855 0
0.8715694021343046 0.5378950358808816 0
0.8969411611176946 0.5420844020619068 0
0.8849195233673033 0.551648611989822 0
0.9137178343743272 0.5611820319552259 0
0.931906447170677 0.5654937753609603 0
0.9426630243710187 0.5544269475353089 0
0.9142320142767386 0.5438126334161453 0
0.9206423066923909 0.48732062068191556 0
0.9084256300540438 0.5145440657633488 0
0.9068746039860203 0.5300619904452838 0
0.893570927753406 0.5208958045214703 0
0.8889016165742379 0.48942967879232957 0
0.881674858086218 0.5065815759304805 0
0.8972835742307285 0.5030597273285491 0
0.9048158304764367 0.4890353626295666 0
0.8983107615995045 0.35510199565322703 0
1.0 0.25 1
1.0 0.375 1
0.895202219288865 0.4223776330885617 0
0.9090693215717547 0.4543997901417044 0
0.8963926430793216 0.47042197066545927 0
0.9138548927362078 0.47121206920841324 0
1.0 0.4375 1
0.9596793234938105 0.4613879598386165 0
0.9346057024732359 0.4562181659362938 0
0.8828983757272739 0.4467194096240315 0
0.8944326601744192 0.4558452845547247 0
0.9001819431734225 0.4392348108447845 0
0.9305270771579358 0.4211065429438563 0
0.9130277896515395 0.4262759503748322 0
0.926411214027322 0.43937735003556627 0
0.911708282186506 0.38960552707425594 0
0.9076614734045049 0.40811009440177887 0
0.9260165651561484 0.4024294271214821 0
0.952005592620747 0.35903794371936426 0
0.9348137732015764 0.37821973834554556 0
0.9650103973043287 0.4028956414536599 0
0.9454542278514111 0.40761844436741707 0
0.9554907201567163 0.43372965245178996 0
0.9582349482107771 0.4176903483680768 0
0.9782740721879389 0.42937333391222365 0
0.9402401569226322 0.43289360119221243 0
0.9512785860606954 0.38888546290767656 0
0.937088519771432 0.39274951491939697 0
0.9749265682605394 0.3794419175619616 0
0.9650735155570896 0.38909920061893954 0
0.8736410392827328 0.39097529613236404 0
0.8884520453182162 0.4039091379081225 0
0.8924616408820909 0.38437037827974024 0
0.8753515347200541 0.3657323721842221 0
0.8799096523785392 0.3787206512828514 0
0.8596547665332305 0.42193870657775256 0
0.877475032819633 0.41838903044200587 0
0.8657541700327644 0.40605329932165324 0
0.8069310035632659 0.3925810741154386 0
0.8353832964566221 0.40350569266916564 0
0.8518762250716934 0.3891924472880092 0
0.8501984181511464 0.4091941464590362 0
0.8330073358043244 0.43183031669330496 0
0.8713692023338862 0.43424217261211295 0
0.8501527869479776 0.4654116833533092 0
0.8643645429067867 0.4522797857611441 0
0.8458135895893597 0.4464595111274009 0
0.8567282645793973 0.4364536375779382 0
0.8161304193638843 0.4595240362462736 0
0.8337063607927697 0.4592043503592273 0
0.8246705663673204 0.44573914694991973 0
0.8031443565181771 0.4233837306780491 0
0.8050303169049297 0.4431093125756912 0
0.816932783455738 0.43164833195339797 0
0.8251379666451761 0.4169082450469055 0
0.8196122316815069 0.40206699927975437 0
0.8295635706587998 0.3801408192907935 0
0.8257096207320502 0.5028650927484704 0
0.8345283764413093 0.4819176055626227 0
0.8384172456962393 0.3903427704545599 0
0.8714924904763797 0.474250031890715 0
0.8846232462335325 0.4767635747474885 0
0.8768890484323209 0.4603577861625352 0
0.9406894689854324 0.5123548983205923 0
0.9252778292835253 0.5240649287321811 0
0.9413852811373575 0.5292673506794349 0
0.9586977134581613 0.520084542819079 0
0.9606215258353531 0.490760216172007 0
0.9544741333642425 0.5050821874491198 0
0.9776947127616789 0.5066406541191445 0
0.9404975040377883 0.49060272302284047 0
0.9506714544991741 0.4763781541207608 0
0.9328365216822256 0.47410954426724483 0
0.9830314096615977 0.4837851487762323 0
1.0 0.46875 1
0.9801392526770284 0.46342816993825964 0
1.0 0.453125 1
0.9714632040703775 0.4468248604848626 0
0.9867609383727135 0.4453125000000039 0
1.0 0.484375 1
0.9682599421975795 0.4758139511495764 0
0.9738225177491676 0.49368570274889745 0
0.9874014469801073 0.5202558626853504 0
1.0 0.515625 1
0.8544767451256118 0.485152666576139 0
0.8709804574609418 0.4921804586821866 0
0.8538300063646114 0.5095635739059869 0
0.8683138535483719 0.5133149304193233 0
0.8423117420294548 0.4970443898494005 0
0.8315736657810724 0.49300375457256856 0
0.8118362211256596 0.48180645373383324 0
0.7808357958167169 0.5173286940197708 0
0.8012655467068955 0.5038696049608078 0
0.7802016759458669 0.48021386266405175 0
0.7832279927366591 0.4987249897412516 0
0.796089101084455 0.48782568550680144 0
0.796359813538419 0.466874595419343 0
0.7470641113245753 0.4951343467902123 0
0.7642709912753919 0.5057430183570361 0
0.7635925809079909 0.48758457240416164 0
0.7344056173707335 0.44555402648228065 0
0.7452075150815268 0.46920226133361387 0
0.747090684995881 0.514350048187996 0
0.761996524455319 0.5381203173684519 0
0.765181779485466 0.5220755389503252 0
0.7502117888158343 0.5289515740832024 0
0.7191447311217011 0.5047808259782374 0
0.7314719708621097 0.5143716475336083 0
0.7113667716768456 0.5274955765731161 0
0.7209442751489775 0.5567397732913989 0
0.7223506355897189 0.5400887695410375 0
0.6736523383936157 0.5018924072145035 0
0.6960042779702229 0.5095461333170437 0
0.7012923396453759 0.47665712775129293 0
0.6896445365721993 0.4916539582171763 0
0.7067521128989096 0.4929193962661715 0
0.7274771303271551 0.4836707659832411 0
0.682343126399342 0.47396131918384654 0
0.6472717911431061 0.4783664536148289 0
0.664187987606123 0.4712319867596665 0
0.6430463750478548 0.4447259400741481 0
0.6498897737121243 0.4609519985350863 0
0.6176217079823122 0.4650050283478591 0
0.6343256973694659 0.4675162038539787 0
0.6215093844366344 0.49595663866392303 0
0.6319169714683985 0.48353871275066523 0
0.6467170066834259 0.5065130832270108 0
0.6616389013893151 0.48880979871711533 0
0.675975841379019 0.4869418695938924 0
0.7259536789690748 0.4637057819786323 0
0.7158981637142705 0.4745136961494496 0
0.7055448736780561 0.454799451531047 0
0.6904537608865398 0.4601543021687955 0
0.6890664251136446 0.4323020788226295 0
0.7198629430690998 0.4498261729308829 0
0.7181319432311459 0.4170455381597629 0
0.7228865352990567 0.4332304898491843 0
0.7546144346295582 0.41511905970259866 0
0.7366017461957977 0.4204105790838292 0
0.7060694402879625 0.42937993915793604 0
0.6930560784100696 0.40458794247993385 0
0.6955485740389695 0.41909099362161945 0
0.6719092646220679 0.4156879415627632 0
0.7344577140794729 0.379808187216531 0
0.7307126652900039 0.4003637509660825 0
0.7514419367521255 0.3935215079380366 0
0.7588654541689325 0.36695302225006465 0
0.7494306704551175 0.3786381910518406 0
0.7439525277203767 0.40565342129633436 0
0.710033615363013 0.3859772641614284 0
0.7146783557156561 0.4013561568393829 0
0.723651429709176 0.38845831404912173 0
0.6500064099082962 0.3482668146793211 0
0.66671877163324 0.3801058444592376 0
0.6883486907659621 0.38324444843241423 0
0.7065888905999748 0.3259097229044896 0
0.7027638298415539 0.356261624514537 0
0.680435820561092 0.361675185080378 0
0.7007161929129253 0.37250964736076264 0
0.719645499812511 0.3666421529115711 0
0.7223576783090799 0.3433139398934827 0
0.6753067262179095 0.3970227143689712 0
0.6459014929311973 0.4013121652342608 0
0.6613265354290024 0.4041198454706896 0
0.6498540318080875 0.423372876148074 0
0.6982276233447019 0.3922564758309206 0
0.663048114546667 0.4393410553531243 0
0.6630908577324379 0.4258706879689669 0
0.6613799282757961 0.45313669737245277 0
0.6776658371239292 0.44176734673865214 0
0.6033739834087932 0.4203161040085218 0
0.6262351938982653 0.4276045790805079 0
0.6360683434147325 0.41445837215738485 0
0.6144646537369723 0.3880485411180323 0
0.628539364731523 0.3985761966174289 0
0.6410381752697712 0.37571722061286306 0
0.6286318797694391 0.38378024965874746 0
0.6173027965492845 0.3527725160300473 0
0.6169019545221485 0.37049245051354784 0
0.47381868337427674 0.3583912678104738 0
0.5449368588637457 0.3694488122485632 0
0.5810521528220177 0.3608169924264602 0
0.5960383750472648 0.3765432029260608 0
0.6124609460734249 0.40539961384638473 0
0.5875713759523858 0.40046324416320095 0
0.5996432300597739 0.3912777731495629 0
0.5742602513836097 0.3822929367378785 0
0.599498660602078 0.35824210712642696 0
0.5741526543121456 0.24402596692677322 0
0.5822654332917178 0.3021460084535583 0
0.5997841149205009 0.32745926224180083 0
0.5879321040399237 0.3427421025950822 0
0.5786910787472674 0.3233384831729123 0
0.5913519332785017 0.3145762165146436 0
0.6453828360668608 0.2884130625132359 0
0.6125726453455148 0.2895276191289695 0
0.5989410218880334 0.2994923555000369 0
0.5884908553596377 0.27089036453052995 0
0.5884239941115119 0.2871248513401269 0
0.5468090035499813 0.27883608015895794 0
0.5668087614509246 0.287035829651226 0
0.564372438472446 0.26448791713848524 0
0.5438012741671173 0.31466241408318674 0
0.5635139118307473 0.3098810141002023 0
0.5512664121456313 0.29645442463079513 0
0.5210889851962656 0.2947162275811995 0
0.5364516302810028 0.29082950676233327 0
0.5226046386336776 0.268402455561652 0
0.6045264151351519 0.34289598433606877 0
0.6264737685585186 0.32770675973323116 0
0.6167952818587613 0.3096104339682223 0
0.6131697173876703 0.3231858434849394 0
0.6388355471520474 0.309458946918285 0
0.6291796346659285 0.2949136722149945 0
0.6283095732637681 0.2693009037461796 0
0.6468130735324809 0.3281743151415708 0
0.6694848120954916 0.30745244874323946 0
0.6537745397012659 0.3025650469921052 0
0.6731999218939551 0.33428061786888974 0
0.6587692045202357 0.3365741172233122 0
0.6666891492255503 0.35163939373950875 0
0.6552701770341602 0.365176717906801 0
0.653841746812461 0.3781264431836674 0
0.6882058113749052 0.3449699334969787 0
0.6892688777570545 0.327600126396396 0
0.6767358081650648 0.3201196606422791 0
0.6955882810244807 0.3027729127330774 0
0.6884602677336733 0.23274913765594496 0
0.75 0.0 1
0.6617686066261205 0.256593317180331 0
0.6474753460126244 0.26936176462479117 0
0.6703989752472282 0.2815201591906851 0
0.661477370847748 0.2706516094240942 0
0.745452377870286 0.29324814412268885 0
0.7217621798001248 0.304511867073488 0
0.7263545770244384 0.3238469931782697 0
0.7391744836690973 0.3105891168562535 0
0.7463729559673254 0.3303769306772018 0
0.7681216245763235 0.31126188433867513 0
0.753761065155717 0.30606297917357395 0
0.768678762722831 0.28728992247462143 0
0.7609849934708753 0.3250720819087904 0
0.7479133545356563 0.3502722512375616 0
0.7366761041667587 0.3411350041626705 0
0.736303735865572 0.36281622589696383 0
0.7436251952166868 0.23787566114726386 0
0.7181794373081206 0.26643170913623804 0
0.7269213004323115 0.2848178564002387 0
0.7468999201203174 0.265483989886936 0
0.7326994375060076 0.27079931457318 0
0.7304991942764604 0.2517944707131358 0
0.7080581457816255 0.2454096814063818 0
0.7054904196693063 0.28373609280392137 0
0.7090705604881011 0.2976920730108394 0
0.718621875261663 0.20755903395023728 0
0.707456575130962 0.22484235089487367 0
0.7232416514870718 0.23467311853101602 0
0.7362243852617762 0.2185104750517287 0
0.7901450431369028 0.11222034218941888 0
0.7585450672388426 0.16301172997062494 0
0.7914732083303766 0.2084927644779963 0
0.764789634733957 0.21869044892733525 0
0.7504719682786819 0.22416224392638934 0
0.7425023884445943 0.18879750659010341 0
0.7495118758823751 0.20579824801650123 0
0.7550659095851778 0.2147149716353967 0
0.7660736288288438 0.20167039675840837 0
0.733818611152589 0.202323263124319 0
0.7186790423757456 0.18305294121398388 0
0.7327302610902233 0.24074987710876003 0
0.6852414891329428 0.1982429087924988 0
0.6922144635167418 0.21499570216746264 0
0.7024929380212086 0.20088994899868137 0
0.6617835113211998 0.21783433452321718 0
0.67744021923891 0.2211451498794631 0
0.6658635439414688 0.23721539768655756 0
0.6310035227816819 0.2344340170248034 0
0.6379458823415767 0.2525079261767322 0
0.6516108249060207 0.2443251468411438 0
0.6470661127440586 0.22738133744162095 0
0.5955197301882362 0.13180137293504463 0
0.6174201562839456 0.18167994181483843 0
0.6396018338025757 0.19975713816902602 0
0.632685317561078 0.21644658949988815 0
0.619847947929725 0.20134855770243337 0
0.6477819375585799 0.21236736238372853 0
0.6626285827792233 0.19500666076304266 0
0.6454520186510371 0.16993100661892124 0
0.6487817213620123 0.18607090624162587 0
0.6335310063119581 0.1808037549750134 0
0.6242471014420614 0.1586532248033474 0
0.6821393663453366 0.07537601112667508 0
0.625 0.0 1
0.6581582692763818 0.12046618809972184 0
0.6458218286146464 0.14366163620851613 0
0.6843771495988936 0.1573416912239159 0
0.6685218229791698 0.14085629454064807 0
0.6589916351331553 0.1569843238399968 0
0.6653719204391989 0.17555914170138348 0
0.6716017137047339 0.16303606827192904 0
0.685826201057711 0.1777708108912579 0
0.7045412646384172 0.1661773876651674 0
0.714729796657689 0.11549963202222172 0
0.7041130806926282 0.13972824642571446 0
0.6982752863078648 0.15305079075871286 0
0.7018730651797294 0.18277257333183086 0
0.6752105880390274 0.1877120130932758 0
0.6856527613140647 0.11932049512260715 0
0.6721672584488119 0.1261746885304773 0
0.6862276609817494 0.13745926239772502 0
0.710131806737274 0.19155929857436593 0
0.6561877941232347 0.13429647235537823 0
0.6380675579752195 0.12465927039367354 0
0.6273594977033444 0.14011221504740173 0
0.6154874685677648 0.12044900929790231 0
0.6395764730352974 0.08166127503707048 0
0.6441021475197045 0.10334556671919111 0
0.6689442505058334 0.09728045352557774 0
0.6606900112029672 0.07738159121979703 0
0.6419414069949175 0.0391075542198338 0
0.6875 0.0 1
0.6463168054867872 0.06069329442896157 0
0.6741554349267613 0.043814130689068524 0
0.6572025388518244 0.047250458338732884 0
0.668848704269204 0.06116988638724777 0
0.65625 0.0 1
0.6612200932652583 0.023534636570887356 0
0.6710458806683068 0.07243445805335373 0
0.602811375217443 0.05827546897219952 0
0.6242483024876322 0.06516654824397271 0
0.6330948547412745 0.05213705123190383 0
0.5625 0.0 1
0.6125780895399154 0.02868892620232797 0
0.6258989898705297 0.03773333065870547 0
0.6356159602055357 0.018624451108198294 0
0.6114280985062069 0.044714606548067304 0
0.5802526266988528 0.03442337619448916 0
0.5945417677950382 0.04350285587719785 0
0.5694087114686606 0.06727310960101576 0
0.584974679640285 0.0585593874517162 0
0.5938394616194653 0.09265538781222966 0
0.5941470349970375 0.07437502165767304 0
0.5782107169485359 0.08324965827729769 0
0.5707984323297783 0.11325343488212086 0
0.5791380179586576 0.09939621583589509 0
0.5525351836695735 0.09282411719599744 0
0.5628587487900694 0.08129463051680495 0
0.5186639723941575 0.052109018743227514 0
0.5386061638655697 0.06996536551988329 0
0.5889860305720277 0.11476105547878823 0
0.6135027312966854 0.08384345842126611 0
0.6108960938047623 0.06991412304062498 0
0.6100078666418853 0.10238952972433964 0
0.626935924770216 0.10711427273800413 0
0.602924692510422 0.11439975369539271 0
0.647437590991616 0.026192020227861264 0
0.640625 0.0 1
0.6203180467629483 0.015006499934340806 0
0.59375 0.0 1
0.6031733218483611 0.01433837470100355 0
0.609375 0.0 1
0.5846086464365847 0.01627352566002527 0
0.578125 0.0 1
0.5641200403180041 0.020953851725354807 0
0.53125 0.012955636027011897 0
0.53125 0.0 1
0.5489918925890505 0.011583927298293198 0
0.546875 0.0 1
0.5421139428354854 0.03804750678732676 0
0.550470675586378 0.0260938544758947 0
0.595197231747311 0.0278373047387495 0
0.652321237455476 0.09031576397551441 0
0.6272643580409195 0.09141208691735626 0
0.6844205279725657 0.023001335455149808 0
0.671875 0.0 1
0.6726191343680809 0.014516126445628939 0
0.6729818959511311 0.030297504308040527 0
0.7139968940655071 0.05052653972522414 0
0.71875 0.0 1
0.703124999999999 0.013798722312952965 0
0.703125 0.0 1
0.7015631250968439 0.034234073978045024 0
0.7286908382430014 0.02642198497703005 0
0.7183093062321271 0.015246834912716733 0
0.7352562551392788 0.009913107911568343 0
0.734375 0.0 1
0.7586414245084475 0.028773097319466066 0
0.875 0.0 1
0.8125 0.0 1
0.7498676814422686 0.015723927432969225 0
0.78125 0.0 1
0.7681021337782383 0.01293794955042939 0
0.765625 0.0 1
0.8010540098853558 0.043368772751411454 0
0.7901146767082493 0.022158074176989416 0
0.7166486596784941 0.03561210195956128 0
0.6872726714937107 0.03734586753808911 0
0.6887660566819342 0.05690896284167664 0
0.7000129692116339 0.04830780653300381 0
0.7778358272709477 0.04191714980304659 0
0.7873291331778574 0.07648418144550095 0
0.7885115191975952 0.057572345863158146 0
0.7603557401752423 0.06530489941508917 0
0.7757599400229809 0.06626798469921745 0
0.7666541134732038 0.08823854036393908 0
0.8154849122001943 0.06875162789357041 0
0.8039157190453292 0.05853543114728651 0
0.8245907387499699 0.04678107222887319 0
1.0 0.125 1
0.9084893835416735 0.0944256206824912 0
0.8635814439467571 0.07581325989836132 0
0.8404239399376138 0.06621549559730618 0
0.8320252505234902 0.10751396715316824 0
0.8447175789364506 0.08859191230125757 0
0.829223681695774 0.07996477233965801 0
0.8071356299524954 0.09300468762832698 0
0.8115529455764641 0.11402991440845898 0
0.840496381664191 0.16954792528094365 0
0.830859043079476 0.1392685926445629 0
0.7982195403647496 0.14423253254417426 0
0.7996899342608608 0.1268372339512739 0
0.7736779692210507 0.13339828264170106 0
0.8137846313959384 0.13678842802727278 0
0.8162878638478337 0.16201730760485422 0
0.8257389296336687 0.12318182586774294 0
0.8506911397383561 0.12409821057448575 0
0.8188447890195022 0.10152128389723471 0
0.853756653167339 0.14865407422587215 0
0.8910235609909136 0.13153245641258668 0
0.8696810880868233 0.13419681545220544 0
0.8845621637208146 0.16658695988921715 0
0.8822464638367832 0.1480373720543731 0
0.8682366374612054 0.15920567361209348 0
0.8640213807913776 0.19027334559008738 0
0.8707605936718282 0.17536792223726327 0
0.8562242826373939 0.16935976659477608 0
0.8923865799313498 0.1941219311857664 0
0.8843694441182978 0.18152091353754704 0
0.9095092403892752 0.17437711711394713 0
0.906413205746343 0.1503026974309258 0
0.8767425022036258 0.10394866243450238 0
0.8663905696600104 0.11748032773374922 0
0.8820149774800556 0.11870771393053535 0
0.902179682186878 0.11411961961955644 0
0.8585710121706605 0.10077271908173593 0
0.8698090640250071 0.09004604345245616 0
0.8895278024307338 0.08889223466658311 0
0.8916227943158769 0.10362780562396462 0
0.9375 0.0 1
0.9128852780682589 0.044106870222195386 0
0.9056711279350375 0.06882802513608928 0
0.901765410175627 0.0822119791704853 0
0.9101764121403264 0.13152318543677122 0
1.0 0.0625 1
0.9535631057490341 0.07650913314746947 0
0.9311899738141226 0.06286176076348142 0
0.9217429112211286 0.08001248726015937 0
0.9375754369154535 0.07755624470573895 0
0.9336053428177291 0.10422070491743159 0
0.9229562869136666 0.09442841665859766 0
0.9201677611116451 0.11639329660185835 0
1.0 0.1875 1
0.9550275679961933 0.15027766921436334 0
0.9428511997288093 0.12793071346609652 0
0.9267178421516671 0.13158273012517052 0
0.9184061399587636 0.1429391402797377 0
0.936539927539267 0.14749131995833262 0
0.9234257897533313 0.16133758645951174 0
0.951265814212651 0.20499613082867743 0
0.9332558971480083 0.18577489453460394 0
0.9235957312310802 0.17546500076537533 0
0.9139623548750818 0.19553562272180833 0
0.931230736972652 0.2057205150768669 0
0.9003197022608176 0.23839823228357282 0
0.942775556089495 0.24759996859574765 0
0.9419689691999553 0.22529132415325365 0
0.9120401860860282 0.21852627036130443 0
0.9024328494880852 0.20614735729692638 0
0.8745341551187819 0.2192453215501898 0
0.8867621389340659 0.20902983143713827 0
0.8775472022434213 0.19703828481325006 0
0.8900101718697886 0.22534395885966121 0
0.8709678990633911 0.2509805542563663 0
0.8839467637011396 0.24073057748026552 0
0.8964564031433634 0.26991282824233714 0
0.8941375308773045 0.25363446893518293 0
0.9194144677734424 0.2583380809992376 0
0.9037106615541327 0.18664537623912028 0
0.9238084260119659 0.2371168367413602 0
0.9117357342106532 0.23173905647747858 0
0.9294297896907063 0.24934628344681467 0
0.9389179315239886 0.2699880229811009 0
0.917663313608825 0.283420325653416 0
0.9516133319980994 0.31360888751574445 0
1.0 0.3125 1
0.9389849650896461 0.29362637818136966 0
0.9129672488082275 0.3206057135403332 0
0.9314343762825461 0.31237976718755867 0
0.9236256496986627 0.2983390528009069 0
0.8981965019683924 0.29985112479929465 0
0.9325594254328546 0.33974767255609584 0
0.9407497009744076 0.32570390679145217 0
0.9646146348754883 0.3362128483862817 0
0.9758446655876197 0.314712568184616 0
0.963377241956313 0.32188355700643123 0
1.0 0.34375 1
0.9843017592722837 0.3593749999999989 0
0.9820105583002143 0.34137464685518437 0
1.0 0.328125 1
0.9850270775942094 0.3266330404268909 0
0.968217422409578 0.35309839284517597 0
0.9645083156263965 0.3680691269782056 0
0.9866626291064656 0.37270147619128285 0
0.990143345649959 0.3923491863165333 0
1.0 0.40625 1
1.0 0.390625 1
0.9821310698360518 0.4084753906077856 0
0.9718404888981322 0.4173810270821524 0
1.0 0.421875 1
1.0 0.359375 1
0.9849585781409894 0.2812499999999987 0
1.0 0.28125 1
0.9924792890704908 0.2656250000000013 0
1.0 0.265625 1
0.9924792890704949 0.2968750000000014 0
1.0 0.296875 1
0.9655670562836182 0.26229391108383876 0
0.9784611419657763 0.26850016331524346 0
0.9628181701460307 0.2845024637527804 0
0.953972563366279 0.27213319037987 0
0.95429619478609 0.2979317603118417 0
0.9749366182429278 0.2971905724154848 0
0.9666655817569894 0.23556730198428757 0
0.9584265750278077 0.22055329148529118 0
1.0 0.21875 1
0.9791820390393496 0.21893123746539278 0
0.9894542021382002 0.203124999999999 0
1.0 0.203125 1
0.9702535498704864 0.20188783062492183 0
0.9858484511262507 0.23697336723474965 0
1.0 0.234375 1
0.9785179831319195 0.25188459288867737 0
0.9519581584031961 0.2360990606434305 0
0.9874911020778485 0.30889839656809914 0
0.9490888992382381 0.34253141148459504 0
0.9327118399399807 0.35904082342933247 0
0.9163756068960276 0.34952270102939215 0
0.9126202318037914 0.3693985669673433 0
0.9212905662452647 0.37991392165131393 0
0.8975535892281965 0.37016932719639023 0
0.9184197910645754 0.3346223990198767 0
0.8716047909030704 0.3275316704296207 0
0.8801456775124428 0.345978068150757 0
0.8973657538311904 0.33433878585628807 0
0.8959940921143605 0.31705190872490807 0
0.8494536450023142 0.3489883579558162 0
0.8653250744201548 0.352840171657759 0
0.8530125505563698 0.3689489422216829 0
0.8352167103988426 0.3618243185023173 0
0.8124409066356776 0.322249272918094 0
0.8280769780297571 0.3395919349718056 0
0.8051779536085237 0.36258389618777004 0
0.8203251497835952 0.36725887300983623 0
0.816928522847833 0.3513877556929228 0
0.7947611350066531 0.339886943781208 0
0.7805295813277366 0.3264229665226628 0
0.8088951106996626 0.3774164772021059 0
0.7830816159893381 0.37600347003472706 0
0.7667691260446383 0.3838727033620012 0
0.7843921906871417 0.3995622856838515 0
0.7668636341693099 0.4022879733339376 0
0.777793007049147 0.424984095413133 0
0.7964249177611297 0.32387487607581666 0
0.8012216039636424 0.2914231860534033 0
0.8029301205841332 0.30825606624056956 0
0.8353284839257011 0.29646452597783957 0
0.8176370470987454 0.298260185040525 0
0.822935519244012 0.26241369260999825 0
0.8157498009164488 0.27966640111751223 0
0.7848205450928346 0.30159101960240864 0
0.8346695836564578 0.2774236796480728 0
0.8467577359839015 0.2558822121919841 0
0.8670420247280435 0.28583526894128497 0
0.8767682613895141 0.30584881773300493 0
0.8496062034649309 0.2864386280108212 0
0.8543984562816054 0.30844248193455903 0
0.85777491253516 0.270266166475393 0
0.7880918026961012 0.25802412773665434 0
0.7985046721075241 0.27321094761876197 0
0.8059241431321931 0.2569605634993047 0
0.7955862349543463 0.23365465493625498 0
0.8220700911834096 0.2358528608414888 0
0.8177634493210385 0.24928769853054528 0
0.7807467623483848 0.2742234783332649 0
0.7668440561125134 0.2581549189534722 0
0.7641592835032819 0.23850897245871688 0
0.7787873650305551 0.22905494934094353 0
0.7787525130798941 0.245044950854702 0
0.7610342836208912 0.27314604524386066 0
0.787275114145518 0.2872386746959863 0
0.8101896674601775 0.21835043258229148 0
0.8403996415763293 0.2106276435063941 0
0.8266869998608284 0.2199356087516988 0
0.8443063179063979 0.2336744225277165 0
0.8206364200170536 0.1962669757394991 0
0.806317243197871 0.2030058643368441 0
0.8046567310044538 0.18089496463745486 0
0.8221806321490095 0.17867001845311742 0
0.7972369257649358 0.1633013971216452 0
0.7798303711777309 0.18100370840735155 0
0.7797569833592684 0.15284091009766831 0
0.7832054955884612 0.1669134185911228 0
0.7810222986175794 0.196709031722912 0
0.7954504876736401 0.19270414816172798 0
0.7608247940631223 0.1832646006884651 0
0.8402259224719291 0.19008726138804327 0
0.8520448406776809 0.2002582292336305 0
0.8568503430291227 0.2173786503326327 0
0.8640223121486561 0.2341320460091678 0
0.8656819701198002 0.20566508094552394 0
0.8521815445583941 0.18277726384303591 0
0.8279305695586494 0.16726636177191667 0
0.8342908865865615 0.2460191763153556 0
0.8664771444633101 0.3148543618131558 0
0.8646798865354844 0.2993533923545903 0
0.8347582069154335 0.31854198268702305 0
0.8437379778378596 0.33297743394457857 0
0.8246850382485958 0.3269300544247293 0
0.8221716227464505 0.31179969100750043 0
0.8838905695315296 0.29001733450735445 0
0.859667414979645 0.2574054336126347 0
0.7898604686666126 0.41454921981353254 0
0.7580109146897281 0.43930113287939376 0
0.7486970214588645 0.4282797487584462 0
0.7733245346469969 0.43963507587560274 0
0.7652182649694391 0.4600789723806715 0
0.7675108955620371 0.4740153174647915 0
0.7502015807638718 0.4536489605846851 0
0.7806177243433655 0.46426184975454854 0
0.7635921406657683 0.426187662814855 0
0.7929357053104273 0.38727114937113166 0
0.786826108192562 0.3572676302725954 0
0.7736292987814506 0.36437225480337687 0
0.8100498489869097 0.3375323297386377 0
0.9113298430288376 0.306137672014036 0
0.9020001787143488 0.2846103262824224 0
0.9315288895792528 0.2818282494475187 0
0.9110778432337049 0.27035829921636423 0
0.927298250554468 0.2206095802600077 0
0.9714448859485648 0.12684143463505665 0
0.9564465339636075 0.10897139079147349 0
0.9434802530994802 0.11402766807170021 0
0.9570087127348077 0.12372864387028827 0
1.0 0.09375 1
0.9794561757445788 0.10488845778362371 0
0.9789167142889897 0.07937868028358246 0
1.0 0.078125 1
0.969810425274868 0.0463969615743898 0
0.9417923151331541 0.034203820391201505 0
0.9296892589871357 0.04601635322685241 0
0.9509364288735054 0.05565259706954946 0
0.9554783170203224 0.04104272140825649 0
0.96875 0.0 1
0.9578673639214996 0.019148105970361408 0
0.984374999999999 0.021546885864317983 0
1.0 0.03125 1
0.9847114205595977 0.03843723167800631 0
0.9842969394220914 0.05558885623700894 0
1.0 0.046875 1
1.0 0.015625 1
0.9716662711823613 0.014324005911761271 0
0.984375 0.0 1
0.9708232122922249 0.03036539425481057 0
0.953125 0.0 1
0.9407349192278446 0.016965279021024748 0
0.90625 0.0 1
0.9218749999999988 0.011770411204174026 0
0.921875 0.0 1
0.923053766166542 0.02951594174779758 0
0.8990610587082192 0.02363400706412337 0
0.908300545321962 0.013534092313239147 0
0.890625 0.0 1
0.8653325682556081 0.03885202675786879 0
0.8578038085092163 0.05701743263179954 0
0.8825321074212419 0.059702124298836125 0
0.8708807479559111 0.051794375008535815 0
0.8873382494502352 0.04008321367836214 0
0.8779909822845502 0.021019889532149793 0
0.8895976729134202 0.013689311294308733 0
0.84375 0.0 1
0.8593749999999981 0.012946070114450542 0
0.859375 0.0 1
0.836690399784274 0.024422618507362284 0
0.8460427784849982 0.04150013187229931 0
0.8539917126555324 0.02782206607415066 0
0.8373813756036717 0.052527412473500304 0
0.8455351340135558 0.013747643699505329 0
0.8983654500426618 0.05318274936459102 0
0.9008637451555885 0.03732055634414146 0
0.828125 0.0 1
0.8133884040223069 0.023581050168083678 0
0.8139005097080998 0.03763835939491115 0
0.825376161227939 0.01467738142113936 0
0.8024046450031744 0.012187597511795357 0
0.796875 0.0 1
0.8013277281337454 0.02980129564576948 0
0.8798712366034012 0.07577317647249214 0
0.9107909882743414 0.05690891006690613 0
0.9677368934002165 0.06471745360722926 0
0.9646623323541337 0.09188244288849019 0
0.9470804238725006 0.0928828679650981 0
0.9857568307675972 0.0919946234916074 0
0.9691273703402743 0.11355743813945691 0
0.9853059048372389 0.11946146332962349 0
1.0 0.109375 1
0.8467257036884429 0.10976485336400481 0
0.8992274908729488 0.16346308854921815 0
0.8450498398835227 0.1372717397640404 0
0.8383780532039004 0.153548791576028 0
0.8028783828898846 0.07797542238983612 0
0.7892524068403622 0.09431165614014914 0
0.8499407059724374 0.07598954142798021 0
0.7320507415595956 0.0854101302065553 0
0.7498679848457311 0.08051689717796787 0
0.736489061581076 0.0600715998202674 0
0.7320912183276416 0.04336237233318785 0
0.7514795027899192 0.047192771930040574 0
0.7432968610176202 0.032301639508870585 0
0.7660085048189019 0.05130358139502607 0
0.718977867758513 0.07006229846667748 0
0.7087418415221582 0.09202255117155986 0
0.700382756759719 0.07149996399026368 0
0.7237919538305271 0.10068610989904309 0
0.748473482292023 0.10565497186721094 0
0.7692727412073067 0.1091694654614931 0
0.7762349017946858 0.09766917467137684 0
0.7560554577606586 0.12408748446832048 0
0.7349341428294826 0.12199983393701432 0
0.7433799704600964 0.14443995436824214 0
0.7589213182125358 0.1399957100557776 0
0.7446949879438002 0.1311355732005651 0
0.7273744985214113 0.1614083202704397 0
0.7172341897951381 0.16990353380789386 0
0.7350901983743545 0.10834898606619739 0
0.7329332586760066 0.1762104386660306 0
0.7428658787289857 0.16403553845974506 0
0.7487872986797861 0.17650611319088652 0
0.7237606108207656 0.1419667154176709 0
0.7138831427069331 0.15385946573654366 0
0.7219129153591509 0.12782292578970536 0
0.7661294518890998 0.1516246292634615 0
0.6887984514050225 0.09431396127421326 0
0.6803894048637792 0.10595727009964391 0
0.7003217058131953 0.10667232228386175 0
0.7008023147997383 0.12206008883871435 0
0.7752979415369691 0.026645285416396557 0
0.6579804554005898 0.1062817879683678 0
0.6692878002719447 0.11322302620721518 0
0.6113306182930446 0.13637436855186302 0
0.638886719103984 0.15670129466385185 0
0.6724958232873629 0.20668111575260298 0
0.68644961514618 0.25736005693145436 0
0.700847519700886 0.2670270162759459 0
0.685587820411136 0.2741991592600342 0
0.6841939399779714 0.2907238957398144 0
0.6743528453152284 0.249130985157791 0
0.6940510124658616 0.24559348034504544 0
0.6083981745532399 0.2700445346915161 0
0.616664715399509 0.2503119562265736 0
0.6045273235861994 0.22493769994354298 0
0.6196956076117666 0.22430440934364607 0
0.5852335314600743 0.19563703630621623 0
0.6033815777888927 0.19339693585806536 0
0.5905355536270916 0.16373704740475836 0
0.5925732153518452 0.18046633514113947 0
0.5630994189297329 0.175567564722788 0
0.5771162939544048 0.18234902002350875 0
0.5585732304575305 0.2027996956873347 0
0.5991899431983173 0.1487309558717097 0
0.6077653374002139 0.16367524850317514 0
0.5961509055211812 0.20945078849315316 0
0.5759310961115288 0.21421001820450664 0
0.6011490166989442 0.2817865045660497 0
0.6185422531227863 0.169487237811977 0
0.5424724982404098 0.2556041206050547 0
0.5018483369352323 0.21436043353673526 0
0.5178605923982135 0.2392175141338983 0
0.5265945051779276 0.2527758522703266 0
0.5368373893850686 0.268676685158794 0
0.5509932871493127 0.26603432837980845 0
0.5579619174638195 0.24885557076052003 0
0.5606336433509747 0.22825857997289475 0
0.5628050262880732 0.21527003000858116 0
0.5358982541829989 0.2174476219071258 0
0.5376322573250437 0.23679346872859294 0
0.5509699997118351 0.2374768424581095 0
0.5745455233109072 0.27479428557430374 0
0.5787886551681216 0.2588101443899825 0
0.5975318830175919 0.25369282496108386 0
0.6050283164984734 0.24028805462416183 0
0.5884993592666746 0.23314416099950772 0
0.5749528491854274 0.22849777175037356 0
0.5395244899562115 0.4217003658582916 0
0.5716304715737283 0.4293677487079632 0
0.5856179532581214 0.4182339027994011 0
0.5620208791439598 0.40522005917902687 0
0.5718524821635832 0.4152934821408682 0
0.5564003020203819 0.42208862034347144 0
0.5470579177187455 0.4612084118724595 0
0.5559272302201994 0.4426510892845388 0
0.5334865830250187 0.44332394228756183 0
0.5821527471946288 0.4665835163032831 0
0.5744782437401689 0.44865798034152976 0
0.5923077850161808 0.4379347990022753 0
0.6106024387068935 0.43714090860272087 0
0.6021729768388489 0.45408055436157063 0
0.5879054875972575 0.45351496158967747 0
0.5646717886881063 0.4634620618001618 0
0.5525612249242623 0.48815543256620164 0
0.570449987053616 0.48161233383979657 0
0.5544052117890821 0.47374336869288874 0
0.5323565556981427 0.4782462979523531 0
0.572864406130253 0.5159387216364786 0
0.5667138720004234 0.4991232269270663 0
0.5518622408437894 0.5036724486229919 0
0.5941735808200234 0.49861197761585224 0
0.580332151476279 0.4928748016349577 0
0.5367481265603087 0.4948450801288649 0
0.4451383293104662 0.510202121470229 0
0.4919593286128472 0.5085849751866007 0
0.5115658669773503 0.49262726352214803 0
0.46675993224490164 0.45759988391157075 0
0.4851706549106103 0.4802203289887643 0
0.5081902394858401 0.4655279653127076 0
0.516952972828894 0.47819632616751534 0
0.5011451026484746 0.48051618664660095 0
0.4929172442943589 0.4933610024895296 0
0.4680964945392256 0.49913944930797405 0
0.46929436853066686 0.5309790461859151 0
0.4757001487798582 0.5147957152456615 0
0.45962370804094227 0.5177916969800596 0
0.4360053938616577 0.5452512431562578 0
0.4509962051100953 0.5342580523499648 0
0.46722022462630547 0.5720995266392365 0
0.46349279148410255 0.5512989616622357 0
0.44603370331737946 0.565161864654539 0
0.510236784632251 0.5536567592216266 0
0.4871379788954274 0.5470617760229037 0
0.49001459376686246 0.5278817603898662 0
0.5018006357769905 0.5394551534657503 0
0.47717910176086364 0.5595806513310675 0
0.4992109769192064 0.5873278303368795 0
0.4849800580394609 0.5760070072480201 0
0.4676691775280359 0.6123727181905173 0
0.48053820218588816 0.5961956218318998 0
0.501758019086136 0.5695211043891106 0
0.5510239026064756 0.585653533222428 0
0.5278119596756284 0.5732478133579985 0
0.5135114682974178 0.5802878218474375 0
0.5263423150621258 0.6243957658356312 0
0.5160417149702597 0.6034719781690309 0
0.4969087037601533 0.606573354224366 0
0.4826004026152111 0.6110433809086799 0
0.49857402851802984 0.6370390064148014 0
0.47697737224552167 0.6324040832469884 0
0.476340449173898 0.6880046696605266 0
0.48229290250899787 0.6602689156896498 0
0.48552407220818855 0.6452131188997147 0
0.4899889464140282 0.6244088142689216 0
0.5081645126443747 0.6212872438500634 0
0.4113943871099509 0.6507008971336349 0
0.4426820357224849 0.6361621213329501 0
0.4591947892932007 0.6284889585143005 0
0.43958411620237514 0.6078909356682036 0
0.44590944881825473 0.6215031398149754 0
0.4226042411742279 0.624056893963704 0
0.46012557554826716 0.6520964431203878 0
0.4590758829436374 0.5923294153733047 0
0.4534565109571923 0.5783127571975977 0
0.42760840301371134 0.5842320139244179 0
0.45424372369783683 0.6062649189299539 0
0.4713803452600072 0.5855287054781131 0
0.47427776469141264 0.5433900322291427 0
0.4191150062961113 0.6033916201915351 0
0.40944066782697347 0.587640662658895 0
0.4138210440644445 0.5608672296613915 0
0.40171438125209064 0.5726315210452385 0
0.34313172682179294 0.500232314483782 0
0.3581106007967233 0.5480130046581879 0
0.3778074909195447 0.5640505932266201 0
0.41648157329581703 0.5750475674718759 0
0.42963056863708465 0.5652407852617195 0
0.39257390764770417 0.5258005565091162 0
0.3789603336934489 0.5425203438519398 0
0.39524789431729795 0.5538651977874509 0
0.4117865917273515 0.5381296892013047 0
0.36546637114487857 0.5176311876170583 0
0.3654933672653867 0.5337190884384206 0
0.341224104403628 0.525715840140271 0
0.35065566913553964 0.5136086972187777 0
0.42889663525105526 0.5246844066915319 0
0.409548997614936 0.48663771665514266 0
0.42423768186457056 0.5031108845338476 0
0.4440657981180397 0.47901648233151223 0
0.42739903693799597 0.48550665072268434 0
0.44059439566472786 0.49474713293819167 0
0.45548858974671075 0.48978559245100506 0
0.46018334797981425 0.4733632331510887 0
0.4148315437981846 0.42858809460560165 0
0.41669668305820967 0.45802299152805476 0
0.4303812405881237 0.4685197369297846 0
0.447268323468545 0.4587214166564835 0
0.4160327213204118 0.47305721461034983 0
0.37940441383141904 0.46390781271716397 0
0.3967881490426518 0.4722073097244932 0
0.37672198866870515 0.4918816186938401 0
0.3606973499151125 0.49915623333109227 0
0.3501550485060358 0.47097289384936164 0
0.3511170580947398 0.4866764472524468 0
0.32495932534396377 0.48039764310472916 0
0.39300043876381474 0.4884142225761072 0
0.3823385408408555 0.47830468060291526 0
0.3655006490332519 0.4779140560383684 0
0.3884631625718568 0.5070580580118698 0
0.4071985060291928 0.5127709311729991 0
0.41489293709715813 0.5244732337891707 0
0.3740750342352668 0.5060593902584807 0
0.4251285636493529 0.5374987701193371 0
0.44249556017137504 0.5235868570134453 0
0.3117960800114131 0.5106997816953501 0
0.32965886599839944 0.5120369377646863 0
0.3276602460043776 0.4961651323419171 0
0.4706276457674146 0.484259648012979 0
0.3973410984175411 0.5395060494463219 0
0.3210681174362607 0.6136218450357941 0
0.353676381702881 0.5936877051125047 0
0.3558934912498023 0.5708503548853464 0
0.3240884063441614 0.5562363377539503 0
0.332385923250369 0.5800944753517817 0
0.34649596302019614 0.5814643148283405 0
0.339698770989149 0.56417922486708 0
0.2856277989263902 0.5829843307973334 0
0.30860233401171083 0.5749941181287644 0
0.28739478517464234 0.5417141669165816 0
0.2914007284605051 0.5625585905722736 0
0.3075413536642306 0.5583467967185245 0
0.31294829969958055 0.5348161454877124 0
0.32599189163391956 0.5268658313386632 0
0.33480789884579404 0.5421841266840042 0
0.2454124838670543 0.5605895992202494 0
0.2681733321202034 0.5670225006306396 0
0.2777840586474226 0.5543683337736105 0
0.25865279233242305 0.5298615943106415 0
0.271457314754467 0.5395865145444526 0
0.28308807727968516 0.5132194254281484 0
0.2728548892927818 0.5244542353092961 0
0.26601136245058415 0.5079429953904682 0
0.28593527085412673 0.47373284778102565 0
0.2670881428405561 0.4856632175418807 0
0.2558349124642462 0.5468639486729036 0
0.22289280495714092 0.5326696114168263 0
0.2376074555589528 0.5438430268189589 0
0.2076756964837051 0.5679853584105493 0
0.2256289410904301 0.5596179397519739 0
0.20913818450010913 0.5476792227552784 0
0.0 0.625 1
0.0986220740964381 0.5499253675616336 0
0.15398399270549182 0.5539126423393385 0
0.17624132050739869 0.503725860353389 0
0.19683643121920086 0.5225989627091875 0
0.2078942856609184 0.5327322424780849 0
0.18214253755410945 0.5559406763828193 0
0.1910864516855574 0.5399736126355352 0
0.1755223919148326 0.5251840549419066 0
0.1850722363889957 0.5147628692503309 0
0.2126868705944332 0.48605422535917675 0
0.19561932267359472 0.49727255516911045 0
0.215552916924114 0.5090070574932837 0
0.0 0.25 1
0.16125109369582097 0.4263923558540858 0
0.17380163982861535 0.4640791695415434 0
0.1932442552115236 0.47506669745036 0
0.18161478150974433 0.4875404923983297 0
0.1972371820025183 0.557027822504192 0
0.2335576007954853 0.6000738466880763 0
0.23459927306670547 0.5788648031808212 0
0.2150322283553919 0.5885338792912537 0
0.14582114285774295 0.7202795956636986 0
0.1852701550815601 0.6569511980426403 0
0.20520909366334875 0.6249427659053485 0
0.21562418855498236 0.6082231769124402 0
0.1827643029118951 0.5993575643476153 0
0.19785412941852934 0.6087574350640289 0
0.19809670142913136 0.5915560722818985 0
0.18839068315780857 0.5745228633673057 0
0.17505571697435798 0.6285442892961447 0
0.1895984210372731 0.6222728002330934 0
0.18851016653057653 0.6397462812400786 0
0.21588835602374845 0.6538096486119929 0
0.2001132774445371 0.6508389027611221 0
0.20299374409820778 0.6789125360927992 0
0.23674497991090937 0.6308947860260739 0
0.22998492020644978 0.6160186018351304 0
0.2555516090429669 0.6133745964349574 0
0.254386227686228 0.5904667325974625 0
0.24984007303925757 0.575545971770331 0
0.1668756990256027 0.5714156002214447 0
0.17593108303498808 0.5847547890878911 0
0.13064679461851514 0.6057530412620844 0
0.15671669346759473 0.6026461223210484 0
0.13909085325719664 0.5783812376516269 0
0.15155491374397861 0.5692009031942171 0
0.15424639499276085 0.5859064445968082 0
0.14082850345287157 0.593905669500719 0
0.16790239714522603 0.557160255179105 0
0.17374693448522488 0.5416569901472928 0
0.2048752436757881 0.5805790510476437 0
0.22050822567485154 0.5749823207042154 0
0.28090766071615225 0.570621605526652 0
0.14666217562058023 0.6292081356763897 0
0.14476711303970646 0.613306822918096 0
0.16063923346084655 0.6194788192063151 0
0.1748484201082612 0.6128782091963054 0
0.2472211698148676 0.6023148122106716 0
0.2734214432760277 0.600981937593916 0
0.26966460590928093 0.5852958644096514 0
0.2882046454757062 0.6413790681449382 0
0.27553619410791774 0.6231115495409215 0
0.2576384733611887 0.6344685493667688 0
0.27278012513934674 0.6385493919655412 0
0.25344690220724037 0.6801524378646997 0
0.27585002555959576 0.6652696600058566 0
0.2431731718467965 0.6561755703879558 0
0.245579724663966 0.6421060054140482 0
0.22828888127581629 0.6767427709686514 0
0.24188872605701928 0.6709154401731892 0
0.2289612940268642 0.6615599786013291 0
0.22969295049734303 0.6454252383594734 0
0.22023358411560276 0.6318578484829673 0
0.2148981846148824 0.6691642612050569 0
0.22330552984970872 0.7671771514703123 0
0.2349026589528011 0.7224617136933184 0
0.21768174841259189 0.7016150676642839 0
0.23851583367453466 0.695802122580889 0
0.2257714171745813 0.6903670909578127 0
0.2307829152032569 0.7083287224065131 0
0.25867686652303146 0.6637219721954242 0
0.26833584363970175 0.652596481891639 0
0.29875435546655066 0.6205363667239223 0
0.29334556589257693 0.6013567897851823 0
0.2862455035503407 0.6137115112699393 0
0.307049667837331 0.607844575453256 0
0.32062585106852687 0.5947985936443732 0
0.33747299761819277 0.6038195787228882 0
0.36887765349086676 0.6360208728144031 0
0.3931498218760212 0.6184029275940911 0
0.40170470966026195 0.6032386363810597 0
0.4086588449461447 0.6171570424931135 0
0.40225255827883205 0.6345629536826901 0
0.3854809944179686 0.6333664208548788 0
0.3822270936444279 0.6662669592783099 0
0.37952872294630874 0.6493889108782166 0
0.34878220551390654 0.6629592216979027 0
0.3659395065081229 0.6602162056119121 0
0.3625770413740237 0.6942144498858296 0
0.36872790665390504 0.6776573795218387 0
0.3971377972419428 0.6976325480581225 0
0.3855589189299319 0.6839100127931826 0
0.4092373038293406 0.6756768447478484 0
0.3950308177404728 0.6729851516104477 0
0.3952356173599646 0.6555325025428412 0
0.35667551810730563 0.6165066256103551 0
0.37485957525904257 0.6184760239682845 0
0.38344875889742824 0.602341905165113 0
0.37177894621702695 0.5869497550574055 0
0.36886389499666444 0.5739391915841626 0
0.3669538467302367 0.6035491728023964 0
0.34369182011999766 0.6381973325140958 0
0.3369999712885897 0.6216565067847294 0
0.3571282479879451 0.6468701527274612 0
0.35572837717645317 0.6306709494966488 0
0.3170272247590918 0.6400430181269736 0
0.3300125477489088 0.6341074366061349 0
0.3311961563047536 0.6538686696967014 0
0.3049665335477754 0.6665763599773021 0
0.3282281169483383 0.6811662108559658 0
0.33498695101060794 0.6680909665363836 0
0.3472857557126522 0.6827329496164 0
0.3350430136996719 0.7149614380127725 0
0.34581573524461545 0.7006141176601554 0
0.32835883795506354 0.6987245851565256 0
0.285508164839434 0.7258590447596536 0
0.3093179563339471 0.7160573404391907 0
0.36228473953855495 0.7241979336242405 0
0.35868473633758924 0.7091696713915421 0
0.38046077015310226 0.7118985666101392 0
0.38035741075235696 0.7313257936388179 0
0.4519574067769684 0.7619725849453209 0
0.41423120214563036 0.751149379373504 0
0.3947624019038463 0.7455640089575701 0
0.3935641160440896 0.7864645121996277 0
0.39938714588541396 0.7661673078353006 0
0.37852135041748913 0.7711650375362321 0
0.2984530284793193 0.8649348168215193 0
0.34258192971051205 0.821546351976485 0
0.3649855643207595 0.799518626708751 0
0.3345875407768978 0.7675991084757532 0
0.35700184548478375 0.7638699102115949 0
0.3769036632326777 0.7878005009174374 0
0.3595073706332975 0.7820271408906525 0
0.3409222133033832 0.7974514699311941 0
0.387072654740566 0.8100628343433625 0
0.3866249768972355 0.7589413375129652 0
0.4273563228939082 0.7851752182944352 0
0.4176509568128212 0.7693746041201943 0
0.4104174442734491 0.7846987335560676 0
0.41803736243079886 0.8151371786504489 0
0.41849552972482423 0.798849479262725 0
0.40354168085373576 0.8065791264546046 0
0.4473056661146136 0.8078101920720004 0
0.43415708308316486 0.7992900332876748 0
0.4526251903841958 0.7851951936727426 0
0.4355749663641618 0.7692459822331813 0
0.4357064805460455 0.7474557786360924 0
0.4199031142487714 0.7198495039584993 0
0.39982337918238897 0.7176527646765819 0
0.39476952025704387 0.7311508393299528 0
0.42277261965902385 0.7365333395806173 0
0.40946467442012635 0.7302335295308844 0
0.26501446357642683 0.7061363971939985 0
0.24813595478859232 0.7109372847781988 0
0.25933305546478147 0.7371547084982903 0
0.2602010483348845 0.7212842250735738 0
0.253889450191588 0.695522232098105 0
0.3157871341994859 0.655487092383379 0
0.30048754567337016 0.6513820322363244 0
0.28934608333862155 0.7013623100888163 0
0.30817983724716147 0.6900951428090072 0
0.2897395648276369 0.6806455733021032 0
0.27149913952490257 0.6873239216748324 0
0.30330142487523437 0.7033150454360833 0
0.27885154042238547 0.7122671354527133 0
0.4206716216515447 0.6962899438214706 0
0.4094302869332487 0.7061738254501289 0
0.4084832140740745 0.6895730686802202 0
0.4510250190119363 0.7090723789585632 0
0.43915744231837883 0.7251265769056486 0
0.4344457129906436 0.735829655261513 0
0.45680922273335967 0.7392859193120165 0
0.4545139001615895 0.7240648992677289 0
0.4973920176724324 0.725382476370479 0
0.4758328136483929 0.7286335940670502 0
0.49245565968995786 0.7657564602075152 0
0.48930792684052965 0.7448828342586432 0
0.4725438850362084 0.7450729428213836 0
0.5283980266299634 0.7496622171134577 0
0.5095177759503481 0.7418351986403406 0
0.5122819763114362 0.7618523030772215 0
0.6025053825235829 0.8643849940937268 0
0.5611966262960222 0.8097722542050911 0
0.5117296447102568 0.8113410734272783 0
0.5068456910677033 0.7865390974692491 0
0.5392277161712509 0.7807279913453837 0
0.5288004272745961 0.7669424681715641 0
0.5228004676297963 0.7823171341430513 0
0.533078322635461 0.8028608788348555 0
0.5553738086008085 0.7576788500277943 0
0.5405924386806001 0.7580230598870435 0
0.5474497937168696 0.734948220820353 0
0.5247639960091602 0.717903899334443 0
0.5125215562584151 0.7269266533027288 0
0.5041816661081406 0.7730104917873712 0
0.483808687488795 0.7084156146048942 0
0.46750491119093107 0.7131395799374185 0
0.4626676240128752 0.6973187453589964 0
0.4418763183041953 0.688366970409718 0
0.506339184093427 0.7042988517631867 0
0.4927386344287492 0.6935764387981145 0
0.511124393409819 0.6842423567231745 0
0.4947019421577863 0.674668986879737 0
0.5015936032280082 0.6563639246409037 0
0.5198021207543438 0.665707344944946 0
0.5192133280794929 0.6444406397623604 0
0.5537542216781052 0.65412583952257 0
0.5390310647248693 0.6401986910821551 0
0.5361287576646147 0.6580127849443365 0
0.5729669029947579 0.6190691492185993 0
0.549334457023017 0.6189301241883368 0
0.5571135338608914 0.6358286203331692 0
0.43341216969039636 0.7084660879437965 0
0.5903466280940673 0.6513871016294582 0
0.5716915926037051 0.6479620954935866 0
0.5713038630526709 0.6760157684721975 0
0.5787398604263445 0.662089025429584 0
0.5975077647277737 0.6707987296116973 0
0.6133343933070035 0.6539334136572607 0
0.585654812895871 0.6796806635231161 0
0.5730710438412302 0.6990259459905399 0
0.6105224792373642 0.6829357846809994 0
0.6233020512610842 0.6746672913301967 0
0.5838921442753287 0.6340259988987366 0
0.6121725461450906 0.6018999597319977 0
0.5944723178112704 0.6148291038635312 0
0.6056840254002397 0.6335223475776369 0
0.6103650144664922 0.6180059525163106 0
0.6339144625136939 0.6335746329371966 0
0.6491687593223257 0.6209905542344607 0
0.6303364740760098 0.6120928714332591 0
0.6231005620862843 0.6243369347831499 0
0.6197875259094092 0.6398754163313001 0
0.6025406146679835 0.6463398124455209 0
0.5845503998834943 0.5826652858936705 0
0.5806687013394498 0.6014749842890301 0
0.5965116572478953 0.5949390692951582 0
0.6224372087348684 0.55770842108637 0
0.6058939282930025 0.5738304617435719 0
0.5682277065817818 0.5891021989842765 0
0.5565711067929515 0.6026163455050169 0
0.5362395427753016 0.5998767702742166 0
0.565473802217718 0.558204901336122 0
0.5622955861442555 0.5740595564679603 0
0.5453184382619407 0.5624104467191281 0
0.5414295174921199 0.5756868588488366 0
0.5503375308654561 0.5360640383852056 0
0.5258601800241419 0.5347695713544152 0
0.5533038696241105 0.5502804198177769 0
0.5365273878741802 0.5479296327658661 0
0.5277483034854759 0.610706267770963 0
0.5242138831070823 0.5908499433852901 0
0.5385514328630007 0.5268589227572223 0
0.5164600298613178 0.5144626137538352 0
0.5049207284164309 0.5244897367927832 0
0.523480013576366 0.5014229960806248 0
0.5056754720379939 0.5054136958147043 0
0.5563421289871398 0.52011500201369 0
0.5878452895152475 0.5604265194433381 0
0.5787029436578588 0.5387388850636066 0
0.5649849193725485 0.5324737400724856 0
0.5773793219650571 0.5520676321561235 0
0.6037187747267425 0.540964328650294 0
0.5927096008953666 0.5230045074813323 0
0.6172725201180718 0.5203018689284831 0
0.6056277755181845 0.5274399699327221 0
0.6087144486480233 0.5062711938484191 0
0.6226668208828994 0.5386169007383461 0
0.6371431480755206 0.5244013044446156 0
0.6306789229976866 0.50943552405006 0
0.6734871201959646 0.5443669379919214 0
0.6603089900982376 0.5252936728012771 0
0.6814131484158732 0.5248015145438208 0
0.6828310437675381 0.5115520807048531 0
0.6949920956644564 0.5416905422200456 0
0.7090496166496646 0.5473502453502892 0
0.6919552855457807 0.569521169769344 0
0.6856993118245144 0.5547575347663812 0
0.6604816143731623 0.5720243284597727 0
0.6759652827111229 0.5675895299456389 0
0.6812317479443866 0.5911420147119977 0
0.6940218287793233 0.5993015493449511 0
0.6706438027948022 0.602712672746461 0
0.6633799808310833 0.5880912926342158 0
0.6963400509573321 0.5267034541068669 0
0.6983909756682166 0.5840364707354887 0
0.590620673158008 0.5464857872160297 0
0.6040597773666818 0.5574468051292014 0
0.5766082824043895 0.5701251157085202 0
0.5928563417688101 0.5725324237961996 0
0.6309263356460317 0.5829681371001363 0
0.6468163090085268 0.5876635531470307 0
0.6352343978710473 0.597623728419496 0
0.6206074951995182 0.5723796840022165 0
0.6111530001783992 0.6677449798924564 0
0.5530553616398906 0.6889902011796946 0
0.5483348039544664 0.6714563918791765 0
0.5373489550105368 0.701919919143164 0
0.5420255530984224 0.7185483933987659 0
0.5646925232008868 0.720148243340533 0
0.5213978276634611 0.6972925503649618 0
0.5575130597939794 0.7050774958835793 0
0.5673954122209662 0.7407415659550578 0
0.5992388652370498 0.7260880494804427 0
0.5810444657077894 0.728476078048492 0
0.5939909891143403 0.7566100765008281 0
0.5918811427982508 0.7405351486989079 0
0.6188476486140652 0.7451716979650878 0
0.5879776631973632 0.7107945214873771 0
0.574724861671097 0.758678739791148 0
0.5877753395944982 0.7894718871977651 0
0.5859101045035813 0.7721003520903622 0
0.5638335150801798 0.7832566888820194 0
0.615540350638726 0.7777047671014842 0
0.6015733576859631 0.7704185404776829 0
0.6152455082324277 0.7612401497266746 0
0.6464570597501033 0.7689161732163697 0
0.6328972025357141 0.7567592327792412 0
0.6308275831123363 0.7727084931301533 0
0.639671447206176 0.8256538125891799 0
0.6451254327789055 0.7975315023499993 0
0.6282541477344965 0.7907199974609653 0
0.6305644089264165 0.8092975887446886 0
0.6077706690108442 0.7980117902863978 0
0.6485475069645339 0.7529436815372845 0
0.6687063641264809 0.763705074327538 0
0.6638037226467567 0.7487125103390856 0
0.5878106510839833 0.8170676929470133 0
0.6122788853401593 0.8301923300281745 0
0.6251625993012864 0.8230187625015292 0
0.6116334068937976 0.8138767049947568 0
0.6287375663014699 0.8445957435394434 0
0.7301268782678486 0.8904942010120213 0
0.6816981311608853 0.8625395983570943 0
0.6570069902379615 0.8482870918432923 0
0.6436388753021566 0.8405705936144566 0
0.6109573685189764 0.8483077353397108 0
0.5924175841710405 0.837849355205582 0
0.5990542380448154 0.8254766548667835 0
0.5693964243880965 0.8320512763443543 0
0.5823609996067777 0.8291772554988925 0
0.5937068969440652 0.8032622226660903 0
0.5766342631761616 0.8024347550396643 0
0.6015415090394494 0.7849182616081473 0
0.5644979941218373 0.7688490003810738 0
0.574651234818467 0.8597887272171387 0
0.5784508538314646 0.8447024135421822 0
0.5413870485926503 0.8297116524783313 0
0.5559367560704241 0.8243566300329701 0
0.5456414648594485 0.8124029458779922 0
0.5501944352983618 0.7949942052892325 0
0.5272763945499979 0.8193671487290751 0
0.4744142042033409 0.902692505953885 0
0.5054425361938615 0.8639463465835576 0
0.508030217372579 0.837577274947442 0
0.5254261338541111 0.8366872687247956 0
0.5174794245141866 0.851816060334809 0
0.5432380472011815 0.8556948251791323 0
0.5547194403773867 0.8421053070324055 0
0.5589941606434236 0.8573618038572053 0
0.5433666715321128 0.9297751637184509 0
0.625 1.0 1
0.56106782807711 0.8957022809697076 0
0.5640731971003975 0.8763134174819517 0
0.5376781452389597 0.8821494100864458 0
0.5234223465236157 0.8697504723114892 0
0.5051741504570446 0.8955284074684385 0
0.5207560479502173 0.8872109150676792 0
0.5067624750181097 0.8797497343008202 0
0.4784841735749709 0.8741547932322222 0
0.4908107929210949 0.8861132733252552 0
0.49292816549306706 0.871598432001098 0
0.48763800067168117 0.8488876261491424 0
0.5243048348567135 0.9126133955610958 0
0.5333221403970119 0.8984045293131803 0
0.5372492315419413 0.8682477175965434 0
0.5514883549301368 0.869529759609115 0
0.5520120964675834 0.8843712428942847 0
0.589442143442636 0.8901730839248359 0
0.5809907698177363 0.8754949202733737 0
0.5744896637284161 0.8890102607076434 0
0.5798656508710033 0.9165983450798948 0
0.49587037040342424 0.925199346016557 0
0.5185937952624422 0.9381237539252107 0
0.5286301978866038 0.9269761690215911 0
0.5120128926686219 0.9232560296689656 0
0.5023413039151138 0.9109342658612597 0
0.4867154007025441 0.912446249333586 0
0.375 1.0 1
0.4456776254737974 0.9515682817174258 0
0.4375 1.0 1
0.4689309437401016 0.9348755968374298 0
0.4716725739717114 0.9187840513956509 0
0.44208600767065753 0.922022507334136 0
0.4573410166188887 0.9246216109359191 0
0.4923697502274494 0.9577921936783075 0
0.5012058130917181 0.9422568119443973 0
0.48522230409452743 0.937893153803013 0
0.5017381511685081 0.8502713189298886 0
0.485516281827511 0.8210237854982514 0
0.4929733550178704 0.8344686599977649 0
0.49340895405188356 0.8020668888293723 0
0.4701802410166612 0.8035171517799538 0
0.48826062184078844 0.7840343249846817 0
0.471578598684682 0.7705852124531155 0
0.45864166797935296 0.7734012796533245 0
0.47202676732622184 0.7870999008428881 0
0.4796919141769986 0.758117792986628 0
0.4625053885626375 0.8257110265507178 0
0.4759367222744172 0.836361293810637 0
0.4484788684083202 0.8571946807930823 0
0.46848476761521546 0.8550508709938948 0
0.4569808802825325 0.8421161187085897 0
0.4313085516913017 0.8375770372023285 0
0.44601132907839114 0.8292893089196591 0
0.43425582650760397 0.817802362386144 0
0.39708337937085963 0.8848555445446677 0
0.41961225694856846 0.8651371741145658 0
0.4003908799523612 0.8407178063328681 0
0.40317256570363236 0.8237597994864598 0
0.4153744040414764 0.8344684616187101 0
0.41322128119016194 0.8503931366342814 0
0.39407555059289007 0.8624373558744868 0
0.4059486451472847 0.8722552263705629 0
0.42594229078545004 0.8957410983954315 0
0.4192752748663449 0.8811634803609203 0
0.4423029895761366 0.8794452218581473 0
0.4352386291750238 0.8655020704769741 0
0.42813064946919055 0.8522633544626919 0
0.4472368753366274 0.900759561502253 0
0.4617634748321285 0.8861686926706176 0
0.4599136284628363 0.869484341634237 0
0.43409591647384593 0.9088315762095195 0
0.3999191356753378 0.9210346118435372 0
0.4209015833788996 0.9258390969996867 0
0.4136797627445111 0.9091585124554485 0
0.39645082481311184 0.9031057934341113 0
0.3315016641005578 0.9249700192596884 0
0.3654458764321149 0.9184035474682539 0
0.3722528837901372 0.8931310049321866 0
0.3862083521362527 0.8936147021771562 0
0.3805647835600975 0.9099772702558773 0
0.4009453534788805 0.9647730201014564 0
0.40598270413724646 0.9427735876298285 0
0.3812914313848412 0.9379454971231429 0
0.3915477007592611 0.9510447460712887 0
0.35779241074927365 0.9669092170599373 0
0.3125 1.0 1
0.3795422719096025 0.9693437356434816 0
0.370351099977396 0.9530838650246862 0
0.3632171665111857 0.936405837709275 0
0.36698595043555887 0.9831479342880999 0
0.34375 1.0 1
0.34890497060040376 0.9826626527971009 0
0.3245492472013494 0.9585384740912848 0
0.34002611968995405 0.9672698886366042 0
0.3485528307597183 0.9495319775699826 0
0.3224170262907743 0.9804004188145772 0
0.3351089211562122 0.987995673737031 0
0.328125 1.0 1
0.2794350328043931 0.9651733836147739 0
0.29820781752064573 0.9804597127701342 0
0.28125 1.0 1
0.3102824234733027 0.9681819655251875 0
0.29870712231570673 0.9356820793040926 0
0.30868282653044327 0.9504403869741208 0
0.32358532461428297 0.9408346439648795 0
0.3384511200551612 0.9383451624145989 0
0.34899370192794293 0.9243744779555186 0
0.339161719240531 0.892775687821517 0
0.33974552539952435 0.9099230449324465 0
0.35562306019451123 0.9007988548691387 0
0.3081855834667565 0.902413931227644 0
0.32293605706933526 0.910495347187368 0
0.30795711884935967 0.9203331720806044 0
0.27503151027251627 0.9109523041990211 0
0.29022238023502706 0.9201070598080272 0
0.2686261020067982 0.9387618684445264 0
0.2833325407259311 0.9339590200900473 0
0.28925708191589977 0.950549282292102 0
0.29501943367215117 0.96502993935249 0
0.31032751404469633 0.9865920554935899 0
0.359375 1.0 1
0.28088896817706976 0.9825582138170346 0
0.25671894674612356 0.9758263979674539 0
0.265625 1.0 1
0.2669699659251124 0.985777099019616 0
0.26174409835839524 0.9569958719603353 0
0.1229091547881922 0.9300318768433687 0
0.125 1.0 1
0.1913954767193957 0.9483082728899297 0
0.1875 1.0 1
0.22885269257563254 0.9341660417778003 0
0.2352772365556548 0.9600186465729164 0
0.24910472018691948 0.9637086763488762 0
0.2481627748959567 0.9414541865269348 0
0.2559053559837285 0.9211894201063995 0
0.24235268914038494 0.9276228294679573 0
0.21365497104986308 0.8496762304637849 0
0.21707714941250955 0.8926724226372776 0
0.22662880256453258 0.9123794531650927 0
0.2496055394146026 0.8890747556161976 0
0.23398001815267017 0.8966481725854809 0
0.243152828968421 0.9105178692322639 0
0.2311274614241504 0.8708567146143305 0
0.19427534287466908 0.9158923345221991 0
0.21162277549451491 0.9249180072106015 0
0.20942318082357228 0.9079618447252719 0
0.18956286710138245 0.8884591423240509 0
0.19634592537129078 0.9014152988921295 0
0.1728819343726749 0.905445944991461 0
0.19668621815201395 0.9324424135819604 0
0.21206842293035685 0.9463869458064621 0
0.16968862229694678 0.9322546783531233 0
0.18323190254897967 0.9259516868008489 0
0.2043275433306486 0.975275475140614 0
0.21875 1.0 1
0.2028519694261447 0.9593987094297812 0
0.21894604228710055 0.9659098913571454 0
0.21955950254664222 0.9829590372009254 0
0.2380805169407125 0.9790868636581022 0
0.22644091637668876 0.9484899574998972 0
0.26993809469215413 0.9244215966238039 0
0.234375 1.0 1
0.10385053509279817 0.8209738611960997 0
0.0 0.875 1
0.1430026442544323 0.8594209846424199 0
0.16305624732359614 0.8791134959592649 0
0.17412482598478868 0.8899827701637619 0
0.2637644681703288 0.8562337941850728 0
0.2502923761478196 0.8698981814296152 0
0.239631193693722 0.8459135858278501 0
0.2401921898535917 0.860025974544067 0
0.27456055680855834 0.7976103858014013 0
0.2625468775866199 0.8257037544720133 0
0.2558952107147409 0.8412583340686233 0
0.3077756492137905 0.81183929284197 0
0.3268997655763701 0.8105219753452854 0
0.31784464223979547 0.786750241978949 0
0.31662442315533 0.8008255520159409 0
0.29614727089676235 0.7919597966415138 0
0.31919526932368264 0.838147732429997 0
0.3279453209372842 0.8257007932354113 0
0.3411218424481833 0.8442627938183125 0
0.32399891962671395 0.8632916668871881 0
0.34935710508208195 0.8688915783453403 0
0.3532893865709448 0.8846882491970185 0
0.36151975914834694 0.8917203759066936 0
0.36926562153348347 0.8743221892945914 0
0.3652349317966194 0.8498911944043346 0
0.36165081290422485 0.8630305060950179 0
0.3562701550113981 0.8338312994930113 0
0.37912451468791714 0.8316058484809925 0
0.35955529703709266 0.8164025324925067 0
0.38970994839842454 0.8232735564711884 0
0.3743190509678673 0.8175951956098609 0
0.3828390812868264 0.848845389708028 0
0.37922471873228736 0.8632739547052839 0
0.3382640359749985 0.8589096017203305 0
0.334356052834722 0.8766061960268892 0
0.3137869195720799 0.8819209769839698 0
0.3115120183633095 0.8685603447397159 0
0.32337035866928465 0.8946043876822847 0
0.2913167475294226 0.8867911915346388 0
0.28992401335902174 0.9034213508335054 0
0.2713014052842317 0.877138111105418 0
0.2668548351010328 0.8947414542007557 0
0.2574809310342505 0.9063511799169702 0
0.28569839662972174 0.8728635413552714 0
0.30115473535050163 0.8779101594251034 0
0.2891741530588623 0.8093793944276163 0
0.2955427666687818 0.8327818397450223 0
0.30933595053370067 0.8267946766023281 0
0.2800788840407331 0.8244223137616157 0
0.27390952455902484 0.841347515687354 0
0.2838123116405539 0.8556061663175965 0
0.27039042773026734 0.8124425099827378 0
0.24078501772509237 0.7961165056756736 0
0.2521122746825251 0.8105818499328414 0
0.2577783238218696 0.7944773412725344 0
0.24708854149904275 0.7725606335699615 0
0.22435766012638444 0.820647782752291 0
0.2365871552267559 0.8110713336198768 0
0.21584757741367422 0.7971830855634228 0
0.24022031880001316 0.8283080168657707 0
0.245967686030033 0.8373129789948818 0
0.18366322181100023 0.8221311291922582 0
0.20377164533851752 0.81483828641385 0
0.1823920458732607 0.7872574210734807 0
0.18864175666762928 0.8044896356427719 0
0.19954541098608852 0.7907857244518893 0
0.19618819781249186 0.7636463557202406 0
0.1932803263801379 0.7777833997980219 0
0.21012825356507672 0.777675894138568 0
0.17382113167246535 0.7664132221806312 0
0.15875621042840762 0.8055789888923919 0
0.17387435242255397 0.8098454188675064 0
0.15968974800351346 0.831189855135088 0
0.1996453966297362 0.8348297731482011 0
0.2155249957497901 0.8338784559278246 0
0.17858131166709498 0.844933777448704 0
0.19536080701803699 0.8529060055077815 0
0.17898328527212518 0.8657321071958692 0
0.20812002464659943 0.8717510573013035 0
0.19376030555720516 0.8677315393036824 0
0.1622073265408234 0.8556532902204357 0
0.1545937482001533 0.8676742540570684 0
0.12766902937909372 0.8932219649841304 0
0.14449604481308914 0.8839941186961376 0
0.15740403605873723 0.8964203322567971 0
0.15005563245454956 0.8445425821877559 0
0.13255954645065973 0.8217670799181805 0
0.14471494285284453 0.8305373103752419 0
0.12582479210033704 0.8439100454573868 0
0.11888782291840656 0.8688599305612481 0
0.1305044392918383 0.8784363576881503 0
0.06135784056424641 0.9033599970255498 0
0.09351625817157237 0.8917686126790239 0
0.11089005674364204 0.8855062903450369 0
0.1097907593394887 0.909688023442107 0
0.12847813707591593 0.9120392950124985 0
0.146473558980101 0.9274672903266057 0
0.15756690280705532 0.9139252574515558 0
0.1435204215255908 0.9053027263972947 0
0.13859073542558342 0.9645785686658751 0
0.15423554498623368 0.9485088535560756 0
0.1569033058514234 0.9355723134100689 0
0.13626256443256463 0.9431864409490818 0
0.10958473090578653 0.9569126264072595 0
0.12556025034139254 0.9551739615376034 0
0.0956020809712984 0.9332388729030556 0
0.10846948129634759 0.9249415438508188 0
0.11097521810957889 0.940859128995467 0
0.08834369266295293 0.9128163616021318 0
0.0664351541937948 0.9321040122739278 0
0.08124550444408858 0.9268402486008276 0
0.07285454365154344 0.9137848481736168 0
0.07733776850708848 0.8972888661913602 0
0.07102994688856899 0.8523345195045385 0
0.06039027194437036 0.876747155930502 0
0.0986858890012003 0.8498037567518958 0
0.09575329076763668 0.8707433415138774 0
0.10665241351483047 0.861594620311258 0
0.08555065544036891 0.8586393096325743 0
0.07830200149153714 0.8751012664838026 0
0.16710303294137785 0.9766865343947079 0
0.15625 1.0 1
0.18545152708442328 0.9690228448060596 0
0.1728467494558741 0.9541958825065977 0
0.16001338620645525 0.9628972154611457 0
0.18128924704953436 0.9848543989770561 0
0.171875 1.0 1
0.14802470967953688 0.9819879911812444 0
0.12880524391254344 0.9811420133185158 0
0.0625 1.0 1
0.09375 1.0 1
0.10937499999999889 0.9870342093395319 0
0.109375 1.0 1
0.11542891823875102 0.9720148400068943 0
0.08353541807096879 0.9717927715752994 0
0.09946541331311831 0.9743101385782691 0
0.140625 1.0 1
0.14892971733175556 0.9589937464482212 0
0.12858777023767679 0.8581175597115382 0
0.11798238342643196 0.829429120809751 0
0.10447730145251205 0.8359636917731292 0
0.08056189973140492 0.8294556422911984 0
0.0 0.8125 1
0.03929008088074264 0.8256857694758583 0
0.05933532829478658 0.8340371562721588 0
0.0626382890388091 0.7978769980452094 0
0.05532125101193508 0.8154395707249565 0
0.07337823624133498 0.8126570709382824 0
0.09764372914764562 0.7837324082476039 0
0.08190458912829893 0.7951692620468928 0
0.09043355996096286 0.8101501034659879 0
0.0668421681949739 0.7578923468856689 0
0.06972560701975156 0.7784088218013875 0
0.08664027440391155 0.7655707299294912 0
0.09486338150348672 0.7150049749622116 0
0.08539563378082925 0.7394168171303876 0
0.08021687397866682 0.7527698415899154 0
0.08396387738606861 0.7796063766803648 0
0.031127313220619603 0.7733726660911295 0
0.04961477500530469 0.7821116914981269 0
0.047602606138961244 0.7624437650273314 0
0.026009446454672673 0.7477748104552641 0
0.03380510168753316 0.759526742575615 0
0.029663286443733197 0.800394505740732 0
0.04092817109649376 0.8105844618463846 0
0.04758190126291 0.7970529527518224 0
0.03590869840114631 0.7871822984847746 0
0.03845563852039815 0.8559209163299729 0
0.05430364586575067 0.8501390615470715 0
0.041949957271179394 0.8408882659420612 0
0.0 0.84375 1
0.02059780470865508 0.8367901670369805 0
0.05073083074194799 0.8649565541451657 0
0.027952451198306704 0.8830457519787799 0
0.0 0.9375 1
0.016472541415851846 0.8585411271493782 0
0.021962921694958188 0.8178033402443655 0
0.0 0.828125 1
0.0 0.859375 1
0.015430429957134343 0.8739706973420703 0
0.0 0.90625 1
0.00879182697558249 0.8906250000000001 0
0.0 0.890625 1
0.02827679608713614 0.9118747216216094 0
0.015058446485788973 0.9044370612953455 0
0.009519504289609333 0.9218750000000009 0
0.0 0.921875 1
0.03426206839690259 0.9476617352713758 0
0.018476497316149733 0.9380444033278751 0
0.0 0.96875 1
0.01707303105867834 0.9581116300316079 0
0.03468970853277331 0.9291961973411555 0
0.04981736044081201 0.9387842567497439 0
0.05186072928991887 0.9198579904882813 0
0.05546278486040354 0.96674316340218 0
0.06415402618820949 0.9504388282315023 0
0.07040370217141251 0.9642389587135605 0
0.08644763441238741 0.9515389704761286 0
0.06569214314603408 0.9819515730241795 0
0.078125 1.0 1
0.04801734876682516 0.9536971241977289 0
0.07961935098539771 0.985664131552073 0
0.09321082404508943 0.9863993397123203 0
0.09646120160930628 0.9609210068910694 0
0.043972345782953115 0.9043345080753824 0
0.030995393072539016 0.8974278262474741 0
0.05191018252124239 0.8903794779068009 0
0.0 0.953125 1
0.021587038765813908 0.9843749999999999 0
0.03125 1.0 1
0.035396089427898576 0.9695477287652571 0
0.046875000000000194 0.9879299739510963 0
0.046875 1.0 1
0.015625 1.0 1
0.013977769695026001 0.9721632337646259 0
0.04257579099804015 0.8780736773117797 0
0.026504117845825993 0.8491770284404022 0
0.0 0.78125 1
0.01770026433736077 0.7857541461494584 0
0.0 0.796875 1
0.014199576877525107 0.8039619682252391 0
0.0 0.765625 1
0.01685447428760373 0.762309363537018 0
0.05317123914927321 0.7256101194222001 0
0.05351586101142715 0.7444999855305034 0
0.06831148105123011 0.7347819813908176 0
0.08054473682213749 0.7234935939484798 0
0.06325988007264126 0.6780167217162761 0
0.07585044513508742 0.6992545494192519 0
0.03847551942468913 0.7353263010062109 0
0.0 0.6875 1
0.02836845556048725 0.7040676469187808 0
0.016033955209619727 0.7253191594943887 0
0.0 0.71875 1
0.0 0.734375 1
0.013650455441156796 0.7398215190326951 0
0.037771974406655105 0.718290464410744 0
0.05420928657143544 0.7035677528261295 0
0.06613295969886475 0.7151749035756015 0
0.04091478419566312 0.6844801727023567 0
0.020395294017015883 0.6851487370536463 0
0.029473096621997527 0.6485384297617806 0
0.0 0.65625 1
0.0 0.671875 1
0.017789529184017504 0.6640625000000003 0
0.03660081289858148 0.6660614377127524 0
0.06178397093483678 0.645606703005201 0
0.046075299026624224 0.6519964139930036 0
0.05241774646573385 0.6664924307901303 0
0.043447123894106994 0.6230310146124809 0
0.04034718009997879 0.6379142213802776 0
0.021826742345124717 0.6262922593669028 0
0.0 0.640625 1
0.013701282654732107 0.6484374999999998 0
0.02304168026877912 0.5610500275228583 0
0.0 0.5625 1
0.012801791885999652 0.5937499999999999 0
0.0 0.59375 1
0.02990196230540967 0.6065301819836586 0
0.03447345214713347 0.5825831289831955 0
0.02635670572457037 0.5934435179240121 0
0.011747043775466955 0.6115650887021772 0
0.0 0.609375 1
0.018122236582109284 0.5774627998322872 0
0.0 0.578125 1
0.0 0.53125 1
0.0 0.546875 1
0.04118532899229613 0.6984653397077004 0
0.054404247101196096 0.6892583612921902 0
0.11650154932318002 0.6695338901970599 0
0.09028987133863679 0.6763433379266329 0
0.09509344316165752 0.695376427537196 0
0.1058873121552249 0.6825295628844664 0
0.12016789283459144 0.7054859413164942 0
0.10566124398951011 0.705315912245286 0
0.11795768110349232 0.7380036139452295 0
0.11272805252212151 0.721314208550845 0
0.1014724585571668 0.7340052065015104 0
0.10511195055137083 0.7549828277030849 0
0.12941381112441772 0.7252497779805497 0
0.1461118765645299 0.7517709621287327 0
0.141646516368131 0.73606516181712 0
0.1722467180204626 0.7358528122495667 0
0.1569167755680696 0.7316587203046302 0
0.17229439728729262 0.7055650423335735 0
0.16105819099302374 0.7165213172697126 0
0.14652844798005293 0.6903805588689249 0
0.15023952353978712 0.7054262343111178 0
0.1351951713271274 0.7011564700124471 0
0.12911499492705036 0.6834141158832593 0
0.1486627619494729 0.6597988668783215 0
0.13327671420632833 0.6669609642946914 0
0.146381111382409 0.6750049526641675 0
0.16854103979886492 0.6824811143927303 0
0.13264021473706963 0.6454859333702379 0
0.14793806298545162 0.644485477844505 0
0.16641492194739638 0.6512849116841827 0
0.1614131546060404 0.6363724408102879 0
0.16312048753889183 0.6671799897074476 0
0.16132986595275536 0.6955007280794856 0
0.12592555930329538 0.757380627966326 0
0.14331147211327117 0.7808186861278076 0
0.13912571802630866 0.7657562987373373 0
0.1564170171160155 0.7690639350677131 0
0.16078461695581617 0.7871165944835952 0
0.17163846448873174 0.7794949459457604 0
0.1715304911299284 0.7960616090826713 0
0.13038994425455336 0.7442181482911161 0
0.1010293256145283 0.7692670851251282 0
0.1204239873707211 0.7814352486058137 0
0.11554958565613764 0.7676639690439679 0
0.11085747548351202 0.800668105424484 0
0.11911464673132088 0.8138856003387445 0
0.1358500967719137 0.800745310866716 0
0.13205188073297738 0.7879628569104459 0
0.14523093088921854 0.8129821189975368 0
0.09710245376718846 0.7977774598707358 0
0.18687062014231787 0.6913479001360276 0
0.1864494616404548 0.6741319109234297 0
0.19798105153009896 0.6652422679814173 0
0.19600678150475437 0.7152955699152207 0
0.18625631876460405 0.705298840905604 0
0.20270186715590516 0.6952040361781545 0
0.2149956824495444 0.7213701738971031 0
0.19874227048725915 0.7394610393725441 0
0.22376919320420727 0.7434358044432963 0
0.2122413784124035 0.7352423443130919 0
0.2094498107147946 0.7528193200043793 0
0.2384275336791838 0.7555972797871002 0
0.1867301720688823 0.7285832269378556 0
0.18379854560456432 0.7501104368808597 0
0.11717923680740566 0.6914251257107656 0
0.18460628042466204 0.7618092907755759 0
0.07720337264113825 0.6841014954743266 0
0.2040380362716015 0.8858767933715201 0
0.21992580988566549 0.8790747148155418 0
0.21929401496136658 0.8628214575474829 0
0.17364333393919304 0.8318656616376146 0
0.2277846828245383 0.7842202428775729 0
0.2779101049671005 0.7663478133389106 0
0.2689410670157476 0.7811975743725754 0
0.28487452836557803 0.7806876871963011 0
0.305377369387831 0.7618689684130043 0
0.3042670713328422 0.777989434314791 0
0.31881182460819424 0.7707014871296235 0
0.32323785681275863 0.7403299840636245 0
0.3193367639532692 0.7552697325563771 0
0.3225671912756409 0.7245868768310234 0
0.3034258247465661 0.7355640872756616 0
0.2857221415417379 0.7468565036864488 0
0.29102136358607195 0.7602915808979102 0
0.2995895997651022 0.7490735272734376 0
0.27456258266905725 0.7364704065468187 0
0.2676469218384053 0.7523714853526285 0
0.25267173968188034 0.7506737754608536 0
0.24053171950045316 0.7386181754940048 0
0.2618909431909538 0.7670719943837797 0
0.3428699538290421 0.7481553962855885 0
0.33806006051064635 0.7317697884800634 0
0.3590050664784545 0.7478568500507733 0
0.36767670229421934 0.7370021618677878 0
0.3523261024451951 0.7348742136611303 0
0.3333946427076645 0.7834505311370552 0
0.296875 1.0 1
0.3948485199903375 0.9341640708171535 0
0.42335810890532205 0.9583285785348806 0
0.43043123400261285 0.9414561708972595 0
0.4103701200750217 0.9553546357220587 0
0.40625 1.0 1
0.3938312661222332 0.9838571827071296 0
0.3803124532534293 0.9871420618708796 0
0.390625 1.0 1
0.41753907859950157 0.980287147315417 0
0.421875 1.0 1
0.4404745441262817 0.9746147485101376 0
0.43653716394839304 0.9616152568472923 0
0.4312193893819725 0.9863971642533211 0
0.46875 1.0 1
0.453125 1.0 1
0.4671771987880015 0.968532698691854 0
0.4741799061641306 0.9520233419745304 0
0.4600055755712566 0.9469849036522177 0
0.4609374999999979 0.9846175284169982 0
0.45237189552019125 0.9651901821156723 0
0.40998507399933093 0.8938633178239901 0
0.45239157109073636 0.8188952269606001 0
0.4726737679292696 0.8168033928241973 0
0.4573496253863899 0.7982396116723707 0
0.8372268019359466 0.8682537541818406 0
0.8562805269015308 0.8166376168588529 0
0.8660395759128323 0.7902005598099525 0
0.8714255760380211 0.7756099995606907 0
0.6617165981144233 0.7839649310605022 0
0.6751155983705774 0.817279490119515 0
0.6590517842233378 0.8284852094745662 0
0.6779913346187089 0.8404474733753966 0
0.6582592195925072 0.8102321424416424 0
0.6729388357774165 0.7988031812196488 0
0.7272814460842493 0.8017672571041393 0
0.6998530478198158 0.8049986986034078 0
0.6852878429527038 0.8067146795002571 0
0.6949690106216214 0.826215653481085 0
0.6901718801508928 0.7854977246225845 0
0.676324657749974 0.7776691119532764 0
0.6939086436123698 0.7627273852899457 0
0.7116365492577699 0.7869952619386323 0
0.7366261879834183 0.7761996314996452 0
0.7264537201200432 0.7869732073375851 0
0.7016408496518975 0.7756880749810074 0
0.7194208408447407 0.7562939065356158 0
0.7190236213694426 0.7725307185845673 0
0.71327796291519 0.8009275418584807 0
0.7189049419357164 0.8242735813341525 0
0.7063214516740168 0.8176583108523247 0
0.6443245969014589 0.8123494877764671 0
0.6473267717162545 0.7832952941378154 0
0.7091050866266371 0.851966456991325 0
0.7078035814836419 0.8359254784123641 0
0.6939495811922989 0.8451228292228449 0
0.7822399607510558 0.8350339267077728 0
0.751596073745544 0.8236287481452705 0
0.7351232152218001 0.8174978061774919 0
0.7941304010711532 0.7876369472588494 0
0.7883308747251566 0.7625770619247552 0
0.7665175223223147 0.761637475387271 0
0.776719596320297 0.7784652469307758 0
0.7565687422648464 0.7791755251559738 0
0.749622431071841 0.8004500056971067 0
0.7463986698342617 0.8123979030780178 0
0.7644534791508122 0.8108605572874928 0
0.7677657300992391 0.8270536688503667 0
0.7521916338151364 0.8606993677260573 0
0.7663114476472435 0.84680786184467 0
0.7479123106843766 0.8422280236343813 0
0.7326751412959616 0.8344358278902081 0
0.7926463295568369 0.8876972494932871 0
0.7891400300758777 0.8610302805395101 0
0.7805421100275266 0.8493984785494932 0
0.7778577842704955 0.7974160772132954 0
0.7833875070165188 0.8158360779309873 0
0.8197086225270301 0.8276403843999212 0
0.8000125045706246 0.8264630542277803 0
0.8085989860323289 0.8481572512741934 0
0.7958958493132119 0.8406387579002548 0
0.811183960857275 0.8049119745700096 0
0.7977815197276333 0.8116355565007933 0
0.7451740632520073 0.7872263160574903 0
0.7482836189342369 0.7663880435432718 0
0.7777666488954974 0.7541569731358623 0
0.8341232251390056 0.8092710902660355 0
0.8281401273976385 0.7782193777524185 0
0.8079012065048935 0.7712489900578762 0
0.8111126719985985 0.7879273700949073 0
0.8262473918080439 0.7946863463974624 0
0.8462410078605135 0.79330856179534 0
0.8535274463245706 0.7769092080165827 0
0.8577752593485886 0.8021696167486787 0
0.8852786200290702 0.8123222840580472 0
0.82193680056542 0.7633634651021838 0
0.8033638946234757 0.7550699568952084 0
0.8096381400088467 0.7444239426228062 0
0.8201184579548144 0.7269469145363383 0
0.825132778985917 0.7129363621985992 0
0.8100819551624412 0.7140700271448047 0
0.8213274147965999 0.8140703681202998 0
0.8399677723756712 0.8286976774272863 0
0.8102634173555946 0.8718168743687376 0
0.8222976556445337 0.8590819203815739 0
0.839075275031227 0.8485088371539111 0
0.8239576081727262 0.8431178685284322 0
0.8877137849395365 0.8630212444315195 0
1.0 0.875 1
0.8619491587233844 0.8606092201974781 0
0.859850205883786 0.8385286186530128 0
0.8480023436520839 0.8593035518886343 0
0.8761133319760309 0.8481227299672085 0
0.8763657165483786 0.8291139153670783 0
0.9032270353385822 0.838976642298592 0
0.892427874698175 0.8268783434166403 0
0.9220017716944411 0.8113490600792427 0
0.9036533283551305 0.812331207070149 0
0.9135756479814509 0.8258160792296301 0
0.9606820531753684 0.8435652294316703 0
1.0 0.8125 1
0.938625453989899 0.8307186553383737 0
0.9120237323025907 0.7968232327773369 0
0.8953737203111565 0.7872085504807653 0
0.8944712650043756 0.8014316429583016 0
0.9385855151455382 0.7892674461919265 0
0.9240327183784017 0.7885740547009252 0
0.9323388942811998 0.7673079340980675 0
0.8912685047593168 0.8482879311408256 0
0.910568288678169 0.8607398893360739 0
0.8709262204668129 0.8154653862529007 0
0.9375832648282514 0.8578660615544241 0
0.9229332165649617 0.8438232840331158 0
0.9453275790419304 0.8445696579111689 0
0.875 1.0 1
0.9063228737800851 0.9338278583146455 0
0.9026413694685141 0.8969467282263771 0
0.8721833592271376 0.8901016941442066 0
0.8737820385238174 0.873025010611393 0
0.8543068071744334 0.8798149589410916 0
0.8897476847525257 0.8831328512666978 0
0.9078888872585029 0.8791244331711545 0
0.9451276563213352 0.8997725272572488 0
0.9242003623071093 0.8936107872963984 0
0.9163490747926327 0.91420272438257 0
0.931301711854894 0.9081111244958037 0
0.9337233062462164 0.9354526599363144 0
0.9203791725232875 0.9286353323446894 0
0.9398462712042209 0.8790909927048386 0
0.9238602092649074 0.8720646039851675 0
0.9702827755402451 0.8823336219648531 0
0.9565707062994558 0.8665747234424717 0
0.980447063062373 0.8596445186287062 0
1.0 0.84375 1
0.9701130316748006 0.86863632435178 0
0.9544613520238016 0.8863738942415348 0
0.8125 1.0 1
0.8319221032948354 0.9393922037328548 0
0.8480058747543007 0.9114414135140307 0
0.8335275956472225 0.8921160147118212 0
0.8410122950237049 0.8810584556406919 0
0.8564934450001076 0.8966914964310726 0
0.8741008163964542 0.9166403036841245 0
0.8128210999776624 0.892366323928815 0
0.9803602651384431 0.8395637791957364 0
1.0 0.828125 1
0.9644545160960047 0.8117301490130446 0
0.9678177483330428 0.828269751641896 0
0.9838734090060038 0.8203125000000034 0
1.0 0.78125 1
0.9526551037532954 0.822741239252395 0
0.9473825972395259 0.8052636240300631 0
0.9333193577153214 0.8025806264270564 0
0.967203971495593 0.7692584010694818 0
0.9592335377142177 0.7883291489081491 0
0.9588748659617135 0.8006920960794401 0
0.9818245665599553 0.7960204618481205 0
0.9736066345555268 0.7831352884929429 0
0.9774336179661692 0.8086232247951355 0
0.9495040967435053 0.7730618669774906 0
0.9545175101004157 0.753306419473533 0
0.9397508278105806 0.7544821588652681 0
0.9770242720582797 0.7484277054118081 0
0.9870312346705855 0.7658754891491946 0
1.0 0.765625 1
1.0 0.71875 1
0.9740134431548072 0.7102459086026056 0
0.9863440225492256 0.6981158394166939 0
1.0 0.703125 1
0.9696462132330949 0.6958606065738351 0
1.0 0.734375 1
1.0 0.796875 1
1.0 0.859375 1
0.9173510010647941 0.7646812269924128 0
0.8027484422379344 0.8604571884071518 0
0.7959892529448123 0.8736937091657958 0
0.7631115187332199 0.7930830582487891 0
0.6810961416224766 0.7577678610375681 0
0.6994499563766671 0.7444551432511792 0
0.7140617141015532 0.7363315855152105 0
0.6707326714402452 0.8530224317013593 0
0.6516442789004104 0.8860912950438548 0
0.6643906272578635 0.871405246710916 0
0.6898700971123212 0.9063938898858871 0
0.6823349567465367 0.8851094724787407 0
0.667524768798262 0.9023286060998333 0
0.6875 1.0 1
0.6698992941108681 0.9527212915661577 0
0.6745331650711279 0.927250654478711 0
0.6265962634162292 0.9272846703838171 0
0.6505709447833101 0.9360480480952866 0
0.6577347801894444 0.9185281243094997 0
0.6420003260251594 0.9223189566536718 0
0.6459010365732056 0.9039598810708808 0
0.6221184224283055 0.8864585009811146 0
0.6237753011790821 0.8652658061252771 0
0.6417078758798309 0.8593536269084019 0
0.6373207802376009 0.8761991292635012 0
0.6366581089925943 0.8916103098383195 0
0.6230159335900214 0.9070187123362125 0
0.60681593749557 0.8974261926920846 0
0.5928822204607238 0.9063676519952251 0
0.6012844015628693 0.9304536699629818 0
0.6127402036764886 0.9192833390731976 0
0.6063947090271906 0.8806793693474232 0
0.6182731888107774 0.9634771459378721 0
0.6158170395750764 0.9438590587175122 0
0.6357500354875762 0.9513262798235081 0
0.636537940479219 0.9372628467015339 0
0.6414010461913611 0.9780983389610247 0
0.65625 1.0 1
0.6329237600739399 0.9659052797737128 0
0.622808890203599 0.9815226585040085 0
0.5626298171306948 0.9870557654046728 0
0.5625 1.0 1
0.59375 1.0 1
0.53125 0.9932138269311709 0
0.53125 1.0 1
0.5468750000000013 0.9966069134655818 0
0.546875 1.0 1
0.5546875000000028 0.9983034567327764 0
0.5546875 1.0 1
0.55859375 1.0 1
0.5507812499999959 0.9991517283663487 0
0.55078125 1.0 1
0.552734375 1.0 1
0.5488281250000082 0.9995758641830914 0
0.548828125 1.0 1
0.5498046875 1.0 1
0.5478515625 0.999787932091481 0
0.5478515625 1.0 1
0.54833984375 1.0 1
0.54736328125 1.0 1
0.5471191406248691 0.9987697102320778 0
0.5390625 1.0 1
0.5429687500000028 0.9985854689357603 0
0.54296875 1.0 1
0.545029878023571 0.9989944824028966 0
0.544921875 1.0 1
0.5410156250000073 0.9992927344678594 0
0.541015625 1.0 1
0.5419921875 1.0 1
0.5400390624999828 0.9996463672338728 0
0.5400390625 1.0 1
0.54052734375 1.0 1
0.53955078125 1.0 1
0.5393066406250197 0.9991489854037388 0
0.5351562500000071 0.9984188407975029 0
0.53515625 1.0 1
0.5371928831036208 0.9990031138300224 0
0.537109375 1.0 1
0.5405255136425242 0.9948888585499714 0
0.537091652876269 0.9955142383521839 0
0.5372376938715248 0.9865760453278658 0
0.5592654660051979 0.993108095189059 0
0.5500038815145034 0.9839985454244915 0
0.515625 0.9966069134655818 0
0.515625 1.0 1
0.5234375 1.0 1
0.5078125 1.0 1
0.50390625 0.9803153636998484 0
0.5215169862691419 0.9784145123717772 0
0.5392266736641943 0.9635235373472714 0
0.5612912535843145 0.9649834888336839 0
0.5142963952960589 0.9586869620604778 0
0.5029932572844675 0.9665668874924832 0
0.525883501080167 0.9656311002860647 0
0.484375 0.9866694512453925 0
0.484375 1.0 1
0.5999574637144431 0.9776735404343307 0
0.5931486131590565 0.9538536236075618 0
0.6071505268318754 0.9549068868693048 0
0.609375 1.0 1
0.610221724556399 0.9864934047621634 0
0.5809907921505997 0.9702120026447101 0
0.5858214802055318 0.9857694544336217 0
0.578125 1.0 1
0.5819571750019209 0.9368482217770752 0
0.5749251016235984 0.9533404236609224 0
0.5618026501345744 0.9379998746521251 0
0.546601025173075 0.9473000488033122 0
0.5303130314472113 0.9496841186131113 0
0.5597117991186668 0.9179117882465787 0
0.5691426463848911 0.9073414496484947 0
0.5433067739049688 0.9125009510335875 0
0.483006281282406 0.9707452042455512 0
0.652783867494777 0.9530224853171666 0
0.6550266034088787 0.8616577976516717 0
0.665140092253991 0.9386986119248594 0
0.7256785488118587 0.949712368465746 0
0.7029253992870567 0.9320614058952347 0
0.6865375187587386 0.9425914440108502 0
0.7048490003070645 0.9530723373595129 0
0.71875 1.0 1
0.7189767200785128 0.9744101192164017 0
0.7167401787551919 0.9605450664584656 0
0.693873083669556 0.9756853426841572 0
0.6890788771552976 0.959388075528576 0
0.6808855667386777 0.9520371654328287 0
0.703125 1.0 1
0.7069122436088285 0.9846413825937494 0
0.6718750000000006 0.9829120022189582 0
0.6616152532316221 0.9684234075429421 0
0.6768601796367111 0.9685049755159739 0
0.671875 1.0 1
0.6852092272181793 0.9864070194271602 0
0.6560635656651231 0.9841418996808691 0
0.734375 1.0 1
0.7421874999999998 0.9778711914211354 0
0.7291546590197886 0.9857134840555811 0
0.7812499999999989 0.9765238021815068 0
0.78125 1.0 1
0.796875 1.0 1
0.8046874999999954 0.9778624051039049 0
0.7949725089515375 0.942109435707415 0
0.7970093164991132 0.9147665435567172 0
0.8003475537917722 0.9003422348592486 0
0.7938588484540025 0.9616084353542009 0
0.8171615143246763 0.9578179253255478 0
0.8043246345263958 0.9524248729056685 0
0.7652275644125235 0.9501918936070509 0
0.7776365129990648 0.9606819173532171 0
0.759846594918539 0.9691416577082553 0
0.756779356274487 0.9851630790510255 0
0.765625 1.0 1
0.7453942901847002 0.9547989141504867 0
0.7478224970247046 0.9202576289962766 0
0.7394655419323626 0.9370261385111462 0
0.7566762998096932 0.9351368069537541 0
0.7722259193124555 0.9158102591092631 0
0.7830572866858199 0.9022049471180722 0
0.7675323180319987 0.8815206790466684 0
0.7705260165139473 0.8640375109251118 0
0.7809964593412204 0.8748282924682195 0
0.7233701885759571 0.9185379747418615 0
0.7240952549948085 0.9341569460469071 0
0.7364780687980473 0.906860260669671 0
0.7502877732343292 0.8920857313062845 0
0.7658968022824335 0.8996574131752128 0
0.7529313354850404 0.906510880038538 0
0.7525817214240038 0.876473954772648 0
0.7059257692426603 0.9143813981093977 0
0.7179962984371335 0.9024073796669744 0
0.7071918422236225 0.8792731916425313 0
0.6927279523799771 0.8735223051570211 0
0.6970382967685604 0.8918801840598191 0
0.7851373444572903 0.9276294932358303 0
0.7721976457932428 0.9362768032965683 0
0.7815875860536048 0.9469927866575433 0
0.732489487338997 0.9647642826779643 0
0.8520880556649576 0.970671979274152 0
0.84375 1.0 1
0.8281249999999981 0.9820384984736034 0
0.8438126471190892 0.9841685316865414 0
0.859375 1.0 1
0.8671875000000007 0.982489598049015 0
0.8789614813958048 0.9518907735358626 0
0.8683962306289907 0.9653900595492733 0
0.8957523554380782 0.9759162973929866 0
0.9375 1.0 1
0.90625 1.0 1
0.883683651528957 0.9664706953734754 0
0.9022530863349882 0.9551773437761032 0
0.8557221027810854 0.9445865176431641 0
0.8922066406453811 0.9421995720778501 0
0.8762607546204592 0.9343028231056975 0
0.8911252309632443 0.9235217273394567 0
0.8881269621951153 0.906439713961221 0
0.901531117935731 0.9128911277594528 0
0.9248763164710798 0.9736570312218664 0
0.9098616078424625 0.9689505941424865 0
0.913057913693824 0.9850571329674459 0
0.921875 1.0 1
0.9230711315195465 0.9531124696154285 0
0.9554768707208857 0.9606166696250887 0
1.0 0.9375 1
0.9404974542941809 0.9515812743416655 0
0.9406537981538592 0.9682566601659703 0
0.96875 1.0 1
0.9571141856799323 0.9819932021581005 0
0.9618420886329851 0.933129450287386 0
0.9475520514005554 0.9194237970320138 0
0.9481614637591443 0.9388754230011538 0
0.9716010555663042 0.9086518830961977 0
1.0 0.90625 1
0.9569989366098691 0.9082831413820212 0
1.0 0.96875 1
0.9799802505270241 0.9799802505270254 0
0.9676185597574257 0.9704376591748713 0
0.9411948599640353 0.9843387559918759 0
0.9275951717980443 0.9873092547281437 0
0.953125 1.0 1
0.8830168320788325 0.985925156505639 0
0.984375 1.0 1
1.0 0.984375 1
0.8408069676638467 0.9558045096362531 0
0.8372095514311196 0.9702477924738329 0
0.8466050107815809 0.9292382632356704 0
0.862238316837805 0.927054289625951 0
0.817801508635305 0.9721198380140881 0
0.8152229071101829 0.9865917302575843 0
0.828125 1.0 1
0.8285595457414423 0.9518236176339209 0
0.7924659450878964 0.9859966778246416 0
0.6899396883762587 0.9225124192890357 0
0.6771113805790734 0.91307917838471 0
0.6798618252943764 0.8979610234396818 0
0.6670320289192355 0.8869261072914554 0
0.5852692013715228 0.698900191074503 0
0.4321460919614196 0.6650742712645421 0
0.4176591013555878 0.6638230816918821 0
0.4252675832215515 0.6802625903968736 0
0.45170123232880777 0.6705840503732382 0
0.4621757613271959 0.6819039866483202 0
0.4673851836167276 0.666577522070649 0
0.4434627926572299 0.6528224276262147 0
0.4278623505937073 0.6452050682554935 0
0.4163193692626487 0.6368472670587029 0
0.5309555101231881 0.733282494475152 0
0.5185128101840178 0.7973050441322274 0
0.4610448406854031 0.7520538994666535 0
0.3775898551700995 0.6969170321118239 0
0.3126293857357022 0.6258508096742234 0
0.30519205312277403 0.5906165806688483 0
0.28784182742941133 0.6281041614384026 0
0.2387667805054349 0.41720960488263137 0
0.20268809888749956 0.43565987590151645 0
0.19231811897701614 0.4540097297177006 0
0.2211338500993254 0.45818914958681406 0
0.20753734021140624 0.45050540802664574 0
0.1809707953423007 0.43549196217888686 0
0.16396844320096154 0.4464206302794264 0
0.11278714114084956 0.48648813975509525 0
0.1395885612051722 0.5132389985234744 0
0.1522840751236352 0.4867875099836788 0
0.16683507509949955 0.49161836901218753 0
0.15459147092767392 0.5041673347397174 0
0.15609697756494917 0.5235990703442537 0
0.16515633553628037 0.5323989458151925 0
0.1359166799060035 0.5374228458041037 0
0.15178917179441181 0.46476977275986964 0
0.13261460727084518 0.4762151994237687 0
0.16314379063040188 0.4755289802028957 0
0.1346786559303018 0.44019606540669826 0
0.14809278791094233 0.44909971604048776 0
0.13243291477405342 0.45813608130976985 0
0.0 0.375 1
0.07942801206390238 0.44239032863056404 0
0.10723514970251653 0.4458712415667553 0
0.12192394586125982 0.4477099932293879 0
0.11727726626908734 0.4252399981614276 0
0.11218969020197649 0.4658819017477462 0
0.09129025873959386 0.46043780766796366 0
0.09305288715026855 0.4463571191475025 0
0.09285006031823732 0.42167146120981597 0
0.04473389714885813 0.4781162239692462 0
0.0 0.4375 1
0.06604869962736709 0.46410643100482474 0
0.0778123079168437 0.45637444677385147 0
0.19221895009637704 0.3851991282215794 0
0.18117459522919616 0.4091332826327485 0
0.19193134705834794 0.4223965792671324 0
0.21479979342474506 0.4148434926341236 0
0.1751142808390441 0.42226655317127215 0
0.22494210877036885 0.43467633768279135 0
0.25614645395763974 0.4517951662876591 0
0.24452810906128175 0.43597399725294816 0
0.2338828076612359 0.4481892290478498 0
0.2415892527504538 0.471141042049947 0
0.297049120894695 0.4095815375685611 0
0.26855385195321796 0.4183305875467927 0
0.26235015295542946 0.4350628769172263 0
0.2894445614351811 0.4355922641469031 0
0.27598965518989477 0.4306036946486547 0
0.25349126610743855 0.422262144325641 0
0.2545049550454308 0.3953261124072625 0
0.22899892839819808 0.3935837210200829 0
0.22757525743344492 0.40800446696774656 0
0.2555714101777579 0.19215838719603281 0
0.25 0.0 1
0.24863421534451877 0.2937086345029966 0
0.24513793818434196 0.3448889485643166 0
0.24333286335392504 0.3713125678863709 0
0.24230235840123665 0.3863976325720514 0
0.2511440585302858 0.4840114653632041 0
0.26075602366975403 0.46900744235381864 0
0.23208265958726332 0.4881804743079853 0
0.22577429025519455 0.4734892639674311 0
0.2098233296774586 0.4699733350585179 0
0.233172594640652 0.5060185336040655 0
0.24664614476118946 0.5171562516899026 0
0.23217625637119077 0.5209423151933192 0
0.24377644354126607 0.45763696837616197 0
0.22624278649715943 0.42150142330846835 0
0.21349911569795438 0.42801840700844673 0
0.1178237569581958 0.3361108485418461 0
0.1113189612770003 0.3806372149287784 0
0.1079368388771706 0.40378838346979445 0
0.1398714515129108 0.4026427703028874 0
0.12358256749910707 0.3942514173876769 0
0.12538684897112892 0.4107543034961077 0
0.1411750029698815 0.4219586951451838 0
0.1503784647700792 0.3622418007828995 0
0.13215024804447453 0.37420309400254964 0
0.15172102313892327 0.38415771324664755 0
0.17229863699849302 0.37189805993818204 0
0.1588487067082115 0.3727219962676171 0
0.1374304951565223 0.38803750685112687 0
0.13116590948758486 0.35283308474907876 0
0.10823163169893822 0.3574478696682235 0
0.11877687003936625 0.367844111555327 0
0.11851251087450598 0.3492450757119156 0
0.1617127187813974 0.31477697251972575 0
0.1421645999192802 0.3303738089887739 0
0.1462715323446796 0.34630780488583707 0
0.13135152701307237 0.3390012237817559 0
0.1489485366843415 0.4344294768708212 0
0.11722552244770959 0.27906807261340894 0
0.12393206155589488 0.30752226292089924 0
0.14282239016864637 0.3111496177203126 0
0.16034078547903483 0.2709199894425253 0
0.1561004457364752 0.29300258560312653 0
0.202372435162214 0.29268660555495857 0
0.1791896170277079 0.28598779280491105 0
0.17106612201990865 0.3007556996726223 0
0.19437857047056203 0.32643752306770146 0
0.17950599408614748 0.31651622664647655 0
0.16846073079994137 0.3376279114808731 0
0.1953659915185457 0.3088492651379779 0
0.2256798957149863 0.31937296205292703 0
0.21302483042846562 0.30690433467230877 0
0.20997339835342269 0.3226578526187819 0
0.20990285407927348 0.35642856321664645 0
0.2217067324904965 0.3395677915812695 0
0.2311481945225674 0.30116643902775314 0
0.22612284231201243 0.26515539867968607 0
0.23351197517237682 0.2824804077522079 0
0.2618022920332418 0.2601763200472759 0
0.24463681210963628 0.2674974135737776 0
0.25953151957732634 0.2786362886603574 0
0.379511233159361 0.2840254204939272 0
0.3197306484613295 0.2766717728265849 0
0.2907747843290053 0.31270071306760255 0
0.2716548965510126 0.2988770365019758 0
0.2894775850240029 0.2729503242910834 0
0.27359375527471613 0.2709964443119168 0
0.27987898065740685 0.2854412401156689 0
0.3019144063608292 0.29244082626634343 0
0.2845851124583658 0.2471833137838716 0
0.239703580967019 0.2321465011839851 0
0.2373831314089823 0.25048999385039983 0
0.25435841567819495 0.2433188505905389 0
0.26214402455535984 0.21790883281118223 0
0.25355511239014517 0.2291749580951087 0
0.27151758286263683 0.2339619264850297 0
0.20467818072809135 0.23703430700172742 0
0.21920854611577417 0.24819091105422422 0
0.22156216176134758 0.23008508238954 0
0.18359712627127103 0.1618298889700464 0
0.19856311497563117 0.19819156721904055 0
0.2062563193487807 0.21688313699409315 0
0.19586237981019225 0.26355648823821254 0
0.21115057190519837 0.2613664275514021 0
0.20554406715823104 0.2766853044764613 0
0.21789811571002624 0.2874489878596899 0
0.23067569224476428 0.20404571181229098 0
0.24514237857029467 0.21385436445305767 0
0.23120076999311137 0.2188439935099349 0
0.21434478681037075 0.2026250343549754 0
0.22607211323260068 0.16239108812534458 0
0.21214300442355052 0.1801571580320112 0
0.1632550994663248 0.22365287796726763 0
0.18556364148048188 0.22539997114897733 0
0.19206337822805702 0.21179576918400905 0
0.16681551562438296 0.1913781875041884 0
0.1818761751786221 0.19857378211528504 0
0.1898108014387454 0.18053316318267246 0
0.16818857620679042 0.20786338885864636 0
0.1253192486294308 0.20313421425149983 0
0.1462918674575173 0.20968717657113042 0
0.1425477204205495 0.18483254575709374 0
0.1383805052774867 0.19816963065200813 0
0.12484735457727403 0.24148219637947443 0
0.1431981462619231 0.23072983887007212 0
0.1320763510178237 0.21834594448877398 0
0.10325995555071947 0.22203965644723056 0
0.11711594699977435 0.2158847778467315 0
0.09989544405115007 0.1957915095923504 0
0.0 0.125 1
0.14447109091395666 0.253937950732893 0
0.15828981143737023 0.24154104010737554 0
0.17342584177415818 0.1755928359094139 0
0.14774044071380915 0.14597051797184926 0
0.1638954305438869 0.15790960328065573 0
0.18251120944036997 0.11582091449379803 0
0.16849707405251269 0.1347836916925816 0
0.17604710016189162 0.14830679033131372 0
0.2051142336287322 0.14094759894067943 0
0.1915643632941819 0.1485125718464857 0
0.20235400616488505 0.16400950270748413 0
0.19075101146056833 0.1311384564209954 0
0.2180579138713014 0.10657418981415868 0
0.20141128373342812 0.11552895143919455 0
0.21783771498546553 0.12611501773030093 0
0.30978999915514777 0.11737954184324473 0
0.2633492055825877 0.11685621647310708 0
0.23959720974259446 0.11658856338067973 0
0.125 0.0 1
0.19136222974942096 0.076897894047972 0
0.191679526154223 0.09743790939966696 0
0.21010742863477067 0.08688078189414104 0
0.22294852757063444 0.04017794137907053 0
0.1875 0.0 1
0.21128088674701542 0.06208665668588337 0
0.20482663397625048 0.07420602071246997 0
0.20549637117144873 0.1001938870129707 0
0.14937919309229022 0.0878188946695051 0
0.16935727365372136 0.09778273730481776 0
0.18035975170157104 0.08734031567639493 0
0.1458042596990654 0.16548974459475593 0
0.1571276847001488 0.17734168262578182 0
0.10357998025049409 0.1514457275870851 0
0.12046741737363824 0.1711695879272058 0
0.13429432329276336 0.17349747528168294 0
0.12993699935440461 0.15406017338353598 0
0.11627060279636585 0.15767148700932251 0
0.12346782484709953 0.11618759688284229 0
0.13168546757208086 0.13427270841372269 0
0.14969854361916143 0.11517824619472614 0
0.13678947553163875 0.12104396116555077 0
0.11136265710589159 0.13259758134085242 0
0.0 0.0625 1
0.06371773777030633 0.08478150445431856 0
0.0697287795601141 0.12643720484113558 0
0.0897766148233313 0.13471525093996864 0
0.09154062483381072 0.1020281347002255 0
0.08492000606866808 0.1180619997886135 0
0.1031556277244323 0.11620794824452708 0
0.07157687602982887 0.10316861712276998 0
0.03403672786286372 0.1083411112065212 0
0.05209938158779224 0.1006206552807976 0
0.03187213791978705 0.07360280717407722 0
0.03718140421314064 0.09070857098331223 0
0.04824980144462902 0.07789635149856723 0
0.0625 0.0 1
0.07338625334740842 0.042243135605819535 0
0.046768354474426 0.050164355810852636 0
0.04307111307528854 0.06426743034063108 0
0.06491429990915923 0.06245763930018687 0
0.0 0.03125 1
0.02288787839491111 0.05144005408130483 0
0.0 0.09375 1
0.01894436228816502 0.09655277359340579 0
0.011991194799914291 0.078125 0
0.0 0.078125 1
0.019612928435020237 0.06567002230687913 0
0.0 0.109375 1
0.017271376478712876 0.11718749999999997 0
0.040225992886164394 0.14038051286541336 0
0.0 0.1875 1
0.06830984453759668 0.16648568754999296 0
0.08372743424200213 0.15376551052307902 0
0.06461641972155494 0.14630544982064544 0
0.04844958571782067 0.15969244160794788 0
0.04337368094877828 0.20695965681050155 0
0.051261111650451455 0.183900515938131 0
0.055630758258276555 0.1711257226621739 0
0.08900022108993386 0.17586002631246286 0
0.09484365187515763 0.16278908498477762 0
0.03226871013936188 0.1253001626312559 0
0.0 0.15625 1
0.017839830229087947 0.14255323229306616 0
0.0510237946202376 0.12504341433657645 0
0.06035667549434387 0.11321937357552891 0
0.030439072901489915 0.15595496347822607 0
0.06087429629065612 0.04888190160065033 0
0.05581976530580636 0.02424581465107552 0
0.10211808575799966 0.06616728586074719 0
0.08408484348161152 0.05860950501110915 0
0.08543812891578971 0.08067349686255026 0
0.10542744008090557 0.032978002861039274 0
0.0908270962321129 0.04252215347798562 0
0.10600083063960396 0.04979480841130297 0
0.15314345221258494 0.03976924223332652 0
0.16771728035283745 0.06300229631095967 0
0.1286834611322624 0.04060323700774333 0
0.09375 0.0 1
0.08245539000949573 0.020585161421233192 0
0.11331690785280568 0.1213693680936582 0
0.27016431053574547 0.24836787555816744 0
0.33044066266715155 0.18879296124726555 0
0.2981293222701724 0.20765986873256792 0
0.29135721736426884 0.22742159125821962 0
0.3150370649204718 0.24657761130321884 0
0.31368698129262507 0.2240325123413956 0
0.2997005277589519 0.24132196426049374 0
0.30202622120021305 0.2595399903770899 0
0.3046352787745084 0.2745577206094686 0
0.31710842417168233 0.261667649418534 0
0.3517117856700012 0.26335132756641777 0
0.33494422098382504 0.25153220567111595 0
0.33525567465640005 0.26889382662372446 0
0.34600607987157816 0.30973516918823585 0
0.3504264560081751 0.2867360704056887 0
0.3715726072092177 0.21737168130894127 0
0.35683208256720045 0.23828378481651813 0
0.34878699252974943 0.2496972018879401 0
0.28005804580287613 0.2125082801437809 0
0.28232864136573893 0.18486902025896973 0
0.2861455112772666 0.19909547621759444 0
0.30408740944124507 0.1866565269596367 0
0.26990843521212154 0.1998140159527254 0
0.2960538001413649 0.15112203492373133 0
0.2944905652177532 0.17015081178800867 0
0.321131265841688 0.1627607754453366 0
0.30645139949717287 0.1615548082984531 0
0.2649776878545708 0.15814769732574332 0
0.27784925778279324 0.16878371010078852 0
0.2614804283144274 0.17548655021287146 0
0.24585687916755677 0.16331314234413155 0
0.23504972523225426 0.18248060249040776 0
0.24166559441061866 0.19504863904899195 0
0.2495565576937332 0.1390359062506696 0
0.2365876906763215 0.14948006336056852 0
0.22036529727218535 0.14700528928027298 0
0.2530560016144956 0.15198971709980777 0
0.20460501557573715 0.3401574440582544 0
0.18623280245319013 0.3431803640334345 0
0.22943593718580169 0.357541060055332 0
0.21861863815289803 0.3754338826453562 0
0.20215178257807917 0.37148435830178766 0
0.193699228071854 0.3576096747865445 0
0.23365436659644112 0.13262823589591938 0
0.27136293607918965 0.13721801840778017 0
0.2597836898578774 0.1300173556595361 0
0.2797421799610106 0.15121321539659605 0
0.2865429189705903 0.1194858098221833 0
0.2742484065366679 0.12432452250334348 0
0.28817177312509706 0.13624387623656825 0
0.30687745598026966 0.13586105200144794 0
0.34571000541469143 0.13251050946524623 0
0.32587954361488913 0.1293853819364193 0
0.3208324477489486 0.14569280026179113 0
0.375 0.0 1
0.3421149092778495 0.09084360121173134 0
0.32923277187109906 0.10810750952084243 0
0.35118470722298767 0.111049592478061 0
0.3007599927253161 0.07342322831854224 0
0.3107087837711784 0.09428511451320348 0
0.3264118465245141 0.09256435786246715 0
0.3307833874602282 0.05994672423202849 0
0.3326297408554371 0.07679594182325047 0
0.365781757840769 0.06463734068002626 0
0.3477027284249259 0.06661845803240792 0
0.3125 0.0 1
0.34375 0.0 1
0.3531524489452201 0.03286861094913899 0
0.3449317938542437 0.04885610688877525 0
0.3622422247634556 0.04764975685345044 0
0.3796290081423463 0.026772139214922025 0
0.3674179283980676 0.03428143369673353 0
0.38466545815692726 0.048645096684069175 0
0.359375 0.0 1
0.3650526532700346 0.016752150540739034 0
0.3236372647493662 0.0277993648799356 0
0.3292493390989599 0.04341978689006482 0
0.30071517825378424 0.0448531253115188 0
0.31542936594201915 0.05303723657389356 0
0.31724020025076705 0.06995657103477715 0
0.3479521651204708 0.016577067214224177 0
0.328125 0.0 1
0.33870930545939865 0.02850314195051845 0
0.4421511990868449 0.023892151861375308 0
0.4375 0.0 1
0.4105361451244199 0.017647993633131544 0
0.40625 0.0 1
0.390625 0.0 1
0.421875 0.0 1
0.4272957710880901 0.015949461288076998 0
0.4217008326082029 0.044277424080247915 0
0.4288177030490211 0.030966549706582462 0
0.44708347079405497 0.04929064370881369 0
0.47853408790787916 0.03000491847496314 0
0.46875 0.0 1
0.453125 0.0 1
0.45919826026918575 0.03375984834129852 0
0.4609374999999996 0.01602076448452905 0
0.4210705978894689 0.11423294009205434 0
0.42796719911616504 0.0793144751894036 0
0.3949860857702273 0.07997682485675382 0
0.38348718619071637 0.06639888209400074 0
0.40513354482360353 0.059725065952567484 0
0.4024492640021181 0.04023836453050571 0
0.41427100159536273 0.031727647018102 0
0.3959568442232869 0.025171561055816378 0
0.41139399131955745 0.07553011073729449 0
0.423181253361845 0.06209154573238145 0
0.440892379949174 0.06644636800664862 0
0.4664657324810005 0.10505845290305571 0
0.4775129359504778 0.06996688086458135 0
0.45965304519009004 0.06352167317427308 0
0.44980165788317444 0.08832046847902668 0
0.43330636289152996 0.052281535807916446 0
0.40836500069569637 0.09684853168255336 0
0.426246426497506 0.09711490453241786 0
0.44422205637146195 0.11189153880614972 0
0.38015464969933144 0.10547830219729502 0
0.3748794796693831 0.08534665407964942 0
0.37384552685868616 0.0734478778060633 0
0.35795545165299997 0.08082296861499856 0
0.3625071295246327 0.09771417469403039 0
0.39909236083862865 0.11696076941939208 0
0.39256845771466303 0.09563440892360037 0
0.46394926136272974 0.07958449900087727 0
0.47466168945309856 0.049899994689220586 0
0.4963591781846678 0.0570530663556303 0
0.489162696244191 0.04239808387551345 0
0.49978934063577846 0.022530248248742165 0
0.484375 0.0 1
0.4768188605311146 0.014100053207543314 0
0.5066399492096989 0.03897024800894309 0
0.5242829546816162 0.034895461033330716 0
0.5162923722391036 0.020281918272936676 0
0.515625 0.0 1
0.5080601544280672 0.09433818905013172 0
0.5115425879022906 0.0727667304381415 0
0.4942910556970115 0.07424375685489798 0
0.5266167907658019 0.08626709212730603 0
0.5312770331926996 0.12234943701803527 0
0.5237235587352937 0.10498289069444414 0
0.4975087519910952 0.1267108048065081 0
0.513761532167428 0.11964175620949359 0
0.49969424522266004 0.10951728675014603 0
0.48191192606438715 0.11599260979822397 0
0.5178431930004693 0.15124438122634506 0
0.520377222516118 0.13485219923818967 0
0.5474190515403966 0.14742448894391932 0
0.5357181271208448 0.13722371421363463 0
0.5546666870900578 0.12729976705758886 0
0.5538262592564297 0.11004801117507411 0
0.539626885586631 0.1024520380779373 0
0.5728929520929589 0.14523112800966803 0
0.5706097030010527 0.12932323799950707 0
0.5596509604943276 0.14046221097316672 0
0.45709674629637725 0.16881012061566206 0
0.4738438487377415 0.1444401925304916 0
0.4631972779995764 0.1260528034004207 0
0.44998125616973245 0.14598103151634173 0
0.4615304992610861 0.1392938486501643 0
0.4774281767926473 0.1300888578156843 0
0.5244849875860663 0.06567205400231542 0
0.5358941899146421 0.053515636881192284 0
0.5531767133902028 0.05911478298563928 0
0.5685412594719439 0.048772067002064684 0
0.4625186282984905 0.15459675884438276 0
0.4891452060508536 0.1728946390729706 0
0.47804814406081647 0.1605207058576399 0
0.4975517457713651 0.15419263119987256 0
0.4894980058915847 0.14046428399808578 0
0.505504739238119 0.14043924235905866 0
0.44615392639863927 0.129096398006978 0
0.42050349150334715 0.14378681600982005 0
0.4355783953732733 0.14036970729106982 0
0.43314040843608637 0.1645750421033746 0
0.4463669465057955 0.15963099966864935 0
0.39000028363271494 0.17656438480369496 0
0.4098781550531028 0.1644808617167008 0
0.39379370845461104 0.14314751229929568 0
0.3935705605260114 0.1600459286595248 0
0.3667847592585304 0.15124153373055843 0
0.3770619124244174 0.16512283715824905 0
0.38146499669596046 0.1511179273529833 0
0.37555054753748024 0.12844911242339405 0
0.35178748695590384 0.17308994999260588 0
0.39030140869596225 0.1288114379720684 0
0.36692140206631485 0.11477273776326634 0
0.36139332354573805 0.13608619170172992 0
0.40699402563197873 0.1499252015557195 0
0.42134246237491974 0.20573180107254777 0
0.44115016540420915 0.189140481075006 0
0.4436993294269038 0.174720763846204 0
0.4214386286380343 0.18197904257938008 0
0.42827036427266485 0.19388327570499242 0
0.44132069457672085 0.20946353496918413 0
0.4712515357279805 0.1990501452016698 0
0.4545234624341987 0.19919050917016334 0
0.4630948094460557 0.22382683140450194 0
0.46276557168093263 0.18458945784495748 0
0.47870912213115624 0.18495355785524023 0
0.4899456922904604 0.1999190507466789 0
0.5215877318947434 0.18596535164731007 0
0.5101554823585358 0.16963587786415732 0
0.5019418999131458 0.18603965141236356 0
0.5118186344347448 0.2002328266577415 0
0.5290621511946418 0.20156141083879553 0
0.5434261241623065 0.18508838026704172 0
0.5439088394778917 0.20000827836900098 0
0.5572608367754754 0.18858935676319427 0
0.5465086243175733 0.16637157047135195 0
0.5335245991738395 0.15625226013098717 0
0.5312307357164058 0.17258501904413165 0
0.5617759592861318 0.158391266366738 0
0.5752395902517562 0.16599300979109038 0
0.4798490343621875 0.21561150539024365 0
0.4856620015590655 0.2486582251924566 0
0.49173410573442977 0.23055551833904164 0
0.47553479409531524 0.2351915827191522 0
0.4326346616545237 0.26965970110647297 0
0.4588116948367694 0.25830897753409154 0
0.4589791758645832 0.24082269946061366 0
0.4393901095280791 0.24937901932388987 0
0.47086991722628896 0.24968052834293625 0
0.48007036552731924 0.27527799993067564 0
0.44509962366811834 0.26254629805684904 0
0.4539716222190094 0.29257088880546167 0
0.4566040483661062 0.275469936815285 0
0.44237869309415906 0.2295191373002451 0
0.41208371777747715 0.2351150520878404 0
0.41957458241554973 0.2540439662565368 0
0.38914450027319375 0.2551396024749218 0
0.40416524233656076 0.24919534468193394 0
0.3894570529333639 0.2316570100669995 0
0.4050346672219479 0.2733426576632201 0
0.4184062075879182 0.26829033328847074 0
0.42257770994534155 0.29955147907349033 0
0.42819588920249174 0.2375396672329526 0
0.4281494203462048 0.2209074156098692 0
0.5017777978326622 0.2439941476536654 0
0.506837732432975 0.22873227071611452 0
0.5188173214783527 0.21652138973206406 0
0.5265461422116919 0.2282154164103583 0
0.4056175091625248 0.17986363366828853 0
0.3927095264678081 0.2023522338811411 0
0.40795688819932596 0.19615514310178034 0
0.36935340811505746 0.19176976221908112 0
0.37792181161866817 0.20392418542719368 0
0.38413238336649824 0.1902170994634656 0
0.366783006927875 0.17658775624101306 0
0.34971689119737087 0.19263620682394395 0
0.36012042307185144 0.20546722699369632 0
0.3365741543311896 0.21392564097035283 0
0.33818400945579724 0.20021800247692612 0
0.331113521713468 0.23252757214965153 0
0.3459061552764901 0.22676752295241856 0
0.3189216470732293 0.20491887561918143 0
0.31697030775846263 0.19134792886600652 0
0.3868854258994083 0.21653871017771598 0
0.3891344495755402 0.2711854813763481 0
0.37128499032390155 0.26315135836706627 0
0.36162479179781193 0.2756238856948395 0
0.3738746932970887 0.24501247096296697 0
0.3693713672290124 0.23147127380754992 0
0.365463779476282 0.2906913062089223 0
0.38962309084175567 0.3234692929749197 0
0.3807311629170727 0.3047307560398708 0
0.36350041640109265 0.30814747395020337 0
0.3582152392369446 0.3470879607512371 0
0.35639322755980685 0.3270117618202307 0
0.3197886381339953 0.3372586047694905 0
0.33990865457411423 0.33862859378670623 0
0.3309581145174164 0.3216496601252235 0
0.3105018505848161 0.3188123395949942 0
0.32353837824833703 0.2999832756437369 0
0.30350384787120915 0.3065071868817185 0
0.3270344839771007 0.37927312278374503 0
0.3405845427783924 0.3612038954488139 0
0.3290105129777391 0.35025264489712454 0
0.3741045513353451 0.3355251515751963 0
0.3742677822378137 0.3197194509104647 0
0.3954889862166475 0.381609831281061 0
0.39924073690701817 0.35186513181758394 0
0.38950675595943024 0.33933535912380663 0
0.37766814447994695 0.3585782950415365 0
0.4124337463505495 0.33157000730077296 0
0.4021384116490527 0.3060514494129563 0
0.408324087641355 0.2901165477981649 0
0.39262406262826033 0.29319008862441637 0
0.40359192595815424 0.32030111594732086 0
0.43598810953419487 0.3613173845136159 0
0.4192050461342822 0.3504074187362173 0
0.41048284019821313 0.3683920750161593 0
0.42303192475936274 0.3977405894453237 0
0.4119194935369327 0.38513495746134147 0
0.39845010359655714 0.40786176587144896 0
0.4305607306869652 0.3799027387895479 0
0.471318203399808 0.4076129730016007 0
0.44816391563186825 0.39784026314093984 0
0.43561872231544624 0.39254532443861284 0
0.4554725739308764 0.4313693094457676 0
0.4563453450307552 0.4465375806418806 0
0.47675784518362746 0.43775381558897003 0
0.4350600737779952 0.44015307449867846 0
0.44380465464275454 0.33092912628582033 0
0.42822704780671667 0.3365286560386964 0
0.43011740378887825 0.3173197105428323 0
0.41617378973381974 0.31275268677945917 0
0.4491864515287059 0.31182907634004803 0
0.4389414363287708 0.2990598596709773 0
0.4410257393022437 0.2832362173123576 0
0.4732227453158645 0.32890998842174946 0
0.4707341417689125 0.3069595398441178 0
0.462142356211902 0.31904991773593133 0
0.4993149592183103 0.3148355222367216 0
0.48344350274271336 0.3166349279637076 0
0.4375050211432485 0.41772478140974495 0
0.4217383409744895 0.4139104394486905 0
0.4285340886042995 0.4280942549338258 0
0.4544794505145776 0.4140246969227665 0
0.419990661631675 0.4430377282683094 0
0.3947728591930251 0.44389570222591407 0
0.39277119086730305 0.45826571629330315 0
0.39691747451121395 0.4259099604865533 0
0.3548632594655218 0.4132495998021648 0
0.3721287323167561 0.4320748896714005 0
0.37666071596397505 0.41058832085085556 0
0.36671338180828117 0.4197114434694305 0
0.35133607561107033 0.43381462405880294 0
0.36323108568305656 0.450856441960753 0
0.3790857984882256 0.4477559199816177 0
0.3432161576315609 0.45215444666200894 0
0.3202849322630053 0.431034245114907 0
0.3353382047603533 0.43769904993042874 0
0.33523639400081345 0.4175967758719786 0
0.3181726669970565 0.45613727923521336 0
0.3165171889293372 0.4118052400473703 0
0.3308933160896831 0.39848676772393155 0
0.3830730996527955 0.42316206298731274 0
0.3858985982339261 0.39598455883396666 0
0.33245578444606766 0.4652211229990413 0
0.30622119911702256 0.4424912529366439 0
0.29127360814884434 0.4549922891614515 0
0.2741152868663945 0.4489411358169428 0
0.3039820081162152 0.42538231866143905 0
0.3041600351759643 0.4687936539162532 0
0.300429725148126 0.49112215877450804 0
0.31349257629970717 0.4966264873528525 0
0.31077743445513617 0.4813750436567278 0
0.28340065860900615 0.4905809271847561 0
0.2969397896735662 0.5062366860746128 0
0.29754634867376795 0.524670164236257 0
0.2747572096358952 0.46384865755117194 0
0.5067267940779896 0.42419709685732276 0
0.5235788869261093 0.42890267220678446 0
0.5216330874997254 0.40334215413281677 0
0.5100652098930196 0.4447702331680914 0
0.5225362448270002 0.45636024207078435 0
0.4943596229924134 0.4367613570917585 0
0.4879856972673443 0.4181186989879418 0
0.47339012049391865 0.42280032415748614 0
0.5024676826388765 0.40539816368282633 0
0.5083200874436501 0.36959762380615346 0
0.5103268863235079 0.38830430394125215 0
0.5307957610068862 0.3846839956779697 0
0.5266166933228901 0.366624657061722 0
0.513015096010342 0.34070411606734335 0
0.4930531392560568 0.3350289929337632 0
0.5154898328839941 0.3559344530083302 0
0.5370664343390744 0.3446123033499173 0
0.4959619177074451 0.35439993088738 0
0.562489241112142 0.34340445959494686 0
0.5622273116284012 0.32661907082812514 0
0.5463178109429743 0.33096048567400255 0
0.5266868490247877 0.3256483228597206 0
0.5110488980131214 0.3251832969399577 0
0.5192961623818602 0.31101325732734975 0
0.5549601813886408 0.3176419933075186 0
0.5753467005166875 0.348298469700387 0
0.5417444065557111 0.40163955946727026 0
0.5548395832436966 0.38668457104135817 0
0.48537697297257 0.38151987706118645 0
0.4959158177172952 0.39203219449286075 0
0.4857503856365114 0.40319057574665257 0
0.4934672862655099 0.36905190435598006 0
0.4619810086782998 0.3787594006002596 0
0.44608970454703906 0.374352438721129 0
0.45470171254815367 0.3572468368936914 0
0.4650981936426629 0.34382088194289273 0
0.4806439398188852 0.34441146498735375 0
0.4576134866028775 0.3321521700716734 0
0.44263589918561186 0.3468279209585308 0
0.46331190358999125 0.3942662879841008 0
0.47700727227230777 0.392502663770388 0
0.47458502811309955 0.3724606687936583 0
0.5327110053032006 0.3050327521007945 0
0.5502571779495762 0.35409757872361 0
0.5633779516586143 0.3672424367842621 0
0.5745993965217925 0.37058823073700553 0
0.5336644216016587 0.46451323315505716 0
0.39182040140004915 0.3660381491433841 0
0.35962367699667547 0.36691536004280145 0
0.375699878825324 0.37879370481008434 0
0.3550954930994462 0.38986179520797626 0
0.3698715436416981 0.3960700247215347 0
0.3464513794569726 0.3762359835274517 0
0.3358008722685833 0.3717318231116781 0
0.2977078733653262 0.3626987352554591 0
0.31184444341528 0.3526660065244428 0
0.2909212074608708 0.33816011631656606 0
0.31318976608160926 0.36953752592202704 0
0.2966093066307729 0.38612932847995884 0
0.3082740616096207 0.3976408004788803 0
0.31948902237806054 0.4005949518554334 0
0.3052090349573797 0.33303786507250416 0
0.27173337328964575 0.37322194522154367 0
0.28714503778734196 0.3739445364841311 0
0.27930051922351135 0.3545818659029508 0
0.25998840451839234 0.35759792265184337 0
0.27796663798433663 0.39820917496175995 0
0.2823630765537568 0.4125281809946457 0
0.26736445455698227 0.38758289079427233 0
0.32521032017454293 0.36326695623397276 0
0.2669144904461401 0.325568062019873 0
0.2612398182405941 0.34110475315947947 0
0.27611767802031967 0.3400070527037728 0
0.24758771074143987 0.31548323109356485 0
0.2502543396648588 0.3305102896093679 0
0.23491414913971298 0.3316779819397059 0
0.2622368603035062 0.3109708329684339 0
0.23575426093392418 0.3124743221110742 0
0.2822665663902198 0.3254797685505263 0
0.33846094609979704 0.29636066842280495 0
0.33267003503601245 0.28311600263567505 0
0.31510447934046293 0.2893941480912772 0
0.42153816906265734 0.15739287701756416 0
0.41172465374711503 0.12883598073218408 0
0.42676280651772736 0.12816817473433564 0
0.4571517287409356 0.1143600207944733 0
0.4815480164410554 0.0907072606799487 0
0.48734886004304256 0.1032690675518867 0
0.4953883585320045 0.08825650768799197 0
0.3456505688826606 0.07890212314240198 0
0.4401785875982531 0.09848847331981579 0
0.28494638850022364 0.09376772687412563 0
0.2970333089125368 0.10592598975605812 0
0.2979573927810711 0.08756293016115617 0
0.26146766122004456 0.05919977480446731 0
0.236418536228961 0.06141268932267543 0
0.23639936681943574 0.08771794523276946 0
0.2230687086557055 0.093099705533192 0
0.2516544274156662 0.10064063730400946 0
0.2561819373143318 0.07983043317215856 0
0.26747046680840225 0.09318399752025465 0
0.27685884474961614 0.07400341636392165 0
0.2816671448130918 0.05360143659022261 0
0.28862238157075165 0.0660082290801884 0
0.28125 0.0 1
0.28089319249468764 0.02680511827601969 0
0.26719105479823013 0.04061021028878414 0
0.25995783709447867 0.01972841419749442 0
0.24756833539213982 0.04474457423080005 0
0.28697115813088747 0.040038905803851735 0
0.24954663496302026 0.0671379711799645 0
0.23855230425839136 0.024703203371542075 0
0.23611396907376353 0.03784885041588745 0
0.25130049677999355 0.03101687232544416 0
0.24728680894100077 0.013746768241524165 0
0.21875 0.0 1
0.218721470434854 0.020311321530317374 0
0.203125 0.0 1
0.19531250000000008 0.02214268829172886 0
0.2079371621549346 0.03298892785230631 0
0.1860820980037933 0.04565703249349012 0
0.18418589623069315 0.062044154380132166 0
0.20226073690237728 0.048382210399680194 0
0.1724672989426871 0.02674379312177425 0
0.16952200476517437 0.04322094284641539 0
0.1853736071281 0.03181007997273274 0
0.1818741084101529 0.014434524586718987 0
0.15625 0.0 1
0.16623649727071502 0.012233179289458737 0
0.171875 0.0 1
0.15906824678020964 0.052240211200854134 0
0.20642128170614343 0.013612579347881942 0
0.2737926297157582 0.01330566757190491 0
0.265625 0.0 1
0.2241930739921928 0.07455641521039724 0
0.22365848311779093 0.05461723306216445 0
0.27618763054775003 0.10722005046626225 0
0.3388998723712737 0.11934447808054073 0
0.22266841172168989 0.19046752276512763 0
0.06991348315064529 0.028061127275743253 0
0.09947163657509708 0.01653046043447804 0
0.11902614902891342 0.01875169135532689 0
0.109375 0.0 1
0.140625 0.015305170506488514 0
0.140625 0.0 1
0.13131767964836716 0.026379239422719445 0
0.15460809666167605 0.02358484285808506 0
0.078125 0.0 1
0.10521503809552143 0.08657113840631299 0
0.127706061588723 0.0727204313699606 0
0.11352155581151092 0.0748733943079757 0
0.11329752391551093 0.1020227336304017 0
0.13283677130050223 0.09872719599968255 0
0.13545550800763712 0.08470107712731972 0
0.1465549739650924 0.10153339977538046 0
0.12058146174355477 0.088507245492454 0
0.12190965748147442 0.05647056412979363 0
0.14099730357176446 0.0588206468836349 0
0.14109411800182717 0.04548480340213506 0
0.07294279181491466 0.0740819680551239 0
0.03125 0.0 1
0.046875 0.0 1
0.033774925369304654 0.031086959871186058 0
0.0390625 0.015011476952479117 0
0.034494672711135356 0.0445602941054561 0
0.04732761450919768 0.03581990207340889 0
0.016906693745372268 0.035152331305887706 0
0.019441571852583415 0.01568420908345164 0
0.0 0.046875 1
0.0 0.015625 1
0.0 0.140625 1
0.10565565189461881 0.17969919479525173 0
0.1147532545870885 0.1920327453038554 0
0.07159528187815016 0.1867546391693922 0
0.08601238129253047 0.1904368709577287 0
0.07164289488199857 0.2166330819584005 0
0.05942872488852513 0.19957279340225606 0
0.025796881828036328 0.1880689462738057 0
0.03625591739089969 0.1731883232133257 0
0.03964561063866907 0.1928059349328677 0
0.01324932190497649 0.17187500000000003 0
0.0 0.171875 1
0.014832472684236818 0.1571026318547598 0
0.0 0.21875 1
0.020962371956634064 0.21018969255284128 0
0.018609762076923417 0.23437499999999997 0
0.0 0.3125 1
0.05925270058992471 0.3226046407738429 0
0.05821703613232683 0.375906787079925 0
0.08529989952841395 0.3723010912622174 0
0.0828586200038022 0.39793693787719203 0
0.09390581507850725 0.4072567310477175 0
0.09781852333525998 0.3904875835784948 0
0.07308558536974094 0.3840720964551137 0
0.04800019885711531 0.41213108077109645 0
0.06378787590071738 0.40100267981493376 0
0.04554569429953421 0.3918858583638754 0
0.0 0.40625 1
0.024549951699384967 0.4047027566993483 0
0.03796688227551445 0.40307610540426986 0
0.06762067653076577 0.42320326789852525 0
0.08059997707357473 0.42844259459233647 0
0.04364799260086444 0.4427637460017254 0
0.04829439267618245 0.46031394141269905 0
0.0 0.46875 1
0.022942549356870613 0.45763565843620696 0
0.034784479064974595 0.4668691238143773 0
0.021964083649085468 0.4882345924005307 0
0.016092316447359492 0.47273171897195754 0
0.0 0.484375 1
0.022502982364352685 0.5156250000000002 0
0.04151442585730322 0.501550449951085 0
0.035864409907581885 0.48883596833089343 0
0.027010132913860372 0.501835817914475 0
0.053761000082944946 0.5379700174309759 0
0.041746506980735905 0.5217412317209341 0
0.02588967365814626 0.5383005450268274 0
0.03979700420345001 0.5357461644863336 0
0.04365128008782363 0.5564976530073473 0
0.07193757092019722 0.5599102104564576 0
0.05847482505892971 0.5525641791476131 0
0.031532141989418866 0.5505599325820127 0
0.07283543279022109 0.5112871581592001 0
0.05559992561883805 0.5114852701448004 0
0.06437877124508351 0.5254010301248757 0
0.08731045774144042 0.5295506538656236 0
0.06397535476821055 0.4903042763412819 0
0.05017889414703971 0.4908025394093698 0
0.08868130155671158 0.4922341609094774 0
0.09778194085137616 0.4769756755549199 0
0.07952672861482198 0.47643089039598396 0
0.07582903436682628 0.49766106513789776 0
0.09191128354622673 0.5110362421048963 0
0.10313424589828826 0.49942978830524065 0
0.11510839709227874 0.5222375967450216 0
0.10044423851017509 0.5229855366714309 0
0.1296894118881364 0.5241066692658216 0
0.12227247009763478 0.5039293096619125 0
0.13767122477624075 0.496046384563467 0
0.12633998157886683 0.48837539170353145 0
0.11668399627725996 0.5419279354886037 0
0.10358060732023101 0.5367292148301673 0
0.11693399031957852 0.5668873658944682 0
0.13486803678684098 0.5587125019590439 0
0.12205162917575862 0.5543551403692222 0
0.12026820005156152 0.5875629231468242 0
0.09161711366634291 0.581576671915576 0
0.10043390546227994 0.610935498876451 0
0.11459854363814234 0.6028536911672694 0
0.10470590101516528 0.5904890944582687 0
0.11858774064851041 0.6262991670228116 0
0.1322881306951043 0.6310043704777647 0
0.09151936450613081 0.639876186639503 0
0.11160630321844157 0.6461518340710146 0
0.09678461792349313 0.658308006992924 0
0.07872483817886812 0.6534990337700893 0
0.1021550546145739 0.6273089687406803 0
0.09997868980196968 0.5668264185363632 0
0.08694487605307882 0.5593676463650228 0
0.07888877185562758 0.5443581342546647 0
0.14244298908397354 0.5484149596881129 0
0.05908865594362788 0.47673656735948555 0
0.01468558046314693 0.5283832440337467 0
0.0 0.515625 1
0.014895363545969592 0.5484771847640967 0
0.0354434116827759 0.5682671099879525 0
0.05662257911473223 0.5768929399854603 0
0.05351577562481098 0.600956010106914 0
0.04307424523798149 0.609527227057255 0
0.07252138190975209 0.5911777440471077 0
0.07437935110249826 0.6181483345435347 0
0.08733611921179957 0.6255517644048384 0
0.07366474539409643 0.6344385256424508 0
0.059714508146072154 0.6256657978099728 0
0.067646940429919 0.6050628298324766 0
0.08487955728364956 0.6033142982439004 0
0.07658159127869818 0.5754627168454289 0
0.047662367963346344 0.5879681755716436 0
0.022433537857128937 0.4350774373673983 0
0.012329219271054005 0.4465902879957013 0
0.0 0.453125 1
0.030409736928242566 0.44618231294391353 0
0.03761998668255916 0.42628179575405567 0
0.0531540568019357 0.42994375942564483 0
0.061575002413653615 0.44612230256145236 0
0.01313792312290952 0.4191686747504163 0
0.0 0.421875 1
0.02398533664930352 0.38017251941672126 0
0.04072894644262925 0.3750524976942899 0
0.02173707414478083 0.342882526109291 0
0.0 0.34375 1
0.027355658411107743 0.3612565463081011 0
0.04719709633119159 0.3451431785514734 0
0.05015893428861035 0.361437758070685 0
0.07331133277958456 0.34881291216347643 0
0.03400863121092493 0.34917607401038486 0
0.013925852117372439 0.3686219503771083 0
0.011285549941358396 0.3537657298906818 0
0.0 0.359375 1
0.0 0.328125 1
0.06147552347440149 0.3382870739519947 0
0.09441139879403011 0.33841034463141173 0
0.07798238593821545 0.3279486490548406 0
0.09893217315617739 0.31318005313050395 0
0.09149028206203806 0.3248667748060037 0
0.11367877088758942 0.3202783708563089 0
0.12905207395373053 0.32213652503584644 0
0.08962011350201572 0.35529239437919674 0
0.03617701592103453 0.32475519364950817 0
0.017517736320911064 0.32031250000000006 0
0.037448683393834205 0.27800843676118786 0
0.0 0.28125 1
0.0174693480894669 0.2968750000000001 0
0.01858736826971358 0.27804681071774356 0
0.027973648792186463 0.25621571266618726 0
0.0 0.265625 1
0.01485786544377965 0.2635099463293509 0
0.014763398922771582 0.24868873002365682 0
0.06492781947435788 0.2531049269974645 0
0.04488314432277273 0.2360383421111267 0
0.03132581683903446 0.24185084835392814 0
0.03410573267414611 0.22201927292417534 0
0.0469768012963841 0.26090966575475155 0
0.06749022378157567 0.2835446731611759 0
0.061061334639692565 0.2687581300827972 0
0.08613504430240831 0.2666474363440215 0
0.07429497864375155 0.30537836395081946 0
0.052019339665933646 0.24796140373656975 0
0.06495915486173671 0.2342565951152569 0
0.05461415108890708 0.22025407405977804 0
0.08530416701559432 0.2318933020528564 0
0.10340281069524082 0.2435867489735396 0
0.11316464592267532 0.23274800912676558 0
0.08692236739831982 0.24924161442059642 0
0.11576115473344217 0.2592053888518414 0
0.09996348743596695 0.25900676195038014 0
0.13220887275564686 0.26797810981714104 0
0.13578699336216166 0.28847919438385017 0
0.14832201537202055 0.2800605405422607 0
0.0927661544153777 0.28984979137906514 0
0.08168186125713119 0.280468878042218 0
0.0884532626116019 0.303469605221094 0
0.10866576889888492 0.29812758660622635 0
0.051374544495593664 0.3005445758194404 0
0.06148294364879718 0.3093714019701923 0
0.05173725079282296 0.2847497414809118 0
0.046867793041224785 0.31459080808103623 0
0.03398873814478802 0.30271243237236567 0
0.0 0.296875 1
0.04842565499399804 0.3313068496100056 0
0.0 0.390625 1
0.015151554213392319 0.3926474640589236 0
0.100283956598932 0.37030617842300645 0
0.01341860287114468 0.22166295538835987 0
0.0 0.234375 1
0.012699710413697683 0.19679521363811897 0
0.0 0.203125 1
0.15298163528027026 0.13084541485652826 0
0.16604973039108237 0.11831517249741422 0
0.21451847120907006 0.1676761466485949 0
0.18632916844204103 0.24566146252443505 0
0.17341105885785452 0.23610510625239226 0
0.177036219454964 0.2620989174784167 0
0.16311736252824935 0.25596508885302754 0
0.18563344050076852 0.27336543815486997 0
0.28802096246463316 0.2979941338186299 0
0.15678790020495903 0.32865313201961893 0
0.16657215849897308 0.35518938962058566 0
0.16579820003553664 0.2834163488828231 0
0.17035592995096813 0.3920366694094589 0
0.18349945512998714 0.39569081135855966 0
0.19912051042803003 0.4053147314093849 0
0.21380873517121776 0.3988099793097835 0
0.21843910742261397 0.38757983710729527 0
0.16321301328549306 0.40852798683509495 0
0.15338756305750761 0.398266548528336 0
0.10594622751441926 0.4174144364952702 0
0.20363825604148836 0.47937011958526793 0
0.20174146037661334 0.5096707932309572 0
0.34486047866462627 0.5514901367274427 0
0.3018987898996354 0.5446636928806565 0
0.32204348021132406 0.5703194809165005 0
0.3645909227642356 0.5601684277265626 0
0.44249965076406567 0.5915547411401595 0
0.44912191839380033 0.5511256631241112 0
0.544459408854458 0.43473309755249256 0
0.5736525301584463 0.39669899500712574 0
0.6391620971548738 0.4317258574435775 0
0.7070042275803254 0.3413790403065158 0
0.7323578130592687 0.49779671123140584 0
0.741302033742037 0.4825143763746111 0
0.708980147185572 0.5139893159131774 0
0.7804236686094896 0.5516463034677008 0
0.7788565141256487 0.5344662038041994 0
0.8039708793480603 0.5408368192772538 0
0.798970112760383 0.5226201871917617 0
0.8221687288632687 0.526046496232902 0
0.813880114601166 0.5129193023416538 0
0.8184952537942484 0.5401170709079256 0
0.8386338071719761 0.5358061724433046 0
0.8468369981411605 0.52303526107616 0
0.8379508305343163 0.5111930462445194 0
0.7953426675353613 0.5530934373387844 0
0.7617387276056957 0.557786641773665 0
0.7528379299244539 0.5768621178665295 0
0.7412750565318249 0.5598524354414118 0
0.7472999333285129 0.5448521578780011 0
0.7286586890654356 0.5743049966215413 0
0.734611489615523 0.588812051750882 0
0.783506396173138 0.564581842216572 0
0.8131855158622764 0.4960167472678923 0
0.8232284162809396 0.4724469311618026 0
0.9491990550639372 0.44882878582508806 0
0.949296073786212 0.3739045605845943 0
0.8997305914231026 0.5565516818913049 0
0.9048969281945104 0.5807155332297083 0
0.9171707491157289 0.5744997092247539 0
0.8995129259909578 0.594333926703942 0
0.9148868901356254 0.5920692951899178 0
0.7896079231500118 0.590184668612035 0
0.8041514872094829 0.592442862105299 0
0.76876579448694 0.5941146560498121 0
0.7820538709869295 0.6073544530432593 0
0.7731544633780099 0.6207540102865042 0
0.7572465443285393 0.6125178688738822 0
0.7399141140791752 0.6152436637883599 0
0.745646813390313 0.628637903050646 0
0.9575056111103992 0.6154334246650538 0
1.0 0.546875 1
0.9857842310330849 0.554346423873672 0
0.833364997855169 0.7366201973352671 0
0.8845148938745667 0.6442308861658286 0
0.7875050115361716 0.6966448611777432 0
0.6859837686250647 0.7292420438951163 0
0.6890807569246135 0.7138091273433365 0
0.65781330731817 0.6583938927107164 0
0.6454189948885677 0.6464126542351514 0
0.6309676882735558 0.649556853175557 0
0.10105695885981122 0.27552320410590103 0
0.07054987123255849 0.3650260085262375 0
0.1224482816765167 0.6560854274850058 0
0.088956757931329 0.2105333469057689 0
0.15275782088273873 0.07113179992722152 0
0.16489707612979754 0.08206583010496786 0
0.30236215847104386 0.023135089833436196 0
0.2897073994571909 0.013482716216207563 0
0.296875 0.0 1
0.31097345018864747 0.034709591209920385 0
0.3152918443618263 0.015012147540721948 0
0.26528104157193194 0.40453721417854843 0
0.3455917130932282 0.4014624809259897 0
0.4976461697740804 0.2911874080647856 0
0.48531457710808495 0.3009920769006648 0
0.5072903632248882 0.30238977925151667 0
0.5111750018728234 0.280944653355622 0
0.5041476167341631 0.26306165356626915 0
0.49605270000578927 0.2543867159123491 0
0.5127988662839303 0.25230540640309834 0
0.4955136936306562 0.2758801699992034 0
0.40596481274247664 0.21703661432297922 0
0.46827893295694384 0.26824935587908105 0
0.34619860463394725 0.15318215806515742 0
0.3369322225083749 0.1665219906661594 0
0.3353878227392589 0.14309608525308135 0
0.5350096433175482 0.026225633676429477 0
0.5409213153369765 0.0842278359456612 0
0.9847307307400409 0.894802071654876 0
1.0 0.890625 1
0.9853437151136705 0.8794866796791455 0
1.0 0.921875 1
0.9815655782113901 0.9296875000000026 0
0.974982483491861 0.9501962016014489 0
0.9609548640648381 0.94740460233022 0
0.9860752755700702 0.9146733728683148 0
0.9701036804005694 0.9222390802337003 0
0.984157730078955 0.9639679315284935 0
1.0 0.953125 1
0.8126329997960375 0.929677680311685 0
0.8159737174469838 0.9110383697577952 0
0.830443750622087 0.9215615245478421 0
0.830223475808957 0.9066542136996935 0
0.6480252031859857 0.9659838188591092 0
0.640625 1.0 1
0.9808747494333361 0.7289144676920486 0
0.958145093685315 0.7266732030465672 0
0.9531771522500972 0.7395601995569436 0
0.9686380023590474 0.7366363534996229 0
0.9555657046756773 0.7083037201064836 0
0.9403522681227419 0.6995935785908729 0
0.9389910842108019 0.7196122996707575 0
0.9300152609842425 0.7298143617285854 0
0.824871115484184 0.8785561967794666 0
0.8405118198653242 0.7636536795735248 0
0.730650229970471 0.8563236873641776 0
0.7218342177672846 0.8444704966774113 0
0.7174255817503281 0.8662698248763209 0
0.7331795211998412 0.8734516903226345 0
0.731869109625566 0.7454518350964354 0
0.16392428162128247 0.7516023285460314 0
0.07025972429368046 0.8858665154165182 0
0.203125 1.0 1
0.19579667641419107 0.9872520605173286 0
0.48088091445319464 0.8607313734736767 0
0.633918492181922 0.732949425673565 0
0.618357684283331 0.7205270647846517 0
0.6125863002692702 0.7021178110983098 0
0.6058808456429423 0.6931372224300938 0
0.6022612654538294 0.7120697539955956 0
0.6268476832010499 0.7037605402173103 0
0.6116140653523647 0.7329883229948929 0
0.6412416446653191 0.5654450884816803 0
0.6561997160778797 0.5531242999694287 0
0.6408322980037361 0.5426368360082732 0
0.6547836388081505 0.5386965252059384 0
0.7094239243828099 0.5698760122598453 0
0.6612333743573506 0.510315948414128 0
0.586029934699141 0.510363413091195 0
0.5249765371765703 0.5581125867804567 0
0.3144742471520971 0.6772562520352637 0
0.4879333062914554 0.45916937136826835 0
0.4766050069039796 0.46838944540241073 0
0.6063702265381665 0.4821382313947088 0
0.6193855781195875 0.4784244334735088 0
0.5976395409219933 0.4691015069090035 0
0.6251010798409946 0.44830472040669767 0
0.7783436485509944 0.12003509669738673 0
0.9878161505821124 0.06888804764916036 0
1.0 0.15625 1
1.0 0.140625 1
0.9786246796407685 0.14843749999999906 0
0.9661428448056834 0.14059566694028133 0
0.9687692287277464 0.17427467545033642 0
0.9808225198004331 0.18747323305421143 0
0.9869753861831723 0.1697512841325578 0
1.0 0.171875 1
0.9904044090563457 0.1923949808841449 0
0.9583433981055128 0.18868157869204394 0
0.9480111517145782 0.1702285739797533 0
0.9373175464426275 0.16136131548184346 0
0.967579840457781 0.15902274776017966 0
0.9857650105363545 0.13482561161717574 0
0.945170390384283 0.192659336388234 0
0.8589089349785898 0.3365872898024302 0
0.7528166102187622 0.25078381170029423 0
0.8822139265162139 0.31860185808676306 0
0.7910857403160858 0.43395872634626426 0
0.7799355405763934 0.34362010860293846 0
0.632787704998268 0.3442274807765613 0
0.6320754522889644 0.3612397968489817 0
0.923996356238797 0.5051786438812973 0
0.920347440107865 0.7059596130025119 0
0.89951906461687 0.7203908091531407 0
0.8832546919303099 0.726221048378894 0
0.015625 0.0 1
0.4709109432635717 0.2897952269398913 0
0.0 0.703125 1
0.014342298877482718 0.6988392582124983 0
0.30448423559494064 0.8481807175105249 0
0.8771198262458574 0.2693219324988695 0

Edges
274
1 3334 1
1 3718 1
2 908 1
2 910 1
3 2517 1
3 2518 1
4 1930 1
4 1954 1
5 2942 1
5 2947 1
6 318 1
6 322 1
7 2383 1
7 2392 1
9 3374 1
9 3428 1
10 1962 1
10 1975 1
11 1701 1
11 1739 1
49 2288 1
49 2294 1
80 2431 1
80 2448 1
117 187 1
117 198 1
155 200 1
155 2292 1
156 198 1
156 200 1
173 179 1
173 3593 1
177 179 1
177 187 1
182 322 1
182 3593 1
239 762 1
239 779 1
240 754 1
240 758 1
245 315 1
245 757 1
313 315 1
313 318 1
467 624 1
467 631 1
531 595 1
531 599 1
559 613 1
559 619 1
564 595 1
564 613 1
570 601 1
570 606 1
597 599 1
597 601 1
604 606 1
604 2947 1
617 619 1
617 624 1
626 920 1
626 930 1
627 938 1
627 943 1
629 631 1
629 943 1
647 953 1
647 3693 1
687 912 1
687 916 1
692 895 1
692 907 1
700 776 1
700 3699 1
733 747 1
733 764 1
744 747 1
744 758 1
753 754 1
753 757 1
760 762 1
760 764 1
773 776 1
773 779 1
892 895 1
892 953 1
901 910 1
901 912 1
904 907 1
904 908 1
914 916 1
914 920 1
928 930 1
928 938 1
1204 1993 1
1204 2003 1
1217 3480 1
1217 3519 1
1577 2396 1
1577 3647 1
1604 1698 1
1604 2112 1
1606 2114 1
1606 2119 1
1663 1675 1
1663 2104 1
1668 1675 1
1668 1698 1
1678 1701 1
1678 2104 1
1705 1873 1
1705 1877 1
1707 1867 1
1707 3665 1
1732 1739 1
1732 3665 1
1741 1919 1
1741 1923 1
1862 1867 1
1862 1877 1
1870 1940 1
1870 1953 1
1871 1873 1
1871 1940 1
1883 1918 1
1883 1960 1
1911 1918 1
1911 1919 1
1915 1927 1
1915 1948 1
1921 1923 1
1921 1927 1
1930 1948 1
1950 1953 1
1950 1954 1
1958 1960 1
1958 1962 1
1971 1984 1
1971 3720 1
1974 1975 1
1974 3720 1
1983 1984 1
1983 1993 1
1996 2005 1
1996 2007 1
1998 2003 1
1998 2005 1
2006 2007 1
2006 3428 1
2109 2112 1
2109 2114 1
2118 2119 1
2118 2392 1
2212 2296 1
2212 3632 1
2224 2269 1
2224 2295 1
2238 2478 1
2238 2484 1
2257 2269 1
2257 2296 1
2260 2436 1
2260 2525 1
2273 2288 1
2273 2295 1
2289 2292 1
2289 2294 1
2310 2423 1
2310 2428 1
2334 2428 1
2334 3647 1
2338 2346 1
2338 2400 1
2339 2396 1
2339 2400 1
2341 2372 1
2341 2382 1
2343 2356 1
2343 2362 1
2345 2346 1
2345 2349 1
2348 2349 1
2348 2352 1
2351 2352 1
2351 2355 1
2354 2355 1
2354 2356 1
2358 2369 1
2358 2374 1
2360 2362 1
2360 2365 1
2364 2365 1
2364 2368 1
2367 2368 1
2367 2369 1
2372 2374 1
2381 2382 1
2381 2383 1
2417 2423 1
2417 2431 1
2435 2436 1
2435 2448 1
2475 2478 1
2475 2525 1
2483 2496 1
2483 2515 1
2484 2496 1
2499 3634 1
2499 3641 1
2502 2515 1
2502 2517 1
2508 3632 1
2508 3634 1
2510 2518 1
2510 3641 1
2570 3463 1
2570 3515 1
2580 3445 1
2580 3451 1
2603 3280 1
2603 3298 1
2712 2780 1
2712 3335 1
2731 3307 1
2731 3309 1
2736 3282 1
2736 3294 1
2755 2778 1
2755 3333 1
2768 3312 1
2768 3326 1
2773 3333 1
2773 3334 1
2775 2778 1
2775 2780 1
2783 3346 1
2783 3521 1
2794 3335 1
2794 3346 1
2810 3307 1
2810 3312 1
2867 2886 1
2867 2900 1
2878 2894 1
2878 3611 1
2879 2886 1
2879 2894 1
2897 2901 1
2897 2908 1
2899 2900 1
2899 2901 1
2907 2908 1
2907 2942 1
3269 3298 1
3269 3611 1
3280 3282 1
3292 3294 1
3292 3309 1
3325 3326 1
3325 3718 1
3348 3519 1
3348 3521 1
3351 3464 1
3351 3513 1
3362 3451 1
3362 3515 1
3369 3374 1
3369 3445 1
3455 3463 1
3455 3464 1
3476 3480 1
3476 3513 1
3692 3693 1
3692 3699 1

Triangles
7170
1 3334 3718 0
2 908 910 0
3 2517 2518 0
4 1930 1955 0
4 1949 1954 0
4 1949 1955 0
5 2941 2942 0
5 2941 2946 0
5 2946 2947 0
6 308 320 0
6 308 322 0
6 312 318 0
6 312 320 0
7 2383 2384 0
7 2384 2391 0
7 2391 2392 0
8 1195 1197 0
8 1195 2614 0
8 1197 2608 0
8 2608 2610 0
8 2610 2613 0
8 2613 2614 0
9 3372 3374 0
9 3372 3378 0
9 3375 3378 0
9 3375 3428 0
10 1962 1963 0
10 1963 1976 0
10 1975 1976 0
11 1700 1702 0
11 1700 1736 0
11 1701 1702 0
11 1736 1739 0
12 1335 1338 0
12 1335 2101 0
12 1338 1351 0
12 1341 1346 0
12 1341 1351 0
12 1346 2100 0
12 2100 2101 0
13 72 76 0
13 72 2303 0
13 76 81 0
13 81 3662 0
13 2303 3662 0
14 1063 1066 0
14 1063 1473 0
14 1066 1471 0
14 1468 1469 0
14 1468 1473 0
14 1469 1471 0
15 1123 1125 0
15 1123 1295 0
15 1125 1128 0
15 1128 1314 0
15 1295 1312 0
15 1312 1313 0
15 1313 1314 0
16 1417 1420 0
16 1417 1516 0
16 1420 1424 0
16 1424 1512 0
16 1511 1512 0
16 1511 1513 0
16 1513 1516 0
17 30 1445 0
17 30 1498 0
17 1445 1446 0
17 1446 1508 0
17 1498 1499 0
17 1499 1507 0
17 1507 1508 0
18 385 481 0
18 385 881 0
18 476 480 0
18 476 481 0
18 480 804 0
18 804 3711 0
18 881 3711 0
19 356 358 0
19 356 371 0
19 358 407 0
19 371 408 0
19 407 408 0
20 214 218 0
20 214 3564 0
20 218 219 0
20 219 3563 0
20 3563 3564 0
21 291 335 0
21 291 3710 0
21 335 877 0
21 873 874 0
21 873 3710 0
21 874 877 0
22 341 344 0
22 341 346 0
22 344 3571 0
22 346 347 0
22 347 349 0
22 349 3571 0
23 37 114 0
23 37 3591 0
23 108 109 0
23 108 3588 0
23 109 114 0
23 3588 3589 0
23 3589 3591 0
24 3568 3569 0
24 3568 3574 0
24 3569 3586 0
24 3574 3584 0
24 3584 3586 0
25 33 34 0
25 33 3573 0
25 34 1497 0
25 1497 1501 0
25 1501 3679 0
25 3572 3573 0
25 3572 3679 0
26 36 39 0
26 36 53 0
26 39 42 0
26 42 44 0
26 44 53 0
27 29 30 0
27 29 53 0
27 30 1498 0
27 34 35 0
27 34 1497 0
27 35 53 0
27 1497 1498 0
28 29 30 0
28 29 44 0
28 30 1445 0
28 43 44 0
28 43 3600 0
28 1445 3601 0
28 3600 3601 0
29 44 53 0
31 33 34 0
31 33 3590 0
31 34 35 0
31 35 36 0
31 36 52 0
31 52 3591 0
31 3590 3591 0
32 33 3573 0
32 33 3590 0
32 3569 3573 0
32 3569 3586 0
32 3586 3589 0
32 3589 3590 0
35 36 53 0
36 39 47 0
36 47 52 0
37 47 52 0
37 47 114 0
37 52 3591 0
38 39 45 0
38 39 46 0
38 45 74 0
38 46 51 0
38 51 73 0
38 73 74 0
39 42 45 0
39 46 47 0
40 41 54 0
40 41 71 0
40 54 56 0
40 56 57 0
40 57 60 0
40 60 3599 0
40 71 3599 0
41 42 45 0
41 42 54 0
41 45 74 0
41 70 71 0
41 70 74 0
42 43 44 0
42 43 54 0
43 54 56 0
43 55 56 0
43 55 3600 0
46 47 114 0
46 51 110 0
46 110 114 0
48 50 75 0
48 50 111 0
48 75 78 0
48 78 84 0
48 84 91 0
48 91 3597 0
48 111 3597 0
49 2286 2287 0
49 2286 2294 0
49 2287 2288 0
50 51 73 0
50 51 110 0
50 73 75 0
50 110 111 0
55 56 57 0
55 57 63 0
55 63 64 0
55 64 3600 0
57 60 68 0
57 63 65 0
57 65 68 0
58 67 1542 0
58 67 3598 0
58 1542 2301 0
58 2301 2302 0
58 2302 3598 0
59 60 68 0
59 60 3599 0
59 67 68 0
59 67 3598 0
59 3598 3599 0
61 1433 1435 0
61 1433 1437 0
61 1435 2532 0
61 1437 3671 0
61 2532 3672 0
61 3671 3672 0
62 63 1438 0
62 63 3673 0
62 1437 1438 0
62 1437 3671 0
62 3670 3671 0
62 3670 3673 0
63 64 1438 0
63 65 3673 0
64 1434 1510 0
64 1434 3602 0
64 1438 1510 0
64 3600 3601 0
64 3601 3602 0
65 68 3668 0
65 3668 3669 0
65 3669 3673 0
66 67 68 0
66 67 1542 0
66 68 3668 0
66 1540 1542 0
66 1540 3668 0
69 70 72 0
69 70 3599 0
69 72 2303 0
69 2302 2303 0
69 2302 3598 0
69 3598 3599 0
70 71 3599 0
70 72 73 0
70 73 74 0
72 73 76 0
73 75 76 0
75 76 83 0
75 78 83 0
76 81 83 0
77 78 82 0
77 78 84 0
77 82 2165 0
77 84 90 0
77 90 2189 0
77 2165 2189 0
78 82 83 0
79 81 82 0
79 81 3662 0
79 82 2165 0
79 2165 2188 0
79 2188 3662 0
80 2431 2432 0
80 2432 2447 0
80 2447 2448 0
81 82 83 0
84 90 92 0
84 91 92 0
85 140 144 0
85 140 2132 0
85 144 145 0
85 145 2227 0
85 2132 2227 0
86 98 115 0
86 98 129 0
86 115 119 0
86 119 121 0
86 120 121 0
86 120 137 0
86 129 137 0
87 91 95 0
87 91 2204 0
87 95 97 0
87 97 139 0
87 139 2203 0
87 2203 2204 0
88 133 3595 0
88 133 3657 0
88 2199 2200 0
88 2199 3657 0
88 2200 2201 0
88 2201 2202 0
88 2202 3595 0
89 90 92 0
89 90 2189 0
89 92 2202 0
89 2164 2189 0
89 2164 2200 0
89 2200 2201 0
89 2201 2202 0
91 92 2204 0
91 95 3597 0
92 2202 2204 0
93 94 99 0
93 94 112 0
93 99 101 0
93 101 105 0
93 105 113 0
93 112 113 0
94 95 99 0
94 95 3597 0
94 111 112 0
94 111 3597 0
95 97 99 0
96 97 98 0
96 97 99 0
96 98 115 0
96 99 101 0
96 101 103 0
96 102 103 0
96 102 124 0
96 115 124 0
97 98 139 0
98 129 130 0
98 130 139 0
100 103 106 0
100 103 215 0
100 106 107 0
100 107 216 0
100 215 216 0
101 103 106 0
101 105 106 0
102 103 215 0
102 123 124 0
102 123 126 0
102 126 215 0
104 105 106 0
104 105 108 0
104 106 107 0
104 107 3587 0
104 108 3588 0
104 3587 3588 0
105 108 113 0
107 216 3585 0
107 3584 3585 0
107 3584 3587 0
108 109 113 0
109 110 112 0
109 110 114 0
109 112 113 0
110 111 112 0
115 119 123 0
115 123 124 0
116 125 203 0
116 125 3596 0
116 165 167 0
116 165 194 0
116 167 191 0
116 191 203 0
116 194 3596 0
117 186 187 0
117 186 196 0
117 196 198 0
118 119 121 0
118 119 123 0
118 121 122 0
118 122 3596 0
118 123 127 0
118 127 3596 0
120 121 122 0
120 122 149 0
120 137 151 0
120 149 150 0
120 150 151 0
122 149 153 0
122 153 194 0
122 194 3596 0
123 126 127 0
125 126 127 0
125 126 202 0
125 127 3596 0
125 202 203 0
126 202 207 0
126 207 215 0
128 129 130 0
128 129 132 0
128 130 2203 0
128 132 134 0
128 133 134 0
128 133 3595 0
128 2202 2203 0
128 2202 3595 0
129 132 138 0
129 137 138 0
130 139 2203 0
131 132 134 0
131 132 138 0
131 134 135 0
131 135 140 0
131 138 3717 0
131 140 143 0
131 143 3717 0
133 134 135 0
133 135 3657 0
135 140 2132 0
135 2132 2196 0
135 2196 3657 0
136 137 138 0
136 137 151 0
136 138 3717 0
136 150 151 0
136 150 3716 0
136 3716 3717 0
140 143 144 0
141 142 2285 0
141 142 3655 0
141 2285 3650 0
141 3650 3654 0
141 3654 3655 0
142 143 144 0
142 143 147 0
142 144 2297 0
142 147 3655 0
142 2285 2297 0
143 147 3716 0
143 3716 3717 0
144 145 2297 0
145 2226 2227 0
145 2226 2230 0
145 2230 2231 0
145 2231 2297 0
146 147 3655 0
146 147 3716 0
146 3654 3655 0
146 3654 3715 0
146 3715 3716 0
148 149 150 0
148 149 154 0
148 150 3715 0
148 154 162 0
148 162 3653 0
148 3653 3715 0
149 153 154 0
150 3715 3716 0
152 153 154 0
152 153 165 0
152 154 158 0
152 158 164 0
152 164 193 0
152 165 193 0
153 165 194 0
154 158 162 0
155 161 200 0
155 161 2291 0
155 2291 2292 0
156 197 198 0
156 197 199 0
156 199 200 0
157 158 160 0
157 158 164 0
157 160 161 0
157 161 199 0
157 164 195 0
157 195 199 0
158 160 162 0
159 160 161 0
159 160 162 0
159 161 2293 0
159 162 3653 0
159 2293 3652 0
159 3652 3653 0
161 199 200 0
161 2291 2293 0
163 164 166 0
163 164 195 0
163 166 3592 0
163 188 196 0
163 188 3592 0
163 195 196 0
164 166 193 0
165 167 193 0
166 167 170 0
166 167 193 0
166 170 189 0
166 189 3592 0
167 170 192 0
167 191 192 0
168 185 228 0
168 185 304 0
168 226 227 0
168 226 229 0
168 227 228 0
168 229 303 0
168 303 304 0
169 170 172 0
169 170 3583 0
169 172 175 0
169 175 227 0
169 227 3581 0
169 3581 3583 0
170 172 189 0
170 192 3583 0
171 172 176 0
171 172 189 0
171 176 188 0
171 188 3592 0
171 189 3592 0
172 175 176 0
173 179 180 0
173 180 3594 0
173 3593 3594 0
174 175 176 0
174 175 184 0
174 176 178 0
174 178 180 0
174 180 183 0
174 183 184 0
175 184 228 0
175 227 228 0
176 178 188 0
177 178 179 0
177 178 186 0
177 186 187 0
178 179 180 0
178 186 188 0
180 183 3594 0
181 182 321 0
181 182 3593 0
181 183 185 0
181 183 3594 0
181 185 305 0
181 305 308 0
181 308 321 0
181 3593 3594 0
182 321 322 0
183 184 185 0
184 185 228 0
185 304 305 0
186 188 196 0
190 204 209 0
190 204 3582 0
190 209 213 0
190 213 3580 0
190 3580 3582 0
191 192 3582 0
191 203 204 0
191 204 3582 0
192 3582 3583 0
195 196 197 0
195 197 199 0
196 197 198 0
201 202 203 0
201 202 207 0
201 203 204 0
201 204 208 0
201 207 208 0
204 208 209 0
205 208 209 0
205 208 221 0
205 209 212 0
205 212 214 0
205 214 218 0
205 218 221 0
206 207 208 0
206 207 215 0
206 208 221 0
206 215 216 0
206 216 217 0
206 217 221 0
209 212 213 0
210 222 223 0
210 222 326 0
210 223 224 0
210 224 233 0
210 233 235 0
210 235 326 0
211 212 213 0
211 212 214 0
211 213 225 0
211 214 222 0
211 222 223 0
211 223 225 0
213 225 3579 0
213 3579 3580 0
214 222 3564 0
216 217 3585 0
217 218 219 0
217 218 221 0
217 219 220 0
217 220 3585 0
219 220 3567 0
219 3559 3563 0
219 3559 3567 0
220 3567 3574 0
220 3574 3584 0
220 3584 3585 0
222 326 3565 0
222 3564 3565 0
223 224 225 0
224 225 3579 0
224 229 232 0
224 229 3579 0
224 232 233 0
226 227 3581 0
226 229 3579 0
226 3579 3580 0
226 3580 3581 0
229 232 303 0
230 237 244 0
230 237 3714 0
230 244 311 0
230 309 311 0
230 309 3714 0
231 232 233 0
231 232 303 0
231 233 236 0
231 236 237 0
231 237 3714 0
231 303 3714 0
233 235 236 0
234 235 236 0
234 235 324 0
234 236 237 0
234 237 243 0
234 243 300 0
234 300 324 0
235 324 326 0
237 243 244 0
238 272 788 0
238 272 791 0
238 785 786 0
238 785 792 0
238 786 788 0
238 791 792 0
239 761 762 0
239 761 780 0
239 778 779 0
239 778 780 0
240 751 752 0
240 751 758 0
240 752 754 0
241 248 250 0
241 248 282 0
241 250 252 0
241 252 255 0
241 255 270 0
241 270 275 0
241 275 282 0
242 243 244 0
242 243 249 0
242 244 247 0
242 247 253 0
242 249 250 0
242 250 253 0
243 249 301 0
243 300 301 0
244 247 311 0
245 263 317 0
245 263 757 0
245 315 317 0
246 247 310 0
246 247 3577 0
246 310 319 0
246 314 316 0
246 314 319 0
246 316 3577 0
247 253 264 0
247 264 3577 0
247 310 311 0
248 249 250 0
248 249 301 0
248 282 284 0
248 284 301 0
250 252 253 0
251 252 253 0
251 252 255 0
251 253 264 0
251 255 256 0
251 256 260 0
251 260 264 0
254 255 256 0
254 255 270 0
254 256 787 0
254 270 271 0
254 271 788 0
254 786 787 0
254 786 788 0
256 260 266 0
256 266 787 0
257 749 750 0
257 749 783 0
257 750 3578 0
257 783 784 0
257 784 3578 0
258 265 266 0
258 265 3578 0
258 266 787 0
258 784 787 0
258 784 3578 0
259 260 262 0
259 260 265 0
259 262 756 0
259 265 268 0
259 268 755 0
259 755 756 0
260 262 264 0
260 265 266 0
261 262 264 0
261 262 756 0
261 263 316 0
261 263 756 0
261 264 3577 0
261 316 3577 0
263 316 317 0
263 755 756 0
263 755 757 0
265 268 3578 0
267 268 750 0
267 268 752 0
267 750 751 0
267 751 752 0
268 750 3578 0
268 752 755 0
269 270 271 0
269 270 276 0
269 271 273 0
269 273 796 0
269 276 279 0
269 279 796 0
270 275 276 0
271 273 788 0
272 273 788 0
272 273 796 0
272 791 795 0
272 795 796 0
274 275 276 0
274 275 282 0
274 276 280 0
274 280 281 0
274 281 286 0
274 282 286 0
276 279 280 0
277 290 294 0
277 290 870 0
277 294 295 0
277 295 805 0
277 805 879 0
277 808 870 0
277 808 879 0
278 280 293 0
278 280 298 0
278 293 294 0
278 294 298 0
279 280 298 0
279 298 796 0
280 281 293 0
281 285 286 0
281 285 289 0
281 289 292 0
281 292 293 0
282 284 286 0
283 284 285 0
283 284 299 0
283 285 288 0
283 288 297 0
283 297 323 0
283 299 323 0
284 285 286 0
284 299 301 0
285 288 289 0
287 288 289 0
287 288 3576 0
287 289 291 0
287 291 335 0
287 329 335 0
287 329 3576 0
288 297 3576 0
289 291 292 0
290 291 292 0
290 291 3710 0
290 292 293 0
290 293 294 0
290 870 3710 0
294 295 298 0
295 298 796 0
295 796 797 0
295 797 801 0
295 801 805 0
296 327 328 0
296 327 3566 0
296 328 3575 0
296 3561 3562 0
296 3561 3566 0
296 3562 3575 0
297 323 327 0
297 327 328 0
297 328 329 0
297 329 3576 0
299 300 301 0
299 300 324 0
299 323 324 0
302 303 304 0
302 303 3714 0
302 304 305 0
302 305 307 0
302 307 309 0
302 309 3714 0
305 307 308 0
306 307 309 0
306 307 320 0
306 309 310 0
306 310 319 0
306 319 320 0
307 308 320 0
308 321 322 0
309 310 311 0
312 313 314 0
312 313 318 0
312 314 319 0
312 319 320 0
313 314 315 0
314 315 317 0
314 316 317 0
323 324 325 0
323 325 327 0
324 325 326 0
325 326 3565 0
325 327 3566 0
325 3565 3566 0
328 329 3575 0
329 334 335 0
329 334 3575 0
330 331 333 0
330 331 3560 0
330 333 337 0
330 337 343 0
330 343 3558 0
330 3558 3560 0
331 333 334 0
331 334 3575 0
331 3560 3562 0
331 3562 3575 0
332 333 334 0
332 333 338 0
332 334 335 0
332 335 877 0
332 338 875 0
332 875 877 0
333 337 338 0
336 337 338 0
336 337 341 0
336 338 3555 0
336 341 3554 0
336 3554 3555 0
337 341 343 0
338 340 875 0
338 340 3555 0
339 368 373 0
339 368 876 0
339 373 375 0
339 375 377 0
339 377 872 0
339 871 872 0
339 871 876 0
340 368 876 0
340 368 3555 0
340 874 875 0
340 874 876 0
341 343 344 0
341 346 3554 0
342 343 344 0
342 343 3558 0
342 344 3571 0
342 3557 3558 0
342 3557 3568 0
342 3568 3571 0
345 346 3554 0
345 346 3556 0
345 354 355 0
345 354 3556 0
345 355 3554 0
346 347 3556 0
347 349 1491 0
347 1490 1491 0
347 1490 1500 0
347 1500 3556 0
348 349 1491 0
348 349 3570 0
348 1491 3679 0
348 3570 3572 0
348 3572 3679 0
349 3570 3571 0
350 353 367 0
350 353 1489 0
350 366 367 0
350 366 3680 0
350 1489 3680 0
351 353 354 0
351 353 1489 0
351 354 3556 0
351 1489 1500 0
351 1500 3556 0
352 353 354 0
352 353 356 0
352 354 369 0
352 356 371 0
352 369 370 0
352 370 371 0
353 356 367 0
354 355 369 0
355 368 369 0
355 368 3555 0
355 3554 3555 0
356 358 367 0
357 358 360 0
357 358 366 0
357 360 362 0
357 362 364 0
357 364 365 0
357 365 366 0
358 360 407 0
358 366 367 0
359 360 362 0
359 360 407 0
359 362 3689 0
359 403 405 0
359 403 3552 0
359 405 407 0
359 3552 3689 0
361 362 3687 0
361 362 3689 0
361 1054 3688 0
361 1054 3689 0
361 3686 3687 0
361 3686 3688 0
362 364 3687 0
363 364 1485 0
363 364 3687 0
363 1482 1485 0
363 1482 3686 0
363 3686 3687 0
364 365 1485 0
365 366 3680 0
365 1484 1485 0
365 1484 1487 0
365 1487 3680 0
368 369 370 0
368 370 373 0
370 371 372 0
370 372 378 0
370 373 378 0
371 372 408 0
372 378 380 0
372 380 381 0
372 381 406 0
372 406 408 0
373 375 378 0
374 375 377 0
374 375 378 0
374 377 383 0
374 378 380 0
374 380 389 0
374 383 389 0
376 377 387 0
376 377 872 0
376 384 387 0
376 384 809 0
376 809 878 0
376 872 878 0
377 383 387 0
379 380 381 0
379 380 389 0
379 381 400 0
379 389 404 0
379 393 400 0
379 393 404 0
381 400 402 0
381 402 406 0
382 383 384 0
382 383 390 0
382 384 386 0
382 386 483 0
382 390 398 0
382 398 483 0
383 384 387 0
383 389 390 0
384 386 807 0
384 807 809 0
385 386 483 0
385 386 807 0
385 481 483 0
385 807 881 0
388 389 390 0
388 389 404 0
388 390 398 0
388 397 398 0
388 397 404 0
391 454 458 0
391 454 3712 0
391 458 459 0
391 459 460 0
391 460 3713 0
391 3712 3713 0
392 393 396 0
392 393 400 0
392 396 460 0
392 400 402 0
392 402 461 0
392 460 461 0
393 396 397 0
393 397 404 0
394 399 474 0
394 399 3553 0
394 463 465 0
394 463 3553 0
394 465 492 0
394 473 474 0
394 473 492 0
395 396 397 0
395 396 462 0
395 397 398 0
395 398 399 0
395 399 3553 0
395 462 3553 0
396 459 460 0
396 459 462 0
398 399 483 0
399 474 482 0
399 482 483 0
401 402 403 0
401 402 461 0
401 403 411 0
401 411 413 0
401 413 415 0
401 414 415 0
401 414 461 0
402 403 406 0
403 405 406 0
403 411 3552 0
405 406 408 0
405 407 408 0
409 410 422 0
409 410 1053 0
409 422 423 0
409 423 1043 0
409 1043 1052 0
409 1052 1053 0
410 411 422 0
410 411 3552 0
410 1053 3689 0
410 3552 3689 0
411 413 422 0
412 413 415 0
412 413 422 0
412 415 417 0
412 417 421 0
412 421 424 0
412 422 424 0
414 415 3713 0
414 460 461 0
414 460 3713 0
415 417 3713 0
416 417 426 0
416 417 3713 0
416 426 447 0
416 447 448 0
416 448 3712 0
416 3712 3713 0
417 421 426 0
418 3182 3196 0
418 3182 3201 0
418 3196 3206 0
418 3199 3200 0
418 3199 3206 0
418 3200 3201 0
419 3176 3177 0
419 3176 3192 0
419 3177 3181 0
419 3181 3208 0
419 3192 3209 0
419 3208 3209 0
420 421 426 0
420 421 3210 0
420 426 430 0
420 430 3190 0
420 3190 3209 0
420 3209 3210 0
421 424 425 0
421 425 3210 0
422 423 424 0
423 424 425 0
423 425 3551 0
423 1043 1045 0
423 1045 3551 0
425 3192 3209 0
425 3192 3551 0
425 3209 3210 0
426 430 447 0
427 440 1029 0
427 440 1036 0
427 1029 1030 0
427 1030 1040 0
427 1036 1037 0
427 1037 1039 0
427 1039 1040 0
428 431 432 0
428 431 442 0
428 432 435 0
428 435 437 0
428 437 439 0
428 439 442 0
429 430 431 0
429 430 447 0
429 431 432 0
429 432 450 0
429 447 450 0
430 431 3190 0
431 442 3184 0
431 3183 3184 0
431 3183 3190 0
432 435 449 0
432 449 450 0
433 451 452 0
433 451 456 0
433 452 453 0
433 453 469 0
433 456 470 0
433 469 471 0
433 470 471 0
434 435 449 0
434 435 1021 0
434 449 452 0
434 452 453 0
434 453 1006 0
434 1006 1021 0
435 437 1021 0
436 437 1021 0
436 437 1035 0
436 1006 1021 0
436 1006 1037 0
436 1035 1036 0
436 1036 1037 0
437 439 1035 0
438 439 440 0
438 439 443 0
438 440 1028 0
438 443 445 0
438 445 1027 0
438 1027 1028 0
439 440 1035 0
439 442 443 0
440 1028 1029 0
440 1035 1036 0
441 443 3189 0
441 443 3207 0
441 3185 3186 0
441 3185 3189 0
441 3186 3207 0
442 443 3189 0
442 3184 3189 0
443 445 3207 0
444 445 446 0
444 445 3207 0
444 446 3619 0
444 3188 3207 0
444 3188 3618 0
444 3618 3619 0
445 446 1027 0
446 1026 1027 0
446 1026 3622 0
446 3619 3620 0
446 3620 3622 0
447 448 450 0
448 449 450 0
448 449 451 0
448 451 454 0
448 454 3712 0
449 451 452 0
451 454 456 0
453 469 516 0
453 516 1007 0
453 1006 1007 0
454 455 456 0
454 455 464 0
454 458 464 0
455 456 470 0
455 464 465 0
455 465 1003 0
455 470 1003 0
457 458 459 0
457 458 464 0
457 459 462 0
457 462 463 0
457 463 464 0
462 463 3553 0
463 464 465 0
465 491 492 0
465 491 1003 0
466 494 510 0
466 494 1005 0
466 510 513 0
466 513 514 0
466 514 1004 0
466 1004 1005 0
467 623 624 0
467 623 628 0
467 628 631 0
468 469 471 0
468 469 516 0
468 471 1000 0
468 514 517 0
468 514 1004 0
468 516 517 0
468 1000 1004 0
470 471 1002 0
470 1002 1003 0
471 1000 1002 0
472 473 475 0
472 473 486 0
472 475 478 0
472 478 479 0
472 479 837 0
472 486 488 0
472 487 488 0
472 487 837 0
473 474 475 0
473 486 492 0
474 475 476 0
474 476 482 0
475 476 478 0
476 478 480 0
476 481 482 0
477 478 479 0
477 478 480 0
477 479 818 0
477 480 804 0
477 804 818 0
479 818 838 0
479 832 837 0
479 832 838 0
481 482 483 0
484 489 508 0
484 489 3708 0
484 496 501 0
484 496 508 0
484 501 834 0
484 834 3708 0
485 486 488 0
485 486 491 0
485 488 489 0
485 489 490 0
485 490 1001 0
485 491 1001 0
486 491 492 0
487 488 489 0
487 489 3708 0
487 833 837 0
487 833 3708 0
489 490 495 0
489 495 508 0
490 494 495 0
490 494 1005 0
490 1001 1005 0
491 1001 1002 0
491 1002 1003 0
493 494 495 0
493 494 511 0
493 495 496 0
493 496 506 0
493 506 507 0
493 507 549 0
493 511 549 0
494 510 511 0
495 496 508 0
496 501 504 0
496 503 504 0
496 503 506 0
497 654 655 0
497 654 959 0
497 655 659 0
497 659 3690 0
497 959 974 0
497 973 974 0
497 973 3690 0
498 848 850 0
498 848 853 0
498 850 989 0
498 853 985 0
498 977 984 0
498 977 989 0
498 984 985 0
499 500 505 0
499 500 835 0
499 505 851 0
499 829 835 0
499 829 839 0
499 839 844 0
499 844 852 0
499 851 852 0
500 501 504 0
500 501 834 0
500 504 505 0
500 834 835 0
502 503 506 0
502 503 853 0
502 506 507 0
502 507 983 0
502 853 985 0
502 983 985 0
503 504 505 0
503 505 853 0
505 851 853 0
507 544 549 0
507 544 981 0
507 981 983 0
509 510 511 0
509 510 999 0
509 511 544 0
509 539 544 0
509 539 545 0
509 545 999 0
510 513 999 0
511 544 549 0
512 513 514 0
512 513 999 0
512 514 518 0
512 518 524 0
512 524 525 0
512 525 999 0
514 517 518 0
515 516 517 0
515 516 1007 0
515 517 518 0
515 518 522 0
515 522 1009 0
515 1007 1009 0
518 522 524 0
519 553 593 0
519 553 997 0
519 588 593 0
519 588 2966 0
519 997 1017 0
519 1017 2965 0
519 2965 2966 0
520 523 528 0
520 523 1011 0
520 528 1022 0
520 1011 1013 0
520 1013 1018 0
520 1018 1022 0
521 522 523 0
521 522 524 0
521 523 528 0
521 524 525 0
521 525 527 0
521 527 528 0
522 523 1009 0
523 1008 1009 0
523 1008 1019 0
523 1011 1019 0
525 527 537 0
525 537 545 0
525 545 999 0
526 527 528 0
526 527 537 0
526 528 529 0
526 529 998 0
526 536 537 0
526 536 998 0
528 529 1022 0
529 552 997 0
529 552 998 0
529 997 1017 0
529 1017 1018 0
529 1018 1022 0
530 556 566 0
530 556 990 0
530 563 566 0
530 563 636 0
530 636 970 0
530 970 990 0
531 573 595 0
531 573 596 0
531 596 599 0
532 547 550 0
532 547 996 0
532 550 551 0
532 551 555 0
532 555 995 0
532 995 996 0
533 536 550 0
533 536 998 0
533 550 551 0
533 551 552 0
533 552 998 0
534 535 538 0
534 535 548 0
534 538 539 0
534 539 540 0
534 540 543 0
534 543 548 0
535 536 538 0
535 536 550 0
535 547 548 0
535 547 550 0
536 537 538 0
537 538 539 0
537 539 545 0
539 540 544 0
540 543 987 0
540 544 981 0
540 981 987 0
541 971 982 0
541 971 992 0
541 976 982 0
541 976 988 0
541 988 993 0
541 992 993 0
542 543 548 0
542 543 987 0
542 548 993 0
542 986 987 0
542 986 988 0
542 988 993 0
546 547 548 0
546 547 996 0
546 548 993 0
546 991 992 0
546 991 996 0
546 992 993 0
551 552 553 0
551 553 592 0
551 555 592 0
552 553 997 0
553 591 592 0
553 591 593 0
554 555 610 0
554 555 611 0
554 557 560 0
554 557 610 0
554 560 568 0
554 568 611 0
555 592 611 0
555 610 995 0
556 557 566 0
556 557 610 0
556 610 995 0
556 990 991 0
556 991 996 0
556 995 996 0
557 560 563 0
557 563 566 0
558 560 562 0
558 560 569 0
558 562 594 0
558 569 572 0
558 572 573 0
558 573 594 0
559 612 614 0
559 612 618 0
559 613 614 0
559 618 619 0
560 562 563 0
560 568 569 0
561 562 563 0
561 562 615 0
561 563 636 0
561 615 635 0
561 635 636 0
562 565 594 0
562 565 615 0
564 565 594 0
564 565 614 0
564 594 595 0
564 613 614 0
565 614 615 0
567 568 574 0
567 568 590 0
567 574 576 0
567 576 578 0
567 578 580 0
567 580 590 0
568 569 574 0
568 589 590 0
568 589 611 0
569 572 574 0
570 601 602 0
570 602 605 0
570 605 606 0
571 572 574 0
571 572 596 0
571 574 576 0
571 576 609 0
571 596 598 0
571 598 609 0
572 573 596 0
573 594 595 0
575 576 578 0
575 576 609 0
575 578 2977 0
575 600 602 0
575 600 609 0
575 602 2977 0
577 578 581 0
577 578 2977 0
577 581 585 0
577 585 2976 0
577 2976 2977 0
578 580 581 0
579 580 581 0
579 580 589 0
579 581 583 0
579 583 588 0
579 588 593 0
579 589 591 0
579 591 593 0
580 589 590 0
581 583 585 0
582 583 584 0
582 583 588 0
582 584 2963 0
582 588 2966 0
582 2962 2963 0
582 2962 2966 0
583 584 585 0
584 585 3630 0
584 2963 2964 0
584 2964 3630 0
585 587 2976 0
585 587 3630 0
586 2939 2944 0
586 2939 2949 0
586 2944 2945 0
586 2945 2975 0
586 2949 2974 0
586 2974 2975 0
587 2951 2974 0
587 2951 3630 0
587 2974 2975 0
587 2975 2976 0
589 591 611 0
591 592 611 0
596 598 599 0
597 598 599 0
597 598 600 0
597 600 601 0
598 600 609 0
600 601 602 0
602 605 608 0
602 608 2977 0
603 604 606 0
603 604 2947 0
603 605 606 0
603 605 3629 0
603 2946 2947 0
603 2946 3629 0
605 608 3629 0
607 608 2977 0
607 608 3629 0
607 2945 2975 0
607 2945 3629 0
607 2975 2976 0
607 2976 2977 0
612 614 615 0
612 615 635 0
612 618 620 0
612 620 635 0
616 620 634 0
616 620 637 0
616 634 964 0
616 637 970 0
616 963 964 0
616 963 968 0
616 968 970 0
617 618 619 0
617 618 622 0
617 622 623 0
617 623 624 0
618 620 622 0
620 622 634 0
620 635 637 0
621 622 623 0
621 622 634 0
621 623 628 0
621 628 966 0
621 634 964 0
621 964 966 0
625 628 630 0
625 628 966 0
625 630 994 0
625 638 967 0
625 638 994 0
625 965 966 0
625 965 967 0
626 920 927 0
626 926 927 0
626 926 929 0
626 929 930 0
627 938 941 0
627 941 942 0
627 942 943 0
628 630 631 0
629 630 631 0
629 630 633 0
629 633 943 0
630 633 994 0
632 638 640 0
632 638 944 0
632 640 645 0
632 645 940 0
632 940 944 0
633 638 944 0
633 638 994 0
633 942 943 0
633 942 944 0
635 636 637 0
636 637 970 0
638 640 967 0
639 640 642 0
639 640 645 0
639 642 643 0
639 643 974 0
639 645 958 0
639 958 959 0
639 959 974 0
640 642 967 0
641 642 643 0
641 642 967 0
641 643 962 0
641 962 963 0
641 963 965 0
641 965 967 0
643 962 972 0
643 972 973 0
643 973 974 0
644 645 646 0
644 645 958 0
644 646 934 0
644 650 653 0
644 650 934 0
644 653 958 0
645 646 940 0
646 931 932 0
646 931 940 0
646 932 934 0
647 952 953 0
647 952 3705 0
647 3693 3705 0
648 682 686 0
648 682 699 0
648 685 686 0
648 685 690 0
648 690 695 0
648 695 698 0
648 698 699 0
649 652 684 0
649 652 960 0
649 684 945 0
649 922 924 0
649 922 960 0
649 923 924 0
649 923 945 0
650 653 960 0
650 922 934 0
650 922 960 0
651 652 653 0
651 652 954 0
651 653 665 0
651 655 663 0
651 655 665 0
651 663 954 0
652 653 960 0
652 683 684 0
652 683 954 0
653 654 665 0
653 654 958 0
654 655 665 0
654 958 959 0
655 659 661 0
655 661 663 0
656 674 859 0
656 674 957 0
656 846 854 0
656 846 860 0
656 854 859 0
656 860 957 0
657 661 662 0
657 661 663 0
657 662 957 0
657 663 956 0
657 956 957 0
658 659 660 0
658 659 661 0
658 660 849 0
658 661 662 0
658 662 847 0
658 847 849 0
659 660 3690 0
660 849 989 0
660 975 978 0
660 975 3690 0
660 978 989 0
662 845 846 0
662 845 847 0
662 846 860 0
662 860 957 0
663 664 954 0
663 664 956 0
664 668 680 0
664 668 956 0
664 680 954 0
666 668 671 0
666 668 956 0
666 671 674 0
666 674 957 0
666 956 957 0
667 668 670 0
667 668 681 0
667 670 678 0
667 678 691 0
667 681 682 0
667 682 691 0
668 670 671 0
668 680 681 0
669 670 671 0
669 670 955 0
669 671 673 0
669 673 676 0
669 676 955 0
670 678 955 0
671 673 674 0
672 673 676 0
672 673 859 0
672 676 719 0
672 719 858 0
672 855 858 0
672 855 859 0
673 674 859 0
675 676 719 0
675 676 726 0
675 716 718 0
675 716 726 0
675 718 719 0
676 726 955 0
677 706 709 0
677 706 955 0
677 709 710 0
677 710 726 0
677 726 955 0
678 691 704 0
678 704 706 0
678 706 955 0
679 680 681 0
679 680 683 0
679 681 686 0
679 683 684 0
679 684 685 0
679 685 686 0
680 683 954 0
681 682 686 0
682 691 699 0
684 685 945 0
685 690 945 0
687 912 913 0
687 913 915 0
687 915 916 0
688 898 917 0
688 898 946 0
688 917 937 0
688 936 937 0
688 936 946 0
689 690 695 0
689 690 945 0
689 695 946 0
689 923 936 0
689 923 945 0
689 936 946 0
691 699 703 0
691 703 704 0
692 895 3691 0
692 906 907 0
692 906 3691 0
693 696 899 0
693 696 949 0
693 894 947 0
693 894 948 0
693 899 947 0
693 948 949 0
694 695 696 0
694 695 946 0
694 696 899 0
694 898 899 0
694 898 946 0
695 696 698 0
696 698 949 0
697 698 699 0
697 698 949 0
697 699 890 0
697 890 949 0
699 703 890 0
700 776 3700 0
700 3698 3699 0
700 3698 3700 0
701 702 705 0
701 702 3695 0
701 705 3703 0
701 3695 3704 0
701 3702 3703 0
701 3702 3704 0
702 703 705 0
702 703 890 0
702 890 891 0
702 891 3695 0
703 704 705 0
704 705 706 0
705 706 3703 0
706 709 3703 0
707 711 714 0
707 711 3706 0
707 714 772 0
707 772 777 0
707 777 3701 0
707 3701 3706 0
708 709 710 0
708 709 3703 0
708 710 711 0
708 711 3706 0
708 3702 3703 0
708 3702 3706 0
710 711 715 0
710 715 716 0
710 716 726 0
711 714 887 0
711 715 887 0
712 720 722 0
712 720 728 0
712 722 724 0
712 724 725 0
712 725 728 0
713 714 727 0
713 714 781 0
713 727 729 0
713 729 730 0
713 730 768 0
713 765 768 0
713 765 781 0
714 727 887 0
714 772 781 0
715 716 720 0
715 720 728 0
715 728 887 0
716 718 720 0
717 718 720 0
717 718 858 0
717 720 722 0
717 722 857 0
717 856 857 0
717 856 858 0
718 719 858 0
721 722 724 0
721 722 857 0
721 724 3723 0
721 857 869 0
721 869 3723 0
723 724 886 0
723 724 3723 0
723 868 884 0
723 868 3723 0
723 884 886 0
724 725 886 0
725 727 728 0
725 727 729 0
725 729 730 0
725 730 885 0
725 885 886 0
727 728 887 0
730 734 768 0
730 734 885 0
731 737 883 0
731 737 885 0
731 883 884 0
731 884 886 0
731 885 886 0
732 734 736 0
732 734 769 0
732 736 740 0
732 740 743 0
732 742 743 0
732 742 769 0
733 747 748 0
733 748 782 0
733 763 764 0
733 763 782 0
734 736 737 0
734 737 885 0
734 767 768 0
734 767 769 0
735 736 789 0
735 736 883 0
735 789 792 0
735 792 793 0
735 793 883 0
736 737 883 0
736 740 789 0
738 793 822 0
738 793 883 0
738 822 868 0
738 868 884 0
738 883 884 0
739 740 783 0
739 740 789 0
739 783 784 0
739 784 785 0
739 785 789 0
740 741 743 0
740 741 783 0
741 743 748 0
741 746 748 0
741 746 749 0
741 749 783 0
742 743 748 0
742 748 782 0
742 769 770 0
742 770 782 0
744 745 746 0
744 745 758 0
744 746 747 0
745 746 749 0
745 749 750 0
745 750 751 0
745 751 758 0
746 747 748 0
752 753 754 0
752 753 755 0
753 755 757 0
759 760 761 0
759 760 763 0
759 761 766 0
759 763 770 0
759 766 767 0
759 767 770 0
760 761 762 0
760 763 764 0
761 766 780 0
763 770 782 0
765 766 767 0
765 766 780 0
765 767 768 0
765 771 780 0
765 771 781 0
767 769 770 0
771 772 774 0
771 772 781 0
771 774 778 0
771 778 780 0
772 774 777 0
773 774 775 0
773 774 778 0
773 775 776 0
773 778 779 0
774 775 777 0
775 776 3700 0
775 777 3697 0
775 3697 3700 0
777 3697 3701 0
784 785 786 0
784 786 787 0
785 789 792 0
790 791 792 0
790 791 3707 0
790 792 3709 0
790 862 3707 0
790 862 3709 0
791 795 3707 0
792 793 3709 0
793 822 3709 0
794 795 796 0
794 795 3707 0
794 796 797 0
794 797 799 0
794 799 865 0
794 865 3707 0
797 799 802 0
797 801 802 0
798 811 813 0
798 811 882 0
798 813 867 0
798 866 867 0
798 866 882 0
799 802 882 0
799 865 866 0
799 866 882 0
800 801 802 0
800 801 805 0
800 802 803 0
800 803 880 0
800 805 806 0
800 806 880 0
802 803 882 0
803 804 811 0
803 804 3711 0
803 811 882 0
803 880 3711 0
804 811 818 0
805 806 879 0
806 807 808 0
806 807 881 0
806 808 879 0
806 880 881 0
807 808 809 0
808 809 870 0
809 810 870 0
809 810 878 0
810 870 3710 0
810 873 878 0
810 873 3710 0
811 813 818 0
812 813 815 0
812 813 818 0
812 815 817 0
812 817 827 0
812 818 838 0
812 827 838 0
813 815 867 0
814 815 817 0
814 815 867 0
814 817 819 0
814 819 823 0
814 823 824 0
814 824 864 0
814 864 867 0
816 817 819 0
816 817 828 0
816 819 820 0
816 820 861 0
816 828 831 0
816 831 861 0
817 827 828 0
819 820 825 0
819 823 825 0
820 825 869 0
820 842 857 0
820 842 861 0
820 857 869 0
821 823 825 0
821 823 863 0
821 825 3723 0
821 863 868 0
821 868 3723 0
822 862 863 0
822 862 3709 0
822 863 868 0
823 824 863 0
824 862 863 0
824 862 3707 0
824 864 865 0
824 865 3707 0
825 869 3723 0
826 827 828 0
826 827 832 0
826 828 829 0
826 829 836 0
826 832 833 0
826 833 836 0
827 832 838 0
828 829 831 0
829 830 831 0
829 830 839 0
829 835 836 0
830 831 861 0
830 839 841 0
830 841 842 0
830 842 861 0
832 833 837 0
833 834 836 0
833 834 3708 0
834 835 836 0
839 841 843 0
839 843 844 0
840 841 842 0
840 841 843 0
840 842 856 0
840 843 854 0
840 854 855 0
840 855 856 0
842 856 857 0
843 844 845 0
843 845 846 0
843 846 854 0
844 845 852 0
845 847 850 0
845 848 850 0
845 848 852 0
847 849 850 0
848 851 852 0
848 851 853 0
849 850 989 0
854 855 859 0
855 856 858 0
864 865 866 0
864 866 867 0
871 872 878 0
871 873 874 0
871 873 878 0
871 874 876 0
874 875 877 0
880 881 3711 0
888 891 951 0
888 891 3695 0
888 951 952 0
888 952 3705 0
888 3695 3705 0
889 890 891 0
889 890 949 0
889 891 951 0
889 948 949 0
889 948 951 0
892 895 950 0
892 950 953 0
893 948 950 0
893 948 951 0
893 950 953 0
893 951 952 0
893 952 953 0
894 895 950 0
894 895 3691 0
894 947 3691 0
894 948 950 0
896 899 900 0
896 899 947 0
896 900 911 0
896 905 906 0
896 905 911 0
896 906 947 0
897 898 899 0
897 898 917 0
897 899 900 0
897 900 902 0
897 902 913 0
897 913 917 0
900 902 911 0
901 902 909 0
901 902 912 0
901 909 910 0
902 909 911 0
902 912 913 0
903 904 905 0
903 904 908 0
903 905 911 0
903 908 910 0
903 909 910 0
903 909 911 0
904 905 907 0
905 906 907 0
906 947 3691 0
913 915 917 0
914 916 919 0
914 919 927 0
914 920 927 0
915 916 919 0
915 917 919 0
917 918 919 0
917 918 937 0
918 919 927 0
918 925 926 0
918 925 937 0
918 926 927 0
921 922 924 0
921 922 932 0
921 924 925 0
921 925 926 0
921 926 933 0
921 932 933 0
922 932 934 0
923 924 925 0
923 925 936 0
925 936 937 0
926 929 933 0
928 930 935 0
928 935 938 0
929 930 935 0
929 933 935 0
931 932 933 0
931 933 935 0
931 935 941 0
931 939 940 0
931 939 941 0
935 938 941 0
939 940 944 0
939 941 942 0
939 942 944 0
961 962 963 0
961 962 972 0
961 963 968 0
961 968 969 0
961 969 971 0
961 971 982 0
961 972 982 0
963 964 965 0
964 965 966 0
968 969 970 0
969 970 990 0
969 971 992 0
969 990 992 0
972 973 975 0
972 975 976 0
972 976 982 0
973 975 3690 0
975 976 979 0
975 978 979 0
976 979 986 0
976 986 988 0
977 978 979 0
977 978 989 0
977 979 986 0
977 980 984 0
977 980 986 0
980 981 983 0
980 981 987 0
980 983 984 0
980 986 987 0
983 984 985 0
990 991 992 0
1000 1001 1002 0
1000 1001 1005 0
1000 1004 1005 0
1006 1007 1037 0
1007 1009 1038 0
1007 1037 1038 0
1008 1009 1038 0
1008 1019 1039 0
1008 1038 1039 0
1010 1011 1013 0
1010 1011 1019 0
1010 1013 1015 0
1010 1015 1016 0
1010 1016 1020 0
1010 1019 1020 0
1012 1013 1018 0
1012 1013 3026 0
1012 1017 1018 0
1012 1017 2965 0
1012 2965 3026 0
1013 1015 3026 0
1014 1015 3021 0
1014 1015 3026 0
1014 3019 3021 0
1014 3019 3022 0
1014 3022 3025 0
1014 3025 3026 0
1015 1016 3021 0
1016 1020 1031 0
1016 1031 1032 0
1016 1032 3020 0
1016 3020 3021 0
1019 1020 1039 0
1020 1031 1040 0
1020 1039 1040 0
1023 1026 1027 0
1023 1026 1033 0
1023 1027 1028 0
1023 1028 1029 0
1023 1029 1034 0
1023 1033 1034 0
1024 3013 3017 0
1024 3013 3027 0
1024 3017 3053 0
1024 3027 3029 0
1024 3029 3052 0
1024 3052 3053 0
1025 1026 1033 0
1025 1026 3622 0
1025 1033 3054 0
1025 3051 3052 0
1025 3051 3622 0
1025 3052 3054 0
1029 1030 1034 0
1030 1031 1032 0
1030 1031 1040 0
1030 1032 1034 0
1032 1033 1034 0
1032 1033 3054 0
1032 3018 3020 0
1032 3018 3053 0
1032 3053 3054 0
1037 1038 1039 0
1041 1046 3191 0
1041 1046 3550 0
1041 3166 3167 0
1041 3166 3550 0
1041 3167 3191 0
1042 1043 1045 0
1042 1043 1052 0
1042 1045 1046 0
1042 1046 1048 0
1042 1048 1051 0
1042 1051 1052 0
1044 1045 1046 0
1044 1045 3551 0
1044 1046 3191 0
1044 3191 3192 0
1044 3192 3551 0
1046 1048 3550 0
1047 1048 1049 0
1047 1048 1056 0
1047 1049 3211 0
1047 1056 1059 0
1047 1059 3211 0
1048 1049 3550 0
1048 1051 1056 0
1049 3166 3168 0
1049 3166 3550 0
1049 3168 3169 0
1049 3169 3211 0
1050 1051 1055 0
1050 1051 1056 0
1050 1055 3688 0
1050 1056 1058 0
1050 1058 1065 0
1050 1065 3688 0
1051 1052 1055 0
1052 1053 1054 0
1052 1054 1055 0
1053 1054 3689 0
1054 1055 3688 0
1056 1058 1059 0
1057 1058 1059 0
1057 1058 1062 0
1057 1059 1060 0
1057 1060 1066 0
1057 1062 1063 0
1057 1063 1066 0
1058 1062 1065 0
1059 1060 3211 0
1060 1066 1471 0
1060 1073 1471 0
1060 1073 3211 0
1061 1062 1473 0
1061 1062 3681 0
1061 1473 1476 0
1061 1475 1476 0
1061 1475 1479 0
1061 1479 3681 0
1062 1063 1473 0
1062 1065 3681 0
1064 1065 3681 0
1064 1065 3686 0
1064 1482 3681 0
1064 1482 3686 0
1065 3686 3688 0
1067 1076 1079 0
1067 1076 1145 0
1067 1079 1167 0
1067 1139 1141 0
1067 1139 1167 0
1067 1141 1144 0
1067 1144 1145 0
1068 1075 1076 0
1068 1075 1472 0
1068 1076 1078 0
1068 1078 1087 0
1068 1087 1470 0
1068 1470 1472 0
1069 1073 1074 0
1069 1073 1471 0
1069 1074 1075 0
1069 1075 1472 0
1069 1471 1472 0
1070 1146 1150 0
1070 1146 3685 0
1070 1150 3113 0
1070 3113 3114 0
1070 3114 3684 0
1070 3684 3685 0
1071 1074 1075 0
1071 1074 3684 0
1071 1075 1171 0
1071 1171 3685 0
1071 3684 3685 0
1072 1073 1074 0
1072 1073 3169 0
1072 1074 3684 0
1072 3168 3169 0
1072 3168 3684 0
1073 3169 3211 0
1075 1076 1171 0
1076 1078 1079 0
1076 1145 1171 0
1077 1078 1079 0
1077 1078 1087 0
1077 1079 1081 0
1077 1081 1083 0
1077 1083 1121 0
1077 1087 1121 0
1079 1081 1167 0
1080 1081 1167 0
1080 1081 3549 0
1080 1084 1130 0
1080 1084 3549 0
1080 1124 1130 0
1080 1124 1166 0
1080 1139 1166 0
1080 1139 1167 0
1081 1083 3549 0
1082 1083 1084 0
1082 1083 1089 0
1082 1084 1117 0
1082 1089 1091 0
1082 1091 1120 0
1082 1117 1120 0
1083 1084 3549 0
1083 1089 1121 0
1084 1117 1118 0
1084 1118 1130 0
1085 1086 1088 0
1085 1086 1094 0
1085 1088 1463 0
1085 1094 3682 0
1085 1463 3682 0
1086 1087 1088 0
1086 1087 1121 0
1086 1089 1094 0
1086 1089 1121 0
1087 1088 1470 0
1088 1463 1470 0
1089 1091 1094 0
1090 1091 1093 0
1090 1091 1094 0
1090 1093 1100 0
1090 1094 1097 0
1090 1097 1099 0
1090 1099 1100 0
1091 1093 1120 0
1092 1093 1101 0
1092 1093 1116 0
1092 1101 1103 0
1092 1103 1111 0
1092 1111 1119 0
1092 1116 1119 0
1093 1100 1101 0
1093 1116 1120 0
1094 1097 3682 0
1095 1455 1456 0
1095 1455 1459 0
1095 1456 1457 0
1095 1457 1461 0
1095 1459 1461 0
1096 1097 1467 0
1096 1097 3682 0
1096 1460 1461 0
1096 1460 3682 0
1096 1461 1467 0
1097 1099 1467 0
1098 1108 1421 0
1098 1108 1466 0
1098 1421 1423 0
1098 1423 1426 0
1098 1426 1466 0
1099 1100 1108 0
1099 1108 1466 0
1099 1466 1467 0
1100 1101 1107 0
1100 1107 1108 0
1101 1103 1107 0
1102 1106 1107 0
1102 1106 1419 0
1102 1107 1108 0
1102 1108 1421 0
1102 1419 1421 0
1103 1106 1107 0
1103 1106 1115 0
1103 1111 1115 0
1104 1105 1418 0
1104 1105 2538 0
1104 1411 1413 0
1104 1411 1416 0
1104 1413 2537 0
1104 1416 1418 0
1104 2537 2538 0
1105 1106 1115 0
1105 1106 1419 0
1105 1115 2538 0
1105 1418 1419 0
1109 1297 1309 0
1109 1297 2541 0
1109 1309 2534 0
1109 2534 2540 0
1109 2540 2541 0
1110 1111 1113 0
1110 1111 1115 0
1110 1113 1114 0
1110 1114 2540 0
1110 1115 2539 0
1110 2539 2540 0
1111 1113 1119 0
1112 1113 1114 0
1112 1113 1119 0
1112 1114 1122 0
1112 1119 3548 0
1112 1122 3548 0
1114 1122 1296 0
1114 1296 2541 0
1114 2540 2541 0
1115 2536 2538 0
1115 2536 2539 0
1116 1117 1120 0
1116 1117 3548 0
1116 1119 3548 0
1117 1118 3548 0
1118 1122 1123 0
1118 1122 3548 0
1118 1123 1129 0
1118 1129 1130 0
1122 1123 1295 0
1122 1295 1296 0
1123 1125 1129 0
1124 1125 1129 0
1124 1125 1133 0
1124 1129 1130 0
1124 1133 1134 0
1124 1134 1166 0
1125 1128 1133 0
1126 1138 1155 0
1126 1138 1169 0
1126 1155 1157 0
1126 1157 1170 0
1126 1169 1170 0
1127 1132 1136 0
1127 1132 3547 0
1127 1136 1137 0
1127 1137 3544 0
1127 3544 3547 0
1128 1132 1133 0
1128 1132 3547 0
1128 1314 3547 0
1131 1132 1136 0
1131 1132 1172 0
1131 1134 1164 0
1131 1134 1172 0
1131 1135 1136 0
1131 1135 1165 0
1131 1162 1163 0
1131 1162 1165 0
1131 1163 1164 0
1132 1133 1172 0
1133 1134 1172 0
1134 1164 1166 0
1135 1136 1138 0
1135 1138 1155 0
1135 1155 1165 0
1136 1137 1138 0
1137 1138 1169 0
1137 1169 1186 0
1137 1186 1187 0
1137 1187 3544 0
1139 1141 1164 0
1139 1164 1166 0
1140 1141 1143 0
1140 1141 1163 0
1140 1143 1151 0
1140 1151 1153 0
1140 1153 1159 0
1140 1159 1163 0
1141 1143 1144 0
1141 1163 1164 0
1142 1143 1144 0
1142 1143 1149 0
1142 1144 1145 0
1142 1145 1146 0
1142 1146 1150 0
1142 1149 1150 0
1143 1149 1151 0
1145 1146 1171 0
1146 1171 3685 0
1147 3107 3129 0
1147 3107 3135 0
1147 3129 3130 0
1147 3130 3132 0
1147 3132 3133 0
1147 3133 3135 0
1148 1149 1151 0
1148 1149 3115 0
1148 1151 1153 0
1148 1153 3134 0
1148 3115 3132 0
1148 3132 3133 0
1148 3133 3134 0
1149 1150 3115 0
1150 3113 3115 0
1152 1153 1160 0
1152 1153 3134 0
1152 1160 1161 0
1152 1161 3141 0
1152 3134 3142 0
1152 3141 3142 0
1153 1159 1160 0
1154 1155 1161 0
1154 1155 1165 0
1154 1159 1160 0
1154 1159 1162 0
1154 1160 1161 0
1154 1162 1165 0
1155 1157 1161 0
1156 1157 1158 0
1156 1157 1161 0
1156 1158 3152 0
1156 1161 3141 0
1156 3141 3143 0
1156 3143 3152 0
1157 1158 1170 0
1158 1170 3159 0
1158 3147 3152 0
1158 3147 3157 0
1158 3157 3160 0
1158 3159 3160 0
1159 1162 1163 0
1168 1169 1170 0
1168 1169 1186 0
1168 1170 3159 0
1168 1185 1186 0
1168 1185 3163 0
1168 3159 3162 0
1168 3162 3163 0
1173 1290 1291 0
1173 1290 2546 0
1173 1291 1292 0
1173 1292 1317 0
1173 1317 1321 0
1173 1321 2546 0
1174 1175 1178 0
1174 1175 1314 0
1174 1178 1292 0
1174 1292 1310 0
1174 1310 1315 0
1174 1313 1314 0
1174 1313 1315 0
1175 1178 1179 0
1175 1179 3544 0
1175 1314 3547 0
1175 3544 3547 0
1176 1179 3544 0
1176 1179 3546 0
1176 1184 1185 0
1176 1184 3546 0
1176 1185 1187 0
1176 1187 3544 0
1177 1178 1179 0
1177 1178 1292 0
1177 1179 3546 0
1177 1291 1292 0
1177 1291 3546 0
1180 1181 1183 0
1180 1181 2547 0
1180 1183 1257 0
1180 1257 1264 0
1180 1263 1264 0
1180 1263 1288 0
1180 1288 2547 0
1181 1183 1184 0
1181 1184 3546 0
1181 1291 2547 0
1181 1291 3546 0
1182 1183 1190 0
1182 1183 3545 0
1182 1190 1192 0
1182 1192 1194 0
1182 1194 3163 0
1182 3163 3545 0
1183 1184 3545 0
1183 1190 1257 0
1184 1185 3545 0
1185 1186 1187 0
1185 3163 3545 0
1188 1189 1198 0
1188 1189 1244 0
1188 1198 1200 0
1188 1200 1202 0
1188 1202 1224 0
1188 1224 1244 0
1189 1190 1198 0
1189 1190 1257 0
1189 1244 1264 0
1189 1257 1264 0
1190 1192 1198 0
1191 1192 1194 0
1191 1192 1198 0
1191 1194 1195 0
1191 1195 2614 0
1191 1198 1200 0
1191 1200 2614 0
1193 1194 1195 0
1193 1194 3163 0
1193 1195 3161 0
1193 3161 3162 0
1193 3162 3163 0
1195 1197 3161 0
1196 1197 3161 0
1196 1197 3164 0
1196 3154 3157 0
1196 3154 3164 0
1196 3157 3158 0
1196 3158 3161 0
1197 2608 2609 0
1197 2609 3164 0
1199 1200 1202 0
1199 1200 2615 0
1199 1202 1203 0
1199 1203 1209 0
1199 1209 1216 0
1199 1216 2615 0
1200 2614 2615 0
1201 1202 1203 0
1201 1202 1256 0
1201 1203 1222 0
1201 1222 1233 0
1201 1233 1255 0
1201 1255 1256 0
1202 1224 1256 0
1203 1209 1211 0
1203 1211 1222 0
1204 1992 1993 0
1204 1992 2002 0
1204 2002 2003 0
1205 3390 3406 0
1205 3390 3424 0
1205 3405 3406 0
1205 3405 3409 0
1205 3407 3409 0
1205 3407 3422 0
1205 3422 3423 0
1205 3423 3424 0
1206 1250 1253 0
1206 1250 3408 0
1206 1253 1254 0
1206 1254 2562 0
1206 2562 3425 0
1206 3408 3425 0
1207 1212 1213 0
1207 1212 2561 0
1207 1213 1215 0
1207 1215 1221 0
1207 1221 2559 0
1207 2559 2560 0
1207 2560 2561 0
1208 1209 1211 0
1208 1209 1216 0
1208 1211 1212 0
1208 1212 1213 0
1208 1213 3543 0
1208 1216 3543 0
1210 1211 1222 0
1210 1211 1254 0
1210 1222 1233 0
1210 1233 1245 0
1210 1245 1253 0
1210 1253 1254 0
1211 1212 1254 0
1212 1254 2562 0
1212 2561 2562 0
1213 1215 3543 0
1214 1215 1216 0
1214 1215 3542 0
1214 1216 2610 0
1214 2610 2611 0
1214 2611 2612 0
1214 2612 3542 0
1215 1216 3543 0
1215 1220 1221 0
1215 1220 3542 0
1216 2610 2613 0
1216 2613 2615 0
1217 3480 3481 0
1217 3481 3482 0
1217 3482 3519 0
1218 2554 2555 0
1218 2554 2587 0
1218 2555 2640 0
1218 2587 3539 0
1218 2625 2640 0
1218 2625 3539 0
1219 1220 1221 0
1219 1220 2551 0
1219 1221 2566 0
1219 2551 2555 0
1219 2555 2564 0
1219 2564 2566 0
1220 2551 2612 0
1220 2612 3542 0
1221 2559 2566 0
1223 1224 1225 0
1223 1224 1243 0
1223 1225 1229 0
1223 1229 1241 0
1223 1241 1262 0
1223 1243 1262 0
1224 1225 1256 0
1224 1243 1244 0
1225 1229 1232 0
1225 1232 1255 0
1225 1255 1256 0
1226 2020 2022 0
1226 2020 2029 0
1226 2022 2024 0
1226 2024 2026 0
1226 2026 2028 0
1226 2028 2029 0
1227 1236 1238 0
1227 1236 2037 0
1227 1238 2060 0
1227 2037 2039 0
1227 2039 2059 0
1227 2059 2060 0
1228 1229 1231 0
1228 1229 1277 0
1228 1231 1235 0
1228 1235 1236 0
1228 1236 1238 0
1228 1238 1277 0
1229 1231 1232 0
1229 1241 1277 0
1230 1231 1232 0
1230 1231 1261 0
1230 1232 1246 0
1230 1246 1248 0
1230 1248 1261 0
1231 1235 1261 0
1232 1233 1246 0
1232 1233 1255 0
1233 1245 1246 0
1234 1235 1236 0
1234 1235 1261 0
1234 1236 2037 0
1234 1260 1261 0
1234 1260 2038 0
1234 2037 2038 0
1237 1238 1277 0
1237 1238 2060 0
1237 1275 1276 0
1237 1275 1278 0
1237 1276 1277 0
1237 1278 2060 0
1239 1278 1283 0
1239 1278 2060 0
1239 1283 2063 0
1239 2058 2059 0
1239 2058 2063 0
1239 2059 2060 0
1240 1241 1242 0
1240 1241 1277 0
1240 1242 1267 0
1240 1267 1272 0
1240 1272 1276 0
1240 1276 1277 0
1241 1242 1262 0
1242 1243 1262 0
1242 1243 1263 0
1242 1263 1266 0
1242 1266 1267 0
1243 1244 1264 0
1243 1263 1264 0
1245 1246 1251 0
1245 1250 1251 0
1245 1250 1253 0
1246 1248 1251 0
1247 1252 1259 0
1247 1252 3410 0
1247 1259 3416 0
1247 3410 3413 0
1247 3413 3415 0
1247 3415 3416 0
1248 1251 1252 0
1248 1252 1259 0
1248 1259 1260 0
1248 1260 1261 0
1249 1250 1251 0
1249 1250 3408 0
1249 1251 1252 0
1249 1252 3410 0
1249 3407 3408 0
1249 3407 3410 0
1258 1259 1260 0
1258 1259 3416 0
1258 1260 2038 0
1258 2036 2038 0
1258 2036 3416 0
1263 1266 1289 0
1263 1288 1289 0
1265 1268 1286 0
1265 1268 2548 0
1265 1270 1286 0
1265 1270 1374 0
1265 1287 2546 0
1265 1287 2548 0
1265 1374 2546 0
1266 1267 1268 0
1266 1268 2548 0
1266 1289 2548 0
1267 1268 1286 0
1267 1272 1286 0
1269 1274 1282 0
1269 1274 1285 0
1269 1282 1372 0
1269 1285 1378 0
1269 1372 1378 0
1270 1285 1286 0
1270 1285 1378 0
1270 1323 1374 0
1270 1323 1377 0
1270 1377 1378 0
1271 1272 1276 0
1271 1272 1286 0
1271 1274 1275 0
1271 1274 1285 0
1271 1275 1276 0
1271 1285 1286 0
1273 1274 1275 0
1273 1274 1282 0
1273 1275 1278 0
1273 1278 1283 0
1273 1282 1283 0
1279 1796 2069 0
1279 1796 2079 0
1279 1809 2068 0
1279 1809 2079 0
1279 2066 2068 0
1279 2066 2069 0
1280 1284 1369 0
1280 1284 2064 0
1280 1369 1371 0
1280 1371 2096 0
1280 2064 2066 0
1280 2066 2096 0
1281 1283 1284 0
1281 1283 2063 0
1281 1284 2064 0
1281 2061 2063 0
1281 2061 2064 0
1282 1283 1284 0
1282 1284 1369 0
1282 1369 1372 0
1287 1288 1289 0
1287 1288 1290 0
1287 1289 2548 0
1287 1290 2546 0
1288 1290 2547 0
1290 1291 2547 0
1292 1310 1317 0
1293 1298 1300 0
1293 1298 1311 0
1293 1300 1318 0
1293 1311 1319 0
1293 1318 1319 0
1294 1295 1296 0
1294 1295 1312 0
1294 1296 1297 0
1294 1297 1298 0
1294 1298 1311 0
1294 1311 1312 0
1296 1297 2541 0
1297 1298 1309 0
1298 1300 1309 0
1299 1300 1302 0
1299 1300 1309 0
1299 1302 1304 0
1299 1304 1306 0
1299 1306 1308 0
1299 1308 1309 0
1300 1302 1318 0
1301 1302 1304 0
1301 1302 1318 0
1301 1304 1326 0
1301 1316 1318 0
1301 1316 1322 0
1301 1322 1325 0
1301 1325 1326 0
1303 1304 1326 0
1303 1304 2545 0
1303 1326 1328 0
1303 1328 1333 0
1303 1333 2545 0
1304 1306 2545 0
1305 1306 1383 0
1305 1306 2545 0
1305 1334 1364 0
1305 1334 2545 0
1305 1364 1382 0
1305 1382 1383 0
1306 1308 1383 0
1307 1308 1309 0
1307 1308 1383 0
1307 1309 2534 0
1307 1383 2535 0
1307 2534 2535 0
1310 1311 1315 0
1310 1311 1319 0
1310 1317 1319 0
1311 1312 1315 0
1312 1313 1315 0
1316 1317 1319 0
1316 1317 1321 0
1316 1318 1319 0
1316 1321 1322 0
1320 1321 1322 0
1320 1321 2546 0
1320 1322 1373 0
1320 1373 1374 0
1320 1374 2546 0
1322 1325 1373 0
1323 1373 1374 0
1323 1373 3683 0
1323 1377 3683 0
1324 1325 1326 0
1324 1325 3683 0
1324 1326 1329 0
1324 1329 1376 0
1324 1376 3683 0
1325 1373 3683 0
1326 1328 1329 0
1327 1328 1329 0
1327 1328 1333 0
1327 1329 1331 0
1327 1331 2088 0
1327 1332 1333 0
1327 1332 2102 0
1327 2088 2099 0
1327 2099 2102 0
1329 1331 1379 0
1329 1376 1379 0
1330 1331 1379 0
1330 1331 2089 0
1330 1371 1380 0
1330 1371 2093 0
1330 1375 1379 0
1330 1375 1380 0
1330 2089 2090 0
1330 2090 2093 0
1331 2088 2089 0
1332 1333 1334 0
1332 1334 1335 0
1332 1335 2101 0
1332 2101 2102 0
1333 1334 2545 0
1334 1335 1365 0
1334 1364 1365 0
1335 1338 1365 0
1336 1361 1362 0
1336 1361 1621 0
1336 1362 2544 0
1336 1621 2544 0
1337 1338 1340 0
1337 1338 1367 0
1337 1340 1353 0
1337 1353 1362 0
1337 1362 1366 0
1337 1366 1367 0
1338 1340 1351 0
1338 1365 1367 0
1339 1340 1341 0
1339 1340 1354 0
1339 1341 1347 0
1339 1347 1350 0
1339 1350 1357 0
1339 1354 1357 0
1340 1341 1351 0
1340 1353 1354 0
1341 1346 1348 0
1341 1347 1348 0
1342 1777 1785 0
1342 1777 3722 0
1342 1784 1785 0
1342 1784 1791 0
1342 1791 3722 0
1343 1349 1753 0
1343 1349 1769 0
1343 1753 1758 0
1343 1758 1759 0
1343 1759 1767 0
1343 1767 1769 0
1344 1347 1348 0
1344 1347 1350 0
1344 1348 1349 0
1344 1349 1769 0
1344 1350 1771 0
1344 1769 1771 0
1345 1346 1348 0
1345 1346 2098 0
1345 1348 2103 0
1345 2085 2087 0
1345 2085 2103 0
1345 2087 2098 0
1346 2098 2100 0
1348 1349 2103 0
1349 1753 1755 0
1349 1755 2103 0
1350 1357 1770 0
1350 1770 1771 0
1352 1353 1354 0
1352 1353 1361 0
1352 1354 1356 0
1352 1356 1359 0
1352 1359 1360 0
1352 1360 1361 0
1353 1361 1362 0
1354 1356 1357 0
1355 1356 1357 0
1355 1356 1359 0
1355 1357 1635 0
1355 1359 1631 0
1355 1631 1636 0
1355 1635 1636 0
1357 1635 1770 0
1358 1359 1631 0
1358 1359 2128 0
1358 1631 2126 0
1358 2126 2128 0
1359 1360 2128 0
1360 1361 1621 0
1360 1621 1622 0
1360 1622 2128 0
1362 1366 1386 0
1362 1386 1387 0
1362 1387 2544 0
1363 1364 1367 0
1363 1364 1382 0
1363 1366 1367 0
1363 1366 1386 0
1363 1381 1382 0
1363 1381 1428 0
1363 1385 1386 0
1363 1385 1428 0
1364 1365 1367 0
1368 1369 1371 0
1368 1369 1372 0
1368 1371 1380 0
1368 1372 1378 0
1368 1378 1380 0
1370 1371 2093 0
1370 1371 2096 0
1370 2093 2094 0
1370 2094 2095 0
1370 2095 2096 0
1375 1376 1377 0
1375 1376 1379 0
1375 1377 1378 0
1375 1378 1380 0
1376 1377 3683 0
1381 1382 1383 0
1381 1383 2535 0
1381 1414 1428 0
1381 1414 2535 0
1384 1385 1388 0
1384 1385 1428 0
1384 1388 1412 0
1384 1412 1413 0
1384 1413 1414 0
1384 1414 1428 0
1385 1386 1387 0
1385 1387 1388 0
1387 1388 1390 0
1387 1390 1393 0
1387 1393 2544 0
1388 1390 1412 0
1389 1390 1392 0
1389 1390 1411 0
1389 1392 1395 0
1389 1395 1409 0
1389 1409 1415 0
1389 1411 1415 0
1390 1392 1393 0
1390 1411 1412 0
1391 1392 1396 0
1391 1392 1623 0
1391 1396 1410 0
1391 1410 1619 0
1391 1619 1620 0
1391 1620 1623 0
1392 1393 1623 0
1392 1395 1396 0
1393 1623 2544 0
1394 1395 1396 0
1394 1395 2542 0
1394 1396 1402 0
1394 1402 1406 0
1394 1406 1407 0
1394 1407 2542 0
1395 1409 2542 0
1396 1402 1403 0
1396 1403 1410 0
1397 1552 1553 0
1397 1552 2319 0
1397 1553 1562 0
1397 1561 1562 0
1397 1561 1595 0
1397 1595 2328 0
1397 2319 2328 0
1398 1528 1558 0
1398 1528 1566 0
1398 1543 1556 0
1398 1543 1558 0
1398 1555 1556 0
1398 1555 1564 0
1398 1564 1565 0
1398 1565 1566 0
1399 1404 1567 0
1399 1404 2543 0
1399 1567 1570 0
1399 1570 1616 0
1399 1615 1616 0
1399 1615 1617 0
1399 1617 2543 0
1400 1403 1410 0
1400 1403 2543 0
1400 1410 1619 0
1400 1617 1619 0
1400 1617 2543 0
1401 1402 1403 0
1401 1402 1406 0
1401 1403 1404 0
1401 1404 1566 0
1401 1405 1406 0
1401 1405 1560 0
1401 1528 1560 0
1401 1528 1566 0
1403 1404 2543 0
1404 1565 1566 0
1404 1565 1567 0
1405 1406 1407 0
1405 1407 1518 0
1405 1518 1525 0
1405 1525 1560 0
1407 1514 1515 0
1407 1514 2542 0
1407 1515 1518 0
1408 1409 1415 0
1408 1409 2542 0
1408 1415 1516 0
1408 1513 1514 0
1408 1513 1516 0
1408 1514 2542 0
1411 1412 1413 0
1411 1415 1416 0
1413 1414 2537 0
1414 2533 2535 0
1414 2533 2536 0
1414 2536 2537 0
1415 1416 1417 0
1415 1417 1516 0
1416 1417 1418 0
1417 1418 1420 0
1418 1419 1420 0
1419 1420 1421 0
1420 1421 1424 0
1421 1423 1424 0
1422 1423 1424 0
1422 1423 1427 0
1422 1424 1512 0
1422 1427 1430 0
1422 1430 1432 0
1422 1431 1432 0
1422 1431 1512 0
1423 1426 1427 0
1425 1426 1427 0
1425 1426 1456 0
1425 1427 1439 0
1425 1439 1441 0
1425 1441 1451 0
1425 1451 1456 0
1426 1456 1457 0
1426 1457 1466 0
1427 1430 1439 0
1429 1430 1432 0
1429 1430 1439 0
1429 1432 1433 0
1429 1433 1449 0
1429 1439 1449 0
1431 1432 1435 0
1431 1435 1436 0
1431 1436 1511 0
1431 1511 1512 0
1432 1433 1435 0
1433 1434 1449 0
1433 1434 1510 0
1433 1437 1510 0
1434 1448 1449 0
1434 1448 3602 0
1435 1436 2532 0
1436 1511 1517 0
1436 1515 1517 0
1436 1515 1524 0
1436 1524 2532 0
1437 1438 1510 0
1439 1441 1442 0
1439 1442 1449 0
1440 1441 1443 0
1440 1441 1452 0
1440 1443 1446 0
1440 1446 1508 0
1440 1452 1454 0
1440 1454 1509 0
1440 1506 1508 0
1440 1506 1509 0
1441 1442 1443 0
1441 1451 1452 0
1442 1443 1447 0
1442 1447 1448 0
1442 1448 1449 0
1443 1446 1447 0
1444 1445 1446 0
1444 1445 3601 0
1444 1446 1447 0
1444 1447 1448 0
1444 1448 3602 0
1444 3601 3602 0
1450 1451 1452 0
1450 1451 1455 0
1450 1452 1505 0
1450 1455 1504 0
1450 1504 1505 0
1451 1455 1456 0
1452 1454 1505 0
1453 1478 1483 0
1453 1478 1503 0
1453 1483 3677 0
1453 1503 1509 0
1453 1509 3675 0
1453 3675 3677 0
1454 1503 1505 0
1454 1503 1509 0
1455 1459 1504 0
1457 1461 1467 0
1457 1466 1467 0
1458 1459 1460 0
1458 1459 1504 0
1458 1460 1464 0
1458 1464 1476 0
1458 1476 1477 0
1458 1477 1504 0
1459 1460 1461 0
1460 1464 1465 0
1460 1465 3682 0
1462 1464 1465 0
1462 1464 1476 0
1462 1465 1468 0
1462 1468 1473 0
1462 1473 1476 0
1463 1465 1468 0
1463 1465 3682 0
1463 1468 1469 0
1463 1469 1470 0
1469 1470 1472 0
1469 1471 1472 0
1474 1477 1502 0
1474 1477 1504 0
1474 1502 1503 0
1474 1503 1505 0
1474 1504 1505 0
1475 1476 1477 0
1475 1477 1502 0
1475 1479 1502 0
1478 1479 1481 0
1478 1479 1502 0
1478 1481 1483 0
1478 1502 1503 0
1479 1481 1482 0
1479 1482 3681 0
1480 1481 1482 0
1480 1481 1483 0
1480 1482 1485 0
1480 1483 1484 0
1480 1484 1485 0
1483 1484 3677 0
1484 1487 3678 0
1484 3677 3678 0
1486 1487 1488 0
1486 1487 3678 0
1486 1488 1490 0
1486 1490 1493 0
1486 1493 1495 0
1486 1495 3676 0
1486 3676 3678 0
1487 1488 3680 0
1488 1489 1500 0
1488 1489 3680 0
1488 1490 1500 0
1490 1491 1493 0
1491 1492 1493 0
1491 1492 3679 0
1492 1493 1495 0
1492 1495 1496 0
1492 1496 1501 0
1492 1501 3679 0
1494 1495 1499 0
1494 1495 3676 0
1494 1499 1507 0
1494 1507 3675 0
1494 3675 3676 0
1495 1496 1499 0
1496 1497 1498 0
1496 1497 1501 0
1496 1498 1499 0
1506 1507 1508 0
1506 1507 3675 0
1506 1509 3675 0
1511 1513 1517 0
1513 1514 1517 0
1514 1515 1517 0
1515 1518 1520 0
1515 1520 1524 0
1518 1520 1522 0
1518 1522 1525 0
1519 1520 1522 0
1519 1520 1524 0
1519 1522 3674 0
1519 1524 3672 0
1519 3669 3672 0
1519 3669 3674 0
1521 1522 1523 0
1521 1522 1525 0
1521 1523 1531 0
1521 1525 1527 0
1521 1527 1530 0
1521 1530 1531 0
1522 1523 3674 0
1523 1531 1533 0
1523 1533 3668 0
1523 3668 3674 0
1524 2532 3672 0
1525 1527 1560 0
1526 1527 1528 0
1526 1527 1559 0
1526 1528 1558 0
1526 1557 1558 0
1526 1557 1559 0
1527 1528 1560 0
1527 1530 1559 0
1529 1530 1531 0
1529 1530 1559 0
1529 1531 1534 0
1529 1534 1537 0
1529 1537 1539 0
1529 1539 1559 0
1531 1533 1534 0
1532 1533 1534 0
1532 1533 1540 0
1532 1534 2156 0
1532 1540 1541 0
1532 1541 2133 0
1532 2133 2156 0
1533 1540 3668 0
1534 1537 2156 0
1535 1538 1545 0
1535 1538 2155 0
1535 1545 1547 0
1535 1547 1551 0
1535 1551 2135 0
1535 2135 2155 0
1536 1537 1538 0
1536 1537 2156 0
1536 1538 2155 0
1536 2133 2137 0
1536 2133 2156 0
1536 2137 2155 0
1537 1538 1539 0
1538 1539 1546 0
1538 1545 1546 0
1539 1546 1557 0
1539 1557 1559 0
1540 1541 1542 0
1541 1542 2301 0
1541 2133 2144 0
1541 2144 2301 0
1543 1554 1556 0
1543 1554 1557 0
1543 1557 1558 0
1544 1545 1546 0
1544 1545 1547 0
1544 1546 1554 0
1544 1547 1552 0
1544 1552 1553 0
1544 1553 1554 0
1546 1554 1557 0
1547 1551 2320 0
1547 1552 2319 0
1547 2319 2320 0
1548 2460 2461 0
1548 2460 2466 0
1548 2461 3661 0
1548 2466 2467 0
1548 2467 3661 0
1549 2136 2159 0
1549 2136 2304 0
1549 2159 2468 0
1549 2304 2306 0
1549 2306 2308 0
1549 2308 2468 0
1550 1551 2135 0
1550 1551 2320 0
1550 2135 2136 0
1550 2136 2304 0
1550 2304 2411 0
1550 2320 2411 0
1553 1554 1556 0
1553 1556 1562 0
1555 1556 1562 0
1555 1562 1574 0
1555 1564 1574 0
1561 1562 1575 0
1561 1575 1579 0
1561 1579 1595 0
1562 1574 1575 0
1563 1564 1565 0
1563 1564 1574 0
1563 1565 1567 0
1563 1567 1571 0
1563 1571 1573 0
1563 1573 1574 0
1567 1570 1571 0
1568 1585 1586 0
1568 1585 1646 0
1568 1586 1603 0
1568 1603 1608 0
1568 1608 1645 0
1568 1645 1646 0
1569 1572 1581 0
1569 1572 1614 0
1569 1581 1584 0
1569 1584 1587 0
1569 1587 1614 0
1570 1571 1572 0
1570 1572 1614 0
1570 1614 1616 0
1571 1572 1573 0
1572 1573 1591 0
1572 1581 1591 0
1573 1574 1575 0
1573 1575 1592 0
1573 1591 1592 0
1575 1579 1592 0
1576 1600 2405 0
1576 1600 2408 0
1576 2403 2404 0
1576 2403 2406 0
1576 2404 2405 0
1576 2406 2408 0
1577 2336 2397 0
1577 2336 3647 0
1577 2396 2397 0
1578 1579 1593 0
1578 1579 1596 0
1578 1590 1593 0
1578 1590 2408 0
1578 1596 2407 0
1578 2406 2407 0
1578 2406 2408 0
1579 1592 1593 0
1579 1595 1596 0
1580 1581 1583 0
1580 1581 1591 0
1580 1583 1590 0
1580 1590 1593 0
1580 1591 1592 0
1580 1592 1593 0
1581 1583 1584 0
1582 1583 1584 0
1582 1583 1589 0
1582 1584 1586 0
1582 1586 1603 0
1582 1589 1602 0
1582 1602 1603 0
1583 1589 1590 0
1584 1586 1587 0
1585 1586 1587 0
1585 1587 3667 0
1585 1627 1647 0
1585 1627 3667 0
1585 1646 1647 0
1587 1588 1614 0
1587 1588 3667 0
1588 1614 1616 0
1588 1616 1625 0
1588 1625 1627 0
1588 1627 3667 0
1589 1590 2408 0
1589 1600 1601 0
1589 1600 2408 0
1589 1601 1602 0
1594 1595 1596 0
1594 1595 2328 0
1594 1596 2325 0
1594 2324 2325 0
1594 2324 2328 0
1596 2325 2407 0
1597 2325 2326 0
1597 2325 2407 0
1597 2326 2401 0
1597 2401 2403 0
1597 2403 2406 0
1597 2406 2407 0
1598 1601 1602 0
1598 1601 1612 0
1598 1602 1603 0
1598 1603 1608 0
1598 1608 1613 0
1598 1612 1613 0
1599 1600 1601 0
1599 1600 2405 0
1599 1601 1612 0
1599 1612 2388 0
1599 2388 2405 0
1604 1667 1698 0
1604 1667 2111 0
1604 2111 2112 0
1605 1609 1610 0
1605 1609 2107 0
1605 1610 2122 0
1605 2107 2116 0
1605 2116 2124 0
1605 2122 2124 0
1606 2114 2117 0
1606 2117 2119 0
1607 1608 1610 0
1607 1608 1613 0
1607 1610 2122 0
1607 1613 2121 0
1607 2121 2122 0
1608 1610 1645 0
1609 1610 1645 0
1609 1645 1648 0
1609 1648 1650 0
1609 1650 2107 0
1611 1612 1613 0
1611 1612 2388 0
1611 1613 2121 0
1611 2121 2409 0
1611 2388 2389 0
1611 2389 2409 0
1615 1616 1625 0
1615 1617 2127 0
1615 1625 2127 0
1617 1618 1622 0
1617 1618 2127 0
1617 1619 1622 0
1618 1622 2128 0
1618 2126 2127 0
1618 2126 2128 0
1619 1620 1622 0
1620 1621 1622 0
1620 1621 2544 0
1620 1623 2544 0
1624 1625 1628 0
1624 1625 2127 0
1624 1628 1630 0
1624 1630 2126 0
1624 2126 2127 0
1625 1627 1628 0
1626 1627 1628 0
1626 1627 1647 0
1626 1628 1629 0
1626 1629 1644 0
1626 1642 1643 0
1626 1642 1647 0
1626 1643 1644 0
1628 1629 1630 0
1629 1630 1631 0
1629 1631 1636 0
1629 1636 1644 0
1630 1631 2126 0
1632 1638 1639 0
1632 1638 1773 0
1632 1639 2125 0
1632 1652 1656 0
1632 1652 2125 0
1632 1656 1764 0
1632 1764 1773 0
1633 1637 1639 0
1633 1637 1644 0
1633 1639 1641 0
1633 1641 1643 0
1633 1643 1644 0
1634 1635 1636 0
1634 1635 1770 0
1634 1636 1637 0
1634 1637 1638 0
1634 1638 1772 0
1634 1768 1770 0
1634 1768 1772 0
1636 1637 1644 0
1637 1638 1639 0
1638 1772 1773 0
1639 1641 2125 0
1640 1641 1642 0
1640 1641 2125 0
1640 1642 1645 0
1640 1645 1648 0
1640 1648 1651 0
1640 1651 2125 0
1641 1642 1643 0
1642 1645 1646 0
1642 1646 1647 0
1648 1650 1651 0
1649 1650 1651 0
1649 1650 1659 0
1649 1651 1652 0
1649 1652 1657 0
1649 1657 2105 0
1649 1659 2105 0
1650 1659 2107 0
1651 1652 2125 0
1652 1656 1657 0
1653 1682 1683 0
1653 1682 1690 0
1653 1683 1684 0
1653 1684 1686 0
1653 1686 1689 0
1653 1689 1690 0
1654 1655 1657 0
1654 1655 1687 0
1654 1657 1660 0
1654 1660 1666 0
1654 1666 1684 0
1654 1684 1687 0
1655 1656 1657 0
1655 1656 1764 0
1655 1687 1763 0
1655 1763 1764 0
1657 1660 2105 0
1658 1661 1664 0
1658 1661 2108 0
1658 1664 2110 0
1658 2108 2113 0
1658 2110 2113 0
1659 1661 2105 0
1659 1661 2108 0
1659 2107 2108 0
1660 1661 1665 0
1660 1661 2105 0
1660 1665 1666 0
1661 1664 1665 0
1662 1664 1665 0
1662 1664 1667 0
1662 1665 1672 0
1662 1667 1669 0
1662 1669 1671 0
1662 1671 1672 0
1663 1675 1697 0
1663 1697 2104 0
1664 1667 2111 0
1664 2110 2111 0
1665 1666 1672 0
1666 1672 1683 0
1666 1683 1684 0
1667 1669 1698 0
1668 1669 1674 0
1668 1669 1698 0
1668 1674 1675 0
1669 1671 1674 0
1670 1671 1672 0
1670 1671 1673 0
1670 1672 1683 0
1670 1673 1679 0
1670 1679 1681 0
1670 1681 1682 0
1670 1682 1683 0
1671 1673 1674 0
1673 1674 1675 0
1673 1675 1697 0
1673 1679 1697 0
1676 1693 1695 0
1676 1693 1703 0
1676 1695 1696 0
1676 1696 1699 0
1676 1699 1702 0
1676 1700 1702 0
1676 1700 1703 0
1677 1679 1696 0
1677 1679 1697 0
1677 1696 1699 0
1677 1697 2104 0
1677 1699 2104 0
1678 1699 1702 0
1678 1699 2104 0
1678 1701 1702 0
1679 1681 1696 0
1680 1681 1682 0
1680 1681 1695 0
1680 1682 1690 0
1680 1690 1692 0
1680 1692 1694 0
1680 1694 1695 0
1681 1695 1696 0
1684 1686 1687 0
1685 1686 1687 0
1685 1686 1778 0
1685 1687 1762 0
1685 1762 1775 0
1685 1775 1778 0
1686 1689 1778 0
1687 1762 1763 0
1688 1689 1690 0
1688 1689 1778 0
1688 1690 1780 0
1688 1776 1778 0
1688 1776 1785 0
1688 1779 1780 0
1688 1779 1785 0
1690 1692 1780 0
1691 1692 1738 0
1691 1692 1780 0
1691 1712 1738 0
1691 1712 1783 0
1691 1780 1782 0
1691 1782 1783 0
1692 1694 1738 0
1693 1694 1695 0
1693 1694 1738 0
1693 1703 1711 0
1693 1711 1712 0
1693 1712 1738 0
1700 1703 1710 0
1700 1710 1736 0
1703 1710 1711 0
1704 1836 1837 0
1704 1836 1847 0
1704 1837 1843 0
1704 1843 1845 0
1704 1845 1848 0
1704 1847 1848 0
1705 1869 1872 0
1705 1869 1877 0
1705 1872 1873 0
1706 1727 1728 0
1706 1727 1730 0
1706 1728 1733 0
1706 1729 1730 0
1706 1729 1864 0
1706 1733 1863 0
1706 1863 1864 0
1707 1866 1867 0
1707 1866 3666 0
1707 3665 3666 0
1708 1711 1713 0
1708 1711 1737 0
1708 1713 1716 0
1708 1716 1722 0
1708 1722 1728 0
1708 1728 1737 0
1709 1710 1711 0
1709 1710 1736 0
1709 1711 1737 0
1709 1734 1736 0
1709 1734 1737 0
1711 1712 1713 0
1712 1713 1719 0
1712 1719 1783 0
1713 1716 1719 0
1714 1747 1815 0
1714 1747 2077 0
1714 1814 1815 0
1714 1814 1817 0
1714 1817 1819 0
1714 1819 2077 0
1715 1716 1718 0
1715 1716 1723 0
1715 1718 2076 0
1715 1723 1725 0
1715 1725 2075 0
1715 2075 2076 0
1716 1718 1719 0
1716 1722 1723 0
1717 1718 1719 0
1717 1718 1720 0
1717 1719 1783 0
1717 1720 1746 0
1717 1746 1781 0
1717 1781 1782 0
1717 1782 1783 0
1718 1720 2076 0
1720 1746 1748 0
1720 1748 2077 0
1720 2076 2077 0
1721 1722 1723 0
1721 1722 1727 0
1721 1723 1725 0
1721 1725 1726 0
1721 1726 1730 0
1721 1727 1730 0
1722 1727 1728 0
1724 1725 1726 0
1724 1725 2075 0
1724 1726 1744 0
1724 1744 1818 0
1724 1818 1820 0
1724 1820 2075 0
1726 1729 1730 0
1726 1729 1838 0
1726 1744 1825 0
1726 1825 1838 0
1728 1733 1734 0
1728 1734 1737 0
1729 1838 1842 0
1729 1842 1864 0
1731 1733 1734 0
1731 1733 1863 0
1731 1734 1735 0
1731 1735 3666 0
1731 1863 3666 0
1732 1735 1739 0
1732 1735 3665 0
1734 1735 1736 0
1735 1736 1739 0
1735 3665 3666 0
1740 1880 1881 0
1740 1880 2053 0
1740 1881 1882 0
1740 1882 1891 0
1740 1891 2052 0
1740 2052 2053 0
1741 1919 1920 0
1741 1920 1922 0
1741 1922 1923 0
1742 1821 1822 0
1742 1821 1826 0
1742 1822 1824 0
1742 1824 1831 0
1742 1826 1829 0
1742 1829 1879 0
1742 1831 1879 0
1743 1744 1818 0
1743 1744 1825 0
1743 1818 1822 0
1743 1822 1824 0
1743 1824 1825 0
1745 1746 1748 0
1745 1746 1781 0
1745 1748 1751 0
1745 1751 1790 0
1745 1781 1791 0
1745 1790 1791 0
1747 1748 1751 0
1747 1748 2077 0
1747 1751 1801 0
1747 1800 1801 0
1747 1800 1815 0
1749 1756 1786 0
1749 1756 2082 0
1749 1786 1792 0
1749 1792 1795 0
1749 1795 2081 0
1749 2081 2082 0
1750 1751 1790 0
1750 1751 1801 0
1750 1789 1790 0
1750 1789 1792 0
1750 1792 1794 0
1750 1794 1800 0
1750 1800 1801 0
1752 1753 1755 0
1752 1753 1788 0
1752 1755 1756 0
1752 1756 1786 0
1752 1786 1787 0
1752 1787 1788 0
1753 1758 1788 0
1754 1755 1756 0
1754 1755 2103 0
1754 1756 2084 0
1754 2084 2085 0
1754 2085 2103 0
1756 2082 2084 0
1757 1758 1759 0
1757 1758 1788 0
1757 1759 1774 0
1757 1760 1774 0
1757 1760 3722 0
1757 1788 3722 0
1759 1765 1766 0
1759 1765 1767 0
1759 1766 1774 0
1760 1774 1775 0
1760 1775 1776 0
1760 1776 1777 0
1760 1777 3722 0
1761 1762 1764 0
1761 1762 1775 0
1761 1764 1766 0
1761 1766 1774 0
1761 1774 1775 0
1762 1763 1764 0
1764 1766 1773 0
1765 1766 1773 0
1765 1767 1768 0
1765 1768 1772 0
1765 1772 1773 0
1767 1768 1771 0
1767 1769 1771 0
1768 1770 1771 0
1775 1776 1778 0
1776 1777 1785 0
1779 1780 1782 0
1779 1781 1782 0
1779 1781 1784 0
1779 1784 1785 0
1781 1784 1791 0
1786 1787 1789 0
1786 1789 1792 0
1787 1788 3722 0
1787 1789 1790 0
1787 1790 1791 0
1787 1791 3722 0
1792 1794 1795 0
1793 1794 1795 0
1793 1794 1798 0
1793 1795 1796 0
1793 1796 2079 0
1793 1798 1799 0
1793 1799 2079 0
1794 1798 1800 0
1795 1796 2081 0
1796 2069 2095 0
1796 2081 2097 0
1796 2095 2097 0
1797 1798 1799 0
1797 1798 1800 0
1797 1799 1803 0
1797 1800 1815 0
1797 1803 1815 0
1799 1803 1806 0
1799 1806 1809 0
1799 1809 2079 0
1802 1803 1805 0
1802 1803 1814 0
1802 1805 1812 0
1802 1812 2078 0
1802 1814 1816 0
1802 1816 2078 0
1803 1805 1806 0
1803 1814 1815 0
1804 1805 1806 0
1804 1805 2047 0
1804 1806 1808 0
1804 1808 2046 0
1804 2046 2047 0
1805 1812 2047 0
1806 1808 1809 0
1807 1808 1809 0
1807 1808 2073 0
1807 1809 2068 0
1807 2065 2068 0
1807 2065 2071 0
1807 2071 2073 0
1808 1810 2046 0
1808 1810 2073 0
1810 2044 2046 0
1810 2044 3663 0
1810 2071 2073 0
1810 2071 3663 0
1811 1812 1813 0
1811 1812 2047 0
1811 1813 2056 0
1811 2045 2047 0
1811 2045 2054 0
1811 2054 2056 0
1812 1813 2078 0
1813 1816 1821 0
1813 1816 2078 0
1813 1821 1826 0
1813 1826 1828 0
1813 1828 2056 0
1814 1816 1817 0
1816 1817 1818 0
1816 1818 1821 0
1817 1818 1820 0
1817 1819 1820 0
1818 1821 1822 0
1819 1820 2075 0
1819 2075 2076 0
1819 2076 2077 0
1823 1824 1831 0
1823 1824 1839 0
1823 1831 1834 0
1823 1834 1835 0
1823 1835 1836 0
1823 1836 1839 0
1824 1825 1839 0
1825 1838 1839 0
1826 1828 1829 0
1827 1828 1829 0
1827 1828 2056 0
1827 1829 1880 0
1827 1880 2053 0
1827 2053 2054 0
1827 2054 2056 0
1829 1856 1858 0
1829 1856 1881 0
1829 1858 1879 0
1829 1880 1881 0
1830 1831 1834 0
1830 1831 1879 0
1830 1834 1858 0
1830 1858 1879 0
1832 1852 1853 0
1832 1852 1934 0
1832 1853 3664 0
1832 1934 1945 0
1832 1945 1947 0
1832 1947 3664 0
1833 1834 1835 0
1833 1834 1857 0
1833 1835 1849 0
1833 1849 1853 0
1833 1853 1860 0
1833 1857 1860 0
1834 1857 1858 0
1835 1836 1847 0
1835 1847 1849 0
1836 1837 1839 0
1837 1838 1839 0
1837 1838 1842 0
1837 1842 1843 0
1840 1843 1845 0
1840 1843 1878 0
1840 1845 1874 0
1840 1868 1869 0
1840 1868 1878 0
1840 1869 1874 0
1841 1842 1843 0
1841 1842 1864 0
1841 1843 1878 0
1841 1864 1865 0
1841 1865 1878 0
1844 1845 1848 0
1844 1845 1874 0
1844 1848 1944 0
1844 1874 1876 0
1844 1876 1944 0
1846 1847 1848 0
1846 1847 1849 0
1846 1848 1938 0
1846 1849 1851 0
1846 1851 1938 0
1848 1938 1944 0
1849 1851 1852 0
1849 1852 1853 0
1850 1851 1852 0
1850 1851 1938 0
1850 1852 1934 0
1850 1933 1934 0
1850 1933 1936 0
1850 1936 1938 0
1853 1860 3664 0
1854 1855 1860 0
1854 1855 1913 0
1854 1859 1860 0
1854 1859 1882 0
1854 1882 1885 0
1854 1885 1909 0
1854 1909 1913 0
1855 1860 3664 0
1855 1913 1956 0
1855 1947 1956 0
1855 1947 3664 0
1856 1857 1858 0
1856 1857 1859 0
1856 1859 1882 0
1856 1881 1882 0
1857 1859 1860 0
1861 1862 1867 0
1861 1862 1868 0
1861 1863 1864 0
1861 1863 1866 0
1861 1864 1865 0
1861 1865 1868 0
1861 1866 1867 0
1862 1868 1877 0
1863 1866 3666 0
1865 1868 1878 0
1868 1869 1877 0
1869 1872 1874 0
1870 1939 1940 0
1870 1939 1952 0
1870 1952 1953 0
1871 1872 1873 0
1871 1872 1943 0
1871 1940 1942 0
1871 1942 1943 0
1872 1874 1876 0
1872 1876 1943 0
1875 1876 1943 0
1875 1876 1944 0
1875 1937 1938 0
1875 1937 1939 0
1875 1938 1944 0
1875 1939 1942 0
1875 1942 1943 0
1882 1885 1888 0
1882 1888 1891 0
1883 1917 1918 0
1883 1917 1961 0
1883 1960 1961 0
1884 1885 1887 0
1884 1885 1910 0
1884 1887 1905 0
1884 1905 1917 0
1884 1910 1912 0
1884 1912 1917 0
1885 1887 1888 0
1885 1909 1910 0
1886 1887 1888 0
1886 1887 1906 0
1886 1888 1890 0
1886 1890 1893 0
1886 1893 1900 0
1886 1900 1906 0
1887 1905 1906 0
1888 1890 1891 0
1889 1890 1898 0
1889 1890 2057 0
1889 1898 2049 0
1889 2049 2050 0
1889 2050 2052 0
1889 2052 2057 0
1890 1891 2057 0
1890 1893 1898 0
1891 2052 2057 0
1892 1893 1894 0
1892 1893 1901 0
1892 1894 1897 0
1892 1897 1966 0
1892 1901 1965 0
1892 1965 1966 0
1893 1894 1898 0
1893 1900 1901 0
1894 1897 2019 0
1894 1898 2049 0
1894 2019 2049 0
1895 1967 1969 0
1895 1967 2018 0
1895 1969 2012 0
1895 2012 2015 0
1895 2015 2017 0
1895 2017 2018 0
1896 1897 1966 0
1896 1897 2019 0
1896 1966 1967 0
1896 1967 2018 0
1896 2018 2019 0
1899 1900 1901 0
1899 1900 1907 0
1899 1901 1903 0
1899 1903 1963 0
1899 1907 1959 0
1899 1959 1963 0
1900 1906 1907 0
1901 1903 1965 0
1902 1903 1963 0
1902 1903 1970 0
1902 1963 1976 0
1902 1970 1976 0
1903 1965 1970 0
1904 1905 1906 0
1904 1905 1917 0
1904 1906 1907 0
1904 1907 1959 0
1904 1917 1961 0
1904 1959 1961 0
1908 1909 1910 0
1908 1909 1913 0
1908 1910 1957 0
1908 1913 1956 0
1908 1914 1920 0
1908 1914 1956 0
1908 1916 1920 0
1908 1916 1957 0
1910 1912 1957 0
1911 1912 1916 0
1911 1912 1918 0
1911 1916 1919 0
1912 1916 1957 0
1912 1917 1918 0
1914 1920 1922 0
1914 1922 1946 0
1914 1946 1956 0
1915 1926 1927 0
1915 1926 1929 0
1915 1929 1948 0
1916 1919 1920 0
1921 1922 1923 0
1921 1922 1925 0
1921 1925 1926 0
1921 1926 1927 0
1922 1925 1946 0
1924 1925 1926 0
1924 1925 1946 0
1924 1926 1932 0
1924 1932 1934 0
1924 1934 1945 0
1924 1945 1946 0
1926 1929 1932 0
1928 1929 1931 0
1928 1929 1932 0
1928 1931 1951 0
1928 1932 1933 0
1928 1933 1941 0
1928 1941 1951 0
1929 1931 1948 0
1930 1931 1948 0
1930 1931 1955 0
1931 1951 1955 0
1932 1933 1934 0
1933 1936 1941 0
1935 1936 1937 0
1935 1936 1941 0
1935 1937 1939 0
1935 1939 1952 0
1935 1941 1951 0
1935 1951 1952 0
1936 1937 1938 0
1939 1940 1942 0
1945 1946 1947 0
1946 1947 1956 0
1949 1950 1952 0
1949 1950 1954 0
1949 1951 1952 0
1949 1951 1955 0
1950 1952 1953 0
1958 1959 1960 0
1958 1959 1963 0
1958 1962 1963 0
1959 1960 1961 0
1964 1965 1966 0
1964 1965 1970 0
1964 1966 1979 0
1964 1970 1977 0
1964 1977 1978 0
1964 1978 1979 0
1966 1967 1979 0
1967 1969 1979 0
1968 1989 2009 0
1968 1989 3420 0
1968 2009 2074 0
1968 2074 3420 0
1969 1978 1979 0
1969 1978 2009 0
1969 2009 2074 0
1969 2012 2074 0
1970 1973 1976 0
1970 1973 1977 0
1971 1981 1984 0
1971 1981 3721 0
1971 3720 3721 0
1972 1973 1977 0
1972 1973 3721 0
1972 1977 2008 0
1972 1981 2008 0
1972 1981 3721 0
1973 1974 1975 0
1973 1974 3721 0
1973 1975 1976 0
1974 3720 3721 0
1977 1978 2008 0
1978 2008 2009 0
1980 1981 1986 0
1980 1981 2008 0
1980 1986 1989 0
1980 1989 2009 0
1980 2008 2009 0
1981 1984 1985 0
1981 1985 1986 0
1982 1985 1986 0
1982 1985 1994 0
1982 1986 1988 0
1982 1988 1991 0
1982 1991 1992 0
1982 1992 1994 0
1983 1984 1985 0
1983 1985 1994 0
1983 1993 1994 0
1986 1988 1989 0
1987 1988 1989 0
1987 1988 1991 0
1987 1989 3420 0
1987 1991 3438 0
1987 3420 3437 0
1987 3437 3438 0
1990 1991 1992 0
1990 1991 3438 0
1990 1992 1999 0
1990 1999 3433 0
1990 3433 3438 0
1992 1993 1994 0
1992 1999 2002 0
1995 1996 2004 0
1995 1996 3429 0
1995 2004 3430 0
1995 3386 3429 0
1995 3386 3430 0
1996 2004 2005 0
1996 2007 3429 0
1997 1998 2003 0
1997 1998 2005 0
1997 1999 2001 0
1997 1999 2002 0
1997 2001 2004 0
1997 2002 2003 0
1997 2004 2005 0
1999 2001 3442 0
1999 3433 3442 0
2000 2001 2004 0
2000 2001 3442 0
2000 2004 3430 0
2000 3430 3431 0
2000 3431 3442 0
2006 2007 3429 0
2006 3427 3428 0
2006 3427 3429 0
2010 2013 2072 0
2010 2013 3419 0
2010 2030 2032 0
2010 2030 2072 0
2010 2032 3605 0
2010 3418 3419 0
2010 3418 3605 0
2011 2012 2013 0
2011 2012 2074 0
2011 2013 3419 0
2011 2074 3420 0
2011 3419 3420 0
2012 2013 2072 0
2012 2015 2072 0
2014 2015 2017 0
2014 2015 2072 0
2014 2017 2020 0
2014 2020 2029 0
2014 2029 2072 0
2016 2017 2018 0
2016 2017 2020 0
2016 2018 2019 0
2016 2019 2041 0
2016 2020 2048 0
2016 2041 2048 0
2019 2041 2051 0
2019 2049 2051 0
2020 2022 2048 0
2021 2022 2024 0
2021 2022 2048 0
2021 2024 3663 0
2021 2041 2043 0
2021 2041 2048 0
2021 2043 2044 0
2021 2044 3663 0
2023 2024 2026 0
2023 2024 3663 0
2023 2026 2070 0
2023 2070 2071 0
2023 2071 3663 0
2025 2026 2040 0
2025 2026 2070 0
2025 2034 2040 0
2025 2034 2058 0
2025 2058 2062 0
2025 2062 2070 0
2026 2028 2040 0
2027 2028 2029 0
2027 2028 2040 0
2027 2029 2030 0
2027 2030 2033 0
2027 2033 2034 0
2027 2034 2040 0
2029 2030 2072 0
2030 2032 2033 0
2031 2032 2033 0
2031 2032 2035 0
2031 2033 2039 0
2031 2035 2036 0
2031 2036 2037 0
2031 2037 2039 0
2032 2035 3605 0
2033 2034 2039 0
2034 2039 2059 0
2034 2058 2059 0
2035 2036 3416 0
2035 3415 3416 0
2035 3415 3418 0
2035 3418 3605 0
2036 2037 2038 0
2041 2043 2051 0
2042 2043 2044 0
2042 2043 2055 0
2042 2044 2045 0
2042 2045 2054 0
2042 2054 2055 0
2043 2050 2051 0
2043 2050 2055 0
2044 2045 2046 0
2045 2046 2047 0
2049 2050 2051 0
2050 2052 2055 0
2052 2053 2054 0
2052 2054 2055 0
2058 2062 2063 0
2061 2062 2063 0
2061 2062 2070 0
2061 2064 2067 0
2061 2065 2067 0
2061 2065 2070 0
2064 2066 2067 0
2065 2067 2068 0
2065 2070 2071 0
2066 2067 2068 0
2066 2069 2096 0
2069 2095 2096 0
2080 2081 2082 0
2080 2081 2097 0
2080 2082 2091 0
2080 2090 2091 0
2080 2090 2094 0
2080 2094 2097 0
2082 2084 2091 0
2083 2084 2085 0
2083 2084 2091 0
2083 2085 2087 0
2083 2087 2092 0
2083 2091 2092 0
2086 2087 2092 0
2086 2087 2098 0
2086 2088 2089 0
2086 2088 2099 0
2086 2089 2092 0
2086 2098 2099 0
2089 2090 2092 0
2090 2091 2092 0
2090 2093 2094 0
2094 2095 2097 0
2098 2099 2102 0
2098 2100 2102 0
2100 2101 2102 0
2106 2107 2108 0
2106 2107 2116 0
2106 2108 2113 0
2106 2113 2116 0
2109 2110 2112 0
2109 2110 2113 0
2109 2113 2114 0
2110 2111 2112 0
2113 2114 2117 0
2113 2115 2116 0
2113 2115 2117 0
2115 2116 2124 0
2115 2117 2119 0
2115 2119 2123 0
2115 2123 2124 0
2118 2119 2123 0
2118 2123 2391 0
2118 2391 2392 0
2120 2121 2122 0
2120 2121 2409 0
2120 2122 2124 0
2120 2123 2124 0
2120 2123 2391 0
2120 2391 2409 0
2129 2208 2209 0
2129 2208 3656 0
2129 2209 2215 0
2129 2215 2243 0
2129 2243 2264 0
2129 2264 3656 0
2130 2190 2197 0
2130 2190 2206 0
2130 2197 2234 0
2130 2206 2214 0
2130 2214 2217 0
2130 2217 2234 0
2131 2132 2196 0
2131 2132 2227 0
2131 2195 2196 0
2131 2195 2197 0
2131 2197 2234 0
2131 2198 2228 0
2131 2198 2234 0
2131 2227 2228 0
2133 2137 2138 0
2133 2138 2144 0
2134 2135 2136 0
2134 2135 2137 0
2134 2136 2142 0
2134 2137 2138 0
2134 2138 2141 0
2134 2141 2142 0
2135 2137 2155 0
2136 2142 2159 0
2138 2141 2143 0
2138 2143 2144 0
2139 2148 2152 0
2139 2148 2187 0
2139 2152 2153 0
2139 2153 2162 0
2139 2162 2169 0
2139 2168 2169 0
2139 2168 2187 0
2140 2141 2142 0
2140 2141 2143 0
2140 2142 2154 0
2140 2143 2146 0
2140 2146 2152 0
2140 2152 2154 0
2142 2154 2158 0
2142 2158 2159 0
2143 2144 2145 0
2143 2145 2149 0
2143 2146 2149 0
2144 2145 2301 0
2145 2149 2150 0
2145 2150 2302 0
2145 2301 2302 0
2146 2148 2151 0
2146 2148 2152 0
2146 2149 2151 0
2147 2148 2151 0
2147 2148 2187 0
2147 2150 2151 0
2147 2150 2188 0
2147 2167 2187 0
2147 2167 2188 0
2149 2150 2151 0
2150 2188 3662 0
2150 2302 2303 0
2150 2303 3662 0
2152 2153 2154 0
2153 2154 2158 0
2153 2158 3659 0
2153 2162 2175 0
2153 2175 3659 0
2157 2158 2159 0
2157 2158 3659 0
2157 2159 2468 0
2157 2468 3660 0
2157 3658 3659 0
2157 3658 3660 0
2160 2171 2173 0
2160 2171 2180 0
2160 2173 2178 0
2160 2178 2184 0
2160 2180 2182 0
2160 2182 2184 0
2161 2162 2169 0
2161 2162 2175 0
2161 2169 2170 0
2161 2170 2171 0
2161 2171 2174 0
2161 2174 2175 0
2163 2164 2166 0
2163 2164 2192 0
2163 2166 2179 0
2163 2179 2186 0
2163 2185 2186 0
2163 2185 2193 0
2163 2192 2193 0
2164 2165 2166 0
2164 2165 2189 0
2164 2192 2200 0
2165 2166 2167 0
2165 2167 2188 0
2166 2167 2300 0
2166 2179 2300 0
2167 2187 2300 0
2168 2169 2170 0
2168 2170 2300 0
2168 2187 2300 0
2170 2171 2180 0
2170 2179 2180 0
2170 2179 2300 0
2171 2173 2174 0
2172 2173 2174 0
2172 2173 2456 0
2172 2174 3658 0
2172 2456 2464 0
2172 2464 3661 0
2172 3658 3661 0
2173 2178 2456 0
2174 2175 3658 0
2175 3658 3659 0
2176 2267 2299 0
2176 2267 2440 0
2176 2299 2457 0
2176 2440 2454 0
2176 2454 2455 0
2176 2455 2457 0
2177 2178 2184 0
2177 2178 2456 0
2177 2184 2298 0
2177 2298 2299 0
2177 2299 2457 0
2177 2456 2457 0
2179 2180 2186 0
2180 2182 2186 0
2181 2182 2183 0
2181 2182 2205 0
2181 2183 2210 0
2181 2205 2206 0
2181 2206 2210 0
2182 2183 2184 0
2182 2186 2205 0
2183 2184 2298 0
2183 2208 2210 0
2183 2208 2298 0
2185 2186 2205 0
2185 2193 2194 0
2185 2194 2205 0
2190 2194 2195 0
2190 2194 2205 0
2190 2195 2197 0
2190 2205 2206 0
2191 2192 2193 0
2191 2192 2199 0
2191 2193 2194 0
2191 2194 2195 0
2191 2195 2196 0
2191 2196 3657 0
2191 2199 3657 0
2192 2199 2200 0
2198 2217 2219 0
2198 2217 2234 0
2198 2219 2221 0
2198 2221 2228 0
2202 2203 2204 0
2206 2209 2210 0
2206 2209 2214 0
2207 2208 2298 0
2207 2208 3656 0
2207 2267 2299 0
2207 2267 3656 0
2207 2298 2299 0
2208 2209 2210 0
2209 2214 2215 0
2211 2216 2232 0
2211 2216 2242 0
2211 2232 2233 0
2211 2233 2245 0
2211 2242 2244 0
2211 2244 2245 0
2212 2256 2296 0
2212 2256 3633 0
2212 3632 3633 0
2213 2214 2215 0
2213 2214 2216 0
2213 2215 2243 0
2213 2216 2242 0
2213 2242 2243 0
2214 2216 2217 0
2216 2217 2232 0
2217 2219 2232 0
2218 2219 2222 0
2218 2219 2232 0
2218 2222 2236 0
2218 2232 2233 0
2218 2233 2236 0
2219 2221 2222 0
2220 2221 2222 0
2220 2221 2226 0
2220 2222 2225 0
2220 2225 2276 0
2220 2226 2276 0
2221 2226 2228 0
2222 2225 2236 0
2223 2237 2255 0
2223 2237 2274 0
2223 2255 2258 0
2223 2256 2258 0
2223 2256 2268 0
2223 2268 2271 0
2223 2271 2274 0
2224 2269 2272 0
2224 2272 2282 0
2224 2280 2282 0
2224 2280 2295 0
2225 2236 2237 0
2225 2237 2274 0
2225 2274 2275 0
2225 2275 2276 0
2226 2227 2228 0
2226 2230 2276 0
2229 2230 2231 0
2229 2230 2276 0
2229 2231 2283 0
2229 2275 2276 0
2229 2275 2278 0
2229 2278 2283 0
2231 2283 2285 0
2231 2285 2297 0
2233 2235 2236 0
2233 2235 2253 0
2233 2245 2253 0
2235 2236 2237 0
2235 2237 2255 0
2235 2252 2253 0
2235 2252 2255 0
2238 2478 2479 0
2238 2479 2516 0
2238 2484 2516 0
2239 2248 2251 0
2239 2248 2492 0
2239 2251 2497 0
2239 2486 2488 0
2239 2486 2497 0
2239 2488 2490 0
2239 2490 2492 0
2240 2244 2245 0
2240 2244 2491 0
2240 2245 2247 0
2240 2247 2248 0
2240 2248 2492 0
2240 2491 2492 0
2241 2242 2243 0
2241 2242 2244 0
2241 2243 2265 0
2241 2244 2491 0
2241 2265 2266 0
2241 2266 2491 0
2243 2264 2265 0
2245 2247 2253 0
2246 2247 2249 0
2246 2247 2252 0
2246 2249 2505 0
2246 2252 2259 0
2246 2259 2509 0
2246 2505 2509 0
2247 2248 2249 0
2247 2252 2253 0
2248 2249 2251 0
2249 2250 2251 0
2249 2250 2505 0
2250 2251 2497 0
2250 2497 2500 0
2250 2500 2506 0
2250 2505 2506 0
2252 2255 2259 0
2254 2255 2258 0
2254 2255 2259 0
2254 2258 3633 0
2254 2259 2507 0
2254 2507 3631 0
2254 3631 3633 0
2256 2257 2268 0
2256 2257 2296 0
2256 2258 3633 0
2257 2268 2269 0
2259 2507 2509 0
2260 2436 2524 0
2260 2524 2525 0
2261 2487 2519 0
2261 2487 2521 0
2261 2519 2526 0
2261 2521 3644 0
2261 2526 3642 0
2261 3642 3644 0
2262 2263 2265 0
2262 2263 3645 0
2262 2265 2266 0
2262 2266 2522 0
2262 2521 2522 0
2262 2521 3644 0
2262 3644 3645 0
2263 2264 2265 0
2263 2264 3656 0
2263 2267 3645 0
2263 2267 3656 0
2266 2489 2490 0
2266 2489 2522 0
2266 2490 2491 0
2267 2440 3643 0
2267 3643 3645 0
2268 2269 2272 0
2268 2271 2272 0
2270 2271 2274 0
2270 2271 2282 0
2270 2274 2275 0
2270 2275 2279 0
2270 2279 2282 0
2271 2272 2282 0
2273 2280 2281 0
2273 2280 2295 0
2273 2281 2287 0
2273 2287 2288 0
2275 2278 2279 0
2277 2278 2281 0
2277 2278 2283 0
2277 2281 2287 0
2277 2283 2284 0
2277 2284 2286 0
2277 2286 2287 0
2278 2279 2280 0
2278 2280 2281 0
2279 2280 2282 0
2283 2284 2285 0
2284 2285 3650 0
2284 2286 3651 0
2284 3650 3651 0
2286 2294 3648 0
2286 3648 3651 0
2289 2290 2291 0
2289 2290 3648 0
2289 2291 2292 0
2289 2294 3648 0
2290 2291 2293 0
2290 2293 3652 0
2290 3648 3649 0
2290 3649 3652 0
2304 2306 2411 0
2305 2306 2411 0
2305 2306 2531 0
2305 2309 2317 0
2305 2309 2531 0
2305 2317 2322 0
2305 2321 2322 0
2305 2321 2411 0
2306 2308 2531 0
2307 2465 2469 0
2307 2465 2528 0
2307 2469 2530 0
2307 2528 2529 0
2307 2529 2530 0
2308 2468 2469 0
2308 2469 2530 0
2308 2530 2531 0
2309 2315 2317 0
2309 2315 2529 0
2309 2529 2530 0
2309 2530 2531 0
2310 2423 2429 0
2310 2428 2429 0
2311 2410 2412 0
2311 2410 2426 0
2311 2412 2422 0
2311 2422 2427 0
2311 2426 2427 0
2312 2315 2412 0
2312 2315 2529 0
2312 2412 2415 0
2312 2415 2528 0
2312 2528 2529 0
2313 2316 2323 0
2313 2316 2332 0
2313 2323 2327 0
2313 2327 2330 0
2313 2330 2332 0
2314 2315 2316 0
2314 2315 2412 0
2314 2316 2332 0
2314 2331 2332 0
2314 2331 2410 0
2314 2410 2412 0
2315 2316 2317 0
2316 2317 2323 0
2317 2322 2323 0
2318 2319 2321 0
2318 2319 2328 0
2318 2321 2322 0
2318 2322 2323 0
2318 2323 2324 0
2318 2324 2328 0
2319 2320 2321 0
2320 2321 2411 0
2323 2324 2327 0
2324 2325 2327 0
2325 2326 2327 0
2326 2327 2330 0
2326 2330 2395 0
2326 2394 2395 0
2326 2394 2401 0
2329 2330 2331 0
2329 2330 2395 0
2329 2331 2335 0
2329 2335 2336 0
2329 2336 2397 0
2329 2393 2395 0
2329 2393 2397 0
2330 2331 2332 0
2331 2335 3646 0
2331 2410 3646 0
2333 2335 2336 0
2333 2335 3646 0
2333 2336 3647 0
2333 2430 3646 0
2333 2430 3647 0
2334 2428 2430 0
2334 2430 3647 0
2337 2338 2378 0
2337 2338 2400 0
2337 2378 2379 0
2337 2379 2387 0
2337 2387 2398 0
2337 2398 2399 0
2337 2399 2400 0
2338 2346 2378 0
2339 2393 2397 0
2339 2393 2399 0
2339 2396 2397 0
2339 2399 2400 0
2340 2341 2371 0
2340 2341 2382 0
2340 2371 2376 0
2340 2376 2377 0
2340 2377 2385 0
2340 2380 2382 0
2340 2380 2385 0
2341 2371 2372 0
2342 2344 2347 0
2342 2344 2378 0
2342 2347 2350 0
2342 2350 2357 0
2342 2357 2361 0
2342 2359 2361 0
2342 2359 2375 0
2342 2375 2379 0
2342 2378 2379 0
2343 2356 2357 0
2343 2357 2361 0
2343 2361 2362 0
2344 2345 2346 0
2344 2345 2349 0
2344 2346 2378 0
2344 2347 2349 0
2347 2348 2349 0
2347 2348 2352 0
2347 2350 2352 0
2350 2351 2352 0
2350 2351 2355 0
2350 2353 2355 0
2350 2353 2357 0
2353 2354 2355 0
2353 2354 2356 0
2353 2356 2357 0
2358 2369 2370 0
2358 2370 2373 0
2358 2373 2374 0
2359 2360 2361 0
2359 2360 2365 0
2359 2363 2365 0
2359 2363 2375 0
2360 2361 2362 0
2363 2364 2365 0
2363 2364 2368 0
2363 2366 2368 0
2363 2366 2370 0
2363 2370 2375 0
2366 2367 2368 0
2366 2367 2369 0
2366 2369 2370 0
2370 2373 2376 0
2370 2375 2376 0
2371 2372 2373 0
2371 2373 2376 0
2372 2373 2374 0
2375 2376 2377 0
2375 2377 2379 0
2377 2379 2386 0
2377 2385 2390 0
2377 2386 2390 0
2379 2386 2387 0
2380 2381 2382 0
2380 2381 2383 0
2380 2383 2384 0
2380 2384 2385 0
2384 2385 2389 0
2384 2389 2409 0
2384 2391 2409 0
2385 2388 2389 0
2385 2388 2390 0
2386 2387 2404 0
2386 2390 2405 0
2386 2404 2405 0
2387 2398 2402 0
2387 2402 2403 0
2387 2403 2404 0
2388 2390 2405 0
2393 2394 2395 0
2393 2394 2398 0
2393 2398 2399 0
2394 2398 2402 0
2394 2401 2402 0
2401 2402 2403 0
2410 2426 3646 0
2412 2415 2422 0
2413 2416 2419 0
2413 2416 2459 0
2413 2419 2473 0
2413 2449 2451 0
2413 2449 2473 0
2413 2451 2459 0
2414 2415 2416 0
2414 2415 2528 0
2414 2416 2459 0
2414 2458 2459 0
2414 2458 2465 0
2414 2465 2528 0
2415 2416 2421 0
2415 2421 2422 0
2416 2419 2420 0
2416 2420 2421 0
2417 2423 2424 0
2417 2424 2433 0
2417 2431 2433 0
2418 2419 2420 0
2418 2419 2473 0
2418 2420 2424 0
2418 2424 2433 0
2418 2433 2473 0
2420 2421 2427 0
2420 2424 2429 0
2420 2427 2429 0
2421 2422 2427 0
2423 2424 2429 0
2425 2426 2427 0
2425 2426 2430 0
2425 2427 2429 0
2425 2428 2429 0
2425 2428 2430 0
2426 2430 3646 0
2431 2432 2433 0
2432 2433 2473 0
2432 2446 2447 0
2432 2446 2449 0
2432 2449 2473 0
2434 2435 2448 0
2434 2435 2527 0
2434 2441 2445 0
2434 2441 2527 0
2434 2445 2446 0
2434 2446 2447 0
2434 2447 2448 0
2435 2436 2527 0
2436 2524 2527 0
2437 2441 2443 0
2437 2441 2527 0
2437 2442 2443 0
2437 2442 2523 0
2437 2523 2524 0
2437 2524 2527 0
2438 2441 2443 0
2438 2441 2472 0
2438 2443 3642 0
2438 2470 2472 0
2438 2470 3642 0
2439 2440 2454 0
2439 2440 3643 0
2439 2453 2454 0
2439 2453 2470 0
2439 2470 3642 0
2439 3642 3643 0
2441 2445 2472 0
2442 2443 3642 0
2442 2520 2523 0
2442 2520 2526 0
2442 2526 3642 0
2444 2445 2446 0
2444 2445 2472 0
2444 2446 2449 0
2444 2449 2452 0
2444 2452 2471 0
2444 2471 2472 0
2449 2451 2452 0
2450 2451 2452 0
2450 2451 2458 0
2450 2452 2453 0
2450 2453 2463 0
2450 2458 2460 0
2450 2460 2463 0
2451 2458 2459 0
2452 2453 2471 0
2453 2454 2462 0
2453 2462 2463 0
2453 2470 2471 0
2454 2455 2462 0
2455 2456 2457 0
2455 2456 2464 0
2455 2461 2462 0
2455 2461 2464 0
2458 2460 2466 0
2458 2465 2466 0
2460 2461 2463 0
2461 2462 2463 0
2461 2464 3661 0
2465 2466 2469 0
2466 2467 2469 0
2467 2468 2469 0
2467 2468 3660 0
2467 3660 3661 0
2470 2471 2472 0
2474 2477 2479 0
2474 2477 2520 0
2474 2479 2481 0
2474 2481 2487 0
2474 2487 2519 0
2474 2519 2520 0
2475 2477 2478 0
2475 2477 2525 0
2476 2477 2520 0
2476 2477 2525 0
2476 2520 2523 0
2476 2523 2524 0
2476 2524 2525 0
2477 2478 2479 0
2479 2481 2485 0
2479 2485 2516 0
2480 2481 2485 0
2480 2481 2487 0
2480 2485 2486 0
2480 2486 2488 0
2480 2487 2489 0
2480 2488 2489 0
2482 2484 2495 0
2482 2484 2516 0
2482 2485 2486 0
2482 2485 2516 0
2482 2486 2494 0
2482 2494 2495 0
2483 2496 2514 0
2483 2513 2514 0
2483 2513 2515 0
2484 2495 2496 0
2486 2494 2497 0
2487 2489 2522 0
2487 2521 2522 0
2488 2489 2490 0
2490 2491 2492 0
2493 2494 2495 0
2493 2494 2497 0
2493 2495 2514 0
2493 2497 2501 0
2493 2501 2513 0
2493 2513 2514 0
2495 2496 2514 0
2497 2500 2501 0
2498 2500 2501 0
2498 2500 3637 0
2498 2501 2503 0
2498 2503 2512 0
2498 2512 3636 0
2498 3636 3637 0
2499 3634 3635 0
2499 3635 3636 0
2499 3636 3641 0
2500 2506 3637 0
2501 2503 2513 0
2502 2503 2511 0
2502 2503 2515 0
2502 2511 2517 0
2503 2511 2512 0
2503 2513 2515 0
2504 2505 2506 0
2504 2505 3639 0
2504 2506 3637 0
2504 3635 3636 0
2504 3635 3639 0
2504 3636 3637 0
2505 2509 3639 0
2507 2509 3639 0
2507 3631 3638 0
2507 3638 3639 0
2508 3631 3632 0
2508 3631 3638 0
2508 3634 3638 0
2510 2511 2518 0
2510 2511 3640 0
2510 3640 3641 0
2511 2512 3640 0
2511 2517 2518 0
2512 3636 3640 0
2519 2520 2526 0
2533 2534 2535 0
2533 2534 2540 0
2533 2536 2539 0
2533 2539 2540 0
2536 2537 2538 0
2549 2590 2598 0
2549 2590 2617 0
2549 2598 2599 0
2549 2599 2601 0
2549 2601 2617 0
2550 2551 2553 0
2550 2551 2554 0
2550 2553 2618 0
2550 2554 2585 0
2550 2585 2618 0
2551 2553 2612 0
2551 2554 2555 0
2552 2553 2588 0
2552 2553 2612 0
2552 2588 2591 0
2552 2591 2616 0
2552 2592 2611 0
2552 2592 2616 0
2552 2611 2612 0
2553 2588 2618 0
2554 2585 2587 0
2555 2564 2568 0
2555 2568 2640 0
2556 2565 2575 0
2556 2565 3404 0
2556 2575 3394 0
2556 3394 3398 0
2556 3398 3402 0
2556 3402 3404 0
2557 2560 2561 0
2557 2560 3403 0
2557 2561 2563 0
2557 2563 3401 0
2557 3401 3402 0
2557 3402 3403 0
2558 2559 2560 0
2558 2559 2566 0
2558 2560 3403 0
2558 2564 2565 0
2558 2564 2566 0
2558 2565 3403 0
2561 2562 3425 0
2561 2563 3425 0
2563 3401 3405 0
2563 3405 3409 0
2563 3409 3425 0
2564 2565 2569 0
2564 2568 2569 0
2565 2569 2575 0
2565 3403 3404 0
2567 2568 2569 0
2567 2568 2640 0
2567 2569 2573 0
2567 2573 2574 0
2567 2574 2625 0
2567 2625 2640 0
2569 2573 2575 0
2570 3461 3463 0
2570 3461 3516 0
2570 3515 3516 0
2571 2577 2582 0
2571 2577 3366 0
2571 2582 3449 0
2571 3365 3366 0
2571 3365 3449 0
2572 2573 2574 0
2572 2573 2575 0
2572 2574 3541 0
2572 2575 2576 0
2572 2576 2577 0
2572 2577 2578 0
2572 2578 3541 0
2574 2624 2625 0
2574 2624 3541 0
2575 2576 3394 0
2576 2577 2582 0
2576 2582 3395 0
2576 3394 3395 0
2577 2578 3366 0
2578 3356 3366 0
2578 3356 3541 0
2579 3368 3371 0
2579 3368 3426 0
2579 3371 3377 0
2579 3377 3392 0
2579 3392 3426 0
2580 3443 3444 0
2580 3443 3450 0
2580 3444 3445 0
2580 3450 3451 0
2581 2582 3395 0
2581 2582 3449 0
2581 3368 3426 0
2581 3368 3449 0
2581 3395 3426 0
2583 2629 2854 0
2583 2629 3534 0
2583 2854 3538 0
2583 3534 3535 0
2583 3535 3536 0
2583 3536 3537 0
2583 3537 3538 0
2584 2585 2587 0
2584 2585 3536 0
2584 2587 3539 0
2584 3534 3535 0
2584 3534 3539 0
2584 3535 3536 0
2585 2586 2618 0
2585 2586 3536 0
2586 2601 2617 0
2586 2601 3537 0
2586 2617 2618 0
2586 3536 3537 0
2588 2590 2591 0
2588 2590 2617 0
2588 2617 2618 0
2589 2590 2595 0
2589 2590 2616 0
2589 2595 3155 0
2589 2609 2616 0
2589 2609 3164 0
2589 3155 3164 0
2590 2591 2616 0
2590 2595 2598 0
2592 2608 2609 0
2592 2608 2610 0
2592 2609 2616 0
2592 2610 2611 0
2593 3148 3156 0
2593 3148 3224 0
2593 3156 3232 0
2593 3223 3224 0
2593 3223 3231 0
2593 3231 3232 0
2594 2595 2597 0
2594 2595 2598 0
2594 2597 3232 0
2594 2598 3614 0
2594 3232 3614 0
2595 2597 3155 0
2596 2597 3155 0
2596 2597 3232 0
2596 3153 3154 0
2596 3153 3156 0
2596 3154 3155 0
2596 3156 3232 0
2598 2599 3614 0
2599 2600 2601 0
2599 2600 2607 0
2599 2607 3233 0
2599 3233 3614 0
2600 2601 3537 0
2600 2607 2853 0
2600 2853 3538 0
2600 3537 3538 0
2602 2676 2690 0
2602 2676 2835 0
2602 2690 2845 0
2602 2835 2842 0
2602 2842 2844 0
2602 2844 2845 0
2603 3272 3279 0
2603 3272 3298 0
2603 3279 3280 0
2604 2658 2660 0
2604 2658 3242 0
2604 2660 2663 0
2604 2663 2667 0
2604 2667 3241 0
2604 3238 3241 0
2604 3238 3242 0
2605 2606 2852 0
2605 2606 3230 0
2605 2657 2852 0
2605 2657 3240 0
2605 3230 3236 0
2605 3236 3239 0
2605 3239 3240 0
2606 2607 2853 0
2606 2607 3233 0
2606 2852 2853 0
2606 3227 3230 0
2606 3227 3233 0
2613 2614 2615 0
2619 2635 2639 0
2619 2635 3466 0
2619 2639 3471 0
2619 3466 3470 0
2619 3470 3471 0
2620 2621 2623 0
2620 2621 3357 0
2620 2623 2627 0
2620 2627 2634 0
2620 2634 3517 0
2620 3357 3517 0
2621 2623 2624 0
2621 2624 3541 0
2621 3356 3357 0
2621 3356 3541 0
2622 2623 2624 0
2622 2623 2631 0
2622 2624 2625 0
2622 2625 3539 0
2622 2631 3540 0
2622 3539 3540 0
2623 2627 2631 0
2626 2627 2628 0
2626 2627 2632 0
2626 2628 2630 0
2626 2630 3532 0
2626 2632 2638 0
2626 2638 3532 0
2627 2628 2631 0
2627 2632 2634 0
2628 2630 3534 0
2628 2631 3540 0
2628 3534 3540 0
2629 2630 3532 0
2629 2630 3534 0
2629 2854 2855 0
2629 2855 3532 0
2632 2634 2635 0
2632 2635 2639 0
2632 2638 2639 0
2633 2634 2635 0
2633 2634 3517 0
2633 2635 3466 0
2633 3466 3472 0
2633 3472 3517 0
2636 2643 2645 0
2636 2643 3531 0
2636 2645 2648 0
2636 2648 2650 0
2636 2650 2651 0
2636 2651 3531 0
2637 2638 2639 0
2637 2638 3531 0
2637 2639 3471 0
2637 2643 3471 0
2637 2643 3531 0
2638 2651 3531 0
2638 2651 3532 0
2641 3499 3501 0
2641 3499 3603 0
2641 3501 3502 0
2641 3502 3507 0
2641 3507 3603 0
2642 2643 3471 0
2642 2643 3502 0
2642 3470 3471 0
2642 3470 3507 0
2642 3502 3507 0
2643 2645 3502 0
2644 2713 3503 0
2644 2713 3528 0
2644 3503 3533 0
2644 3527 3528 0
2644 3527 3533 0
2645 2648 3533 0
2645 3502 3503 0
2645 3503 3533 0
2646 2647 2652 0
2646 2647 3529 0
2646 2652 2654 0
2646 2654 2688 0
2646 2687 2688 0
2646 2687 3529 0
2647 2648 2652 0
2647 2648 3533 0
2647 3529 3533 0
2648 2650 2652 0
2649 2650 2652 0
2649 2650 2851 0
2649 2652 2655 0
2649 2655 2850 0
2649 2850 2851 0
2650 2651 2851 0
2651 2851 3532 0
2652 2654 2655 0
2653 2654 2655 0
2653 2654 2658 0
2653 2655 2657 0
2653 2657 3240 0
2653 2658 3242 0
2653 3240 3242 0
2654 2658 2688 0
2655 2657 2850 0
2656 2657 2850 0
2656 2657 2852 0
2656 2850 2855 0
2656 2852 2853 0
2656 2853 2854 0
2656 2854 2855 0
2658 2660 2688 0
2659 2660 2662 0
2659 2660 2688 0
2659 2662 2674 0
2659 2674 2680 0
2659 2680 2686 0
2659 2686 2687 0
2659 2687 2688 0
2660 2662 2663 0
2661 2662 2663 0
2661 2662 2675 0
2661 2663 2669 0
2661 2669 2813 0
2661 2675 2813 0
2662 2674 2675 0
2663 2667 2670 0
2663 2669 2670 0
2664 3071 3072 0
2664 3071 3100 0
2664 3072 3073 0
2664 3073 3076 0
2664 3076 3078 0
2664 3078 3100 0
2665 2821 2822 0
2665 2821 3246 0
2665 2822 2825 0
2665 2825 3245 0
2665 3245 3246 0
2666 2667 3241 0
2666 2667 3530 0
2666 3085 3087 0
2666 3085 3226 0
2666 3087 3530 0
2666 3226 3243 0
2666 3241 3243 0
2667 2670 3530 0
2668 2669 2670 0
2668 2669 2672 0
2668 2670 2671 0
2668 2671 2821 0
2668 2672 2820 0
2668 2820 2821 0
2669 2672 2813 0
2670 2671 3530 0
2671 2821 3246 0
2671 3087 3246 0
2671 3087 3530 0
2672 2678 2813 0
2672 2678 2816 0
2672 2816 2819 0
2672 2819 2820 0
2673 2674 2675 0
2673 2674 2681 0
2673 2675 2677 0
2673 2677 2690 0
2673 2681 2691 0
2673 2690 2691 0
2674 2680 2681 0
2675 2677 2678 0
2675 2678 2813 0
2676 2677 2678 0
2676 2677 2690 0
2676 2678 2831 0
2676 2831 2835 0
2678 2816 2831 0
2679 2680 2681 0
2679 2680 2686 0
2679 2681 2684 0
2679 2684 2696 0
2679 2685 2686 0
2679 2685 3525 0
2679 2696 3525 0
2681 2684 2691 0
2682 2700 2715 0
2682 2700 2723 0
2682 2715 2717 0
2682 2717 2720 0
2682 2720 2722 0
2682 2722 2723 0
2683 2684 2692 0
2683 2684 2697 0
2683 2692 2694 0
2683 2694 2700 0
2683 2697 2699 0
2683 2699 2700 0
2684 2691 2692 0
2684 2696 2697 0
2685 2686 2687 0
2685 2687 3529 0
2685 3525 3527 0
2685 3527 3529 0
2689 2690 2691 0
2689 2690 2845 0
2689 2691 2692 0
2689 2692 3303 0
2689 2845 3303 0
2692 2694 3303 0
2693 2843 2844 0
2693 2843 2847 0
2693 2844 3524 0
2693 2847 2848 0
2693 2848 3524 0
2694 2700 2723 0
2694 2723 3524 0
2694 2844 3303 0
2694 2844 3524 0
2695 2696 2701 0
2695 2696 3526 0
2695 2701 2703 0
2695 2703 2707 0
2695 2707 2714 0
2695 2714 3526 0
2696 2697 2701 0
2696 3525 3526 0
2697 2699 2701 0
2698 2699 2701 0
2698 2699 2715 0
2698 2701 2703 0
2698 2703 2705 0
2698 2704 2705 0
2698 2704 2744 0
2698 2715 2744 0
2699 2700 2715 0
2702 2705 2708 0
2702 2705 3337 0
2702 2708 2710 0
2702 2710 3337 0
2703 2705 2708 0
2703 2707 2708 0
2704 2705 3337 0
2704 2743 2744 0
2704 2743 2747 0
2704 2747 3337 0
2706 2707 2708 0
2706 2707 2713 0
2706 2708 3497 0
2706 2713 3501 0
2706 3496 3497 0
2706 3496 3499 0
2706 3499 3501 0
2707 2713 2714 0
2708 2710 3497 0
2709 2710 2711 0
2709 2710 3497 0
2709 2711 3606 0
2709 3495 3496 0
2709 3495 3606 0
2709 3496 3497 0
2710 2711 3337 0
2711 3336 3337 0
2711 3336 3339 0
2711 3339 3606 0
2712 2780 2781 0
2712 2781 2795 0
2712 2795 3335 0
2713 2714 3528 0
2713 3501 3503 0
2714 3526 3528 0
2715 2717 2744 0
2716 2717 2719 0
2716 2717 2743 0
2716 2719 3522 0
2716 2743 2748 0
2716 2748 2751 0
2716 2751 3522 0
2717 2719 2720 0
2717 2743 2744 0
2718 2719 2724 0
2718 2719 3523 0
2718 2724 2726 0
2718 2726 2733 0
2718 2733 2741 0
2718 2741 3523 0
2719 2720 2724 0
2719 3522 3523 0
2720 2722 2724 0
2721 2722 2723 0
2721 2722 2724 0
2721 2723 2848 0
2721 2724 2726 0
2721 2726 2727 0
2721 2727 2848 0
2723 2848 3524 0
2725 2726 2727 0
2725 2726 2739 0
2725 2727 2730 0
2725 2730 3262 0
2725 2739 3262 0
2726 2733 2739 0
2727 2730 2856 0
2727 2848 2856 0
2728 2860 2863 0
2728 2860 3257 0
2728 2863 2865 0
2728 2865 2869 0
2728 2869 2872 0
2728 2872 3257 0
2729 2730 2858 0
2729 2730 3263 0
2729 2858 2861 0
2729 2861 3301 0
2729 3263 3265 0
2729 3265 3301 0
2730 2846 2856 0
2730 2846 2858 0
2730 3261 3262 0
2730 3261 3263 0
2731 3306 3307 0
2731 3306 3308 0
2731 3308 3309 0
2732 2733 2734 0
2732 2733 2742 0
2732 2734 2738 0
2732 2738 3286 0
2732 2742 3286 0
2733 2734 2739 0
2733 2741 2742 0
2734 2738 3299 0
2734 2739 3262 0
2734 3262 3299 0
2735 3276 3277 0
2735 3276 3281 0
2735 3277 3300 0
2735 3281 3284 0
2735 3284 3287 0
2735 3287 3300 0
2736 3282 3296 0
2736 3283 3291 0
2736 3283 3296 0
2736 3291 3294 0
2737 2738 3286 0
2737 2738 3299 0
2737 3286 3287 0
2737 3287 3300 0
2737 3299 3300 0
2740 2741 3319 0
2740 2741 3608 0
2740 3317 3318 0
2740 3317 3319 0
2740 3318 3607 0
2740 3607 3608 0
2741 2742 3608 0
2741 2752 3319 0
2741 2752 3523 0
2742 2808 3286 0
2742 2808 3608 0
2743 2747 2748 0
2745 2749 2754 0
2745 2749 2792 0
2745 2754 2758 0
2745 2758 2785 0
2745 2785 2792 0
2746 2747 2748 0
2746 2747 3337 0
2746 2748 2749 0
2746 2749 3336 0
2746 3336 3337 0
2748 2749 2754 0
2748 2751 2754 0
2749 2792 3336 0
2750 2751 2753 0
2750 2751 2812 0
2750 2753 3317 0
2750 2812 3316 0
2750 3316 3317 0
2751 2753 3522 0
2751 2754 2812 0
2752 2753 3319 0
2752 2753 3522 0
2752 3522 3523 0
2753 3317 3319 0
2754 2758 2761 0
2754 2761 2812 0
2755 2774 2779 0
2755 2774 3333 0
2755 2777 2778 0
2755 2777 2779 0
2756 2762 2764 0
2756 2762 2803 0
2756 2764 2767 0
2756 2767 2772 0
2756 2772 3324 0
2756 2803 3324 0
2757 2758 2760 0
2757 2758 2786 0
2757 2760 2762 0
2757 2762 2797 0
2757 2786 2796 0
2757 2796 2797 0
2758 2760 2761 0
2758 2785 2786 0
2759 2760 2761 0
2759 2760 2762 0
2759 2761 3316 0
2759 2762 2803 0
2759 2803 3313 0
2759 3313 3316 0
2761 2812 3316 0
2762 2764 2797 0
2763 2764 2766 0
2763 2764 2796 0
2763 2766 2776 0
2763 2776 2781 0
2763 2781 2793 0
2763 2793 2796 0
2764 2766 2767 0
2764 2796 2797 0
2765 2766 2767 0
2765 2766 2776 0
2765 2767 2771 0
2765 2771 2779 0
2765 2776 2777 0
2765 2777 2779 0
2767 2771 2772 0
2768 2800 3304 0
2768 2800 3326 0
2768 2811 3304 0
2768 2811 3312 0
2769 2772 2799 0
2769 2772 2802 0
2769 2799 3304 0
2769 2802 2805 0
2769 2805 2811 0
2769 2811 3304 0
2770 2771 2772 0
2770 2771 3329 0
2770 2772 2799 0
2770 2799 3330 0
2770 3329 3330 0
2771 2774 2779 0
2771 2774 3329 0
2772 2802 3324 0
2773 3331 3332 0
2773 3331 3333 0
2773 3332 3334 0
2774 3329 3331 0
2774 3331 3333 0
2775 2776 2777 0
2775 2776 2780 0
2775 2777 2778 0
2776 2780 2781 0
2781 2793 2795 0
2782 2786 2787 0
2782 2786 2796 0
2782 2787 2798 0
2782 2793 2795 0
2782 2793 2796 0
2782 2795 2798 0
2783 3345 3346 0
2783 3345 3520 0
2783 3520 3521 0
2784 2785 2786 0
2784 2785 2791 0
2784 2786 2787 0
2784 2787 2790 0
2784 2790 3338 0
2784 2791 3338 0
2785 2791 2792 0
2787 2790 3343 0
2787 2798 3343 0
2788 3341 3344 0
2788 3341 3494 0
2788 3344 3349 0
2788 3349 3486 0
2788 3486 3494 0
2789 2790 3338 0
2789 2790 3343 0
2789 3338 3341 0
2789 3341 3344 0
2789 3343 3344 0
2791 2792 3336 0
2791 3336 3339 0
2791 3338 3339 0
2794 3335 3347 0
2794 3345 3346 0
2794 3345 3347 0
2795 2798 3347 0
2795 3335 3347 0
2798 3343 3345 0
2798 3345 3347 0
2799 2800 3304 0
2799 2800 3330 0
2800 3326 3328 0
2800 3328 3330 0
2801 2802 2803 0
2801 2802 2806 0
2801 2803 3313 0
2801 2806 3321 0
2801 3313 3315 0
2801 3315 3321 0
2802 2803 3324 0
2802 2805 2806 0
2804 2805 2806 0
2804 2805 2811 0
2804 2806 2809 0
2804 2809 3306 0
2804 2811 3305 0
2804 3305 3306 0
2806 2809 3321 0
2807 3288 3289 0
2807 3288 3311 0
2807 3289 3295 0
2807 3295 3323 0
2807 3310 3311 0
2807 3310 3323 0
2808 3286 3289 0
2808 3289 3295 0
2808 3295 3607 0
2808 3607 3608 0
2809 3306 3310 0
2809 3310 3323 0
2809 3321 3323 0
2810 2811 3305 0
2810 2811 3312 0
2810 3305 3307 0
2814 2838 3069 0
2814 2838 3627 0
2814 2997 3062 0
2814 2997 3627 0
2814 3062 3065 0
2814 3065 3068 0
2814 3068 3069 0
2815 2816 2818 0
2815 2816 2831 0
2815 2818 3068 0
2815 2831 2833 0
2815 2833 2834 0
2815 2834 3069 0
2815 3068 3069 0
2816 2818 2819 0
2817 2818 2819 0
2817 2818 3066 0
2817 2819 2820 0
2817 2820 2822 0
2817 2822 2824 0
2817 2824 3066 0
2818 3064 3066 0
2818 3064 3068 0
2820 2821 2822 0
2822 2824 2825 0
2823 2824 2825 0
2823 2824 2830 0
2823 2825 2827 0
2823 2827 3073 0
2823 2830 3072 0
2823 3072 3073 0
2824 2830 3066 0
2825 2827 3245 0
2826 2827 3079 0
2826 2827 3244 0
2826 3079 3081 0
2826 3081 3084 0
2826 3084 3086 0
2826 3086 3244 0
2827 3073 3076 0
2827 3076 3079 0
2827 3244 3245 0
2828 3045 3070 0
2828 3045 3075 0
2828 3059 3063 0
2828 3059 3070 0
2828 3063 3067 0
2828 3067 3075 0
2829 2830 3067 0
2829 2830 3074 0
2829 3067 3075 0
2829 3074 3075 0
2830 3066 3067 0
2830 3072 3074 0
2831 2833 2835 0
2832 2833 2834 0
2832 2833 2835 0
2832 2834 2837 0
2832 2835 2842 0
2832 2837 2841 0
2832 2841 2842 0
2834 2837 2839 0
2834 2838 2839 0
2834 2838 3069 0
2836 2837 2839 0
2836 2837 2859 0
2836 2839 2866 0
2836 2859 2862 0
2836 2862 2863 0
2836 2863 2866 0
2837 2841 2859 0
2838 2839 2866 0
2838 2866 3628 0
2838 3627 3628 0
2840 2841 2842 0
2840 2841 2859 0
2840 2842 2843 0
2840 2843 2849 0
2840 2849 2857 0
2840 2857 2859 0
2842 2843 2844 0
2843 2847 2849 0
2844 2845 3303 0
2846 2847 2849 0
2846 2847 2856 0
2846 2849 2857 0
2846 2857 2858 0
2847 2848 2856 0
2850 2851 2855 0
2851 2855 3532 0
2853 2854 3538 0
2857 2858 2861 0
2857 2859 2862 0
2857 2861 2862 0
2860 2861 2862 0
2860 2861 3301 0
2860 2862 2863 0
2860 3257 3301 0
2863 2865 2866 0
2864 2865 3302 0
2864 2865 3628 0
2864 2870 3000 0
2864 2870 3302 0
2864 3000 3626 0
2864 3626 3628 0
2865 2866 3628 0
2865 2869 3302 0
2867 2883 2887 0
2867 2883 2900 0
2867 2886 2887 0
2868 2869 2870 0
2868 2869 2873 0
2868 2870 2934 0
2868 2873 2875 0
2868 2875 3254 0
2868 2933 2934 0
2868 2933 3254 0
2869 2870 3302 0
2869 2872 2873 0
2870 2934 2999 0
2870 2999 3000 0
2871 2872 2892 0
2871 2872 3258 0
2871 2890 2891 0
2871 2890 3268 0
2871 2891 2892 0
2871 3258 3268 0
2872 2873 2892 0
2872 3257 3258 0
2873 2875 2892 0
2874 2875 2877 0
2874 2875 2892 0
2874 2877 2881 0
2874 2881 2889 0
2874 2889 2891 0
2874 2891 2892 0
2875 2877 3254 0
2876 2877 2882 0
2876 2877 2933 0
2876 2882 2885 0
2876 2885 2914 0
2876 2914 2932 0
2876 2932 2933 0
2877 2881 2882 0
2877 2933 3254 0
2878 2894 3613 0
2878 3611 3613 0
2879 2886 2893 0
2879 2893 2894 0
2880 2881 2882 0
2880 2881 2895 0
2880 2882 2884 0
2880 2884 2887 0
2880 2887 2893 0
2880 2893 2895 0
2881 2889 2895 0
2882 2884 2885 0
2883 2884 2885 0
2883 2884 2887 0
2883 2885 2918 0
2883 2900 2918 0
2885 2914 2915 0
2885 2915 2916 0
2885 2916 2918 0
2886 2887 2893 0
2888 2889 2895 0
2888 2889 3612 0
2888 2894 2895 0
2888 2894 3613 0
2888 3612 3613 0
2889 2891 3612 0
2890 2891 3612 0
2890 3267 3268 0
2890 3267 3274 0
2890 3274 3609 0
2890 3609 3612 0
2893 2894 2895 0
2896 2897 2902 0
2896 2897 2908 0
2896 2902 2904 0
2896 2904 2905 0
2896 2905 2909 0
2896 2908 2910 0
2896 2909 2910 0
2897 2901 2902 0
2898 2899 2900 0
2898 2899 2901 0
2898 2900 2918 0
2898 2901 2902 0
2898 2902 2917 0
2898 2917 2918 0
2902 2904 2917 0
2903 2904 2917 0
2903 2904 2926 0
2903 2915 2916 0
2903 2915 2920 0
2903 2916 2917 0
2903 2920 2926 0
2904 2905 2926 0
2905 2909 2938 0
2905 2921 2924 0
2905 2921 2926 0
2905 2924 2938 0
2906 2909 2910 0
2906 2909 2938 0
2906 2910 2943 0
2906 2938 2940 0
2906 2940 2941 0
2906 2941 2943 0
2907 2908 2910 0
2907 2910 2943 0
2907 2942 2943 0
2911 2927 2928 0
2911 2927 2935 0
2911 2928 2929 0
2911 2929 3249 0
2911 2935 3248 0
2911 3248 3249 0
2912 2919 2920 0
2912 2919 2927 0
2912 2920 2921 0
2912 2921 2925 0
2912 2925 3255 0
2912 2927 2928 0
2912 2928 3255 0
2913 2914 2915 0
2913 2914 2932 0
2913 2915 2919 0
2913 2919 2927 0
2913 2927 2936 0
2913 2931 2932 0
2913 2931 2936 0
2915 2919 2920 0
2916 2917 2918 0
2920 2921 2926 0
2921 2924 2937 0
2921 2925 2937 0
2922 2925 2937 0
2922 2925 3250 0
2922 2937 3251 0
2922 2957 2970 0
2922 2957 3252 0
2922 2970 3250 0
2922 3251 3252 0
2923 2924 2937 0
2923 2924 2938 0
2923 2937 3251 0
2923 2938 2939 0
2923 2939 2950 0
2923 2950 3251 0
2925 3250 3255 0
2927 2935 2936 0
2928 2929 3255 0
2929 2984 3249 0
2929 2984 3250 0
2929 3250 3255 0
2930 2931 2934 0
2930 2931 2936 0
2930 2934 2999 0
2930 2935 2936 0
2930 2935 2998 0
2930 2996 2998 0
2930 2996 2999 0
2931 2932 2933 0
2931 2933 2934 0
2935 2998 3248 0
2938 2939 2940 0
2939 2940 2944 0
2939 2949 2950 0
2940 2941 2944 0
2941 2942 2943 0
2941 2944 2946 0
2944 2945 2946 0
2945 2946 3629 0
2948 2949 2951 0
2948 2949 3253 0
2948 2951 2953 0
2948 2953 2956 0
2948 2956 3253 0
2949 2950 3253 0
2949 2951 2974 0
2950 3251 3253 0
2951 2953 2964 0
2951 2964 3630 0
2952 2953 2955 0
2952 2953 2964 0
2952 2955 2959 0
2952 2959 2961 0
2952 2961 2962 0
2952 2962 2963 0
2952 2963 2964 0
2953 2955 2956 0
2954 2955 2956 0
2954 2955 2983 0
2954 2956 2957 0
2954 2957 2973 0
2954 2973 2982 0
2954 2982 2983 0
2955 2959 2983 0
2956 2957 3252 0
2956 3252 3253 0
2957 2970 2973 0
2958 2959 2961 0
2958 2959 2983 0
2958 2961 3023 0
2958 2981 2983 0
2958 2981 3015 0
2958 3015 3024 0
2958 3023 3024 0
2960 2961 2962 0
2960 2961 3023 0
2960 2962 2967 0
2960 2967 3025 0
2960 3022 3023 0
2960 3022 3025 0
2962 2966 2967 0
2965 2966 2967 0
2965 2967 3025 0
2965 3025 3026 0
2968 2978 2980 0
2968 2978 2988 0
2968 2980 3011 0
2968 2988 3004 0
2968 3004 3011 0
2969 2972 2973 0
2969 2972 2978 0
2969 2973 2982 0
2969 2978 2980 0
2969 2980 2982 0
2970 2972 2973 0
2970 2972 2984 0
2970 2984 3250 0
2971 2972 2978 0
2971 2972 2984 0
2971 2978 2988 0
2971 2984 2986 0
2971 2986 2988 0
2979 2980 2981 0
2979 2980 3012 0
2979 2981 3015 0
2979 3012 3016 0
2979 3015 3016 0
2980 2981 2982 0
2980 3011 3012 0
2981 2982 2983 0
2984 2986 3249 0
2985 2986 3247 0
2985 2986 3249 0
2985 3001 3247 0
2985 3001 3248 0
2985 3248 3249 0
2986 2987 2988 0
2986 2987 3247 0
2987 2988 3004 0
2987 3004 3005 0
2987 3005 3247 0
2989 2992 2994 0
2989 2992 3055 0
2989 2994 3061 0
2989 3055 3060 0
2989 3060 3061 0
2990 2992 3001 0
2990 2992 3055 0
2990 3001 3247 0
2990 3005 3055 0
2990 3005 3247 0
2991 2992 2995 0
2991 2992 3001 0
2991 2995 2996 0
2991 2996 2998 0
2991 2998 3248 0
2991 3001 3248 0
2992 2994 2995 0
2993 2994 2995 0
2993 2994 3061 0
2993 2995 2996 0
2993 2996 3000 0
2993 2997 3061 0
2993 2997 3626 0
2993 3000 3626 0
2996 2999 3000 0
2997 3061 3062 0
2997 3626 3627 0
3002 3006 3007 0
3002 3006 3057 0
3002 3007 3050 0
3002 3050 3624 0
3002 3057 3624 0
3003 3004 3005 0
3003 3004 3011 0
3003 3005 3006 0
3003 3006 3007 0
3003 3007 3009 0
3003 3009 3011 0
3005 3006 3057 0
3005 3055 3057 0
3007 3009 3010 0
3007 3010 3040 0
3007 3040 3050 0
3008 3009 3010 0
3008 3009 3011 0
3008 3010 3027 0
3008 3011 3012 0
3008 3012 3013 0
3008 3013 3027 0
3010 3027 3030 0
3010 3030 3033 0
3010 3033 3040 0
3012 3013 3016 0
3013 3016 3017 0
3014 3015 3016 0
3014 3015 3024 0
3014 3016 3017 0
3014 3017 3018 0
3014 3018 3019 0
3014 3019 3024 0
3017 3018 3053 0
3018 3019 3020 0
3019 3020 3021 0
3019 3022 3024 0
3022 3023 3024 0
3027 3029 3030 0
3028 3029 3030 0
3028 3029 3051 0
3028 3030 3035 0
3028 3035 3625 0
3028 3036 3621 0
3028 3036 3625 0
3028 3051 3621 0
3029 3051 3052 0
3030 3033 3035 0
3031 3034 3037 0
3031 3034 3042 0
3031 3037 3122 0
3031 3042 3047 0
3031 3047 3048 0
3031 3048 3122 0
3032 3033 3034 0
3032 3033 3035 0
3032 3034 3037 0
3032 3035 3625 0
3032 3037 3039 0
3032 3039 3625 0
3033 3034 3040 0
3034 3040 3049 0
3034 3042 3049 0
3036 3616 3617 0
3036 3616 3623 0
3036 3617 3719 0
3036 3621 3623 0
3036 3625 3719 0
3037 3039 3122 0
3038 3039 3122 0
3038 3039 3719 0
3038 3120 3121 0
3038 3120 3124 0
3038 3121 3122 0
3038 3124 3719 0
3039 3625 3719 0
3040 3049 3050 0
3041 3042 3044 0
3041 3042 3049 0
3041 3044 3045 0
3041 3045 3624 0
3041 3049 3050 0
3041 3050 3624 0
3042 3044 3047 0
3043 3044 3045 0
3043 3044 3046 0
3043 3045 3074 0
3043 3046 3071 0
3043 3071 3072 0
3043 3072 3074 0
3044 3046 3047 0
3045 3070 3624 0
3045 3074 3075 0
3046 3047 3099 0
3046 3071 3100 0
3046 3099 3100 0
3047 3048 3099 0
3048 3098 3099 0
3048 3098 3119 0
3048 3118 3119 0
3048 3118 3121 0
3048 3121 3122 0
3051 3621 3622 0
3052 3053 3054 0
3055 3057 3060 0
3056 3057 3060 0
3056 3057 3624 0
3056 3059 3060 0
3056 3059 3070 0
3056 3070 3624 0
3058 3059 3060 0
3058 3059 3063 0
3058 3060 3061 0
3058 3061 3062 0
3058 3062 3063 0
3062 3063 3065 0
3063 3064 3065 0
3063 3064 3067 0
3064 3065 3068 0
3064 3066 3067 0
3076 3078 3079 0
3077 3078 3092 0
3077 3078 3098 0
3077 3091 3092 0
3077 3091 3095 0
3077 3095 3101 0
3077 3098 3101 0
3078 3079 3092 0
3078 3098 3100 0
3079 3081 3092 0
3080 3081 3083 0
3080 3081 3091 0
3080 3083 3089 0
3080 3089 3213 0
3080 3091 3096 0
3080 3096 3213 0
3081 3083 3084 0
3081 3091 3092 0
3082 3083 3084 0
3082 3083 3090 0
3082 3084 3085 0
3082 3085 3226 0
3082 3090 3220 0
3082 3220 3226 0
3083 3089 3090 0
3084 3085 3086 0
3085 3086 3087 0
3086 3087 3246 0
3086 3244 3245 0
3086 3245 3246 0
3088 3149 3217 0
3088 3149 3225 0
3088 3217 3218 0
3088 3218 3234 0
3088 3222 3224 0
3088 3222 3234 0
3088 3224 3225 0
3089 3090 3234 0
3089 3213 3217 0
3089 3217 3218 0
3089 3218 3234 0
3090 3220 3234 0
3091 3095 3096 0
3093 3104 3106 0
3093 3104 3212 0
3093 3106 3107 0
3093 3107 3151 0
3093 3151 3214 0
3093 3212 3214 0
3094 3095 3096 0
3094 3095 3097 0
3094 3096 3212 0
3094 3097 3103 0
3094 3103 3104 0
3094 3104 3212 0
3095 3097 3101 0
3096 3212 3214 0
3096 3213 3214 0
3097 3101 3119 0
3097 3103 3117 0
3097 3117 3118 0
3097 3118 3119 0
3098 3099 3100 0
3098 3101 3119 0
3102 3103 3104 0
3102 3103 3203 0
3102 3104 3108 0
3102 3108 3198 0
3102 3198 3199 0
3102 3199 3203 0
3103 3117 3203 0
3104 3106 3108 0
3105 3106 3107 0
3105 3106 3108 0
3105 3107 3129 0
3105 3108 3111 0
3105 3111 3128 0
3105 3128 3129 0
3107 3135 3150 0
3107 3138 3150 0
3107 3138 3151 0
3108 3111 3198 0
3109 3131 3172 0
3109 3131 3204 0
3109 3171 3172 0
3109 3171 3195 0
3109 3195 3205 0
3109 3204 3205 0
3110 3111 3128 0
3110 3111 3198 0
3110 3128 3131 0
3110 3131 3204 0
3110 3197 3198 0
3110 3197 3204 0
3112 3113 3114 0
3112 3113 3115 0
3112 3114 3172 0
3112 3115 3128 0
3112 3128 3131 0
3112 3131 3172 0
3114 3170 3171 0
3114 3170 3684 0
3114 3171 3172 0
3115 3128 3130 0
3115 3130 3132 0
3116 3117 3118 0
3116 3117 3203 0
3116 3118 3120 0
3116 3120 3202 0
3116 3202 3203 0
3118 3120 3121 0
3120 3124 3125 0
3120 3125 3202 0
3123 3125 3127 0
3123 3125 3202 0
3123 3127 3179 0
3123 3179 3201 0
3123 3200 3201 0
3123 3200 3202 0
3124 3125 3127 0
3124 3127 3617 0
3124 3617 3719 0
3126 3127 3179 0
3126 3127 3617 0
3126 3179 3187 0
3126 3187 3188 0
3126 3188 3618 0
3126 3617 3618 0
3128 3129 3130 0
3133 3134 3142 0
3133 3135 3150 0
3133 3142 3150 0
3136 3138 3139 0
3136 3138 3216 0
3136 3139 3140 0
3136 3140 3146 0
3136 3146 3615 0
3136 3215 3216 0
3136 3215 3615 0
3137 3139 3140 0
3137 3139 3150 0
3137 3140 3141 0
3137 3141 3142 0
3137 3142 3150 0
3138 3139 3150 0
3138 3151 3216 0
3140 3141 3143 0
3140 3143 3145 0
3140 3145 3146 0
3143 3145 3147 0
3143 3147 3152 0
3144 3145 3146 0
3144 3145 3147 0
3144 3146 3148 0
3144 3147 3153 0
3144 3148 3156 0
3144 3153 3156 0
3146 3148 3149 0
3146 3149 3615 0
3147 3153 3157 0
3148 3149 3225 0
3148 3224 3225 0
3149 3217 3615 0
3151 3214 3216 0
3153 3154 3157 0
3154 3155 3164 0
3157 3158 3160 0
3158 3159 3160 0
3158 3159 3162 0
3158 3161 3162 0
3165 3166 3167 0
3165 3166 3168 0
3165 3167 3173 0
3165 3168 3170 0
3165 3170 3171 0
3165 3171 3173 0
3167 3173 3175 0
3167 3175 3176 0
3167 3176 3191 0
3168 3170 3684 0
3171 3173 3195 0
3173 3175 3194 0
3173 3194 3195 0
3174 3175 3176 0
3174 3175 3196 0
3174 3176 3177 0
3174 3177 3180 0
3174 3180 3182 0
3174 3182 3196 0
3175 3194 3196 0
3176 3191 3192 0
3177 3180 3181 0
3178 3179 3182 0
3178 3179 3187 0
3178 3180 3181 0
3178 3180 3182 0
3178 3181 3186 0
3178 3186 3187 0
3179 3182 3201 0
3181 3185 3186 0
3181 3185 3208 0
3183 3184 3185 0
3183 3185 3208 0
3183 3190 3209 0
3183 3208 3209 0
3184 3185 3189 0
3186 3187 3188 0
3186 3188 3207 0
3193 3194 3196 0
3193 3194 3205 0
3193 3196 3206 0
3193 3205 3206 0
3194 3195 3205 0
3197 3198 3199 0
3197 3199 3206 0
3197 3204 3205 0
3197 3205 3206 0
3199 3200 3203 0
3200 3202 3203 0
3213 3214 3215 0
3213 3215 3217 0
3214 3215 3216 0
3215 3217 3615 0
3219 3220 3221 0
3219 3220 3222 0
3219 3221 3229 0
3219 3222 3223 0
3219 3223 3228 0
3219 3228 3229 0
3220 3221 3226 0
3220 3222 3234 0
3221 3226 3243 0
3221 3229 3237 0
3221 3237 3243 0
3222 3223 3224 0
3223 3228 3231 0
3227 3228 3229 0
3227 3228 3233 0
3227 3229 3230 0
3228 3231 3233 0
3229 3230 3236 0
3229 3236 3237 0
3231 3232 3614 0
3231 3233 3614 0
3235 3236 3237 0
3235 3236 3239 0
3235 3237 3243 0
3235 3238 3239 0
3235 3238 3241 0
3235 3241 3243 0
3238 3239 3240 0
3238 3240 3242 0
3251 3252 3253 0
3256 3257 3258 0
3256 3257 3301 0
3256 3258 3266 0
3256 3265 3266 0
3256 3265 3301 0
3258 3266 3268 0
3259 3264 3266 0
3259 3264 3275 0
3259 3266 3267 0
3259 3267 3271 0
3259 3271 3273 0
3259 3273 3275 0
3260 3261 3275 0
3260 3261 3299 0
3260 3273 3275 0
3260 3273 3277 0
3260 3277 3300 0
3260 3299 3300 0
3261 3262 3299 0
3261 3263 3264 0
3261 3264 3275 0
3263 3264 3265 0
3264 3265 3266 0
3266 3267 3268 0
3267 3271 3274 0
3269 3297 3298 0
3269 3297 3610 0
3269 3610 3611 0
3270 3271 3272 0
3270 3271 3274 0
3270 3272 3297 0
3270 3274 3609 0
3270 3297 3610 0
3270 3609 3610 0
3271 3272 3278 0
3271 3273 3278 0
3272 3278 3279 0
3272 3297 3298 0
3273 3277 3278 0
3276 3277 3278 0
3276 3278 3279 0
3276 3279 3280 0
3276 3280 3281 0
3280 3281 3296 0
3280 3282 3296 0
3281 3284 3296 0
3283 3284 3290 0
3283 3284 3296 0
3283 3290 3291 0
3284 3287 3290 0
3285 3286 3287 0
3285 3286 3289 0
3285 3287 3290 0
3285 3289 3290 0
3288 3289 3290 0
3288 3290 3291 0
3288 3291 3293 0
3288 3293 3311 0
3291 3293 3294 0
3292 3293 3294 0
3292 3293 3311 0
3292 3308 3309 0
3292 3308 3311 0
3295 3322 3323 0
3295 3322 3607 0
3305 3306 3307 0
3306 3308 3310 0
3308 3310 3311 0
3313 3315 3320 0
3313 3316 3320 0
3314 3315 3320 0
3314 3315 3321 0
3314 3318 3320 0
3314 3318 3607 0
3314 3321 3322 0
3314 3322 3607 0
3316 3317 3320 0
3317 3318 3320 0
3321 3322 3323 0
3325 3326 3328 0
3325 3328 3332 0
3325 3332 3718 0
3327 3328 3330 0
3327 3328 3332 0
3327 3329 3330 0
3327 3329 3331 0
3327 3331 3332 0
3332 3334 3718 0
3338 3339 3340 0
3338 3340 3341 0
3339 3340 3606 0
3340 3341 3494 0
3340 3493 3494 0
3340 3493 3495 0
3340 3495 3606 0
3342 3343 3344 0
3342 3343 3345 0
3342 3344 3349 0
3342 3345 3520 0
3342 3349 3520 0
3348 3518 3519 0
3348 3518 3521 0
3349 3486 3518 0
3349 3518 3521 0
3349 3520 3521 0
3350 3482 3485 0
3350 3482 3519 0
3350 3485 3486 0
3350 3486 3518 0
3350 3518 3519 0
3351 3464 3474 0
3351 3474 3477 0
3351 3477 3513 0
3352 3465 3467 0
3352 3465 3514 0
3352 3467 3509 0
3352 3509 3511 0
3352 3511 3514 0
3353 3358 3360 0
3353 3358 3604 0
3353 3360 3361 0
3353 3361 3453 0
3353 3453 3458 0
3353 3458 3604 0
3354 3357 3358 0
3354 3357 3517 0
3354 3358 3604 0
3354 3472 3517 0
3354 3472 3604 0
3355 3356 3357 0
3355 3356 3366 0
3355 3357 3358 0
3355 3358 3360 0
3355 3360 3365 0
3355 3365 3366 0
3359 3360 3361 0
3359 3360 3365 0
3359 3361 3364 0
3359 3364 3447 0
3359 3365 3448 0
3359 3447 3448 0
3361 3364 3452 0
3361 3452 3453 0
3362 3363 3450 0
3362 3363 3516 0
3362 3450 3451 0
3362 3515 3516 0
3363 3364 3447 0
3363 3364 3452 0
3363 3447 3450 0
3363 3452 3516 0
3365 3448 3449 0
3367 3368 3446 0
3367 3368 3449 0
3367 3446 3447 0
3367 3447 3448 0
3367 3448 3449 0
3368 3371 3446 0
3369 3370 3373 0
3369 3370 3445 0
3369 3373 3374 0
3370 3371 3373 0
3370 3371 3446 0
3370 3444 3445 0
3370 3444 3446 0
3371 3372 3373 0
3371 3372 3377 0
3372 3373 3374 0
3372 3377 3378 0
3375 3378 3380 0
3375 3380 3381 0
3375 3381 3427 0
3375 3427 3428 0
3376 3377 3378 0
3376 3377 3392 0
3376 3378 3380 0
3376 3380 3388 0
3376 3388 3392 0
3379 3380 3382 0
3379 3380 3389 0
3379 3382 3383 0
3379 3383 3385 0
3379 3385 3424 0
3379 3389 3424 0
3380 3381 3382 0
3380 3388 3389 0
3381 3382 3386 0
3381 3386 3429 0
3381 3427 3429 0
3382 3383 3386 0
3383 3385 3431 0
3383 3386 3430 0
3383 3430 3431 0
3384 3385 3424 0
3384 3385 3431 0
3384 3423 3424 0
3384 3423 3441 0
3384 3431 3441 0
3387 3388 3389 0
3387 3388 3391 0
3387 3389 3390 0
3387 3390 3397 0
3387 3391 3396 0
3387 3396 3397 0
3388 3391 3392 0
3389 3390 3424 0
3390 3397 3400 0
3390 3400 3406 0
3391 3392 3426 0
3391 3395 3396 0
3391 3395 3426 0
3393 3394 3395 0
3393 3394 3398 0
3393 3395 3396 0
3393 3396 3397 0
3393 3397 3398 0
3397 3398 3400 0
3398 3399 3400 0
3398 3399 3402 0
3399 3400 3406 0
3399 3401 3402 0
3399 3401 3405 0
3399 3405 3406 0
3402 3403 3404 0
3407 3408 3409 0
3407 3410 3414 0
3407 3414 3422 0
3408 3409 3425 0
3410 3413 3414 0
3411 3414 3422 0
3411 3414 3440 0
3411 3422 3423 0
3411 3423 3441 0
3411 3434 3440 0
3411 3434 3441 0
3412 3413 3414 0
3412 3413 3415 0
3412 3414 3440 0
3412 3415 3421 0
3412 3421 3436 0
3412 3436 3440 0
3415 3418 3421 0
3417 3418 3419 0
3417 3418 3421 0
3417 3419 3420 0
3417 3420 3437 0
3417 3421 3436 0
3417 3436 3437 0
3431 3434 3441 0
3431 3434 3442 0
3432 3433 3438 0
3432 3433 3442 0
3432 3434 3439 0
3432 3434 3442 0
3432 3438 3439 0
3434 3439 3440 0
3435 3436 3437 0
3435 3436 3440 0
3435 3437 3438 0
3435 3438 3439 0
3435 3439 3440 0
3443 3444 3446 0
3443 3446 3447 0
3443 3447 3450 0
3452 3453 3456 0
3452 3456 3461 0
3452 3461 3516 0
3453 3456 3458 0
3454 3455 3462 0
3454 3455 3464 0
3454 3456 3460 0
3454 3456 3462 0
3454 3460 3473 0
3454 3464 3474 0
3454 3473 3474 0
3455 3462 3463 0
3456 3458 3460 0
3456 3461 3462 0
3457 3458 3460 0
3457 3458 3465 0
3457 3460 3514 0
3457 3465 3514 0
3458 3459 3465 0
3458 3459 3604 0
3459 3465 3467 0
3459 3466 3467 0
3459 3466 3472 0
3459 3472 3604 0
3460 3473 3514 0
3461 3462 3463 0
3466 3467 3469 0
3466 3469 3470 0
3467 3469 3491 0
3467 3491 3509 0
3468 3469 3470 0
3468 3469 3506 0
3468 3470 3507 0
3468 3506 3507 0
3469 3491 3506 0
3473 3474 3512 0
3473 3511 3512 0
3473 3511 3514 0
3474 3477 3512 0
3475 3477 3478 0
3475 3477 3512 0
3475 3478 3479 0
3475 3479 3487 0
3475 3487 3510 0
3475 3510 3512 0
3476 3477 3478 0
3476 3477 3513 0
3476 3478 3480 0
3478 3479 3481 0
3478 3480 3481 0
3479 3481 3482 0
3479 3482 3485 0
3479 3485 3487 0
3483 3487 3489 0
3483 3487 3492 0
3483 3489 3490 0
3483 3490 3498 0
3483 3492 3493 0
3483 3493 3498 0
3484 3485 3486 0
3484 3485 3492 0
3484 3486 3494 0
3484 3492 3493 0
3484 3493 3494 0
3485 3487 3492 0
3487 3489 3510 0
3488 3489 3505 0
3488 3489 3510 0
3488 3491 3505 0
3488 3491 3509 0
3488 3508 3509 0
3488 3508 3510 0
3489 3490 3505 0
3490 3498 3500 0
3490 3500 3603 0
3490 3505 3603 0
3491 3505 3506 0
3493 3495 3498 0
3495 3496 3498 0
3496 3498 3500 0
3496 3499 3500 0
3499 3500 3603 0
3501 3502 3503 0
3504 3505 3506 0
3504 3505 3603 0
3504 3506 3507 0
3504 3507 3603 0
3508 3509 3511 0
3508 3510 3512 0
3508 3511 3512 0
3525 3526 3528 0
3525 3527 3528 0
3527 3529 3533 0
3534 3539 3540 0
3557 3558 3567 0
3557 3567 3574 0
3557 3568 3574 0
3558 3559 3560 0
3558 3559 3567 0
3559 3560 3561 0
3559 3561 3563 0
3560 3561 3562 0
3561 3563 3564 0
3561 3564 3565 0
3561 3565 3566 0
3568 3569 3570 0
3568 3570 3571 0
3569 3570 3572 0
3569 3572 3573 0
3580 3581 3583 0
3580 3582 3583 0
3584 3586 3587 0
3586 3587 3589 0
3587 3588 3589 0
3589 3590 3591 0
3609 3610 3611 0
3609 3611 3613 0
3609 3612 3613 0
3616 3617 3618 0
3616 3618 3619 0
3616 3619 3623 0
3619 3620 3623 0
3620 3621 3622 0
3620 3621 3623 0
3626 3627 3628 0
3631 3632 3633 0
3634 3635 3638 0
3635 3638 3639 0
3636 3640 3641 0
3642 3643 3644 0
3643 3644 3645 0
3648 3649 3651 0
3649 3650 3651 0
3649 3650 3654 0
3649 3652 3654 0
3652 3653 3654 0
3653 3654 3715 0
3658 3660 3661 0
3668 3669 3674 0
3669 3670 3672 0
3669 3670 3673 0
3670 3671 3672 0
3675 3676 3677 0
3676 3677 3678 0
3692 3693 3694 0
3692 3694 3698 0
3692 3698 3699 0
3693 3694 3705 0
3694 3695 3704 0
3694 3695 3705 0
3694 3698 3704 0
3696 3697 3698 0
3696 3697 3701 0
3696 3698 3704 0
3696 3701 3702 0
3696 3702 3704 0
3697 3698 3700 0
3701 3702 3706 0

End
