MeshVersionFormatted 1

Dimension
2

Vertices
1887
0.0 0.0 1
1.0 0.0 1
1.0 1.0 1
0.0 1.0 1
0.5 0.0 1
1.0 0.5 1
0.5 1.0 1
0.25 0.5 0
0.0 0.5 1
0.0 0.75 1
0.25 1.0 1
0.375 0.75 0
0.7291666666666666 0.7291666666666666 0
0.538690476190476 0.5119047619047622 0
0.3910557644110273 0.5857221177944861 0
0.5316602518200254 0.6823877028881726 0
0.654972415227055 0.6020863169829342 0
0.7650644656186915 0.3400724474862056 0
0.6749052114385818 0.45632563128933656 0
0.8276068351983819 0.5514508511724192 0
0.7854616148589596 0.44897904494922575 0
0.7352910988334793 0.5295162491877469 0
0.7601325780042659 0.6301974255277039 0
0.7736121155384761 0.5734663558598555 0
0.7140392862560221 0.5867276498891941 0
0.6987346194295964 0.6491284537217925 0
0.6895479488246486 0.6137980513830927 0
0.6614100503901603 0.639974082968478 0
0.6825426634382137 0.6344791454007385 0
0.7244735266878868 0.623576211854637 0
0.7477968640191492 0.5972994768463565 0
0.7275379409771011 0.6028068862470389 0
0.7440524615192441 0.6174652421404618 0
0.7784245976346679 0.6045767534299857 0
0.8093385144479363 0.5838672436854193 0
0.7890475372146447 0.5870060645387796 0
0.8461816555446715 0.6722924572655464 0
1.0 0.75 1
0.8066631635324238 0.6440780127382931 0
0.7857760572708267 0.629165548447653 0
0.7744599880071019 0.667099341934187 0
0.7866172891533374 0.6500712481230905 0
0.8053852959942137 0.6763247026223674 0
0.8122551370269 0.6141616598473322 0
0.8427332851469864 0.6353394473833697 0
0.8227340410036001 0.631601182777156 0
0.8283730496967183 0.6554530756841936 0
1.0 0.625 1
0.9224428048553248 0.6465385392034835 0
0.8812613848242679 0.6503814951689784 0
0.8582215889247348 0.65253151624715 0
0.7766370669065205 0.7162480047140101 0
0.7840806033788722 0.6912957382713913 0
0.744700695206314 0.6929425963997338 0
0.7646823943128609 0.699095416175829 0
0.7522935887532748 0.720472181476647 0
0.75 1.0 1
0.786893686506218 0.8476123214299552 0
0.7755800590230798 0.782413098256871 0
0.7523733628448737 0.7557898824617663 0
0.8162929542299878 0.7144914158131778 0
0.8042134861583373 0.6973015994065744 0
0.8296489392941087 0.6922669280929885 0
0.9042811763523845 0.7522432099296383 0
0.8746536151829974 0.7126877164189657 0
0.84557760066968 0.7169648228684805 0
0.8653658642640278 0.7505178128108445 0
0.8623051945138791 0.7297112046223059 0
0.8867827761365593 0.7344762769773537 0
0.9361927387013834 0.7033135353396666 0
0.9056799668666939 0.7096863866672318 0
0.9261916540856063 0.7316619805289466 0
0.9658570911276474 0.7297172309483801 0
1.0 0.6875 1
0.9456267756478428 0.7225801518046546 0
1.0 0.875 1
0.9483024791158146 0.7771542463372757 0
0.9473814603394966 0.7498467622428344 0
0.9265637692997013 0.764218169163634 0
0.8817410443197189 0.8209039351607061 0
0.91793216282746 0.8034570187846694 0
0.9287552963562252 0.7852690506762093 0
0.9507618455251605 0.8106787621434163 0
1.0 0.8125 1
0.9736537256553202 0.7626299329925679 0
0.9807201123187089 0.7435761717332328 0
1.0 0.71875 1
0.9737254066271686 0.7921416821154016 0
1.0 0.78125 1
0.9062478168344082 0.7297168104598987 0
0.9150629096870967 0.6783783212711958 0
0.8878545424755765 0.6872841009831469 0
0.8694816188647891 0.6729403319419461 0
0.8572162912919484 0.6947465035880107 0
0.8961961964080791 0.6667534678590165 0
0.9188639716525288 0.6965775433335499 0
0.8280478335776293 0.7499148791507996 0
0.8297563979977706 0.7296858170333709 0
0.9761481314587629 0.7031250000000008 0
0.9649343016337437 0.6599891968777993 0
0.9778230207275577 0.6796640790212026 0
1.0 0.65625 1
0.9519370293011026 0.682562558306961 0
0.9411393358567366 0.6613170104998244 0
0.9806016312091389 0.6406250000000002 0
0.950205435981629 0.6306314033334773 0
0.8995978095452911 0.5744867558678811 0
0.9188221901007815 0.6080389547272681 0
0.9293803628575463 0.6264660718405762 0
0.9227615201760271 0.8597349190102789 0
0.9291169660858466 0.8308433810177168 0
0.9057348970437847 0.8244156383830136 0
0.9640857963589806 0.8536804774590546 0
0.9521107204231692 0.8338258678536561 0
0.9428712366254862 0.8529371730241884 0
1.0 0.9375 1
0.9506961723581696 0.9092296944992525 0
0.875 1.0 1
0.9525333676047714 0.8802842024754924 0
0.9794813108229352 0.8308562342778033 0
1.0 0.84375 1
0.9801610735284161 0.810970013280023 0
0.9218692951256334 0.8928689776431306 0
1.0 0.90625 1
0.9746518275212682 0.8962191303211783 0
0.9745962074692253 0.9246761347529651 0
0.9375 1.0 1
0.9684418626335437 0.9684418626335434 0
0.9789601495578568 0.9476053696061202 0
1.0 0.96875 1
0.9445857680727439 0.9433262086918143 0
0.955687513851456 0.9277199651233294 0
0.9400343868324772 0.9715370147174575 0
0.8915296556148236 0.9492389688175339 0
0.9188789128251171 0.9536513523591107 0
0.9216239795604336 0.9233216566069493 0
0.88202827668284 0.9077753606408951 0
0.9048060242720681 0.9079588497858192 0
0.8932628506652526 0.9270213836684003 0
0.8568766027313378 0.9353592863434503 0
0.9322358252920523 0.9081798141597113 0
0.90625 1.0 1
0.9218750000000013 0.9842644011611275 0
0.896982770859226 0.9751725175994898 0
0.8926629550091394 0.8755034750293154 0
0.8900837720750486 0.8476272449092358 0
0.8384885194407019 0.8490708142650253 0
0.864724905779782 0.8640309461401587 0
0.8621341713013262 0.8380883107751728 0
0.8419072640071994 0.7952323736842757 0
0.840363763313281 0.8221621268316325 0
0.8606961873569723 0.8098183861725416 0
0.8869619708957548 0.7854739033327138 0
0.9078166659365307 0.7768093751775718 0
0.8052994275983172 0.8066432758527214 0
0.8142201904792856 0.8338598889577012 0
0.8257470842264643 0.8078152499150875 0
0.8290007655433866 0.8961961430757547 0
0.8415412759573678 0.8742031767799506 0
0.8122198264741521 0.8650131836847673 0
0.7607238524454114 0.9128322254890848 0
0.8565326558457748 0.8973231612666879 0
0.8753708177299451 0.8876933166521955 0
0.8419596808771441 0.9164745570264075 0
0.8007187050609682 0.9285496894794908 0
0.8274230469140352 0.9432907005802713 0
0.8125 1.0 1
0.8195781613209194 0.9164975587010085 0
0.792027270720841 0.8941672050249568 0
0.7895479379555355 0.8708801191286446 0
0.7362948707381403 0.8651696216793345 0
0.7635611168661951 0.8620592511045251 0
0.7535452089533949 0.8198178770448276 0
0.7476365411128434 0.8435270186662034 0
0.7682532643342567 0.8360741758184059 0
0.7887305094499619 0.823818530311312 0
0.7838865538179333 0.8025659595023331 0
0.6516353776302545 0.8070112781477554 0
0.697448721456315 0.8310194736556097 0
0.7254969652048558 0.825418675350218 0
0.7011039551237553 0.7762927083013959 0
0.7066665610540688 0.8041496884144567 0
0.7340032341358079 0.7842071066836861 0
0.7277991860959401 0.8044102129325778 0
0.678614691730439 0.7952673376636783 0
0.6736485583389976 0.8207203695041488 0
0.625 1.0 1
0.6490224043437446 0.9102782692827519 0
0.6676485199245864 0.8672352450986391 0
0.6458789911244758 0.8407827382476353 0
0.6773392980353751 0.8448408604629924 0
0.7020507079568113 0.8688282403751478 0
0.7154259391090861 0.8480157870268952 0
0.6355713284081194 0.7214363672638254 0
0.6486440455383569 0.7632775882089587 0
0.675212608221071 0.7684203249443776 0
0.6680440924802514 0.7342535026247774 0
0.657930594876644 0.7846115460780625 0
0.6233480737958561 0.7869769491637042 0
0.7525856050146386 0.886911686571289 0
0.7734412512141308 0.8843704960624086 0
0.7147352547116256 0.9130333741940428 0
0.7376984589443605 0.9058236383763579 0
0.7194160542550451 0.8877677655343126 0
0.7378766581248546 0.9465652898322537 0
0.744085619202512 0.9261669171294135 0
0.771630651472505 0.9456953590470205 0
0.8002374555980024 0.9609803747253384 0
0.8636520602393007 0.9162784007064152 0
0.9039319065874647 0.8604034101733323 0
0.7905930163770444 0.9446183444304623 0
0.7729311074976534 0.9776736437136576 0
0.78125 1.0 1
0.796875000000002 0.9834737439154623 0
0.7816785302382604 0.9613023285505063 0
0.7551724588101906 0.962380246914516 0
0.6875 1.0 1
0.779028398031754 0.9249986826358041 0
0.683457956936346 0.89808584688029 0
0.6805032262795256 0.944465755778037 0
0.6913019868040167 0.9218696406187339 0
0.6702880933888724 0.9156147420676266 0
0.7092337739898075 0.9443177427193944 0
0.6950047892573038 0.9708465848984571 0
0.7264669167882515 0.9764085201366092 0
0.71875 1.0 1
0.703125 1.0 1
0.7225838079168264 0.9578212037391786 0
0.6557623998303486 0.9752419829431719 0
0.65625 1.0 1
0.6763401559382161 0.9815845240463978 0
0.7243744534661923 0.9308543785640518 0
0.6843817182142572 0.878136378323656 0
0.6217038113131919 0.8192857278094094 0
0.6405002266632553 0.8224895996988164 0
0.632775629182964 0.8036529668454303 0
0.5061780324506986 0.797210145809545 0
0.5654734700206959 0.8002278167793654 0
0.596286761368698 0.8017959707317786 0
0.5836492411166125 0.7466002281959798 0
0.5821536728333291 0.7759872543695382 0
0.6027508733145919 0.7814821017666221 0
0.536436664772721 0.7589290491530889 0
0.5561305110418596 0.7759396234367001 0
0.559790287762942 0.7517970705491496 0
0.5374501622553525 0.7204460993408527 0
0.543378082284836 0.7398570394421443 0
0.5113920288129995 0.7390146459969601 0
0.5306908861536375 0.7854866528209059 0
0.5072561185361171 0.7679754137975722 0
0.4431588520185419 0.7440459219832997 0
0.46584624124881235 0.7810855904207202 0
0.48889559313537645 0.7819355789048512 0
0.4785592208314275 0.7492870554710288 0
0.4761826135527619 0.81373411385454 0
0.49736478466820955 0.7517871143252028 0
0.5781109902727812 0.8554235593151538 0
0.5947911930854111 0.8311829969053323 0
0.580132331553054 0.815705406842349 0
0.5454717908231818 0.83385196959931 0
0.5285846425608324 0.8125715925664856 0
0.5032022790719379 0.8500545208906567 0
0.5217887212522647 0.8353051579313125 0
0.49864908469924 0.8252312485047466 0
0.5359401520415744 0.8722236690527755 0
0.534670926366285 0.8515386970452972 0
0.5557519362522699 0.8606265962847099 0
0.5807624595562875 0.9260743649652017 0
0.5745887737803826 0.8909309019411706 0
0.5493759192570068 0.8134132007479289 0
0.6152374415604064 0.8631114882556113 0
0.6150839187644563 0.840698908681467 0
0.5934427682066199 0.8748727910715369 0
0.6189772430581403 0.8961159753766007 0
0.6437762583426313 0.8824565164960309 0
0.6473606465640444 0.8617474359906798 0
0.6624047072941396 0.8933493753085067 0
0.5953969169010884 0.9053895156849491 0
0.6194653047651798 0.9379371524695055 0
0.6136128974769304 0.9170920148253641 0
0.5389377858439397 0.9153077452597942 0
0.562292026992756 0.9112050833710411 0
0.5509616647454786 0.8904667465791715 0
0.40204759854094935 0.819244432839667 0
0.4384629672524243 0.807715494651991 0
0.458831931844929 0.8012667741791994 0
0.4589042707829852 0.7598696297712786 0
0.42794342677076463 0.7749316801676188 0
0.4150816096765648 0.7971383705447457 0
0.3970458795194065 0.7718642765151881 0
0.34608912000326636 0.8011976452588712 0
0.3675524012230204 0.7795560916710726 0
0.3172937312314874 0.7511754431163646 0
0.33853837430781586 0.7722450833762774 0
0.3567691871539077 0.7611225416881393 0
0.34556992299093586 0.7222637595496283 0
0.2894335895658945 0.8005123588386802 0
0.31785515555216626 0.7931000953609557 0
0.3175744433918273 0.7721377692386596 0
0.27914762709138946 0.7621693104879714 0
0.31718243742484015 0.848716551802433 0
0.32513147660430686 0.8210004040240494 0
0.29736576577175006 0.8280351230651002 0
0.23845738996899193 0.9043151009113208 0
0.2736426673418136 0.8706010332047013 0
0.24674886151872985 0.8277187020322984 0
0.27210398368341404 0.8204112493695993 0
0.2490544810886264 0.788076806324847 0
0.2548840013716366 0.8083038547588018 0
0.22325967949772374 0.8064645467717315 0
0.26566950635632236 0.8457269909893596 0
0.28979410216859475 0.8517089439307566 0
0.22966109717015584 0.8646159418537969 0
0.2521745619112603 0.8637675650457007 0
0.2416186894375544 0.882790546374766 0
0.3026763318844628 0.8427813596011526 0
0.36420783694000547 0.8472055448279527 0
0.3499319838483513 0.8262559420222237 0
0.34069287597235337 0.847890675174197 0
0.375 1.0 1
0.33180115897878637 0.9298196560633942 0
0.35370909310437926 0.8907503171625667 0
0.3530331102251214 0.8675493144515436 0
0.39599649776279794 0.8779078850878222 0
0.3759243464698932 0.8668823569075442 0
0.39904287394746646 0.8485783071323745 0
0.3761238547286507 0.8237466638385705 0
0.3851895850439932 0.7990616535698004 0
0.3659604136804485 0.8060068448184108 0
0.45084669756043705 0.8687820144915841 0
0.42216680236883564 0.8658031189267315 0
0.4310905247841347 0.9194383258098464 0
0.43400343449993284 0.8913937221864743 0
0.40851753062457613 0.9029201564705501 0
0.39061644927000305 0.9510656852126014 0
0.4063787574812064 0.9295256171890693 0
0.37734573605736826 0.9138029993317991 0
0.3889852143196201 0.8970578253267758 0
0.43655886864079135 0.9681476242476632 0
0.4375 1.0 1
0.4269331654245565 0.9445666520060381 0
0.4117629866450128 0.9645141690542253 0
0.4734135567413916 0.9393485361541555 0
0.4494350870816937 0.9353814149663068 0
0.4668498744869295 0.9045713094089491 0
0.454112946525365 0.8887940681739311 0
0.4847241486135228 0.8771115860704258 0
0.4394130350486291 0.8393117430142081 0
0.45585034080492925 0.8237232886852781 0
0.4766288148032097 0.8420995234822193 0
0.41731922352367934 0.8356295614395733 0
0.4148861745301898 0.7493085028853749 0
0.39498199815663826 0.7518986666085824 0
0.397308889521458 0.692007573588548 0
0.387777079386541 0.7216279920369383 0
0.4211772901827879 0.7160322632235276 0
0.40303007593429996 0.7101925145043924 0
0.4267211127852297 0.7343131737598337 0
0.3663185094413307 0.6983787826296697 0
0.36678332257619883 0.7292366674485147 0
0.37051955457204555 0.6402570049021548 0
0.30332662012813405 0.6646130108345802 0
0.33099069702579176 0.6886444550769136 0
0.355576781705097 0.6683896552431708 0
0.33154152579501106 0.6375884474848822 0
0.32891861272810663 0.6630911247841561 0
0.3504348436323335 0.6476237109145268 0
0.3504045777296912 0.6871606130548671 0
0.37812129234121555 0.6772328349550649 0
0.4139060443355173 0.6506066439542666 0
0.3997687341312295 0.6689664281874187 0
0.4348944635245094 0.6813909055798417 0
0.39158936139606904 0.6480453251283756 0
0.40648604991022974 0.6167538951688563 0
0.3775723907851134 0.611778787175203 0
0.32191001329615965 0.566458631052712 0
0.35447203302727315 0.5833082856127031 0
0.37223698754394574 0.592500999988276 0
0.3522830439536024 0.62062814962668 0
0.3204590032497801 0.6028721065916574 0
0.3328616796243024 0.6180399025459538 0
0.38967593942146267 0.6279428206801814 0
0.33288791824484526 0.5851317281903781 0
0.24135803409379505 0.5814844306039378 0
0.15827744033014124 0.6880190876094349 0
0.1977599390510912 0.7434061659599224 0
0.218059206845817 0.7718825079399559 0
0.24667187063155085 0.7548779924291049 0
0.22269353230336025 0.7471056395912018 0
0.25260777498799664 0.6956915116625233 0
0.21566453349130393 0.7086064081723473 0
0.21263102870849465 0.7290515260247631 0
0.24251330168898255 0.7242278064145402 0
0.18409582553886056 0.7143700663680576 0
0.23810521117019956 0.7404330962382372 0
0.26787830934213597 0.7363935291921191 0
0.29356404786860274 0.7405149741126152 0
0.28585938903348335 0.7064318099853322 0
0.31621456510317175 0.7218368215875756 0
0.3310882550162347 0.7085729878650411 0
0.2971508998255716 0.7217917302675347 0
0.23535761998793822 0.7056429797173304 0
0.2176777887689064 0.6550695760629799 0
0.22173457039890132 0.6820284018791568 0
0.18888850296885284 0.6731864529772353 0
0.20159567111535812 0.6914111230136861 0
0.17957724961621155 0.6929735474925944 0
0.1991938910329627 0.707729298081324 0
0.16044053069739764 0.5960473901149699 0
0.15484257956451042 0.6419270171171478 0
0.1656802412364224 0.6642933969628327 0
0.18811886885800805 0.6396118352925207 0
0.1700707486795482 0.6205037376999762 0
0.20712906811603035 0.6035786626921762 0
0.18358390802172989 0.6010584102147094 0
0.19352462115247576 0.6194325360244435 0
0.20036397541486356 0.55553667936352 0
0.17754920623381734 0.572980347287357 0
0.2009545825737692 0.5799508214795795 0
0.22090424909298378 0.5873582120646543 0
0.24084699616157726 0.6182540408125323 0
0.0 0.25 1
0.11637893041866662 0.4693333761876788 0
0.11166271421432472 0.5419909830317875 0
0.141488891792669 0.5641128648218832 0
0.15765993853485274 0.576106824943426 0
0.15953333898815542 0.5086164039222381 0
0.17058261953856718 0.5402269899294201 0
0.14087613026914292 0.532874309405208 0
0.1297909591653434 0.5487170386971207 0
0.10915718028342122 0.5765368579549945 0
0.0 0.625 1
0.15282991634692766 0.5482651168231827 0
0.12598943651183728 0.5021209180667613 0
0.12180482631951127 0.523126320958344 0
0.06765101419176718 0.5014184987810565 0
0.09193948619751528 0.5192286274433022 0
0.09488858160925237 0.48974010947804925 0
0.10651237170547798 0.505794310450947 0
0.11361796174209456 0.48794491692041925 0
0.0 0.375 1
0.054950689285755416 0.4261623606021766 0
0.0 0.4375 1
0.08131927860381505 0.45393114524762007 0
0.07346747489457928 0.4773819060660803 0
0.03424687864665008 0.48061320620626946 0
0.05439190814580812 0.48548797251896053 0
0.05091605761649272 0.4557897963750039 0
0.0 0.5625 1
0.03695502607073015 0.5134839245213849 0
0.06537242454517042 0.44267001480709023 0
0.10164460110644198 0.4082268031351221 0
0.08008195241373786 0.4218398951818545 0
0.059438032109377745 0.365256890719846 0
0.06272033431070975 0.39611676377330873 0
0.0898178131822234 0.37763014362841907 0
0.07130628714693937 0.3795990571929817 0
0.031957482559993394 0.3837842548343249 0
0.040722208360510694 0.4064555501262761 0
0.05060605674565344 0.38180076462374457 0
0.028680729977240933 0.43767338013246654 0
0.0 0.46875 1
0.0 0.453125 1
0.021884431731276015 0.46093749999999967 0
0.0 0.40625 1
0.020386672248427058 0.4012874013836139 0
0.01443534495974117 0.42187500000000017 0
0.0 0.421875 1
0.09561739595373625 0.46898850522756014 0
0.1411346590474633 0.5137693919278467 0
0.0 0.484375 1
0.1194699537573217 0.26134384507530584 0
0.09662216954349499 0.3174415170088325 0
0.18602291218238365 0.35802725004504654 0
0.1395810441924814 0.3759788216341216 0
0.11498748526975161 0.38548517985656683 0
0.14090837486916008 0.41597844818708085 0
0.1332671753116375 0.39621017445271306 0
0.16541882808607927 0.39514326761604684 0
0.11501039816252749 0.3489787200882364 0
0.1068750569858789 0.3672268511022035 0
0.08399347886923512 0.3460883314847434 0
0.10055059299628165 0.33628035680228513 0
0.12679371115838733 0.3209789220103001 0
0.11487762394341647 0.2921750792367559 0
0.17286123053550595 0.28505413817748304 0
0.1428838037550422 0.2805889834572023 0
0.1348387574567147 0.30078395273375147 0
0.16563511082914428 0.3247521925009901 0
0.1440896962088339 0.3447370070633175 0
0.16639039906277336 0.34717280835808556 0
0.16594582538674935 0.37115887267160685 0
0.25 0.0 1
0.16593748923814114 0.2286762678665075 0
0.14722530523337157 0.2514417196249396 0
0.16004326788443876 0.2682479289012113 0
0.1968076606774362 0.2534992017341169 0
0.11546238913524215 0.2062610066099995 0
0.12509029566356683 0.2332477309260722 0
0.14333874730545526 0.2115265202839724 0
0.125 0.0 1
0.1491256225166407 0.10446659593087651 0
0.19957997437927213 0.16088014879096568 0
0.17629100645241153 0.19156872735603334 0
0.13768871368024135 0.165015174250869 0
0.1331264889887833 0.18916822320803192 0
0.15456875397672273 0.19288576416374684 0
0.0 0.125 1
0.09738966130971179 0.16991056043891292 0
0.11219944499096147 0.185215352619502 0
0.08070415064067298 0.20087419432666329 0
0.08612080383574597 0.24006248358948198 0
0.10692933061789672 0.24422501775558622 0
0.0731157559584811 0.2812295461691209 0
0.0942961894627006 0.2666324054752078 0
0.09187809096623961 0.29478566968205705 0
0.04350733581783943 0.31953685677006743 0
0.0 0.3125 1
0.0697786930375634 0.31123785196984255 0
0.06266863930663216 0.3344620925436407 0
0.0677241965970019 0.3505593153836823 0
0.024266801115952384 0.3492398227926688 0
0.0 0.34375 1
0.045939395617380044 0.3482739250254528 0
0.020214944019568255 0.32553201934935616 0
0.018959001652965744 0.3685498168638249 0
0.09572781529167858 0.21876609789395418 0
0.04271403712913376 0.16042477893291968 0
0.0 0.1875 1
0.06846704412853456 0.17430241598954205 0
0.07635653792645969 0.12882772340909251 0
0.06481425947329252 0.1502469590167569 0
0.08787684142605938 0.14885525761565477 0
0.114026328876114 0.12048632385263591 0
0.03853442439271107 0.12226589059139868 0
0.046999498889127786 0.14064703999978884 0
0.0 0.15625 1
0.021161853414868034 0.14140627020568233 0
0.03793832597543275 0.20012116315264947 0
0.05942561548471285 0.19456993472302667 0
0.05633362547931773 0.2269630152169651 0
0.024353119773105024 0.2291556712069597 0
0.0 0.21875 1
0.015870481335990977 0.20312500000000003 0
0.035860195854629476 0.26724821199793464 0
0.04148865729072142 0.24476364289040461 0
0.021283337827799387 0.2516524941244529 0
0.059384877183239045 0.26119028174636527 0
0.07789675172963789 0.25713568534431297 0
0.039697547670930304 0.21863980418631113 0
0.02003388136995719 0.17187499999999997 0
0.1312974288097673 0.3588371348628621 0
0.19392369063043935 0.4535109226918142 0
0.17221236600027406 0.4279697758411437 0
0.1456440661360604 0.45047169817037985 0
0.16978113364933065 0.45203491192286693 0
0.15593210109352384 0.47874539923690307 0
0.19059707652510544 0.4897187862372665 0
0.1807650365265597 0.47055871417064304 0
0.1707711116081195 0.4921089976449115 0
0.13722530989507892 0.4695436751598591 0
0.22381976819924063 0.474514387432169 0
0.25348264490785155 0.4005140177427961 0
0.20912224172738253 0.40321494860182583 0
0.19865006389148274 0.42749479554212927 0
0.2328853645740015 0.4278625663521827 0
0.21559227500114908 0.44401008811950626 0
0.18572936467783782 0.40752364007491026 0
0.1932723625562687 0.3828193097364528 0
0.22942800310851935 0.3710784587410409 0
0.20753283613081303 0.365193465891334 0
0.2351326491369188 0.3061811978597627 0
0.20756032906284316 0.3292460265015603 0
0.18570807833325956 0.33529901972469234 0
0.18977102449905175 0.3074953744975524 0
0.21245911189500025 0.3070894010617483 0
0.22253139360477553 0.27506704357928974 0
0.1983723196643338 0.2834226705212198 0
0.43161488085703337 0.2084969124113822 0
0.3296266978928829 0.24980220206204196 0
0.27802878705453093 0.2706993941739578 0
0.2461765406867526 0.2207416003678996 0
0.22633028584759946 0.24441201499515394 0
0.24949007926234118 0.2628449692454224 0
0.27113892258616756 0.23995913118724474 0
0.24729622017235423 0.24183555381803853 0
0.243196723250846 0.2848064058171316 0
0.2729618650013021 0.30824447348012207 0
0.20955036882310002 0.21018787054782012 0
0.2066127655383187 0.23285378641355567 0
0.18749852373614562 0.2188531747052251 0
0.22552466562145806 0.22358138182038795 0
0.3151851584095718 0.15692474059365358 0
0.2861047762131239 0.19469835537240307 0
0.27069931741537556 0.2147090918952227 0
0.30343102853569137 0.22676807665554566 0
0.24982212244639862 0.18270119280294614 0
0.2319250813913372 0.19972473319079362 0
0.22397950217704826 0.17345200436082173 0
0.2546579966071593 0.20235952612633515 0
0.20205403244165146 0.18604178100888757 0
0.260147751329854 0.11312367636287239 0
0.22832646783966046 0.13505209104251312 0
0.2188591242738437 0.15342636453155262 0
0.2944398315482517 0.25087891075611235 0
0.3130319360720162 0.2829771604963071 0
0.2978006303624781 0.270365882031139 0
0.2915866219439058 0.2933743321084286 0
0.33757765557263947 0.3700765726693742 0
0.32143191486187805 0.32761829357807254 0
0.2967790949629375 0.3189766364972637 0
0.2956345007873547 0.36172739062338843 0
0.3030629563633045 0.3405355780197797 0
0.31822888209500444 0.3577496242755084 0
0.31528672586979894 0.30566374900460197 0
0.3928264694352772 0.2957972864918468 0
0.3527528786000762 0.29048469348460054 0
0.3391807913877423 0.31081298536490337 0
0.36969423139718466 0.3164903225755774 0
0.3320215722757533 0.29133835121825796 0
0.3723816784236257 0.2962185546494497 0
0.381550444062836 0.24487364412984722 0
0.36961268569487776 0.26923299208499746 0
0.3978616570022137 0.26797209789882676 0
0.4151399441531661 0.23846246297694337 0
0.39980081444747506 0.2492943486709657 0
0.48235271681537 0.2976295950318792 0
0.4377360852516222 0.289555863284211 0
0.423754839677215 0.3536473529214296 0
0.4012480148346492 0.3284875248694577 0
0.38857627005522466 0.31432209185085525 0
0.4142570941981716 0.28530715447703203 0
0.4217130020899528 0.31110324547683144 0
0.4305653547210704 0.2621838401561331 0
0.46469970316103787 0.26786684349154843 0
0.44635952995247613 0.27267147336296454 0
0.4221889174527914 0.3324014557824282 0
0.4666001667761637 0.3398087949720835 0
0.44688135200073875 0.3211952729929038 0
0.44422065612359013 0.34376559568377374 0
0.46971688104292514 0.42270402990905787 0
0.4624268526110964 0.3814719131472385 0
0.44309084614415556 0.36755963303433287 0
0.3915272977396574 0.41883208856313375 0
0.43007862942971953 0.4060379158326881 0
0.44248548136199917 0.3887942313144053 0
0.45220849610184793 0.40887516698469745 0
0.436027676334275 0.44735920725442874 0
0.4494538617992367 0.43036064239073774 0
0.4733911143066248 0.4630688638156992 0
0.4695868743217093 0.3168931016570542 0
0.45954108739249344 0.29637411451780604 0
0.5175133115238718 0.33479205662296746 0
0.4956250053949331 0.3202867708548045 0
0.5378511354364696 0.28033527730640573 0
0.5121067468327221 0.2954160162971684 0
0.5389845794482129 0.3117847268283138 0
0.5047992730033007 0.2534268562892717 0
0.49574995023796287 0.27663218011729435 0
0.5173966432664722 0.2717065545553652 0
0.5423993572249813 0.24099548972973553 0
0.43813327867675805 0.306582465248332 0
0.35558035322106907 0.24725134671325072 0
0.3445408922433271 0.26823849471145644 0
0.3633924497043258 0.18956175610802276 0
0.33937549560178204 0.21568321197794313 0
0.36862977330270663 0.21847885915189402 0
0.3946139014352972 0.22211904182252618 0
0.4142818078296823 0.21847896157758293 0
0.40307063855115927 0.178971805048449 0
0.3316699995809844 0.18449678734336294 0
0.3068746056362225 0.1806074952201167 0
0.30748630957508216 0.2038618643625376 0
0.27744287295857983 0.15698004758987605 0
0.2875716217732022 0.17450775367028193 0
0.3261629423084778 0.20240260661088644 0
0.34585342537833474 0.19753751095724337 0
0.3240325499635878 0.22975153569137688 0
0.656293312701001 0.2918117487298442 0
0.5963067366567691 0.2939736760906064 0
0.5926665859328427 0.38340525141478904 0
0.559430606804272 0.3523882399246857 0
0.5417177868014941 0.33585799902451685 0
0.5652265935071539 0.29509381023198505 0
0.5689686318721189 0.324412740212623 0
0.5812500801009792 0.3079469652359869 0
0.6099844096170274 0.3421923645100671 0
0.6043515981606703 0.31774092024747963 0
0.5891203362786998 0.3341242335534804 0
0.5916036291039279 0.3587136389735506 0
0.6392123353893485 0.32258467853038486 0
0.5731697459435812 0.3414587836935938 0
0.5794225369481542 0.2572384824715967 0
0.5602133264562408 0.2716243692553761 0
0.5806649183614444 0.2789152079946915 0
0.6263882059596068 0.29533946117602594 0
0.622676135569576 0.31372742801720355 0
0.63468108266375 0.23712022639962124 0
0.6382445050681107 0.2673280534242915 0
0.6934896530140506 0.2454970493677497 0
0.6629760413609145 0.2490965432113111 0
0.6596346770309582 0.27045414597057704 0
0.6982832473332091 0.2874408328148404 0
0.676709448069001 0.28406564487190644 0
0.6807598559982018 0.32551926292795547 0
0.6846074662762469 0.3042186247749812 0
0.7239474364377443 0.322322566828254 0
0.706613795499109 0.3081937065491439 0
0.6904155270906408 0.26709419193077283 0
0.7333471525876886 0.2621877009282494 0
0.7112413633593118 0.25904117450578057 0
0.7283251060074001 0.21824496814774208 0
0.75 0.0 1
0.7144619954264333 0.236414759183314 0
0.6865680848442275 0.20075887649888677 0
0.6958642772429308 0.22222515055067887 0
0.6679169878943877 0.22158197053021644 0
0.7256689678201689 0.288496196866784 0
0.7233681919699104 0.3053360951577963 0
0.7524271574401061 0.31284828659274777 0
0.7552605664534833 0.2828578670128209 0
1.0 0.25 1
0.780086740912052 0.23458767082080648 0
0.7607027717035606 0.2551375269704686 0
0.8059693647655518 0.2784188977780741 0
0.7866982192307626 0.2602410921069183 0
0.7810439953734403 0.28553942644828717 0
0.8049860883970503 0.3221627645139622 0
0.798694287741271 0.30013835273918776 0
0.7763123104753011 0.30922927525714705 0
0.8373469920786126 0.3010071897577103 0
0.7661832673818539 0.32300794027635243 0
0.8278020570148482 0.2359690092528809 0
0.8037449146451126 0.24216908967933648 0
0.820988525009753 0.25930409988194225 0
0.8746565973278124 0.26231217870114026 0
0.8481717054559639 0.2545789471791871 0
0.8050402995745006 0.1974228494059855 0
0.7979306329608291 0.2196088980954153 0
0.7635699619601117 0.19636559864360675 0
0.7772767238514889 0.21312224739245333 0
0.753135920808961 0.21888485190832327 0
0.7401997111115849 0.23914620664532865 0
0.8380122759633504 0.2766862916526536 0
0.8642083496693886 0.28957241814223295 0
1.0 0.375 1
0.8929924642830809 0.3944563373547329 0
0.8714978987943935 0.3439635746423991 0
0.8603489783451931 0.3177737084161462 0
0.8334983915577963 0.33044855599761175 0
0.8049422299474602 0.37551353882484717 0
0.8126923598956282 0.34884450484620694 0
0.7894988991835572 0.34108954448874157 0
0.8442593514087371 0.37247862787397656 0
0.834528421364095 0.35257743773657085 0
0.9133804421428378 0.3106663864653314 0
0.8858841394267273 0.30690349330713734 0
0.8964124857125677 0.33231277637545387 0
0.9476510605675037 0.3550036286121005 0
0.92490383295062 0.3371727584893998 0
0.905669560602214 0.36398812169457667 0
0.9264688480767668 0.35860123555563084 0
1.0 0.4375 1
0.9461921085271278 0.4105712939702664 0
0.9414488720240395 0.3826437729600118 0
0.9201643407331317 0.40062531621037833 0
0.9204188853456979 0.37933872713019184 0
0.8869381846899324 0.48404810529579523 0
0.9170803156162063 0.44772514750826653 0
0.9258974015114917 0.42465159256550683 0
0.8944761562203011 0.42586601973509186 0
0.9588342053023219 0.4504591285220572 0
0.9463520537087226 0.4324679184775109 0
0.9739586466446599 0.4266403057647878 0
1.0 0.40625 1
0.9717669638544106 0.39186107803993486 0
0.9610827635487386 0.3725335050628725 0
0.8901285683876451 0.3513395985143862 0
0.9713938060988823 0.30128949256295634 0
1.0 0.3125 1
1.0 0.34375 1
0.9737299616516796 0.3489322540042516 0
0.9546425350017201 0.3259895458270725 0
0.9790589059918291 0.3250874364134135 0
0.9412379975883951 0.2988684748605445 0
0.9349798762209399 0.31883465833072694 0
0.9594527169188267 0.26100731783923303 0
0.9576507393996255 0.28345246103464516 0
1.0 0.28125 1
0.9783817851498867 0.27382191834896236 0
1.0 0.296875 1
0.9809088654996944 0.3679684633011826 0
0.9423265726523543 0.33837119249409825 0
0.9037499946082708 0.2786959562063644 0
0.9314965202197264 0.27205219501013483 0
0.9473720140586213 0.27133234143267626 0
0.9383866871290003 0.24858916709373668 0
1.0 0.125 1
1.0 0.1875 1
1.0 0.21875 1
0.9656670174720049 0.22638825990470487 0
0.9213258437028703 0.29083729023298105 0
0.8831746635270554 0.2812093763245305 0
0.8780707105847492 0.20139991935280677 0
0.856948778745913 0.2245190897475674 0
0.7434948010852567 0.3335398035654237 0
0.706200300427032 0.3758894733195396 0
0.7438007855509878 0.3714054752692108 0
0.7205322151291326 0.35091441312038474 0
0.7031245009469218 0.33433521438463937 0
0.6813337516093134 0.3568391042021462 0
0.701328589929977 0.35649413889694614 0
0.6179854698921153 0.15809429130449892 0
0.6485286646023611 0.18545161317230288 0
0.6647731953065409 0.20000172357436097 0
0.6767147112374352 0.17032637709806278 0
0.6403328848191419 0.2109450170942602 0
0.6173779883606585 0.18950121528241096 0
0.6530585642758058 0.23311468296742957 0
0.6100239735343518 0.2553429569204576 0
0.6121112246523708 0.2778348717036435 0
0.6039514319486632 0.221333136658367 0
0.5937575492224829 0.24070032500229932 0
0.5679283997477605 0.21473884177481603 0
0.6154077417521334 0.23683462699327296 0
0.5657276246185876 0.23813817691379974 0
0.5898565460607273 0.19664038911741943 0
0.5052424376597875 0.11645498421174094 0
0.5426233850712967 0.16174586623760834 0
0.5618868310644538 0.18508552240745385 0
0.5866528910569427 0.16476597267702753 0
0.5646425435935823 0.16319169215614593 0
0.625 0.0 1
0.5816184752439072 0.08050040867583069 0
0.5565241939646437 0.11843689210754747 0
0.5549882018328055 0.1418292340252994 0
0.5304571917231686 0.12847187520564385 0
0.5008356761148642 0.15816378848096507 0
0.5104036694437052 0.1380874976342536 0
0.47719461718514583 0.13457878102152762 0
0.6001002160289182 0.17951260577521874 0
0.5184671080213076 0.2013027081404446 0
0.5442575530488211 0.2041194267675407 0
0.533480491181488 0.18331676048078221 0
0.521261511167922 0.16541463612202006 0
0.5292721528280846 0.2218491569780916 0
0.5500512577260173 0.22289622227852995 0
0.46028867923794675 0.17516602268376816 0
0.4770723836238664 0.15834243061457412 0
0.449289177251047 0.06062833312730696 0
0.375 0.0 1
0.4375 0.0 1
0.4712330948287696 0.09458805289187235 0
0.48328025759095244 0.11323186477791458 0
0.594872788340155 0.1264592370153821 0
0.5738423898726921 0.13132064183320988 0
0.5993431806926935 0.14745378291602926 0
0.6202330801602803 0.20945306994405039 0
0.6312091089932966 0.1740594036685095 0
0.6516237932371743 0.14369124040800746 0
0.625233120184564 0.1285385023729198 0
0.6327280597601124 0.14604293269853671 0
0.6797369485671902 0.06417019047852282 0
0.6583879136875265 0.10135260584090271 0
0.646970236071696 0.1212381338743035 0
0.694141434570369 0.12877431617434396 0
0.6710601989565692 0.12184926355229331 0
0.6764573299668419 0.14578806260552654 0
0.691562833960571 0.09544134095978551 0
0.6725457226463588 0.0847614003492002 0
0.6282485334752753 0.057739825338652274 0
0.6468078124476953 0.07713467373405435 0
0.6274937289148617 0.09925783253445179 0
0.6110653037249713 0.11271707884866619 0
0.6050642796261073 0.0886362647608899 0
0.586615861550762 0.10394984102999431 0
0.6236310828740278 0.07842174412383461 0
0.6553080308182427 0.05042338403319512 0
0.6875 0.0 1
0.6818314391474016 0.03186890691924799 0
0.6348365302907022 0.028407877792991625 0
0.658575468078622 0.026859457663744177 0
0.65625 0.0 1
0.640625 0.0 1
0.5625 0.0 1
0.5909141521687079 0.03394866014247772 0
0.6138753930308104 0.039105787245691206 0
0.59375 0.0 1
0.5972533638143747 0.05941848139028655 0
0.6093750000000011 0.016690311082803545 0
0.5781249999999991 0.015787564356959723 0
0.53125 0.04655405609406365 0
0.5612883466666434 0.04122768281738362 0
0.5748210867638238 0.059120716739064556 0
0.5451034679717994 0.08033945364623103 0
0.5489532609213756 0.059027914733152574 0
0.5278900942657633 0.10139615196425679 0
0.547964439954014 0.10024235403273679 0
0.5679055871521713 0.09568002870318286 0
0.5010515913156693 0.08559234954976784 0
0.47876886239481914 0.06564896529808846 0
0.4617259376089004 0.07666167504299515 0
0.4018225870172615 0.11028742120269863 0
0.4363403925224168 0.101608984678628 0
0.4573444778299255 0.11737893201002524 0
0.4486683765229708 0.14678951930732798 0
0.5056946349916922 0.05798474953377466 0
0.5078413270083265 0.028501917162995178 0
0.4687499999999997 0.02392696290284897 0
0.46875 0.0 1
0.4668726448046011 0.04644171419037183 0
0.48705807365892584 0.03678919697941071 0
0.5361088312580818 0.016050100870049763 0
0.53125 0.0 1
0.515625 0.0 1
0.5443379840581186 0.032999831611750276 0
0.5221206741589488 0.07494151265757765 0
0.4248792764684806 0.12900844807456543 0
0.42209678042903037 0.15753524254252993 0
0.3862975058905313 0.14492305563027777 0
0.4016258139446587 0.15852778184069602 0
0.3785170999333464 0.1691266489798507 0
0.3500135534982302 0.14661166624323416 0
0.35602850882566267 0.16829681478344705 0
0.3353335150383931 0.16359241448762293 0
0.403466467410124 0.1318215737275379 0
0.42880612620051994 0.1826518211833877 0
0.4135756625149122 0.19733504170247218 0
0.4415433103954387 0.16627479934558703 0
0.3667403837405405 0.11535946936997009 0
0.32043162423747196 0.11067642485143109 0
0.3276081290632033 0.1349122770263998 0
0.3470745173413406 0.12493625918946706 0
0.3452796411665251 0.09627024453629797 0
0.2959919008930005 0.1310937456466351 0
0.3125 0.0 1
0.3054077018209968 0.056130691725403116 0
0.32007681150648626 0.0814322135601873 0
0.35718641546012314 0.04722335289991785 0
0.33228987358798856 0.05744829495275094 0
0.3528737639375783 0.07214510874554661 0
0.39634744821387285 0.06683410301516822 0
0.37380973452400773 0.06293400440809833 0
0.3730104462817234 0.08951559220204142 0
0.39080765030994524 0.03177722664560139 0
0.3334735215505757 0.02490778021870699 0
0.34375 0.0 1
0.28388905557497507 0.08550972591870228 0
0.3034237907343939 0.09625851858588058 0
0.3010890356015283 0.0755376619754627 0
0.28397965755788407 0.11032061609455836 0
0.2600576462531275 0.04548425904323153 0
0.24875879936926096 0.07931907934901693 0
0.264486533690806 0.09284111873882335 0
0.26899233481497176 0.06727190781357786 0
0.2832251986560125 0.04870949388152297 0
0.28125 0.0 1
0.2747652498951368 0.024657755109825197 0
0.18677832277923034 0.03981724645273806 0
0.1875 0.0 1
0.2227091916871958 0.051816050717880494 0
0.24307302134860176 0.058616376276991636 0
0.30503492798186493 0.02757017701485672 0
0.32061102063352975 0.04073169671271953 0
0.35941920651459347 0.021094110932682975 0
0.42062633300856345 0.04503133091871934 0
0.4441315177998732 0.033209837312789085 0
0.41510424316167355 0.017285124428553737 0
0.40625 0.0 1
0.390625 0.0 1
0.401422459424053 0.04806598744399717 0
0.42391848711197594 0.07311685997328558 0
0.40609923748572563 0.0876769670620081 0
0.44214379781755864 0.08212494094720439 0
0.29630515697852106 0.15090708668738392 0
0.3676998217101181 0.13597535401763428 0
0.6735232005730664 0.013952520186342684 0
0.671875 0.0 1
0.7324827347813848 0.051371802697630704 0
0.71875 0.0 1
0.7031250000000004 0.01921782789906724 0
0.7051409403009373 0.04685652290638355 0
0.729450595846939 0.024660933570464085 0
0.704211115441372 0.07278642340185164 0
0.7413133791975847 0.10835892241844872 0
0.718122834720782 0.09541159945929198 0
0.7048604736557483 0.11117887724858347 0
0.7250821352101736 0.1355605034947524 0
0.7043647087531975 0.15776585044849145 0
0.7390135606088136 0.16932569882663365 0
0.7243310550083217 0.15562702838405854 0
0.7424961693157909 0.07899788689691237 0
0.7243161415929515 0.06995968298633078 0
0.8484103385231558 0.09796891167525258 0
0.875 0.0 1
0.7941457895249291 0.09578289979985609 0
0.8125 0.0 1
0.7806174682320494 0.04955253282947176 0
0.7568414394061064 0.05817046457902064 0
0.7699033889390768 0.08252111793408515 0
0.7594902334976553 0.028371395617398258 0
0.7890920971742205 0.01997216709016541 0
0.78125 0.0 1
0.765625 0.0 1
0.8325972458549045 0.048440330264804175 0
0.8154527667638692 0.02716414105269234 0
0.8066671161410881 0.05178932620809616 0
0.823322800432913 0.0786900317578013 0
0.8476066805800219 0.018799983073291855 0
0.84375 0.0 1
0.7917400034100233 0.07139233186843912 0
0.7699210170956254 0.11127721400302497 0
0.8089420948782226 0.14560077529893134 0
0.7943725249852459 0.12282180551542306 0
0.7678134679952333 0.1474075239096369 0
0.7882154471160082 0.1428087889616242 0
0.7844163088496279 0.17350954027513477 0
0.761891095877243 0.1695059313686266 0
0.7537156654819414 0.12845854889798625 0
0.8253694744214461 0.11904484341110716 0
0.8279073117398325 0.09868682559456296 0
0.8568993780469257 0.15690801675438418 0
0.8540263150211654 0.12724093236525144 0
0.8340783636845454 0.14279104032607634 0
0.8247127517079749 0.17284610626567015 0
0.9271514975724672 0.1351318977307789 0
0.8934687576953527 0.10449897574451314 0
0.8698085053816075 0.10903830776870807 0
0.8879380218492294 0.13960280400353434 0
0.8750866843341271 0.07261808322175818 0
0.8682805196397448 0.14083316677934177 0
0.8485263543720319 0.06987074130088144 0
0.8646207675609119 0.04403725598154338 0
0.8473807994185352 0.03730605198359729 0
0.9375 0.0 1
0.9133711019914853 0.04239218837722976 0
0.8892660417844317 0.051219139109622364 0
0.9120913032552921 0.07622435498536437 0
0.892499526494773 0.022722191815640648 0
0.90625 0.0 1
0.8699455214556473 0.02199245123369504 0
0.9218750000000026 0.019169490346749123 0
1.0 0.0625 1
0.9631445243256246 0.036855475674378316 0
0.9450430965809513 0.022101050627370382 0
0.96875 0.0 1
1.0 0.03125 1
0.984375 0.0 1
1.0 0.015625 1
0.9787167852814863 0.021283214718511807 0
0.983522443983261 0.04687500000000019 0
0.9550214405773136 0.07910865784941934 0
0.9772213621367146 0.07002070673503454 0
0.9774137192524726 0.10214940060196966 0
1.0 0.09375 1
0.9464852449045634 0.1098060127634327 0
0.9655720640335657 0.14441948657428344 0
0.9772514032914963 0.12489764848106205 0
0.9484068781784286 0.1313156062297437 0
0.9597143939468301 0.09694918799996509 0
0.9327643486104836 0.0894550289421263 0
0.9347338678843995 0.060140585600773046 0
0.9562688101394341 0.05744104816410269 0
0.9338427788587579 0.0394823506944034 0
0.8926835807434689 0.08371182921941502 0
0.906074579410186 0.12447267672019294 0
0.923798044602326 0.11030112168959023 0
0.9108731955562672 0.09569207586726837 0
0.8849992468429725 0.1708198896217613 0
0.9098299795135963 0.1574105827736992 0
0.9406304804776976 0.16348473103956448 0
0.9180590091870203 0.19681114093140825 0
0.9053967109849758 0.17889611480947265 0
0.9371421577686703 0.21919849767940502 0
0.9590144339508134 0.19260186589654166 0
0.9389124720017455 0.19836248180792768 0
0.9543604022981748 0.21106639862884233 0
0.9016267458067928 0.23014511076954902 0
0.9127614846959785 0.2538072539540688 0
0.8917421603230945 0.2492474376370531 0
0.8788902836302607 0.23048860070318422 0
0.9161207996522579 0.2690993192563915 0
0.9224270538369657 0.23454328358751458 0
0.9644546407866575 0.16880484202903712 0
0.9788301254167814 0.1846115542268032 0
0.9795476728567784 0.2077997260254366 0
0.8621141158149865 0.18170970756320162 0
0.8445570729351664 0.17245214098631145 0
0.8352058380780163 0.2014070743933032 0
0.8566385454039549 0.20302745569703112 0
0.8192844131758814 0.21607040026046068 0
0.8384175888401983 0.22016906673377293 0
0.8044527174299212 0.16638640164981686 0
0.7848003780928108 0.19402851698010146 0
0.7375504489639678 0.1245569738202911 0
0.7138999088867947 0.18689277035801885 0
0.7380992616050711 0.19475323607744924 0
0.6962223770031205 0.17655559948453656 0
0.7105258051865303 0.20743982815630854 0
0.6876343896811887 0.0484637313766241 0
0.6556988198327686 0.16498815300653583 0
0.6636710330367322 0.40564874955417 0
0.6802263587744595 0.3840389942201119 0
0.6416905965460914 0.3688475947459063 0
0.6159353457512251 0.36729851796881974 0
0.6267273157610438 0.40274956715025345 0
0.6279139614889516 0.38302016523870547 0
0.6010636600109299 0.3706750771879564 0
0.6579365074165358 0.38410907451675036 0
0.7060880367685891 0.42099816654347244 0
0.6990058656944217 0.39842605457539176 0
0.7309794818097355 0.40079118876393266 0
0.7258868172240766 0.38107931097615205 0
0.7434491029965214 0.441586001974403 0
0.7289428844933409 0.4237168903949168 0
0.7724932457935635 0.4014141984408267 0
0.7515402436275799 0.41417100846278554 0
0.7735189144384524 0.42668486466812144 0
0.8166404610057804 0.41793108112498994 0
0.7932365179019899 0.4132284322798108 0
0.8086065200700733 0.39732485767197817 0
0.8359364605326624 0.39853872388968603 0
0.7523644539326365 0.39193875995734034 0
0.774561709949604 0.370628675171822 0
0.743520316254435 0.42670553095334035 0
0.7588715032878258 0.35875133783840735 0
0.7875185445319597 0.3869614896889377 0
0.7917307597721672 0.36076438401102695 0
0.8251202154825572 0.38072520603454946 0
0.8541273220894374 0.4359354367098455 0
0.8385193187771657 0.4204049872201417 0
0.8240284532163734 0.45057641222334577 0
0.8661456586902607 0.4082488876416557 0
0.8694461579842808 0.38164866966601374 0
0.8884785271116675 0.37470676976234363 0
0.8622074729298416 0.36235616373687934 0
0.8735573655578808 0.4279179729277418 0
0.8743490091895776 0.4573892413910015 0
0.8979714433573103 0.46253590530148836 0
0.9361857794712037 0.4957209086039781 0
0.9218591554262616 0.47362335052659205 0
0.90985141440815 0.49710139747335796 0
0.9252255087415491 0.5385104573803805 0
0.9240141107426989 0.5154016892867164 0
0.8876770902724181 0.5288926688394758 0
1.0 0.5625 1
0.9615625292118537 0.5250194778276228 0
0.8893585673678677 0.5064365938177346 0
0.8378775549263332 0.500677045359612 0
0.8622596889875441 0.5156984613432039 0
0.8614887932665602 0.48965100900071556 0
0.8394612955502194 0.4732748185122535 0
0.8590178882398647 0.46997199508883275 0
0.8440798561881954 0.45353895478189915 0
0.8017903574143562 0.4848444672849337 0
0.8227749734030213 0.48605729531540787 0
0.8383558143731772 0.5271994926609644 0
0.8621848865757122 0.5522691262671933 0
0.868893930421943 0.5339974401242226 0
0.8103228356575912 0.5144394546924996 0
0.7703853373336327 0.5099262783584524 0
0.7912901860317708 0.5038992385682811 0
0.9471582959907869 0.4729140341071512 0
0.9376549207967857 0.45370952813281756 0
0.9656399852263567 0.4958485866721326 0
1.0 0.46875 1
1.0 0.484375 1
0.9782955768799033 0.47656249999999756 0
0.982296116113721 0.45312500000000056 0
0.8867654138845092 0.5534864280599989 0
0.909190677223395 0.5542041416782257 0
0.9327677512294916 0.5777649865001449 0
0.9150155229082848 0.5879364686848191 0
0.8878739883953001 0.6034877352508136 0
0.8999163695581958 0.6290989704642516 0
0.9029781092569703 0.6484124836777031 0
0.8711140479632318 0.5798422256003102 0
0.841153904607588 0.596091796277956 0
0.8640694018494304 0.602597950562243 0
0.8480332564234746 0.6154705653071048 0
0.8706463809904997 0.6272161408442307 0
0.8475963485365257 0.5722257611333408 0
0.826721098045516 0.5723074623026915 0
0.8221963798223492 0.5979169492874893 0
0.8448241862278595 0.5548887623726673 0
0.9466327108031571 0.6025007776382374 0
0.9738764897596403 0.6124217716875985 0
0.9706430613916093 0.5789337967936228 0
0.951546687373099 0.5834926805263796 0
0.9545785789566197 0.5539176062289956 0
0.9775492932014557 0.5568327606143602 0
1.0 0.53125 1
0.9795194316842069 0.5359192655917077 0
0.9341646064015809 0.557144763110393 0
1.0 0.59375 1
0.9810375306652569 0.5948302488968288 0
0.8052465843979861 0.4376682957789969 0
0.6426332599254402 0.4368961072342968 0
0.6443256841717894 0.41532987436008895 0
0.6337790502162157 0.3460735717099329 0
0.6577730246906188 0.35049944343383194 0
0.6596267940247467 0.32913892393148375 0
0.6652768422270455 0.3098219148248388 0
0.6728738935150828 0.3413289415827756 0
0.9772366337818688 0.24633234463860917 0
1.0 0.390625 1
0.9652102713580796 0.40973293167388075 0
0.5188802340139745 0.3145451731114877 0
0.3752227469259082 0.5033195152504577 0
0.35574854841398457 0.5409534758717383 0
0.3742028721466235 0.5627063047403792 0
0.38690912665866184 0.5332223625746888 0
0.42818774558212924 0.49985518922688726 0
0.40225484958432695 0.5099900659131867 0
0.43119214196945577 0.5457884673118302 0
0.4224027882264309 0.5232984653551304 0
0.4084206959158653 0.5417253209774299 0
0.41515779060698343 0.5698096081394084 0
0.4622378885598263 0.5206929375870248 0
0.44190698043293086 0.5156760007103995 0
0.4589849234322945 0.4901719226606194 0
0.449449750267053 0.46772343833090035 0
0.45824112617560897 0.44904300756821686 0
0.4987478680376886 0.5013678018207335 0
0.48190586899334537 0.4849749612710318 0
0.4778338155885117 0.5060067400561791 0
0.4967193860954535 0.5416862716245335 0
0.5280241160668468 0.45444124168336586 0
0.5016455565692322 0.46469441268149586 0
0.5246390266372241 0.4847912841702948 0
0.5055298406461762 0.48345249576192956 0
0.5192017634485657 0.5048069158579921 0
0.5763420775046842 0.4751941805136131 0
0.5490344955033465 0.4721484316577059 0
0.5601678528028022 0.4962690162814007 0
0.6275732253262166 0.5312563597539286 0
0.5969781509343224 0.5077756734303058 0
0.5806836739881349 0.495270212679331 0
0.5677070419790157 0.42867413686323985 0
0.5517749212102954 0.44757831663790115 0
0.5753846653164548 0.4513104569734241 0
0.6031708072575123 0.4292659738809326 0
0.5285908571973477 0.4118734324069733 0
0.5347658036913694 0.43324332206468374 0
0.5017159920275388 0.4312161587931067 0
0.5103281902030822 0.4479734791802574 0
0.48843622157589683 0.44792742030130167 0
0.46665292494238275 0.58682100927093 0
0.4432550153650117 0.5712026709911681 0
0.4279205856931967 0.5964402870647642 0
0.4078473322890798 0.5967248318299401 0
0.4700011039429013 0.5564696548170979 0
0.4763268584233778 0.5363663934057878 0
0.39583606380966097 0.5595944472399097 0
0.40117762529098977 0.4689879927190597 0
0.42533095301874485 0.46901478548470515 0
0.3929176486683502 0.4897201896656151 0
0.3593277887795992 0.46432601360146564 0
0.37263332862446363 0.48163865301995357 0
0.3344822021847994 0.49719023295888315 0
0.29172314334695704 0.4507450490188213 0
0.2585946532560785 0.4649813986355833 0
0.2386288951606946 0.4513472903528614 0
0.26496521758163677 0.4324616659849941 0
0.2720991354889947 0.45074304732523135 0
0.30225272395158953 0.4066129495119709 0
0.3152262737074641 0.38381131652606926 0
0.346357155977161 0.41661562403240615 0
0.33705089139993505 0.39427358910714017 0
0.3240350325972316 0.41280437959217064 0
0.32972466751323537 0.4467556670609469 0
0.37012567356675885 0.39360596275900717 0
0.3690150511589439 0.4162397432279236 0
0.35806142706081207 0.43905198435740095 0
0.3820504729949174 0.4505187473684147 0
0.40863998295707465 0.4421209425751075 0
0.4255786927772563 0.42777466328722197 0
0.40260742955656975 0.38774026363592967 0
0.42215695909444473 0.37626140099574834 0
0.39322234546147733 0.35831361864583783 0
0.3839823586978272 0.3774704634858341 0
0.3636358702717204 0.35584987215091324 0
0.3462987341505984 0.336105945354653 0
0.35787493560141564 0.37627590892517493 0
0.3799555643979872 0.3387509356388419 0
0.38806492680959304 0.4000779955865583 0
0.4092018437582133 0.4076105166444948 0
0.3090461517924655 0.43276863553782247 0
0.28706206792460837 0.42451849830040767 0
0.2781211380665337 0.401536742819465 0
0.29260181717852873 0.3841502299998174 0
0.26317951136233325 0.36875436569497255 0
0.24422167592047025 0.3396795054789517 0
0.24558699596895872 0.3595072877459351 0
0.2736260609288097 0.34122482738316257 0
0.25973553865306054 0.3250077054218316 0
0.22829404571926917 0.32601890929851607 0
0.22300316770521594 0.34830357318449345 0
0.3349316197512698 0.47170616496893225 0
0.3122637269927854 0.4634181855239902 0
0.35165520630354047 0.48474708616074547 0
0.28618993623835476 0.4903181370323854 0
0.2933187467616989 0.47114152760038336 0
0.3110622707293821 0.48865095052341107 0
0.30131967518735736 0.5296692597794318 0
0.3160014346400406 0.5114902684852742 0
0.32829992472792185 0.5364409578998733 0
0.34526236316380626 0.5190004270116708 0
0.3561317735675957 0.5033057983319074 0
0.2654372575722002 0.485224784633347 0
0.24400818657999937 0.47996542453323193 0
0.250432699306464 0.41964757239736455 0
0.4532834971049452 0.5413665888098149 0
0.4961881312174106 0.395194337411128 0
0.47430869603095127 0.4006316621314771 0
0.5081367367604878 0.4117957800685395 0
0.5277468498106551 0.37369892171030855 0
0.5391188568893798 0.35639797833382475 0
0.4895442483159125 0.3631476348545191 0
0.49677923080824654 0.3423122997635814 0
0.5136910127920146 0.35659670130218696 0
0.4683604601345249 0.3610256956632294 0
0.48212649763456183 0.3813975258773658 0
0.6028024332636149 0.40521701162942914 0
0.5766690922233058 0.40410015599194177 0
0.5656433060443037 0.3790464340320075 0
0.5528477581185995 0.4093337991596183 0
0.538829192770129 0.39255048562681705 0
0.3679335858415231 0.5234032140544801 0
0.3449484953816594 0.56182461828499 0
0.45250505847650013 0.23575901711301955 0
0.4342425660513818 0.24291657737052708 0
0.478805252779294 0.24413982150129226 0
0.5000995978135848 0.22407620788426763 0
0.4866076201791842 0.19440079982530725 0
0.4727427991770945 0.21770735352721085 0
0.4645003344401712 0.1970267047363959 0
0.44499043805603866 0.1939681348997995 0
0.45183496364865233 0.21463766411426372 0
0.5059124291290269 0.1822723173486683 0
0.23151783079341462 0.4054020321748942 0
0.21045644051675846 0.46175699645457885 0
0.2183067940291553 0.5063673174754768 0
0.21015391832609376 0.48855270479578516 0
0.19164753334489845 0.519354623145985 0
0.19010780867716867 0.538866496486444 0
0.17303293057976754 0.5216341030972659 0
0.24161244397021378 0.5403109281760321 0
0.23720349837461951 0.5183654823248416 0
0.2151939599470098 0.5321498439407113 0
0.15274874552314632 0.43192455919303846 0
0.11637729347585068 0.4369181149730318 0
0.12664345296634621 0.4531252271894621 0
0.12035999992112711 0.4167448377160792 0
0.09492356772071764 0.4373371329990328 0
0.1598393426308103 0.41341418274632263 0
0.08359924951893774 0.3976179425020747 0
0.021593293946438278 0.4982026260595161 0
0.13313713189989101 0.590659957392114 0
0.08790686257692962 0.640037904807263 0
0.10527708520840609 0.6105445842989239 0
0.05229528999753726 0.5872744400647217 0
0.07424198852471407 0.5544893479991089 0
0.06645865398475258 0.5285112780826244 0
0.03638533186864618 0.5516766223620762 0
0.05585148741652776 0.5458443337693055 0
0.09037160574397358 0.5405132848890035 0
0.05504866901656776 0.5144364940094385 0
0.07323970533788964 0.6115378218541526 0
0.08865016201464705 0.5914223315891305 0
0.08881510924445295 0.5700810566154754 0
0.03720811054825034 0.6214692722115788 0
0.06061415965387179 0.6360595392060094 0
0.0 0.6875 1
0.06486549033348457 0.7025011974342402 0
0.06977358292038317 0.6688303068426694 0
0.029167732744009058 0.6604372356342232 0
0.0 0.65625 1
0.0 0.671875 1
0.017127500070383547 0.6406250000000003 0
0.04038719991999941 0.6424387027930907 0
0.045772624697179624 0.6825249311843602 0
0.022628313134976197 0.6826387695460497 0
0.018549748167821456 0.7187500000000002 0
0.0 0.71875 1
0.040366900041082114 0.7068039998654088 0
0.05669781630157047 0.7625248763364731 0
0.057429336563318716 0.7320568730679957 0
0.030714897438234124 0.7466582571859265 0
0.0 0.875 1
0.0 0.8125 1
0.018939198769845983 0.7812500000000003 0
0.0 0.78125 1
0.03572383991661447 0.7676636073991273 0
0.05769515308561632 0.8119680630345204 0
0.05166557103864806 0.7873580357880451 0
0.10968023404094848 0.7861878005890163 0
0.08054199532539665 0.7802831647317798 0
0.08951826826723996 0.8108351006397456 0
0.1039958031482736 0.7393912592961246 0
0.08276122482272001 0.7227170305427983 0
0.07934981305708035 0.7489196518089984 0
0.09903419692762404 0.7638758287031767 0
0.1379299749297098 0.7590127534496519 0
0.11766463168126799 0.7549061403639368 0
0.13390491377314206 0.7268195676507425 0
0.03741952543450499 0.7271860989847242 0
0.163676156979603 0.7394455342923933 0
0.158079873978802 0.7140364283163885 0
0.13564352598565216 0.7008566342615274 0
0.13131559220148736 0.666854310010002 0
0.10896288875089405 0.7112074922492692 0
0.11463048150183747 0.6862546481187406 0
0.0895170883559028 0.6936706578121838 0
0.10492478875694573 0.6610322229208334 0
0.08927207088326476 0.6735990002742306 0
0.07304096017859578 0.6864997448255215 0
0.1451297920322005 0.7417643558471047 0
0.1754011474645115 0.78159484078181 0
0.20025978242293246 0.7922412434713848 0
0.1605935229265635 0.8505144717122638 0
0.19289206462154773 0.8298629935614154 0
0.20366616924489792 0.8124406485423031 0
0.22005241299046138 0.8346165853794263 0
0.12940169332839777 0.8228904218548193 0
0.11195248726304473 0.8086166354869848 0
0.19455091362520138 0.7671670138152267 0
0.17366768307615094 0.759371583882418 0
0.1816686359418499 0.7332454298178605 0
0.0731667800805244 0.7990446297530139 0
0.07629510371164833 0.886914274586569 0
0.125 1.0 1
0.0748912245243564 0.8474815367619671 0
0.07412405616112944 0.8259329952576443 0
0.02881406043979259 0.8085987949764379 0
0.018902139736823594 0.84375 0
0.0 0.84375 1
0.040842066498721186 0.830963528562647 0
0.01623136390392007 0.8240238139098909 0
0.03875032218377424 0.8770971939663822 0
0.0395837727280648 0.8540207298663178 0
0.01993436743906677 0.8657160161786629 0
0.01415438576084891 0.7372714388092519 0
0.0 0.734375 1
0.05286694051444225 0.6079523996914118 0
0.08957200370789872 0.6211568018089716 0
0.13355857053205542 0.6207098847660312 0
0.11256329844902904 0.634697627370692 0
0.10209065165269567 0.6459350683229844 0
0.1517750081299083 0.6135838553436634 0
0.13263862429558068 0.6445367011262122 0
0.27868775856711764 0.6003916096191954 0
0.25539867722931126 0.6000679291694277 0
0.29793696158905353 0.6291889454765413 0
0.2992251657939653 0.6074957551029967 0
0.2973523528138953 0.5796719630723454 0
0.26910980340417673 0.5729971238465563 0
0.2885533219790892 0.5538150893743595 0
0.27035287589483525 0.5287443519448382 0
0.26247793446191603 0.5506669877561058 0
0.2863248044988394 0.5128503889120851 0
0.30932121836864 0.549347645859654 0
0.2685757455770363 0.6279829597243849 0
0.28239008244106223 0.6496763958990147 0
0.25024465194074974 0.65490135273067 0
0.27765913464245234 0.6784493278359272 0
0.2679072824140088 0.6620704880108602 0
0.2504283691117731 0.6353256410162331 0
0.24295663619539926 0.6757871057749517 0
0.2709997581959897 0.6955936368377128 0
0.26232374620319165 0.7154492186811958 0
0.1982784231851885 0.6561750769154219 0
0.3088771962783842 0.6986853670487865 0
0.2967668631612954 0.683169919649173 0
0.23761478841848357 0.7722129050237505 0
0.2602002158431037 0.7705919954416052 0
0.41841912688438465 0.694903574690599 0
0.457316303456263 0.7103059535184764 0
0.48343172172967885 0.6669041517109888 0
0.46196865300585294 0.6835474404370236 0
0.45128248738486826 0.6476056799896059 0
0.4496109805855275 0.6676621304636513 0
0.4341719753155081 0.624502098184221 0
0.4170996699735592 0.6321671031303487 0
0.4658253565936631 0.6189474181471576 0
0.4473851040145156 0.6068313580002269 0
0.47633453027533507 0.6422994640720453 0
0.5291190226565431 0.6045039839181129 0
0.49892501995921196 0.6180922587747074 0
0.528517030013312 0.6435069437737299 0
0.5023047343906285 0.6481343229236158 0
0.50812075823087 0.6728556156233793 0
0.5256886950882641 0.6633030264085464 0
0.5708356009952589 0.659653232978976 0
0.5478491187249278 0.6563690746023683 0
0.5646311267933737 0.6209940147240327 0
0.5482076054802054 0.6348709003774002 0
0.49063082753654974 0.7023144639472771 0
0.4809372507988414 0.6858482554577162 0
0.5130914398064086 0.7138309225785056 0
0.5293242521103865 0.7022126981880427 0
0.566235170555502 0.696690352731612 0
0.5536985992578967 0.6780543329635348 0
0.47825831840294364 0.724172273446985 0
0.4588226394863024 0.7307782705428286 0
0.5196772429537462 0.6238643800828122 0
0.5013996189927148 0.5832503482793321 0
0.491255426582126 0.5633470710357695 0
0.48552620683695424 0.5996317936472295 0
0.5095393272063258 0.601337292674482 0
0.5419718106079422 0.5590382190237849 0
0.5163558932127195 0.5581591457528695 0
0.5284375881691603 0.5797617783628204 0
0.5619363912153488 0.5868580355792422 0
0.5299326753433249 0.536195410439729 0
0.5110419935296062 0.5251250869484064 0
0.4908096898179503 0.5218680483788284 0
0.5845349908371572 0.5495668155706359 0
0.5717606164943076 0.5231880252947747 0
0.5509587083797451 0.5300520779218502 0
0.5435155643792008 0.5436306214800708 0
0.5652752355096878 0.5633883638525115 0
0.5505035434558064 0.60493491086098 0
0.6074780263854245 0.6004372761061997 0
0.5901080776351955 0.577662291295976 0
0.6259917239498703 0.5683059921420089 0
0.6047076478162804 0.5601658017193394 0
0.6100085402767055 0.5804959928634918 0
0.6314997718009233 0.5933543929850825 0
0.628680155669322 0.628068172383963 0
0.6492159725059584 0.6225552160282343 0
0.5959122039929733 0.6312621328433501 0
0.6167050847190265 0.6748976419161243 0
0.6373314551781957 0.6552262997042341 0
0.6140525958250937 0.6476848354322622 0
0.5923707580050924 0.6534042074487397 0
0.6495421209241586 0.6886793370978678 0
0.6607853898484362 0.665620419485715 0
0.6952168210066026 0.6966793026813164 0
0.6735308843742657 0.6861054838432745 0
0.6638971755381248 0.7093942955485536 0
0.6935135316790697 0.6726477464678582 0
0.7190603161883485 0.6829132022996909 0
0.7426150141561989 0.6604848790923158 0
0.7173678663497228 0.7075138489707613 0
0.695017580107853 0.7251476379016383 0
0.6827195043407204 0.7108267027261288 0
0.6876968478745921 0.7479655941940686 0
0.690741400450436 0.7638609414787922 0
0.7160676603486431 0.7532848848411914 0
0.7346866886438814 0.7477809360427569 0
0.636132684644175 0.6746188831959296 0
0.7225875415540152 0.6474160382135158 0
0.7560185510809193 0.6759194591464907 0
0.6262723714740602 0.6981126157368897 0
0.5962656512821808 0.6968999890830996 0
0.5871924302431918 0.6757901861393539 0
0.5810919162125755 0.7194995930556033 0
0.6079702064374857 0.7306342268125308 0
0.6107326734902481 0.7107781044764955 0
0.6073963706023148 0.756267134256401 0
0.5592175026554118 0.7175043679373849 0
0.6270359436365878 0.7655635153703534 0
0.6357171089247434 0.7443536264297039 0
0.6113008665285656 0.6194538871279014 0
0.5856248556598109 0.6098199678533707 0
0.6753844051985607 0.5518557989636423 0
0.6475530367937214 0.5506677885948277 0
0.6511709680667357 0.5763902928976445 0
0.6822740765623204 0.582870850329263 0
0.6688149882723178 0.5695878867988847 0
0.6746146548156401 0.60099127919606 0
0.6689187574336625 0.6200221237262385 0
0.6968249543517931 0.5957675642710373 0
0.7008680947192719 0.5624676222858964 0
0.7004476604102358 0.5275725449495177 0
0.6931445251573118 0.5451106084529885 0
0.6632438518606454 0.5142494971126647 0
0.6486496547469814 0.5295509279412987 0
0.720366069577831 0.48378796703579 0
0.7189285748539652 0.5095569384202442 0
0.7446900969067566 0.5051244014092628 0
0.7634528241352236 0.47587311336700117 0
0.689661755108548 0.4949997396862015 0
0.683979162526634 0.5149536121927865 0
0.6978333932469968 0.46972944138470446 0
0.7163747322819782 0.4487424280172634 0
0.6936050043361377 0.4414056021101698 0
0.6822949542646247 0.4204657597170385 0
0.7349891396919018 0.4643724889625155 0
0.7436810334839579 0.4838339996516016 0
0.6653581254911366 0.43566688875857873 0
0.7848313510073882 0.4709157611877655 0
0.8055733900691202 0.46294976659781845 0
0.5687859864391593 0.603491672647378 0
0.45737749799610533 0.8492951313033381 0
0.5030911785828973 0.908614466073621 0
0.5242404615740109 0.8946840114420547 0
0.5111435999895172 0.8735844178979504 0
0.4998126147284329 0.8894202800638663 0
0.49660394851180517 0.8653864951840999 0
0.4835384352012473 0.9194296046486825 0
0.5109430413679542 0.9458922090612991 0
0.5186152611972822 0.9248104028655253 0
0.4687500000000002 0.983136575312204 0
0.46875 1.0 1
0.49551113285239484 0.9709316638338302 0
0.4907641285539517 0.9507309690295427 0
0.4599130621533284 0.9600530541521611 0
0.44889162546742994 0.9837233239792668 0
0.3727282414775647 0.886180035356226 0
0.3524273064044387 0.9157086128171027 0
0.35878987946013136 0.9471389692885449 0
0.37187277701658916 0.9720430039579078 0
0.3125 1.0 1
0.3367989006246733 0.9745799967359616 0
0.34375 1.0 1
0.3550546004894557 0.9832483666027819 0
0.40625 1.0 1
0.4215418200187943 0.9842045403658402 0
0.3940166359650541 0.97992829917195 0
0.3366598182017038 0.9519363428652637 0
0.28042391657669374 0.9526983864738858 0
0.3086924580460384 0.9634303787646323 0
0.3033194622974902 0.9349867975297581 0
0.2717492431434908 0.9178305616536241 0
0.28375916314819855 0.9333556324667697 0
0.28125 1.0 1
0.28766171141313057 0.9762300045876712 0
0.25880339590296364 0.9722272711109305 0
0.25074196748486816 0.941569892792325 0
0.1875 1.0 1
0.21874999999999975 0.9748127650888527 0
0.21875 1.0 1
0.23928022392232545 0.981320432732412 0
0.23518212619600767 0.9586110596747135 0
0.18939058723243152 0.9286020378028216 0
0.209051551825291 0.9485426207888066 0
0.21645769478923607 0.9215774059687074 0
0.22980656872143676 0.9380785551588939 0
0.2093975158458342 0.8899299136551704 0
0.19872803672267522 0.9089214145966027 0
0.17472248756241607 0.8829422066598049 0
0.17352711140293312 0.9639059918732497 0
0.1964361902145076 0.9681252928207178 0
0.31800992108461795 0.98094329340405 0
0.19718922195875074 0.8609833819729316 0
0.18130258403103758 0.8473201628744119 0
0.19343466368558979 0.8796145888051478 0
0.212440832584816 0.871598675253346 0
0.1255153300793351 0.885090163347728 0
0.1497057090780869 0.8745502656350407 0
0.13157827972856775 0.8518549463953191 0
0.10402995128084383 0.8393610665957535 0
0.09588539301015517 0.8664754643887498 0
0.11665575211363768 0.8663033241291068 0
0.25116323910431826 0.9207781963104671 0
0.3043395731733642 0.8954843849819101 0
0.3291394629086013 0.9037988807954727 0
0.32469061501394314 0.8759256634991858 0
0.311445496269378 0.9154322663962089 0
0.3443490022014862 0.9027816719348861 0
0.29649390079675253 0.8737870368772954 0
0.2641693292158668 0.893873966363315 0
0.28401012075676024 0.9007737483393389 0
0.2929025361064756 0.9171341495277121 0
0.3764277421276831 0.9351243885313013 0
0.7545337249628146 0.7773326713005803 0
0.7605059563035149 0.7987257319174826 0
0.8110310545320795 0.8857596797959314 0
0.96875 1.0 1
0.953125 1.0 1
0.9840698422299177 0.9840698422299177 0
0.9768475324885781 0.873092189954268 0
0.9331037639616788 0.8765924542939867 0
0.7864684843085207 0.7494960544409385 0
0.8067159556009249 0.7365394354038131 0
0.8067877028511118 0.7744767023674648 0
0.7886488663911592 0.7684766688692108 0
0.8308615599750395 0.7738324175588068 0
0.8562812109881742 0.7742625543368064 0
0.8465980948551752 0.7569475799923928 0
0.846023955260891 0.7384691803345322 0
0.867586418175941 0.7909108042523354 0
0.7667360707566887 0.7380985000122152 0
0.765557671538003 0.5906397229565479 0
0.7405807748016819 0.5635855712243611 0
0.7205996167106191 0.5674604837709033 0
0.7169933757761029 0.5442479107296988 0
0.7649233283502468 0.5423607899482636 0
0.7889561745108683 0.5305677028625114 0
0.7552578902742345 0.5240559589950468 0
0.7460534242968446 0.5452905716999007 0
0.7594506788550882 0.5606557894727234 0
0.7041633852822462 0.6288572889633783 0
0.7096621170044214 0.6102792169778305 0
0.7975409324972856 0.5578317831646862 0
0.7787852725690408 0.555255014234334 0
0.8105036963912478 0.5368964311098431 0
0.14252541819660905 0.9287596700879698 0
0.1541713691879573 0.9027219972399257 0
0.17585124948312564 0.9101229314788638 0
0.13114345888926895 0.9080455289147635 0
0.0625 1.0 1
0.08630138226491675 0.9461693886442327 0
0.11262928407728927 0.9317027928742068 0
0.10129885440123255 0.9037623699935989 0
0.07363792897790085 0.9178354117056995 0
0.0 0.9375 1
0.04245406244953176 0.9487694414800885 0
0.06388679424666174 0.9391903979693638 0
0.06463347793831249 0.969628040768254 0
0.09375 1.0 1
0.078125 1.0 1
0.08593750000000108 0.9783470981029948 0
0.09256279033618976 0.9263740842649315 0
0.10546162106163426 0.8841215762182709 0
0.13086902923132304 0.9636679777314412 0
0.12889425569059748 0.9436082999956553 0
0.15228329918959455 0.951398557602843 0
0.17209359978158983 0.942045834378798 0
0.16212334429775174 0.924689625900549 0
0.1056169052828429 0.9624787308332412 0
0.11743928068749733 0.9801386019627111 0
0.15625 1.0 1
0.152086430411158 0.9758772216108532 0
0.171875 1.0 1
0.03797476594980235 0.9130690927989142 0
0.05775182941723537 0.9008955174998305 0
0.023927165820526314 0.9329628162181497 0
0.0 0.90625 1
0.018586276181112787 0.8906249999999999 0
0.0 0.96875 1
0.020052851274436033 0.9562648601039632 0
0.03125 1.0 1
0.03870598538971639 0.9747901783193256 0
0.01771157699650373 0.982288423003498 0
0.5625 1.0 1
0.53125 0.9802934663010241 0
0.53125 1.0 1
0.5158486397663267 0.9661906459954935 0
0.5456971184618328 0.9490549632900218 0
0.5601164298560389 0.9328140915312362 0
0.580817604941373 0.9657149065861005 0
0.5559627411778376 0.9727625756013788 0
0.5958632373572718 0.9458736668971708 0
0.5755290932602055 0.9460794436571743 0
0.6107329957712687 0.9727745990552561 0
0.59375 1.0 1
0.5930786915201622 0.9806716113703257 0
0.6330040558412732 0.9784547220128289 0
0.6410512101874178 0.9532450650103164 0
0.6544934648652646 0.9335160649907406 0
0.6220906574358185 0.9571083578442767 0
0.7630773495183126 0.45311334993709573 0
0.6391150083207409 0.4792560473235326 0
0.636126568694034 0.5058737855143317 0
0.6157402526628475 0.4901083342742459 0
0.615265800317796 0.45848680820707854 0
0.5939525234567776 0.4625271899915191 0
0.6168776141762068 0.5135197578890733 0
0.6008571882724933 0.5316786664752409 0
0.5967438092309494 0.48271839553607027 0
0.6368804677523309 0.4577443789080507 0
0.6218235510357452 0.43865886794773973 0
0.6641833178966343 0.4877862720253271 0
0.6570047244502285 0.4677824336319366 0
0.7611905896390699 0.651018959048808 0
0.5760500680635262 0.6389888638953598 0
0.3117860196342915 0.6452038978300767 0
0.06126119607625916 0.867708150530616 0
0.1621384431289619 0.8173477899792138 0
0.1805781636226298 0.8038516784360706 0
0.14116498522179022 0.7929198522788914 0
0.1443014087655405 0.8114446822017035 0
0.1540891546982653 0.7745789099969309 0
0.14800318492427705 0.8333086851963108 0
0.12809423901902006 0.7770590342973797 0
0.23715005089528948 0.8456787659201328 0
0.018481324289387716 0.6219412517608465 0
0.0 0.59375 1
0.02445035318480911 0.5781249999999998 0
0.021210782975900913 0.5999983799779937 0
0.0 0.53125 1
0.0 0.546875 1
0.023291609995245204 0.5323807145310537 0
0.22574125442842294 0.5608003977660981 0
0.24580713931087037 0.5618878069746056 0
0.43819382608443325 0.483375794729273 0
0.945089385593983 0.5363313203462822 0
0.899106837314167 0.2081857037117366 0
0.45115146761518726 0.014541029102407108 0
0.453125 0.0 1
0.23764291473910082 0.026586565377637567 0
0.21875 0.0 1
0.21078569076732265 0.027723852255978072 0
0.1918421838249629 0.019993864283014928 0
0.15625 0.017255185106556183 0
0.15625 0.0 1
0.25585407753170164 0.018885885988407937 0
0.1135489848602947 0.057663605084624446 0
0.1284615549882142 0.03065619753612947 0
0.0625 0.0 1
0.09375 0.01905213449413161 0
0.09375 0.0 1
0.10720014806119141 0.03653718344907393 0
0.05352586674465592 0.06390973025214183 0
0.0 0.0625 1
0.08297020344632826 0.05533585559405884 0
0.06028430453108377 0.032273808538452735 0
0.0776469055824563 0.09190032417586785 0
0.09677401437206812 0.0760152407444631 0
0.10062070079319094 0.10010495197858699 0
0.12521084784985784 0.09853043706068008 0
0.11792987030782598 0.07851080989634915 0
0.15094161237727174 0.0606897294844592 0
0.1419479297071072 0.08224274521108281 0
0.09395796668487871 0.11908668342165042 0
0.14934722580016746 0.03845321364114615 0
0.07196980862480234 0.07240407994845605 0
0.11380232132862364 0.01678791980023269 0
0.13760307482920647 0.014100449610686131 0
0.140625 0.0 1
0.047522933233458145 0.09347130104366967 0
0.059614279245802634 0.11304595095473706 0
0.026483657060836493 0.07380867150046061 0
0.0 0.09375 1
0.023785933894134588 0.09778273930844561 0
0.018828709856856564 0.11745271154415639 0
0.0 0.03125 1
0.03125 0.0 1
0.0 0.015625 1
0.015625 0.0 1
0.0234375 0.0234375 0
0.044369715986248934 0.01739407199541631 0
0.0214922200152761 0.048832832009165654 0
0.04282189370689752 0.045083152249218876 0
0.08067022585914276 0.034909353479663535 0
0.18861919077011643 0.08417880285415388 0
0.165441915793808 0.07939340140232086 0
0.1810593028145754 0.06227354154833368 0
0.2042638896197166 0.06652238897304233 0
0.21984786468616216 0.0960900790446144 0
0.22652095506507688 0.07429187068105882 0
0.19185622707626038 0.12258492566973292 0
0.19947772718580642 0.10260307503791383 0
0.24173037276700146 0.1005077926962884 0
0.17421961910575903 0.10473193905452464 0
0.16759588737857664 0.14740449450875182 0
0.16414419831500932 0.1710221384598867 0
0.16146111373904554 0.12460188777635516 0
0.13749250135953608 0.12543959338548116 0
0.14615035340958604 0.1451849453354304 0
0.18817552486587527 0.1432537961556888 0
0.5216050390806382 0.24117925797732762 0
0.25542577651494924 0.14032424859566217 0
0.2743523165954976 0.1297473669826874 0
0.24327171086846633 0.16027604092142753 0
0.38695438357245954 0.19821543111523618 0
0.2470806791696536 0.3811992165446214 0
0.1704136197045118 0.2099270126662589 0
0.18618926434974614 0.17489926093112632 0
0.2647729161253233 0.28802488360892287 0
0.0 0.28125 1
0.02516467033066669 0.29651732989176627 0
0.05075311925824233 0.2939324184928359 0
0.01931272423589281 0.2777901716265905 0
0.11561951176957816 0.1481911706762553 0
0.1741108683433848 0.2501185016437521 0
0.15795756867353694 0.30284797036651756 0
0.2174443332492807 0.6292243214342191 0
0.29545778343470186 0.7783451118653737 0
0.3398521756982017 0.7449548668711509 0
0.6621554131457598 0.955048673032384 0
0.5681568214332249 0.8350064590697814 0
0.74615187536761 0.9803054437743945 0
0.8843099774132478 0.7629631677976882 0
0.8637969301170267 0.9682800220915033 0
0.8463085502455266 0.9547685509048583 0
0.8378957042050454 0.9837312511193131 0
0.84375 1.0 1
0.8174390416962471 0.9750497855539886 0
0.859375 1.0 1
0.8784775888397488 0.980933386549015 0
0.8713141020616928 0.9495120886449593 0
0.9810144755849157 0.5128680213789423 0
1.0 0.15625 1

Edges
153
1 1832 1
1 1833 1
2 1048 1
2 1049 1
3 130 1
3 1671 1
4 1733 1
4 1735 1
5 910 1
5 915 1
6 1167 1
6 1192 1
7 1606 1
7 1740 1
9 471 1
9 1784 1
10 1393 1
10 1444 1
11 1628 1
11 1634 1
38 87 1
38 89 1
48 102 1
48 1195 1
57 213 1
57 226 1
74 87 1
74 102 1
76 121 1
76 124 1
84 89 1
84 121 1
116 124 1
116 130 1
118 142 1
118 1883 1
127 142 1
127 1672 1
167 213 1
167 1881 1
187 230 1
187 1749 1
217 227 1
217 230 1
226 227 1
320 1617 1
320 1619 1
340 1606 1
340 1619 1
422 543 1
422 1864 1
432 1378 1
432 1781 1
441 465 1
441 523 1
443 463 1
443 468 1
449 1781 1
449 1785 1
462 463 1
462 471 1
465 468 1
493 957 1
493 1795 1
501 1805 1
501 1823 1
508 537 1
508 1827 1
518 523 1
518 1864 1
529 537 1
529 543 1
713 980 1
713 1004 1
722 789 1
722 800 1
746 781 1
746 1206 1
763 775 1
763 1166 1
775 1206 1
780 781 1
780 791 1
789 791 1
798 1055 1
798 1887 1
799 800 1
799 1887 1
833 884 1
833 888 1
851 947 1
851 970 1
852 969 1
852 1793 1
879 978 1
879 980 1
883 884 1
883 978 1
885 888 1
885 914 1
910 1793 1
914 915 1
936 947 1
936 957 1
960 1795 1
960 1799 1
969 970 1
995 1010 1
995 1040 1
997 1003 1
997 1010 1
1003 1004 1
1035 1040 1
1035 1046 1
1043 1047 1
1043 1055 1
1046 1048 1
1047 1049 1
1146 1192 1
1146 1195 1
1166 1167 1
1374 1379 1
1374 1385 1
1378 1379 1
1385 1444 1
1390 1437 1
1390 1731 1
1391 1393 1
1391 1437 1
1432 1713 1
1432 1725 1
1615 1617 1
1615 1628 1
1632 1634 1
1632 1727 1
1671 1672 1
1704 1714 1
1704 1735 1
1709 1731 1
1709 1733 1
1713 1714 1
1725 1727 1
1738 1740 1
1738 1749 1
1784 1785 1
1799 1823 1
1803 1805 1
1803 1831 1
1808 1827 1
1808 1830 1
1830 1832 1
1831 1833 1
1881 1883 1

Triangles
3619
3 1671 1673 0
4 1733 1737 0
5 908 912 0
6 1165 1168 0
6 1192 1886 0
7 1605 1607 0
7 1607 1741 0
8 1310 1461 0
9 471 1358 0
10 1389 1394 0
11 1634 1635 0
12 290 292 0
12 292 295 0
12 295 360 0
13 56 1551 0
14 1230 1235 0
14 1235 1520 0
14 1515 1516 0
15 375 378 0
15 378 1211 0
15 1211 1254 0
15 1218 1251 0
16 1492 1493 0
16 1493 1495 0
16 1495 1503 0
17 1529 1569 0
17 1569 1572 0
17 1572 1573 0
18 732 753 0
18 753 1128 0
18 1124 1126 0
19 1586 1766 0
19 1766 1767 0
20 1157 1185 0
20 1183 1697 0
20 1697 1699 0
21 1118 1197 0
21 1197 1594 0
21 1593 1755 0
22 1581 1582 0
22 1582 1692 0
22 1692 1693 0
23 33 34 0
23 34 40 0
23 40 1768 0
23 1544 1553 0
24 36 1686 0
24 1686 1694 0
24 1694 1698 0
25 31 32 0
25 32 1696 0
25 1574 1575 0
25 1575 1688 0
26 29 1695 0
27 29 1573 0
27 1572 1574 0
27 1574 1696 0
28 29 1538 0
28 1531 1573 0
29 26 1538 0
29 27 1695 0
29 28 1573 0
30 32 33 0
30 33 1553 0
30 1553 1695 0
30 1695 1696 0
31 25 1688 0
32 30 1696 0
32 31 33 0
33 23 1553 0
33 31 34 0
34 31 1686 0
34 36 44 0
35 36 1697 0
35 1183 1184 0
36 24 1697 0
36 34 1686 0
36 35 44 0
37 47 51 0
37 51 93 0
37 93 94 0
38 85 86 0
39 40 44 0
39 44 46 0
39 46 47 0
40 34 44 0
40 39 42 0
40 42 1768 0
41 42 43 0
41 43 53 0
41 53 1554 0
41 1554 1768 0
42 39 43 0
42 41 1768 0
43 39 47 0
43 47 63 0
44 35 1184 0
45 46 1180 0
45 1180 1181 0
46 44 1180 0
46 45 47 0
47 37 63 0
47 45 51 0
48 102 105 0
48 105 1187 0
49 91 1176 0
50 51 1181 0
50 1175 1176 0
51 45 1181 0
51 50 93 0
52 53 62 0
52 61 1677 0
52 1676 1685 0
53 43 62 0
53 52 55 0
53 55 1554 0
54 55 56 0
54 56 1545 0
54 1543 1544 0
54 1544 1554 0
55 52 56 0
55 54 1554 0
56 13 1545 0
56 52 1685 0
57 226 1876 0
58 156 160 0
58 160 170 0
58 170 172 0
58 172 175 0
58 175 176 0
59 60 1679 0
59 177 1669 0
60 59 1668 0
60 183 1551 0
60 1551 1685 0
60 1676 1679 0
61 52 62 0
61 62 63 0
61 63 66 0
61 66 98 0
61 98 1677 0
62 43 63 0
63 37 94 0
64 69 90 0
64 72 79 0
64 79 154 0
64 154 1877 0
65 66 94 0
66 63 94 0
66 65 68 0
66 68 1683 0
67 68 69 0
67 69 1877 0
67 1681 1682 0
67 1682 1683 0
68 65 69 0
68 67 1683 0
69 64 1877 0
69 65 71 0
69 71 90 0
70 71 96 0
70 96 103 0
71 65 92 0
71 70 72 0
71 72 90 0
71 92 96 0
72 64 90 0
72 70 75 0
72 75 78 0
72 78 79 0
73 75 99 0
73 87 86 0
74 87 99 0
74 99 101 0
75 70 99 0
75 73 78 0
76 124 125 0
76 125 1674 0
77 78 85 0
77 85 88 0
78 73 86 0
78 77 79 0
79 77 82 0
79 82 154 0
80 112 146 0
80 146 149 0
80 149 152 0
80 152 1684 0
81 82 83 0
81 83 111 0
81 111 112 0
81 112 153 0
81 153 154 0
82 77 83 0
82 81 154 0
83 77 88 0
83 88 122 0
84 120 122 0
85 78 86 0
85 89 88 0
86 87 38 0
87 73 99 0
88 89 122 0
89 84 122 0
89 85 38 0
91 49 104 0
91 92 95 0
91 95 1176 0
92 65 94 0
92 91 96 0
92 93 95 0
93 50 95 0
93 92 94 0
95 50 1176 0
96 91 103 0
97 98 1683 0
98 66 1683 0
98 97 1677 0
99 70 103 0
100 101 103 0
100 102 101 0
100 103 104 0
100 104 106 0
101 99 103 0
101 102 74 0
102 100 105 0
103 91 104 0
104 49 106 0
105 100 106 0
105 106 1187 0
106 49 109 0
106 109 1186 0
106 1186 1187 0
107 1170 1171 0
107 1171 1172 0
107 1172 1173 0
107 1173 1174 0
107 1174 1177 0
108 109 1175 0
108 1173 1186 0
109 49 1175 0
109 108 1186 0
110 111 115 0
110 115 1675 0
110 123 210 0
111 83 114 0
111 110 112 0
111 114 115 0
112 80 153 0
112 110 210 0
113 114 120 0
113 121 1674 0
114 83 120 0
114 113 115 0
115 113 119 0
115 119 1675 0
117 119 125 0
117 125 126 0
117 126 132 0
117 132 141 0
118 1883 1884 0
119 113 1674 0
119 117 141 0
119 141 1675 0
120 83 122 0
121 76 1674 0
121 113 120 0
121 120 84 0
123 110 1675 0
123 138 145 0
123 145 210 0
124 116 126 0
125 119 1674 0
125 124 126 0
126 116 129 0
126 129 132 0
127 142 143 0
128 130 1673 0
128 1672 133 0
129 128 131 0
129 131 132 0
130 3 1673 0
130 128 129 0
130 129 116 0
131 128 133 0
131 133 135 0
131 135 136 0
132 131 136 0
132 136 141 0
133 127 143 0
133 1672 127 0
134 135 144 0
134 144 1884 0
134 1884 1885 0
135 133 143 0
135 134 139 0
135 143 144 0
136 135 139 0
136 138 141 0
137 138 139 0
137 139 209 0
137 162 163 0
138 123 141 0
138 136 139 0
138 137 145 0
139 134 1885 0
139 140 209 0
140 139 1885 0
140 164 209 0
141 123 1675 0
142 118 1884 0
143 142 144 0
144 142 1884 0
145 137 163 0
145 146 210 0
146 112 210 0
146 145 148 0
146 148 149 0
147 148 159 0
147 159 160 0
148 145 163 0
148 147 149 0
149 147 151 0
149 151 152 0
150 151 157 0
150 157 1680 0
150 1680 1681 0
150 1681 1684 0
151 147 156 0
151 150 152 0
151 156 157 0
152 150 1684 0
153 80 1684 0
153 1684 1877 0
154 153 1877 0
155 156 176 0
155 176 177 0
155 177 1678 0
156 58 176 0
156 147 160 0
156 155 157 0
157 155 1678 0
157 1678 1680 0
158 159 162 0
158 162 164 0
158 164 168 0
158 168 1670 0
159 148 162 0
159 158 1670 0
160 159 1670 0
161 169 218 0
161 200 201 0
162 137 209 0
162 148 163 0
164 140 166 0
164 162 209 0
164 166 168 0
165 166 208 0
165 208 211 0
165 211 218 0
166 140 1879 0
166 165 168 0
166 1879 1882 0
167 213 214 0
167 214 1882 0
168 165 169 0
168 169 1670 0
169 161 201 0
169 165 218 0
169 170 1670 0
170 160 1670 0
170 169 201 0
171 172 200 0
171 192 193 0
171 200 204 0
172 170 201 0
172 171 174 0
172 174 175 0
173 174 180 0
173 180 184 0
173 184 1669 0
174 171 193 0
174 173 175 0
175 173 176 0
176 173 177 0
177 59 1678 0
177 173 1669 0
178 185 186 0
178 186 235 0
178 235 236 0
179 180 193 0
180 174 193 0
180 179 182 0
180 182 184 0
181 182 185 0
181 185 196 0
181 196 1549 0
181 1549 1550 0
182 179 186 0
182 181 183 0
182 183 184 0
183 60 1668 0
183 181 1550 0
183 1550 1551 0
183 1668 1669 0
184 183 1669 0
185 178 198 0
185 182 186 0
186 179 191 0
186 190 235 0
187 1748 1751 0
188 222 1753 0
188 274 275 0
188 275 277 0
188 279 280 0
189 191 233 0
189 233 277 0
189 275 276 0
190 186 191 0
190 191 276 0
190 271 272 0
191 179 192 0
191 189 276 0
191 192 233 0
192 171 204 0
192 179 193 0
192 204 233 0
194 197 1564 0
194 1537 1541 0
194 1559 1560 0
195 196 198 0
195 198 199 0
195 199 1563 0
195 1563 1564 0
196 185 198 0
196 195 197 0
196 197 1548 0
196 1548 1549 0
197 194 1541 0
197 195 1564 0
197 1541 1547 0
197 1546 1548 0
198 178 236 0
199 198 236 0
199 234 239 0
199 239 242 0
199 242 1563 0
200 161 203 0
200 172 201 0
200 203 204 0
202 203 232 0
203 161 206 0
203 202 204 0
203 206 232 0
204 202 219 0
204 219 233 0
205 206 207 0
205 207 216 0
205 216 228 0
205 228 232 0
206 161 207 0
206 205 232 0
207 161 218 0
207 211 215 0
207 215 216 0
208 166 1882 0
208 214 215 0
211 207 218 0
211 208 215 0
212 57 1876 0
212 213 57 0
213 212 214 0
214 208 1882 0
214 212 215 0
215 212 216 0
216 212 1876 0
216 225 228 0
217 230 231 0
219 202 221 0
219 221 222 0
219 222 277 0
220 221 223 0
220 223 224 0
220 224 1874 0
221 202 223 0
221 220 222 0
222 188 277 0
222 220 1753 0
223 202 232 0
224 217 231 0
224 223 228 0
224 227 217 0
224 231 1874 0
225 216 1876 0
225 224 228 0
225 227 224 0
226 225 1876 0
227 225 226 0
228 223 232 0
229 230 1751 0
229 1751 1752 0
229 1752 1874 0
230 187 1751 0
230 229 231 0
231 229 1874 0
233 219 277 0
234 199 236 0
234 235 272 0
235 190 272 0
235 234 236 0
237 249 261 0
237 261 264 0
238 239 259 0
238 259 270 0
239 234 258 0
239 238 241 0
239 241 242 0
239 258 259 0
240 241 245 0
240 245 1562 0
240 1558 1559 0
240 1559 1561 0
241 238 244 0
241 240 1561 0
241 244 245 0
242 241 1561 0
242 1561 1563 0
243 244 249 0
243 249 250 0
244 238 249 0
244 243 245 0
245 243 247 0
245 247 1562 0
246 247 248 0
246 248 1500 0
246 1500 1501 0
246 1501 1562 0
247 243 248 0
247 246 1562 0
248 243 250 0
248 250 256 0
248 256 1504 0
249 237 250 0
249 238 270 0
250 237 253 0
250 253 256 0
251 287 288 0
251 288 352 0
251 352 358 0
251 358 1505 0
252 253 255 0
252 255 286 0
252 286 288 0
253 237 255 0
253 252 254 0
253 254 256 0
254 252 287 0
254 287 1505 0
255 237 264 0
255 264 350 0
256 254 1504 0
257 258 272 0
257 267 1875 0
257 271 273 0
258 234 272 0
258 257 1875 0
259 258 1875 0
260 261 270 0
260 270 1875 0
261 249 270 0
261 260 263 0
261 263 264 0
262 263 266 0
262 266 1599 0
262 1599 1601 0
263 260 266 0
263 262 264 0
264 262 350 0
265 266 267 0
265 267 283 0
265 283 1598 0
265 1598 1599 0
266 260 267 0
266 265 1599 0
267 257 269 0
267 260 1875 0
267 269 283 0
268 278 280 0
268 280 1746 0
268 1746 1747 0
269 257 273 0
269 273 278 0
269 278 282 0
269 282 283 0
270 259 1875 0
271 190 276 0
271 257 272 0
273 271 274 0
273 274 278 0
274 188 280 0
274 271 275 0
275 189 277 0
275 271 276 0
278 268 282 0
278 274 280 0
279 188 1753 0
279 1752 1754 0
280 279 1746 0
281 282 1743 0
282 268 1743 0
282 281 283 0
283 281 1598 0
284 285 351 0
284 326 327 0
284 327 328 0
285 284 289 0
285 286 349 0
285 348 351 0
286 255 349 0
286 285 288 0
287 251 1505 0
287 252 288 0
288 285 289 0
288 289 290 0
288 290 352 0
289 284 328 0
290 12 353 0
290 289 328 0
291 292 329 0
292 290 328 0
292 291 294 0
292 294 295 0
292 328 329 0
293 294 299 0
293 299 1872 0
293 397 399 0
293 399 1873 0
294 291 298 0
294 293 1873 0
294 298 299 0
295 294 1873 0
296 359 360 0
296 360 1873 0
296 399 400 0
297 298 303 0
297 303 307 0
297 307 309 0
297 308 1476 0
297 1476 1872 0
298 291 302 0
298 297 1872 0
298 302 303 0
299 298 1872 0
300 388 396 0
300 396 397 0
300 397 1872 0
301 302 319 0
301 312 316 0
301 319 1660 0
301 1660 1663 0
302 291 318 0
302 301 316 0
302 318 319 0
303 302 316 0
304 315 1664 0
304 1639 1641 0
305 311 312 0
305 312 1663 0
305 1663 1665 0
306 307 311 0
306 311 1779 0
307 303 312 0
307 306 309 0
308 297 309 0
308 309 310 0
308 310 1475 0
308 1475 1476 0
309 306 310 0
310 306 1424 0
310 387 1475 0
311 305 314 0
311 307 312 0
311 314 1779 0
312 301 1663 0
312 303 316 0
313 314 315 0
313 315 1650 0
313 1424 1779 0
314 305 1664 0
314 313 1779 0
315 304 1641 0
315 314 1664 0
315 1641 1650 0
317 318 327 0
318 291 329 0
318 317 319 0
319 317 323 0
319 323 1660 0
320 1614 1621 0
320 1617 1618 0
321 1612 1613 0
321 1613 1622 0
321 1622 1625 0
321 1625 1661 0
322 323 1611 0
322 337 1612 0
322 1612 1662 0
323 317 325 0
323 322 1660 0
323 325 1611 0
324 325 326 0
324 326 331 0
324 331 334 0
324 334 338 0
324 338 1611 0
325 317 326 0
325 324 1611 0
326 284 351 0
326 317 327 0
327 318 329 0
328 327 329 0
330 331 348 0
330 348 1596 0
331 326 351 0
331 330 333 0
331 333 334 0
332 333 346 0
333 330 346 0
333 332 334 0
334 332 336 0
334 336 337 0
334 337 338 0
335 336 342 0
335 342 1621 0
335 1613 1667 0
336 332 341 0
336 335 1667 0
336 341 342 0
337 322 1611 0
337 336 1667 0
338 337 1611 0
339 341 344 0
339 344 1609 0
339 1609 1610 0
339 1610 1620 0
340 1619 1620 0
341 332 344 0
341 339 342 0
342 339 1620 0
342 1620 1621 0
343 344 345 0
343 345 1602 0
343 1602 1608 0
343 1608 1609 0
344 332 345 0
344 343 1609 0
345 332 346 0
345 346 347 0
345 347 1600 0
345 1600 1602 0
346 330 347 0
347 330 1596 0
347 350 1601 0
348 285 349 0
348 331 351 0
348 349 1596 0
349 255 350 0
349 350 1596 0
350 262 1601 0
350 347 1596 0
352 290 353 0
352 353 355 0
352 355 357 0
352 357 358 0
353 12 355 0
354 355 359 0
354 359 369 0
354 369 371 0
354 371 1477 0
355 12 360 0
355 354 357 0
356 357 1477 0
356 1477 1478 0
357 354 1477 0
357 356 358 0
358 356 1478 0
358 1478 1505 0
359 296 368 0
359 355 360 0
359 368 369 0
360 295 1873 0
361 364 367 0
361 367 379 0
361 375 382 0
362 363 1474 0
362 1464 1770 0
363 362 366 0
363 366 368 0
363 368 400 0
363 400 1473 0
363 1473 1474 0
364 361 369 0
364 366 367 0
365 366 1770 0
366 362 1770 0
366 364 368 0
366 365 367 0
367 365 379 0
368 296 400 0
368 364 369 0
369 361 373 0
370 371 373 0
370 373 1484 0
370 1481 1482 0
371 369 373 0
371 370 372 0
371 372 1477 0
372 370 1482 0
373 361 382 0
373 382 1484 0
374 375 1251 0
374 1250 1483 0
374 1483 1484 0
375 15 1251 0
375 361 379 0
375 374 382 0
376 383 1456 0
376 1307 1330 0
376 1456 1462 0
377 378 379 0
377 379 383 0
377 383 1330 0
378 375 379 0
378 377 1211 0
379 365 381 0
379 381 383 0
380 381 1454 0
380 1454 1455 0
380 1455 1456 0
381 365 1454 0
381 380 383 0
382 374 1484 0
383 376 1330 0
383 380 1456 0
384 420 1787 0
384 1787 1788 0
385 407 1409 0
385 1409 1410 0
385 1410 1411 0
386 389 1427 0
386 1427 1428 0
386 1428 1429 0
387 310 1420 0
387 389 1475 0
387 1420 1427 0
388 300 1476 0
388 389 395 0
388 395 396 0
389 386 392 0
389 387 1427 0
389 388 1475 0
389 392 395 0
390 402 1469 0
390 1466 1470 0
390 1470 1471 0
391 392 408 0
392 386 1429 0
392 391 393 0
392 393 395 0
392 394 408 0
393 391 402 0
393 402 1471 0
394 392 1429 0
394 407 408 0
395 393 396 0
396 393 1471 0
396 398 401 0
397 293 1872 0
397 396 401 0
398 396 1471 0
398 1470 1474 0
399 296 1873 0
399 397 401 0
399 401 1473 0
400 399 1473 0
401 398 1473 0
402 390 1471 0
402 391 404 0
402 404 1469 0
403 404 1472 0
403 1465 1469 0
403 1472 1871 0
404 391 406 0
404 403 1469 0
404 405 1472 0
405 404 406 0
405 406 407 0
405 407 411 0
405 411 1472 0
406 391 408 0
407 385 411 0
407 394 1409 0
407 406 408 0
409 413 1450 0
410 411 1411 0
410 1411 1451 0
410 1447 1450 0
411 385 1411 0
411 410 412 0
411 412 1472 0
412 410 413 0
412 413 416 0
412 416 1871 0
413 409 415 0
413 410 1450 0
413 415 416 0
414 415 419 0
414 419 420 0
414 420 421 0
414 421 1871 0
415 409 418 0
415 414 416 0
415 418 419 0
416 414 1871 0
417 418 1346 0
417 1346 1350 0
417 1350 1787 0
418 409 426 0
418 417 419 0
418 426 433 0
418 428 1346 0
419 417 1787 0
420 384 421 0
420 419 1787 0
421 384 1453 0
421 1453 1463 0
421 1463 1468 0
421 1468 1871 0
422 542 547 0
422 547 1867 0
423 440 469 0
423 469 1352 0
423 1352 1353 0
424 430 431 0
424 431 1371 0
425 426 1359 0
425 430 433 0
426 409 1359 0
426 425 433 0
427 429 470 0
427 470 557 0
427 557 560 0
427 560 1347 0
428 418 433 0
428 429 1347 0
429 427 1347 0
429 428 433 0
429 430 435 0
429 435 470 0
430 424 435 0
430 425 431 0
430 429 433 0
431 425 1359 0
431 1359 1361 0
431 1361 1370 0
431 1370 1371 0
434 435 439 0
434 439 440 0
434 440 561 0
435 424 437 0
435 434 470 0
435 437 439 0
436 437 1364 0
436 1364 1368 0
437 424 1367 0
437 436 438 0
437 438 439 0
438 436 445 0
438 445 469 0
439 438 440 0
440 423 561 0
440 438 469 0
441 523 526 0
442 448 461 0
444 445 448 0
444 448 451 0
444 451 1355 0
445 436 447 0
445 444 469 0
445 447 448 0
446 447 450 0
446 450 1358 0
447 436 1368 0
447 446 448 0
448 442 451 0
448 446 464 0
449 1365 1782 0
450 447 1368 0
450 1366 1786 0
451 442 453 0
451 453 1355 0
452 453 1357 0
452 476 1354 0
452 1352 1355 0
453 442 455 0
453 452 1355 0
453 455 1357 0
454 457 460 0
454 460 524 0
455 442 459 0
455 457 1357 0
455 459 460 0
456 457 521 0
456 476 1357 0
457 454 521 0
457 455 460 0
457 456 1357 0
458 459 466 0
458 466 526 0
459 442 461 0
459 458 460 0
459 461 467 0
460 458 524 0
461 443 467 0
461 448 464 0
461 463 443 0
462 463 464 0
463 461 464 0
464 471 462 0
465 441 466 0
465 466 467 0
466 441 526 0
466 459 467 0
467 468 465 0
468 467 443 0
469 444 1355 0
470 434 557 0
471 446 1358 0
471 464 446 0
472 485 515 0
473 482 520 0
474 491 574 0
475 476 552 0
475 490 492 0
476 452 1357 0
476 456 481 0
476 475 478 0
476 478 1354 0
476 481 552 0
477 478 1356 0
477 1351 1352 0
477 1352 1354 0
478 475 479 0
478 477 1354 0
478 479 1356 0
479 475 492 0
479 492 569 0
479 568 1356 0
480 481 482 0
480 482 483 0
480 483 484 0
480 484 490 0
480 490 552 0
481 456 482 0
481 480 552 0
482 456 521 0
482 473 483 0
483 473 484 0
484 473 485 0
484 485 488 0
484 488 1870 0
484 489 490 0
485 472 487 0
485 473 516 0
485 487 488 0
486 487 496 0
486 496 1869 0
486 497 578 0
486 575 1870 0
487 472 495 0
487 486 1870 0
487 495 496 0
488 487 1870 0
489 484 1870 0
490 475 552 0
490 489 491 0
490 491 492 0
491 474 492 0
491 489 574 0
492 474 569 0
493 957 1800 0
494 495 500 0
494 500 1861 0
494 591 1869 0
495 472 499 0
495 494 1869 0
495 499 500 0
496 495 1869 0
497 486 1869 0
497 577 578 0
498 499 527 0
499 472 513 0
499 498 500 0
499 513 527 0
500 498 506 0
500 506 507 0
500 507 1861 0
502 1814 1817 0
502 1817 1840 0
502 1840 1848 0
502 1848 1851 0
502 1851 1852 0
503 599 601 0
503 601 1862 0
504 507 1850 0
504 591 1861 0
504 1850 1862 0
505 506 510 0
505 510 1868 0
506 498 510 0
506 505 507 0
507 504 1861 0
507 505 1850 0
508 1827 1829 0
509 510 511 0
509 511 530 0
509 530 533 0
509 533 1868 0
510 498 511 0
510 509 1868 0
511 498 527 0
511 527 541 0
512 513 515 0
512 515 549 0
513 472 515 0
513 512 527 0
514 515 516 0
514 516 519 0
514 519 1866 0
514 548 549 0
515 485 516 0
515 514 549 0
516 473 519 0
517 519 520 0
517 520 524 0
517 524 525 0
517 525 1865 0
517 1865 1866 0
518 1864 1865 0
519 473 520 0
519 517 1866 0
520 482 521 0
520 521 524 0
521 454 524 0
522 523 525 0
522 524 526 0
523 518 525 0
523 522 526 0
524 458 526 0
524 522 525 0
525 518 1865 0
527 512 541 0
528 530 540 0
528 539 551 0
529 537 551 0
530 511 540 0
530 528 532 0
530 532 533 0
531 532 536 0
531 536 1825 0
532 528 536 0
532 531 533 0
533 531 1818 0
533 1818 1868 0
534 1813 1814 0
534 1814 1852 0
534 1852 1868 0
535 536 538 0
535 538 1829 0
535 1824 1825 0
536 528 538 0
536 535 1825 0
537 508 538 0
537 538 551 0
538 508 1829 0
538 528 551 0
539 528 540 0
539 540 550 0
539 544 551 0
540 511 541 0
540 541 550 0
541 512 549 0
541 546 550 0
542 543 544 0
542 544 550 0
542 546 547 0
543 529 544 0
543 542 422 0
544 529 551 0
544 539 550 0
545 546 548 0
545 548 1866 0
545 1865 1867 0
546 541 548 0
546 542 550 0
546 545 547 0
547 545 1867 0
548 514 1866 0
548 541 549 0
553 554 565 0
553 565 567 0
553 567 1342 0
554 553 556 0
554 556 1351 0
554 1351 1356 0
555 556 557 0
555 557 561 0
555 561 1353 0
556 553 559 0
556 555 1351 0
557 434 561 0
557 556 559 0
557 559 560 0
558 559 1342 0
558 1342 1344 0
558 1343 1345 0
559 553 1342 0
559 558 560 0
560 558 1345 0
560 1345 1347 0
561 423 1353 0
562 1263 1311 0
562 1311 1343 0
562 1343 1344 0
563 1290 1312 0
563 1312 1341 0
563 1341 1860 0
564 565 568 0
564 568 569 0
564 569 571 0
564 570 1341 0
565 554 568 0
565 564 566 0
565 566 567 0
566 564 1341 0
567 566 1263 0
567 1263 1342 0
568 479 569 0
568 554 1356 0
569 474 571 0
570 564 571 0
570 571 1298 0
570 1294 1860 0
571 474 573 0
571 573 1298 0
572 576 577 0
572 577 587 0
572 587 1863 0
572 588 1296 0
572 1296 1297 0
573 474 574 0
573 574 575 0
573 575 576 0
573 576 1297 0
573 1297 1298 0
574 489 575 0
575 486 578 0
575 489 1870 0
576 572 1297 0
576 575 578 0
577 497 583 0
577 576 578 0
577 583 584 0
577 584 587 0
579 669 928 0
579 927 1338 0
579 1338 1339 0
580 605 678 0
580 606 607 0
580 663 664 0
581 584 585 0
581 585 605 0
581 605 607 0
581 607 608 0
581 608 1863 0
582 585 586 0
582 586 592 0
582 592 598 0
582 598 600 0
583 497 590 0
583 590 592 0
584 581 1863 0
584 583 586 0
585 582 595 0
585 584 586 0
585 595 596 0
585 596 605 0
586 583 592 0
587 584 1863 0
588 572 1863 0
588 608 611 0
588 611 1295 0
588 1295 1296 0
589 590 591 0
589 591 601 0
590 497 591 0
590 589 592 0
591 494 1861 0
591 497 1869 0
591 504 601 0
592 589 598 0
593 671 672 0
593 672 975 0
594 595 600 0
594 597 675 0
594 672 673 0
595 582 600 0
595 594 596 0
596 594 673 0
596 673 678 0
597 594 600 0
597 598 599 0
597 599 1858 0
597 674 675 0
598 589 601 0
598 597 600 0
599 503 604 0
599 598 601 0
599 604 1858 0
601 504 1862 0
602 603 1847 0
602 951 1857 0
603 602 1856 0
603 604 1845 0
603 1843 1847 0
603 1845 1846 0
603 1856 1858 0
604 503 1854 0
604 603 1858 0
605 580 607 0
605 596 678 0
606 580 664 0
607 606 608 0
608 588 1863 0
608 606 615 0
609 614 1283 0
609 1282 1284 0
610 611 615 0
610 615 618 0
610 618 1283 0
611 608 615 0
611 610 613 0
611 613 1295 0
612 613 614 0
612 614 1267 0
612 1267 1291 0
612 1291 1292 0
612 1292 1295 0
613 610 614 0
613 612 1295 0
614 609 1267 0
614 610 1283 0
615 606 620 0
616 621 623 0
616 623 624 0
616 624 632 0
616 632 633 0
617 618 620 0
617 620 664 0
618 615 620 0
618 617 619 0
618 619 1283 0
619 617 621 0
619 621 631 0
619 631 1285 0
620 606 664 0
621 616 631 0
621 617 623 0
622 623 663 0
622 663 667 0
622 667 668 0
623 617 664 0
623 622 624 0
624 622 626 0
624 626 634 0
625 626 668 0
625 668 669 0
625 669 1332 0
626 622 668 0
626 625 634 0
627 635 659 0
627 651 652 0
628 632 634 0
628 634 636 0
628 636 652 0
628 652 662 0
629 630 637 0
629 637 640 0
629 640 643 0
629 643 1279 0
629 1279 1280 0
630 629 1280 0
630 631 633 0
630 633 637 0
630 1280 1285 0
631 616 633 0
631 630 1285 0
632 624 634 0
632 628 633 0
633 628 662 0
634 625 1332 0
635 627 652 0
635 636 1331 0
635 1331 1333 0
636 634 1332 0
636 635 652 0
637 633 639 0
637 639 640 0
638 639 651 0
638 651 654 0
638 654 1320 0
638 1319 1322 0
639 633 662 0
639 638 640 0
640 638 1322 0
641 647 1315 0
641 1245 1247 0
641 1315 1316 0
642 643 1322 0
642 1322 1323 0
643 640 1322 0
643 642 646 0
643 646 1279 0
644 1273 1286 0
644 1286 1287 0
645 646 647 0
645 647 649 0
645 649 1277 0
645 1277 1287 0
645 1278 1279 0
646 642 647 0
646 645 1279 0
647 641 649 0
647 642 1315 0
648 649 1223 0
648 1222 1256 0
648 1256 1276 0
648 1276 1277 0
649 641 1223 0
649 648 1277 0
650 1221 1222 0
650 1222 1223 0
650 1223 1247 0
651 627 654 0
651 639 652 0
652 639 662 0
653 654 1208 0
653 683 1318 0
653 1318 1321 0
654 627 656 0
654 653 1320 0
654 656 1208 0
655 656 660 0
655 660 661 0
655 661 694 0
656 627 659 0
656 655 657 0
656 657 1208 0
656 659 660 0
657 655 684 0
657 683 1208 0
657 684 685 0
658 659 1333 0
658 1333 1334 0
658 1334 1855 0
659 635 1333 0
659 658 660 0
660 658 1855 0
661 660 1855 0
661 846 847 0
663 580 678 0
663 623 664 0
663 666 667 0
665 667 677 0
665 677 924 0
665 922 1859 0
666 663 678 0
666 676 677 0
667 665 1859 0
667 666 677 0
668 667 1859 0
669 579 1332 0
669 668 928 0
670 919 927 0
670 927 928 0
670 928 1859 0
671 593 925 0
672 594 675 0
672 671 676 0
672 675 975 0
673 672 676 0
673 676 678 0
674 597 1858 0
674 1856 1857 0
675 674 975 0
676 666 678 0
676 671 677 0
677 671 924 0
679 691 696 0
679 696 699 0
679 699 702 0
679 702 704 0
679 704 1203 0
680 686 695 0
680 695 821 0
680 696 697 0
681 690 1108 0
681 1107 1324 0
681 1324 1325 0
681 1325 1326 0
682 683 692 0
682 690 1326 0
683 653 1208 0
683 657 685 0
683 682 1318 0
683 685 692 0
684 655 694 0
684 694 695 0
685 684 686 0
685 686 689 0
685 689 692 0
686 680 688 0
686 684 695 0
686 688 689 0
687 688 697 0
687 691 1200 0
688 680 697 0
688 687 689 0
689 687 690 0
689 690 692 0
690 681 1326 0
690 682 692 0
690 687 1105 0
690 1105 1108 0
691 679 1203 0
691 687 697 0
693 694 826 0
694 661 826 0
694 693 695 0
695 693 820 0
695 820 821 0
696 680 821 0
696 691 697 0
698 699 820 0
698 817 819 0
698 820 825 0
698 825 858 0
699 696 821 0
699 698 701 0
699 701 702 0
700 701 717 0
701 698 819 0
701 700 709 0
702 701 709 0
703 704 709 0
703 709 711 0
703 711 718 0
704 702 709 0
704 703 706 0
704 706 1203 0
705 706 708 0
705 708 810 0
705 810 1204 0
705 1202 1203 0
706 703 708 0
706 705 1203 0
707 708 719 0
707 719 720 0
707 720 806 0
707 806 809 0
707 809 810 0
708 703 718 0
708 707 810 0
708 718 719 0
709 700 711 0
710 711 714 0
710 714 743 0
711 700 714 0
711 710 718 0
712 714 1099 0
712 742 743 0
714 700 716 0
714 712 743 0
714 716 1099 0
715 716 717 0
715 717 815 0
715 815 816 0
715 816 1098 0
715 1096 1099 0
716 700 717 0
716 715 1099 0
717 701 819 0
718 710 721 0
719 718 720 0
720 718 721 0
720 721 730 0
720 730 732 0
720 732 806 0
721 710 724 0
721 724 727 0
721 727 730 0
722 789 790 0
722 790 1205 0
723 724 742 0
724 710 743 0
724 723 726 0
724 726 727 0
725 726 735 0
725 735 744 0
726 723 734 0
726 725 727 0
726 734 735 0
727 725 729 0
727 729 730 0
728 729 731 0
728 731 750 0
728 750 752 0
728 752 753 0
729 725 731 0
729 728 730 0
730 728 753 0
731 725 744 0
731 744 745 0
731 745 749 0
731 749 750 0
732 18 806 0
732 730 753 0
733 734 1091 0
733 1091 1092 0
734 723 739 0
734 733 735 0
734 739 1091 0
735 733 737 0
735 737 744 0
736 737 1081 0
737 733 805 0
737 736 745 0
737 805 1081 0
738 739 1094 0
738 1017 1093 0
738 1025 1089 0
738 1089 1091 0
739 723 741 0
739 738 1091 0
739 741 1094 0
740 741 742 0
740 742 1097 0
740 1017 1094 0
741 723 742 0
741 740 1094 0
742 712 1097 0
742 724 743 0
744 737 745 0
745 736 803 0
747 766 771 0
747 771 1133 0
747 1133 1134 0
747 1134 1135 0
748 749 758 0
748 758 778 0
748 778 1136 0
749 745 757 0
749 748 750 0
749 757 758 0
750 748 755 0
751 752 1129 0
751 1121 1127 0
751 1127 1128 0
752 750 755 0
752 751 1128 0
752 755 1129 0
753 752 1128 0
754 755 1136 0
754 1122 1129 0
755 748 1136 0
755 754 1129 0
756 757 794 0
756 785 786 0
756 794 802 0
757 745 803 0
757 756 758 0
758 756 760 0
758 760 761 0
758 761 778 0
759 762 793 0
760 756 786 0
760 786 793 0
761 760 762 0
761 762 767 0
761 767 1135 0
762 759 765 0
762 760 793 0
762 765 767 0
763 1166 1169 0
764 765 776 0
764 776 1207 0
765 759 777 0
765 764 766 0
765 766 767 0
766 747 767 0
766 764 770 0
766 770 771 0
767 747 1135 0
768 1138 1139 0
768 1139 1141 0
768 1141 1142 0
768 1142 1148 0
768 1148 1151 0
768 1151 1153 0
769 770 1164 0
770 764 773 0
770 769 771 0
770 773 1164 0
771 769 1139 0
772 773 774 0
772 774 1169 0
772 1163 1164 0
773 764 1207 0
773 772 1164 0
774 763 1169 0
774 773 1207 0
774 775 763 0
775 774 1207 0
776 765 777 0
776 775 1207 0
776 777 792 0
776 1206 775 0
777 759 782 0
777 782 792 0
778 761 1135 0
778 1135 1136 0
779 780 784 0
779 783 785 0
779 785 788 0
779 788 790 0
779 791 780 0
780 781 784 0
781 746 792 0
781 782 784 0
782 759 793 0
782 781 792 0
782 783 784 0
783 779 784 0
783 782 793 0
785 756 802 0
785 783 786 0
785 795 796 0
786 783 793 0
787 788 796 0
787 796 797 0
787 797 801 0
787 801 1205 0
788 785 796 0
788 787 790 0
790 787 1205 0
790 791 779 0
791 790 789 0
792 1206 776 0
794 757 803 0
794 803 1080 0
794 1079 1082 0
795 785 802 0
795 802 1082 0
796 795 797 0
797 795 1079 0
797 1079 1083 0
799 800 1086 0
800 722 1205 0
800 801 1086 0
801 797 1074 0
801 800 1205 0
801 1074 1077 0
801 1077 1086 0
802 794 1082 0
803 736 1080 0
804 805 1090 0
804 1069 1073 0
804 1073 1791 0
805 733 1092 0
805 804 1081 0
806 18 1126 0
806 808 809 0
807 809 1113 0
807 811 812 0
808 806 1126 0
809 807 812 0
809 808 1113 0
810 809 812 0
810 811 1204 0
811 807 1103 0
811 810 812 0
811 1103 1109 0
811 1109 1201 0
811 1201 1204 0
813 818 841 0
813 831 857 0
813 857 861 0
813 861 862 0
814 815 817 0
814 817 818 0
814 818 859 0
814 859 1101 0
815 717 817 0
815 814 816 0
816 814 1101 0
816 868 989 0
816 989 1098 0
817 698 858 0
817 717 819 0
818 813 859 0
818 817 858 0
818 827 841 0
820 693 823 0
820 699 821 0
820 823 825 0
822 823 824 0
822 824 827 0
822 827 858 0
823 693 826 0
823 822 825 0
824 823 826 0
824 826 847 0
825 822 858 0
826 661 847 0
827 818 858 0
827 824 830 0
827 830 831 0
827 831 841 0
828 837 839 0
828 839 840 0
828 840 854 0
828 854 900 0
829 830 844 0
829 844 845 0
830 824 843 0
830 829 832 0
830 843 844 0
831 813 841 0
831 830 832 0
831 832 856 0
831 856 857 0
832 829 836 0
832 836 856 0
833 881 890 0
834 875 876 0
834 876 899 0
835 836 837 0
835 837 898 0
835 898 899 0
836 829 837 0
836 835 856 0
837 828 897 0
837 829 845 0
837 897 898 0
838 839 845 0
838 845 1340 0
839 837 845 0
839 838 840 0
840 838 849 0
840 849 906 0
842 843 846 0
842 846 1334 0
842 1334 1335 0
842 1335 1340 0
843 824 847 0
843 842 844 0
844 842 1340 0
845 844 1340 0
846 661 1855 0
846 843 847 0
848 849 1335 0
848 1335 1337 0
848 1337 1338 0
849 838 1340 0
849 848 906 0
850 901 902 0
850 902 974 0
850 966 967 0
851 945 965 0
853 854 905 0
853 904 974 0
854 840 905 0
854 853 900 0
855 856 876 0
856 835 876 0
856 855 857 0
857 855 861 0
859 813 862 0
859 862 1101 0
860 862 865 0
860 865 867 0
860 867 868 0
860 868 1101 0
861 855 874 0
862 860 1101 0
862 861 865 0
863 870 872 0
863 872 878 0
863 878 1100 0
864 865 873 0
865 861 873 0
865 864 867 0
866 867 869 0
866 869 987 0
866 987 988 0
866 988 989 0
867 864 869 0
867 866 868 0
868 816 1101 0
868 866 989 0
869 864 870 0
869 870 984 0
869 984 986 0
869 986 987 0
870 863 984 0
870 864 872 0
871 872 877 0
871 877 889 0
872 864 873 0
872 871 878 0
872 873 877 0
873 861 874 0
873 874 875 0
873 875 877 0
874 855 876 0
875 834 889 0
875 874 876 0
876 835 899 0
877 875 889 0
878 871 881 0
878 880 1100 0
878 881 882 0
879 980 981 0
880 878 882 0
880 882 977 0
880 977 981 0
880 981 982 0
880 982 1100 0
881 871 887 0
881 887 890 0
882 883 977 0
882 884 883 0
884 881 833 0
884 882 881 0
885 888 891 0
885 891 916 0
886 887 889 0
886 889 894 0
887 871 889 0
887 886 890 0
888 833 890 0
888 890 891 0
889 834 894 0
890 886 891 0
891 886 893 0
891 893 916 0
892 896 917 0
892 907 908 0
892 908 913 0
892 913 916 0
893 886 894 0
893 894 896 0
893 896 916 0
894 834 895 0
894 895 896 0
895 834 899 0
895 897 917 0
896 892 916 0
896 895 917 0
897 828 900 0
897 895 898 0
897 900 917 0
898 895 899 0
900 853 901 0
900 901 907 0
900 907 917 0
901 850 911 0
901 853 902 0
901 911 912 0
902 853 974 0
903 904 918 0
903 918 926 0
903 926 930 0
903 930 944 0
903 944 973 0
904 853 905 0
904 903 973 0
904 905 918 0
904 972 974 0
905 840 906 0
905 906 918 0
906 848 929 0
907 892 917 0
907 901 912 0
908 907 912 0
909 5 912 0
909 910 5 0
909 911 967 0
909 967 1792 0
910 909 1792 0
911 850 967 0
911 909 912 0
913 885 916 0
913 914 885 0
913 915 914 0
915 908 5 0
915 913 908 0
918 906 919 0
918 919 926 0
919 670 921 0
919 906 929 0
919 921 926 0
920 921 922 0
920 922 976 0
921 670 922 0
921 920 926 0
922 665 924 0
922 670 1859 0
922 924 976 0
923 924 925 0
923 925 932 0
923 932 933 0
923 933 976 0
924 671 925 0
924 923 976 0
925 593 932 0
926 920 930 0
927 579 928 0
927 919 929 0
927 929 1338 0
928 668 1859 0
929 848 1338 0
930 920 976 0
930 933 934 0
930 934 944 0
931 932 935 0
931 935 949 0
932 593 935 0
932 931 933 0
933 930 976 0
933 931 934 0
934 931 938 0
934 938 941 0
934 941 944 0
935 593 975 0
935 975 1857 0
936 946 963 0
937 938 950 0
937 950 956 0
937 956 963 0
937 963 964 0
938 931 949 0
938 937 940 0
938 940 941 0
938 949 950 0
939 940 946 0
939 946 965 0
940 937 964 0
940 939 941 0
941 939 943 0
941 943 944 0
942 943 971 0
942 971 972 0
942 972 973 0
943 939 945 0
943 942 944 0
943 945 971 0
944 942 973 0
945 939 965 0
945 968 971 0
946 940 964 0
946 947 965 0
947 851 965 0
947 946 936 0
948 949 951 0
948 951 954 0
948 954 955 0
949 935 951 0
949 948 950 0
950 948 955 0
950 955 956 0
951 602 954 0
951 935 1857 0
952 955 962 0
952 962 1794 0
952 1794 1800 0
953 954 1847 0
954 602 1847 0
954 953 955 0
955 952 956 0
955 953 962 0
956 952 958 0
956 958 963 0
957 936 963 0
957 958 1800 0
958 952 1800 0
958 957 963 0
959 961 1842 0
960 1795 1797 0
960 1797 1798 0
961 959 1796 0
961 962 1844 0
962 953 1844 0
962 961 1794 0
963 946 964 0
966 850 972 0
967 966 968 0
967 968 1792 0
968 852 1792 0
968 966 971 0
968 969 852 0
968 970 969 0
970 945 851 0
970 968 945 0
971 966 972 0
972 850 974 0
972 904 973 0
975 674 1857 0
977 879 981 0
977 978 879 0
978 977 883 0
979 982 983 0
979 983 1001 0
979 992 993 0
980 713 983 0
981 980 983 0
982 979 993 0
982 981 983 0
982 984 1100 0
983 713 1001 0
984 863 1100 0
984 982 993 0
985 986 992 0
985 992 1000 0
985 1000 1012 0
985 1012 1019 0
985 1019 1095 0
986 984 993 0
986 985 1095 0
987 986 1095 0
988 987 1095 0
989 988 991 0
989 991 1096 0
989 1096 1098 0
990 991 1019 0
990 1015 1018 0
990 1018 1097 0
991 988 1019 0
991 990 1096 0
992 979 999 0
992 986 993 0
992 999 1000 0
994 1008 1032 0
994 1020 1021 0
995 1039 1041 0
996 1000 1011 0
996 1008 1021 0
998 999 1001 0
998 1001 1002 0
998 1002 1007 0
998 1007 1011 0
999 979 1001 0
999 998 1000 0
1000 996 1012 0
1000 998 1011 0
1002 997 1006 0
1002 1003 997 0
1002 1004 1003 0
1002 1006 1007 0
1004 1001 713 0
1004 1002 1001 0
1005 1006 1034 0
1006 1005 1007 0
1006 1009 1034 0
1006 1010 1009 0
1007 1005 1008 0
1007 1008 1011 0
1008 994 1021 0
1008 996 1011 0
1008 1005 1032 0
1009 995 1041 0
1009 1010 995 0
1010 1006 997 0
1012 996 1014 0
1012 1014 1016 0
1012 1015 1019 0
1013 1014 1020 0
1013 1020 1024 0
1013 1024 1025 0
1013 1025 1093 0
1014 996 1020 0
1014 1013 1016 0
1015 990 1019 0
1015 1012 1016 0
1015 1016 1017 0
1015 1017 1018 0
1016 1013 1093 0
1017 738 1094 0
1017 740 1018 0
1017 1016 1093 0
1018 740 1097 0
1019 988 1095 0
1020 994 1023 0
1020 996 1021 0
1020 1023 1024 0
1022 1023 1031 0
1022 1031 1069 0
1022 1069 1087 0
1022 1087 1088 0
1023 994 1028 0
1023 1022 1024 0
1023 1028 1031 0
1024 1022 1088 0
1025 738 1093 0
1025 1024 1088 0
1025 1088 1089 0
1026 1056 1059 0
1026 1059 1071 0
1026 1066 1067 0
1027 1028 1065 0
1027 1065 1068 0
1028 994 1030 0
1028 1027 1029 0
1028 1029 1031 0
1028 1030 1065 0
1029 1027 1066 0
1029 1066 1070 0
1030 994 1032 0
1030 1032 1033 0
1030 1033 1037 0
1030 1037 1065 0
1031 1029 1069 0
1032 1005 1034 0
1033 1032 1034 0
1033 1034 1041 0
1034 1009 1041 0
1036 1037 1039 0
1036 1039 1042 0
1036 1042 1064 0
1037 1033 1041 0
1037 1036 1038 0
1037 1038 1065 0
1038 1036 1062 0
1038 1061 1068 0
1039 1037 1041 0
1039 1040 1042 0
1040 1035 1042 0
1040 1039 995 0
1042 1035 1045 0
1042 1045 1064 0
1044 1045 1050 0
1044 1050 1051 0
1044 1051 1063 0
1044 1063 1064 0
1045 1044 1064 0
1045 1046 1050 0
1046 1045 1035 0
1046 1048 1050 0
1047 1043 1051 0
1048 1049 1050 0
1049 1047 1050 0
1049 1048 2 0
1050 1047 1051 0
1051 1043 1053 0
1051 1053 1063 0
1052 1053 1060 0
1052 1060 1061 0
1052 1061 1062 0
1052 1062 1063 0
1053 1052 1063 0
1053 1054 1060 0
1053 1055 1054 0
1054 798 1058 0
1054 1055 798 0
1054 1058 1060 0
1055 1053 1043 0
1056 1026 1067 0
1056 1058 1059 0
1058 1056 1060 0
1058 1057 1059 0
1058 1887 1057 0
1059 1057 1071 0
1060 1056 1061 0
1061 1038 1062 0
1061 1056 1067 0
1061 1067 1068 0
1062 1036 1064 0
1063 1062 1064 0
1065 1038 1068 0
1066 1026 1070 0
1066 1027 1068 0
1067 1066 1068 0
1069 804 1087 0
1069 1029 1070 0
1069 1070 1073 0
1070 1026 1071 0
1070 1071 1073 0
1071 1057 1084 0
1071 1072 1073 0
1071 1075 1076 0
1072 1071 1076 0
1072 1074 1083 0
1072 1083 1791 0
1073 1072 1791 0
1074 797 1083 0
1074 1072 1076 0
1074 1076 1077 0
1075 1071 1084 0
1075 1084 1085 0
1075 1085 1086 0
1076 1075 1077 0
1077 1075 1086 0
1078 1079 1080 0
1078 1080 1081 0
1078 1081 1791 0
1079 794 1080 0
1079 795 1082 0
1079 1078 1083 0
1080 736 1081 0
1081 804 1791 0
1083 1078 1791 0
1084 1887 1085 0
1085 799 1086 0
1085 1887 799 0
1087 804 1090 0
1088 1087 1090 0
1089 1088 1090 0
1089 1090 1092 0
1090 805 1092 0
1091 1089 1092 0
1096 715 1098 0
1096 990 1097 0
1096 1097 1099 0
1097 712 1099 0
1102 1103 1111 0
1102 1111 1589 0
1102 1589 1592 0
1103 807 1111 0
1103 1102 1109 0
1104 1105 1200 0
1104 1200 1201 0
1105 687 1200 0
1105 1104 1107 0
1105 1107 1108 0
1106 1107 1109 0
1106 1109 1199 0
1106 1199 1765 0
1106 1242 1324 0
1107 681 1108 0
1107 1104 1109 0
1107 1106 1324 0
1109 1102 1199 0
1109 1104 1201 0
1110 1111 1112 0
1110 1112 1115 0
1110 1115 1587 0
1110 1587 1588 0
1110 1588 1589 0
1111 807 1113 0
1111 1110 1589 0
1112 1111 1113 0
1112 1113 1123 0
1113 808 1123 0
1114 1115 1125 0
1114 1118 1755 0
1115 1112 1117 0
1115 1114 1587 0
1115 1117 1125 0
1116 1117 1123 0
1116 1123 1124 0
1116 1124 1127 0
1117 1112 1123 0
1117 1116 1118 0
1117 1118 1125 0
1118 21 1755 0
1118 1114 1125 0
1118 1116 1120 0
1118 1120 1197 0
1119 1120 1121 0
1119 1121 1122 0
1119 1122 1131 0
1119 1131 1132 0
1119 1132 1197 0
1120 1116 1127 0
1120 1119 1197 0
1121 751 1129 0
1121 1120 1127 0
1122 754 1134 0
1122 1121 1129 0
1123 808 1124 0
1124 18 1128 0
1124 808 1126 0
1127 1124 1128 0
1130 1131 1133 0
1130 1133 1137 0
1130 1137 1138 0
1130 1138 1154 0
1131 1122 1133 0
1131 1130 1154 0
1132 1131 1154 0
1132 1152 1594 0
1133 771 1137 0
1133 1122 1134 0
1134 754 1136 0
1135 1134 1136 0
1137 771 1138 0
1138 768 1153 0
1138 771 1139 0
1138 1153 1154 0
1139 769 1141 0
1140 1141 1163 0
1140 1163 1165 0
1141 769 1164 0
1141 1140 1142 0
1142 1140 1144 0
1142 1144 1148 0
1143 1144 1790 0
1144 1140 1147 0
1144 1143 1145 0
1144 1145 1148 0
1144 1147 1790 0
1145 1143 1171 0
1146 1188 1191 0
1146 1191 1193 0
1146 1195 1196 0
1147 1140 1165 0
1147 1165 1886 0
1147 1190 1790 0
1148 1145 1150 0
1148 1150 1151 0
1149 1150 1157 0
1149 1157 1160 0
1150 1145 1159 0
1150 1149 1151 0
1151 1149 1152 0
1151 1152 1153 0
1152 1132 1154 0
1152 1149 1156 0
1152 1156 1594 0
1153 1152 1154 0
1155 1156 1160 0
1155 1160 1162 0
1155 1162 1593 0
1155 1593 1594 0
1156 1149 1160 0
1156 1155 1594 0
1157 20 1699 0
1157 1150 1159 0
1157 1158 1185 0
1158 1157 1159 0
1158 1159 1170 0
1158 1170 1177 0
1158 1177 1182 0
1158 1182 1185 0
1159 1145 1170 0
1160 1157 1699 0
1161 1162 1691 0
1161 1582 1583 0
1161 1690 1692 0
1162 1160 1691 0
1162 1161 1583 0
1162 1583 1593 0
1163 772 1168 0
1163 1141 1164 0
1165 6 1886 0
1165 1163 1168 0
1166 1167 1168 0
1166 1168 1169 0
1167 6 1168 0
1168 772 1169 0
1170 107 1177 0
1170 1145 1171 0
1171 1143 1194 0
1172 1171 1194 0
1173 108 1174 0
1173 1172 1186 0
1174 108 1175 0
1174 1175 1181 0
1175 49 1176 0
1175 50 1181 0
1177 1174 1179 0
1177 1178 1182 0
1178 1177 1179 0
1178 1179 1180 0
1178 1180 1184 0
1179 1174 1181 0
1180 44 1184 0
1180 1179 1181 0
1182 1178 1183 0
1182 1183 1185 0
1183 20 1185 0
1183 35 1697 0
1183 1178 1184 0
1186 1172 1189 0
1186 1189 1196 0
1187 1186 1196 0
1187 1195 48 0
1188 1146 1196 0
1188 1189 1190 0
1188 1190 1191 0
1189 1172 1194 0
1189 1188 1196 0
1190 1147 1193 0
1190 1189 1194 0
1190 1194 1790 0
1191 1190 1193 0
1192 1146 1193 0
1192 1193 1886 0
1193 1147 1886 0
1194 1143 1790 0
1195 1187 1196 0
1197 1132 1594 0
1198 1199 1592 0
1198 1592 1767 0
1198 1764 1765 0
1199 1102 1592 0
1199 1198 1765 0
1200 691 1202 0
1201 1200 1202 0
1201 1202 1204 0
1202 691 1203 0
1202 705 1204 0
1206 792 746 0
1209 1212 1329 0
1210 1211 1330 0
1210 1307 1308 0
1210 1308 1329 0
1211 377 1330 0
1211 1210 1212 0
1211 1212 1254 0
1212 1209 1214 0
1212 1210 1329 0
1212 1214 1217 0
1212 1217 1254 0
1213 1214 1257 0
1213 1255 1256 0
1213 1256 1789 0
1214 1209 1257 0
1214 1213 1216 0
1214 1216 1217 0
1215 1216 1220 0
1215 1220 1313 0
1216 1213 1220 0
1216 1215 1217 0
1217 1215 1218 0
1217 1218 1254 0
1218 15 1254 0
1218 1215 1249 0
1218 1249 1250 0
1218 1250 1251 0
1219 1220 1221 0
1219 1221 1226 0
1219 1226 1517 0
1219 1253 1313 0
1220 1213 1221 0
1220 1219 1313 0
1221 650 1225 0
1221 1213 1789 0
1221 1225 1226 0
1222 648 1223 0
1222 1221 1789 0
1223 641 1247 0
1224 1225 1231 0
1224 1231 1232 0
1224 1232 1516 0
1224 1516 1517 0
1225 650 1229 0
1225 1224 1226 0
1225 1229 1231 0
1226 1224 1517 0
1227 1252 1253 0
1227 1253 1517 0
1228 1229 1246 0
1229 650 1247 0
1229 1228 1230 0
1229 1230 1231 0
1230 14 1232 0
1230 1228 1234 0
1230 1234 1235 0
1231 1230 1232 0
1232 14 1516 0
1233 1234 1241 0
1233 1241 1760 0
1233 1760 1763 0
1234 1228 1240 0
1234 1233 1235 0
1234 1240 1241 0
1235 1233 1238 0
1235 1238 1519 0
1235 1519 1520 0
1236 1526 1527 0
1236 1527 1762 0
1237 1238 1763 0
1237 1758 1761 0
1237 1761 1762 0
1238 1233 1763 0
1238 1237 1519 0
1239 1240 1244 0
1239 1244 1327 0
1240 1228 1244 0
1240 1239 1241 0
1241 1239 1242 0
1241 1242 1760 0
1242 1106 1765 0
1242 1239 1325 0
1242 1759 1760 0
1243 1244 1245 0
1243 1245 1316 0
1243 1316 1328 0
1244 1228 1246 0
1244 1243 1327 0
1245 641 1316 0
1245 1244 1246 0
1245 1246 1247 0
1246 1229 1247 0
1248 1249 1252 0
1248 1252 1508 0
1248 1485 1486 0
1248 1507 1509 0
1249 1215 1313 0
1249 1248 1486 0
1250 374 1251 0
1250 1249 1486 0
1252 1227 1508 0
1252 1249 1313 0
1253 1219 1517 0
1253 1252 1313 0
1255 1213 1257 0
1255 1257 1259 0
1255 1259 1275 0
1255 1275 1276 0
1256 1222 1789 0
1256 1255 1276 0
1257 1209 1259 0
1258 1259 1301 0
1258 1271 1274 0
1258 1274 1275 0
1259 1209 1309 0
1259 1258 1275 0
1260 1299 1301 0
1260 1301 1309 0
1261 1265 1289 0
1261 1288 1300 0
1261 1300 1303 0
1262 1263 1265 0
1262 1265 1303 0
1262 1303 1310 0
1262 1310 1311 0
1263 562 1342 0
1263 566 1312 0
1263 1262 1311 0
1263 1264 1265 0
1264 1263 1312 0
1265 1261 1303 0
1265 1264 1289 0
1266 1267 1270 0
1266 1270 1288 0
1266 1288 1289 0
1266 1289 1290 0
1266 1290 1291 0
1267 609 1269 0
1267 1266 1291 0
1267 1269 1270 0
1268 1269 1272 0
1268 1272 1273 0
1268 1273 1274 0
1269 609 1284 0
1269 1268 1270 0
1270 1268 1271 0
1270 1271 1288 0
1271 1258 1299 0
1271 1268 1274 0
1271 1299 1300 0
1272 1269 1284 0
1272 1281 1286 0
1273 644 1275 0
1273 1272 1286 0
1274 1273 1275 0
1275 644 1276 0
1276 644 1287 0
1277 1276 1287 0
1278 645 1287 0
1279 1278 1280 0
1280 1278 1281 0
1280 1281 1282 0
1280 1282 1285 0
1281 1272 1284 0
1281 1278 1286 0
1282 609 1283 0
1282 1281 1284 0
1282 1283 1285 0
1283 619 1285 0
1286 1278 1287 0
1288 1261 1289 0
1288 1271 1300 0
1289 1264 1290 0
1290 563 1292 0
1290 1264 1312 0
1291 1290 1292 0
1292 563 1860 0
1292 1294 1295 0
1293 1294 1298 0
1294 570 1298 0
1294 1292 1860 0
1294 1293 1295 0
1295 1293 1296 0
1296 1293 1297 0
1297 1293 1298 0
1299 1258 1301 0
1299 1260 1304 0
1300 1299 1304 0
1301 1259 1309 0
1302 1303 1304 0
1302 1304 1461 0
1303 1300 1304 0
1303 1302 1310 0
1304 1260 1306 0
1304 1306 1461 0
1305 1306 1307 0
1305 1307 1462 0
1305 1458 1459 0
1305 1459 1461 0
1306 1260 1308 0
1306 1305 1461 0
1307 376 1462 0
1307 1210 1330 0
1307 1306 1308 0
1308 1260 1309 0
1308 1309 1329 0
1309 1209 1329 0
1310 8 1311 0
1310 1302 1461 0
1311 8 1343 0
1312 566 1341 0
1314 1315 1323 0
1314 1317 1328 0
1314 1319 1321 0
1315 642 1323 0
1315 1314 1316 0
1316 1314 1328 0
1317 1314 1321 0
1317 1318 1326 0
1317 1326 1328 0
1318 682 1326 0
1318 1317 1321 0
1319 638 1320 0
1319 1314 1323 0
1319 1320 1321 0
1320 653 1321 0
1322 1319 1323 0
1324 1242 1325 0
1325 1239 1327 0
1326 1325 1327 0
1326 1327 1328 0
1327 1243 1328 0
1331 636 1332 0
1331 1332 1339 0
1332 579 1339 0
1333 1331 1336 0
1334 846 1855 0
1334 1333 1336 0
1335 849 1340 0
1335 1334 1336 0
1335 1336 1337 0
1336 1331 1339 0
1337 1336 1339 0
1338 1337 1339 0
1341 570 1860 0
1342 562 1344 0
1343 8 1349 0
1343 558 1344 0
1343 1349 1350 0
1345 1343 1350 0
1345 1346 1347 0
1346 428 1347 0
1346 1345 1350 0
1348 1349 1459 0
1348 1459 1460 0
1348 1460 1788 0
1349 8 1459 0
1349 1348 1350 0
1350 1348 1787 0
1351 477 1356 0
1351 555 1352 0
1352 452 1354 0
1352 469 1355 0
1352 555 1353 0
1358 450 1786 0
1358 1784 9 0
1359 409 1450 0
1360 1373 1446 0
1360 1415 1416 0
1360 1446 1448 0
1360 1448 1449 0
1361 1359 1447 0
1361 1447 1448 0
1362 1363 1371 0
1362 1365 1366 0
1362 1369 1445 0
1362 1445 1783 0
1363 1362 1366 0
1363 1364 1367 0
1363 1367 1371 0
1364 437 1367 0
1364 1363 1366 0
1364 1366 1368 0
1365 1362 1782 0
1365 1785 1786 0
1366 450 1368 0
1366 1365 1786 0
1367 424 1371 0
1369 1362 1370 0
1369 1370 1446 0
1369 1373 1445 0
1370 1361 1446 0
1370 1362 1371 0
1372 1373 1381 0
1372 1380 1780 0
1372 1780 1783 0
1373 1360 1376 0
1373 1369 1446 0
1373 1372 1445 0
1373 1376 1381 0
1374 1379 1383 0
1374 1383 1384 0
1375 1382 1417 0
1376 1360 1416 0
1376 1377 1381 0
1376 1416 1417 0
1377 1376 1382 0
1377 1378 1380 0
1377 1379 1378 0
1377 1380 1381 0
1377 1382 1383 0
1378 432 1380 0
1379 1377 1383 0
1380 432 1780 0
1380 1372 1381 0
1382 1375 1386 0
1382 1376 1417 0
1383 1382 1386 0
1384 1383 1386 0
1384 1385 1374 0
1384 1386 1407 0
1384 1407 1443 0
1385 1384 1443 0
1386 1375 1388 0
1386 1388 1407 0
1387 1388 1402 0
1388 1375 1401 0
1388 1387 1389 0
1388 1389 1407 0
1388 1401 1402 0
1389 10 1443 0
1389 1387 1394 0
1390 1437 1442 0
1390 1442 1732 0
1391 1392 1435 0
1391 1435 1439 0
1392 10 1394 0
1392 1393 10 0
1392 1394 1396 0
1392 1396 1435 0
1393 1392 1391 0
1394 1387 1396 0
1395 1396 1430 0
1395 1430 1434 0
1395 1434 1438 0
1396 1387 1398 0
1396 1395 1435 0
1396 1398 1430 0
1397 1398 1403 0
1397 1403 1778 0
1398 1387 1402 0
1398 1397 1399 0
1398 1399 1430 0
1398 1402 1403 0
1399 1397 1426 0
1399 1426 1654 0
1400 1401 1412 0
1401 1375 1414 0
1401 1400 1402 0
1402 1400 1403 0
1403 1400 1405 0
1403 1405 1778 0
1404 1405 1418 0
1404 1418 1428 0
1404 1428 1776 0
1404 1776 1778 0
1405 1400 1406 0
1405 1404 1778 0
1405 1406 1418 0
1406 1400 1412 0
1406 1409 1418 0
1407 1389 1443 0
1408 1409 1429 0
1409 394 1429 0
1409 1406 1410 0
1409 1408 1418 0
1410 1406 1412 0
1410 1412 1413 0
1411 1410 1413 0
1411 1413 1415 0
1411 1415 1451 0
1412 1401 1414 0
1413 1412 1414 0
1413 1414 1416 0
1414 1375 1417 0
1415 1360 1449 0
1415 1413 1416 0
1415 1449 1451 0
1416 1414 1417 0
1418 1408 1428 0
1419 1420 1773 0
1419 1773 1774 0
1419 1774 1776 0
1420 310 1423 0
1420 1419 1427 0
1420 1423 1773 0
1421 1643 1652 0
1421 1652 1653 0
1421 1653 1777 0
1422 1423 1424 0
1422 1424 1647 0
1422 1647 1648 0
1422 1648 1772 0
1422 1772 1773 0
1423 310 1424 0
1423 1422 1773 0
1424 306 1779 0
1424 313 1650 0
1425 1426 1775 0
1425 1653 1654 0
1425 1775 1777 0
1426 1397 1774 0
1426 1425 1654 0
1426 1774 1775 0
1427 1419 1428 0
1428 1408 1429 0
1428 1419 1776 0
1430 1399 1434 0
1431 1655 1717 0
1431 1707 1708 0
1431 1708 1729 0
1431 1729 1771 0
1432 1713 1724 0
1432 1724 1726 0
1433 1434 1654 0
1433 1654 1655 0
1433 1655 1771 0
1434 1399 1654 0
1434 1433 1438 0
1435 1395 1438 0
1435 1438 1439 0
1436 1437 1439 0
1436 1438 1441 0
1436 1441 1442 0
1437 1391 1439 0
1437 1436 1442 0
1438 1433 1441 0
1438 1436 1439 0
1440 1441 1771 0
1440 1728 1732 0
1441 1433 1771 0
1441 1440 1442 0
1442 1440 1732 0
1443 1444 1385 0
1444 1443 10 0
1445 1372 1783 0
1446 1361 1448 0
1447 410 1451 0
1447 1359 1450 0
1448 1447 1451 0
1449 1448 1451 0
1452 1453 1457 0
1452 1454 1463 0
1453 384 1457 0
1453 1452 1463 0
1454 365 1770 0
1454 1452 1455 0
1455 1452 1456 0
1456 1452 1457 0
1456 1457 1458 0
1456 1458 1462 0
1457 384 1788 0
1458 1305 1462 0
1458 1457 1460 0
1459 8 1461 0
1459 1458 1460 0
1460 1457 1788 0
1463 1454 1464 0
1463 1464 1467 0
1463 1467 1468 0
1464 362 1466 0
1464 1454 1770 0
1464 1466 1467 0
1465 403 1468 0
1465 1467 1469 0
1466 362 1474 0
1466 390 1469 0
1467 1465 1468 0
1467 1466 1469 0
1468 403 1871 0
1470 398 1471 0
1470 1466 1474 0
1472 412 1871 0
1473 398 1474 0
1475 388 1476 0
1476 300 1872 0
1477 372 1478 0
1478 372 1480 0
1478 1480 1499 0
1478 1498 1504 0
1478 1504 1505 0
1479 1480 1482 0
1479 1481 1487 0
1479 1487 1491 0
1479 1491 1492 0
1479 1492 1499 0
1480 372 1482 0
1480 1479 1499 0
1481 370 1484 0
1481 1479 1482 0
1481 1483 1485 0
1481 1485 1487 0
1483 1250 1486 0
1483 1481 1484 0
1485 1248 1509 0
1485 1483 1486 0
1487 1485 1489 0
1487 1489 1491 0
1488 1497 1506 0
1488 1506 1510 0
1488 1510 1513 0
1488 1513 1523 0
1489 1485 1509 0
1489 1509 1510 0
1490 1491 1506 0
1491 1489 1506 0
1491 1490 1493 0
1492 16 1501 0
1492 1491 1493 0
1492 1498 1499 0
1493 1490 1495 0
1494 1495 1769 0
1494 1536 1557 0
1495 1490 1497 0
1495 1494 1503 0
1495 1497 1769 0
1496 1497 1523 0
1496 1523 1595 0
1496 1566 1769 0
1497 1488 1523 0
1497 1490 1506 0
1497 1496 1769 0
1498 1478 1499 0
1498 1492 1500 0
1498 1500 1504 0
1500 248 1504 0
1500 1492 1501 0
1501 16 1503 0
1501 1502 1562 0
1502 1501 1503 0
1502 1503 1557 0
1502 1556 1558 0
1502 1558 1562 0
1503 1494 1557 0
1504 254 1505 0
1506 1489 1510 0
1507 1248 1508 0
1507 1508 1512 0
1507 1512 1513 0
1508 1227 1512 0
1509 1507 1510 0
1510 1507 1513 0
1511 1512 1515 0
1511 1515 1521 0
1511 1521 1522 0
1512 1227 1516 0
1512 1511 1513 0
1513 1511 1514 0
1513 1514 1523 0
1514 1511 1522 0
1514 1522 1525 0
1514 1525 1595 0
1515 14 1520 0
1515 1512 1516 0
1515 1520 1521 0
1516 1227 1517 0
1518 1519 1762 0
1519 1237 1762 0
1519 1518 1520 0
1520 1518 1522 0
1521 1520 1522 0
1522 1518 1525 0
1523 1514 1595 0
1524 1525 1528 0
1524 1528 1529 0
1524 1529 1565 0
1524 1565 1566 0
1525 1518 1527 0
1525 1524 1566 0
1525 1527 1528 0
1525 1566 1595 0
1526 1236 1568 0
1526 1568 1569 0
1527 1518 1762 0
1527 1526 1528 0
1528 1526 1529 0
1529 17 1531 0
1529 1526 1569 0
1529 1530 1565 0
1530 1529 1531 0
1530 1531 1534 0
1530 1534 1535 0
1530 1535 1565 0
1531 17 1573 0
1531 28 1534 0
1532 1535 1536 0
1532 1536 1769 0
1533 1534 1552 0
1533 1552 1555 0
1533 1555 1556 0
1533 1556 1557 0
1534 28 1538 0
1534 1533 1535 0
1534 1538 1552 0
1535 1532 1565 0
1535 1533 1536 0
1536 1494 1769 0
1536 1533 1557 0
1537 194 1555 0
1537 1538 1540 0
1537 1540 1541 0
1538 26 1542 0
1538 1537 1552 0
1539 1540 1542 0
1539 1542 1543 0
1539 1543 1545 0
1539 1545 1546 0
1539 1546 1547 0
1540 1538 1542 0
1540 1539 1547 0
1541 1540 1547 0
1542 26 1543 0
1543 26 1553 0
1543 54 1545 0
1544 23 1768 0
1544 1543 1553 0
1545 13 1546 0
1546 13 1550 0
1546 197 1547 0
1548 1546 1550 0
1549 1548 1550 0
1550 13 1551 0
1551 56 1685 0
1552 1537 1555 0
1553 26 1695 0
1554 1544 1768 0
1555 194 1560 0
1556 1502 1557 0
1556 1555 1560 0
1558 240 1562 0
1558 1556 1560 0
1559 194 1564 0
1559 1558 1560 0
1561 1559 1564 0
1563 1561 1564 0
1565 1532 1566 0
1566 1496 1595 0
1566 1532 1769 0
1567 1568 1579 0
1567 1578 1585 0
1568 1236 1579 0
1568 1567 1571 0
1569 1568 1571 0
1569 1571 1572 0
1570 1571 1575 0
1571 1567 1575 0
1571 1570 1572 0
1572 27 1573 0
1572 1570 1574 0
1574 25 1696 0
1574 1570 1575 0
1575 1567 1577 0
1575 1577 1689 0
1576 1577 1585 0
1576 1581 1689 0
1577 1567 1585 0
1577 1576 1689 0
1578 1567 1579 0
1578 1579 1757 0
1578 1757 1766 0
1579 1236 1757 0
1580 1581 1584 0
1580 1584 1586 0
1580 1586 1587 0
1580 1587 1590 0
1580 1590 1591 0
1581 22 1689 0
1581 1576 1585 0
1581 1580 1582 0
1582 1161 1692 0
1582 1580 1591 0
1583 1582 1591 0
1583 1590 1755 0
1584 1581 1585 0
1584 1585 1766 0
1585 1578 1766 0
1586 19 1588 0
1586 1584 1766 0
1587 1114 1590 0
1587 1586 1588 0
1588 19 1592 0
1589 1588 1592 0
1590 1114 1755 0
1590 1583 1591 0
1592 19 1767 0
1593 21 1594 0
1593 1583 1755 0
1597 1598 1604 0
1598 281 1604 0
1598 1597 1600 0
1599 1598 1600 0
1599 1600 1601 0
1600 347 1601 0
1600 1597 1602 0
1602 1597 1604 0
1602 1603 1608 0
1603 1602 1604 0
1603 1604 1742 0
1603 1607 1608 0
1604 281 1742 0
1605 1606 1610 0
1606 340 1610 0
1606 1605 7 0
1607 1603 1741 0
1607 1605 1609 0
1608 1607 1609 0
1609 1605 1610 0
1610 340 1620 0
1612 321 1659 0
1612 337 1667 0
1612 1659 1662 0
1613 335 1614 0
1613 1612 1667 0
1613 1614 1618 0
1613 1616 1622 0
1614 320 1618 0
1614 335 1621 0
1615 1628 1629 0
1615 1629 1646 0
1616 1613 1618 0
1616 1617 1646 0
1617 1615 1646 0
1617 1616 1618 0
1619 320 1621 0
1620 1619 1621 0
1622 1616 1624 0
1622 1624 1625 0
1623 1624 1629 0
1623 1629 1630 0
1623 1630 1631 0
1624 1616 1646 0
1624 1623 1625 0
1625 1623 1627 0
1625 1627 1666 0
1626 1627 1631 0
1626 1631 1657 0
1626 1657 1664 0
1626 1664 1665 0
1626 1665 1666 0
1627 1623 1631 0
1627 1626 1666 0
1628 11 1630 0
1629 1624 1646 0
1629 1628 1630 0
1630 11 1635 0
1630 1635 1636 0
1631 1630 1636 0
1631 1636 1640 0
1631 1640 1657 0
1632 1644 1645 0
1633 1632 1645 0
1633 1634 1632 0
1634 1633 1635 0
1635 1633 1636 0
1636 1633 1638 0
1636 1638 1640 0
1637 1638 1721 0
1637 1721 1722 0
1638 1633 1645 0
1638 1637 1639 0
1638 1639 1640 0
1638 1645 1721 0
1639 304 1657 0
1639 1637 1642 0
1640 1639 1657 0
1641 1639 1642 0
1641 1642 1649 0
1641 1649 1650 0
1642 1637 1702 0
1642 1643 1649 0
1643 1421 1648 0
1643 1642 1702 0
1643 1647 1649 0
1644 1720 1721 0
1645 1644 1721 0
1647 1424 1650 0
1647 1643 1648 0
1648 1421 1772 0
1649 1647 1650 0
1651 1652 1701 0
1651 1701 1703 0
1651 1703 1707 0
1651 1707 1717 0
1652 1643 1701 0
1652 1651 1656 0
1653 1425 1777 0
1653 1652 1656 0
1654 1653 1656 0
1655 1431 1771 0
1655 1654 1656 0
1655 1656 1717 0
1656 1651 1717 0
1657 304 1664 0
1658 1659 1661 0
1658 1661 1666 0
1659 321 1661 0
1659 1658 1660 0
1659 1660 1662 0
1660 322 1662 0
1660 1658 1663 0
1661 1625 1666 0
1663 1658 1665 0
1664 305 1665 0
1665 1658 1666 0
1668 59 1669 0
1671 128 1673 0
1672 128 1671 0
1676 52 1677 0
1676 60 1685 0
1676 1677 1678 0
1676 1678 1679 0
1677 97 1678 0
1678 59 1679 0
1678 97 1680 0
1680 97 1682 0
1681 67 1877 0
1681 1680 1682 0
1682 97 1683 0
1684 1681 1877 0
1686 31 1687 0
1686 1687 1694 0
1687 31 1688 0
1687 1688 1689 0
1687 1689 1693 0
1687 1693 1694 0
1688 1575 1689 0
1689 22 1693 0
1690 1161 1691 0
1690 1691 1698 0
1691 1160 1699 0
1691 1697 1698 0
1692 1690 1693 0
1693 1690 1694 0
1694 1690 1698 0
1695 27 1696 0
1697 24 1698 0
1697 1691 1699 0
1700 1701 1722 0
1701 1643 1702 0
1701 1700 1703 0
1701 1702 1722 0
1702 1637 1722 0
1703 1700 1706 0
1703 1706 1707 0
1704 1735 1736 0
1705 1706 1723 0
1705 1708 1716 0
1706 1700 1719 0
1706 1705 1716 0
1706 1719 1723 0
1707 1431 1717 0
1707 1706 1716 0
1708 1705 1711 0
1708 1707 1716 0
1708 1711 1728 0
1708 1728 1729 0
1709 1730 1734 0
1710 1711 1712 0
1710 1712 1736 0
1711 1705 1712 0
1711 1710 1728 0
1712 1704 1736 0
1712 1705 1715 0
1712 1714 1704 0
1713 1714 1715 0
1713 1715 1724 0
1714 1712 1715 0
1715 1705 1723 0
1715 1723 1724 0
1718 1719 1720 0
1718 1720 1726 0
1719 1700 1720 0
1719 1718 1723 0
1720 1644 1726 0
1720 1700 1722 0
1721 1720 1722 0
1723 1718 1724 0
1724 1718 1726 0
1725 1432 1726 0
1726 1727 1725 0
1727 1644 1632 0
1727 1726 1644 0
1728 1440 1729 0
1728 1710 1730 0
1728 1731 1732 0
1729 1440 1771 0
1730 1710 1734 0
1731 1390 1732 0
1731 1728 1730 0
1731 1730 1709 0
1733 1709 1734 0
1733 1734 1737 0
1734 1710 1736 0
1734 1736 1737 0
1735 4 1737 0
1736 1735 1737 0
1738 1739 1745 0
1738 1744 1750 0
1739 7 1741 0
1739 1740 7 0
1739 1741 1742 0
1739 1742 1745 0
1740 1739 1738 0
1741 1603 1742 0
1742 281 1743 0
1742 1743 1747 0
1743 268 1747 0
1744 1738 1745 0
1744 1745 1747 0
1744 1746 1748 0
1744 1748 1750 0
1745 1742 1747 0
1746 279 1754 0
1746 1744 1747 0
1748 1746 1754 0
1748 1749 1750 0
1749 1738 1750 0
1749 1748 187 0
1751 1748 1754 0
1752 279 1753 0
1752 1751 1754 0
1752 1753 1874 0
1753 220 1874 0
1756 1757 1758 0
1756 1758 1759 0
1756 1759 1764 0
1756 1764 1767 0
1757 1236 1761 0
1757 1756 1766 0
1758 1237 1763 0
1758 1757 1761 0
1759 1242 1765 0
1759 1758 1763 0
1760 1759 1763 0
1761 1236 1762 0
1764 1198 1767 0
1764 1759 1765 0
1766 1756 1767 0
1772 1421 1777 0
1773 1772 1774 0
1774 1397 1778 0
1774 1772 1775 0
1775 1772 1777 0
1776 1774 1778 0
1780 1781 1783 0
1781 449 1782 0
1781 1780 432 0
1781 1782 1783 0
1782 1362 1783 0
1784 1358 1786 0
1785 1365 449 0
1785 1784 1786 0
1787 1348 1788 0
1792 1793 910 0
1793 1792 852 0
1794 493 1800 0
1794 961 1796 0
1794 1795 493 0
1795 1794 1796 0
1795 1796 1797 0
1796 959 1797 0
1797 959 1798 0
1798 959 1819 0
1798 1799 960 0
1798 1819 1822 0
1798 1823 1799 0
1801 1802 1819 0
1802 1801 1806 0
1802 1806 1821 0
1802 1821 1822 0
1803 1804 1838 0
1803 1810 1835 0
1804 1805 1821 0
1804 1806 1838 0
1805 501 1821 0
1805 1804 1803 0
1806 1801 1809 0
1806 1804 1821 0
1806 1809 1838 0
1807 1809 1820 0
1807 1820 1824 0
1807 1824 1826 0
1807 1826 1837 0
1808 1830 1836 0
1809 1801 1812 0
1809 1807 1810 0
1809 1810 1838 0
1809 1812 1820 0
1810 1803 1838 0
1810 1807 1837 0
1811 1812 1813 0
1811 1813 1818 0
1811 1818 1825 0
1812 1801 1815 0
1812 1811 1820 0
1813 534 1818 0
1813 1812 1815 0
1814 502 1852 0
1814 1813 1815 0
1814 1815 1817 0
1815 1801 1816 0
1815 1816 1817 0
1816 1801 1819 0
1816 1819 1841 0
1817 1816 1840 0
1818 531 1825 0
1818 534 1868 0
1819 959 1841 0
1819 1802 1822 0
1820 1811 1824 0
1821 501 1822 0
1823 1798 1822 0
1823 1822 501 0
1824 535 1828 0
1824 1811 1825 0
1826 1808 1836 0
1826 1824 1828 0
1826 1827 1808 0
1826 1836 1837 0
1827 1826 1828 0
1827 1828 1829 0
1828 535 1829 0
1830 1832 1834 0
1830 1834 1836 0
1831 1803 1835 0
1832 1833 1834 0
1833 1831 1834 0
1833 1832 1 0
1834 1831 1835 0
1834 1835 1837 0
1835 1810 1837 0
1836 1834 1837 0
1839 1840 1841 0
1839 1841 1842 0
1839 1842 1843 0
1839 1843 1846 0
1839 1846 1848 0
1840 1816 1841 0
1840 1839 1848 0
1841 959 1842 0
1842 961 1844 0
1843 603 1846 0
1843 1842 1844 0
1843 1844 1847 0
1844 953 1847 0
1845 604 1854 0
1846 1845 1848 0
1848 1845 1851 0
1849 1850 1853 0
1849 1851 1854 0
1849 1854 1862 0
1850 505 1853 0
1850 1849 1862 0
1851 1845 1854 0
1851 1849 1853 0
1852 1851 1853 0
1852 1853 1868 0
1853 505 1868 0
1854 503 1862 0
1856 602 1857 0
1856 674 1858 0
1864 422 1867 0
1865 545 1866 0
1865 1864 1867 0
1878 1879 1885 0
1879 140 1885 0
1879 1878 1880 0
1879 1880 1882 0
1880 167 1882 0
1880 1881 167 0
1880 1883 1881 0
1883 1878 1884 0
1883 1880 1878 0
1884 1878 1885 0
1887 1058 798 0
1887 1084 1057 0

End
