MeshVersionFormatted 1

Dimension
2

Vertices
2475
0.0 0.0 1
1.0 0.0 1
1.0 1.0 1
0.0 1.0 1
0.5 0.0 1
1.0 0.5 1
0.5 1.0 1
0.25 0.5 0
0.0 0.5 1
0.0 0.75 1
0.25 1.0 1
0.375 0.75 0
0.7291666666666666 0.7291666666666666 0
0.538690476190476 0.5119047619047622 0
0.3910557644110273 0.5857221177944861 0
0.5316602518200254 0.6823877028881726 0
0.654972415227055 0.6020863169829342 0
0.7650644656186915 0.3400724474862056 0
0.6749052114385818 0.45632563128933656 0
0.8276068351983819 0.5514508511724192 0
0.7854616148589596 0.44897904494922575 0
0.7352910988334793 0.5295162491877469 0
0.7601325780042659 0.6301974255277039 0
0.7736121155384761 0.5734663558598555 0
0.7140392862560221 0.5867276498891941 0
0.6987346194295964 0.6491284537217925 0
0.6895479488246486 0.6137980513830927 0
0.6614100503901603 0.639974082968478 0
0.6825426634382137 0.6344791454007385 0
0.668757539332636 0.6182827311918356 0
0.7244735266878868 0.623576211854637 0
0.7477968640191492 0.5972994768463565 0
0.7275379409771011 0.6028068862470389 0
0.7077852822112207 0.6056836746037286 0
0.7440524615192441 0.6174652421404618 0
0.7784245976346679 0.6045767534299857 0
0.8093385144479363 0.5838672436854193 0
0.7890475372146447 0.5870060645387796 0
0.8461816555446715 0.6722924572655464 0
1.0 0.75 1
0.8066631635324238 0.6440780127382931 0
0.7857760572708267 0.629165548447653 0
0.7744599880071019 0.667099341934187 0
0.7866172891533374 0.6500712481230905 0
0.7668585643477842 0.6488183308580394 0
0.7329089543771372 0.6736557903602249 0
0.7528907130161575 0.6653471791876399 0
0.7338538591269794 0.6477464072102704 0
0.7568929899769572 0.7031542656759722 0
0.762274390198252 0.6834692032166937 0
0.8080482880796686 0.7065607347428248 0
0.8050996792654932 0.6753693860534498 0
0.7828165438698105 0.6996630114485488 0
0.7766705448017217 0.752017724478443 0
0.75 1.0 1
0.7889243874510482 0.7269181210436916 0
0.7718772869495526 0.7164264240004975 0
0.751112267464377 0.7247754464218013 0
0.7673465582333325 0.7351550160249003 0
0.7440388851785896 0.7590517857858935 0
0.7429379083251696 0.7409565711200162 0
0.7985455710083456 0.6917240095728378 0
0.7159926187023151 0.6407729378335939 0
0.7155243995929728 0.6618064765917796 0
0.702568496453267 0.6994919584306502 0
0.7142033144185221 0.6824220981608217 0
0.7274478387938764 0.7039496434185437 0
0.7052969255378422 0.6248085163365422 0
0.8122551370269 0.6141616598473322 0
0.7969272172406717 0.6037665537469818 0
0.8025038666363822 0.6278197526254757 0
0.8427332851469864 0.6353394473833697 0
0.847856155783261 0.5954465309259404 0
0.8262309421850669 0.5975285181119054 0
0.8327467074876437 0.6171913898911737 0
0.8233586199951617 0.6341792535780723 0
0.826360767582867 0.6582715736548406 0
0.8349487713927023 0.5747294593582007 0
0.9175902446397466 0.5376206215471376 0
1.0 0.625 1
0.8734080329646067 0.5498025284616009 0
0.861040267525891 0.5728530282847004 0
0.9061087731802556 0.582191356140393 0
0.8849584422503317 0.5708431279501174 0
0.8805413421563187 0.6044591703044453 0
0.8891112142795398 0.588487017789175 0
0.8666008805923944 0.5912412938247672 0
0.9053453670208665 0.5582305145633872 0
0.8937603147458026 0.5374050834949469 0
0.8481619148665577 0.48545280807486463 0
0.8664154174551226 0.5154186945277189 0
0.9060679425832496 0.49409996529867695 0
0.905856822163459 0.5174414808754754 0
0.9484854862114215 0.5061553380236546 0
0.9256223744924027 0.5059485446932044 0
0.9368766040390921 0.5256571737513858 0
1.0 0.5625 1
0.9740000487464701 0.5345495583883404 0
1.0 0.53125 1
0.9848077455477464 0.5156249999999989 0
1.0 0.515625 1
0.9650782208564753 0.5169059751634426 0
0.9731806202809365 0.4891216492305414 0
1.0 0.25 1
1.0 0.375 1
1.0 0.4375 1
1.0 0.546875 1
0.9473156289021215 0.5640135626572144 0
0.9363836627547342 0.5463900621697629 0
0.9257720665864974 0.5651748340688489 0
0.9384348975239248 0.5996763922076718 0
0.9374002322459349 0.5804815892795973 0
0.9691749673175881 0.588394110252879 0
0.9568919755459833 0.5458709624289828 0
0.9770643768191645 0.5577670786779254 0
0.9127422077710244 0.5699874290410041 0
0.9374306622841148 0.4644003840509933 0
0.9258249294208226 0.4835540315453048 0
0.948052144161386 0.4839291816445671 0
0.8967340658974252 0.45283411698047027 0
0.9070638519300142 0.4721861678707498 0
0.9184934391247689 0.45365229935388285 0
0.910958675303776 0.3642857509696963 0
0.9092611975454118 0.40942978399900637 0
0.9475517721043044 0.4245108967433603 0
0.9370197816980773 0.44306737989878103 0
0.9696436772102178 0.4531094920022488 0
0.9554358804256131 0.44125266268612295 0
1.0 0.40625 1
0.9758722020221126 0.4214014044769045 0
0.9255282298028707 0.4242781591234947 0
0.9040774525375268 0.43144360272790083 0
0.8769401635548447 0.47583271051671916 0
0.8395081956680466 0.40462180120862346 0
0.8666001093492046 0.430533343751515 0
0.8851947894235772 0.436916917499336 0
0.8690004979189395 0.4538152260942176 0
0.8275245875886724 0.446326757090289 0
0.8493447435896634 0.4440770741701709 0
0.8472507786322402 0.4236453125174749 0
0.840427095011871 0.46452691491592696 0
0.8586542042121464 0.4696820982281368 0
0.8081382601581603 0.47374368719073623 0
0.827704279090642 0.4811220923785731 0
0.8032822007489339 0.516252701312953 0
0.8322125716697313 0.5103103331455839 0
0.8110665945262454 0.49561008381671867 0
0.7662185688908346 0.49048682510632413 0
0.7879970235967337 0.49869954654647086 0
0.7844187758354872 0.4752059657612748 0
0.7665710345247316 0.5225345192221097 0
0.784541101074628 0.5171406378315453 0
0.7834548915518096 0.5461530234196286 0
0.7960681217196447 0.5652356419652182 0
0.8150714009598755 0.5657422529592787 0
0.805991027445432 0.5449669432098202 0
0.8222538459520662 0.5300235085899225 0
0.8483572778738249 0.5348846509009384 0
0.8538505717552717 0.5541521733706736 0
0.8226595892130647 0.4634491854770419 0
0.8066183363612143 0.44963902109773324 0
0.8125508773299177 0.41944999495532126 0
0.956345072119533 0.4667659083415951 0
0.886691733615448 0.5055964230317942 0
0.88269013884229 0.5231753920607147 0
0.8894722565779699 0.4882061087396691 0
0.8689995545215302 0.4949136385322694 0
0.8443767366707324 0.6538234862064415 0
0.9012840585789529 0.6575847792672174 0
0.8737429546005042 0.64189739852749 0
0.8291430156561413 0.427815597102158 0
0.8034561482203814 0.37099799257632665 0
0.8159604006581739 0.3937304385710354 0
0.8443145345628472 0.36332863037472446 0
0.8251448198894311 0.3738731600523755 0
0.8432737302704347 0.3841337889528312 0
0.877469884842318 0.37541588164276246 0
0.8590253087331089 0.37449316846496333 0
0.8669441984189882 0.40100880821683865 0
0.8697411235214216 0.3450996707244155 0
0.8186774346742163 0.33941828404019275 0
0.8162528763945209 0.3577078094013382 0
0.7919372482604644 0.3451789294338457 0
0.7751020143157065 0.401399800772638 0
0.7967906859847548 0.4042749682486878 0
0.7882760494519141 0.3852634227631412 0
0.7566964018211139 0.37292716992856 0
0.7704950142427939 0.3841926103370031 0
0.7806124987063812 0.3643540085648765 0
0.7461473695971526 0.39993170079751456 0
0.7830635346127636 0.4245837489208474 0
0.7456973506700588 0.4405723942615194 0
0.7595422859700229 0.46405599296295164 0
0.7669089365476899 0.4384872756786396 0
0.7544173659970623 0.4203461136759936 0
0.7646461846006246 0.35745894155870994 0
0.7269327131863671 0.347853359427365 0
0.7276886646401552 0.37715830545339324 0
0.7433961185926782 0.38329425496148245 0
0.7403149405825254 0.3621703742912311 0
0.6239498571909453 0.3651721322157087 0
0.6766688432813657 0.3638121913326278 0
0.7041095048500998 0.36310433102852163 0
0.6891659214373985 0.31603808350931123 0
0.6898287499928788 0.34173306027743255 0
0.7083807315896233 0.34479320985239764 0
0.7229449635691378 0.3142636252447159 0
0.6485246408587192 0.3299425050204547 0
0.6670915505943911 0.3431423622722036 0
0.6683896265692791 0.32165845995820114 0
0.5886817111020677 0.15848031912493085 0
0.75 0.0 1
0.623692362191171 0.24243520811647182 0
0.6658057078685153 0.2708957060085536 0
0.6465808711366953 0.2973214261080463 0
0.6725961318392256 0.2959972008955783 0
0.7045477487942244 0.28645001066843107 0
0.684973218906644 0.2791797514869778 0
0.7455302334868191 0.14612182009610672 0
0.7044727987257724 0.2077451055273572 0
0.6896361794602964 0.24207387210404666 0
0.7023014847168167 0.2625114031469773 0
0.6819107053894571 0.25994896826488023 0
0.6566432683641634 0.23842159116423323 0
0.7224469720953999 0.2358839175552119 0
0.707236027013975 0.2453102647148388 0
0.7411174255018504 0.270943826068351 0
0.7250168258493296 0.25701663593136836 0
0.7220116910976186 0.2767609228963477 0
0.7380413993118708 0.29512497966931894 0
0.7931340634228653 0.2898469607740059 0
0.7649919447120774 0.28626706977193217 0
0.7198641719816791 0.29631021082044234 0
0.6905930706339374 0.2979877301133709 0
0.6454222244190085 0.35396439133715113 0
0.6509879982886215 0.39080039155333546 0
0.641873841844622 0.37333902121473383 0
0.6210328920473795 0.395326489571593 0
0.6608984260510349 0.37451823073582124 0
0.6919509843818299 0.4045760843168847 0
0.6800663121608459 0.38578503885895327 0
0.7020675772606617 0.3850238564867885 0
0.7194033636259515 0.40638697831719023 0
0.7330236660263719 0.42311563696680116 0
0.7111618726407553 0.45231635250381963 0
0.7266120465181962 0.44109945648430243 0
0.7333150176238001 0.4665811390422534 0
0.6977977885505741 0.4974049680604504 0
0.7110588219791283 0.47681064683620783 0
0.6941582768555944 0.46449218011891624 0
0.7267850083034777 0.5015036684781392 0
0.727655931800979 0.4835947451123746 0
0.745791352984139 0.4934523218504965 0
0.7474890288922686 0.47633210492462374 0
0.7090783304380331 0.5221780839477864 0
0.7245249188453439 0.5174876885595777 0
0.7113384198961696 0.5061940638663485 0
0.6444165273958984 0.5366672273945283 0
0.6752270463677793 0.5226375287721456 0
0.6920518246034851 0.5149762956637148 0
0.7042333684669726 0.4273690063142014 0
0.6915528359770882 0.44385631499258715 0
0.6636349704452043 0.4239312034999563 0
0.6744239042053328 0.4383353708283831 0
0.6463949948971243 0.4480868183532086 0
0.6855961345730884 0.4227062666690345 0
0.6711705127865322 0.40456515793740455 0
0.6344677009952189 0.4213443196808907 0
0.563052926040379 0.44174314109724533 0
0.6042727821337772 0.4508424779794581 0
0.6248243742258158 0.4416763607053235 0
0.6028991212834053 0.42013986631157557 0
0.585872379731824 0.43628369235871295 0
0.5642824498629623 0.39646211116915614 0
0.5697385261549578 0.4192674686777689 0
0.5867545557454761 0.4031411130486716 0
0.5858473643650409 0.36504922322989164 0
0.5801430741596144 0.38424182353056857 0
0.6012134425728165 0.3874769220613811 0
0.5533144802725938 0.36582402206948705 0
0.5244854675221284 0.4180387043647169 0
0.5469472561215956 0.4247201746064757 0
0.5415009412121633 0.4019328214957805 0
0.4907296404006107 0.36533533509765426 0
0.5126286301115379 0.38847108532611757 0
0.524403139716792 0.40091056846601436 0
0.5232574622494424 0.4632638089808936 0
0.5402699132015263 0.44716808796233487 0
0.5178285847156573 0.4404871732776626 0
0.41352025470033 0.4773846801339927 0
0.46763755587421924 0.46448566359967997 0
0.4953160021553027 0.45788842522157536 0
0.48237740184796474 0.4177632051399464 0
0.503485906217191 0.40957537469019756 0
0.48764994729808087 0.3901824442851696 0
0.36684194444466084 0.36259439610475847 0
0.4286466309850541 0.3702548231349618 0
0.4601928791296912 0.3741648459101889 0
0.47735273530101796 0.37629173682101447 0
0.49937027852023896 0.4302682820368221 0
0.5551349977837249 0.4799183687976937 0
0.555376993865595 0.46005981818829506 0
0.5826283137809779 0.47032265226207975 0
0.5871475498330703 0.4535792887922287 0
0.5825289271098305 0.5142222015515008 0
0.6220520774318349 0.49236179309737893 0
0.6289413110009482 0.4673200743410441 0
0.6062730159962033 0.4745523027508278 0
0.590899147178538 0.49229126421759484 0
0.6064338275642347 0.5107830407213497 0
0.6308984530767276 0.5156935977879857 0
0.6535705256333232 0.5159240287809282 0
0.6714468613768719 0.4965449791601017 0
0.677573458588887 0.47681342734943427 0
0.6517824827637839 0.479622316638741 0
0.6421060488191708 0.4981012021914018 0
0.6422876019132245 0.5105830762519734 0
0.5728668998023797 0.4865388942182871 0
0.5572762479157682 0.5012395489934557 0
0.5598588570324092 0.5272670295829263 0
0.5981730239228782 0.5676305391097793 0
0.6140814419175278 0.5413758165010448 0
0.5969145281294129 0.5294149524738964 0
0.6282017756147864 0.5322748776596609 0
0.6343019018466532 0.5715749411152898 0
0.6171563661448387 0.5611860159397513 0
0.6340836458435708 0.5525924707463681 0
0.6655938733886991 0.5617226634350129 0
0.657709592892257 0.4623817908099145 0
0.46359327848755144 0.3998779408725214 0
0.44226215382543793 0.3896174630128765 0
0.43396866813847523 0.43416280738705243 0
0.45777681444194335 0.4247934330709314 0
0.439017308459207 0.41205805114996413 0
0.3862673821953002 0.4116390962491428 0
0.41259624884044405 0.4176525069521665 0
0.4171782181893126 0.39278767928183567 0
0.40212187551046535 0.40286775511253015 0
0.3939752970943528 0.3744147580400822 0
0.4117303217456794 0.3758299633186209 0
0.4063624395950511 0.3310908896130938 0
0.4045362919924062 0.3540015557854204 0
0.38166618910307964 0.34065052962904147 0
0.45280720106002853 0.4470990015349401 0
0.47676759344590613 0.44167970947158636 0
0.4307225322932643 0.4590750925721499 0
0.445074069775143 0.4897944523219796 0
0.43177201318477787 0.4772968649650006 0
0.4483858631184792 0.46719888362091644 0
0.40028718976024297 0.4477161509983972 0
0.41312353379971245 0.4597761907289215 0
0.4152587219741036 0.4362943040885679 0
0.3962636662110749 0.42851709440436364 0
0.3402917352066182 0.4502681965155181 0
0.37007820969852884 0.4440258803382676 0
0.347973672330414 0.4127368610114943 0
0.3522547642431121 0.4331649571595024 0
0.3701643786365743 0.42382932302399295 0
0.3652673034152098 0.4952569203217056 0
0.38211330237714874 0.47099745542166216 0
0.3589595275799342 0.4651580918287051 0
0.325576088197483 0.48786459047909386 0
0.33875321527170144 0.4713441336777319 0
0.30548149304866545 0.4583212113172909 0
0.3201016199210757 0.469982587994421 0
0.2939565830871308 0.48776572402133417 0
0.345645836392414 0.49035729012895435 0
0.32709393669473963 0.5576850098577115 0
0.34693522577151764 0.5269323894414869 0
0.3515480485027043 0.508459495459432 0
0.3813693448513374 0.5257184764718794 0
0.39323877069406166 0.49670182645450045 0
0.3786491507102454 0.5076698124684419 0
0.42076146365065675 0.5052929344019614 0
0.4093870139269397 0.49335065699079267 0
0.4019430542891218 0.5171983163085279 0
0.4412967229268232 0.5585777634819967 0
0.42573282015344277 0.5339764616547062 0
0.5090519005875865 0.5750107098107922 0
0.5298966968239933 0.5462876986936323 0
0.5411080242980033 0.5308390908002255 0
0.41017522495075814 0.5610427715746096 0
0.39948201117046517 0.5403554559396986 0
0.36997715019249644 0.5583411870599918 0
0.39017139191316624 0.5582753916748288 0
0.42508640682037213 0.5516092795389395 0
0.42852346120518103 0.5950031659123868 0
0.42685723808078413 0.5739665779397025 0
0.41091648096721406 0.585813462280598 0
0.4007980411100896 0.6266617190486448 0
0.4108168948345653 0.6074661316171105 0
0.44533187221681186 0.6376931051422992 0
0.43174442311379013 0.6183889463208655 0
0.4210384673911476 0.6403583723325715 0
0.44134162007421324 0.7133702356338254 0
0.437154529425296 0.6752056986796531 0
0.3787313341396347 0.6810747295747529 0
0.3955533444514611 0.6562157620183974 0
0.40476199047119804 0.6426075529875398 0
0.43494614699402523 0.6550767117590944 0
0.4155892039816343 0.6673860280478316 0
0.46602826619831644 0.6618522801603335 0
0.3977525561824879 0.6758251569283716 0
0.39880531237017586 0.7167250880565864 0
0.39319752520857904 0.6964059169630484 0
0.35861232505987656 0.7145492030031133 0
0.37894508693014367 0.7112727948685352 0
0.3715458864657672 0.7300835913763645 0
0.336031715231917 0.7465005620300665 0
0.35598372777158505 0.7430402736893951 0
0.3524780339701904 0.7820782207929599 0
0.3594502019571959 0.7630279537930669 0
0.39158576794230493 0.7855901816091506 0
0.37853452449990327 0.7700125856980512 0
0.41418832951935647 0.753397167917749 0
0.3941399679726439 0.756938010972165 0
0.4010188808250141 0.7373589863885293 0
0.4247234735439333 0.7313204218157898 0
0.41890591276006695 0.7002442049214251 0
0.42200652112207626 0.683334746146557 0
0.4157673333116629 0.7169143972246528 0
0.4920898039872311 0.777020090508017 0
0.4618791906613015 0.7490513333079116 0
0.4380337600903295 0.7512242506128332 0
0.4534484375749797 0.7884583216869532 0
0.4515334408423258 0.7674432920175234 0
0.42533666351348365 0.7804252430082554 0
0.470856319961421 0.7762772596487003 0
0.48036256068633426 0.8083918519583007 0
0.4809799226591844 0.7907448392847228 0
0.5070527928123997 0.8004912761344378 0
0.42716334392722777 0.7638585604448531 0
0.44840013013265273 0.7330585766785843 0
0.4916091586013352 0.7103176290187797 0
0.4666908344056738 0.7153916849904454 0
0.4836575255458549 0.7349908081676804 0
0.542251305332785 0.7402564091927375 0
0.5135490875474744 0.7310063039537708 0
0.49765494113702985 0.7258839636496218 0
0.4741958106224627 0.6885250062087426 0
0.45534322409012323 0.6977402626551538 0
0.4739846660984362 0.6030915954277429 0
0.45038958312254107 0.603906213449977 0
0.4492933783990262 0.5805498753009714 0
0.4773303234106705 0.5579047198369033 0
0.4594289286964721 0.5644198553496296 0
0.47541016804226777 0.5804798454473643 0
0.4588805781305385 0.535062108103955 0
0.4947187842002894 0.5930479180908376 0
0.5031929571426847 0.6369655034295311 0
0.5326793908715994 0.608499546484232 0
0.515961734487023 0.5952150009513171 0
0.5032961217332442 0.6141692321550424 0
0.5442200504702417 0.5768151826433279 0
0.5264078634576248 0.580358720842518 0
0.5207493842258484 0.625646586017215 0
0.5682058937122221 0.6459406700910606 0
0.546574354020357 0.6308905845188327 0
0.48227529903137445 0.6254724714351223 0
0.48358300127206044 0.6478743088602925 0
0.465817939117553 0.6376722532581529 0
0.45555889411995987 0.621952032256759 0
0.5067203373380409 0.6663865041609053 0
0.49104346947070154 0.5704403319256872 0
0.5019805976934646 0.5447073715274626 0
0.5167774290760533 0.5243241363471737 0
0.4855097720876712 0.5171883210946231 0
0.49962018600527885 0.5274315142693388 0
0.513561865857287 0.49310887363005784 0
0.5220083375292239 0.5080120342164497 0
0.506634774418686 0.47436109988609776 0
0.48812413250232967 0.4918542018243562 0
0.4660463185762271 0.5023778310128897 0
0.4706384648073696 0.483591178046302 0
0.4443611350993737 0.5147511965033125 0
0.46804624647666565 0.5199439489721539 0
0.4797190684598057 0.5372048136049458 0
0.5152542830387814 0.5575866643835858 0
0.531915401004587 0.6545533978480601 0
0.5316787444321651 0.6380348228492271 0
0.5146423157550932 0.6505147572553874 0
0.5230377572284493 0.6683903409641501 0
0.5544348557658786 0.6686781492668146 0
0.6179212496635357 0.6915899378921292 0
0.5884790609475414 0.6737581679365707 0
0.5725202168831841 0.66409263529369 0
0.5501279657487408 0.6505306859811522 0
0.4856717893503395 0.6704240399415107 0
0.5000828372443877 0.6886678657224876 0
0.5801941169181463 0.6056393697569832 0
0.556564071982686 0.6091845316423165 0
0.5709932011574856 0.6248361081717582 0
0.6054156972848358 0.6401186754798889 0
0.592302761796313 0.6232463414464896 0
0.5865341248833518 0.6412614026422329 0
0.6235730759329333 0.6124752622828571 0
0.6028321663623176 0.6030379152972823 0
0.6151316148772756 0.5838702707173993 0
0.6097762936228834 0.6231979231798451 0
0.6323807627752395 0.6380455073986666 0
0.647461383061621 0.6224437396954622 0
0.634822841610764 0.5934795251926449 0
0.5653604929277766 0.587291659460678 0
0.5865043038613124 0.5853676098850611 0
0.5672795672165712 0.5568513194459616 0
0.5494110887049343 0.5486572043021075 0
0.5804746830906082 0.5686940951667139 0
0.5881622078606996 0.5488316947080168 0
0.5780788650601513 0.5327097269329208 0
0.545017284905322 0.595049523156642 0
0.6207862532530942 0.6636390341774504 0
0.6584678197976053 0.6816237283597677 0
0.6864220349489335 0.6759864526209082 0
0.6768439847554221 0.6559466986919719 0
0.6561196294768026 0.6605291007780697 0
0.6394195468056836 0.6730661141364387 0
0.6388805022513523 0.6549567913881904 0
0.6767102661873373 0.6999561223761531 0
0.6447973570723119 0.7134697842100995 0
0.6417698681557507 0.6933130153601386 0
0.6583867038416291 0.7011229587647453 0
0.6692138329603643 0.7266915420095075 0
0.68996910128673 0.7180924959842222 0
0.6971522973132133 0.7647780861894974 0
0.6878455432601253 0.7423146434946507 0
0.6466244475277685 0.7725524647120645 0
0.6709366486407554 0.7624797577222493 0
0.7116473959863878 0.7456130237131254 0
0.7090870795630262 0.7253314119166672 0
0.7213397014818177 0.7680076638396592 0
0.6928356491683199 0.8892955627768764 0
0.7636252164274124 0.8419385862328452 0
0.7478331666357435 0.8019127353874347 0
0.7035261538776475 0.8092307412488969 0
0.7066140148695305 0.7861047012779127 0
0.6758775851077671 0.7937698477039178 0
0.6927638653058498 0.7960245565078063 0
0.7248095091129362 0.8003033908259976 0
0.7376155144244189 0.7825932724415299 0
0.7667331611240006 0.7795552503837749 0
0.7275465846410132 0.8366628405188922 0
0.7351540596235384 0.8178074171941695 0
0.7464588647145504 0.8333308742416945 0
0.7420368965263808 0.8635708764484287 0
0.734932005311551 0.7692140062353173 0
0.875 1.0 1
0.8204098389983684 0.920196151599729 0
0.7857548728439471 0.8856116259648922 0
0.7675163025370405 0.8674101278156447 0
0.7489333528970935 0.9042695346004654 0
0.7642793611272773 0.8888922701719288 0
0.7441470706290985 0.8841469410489489 0
0.7198789243441296 0.9005497885243517 0
0.7800101771915231 0.9199371513964755 0
0.7772442074571243 0.9018307638426015 0
0.8002900934494321 0.9075746874134804 0
0.8411984656930682 0.8647101454870861 0
0.8037265806802683 0.8488455937598609 0
0.7825231771347153 0.8520846701520282 0
0.7957619605933334 0.8677278020500222 0
0.8184782075854831 0.8661887763184444 0
0.7882728121700071 0.8187028896965223 0
0.7798268564729036 0.8344342142322704 0
0.7654481906518182 0.8165815570378054 0
0.7786392282800163 0.7985038919014743 0
0.8574786886040913 0.7732994815245655 0
0.8197783771038553 0.7912800326985157 0
0.7956461572832654 0.7746030563902779 0
0.8002131064365914 0.8006113707290389 0
0.82299286525817 0.8231971246185757 0
0.8060830972901712 0.8174715504377689 0
0.8255813168096835 0.8452018176262769 0
0.8653522655701374 0.8293689009025108 0
0.8433457818683996 0.8319575630965788 0
0.8565376686978718 0.84926912818826 0
1.0 0.875 1
0.9271049350420629 0.8686238781440616 0
0.8932767285250808 0.8536400290112237 0
0.8715660745138796 0.8795379790436026 0
0.8589040425132602 0.8669594373871747 0
0.8467448369791296 0.8918616589979642 0
0.8755797719269874 0.8458013477721396 0
0.897163701324354 0.8209685656213048 0
0.8220180976784882 0.8952853718074152 0
0.8053796508464379 0.8848511842353959 0
0.832586728947985 0.8806115555289296 0
0.8510698896270223 0.8027869756373762 0
0.829365109198173 0.8581779706987859 0
0.8398805521778816 0.7849149001374136 0
0.8264097612350196 0.7453668640565565 0
0.8235909639690403 0.7683952164647009 0
0.8422504648441246 0.758992547856831 0
0.86494963284556 0.7165826126284293 0
0.848881944420978 0.7352622982682823 0
0.8822469799671814 0.7477115635534975 0
0.8621646291358412 0.753053904617696 0
0.8681587937315509 0.7351696486371019 0
0.8931464360824689 0.7212848272521784 0
0.8499173162868766 0.7483433524595317 0
0.8369901199880632 0.7087830109408131 0
0.8316915916055594 0.727072522895766 0
0.8102942374888764 0.7308044490614918 0
0.8046385163521533 0.7532617081384899 0
0.7910609556272417 0.7435022295317326 0
0.8561258058038158 0.6942001661621937 0
0.8239279901345696 0.6893245357473827 0
0.9409754648779789 0.7564725120788256 0
0.9126975994802631 0.7448095753687413 0
0.9008843863888358 0.7820637673641813 0
0.9198510521328576 0.7675779841699986 0
0.933256643061265 0.8047900228365629 0
0.9404770376085007 0.7811681915133929 0
1.0 0.8125 1
0.9673612517141666 0.8023002168989399 0
0.9498267789080995 0.7969405218733701 0
0.9714430091897681 0.7694403011208921 0
1.0 0.78125 1
0.9536027741243154 0.7690802357226477 0
0.9206662234230546 0.7883050128337302 0
0.9054292984337107 0.802128737078042 0
0.8781925974310612 0.797750898070062 0
0.8667179420416403 0.8115072296075355 0
0.8796122020406443 0.7755487301739856 0
0.8627012758065731 0.7898747461551149 0
0.9807841703450897 0.7872841009301207 0
1.0 0.765625 1
0.8988698204404648 0.7609248869579287 0
1.0 0.6875 1
0.9446644736426894 0.6983554982951427 0
0.9221360187876401 0.717078653152679 0
0.9328007855368047 0.7361801615430054 0
0.968340585394646 0.7336558590331944 0
0.9509778398749709 0.7406503605748059 0
0.9522807512034546 0.7188372444922008 0
0.9784124855615637 0.7066285110213714 0
1.0 0.71875 1
0.9830063657683914 0.7237307979117472 0
1.0 0.703125 1
0.9685763771697202 0.6737823847344283 0
0.9811083623108853 0.6879253783984363 0
0.9153871090354635 0.6860429427672314 0
0.9055028874398556 0.7044439802628373 0
0.8812491305316461 0.697226334223334 0
0.9268263225077845 0.6998070656540691 0
0.9089286894554927 0.728055121531503 0
0.8858231741220057 0.9394115167246632 0
0.8717774379118214 0.9111218697917273 0
0.8639623933688148 0.8953815164504378 0
0.7797531002609414 0.768691916690091 0
0.7280093826771776 0.952373848559705 0
0.625 1.0 1
0.7314781420538046 0.9252798428363468 0
0.6877891502277025 0.9334555301483176 0
0.7109535970802096 0.9364212006012003 0
0.7019080843631321 0.9151244644924902 0
0.6875 1.0 1
0.6952972207201888 0.966761017487537 0
0.697604144728943 0.9487419491376972 0
0.6716966038922683 0.9545822973334035 0
0.65625 1.0 1
0.6738969739096046 0.9792749642278484 0
0.6274578151573106 0.904192669907701 0
0.6546674297924289 0.9249186040011025 0
0.6761938189438401 0.9099217181280876 0
0.6527476685854467 0.899215165435501 0
0.6276534424994975 0.8384511454930285 0
0.634126856694498 0.8713414617319111 0
0.6376330394690666 0.8891557799221548 0
0.6718764284729802 0.92667240774631 0
0.6906606315858294 0.904567343687547 0
0.7579267805632782 0.942435027878 0
0.7511710691492257 0.9238845979892011 0
0.7405793872782703 0.9402140962914419 0
0.7335328390690434 0.9092308850833516 0
0.7155517567044667 0.8728288784862948 0
0.7092325954272495 0.888013469690928 0
0.7271885700062279 0.8852105850803604 0
0.7244247932979552 0.8556995884853175 0
0.6948356644860249 0.8410729955489504 0
0.692648239159929 0.8651350314007279 0
0.7067151621046995 0.8542833787166536 0
0.6614713760460101 0.8501703683262263 0
0.679849347692813 0.8518410682150535 0
0.6686214627112718 0.877402396435298 0
0.6690992971139462 0.8944324287358046 0
0.6526628078606269 0.8670378440503888 0
0.6422844310688886 0.8508842743360925 0
0.7617938455827511 0.7622110147776716 0
0.6829051055424787 0.7766250001046051 0
0.6638040522000722 0.7796411975995015 0
0.6424501256120972 0.8070307952529623 0
0.6510765614028178 0.8289904416632394 0
0.663536142037 0.8114217387082842 0
0.6755665120766878 0.8300679544396352 0
0.6558586458422078 0.7954656175700994 0
0.6922341886666212 0.8232559473257755 0
0.6496869373019805 0.7455671262615144 0
0.5954664770190699 0.7530802453819576 0
0.623538687998357 0.7562660812469076 0
0.6289948016856468 0.7322981825934535 0
0.6110743201350503 0.7408236895433483 0
0.6100574964995461 0.7155893035597775 0
0.6270204770764108 0.7078594579661946 0
0.6052690769655473 0.7919769874370889 0
0.6245631591585211 0.7793189950915839 0
0.6054661331800824 0.7712437492599155 0
0.5658227308210528 0.7812345195226814 0
0.5869539634085611 0.7814353584204246 0
0.5760052835099689 0.8216389150469089 0
0.5867492692153725 0.8029722253030335 0
0.603465454322402 0.8250188616858902 0
0.6239156080536348 0.7993655615435151 0
0.626722791742828 0.8188186251744017 0
0.5838275988603424 0.8713262067213554 0
0.6039942971400122 0.8525607802201709 0
0.5877946921768649 0.8390957984527302 0
0.5513873010856516 0.8509739292604899 0
0.5678920709824238 0.8398275251319389 0
0.54015701379846 0.8165522287464947 0
0.5506954834119421 0.8321568142279394 0
0.5181511721948217 0.8427745919400966 0
0.5688925543398645 0.8591016894537822 0
0.5279599673036933 0.9243457543843366 0
0.5525459684523301 0.8943083292903251 0
0.5519666347689894 0.8726411292754058 0
0.5113346747543087 0.884568884355913 0
0.5332295329424042 0.8839834635894223 0
0.5217617943443815 0.8648164905185761 0
0.5227866206136822 0.9031452057232169 0
0.5409941297733003 0.9099336919463795 0
0.5858144378831467 0.930986547394961 0
0.565510594822515 0.9159759057373195 0
0.375 1.0 1
0.458217273493217 0.9301328567081676 0
0.4926318864244445 0.9217350210322265 0
0.5019832805893737 0.9031519526940689 0
0.4686085237126609 0.8980015112208481 0
0.48446215527433695 0.9059793949040501 0
0.5105852654583873 0.9191250980624079 0
0.5073362372789584 0.9598300250482734 0
0.5138248959714098 0.9398658129060583 0
0.5533114387141086 0.9637360725712363 0
0.5625 1.0 1
0.5367458133494338 0.9465444328965424 0
0.5683535971737447 0.8830443226994634 0
0.5940116064720967 0.9008503074166838 0
0.5827034819394755 0.9139574058310177 0
0.5296273672333178 0.9699806919373175 0
0.53125 1.0 1
0.546027960559394 0.9841476992453103 0
0.5605804819979597 0.9401547001899714 0
0.5463773744109168 0.9279022896980836 0
0.5710646625751874 0.9297004211646299 0
0.5336136624845403 0.8515583966567681 0
0.4871440276882418 0.859170458389117 0
0.48629156088167536 0.8826029130249866 0
0.5035047248369852 0.8678071303364139 0
0.42149673653716596 0.847068217383941 0
0.4308953799044685 0.8141776471064582 0
0.4360932569914854 0.7959876663887145 0
0.515625 1.0 1
0.5116641293408429 0.9798771465144579 0
0.4375 1.0 1
0.46875 1.0 1
0.4834283017381883 0.9754821389620765 0
0.484375 1.0 1
0.48226600275156406 0.9476215446967291 0
0.4911589150968028 0.9612050885100787 0
0.4967310278873087 0.9383951587559468 0
0.45312500000000083 0.973992939695312 0
0.453125 1.0 1
0.46787916196466584 0.982825930504601 0
0.4688960351966474 0.9621338598959561 0
0.4062500000000003 0.9635277826777315 0
0.4279456249942111 0.9765624792779264 0
0.4379563671630471 0.950006165850931 0
0.42333704899438024 0.9596602221880798 0
0.4041976218868631 0.9147808478547693 0
0.4096720331960792 0.9389670330499057 0
0.43153453137634995 0.9213059314508965 0
0.3428601164517282 0.9413769023785103 0
0.37650748914548565 0.9468650084376056 0
0.3901729316206251 0.9306679043144614 0
0.3946315611831729 0.9493902235511866 0
0.40625 1.0 1
0.41005720012123387 0.9817638913388654 0
0.3855024230064799 0.9773747825102719 0
0.3125 1.0 1
0.34375 1.0 1
0.3593749999999994 0.9789968411386856 0
0.3716131974738511 0.9648887867565622 0
0.351664960900224 0.9599465659069933 0
0.3168522107837777 0.9650808541396122 0
0.336424565412182 0.9772000116327401 0
0.3334747895830794 0.9571992239508765 0
0.3122562680197012 0.9339183249347339 0
0.31922822831743664 0.9831077891285721 0
0.28346925219150765 0.9786509045835055 0
0.28125 1.0 1
0.296875 1.0 1
0.265625 0.9875858771522676 0
0.265625 1.0 1
0.2436380160686835 0.9213890514554324 0
0.125 1.0 1
0.1875 1.0 1
0.2324402272071542 0.9618582004354778 0
0.2458856099634573 0.9787811927518958 0
0.26457832394216707 0.9501270588768875 0
0.2504620874192004 0.9613424633148838 0
0.24090214833764892 0.9424158236885888 0
0.16796623636817162 0.9222345012926031 0
0.20300644637080337 0.9374850798251755 0
0.22332223121974473 0.9294370656403044 0
0.20504026617871104 0.8536216809320486 0
0.21954487694792382 0.8902359990651905 0
0.2044537287494911 0.9114726821151161 0
0.2270934958619477 0.9092911490986241 0
0.2563134394530818 0.8866930371311956 0
0.2384406993400795 0.8937732492431824 0
0.2360958864359955 0.8617557970240093 0
0.2189833157084402 0.9481500482108168 0
0.1939114606361415 0.9684097238591671 0
0.21704566481503165 0.9878919401366411 0
0.21875 1.0 1
0.18596904466068473 0.8823567963627721 0
0.20114990672450153 0.8931445751626164 0
0.20752159461328218 0.873818842794725 0
0.1817040861131723 0.904433919378918 0
0.1881922102259944 0.9236427009731316 0
0.1763409365296263 0.9479056162529836 0
0.13736791189015268 0.8844183330665898 0
0.15715866219499053 0.8996921232913755 0
0.16126649833353865 0.8739108086179745 0
0.10552417084014824 0.7795605565686575 0
0.1277358296185956 0.830079330040337 0
0.13916600435061222 0.8560764162457449 0
0.17006312184556982 0.8885303245251233 0
0.11511451181406958 0.9337114493126996 0
0.1401772078800143 0.9216955498943741 0
0.13877255988508738 0.9030569414804815 0
0.09883908084021126 0.8966941864993482 0
0.0 0.875 1
0.11956155198961352 0.8951324938609418 0
0.10681687509696872 0.8642868903060431 0
0.12057256950483368 0.8766590632979092 0
0.11053607983766922 0.913637902818051 0
0.0 0.9375 1
0.060633067812129064 0.9355788289125745 0
0.0876942375471406 0.9294066398145207 0
0.30115565100526287 0.9824285621841095 0
0.34725797042176165 0.9862961272807909 0
0.390625 1.0 1
0.06774609628774196 0.9043557832679043 0
0.07169689987341221 0.9216775737579613 0
0.0625 1.0 1
0.08207863832715875 0.9671949715528391 0
0.09845936357812754 0.9503178333516433 0
0.10878779544721781 0.9767304974071134 0
0.09375 1.0 1
0.09176907956412919 0.9822260404545718 0
0.109375 1.0 1
0.1452490480835704 0.9686097985848625 0
0.13634181245976937 0.9458414691178516 0
0.12495849023715282 0.9634212292134083 0
0.1310920940307568 0.9817036777167217 0
0.15625 1.0 1
0.15611646400110715 0.9512318670435638 0
0.16959356357309938 0.9717468438837641 0
0.15583040202329757 0.9825242641945963 0
0.18349012201978715 0.9827404053238857 0
0.15385022156546801 0.9333858797818799 0
0.07751950325224802 0.9472060298423784 0
0.12013618085966918 0.8489319815310402 0
0.07896816578045347 0.821378773977984 0
0.09558205742012553 0.8410872385340668 0
0.10504211681621832 0.8162557309548992 0
0.05301248216627946 0.8601158048671019 0
0.07985078634200765 0.8630255181546661 0
0.07413008732621101 0.8423140322927768 0
0.04015374954645782 0.8234355353694653 0
0.0 0.8125 1
0.05985672895752978 0.8279888376855725 0
0.05792103144950261 0.7914590928688586 0
0.05363574294540745 0.8100023270547453 0
0.0 0.78125 1
0.02648920064993394 0.796239279249455 0
0.02632716703060536 0.7656249999999998 0
0.0 0.765625 1
0.017639148088036915 0.7809785519080071 0
0.04022955265284291 0.7808589866233281 0
0.07222679047159553 0.7475194040737151 0
0.04987726633453025 0.7580939953071806 0
0.06965028176800177 0.7709792102748948 0
0.09089519692965711 0.761441077636105 0
0.17278987074635668 0.6321459719346049 0
0.1269098734976611 0.6936692100061571 0
0.1345324934225556 0.741175170649742 0
0.10166621048412314 0.727519950688674 0
0.0904086101438631 0.7426159416952516 0
0.1127827432380826 0.7514564779846863 0
0.07423628343160049 0.7188100951305537 0
0.0 0.625 1
0.10554689506112401 0.7645770335723879 0
0.13472525090930018 0.7721130646058839 0
0.12855777832961815 0.7566819433696462 0
0.23496017087045987 0.756019006913827 0
0.18360203062203287 0.7563389920444312 0
0.15667239556346052 0.7565067762116471 0
0.1704028071444685 0.7990511666723633 0
0.1702567607976124 0.7756104875680883 0
0.15115346541410848 0.7874503045150085 0
0.14844776713353863 0.8137105502288866 0
0.2074352215202138 0.7870996429647457 0
0.19066050691873418 0.7754833627279786 0
0.21164538141186115 0.7630998140025714 0
0.20900892547198208 0.7124944198818709 0
0.2165943070891765 0.7374706087755215 0
0.2632204329291326 0.7096700915008942 0
0.23646445416469672 0.7177960033577391 0
0.23571231251758132 0.7369075051357845 0
0.19129604039642054 0.7315138550658049 0
0.2004590563478242 0.7479585957676371 0
0.17004903426722306 0.6939686610540805 0
0.18660282452145463 0.7093852799758583 0
0.20272693772303169 0.675476078093975 0
0.1893089011939454 0.6898838651355491 0
0.1747041104659859 0.6628303259467555 0
0.15889525380100525 0.722540905071698 0
0.17176210498636463 0.7390646015689221 0
0.15230283581369375 0.7391651434892818 0
0.14842273740442802 0.7019895573406738 0
0.13004670540917346 0.7175304144278386 0
0.11072065737614119 0.7079342587934796 0
0.07335022924827127 0.6492040632103137 0
0.09664222016490115 0.6756378371476963 0
0.10887592181041612 0.6895217041332387 0
0.1243396218718924 0.6635641735349579 0
0.08587997998037122 0.6974526993170153 0
0.09085569575363826 0.7140180493387877 0
0.06969339666141414 0.6759049624381384 0
0.11913791568747019 0.7318478770586287 0
0.08305245180195334 0.6641336961889354 0
0.10337136141112853 0.6403118034964347 0
0.10591337015311365 0.6590999454131573 0
0.0 0.6875 1
0.0 0.65625 1
0.03716716892814351 0.6578494584844898 0
0.056938528952119816 0.6605572531922738 0
0.14931518138895503 0.64901232440833 0
0.150911805583015 0.6755353542571835 0
0.16732647323310382 0.677644520692889 0
0.14064689665936358 0.6628437062602889 0
0.13419525145005115 0.6031990341475933 0
0.14894789617313045 0.6237318525274946 0
0.1742671754694777 0.5899739485830655 0
0.15630754992541815 0.6028777774734226 0
0.17586052376366068 0.6111416512783608 0
0.2550555197762571 0.5945366178953992 0
0.21435949985763278 0.5975999136554899 0
0.20264176443885132 0.625783452868192 0
0.19328635274011235 0.5991861445042561 0
0.20087825282476177 0.559272911487117 0
0.19170720754332032 0.5782071305872043 0
0.16114331118213565 0.5517149242228235 0
0.17285756710783734 0.5690770521266713 0
0.14431552221385158 0.5757015385114496 0
0.124001506637122 0.626089378054626 0
0.12171679054871774 0.6448489148955379 0
0.0883983282543333 0.5965192738893463 0
0.10204224539996744 0.6163102717973695 0
0.11203098236598504 0.5948254766310961 0
0.09551745492164988 0.5301348314166127 0
0.09794240243225132 0.5639688369198235 0
0.09923635401799774 0.5820226565928888 0
0.1207308212162343 0.5714088274346917 0
0.13023436828348306 0.5861301603266376 0
0.11653769631802013 0.5456321737964286 0
0.09940975304556415 0.5468597660599683 0
0.0 0.5625 1
0.04893569141499525 0.5497909215282198 0
0.07392016972471525 0.5439764271743937 0
0.05530235416788465 0.49115661249272574 0
0.0 0.25 1
0.05536369652923086 0.5208260819566445 0
0.07593459826040147 0.5233494656663464 0
0.059092693492752056 0.5368493228582034 0
0.06772672942260083 0.5739491754486022 0
0.06390640159025152 0.5575334921483819 0
0.07414957572113744 0.6209409244738162 0
0.0504767550838792 0.6342032031821387 0
0.08982230883679296 0.6290245332788372 0
0.047248983267460354 0.6006828927003801 0
0.056240563099130086 0.6167326275372098 0
0.06792886838733636 0.5996409072698269 0
0.04143029036812088 0.5750161074743964 0
0.0 0.59375 1
0.024333424505837937 0.5923849338979456 0
0.020024433611017373 0.5710444180154145 0
0.0 0.53125 1
0.013081538711921817 0.6093749999999996 0
0.0 0.609375 1
0.03365303370139062 0.6189667305173742 0
0.02843646158351667 0.5300459564867513 0
0.017523475084081773 0.5491690565796368 0
0.033051521337868664 0.5584744167064732 0
0.03525644370875293 0.5060328560533836 0
0.015835679811689884 0.5134921723614309 0
0.05502258496790741 0.5854276621362069 0
0.10014643238483403 0.48512423875582994 0
0.09253713194324867 0.5070850062846993 0
0.13282505281314286 0.5087459005218524 0
0.11293103236153067 0.5018527180131647 0
0.11654413054883225 0.5235792511483324 0
0.1407579341108536 0.5346127781073124 0
0.18012372318799255 0.5083901654030519 0
0.13432963883812937 0.47224951119097053 0
0.11917549142354948 0.4838309412601942 0
0.10751241575246637 0.4528647463223508 0
0.13575145487850096 0.5557360219858107 0
0.1334342748550822 0.5685494663637772 0
0.10844589409037303 0.5346033506438047 0
0.07793792144334051 0.48972777319909244 0
0.0676245848443249 0.505983790301712 0
0.08429708050811448 0.4645345675078932 0
0.0 0.375 1
0.06535252662618637 0.3979206566716399 0
0.08118581751031284 0.4294185819656211 0
0.0897018268147216 0.4463598879036074 0
0.15652747641090894 0.5156266872497905 0
0.17436007356194677 0.531685134983619 0
0.20654427214459387 0.5272876538920068 0
0.18957818915261995 0.5230898996277669 0
0.16042950892506352 0.48626151188433253 0
0.14833128725967273 0.4995957430550278 0
0.21134611912726597 0.36010632239916646 0
0.17897917687940115 0.4203955706134321 0
0.20769175956346145 0.4640268468057813 0
0.18734822820696378 0.48213232552641605 0
0.20524917197939704 0.5011803231665941 0
0.20596675685605298 0.4825704695616508 0
0.22741691031617273 0.492716336335212 0
0.25219010744915876 0.45455813774509657 0
0.2449573928166225 0.476983259321445 0
0.26915595635807776 0.48374248171379003 0
0.28457953121472385 0.46711769619879706 0
0.266467819662365 0.46578160308044075 0
0.2777120873467314 0.4367841385354088 0
0.2896850262281376 0.45001765936572635 0
0.31374381299962034 0.4234260081357841 0
0.3321104436661403 0.4318102628000381 0
0.31616758592105954 0.4424256555068606 0
0.23004799653054928 0.4597956366500069 0
0.22232044428810802 0.47574352627750044 0
0.2295551467325478 0.40828918764701017 0
0.21362463412355964 0.4341972044228242 0
0.2314837750967864 0.5187583784560152 0
0.22737564586325107 0.5474723031232323 0
0.2707821682276175 0.5390316772890847 0
0.27743361752589374 0.5111675257858431 0
0.2573963179025986 0.5211103828590484 0
0.24306656011263572 0.5350663781792645 0
0.25308753862887146 0.5638666649821726 0
0.2914295910298255 0.5768045082711255 0
0.2753953304673123 0.561039598897146 0
0.2662648193615666 0.5784192416344771 0
0.2802922159744719 0.600131609251604 0
0.3326035021179128 0.6107850132891169 0
0.3077770161701456 0.5989317664781171 0
0.25550699728911624 0.6522138438750683 0
0.26191204289335196 0.6233233273829298 0
0.26547207893405184 0.6072654745116817 0
0.30072254389399605 0.5513162192004196 0
0.31034327524721755 0.5692621444078432 0
0.33285236819508635 0.5839233581187906 0
0.31630199591967423 0.5847233356440743 0
0.3615585305252054 0.597621293487391 0
0.3440148352598203 0.5974587558257272 0
0.3639862478784141 0.6353714397712079 0
0.38427435888252426 0.6389717927957361 0
0.3791624490441759 0.6148653109947512 0
0.37033592095512124 0.6585530895204141 0
0.31931612030352197 0.660067452748151 0
0.3454594803496904 0.6806519070523415 0
0.36217728975519503 0.6744199933391083 0
0.36361107116845365 0.6947703218834514 0
0.3446425873328959 0.6531302939365751 0
0.3421165254236789 0.6309644304913944 0
0.31357557395349656 0.6320872325405136 0
0.3563273835631419 0.6169108458716555 0
0.3348811745970354 0.6671929609618462 0
0.31239220125420836 0.6957551622464593 0
0.3787360923080063 0.5976928919724195 0
0.3702253411207267 0.5789365840085726 0
0.34986464629387354 0.5688827526659813 0
0.35157359554789996 0.5476859523930061 0
0.3685707266783328 0.5395495565662386 0
0.28504625444468407 0.643607456133317 0
0.30369090769161616 0.6486942027149799 0
0.2861506946570686 0.6762721732138344 0
0.2738966497905393 0.6603354698936023 0
0.25345755032639133 0.6817348635663816 0
0.27180783470090114 0.6909953480974265 0
0.29006769696740065 0.7107037596571169 0
0.31582955070733487 0.7250327686116127 0
0.3066165079357487 0.7112738448009962 0
0.28149341246712106 0.7564421821935231 0
0.25830739488337356 0.7473672959687508 0
0.27767042066249253 0.7320526168583282 0
0.2990769131436991 0.7411916168119608 0
0.31306673846401833 0.7750834569046696 0
0.30039981115723363 0.7604788229585546 0
0.28491660343580993 0.7867032294136564 0
0.31948388343435646 0.7567222504620127 0
0.3339275443350523 0.7720722163034445 0
0.32805559030127174 0.8051571523098482 0
0.33645541613707775 0.7895844147333893 0
0.35582968340045745 0.8100865315891983 0
0.2612294899936136 0.7740586209161247 0
0.25245990419457426 0.8189954734421268 0
0.26373603967744275 0.7978719170722784 0
0.23630604047990733 0.78872058937182 0
0.2469552724682906 0.8024855212545434 0
0.22052182072871568 0.8119338944900516 0
0.22729753758084437 0.7727128576198403 0
0.2925334293935411 0.8268159637023003 0
0.2825734820192066 0.8079276836428941 0
0.2719733369194835 0.8255873500580204 0
0.2802181657111667 0.8602597670728237 0
0.28132848513474973 0.8416792555093292 0
0.2560112586987929 0.8456323172712567 0
0.31155222931474386 0.852808772535893 0
0.3560970163289676 0.8864527025056859 0
0.37740900139923966 0.9052663820773256 0
0.3054009305522815 0.8079607015550252 0
0.3150348113622086 0.7928746613801025 0
0.3164156944736698 0.8292958191861654 0
0.3498122003037799 0.8484630786163415 0
0.3299692290266896 0.8443587197116861 0
0.3317050587721422 0.8724370544178456 0
0.34373002387757867 0.8278493395650183 0
0.25614824785422885 0.8661627809772376 0
0.23158367501723737 0.8358211537337938 0
0.23560924886642434 0.8194520427111901 0
0.20948029796669201 0.8315519929237903 0
0.19428259595825975 0.8100821099170725 0
0.18754801533367385 0.7932981736608637 0
0.22237687648674734 0.8507828366209089 0
0.3289900558151149 0.9053950187151433 0
0.3380923060546152 0.8895540315469443 0
0.35321510897959874 0.9111951665176309 0
0.36877273267479166 0.9264759242465478 0
0.3376484672138406 0.922721642905511 0
0.35056126600677034 0.8678538333096167 0
0.38871323969963933 0.8666215773632971 0
0.36932013297992633 0.8574193318898324 0
0.3722496761691086 0.8762814685053695 0
0.39194348724975464 0.8347781005387023 0
0.3678427498568468 0.8312720090394932 0
0.38320688137151854 0.8102463773124039 0
0.3712595710948111 0.7924345450945831 0
0.4067654130351492 0.8156779263282392 0
0.4162894862478995 0.7981771999867563 0
0.4098576256715088 0.8333785824537977 0
0.3978220789950448 0.8902618018194578 0
0.41336703127260266 0.870697179840833 0
0.424296476088245 0.8953389892172239 0
0.38159254673247195 0.8895700717998503 0
0.44805150615855294 0.8700581728862438 0
0.430580839172862 0.8634066861154599 0
0.4666548578720464 0.8779055221770046 0
0.30210071350875284 0.8826727097905993 0
0.31433082239121957 0.8701157626244579 0
0.22143972446000532 0.7955850304357959 0
0.27742606237011064 0.7722264318355663 0
0.2540678718675841 0.727646005434553 0
0.3382864517308677 0.7241392810533951 0
0.34033288537085415 0.7021415653153117 0
0.29423998093860076 0.692790516739287 0
0.22973913327070614 0.665256602953571 0
0.2240043400376177 0.6909075126516095 0
0.2425664950986341 0.6986370695100973 0
0.23686051027499744 0.680315255456862 0
0.20652759149311148 0.6947689931456985 0
0.22428886144907845 0.7071069164693574 0
0.24651339143928533 0.6664211275131899 0
0.23084277814920418 0.6354615560058506 0
0.2487907123641147 0.6355695797424422 0
0.23995090484682693 0.6132252123043797 0
0.22093066163010994 0.618417958606904 0
0.2074118818606213 0.6112390187575293 0
0.21022410599044086 0.6496157788915504 0
0.1906479242207676 0.6427216747688735 0
0.19256699489541798 0.6606183913042498 0
0.17584203497779685 0.6473574498505518 0
0.23853798769567947 0.6506645596029631 0
0.29242811887997866 0.6208024089508197 0
0.2777131260141463 0.6286365066326577 0
0.32832264690724977 0.6436406456092891 0
0.3155084395083618 0.6146644060113682 0
0.31957067145986723 0.5310540601503928 0
0.30296303085343523 0.5116587383404844 0
0.28986262033082605 0.5288604112235843 0
0.3247994285732552 0.5097688533198618 0
0.3097424344151244 0.4954592560898929 0
0.33463299918572803 0.5411770793247217 0
0.2555182107158689 0.5468773904902695 0
0.22825417598567999 0.5744541153269104 0
0.23481388000629905 0.5936250620385062 0
0.2370479037348643 0.5606625821862776 0
0.21765475099026652 0.5612940249050388 0
0.2102977492878869 0.5794181380610302 0
0.2450152377067421 0.5135973743343433 0
0.22210729847578997 0.5320677161558193 0
0.2393544152301047 0.4321663781835385 0
0.22730306864505795 0.4434890779720591 0
0.2583299775516686 0.4361637624718665 0
0.26931541559519934 0.39603416288612364 0
0.2532572802254198 0.4132066904437039 0
0.273824667089585 0.4163450854849507 0
0.2972239123069898 0.4004941785246609 0
0.2399033491827016 0.41799167466581977 0
0.2964013600488317 0.3160927329648448 0
0.28964616346352934 0.3583632981304507 0
0.286067971320874 0.3807537944292942 0
0.319868836027968 0.37467429974402844 0
0.30190533445761125 0.371803579090242 0
0.3149913643154988 0.3475564601865101 0
0.2558452987564345 0.36444279281571473 0
0.2681044697505165 0.3778830737755072 0
0.24427312079796762 0.3873090946554109 0
0.23310632483148694 0.3672964277790016 0
0.2147407030817466 0.38635562317174593 0
0.2381542418165796 0.3154966590510559 0
0.22978451907317746 0.34082687035707127 0
0.25784352411017564 0.3360503670059015 0
0.26736553645166655 0.30722136134612077 0
0.25 0.0 1
0.33142797462491147 0.14949879363541413 0
0.22012573256273388 0.19616243398285832 0
0.2367051148241549 0.2546866390778955 0
0.2997773345482582 0.25309071171755265 0
0.2902806139984221 0.28417328998026603 0
0.284910486510984 0.30174961088316044 0
0.36876548150388455 0.27064320110251766 0
0.3818423283308565 0.3044257582223768 0
0.38886681565282327 0.32257272800278 0
0.24526568101036672 0.2849049139998301 0
0.25015500969048426 0.3021639451229668 0
0.25495551953007006 0.31910945117275535 0
0.2773468770523179 0.3265051548326643 0
0.2747146263008383 0.3458246007416476 0
0.29581597068342097 0.33766231945014785 0
0.3012981196245196 0.35056616935836404 0
0.2425470668383959 0.330996042556161 0
0.24569046748004128 0.349461578525195 0
0.1778561405340657 0.30962057471501725 0
0.2002986027390841 0.3310840008022127 0
0.21922642227783198 0.32329032992663415 0
0.14605589189597862 0.36533615609165365 0
0.17988631606748 0.3775188791097061 0
0.19906244409734297 0.3750390044233972 0
0.18642366504880967 0.35268867634308315 0
0.192442752532174 0.39923247665733813 0
0.199716765176056 0.41872425928430873 0
0.16679907444761755 0.36079755709143485 0
0.16726120111848058 0.3341144411817454 0
0.18408535803090562 0.3359292571119623 0
0.0872058981862549 0.2849477567812228 0
0.13076091661734404 0.30378768889847024 0
0.15345399745908067 0.31360368985519027 0
0.1588580503290235 0.2699709001911483 0
0.14976372038499447 0.2909955889143084 0
0.17190730376256894 0.2880946597285009 0
0.19664221697866385 0.2565256584125914 0
0.1796989653500194 0.26872493660511193 0
0.20555951553940413 0.2903795950095745 0
0.1967848958561059 0.27458947519994265 0
0.2203338294017713 0.2718363600089212 0
0.20299014299904097 0.3107396927972117 0
0.2219690280538599 0.30279258939094233 0
0.16712949188108672 0.23340187673973942 0
0.16829429847184063 0.2528852994062223 0
0.13410723232400032 0.24515262588120637 0
0.12452857300726508 0.27401898871439556 0
0.14206987231738638 0.2751883356531329 0
0.18833258777648726 0.29514037667205695 0
0.13001687925549743 0.3366472411601066 0
0.1484027798910063 0.3319066803283024 0
0.15336101424393458 0.34905188748840427 0
0.09688999436617378 0.2488253284751028 0
0.11631594609343124 0.2552713977140304 0
0.10089244434436871 0.26925767253197946 0
0.2283098591049392 0.28693634545301067 0
0.21149281271943593 0.4045191179763586 0
0.21272449603252025 0.34296782352338445 0
0.3403611028615784 0.35699096154612997 0
0.34146008758178775 0.3152083951027592 0
0.36447386776416213 0.323329648521267 0
0.3469714102153428 0.33625909273186455 0
0.32687181350445504 0.33027459217691113 0
0.3635660276614024 0.34440212606357046 0
0.34628772246458694 0.3845743617937528 0
0.35165474931035 0.36899279036944405 0
0.335784468866421 0.37240270772335393 0
0.3254604673208564 0.3999529011498041 0
0.3111435667505176 0.38986206655682387 0
0.3666990130816268 0.3974841528986385 0
0.37536830595485066 0.3800744968498187 0
0.29368197432413967 0.4204620762286466 0
0.3001045288903066 0.4363786852628975 0
0.17864903932500034 0.451875957046633 0
0.19366660201039448 0.43814947527832687 0
0.17174778968809035 0.47023893854186943 0
0.15202335601747263 0.4523477040075688 0
0.1521838798833682 0.4703066279878862 0
0.16505058049265034 0.4359914245172164 0
0.1294003182776428 0.420963206121204 0
0.1451163724964362 0.43348051277966787 0
0.12562274771641713 0.4418308874825102 0
0.10568864394998591 0.4274465598360235 0
0.10654207297556388 0.3839655978694546 0
0.09158521780997961 0.40542088636347545 0
0.1138572507668736 0.4050061219930934 0
0.14098956507433097 0.394126211174023 0
0.0835549312635658 0.3838818474759485 0
0.0951763070048187 0.34884485455262804 0
0.09510554437019066 0.3682672195352029 0
0.12030031388043967 0.3619274520982588 0
0.06550198282371633 0.358448051755485 0
0.06464338943482778 0.3781813862430955 0
0.032798101755296134 0.36691045836660174 0
0.12616738790899 0.38090387385115776 0
0.06932861103764121 0.31962339346255947 0
0.07588084578821418 0.3398701023441944 0
0.11328957158351584 0.344725432273255 0
0.0981753367857877 0.3201496228215566 0
0.08401896023181046 0.30525091052165665 0
0.055011733123449244 0.290296014864893 0
0.0 0.3125 1
0.13548747366210345 0.4554626750308466 0
0.19025589828228567 0.46491756189958117 0
0.1752269573976859 0.4929200991365437 0
0.18216182565982855 0.5507247760053822 0
0.1258071464635889 0.7981172316266847 0
0.1217280128266335 0.8144026183511213 0
0.12174582824592725 0.7821930951451632 0
0.1493190327900183 0.8361011167907816 0
0.17964193423722663 0.8370305126937434 0
0.16485691246303266 0.8242842693874084 0
0.1797781100971168 0.8601162473795196 0
0.16410963157111136 0.8486654020854384 0
0.19321369466842417 0.8269526189224374 0
0.16215134385819518 0.8104636143258074 0
0.0 0.796875 1
0.020542485041597572 0.816258112192736 0
0.0 0.84375 1
0.02311761450665037 0.8396031205988969 0
0.04267073657536837 0.8431472041819836 0
0.014733585299944535 0.8593749999999991 0
0.0 0.859375 1
0.03310285694684784 0.8914553079105806 0
0.019049034392658044 0.8782032635334682 0
0.0 0.90625 1
0.03777079858955651 0.872426868173825 0
0.05461720237331579 0.8866463014270412 0
0.07617408837361014 0.8843864234397089 0
0.09412703967107054 0.8783486042171239 0
0.031660766500872614 0.8563545240264684 0
0.08785190095734637 0.797679154503421 0
0.08614460862688085 0.7792889476770134 0
0.07113534498140976 0.8049278320946612 0
0.11063965709453814 0.8326059790591033 0
0.19305949600987835 0.9513594130257075 0
0.21372430586226798 0.9683594046462186 0
0.4265445006957069 0.9374910561391211 0
0.45638279167703166 0.9485272823135709 0
0.6088803515348558 0.9210776110510067 0
0.612555903349697 0.9614342793079154 0
0.6434626081970464 0.9695426073097629 0
0.6607278953612508 0.9680040930464359 0
0.6041446417333958 0.941854636507824 0
0.5829328324292168 0.9625635916522585 0
0.6321054591975167 0.9414394152649843 0
0.6514866883221553 0.9492590089037212 0
0.6276627485959582 0.9230804372278884 0
0.5678112094727767 0.9552946386990252 0
0.6297838823964076 0.9587240572060731 0
0.6241441627473755 0.978985611031284 0
0.640798298613166 0.9885742642783519 0
0.640625 1.0 1
0.59375 1.0 1
0.6027406028363218 0.980516064910262 0
0.5687542402379037 0.9791192358648461 0
0.5855589210657297 0.984404070888645 0
0.6089748510572918 0.8791704239272785 0
0.6113080278523593 0.8967844444798798 0
0.6179594358594971 0.8637178405958877 0
0.49979179097825327 0.8249953090733992 0
0.4744082953489192 0.8350291768448367 0
0.44835745233703433 0.8428283917467131 0
0.49903674532201914 0.8441438350598449 0
0.5202752989841616 0.8222123147563979 0
0.4655779112072447 0.8561564587546475 0
0.4553859392587309 0.8188978961394404 0
0.4634402961698109 0.8031037813551255 0
0.4329715148162914 0.8325590525269183 0
0.6395448806270758 0.758082578799434 0
0.6677336084136044 0.744698374149936 0
0.6523132627892239 0.7287459418435595 0
0.6304294813219811 0.6843695748547843 0
0.6016983979099318 0.6593304398887933 0
0.44209948726075843 0.5408460308414189 0
0.43576948247055153 0.5020172051315069 0
0.4561821246606352 0.6784553942906385 0
0.5013107391328829 0.753309587163069 0
0.5230368559292536 0.7507218506704733 0
0.5440748458125276 0.7664759043253101 0
0.5683085246273486 0.75416867594886 0
0.5823270140909814 0.7645909667197215 0
0.5807714085731882 0.7257763083693106 0
0.5982047860332246 0.7287045899590264 0
0.562068338841145 0.7344980473477392 0
0.5582146272530149 0.7018195859342952 0
0.5470248743461852 0.7197056344764123 0
0.537983741619713 0.7016061257040763 0
0.5278035250783413 0.7179992688581651 0
0.5173268860944847 0.7001356763561842 0
0.5707628046181572 0.6850019724540929 0
0.5793604850953389 0.7045070977871798 0
0.5988334997561449 0.6986235708533804 0
0.5814621365059716 0.7430109918525832 0
0.5493734613575076 0.6860416591376576 0
0.5197002256860356 0.7771017027930124 0
0.529060345863664 0.7972772029802468 0
0.551023715753905 0.797464549363852 0
0.5401592622841735 0.7836273589118361 0
0.5587344597327033 0.8144913815920497 0
0.480871247856959 0.7578821000433563 0
0.406854956295291 0.7725114221184203 0
0.39664170454263603 0.479969084778013 0
0.3797013157889946 0.48730129135540834 0
0.38420259271989776 0.4538942843753931 0
0.384691442814023 0.35867346348169016 0
0.48031961970891807 0.45633222943354956 0
0.5032986217584474 0.4449525405370708 0
0.604887736626301 0.3684817273172923 0
0.6076055494796597 0.3275849862836032 0
0.5988332979645286 0.347540699340258 0
0.5609267881638728 0.3189715935139889 0
0.5732100249857927 0.34210616459700366 0
0.5846488143641585 0.3212046099425179 0
0.5776285034044527 0.26866382130821903 0
0.5750793909937989 0.29574383317937225 0
0.5476355122610329 0.3408567207883396 0
0.4932724835883836 0.2928623726036182 0
0.5247581504189118 0.3119842483680749 0
0.541547555674064 0.32218079027954644 0
0.5468866058163253 0.2944688192155931 0
0.5231760161218617 0.3595496943046892 0
0.5342375868528149 0.37992015248518934 0
0.5218482142316345 0.33569649296051 0
0.5044892133785746 0.3486263486141726 0
0.49743311676139024 0.3210355668086169 0
0.5517515860768131 0.3836657420456023 0
0.539679853362041 0.3557957938450604 0
0.6255773247905705 0.3421173144930477 0
0.507342106827322 0.3051783821534076 0
0.5206141920314997 0.27582208524454915 0
0.5279638986761217 0.29329837215224286 0
0.4505183876987077 0.3135701409685351 0
0.4751485393839304 0.30993274630848777 0
0.4570449664564452 0.27255537762018783 0
0.46022492473750176 0.2940880575010329 0
0.47627550421456943 0.2807165499377741 0
0.4917407813927196 0.21753754394678956 0
0.478868554200092 0.24786895240456552 0
0.42436815126507843 0.28838225702917525 0
0.44140018062806646 0.29686810630363614 0
0.4227976144088726 0.31286999587474 0
0.4027044099532578 0.3067833165268757 0
0.39518508560775095 0.2798386988574282 0
0.4352167223732852 0.34059466117236636 0
0.4228873879316846 0.3294736497776716 0
0.4740029996917823 0.34014717460440896 0
0.4647408523867575 0.3246670827089293 0
0.4814009253645287 0.3252987271234177 0
0.42251634430138285 0.35333913000324435 0
0.4461108978909556 0.358565614388039 0
0.46451494519678654 0.35610739463675284 0
0.3780689835102031 0.2864641489265372 0
0.3521078452693278 0.2910846516111702 0
0.3636576991535874 0.30514895490005095 0
0.32074438622919993 0.2916531520933902 0
0.3365577841527532 0.2986328826383341 0
0.40780714050536626 0.290837815970042 0
0.42209331020725255 0.24203915152358385 0
0.3912593729128024 0.24856681315627904 0
0.38547885929420567 0.26517481909470136 0
0.41519417706751083 0.2656051940726376 0
0.43588237039145245 0.2705086027437572 0
0.4078083309351385 0.2506500256418281 0
0.4025370837814552 0.22575086368371813 0
0.34353806194144754 0.2107834062097279 0
0.37143761180218954 0.2245738933018131 0
0.38672366901643995 0.2321296487084122 0
0.44468818546929395 0.19502698790018272 0
0.42747727113171546 0.21569094847662149 0
0.45157096914029266 0.2343384041398521 0
0.44812717456803636 0.25433219503870497 0
0.472150607592622 0.227120848278741 0
0.47112234408541703 0.2002041223143134 0
0.47723841387670013 0.09890157765162248 0
0.46739854422256427 0.14914340148555816 0
0.5128528427525422 0.17149461821986173 0
0.4959469637813196 0.19160448533576632 0
0.5408542040438056 0.21219580087346265 0
0.5212403628301393 0.19570691888295144 0
0.5064905721114282 0.20662223141487063 0
0.518902485079489 0.23881767287636418 0
0.5544318663592569 0.17613495021808395 0
0.5331737006988455 0.17801408931035573 0
0.5452333470528602 0.19325807770410958 0
0.5874967754816586 0.21300621320934673 0
0.5699337109612103 0.19549479807840078 0
0.539151253872501 0.12445308880154421 0
0.5307530433301361 0.15062988152992446 0
0.5640652862742591 0.21894367219614888 0
0.582057807385283 0.24074550891896124 0
0.5457630320948732 0.23860484644915228 0
0.5969755116450093 0.18593637911064861 0
0.5755708080574949 0.1750948004306349 0
0.4869142985564447 0.16684982674878562 0
0.47929180916371095 0.18365646032905553 0
0.49946235172011366 0.13341135480879648 0
0.48655246871415303 0.1476404327552472 0
0.5061544797340916 0.15245408266213775 0
0.475364861503063 0.12451900699127073 0
0.39801223790251833 0.10598453081518917 0
0.375 0.0 1
0.43438571740651355 0.12486251366541494 0
0.4547532705689 0.11013433425663681 0
0.4274262789396226 0.0937911255791246 0
0.4375795564427849 0.10783206122897505 0
0.4175168588788218 0.11288427182984855 0
0.3884457589160342 0.16404596799193444 0
0.40943545930463526 0.14213249737758796 0
0.4539647831199089 0.08043481255615402 0
0.46129124070217414 0.09510053126337033 0
0.4548158884516837 0.1316681307642617 0
0.43694561163042245 0.15780275869487437 0
0.4277591821132385 0.1419470747983906 0
0.41347977434995004 0.16701549419078202 0
0.4314742993196831 0.17835811741381824 0
0.408548381038437 0.19478394678938424 0
0.399384683071323 0.17883445888947647 0
0.36874407227079425 0.19005910354171582 0
0.3623095936372851 0.2079237482503898 0
0.42660109212977826 0.19746175858471468 0
0.387682265862117 0.20680033184549534 0
0.38597162506392063 0.1896531130751395 0
0.4112364579452944 0.21137267111786023 0
0.4375 0.0 1
0.4197686902923944 0.04553210394162955 0
0.4312976746167584 0.06843977300871118 0
0.4614252090495512 0.0389221795317621 0
0.4416516265400745 0.04887383904459614 0
0.45965797516685775 0.06003127202988622 0
0.5156540662185444 0.05409069161642411 0
0.625 0.0 1
0.4870871827686891 0.05169909830846803 0
0.4416551355305738 0.02426028986416291 0
0.46875 0.0 1
0.4610935670998143 0.0187094491964665 0
0.3968460577095836 0.07142361044116513 0
0.4148485294711006 0.07889910612213098 0
0.47908107349855894 0.07465733795114884 0
0.5113873261078347 0.0893048875617799 0
0.4925623329540398 0.08787411245004931 0
0.49718909690921964 0.11046442619993792 0
0.5033523086055843 0.0704657334285529 0
0.5173037425331396 0.12005781879839929 0
0.5174665990555983 0.13823052288826798 0
0.5011127687352421 0.05597490667339705 0
0.5048678614406488 0.027901742128324924 0
0.4842493812648532 0.017264121260441006 0
0.488541959954678 0.034244788730026454 0
0.5658937145259879 0.018083261099117367 0
0.5625 0.0 1
0.5340465995159097 0.014699977631853028 0
0.53125 0.0 1
0.59375 0.0 1
0.5255240929920227 0.034709930483827166 0
0.5151296261556653 0.011735923840161306 0
0.515625 0.0 1
0.3773376008991799 0.1323969070452176 0
0.390917654348859 0.14540448846334963 0
0.3970656914013498 0.12616257723144325 0
0.6205126276284026 0.2093725512287478 0
0.6518264047754954 0.15438656656034846 0
0.6207303398024695 0.16377992309769668 0
0.6034022868241457 0.16901430178402346 0
0.6031350511172385 0.20328764275434785 0
0.5324755408333884 0.25673162154855256 0
0.5408389013406363 0.2751580695122171 0
0.5631799049507697 0.2520610023987199 0
0.5589540770905179 0.27032688170806624 0
0.5613667976407104 0.2866198549043919 0
0.5322435872092071 0.22745705584106218 0
0.6021989098140744 0.25825145657658655 0
0.6030647977017892 0.2369157911694694 0
0.5608950957646529 0.145864671838291 0
0.5446220289155053 0.14064383966884927 0
0.6059048506445016 0.0836369118783354 0
0.5756437894459413 0.10914069228211226 0
0.5609417083841777 0.0649506663072288 0
0.5396018579580304 0.05408293548865694 0
0.5276342197216686 0.07340785950419712 0
0.5361071736377412 0.09831803177138905 0
0.5596417308412074 0.041117993905118 0
0.5439321705802768 0.03073027573176697 0
0.5929999608875551 0.051250225562211496 0
0.5799420653328108 0.034262010420860974 0
0.6084708872928394 0.025846039039486488 0
0.5744751477438637 0.052260680481752385 0
0.5831148031785546 0.07503604977415029 0
0.5635551043864176 0.08862189999980145 0
0.546656567950207 0.07850768258554507 0
0.554818871126811 0.10758930016272035 0
0.5639353034013703 0.12576205121726713 0
0.5900530847339736 0.1317254967743414 0
0.6011810550042898 0.10873673005355732 0
0.5881763583308739 0.0940154685232145 0
0.6212060956695798 0.132617768244645 0
0.6058299907645254 0.12517479227577707 0
0.6068799255439928 0.14798375824542875 0
0.5782566941407598 0.14453340589903815 0
0.5908729498666191 0.018753893328428545 0
0.6289096145691253 0.0557059667797473 0
0.6875 0.0 1
0.6387828958678059 0.027022852074986545 0
0.65625 0.0 1
0.640625 0.0 1
0.6239717835360038 0.017550818674558374 0
0.62318967248455 0.037696208114587425 0
0.520194222041228 0.10355615077804194 0
0.4547910865034002 0.21351637511067048 0
0.43493839582198796 0.23093972360519074 0
0.343457649610006 0.24606313729799248 0
0.35216710350396674 0.22844303138354463 0
0.3458181393032082 0.2689513638718927 0
0.3232482801432003 0.2597131866353111 0
0.30702764299875024 0.2722979774256327 0
0.3296417953608774 0.27628252587380003 0
0.36812618124301105 0.24749397127267325 0
0.5606320432497698 0.30286655752134695 0
0.6189840639682449 0.41286201806971146 0
0.6482910433103793 0.43121010388691916 0
0.6501638356850229 0.41009425809110567 0
0.6659220215808505 0.3905820951441905 0
0.7176436734188452 0.39009953583174267 0
0.7130044480060485 0.3749878164913165 0
0.758905888131617 0.3131780105176482 0
0.7409007590059066 0.31290373009569883 0
0.7824310092623407 0.32194332236110557 0
0.7761206533898728 0.302927556046901 0
0.8021095337057197 0.3274547880643255 0
0.7967035928544616 0.30887001305747286 0
0.8272766303938249 0.31005555319352957 0
0.845427279870936 0.33131171820930666 0
0.8967835693339266 0.26908105142084293 0
0.8656331840385565 0.29568038032865784 0
0.8676871537799881 0.32039002552653706 0
0.9018483205520408 0.32999059542425435 0
0.8901374187664951 0.30608367507551454 0
0.8829778432991902 0.3315591889420228 0
0.8912094103637173 0.3528462191883995 0
0.8489434028905731 0.3095078951102265 0
0.8373191091373772 0.27849137439651006 0
0.8377619656161458 0.29601192392682685 0
0.816157690212997 0.28779213063370157 0
0.8122147559433581 0.30366959317308717 0
0.7983807864436412 0.21862147932606138 0
0.8015975747672218 0.25466442631829206 0
0.8194583419523016 0.2665779003574015 0
0.8282013740996755 0.2341250495376761 0
0.8183608219122898 0.2488780771612294 0
0.8020206053431748 0.27337544903920974 0
0.7781909099993553 0.26455391235565956 0
0.7809102808553259 0.23834572096586207 0
0.7564314332500516 0.24905096452692427 0
0.7385964253639201 0.24464266930406897 0
0.7556508645657577 0.21392653885501045 0
0.7632611133613696 0.23132830271432755 0
0.777168869713158 0.2148811123942568 0
0.7680506153694062 0.17741806454274922 0
0.7671608208959978 0.19747581941633854 0
0.7958751859276308 0.18870102133033032 0
0.7331298768773677 0.18591753785587886 0
0.7484642211037305 0.19664640798562052 0
0.7316796539278428 0.2137614452356117 0
0.7435724966290744 0.22731290899608914 0
0.720625296721946 0.19922596932772701 0
0.6952926966117945 0.1628946431156513 0
0.7026675055893142 0.18474988327350858 0
0.6685799637996449 0.18408045316939903 0
0.6853632940992288 0.19767686592492875 0
0.6607915702831689 0.2108512268518891 0
0.6857878278922439 0.22004012765599348 0
0.6738898864616361 0.23347113183031853 0
0.7035556642617171 0.2266967771020431 0
0.6857440512209263 0.1782886217783402 0
0.6733096457147258 0.15991732615972784 0
0.6940368953528268 0.08952216321475173 0
0.6718163298188528 0.12122857058008557 0
0.6667787328094594 0.14079621013535115 0
0.6925433643683799 0.13699692102857933 0
0.6460867264425098 0.12503687752814271 0
0.6376372540208786 0.14192534711521038 0
0.6535150854109668 0.08640314399024585 0
0.6287851421754496 0.10093741091737636 0
0.6303664673541348 0.11806248386483212 0
0.6565667785500362 0.10702092904946019 0
0.6765237966163119 0.10088812902737088 0
0.6970748865242106 0.11337860858152682 0
0.7209910808126561 0.13021115972759922 0
0.7102516730539787 0.14821178361455523 0
0.7185253426679591 0.1689853067149437 0
0.7391473644284249 0.1659627524868571 0
0.7281462684884803 0.15147651983415478 0
0.7506070651651726 0.1792394260320855 0
0.875 0.0 1
0.7749348492814021 0.07389201357927482 0
0.7533384430153787 0.1072003426052745 0
0.7238405277138248 0.0978484881515101 0
0.7071830188799458 0.09996973312311207 0
0.7346017168510358 0.11510276103560227 0
0.7506109474722471 0.126897126124019 0
0.81665447741939 0.12600521283976127 0
0.7835648093767038 0.12142314886854416 0
0.7936041619202309 0.15435136814338804 0
0.7864165712220245 0.1720764758692258 0
0.7460955054285003 0.0788486893294761 0
0.7164797082048043 0.06669273361648062 0
0.7281645423850697 0.0803794956036594 0
0.7408860447579317 0.09528053505450686 0
0.7628029842808838 0.08968146033685513 0
0.7875607032956041 0.09614862272224747 0
0.7720565445866555 0.10665055834811474 0
0.801820891749507 0.11135629143049396 0
0.8584504131830719 0.06884764802313566 0
0.8215069999546927 0.07860697898656066 0
0.8070208509234785 0.09219060045540675 0
0.7989482337808349 0.06906548770822869 0
0.8125 0.0 1
0.8252324490519711 0.038360594283492734 0
0.8169716101506629 0.05789153842403233 0
0.8374767753678525 0.06425638987544734 0
0.7903879063391239 0.03513517239399349 0
0.8000620958589268 0.05073946362118233 0
0.7548529424131961 0.04342586432416272 0
0.7582264392348382 0.06305382462033528 0
0.777079312596951 0.052287922121743824 0
0.7366371982125685 0.05666052571239545 0
0.71875 0.0 1
0.7123698668817614 0.03316782184828411 0
0.7203508339631894 0.04920379974409766 0
0.6936806114371409 0.0524733201350887 0
0.6979857465583234 0.0709580540312042 0
0.6718021856612628 0.06731255820886359 0
0.6707241787743766 0.08458393134980284 0
0.6673873282547683 0.03725546374201689 0
0.6480375116786293 0.046249313610720454 0
0.6463596311658036 0.06692872726678122 0
0.6271179527664174 0.07766947963957313 0
0.6191227487717066 0.08993604469223947 0
0.6768570719671032 0.05121730490238577 0
0.6893686493825518 0.029599907580096615 0
0.703125 0.0 1
0.702957924652939 0.017918890693874225 0
0.6413654140326867 0.19068127381434322 0
0.6406256015481833 0.21083367517422116 0
0.6568670542752415 0.19519114998720916 0
0.6517305522687834 0.1740138453758665 0
0.6193052567740149 0.1870477890742796 0
0.8263721443589259 0.20121228454633067 0
0.8079235155329709 0.2027572105602486 0
0.7596265098180139 0.2675884013275882 0
0.7989610576733605 0.23673471151892655 0
0.9408045247048545 0.29608596448295393 0
1.0 0.3125 1
0.9168044109411848 0.30784251744035174 0
0.9384947250308292 0.33861328218317455 0
0.9362506273451352 0.31716501250420137 0
0.9212843456999664 0.3295724432810867 0
0.9119082882572963 0.3456758502555283 0
0.968839838381424 0.324596789176312 0
0.9549852828873684 0.3101809957324253 0
0.9736531326940725 0.2772185879200292 0
1.0 0.28125 1
0.959809909325226 0.2911460067093586 0
0.9814859152046512 0.29884749677504857 0
0.9412795986418503 0.2588842394452784 0
0.9461313040181797 0.27755009267071945 0
0.9213344979180637 0.2740319163204936 0
0.9055169475951045 0.28912139483994864 0
0.923707224856089 0.2915586049278039 0
1.0 0.265625 1
0.8851244598449599 0.28608510351383054 0
0.8648160285381432 0.25966113512519884 0
0.8417003214871441 0.2537875384416528 0
0.8688344350662176 0.27758886285587525 0
0.8294017081838286 0.32661845489617347 0
0.8355775008680074 0.34699718267254065 0
0.7789437146721953 0.28899476905400157 0
0.753883964587992 0.29789860713392546 0
0.7996483205588043 0.4325918969951229 0
0.8900284892857944 0.39554182985935293 0
0.8894967253434626 0.4164496013671608 0
0.9109081891527986 0.3868877828852982 0
0.9368156413355405 0.3983111744326148 0
0.8961096408587249 0.37555365502977067 0
0.9596581504759231 0.40425035231620654 0
0.9566311241908488 0.36899595222926224 0
0.951908740888114 0.38715858111010565 0
0.9771972844434799 0.38599543156350213 0
0.9331809497679706 0.3725940152766599 0
0.9427407896653172 0.35668310563540473 0
0.9636775174731865 0.3470554082560653 0
0.980222958815285 0.3631279267738465 0
1.0 0.34375 1
0.9812815126212027 0.3392792359445255 0
1.0 0.390625 1
0.9816978672406881 0.4038916499610077 0
0.8733467204495199 0.41584769823928436 0
0.8662332066051291 0.5333587091703533 0
0.8486845146266976 0.5170791735986144 0
0.7558459749489947 0.5480454301487393 0
0.7703187407209962 0.5568493745387695 0
0.7690674541189555 0.5385939609902655 0
0.7521488091389694 0.5314811818396911 0
0.7272634645097643 0.5590871066251478 0
0.7347840336046938 0.57966892377887 0
0.7545395461950758 0.5787052525546117 0
0.7451792205304627 0.5629486599291397 0
0.7387605048625893 0.5463331570229036 0
0.71802554082685 0.540704212737246 0
0.9815732307299914 0.43898706511437685 0
1.0 0.421875 1
0.9588993168609292 0.4948349975747258 0
0.964271040816096 0.570801219942708 0
0.9534531024949572 0.5292597344051396 0
1.0 0.46875 1
1.0 0.484375 1
0.7418287369239569 0.6909029401607575 0
0.9800088107995226 0.47027124729273717 0
0.9016671264492884 0.1935554806239633 0
1.0 0.125 1
0.8658643782636819 0.21552459533962406 0
0.8510296510431162 0.23291766504593467 0
0.8446406778957264 0.2124455642246252 0
0.8618129908175856 0.1687639403315971 0
0.8469902059620938 0.18815298137712416 0
0.8714417437795495 0.19148553158080053 0
0.8880243150581539 0.17105732857889344 0
0.828535074722706 0.15868368631150737 0
0.8273448731980378 0.17994245528809003 0
0.8096099256399848 0.16828683774358433 0
0.7973618512267063 0.16619497371813724 0
0.8432850423760356 0.16995993234334542 0
0.8794470019868301 0.11815575808977746 0
0.8770376412809214 0.14569254116590988 0
0.850814459158787 0.14482601025914818 0
0.8644067046461985 0.13071358731125307 0
0.8411645358163534 0.12192994644195891 0
0.8291409957557245 0.10126432736489875 0
0.8438935883671382 0.08514448904815008 0
0.8314308805167954 0.1391319923370574 0
0.8121853316538389 0.14591604577639436 0
0.7988963249461503 0.1324762376598882 0
0.9326143476531643 0.13668148902472685 0
0.9036850797068899 0.13415029134460263 0
0.8958546973825164 0.152603809961745 0
0.9231476230488571 0.07829437002943342 0
0.906344275434687 0.10375812310935803 0
0.919479311543924 0.12021980606704197 0
0.9585508098790874 0.10251520973090163 0
1.0 0.0625 1
0.9412566896540518 0.11631446064693939 0
1.0 0.1875 1
0.9678266573382128 0.1396060130020844 0
0.9598602797527714 0.12189300720370794 0
0.9799246810324621 0.12351702725039887 0
1.0 0.09375 1
0.9380269472297833 0.09453005251411999 0
0.9616307575810334 0.0642306459816249 0
0.9435756096188243 0.07450895493007961 0
0.9375 0.0 1
0.9263222334014379 0.03841364366814104 0
0.930096374860126 0.058780792054201295 0
0.8930507008747696 0.05511229496783712 0
0.9109773972340651 0.06296656507132847 0
0.892177645101104 0.08149017650716377 0
0.8687451992623698 0.09269297393234752 0
0.8866946211035694 0.10012930951007706 0
0.8750711286232927 0.07581691255566055 0
0.851673088737263 0.1042155980346959 0
0.9083779256566543 0.08682403358138334 0
0.8943523503217605 0.11367832995199387 0
0.9800877249273523 0.10197392830749333 0
0.9688627075190253 0.08407861871100038 0
0.9810424318870994 0.06839919785439764 0
0.9798790175660416 0.03125 0
1.0 0.03125 1
0.9748400015824178 0.05000062506445844 0
0.9529999232357621 0.03407895237132411 0
0.96875 0.0 1
0.964995406002471 0.018943798673424675 0
1.0 0.046875 1
0.8904723363563286 0.12781042190545863 0
0.984375 0.0 1
0.9475131713110956 0.05196064148823887 0
1.0 0.15625 1
0.9871977996471636 0.14157902231516206 0
1.0 0.140625 1
0.9715250153805021 0.171875 0
1.0 0.171875 1
0.94855800376758 0.15816082747382623 0
0.9410002422559557 0.19690616705913286 0
0.9517555529780833 0.17889433690428755 0
0.922767624263714 0.17275157371310118 0
0.9713861926644908 0.2028333254980583 0
0.9815308099535621 0.18739934178985823 0
0.9507349387610218 0.227851955220522 0
0.9542686176251857 0.209736328342542 0
0.9215556715959016 0.19262495483037573 0
0.9132991108454457 0.22916243949094872 0
0.9272387842186814 0.21311082740613999 0
0.9085925617610648 0.2109965302011143 0
0.8868342679219898 0.20954075337325787 0
0.8836242755628015 0.2380271562331503 0
0.9129253763985561 0.25238361060206393 0
0.9005456145759555 0.24057077072723396 0
0.8663089891539725 0.24196630287678722 0
0.8831002240404102 0.2565643430786862 0
0.9299332051438449 0.15532863173651942 0
0.9051947504925238 0.1760307842515955 0
0.9652804758956424 0.15624426004994846 0
0.9500323243374642 0.14040948302134432 0
0.9323920254637227 0.23921961910018452 0
0.9677018497138811 0.24997829852627426 0
0.9749778592047882 0.22683046222408892 0
1.0 0.21875 1
0.9838560653605649 0.24233857396972616 0
0.9513059232161781 0.2449825637462654 0
0.9597549083646594 0.2659847387727976 0
0.9822695833304881 0.26106587759655075 0
0.6389295291348865 0.23026234468502726 0
0.671875 0.0 1
0.6733808337851224 0.019079404857647173 0
0.655002597080701 0.018350343348419503 0
0.7343749999999996 0.020203160624190412 0
0.7372310681872816 0.03832480795161357 0
0.7681127279577149 0.01995995609870302 0
0.78125 0.0 1
0.751222291815062 0.01708903265860267 0
0.796875 0.0 1
0.8091374320115615 0.02240942738179705 0
0.7707504269990803 0.14332461303062763 0
0.7597914901388919 0.15961041337094065 0
0.7440533181847911 0.33442975348034903 0
0.30551352950236177 0.2879090285720633 0
0.31820487917604917 0.22836562201689373 0
0.31472870261846836 0.24500438196434762 0
0.30760127382466823 0.18604585348732897 0
0.27631345885521325 0.21637360135221564 0
0.2949907699362104 0.23029375240683608 0
0.30492624769678583 0.20920440521952718 0
0.32423159839846916 0.21000751204598947 0
0.2678354147827726 0.24723916754567068 0
0.2848774617794274 0.2443181789049605 0
0.27970464637695863 0.26531326467457617 0
0.25775460190983135 0.26679352331551576 0
0.26637614429069767 0.28610024447223653 0
0.24597210052329682 0.22463668744349805 0
0.2502219961257641 0.24240117628043584 0
0.2635855191803055 0.22947467870873317 0
0.25336776349645895 0.19195593775326406 0
0.23822046403446034 0.20570529473095733 0
0.21603748288896993 0.22584101115776758 0
0.2314625155953675 0.23661601429702947 0
0.21359343839863237 0.2457682099480157 0
0.1880657973946801 0.20686701873761282 0
0.20674184417217284 0.2094396603334449 0
0.13061565324061644 0.18306512083851473 0
0.14147989145858847 0.2135960844396242 0
0.16473762845181755 0.20998774833822506 0
0.15023694680601607 0.19328148026530853 0
0.1893223880800582 0.0942646528740709 0
0.125 0.0 1
0.16460751800259638 0.14173143638883018 0
0.15197736836602316 0.1659885972267891 0
0.1759234172961526 0.18121753017347667 0
0.1719754397091685 0.16098444059096087 0
0.20609196700055216 0.16482917894055168 0
0.18842865674774736 0.16827572884612219 0
0.19225176199507713 0.14088401070969825 0
0.263673064884495 0.11557517638427971 0
0.23031130110395298 0.1348581334140818 0
0.2124399552503599 0.14518769501719372 0
0.15976320376059208 0.18018702035112072 0
0.10087789174999356 0.12396557117271359 0
0.0 0.125 1
0.12198903706883543 0.15037435802687785 0
0.14329827753571592 0.1460528972078539 0
0.14536492307717097 0.10154463074539745 0
0.14993072980258862 0.1240587475016861 0
0.17588445920029763 0.11743545616593463 0
0.125417041521211 0.11731003685895172 0
0.1298585900563972 0.13448038551608427 0
0.09689669110206647 0.06072071908828597 0
0.1053628021231665 0.09193551816113499 0
0.12536386260016874 0.09674007445326611 0
0.10996640679406096 0.1089091432948778 0
0.1671779403000481 0.09690403113662775 0
0.14644263616359962 0.05302433435823999 0
0.14064305171286584 0.07716763340347813 0
0.16618387971150553 0.07053470204332492 0
0.1221487702637247 0.05995680481556054 0
0.11910658971882603 0.07875485540085167 0
0.1267736351296719 0.03013054188144959 0
0.10898744627882696 0.042644310325409295 0
0.0625 0.0 1
0.07502341573903795 0.03300858438537454 0
0.09044572716933216 0.04332409529296076 0
0.09375 0.0 1
0.09895403535643657 0.022184959018423864 0
0.06680247051404566 0.06198579237418573 0
0.109375 0.0 1
0.11562861464734547 0.01647752209984481 0
0.13133330503392268 0.04610926258188755 0
0.0 0.0625 1
0.03320538569049706 0.0367994094781803 0
0.05484268659850412 0.042937994867431245 0
0.05663374899102639 0.021105624662086205 0
0.03125 0.0 1
0.03765736870855567 0.018111191672231203 0
0.0 0.03125 1
0.01569280924102339 0.015692809241023394 0
0.08268932593696002 0.08132954914334192 0
0.039843630559563706 0.10032259282937052 0
0.05863486688073577 0.0848895175371764 0
0.036688159411523945 0.06572621855979088 0
0.04115361090640213 0.0827610224798831 0
0.0 0.09375 1
0.01828009017747757 0.07965433550299189 0
0.019426050320736302 0.10004166680433103 0
0.06873420840869454 0.11634302190204898 0
0.08810643619519624 0.10572691793681768 0
0.07136021046594844 0.09815170359752806 0
0.1875 0.0 1
0.16022426673164575 0.021287846205383838 0
0.15625 0.0 1
0.17125217882405053 0.044937331853407744 0
0.18455139545852917 0.02433988176677007 0
0.21331292476513664 0.057502620974560194 0
0.19410975174398765 0.04510365134465859 0
0.191835691811925 0.06969580104895477 0
0.22217731789097503 0.022703549859480535 0
0.21875 0.0 1
0.20312500000000003 0.013969211250367824 0
0.203125 0.0 1
0.20647371930903105 0.03181130395476631 0
0.234375 0.0 1
0.19022215808497653 0.01267831237760684 0
0.15526661386664561 0.0379955697528449 0
0.14045847347018708 0.014207510037754334 0
0.140625 0.0 1
0.15608001176433142 0.08411899507910793 0
0.20164317797220976 0.1168921777204444 0
0.22346934218899653 0.09033960691715484 0
0.2099215488937136 0.07654074038129237 0
0.20718922878452478 0.09920420249438808 0
0.225179331140639 0.11286182870593794 0
0.24401413973583444 0.12006429286460941 0
0.2486149179196449 0.09492206299805724 0
0.26111040744707087 0.14964282918710758 0
0.24070973578966187 0.06701801261371605 0
0.3179011881914958 0.06022156115515611 0
0.3125 0.0 1
0.28615922666924637 0.0833645668907226 0
0.26937521494467703 0.09560175895382961 0
0.2955515708908954 0.11387542045842322 0
0.26472696542848206 0.07159770373890498 0
0.2886451865602557 0.053434739167115976 0
0.28073318350289456 0.0678457265539193 0
0.23332824708818617 0.044072586568656494 0
0.2619432567516663 0.04310187918751725 0
0.25484032030355563 0.05817963313975304 0
0.24697280206057445 0.02404445716590927 0
0.28125 0.0 1
0.27042846337833704 0.021027680234689223 0
0.2795731570303778 0.037210786647371576 0
0.3091964812516775 0.03129456528176917 0
0.29178331045674444 0.018719188037623808 0
0.30526280435749026 0.04825149414124496 0
0.35105122594114463 0.03447284969205558 0
0.3295109712105749 0.04095473967673761 0
0.34375 0.0 1
0.32818997834714864 0.017542797996510363 0
0.13353069349686533 0.16481228358460684 0
0.359375 0.0 1
0.3856630227408625 0.03843004174190618 0
0.37000003327449227 0.022081652831011246 0
0.3652365741017921 0.06374550913929806 0
0.34554710883920076 0.0552135058418249 0
0.33892653583657223 0.09747680449267421 0
0.34771182856413274 0.07720281842515475 0
0.32637742230169403 0.0799984667655679 0
0.3154929170466407 0.1010575152901219 0
0.36894274411726047 0.09844322700892551 0
0.3063790587695824 0.08300457108561118 0
0.3011345519917632 0.06604718086453364 0
0.31810387443978416 0.1270402316938604 0
0.34684627392929457 0.12516979647385137 0
0.332950692623485 0.13341369552362164 0
0.29235034756656375 0.14525864942101818 0
0.3120596095801962 0.14580784988528536 0
0.3016619286076776 0.16502178754942787 0
0.32332116033826674 0.17025397865014286 0
0.33470929739948024 0.18988035893371968 0
0.27978195875568795 0.18255389958051363 0
0.30108544117784364 0.13029478255452956 0
0.28030861126835555 0.1281978667982568 0
0.3312568858956935 0.05513810805360391 0
0.2609599202877179 0.17148023865088982 0
0.27940513705707093 0.161661531807977 0
0.2370003886685073 0.16039590415181548 0
0.2209994224160663 0.15880060842034885 0
0.24449246912980227 0.14478859058912358 0
0.27065051386222777 0.1987051048077614 0
0.35360306244979994 0.10825851350695236 0
0.3317209381860959 0.11451643945438104 0
0.3868899938669165 0.08905969057235402 0
0.38052517959126175 0.11359416548328252 0
0.23514274335009253 0.18138346473017605 0
0.21753660174772313 0.1785126727918848 0
0.19796454031974903 0.18766274202570582 0
0.35184120385261564 0.1681641561098695 0
0.35174907062203625 0.18570725179310157 0
0.3707026373328249 0.17107512512712722 0
0.3642895950344025 0.15006681631522567 0
0.3608799906817708 0.1338965797536 0
0.38347547968295265 0.057563506799250715 0
0.4010703094712715 0.049883352333425515 0
0.36742411715970197 0.04461204408195321 0
0.40625 0.0 1
0.42187499999999994 0.01516211894046256 0
0.421875 0.0 1
0.40044166747694965 0.021617719452149176 0
0.390625 0.0 1
0.0 0.1875 1
0.06522479818225546 0.18283721449687163 0
0.09795072150132612 0.17420131997928437 0
0.09672633633492445 0.14892682112326835 0
0.07736881391347401 0.16253147342514754 0
0.07530181506670723 0.13901656920718353 0
0.038115040329637806 0.13750011073289375 0
0.029383283500888466 0.11846517778751574 0
0.049245871543406504 0.12087395096945475 0
0.05101971157152029 0.1605574605621551 0
0.083833025052411 0.12425746560042208 0
0.05654252737719437 0.1423265673363759 0
0.0196672217002998 0.16296483236804682 0
0.0 0.15625 1
0.03713391017158039 0.18507904969870814 0
0.05473122749406264 0.22846420261460618 0
0.05277841849857682 0.20399490230497846 0
0.0 0.21875 1
0.02605326040488671 0.21017077502194537 0
0.08795450868470378 0.21350019555093178 0
0.07238232109382511 0.20128749656929426 0
0.09114947132795086 0.19339210319669206 0
0.11472813118125202 0.20744637123165705 0
0.1134454350916853 0.23142782875409137 0
0.13078627102364 0.22773721862187019 0
0.09504958542077004 0.23049817840189338 0
0.07491865628420535 0.22892121008224522 0
0.06413118467693582 0.25933810125028406 0
0.08191317184174751 0.26651641609714866 0
0.07831755132872315 0.24724799721878044 0
0.13044836039940377 0.20032311575140707 0
0.11171075704494848 0.1881131559735747 0
0.01958442520540952 0.234375 0
0.036222006232677816 0.22585502473878968 0
0.03904596878166059 0.2518742841116695 0
0.05463696965539392 0.24536081913221625 0
0.018941712900555935 0.19203777297414326 0
0.03583407923174801 0.16815065655409475 0
0.04697652138622158 0.27110689451402054 0
0.0 0.28125 1
0.026664577234168013 0.29088915909241797 0
0.0 0.296875 1
0.04135143426086774 0.31512288075652345 0
0.0509820943483555 0.33814815617613214 0
0.019145418991139543 0.337937593558948 0
0.0 0.34375 1
0.03510861252534525 0.3312607530852919 0
0.02051539410777227 0.31633903791223594 0
0.05692499193457765 0.3075202672750076 0
0.04100911519213488 0.2987629946530504 0
0.020104666961221433 0.26733530991906806 0
0.0 0.359375 1
0.017998477450404237 0.3561812209470033 0
0.047429924622967856 0.35603167522054524 0
0.015982937401147083 0.140625 0
0.0 0.046875 1
0.020008470971484907 0.05306137825160331 0
0.078125 0.0 1
0.08221125398457624 0.017033965725628153 0
0.19185604255962105 0.23138448627289251 0
0.18358816546259954 0.24598462109897254 0
0.6097300731424916 0.06334830058579358 0
0.45665952356073475 0.17311963531498425 0
0.49766596610166286 0.23794921096710628 0
0.49891311800229754 0.26308244772973693 0
0.508864363360901 0.22419731972349174 0
0.5149397291820688 0.25591917361776817 0
0.48193729167963273 0.26463735304895275 0
0.5038944065848338 0.27945011725581065 0
0.31680707174102435 0.3120746098652848 0
0.45412244389320666 0.34031175412291187 0
0.5083974432122785 0.37054404072937797 0
0.5694309547484325 0.3591396622831648 0
0.628872771179628 0.3147450369312261 0
0.6175636239766881 0.28554081380168583 0
0.6017935539100098 0.30400706644289044 0
0.6182282101436974 0.3020752658429277 0
0.5953126261167244 0.28250549320167934 0
0.6232618215979352 0.26436248767057763 0
0.6369556425302323 0.2794026552840843 0
0.6451989160339753 0.2581432114895136 0
0.6534296606442757 0.2820980129536474 0
0.02684082800937527 0.9218750000000003 0
0.045938614504595965 0.9099519850045339 0
0.01903704554595247 0.90441417736377 0
0.0 0.921875 1
0.11847457441528311 0.3199476895384276 0
0.10743164378782151 0.29795516107406544 0
0.0 0.4375 1
0.0251043875490558 0.40625 0
0.0 0.40625 1
0.01255219377452793 0.42187500000000017 0
0.0 0.421875 1
0.04576393925988033 0.4357009947613309 0
0.031163133959325698 0.42397157796794116 0
0.05087717447997384 0.4143837610763354 0
0.06275569526769076 0.4285048467904075 0
0.06302457097331704 0.4527985147384551 0
0.03228790504842301 0.4665670012023374 0
0.04499402815210751 0.4537396606469989 0
0.05494146568484737 0.4711275951027483 0
0.07114250909349909 0.47461332642261617 0
0.03602932357517597 0.4861301506089244 0
0.0 0.46875 1
0.01850001191989939 0.49432585589920747 0
0.01255219377452793 0.39062499999999994 0
0.0 0.390625 1
0.0167171632511257 0.47613664247790993 0
0.0 0.453125 1
0.021909553719430288 0.44531250000000006 0
0.017165890079036912 0.37406428916430884 0
0.1345964738701639 0.3529148381889999 0
0.15643034388160515 0.4124005712123547 0
0.17121936577595212 0.3970180992332089 0
0.159789661709648 0.3802621222602606 0
0.07533519417102996 0.4126310769822371 0
0.2859938834942293 0.544585287947724 0
0.3288542938247661 0.6880468886924481 0
0.30275269868832344 0.9091725947975778 0
0.31737873828072294 0.9177532635651565 0
0.3141939490144417 0.8956331390383319 0
0.2802419047242046 0.8964684720855328 0
0.26147158528211717 0.9082408022218961 0
0.2631422948348445 0.9291752273270137 0
0.2870702447416569 0.9380603445759654 0
0.28331411726600986 0.9173205491514395 0
0.2833860227889908 0.9581885098089539 0
0.2994106799474395 0.9650745391980476 0
0.3015973645607273 0.9477499003403267 0
0.28409696248349203 0.8783615843590783 0
0.44669782888353876 0.8925872681563853 0
0.4338601588420902 0.8806366063657979 0
0.4537838183686044 0.9109531474814264 0
0.4021554144235142 0.851899591809738 0
0.30661753552121407 0.6761192719065683 0
0.020020474804333232 0.6397989750145786 0
0.017945591154863934 0.6718749999999999 0
0.03460135362556347 0.7091223559757096 0
0.04419992195512162 0.6841176853025855 0
0.04562050755840507 0.6696618064195572 0
0.06254497479149433 0.6985835157075322 0
0.0536199737039161 0.7172344967199609 0
0.03434647242415197 0.7360702189623533 0
0.03498399841126527 0.7521085609677404 0
0.020596310061888123 0.6930373136781255 0
0.0 0.71875 1
0.01642941637367111 0.7108049040772727 0
0.05458466300424897 0.7375001959875045 0
0.0 0.734375 1
0.017478046382489818 0.729046915163669 0
0.01773471822999292 0.7470272297642193 0
0.10734353708841333 0.7979352105594852 0
0.08291553887326993 0.8989948077465612 0
0.47648725933601316 0.9302888346846627 0
0.4701407671302781 0.9147439874088046 0
0.7507311315017607 0.9707724271939311 0
0.8125 1.0 1
0.7908470202881113 0.9658766735766209 0
0.7698393204243619 0.9605422378323993 0
0.78125 1.0 1
0.7691060531972086 0.9821330816207534 0
0.7855030042170227 0.9428893607044714 0
0.81391486379626 0.9483990997909192 0
0.8010819614988625 0.9286594500043751 0
0.8153524369875571 0.9742583645679097 0
0.8517885525265148 0.9592632097566114 0
0.8309613930210638 0.9604210371896066 0
0.84375 1.0 1
0.8351878483597183 0.9809109856111706 0
0.8400791655041644 0.936532963641669 0
0.8628757639849186 0.9391705383399382 0
0.8421658734245198 0.9140113691649795 0
0.8579074762616825 0.9221569007948578 0
0.71875 1.0 1
0.7269715224691529 0.9768852410227329 0
0.734375 1.0 1
0.7136213983162395 0.964042301958811 0
0.7071170116998529 0.9833146065758898 0
0.8593750000000017 0.9819217514340015 0
0.9375 1.0 1
0.8898326770542718 0.971388687062706 0
0.8741623084538396 0.957113584712581 0
0.8623811426430393 0.9520029225727143 0
0.8767060450522817 0.9827340131479403 0
0.90625 1.0 1
0.9218749999999983 0.9720184623078431 0
0.9062195993668175 0.9530940357482 0
1.0 0.9375 1
0.950909054009216 0.9320620340411798 0
0.9161631440692417 0.916227614431916 0
0.9049304295512908 0.9329721350547515 0
0.9280993310454608 0.9415899976186248 0
0.8939911008474717 0.9134938360422082 0
0.908223382901216 0.889343286519838 0
0.9338861815574427 0.9233766283727506 0
0.9356382375111322 0.895363321317345 0
0.9236656913453108 0.8844527658329082 0
0.9201564378574454 0.9004336824546958 0
0.9635603999896474 0.8717212510600898 0
0.9446894158895867 0.8777435086729863 0
0.8874985576375157 0.8933987589879372 0
0.894484231560987 0.8741147547745725 0
0.9093796454678679 0.8629633240064302 0
0.9276101962908057 0.8364592208799825 0
0.917502789683323 0.8186588361293394 0
0.9470582047921131 0.852588584082895 0
0.952931680168771 0.8257172135517612 0
0.9781487688924121 0.8251017483014448 0
1.0 0.84375 1
1.0 0.828125 1
0.9659608296311814 0.8426426815560913 0
0.9613968855797905 0.8569042911855208 0
0.9828621061504638 0.8613364576895631 0
0.9362737655600425 0.8216659239496572 0
0.9192215283539048 0.8047292245532034 0
1.0 0.859375 1
0.907285951352162 0.8387397760010399 0
0.9668414008829547 0.9039058251484922 0
0.9483420318938809 0.9102193072201259 0
0.980621205654079 0.8862415416858959 0
1.0 0.90625 1
0.9822332163205983 0.9218750000000012 0
0.9647258884327975 0.9212945585447814 0
0.9726784431320185 0.9457479090668066 0
0.9487111243307692 0.9616571127766923 0
0.9564814062116533 0.9473550303006467 0
0.9766571314413377 0.9777498915045295 0
0.96875 1.0 1
1.0 0.96875 1
0.9834722769756399 0.9606542705931735 0
1.0 0.984375 1
0.9552217457203682 0.9826623446494757 0
0.9371031152301836 0.9818683226289308 0
0.984375 1.0 1
0.9319706828684382 0.9582327517196013 0
0.9056648338221819 0.981319941541894 0
0.796875 1.0 1
0.7990084856893098 0.9820290210384606 0
0.8941310122713388 0.6788532396856128 0
0.880319503560658 0.6623710357783618 0
0.8626690750807571 0.6567476333132186 0
0.8660534451055381 0.6766367591628824 0
0.939578132831492 0.6694852206558463 0
0.9195918520574504 0.6662355769833626 0
0.9349853377015553 0.63464665987997 0
0.9179968509597856 0.6459131909256758 0
0.9100318805066121 0.6154615376758733 0
0.9573693832378771 0.6494177696856576 0
0.9610077675182339 0.6195583105831212 0
0.942567595327024 0.6177393231591605 0
0.9517535577871847 0.6335820809529484 0
0.9784721118287236 0.6368377449850651 0
1.0 0.65625 1
1.0 0.640625 1
0.979812540509016 0.6569944041628888 0
0.9397728748944741 0.6517375313527168 0
0.9525282453760392 0.6820868733143166 0
0.982424277111441 0.6085186448482486 0
1.0 0.59375 1
1.0 0.578125 1
0.9819546267795539 0.5753564459619378 0
0.9566406469807732 0.601761530704509 0
0.8895168897834469 0.6254254069954112 0
0.901044320630186 0.6394400001543775 0
0.9186794373041562 0.5975754564700394 0
0.9795861709401216 0.7507076015414149 0
0.9623800606536792 0.7539337098179254 0
0.8320669765174001 0.8061628199306886 0
0.535462501136436 0.49002488566015556 0
0.6649088980583788 0.5408241458907188 0
0.6914890066908135 0.5504134334687002 0
0.6880044980835152 0.5777359383275356 0
0.6923805544059174 0.595612730259939 0
0.6723263716683757 0.591047786699875 0
0.6535957496422458 0.5807614606800159 0
0.6493641432553631 0.5647947627762564 0
0.706552629606984 0.5662179822074503 0
0.6815835220319374 0.5630336083474644 0
0.7203969407537265 0.5727856480560722 0
0.706583176428276 0.325196932576137 0
0.7058130360886194 0.30734644739032724 0
0.7955411483465742 0.4625140221453037 0
0.8594403833386052 0.6172095121717811 0
0.8592564930101019 0.6338029838579508 0
0.0425709173350308 0.38924385628350744 0
0.9371396462207929 0.020728241752837252 0
0.90625 0.0 1
0.9154774530309553 0.019629371854655953 0
0.9053018443201851 0.03802674756658734 0
0.876223647944273 0.030111406670625968 0
0.8939529593044622 0.01776416649718385 0
0.8531280212494294 0.04296004973500045 0
0.8720142806578027 0.052568037429007015 0
0.84375 0.0 1
0.828125000000001 0.0138015474058477 0
0.828125 0.0 1
0.8487545046212285 0.021411153685514953 0
0.859375 0.0 1
0.8654663832033191 0.016361085648356095 0
0.8379377818314493 0.048195767592876956 0
0.046532108850860836 0.9682251136462878 0
0.06410454467782364 0.9607801531633168 0
0.062027302762484186 0.9803379156016112 0
0.02520341495775255 0.9499284921289928 0
0.0 0.96875 1
0.023324832264927382 0.9736983168402716 0
0.03125 1.0 1
0.04448974026018256 0.9868052407684472 0
0.046875 1.0 1
0.0 0.984375 1
0.01669891896509374 0.990039662069811 0
0.015625 1.0 1
0.0 0.953125 1
0.04514791180179643 0.9482587687353443 0
0.016721947948368263 0.9353589179039635 0

Edges
187
1 2045 1
1 2047 1
2 1913 1
2 1920 1
3 2391 1
3 2394 1
4 2470 1
4 2472 1
5 1572 1
5 1594 1
6 101 1
6 1853 1
7 761 1
7 766 1
9 999 1
9 2264 1
10 888 1
10 2309 1
11 802 1
11 824 1
40 626 1
40 636 1
55 2320 1
55 2336 1
80 2414 1
80 2419 1
97 107 1
97 2420 1
99 101 1
99 107 1
104 1807 1
104 1952 1
105 1830 1
105 1832 1
106 1848 1
106 1852 1
129 1832 1
129 1848 1
212 1764 1
212 1964 1
546 2328 1
546 2345 1
576 2376 1
576 2381 1
613 617 1
613 2370 1
617 626 1
628 638 1
628 2413 1
636 638 1
651 1390 1
651 1391 1
656 660 1
656 2334 1
660 1390 1
733 789 1
733 852 1
743 749 1
743 1391 1
749 761 1
763 771 1
763 785 1
764 766 1
764 771 1
785 852 1
788 789 1
788 800 1
799 800 1
799 802 1
804 861 1
804 866 1
805 824 1
805 866 1
842 1360 1
842 1363 1
847 2246 1
847 2473 1
855 859 1
855 2469 1
859 861 1
881 1354 1
881 1356 1
885 888 1
885 1354 1
902 946 1
902 1001 1
945 946 1
945 2306 1
979 996 1
979 999 1
983 2178 1
983 2200 1
996 1001 1
1025 2212 1
1025 2267 1
1237 2073 1
1237 2100 1
1339 2202 1
1339 2206 1
1356 1360 1
1363 2246 1
1539 2111 1
1539 2160 1
1562 1572 1
1562 2158 1
1569 1591 1
1569 1642 1
1588 1590 1
1588 1591 1
1590 1594 1
1639 1778 1
1639 1958 1
1641 1642 1
1641 1958 1
1731 2447 1
1731 2458 1
1754 1966 1
1754 2456 1
1764 1778 1
1790 1799 1
1790 1830 1
1799 1807 1
1852 1853 1
1857 1893 1
1857 1924 1
1887 1893 1
1887 1918 1
1889 1926 1
1889 1952 1
1897 1916 1
1897 2447 1
1913 1918 1
1916 1920 1
1922 1924 1
1922 1926 1
1964 1966 1
1999 2038 1
1999 2077 1
2012 2054 1
2012 2174 1
2032 2045 1
2032 2218 1
2035 2038 1
2035 2218 1
2041 2054 1
2041 2216 1
2047 2216 1
2060 2062 1
2060 2071 1
2062 2077 1
2069 2071 1
2069 2073 1
2089 2100 1
2089 2108 1
2108 2111 1
2156 2158 1
2156 2160 1
2161 2174 1
2161 2178 1
2200 2202 1
2206 2212 1
2249 2253 1
2249 2269 1
2251 2253 1
2251 2267 1
2264 2269 1
2306 2309 1
2317 2328 1
2317 2397 1
2320 2397 1
2334 2336 1
2340 2345 1
2340 2388 1
2348 2381 1
2348 2389 1
2369 2370 1
2369 2376 1
2388 2394 1
2389 2391 1
2413 2414 1
2419 2420 1
2454 2456 1
2454 2458 1
2465 2470 1
2465 2473 1
2467 2469 1
2467 2472 1

Triangles
4761
1 2045 2048 0
1 2047 2048 0
2 1913 1920 0
3 2391 2394 0
4 2470 2471 0
4 2471 2472 0
5 1572 1585 0
5 1584 1585 0
5 1584 1593 0
5 1593 1594 0
6 100 101 0
6 100 103 0
6 103 1853 0
7 761 762 0
7 762 765 0
7 765 766 0
8 1041 1043 0
8 1041 1212 0
8 1043 1044 0
8 1044 1059 0
8 1059 1060 0
8 1060 1212 0
9 999 1007 0
9 1007 2265 0
9 2264 2268 0
9 2265 2268 0
10 888 2311 0
10 2309 2311 0
11 801 802 0
11 801 807 0
11 807 824 0
12 408 410 0
12 408 417 0
12 410 412 0
12 412 414 0
12 414 416 0
12 416 417 0
13 58 61 0
13 58 67 0
13 61 528 0
13 67 529 0
13 528 529 0
14 319 320 0
14 319 2429 0
14 320 381 0
14 381 466 0
14 466 470 0
14 470 2429 0
15 382 385 0
15 382 389 0
15 385 1093 0
15 389 391 0
15 391 1092 0
15 1092 1093 0
16 479 482 0
16 479 483 0
16 482 489 0
16 483 1432 0
16 489 1427 0
16 1425 1427 0
16 1425 1432 0
17 30 501 0
17 30 2434 0
17 501 502 0
17 502 2435 0
17 2434 2435 0
18 183 196 0
18 183 1664 0
18 196 1970 0
18 1662 1664 0
18 1662 1970 0
19 250 262 0
19 250 314 0
19 262 264 0
19 264 329 0
19 314 329 0
20 78 155 0
20 78 159 0
20 155 156 0
20 156 157 0
20 157 158 0
20 158 159 0
21 150 193 0
21 150 2442 0
21 161 1816 0
21 161 2442 0
21 191 194 0
21 191 1816 0
21 193 194 0
22 253 256 0
22 253 1840 0
22 256 1846 0
22 1840 1845 0
22 1845 1846 0
23 35 36 0
23 35 48 0
23 36 42 0
23 42 45 0
23 45 48 0
24 36 38 0
24 36 1843 0
24 38 154 0
24 154 1838 0
24 1838 1843 0
25 33 34 0
25 33 1842 0
25 34 2433 0
25 1842 2439 0
25 2432 2433 0
25 2432 2437 0
25 2437 2439 0
26 29 68 0
26 29 514 0
26 63 64 0
26 63 68 0
26 64 513 0
26 513 514 0
27 29 30 0
27 29 68 0
27 30 2434 0
27 34 68 0
27 34 2433 0
27 2433 2434 0
28 29 30 0
28 29 514 0
28 30 501 0
28 500 501 0
28 500 517 0
28 514 515 0
28 515 517 0
31 33 34 0
31 33 35 0
31 34 68 0
31 35 48 0
31 48 63 0
31 63 68 0
32 33 35 0
32 33 1842 0
32 35 36 0
32 36 1843 0
32 1842 1843 0
36 38 70 0
36 42 70 0
37 38 70 0
37 38 154 0
37 70 74 0
37 74 78 0
37 78 155 0
37 154 155 0
39 77 168 0
39 77 606 0
39 168 2401 0
39 605 606 0
39 605 2402 0
39 2401 2402 0
40 626 2426 0
40 636 637 0
40 637 2426 0
41 42 44 0
41 42 71 0
41 44 52 0
41 52 77 0
41 71 76 0
41 76 77 0
42 44 45 0
42 70 71 0
43 44 45 0
43 44 52 0
43 45 47 0
43 47 50 0
43 50 53 0
43 52 62 0
43 53 62 0
45 47 48 0
46 47 48 0
46 47 1854 0
46 48 64 0
46 64 66 0
46 66 1854 0
47 50 1854 0
48 63 64 0
49 50 53 0
49 50 1854 0
49 53 57 0
49 57 58 0
49 58 67 0
49 67 1854 0
51 53 56 0
51 53 62 0
51 56 602 0
51 62 606 0
51 600 601 0
51 600 606 0
51 601 602 0
52 62 606 0
52 77 606 0
53 56 57 0
54 59 604 0
54 59 688 0
54 604 649 0
54 649 688 0
55 2316 2321 0
55 2316 2336 0
55 2320 2321 0
56 57 59 0
56 59 604 0
56 602 604 0
57 58 59 0
58 59 61 0
59 61 688 0
60 61 528 0
60 61 688 0
60 528 530 0
60 530 545 0
60 539 545 0
60 539 688 0
64 66 513 0
65 66 67 0
65 66 513 0
65 67 529 0
65 513 518 0
65 518 523 0
65 523 529 0
66 67 1854 0
69 70 71 0
69 70 74 0
69 71 76 0
69 74 75 0
69 75 76 0
72 75 76 0
72 75 2443 0
72 76 77 0
72 77 168 0
72 168 2444 0
72 2443 2444 0
73 74 75 0
73 74 78 0
73 75 2443 0
73 78 82 0
73 82 87 0
73 87 2443 0
78 82 159 0
79 88 89 0
79 88 110 0
79 89 93 0
79 93 96 0
79 96 109 0
79 109 110 0
80 2412 2414 0
80 2412 2418 0
80 2418 2419 0
81 82 84 0
81 82 159 0
81 84 88 0
81 88 89 0
81 89 1835 0
81 159 1835 0
82 84 87 0
83 84 86 0
83 84 88 0
83 86 2425 0
83 88 116 0
83 116 2425 0
84 86 87 0
85 86 87 0
85 86 2407 0
85 87 2443 0
85 2407 2423 0
85 2423 2443 0
86 2407 2425 0
88 110 116 0
89 93 165 0
89 165 1835 0
90 141 142 0
90 141 144 0
90 142 167 0
90 144 146 0
90 146 1836 0
90 167 1836 0
91 164 165 0
91 164 167 0
91 165 1835 0
91 167 1836 0
91 1835 1836 0
92 93 95 0
92 93 164 0
92 95 118 0
92 118 121 0
92 121 166 0
92 164 166 0
93 95 96 0
93 164 165 0
94 95 96 0
94 95 119 0
94 96 1851 0
94 102 1849 0
94 102 1851 0
94 119 1849 0
95 118 119 0
96 109 1851 0
97 107 115 0
97 115 2421 0
97 2420 2421 0
98 99 100 0
98 99 107 0
98 100 102 0
98 102 1851 0
98 107 115 0
98 114 115 0
98 114 1851 0
99 100 101 0
100 102 103 0
102 103 1849 0
103 119 163 0
103 119 1849 0
103 163 1855 0
103 1853 1855 0
104 1807 1956 0
104 1952 1953 0
104 1953 1956 0
105 1825 1829 0
105 1825 1832 0
105 1829 1830 0
106 1847 1848 0
106 1847 1852 0
108 109 110 0
108 109 114 0
108 110 112 0
108 112 1850 0
108 114 1850 0
109 114 1851 0
110 112 116 0
111 112 2422 0
111 112 2425 0
111 2410 2422 0
111 2410 2425 0
112 113 1850 0
112 113 2422 0
112 116 2425 0
113 1850 2421 0
113 2418 2419 0
113 2418 2422 0
113 2419 2421 0
114 115 1850 0
115 1850 2421 0
117 118 119 0
117 118 122 0
117 119 163 0
117 122 126 0
117 126 128 0
117 128 163 0
118 121 122 0
120 121 122 0
120 121 133 0
120 122 132 0
120 132 136 0
120 133 137 0
120 136 137 0
121 133 166 0
122 126 131 0
122 131 132 0
123 1676 1795 0
123 1676 1821 0
123 1795 1827 0
123 1819 1821 0
123 1819 1826 0
123 1826 1827 0
124 131 132 0
124 131 1820 0
124 132 1818 0
124 1817 1818 0
124 1817 1819 0
124 1819 1820 0
125 126 128 0
125 126 131 0
125 128 130 0
125 130 1822 0
125 131 1820 0
125 1820 1822 0
127 128 163 0
127 128 1847 0
127 163 1855 0
127 1847 1855 0
128 130 1847 0
129 1832 1833 0
129 1833 1848 0
130 1822 1833 0
130 1833 1848 0
130 1847 1848 0
132 136 1818 0
133 137 142 0
133 142 167 0
133 166 167 0
134 140 171 0
134 140 179 0
134 162 171 0
134 162 173 0
134 173 176 0
134 176 179 0
135 136 137 0
135 136 1834 0
135 137 139 0
135 139 140 0
135 140 1834 0
136 1818 1834 0
137 139 142 0
138 139 141 0
138 139 171 0
138 141 160 0
138 160 161 0
138 161 1816 0
138 171 1816 0
139 140 171 0
139 141 142 0
140 179 1834 0
141 144 160 0
143 144 147 0
143 144 160 0
143 147 149 0
143 149 150 0
143 150 2442 0
143 160 161 0
143 161 2442 0
144 146 147 0
145 146 147 0
145 146 157 0
145 147 149 0
145 149 152 0
145 152 156 0
145 156 157 0
146 157 1836 0
148 149 150 0
148 149 152 0
148 150 193 0
148 151 152 0
148 151 253 0
148 193 254 0
148 253 254 0
151 152 1839 0
151 253 1840 0
151 1839 1840 0
152 153 156 0
152 153 1839 0
153 154 156 0
153 154 1838 0
153 1838 1839 0
154 155 156 0
157 158 1836 0
158 159 1835 0
158 1835 1836 0
162 171 1816 0
162 173 185 0
162 185 1816 0
164 166 167 0
168 2401 2444 0
169 2399 2400 0
169 2399 2404 0
169 2400 2424 0
169 2404 2406 0
169 2406 2424 0
170 2400 2401 0
170 2400 2424 0
170 2401 2444 0
170 2423 2424 0
170 2423 2444 0
172 173 175 0
172 173 186 0
172 175 182 0
172 182 183 0
172 183 189 0
172 186 189 0
173 175 176 0
173 185 186 0
174 175 176 0
174 175 182 0
174 176 178 0
174 178 180 0
174 180 1813 0
174 182 1813 0
176 178 179 0
177 178 179 0
177 178 180 0
177 179 1817 0
177 180 1676 0
177 1676 1821 0
177 1817 1821 0
179 1817 1834 0
180 1669 1672 0
180 1669 1813 0
180 1672 1675 0
180 1675 1676 0
181 182 183 0
181 182 1813 0
181 183 1666 0
181 1666 1812 0
181 1812 1813 0
183 189 196 0
183 1664 1666 0
184 185 186 0
184 185 191 0
184 186 188 0
184 188 190 0
184 190 195 0
184 191 195 0
185 191 1816 0
186 188 189 0
187 188 189 0
187 188 199 0
187 189 196 0
187 196 200 0
187 199 200 0
188 190 199 0
190 195 244 0
190 199 1660 0
190 243 244 0
190 243 1660 0
191 194 195 0
192 193 194 0
192 193 247 0
192 194 195 0
192 195 244 0
192 244 246 0
192 246 247 0
193 247 254 0
196 200 1970 0
197 198 200 0
197 198 1661 0
197 200 1970 0
197 203 206 0
197 203 1661 0
197 206 2440 0
197 207 1970 0
197 207 2440 0
198 199 200 0
198 199 1660 0
198 1660 1661 0
201 235 237 0
201 235 1466 0
201 237 238 0
201 238 1446 0
201 1446 1448 0
201 1448 1466 0
202 203 205 0
202 203 241 0
202 205 209 0
202 209 239 0
202 239 241 0
203 205 206 0
203 241 242 0
203 242 1661 0
204 205 210 0
204 205 2440 0
204 210 216 0
204 216 234 0
204 234 2441 0
204 2440 2441 0
205 206 2440 0
205 209 210 0
207 230 233 0
207 230 1663 0
207 233 2441 0
207 1663 1970 0
207 2440 2441 0
208 209 210 0
208 209 235 0
208 210 215 0
208 215 2234 0
208 235 1466 0
208 1466 2234 0
209 235 239 0
210 215 216 0
211 1531 1601 0
211 1531 1636 0
211 1601 1635 0
211 1630 1635 0
211 1630 1636 0
212 1764 1961 0
212 1961 1965 0
212 1963 1964 0
212 1963 1965 0
213 1598 1610 0
213 1598 1957 0
213 1609 1610 0
213 1609 2239 0
213 1957 2241 0
213 2239 2241 0
214 216 218 0
214 216 2242 0
214 218 223 0
214 223 224 0
214 224 2241 0
214 2241 2242 0
215 216 2242 0
215 2234 2237 0
215 2237 2240 0
215 2240 2242 0
216 218 234 0
217 218 222 0
217 218 234 0
217 222 229 0
217 229 233 0
217 233 2441 0
217 234 2441 0
218 222 223 0
219 1725 1729 0
219 1725 1737 0
219 1728 1729 0
219 1728 1969 0
219 1737 1968 0
219 1968 1969 0
220 1700 1702 0
220 1700 1710 0
220 1702 1704 0
220 1704 1706 0
220 1706 1708 0
220 1708 1710 0
221 222 223 0
221 222 226 0
221 223 1709 0
221 226 1710 0
221 1708 1709 0
221 1708 1710 0
222 226 228 0
222 228 229 0
223 224 1709 0
224 1707 1709 0
224 1707 1957 0
224 1957 2241 0
225 226 228 0
225 226 1710 0
225 228 1691 0
225 1691 1701 0
225 1700 1701 0
225 1700 1710 0
227 228 229 0
227 228 1691 0
227 229 230 0
227 230 1815 0
227 232 1787 0
227 232 1815 0
227 1690 1691 0
227 1690 1787 0
229 230 233 0
230 1663 1815 0
231 1665 1667 0
231 1665 1814 0
231 1667 1681 0
231 1680 1681 0
231 1680 1687 0
231 1687 1688 0
231 1688 1814 0
232 1665 1814 0
232 1665 1815 0
232 1688 1787 0
232 1688 1814 0
235 237 239 0
236 237 238 0
236 237 239 0
236 238 1658 0
236 239 1659 0
236 1658 1659 0
238 268 1656 0
238 268 1658 0
238 279 1446 0
238 279 1656 0
239 241 1659 0
240 241 242 0
240 241 267 0
240 242 1660 0
240 243 261 0
240 243 1660 0
240 261 266 0
240 266 267 0
241 267 1659 0
242 1660 1661 0
243 244 261 0
244 246 261 0
245 246 247 0
245 246 261 0
245 247 249 0
245 249 250 0
245 250 262 0
245 261 262 0
247 249 252 0
247 252 254 0
248 249 250 0
248 249 257 0
248 250 314 0
248 257 260 0
248 260 313 0
248 313 314 0
249 252 257 0
251 252 253 0
251 252 257 0
251 253 256 0
251 256 257 0
252 253 254 0
255 256 257 0
255 256 1846 0
255 257 260 0
255 260 2431 0
255 1846 2431 0
258 311 317 0
258 311 324 0
258 312 317 0
258 312 2430 0
258 324 327 0
258 327 2436 0
258 2430 2436 0
259 260 313 0
259 260 2431 0
259 312 313 0
259 312 2430 0
259 2430 2431 0
261 262 266 0
262 264 266 0
263 264 266 0
263 264 1657 0
263 266 267 0
263 267 1658 0
263 1657 1658 0
264 265 329 0
264 265 1657 0
265 271 307 0
265 271 1657 0
265 307 329 0
267 1658 1659 0
268 271 1656 0
268 271 1657 0
268 1657 1658 0
269 273 275 0
269 273 304 0
269 275 282 0
269 282 288 0
269 288 302 0
269 302 304 0
270 271 272 0
270 271 307 0
270 272 273 0
270 273 304 0
270 304 308 0
270 307 308 0
271 272 1656 0
272 273 276 0
272 276 279 0
272 279 1656 0
273 275 276 0
274 275 276 0
274 275 283 0
274 276 278 0
274 278 1464 0
274 283 1464 0
275 282 283 0
276 278 279 0
277 278 279 0
277 278 2233 0
277 279 1446 0
277 1446 1448 0
277 1448 1450 0
277 1450 2233 0
278 280 1464 0
278 280 2233 0
280 1454 1465 0
280 1454 2233 0
280 1460 1464 0
280 1460 1465 0
281 282 283 0
281 282 289 0
281 283 286 0
281 286 294 0
281 289 300 0
281 294 300 0
282 288 289 0
283 286 1460 0
283 1460 1464 0
284 295 299 0
284 295 2232 0
284 299 1489 0
284 1462 1484 0
284 1462 2232 0
284 1484 1489 0
285 286 294 0
285 286 1460 0
285 294 295 0
285 295 2232 0
285 1460 2232 0
287 288 289 0
287 288 302 0
287 289 1445 0
287 292 471 0
287 292 1445 0
287 301 302 0
287 301 2429 0
287 469 471 0
287 469 2429 0
289 300 1445 0
290 346 348 0
290 346 351 0
290 348 375 0
290 351 1440 0
290 375 1440 0
291 344 345 0
291 344 349 0
291 345 1444 0
291 349 474 0
291 474 1444 0
292 345 1444 0
292 345 1445 0
292 471 472 0
292 472 1444 0
293 294 295 0
293 294 300 0
293 295 330 0
293 300 345 0
293 330 333 0
293 333 345 0
295 299 330 0
296 1301 1303 0
296 1301 1443 0
296 1303 1308 0
296 1308 1443 0
297 331 337 0
297 331 1488 0
297 337 340 0
297 340 1487 0
297 1487 1488 0
298 299 330 0
298 299 1489 0
298 330 331 0
298 331 1488 0
298 1488 1489 0
300 345 1445 0
301 302 303 0
301 303 318 0
301 318 319 0
301 319 2429 0
302 303 304 0
303 304 308 0
303 308 309 0
303 309 318 0
305 309 310 0
305 309 318 0
305 310 323 0
305 318 319 0
305 319 320 0
305 320 509 0
305 323 509 0
306 307 308 0
306 307 315 0
306 308 309 0
306 309 310 0
306 310 311 0
306 311 316 0
306 315 316 0
307 315 329 0
310 311 324 0
310 322 323 0
310 322 324 0
311 316 317 0
312 313 316 0
312 316 317 0
313 314 315 0
313 315 316 0
314 315 329 0
320 381 506 0
320 505 506 0
320 505 509 0
321 322 326 0
321 322 508 0
321 326 498 0
321 498 504 0
321 504 507 0
321 507 508 0
322 323 508 0
322 324 327 0
322 326 327 0
323 508 509 0
325 326 327 0
325 326 498 0
325 327 2436 0
325 498 502 0
325 502 2435 0
325 2435 2436 0
328 2430 2436 0
328 2430 2438 0
328 2434 2435 0
328 2434 2438 0
328 2435 2436 0
330 331 334 0
330 333 334 0
331 334 337 0
332 333 334 0
332 333 344 0
332 334 336 0
332 336 352 0
332 344 346 0
332 346 352 0
333 344 345 0
334 336 337 0
335 338 353 0
335 338 1308 0
335 353 358 0
335 358 1307 0
335 1307 1308 0
336 337 338 0
336 338 353 0
336 352 353 0
337 338 340 0
338 339 340 0
338 339 1308 0
339 340 342 0
339 342 1443 0
339 1308 1443 0
340 342 1487 0
341 342 343 0
341 342 1487 0
341 343 1246 0
341 1246 1480 0
341 1479 1480 0
341 1479 1483 0
341 1483 1487 0
342 343 1443 0
343 1246 1298 0
343 1298 1301 0
343 1301 1443 0
344 346 349 0
346 348 349 0
346 351 352 0
347 348 349 0
347 348 1413 0
347 349 474 0
347 473 474 0
347 473 475 0
347 475 1413 0
348 374 375 0
348 374 1413 0
350 351 352 0
350 351 1440 0
350 352 353 0
350 353 1442 0
350 1440 1442 0
353 355 358 0
353 355 1442 0
354 355 357 0
354 355 361 0
354 357 1050 0
354 361 363 0
354 363 365 0
354 365 1051 0
354 1050 1051 0
355 357 358 0
355 361 1442 0
356 357 358 0
356 357 1050 0
356 358 1307 0
356 1050 1305 0
356 1302 1305 0
356 1302 1307 0
359 361 367 0
359 361 1441 0
359 367 370 0
359 370 373 0
359 373 1441 0
360 361 1441 0
360 361 1442 0
360 1440 1441 0
360 1440 1442 0
361 363 367 0
362 363 365 0
362 363 367 0
362 365 1204 0
362 367 1203 0
362 1203 1204 0
364 365 366 0
364 365 1051 0
364 366 1045 0
364 1045 1048 0
364 1048 1310 0
364 1051 1310 0
365 366 1204 0
366 1044 1045 0
366 1044 1059 0
366 1059 1201 0
366 1201 1204 0
367 370 1203 0
368 1072 1073 0
368 1072 1200 0
368 1073 1074 0
368 1074 1094 0
368 1094 1095 0
368 1095 1205 0
368 1200 1205 0
369 370 371 0
369 370 1203 0
369 371 1096 0
369 1095 1096 0
369 1095 1205 0
369 1200 1203 0
369 1200 1205 0
370 371 373 0
371 373 376 0
371 376 383 0
371 383 1096 0
372 373 376 0
372 373 1441 0
372 375 376 0
372 375 1440 0
372 1440 1441 0
374 375 376 0
374 376 378 0
374 378 475 0
374 475 1413 0
376 378 383 0
377 386 388 0
377 386 1412 0
377 388 444 0
377 444 446 0
377 446 1412 0
378 383 386 0
378 386 1412 0
378 475 1412 0
379 449 452 0
379 449 464 0
379 452 455 0
379 455 478 0
379 464 478 0
380 381 466 0
380 381 506 0
380 454 455 0
380 454 506 0
380 455 478 0
380 465 466 0
380 465 478 0
382 383 385 0
382 383 386 0
382 386 388 0
382 388 389 0
383 385 1096 0
384 385 1093 0
384 385 1096 0
384 1093 1094 0
384 1094 1095 0
384 1095 1096 0
387 388 389 0
387 388 444 0
387 389 391 0
387 391 393 0
387 393 443 0
387 443 444 0
390 391 393 0
390 391 1080 0
390 393 394 0
390 394 399 0
390 399 1079 0
390 1079 1080 0
391 1080 1092 0
392 393 394 0
392 393 462 0
392 394 400 0
392 400 402 0
392 402 461 0
392 461 462 0
393 443 462 0
394 399 401 0
394 400 401 0
395 418 421 0
395 418 433 0
395 419 421 0
395 419 441 0
395 433 435 0
395 435 441 0
396 400 401 0
396 400 1414 0
396 401 420 0
396 420 441 0
396 441 1414 0
397 398 403 0
397 398 1081 0
397 403 405 0
397 405 1085 0
397 1081 1084 0
397 1084 1085 0
398 399 401 0
398 399 1079 0
398 401 403 0
398 1079 1081 0
400 402 1414 0
401 403 420 0
402 440 488 0
402 440 1414 0
402 460 461 0
402 460 488 0
403 405 420 0
404 405 407 0
404 405 419 0
404 407 408 0
404 408 417 0
404 417 421 0
404 419 421 0
405 407 1085 0
405 419 420 0
406 407 408 0
406 407 1085 0
406 408 410 0
406 410 1176 0
406 1085 1177 0
406 1176 1177 0
409 410 412 0
409 410 1176 0
409 412 1114 0
409 1104 1113 0
409 1104 1176 0
409 1113 1114 0
411 412 414 0
411 412 1114 0
411 414 1160 0
411 1114 1116 0
411 1116 1117 0
411 1117 1160 0
413 414 1160 0
413 414 1439 0
413 1159 1160 0
413 1159 1161 0
413 1161 1162 0
413 1162 1439 0
414 416 1439 0
415 416 417 0
415 416 1439 0
415 417 418 0
415 418 424 0
415 424 432 0
415 432 1439 0
417 418 421 0
418 424 433 0
419 420 441 0
422 428 430 0
422 428 1438 0
422 430 431 0
422 431 1433 0
422 1415 1433 0
422 1415 1438 0
423 424 426 0
423 424 433 0
423 426 428 0
423 428 1438 0
423 433 435 0
423 435 436 0
423 436 1438 0
424 426 432 0
425 426 427 0
425 426 428 0
425 427 760 0
425 428 430 0
425 430 1405 0
425 760 1405 0
426 427 432 0
427 432 1439 0
427 760 1162 0
427 1162 1439 0
429 430 431 0
429 430 1405 0
429 431 1398 0
429 1398 1399 0
429 1399 1404 0
429 1404 1405 0
431 1398 1402 0
431 1402 1434 0
431 1433 1434 0
434 435 436 0
434 435 440 0
434 436 439 0
434 439 1427 0
434 440 489 0
434 489 1427 0
435 440 441 0
436 439 1415 0
436 1415 1438 0
437 438 1416 0
437 438 1426 0
437 1416 1417 0
437 1417 1418 0
437 1418 1422 0
437 1422 1424 0
437 1424 1426 0
438 439 1415 0
438 439 1427 0
438 1415 1416 0
438 1426 1427 0
440 441 1414 0
440 488 489 0
442 443 444 0
442 443 462 0
442 444 447 0
442 447 449 0
442 449 453 0
442 453 459 0
442 459 462 0
444 446 447 0
445 446 447 0
445 446 448 0
445 447 464 0
445 448 477 0
445 464 465 0
445 465 477 0
446 448 1412 0
447 449 464 0
448 475 476 0
448 475 1412 0
448 476 477 0
449 452 453 0
450 453 456 0
450 453 459 0
450 456 481 0
450 459 460 0
450 460 481 0
451 452 453 0
451 452 455 0
451 453 456 0
451 455 510 0
451 456 458 0
451 458 491 0
451 491 510 0
454 455 510 0
454 503 505 0
454 503 510 0
454 505 506 0
456 458 480 0
456 480 481 0
457 458 487 0
457 458 492 0
457 486 487 0
457 486 495 0
457 492 495 0
458 480 487 0
458 491 492 0
459 460 461 0
459 461 462 0
460 463 481 0
460 463 488 0
463 481 482 0
463 482 489 0
463 488 489 0
464 465 478 0
465 466 468 0
465 468 477 0
466 468 470 0
467 468 469 0
467 468 477 0
467 469 472 0
467 472 473 0
467 473 476 0
467 476 477 0
468 469 470 0
469 470 2429 0
469 471 472 0
472 473 474 0
472 474 1444 0
473 475 476 0
479 480 481 0
479 480 487 0
479 481 482 0
479 483 487 0
483 486 487 0
483 486 1428 0
483 1428 1432 0
484 485 1411 0
484 485 1430 0
484 511 1410 0
484 511 1411 0
484 702 703 0
484 702 1430 0
484 703 1410 0
485 486 1411 0
485 486 1428 0
485 1428 1430 0
486 495 1411 0
490 491 492 0
490 491 503 0
490 492 494 0
490 494 497 0
490 497 504 0
490 503 504 0
491 503 510 0
492 494 495 0
493 494 495 0
493 494 499 0
493 495 1411 0
493 499 500 0
493 500 511 0
493 511 1411 0
494 497 499 0
496 497 498 0
496 497 499 0
496 498 502 0
496 499 500 0
496 500 501 0
496 501 502 0
497 498 504 0
500 511 517 0
503 504 507 0
503 505 507 0
505 507 508 0
505 508 509 0
511 516 517 0
511 516 1410 0
512 513 514 0
512 513 518 0
512 514 515 0
512 515 516 0
512 516 520 0
512 518 521 0
512 520 521 0
515 516 517 0
516 520 1410 0
518 521 522 0
518 522 523 0
519 520 521 0
519 520 703 0
519 521 522 0
519 522 1409 0
519 700 703 0
519 700 1409 0
520 703 1410 0
522 523 525 0
522 525 1408 0
522 1408 1409 0
523 525 529 0
524 525 527 0
524 525 528 0
524 527 689 0
524 528 530 0
524 530 535 0
524 535 689 0
525 527 1408 0
525 528 529 0
526 527 690 0
526 527 697 0
526 690 695 0
526 695 705 0
526 697 1407 0
526 705 1407 0
527 689 690 0
527 697 1408 0
530 535 539 0
530 539 545 0
531 670 676 0
531 670 685 0
531 676 680 0
531 680 684 0
531 684 685 0
532 543 544 0
532 543 564 0
532 544 549 0
532 549 559 0
532 559 563 0
532 563 564 0
533 538 539 0
533 538 542 0
533 539 540 0
533 540 565 0
533 542 564 0
533 564 565 0
534 535 537 0
534 535 538 0
534 537 696 0
534 538 542 0
534 541 542 0
534 541 696 0
535 537 689 0
535 538 539 0
536 537 689 0
536 537 696 0
536 689 690 0
536 690 695 0
536 693 695 0
536 693 696 0
539 540 688 0
540 565 649 0
540 649 688 0
541 542 543 0
541 543 544 0
541 544 678 0
541 678 681 0
541 679 681 0
541 679 696 0
542 543 564 0
544 549 552 0
544 552 677 0
544 675 677 0
544 675 678 0
546 2328 2339 0
546 2339 2344 0
546 2344 2345 0
547 556 584 0
547 556 2324 0
547 584 2332 0
547 2323 2324 0
547 2323 2330 0
547 2330 2332 0
548 549 551 0
548 549 560 0
548 551 555 0
548 555 556 0
548 556 585 0
548 560 585 0
549 551 552 0
549 559 560 0
550 551 552 0
550 551 555 0
550 552 674 0
550 555 672 0
550 672 674 0
552 674 677 0
553 652 655 0
553 652 674 0
553 655 676 0
553 674 677 0
553 676 677 0
554 555 556 0
554 555 672 0
554 556 2324 0
554 671 672 0
554 671 2322 0
554 2322 2324 0
556 584 585 0
557 575 580 0
557 575 588 0
557 580 581 0
557 581 586 0
557 586 588 0
558 559 560 0
558 559 563 0
558 560 561 0
558 561 572 0
558 562 563 0
558 562 571 0
558 570 571 0
558 570 572 0
560 561 585 0
561 572 588 0
561 585 586 0
561 586 588 0
562 563 564 0
562 564 565 0
562 565 569 0
562 569 571 0
565 568 569 0
565 568 649 0
566 589 592 0
566 589 624 0
566 592 596 0
566 596 623 0
566 623 624 0
567 568 569 0
567 568 591 0
567 569 571 0
567 571 2428 0
567 589 591 0
567 589 2428 0
568 591 603 0
568 603 649 0
570 571 2428 0
570 572 574 0
570 574 2428 0
572 574 575 0
572 575 588 0
573 574 575 0
573 574 622 0
573 575 582 0
573 582 583 0
573 583 622 0
574 587 622 0
574 587 2428 0
575 580 582 0
576 2373 2376 0
576 2373 2380 0
576 2380 2381 0
577 2357 2360 0
577 2357 2363 0
577 2360 2366 0
577 2363 2364 0
577 2364 2366 0
578 579 582 0
578 579 2362 0
578 582 583 0
578 583 2377 0
578 2362 2363 0
578 2363 2377 0
579 580 581 0
579 580 582 0
579 581 648 0
579 648 2361 0
579 2361 2362 0
581 584 586 0
581 584 2332 0
581 648 2332 0
583 620 621 0
583 620 2365 0
583 621 622 0
583 2365 2377 0
584 585 586 0
587 589 624 0
587 589 2428 0
587 622 624 0
589 591 592 0
590 591 592 0
590 591 603 0
590 592 599 0
590 594 599 0
590 594 601 0
590 601 602 0
590 602 603 0
592 596 599 0
593 594 597 0
593 594 600 0
593 597 598 0
593 598 643 0
593 600 605 0
593 605 643 0
594 597 599 0
594 600 601 0
595 596 597 0
595 596 623 0
595 597 598 0
595 598 645 0
595 608 627 0
595 608 645 0
595 623 627 0
596 597 599 0
598 642 643 0
598 642 645 0
600 605 606 0
602 603 604 0
603 604 649 0
605 643 2402 0
607 608 610 0
607 608 631 0
607 610 612 0
607 612 618 0
607 618 2427 0
607 631 633 0
607 633 2427 0
608 610 627 0
608 631 645 0
609 610 619 0
609 610 627 0
609 619 620 0
609 620 621 0
609 621 623 0
609 623 627 0
610 612 619 0
611 612 615 0
611 612 619 0
611 615 2374 0
611 619 2375 0
611 2365 2374 0
611 2365 2375 0
612 615 618 0
613 614 625 0
613 614 2368 0
613 617 625 0
613 2368 2370 0
614 615 616 0
614 615 2367 0
614 616 625 0
614 2367 2368 0
615 616 618 0
615 2367 2374 0
616 618 2427 0
616 625 626 0
616 626 2426 0
616 2426 2427 0
617 625 626 0
619 620 2375 0
620 2365 2375 0
621 622 624 0
621 623 624 0
628 638 640 0
628 640 2415 0
628 2413 2415 0
629 630 634 0
629 630 644 0
629 634 635 0
629 635 2417 0
629 644 2403 0
629 2403 2417 0
630 631 634 0
630 631 645 0
630 642 644 0
630 642 645 0
631 633 634 0
632 633 634 0
632 633 2427 0
632 634 635 0
632 635 637 0
632 637 2426 0
632 2426 2427 0
635 636 637 0
635 636 638 0
635 638 640 0
635 640 2417 0
639 640 2415 0
639 640 2417 0
639 2403 2408 0
639 2403 2417 0
639 2408 2415 0
641 642 644 0
641 642 2399 0
641 644 2403 0
641 2399 2404 0
641 2403 2404 0
642 643 2399 0
643 2399 2402 0
646 647 2331 0
646 647 2353 0
646 2331 2342 0
646 2342 2347 0
646 2347 2351 0
646 2351 2353 0
647 648 2333 0
647 648 2361 0
647 2331 2333 0
647 2353 2361 0
648 2332 2333 0
650 652 654 0
650 652 673 0
650 654 2337 0
650 673 2316 0
650 2316 2335 0
650 2335 2337 0
651 1388 1389 0
651 1388 1392 0
651 1389 1390 0
651 1391 1392 0
652 654 655 0
652 672 673 0
652 672 674 0
653 654 655 0
653 654 658 0
653 655 670 0
653 658 659 0
653 659 669 0
653 664 669 0
653 664 670 0
654 658 2337 0
655 670 676 0
656 660 661 0
656 661 2338 0
656 2334 2338 0
657 658 659 0
657 658 2337 0
657 659 661 0
657 661 2338 0
657 2337 2338 0
659 661 1380 0
659 669 1384 0
659 1380 1384 0
660 661 1380 0
660 1380 1389 0
660 1389 1390 0
662 663 665 0
662 663 1385 0
662 665 668 0
662 668 1396 0
662 1377 1385 0
662 1377 1396 0
663 664 665 0
663 664 669 0
663 669 1384 0
663 1383 1384 0
663 1383 1385 0
664 665 685 0
664 670 685 0
665 668 686 0
665 684 685 0
665 684 686 0
666 687 692 0
666 687 1397 0
666 692 713 0
666 711 713 0
666 711 715 0
666 715 1397 0
667 668 686 0
667 668 1395 0
667 686 687 0
667 687 1397 0
667 1395 1397 0
668 1395 1396 0
671 672 673 0
671 673 2316 0
671 2316 2319 0
671 2319 2322 0
675 676 677 0
675 676 680 0
675 678 681 0
675 680 681 0
679 680 681 0
679 680 683 0
679 683 694 0
679 694 696 0
680 683 684 0
682 683 684 0
682 683 694 0
682 684 686 0
682 686 687 0
682 687 692 0
682 692 694 0
691 692 693 0
691 692 713 0
691 693 695 0
691 695 705 0
691 705 712 0
691 712 713 0
692 693 694 0
693 694 696 0
697 700 1407 0
697 700 1409 0
697 1408 1409 0
698 699 701 0
698 699 706 0
698 701 1421 0
698 706 1419 0
698 1419 1431 0
698 1421 1431 0
699 700 701 0
699 700 1407 0
699 705 706 0
699 705 1407 0
700 701 702 0
700 702 703 0
701 702 1421 0
702 1421 1430 0
704 705 706 0
704 705 712 0
704 706 708 0
704 708 710 0
704 710 711 0
704 711 712 0
706 708 1419 0
707 708 710 0
707 708 1419 0
707 710 1435 0
707 1417 1418 0
707 1417 1436 0
707 1418 1419 0
707 1435 1436 0
709 710 711 0
709 710 1437 0
709 711 716 0
709 716 718 0
709 718 1437 0
710 1435 1437 0
711 712 713 0
711 715 716 0
714 715 716 0
714 715 1395 0
714 716 722 0
714 722 745 0
714 745 746 0
714 746 1395 0
715 1395 1397 0
716 718 722 0
717 718 720 0
717 718 722 0
717 720 754 0
717 722 725 0
717 725 754 0
718 720 1437 0
719 720 1402 0
719 720 1437 0
719 1402 1434 0
719 1434 1435 0
719 1435 1437 0
720 721 754 0
720 721 1402 0
721 728 754 0
721 728 757 0
721 757 1401 0
721 1398 1401 0
721 1398 1402 0
722 725 745 0
723 729 730 0
723 729 739 0
723 730 752 0
723 739 741 0
723 741 744 0
723 744 752 0
724 725 727 0
724 725 745 0
724 727 730 0
724 730 732 0
724 732 745 0
725 727 728 0
725 728 754 0
726 727 728 0
726 727 729 0
726 728 757 0
726 729 736 0
726 736 756 0
726 756 757 0
727 729 730 0
729 736 739 0
730 732 752 0
731 747 753 0
731 747 1377 0
731 753 1386 0
731 1377 1381 0
731 1381 1382 0
731 1382 1386 0
732 745 747 0
732 747 753 0
732 752 753 0
733 787 790 0
733 787 852 0
733 789 851 0
733 790 851 0
734 776 1375 0
734 776 1376 0
734 780 1375 0
734 780 2293 0
734 1376 2314 0
734 2293 2315 0
734 2314 2315 0
735 736 738 0
735 736 739 0
735 738 2315 0
735 739 769 0
735 769 2314 0
735 2314 2315 0
736 738 756 0
737 738 756 0
737 738 2315 0
737 756 1170 0
737 1170 2291 0
737 2291 2293 0
737 2293 2315 0
739 741 769 0
740 741 744 0
740 741 769 0
740 744 748 0
740 748 762 0
740 762 768 0
740 768 769 0
742 744 748 0
742 744 751 0
742 748 750 0
742 750 1393 0
742 751 1386 0
742 1386 1393 0
743 749 750 0
743 750 1393 0
743 1391 1394 0
743 1393 1394 0
744 751 752 0
745 746 747 0
746 747 1377 0
746 1377 1396 0
746 1395 1396 0
748 749 750 0
748 749 762 0
749 761 762 0
751 752 753 0
751 753 1386 0
755 756 757 0
755 756 1170 0
755 757 1401 0
755 1170 1403 0
755 1399 1401 0
755 1399 1403 0
758 1163 1406 0
758 1163 2294 0
758 1165 1169 0
758 1165 2294 0
758 1169 1400 0
758 1400 1406 0
759 760 1162 0
759 760 1404 0
759 1161 1162 0
759 1161 1163 0
759 1163 1406 0
759 1404 1406 0
760 1404 1405 0
762 765 768 0
763 770 771 0
763 770 775 0
763 775 786 0
763 785 786 0
764 766 772 0
764 771 772 0
765 766 772 0
765 768 773 0
765 772 773 0
767 768 769 0
767 768 773 0
767 769 2314 0
767 773 1376 0
767 1376 2314 0
770 771 772 0
770 772 773 0
770 773 1376 0
770 775 776 0
770 776 1376 0
774 775 777 0
774 775 786 0
774 777 779 0
774 779 784 0
774 784 787 0
774 786 787 0
775 776 777 0
776 777 1375 0
777 779 1375 0
778 779 780 0
778 779 783 0
778 780 1166 0
778 783 1133 0
778 1133 1164 0
778 1164 1166 0
779 780 1375 0
779 783 784 0
780 1166 2291 0
780 2291 2293 0
781 782 792 0
781 782 1151 0
781 792 795 0
781 795 796 0
781 796 1152 0
781 1151 1152 0
782 783 784 0
782 783 1151 0
782 784 791 0
782 791 792 0
783 1133 1151 0
784 787 791 0
785 786 852 0
786 787 852 0
787 790 791 0
788 789 797 0
788 797 850 0
788 800 850 0
789 794 797 0
789 794 851 0
790 791 792 0
790 792 794 0
790 794 851 0
792 794 795 0
793 794 795 0
793 794 797 0
793 795 796 0
793 796 2289 0
793 797 850 0
793 850 2288 0
793 2288 2289 0
796 1152 2280 0
796 2279 2280 0
796 2279 2286 0
796 2285 2286 0
796 2285 2289 0
798 799 800 0
798 799 801 0
798 800 850 0
798 801 809 0
798 808 809 0
798 808 2287 0
798 850 2288 0
798 2287 2288 0
799 801 802 0
801 807 809 0
803 810 813 0
803 810 2284 0
803 813 817 0
803 817 819 0
803 819 2283 0
803 2283 2284 0
804 858 861 0
804 858 865 0
804 865 866 0
805 823 824 0
805 823 870 0
805 866 870 0
806 807 809 0
806 807 823 0
806 809 810 0
806 810 821 0
806 821 1374 0
806 823 1374 0
807 823 824 0
808 809 810 0
808 810 2284 0
808 2284 2285 0
808 2285 2287 0
810 813 821 0
811 828 829 0
811 828 832 0
811 829 830 0
811 830 871 0
811 832 839 0
811 839 871 0
812 813 816 0
812 813 821 0
812 816 829 0
812 821 1373 0
812 829 1373 0
813 816 817 0
814 827 1147 0
814 827 1350 0
814 1144 1147 0
814 1144 1352 0
814 1348 1350 0
814 1348 1352 0
815 816 817 0
815 816 826 0
815 817 819 0
815 819 820 0
815 820 827 0
815 826 827 0
816 826 828 0
816 828 829 0
818 819 820 0
818 819 2283 0
818 820 1141 0
818 1141 2290 0
818 2282 2283 0
818 2282 2290 0
820 827 1147 0
820 1130 1141 0
820 1130 1142 0
820 1142 1147 0
821 1373 1374 0
822 823 870 0
822 823 1374 0
822 830 868 0
822 830 1373 0
822 868 870 0
822 1373 1374 0
825 826 827 0
825 826 828 0
825 827 1350 0
825 828 837 0
825 833 837 0
825 833 1350 0
828 832 837 0
829 830 1373 0
830 867 868 0
830 867 871 0
831 832 833 0
831 832 840 0
831 833 836 0
831 836 845 0
831 840 843 0
831 843 845 0
832 833 837 0
832 839 840 0
833 836 1351 0
833 1350 1351 0
834 894 903 0
834 894 1370 0
834 903 1346 0
834 1346 2312 0
834 1369 1370 0
834 1369 2312 0
835 836 873 0
835 836 1347 0
835 873 1372 0
835 912 1345 0
835 912 1347 0
835 1345 1372 0
836 845 873 0
836 1347 1351 0
838 839 846 0
838 839 863 0
838 846 849 0
838 849 857 0
838 857 864 0
838 863 864 0
839 840 846 0
839 863 871 0
840 843 846 0
841 843 845 0
841 843 846 0
841 845 1367 0
841 846 849 0
841 849 2313 0
841 1367 2313 0
842 1359 1360 0
842 1359 1362 0
842 1362 1363 0
844 845 873 0
844 845 1367 0
844 873 875 0
844 875 878 0
844 878 1367 0
847 2246 2475 0
847 2473 2475 0
848 854 872 0
848 854 2244 0
848 872 2462 0
848 2243 2244 0
848 2243 2474 0
848 2462 2474 0
849 854 872 0
849 854 2313 0
849 857 872 0
853 854 2244 0
853 854 2313 0
853 1365 1366 0
853 1365 2244 0
853 1366 2313 0
855 859 860 0
855 860 2463 0
855 2463 2468 0
855 2468 2469 0
856 857 858 0
856 857 872 0
856 858 860 0
856 860 2463 0
856 872 2462 0
856 2462 2463 0
857 858 864 0
858 860 861 0
858 864 865 0
859 860 861 0
862 863 864 0
862 863 867 0
862 864 865 0
862 865 869 0
862 867 868 0
862 868 869 0
863 867 871 0
865 866 869 0
866 869 870 0
868 869 870 0
873 875 1372 0
874 875 876 0
874 875 879 0
874 876 1369 0
874 879 882 0
874 882 1371 0
874 1369 1371 0
875 876 1372 0
875 878 879 0
876 1345 1372 0
876 1345 2312 0
876 1369 2312 0
877 878 879 0
877 878 1366 0
877 879 1358 0
877 1358 1368 0
877 1364 1365 0
877 1364 1368 0
877 1365 1366 0
878 1366 1367 0
879 882 1358 0
880 882 884 0
880 882 1358 0
880 884 886 0
880 886 1355 0
880 1355 1357 0
880 1357 1358 0
881 1354 1355 0
881 1355 1356 0
882 884 1371 0
883 884 886 0
883 884 1371 0
883 886 890 0
883 890 893 0
883 893 1370 0
883 1370 1371 0
885 888 889 0
885 889 1354 0
886 889 890 0
886 889 1354 0
886 1354 1355 0
887 888 889 0
887 888 2311 0
887 889 890 0
887 890 892 0
887 892 2304 0
887 2304 2311 0
890 892 893 0
891 892 893 0
891 892 2308 0
891 893 894 0
891 894 899 0
891 899 901 0
891 901 2308 0
892 2304 2308 0
893 894 1370 0
894 899 900 0
894 900 903 0
895 949 954 0
895 949 1194 0
895 954 957 0
895 957 960 0
895 960 1192 0
895 1192 1194 0
896 931 932 0
896 931 950 0
896 932 933 0
896 933 936 0
896 936 937 0
896 937 952 0
896 950 952 0
897 900 905 0
897 900 941 0
897 905 908 0
897 908 930 0
897 930 932 0
897 932 941 0
898 899 900 0
898 899 939 0
898 900 941 0
898 933 939 0
898 933 941 0
899 901 939 0
900 903 905 0
901 938 939 0
901 938 2301 0
901 2301 2302 0
901 2302 2308 0
902 946 2296 0
902 1000 1001 0
902 1000 2296 0
903 905 1346 0
904 905 908 0
904 905 1346 0
904 908 911 0
904 911 1344 0
904 1344 1346 0
906 915 917 0
906 915 1124 0
906 917 920 0
906 920 1107 0
906 1107 1118 0
906 1118 1124 0
907 908 910 0
907 908 929 0
907 910 914 0
907 914 915 0
907 915 922 0
907 921 922 0
907 921 929 0
908 910 911 0
908 929 930 0
909 910 911 0
909 910 1146 0
909 911 1353 0
909 1145 1146 0
909 1145 1353 0
910 914 1146 0
911 912 1344 0
911 912 1353 0
912 1344 1345 0
912 1347 1349 0
912 1349 1353 0
913 914 915 0
913 914 1146 0
913 915 1124 0
913 1124 1173 0
913 1145 1146 0
913 1145 1173 0
915 917 922 0
916 917 921 0
916 917 1184 0
916 921 924 0
916 924 1183 0
916 1183 1184 0
917 919 920 0
917 919 1184 0
917 921 922 0
918 919 1175 0
918 919 1181 0
918 1101 1102 0
918 1101 1181 0
918 1102 1103 0
918 1103 1108 0
918 1108 1175 0
919 920 1175 0
919 1181 1184 0
920 1107 1175 0
921 924 929 0
923 924 926 0
923 924 928 0
923 926 951 0
923 928 931 0
923 931 950 0
923 950 951 0
924 926 1183 0
924 928 929 0
925 926 1183 0
925 926 1193 0
925 1179 1180 0
925 1179 1191 0
925 1180 1183 0
925 1191 1193 0
926 927 951 0
926 927 1193 0
927 949 950 0
927 949 1194 0
927 950 951 0
927 1193 1194 0
928 929 930 0
928 930 932 0
928 931 932 0
932 933 941 0
933 936 938 0
933 938 939 0
934 942 943 0
934 942 948 0
934 943 991 0
934 948 990 0
934 989 990 0
934 989 991 0
935 936 937 0
935 936 938 0
935 937 944 0
935 938 940 0
935 940 942 0
935 942 944 0
937 944 968 0
937 952 968 0
938 940 2301 0
940 942 948 0
940 948 2300 0
940 2299 2300 0
940 2299 2301 0
942 943 944 0
943 944 968 0
943 967 968 0
943 967 970 0
943 970 991 0
945 946 2297 0
945 2297 2305 0
945 2305 2307 0
945 2306 2307 0
946 2296 2297 0
947 948 990 0
947 948 2300 0
947 990 2296 0
947 2296 2297 0
947 2297 2300 0
949 950 952 0
949 952 968 0
949 954 967 0
949 967 968 0
953 954 956 0
953 954 967 0
953 956 976 0
953 967 971 0
953 971 976 0
954 956 957 0
955 956 957 0
955 956 966 0
955 957 961 0
955 961 963 0
955 963 965 0
955 965 966 0
956 966 976 0
957 960 961 0
958 1062 1065 0
958 1062 1208 0
958 1065 1066 0
958 1066 1071 0
958 1071 1188 0
958 1188 1208 0
959 961 1190 0
959 961 1211 0
959 1189 1190 0
959 1189 1208 0
959 1207 1208 0
959 1207 1211 0
960 961 1190 0
960 1186 1189 0
960 1186 1191 0
960 1189 1190 0
960 1191 1192 0
961 963 1211 0
962 963 1211 0
962 963 1343 0
962 1031 1213 0
962 1031 1343 0
962 1057 1210 0
962 1057 1213 0
962 1210 1211 0
963 965 1343 0
964 965 966 0
964 965 1343 0
964 966 1019 0
964 1014 1019 0
964 1014 1030 0
964 1030 1343 0
966 976 1020 0
966 1019 1020 0
967 970 971 0
969 970 971 0
969 970 989 0
969 971 974 0
969 974 987 0
969 987 994 0
969 989 994 0
970 989 991 0
971 974 975 0
971 975 976 0
972 978 981 0
972 978 1021 0
972 981 985 0
972 985 1010 0
972 1010 1013 0
972 1013 1021 0
973 974 975 0
973 974 987 0
973 975 977 0
973 977 978 0
973 978 981 0
973 981 988 0
973 987 988 0
975 976 1020 0
975 977 1019 0
975 1019 1020 0
977 978 1021 0
977 1013 1014 0
977 1013 1021 0
977 1014 1019 0
979 996 998 0
979 998 1004 0
979 999 1004 0
980 986 988 0
980 986 1003 0
980 988 995 0
980 995 1005 0
980 1003 1005 0
981 985 986 0
981 986 988 0
982 984 1006 0
982 984 1023 0
982 1006 2263 0
982 1022 1023 0
982 1022 2262 0
982 2261 2262 0
982 2261 2263 0
983 2178 2193 0
983 2193 2211 0
983 2200 2211 0
984 985 986 0
984 985 1023 0
984 986 1003 0
984 1003 1006 0
985 1010 1023 0
987 988 995 0
987 994 1008 0
987 995 1008 0
989 990 993 0
989 993 994 0
990 993 1002 0
990 1002 2296 0
992 993 994 0
992 993 1002 0
992 994 1008 0
992 995 997 0
992 995 1008 0
992 997 1002 0
995 997 998 0
995 998 1005 0
996 997 998 0
996 997 1000 0
996 1000 1001 0
997 1000 1002 0
998 1004 1005 0
999 1003 1004 0
999 1003 1007 0
1000 1002 2296 0
1003 1004 1005 0
1003 1006 1007 0
1006 1007 2265 0
1006 2263 2265 0
1009 1010 1012 0
1009 1010 1022 0
1009 1012 1017 0
1009 1017 1018 0
1009 1018 1024 0
1009 1022 1024 0
1010 1012 1013 0
1010 1022 1023 0
1011 1012 1013 0
1011 1012 1017 0
1011 1013 1014 0
1011 1014 1029 0
1011 1017 1034 0
1011 1029 1034 0
1014 1029 1030 0
1015 1029 1030 0
1015 1029 1342 0
1015 1030 1032 0
1015 1032 1039 0
1015 1038 1039 0
1015 1038 1342 0
1016 1017 1018 0
1016 1017 1034 0
1016 1018 1340 0
1016 1034 1315 0
1016 1315 1340 0
1018 1024 1028 0
1018 1028 1320 0
1018 1319 1320 0
1018 1319 1340 0
1022 1024 2262 0
1024 1028 2258 0
1024 2258 2262 0
1025 2212 2271 0
1025 2266 2267 0
1025 2266 2271 0
1026 1322 1325 0
1026 1322 2276 0
1026 1325 1330 0
1026 1330 2445 0
1026 2256 2276 0
1026 2256 2445 0
1027 1028 1320 0
1027 1028 2258 0
1027 1320 1322 0
1027 1322 2276 0
1027 2257 2258 0
1027 2257 2276 0
1029 1034 1342 0
1030 1032 1343 0
1031 1032 1039 0
1031 1032 1343 0
1031 1039 1056 0
1031 1056 1213 0
1033 1034 1315 0
1033 1034 1342 0
1033 1313 1315 0
1033 1313 1342 0
1035 1231 1232 0
1035 1231 1234 0
1035 1232 1261 0
1035 1234 1295 0
1035 1261 1262 0
1035 1262 1295 0
1036 1263 1264 0
1036 1263 2274 0
1036 1264 1312 0
1036 1312 1316 0
1036 1316 2273 0
1036 2273 2274 0
1037 1040 1053 0
1037 1040 1341 0
1037 1052 1053 0
1037 1052 1215 0
1037 1055 1215 0
1037 1055 1312 0
1037 1312 1341 0
1038 1039 1040 0
1038 1040 1341 0
1038 1313 1341 0
1038 1313 1342 0
1039 1040 1041 0
1039 1041 1056 0
1040 1041 1053 0
1041 1043 1053 0
1041 1056 1212 0
1042 1043 1046 0
1042 1043 1052 0
1042 1046 1047 0
1042 1047 1216 0
1042 1052 1215 0
1042 1214 1215 0
1042 1214 1216 0
1043 1044 1046 0
1043 1052 1053 0
1044 1045 1046 0
1045 1046 1048 0
1046 1047 1048 0
1047 1048 1310 0
1047 1216 1219 0
1047 1219 1309 0
1047 1309 1310 0
1049 1050 1051 0
1049 1050 1305 0
1049 1051 1310 0
1049 1220 1305 0
1049 1220 1309 0
1049 1309 1310 0
1054 1055 1221 0
1054 1055 1294 0
1054 1218 1221 0
1054 1218 1230 0
1054 1230 1232 0
1054 1232 1294 0
1055 1214 1215 0
1055 1214 1221 0
1055 1264 1294 0
1055 1264 1312 0
1056 1061 1212 0
1056 1061 1213 0
1057 1061 1209 0
1057 1061 1213 0
1057 1209 1210 0
1058 1059 1060 0
1058 1059 1202 0
1058 1060 1206 0
1058 1064 1206 0
1058 1064 2277 0
1058 1202 2277 0
1059 1201 1202 0
1060 1061 1206 0
1060 1061 1212 0
1061 1206 1209 0
1062 1064 1065 0
1062 1064 1206 0
1062 1206 1209 0
1062 1207 1208 0
1062 1207 1209 0
1063 1064 1065 0
1063 1064 1072 0
1063 1065 1066 0
1063 1066 1068 0
1063 1068 1075 0
1063 1072 1073 0
1063 1073 1075 0
1064 1072 2277 0
1066 1068 1196 0
1066 1071 1197 0
1066 1196 1197 0
1067 1068 1075 0
1067 1068 1199 0
1067 1074 1075 0
1067 1074 1077 0
1067 1077 1089 0
1067 1087 1088 0
1067 1087 1089 0
1067 1088 1199 0
1068 1196 1199 0
1069 1070 1187 0
1069 1070 1197 0
1069 1097 1100 0
1069 1097 1197 0
1069 1100 1185 0
1069 1185 1195 0
1069 1187 1195 0
1070 1071 1188 0
1070 1071 1197 0
1070 1187 1188 0
1072 1200 1202 0
1072 1202 2277 0
1073 1074 1075 0
1074 1077 1094 0
1076 1077 1089 0
1076 1077 1094 0
1076 1080 1089 0
1076 1080 1092 0
1076 1092 1093 0
1076 1093 1094 0
1078 1079 1080 0
1078 1079 1081 0
1078 1080 1089 0
1078 1081 1086 0
1078 1086 1087 0
1078 1087 1089 0
1081 1084 1086 0
1082 1090 1198 0
1082 1090 2278 0
1082 1098 1198 0
1082 1098 2295 0
1082 2278 2295 0
1083 1084 1085 0
1083 1084 1086 0
1083 1085 1177 0
1083 1086 1090 0
1083 1090 2278 0
1083 1177 2278 0
1086 1087 1198 0
1086 1090 1198 0
1087 1088 1198 0
1088 1098 1196 0
1088 1098 1198 0
1088 1196 1199 0
1091 1105 1177 0
1091 1105 1178 0
1091 1177 2278 0
1091 1178 2295 0
1091 2278 2295 0
1097 1098 1100 0
1097 1098 1196 0
1097 1196 1197 0
1098 1099 1100 0
1098 1099 2295 0
1099 1100 1102 0
1099 1102 1178 0
1099 1178 2295 0
1100 1101 1102 0
1100 1101 1185 0
1101 1181 1182 0
1101 1182 1185 0
1102 1103 1178 0
1103 1105 1109 0
1103 1105 1178 0
1103 1108 1109 0
1104 1105 1109 0
1104 1105 1177 0
1104 1109 1113 0
1104 1176 1177 0
1106 1107 1108 0
1106 1107 1118 0
1106 1108 1109 0
1106 1109 1111 0
1106 1111 1174 0
1106 1118 1174 0
1107 1108 1175 0
1109 1111 1113 0
1110 1111 1112 0
1110 1111 1113 0
1110 1112 1135 0
1110 1113 1114 0
1110 1114 1116 0
1110 1116 1135 0
1111 1112 1174 0
1112 1118 1120 0
1112 1118 1174 0
1112 1120 1126 0
1112 1126 1134 0
1112 1134 1135 0
1115 1116 1117 0
1115 1116 1135 0
1115 1117 1140 0
1115 1134 1135 0
1115 1134 1136 0
1115 1136 1140 0
1117 1140 1158 0
1117 1158 1159 0
1117 1159 1160 0
1118 1120 1121 0
1118 1121 1124 0
1119 1120 1122 0
1119 1120 1127 0
1119 1122 1143 0
1119 1127 1130 0
1119 1130 1142 0
1119 1142 1143 0
1120 1121 1122 0
1120 1126 1127 0
1121 1122 1173 0
1121 1124 1173 0
1122 1123 1143 0
1122 1123 1173 0
1123 1142 1143 0
1123 1142 1144 0
1123 1144 1145 0
1123 1145 1173 0
1125 1126 1127 0
1125 1126 1134 0
1125 1127 1129 0
1125 1129 1131 0
1125 1131 1136 0
1125 1134 1136 0
1127 1129 1130 0
1128 1129 1130 0
1128 1129 1131 0
1128 1130 1141 0
1128 1131 1172 0
1128 1141 2290 0
1128 1171 1172 0
1128 1171 2290 0
1131 1136 1138 0
1131 1138 1139 0
1131 1139 1172 0
1132 1133 1150 0
1132 1133 1167 0
1132 1149 1150 0
1132 1149 1153 0
1132 1153 1156 0
1132 1156 1167 0
1133 1150 1151 0
1133 1164 1167 0
1136 1138 1140 0
1137 1138 1139 0
1137 1138 1140 0
1137 1139 1153 0
1137 1140 1158 0
1137 1153 1155 0
1137 1155 1158 0
1139 1149 1153 0
1139 1149 2281 0
1139 1172 2281 0
1142 1144 1147 0
1144 1145 1352 0
1145 1349 1352 0
1145 1349 1353 0
1148 1149 1150 0
1148 1149 2281 0
1148 1150 1152 0
1148 1152 2280 0
1148 2280 2281 0
1150 1151 1152 0
1153 1155 1156 0
1154 1155 1156 0
1154 1155 1157 0
1154 1156 1167 0
1154 1157 2294 0
1154 1164 1165 0
1154 1164 1167 0
1154 1165 2294 0
1155 1157 1158 0
1157 1158 1159 0
1157 1159 1161 0
1157 1161 1163 0
1157 1163 2294 0
1164 1165 1166 0
1165 1166 2292 0
1165 1169 2292 0
1166 2291 2292 0
1168 1169 1400 0
1168 1169 2292 0
1168 1170 1403 0
1168 1170 2291 0
1168 1400 1403 0
1168 2291 2292 0
1171 1172 2281 0
1171 2279 2281 0
1171 2279 2282 0
1171 2282 2290 0
1179 1180 1182 0
1179 1182 1185 0
1179 1185 1195 0
1179 1191 1195 0
1180 1181 1182 0
1180 1181 1184 0
1180 1183 1184 0
1186 1187 1188 0
1186 1187 1195 0
1186 1188 1189 0
1186 1191 1195 0
1188 1189 1208 0
1191 1192 1193 0
1192 1193 1194 0
1200 1201 1202 0
1200 1201 1203 0
1201 1203 1204 0
1207 1209 1210 0
1207 1210 1211 0
1214 1216 1218 0
1214 1218 1221 0
1216 1218 1219 0
1217 1218 1219 0
1217 1218 1230 0
1217 1219 1220 0
1217 1220 1224 0
1217 1224 1229 0
1217 1229 1230 0
1219 1220 1309 0
1220 1224 1306 0
1220 1305 1306 0
1222 1243 1250 0
1222 1243 1971 0
1222 1250 1252 0
1222 1252 2230 0
1222 1971 2230 0
1223 1224 1226 0
1223 1224 1229 0
1223 1226 1253 0
1223 1229 1251 0
1223 1251 1252 0
1223 1252 1253 0
1224 1226 1306 0
1225 1226 1227 0
1225 1226 1306 0
1225 1227 1296 0
1225 1296 1304 0
1225 1304 1305 0
1225 1305 1306 0
1226 1227 1253 0
1227 1252 1253 0
1227 1252 1300 0
1227 1296 1300 0
1228 1229 1230 0
1228 1229 1251 0
1228 1230 1231 0
1228 1231 1255 0
1228 1235 1251 0
1228 1235 1255 0
1230 1231 1232 0
1231 1234 1255 0
1232 1261 1263 0
1232 1263 1294 0
1233 1248 1249 0
1233 1248 1280 0
1233 1249 1254 0
1233 1254 1258 0
1233 1258 1280 0
1234 1254 1255 0
1234 1254 1258 0
1234 1258 1295 0
1235 1249 1250 0
1235 1249 1254 0
1235 1250 1251 0
1235 1254 1255 0
1236 1243 1250 0
1236 1243 1983 0
1236 1248 1249 0
1236 1248 1983 0
1236 1249 1250 0
1237 2073 2099 0
1237 2099 2101 0
1237 2100 2101 0
1238 2125 2127 0
1238 2125 2152 0
1238 2127 2129 0
1238 2129 2148 0
1238 2148 2151 0
1238 2151 2152 0
1239 1988 1989 0
1239 1988 2145 0
1239 1989 1993 0
1239 1993 2147 0
1239 2145 2146 0
1239 2146 2147 0
1240 1247 1278 0
1240 1247 1982 0
1240 1278 1991 0
1240 1982 1985 0
1240 1985 1990 0
1240 1990 1991 0
1241 1651 1652 0
1241 1651 1973 0
1241 1652 1981 0
1241 1973 1976 0
1241 1976 1980 0
1241 1980 1981 0
1242 1243 1971 0
1242 1243 1983 0
1242 1652 1971 0
1242 1652 1981 0
1242 1981 1983 0
1244 1490 1491 0
1244 1490 1498 0
1244 1491 1650 0
1244 1498 1654 0
1244 1650 1654 0
1245 1246 1298 0
1245 1246 1480 0
1245 1298 1492 0
1245 1480 1495 0
1245 1481 1490 0
1245 1481 1495 0
1245 1490 1492 0
1247 1248 1293 0
1247 1248 1983 0
1247 1278 1293 0
1247 1982 1983 0
1248 1280 1293 0
1250 1251 1252 0
1252 1300 2230 0
1256 1257 1267 0
1256 1257 1279 0
1256 1266 1267 0
1256 1266 1270 0
1256 1270 1273 0
1256 1273 1286 0
1256 1279 1286 0
1257 1258 1279 0
1257 1258 1295 0
1257 1262 1267 0
1257 1262 1295 0
1258 1279 1280 0
1259 1265 1289 0
1259 1265 2275 0
1259 1289 2272 0
1259 1324 1332 0
1259 1324 2275 0
1259 1328 1332 0
1259 1328 2272 0
1260 1261 1262 0
1260 1261 1263 0
1260 1262 1265 0
1260 1263 2274 0
1260 1265 2275 0
1260 2274 2275 0
1262 1265 1266 0
1262 1266 1267 0
1263 1264 1294 0
1265 1266 1289 0
1266 1270 1288 0
1266 1288 1289 0
1268 1292 2189 0
1268 1292 2248 0
1268 1337 1338 0
1268 1337 2248 0
1268 1338 2189 0
1269 1270 1272 0
1269 1270 1288 0
1269 1272 1285 0
1269 1284 1285 0
1269 1284 2248 0
1269 1288 2247 0
1269 2247 2248 0
1270 1272 1273 0
1271 1272 1273 0
1271 1272 1285 0
1271 1273 1275 0
1271 1275 1282 0
1271 1282 1283 0
1271 1283 1285 0
1273 1275 1286 0
1274 1275 1277 0
1274 1275 2221 0
1274 1277 1278 0
1274 1278 1991 0
1274 1991 2220 0
1274 2220 2221 0
1275 1277 1286 0
1275 1282 2221 0
1276 1277 1278 0
1276 1277 1286 0
1276 1278 1293 0
1276 1279 1280 0
1276 1279 1286 0
1276 1280 1293 0
1281 1282 1283 0
1281 1282 2221 0
1281 1283 2185 0
1281 1992 1996 0
1281 1992 2220 0
1281 1995 1996 0
1281 1995 2185 0
1281 2220 2221 0
1283 1284 1285 0
1283 1284 1291 0
1283 1291 2184 0
1283 2184 2185 0
1284 1291 1292 0
1284 1292 2248 0
1287 1288 2247 0
1287 1288 2272 0
1287 1335 2247 0
1287 1335 2272 0
1288 1289 2272 0
1290 1291 1292 0
1290 1291 2184 0
1290 1292 2189 0
1290 2184 2186 0
1290 2186 2190 0
1290 2189 2190 0
1296 1299 1300 0
1296 1299 1301 0
1296 1301 1303 0
1296 1303 1304 0
1297 1298 1299 0
1297 1298 1492 0
1297 1299 1300 0
1297 1300 2230 0
1297 1491 1492 0
1297 1491 1494 0
1297 1494 2230 0
1298 1299 1301 0
1302 1303 1304 0
1302 1303 1308 0
1302 1304 1305 0
1302 1307 1308 0
1311 1312 1316 0
1311 1312 1341 0
1311 1313 1314 0
1311 1313 1341 0
1311 1314 1316 0
1313 1314 1315 0
1314 1315 1340 0
1314 1316 1318 0
1314 1318 1340 0
1316 1318 2273 0
1317 1318 1319 0
1317 1318 2273 0
1317 1319 1320 0
1317 1320 1323 0
1317 1323 1324 0
1317 1324 2273 0
1318 1319 1340 0
1320 1322 1323 0
1321 1322 1323 0
1321 1322 1325 0
1321 1323 1332 0
1321 1325 1327 0
1321 1327 1328 0
1321 1328 1332 0
1323 1324 1332 0
1324 2273 2274 0
1324 2274 2275 0
1325 1327 1329 0
1325 1329 1330 0
1326 1327 1328 0
1326 1327 1329 0
1326 1328 1335 0
1326 1329 1334 0
1326 1334 1336 0
1326 1335 1336 0
1328 1335 2272 0
1329 1330 2214 0
1329 1334 2204 0
1329 2204 2214 0
1330 1331 2214 0
1330 1331 2445 0
1331 2213 2214 0
1331 2213 2271 0
1331 2271 2445 0
1333 1334 1336 0
1333 1334 2204 0
1333 1336 1337 0
1333 1337 2209 0
1333 2203 2204 0
1333 2203 2209 0
1335 1336 2247 0
1336 1337 2248 0
1336 2247 2248 0
1337 1338 2209 0
1338 2188 2189 0
1338 2188 2199 0
1338 2199 2210 0
1338 2209 2210 0
1339 2202 2208 0
1339 2205 2206 0
1339 2205 2208 0
1344 1345 2312 0
1344 1346 2312 0
1347 1349 1351 0
1348 1349 1351 0
1348 1349 1352 0
1348 1350 1351 0
1355 1356 1357 0
1356 1357 1359 0
1356 1359 1360 0
1357 1358 1368 0
1357 1359 1368 0
1359 1362 1368 0
1361 1362 1364 0
1361 1362 2245 0
1361 1364 1365 0
1361 1365 2244 0
1361 2244 2245 0
1362 1363 2245 0
1362 1364 1368 0
1363 2245 2246 0
1366 1367 2313 0
1369 1370 1371 0
1377 1381 1385 0
1378 1381 1382 0
1378 1381 1383 0
1378 1382 1392 0
1378 1383 1387 0
1378 1387 1388 0
1378 1388 1392 0
1379 1380 1384 0
1379 1380 1389 0
1379 1384 1387 0
1379 1387 1388 0
1379 1388 1389 0
1381 1383 1385 0
1382 1386 1393 0
1382 1392 1394 0
1382 1393 1394 0
1383 1384 1387 0
1391 1392 1394 0
1398 1399 1401 0
1399 1400 1403 0
1399 1400 1404 0
1400 1404 1406 0
1415 1416 1433 0
1416 1417 1433 0
1417 1433 1436 0
1418 1419 1431 0
1418 1422 1431 0
1420 1421 1429 0
1420 1421 1431 0
1420 1422 1423 0
1420 1422 1431 0
1420 1423 1429 0
1421 1429 1430 0
1422 1423 1424 0
1423 1424 1425 0
1423 1425 1432 0
1423 1428 1429 0
1423 1428 1432 0
1424 1425 1426 0
1425 1426 1427 0
1428 1429 1430 0
1433 1434 1436 0
1434 1435 1436 0
1447 1448 1451 0
1447 1448 1466 0
1447 1451 2236 0
1447 1466 2234 0
1447 2234 2237 0
1447 2236 2237 0
1448 1450 1451 0
1449 1450 1451 0
1449 1450 1454 0
1449 1451 1453 0
1449 1453 1655 0
1449 1454 1457 0
1449 1457 1655 0
1450 1454 2233 0
1451 1453 2236 0
1452 1453 1607 0
1452 1453 2238 0
1452 1528 1605 0
1452 1528 1609 0
1452 1605 1606 0
1452 1606 1607 0
1452 1609 2238 0
1453 1607 1655 0
1453 2236 2238 0
1454 1457 1461 0
1454 1461 1465 0
1455 1463 1467 0
1455 1463 1471 0
1455 1467 2229 0
1455 1471 1474 0
1455 1474 2229 0
1456 1457 1458 0
1456 1457 1461 0
1456 1458 1469 0
1456 1461 1463 0
1456 1463 1467 0
1456 1467 1469 0
1457 1458 1655 0
1458 1469 1604 0
1458 1604 1607 0
1458 1607 1655 0
1459 1460 1465 0
1459 1460 2232 0
1459 1461 1462 0
1459 1461 1465 0
1459 1462 2232 0
1461 1462 1463 0
1462 1463 1486 0
1462 1484 1486 0
1463 1471 1486 0
1467 1469 2229 0
1468 1469 1604 0
1468 1469 2229 0
1468 1603 1604 0
1468 1603 2227 0
1468 2225 2227 0
1468 2225 2229 0
1470 1471 1473 0
1470 1471 1485 0
1470 1473 1478 0
1470 1478 1479 0
1470 1479 1483 0
1470 1482 1483 0
1470 1482 2231 0
1470 1485 2231 0
1471 1473 1474 0
1471 1485 1486 0
1472 1473 1474 0
1472 1473 1478 0
1472 1474 2228 0
1472 1476 1509 0
1472 1476 2228 0
1472 1478 1500 0
1472 1500 1509 0
1474 2228 2229 0
1475 1510 1511 0
1475 1510 2224 0
1475 1511 1515 0
1475 1515 1518 0
1475 1518 2226 0
1475 2224 2226 0
1476 1508 1509 0
1476 1508 1510 0
1476 1510 2224 0
1476 2224 2225 0
1476 2225 2228 0
1477 1478 1479 0
1477 1478 1500 0
1477 1479 1495 0
1477 1495 1499 0
1477 1499 1500 0
1479 1480 1495 0
1481 1490 1498 0
1481 1495 1499 0
1481 1498 1499 0
1482 1483 1487 0
1482 1487 1488 0
1482 1488 2231 0
1484 1485 1486 0
1484 1485 2231 0
1484 1489 2231 0
1488 1489 2231 0
1490 1491 1492 0
1491 1494 1653 0
1491 1650 1653 0
1493 1494 1653 0
1493 1494 2230 0
1493 1652 1653 0
1493 1652 1971 0
1493 1971 2230 0
1496 1499 1500 0
1496 1499 1501 0
1496 1500 1509 0
1496 1501 1502 0
1496 1502 1507 0
1496 1507 1647 0
1496 1509 1647 0
1497 1498 1501 0
1497 1498 1654 0
1497 1501 1502 0
1497 1502 1505 0
1497 1505 1654 0
1498 1499 1501 0
1502 1505 1559 0
1502 1507 1561 0
1502 1559 1561 0
1503 1557 1649 0
1503 1557 2149 0
1503 1649 1972 0
1503 1972 1978 0
1503 1978 2130 0
1503 2130 2149 0
1504 1505 1559 0
1504 1505 1654 0
1504 1557 1559 0
1504 1557 1649 0
1504 1649 1654 0
1506 1507 1558 0
1506 1507 1646 0
1506 1511 1646 0
1506 1511 2223 0
1506 1553 1558 0
1506 1553 2223 0
1507 1558 1561 0
1507 1646 1647 0
1508 1509 1647 0
1508 1510 1646 0
1508 1646 1647 0
1510 1511 1646 0
1511 1515 1533 0
1511 1533 2223 0
1512 1537 1541 0
1512 1537 1579 0
1512 1541 1548 0
1512 1548 1576 0
1512 1576 1578 0
1512 1578 1579 0
1513 1532 1535 0
1513 1532 2223 0
1513 1535 1537 0
1513 1537 1549 0
1513 1549 1550 0
1513 1550 2223 0
1514 1515 1517 0
1514 1515 1532 0
1514 1517 1521 0
1514 1521 1526 0
1514 1526 1536 0
1514 1532 1536 0
1515 1517 1518 0
1515 1532 1533 0
1516 1517 1522 0
1516 1517 1608 0
1516 1522 1527 0
1516 1527 1529 0
1516 1529 1608 0
1517 1518 1608 0
1517 1521 1522 0
1518 1608 2226 0
1519 1529 1603 0
1519 1529 1608 0
1519 1603 2227 0
1519 1608 2226 0
1519 2224 2226 0
1519 2224 2227 0
1520 1521 1522 0
1520 1521 1526 0
1520 1522 1524 0
1520 1524 1531 0
1520 1526 1612 0
1520 1531 1611 0
1520 1611 1612 0
1522 1524 1527 0
1523 1524 1527 0
1523 1524 1530 0
1523 1527 1528 0
1523 1528 1610 0
1523 1530 1602 0
1523 1602 1610 0
1524 1530 1531 0
1525 1581 1582 0
1525 1581 1645 0
1525 1582 1612 0
1525 1612 1629 0
1525 1618 1628 0
1525 1618 1645 0
1525 1628 1629 0
1526 1536 1582 0
1526 1582 1612 0
1527 1528 1605 0
1527 1529 1605 0
1528 1609 1610 0
1529 1603 1605 0
1530 1531 1601 0
1530 1601 1784 0
1530 1602 1784 0
1531 1611 1636 0
1532 1533 2223 0
1532 1535 1536 0
1534 1535 1536 0
1534 1535 1537 0
1534 1536 1582 0
1534 1537 1579 0
1534 1579 1581 0
1534 1581 1582 0
1537 1541 1549 0
1538 1542 1544 0
1538 1542 1575 0
1538 1544 1597 0
1538 1575 2143 0
1538 1597 2144 0
1538 2143 2144 0
1539 2111 2113 0
1539 2113 2160 0
1540 1541 1543 0
1540 1541 1549 0
1540 1543 1544 0
1540 1544 1551 0
1540 1549 1551 0
1541 1543 1548 0
1542 1543 1544 0
1542 1543 1547 0
1542 1547 1564 0
1542 1564 1575 0
1543 1547 1548 0
1544 1546 1551 0
1544 1546 1597 0
1545 1552 1555 0
1545 1552 1596 0
1545 1555 1560 0
1545 1560 2150 0
1545 1596 2151 0
1545 2150 2151 0
1546 1551 1552 0
1546 1552 1596 0
1546 1596 1597 0
1547 1548 1576 0
1547 1564 1567 0
1547 1567 1576 0
1549 1550 1551 0
1550 1551 1552 0
1550 1552 1553 0
1550 1553 2223 0
1552 1553 1554 0
1552 1554 1555 0
1553 1554 1558 0
1554 1555 1560 0
1554 1558 1561 0
1554 1559 1560 0
1554 1559 1561 0
1556 1557 1559 0
1556 1557 2149 0
1556 1559 1560 0
1556 1560 2150 0
1556 2149 2150 0
1562 1571 1573 0
1562 1571 2157 0
1562 1572 1573 0
1562 2157 2158 0
1563 1564 1566 0
1563 1564 1575 0
1563 1566 1571 0
1563 1571 2157 0
1563 1575 2154 0
1563 2154 2159 0
1563 2157 2159 0
1564 1566 1567 0
1565 1566 1567 0
1565 1566 1571 0
1565 1567 1570 0
1565 1570 1586 0
1565 1571 1573 0
1565 1573 1585 0
1565 1585 1586 0
1567 1570 1576 0
1568 1580 1583 0
1568 1580 1617 0
1568 1583 1584 0
1568 1584 1592 0
1568 1592 1616 0
1568 1616 1617 0
1569 1591 1643 0
1569 1642 1643 0
1570 1576 1580 0
1570 1580 1583 0
1570 1583 1586 0
1572 1573 1585 0
1574 1575 2143 0
1574 1575 2154 0
1574 2143 2153 0
1574 2153 2154 0
1576 1578 1580 0
1577 1578 1579 0
1577 1578 1580 0
1577 1579 1645 0
1577 1580 1617 0
1577 1617 1618 0
1577 1618 1645 0
1579 1581 1645 0
1583 1584 1586 0
1584 1585 1586 0
1584 1592 1593 0
1587 1588 1589 0
1587 1588 1591 0
1587 1589 1620 0
1587 1591 1637 0
1587 1619 1620 0
1587 1619 1622 0
1587 1622 1637 0
1588 1589 1590 0
1589 1590 1593 0
1589 1592 1593 0
1589 1592 1620 0
1590 1593 1594 0
1591 1623 1637 0
1591 1623 1643 0
1592 1616 1620 0
1595 1596 1597 0
1595 1596 2151 0
1595 1597 2144 0
1595 2144 2152 0
1595 2151 2152 0
1598 1602 1610 0
1598 1602 1784 0
1598 1780 1781 0
1598 1780 1784 0
1598 1781 1957 0
1599 1600 1718 0
1599 1600 1783 0
1599 1712 1715 0
1599 1712 1783 0
1599 1715 1718 0
1600 1601 1635 0
1600 1601 1784 0
1600 1633 1635 0
1600 1633 1718 0
1600 1780 1783 0
1600 1780 1784 0
1603 1604 1606 0
1603 1605 1606 0
1604 1606 1607 0
1609 2235 2238 0
1609 2235 2239 0
1611 1612 1629 0
1611 1629 1636 0
1613 1625 1632 0
1613 1625 2222 0
1613 1631 1632 0
1613 1631 1775 0
1613 1774 1775 0
1613 1774 2222 0
1614 1626 1628 0
1614 1626 1632 0
1614 1628 1629 0
1614 1629 1630 0
1614 1630 1631 0
1614 1631 1632 0
1615 1616 1619 0
1615 1616 1627 0
1615 1619 1624 0
1615 1624 1625 0
1615 1625 1626 0
1615 1626 1627 0
1616 1617 1627 0
1616 1619 1620 0
1617 1618 1627 0
1618 1626 1627 0
1618 1626 1628 0
1619 1622 1624 0
1621 1622 1623 0
1621 1622 1624 0
1621 1623 1644 0
1621 1624 1625 0
1621 1625 2222 0
1621 1644 2222 0
1622 1623 1637 0
1623 1643 1644 0
1625 1626 1632 0
1629 1630 1636 0
1630 1631 1634 0
1630 1634 1635 0
1631 1634 1721 0
1631 1720 1721 0
1631 1720 1775 0
1633 1634 1635 0
1633 1634 1721 0
1633 1718 1721 0
1638 1644 1772 0
1638 1644 2222 0
1638 1772 1773 0
1638 1773 1774 0
1638 1774 2222 0
1639 1777 1779 0
1639 1777 1959 0
1639 1778 1779 0
1639 1958 1959 0
1640 1642 1643 0
1640 1642 1960 0
1640 1643 1644 0
1640 1644 1772 0
1640 1772 1960 0
1641 1642 1960 0
1641 1958 1960 0
1648 1649 1654 0
1648 1649 1972 0
1648 1650 1651 0
1648 1650 1654 0
1648 1651 1973 0
1648 1972 1973 0
1650 1651 1653 0
1651 1652 1653 0
1662 1663 1815 0
1662 1663 1970 0
1662 1664 1665 0
1662 1665 1815 0
1664 1665 1667 0
1664 1666 1667 0
1666 1667 1681 0
1666 1668 1681 0
1666 1668 1812 0
1668 1677 1679 0
1668 1677 1812 0
1668 1679 1680 0
1668 1680 1681 0
1669 1672 1677 0
1669 1677 1812 0
1669 1812 1813 0
1670 1804 1805 0
1670 1804 1941 0
1670 1805 1808 0
1670 1808 1811 0
1670 1811 1944 0
1670 1941 1942 0
1670 1942 1944 0
1671 1672 1674 0
1671 1672 1677 0
1671 1674 1808 0
1671 1677 1679 0
1671 1678 1679 0
1671 1678 1811 0
1671 1808 1811 0
1672 1674 1675 0
1673 1674 1675 0
1673 1674 1791 0
1673 1675 1676 0
1673 1676 1795 0
1673 1791 1794 0
1673 1794 1795 0
1674 1791 1805 0
1674 1805 1808 0
1678 1679 1680 0
1678 1680 1684 0
1678 1684 1810 0
1678 1809 1810 0
1678 1809 1811 0
1680 1684 1687 0
1682 1685 1786 0
1682 1685 1788 0
1682 1689 1694 0
1682 1689 1788 0
1682 1694 1697 0
1682 1697 1786 0
1683 1684 1686 0
1683 1684 1687 0
1683 1686 1788 0
1683 1687 1688 0
1683 1688 1689 0
1683 1689 1788 0
1684 1686 1810 0
1685 1686 1788 0
1685 1686 1810 0
1685 1785 1786 0
1685 1785 1860 0
1685 1810 1859 0
1685 1859 1860 0
1688 1689 1690 0
1688 1690 1787 0
1689 1690 1693 0
1689 1693 1694 0
1690 1691 1701 0
1690 1693 1701 0
1692 1693 1694 0
1692 1693 1701 0
1692 1694 1696 0
1692 1696 1699 0
1692 1699 1700 0
1692 1700 1701 0
1694 1696 1697 0
1695 1696 1697 0
1695 1696 1730 0
1695 1697 1741 0
1695 1730 1969 0
1695 1741 1969 0
1696 1699 1730 0
1697 1741 1868 0
1697 1786 1866 0
1697 1866 1867 0
1697 1867 1868 0
1698 1699 1702 0
1698 1699 1730 0
1698 1702 1727 0
1698 1727 1728 0
1698 1728 1730 0
1699 1700 1702 0
1702 1704 1727 0
1703 1704 1711 0
1703 1704 1727 0
1703 1711 1712 0
1703 1712 1716 0
1703 1716 1726 0
1703 1726 1727 0
1704 1706 1711 0
1705 1706 1711 0
1705 1706 1782 0
1705 1711 1712 0
1705 1712 1783 0
1705 1782 1783 0
1706 1707 1708 0
1706 1707 1782 0
1707 1708 1709 0
1707 1781 1782 0
1707 1781 1957 0
1712 1715 1716 0
1713 1723 1724 0
1713 1723 1770 0
1713 1724 1735 0
1713 1735 1768 0
1713 1768 1770 0
1714 1715 1716 0
1714 1715 1717 0
1714 1716 1724 0
1714 1717 1722 0
1714 1722 1723 0
1714 1723 1724 0
1715 1717 1718 0
1716 1724 1725 0
1716 1725 1726 0
1717 1718 1721 0
1717 1721 1722 0
1719 1720 1722 0
1719 1720 1774 0
1719 1722 1770 0
1719 1769 1770 0
1719 1769 1773 0
1719 1773 1774 0
1720 1721 1722 0
1720 1774 1775 0
1722 1723 1770 0
1724 1725 1735 0
1725 1726 1729 0
1725 1734 1735 0
1725 1734 1736 0
1725 1736 1737 0
1726 1727 1729 0
1727 1728 1729 0
1728 1730 1969 0
1731 2447 2451 0
1731 2451 2459 0
1731 2458 2459 0
1732 1746 1747 0
1732 1746 1761 0
1732 1747 1753 0
1732 1753 1762 0
1732 1761 1762 0
1733 1736 1737 0
1733 1736 1745 0
1733 1737 1748 0
1733 1745 1746 0
1733 1746 1748 0
1734 1735 1744 0
1734 1736 1745 0
1734 1744 1745 0
1735 1743 1744 0
1735 1743 1768 0
1737 1739 1748 0
1737 1739 1968 0
1738 1749 1875 0
1738 1749 1879 0
1738 1874 1875 0
1738 1874 1877 0
1738 1877 1878 0
1738 1878 1879 0
1739 1747 1748 0
1739 1747 1749 0
1739 1749 1879 0
1739 1879 1968 0
1740 1741 1868 0
1740 1741 1968 0
1740 1867 1868 0
1740 1867 1878 0
1740 1878 1879 0
1740 1879 1968 0
1741 1968 1969 0
1742 1744 1745 0
1742 1744 1763 0
1742 1745 1746 0
1742 1746 1761 0
1742 1761 1763 0
1743 1744 1763 0
1743 1763 1766 0
1743 1766 1767 0
1743 1767 1768 0
1746 1747 1748 0
1747 1749 1752 0
1747 1752 1753 0
1749 1752 1875 0
1750 1757 1876 0
1750 1757 2452 0
1750 1876 1903 0
1750 1903 1905 0
1750 1905 2453 0
1750 2452 2453 0
1751 1752 1753 0
1751 1752 1875 0
1751 1753 1756 0
1751 1756 1757 0
1751 1757 1876 0
1751 1875 1876 0
1753 1756 1759 0
1753 1759 1762 0
1754 1966 1967 0
1754 1967 2455 0
1754 2455 2456 0
1755 1756 1759 0
1755 1756 2460 0
1755 1759 1967 0
1755 1967 2455 0
1755 2455 2457 0
1755 2457 2460 0
1756 1757 2460 0
1757 2452 2460 0
1758 1759 1762 0
1758 1759 1967 0
1758 1762 1963 0
1758 1963 1964 0
1758 1964 1966 0
1758 1966 1967 0
1760 1761 1762 0
1760 1761 1763 0
1760 1762 1963 0
1760 1763 1962 0
1760 1962 1965 0
1760 1963 1965 0
1763 1766 1962 0
1764 1778 1779 0
1764 1779 1961 0
1765 1766 1767 0
1765 1766 1962 0
1765 1767 1777 0
1765 1777 1779 0
1765 1779 1961 0
1765 1961 1962 0
1767 1768 1769 0
1767 1769 1776 0
1767 1776 1777 0
1768 1769 1770 0
1769 1772 1773 0
1769 1772 1776 0
1771 1772 1776 0
1771 1772 1960 0
1771 1776 1777 0
1771 1777 1959 0
1771 1959 1960 0
1780 1781 1782 0
1780 1782 1783 0
1785 1786 1866 0
1785 1860 1862 0
1785 1862 1866 0
1789 1791 1793 0
1789 1791 1806 0
1789 1793 1797 0
1789 1797 1800 0
1789 1800 1803 0
1789 1803 1806 0
1790 1796 1801 0
1790 1796 1831 0
1790 1799 1801 0
1790 1830 1831 0
1791 1793 1794 0
1791 1805 1806 0
1792 1793 1794 0
1792 1793 1797 0
1792 1794 1795 0
1792 1795 1827 0
1792 1796 1797 0
1792 1796 1828 0
1792 1827 1828 0
1796 1797 1801 0
1796 1828 1831 0
1797 1800 1801 0
1798 1799 1801 0
1798 1799 1956 0
1798 1800 1801 0
1798 1800 1955 0
1798 1955 1956 0
1799 1807 1956 0
1800 1803 1955 0
1802 1803 1804 0
1802 1803 1955 0
1802 1804 1941 0
1802 1941 1949 0
1802 1949 1954 0
1802 1954 1955 0
1803 1804 1806 0
1804 1805 1806 0
1809 1810 1943 0
1809 1811 1944 0
1809 1943 1944 0
1810 1859 1943 0
1817 1818 1834 0
1817 1819 1821 0
1819 1820 1826 0
1820 1822 1824 0
1820 1824 1826 0
1822 1824 1825 0
1822 1825 1833 0
1823 1824 1825 0
1823 1824 1826 0
1823 1825 1829 0
1823 1826 1827 0
1823 1827 1828 0
1823 1828 1829 0
1825 1832 1833 0
1828 1829 1831 0
1829 1830 1831 0
1837 1838 1839 0
1837 1838 1844 0
1837 1839 1840 0
1837 1840 1845 0
1837 1844 1845 0
1838 1843 1844 0
1841 1842 1844 0
1841 1842 2439 0
1841 1844 1845 0
1841 1845 1846 0
1841 1846 2437 0
1841 2437 2439 0
1842 1843 1844 0
1846 2431 2437 0
1847 1852 1855 0
1852 1853 1855 0
1856 1863 1864 0
1856 1863 1939 0
1856 1864 1946 0
1856 1935 1938 0
1856 1935 1946 0
1856 1938 1939 0
1857 1892 1909 0
1857 1892 1923 0
1857 1893 1909 0
1857 1923 1924 0
1858 1859 1860 0
1858 1859 1943 0
1858 1860 1862 0
1858 1862 1863 0
1858 1863 1939 0
1858 1939 1940 0
1858 1940 1943 0
1861 1862 1863 0
1861 1862 1869 0
1861 1863 1864 0
1861 1864 1871 0
1861 1869 1872 0
1861 1871 1872 0
1862 1866 1869 0
1864 1871 1882 0
1864 1882 1946 0
1865 1866 1867 0
1865 1866 1869 0
1865 1867 1878 0
1865 1869 1872 0
1865 1872 1877 0
1865 1877 1878 0
1870 1873 1906 0
1870 1873 1919 0
1870 1903 1904 0
1870 1903 1906 0
1870 1904 1908 0
1870 1908 1919 0
1871 1872 1873 0
1871 1873 1919 0
1871 1882 1919 0
1872 1873 1874 0
1872 1874 1877 0
1873 1874 1906 0
1874 1875 1906 0
1875 1876 1906 0
1876 1903 1906 0
1880 1881 1885 0
1880 1881 1945 0
1880 1885 1888 0
1880 1888 1948 0
1880 1945 1948 0
1881 1882 1919 0
1881 1882 1945 0
1881 1885 1908 0
1881 1908 1919 0
1882 1930 1945 0
1882 1930 1946 0
1883 1894 1896 0
1883 1894 1907 0
1883 1896 1899 0
1883 1899 1901 0
1883 1901 1907 0
1884 1885 1894 0
1884 1885 1908 0
1884 1894 1907 0
1884 1904 1907 0
1884 1904 1908 0
1885 1888 1894 0
1886 1888 1891 0
1886 1888 1894 0
1886 1891 1909 0
1886 1894 1896 0
1886 1896 1910 0
1886 1909 1910 0
1887 1893 1911 0
1887 1911 1914 0
1887 1914 1918 0
1888 1891 1948 0
1889 1926 1932 0
1889 1932 1952 0
1890 1891 1892 0
1890 1891 1948 0
1890 1892 1923 0
1890 1923 1947 0
1890 1947 1948 0
1891 1892 1909 0
1893 1909 1910 0
1893 1910 1911 0
1895 1896 1910 0
1895 1896 1921 0
1895 1910 1911 0
1895 1911 1914 0
1895 1914 1921 0
1896 1899 1921 0
1897 1916 1917 0
1897 1917 2446 0
1897 2446 2448 0
1897 2447 2448 0
1898 1899 1901 0
1898 1899 1921 0
1898 1901 2449 0
1898 1915 1921 0
1898 1915 2446 0
1898 2446 2448 0
1898 2448 2449 0
1900 1901 1902 0
1900 1901 2449 0
1900 1902 1905 0
1900 1905 2453 0
1900 2449 2450 0
1900 2450 2453 0
1901 1902 1907 0
1902 1903 1904 0
1902 1903 1905 0
1902 1904 1907 0
1912 1913 1918 0
1912 1913 1920 0
1912 1914 1915 0
1912 1914 1918 0
1912 1915 1917 0
1912 1917 1920 0
1914 1915 1921 0
1915 1917 2446 0
1916 1917 1920 0
1922 1923 1924 0
1922 1923 1925 0
1922 1925 1926 0
1923 1925 1947 0
1925 1926 1932 0
1925 1929 1932 0
1925 1929 1947 0
1927 1929 1930 0
1927 1929 1947 0
1927 1930 1945 0
1927 1945 1948 0
1927 1947 1948 0
1928 1929 1930 0
1928 1929 1934 0
1928 1930 1935 0
1928 1934 1937 0
1928 1935 1937 0
1929 1931 1932 0
1929 1931 1934 0
1930 1935 1946 0
1931 1932 1952 0
1931 1934 1951 0
1931 1951 1952 0
1933 1934 1937 0
1933 1934 1951 0
1933 1937 1949 0
1933 1949 1954 0
1933 1950 1951 0
1933 1950 1954 0
1935 1937 1938 0
1936 1937 1938 0
1936 1937 1949 0
1936 1938 1942 0
1936 1941 1942 0
1936 1941 1949 0
1938 1939 1942 0
1939 1940 1942 0
1940 1942 1944 0
1940 1943 1944 0
1950 1951 1953 0
1950 1953 1956 0
1950 1954 1955 0
1950 1955 1956 0
1951 1952 1953 0
1958 1959 1960 0
1961 1962 1965 0
1972 1973 1976 0
1972 1976 1977 0
1972 1977 1978 0
1974 1977 1978 0
1974 1977 2131 0
1974 1978 2130 0
1974 2128 2129 0
1974 2128 2131 0
1974 2129 2130 0
1975 1976 1977 0
1975 1976 1980 0
1975 1977 2140 0
1975 1980 1986 0
1975 1986 2140 0
1977 2131 2140 0
1979 1980 1981 0
1979 1980 1986 0
1979 1981 1982 0
1979 1982 1985 0
1979 1985 1986 0
1981 1982 1983 0
1984 1985 1986 0
1984 1985 1990 0
1984 1986 2140 0
1984 1987 1988 0
1984 1987 2140 0
1984 1988 1989 0
1984 1989 1990 0
1987 1988 2145 0
1987 2131 2135 0
1987 2131 2140 0
1987 2135 2145 0
1989 1990 1991 0
1989 1991 2220 0
1989 1993 2220 0
1992 1993 2147 0
1992 1993 2220 0
1992 1996 2002 0
1992 2002 2147 0
1994 1997 2010 0
1994 1997 2191 0
1994 2001 2010 0
1994 2001 2110 0
1994 2110 2192 0
1994 2191 2192 0
1995 1996 1997 0
1995 1997 2191 0
1995 2185 2191 0
1996 1997 2010 0
1996 2002 2010 0
1998 2017 2024 0
1998 2017 2079 0
1998 2024 2027 0
1998 2027 2067 0
1998 2067 2081 0
1998 2079 2082 0
1998 2081 2082 0
1999 2038 2039 0
1999 2039 2076 0
1999 2076 2077 0
2000 2001 2003 0
2000 2001 2014 0
2000 2003 2006 0
2000 2006 2017 0
2000 2014 2016 0
2000 2016 2017 0
2001 2003 2010 0
2001 2014 2110 0
2002 2003 2005 0
2002 2003 2010 0
2002 2005 2147 0
2003 2005 2006 0
2004 2005 2006 0
2004 2005 2147 0
2004 2006 2009 0
2004 2009 2138 0
2004 2138 2146 0
2004 2146 2147 0
2006 2009 2079 0
2006 2017 2079 0
2007 2084 2085 0
2007 2084 2139 0
2007 2085 2091 0
2007 2086 2133 0
2007 2086 2139 0
2007 2091 2092 0
2007 2092 2133 0
2008 2009 2079 0
2008 2009 2138 0
2008 2079 2083 0
2008 2083 2084 0
2008 2084 2139 0
2008 2137 2138 0
2008 2137 2139 0
2011 2013 2019 0
2011 2013 2164 0
2011 2018 2019 0
2011 2018 2023 0
2011 2023 2058 0
2011 2058 2171 0
2011 2164 2171 0
2012 2054 2056 0
2012 2056 2168 0
2012 2168 2215 0
2012 2174 2215 0
2013 2014 2019 0
2013 2014 2110 0
2013 2110 2163 0
2013 2163 2164 0
2014 2016 2019 0
2015 2016 2018 0
2015 2016 2024 0
2015 2018 2022 0
2015 2022 2026 0
2015 2024 2078 0
2015 2026 2078 0
2016 2017 2024 0
2016 2018 2019 0
2018 2022 2023 0
2020 2021 2029 0
2020 2021 2049 0
2020 2028 2029 0
2020 2028 2031 0
2020 2031 2034 0
2020 2034 2037 0
2020 2037 2049 0
2021 2022 2023 0
2021 2022 2029 0
2021 2023 2058 0
2021 2049 2058 0
2022 2026 2029 0
2024 2027 2078 0
2025 2026 2027 0
2025 2026 2028 0
2025 2027 2063 0
2025 2028 2040 0
2025 2040 2075 0
2025 2063 2075 0
2026 2027 2078 0
2026 2028 2029 0
2027 2063 2067 0
2028 2031 2040 0
2030 2031 2039 0
2030 2031 2040 0
2030 2039 2076 0
2030 2040 2075 0
2030 2075 2076 0
2031 2034 2036 0
2031 2036 2039 0
2032 2044 2046 0
2032 2044 2219 0
2032 2045 2046 0
2032 2218 2219 0
2033 2034 2036 0
2033 2034 2037 0
2033 2036 2219 0
2033 2037 2043 0
2033 2043 2044 0
2033 2044 2219 0
2035 2036 2038 0
2035 2036 2219 0
2035 2218 2219 0
2036 2038 2039 0
2037 2043 2052 0
2037 2049 2051 0
2037 2051 2052 0
2041 2054 2055 0
2041 2055 2217 0
2041 2216 2217 0
2042 2043 2044 0
2042 2043 2052 0
2042 2044 2046 0
2042 2046 2048 0
2042 2047 2048 0
2042 2047 2217 0
2042 2052 2217 0
2045 2046 2048 0
2047 2216 2217 0
2049 2051 2059 0
2049 2058 2059 0
2050 2051 2053 0
2050 2051 2059 0
2050 2053 2056 0
2050 2056 2168 0
2050 2057 2059 0
2050 2057 2169 0
2050 2168 2169 0
2051 2052 2053 0
2052 2053 2055 0
2052 2055 2217 0
2053 2055 2056 0
2054 2055 2056 0
2057 2058 2059 0
2057 2058 2171 0
2057 2166 2171 0
2057 2166 2172 0
2057 2169 2172 0
2060 2061 2062 0
2060 2061 2074 0
2060 2071 2074 0
2061 2062 2076 0
2061 2063 2064 0
2061 2063 2075 0
2061 2064 2074 0
2061 2075 2076 0
2062 2076 2077 0
2063 2064 2066 0
2063 2066 2067 0
2064 2066 2072 0
2064 2070 2072 0
2064 2070 2074 0
2065 2066 2067 0
2065 2066 2072 0
2065 2067 2081 0
2065 2072 2096 0
2065 2081 2087 0
2065 2087 2096 0
2068 2069 2070 0
2068 2069 2073 0
2068 2070 2072 0
2068 2072 2096 0
2068 2073 2099 0
2068 2096 2099 0
2069 2070 2071 0
2070 2071 2074 0
2079 2082 2083 0
2080 2081 2082 0
2080 2081 2087 0
2080 2082 2083 0
2080 2083 2085 0
2080 2085 2087 0
2083 2084 2085 0
2085 2087 2093 0
2085 2091 2093 0
2086 2126 2133 0
2086 2126 2136 0
2086 2135 2136 0
2086 2135 2137 0
2086 2137 2139 0
2087 2093 2098 0
2087 2096 2098 0
2088 2105 2107 0
2088 2105 2122 0
2088 2107 2134 0
2088 2118 2121 0
2088 2118 2134 0
2088 2121 2122 0
2089 2100 2104 0
2089 2103 2104 0
2089 2103 2109 0
2089 2108 2109 0
2090 2091 2092 0
2090 2091 2093 0
2090 2092 2121 0
2090 2093 2095 0
2090 2095 2122 0
2090 2121 2122 0
2092 2119 2121 0
2092 2119 2123 0
2092 2123 2132 0
2092 2132 2133 0
2093 2095 2098 0
2094 2095 2097 0
2094 2095 2122 0
2094 2097 2102 0
2094 2102 2105 0
2094 2105 2122 0
2095 2097 2098 0
2096 2097 2098 0
2096 2097 2099 0
2097 2099 2101 0
2097 2101 2102 0
2100 2101 2104 0
2101 2102 2104 0
2102 2103 2104 0
2102 2103 2105 0
2103 2105 2107 0
2103 2107 2109 0
2106 2107 2109 0
2106 2107 2115 0
2106 2108 2109 0
2106 2108 2111 0
2106 2111 2113 0
2106 2113 2155 0
2106 2115 2155 0
2107 2115 2134 0
2110 2163 2192 0
2112 2113 2155 0
2112 2113 2159 0
2112 2153 2154 0
2112 2153 2155 0
2112 2154 2159 0
2113 2159 2160 0
2114 2115 2117 0
2114 2115 2155 0
2114 2117 2120 0
2114 2120 2143 0
2114 2143 2153 0
2114 2153 2155 0
2115 2117 2134 0
2116 2117 2118 0
2116 2117 2120 0
2116 2118 2119 0
2116 2119 2142 0
2116 2120 2141 0
2116 2141 2142 0
2117 2118 2134 0
2118 2119 2121 0
2119 2123 2142 0
2120 2141 2144 0
2120 2143 2144 0
2123 2125 2127 0
2123 2125 2142 0
2123 2127 2132 0
2124 2125 2142 0
2124 2125 2152 0
2124 2141 2142 0
2124 2141 2152 0
2126 2127 2128 0
2126 2127 2132 0
2126 2128 2136 0
2126 2132 2133 0
2127 2128 2129 0
2128 2131 2136 0
2129 2130 2148 0
2130 2148 2149 0
2131 2135 2136 0
2135 2137 2145 0
2137 2138 2145 0
2138 2145 2146 0
2141 2144 2152 0
2148 2149 2150 0
2148 2150 2151 0
2156 2157 2158 0
2156 2157 2159 0
2156 2159 2160 0
2161 2173 2174 0
2161 2173 2197 0
2161 2178 2197 0
2162 2163 2165 0
2162 2163 2182 0
2162 2165 2170 0
2162 2170 2175 0
2162 2175 2177 0
2162 2177 2181 0
2162 2181 2182 0
2163 2164 2165 0
2163 2182 2192 0
2164 2165 2166 0
2164 2166 2171 0
2165 2166 2172 0
2165 2170 2172 0
2167 2168 2169 0
2167 2168 2215 0
2167 2169 2172 0
2167 2170 2172 0
2167 2170 2198 0
2167 2173 2198 0
2167 2173 2215 0
2170 2175 2198 0
2173 2174 2215 0
2173 2175 2197 0
2173 2175 2198 0
2175 2177 2179 0
2175 2179 2197 0
2176 2177 2181 0
2176 2177 2194 0
2176 2181 2187 0
2176 2187 2196 0
2176 2194 2196 0
2177 2179 2194 0
2178 2179 2193 0
2178 2179 2197 0
2179 2193 2194 0
2180 2181 2182 0
2180 2181 2187 0
2180 2182 2183 0
2180 2183 2186 0
2180 2186 2187 0
2182 2183 2192 0
2183 2184 2185 0
2183 2184 2186 0
2183 2185 2191 0
2183 2191 2192 0
2186 2187 2190 0
2187 2190 2196 0
2188 2189 2190 0
2188 2190 2196 0
2188 2195 2196 0
2188 2195 2199 0
2193 2194 2195 0
2193 2195 2211 0
2194 2195 2196 0
2195 2199 2211 0
2199 2201 2210 0
2199 2201 2211 0
2200 2201 2202 0
2200 2201 2211 0
2201 2202 2208 0
2201 2208 2210 0
2203 2204 2207 0
2203 2207 2208 0
2203 2208 2210 0
2203 2209 2210 0
2204 2207 2214 0
2205 2206 2213 0
2205 2207 2208 0
2205 2207 2214 0
2205 2213 2214 0
2206 2212 2213 0
2212 2213 2271 0
2224 2225 2227 0
2225 2228 2229 0
2235 2236 2237 0
2235 2236 2238 0
2235 2237 2240 0
2235 2239 2240 0
2239 2240 2241 0
2240 2241 2242 0
2243 2244 2245 0
2243 2245 2246 0
2243 2246 2475 0
2243 2464 2474 0
2243 2464 2475 0
2249 2252 2253 0
2249 2252 2270 0
2249 2269 2270 0
2250 2251 2252 0
2250 2251 2266 0
2250 2252 2255 0
2250 2255 2256 0
2250 2256 2445 0
2250 2266 2445 0
2251 2252 2253 0
2251 2266 2267 0
2252 2255 2270 0
2254 2255 2256 0
2254 2255 2270 0
2254 2256 2257 0
2254 2257 2258 0
2254 2258 2260 0
2254 2260 2270 0
2256 2257 2276 0
2258 2260 2261 0
2258 2261 2262 0
2259 2260 2261 0
2259 2260 2270 0
2259 2261 2263 0
2259 2263 2268 0
2259 2268 2270 0
2263 2265 2268 0
2264 2268 2269 0
2266 2271 2445 0
2268 2269 2270 0
2279 2280 2281 0
2279 2282 2286 0
2282 2283 2286 0
2283 2284 2286 0
2284 2285 2286 0
2285 2287 2289 0
2287 2288 2289 0
2297 2299 2300 0
2297 2299 2305 0
2298 2299 2301 0
2298 2299 2305 0
2298 2301 2302 0
2298 2302 2303 0
2298 2303 2310 0
2298 2305 2307 0
2298 2307 2310 0
2302 2303 2308 0
2303 2304 2308 0
2303 2304 2311 0
2303 2310 2311 0
2306 2307 2310 0
2306 2309 2310 0
2309 2310 2311 0
2316 2319 2321 0
2316 2335 2336 0
2317 2325 2329 0
2317 2325 2398 0
2317 2328 2329 0
2317 2397 2398 0
2318 2319 2321 0
2318 2319 2322 0
2318 2321 2398 0
2318 2322 2323 0
2318 2323 2325 0
2318 2325 2398 0
2320 2321 2398 0
2320 2397 2398 0
2322 2323 2324 0
2323 2325 2327 0
2323 2327 2330 0
2325 2327 2329 0
2326 2327 2329 0
2326 2327 2330 0
2326 2329 2339 0
2326 2330 2343 0
2326 2339 2342 0
2326 2342 2343 0
2328 2329 2339 0
2330 2331 2333 0
2330 2331 2343 0
2330 2332 2333 0
2331 2342 2343 0
2334 2335 2336 0
2334 2335 2338 0
2335 2337 2338 0
2339 2342 2344 0
2340 2345 2393 0
2340 2388 2392 0
2340 2392 2393 0
2341 2342 2344 0
2341 2342 2347 0
2341 2344 2396 0
2341 2347 2396 0
2344 2345 2396 0
2345 2393 2396 0
2346 2347 2395 0
2346 2347 2396 0
2346 2393 2395 0
2346 2393 2396 0
2347 2351 2352 0
2347 2352 2395 0
2348 2381 2382 0
2348 2382 2384 0
2348 2384 2390 0
2348 2389 2390 0
2349 2352 2355 0
2349 2352 2386 0
2349 2355 2379 0
2349 2379 2383 0
2349 2383 2384 0
2349 2384 2386 0
2350 2351 2352 0
2350 2351 2353 0
2350 2352 2355 0
2350 2353 2358 0
2350 2355 2358 0
2352 2386 2395 0
2353 2354 2358 0
2353 2354 2361 0
2354 2357 2358 0
2354 2357 2363 0
2354 2361 2362 0
2354 2362 2363 0
2355 2356 2358 0
2355 2356 2379 0
2356 2357 2358 0
2356 2357 2360 0
2356 2360 2378 0
2356 2378 2379 0
2359 2360 2372 0
2359 2360 2378 0
2359 2372 2373 0
2359 2373 2380 0
2359 2378 2380 0
2360 2366 2372 0
2363 2364 2377 0
2364 2365 2374 0
2364 2365 2377 0
2364 2366 2367 0
2364 2367 2374 0
2366 2367 2371 0
2366 2371 2372 0
2367 2368 2371 0
2368 2369 2370 0
2368 2369 2371 0
2369 2371 2373 0
2369 2373 2376 0
2371 2372 2373 0
2378 2379 2383 0
2378 2380 2381 0
2378 2381 2382 0
2378 2382 2383 0
2382 2383 2384 0
2384 2385 2386 0
2384 2385 2390 0
2385 2386 2395 0
2385 2387 2390 0
2385 2387 2392 0
2385 2392 2393 0
2385 2393 2395 0
2387 2388 2392 0
2387 2388 2394 0
2387 2389 2390 0
2387 2389 2391 0
2387 2391 2394 0
2399 2400 2402 0
2400 2401 2402 0
2403 2404 2416 0
2403 2408 2416 0
2404 2406 2416 0
2405 2406 2407 0
2405 2406 2416 0
2405 2407 2410 0
2405 2410 2411 0
2405 2411 2416 0
2406 2407 2424 0
2407 2410 2425 0
2407 2423 2424 0
2408 2411 2412 0
2408 2411 2416 0
2408 2412 2415 0
2409 2410 2411 0
2409 2410 2422 0
2409 2411 2412 0
2409 2412 2418 0
2409 2418 2422 0
2412 2414 2415 0
2413 2414 2415 0
2419 2420 2421 0
2423 2443 2444 0
2430 2431 2438 0
2431 2437 2438 0
2432 2433 2434 0
2432 2434 2438 0
2432 2437 2438 0
2447 2448 2451 0
2448 2449 2451 0
2449 2450 2451 0
2450 2451 2459 0
2450 2452 2453 0
2450 2452 2459 0
2452 2457 2459 0
2452 2457 2460 0
2454 2455 2456 0
2454 2455 2457 0
2454 2457 2458 0
2457 2458 2459 0
2461 2462 2463 0
2461 2462 2474 0
2461 2463 2468 0
2461 2464 2466 0
2461 2464 2474 0
2461 2466 2468 0
2464 2465 2466 0
2464 2465 2473 0
2464 2473 2475 0
2465 2466 2470 0
2466 2467 2468 0
2466 2467 2471 0
2466 2470 2471 0
2467 2468 2469 0
2467 2471 2472 0

End
