MeshVersionFormatted 1

Dimension
2

Vertices
1731
0.0 0.0 1
1.0 0.0 1
1.0 1.0 1
0.0 1.0 1
0.5 0.0 1
1.0 0.5 1
0.5 1.0 1
0.25 0.5 0
0.0 0.5 1
0.0 0.75 1
0.25 1.0 1
0.375 0.75 0
0.7291666666666666 0.7291666666666666 0
0.538690476190476 0.5119047619047622 0
0.3910557644110273 0.5857221177944861 0
0.5316602518200254 0.6823877028881726 0
0.654972415227055 0.6020863169829342 0
0.7650644656186915 0.3400724474862056 0
0.6749052114385818 0.45632563128933656 0
0.8276068351983819 0.5514508511724192 0
0.7854616148589596 0.44897904494922575 0
0.7352910988334793 0.5295162491877469 0
0.7601325780042659 0.6301974255277039 0
0.7736121155384761 0.5734663558598555 0
0.7140392862560221 0.5867276498891941 0
0.6987346194295964 0.6491284537217925 0
0.6895479488246486 0.6137980513830927 0
0.6614100503901603 0.639974082968478 0
0.6825426634382137 0.6344791454007385 0
0.7244735266878868 0.623576211854637 0
0.7477968640191492 0.5972994768463565 0
0.7275379409771011 0.6028068862470389 0
0.7440524615192441 0.6174652421404618 0
0.7784245976346679 0.6045767534299857 0
0.8093385144479363 0.5838672436854193 0
0.7890475372146447 0.5870060645387796 0
0.8461816555446715 0.6722924572655464 0
1.0 0.75 1
0.8066631635324238 0.6440780127382931 0
0.7857760572708267 0.629165548447653 0
0.7744599880071019 0.667099341934187 0
0.7866172891533374 0.6500712481230905 0
0.8053852959942137 0.6763247026223674 0
0.8122551370269 0.6141616598473322 0
0.8427332851469864 0.6353394473833697 0
0.8227340410036001 0.631601182777156 0
0.8283730496967183 0.6554530756841936 0
1.0 0.625 1
0.9224428048553248 0.6465385392034835 0
0.8812613848242679 0.6503814951689784 0
0.8582215889247348 0.65253151624715 0
0.7766370669065205 0.7162480047140101 0
0.7840806033788722 0.6912957382713913 0
0.744700695206314 0.6929425963997338 0
0.7646823943128609 0.699095416175829 0
0.7522935887532748 0.720472181476647 0
0.75 1.0 1
0.786893686506218 0.8476123214299552 0
0.7755800590230798 0.782413098256871 0
0.7523733628448737 0.7557898824617663 0
0.8162929542299878 0.7144914158131778 0
0.8042134861583373 0.6973015994065744 0
0.8296489392941087 0.6922669280929885 0
0.9042811763523845 0.7522432099296383 0
0.8746536151829974 0.7126877164189657 0
0.84557760066968 0.7169648228684805 0
0.8653658642640278 0.7505178128108445 0
0.8623051945138791 0.7297112046223059 0
0.8867827761365593 0.7344762769773537 0
0.9361927387013834 0.7033135353396666 0
0.9056799668666939 0.7096863866672318 0
0.9261916540856063 0.7316619805289466 0
0.9658570911276474 0.7297172309483801 0
1.0 0.6875 1
0.9456267756478428 0.7225801518046546 0
1.0 0.875 1
0.9483024791158146 0.7771542463372757 0
0.9473814603394966 0.7498467622428344 0
0.9265637692997013 0.764218169163634 0
0.8817410443197189 0.8209039351607061 0
0.91793216282746 0.8034570187846694 0
0.9287552963562252 0.7852690506762093 0
0.9507618455251605 0.8106787621434163 0
1.0 0.8125 1
0.9736537256553202 0.7626299329925679 0
0.9807201123187089 0.7435761717332328 0
1.0 0.71875 1
1.0 0.78125 1
0.9150629096870967 0.6783783212711958 0
0.857166970894768 0.6947812662900602 0
0.8855432200486346 0.6845618463866487 0
0.9028136392381185 0.658764002998563 0
0.9731225950679645 0.7921859045139699 0
0.9751652207007442 0.817421003450261 0
0.9495453684160358 0.8626165970931828 0
0.9566779235238699 0.8368004907962676 0
1.0 0.84375 1
0.9758193167054688 0.8559822906913814 0
0.919775566112227 0.8404983468712474 0
0.9371096538842986 0.8275015298779177 0
0.875 1.0 1
0.8859994388159492 0.9170522187305667 0
0.9115866491284779 0.8826134098344464 0
0.9257738401630989 0.8635183246396771 0
0.9761481314587629 0.7031250000000008 0
0.9649343016337437 0.6599891968777993 0
0.9778230207275577 0.6796640790212026 0
1.0 0.65625 1
0.9519370293011026 0.682562558306961 0
0.9411393358567366 0.6613170104998244 0
0.9806016312091389 0.6406250000000002 0
0.950205435981629 0.6306314033334773 0
0.8995978095452911 0.5744867558678811 0
0.9188221901007815 0.6080389547272681 0
0.9293803628575463 0.6264660718405762 0
0.607532711874812 0.8586174228684296 0
0.6953631350130371 0.8289099831556828 0
0.7309612046363535 0.7978801634435636 0
0.7162115488651644 0.7638851872720009 0
0.6954595639111122 0.7930862670070845 0
0.7111096520020461 0.8110403811669721 0
0.738513099677657 0.8510606676340841 0
0.734338326040435 0.824527050823087 0
0.7164496475612508 0.8409368740453987 0
0.6890341502477378 0.9297893444463181 0
0.625 1.0 1
0.7085909823447095 0.8871678483894968 0
0.6913454151433118 0.8604529032575198 0
0.7187143746055331 0.8651052709134073 0
0.7548201239985055 0.895026202072466 0
0.7407760774759639 0.8752282618622736 0
0.7690174043662972 0.8700749141919584 0
0.7625045974152059 0.8465473744930052 0
0.7760601263621691 0.8159109993861712 0
0.7528097957545571 0.8086486043948943 0
0.8189088999369053 0.9149779398120715 0
0.8049460860117149 0.8803233518535875 0
0.7891140337309549 0.8677238164204589 0
0.7816778259704614 0.8937934623603678 0
0.8018049309195803 0.9017291664196448 0
0.7716812343779471 0.9486392984877616 0
0.7938064138221793 0.9297200040548604 0
0.769330471423374 0.9179723967662755 0
0.729642603776071 0.927008567435225 0
0.7522673041931945 0.934703918584301 0
0.7288053553220402 0.9665766441460302 0
0.6875 1.0 1
0.7503507423970714 0.9578648046366849 0
0.8125 1.0 1
0.8275174434264152 0.9583794246052074 0
0.8156536970665073 0.9381780794364678 0
0.7981064571308286 0.9620674497750146 0
0.8505812485104121 0.9312503130934484 0
0.8149619045271388 0.9773687309524809 0
0.84375 1.0 1
0.7727099082269129 0.979330111977386 0
0.78125 1.0 1
0.7515971818772098 0.978944237775173 0
0.8593749999999971 0.9699303102096661 0
0.9375 1.0 1
0.90625 0.9646672549018065 0
0.8838253540189217 0.9763196894928367 0
0.90625 1.0 1
0.8826230275687188 0.9466019741148376 0
0.8707460108739329 0.9302771083225844 0
0.8592569190118104 0.9016167239350591 0
0.8403663290036538 0.9121729848175598 0
0.835734522023426 0.8817036654649605 0
0.8727096251079648 0.8618761474984252 0
0.8993649683510426 0.8587150794880168 0
0.9138007383816014 0.8543466655519238 0
0.8978080160571684 0.836427918576969 0
0.8581368433226942 0.8790903167277727 0
0.884481720690887 0.8866173342510225 0
0.8217434191975435 0.8497164747246113 0
0.84736896834832 0.8551992603298667 0
0.8423912482828064 0.8158382385836407 0
0.8379941305866793 0.8363895721130555 0
0.8624498975366726 0.8359417778455348 0
0.810824257027118 0.8198303007510038 0
0.8208721262846003 0.8691510045854741 0
0.8211635048871007 0.77478420820115 0
0.8285606246566323 0.7438435350047339 0
0.7975369872049372 0.7395701277303076 0
0.8110774435372021 0.7560183229378235 0
0.7966411957363955 0.7193471799906158 0
0.7725373556889863 0.7409476292946804 0
0.7861685507939193 0.7607917530371051 0
0.8439360737865784 0.7638739769462007 0
0.8423729239707494 0.7898326002475483 0
0.864068097827688 0.8028201388352588 0
0.8668201341033239 0.7767211609103328 0
0.8911261707274761 0.7924787232134902 0
0.9063155126427559 0.7751766083415422 0
0.8204075384758558 0.7983203034770512 0
0.7995889616555927 0.785871434010941 0
0.7947453129499331 0.8063119886199824 0
0.7922928327470412 0.8280654426900125 0
0.921874999999997 0.9823336274509036 0
1.0 0.9375 1
0.9503265825207708 0.9414267210160737 0
0.9311187498114258 0.9584150634304324 0
0.9194430917113436 0.9258611872630129 0
0.8995316534226996 0.9335662105840591 0
0.9508271868349539 0.9020128248229949 0
0.9348009699029451 0.8850431800642649 0
0.9211650959100359 0.9032108718793687 0
0.9000264068926775 0.9010974410867986 0
0.9731085724676213 0.8843104660322708 0
0.9790709005499743 0.9146886638680719 0
1.0 0.90625 1
0.9589015418039633 0.9218255061678026 0
0.847770298433692 0.9522289836727625 0
0.8383837888971434 0.9781171509379167 0
0.6680967488562257 0.8943846733985353 0
0.6868315631728833 0.8822906002979712 0
0.6929871252707003 0.9058055984575553 0
0.7088133398526533 0.920731693518392 0
0.7092549010894426 0.9478206613155177 0
0.676116507664298 0.9646291741170465 0
0.7021200674151353 0.9748249948182353 0
0.71875 1.0 1
0.6436066288148811 0.932760746039168 0
0.6669845323241341 0.9414286242904918 0
0.6686790584807998 0.91793356340365 0
0.65625 1.0 1
0.6406250000000008 0.9681297270111316 0
0.5611462316673602 0.9436194464008008 0
0.5625 1.0 1
0.5975269966488992 0.9667654826670822 0
0.6196740848332839 0.9485533836723001 0
0.5912166551060888 0.9365195059017811 0
0.5796396696882726 0.9547161241406406 0
0.5567337091357307 0.971931926286034 0
0.5107007060555842 0.9502575585884964 0
0.5368974753079773 0.9543403459335369 0
0.5307554102554849 0.9076644701493035 0
0.526977717929765 0.9319036297723625 0
0.4875674891504353 0.9133475562500507 0
0.5045498813682701 0.9284082335879033 0
0.375 1.0 1
0.4375 1.0 1
0.47039805792206657 0.9498127713672 0
0.568312251060211 0.9067410355239724 0
0.5730475830709049 0.9267966174973941 0
0.5197579991790022 0.9782281845916596 0
0.53125 1.0 1
0.5787374241235046 0.9820378430065234 0
0.59375 1.0 1
0.609375 1.0 1
0.6171875000000017 0.9784857206771536 0
0.6338935366881554 0.9845948620486685 0
0.640625 1.0 1
0.6595764486858873 0.9786037846727087 0
0.7146588988642063 0.7847561072751053 0
0.6329030563124076 0.7266556524312218 0
0.670830765673634 0.7536092877469808 0
0.6983454226588615 0.7374421497004352 0
0.6680438114475247 0.7173692037758117 0
0.6543416586851485 0.7366501379246314 0
0.6164087027477537 0.7900273581456354 0
0.6402760095288432 0.7668215619139263 0
0.6034493940861585 0.7528218926342896 0
0.618599997755506 0.7684043834087664 0
0.6553667643280315 0.8062192331287711 0
0.6642130482144187 0.7802417893297858 0
0.6393637148510612 0.7897599965015936 0
0.6622300956702679 0.8407170596418453 0
0.6641191539404872 0.8676650202835807 0
0.6369631900340263 0.8560284675991634 0
0.6256207756684279 0.8956642195149324 0
0.6472099584782469 0.9066828000400267 0
0.6457527311733535 0.8828784072406273 0
0.6236859554502583 0.8736697552425078 0
0.6144723638934649 0.9211896229119579 0
0.5963635774922765 0.8980831963370692 0
0.6371185246545717 0.8277813564883199 0
0.681788097184099 0.8432082231435309 0
0.6736973690711818 0.8205040073123621 0
0.6782907766558568 0.7348083901076801 0
0.7036314900553756 0.6965546904198706 0
0.7096795887950613 0.7181220387106472 0
0.6395893966940498 0.6808262545915476 0
0.6460218351004067 0.7051671788078013 0
0.693197274671549 0.7601775790495917 0
0.6836586816039613 0.7773654081429735 0
0.7167066304816672 0.7442935824854413 0
0.737638790735581 0.7747856489035123 0
0.7548382012849857 0.7874099820125617 0
0.7365859823587413 0.6576765352180579 0
0.7196748305610977 0.6444820491527232 0
0.7228171576479504 0.6794113661299128 0
0.6998204168525368 0.6729822676419229 0
0.6708359730305247 0.6855892927183106 0
0.6833455005795209 0.7027009856309817 0
0.6580727381893549 0.6644451956044832 0
0.680336345170553 0.661917540493764 0
0.753016498592085 0.672462504484003 0
0.7405807748016819 0.5635855712243611 0
0.733848661398916 0.5826557206780253 0
0.7541709175534473 0.5783059661537172 0
0.7649233283502468 0.5423607899482636 0
0.7957411610786017 0.5505186880325961 0
0.8132398395675947 0.49745702261117447 0
0.76724177815204 0.4964092472348265 0
0.7574709182527999 0.5189505251605088 0
0.7892918776754828 0.5193555012919335 0
0.7902537829413315 0.4963635637994518 0
0.7787025394101286 0.47359719882597884 0
0.807832321448968 0.46835802018372963 0
0.7298034694104871 0.4469346875994028 0
0.74769043644231 0.47230169887417683 0
0.7345539005015159 0.4994056404016641 0
0.7576949631716843 0.44625743776958876 0
0.7424198725359937 0.39184908244273003 0
0.7431276735261434 0.42099877880548126 0
0.783833384794299 0.40542693794536555 0
0.8252184172799055 0.42568621551858227 0
1.0 0.25 1
0.8092896859189441 0.44407402866737794 0
0.8443641779895424 0.4583646940176271 0
0.8016735513099765 0.42138326949980986 0
0.8210865776755369 0.38172693309397443 0
0.8057967587743178 0.3988218972003302 0
0.7880922673643909 0.36760178793362724 0
0.830433640947813 0.47920992321134487 0
0.8934225457470084 0.5062270188299455 0
0.8644412181092528 0.4868592558552934 0
0.7607167765735011 0.4059882459598273 0
0.7657219736229053 0.3806030150140072 0
0.7417617136610108 0.3607210938642495 0
0.6645765244008093 0.37792402167315947 0
0.696257716574759 0.41331051984546097 0
0.7184528752210968 0.42471296679779325 0
0.7176562284812005 0.3989607109557888 0
0.6925931425082372 0.38471619510989374 0
0.6964606500705833 0.44021845391141934 0
0.7062369590225791 0.4757784817843561 0
0.7273965742193343 0.47920125113174167 0
0.7166294906621179 0.37159586113767135 0
0.6927548179594132 0.28194169457621027 0
0.7113808701122719 0.32498759013653655 0
0.7380682497102556 0.33307955810046613 0
0.7721089431892321 0.25727086244965813 0
0.7615400947594904 0.2980721533573409 0
0.7323529394452507 0.3038751131299631 0
0.7409827484045707 0.2709776570416176 0
0.7559403603737395 0.31969006123043225 0
0.7895731662529176 0.3168678314481854 0
0.7190577540110397 0.34772274847528106 0
0.6831478872167936 0.34718459047525657 0
0.681949737255001 0.36744042383631226 0
0.7622667504878629 0.3603884504629192 0
0.7735386250878774 0.4276183055406565 0
0.6793467203695822 0.3132961217313635 0
0.6299076527993236 0.3359989691814071 0
0.6545721157434481 0.35090011315663944 0
0.666628505232188 0.3318801024387394 0
0.6448336383382499 0.30332053374289436 0
0.6209326219949822 0.37871744957461895 0
0.6426158530840645 0.37069019087166166 0
0.6432524775208817 0.4057088418901282 0
0.5729814615190736 0.44109357894781576 0
0.6040776118107865 0.4153793966703826 0
0.6213357361155629 0.40110822323005246 0
0.6704703206796998 0.4045225451580733 0
0.6580192056778134 0.4316798717636359 0
0.6287489883203579 0.43113888498597236 0
0.6792513620307834 0.42689351016102217 0
0.42434934055844026 0.22236155234701038 0
0.5314866206107128 0.2712968661489534 0
0.585689305017281 0.29605412495792127 0
0.6141128227272178 0.3090366624818546 0
0.6204331038549943 0.2575932569750609 0
0.6091409663863647 0.282315871389304 0
0.635007203784617 0.27919019437752723 0
0.6656816622244777 0.24277444454708574 0
0.6451650506340677 0.25661951627942 0
0.663972078973142 0.27865463603135726 0
0.6310875074551362 0.21363438927772144 0
0.75 0.0 1
0.6320125395219468 0.23712919025274332 0
0.5902525900581002 0.2270077431087298 0
0.6096929996253481 0.23800795020235002 0
0.5845006105743334 0.2598514772343189 0
0.6805145827519468 0.26146201260860646 0
0.7186585824609998 0.21595543416037416 0
0.6949202157474323 0.23479733513727183 0
0.7232607117111053 0.24612811555939274 0
0.7044842512344667 0.26103358728585163 0
0.7488415031751517 0.24662878569271807 0
0.7995283520822297 0.16656551847020037 0
0.7796392885159703 0.21005022582887267 0
0.7693185438656913 0.2326151173003141 0
0.815113377328934 0.23991808767168216 0
0.7932298213034324 0.2299089726681786 0
0.8198779083635841 0.20057384140900703 0
0.7488190611300175 0.2095963504667956 0
0.7369739460213119 0.2281197531441181 0
0.7647135396290655 0.1769326870970748 0
0.7644181940828451 0.19698800988480158 0
0.6756329771329478 0.18612330869096627 0
0.6738123120447779 0.21500308126283568 0
0.6965230181155212 0.20193755410283498 0
0.717219054848362 0.15289423142592898 0
0.7006446651753735 0.17478839523282194 0
0.7283447096079401 0.18719217405937674 0
0.6658183639058077 0.13120339708240927 0
0.6776981133135113 0.15741732339996065 0
0.6950113029194518 0.13377242808957981 0
0.625 0.0 1
0.6875 0.0 1
0.6861627350094053 0.0671721805832471 0
0.683145255303019 0.1014610236519424 0
0.7463764635914559 0.0965745273897331 0
0.7251106011202362 0.12127235478645673 0
0.6283882329507168 0.1639649817121388 0
0.6543006842890937 0.17016136644766575 0
0.6462386486812496 0.14659632651986157 0
0.5671899344755674 0.08321210725374084 0
0.6027894356117072 0.11979904435651763 0
0.6363976606260167 0.11392954219114945 0
0.6211436861345438 0.1386623932242316 0
0.5744715247134751 0.16571381051831874 0
0.6012099245977516 0.15805816730838587 0
0.5810196553989988 0.1380624547673194 0
0.49150124855270083 0.13146456917860583 0
0.5357316042902004 0.14193878072339985 0
0.5590134273902507 0.1474521603069993 0
0.5580397523146139 0.11468784889507384 0
0.5389953840484237 0.18007030685745345 0
0.5966576042278582 0.19268016848383207 0
0.6113245743298518 0.1769983901960856 0
0.6362310377473083 0.18844681554007275 0
0.6527503844312624 0.20493918005801423 0
0.6172056739789827 0.19768062880404774 0
0.6647712478693245 0.2990324897904522 0
0.5793690238895036 0.3474975304647108 0
0.6028206852585877 0.33375927689609686 0
0.5798585913030692 0.32144772398419996 0
0.5173836604191047 0.33330310405651475 0
0.5498618040960159 0.3339134825178372 0
0.6024613673873878 0.360031423730553 0
0.6241276448911078 0.357086660391501 0
0.5719973273068082 0.38861860458190367 0
0.5965936834587288 0.3843041552305488 0
0.5812421839060696 0.3690546203475319 0
0.5493512411863808 0.36595102114199474 0
0.5221218321866329 0.41580070282516457 0
0.5430640331142875 0.3948783629111552 0
0.5099685914116253 0.37253832292527556 0
0.5202526703145254 0.3929875562536298 0
0.46254430741178676 0.40919895356259395 0
0.492975119224498 0.4067056494057457 0
0.4751867132256332 0.37654879967145743 0
0.476775222861621 0.39593658180891417 0
0.48313156793552964 0.4735158615889285 0
0.49808254886932285 0.4415884187680699 0
0.479281515430094 0.4265259173656558 0
0.5039078511325075 0.42292020373370454 0
0.5502526079638571 0.4230159720355913 0
0.5753386702814575 0.41480265543837685 0
0.5356860527568233 0.46465762469257654 0
0.5502268787666649 0.44637554197253976 0
0.5250729562053265 0.4412927662277259 0
0.5691807530779168 0.4763743162799438 0
0.6055656940605856 0.4624488886810871 0
0.6064460617137312 0.4388627876734652 0
0.5838114920865575 0.46010536115514583 0
0.5464244482684223 0.48769386867610126 0
0.5128220146273231 0.4893367313364133 0
0.5102163745627241 0.46399194333504123 0
0.46158685438034114 0.5497179579783837 0
0.499879153675013 0.5302821985074451 0
0.48623990552441826 0.5034524800074476 0
0.47392809616622456 0.5265930606837063 0
0.43909982921399915 0.49321738374410545 0
0.44240676397312345 0.5246264002667899 0
0.46122512625706935 0.5049890174381193 0
0.4599368202232718 0.4807318991589356 0
0.4435234850033384 0.44431961126618413 0
0.438454349944503 0.46851000427041867 0
0.3358953054630804 0.43439227539313324 0
0.37685214224857533 0.48248148070168595 0
0.4090468628248328 0.4816403949547588 0
0.46511551834093257 0.4564921191121302 0
0.3916142657052675 0.43095131333601083 0
0.41417939855597563 0.4507968307377638 0
0.3880118467771621 0.45779888509073974 0
0.3642658365123584 0.44094716208921164 0
0.3425651954277668 0.47019738940224004 0
0.34703752712765773 0.4508404681864422 0
0.36111426409247965 0.38991424296703814 0
0.3551106523746365 0.4158987733710112 0
0.37976091002833023 0.40790828795290596 0
0.41462284567764845 0.3531235132526815 0
0.3916142274592459 0.37696659899180657 0
0.31437328359301464 0.3928007638158142 0
0.3313114566830817 0.4104000736482245 0
0.2932178483804745 0.4301120639055223 0
0.3151922729908571 0.42591372310660636 0
0.31023597555718513 0.45957914563358476 0
0.2692539280219041 0.46359973100831714 0
0.28883284806952986 0.4522923150100837 0
0.42863208292894633 0.389665671676336 0
0.40767929471162007 0.40811724429212576 0
0.42440295448683785 0.42740500614593224 0
0.4455848787707929 0.4227250060925163 0
0.4085298118216829 0.38796073861643715 0
0.4529217594524456 0.38670032627731693 0
0.45018059404250016 0.3511960356807764 0
0.42894800805994204 0.2884463404409015 0
0.4308093268945695 0.3227836047043867 0
0.4759463189713122 0.312819493588531 0
0.4504415415571315 0.304500321605541 0
0.4569230300293325 0.32788512796805497 0
0.4858010612759545 0.3448061347669921 0
0.4792734898171421 0.25936346461523146 0
0.45517547526317553 0.2757473222924643 0
0.4799248335223076 0.2862355632183599 0
0.5038070291177085 0.27221274760908687 0
0.5062510540309385 0.3037233946406223 0
0.5160701768083855 0.22410565574639144 0
0.5018528127316975 0.24609802450066323 0
0.5268825145670004 0.24668720711722125 0
0.553373937236278 0.2201234535993281 0
0.4704574036901548 0.21021017486266746 0
0.4795295498065542 0.23395027076274574 0
0.49397389207629755 0.2148269622559752 0
0.489929012742877 0.17322907140746757 0
0.4857269115784444 0.1946332762824853 0
0.514374103367868 0.194714786327778 0
0.4520675019819912 0.17691063408492094 0
0.45131509456776325 0.2311287853731283 0
0.45738293683876824 0.2530800655904228 0
0.5332547739448515 0.20836960291479123 0
0.5687152541274507 0.2401614166096468 0
0.549630690169063 0.25516686715712505 0
0.5586371730250694 0.2835677564228271 0
0.5775217900480425 0.27820146198098183 0
0.5348766997794574 0.2999680621458985 0
0.5583745413505926 0.3085992901265225 0
0.5338654228894965 0.3206947622363032 0
0.5750169508331464 0.20640367230206313 0
0.5540573561583304 0.1972706860235313 0
0.49587686018846544 0.3241904978202315 0
0.46961207623596324 0.35703872643054696 0
0.4913993118249793 0.3643241040852644 0
0.36835213326505245 0.3089501391741461 0
0.36181661161215123 0.349171459775739 0
0.37053088185139654 0.36969912670676774 0
0.3883025137932257 0.35004133449851277 0
0.37567780731602046 0.330782115980329 0
0.4032034171062597 0.3265061175359094 0
0.4145523192086174 0.306445767375618 0
0.4318971575617439 0.3428517028710154 0
0.43320380799298425 0.3669565474160697 0
0.3366840105148076 0.5406050951041675 0
0.34901556409740075 0.5061856731381823 0
0.31705525070733565 0.493341879020491 0
0.3259690952852498 0.5173474859788949 0
0.2857089277677936 0.5186392667151557 0
0.30655754598207197 0.5403875154880292 0
0.3056224810106906 0.5112448976034405 0
0.2877176489958561 0.4872090084851934 0
0.2659985064755574 0.48517009389532967 0
0.23681864531081095 0.46973540173183015 0
0.3049053562517706 0.478225837896743 0
0.21843434921076454 0.603998213374034 0
0.2580447214468877 0.5660263501357207 0
0.2786412394661867 0.5462818205778538 0
0.25888386928222684 0.5265054121524433 0
0.1841655376105728 0.5368073794106506 0
0.22055333219055293 0.524611213259456 0
0.24008897985154032 0.5180634131661894 0
0.2385778789107792 0.5459716067023397 0
0.2095548394763952 0.5521771002645359 0
0.3029223080400252 0.5922255319608328 0
0.32142592049245233 0.5674766602522469 0
0.2950106360150393 0.5670187393981058 0
0.34830944574465283 0.6068678497343275 0
0.328122985788717 0.5917753462776353 0
0.316179954006214 0.6287954435401365 0
0.3580541827503979 0.5727880061951182 0
0.34108306310258973 0.5608706174031273 0
0.3686749571636366 0.5942580129484234 0
0.4020446070223646 0.6709022250200445 0
0.39457819125245935 0.6285665727869273 0
0.370439589335598 0.6198585549452234 0
0.37160257888031883 0.6544448296219048 0
0.38853939401772986 0.6074960238462073 0
0.44429226211894207 0.6029179412515635 0
0.41595807694624926 0.599632391569965 0
0.43374277903104874 0.5700773373273195 0
0.41214662312760875 0.5772103721414347 0
0.4126605636980202 0.5425073413138057 0
0.37484002664827193 0.5348566268741112 0
0.38185103643115853 0.5606390471173773 0
0.40204168221055164 0.5597054002015813 0
0.393662519975366 0.5093535144621953 0
0.37157257008556155 0.5044782936871028 0
0.3954340547636863 0.5303584879709696 0
0.4178750942742189 0.5174991625087498 0
0.4200183308803855 0.49795539463489935 0
0.3542157738695824 0.5274675115515849 0
0.4355282620970697 0.5468664460408507 0
0.46177029018750054 0.5791887006723702 0
0.5020618451818543 0.6271673153748876 0
0.47611103567358787 0.60805296675199 0
0.45221698233417856 0.6549617997818042 0
0.4748435053922784 0.6369472213498474 0
0.4497967290013435 0.6287050538624752 0
0.422147690908775 0.644493561855831 0
0.4888174844892046 0.677715583147152 0
0.49581203532386653 0.6525390155926901 0
0.4743697092873834 0.6601418076616217 0
0.45564470757583175 0.6902618300988693 0
0.511291470644166 0.6703994067627151 0
0.5421882967331964 0.6412019761452054 0
0.5184603728530583 0.6446623718230968 0
0.5013991986766303 0.7611103323747737 0
0.48614057351232826 0.7207659193779496 0
0.47777125689915345 0.6986371127320514 0
0.43091621490300347 0.6748465956940075 0
0.4103281869429242 0.717906841174152 0
0.43143964426268777 0.7015487703685637 0
0.4086714473542004 0.693966594974343 0
0.3707676975165156 0.6923728818572308 0
0.4473105292212833 0.743833558958453 0
0.4585578169437544 0.7185508903404852 0
0.4631759071150217 0.7037808143484671 0
0.4328315169174615 0.7251471836567848 0
0.4110646469135075 0.754208771435567 0
0.39486749611295713 0.7363789288036908 0
0.38555379744076196 0.7128774320845699 0
0.38090426216213313 0.6736227954225092 0
0.42704204651501854 0.6209606908834063 0
0.5180106490356995 0.5783408652658956 0
0.4896720946734687 0.5642790882338614 0
0.4835405914111603 0.5863670945082089 0
0.5051544121815777 0.6011594745429396 0
0.5281087463455171 0.6170767395210232 0
0.5900645848017066 0.5970902015143663 0
0.5612817426151198 0.6138879425346737 0
0.5928207431317257 0.6562652885502802 0
0.6269958029503383 0.6479982062078823 0
0.6036137178009874 0.6261108620230925 0
0.6317921971112441 0.6194411294743801 0
0.6236835182719834 0.5844527388663386 0
0.6135510227133713 0.605234781555879 0
0.635444130807883 0.6001609790960768 0
0.6423151800089563 0.6358898854995285 0
0.5879048587489887 0.5403084897581728 0
0.5984418553686839 0.5683396379562106 0
0.635248912021337 0.5385077306381766 0
0.611876806240671 0.5472933785847476 0
0.630659976896156 0.5617807314810288 0
0.6769667580434827 0.5588225125203093 0
0.6534223028633559 0.5541800524392514 0
0.6488284654570877 0.5783069070501158 0
0.6739740346639772 0.5119756129468033 0
0.6581189122109022 0.5303609767011425 0
0.6347352783076228 0.4941662273332934 0
0.6084728517068194 0.5143476788612628 0
0.6402157091170616 0.5162764707928778 0
0.7062295206997237 0.5151634352818429 0
0.5575278160367105 0.5677233346470922 0
0.5778357122690277 0.577931225504971 0
0.7138202205408198 0.49547239142578525 0
0.6880236116489572 0.5345971249053538 0
0.7067797739803998 0.5577936928366841 0
0.7257795620059018 0.5484383350169338 0
0.7089427277545487 0.5359499208682558 0
0.609318446975469 0.48826949345606974 0
0.5838632714819095 0.5004969016050085 0
0.5611610187962267 0.505742069474636 0
0.6792839549102723 0.4842316810722911 0
0.6536120029937408 0.47396331221290583 0
0.6291519488216284 0.47002915465087575 0
0.6446531584459098 0.4516581303360506 0
0.6573803429889111 0.4964045377008816 0
0.6792791498693564 0.5872206966388365 0
0.6965000194222819 0.5757505591602342 0
0.5984487146594301 0.6108490606572107 0
0.5783798477963438 0.6340878119648563 0
0.6146124837736865 0.6715783521822507 0
0.6161121933136487 0.7016560152056512 0
0.5424995907241333 0.5926409954749424 0
0.5634119811331034 0.5930797079834511 0
0.5130433799987801 0.5527652645529839 0
0.5347563108243938 0.5618183691257332 0
0.5530457148542207 0.5381480826578039 0
0.5240752626902232 0.531210430514713 0
0.5127033686287694 0.5118175799059431 0
0.5697617178464078 0.5507420434455974 0
0.5713256859114786 0.5255067126517737 0
0.3933451704820224 0.6506102547364236 0
0.34556307156337557 0.6380077371364856 0
0.314567899915924 0.6854028610883356 0
0.343334351613918 0.6703827904036626 0
0.3247767925826847 0.6528410359338792 0
0.277923278247806 0.6560326406439081 0
0.30089918443103686 0.6478182388786707 0
0.27768985919017675 0.6191404415914358 0
0.29616558965199585 0.670817564513989 0
0.17310692414185308 0.8040063834026098 0
0.2483343218248946 0.7500681834222257 0
0.27731678316968844 0.7135009293276265 0
0.26981431498030806 0.6846844068903181 0
0.2922897638310092 0.6946094769460543 0
0.3211346920244843 0.7328507460084356 0
0.35275042672452656 0.7209488723224555 0
0.3116833599592621 0.7099804465209005 0
0.3362392786211303 0.7004043793225428 0
0.35159510854679366 0.6881842667296523 0
0.23443276037271968 0.709281007213365 0
0.2566516361624342 0.7034962561498451 0
0.2507716963526109 0.7264748146682345 0
0.22499094224050317 0.656525215122173 0
0.23899511026831594 0.6812416662473869 0
0.25147170193659824 0.657846959523683 0
0.26337630857025 0.6376778422006059 0
0.1968777730288742 0.6887794971217792 0
0.21926284834713392 0.6924218275947064 0
0.20289556467612577 0.722403674218293 0
0.22586549545135623 0.7358243986346548 0
0.19332630241631593 0.7651489132769113 0
0.22293598553807498 0.76528913976208 0
0.20797844477872798 0.7974623996177069 0
0.26311454692454395 0.8035319480060665 0
0.24832098100061276 0.7788467735776093 0
0.22763391864423993 0.787036791902786 0
0.2332493369268129 0.8213646883319317 0
0.2929553477394218 0.7688732677033665 0
0.26853926906075026 0.764466847952626 0
0.277331529481002 0.785596971638987 0
0.362613899763063 0.8678023186462372 0
0.32855729764294694 0.8177937331239912 0
0.3060450887769723 0.796762108714019 0
0.28535755983645633 0.7411245428370687 0
0.3063243227937904 0.7502982270199251 0
0.34072443402592445 0.7644892459735435 0
0.3175435961357589 0.774348955364265 0
0.33877473292043164 0.7920850747385555 0
0.3762977324640842 0.8218825988871744 0
0.35304395311909853 0.8126408103094834 0
0.3464769266330597 0.8421910181012443 0
0.377129185349997 0.7859145745031103 0
0.3564179578086693 0.7794648147090116 0
0.3702742661523836 0.8450863525331334 0
0.44474087237816273 0.8520334582287 0
0.408071557843612 0.8425144647010956 0
0.28287752677400596 0.8701247550478438 0
0.3229193030454809 0.8749234069180098 0
0.3413249102584453 0.8633265421467234 0
0.316478910328501 0.8454447823618458 0
0.3039653026044939 0.863621564289511 0
0.28406198947771377 0.8365235254510182 0
0.3049585871788976 0.8239490010657489 0
0.2842816713768334 0.8132381417449505 0
0.3141047718224194 0.8106993640038223 0
0.29566793918818984 0.723141286811961 0
0.20807089094832634 0.7779418234273847 0
0.20492277299153208 0.7453012420122398 0
0.16798781392408227 0.7370327115827541 0
0.17704404965707257 0.7096797785974335 0
0.0 0.625 1
0.10876263453470017 0.6250218817500269 0
0.10229223436331325 0.7001060013855239 0
0.13873586809096167 0.7121720616570647 0
0.15516603685374772 0.6690572812817744 0
0.172780817588385 0.6857731656469055 0
0.18903514293127707 0.6535647717644538 0
0.1502533147085342 0.69187313477096 0
0.12249098263138068 0.6739585023663486 0
0.15839448169046838 0.7186807983631602 0
0.1238973392436762 0.6959203431926176 0
0.13472234591057633 0.6441332593516799 0
0.16312289968714447 0.6416843584512403 0
0.14542984481592444 0.6024021355133213 0
0.14739085937368546 0.6251445418697121 0
0.17884701630868238 0.6109764151939856 0
0.17916440943619977 0.5737239664106998 0
0.18968097600664716 0.5563516090473176 0
0.1830172876927752 0.6324915860200259 0
0.165846364259841 0.5922380723524513 0
0.1351064585030887 0.5560782556827915 0
0.14600123852034746 0.5779625636154593 0
0.10572857583909026 0.5843576581459342 0
0.12722895957753774 0.5897501359124075 0
0.10949818649992103 0.6512094741878169 0
0.05437837134984568 0.6396535425169977 0
0.08332006320833617 0.6388406339468832 0
0.08225815002410648 0.6065541460235186 0
0.0698974655874198 0.6765674962657295 0
0.09612812052570031 0.6739304473477004 0
0.0814210761669579 0.6594162065496327 0
0.10302392387107097 0.6050047600737243 0
0.04862863665581247 0.5474875276038199 0
0.0 0.5625 1
0.07266856357328334 0.5729071941936827 0
0.09960239361494208 0.5485942943116587 0
0.07412836134561195 0.547449259985854 0
0.0 0.25 1
0.0 0.375 1
0.09180128351331973 0.4382107201957405 0
0.061291240660077684 0.4893235762881065 0
0.06133696763928924 0.5197938653409074 0
0.10282158252032433 0.5044964302468885 0
0.08787448730224692 0.5255717111648704 0
0.07953279258602947 0.5038175211446867 0
0.09210824643042238 0.47221862851752466 0
0.07272704835268758 0.531311520405912 0
0.03237714801256818 0.5046021467101208 0
0.03936761677502044 0.5264750517772522 0
0.0 0.4375 1
0.029697753097786047 0.4645328215193421 0
0.0 0.46875 1
0.039968739119823286 0.4839702579561014 0
0.01693227416923038 0.484375 0
0.06266143354864143 0.45547908245783786 0
0.049923258519811636 0.4007632912083527 0
0.038556268787615165 0.4322502554462502 0
0.043712000014617065 0.45102171279694997 0
0.06600020277323479 0.427892658563792 0
0.0952176731850523 0.3922499918850949 0
0.0862436258551143 0.4146902648728169 0
0.12621758277557546 0.4176616410581178 0
0.1251179865326215 0.4549153357694283 0
0.10417711203330891 0.455104352743427 0
0.11803002625598086 0.48153175617499355 0
0.17371505746597615 0.4821087226093006 0
0.14594617281422842 0.47471386077817895 0
0.15009527322825306 0.5149690520372414 0
0.15566507645128938 0.4940535533077729 0
0.17884818784305817 0.5094756490753994 0
0.19870169947850827 0.5197962828916776 0
0.21597317435448016 0.4934052009102878 0
0.1935626109642346 0.4925508439200662 0
0.2010242576209927 0.45428495349599735 0
0.16769357121526798 0.4488846385581621 0
0.14658766211076335 0.45318404850533545 0
0.12763706989688295 0.504412319995676 0
0.11530768968962053 0.5275743628269742 0
0.13714485691968917 0.5335343400329892 0
0.1598352621665895 0.5469500966961425 0
0.16135271379807667 0.56621877082774 0
0.11860288241865777 0.5464135726468675 0
0.18244978074358967 0.4633679487774681 0
0.19839751009692794 0.3649387326894614 0
0.19111854061644173 0.40986445496746193 0
0.1871994336167763 0.43405314171999715 0
0.15906694593537618 0.41708321619931177 0
0.1428945516549005 0.431700092789822 0
0.16825348905410986 0.38310726752588026 0
0.14223603960999776 0.39430249312102683 0
0.1222715140866289 0.31207579732933277 0
0.1392332708508744 0.351494533945805 0
0.14821747937794208 0.3723736300534961 0
0.17059824670457105 0.3503707709807312 0
0.11819524829000638 0.3729196142243148 0
0.11802607717372131 0.396040170631387 0
0.107793530132674 0.34166429094585204 0
0.12773285781961158 0.33308446177580514 0
0.16062118635535547 0.3133207306451564 0
0.15434062770577536 0.3348803596355323 0
0.0 0.3125 1
0.061094783329993144 0.3004776996443086 0
0.09009256367878754 0.3146666409277459 0
0.10145911357798297 0.25471126016622425 0
0.08755344443336162 0.2831301204182876 0
0.10491247925999521 0.29760295887381033 0
0.13997496128555417 0.27319508089330735 0
0.050950007936433075 0.24760811514708236 0
0.06193525663578961 0.27290832978599955 0
0.07612697844107352 0.2517113606678325 0
0.10631946177311907 0.10521250818150027 0
0.0 0.125 1
0.25 0.0 1
0.125 0.0 1
0.07566462406085267 0.17525540656575322 0
0.06942800137083287 0.21352249653664446 0
0.09162338042015752 0.22931103848753837 0
0.0969254347193885 0.19836216680131918 0
0.1391685944503763 0.22550455264986172 0
0.1159630270816127 0.23449044935983535 0
0.12455158815808053 0.25596288681179064 0
0.11191498502701758 0.27545429099617424 0
0.11962177374981699 0.20948247706135556 0
0.18637102465377015 0.14798338594539145 0
0.13185706320855323 0.1557889364531851 0
0.11940988862541949 0.18119338000769578 0
0.16419703674537695 0.1873857808640092 0
0.14308079890029102 0.20079716005447248 0
0.14282330171635 0.1769134943591272 0
0.16377174472617487 0.16120595969415305 0
0.1544570676238458 0.11936184063857641 0
0.1658243901680462 0.13879022947457845 0
0.19043006402533813 0.11135410016163894 0
0.10052812866034705 0.15619052902740085 0
0.12727828184765813 0.290884726189661 0
0.0 0.28125 1
0.03023473585408182 0.2716375828514908 0
0.021612986099852665 0.29687499999999994 0
0.042163468946354886 0.28980415851511276 0
0.02536670395508681 0.24649713777272012 0
0.0 0.1875 1
0.0 0.21875 1
0.03373433334598171 0.20312500000000003 0
0.039044673061083286 0.22664274169676443 0
0.0 0.203125 1
0.0 0.265625 1
0.0968311189453125 0.1771144027530049 0
0.1158865857669008 0.13211734782639917 0
0.13803509453077845 0.1343976286384029 0
0.13099508304108198 0.11022271078338579 0
0.16155657705430676 0.06645059022407883 0
0.12553300657503277 0.07385410619751782 0
0.15158688202785126 0.09204480266134982 0
0.16989965014122912 0.10392999393322966 0
0.13669941598245158 0.03684454153708787 0
0.14112299943213732 0.058368540504930254 0
0.05410259694643793 0.051653468022410394 0
0.0625 0.0 1
0.0 0.0625 1
0.08700263038205781 0.07181158279887846 0
0.10571420256110294 0.08327631338559528 0
0.3182115394388037 0.14405362467749677 0
0.2520140629470235 0.13671801445116347 0
0.21757086604637874 0.13290122443435137 0
0.2281639038365591 0.19462659102869556 0
0.23175290229133608 0.1622390140570795 0
0.20906196347255313 0.1551112000012354 0
0.1900390138267537 0.1759880588184764 0
0.21284039928051798 0.17765936789787637 0
0.2815022818975897 0.18414458831955358 0
0.26054536568186365 0.16429421178593112 0
0.25514672892664475 0.19098154792591504 0
0.2899414144380163 0.2708933236313496 0
0.27886266216531874 0.22818623463474663 0
0.24575213666811194 0.2231312239441723 0
0.27303912229993815 0.2057372774612037 0
0.31055262213323964 0.20798563515605112 0
0.28954944612365613 0.15466108515434546 0
0.28867235859302137 0.10826392240178762 0
0.2972012450664744 0.13130956471268188 0
0.3259778130578826 0.10755870365575464 0
0.375 0.0 1
0.2737545121012563 0.1268858544949172 0
0.24238146783201125 0.08646698152082148 0
0.25322225618098904 0.11043766638981786 0
0.22676293540035364 0.10796721898954142 0
0.27087134878826474 0.14690408838828617 0
0.311982510020477 0.17662385705191108 0
0.2995518828681327 0.19177058909747327 0
0.3700017017339233 0.19498263091218682 0
0.34711229196301624 0.16646163366877686 0
0.32696280615909495 0.16260806153597943 0
0.335877950073695 0.1934268154541461 0
0.3504809496936815 0.2481353360485988 0
0.3358763864092082 0.22273043632599146 0
0.30877596502827687 0.2401558041248446 0
0.3645560814089159 0.2231436116911749 0
0.35239361947611103 0.20618468674353618 0
0.39489659823932166 0.2566904997844136 0
0.40283214507622844 0.2823156883786757 0
0.37186621336716863 0.27786381887532424 0
0.3741188118292156 0.24498862294347568 0
0.3969856638832735 0.2286837681247175 0
0.40375620258888395 0.1956093236488159 0
0.3831260469057991 0.2121275597123925 0
0.38758201234221157 0.1574282247327202 0
0.3695662881890734 0.17188667052062376 0
0.38518952345543916 0.29511170180466395 0
0.3299616442438353 0.28545196807080975 0
0.35268479664113606 0.2914372812677567 0
0.34616522161591023 0.2700620393389523 0
0.3275497412448687 0.255009969725007 0
0.33187406748534537 0.3243181931201414 0
0.3123682462442962 0.27152933738574236 0
0.3001969711380465 0.3049869322056085 0
0.29381210256001106 0.3510688790491518 0
0.30702574722180637 0.32941639104533094 0
0.32172002934073 0.3053376621670916 0
0.29811606739754465 0.22343294748208511 0
0.20915358272801482 0.1156367846614344 0
0.20630115102777513 0.08503723634405332 0
0.22609634259754535 0.04146299103943946 0
0.1875 0.0 1
0.22507323252094596 0.06728167278016287 0
0.25759997205410873 0.256492569860057 0
0.27950732440024434 0.2508095290512389 0
0.26063221806086034 0.2366312352623769 0
0.19794268644140198 0.2588945831778137 0
0.19293218086785752 0.21754224641206227 0
0.16634914506691456 0.2141037434506678 0
0.15059729553170173 0.21465076142127013 0
0.20606072239944803 0.19918537914229503 0
0.2191237413832169 0.22240094040047903 0
0.20280875021650657 0.23732526036628093 0
0.2276330493710894 0.2542592066777026 0
0.2214121665948516 0.3118169726372157 0
0.24042680467398156 0.28475702613137654 0
0.21598834880307496 0.27707651116693777 0
0.18485565356056377 0.28992970743734486 0
0.16487216454093181 0.24868332813392635 0
0.18399826933965474 0.19728645003129716 0
0.16524801945188847 0.27396532729711387 0
0.1520390752071249 0.2923620920765358 0
0.14364015836298547 0.24638699391864247 0
0.19121961410850438 0.3207728163727301 0
0.19201525354412943 0.34330974628056254 0
0.22556985704516072 0.34516461997004466 0
0.2618022619218357 0.3237142578840522 0
0.2839562078768671 0.33019609939033 0
0.27156608680507144 0.2950099995488186 0
0.25130530429374015 0.30413096780264187 0
0.26913663776892266 0.27410018240836187 0
0.23901824579885034 0.32655490464119163 0
0.21041699757367666 0.3301208274610499 0
0.2409750394367616 0.3948897813947372 0
0.22479344719356817 0.37265405103121246 0
0.2056418928857657 0.38916502323052227 0
0.2599867883796003 0.3640486003688106 0
0.24018498492262833 0.3593330887376181 0
0.2777433102159885 0.39627483246043177 0
0.2943689556861113 0.376725679212315 0
0.2597508921406283 0.3851835796632124 0
0.2582262511969357 0.425657474415009 0
0.2771046831728703 0.41702393663366544 0
0.22291294665666703 0.42523721781963114 0
0.22446163625401658 0.4491751116564694 0
0.24900615263456577 0.448417038168907 0
0.2406907252000048 0.41526935243321617 0
0.22140273032202332 0.4037895836596565 0
0.25265373165398264 0.4646452479410014 0
0.20220278691202695 0.3024285190800659 0
0.23387177814221635 0.14311800980522751 0
0.07722755279332584 0.19515188199892478 0
0.0545802664570518 0.3505170348651638 0
0.028716334516540185 0.3294609498987831 0
0.0 0.34375 1
0.025805633704477002 0.359449098858004 0
0.02514130795037781 0.38753347014622025 0
0.04764101354631033 0.37521282185787663 0
0.07060301373734362 0.38603894993257193 0
0.08927606287066185 0.36391681722345476 0
0.0687247096496882 0.36551156994372896 0
0.0 0.40625 1
0.017508062966812052 0.4218749999999998 0
0.030775595699002945 0.40680493103773063 0
0.05386691156330441 0.32498044137189913 0
0.17936431215239831 0.36745086217182915 0
0.17262553202850323 0.40251931688487197 0
0.2148626742212792 0.47141323466592344 0
0.0722857742700224 0.4728187064967177 0
0.08224325758909753 0.4553023325744641 0
0.09282518196941617 0.5681615975286602 0
0.03376863227367232 0.5856183262034768 0
0.058413277110573265 0.5951600589872191 0
0.03633483432088217 0.6155875634766799 0
0.0 0.59375 1
0.01982753713709299 0.6019065603774787 0
0.0621770495734025 0.6179310730183086 0
0.0 0.578125 1
0.05021345353880528 0.5700661040692051 0
0.025989942670385423 0.5604214725211463 0
0.08621893927639672 0.5872352757108602 0
0.2059229695376443 0.6682843778932552 0
0.2584477805967807 0.8296409325464194 0
0.22972798863428753 0.8745846484998161 0
0.23831939804535066 0.8484266303843818 0
0.1945375010236002 0.8426232693540568 0
0.21513261778936102 0.8553010040774066 0
0.17106713893544218 0.9038184876501879 0
0.125 1.0 1
0.19765369584360828 0.8836957012585509 0
0.2559980088678149 0.8687229423889717 0
0.2667680889550905 0.8497802574376441 0
0.25689486282987967 0.9345394717806664 0
0.26776614354484934 0.9014769582237759 0
0.23411306585850145 0.9087300431617376 0
0.20177299336014176 0.9167628767029403 0
0.2247098481557896 0.9399895742398305 0
0.23911120366518301 0.927277601333656 0
0.17345401952216355 0.9676671252384452 0
0.1875 1.0 1
0.21875 1.0 1
0.20312500000000128 0.9739948696139114 0
0.19367331329425294 0.9455861834686816 0
0.17974589926635334 0.9261227153325822 0
0.11775071415942272 0.9374049542920357 0
0.14765716928633493 0.9257681040908288 0
0.10262300931455637 0.8542791788612005 0
0.0 0.875 1
0.11822619196300721 0.8943790232043402 0
0.144646665449224 0.8990987554272633 0
0.13730838725809688 0.8638683962650995 0
0.11638988016671173 0.8720079611992364 0
0.07971230815323241 0.8862795092464274 0
0.16801400615945658 0.872159946626315 0
0.16055431005308926 0.8387840613049783 0
0.1203809987835869 0.8046297518441922 0
0.12665589580507514 0.8348745208575808 0
0.1461153228684246 0.8150639515222285 0
0.1640601408213101 0.8203952499107106 0
0.1555189908674341 0.8574310676217483 0
0.1761777883881535 0.8528137114095061 0
0.14950356344607213 0.8797076520821356 0
0.12663424268907975 0.9159875330155307 0
0.14283653617560885 0.9576270793472067 0
0.16393947249870613 0.9449774959863079 0
0.0625 1.0 1
0.11237454229124152 0.9697448835930723 0
0.09375 1.0 1
0.109375 1.0 1
0.0781249999999993 0.9695214758695467 0
0.078125 1.0 1
0.09518200885276712 0.9800214844785958 0
0.09537586595803778 0.9503022025277555 0
0.05048232310005553 0.9273582514044177 0
0.0 0.9375 1
0.06988946777670242 0.9447777472142367 0
0.08905273980770123 0.9179217544266837 0
0.03222942699926963 0.9672144362423698 0
0.05543032539844702 0.9633326218152838 0
0.06606530922753415 0.9075076657409273 0
0.04050233244153374 0.8760732111840493 0
0.03969046068704766 0.9028447657855584 0
0.05843485606545302 0.8876015382290331 0
0.06705664482811548 0.8544788402724076 0
0.019898487920591047 0.8888464685257783 0
0.0 0.90625 1
0.021331849385148805 0.9218749999999994 0
0.022331687800721364 0.945614047301489 0
0.043037054596663 0.9467097570546216 0
0.0 0.8125 1
0.031093294639899138 0.8373791129323555 0
0.045005778414920865 0.8544871102779039 0
0.020451947360748495 0.8602437388992358 0
0.0 0.84375 1
0.0 0.828125 1
0.08490391271372136 0.8657948024415536 0
0.0972953258903339 0.8982889192662343 0
0.09861976987592384 0.8791741019480501 0
0.1335639649329158 0.9786643986433899 0
0.15625 1.0 1
0.15500560689140472 0.9785943839677042 0
0.21438011006775368 0.8984021970157611 0
0.19015985135129074 0.9014194021516617 0
0.2477246277916071 0.8901865558837764 0
0.3186019328152956 0.9365108163445316 0
0.28803796575607965 0.9264610823733961 0
0.3125 1.0 1
0.28125 1.0 1
0.2926393500653094 0.9639685487672549 0
0.2991616661383214 0.9441324163703215 0
0.26562500000000144 0.975245238515851 0
0.27202598768849723 0.9525833666292398 0
0.23441038356888605 0.9728513975893054 0
0.2496076490546296 0.9560165578063649 0
0.296875 1.0 1
0.3119950444733023 0.9051026317197671 0
0.2907063932022239 0.8932160277831541 0
0.3562688864879192 0.9121883703414229 0
0.34720094528099665 0.8882455649774966 0
0.33734664998954034 0.8774169477885015 0
0.3344321079809386 0.9067701197399683 0
0.20851684424417227 0.8222032464092265 0
0.41006025178241723 0.804669446024976 0
0.3885374430529414 0.8041719151836926 0
0.3912875993697734 0.7670547956228542 0
0.41342933735506265 0.7794961727386136 0
0.4634114441201105 0.7989976575864853 0
0.4360449889463524 0.7953350457262216 0
0.43195880749129034 0.8247949400196839 0
0.4607957871078993 0.8278811168539569 0
0.5210241276175197 0.8187751695085504 0
0.4897939993953595 0.8159470005167385 0
0.490974319374287 0.8653541588498981 0
0.46996280314777444 0.8513870615765922 0
0.4582866463376518 0.888185815703595 0
0.4922777626723036 0.8406053421536196 0
0.5256999409493764 0.8547743169669351 0
0.4530857089532916 0.7720797005681879 0
0.43125402074455454 0.7650750755749516 0
0.4796772083757242 0.7773186504471312 0
0.47546112410291097 0.7490085593989971 0
0.5067038703975144 0.7908793216184576 0
0.5532576427051665 0.7672265665643443 0
0.526403362214523 0.7720118530628993 0
0.5448567296004716 0.7978256115588243 0
0.5323058105730089 0.7273918141089545 0
0.5216935578204397 0.7486884139075236 0
0.5085396543528877 0.728841344985218 0
0.5190174398189895 0.7050757426403303 0
0.5803258472021647 0.7911108440571453 0
0.5609485455877776 0.7857908405375789 0
0.5701592366423407 0.8344440640669792 0
0.57254311361608 0.870677043850308 0
0.5783971206958398 0.8896439777451354 0
0.5855501003998682 0.8516263638587134 0
0.6020495086201627 0.8213629412104625 0
0.598676269982183 0.800859426145319 0
0.6170935709328498 0.8381794766029967 0
0.5521434491944788 0.8538242881546039 0
0.5398489381553816 0.8801085830839619 0
0.5493201578353355 0.8985125045405697 0
0.5138114099835209 0.8780321595075307 0
0.4924643553549894 0.889577545934003 0
0.508471738755525 0.9052646388028993 0
0.5448389079139504 0.8289701944938256 0
0.5656305411461386 0.8105223373509274 0
0.579661837675727 0.764582946884472 0
0.5979717437255381 0.7773968975820972 0
0.5739551432153623 0.7231042303898955 0
0.5644215768517823 0.7455477959309598 0
0.5854198403932249 0.7412208131379433 0
0.598909540009779 0.7199982540938498 0
0.5844725580970462 0.6892201739422154 0
0.5623440091091692 0.6660797034257927 0
0.5571042517590089 0.6932410031399301 0
0.540602258112289 0.7073372004186829 0
0.5618949225690364 0.6458396966437763 0
0.6136827364924211 0.7346807398325176 0
0.5249051445031276 0.7991593037205643 0
0.5130482674560707 0.8381143651965384 0
0.3523807616017065 0.7442777655722783 0
0.24211686229778842 0.8022908845143862 0
0.33189354513133823 0.6835281497305691 0
0.37215828533825246 0.7291306267600448 0
0.2993862508883266 0.6141955494937603 0
0.2739379724888133 0.5903380522238335 0
0.24490593145952938 0.5919663369339282 0
0.25335036842984715 0.6151416038753486 0
0.23838737862858161 0.6352966444055935 0
0.2107625708695033 0.6327050606702791 0
0.19986154439856438 0.6144132613074955 0
0.1981856957061316 0.5896571235219784 0
0.22870362515018705 0.5707628060419929 0
0.33705684494372073 0.48975688847879945 0
0.42045295239440983 0.467689606938693 0
0.5602893817357603 0.3501024981052777 0
0.5333208252882864 0.3496727165040757 0
0.6510794576253786 0.22663771506092956 0
0.5818648562262746 0.1045460693758669 0
0.6136625407659476 0.0829038952601122 0
0.5904254770908739 0.08294332756934923 0
0.6019696042232257 0.03907766615988177 0
0.5625 0.0 1
0.5784985607067598 0.056352655899860375 0
0.6020094188215892 0.0625400089762168 0
0.6448179971724934 0.05155919603837536 0
0.6218042665568786 0.05077521277108976 0
0.6341662578573731 0.026065087995674363 0
0.59375 0.0 1
0.6125868139951555 0.019009604398773677 0
0.6676769451504967 0.027036192468392645 0
0.65625 0.0 1
0.5749278749643961 0.026919046663030948 0
0.53125 0.030755720203974723 0
0.53125 0.0 1
0.515625 0.01537786010198764 0
0.515625 0.0 1
0.4789196423546119 0.06830010097099916 0
0.5018425703953265 0.045008775112865454 0
0.546875 0.0 1
0.5466417494670681 0.058750352154274085 0
0.5615110717266989 0.043480072488826065 0
0.5238887931601565 0.05303158142644478 0
0.5261769095401149 0.09205032833417277 0
0.5482208583571939 0.09476556244984176 0
0.532659973737132 0.11666787364807063 0
0.5071080852692615 0.11023456382694106 0
0.514691694316912 0.132161048544335 0
0.5024664867424559 0.15278920322303788 0
0.5171044625585163 0.17128553564274712 0
0.5005118849669219 0.08422714523772755 0
0.47006930047486073 0.1028982699653684 0
0.5179726946257708 0.07295497279544837 0
0.4048537203045976 0.06778481915915441 0
0.44182268213760206 0.07724161877230186 0
0.462738343159674 0.08259192360249253 0
0.4530859623777234 0.137962908103647 0
0.47061817131354516 0.12480931796592837 0
0.5525066061836592 0.022207944318077873 0
0.4375 0.0 1
0.46396735673828143 0.030658473454291443 0
0.46875 0.0 1
0.453125 0.0 1
0.484375 0.01813973671427825 0
0.4797414828352749 0.0461831009327338 0
0.45539918588531086 0.055140475629044026 0
0.4281678187879155 0.053633052863085735 0
0.3980589972177051 0.030310862141067756 0
0.4086416127365685 0.047745020906565204 0
0.4259638213325216 0.02562112726424275 0
0.4437484118901172 0.037322618651024174 0
0.6686891139536079 0.05089508543485892 0
0.6569875816995022 0.08188190809811978 0
0.6761328464979666 0.08356672574819252 0
0.6351049277658468 0.07306079671925768 0
0.6173541237915636 0.10404155727784603 0
0.6597926721954486 0.1077748203794908 0
0.7512517423233249 0.14459177463596898 0
0.7492352675174966 0.12054038940654892 0
0.7872777895180081 0.12946111733292343 0
0.7760713373841668 0.15323287111632977 0
0.7817577555973502 0.17052944472824272 0
0.732053891523851 0.13980076461363883 0
0.7382107362945285 0.16503835141634982 0
0.7140851967990739 0.09027470822963736 0
0.7041793975168493 0.11125766437993169 0
0.7391033403519577 0.04794639291036539 0
0.7046085606291974 0.03332934325642427 0
0.6877169782920555 0.0209443610310054 0
0.7141587562149625 0.06176054310943321 0
0.7367657594449518 0.07315398969446928 0
0.875 0.0 1
0.7892305476432936 0.06530703289906493 0
0.7620341264680499 0.06278502195837096 0
0.7733594858477811 0.08855560338695956 0
0.8123284542502796 0.09811686177122764 0
0.7946346642757477 0.08603787247470888 0
0.8125 0.0 1
0.78125 0.0 1
0.7670010690359381 0.029972096447322724 0
0.7431986948905067 0.023665709065557136 0
0.71875 0.0 1
0.7220414646508122 0.02106128395904069 0
0.6471683195984795 0.3241348721011866 0
0.6917428487439313 0.32906310263069866 0
0.7009012604573064 0.30396942559509177 0
0.7912873650649667 0.2840081729143376 0
0.8833702205087396 0.30528642627645997 0
0.835448018956034 0.30278645565479795 0
0.8099409996863002 0.3014558239902584 0
0.824282799358137 0.27167503992987074 0
0.8015081696015429 0.2610486749059665 0
0.860866215201498 0.27610522363560575 0
0.8456738625364144 0.24829638449599423 0
0.8433326280341186 0.2676297487701332 0
0.9231140573729726 0.22404405270582659 0
0.8868080149015561 0.24387854483727384 0
0.8924763068161258 0.27499604219991003 0
0.916232753716969 0.25459361214072274 0
0.9062341272817802 0.23629162822271513 0
0.8787058737112001 0.1805954973577867 0
0.8855074095434602 0.2118848784846552 0
0.913544264623698 0.18940642798126237 0
1.0 0.125 1
0.9167444119750346 0.10347214854227144 0
0.9059641114926622 0.14609742144573032 0
0.9000583091468167 0.16944894463538795 0
0.8939327233403483 0.19366949091062344 0
1.0 0.1875 1
0.9569398196161286 0.19605776519698134 0
0.9337503133418877 0.20246463549386737 0
0.8533364154203789 0.20249412192059912 0
0.8354087276147185 0.22241521306872888 0
0.8318475356129023 0.2388039662701331 0
0.8634277321596278 0.22772445269614902 0
0.8410583064942492 0.16262547374848693 0
0.8375251900976598 0.1855384783971332 0
1.0 0.375 1
0.9270046318139135 0.42460854599558523 0
0.8885658603910153 0.4485408842891868 0
0.8917798673443653 0.47731780526269235 0
0.9219819643109805 0.4593766829015621 0
0.9098405663174934 0.43987585450357963 0
0.8798370190259089 0.3888628827573345 0
0.8885552423158737 0.4180650717782379 0
0.9122468053843429 0.39508953501583727 0
0.8556952514167466 0.4119728266941119 0
0.8687341056914043 0.43330988576389323 0
0.8459242603378566 0.43550284264864264 0
0.8507801974347968 0.3826735207806502 0
0.8736225479678762 0.34673725405863687 0
0.8370017192689964 0.3486876045635033 0
0.8214364192360254 0.3262376018758197 0
0.8065202024199425 0.31809966990691363 0
0.7962318916867138 0.3424507879155887 0
0.8104613108839346 0.3609484726702496 0
0.836362713754493 0.3687326432206606 0
0.8688896146737098 0.36895666841009345 0
0.8541095277360404 0.32513165529041016 0
0.8756054892364953 0.3253320106120131 0
0.9301568014683099 0.341180010690577 0
0.9052013669474184 0.3252694425007798 0
0.9030847031079544 0.3561157457954358 0
0.9287563792507446 0.3706445784047278 0
1.0 0.3125 1
0.9653077975608968 0.35761626752218895 0
0.9443552360892208 0.35662041267427746 0
0.9421527997876077 0.2948381523798825 0
0.9286229927349955 0.31605940670304034 0
0.9627566108706692 0.3228979567815951 0
0.9144465401151157 0.29209742416145845 0
0.9302200760569915 0.274054236105369 0
0.9667828355198664 0.26687980517226756 0
0.8595343443900477 0.30163599624367804 0
0.9453098843265899 0.24509346218652833 0
0.9512415254022017 0.22060328546016036 0
1.0 0.21875 1
0.9753773356287111 0.21327226899451548 0
0.9720340010337977 0.24022897129945678 0
0.9473432578101862 0.2645645435666036 0
0.9708932019038471 0.29532899726436823 0
1.0 0.28125 1
1.0 0.265625 1
0.8987866195373028 0.3776899801782237 0
0.8332260567021236 0.4027597360353929 0
0.9088151868432192 0.41525369147367625 0
0.868513462122677 0.4626696435529133 0
0.8761918245301739 0.261887375919871 0
0.8770687350583478 0.28687807738797827 0
0.7705494433605966 0.2786363832879454 0
0.7806147741815709 0.29992595474738953 0
0.7182644198102045 0.28259871592253427 0
0.7107475437380776 0.4554145278570768 0
0.8589098955411305 0.5265034248678107 0
0.8401433275841471 0.505583328329016 0
0.8197067563191198 0.5246446089979977 0
0.8389303124768267 0.533546465564379 0
0.8590693410380029 0.558816135413184 0
0.8464161905848668 0.595585164890302 0
0.8253858174830457 0.5976098832643063 0
0.8338103503820471 0.5748822935094897 0
0.8886667455059343 0.5425133398012367 0
0.880020305854232 0.5229252944018532 0
0.8694303873640299 0.5426082606738628 0
0.8807112411489945 0.5630884286257002 0
0.8759188090438825 0.592375599848194 0
0.8595987136218569 0.5795599547180514 0
0.8636972245989015 0.6172338463573622 0
0.8917530405398361 0.615594018334167 0
0.9022062091055781 0.6359177204140736 0
0.9008827222765646 0.5960341298484751 0
0.8785536489637624 0.6305890184745664 0
0.9511158515136657 0.5390185168290361 0
1.0 0.5625 1
0.9191801114029505 0.5280577026395551 0
0.9120235083897081 0.5523833979929951 0
0.9484252434209167 0.49485310147763195 0
0.9188029731240958 0.49028357610931644 0
0.9130070773482922 0.509230388493881 0
0.9406555485949492 0.5174911054080212 0
1.0 0.4375 1
0.9606481201795454 0.4472156049876681 0
0.9383913795284007 0.4440003562588664 0
0.8113044000488059 0.563619352303906 0
0.7041633852822462 0.6288572889633783 0
0.9714093869508168 0.40625 0
1.0 0.40625 1
0.9522613555461191 0.4228169764432265 0
0.9447710057814799 0.39481057698413496 0
0.9659464880023492 0.38223575642587454 0
0.928598219329428 0.40536330050216596 0
0.9771902855119248 0.4296648285896561 0
0.9462230757057998 0.4689012398199111 0
0.976007264612005 0.4794432409083694 0
1.0 0.46875 1
0.9829823787843648 0.4531250000000014 0
0.9422477429771475 0.576934344267924 0
0.9211329224201891 0.5720486926695284 0
0.9695247809017121 0.5633191613299343 0
0.9708631330798271 0.6001318349156035 0
1.0 0.59375 1
1.0 0.578125 1
0.9618275351826512 0.5820296656215996 0
0.9447014031803513 0.6031556984170869 0
0.9699609793473213 0.6217664244270379 0
0.9821883852024537 0.25607249787210534 0
0.9800729478976841 0.313023450328054 0
1.0 0.34375 1
0.9780742576432321 0.33922526759945276 0
1.0 0.359375 1
0.8716340601535938 0.14698986779319362 0
0.8406674629832547 0.12414760603138135 0
0.8504558994196806 0.1432890977040405 0
0.8623233132635415 0.16649607307173553 0
0.8880804241447313 0.1188986300089796 0
0.8646437580184958 0.12396029856691818 0
0.8634069442020883 0.06144421465014045 0
0.8524124798145307 0.09293200483917456 0
0.884421061911325 0.08644497059849694 0
0.9375 0.0 1
0.9106738771046443 0.04304647411079139 0
0.8901685322338814 0.060282022174731005 0
0.9094003994992026 0.078219649900018 0
1.0 0.0625 1
0.9560843014382667 0.07833704205364383 0
0.9327251200889074 0.08513043393478974 0
0.955975710813461 0.12152079772627013 0
0.9496916565035489 0.09991298136550467 0
1.0 0.09375 1
0.9757310806265731 0.10405779527645258 0
0.9369492081208449 0.05609787871663921 0
0.9696956237209128 0.04727382251243796 0
0.8823744538667014 0.03019380533291244 0
0.90625 0.0 1
0.9031319054412371 0.022071003438918803 0
0.8437499999999999 0.023629877076595373 0
0.84375 0.0 1
0.8644804131303296 0.01856673668797256 0
0.9469788715186785 0.028144710739092672 0
0.9753266778288886 0.01753349052648203 0
0.96875 0.0 1
1.0 0.03125 1
0.9258179296444633 0.019602962809399667 0
1.0 0.046875 1
0.9776251187199998 0.06926210232801697 0
0.8712055024336794 0.10344875783867868 0
0.8286784533782869 0.06698154935785787 0
0.8314346254946842 0.08828946103620104 0
0.8475338972679034 0.07356522846367589 0
0.8434278914240286 0.04781359996401323 0
0.8971680439547304 0.10144080326280111 0
0.8885782868736651 0.1380500928309241 0
0.9094756922184816 0.12430967850263445 0
0.9337139746983351 0.13939307458068023 0
0.927018110685688 0.16576648559821738 0
0.9624221118036596 0.16071839664568094 0
0.9540808411714815 0.14196131028344003 0
0.9800555844209702 0.14164357326126553 0
1.0 0.15625 1
0.9341982363451988 0.11719550648967904 0
0.9828033596785767 0.17187499999999964 0
0.9465900909070265 0.17635725797225751 0
0.8137897948301149 0.12496728836347266 0
0.8034945240925163 0.14468147649910928 0
0.8015494371478908 0.032897289672990694 0
0.820642321478179 0.045539165279199274 0
0.8210827510417514 0.021128160068478476 0
0.796875 0.0 1
0.7852213193261103 0.020261056997276494 0
0.7831725481119939 0.04445833103077471 0
0.7712859454084506 0.11208177863312467 0
0.40625 0.0 1
0.390625 0.0 1
0.3125 0.0 1
0.34375000000000017 0.047699947119116175 0
0.3065939699586892 0.06923592354219642 0
0.3070445577591486 0.09307162383663972 0
0.3365720527358147 0.07813647748128881 0
0.3702667978364682 0.07001815560443375 0
0.35136754670737114 0.06556108292489295 0
0.3903088528376033 0.11146802486832667 0
0.3887077221573838 0.08667185821142655 0
0.3595952324533794 0.10100147841139866 0
0.4179771714567954 0.09723165725305233 0
0.4219865786363397 0.07779704497375298 0
0.4185090045103664 0.1322700848143373 0
0.40956251926939796 0.11488262961098615 0
0.44363626666394684 0.10362230126805999 0
0.4376715010862182 0.12373412504799051 0
0.3948705636289836 0.1347996656403266 0
0.4322103098055944 0.15690420098734364 0
0.40984975004014357 0.15321363353803943 0
0.41758026352097827 0.17596050187425757 0
0.43425118968998316 0.19722278259595222 0
0.4498844533993255 0.21060190059808492 0
0.34806318924143403 0.13133237361546368 0
0.3653300891078887 0.14815488877729732 0
0.3709379756474533 0.12512609461076452 0
0.34440628672234047 0.11258425667703167 0
0.32866790306474464 0.12720497464729577 0
0.37167998764278126 0.0414273855358832 0
0.38675967136153283 0.056503057633941506 0
0.37866251350835206 0.0211402422811121 0
0.34375 0.0 1
0.35306307935709397 0.02384997355955807 0
0.3242944311130551 0.02635952094790459 0
0.28125 0.029801089662338142 0
0.28125 0.0 1
0.3021616845835955 0.02044426471219579 0
0.30067865619510264 0.045176130700935666 0
0.3218456965964586 0.05272908845171304 0
0.27011917388304296 0.06382956976352518 0
0.28413257943024195 0.08406893016155613 0
0.2468036073490511 0.0552131644727688 0
0.250149070326938 0.027707734748477344 0
0.2647251743408882 0.04323047033517228 0
0.26360382153386086 0.09130585735783 0
0.4693262478195664 0.15787476119247174 0
0.5409360910587669 0.6628203546794897 0
0.621970347205177 0.8115336866553621 0
0.4171343985948359 0.8829910942844359 0
0.43270823184157653 0.9252162784050322 0
0.4609629535192977 0.9230956379520072 0
0.469381441325138 0.9048927491024249 0
0.44552706093641753 0.9067215080429257 0
0.43907617777192415 0.8747698218208535 0
0.42133031180016395 0.8607987028999012 0
0.3921188669901655 0.8673392344399856 0
0.3777594386975126 0.8926139203276832 0
0.39249830100807026 0.9303798730509036 0
0.3778768319208693 0.9143271387682599 0
0.40327120655293996 0.9058822070092127 0
0.42446326656149397 0.9030729958190147 0
0.41722058242359306 0.9637540268976498 0
0.4141901114252179 0.9401551509992392 0
0.38124406287444007 0.9645603085814196 0
0.36438023625716703 0.9404612839248507 0
0.34247078208390885 0.973742840613327 0
0.34375 1.0 1
0.36003408618773575 0.9614525293059497 0
0.3407974349318477 0.946524111813803 0
0.40625 1.0 1
0.390625 1.0 1
0.39954677023810714 0.9781879091837539 0
0.421875 1.0 1
0.31876812689559875 0.9626712509692007 0
0.306522255996419 0.9798055992491504 0
0.4474423499108014 0.9706412148402161 0
0.436643869771716 0.9490417688449126 0
0.42927073218581985 0.9806284712387392 0
0.46875 1.0 1
0.47232113371633333 0.9749965956409558 0
0.4904289402667703 0.9609485188516842 0
0.49926471526178245 0.9794815918773107 0
0.21826808146316967 0.9597538000283398 0
0.06928724704868808 0.8034194562624506 0
0.084701123371682 0.8296712490252403 0
0.1068011986655548 0.8232204721011702 0
0.0949226224490821 0.8002885140988472 0
0.07558910433682184 0.7485039870234454 0
0.07903507690108362 0.776718752959167 0
0.12236683753816079 0.7571086689543024 0
0.1416722193996311 0.7391056218924794 0
0.11140442987415235 0.7804525996025428 0
0.14465241458586303 0.78182003094676 0
0.09769708700304468 0.75976961232976 0
0.10701606339109337 0.7304785783531661 0
0.07965313178717166 0.7191806833494147 0
0.037379191604206975 0.7282650545499286 0
0.0 0.6875 1
0.04132358110516434 0.7670067782926097 0
0.057095130035102075 0.7838386778795335 0
0.027391414471049716 0.79586621539525 0
0.0 0.78125 1
0.020949724911735076 0.7749637674818953 0
0.06017105125272831 0.731423864494597 0
0.055454946527846175 0.7022972019807858 0
0.03354870226299413 0.673082588524724 0
0.05095348784814255 0.6828521890916758 0
0.1565205760994854 0.7595308172834119 0
0.15489515059621625 0.7980234445413498 0
0.0571325766540794 0.8282071991556572 0
0.046868637433431275 0.8078003833585441 0
0.02582130282204996 0.7013431654095906 0
0.0 0.71875 1
0.015923227901654315 0.7343750000000003 0
0.0 0.65625 1
0.02552258963518832 0.6424911614607952 0
0.0 0.671875 1
0.021660367142940815 0.8172987819611177 0
0.17238902262496247 0.7789435411647817 0
0.175999864107092 0.755287903468581 0
0.08004078205160992 0.6966686343699935 0
0.0 0.96875 1
0.03125 1.0 1
0.01683795301164925 0.9831620469883525 0
0.046875000000001166 0.9840593655464894 0
0.07891993517189869 0.3391132703556324 0
0.17216754491678027 0.03230362128275174 0
0.19538163469311812 0.05469139071148973 0
0.20120423768209564 0.02593867842969892 0
0.22605198326764464 0.01381562279460085 0
0.21875 0.0 1
0.17551203007816693 0.05206503229269098 0
0.18382819048030055 0.07598626984245985 0
0.15625 0.0 1
0.140625 0.0 1
0.15279495822211225 0.021775944827060707 0
0.171875 0.0 1
0.3280722216511209 0.3593621716378867 0
0.3476440548194086 0.37133875644797043 0
0.3356536178875168 0.389270439093806 0
0.3415716087594777 0.343098474805673 0
0.1075712167623809 0.0482454022006364 0
0.08054812979343606 0.04541885627525181 0
0.09375 0.0 1
0.09630449130718849 0.02537063013761194 0
0.07202989708384587 0.022508425168470222 0
0.11903997086707373 0.02217227067340843 0
0.04578940692919663 0.10214852356278414 0
0.06579053440066263 0.13663275187198917 0
0.0907140214938795 0.1329933591889945 0
0.10291819788016073 0.12157537999657284 0
0.07879927838306601 0.10802697006088861 0
0.060203087808897125 0.11683099457410533 0
0.031424657275890854 0.1306664408021062 0
0.0435298543027528 0.16289732405979784 0
0.06398457263127351 0.1576679651679463 0
0.04694502183388807 0.1432260018037477 0
0.0 0.15625 1
0.02288119033261316 0.1522638373236485 0
0.023003855219644907 0.17739071457062247 0
0.0 0.09375 1
0.019040683575806284 0.10937500000000001 0
0.026530796195462253 0.078125 0
0.05220641118729371 0.0772731354289742 0
0.07161686558120274 0.08736325371623076 0
0.017015649141605253 0.1949919267460947 0
0.06819728079578995 0.06557666118343702 0
0.020613607159409176 0.4446833853215435 0
0.7964988979955668 0.19147069485721185 0
0.8843257431604447 0.762607580689195 0
0.7299613173845713 0.9013580196490955 0
0.05290203813195075 0.18648592250884571 0
0.025529862149809127 0.04948779624241571 0
0.03125 0.0 1
0.04165753181619768 0.02627745812880513 0
0.013866834922495236 0.024175445786140587 0
0.0 0.03125 1
0.9724032954391947 0.5155569960170863 0
0.9754486853068879 0.5397083579184568 0
1.0 0.53125 1
0.9845373452402251 0.5545372346442131 0
0.42627241137602356 0.25718096992757555 0
0.4141025810102971 0.24039029346018256 0
0.0 0.53125 1
0.0 0.515625 1
0.020889414419507413 0.5388022852399845 0
0.019294733773525752 0.519237217831668 0
1.0 0.96875 1
0.96875 1.0 1
0.9592052003695224 0.9708181296561439 0
0.9801269417861562 0.9801269417861573 0
0.9759737628079361 0.9497159074477821 0

Edges
152
1 1713 1
1 1716 1
2 1508 1
2 1509 1
3 1727 1
3 1728 1
4 1661 1
4 1662 1
5 1264 1
5 1289 1
6 1462 1
6 1719 1
7 247 1
7 1618 1
9 818 1
9 1724 1
10 1641 1
10 1652 1
11 1088 1
11 1155 1
38 87 1
38 88 1
48 108 1
48 1468 1
57 157 1
57 222 1
74 87 1
74 108 1
76 97 1
76 211 1
84 88 1
84 97 1
101 155 1
101 163 1
126 250 1
126 253 1
147 222 1
147 226 1
149 155 1
149 157 1
160 163 1
160 1728 1
200 211 1
200 1727 1
226 253 1
229 247 1
229 249 1
241 1606 1
241 1610 1
242 1612 1
242 1618 1
249 250 1
319 1404 1
319 1410 1
381 1326 1
381 1329 1
411 1256 1
411 1259 1
412 1259 1
412 1329 1
767 1062 1
767 1654 1
800 1065 1
800 1723 1
804 908 1
804 912 1
805 1042 1
805 1049 1
816 818 1
816 1049 1
867 902 1
867 1042 1
878 1697 1
878 1700 1
879 1575 1
879 1670 1
880 1674 1
880 1683 1
902 912 1
907 911 1
907 1697 1
908 911 1
924 1683 1
924 1713 1
925 1700 1
925 1716 1
948 1540 1
948 1571 1
989 1670 1
989 1676 1
1062 1065 1
1076 1116 1
1076 1147 1
1087 1088 1
1087 1147 1
1095 1133 1
1095 1141 1
1113 1118 1
1113 1662 1
1115 1116 1
1115 1118 1
1122 1133 1
1122 1661 1
1137 1142 1
1137 1641 1
1141 1142 1
1154 1162 1
1154 1606 1
1155 1162 1
1250 1256 1
1250 1267 1
1262 1264 1
1262 1267 1
1287 1290 1
1287 1539 1
1289 1290 1
1319 1501 1
1319 1504 1
1325 1504 1
1325 1535 1
1326 1535 1
1351 1496 1
1351 1526 1
1356 1404 1
1356 1526 1
1365 1454 1
1365 1477 1
1392 1409 1
1392 1475 1
1409 1410 1
1441 1469 1
1441 1719 1
1448 1454 1
1448 1462 1
1468 1469 1
1475 1477 1
1487 1501 1
1487 1508 1
1491 1496 1
1491 1511 1
1509 1511 1
1539 1540 1
1541 1571 1
1541 1575 1
1609 1610 1
1609 1612 1
1637 1652 1
1637 1656 1
1654 1656 1
1673 1674 1
1673 1676 1
1723 1724 1

Triangles
3308
1 1713 1715 0
3 1728 1730 0
4 1661 1663 0
5 1263 1291 0
7 1618 1621 0
8 562 572 0
8 572 575 0
8 575 838 0
9 814 1726 0
9 818 820 0
10 1652 1653 0
11 1088 1160 0
12 634 1172 0
12 748 749 0
12 749 1228 0
12 1228 1231 0
13 54 56 0
13 56 60 0
13 60 287 0
14 470 676 0
14 676 692 0
14 692 693 0
14 693 694 0
15 584 598 0
15 598 599 0
16 618 1586 0
16 1222 1223 0
17 27 29 0
17 28 652 0
17 648 651 0
17 651 660 0
17 660 682 0
18 325 353 0
18 331 343 0
18 343 348 0
18 348 349 0
18 349 1382 0
19 337 1420 0
19 338 677 0
19 367 369 0
19 677 678 0
19 678 680 0
20 303 1423 0
20 1423 1424 0
20 1424 1425 0
20 1425 1428 0
20 1428 1451 0
21 309 314 0
21 314 354 0
22 299 672 0
22 672 673 0
23 33 34 0
23 34 40 0
23 40 42 0
23 41 298 0
24 34 301 0
24 301 302 0
24 302 303 0
25 27 682 0
25 682 683 0
26 29 1452 0
26 291 293 0
26 293 297 0
27 17 682 0
27 25 32 0
27 32 1452 0
28 17 29 0
28 29 297 0
28 296 652 0
29 26 297 0
29 27 1452 0
30 32 33 0
30 33 290 0
30 290 291 0
30 291 1452 0
31 32 300 0
31 300 301 0
32 25 300 0
32 30 1452 0
32 31 33 0
33 23 290 0
33 31 34 0
34 24 36 0
34 31 301 0
34 36 44 0
35 36 1451 0
36 24 303 0
36 35 44 0
36 303 1451 0
37 47 51 0
37 51 91 0
38 85 86 0
39 40 44 0
39 44 46 0
39 46 47 0
40 34 44 0
40 39 42 0
41 23 42 0
41 42 43 0
41 43 53 0
41 53 55 0
41 55 298 0
42 39 43 0
43 39 47 0
43 47 63 0
44 35 1427 0
45 46 1427 0
45 1426 1435 0
46 44 1427 0
46 45 47 0
47 37 63 0
47 45 51 0
48 108 111 0
48 111 1472 0
49 89 92 0
49 92 1437 0
50 51 1439 0
51 45 1435 0
51 50 91 0
51 1435 1439 0
52 53 186 0
52 184 187 0
53 43 62 0
53 52 55 0
53 62 186 0
54 13 282 0
54 55 56 0
54 281 292 0
54 292 298 0
55 52 56 0
55 54 298 0
56 52 187 0
58 132 133 0
58 133 198 0
59 60 188 0
59 134 289 0
59 188 196 0
59 196 197 0
60 56 187 0
60 59 289 0
60 119 287 0
60 187 188 0
61 62 63 0
61 63 66 0
61 66 183 0
61 183 184 0
61 184 186 0
62 43 63 0
62 61 186 0
63 37 90 0
64 69 72 0
64 72 79 0
64 79 194 0
64 194 1709 0
65 66 90 0
65 90 91 0
66 63 90 0
66 65 68 0
66 68 183 0
67 68 69 0
67 69 1709 0
68 65 69 0
68 67 183 0
69 64 1709 0
69 65 71 0
69 71 72 0
70 71 89 0
70 89 109 0
71 65 91 0
71 70 72 0
72 70 75 0
72 75 78 0
72 78 79 0
73 75 105 0
73 87 86 0
74 87 105 0
74 105 107 0
75 70 105 0
75 73 78 0
77 78 85 0
77 85 93 0
78 73 86 0
78 77 79 0
79 77 82 0
79 82 194 0
80 81 172 0
80 172 179 0
80 179 191 0
80 191 193 0
81 80 193 0
81 82 83 0
81 83 100 0
81 99 172 0
81 193 194 0
82 77 83 0
82 81 194 0
83 77 93 0
83 93 94 0
83 94 96 0
83 96 100 0
85 78 86 0
85 88 93 0
86 87 38 0
87 73 105 0
88 84 93 0
88 85 38 0
89 49 110 0
89 71 91 0
89 91 92 0
90 37 91 0
91 50 92 0
92 50 1437 0
93 84 94 0
94 97 98 0
95 96 98 0
95 98 209 0
95 99 100 0
96 94 98 0
96 95 100 0
97 76 98 0
97 94 84 0
98 76 209 0
99 81 100 0
99 95 104 0
99 104 171 0
99 171 172 0
101 155 159 0
101 159 162 0
102 165 166 0
102 166 174 0
102 174 208 0
103 104 206 0
103 170 171 0
103 206 207 0
103 207 208 0
104 95 206 0
104 103 171 0
105 70 109 0
106 107 109 0
106 108 107 0
106 109 110 0
106 110 112 0
107 105 109 0
107 108 74 0
108 106 111 0
109 89 110 0
110 49 112 0
111 106 112 0
111 112 1472 0
112 49 115 0
112 115 1471 0
112 1471 1472 0
113 1432 1443 0
113 1443 1465 0
114 115 1437 0
114 1436 1438 0
114 1438 1465 0
114 1464 1471 0
115 49 1437 0
115 114 1471 0
116 270 274 0
116 274 276 0
116 276 1201 0
116 1200 1202 0
116 1202 1205 0
117 120 121 0
117 121 124 0
117 124 128 0
117 128 278 0
117 278 279 0
118 121 255 0
118 255 288 0
118 288 289 0
119 60 288 0
119 255 285 0
119 285 287 0
120 117 279 0
120 265 266 0
120 266 286 0
121 118 123 0
121 120 255 0
121 123 124 0
122 123 133 0
123 118 135 0
123 122 124 0
124 122 129 0
125 217 218 0
125 218 219 0
125 219 220 0
125 220 224 0
125 224 225 0
126 250 251 0
126 251 252 0
127 128 129 0
127 129 131 0
127 131 1710 0
128 124 129 0
128 127 216 0
128 216 269 0
128 269 278 0
129 122 131 0
130 131 132 0
130 132 139 0
130 139 143 0
130 143 145 0
130 144 1710 0
131 122 132 0
131 130 1710 0
132 58 138 0
132 122 133 0
132 138 139 0
133 123 135 0
133 134 198 0
134 59 197 0
134 133 135 0
134 135 289 0
134 197 198 0
135 118 289 0
136 140 168 0
137 138 181 0
138 58 175 0
138 137 139 0
138 175 181 0
139 137 140 0
139 140 143 0
140 136 142 0
140 137 168 0
140 142 143 0
141 142 152 0
141 152 156 0
142 136 151 0
142 141 143 0
142 151 152 0
143 141 145 0
144 130 145 0
144 145 148 0
144 146 219 0
144 218 1710 0
145 141 148 0
146 144 148 0
146 148 158 0
146 222 221 0
147 220 221 0
147 226 254 0
148 141 156 0
148 156 158 0
149 154 214 0
150 151 213 0
150 213 214 0
151 136 167 0
151 150 152 0
151 153 213 0
152 150 154 0
152 157 156 0
153 151 167 0
153 165 213 0
154 150 214 0
155 149 214 0
156 57 158 0
156 157 57 0
157 152 154 0
157 154 149 0
158 222 146 0
159 155 214 0
160 163 199 0
160 199 1729 0
161 162 164 0
161 163 162 0
161 164 204 0
162 159 164 0
162 163 101 0
163 161 199 0
164 159 213 0
164 165 204 0
165 102 204 0
165 153 166 0
165 164 213 0
166 153 167 0
166 167 168 0
166 168 173 0
166 173 174 0
167 136 168 0
168 137 181 0
169 170 174 0
169 173 176 0
169 176 179 0
170 103 174 0
170 169 172 0
171 170 172 0
172 169 179 0
173 168 176 0
173 169 174 0
174 103 208 0
175 58 198 0
175 176 181 0
176 168 181 0
176 175 178 0
176 178 179 0
177 178 180 0
177 180 195 0
177 190 191 0
178 175 180 0
178 177 179 0
179 177 191 0
180 175 198 0
182 183 189 0
182 189 190 0
182 190 195 0
182 195 196 0
183 67 189 0
183 182 185 0
184 52 186 0
184 183 185 0
184 185 188 0
185 182 196 0
187 184 188 0
188 185 196 0
189 67 192 0
190 177 195 0
190 189 192 0
191 190 192 0
191 192 193 0
192 67 1709 0
193 192 1709 0
194 193 1709 0
195 180 197 0
196 195 197 0
197 180 198 0
199 161 202 0
199 202 1729 0
200 1727 1731 0
201 202 203 0
201 203 212 0
201 212 1731 0
202 161 204 0
202 201 1729 0
203 202 204 0
203 204 208 0
203 205 212 0
204 102 208 0
205 203 207 0
205 206 209 0
205 209 210 0
205 210 212 0
206 95 209 0
206 205 207 0
207 203 208 0
209 211 210 0
210 200 1731 0
210 211 200 0
211 209 76 0
212 210 1731 0
213 159 214 0
215 216 217 0
215 217 225 0
215 225 272 0
215 272 273 0
216 127 217 0
216 215 269 0
217 125 225 0
217 127 218 0
218 127 1710 0
218 144 219 0
219 146 221 0
220 147 254 0
220 219 221 0
221 222 147 0
222 158 57 0
223 224 227 0
223 227 231 0
223 231 275 0
224 220 227 0
224 223 225 0
225 223 272 0
226 253 254 0
227 220 254 0
228 233 234 0
228 234 236 0
228 236 238 0
228 237 245 0
229 234 248 0
230 231 251 0
230 249 248 0
231 227 251 0
231 230 232 0
231 232 275 0
232 230 233 0
232 233 245 0
232 245 276 0
233 228 245 0
233 230 248 0
234 233 248 0
234 247 246 0
235 236 246 0
235 246 1621 0
236 234 246 0
236 235 238 0
237 228 238 0
237 238 1211 0
237 1207 1208 0
238 235 240 0
238 240 1211 0
239 240 243 0
239 243 1590 0
239 1210 1211 0
239 1590 1591 0
240 235 1620 0
240 239 1211 0
241 1603 1611 0
241 1605 1607 0
242 1612 1617 0
243 240 1620 0
243 1615 1616 0
244 245 1208 0
245 237 1208 0
245 244 276 0
246 7 1621 0
246 247 7 0
247 234 229 0
248 249 229 0
249 230 251 0
250 249 251 0
251 227 252 0
252 227 254 0
252 253 126 0
253 252 254 0
255 119 288 0
255 120 286 0
256 260 262 0
256 262 1225 0
257 260 280 0
257 280 285 0
257 285 286 0
258 280 295 0
258 282 287 0
259 260 284 0
259 284 294 0
259 294 295 0
260 256 284 0
260 257 262 0
260 259 280 0
261 264 267 0
261 267 1587 0
261 1204 1215 0
262 257 266 0
262 264 1225 0
262 266 267 0
263 264 1215 0
263 1214 1218 0
263 1218 1225 0
264 261 1215 0
264 262 267 0
264 263 1225 0
265 120 279 0
265 268 277 0
265 277 1587 0
266 257 286 0
266 265 267 0
267 265 1587 0
268 265 279 0
268 269 270 0
268 270 277 0
269 215 273 0
269 268 278 0
270 116 1205 0
270 269 273 0
270 273 274 0
271 272 275 0
271 275 276 0
272 223 275 0
272 271 273 0
273 271 274 0
274 271 276 0
275 232 276 0
276 244 1201 0
277 270 1205 0
277 1205 1587 0
278 268 279 0
280 258 285 0
280 259 295 0
281 54 282 0
281 282 295 0
282 13 287 0
282 258 295 0
283 284 687 0
284 256 687 0
284 283 294 0
285 255 286 0
285 258 287 0
288 60 289 0
290 23 298 0
291 26 1452 0
291 290 292 0
291 292 293 0
292 281 293 0
292 290 298 0
293 281 295 0
293 294 297 0
294 283 296 0
294 293 295 0
294 296 297 0
296 28 297 0
296 283 646 0
296 646 652 0
299 22 302 0
299 300 671 0
299 671 672 0
300 25 671 0
300 299 301 0
301 299 302 0
302 22 306 0
302 306 307 0
303 20 1451 0
303 302 307 0
303 307 1423 0
304 307 308 0
304 308 310 0
304 310 326 0
304 326 1422 0
304 1422 1423 0
305 306 313 0
306 22 313 0
306 305 307 0
307 304 1423 0
307 305 308 0
308 305 309 0
308 309 310 0
309 21 310 0
309 305 312 0
309 312 314 0
310 21 320 0
310 320 321 0
310 321 326 0
311 312 339 0
311 339 1420 0
312 305 313 0
312 311 314 0
312 313 339 0
313 22 666 0
313 666 669 0
314 311 316 0
314 316 354 0
315 316 335 0
315 335 340 0
316 311 334 0
316 315 329 0
316 329 354 0
316 334 335 0
317 322 354 0
317 329 330 0
318 320 322 0
318 322 324 0
318 324 1412 0
318 1374 1376 0
319 1410 1473 0
320 21 322 0
320 318 1376 0
321 320 1376 0
321 1375 1414 0
322 21 354 0
322 317 324 0
323 324 325 0
323 325 1383 0
323 1377 1412 0
323 1383 1384 0
324 317 325 0
324 323 1412 0
325 18 1382 0
325 317 330 0
325 330 353 0
325 1382 1383 0
326 321 328 0
326 328 1422 0
327 328 1368 0
327 1368 1445 0
327 1445 1446 0
328 321 1414 0
328 327 1430 0
328 1421 1422 0
329 315 330 0
329 317 354 0
330 315 331 0
330 331 353 0
331 18 353 0
331 315 340 0
331 340 350 0
332 336 366 0
333 334 337 0
333 337 369 0
334 311 1420 0
334 333 335 0
335 333 336 0
335 336 340 0
336 332 352 0
336 333 366 0
337 19 369 0
337 334 1420 0
338 19 1420 0
338 339 669 0
338 669 677 0
339 313 669 0
339 338 1420 0
340 336 352 0
341 355 437 0
341 379 386 0
341 386 390 0
341 390 1419 0
342 343 350 0
342 350 1332 0
342 1332 1333 0
343 331 350 0
343 342 346 0
343 346 348 0
344 347 391 0
344 391 394 0
344 394 396 0
344 396 1339 0
344 1334 1417 0
345 346 347 0
345 347 1417 0
345 1417 1418 0
346 342 1333 0
346 345 348 0
346 1333 1419 0
347 344 1417 0
347 346 1419 0
347 389 391 0
348 345 1418 0
349 348 1418 0
349 1337 1381 0
349 1381 1382 0
350 340 351 0
350 351 1332 0
351 340 352 0
351 352 357 0
351 357 358 0
351 358 1332 0
352 332 357 0
355 341 1333 0
355 358 437 0
356 357 444 0
356 373 1331 0
357 332 361 0
357 356 1331 0
357 361 444 0
358 355 1332 0
358 357 1331 0
359 373 376 0
359 376 379 0
359 379 437 0
359 437 1331 0
360 361 362 0
360 362 365 0
360 365 446 0
360 443 444 0
361 332 362 0
361 360 444 0
362 332 366 0
362 366 367 0
362 367 368 0
363 461 462 0
363 462 468 0
363 468 469 0
364 365 368 0
364 368 468 0
365 362 368 0
365 364 446 0
366 333 369 0
367 19 680 0
367 366 369 0
368 367 680 0
370 534 1721 0
370 969 970 0
370 970 1561 0
370 1561 1562 0
370 1721 1722 0
371 521 525 0
371 525 538 0
371 538 539 0
371 539 541 0
372 373 440 0
372 440 542 0
372 539 540 0
373 356 439 0
373 359 1331 0
373 372 375 0
373 375 376 0
373 439 440 0
374 375 385 0
375 372 540 0
375 374 376 0
376 374 378 0
376 378 379 0
377 378 1245 0
378 374 382 0
378 377 386 0
378 382 1245 0
379 341 437 0
379 378 386 0
380 382 384 0
380 384 436 0
380 434 435 0
380 435 1245 0
381 1326 1327 0
381 1327 1328 0
382 374 384 0
382 380 1245 0
383 384 385 0
383 385 537 0
383 432 436 0
383 537 544 0
384 374 385 0
384 383 436 0
385 375 540 0
386 377 388 0
386 388 390 0
387 388 404 0
387 398 399 0
387 404 407 0
388 377 403 0
388 387 389 0
388 389 390 0
388 403 404 0
389 347 1419 0
389 387 399 0
390 389 1419 0
391 389 399 0
392 397 1708 0
392 1308 1531 0
392 1363 1364 0
393 394 398 0
393 398 401 0
393 401 1708 0
394 391 399 0
394 393 396 0
395 396 397 0
395 397 1360 0
395 1338 1339 0
395 1360 1361 0
396 393 1708 0
396 395 1339 0
397 392 1364 0
397 396 1708 0
397 1359 1360 0
398 387 407 0
398 394 399 0
400 401 407 0
400 407 1311 0
400 1305 1308 0
400 1308 1309 0
401 398 407 0
401 400 1309 0
401 1309 1708 0
402 403 435 0
403 377 1245 0
403 402 404 0
404 402 406 0
404 406 407 0
405 406 409 0
405 409 410 0
405 410 416 0
405 416 1310 0
405 1310 1311 0
406 402 409 0
406 405 407 0
407 405 1311 0
408 409 419 0
408 419 422 0
408 422 1304 0
409 402 418 0
409 408 410 0
409 418 419 0
410 408 414 0
410 414 1313 0
411 1255 1257 0
413 1299 1315 0
413 1315 1317 0
414 408 1304 0
414 1301 1312 0
414 1312 1313 0
415 416 1312 0
415 1312 1318 0
415 1318 1321 0
415 1321 1322 0
415 1322 1538 0
416 410 1313 0
416 415 1306 0
416 1306 1310 0
417 418 434 0
418 402 435 0
418 417 419 0
419 417 423 0
420 430 1272 0
421 423 425 0
421 425 426 0
421 426 1246 0
421 1246 1303 0
422 419 423 0
422 423 1303 0
422 1300 1304 0
423 417 425 0
423 421 1303 0
424 425 432 0
424 432 544 0
424 544 545 0
425 417 433 0
425 424 426 0
426 424 429 0
426 429 430 0
426 430 1246 0
427 1274 1275 0
427 1275 1276 0
427 1276 1585 0
428 429 431 0
428 431 1277 0
429 424 431 0
429 428 430 0
430 420 1246 0
430 428 1273 0
431 424 545 0
431 532 1277 0
432 383 544 0
432 425 433 0
432 433 436 0
433 417 434 0
433 434 436 0
434 380 436 0
434 418 435 0
435 403 1245 0
437 358 1331 0
438 439 443 0
438 443 447 0
438 447 1243 0
439 356 444 0
439 438 440 0
440 438 1243 0
440 442 542 0
441 451 548 0
441 517 546 0
441 522 543 0
441 543 1244 0
442 440 1243 0
442 1243 1244 0
443 360 446 0
443 439 444 0
443 446 447 0
445 446 462 0
446 364 462 0
446 445 447 0
447 445 448 0
447 448 1243 0
448 445 450 0
448 450 452 0
448 451 1244 0
449 450 461 0
449 461 465 0
450 445 462 0
450 449 452 0
451 441 1244 0
451 448 452 0
451 452 454 0
451 454 456 0
451 455 548 0
452 449 454 0
453 456 459 0
453 459 508 0
453 508 510 0
454 449 460 0
455 451 456 0
455 456 510 0
455 510 547 0
455 547 548 0
456 453 510 0
456 454 459 0
457 458 472 0
457 471 475 0
457 475 480 0
457 480 486 0
458 457 486 0
458 459 460 0
458 460 465 0
458 465 472 0
459 454 460 0
459 458 486 0
459 481 508 0
460 449 465 0
461 363 464 0
461 450 462 0
461 464 465 0
462 364 468 0
463 464 466 0
463 466 470 0
463 470 471 0
463 471 472 0
464 363 466 0
464 463 465 0
465 463 472 0
466 363 469 0
466 469 674 0
466 674 675 0
466 675 676 0
467 468 679 0
468 368 679 0
468 467 469 0
469 467 674 0
470 14 471 0
470 466 676 0
471 14 694 0
471 457 472 0
473 476 639 0
473 594 606 0
474 475 694 0
475 471 694 0
475 474 476 0
475 476 479 0
475 479 480 0
476 473 478 0
476 474 639 0
476 478 479 0
477 478 603 0
477 603 604 0
477 604 1242 0
478 473 606 0
478 477 479 0
479 477 480 0
480 477 482 0
480 482 486 0
481 459 486 0
481 482 488 0
481 488 507 0
481 507 508 0
482 477 1242 0
482 481 486 0
483 490 492 0
483 492 502 0
484 485 600 0
484 491 492 0
484 559 1241 0
484 600 601 0
485 484 489 0
485 489 1242 0
487 488 489 0
487 489 490 0
487 490 495 0
487 495 506 0
487 506 507 0
488 482 1242 0
488 487 507 0
489 484 490 0
489 488 1242 0
490 483 494 0
490 484 492 0
490 494 495 0
491 484 1241 0
491 560 568 0
492 491 502 0
493 494 1679 0
494 483 499 0
494 493 495 0
494 499 1679 0
495 493 497 0
495 497 509 0
496 497 552 0
496 552 554 0
496 554 556 0
496 556 557 0
497 493 551 0
497 496 509 0
497 551 552 0
498 499 501 0
498 500 1030 0
498 1026 1027 0
498 1027 1677 0
498 1677 1679 0
499 483 501 0
499 498 1679 0
500 498 501 0
500 501 502 0
500 502 504 0
500 504 1029 0
500 1029 1030 0
501 483 502 0
502 491 568 0
503 504 565 0
503 565 566 0
503 566 1036 0
504 502 568 0
504 503 1029 0
505 506 509 0
505 509 557 0
506 495 509 0
506 505 507 0
507 505 508 0
508 505 510 0
509 496 557 0
510 505 557 0
510 511 547 0
511 510 557 0
511 516 547 0
512 513 555 0
512 555 966 0
512 966 1721 0
513 512 515 0
513 515 516 0
513 516 556 0
513 554 555 0
514 515 520 0
514 520 522 0
514 522 546 0
515 512 519 0
515 514 516 0
515 519 520 0
516 511 556 0
516 514 517 0
516 517 547 0
517 441 548 0
517 514 546 0
518 519 535 0
519 512 1721 0
519 518 520 0
520 518 521 0
520 521 522 0
521 371 522 0
521 518 524 0
521 524 525 0
522 371 541 0
522 441 546 0
522 541 543 0
523 524 529 0
523 529 532 0
523 532 536 0
524 518 528 0
524 523 525 0
524 528 529 0
525 523 526 0
525 526 538 0
526 523 536 0
526 536 545 0
526 537 538 0
527 528 534 0
527 534 1562 0
528 518 535 0
528 527 529 0
529 527 531 0
529 531 532 0
530 531 533 0
530 533 1585 0
530 1276 1277 0
531 527 533 0
531 530 532 0
532 431 536 0
532 530 1277 0
533 527 1562 0
533 1558 1585 0
534 370 1562 0
534 528 535 0
534 535 1721 0
535 519 1721 0
536 431 545 0
537 385 538 0
537 526 544 0
538 385 540 0
539 372 542 0
539 538 540 0
541 539 542 0
541 542 543 0
542 442 543 0
543 442 1244 0
544 526 545 0
547 517 548 0
549 553 1680 0
549 967 974 0
550 551 1678 0
550 1678 1680 0
551 493 1678 0
551 550 552 0
552 550 553 0
552 553 554 0
553 549 974 0
553 550 1680 0
554 513 556 0
554 553 974 0
555 554 974 0
556 511 557 0
558 561 605 0
559 484 601 0
559 561 1241 0
559 601 605 0
560 491 1241 0
560 561 564 0
560 564 565 0
560 565 568 0
561 558 563 0
561 559 605 0
561 560 1241 0
561 563 564 0
562 8 566 0
562 563 571 0
562 571 572 0
563 558 579 0
563 562 564 0
563 579 580 0
564 562 565 0
565 504 568 0
565 562 566 0
566 8 567 0
566 567 1036 0
567 8 838 0
567 838 1055 0
567 1032 1033 0
567 1033 1036 0
569 1234 1235 0
569 1235 1236 0
569 1236 1237 0
569 1237 1238 0
569 1238 1239 0
569 1239 1240 0
570 571 580 0
570 580 1233 0
570 1233 1234 0
570 1234 1240 0
571 563 580 0
571 570 572 0
572 570 576 0
573 577 784 0
573 784 846 0
573 834 836 0
573 836 837 0
574 575 576 0
574 576 577 0
574 577 837 0
574 837 838 0
575 572 576 0
575 574 838 0
576 570 1240 0
577 573 837 0
577 576 1240 0
578 579 582 0
578 582 1232 0
578 1232 1233 0
579 558 585 0
579 578 580 0
580 578 1233 0
581 582 584 0
581 584 586 0
581 586 589 0
581 589 698 0
582 579 585 0
582 581 583 0
582 583 1232 0
583 581 698 0
583 698 701 0
583 701 703 0
583 703 1232 0
584 15 586 0
584 582 585 0
584 585 597 0
584 597 598 0
585 558 605 0
586 15 591 0
587 613 624 0
587 624 627 0
587 627 636 0
587 636 697 0
588 589 591 0
588 591 593 0
588 593 637 0
588 613 697 0
589 586 591 0
589 588 590 0
589 590 698 0
590 588 697 0
590 636 700 0
591 15 593 0
592 593 594 0
592 594 607 0
592 607 609 0
592 609 612 0
592 612 637 0
593 15 595 0
593 592 637 0
594 473 607 0
594 593 595 0
594 595 599 0
594 596 606 0
595 15 599 0
596 594 599 0
596 599 602 0
596 602 603 0
596 603 606 0
597 585 605 0
597 600 602 0
598 597 602 0
599 598 602 0
600 485 604 0
600 597 601 0
601 597 605 0
602 600 603 0
603 478 606 0
603 600 604 0
604 485 1242 0
607 473 639 0
607 639 640 0
608 609 641 0
608 641 642 0
609 607 640 0
609 608 611 0
609 611 612 0
609 640 641 0
610 611 616 0
610 616 617 0
610 617 624 0
611 608 615 0
611 610 612 0
611 615 616 0
612 610 613 0
612 613 637 0
613 587 697 0
613 588 637 0
613 610 624 0
614 615 618 0
614 618 1196 0
615 608 620 0
615 614 616 0
616 614 617 0
617 614 623 0
617 623 631 0
618 16 1196 0
618 615 620 0
618 620 1586 0
619 620 642 0
619 642 644 0
619 644 1224 0
619 1224 1586 0
620 608 642 0
620 619 1586 0
621 1187 1188 0
621 1188 1195 0
622 623 1196 0
622 630 631 0
623 614 1196 0
623 622 631 0
624 617 626 0
624 626 627 0
625 626 632 0
625 632 633 0
625 633 634 0
625 634 635 0
626 617 631 0
626 625 627 0
626 630 632 0
627 625 635 0
627 628 636 0
628 627 635 0
628 635 712 0
628 712 715 0
629 630 1188 0
629 1185 1186 0
630 622 1188 0
630 626 631 0
630 629 632 0
632 629 633 0
633 629 1186 0
634 12 1231 0
634 633 1172 0
635 634 1231 0
636 590 697 0
636 628 715 0
638 639 690 0
638 690 691 0
639 474 690 0
639 638 640 0
640 638 641 0
641 638 688 0
642 641 688 0
643 644 689 0
643 649 650 0
643 650 684 0
644 642 688 0
644 643 684 0
644 684 685 0
644 685 1224 0
644 688 689 0
645 646 686 0
645 686 1220 0
645 1220 1221 0
645 1221 1224 0
646 283 686 0
646 645 647 0
646 647 648 0
646 648 652 0
647 645 685 0
648 17 652 0
648 647 650 0
648 650 651 0
649 643 654 0
649 654 657 0
649 657 660 0
650 647 684 0
650 649 651 0
651 649 660 0
653 654 695 0
653 695 696 0
654 643 668 0
654 653 656 0
654 656 657 0
654 668 695 0
655 656 664 0
655 664 665 0
656 653 664 0
656 655 657 0
657 655 659 0
657 659 660 0
658 659 662 0
658 662 670 0
658 670 671 0
658 671 683 0
659 655 662 0
659 658 660 0
660 658 682 0
661 662 681 0
661 666 670 0
662 655 665 0
662 661 670 0
662 665 681 0
663 664 674 0
663 674 679 0
663 678 681 0
664 653 696 0
664 663 665 0
665 663 681 0
666 22 673 0
666 661 677 0
667 668 689 0
667 688 691 0
667 691 692 0
667 692 695 0
668 643 689 0
668 667 695 0
669 666 677 0
670 666 673 0
671 25 683 0
671 670 673 0
672 671 673 0
674 467 679 0
674 664 675 0
675 664 696 0
676 675 696 0
677 661 681 0
678 663 679 0
678 677 681 0
678 679 680 0
679 368 680 0
682 658 683 0
684 647 685 0
685 645 1224 0
686 283 687 0
686 687 1220 0
687 256 1225 0
687 1219 1220 0
688 638 691 0
688 667 689 0
690 474 693 0
691 690 693 0
692 676 696 0
692 691 693 0
693 474 694 0
695 692 696 0
698 590 700 0
698 700 701 0
699 701 1230 0
700 636 715 0
700 715 1230 0
701 699 705 0
701 700 1230 0
702 703 705 0
702 705 709 0
702 709 721 0
702 721 722 0
703 701 705 0
703 702 704 0
703 704 1232 0
704 702 722 0
704 722 1235 0
705 699 710 0
706 729 1169 0
706 1106 1648 0
706 1648 1658 0
707 718 740 0
708 709 710 0
708 710 762 0
709 705 710 0
709 708 717 0
709 717 720 0
709 720 721 0
710 699 713 0
710 713 762 0
711 712 1228 0
711 713 714 0
711 741 762 0
712 635 1231 0
712 711 714 0
712 714 715 0
713 699 714 0
713 711 762 0
714 699 1230 0
715 714 1230 0
716 717 718 0
716 718 726 0
717 708 718 0
717 716 720 0
718 707 726 0
718 708 740 0
719 720 1069 0
719 1069 1237 0
720 716 724 0
720 719 721 0
720 724 1069 0
721 719 1236 0
722 721 1236 0
723 724 725 0
723 725 766 0
723 766 772 0
723 772 773 0
723 773 1069 0
724 716 725 0
724 723 1069 0
725 716 726 0
725 726 764 0
725 764 765 0
725 765 766 0
726 707 728 0
726 728 764 0
727 728 763 0
727 763 1658 0
727 1658 1659 0
728 707 731 0
728 727 764 0
728 731 732 0
728 732 763 0
729 706 1658 0
729 732 1229 0
729 733 1169 0
730 731 736 0
730 736 760 0
730 760 1070 0
730 1070 1229 0
731 707 735 0
731 730 1229 0
731 735 736 0
732 729 763 0
732 731 1229 0
733 729 1229 0
733 1070 1072 0
733 1072 1074 0
733 1074 1169 0
734 735 740 0
734 740 741 0
734 741 743 0
735 707 740 0
735 734 736 0
736 734 739 0
736 739 760 0
737 747 750 0
737 750 1595 0
737 1166 1167 0
737 1595 1596 0
738 744 746 0
738 746 747 0
738 747 756 0
738 756 759 0
738 759 761 0
739 734 743 0
739 743 744 0
739 744 761 0
739 759 760 0
740 708 762 0
741 711 742 0
741 740 762 0
741 742 743 0
742 711 1228 0
743 742 744 0
744 738 761 0
744 742 749 0
745 746 1171 0
746 744 749 0
746 745 747 0
746 748 1171 0
747 737 755 0
747 745 750 0
747 755 756 0
748 12 1172 0
748 746 749 0
748 1172 1173 0
749 742 1228 0
750 745 752 0
750 752 1595 0
751 1176 1177 0
751 1177 1181 0
751 1181 1593 0
751 1593 1594 0
752 745 1171 0
752 1170 1176 0
752 1176 1594 0
752 1594 1595 0
753 757 1164 0
753 1078 1079 0
754 755 1167 0
754 1163 1164 0
754 1167 1168 0
755 737 1167 0
755 754 756 0
756 754 757 0
756 757 758 0
756 758 759 0
757 753 758 0
757 754 1164 0
758 753 1079 0
759 739 761 0
759 758 760 0
760 758 1070 0
763 729 1658 0
764 727 1659 0
765 764 1659 0
766 765 776 0
767 1061 1655 0
767 1062 1063 0
768 778 791 0
768 780 781 0
768 791 793 0
768 793 794 0
768 794 798 0
769 775 777 0
769 777 1634 0
769 1634 1635 0
769 1635 1660 0
770 774 776 0
770 776 1630 0
770 1630 1634 0
771 772 774 0
771 774 775 0
771 775 778 0
771 778 779 0
772 766 774 0
772 771 773 0
773 771 779 0
773 779 785 0
773 785 1237 0
774 766 776 0
774 770 777 0
775 769 796 0
775 774 777 0
776 765 1630 0
777 770 1634 0
778 768 781 0
778 775 791 0
779 778 781 0
779 781 782 0
779 782 785 0
780 768 790 0
781 780 782 0
782 780 786 0
782 786 1239 0
783 784 1239 0
783 786 847 0
784 577 1239 0
784 783 847 0
785 782 1238 0
786 780 788 0
786 783 1239 0
786 788 847 0
787 788 790 0
787 789 848 0
787 845 846 0
787 846 847 0
788 780 790 0
788 787 847 0
789 787 790 0
789 790 798 0
789 798 1068 0
790 768 798 0
791 775 796 0
791 796 797 0
792 793 797 0
792 795 1646 0
792 1061 1064 0
792 1645 1655 0
793 791 797 0
793 792 1064 0
794 793 1064 0
794 1060 1068 0
795 792 797 0
795 796 1660 0
795 1644 1646 0
796 769 1660 0
796 795 797 0
798 794 1068 0
799 803 1066 0
799 808 813 0
799 1066 1067 0
799 1067 1725 0
800 1723 1725 0
801 803 1058 0
801 1058 1068 0
801 1060 1066 0
802 803 810 0
802 810 844 0
802 844 848 0
802 848 1058 0
803 799 813 0
803 801 1066 0
803 802 1058 0
805 1042 1043 0
805 1043 1044 0
806 825 827 0
806 827 828 0
806 828 830 0
806 830 1057 0
807 808 814 0
807 814 819 0
807 819 1056 0
808 799 815 0
808 807 811 0
808 811 813 0
809 810 811 0
809 811 812 0
809 812 831 0
809 831 843 0
809 843 844 0
810 803 813 0
810 809 844 0
811 807 1056 0
811 810 813 0
812 811 1056 0
812 830 831 0
812 1056 1057 0
814 9 820 0
814 808 815 0
814 815 1726 0
815 799 1725 0
815 1725 1726 0
816 1049 1050 0
816 1050 1707 0
817 818 1707 0
817 819 820 0
818 816 1707 0
818 817 820 0
819 814 820 0
819 817 824 0
819 821 1056 0
821 819 824 0
821 824 825 0
821 825 1057 0
822 823 1051 0
822 1044 1045 0
822 1045 1046 0
823 822 825 0
823 824 1707 0
823 1050 1051 0
824 817 1707 0
824 823 825 0
825 806 1057 0
825 822 827 0
826 827 1046 0
826 861 862 0
826 1046 1047 0
827 822 1046 0
827 826 862 0
828 827 862 0
828 829 830 0
828 853 854 0
829 828 854 0
830 812 1057 0
830 829 831 0
831 829 833 0
831 833 843 0
832 833 841 0
832 841 849 0
833 829 842 0
833 832 835 0
833 835 843 0
834 573 846 0
834 835 836 0
835 832 836 0
835 834 843 0
836 832 839 0
837 836 839 0
838 837 839 0
838 839 1055 0
839 832 849 0
839 849 1055 0
840 849 852 0
840 852 1031 0
840 1031 1032 0
840 1032 1055 0
841 833 842 0
841 842 854 0
842 829 854 0
843 834 845 0
844 843 845 0
844 845 848 0
845 787 848 0
845 834 846 0
846 784 847 0
848 789 1058 0
849 840 1055 0
849 841 852 0
850 1012 1013 0
850 1013 1022 0
850 1022 1023 0
850 1023 1053 0
851 852 853 0
851 853 1054 0
851 1023 1035 0
852 841 853 0
852 851 1031 0
853 828 856 0
853 841 854 0
853 856 1054 0
855 856 859 0
855 859 1053 0
855 1023 1054 0
856 828 862 0
856 855 1054 0
857 863 869 0
857 869 872 0
857 872 901 0
857 901 1009 0
858 859 861 0
858 861 863 0
858 863 864 0
858 864 866 0
859 856 861 0
859 858 860 0
859 860 1053 0
860 858 866 0
860 866 1011 0
860 1011 1012 0
860 1012 1053 0
861 826 1047 0
861 856 862 0
863 857 864 0
863 861 1047 0
863 1047 1665 0
864 857 865 0
864 865 866 0
865 857 1009 0
865 1005 1011 0
866 865 1011 0
867 902 904 0
867 904 1041 0
868 869 1052 0
869 863 1665 0
869 868 871 0
869 871 872 0
870 871 876 0
870 876 883 0
870 883 886 0
870 886 887 0
870 887 888 0
871 868 875 0
871 870 888 0
871 875 876 0
872 871 888 0
872 888 901 0
873 887 1010 0
873 1006 1008 0
873 1008 1009 0
874 875 903 0
874 903 906 0
874 906 910 0
875 868 905 0
875 874 876 0
876 874 882 0
876 882 883 0
877 916 1690 0
877 1690 1691 0
878 1693 1698 0
878 1700 1701 0
879 1575 1582 0
879 1582 1669 0
880 1674 1686 0
881 900 913 0
881 913 1039 0
881 1039 1711 0
882 874 910 0
882 909 1711 0
883 882 884 0
883 884 889 0
884 882 1039 0
885 886 889 0
885 889 894 0
885 894 997 0
885 997 1006 0
885 1006 1010 0
886 883 889 0
886 885 1010 0
887 873 888 0
887 886 1010 0
888 873 901 0
889 884 892 0
889 892 894 0
890 896 898 0
890 898 899 0
890 899 986 0
890 930 933 0
890 933 934 0
891 892 900 0
891 900 914 0
891 914 915 0
892 884 913 0
892 891 895 0
893 894 895 0
893 895 896 0
893 896 934 0
893 934 1007 0
894 892 895 0
894 893 996 0
894 996 997 0
895 891 896 0
896 890 934 0
896 891 915 0
897 898 915 0
897 915 916 0
897 916 919 0
897 919 920 0
898 896 915 0
898 897 920 0
899 898 920 0
899 920 1672 0
900 881 1695 0
900 892 913 0
901 873 1009 0
902 903 904 0
903 875 905 0
904 903 905 0
904 905 1041 0
905 868 1052 0
906 908 910 0
906 912 804 0
907 1697 1699 0
907 1699 1705 0
908 906 804 0
908 909 910 0
908 911 1705 0
909 882 910 0
909 908 1705 0
909 1699 1711 0
911 907 1705 0
912 903 902 0
912 906 903 0
913 884 1039 0
914 900 1689 0
914 1689 1690 0
915 914 916 0
916 877 927 0
916 914 1690 0
916 918 919 0
917 919 922 0
917 922 1671 0
917 1671 1672 0
918 916 927 0
918 927 1681 0
919 917 1672 0
919 918 922 0
920 919 1672 0
921 922 1681 0
921 1681 1686 0
922 918 1681 0
922 921 1666 0
922 1666 1671 0
923 1682 1706 0
923 1702 1712 0
923 1712 1714 0
924 1683 1685 0
924 1685 1714 0
926 927 1704 0
926 1704 1706 0
927 877 1691 0
927 926 1681 0
927 1691 1704 0
928 944 946 0
928 946 1567 0
929 937 1038 0
929 949 953 0
930 890 986 0
930 952 1038 0
931 932 938 0
931 938 941 0
931 941 999 0
932 931 935 0
932 933 1038 0
932 937 938 0
933 930 1038 0
933 932 935 0
934 933 935 0
934 935 998 0
934 998 1007 0
935 931 998 0
936 937 944 0
936 944 954 0
936 954 955 0
937 929 953 0
937 932 1038 0
937 936 938 0
938 936 942 0
939 962 980 0
939 980 981 0
939 981 1016 0
939 1016 1018 0
940 942 985 0
940 985 992 0
940 992 993 0
941 938 942 0
941 942 993 0
941 993 1001 0
942 936 955 0
942 940 993 0
942 955 985 0
943 954 959 0
943 959 961 0
943 961 962 0
943 962 985 0
944 928 954 0
944 937 953 0
945 946 949 0
945 949 951 0
945 951 1584 0
946 944 953 0
946 945 947 0
946 947 1567 0
947 945 1544 0
947 1544 1545 0
947 1545 1566 0
947 1566 1567 0
948 1540 1570 0
948 1570 1572 0
949 929 951 0
949 946 953 0
950 951 952 0
950 952 987 0
950 987 990 0
950 990 1581 0
950 1579 1584 0
951 929 952 0
951 950 1584 0
952 929 1038 0
952 930 986 0
952 986 987 0
954 928 958 0
954 943 955 0
954 958 959 0
955 943 985 0
956 957 973 0
956 963 964 0
956 970 971 0
957 956 959 0
957 958 1563 0
957 1563 1564 0
958 928 1563 0
958 957 959 0
959 956 964 0
960 961 963 0
960 963 968 0
960 967 977 0
960 977 978 0
961 959 964 0
961 960 978 0
962 939 992 0
962 961 978 0
962 978 980 0
963 956 971 0
963 961 964 0
965 966 967 0
965 967 968 0
965 968 969 0
965 969 1722 0
966 555 974 0
966 965 1721 0
967 549 976 0
967 960 968 0
967 966 974 0
967 976 977 0
968 963 969 0
969 370 1722 0
969 963 971 0
970 956 973 0
970 969 971 0
970 972 1560 0
970 1560 1561 0
972 970 973 0
972 973 1564 0
972 1557 1559 0
972 1559 1560 0
973 957 1564 0
975 976 984 0
976 549 979 0
976 975 977 0
976 979 984 0
977 975 978 0
978 975 980 0
979 549 1680 0
979 983 984 0
980 975 984 0
981 980 984 0
981 983 1015 0
981 1015 1016 0
982 983 1677 0
983 979 1677 0
983 981 984 0
983 982 1015 0
985 962 992 0
986 899 987 0
987 899 1672 0
988 990 1667 0
988 1667 1668 0
988 1668 1669 0
990 987 1667 0
990 988 1581 0
991 992 1018 0
992 939 1018 0
992 991 993 0
993 991 1001 0
994 1000 1001 0
994 1001 1004 0
994 1004 1005 0
994 1005 1008 0
995 996 1007 0
995 998 999 0
995 999 1000 0
995 1000 1006 0
996 893 1007 0
996 995 1006 0
997 996 1006 0
998 931 999 0
998 995 1007 0
999 941 1001 0
1000 994 1006 0
1000 999 1001 0
1001 991 1003 0
1001 1003 1004 0
1002 1003 1017 0
1002 1017 1019 0
1002 1019 1020 0
1002 1020 1037 0
1003 991 1018 0
1003 1002 1004 0
1003 1016 1017 0
1004 1002 1037 0
1005 865 1009 0
1005 1004 1037 0
1006 873 1010 0
1006 994 1008 0
1008 1005 1009 0
1011 1005 1037 0
1012 850 1053 0
1012 1011 1020 0
1013 1012 1020 0
1013 1019 1025 0
1014 1015 1024 0
1014 1024 1025 0
1015 982 1024 0
1015 1014 1016 0
1016 1003 1018 0
1016 1014 1017 0
1017 1014 1019 0
1019 1013 1020 0
1019 1014 1025 0
1020 1011 1037 0
1021 1022 1025 0
1021 1025 1028 0
1021 1028 1034 0
1021 1034 1035 0
1022 1013 1025 0
1022 1021 1035 0
1023 851 1054 0
1023 855 1053 0
1023 1022 1035 0
1024 982 1027 0
1024 1027 1028 0
1025 1024 1028 0
1026 498 1030 0
1027 982 1677 0
1027 1026 1028 0
1028 1026 1029 0
1028 1029 1034 0
1029 503 1033 0
1029 1026 1030 0
1029 1033 1034 0
1031 851 1035 0
1032 567 1055 0
1032 1031 1033 0
1033 503 1036 0
1033 1031 1034 0
1034 1031 1035 0
1039 882 1711 0
1040 1041 1052 0
1040 1052 1665 0
1041 905 1052 0
1041 1040 1043 0
1041 1042 867 0
1042 1041 1043 0
1043 1040 1045 0
1044 822 1051 0
1044 1043 1045 0
1044 1049 805 0
1045 1040 1048 0
1046 1045 1048 0
1047 1046 1048 0
1047 1048 1665 0
1048 1040 1665 0
1049 1044 1051 0
1050 823 1707 0
1050 1049 1051 0
1052 869 1665 0
1056 821 1057 0
1058 789 1068 0
1059 1060 1061 0
1059 1061 1063 0
1059 1065 1067 0
1060 794 1064 0
1060 801 1068 0
1060 1059 1066 0
1061 767 1063 0
1061 792 1655 0
1061 1060 1064 0
1063 1065 1059 0
1065 800 1067 0
1065 1063 1062 0
1066 1059 1067 0
1067 800 1725 0
1069 773 1237 0
1070 733 1229 0
1070 758 1079 0
1071 1072 1078 0
1071 1078 1151 0
1071 1082 1149 0
1072 1070 1079 0
1072 1071 1074 0
1073 1074 1077 0
1073 1077 1108 0
1073 1102 1106 0
1073 1106 1169 0
1074 1071 1077 0
1074 1073 1169 0
1075 1091 1093 0
1075 1093 1097 0
1075 1097 1109 0
1075 1101 1150 0
1076 1114 1146 0
1077 1071 1149 0
1077 1101 1108 0
1077 1149 1150 0
1078 753 1081 0
1078 1072 1079 0
1078 1081 1151 0
1080 1081 1153 0
1080 1153 1159 0
1080 1159 1161 0
1081 753 1164 0
1081 1080 1085 0
1081 1082 1151 0
1082 1071 1151 0
1082 1081 1085 0
1082 1083 1149 0
1083 1082 1084 0
1083 1084 1090 0
1083 1090 1091 0
1083 1091 1150 0
1084 1082 1085 0
1084 1085 1161 0
1084 1161 1622 0
1085 1080 1161 0
1086 1087 1148 0
1086 1111 1112 0
1087 1086 1089 0
1087 1147 1148 0
1088 1087 1089 0
1088 1089 1160 0
1089 1086 1090 0
1089 1090 1622 0
1090 1084 1622 0
1090 1086 1112 0
1091 1075 1150 0
1091 1090 1112 0
1092 1093 1111 0
1092 1111 1114 0
1092 1114 1120 0
1092 1120 1124 0
1093 1091 1112 0
1093 1092 1110 0
1094 1098 1099 0
1094 1099 1145 0
1094 1143 1624 0
1094 1624 1625 0
1096 1097 1110 0
1096 1099 1109 0
1096 1110 1144 0
1096 1144 1145 0
1097 1093 1110 0
1097 1096 1109 0
1098 1094 1104 0
1098 1104 1107 0
1098 1107 1109 0
1099 1096 1145 0
1099 1098 1109 0
1100 1127 1130 0
1100 1130 1143 0
1100 1143 1145 0
1101 1075 1109 0
1101 1077 1150 0
1101 1107 1108 0
1102 1073 1108 0
1102 1104 1105 0
1102 1105 1106 0
1103 1104 1625 0
1103 1625 1626 0
1103 1626 1631 0
1103 1631 1632 0
1103 1632 1648 0
1104 1094 1625 0
1104 1102 1107 0
1104 1103 1105 0
1105 1103 1648 0
1106 706 1169 0
1106 1105 1648 0
1107 1101 1109 0
1107 1102 1108 0
1110 1092 1124 0
1110 1124 1144 0
1111 1086 1148 0
1111 1093 1112 0
1113 1662 1664 0
1114 1111 1146 0
1114 1116 1119 0
1114 1119 1120 0
1115 1118 1119 0
1116 1114 1076 0
1116 1115 1119 0
1117 1113 1664 0
1117 1118 1113 0
1118 1117 1119 0
1119 1117 1120 0
1120 1117 1123 0
1120 1123 1124 0
1121 1123 1136 0
1122 1133 1134 0
1122 1134 1135 0
1123 1117 1126 0
1123 1121 1127 0
1123 1126 1136 0
1124 1123 1127 0
1124 1127 1144 0
1125 1126 1664 0
1125 1135 1136 0
1126 1117 1664 0
1126 1125 1136 0
1127 1100 1144 0
1127 1121 1129 0
1127 1129 1130 0
1128 1129 1132 0
1128 1132 1140 0
1129 1121 1134 0
1129 1128 1130 0
1130 1128 1131 0
1130 1131 1143 0
1131 1128 1139 0
1131 1139 1649 0
1132 1095 1140 0
1132 1129 1134 0
1132 1133 1095 0
1133 1132 1134 0
1134 1121 1136 0
1135 1134 1136 0
1135 1661 1122 0
1137 1640 1657 0
1138 1139 1140 0
1138 1142 1657 0
1139 1128 1140 0
1139 1138 1649 0
1141 1138 1140 0
1141 1140 1095 0
1142 1137 1657 0
1142 1138 1141 0
1143 1094 1145 0
1143 1131 1624 0
1144 1100 1145 0
1146 1111 1148 0
1146 1147 1076 0
1147 1146 1148 0
1149 1083 1150 0
1152 1153 1163 0
1152 1163 1168 0
1152 1168 1608 0
1152 1608 1613 0
1153 1081 1164 0
1153 1152 1157 0
1153 1157 1159 0
1154 1162 1614 0
1155 11 1158 0
1155 1156 1614 0
1156 1155 1158 0
1156 1157 1613 0
1156 1158 1159 0
1156 1613 1614 0
1157 1152 1613 0
1157 1156 1159 0
1158 11 1160 0
1158 1160 1161 0
1159 1158 1161 0
1160 1089 1622 0
1161 1160 1622 0
1162 1155 1614 0
1163 754 1168 0
1163 1153 1164 0
1165 1166 1596 0
1165 1596 1598 0
1165 1598 1604 0
1165 1604 1608 0
1166 737 1596 0
1166 1165 1168 0
1167 1166 1168 0
1168 1165 1608 0
1170 752 1171 0
1170 1171 1173 0
1170 1173 1175 0
1170 1175 1176 0
1171 748 1173 0
1172 633 1173 0
1173 633 1186 0
1174 1175 1185 0
1174 1185 1187 0
1175 1173 1186 0
1175 1174 1176 0
1176 751 1594 0
1176 1174 1177 0
1177 1174 1179 0
1177 1179 1183 0
1178 1179 1189 0
1178 1189 1226 0
1178 1192 1212 0
1178 1212 1227 0
1179 1174 1187 0
1179 1178 1227 0
1179 1187 1189 0
1180 1181 1183 0
1180 1183 1227 0
1180 1184 1209 0
1180 1209 1210 0
1181 1177 1183 0
1181 1180 1182 0
1181 1182 1593 0
1182 1180 1210 0
1182 1210 1591 0
1182 1591 1592 0
1182 1592 1593 0
1183 1179 1227 0
1184 1180 1227 0
1184 1206 1207 0
1184 1207 1209 0
1185 629 1188 0
1185 1175 1186 0
1187 621 1189 0
1187 1185 1188 0
1188 622 1195 0
1189 621 1191 0
1189 1191 1226 0
1190 1191 1194 0
1190 1194 1217 0
1191 621 1194 0
1191 1190 1192 0
1191 1192 1226 0
1192 1178 1226 0
1192 1190 1198 0
1192 1198 1213 0
1193 1194 1195 0
1193 1195 1196 0
1193 1196 1223 0
1193 1216 1217 0
1194 621 1195 0
1194 1193 1217 0
1195 622 1196 0
1196 16 1223 0
1197 1198 1214 0
1197 1204 1213 0
1197 1214 1215 0
1198 1190 1214 0
1198 1197 1213 0
1199 1202 1206 0
1199 1206 1212 0
1199 1212 1213 0
1200 116 1201 0
1200 1201 1208 0
1201 244 1208 0
1202 1199 1203 0
1202 1200 1206 0
1202 1203 1205 0
1203 1199 1213 0
1203 1204 1587 0
1204 261 1587 0
1204 1197 1215 0
1204 1203 1213 0
1205 1203 1587 0
1206 1184 1212 0
1206 1200 1207 0
1207 237 1209 0
1207 1200 1208 0
1209 237 1211 0
1210 239 1591 0
1210 1209 1211 0
1212 1184 1227 0
1212 1192 1213 0
1214 263 1215 0
1214 1190 1217 0
1214 1217 1218 0
1216 1193 1223 0
1217 1216 1218 0
1218 1216 1219 0
1218 1219 1225 0
1219 687 1225 0
1219 1216 1220 0
1220 1216 1222 0
1221 1220 1222 0
1221 1222 1586 0
1222 16 1586 0
1222 1216 1223 0
1224 1221 1586 0
1228 712 1231 0
1232 704 1233 0
1233 704 1235 0
1234 569 1240 0
1234 1233 1235 0
1235 722 1236 0
1236 719 1237 0
1237 785 1238 0
1238 782 1239 0
1239 577 1240 0
1243 448 1244 0
1246 420 1248 0
1246 1248 1303 0
1247 1248 1252 0
1247 1252 1254 0
1247 1254 1302 0
1247 1302 1303 0
1248 420 1251 0
1248 1247 1303 0
1248 1251 1252 0
1249 1251 1260 0
1250 1256 1260 0
1250 1260 1286 0
1251 420 1268 0
1251 1249 1252 0
1251 1268 1269 0
1252 1249 1254 0
1253 1254 1255 0
1253 1255 1258 0
1253 1258 1299 0
1253 1299 1300 0
1253 1300 1302 0
1254 1249 1257 0
1254 1253 1302 0
1255 1254 1257 0
1255 1259 1258 0
1256 411 1257 0
1256 1257 1260 0
1257 1249 1260 0
1258 412 1316 0
1258 1259 412 0
1259 1255 411 0
1260 1251 1269 0
1260 1269 1286 0
1261 1262 1286 0
1261 1268 1270 0
1262 1261 1263 0
1262 1267 1286 0
1263 1261 1266 0
1263 1264 1262 0
1263 1266 1291 0
1264 1263 5 0
1265 1266 1278 0
1265 1278 1279 0
1265 1279 1283 0
1265 1283 1293 0
1266 1261 1270 0
1266 1265 1292 0
1266 1270 1280 0
1267 1250 1286 0
1268 420 1272 0
1268 1261 1269 0
1268 1271 1280 0
1269 1261 1286 0
1270 1268 1280 0
1271 1268 1272 0
1271 1272 1273 0
1271 1273 1274 0
1271 1274 1278 0
1271 1278 1280 0
1272 430 1273 0
1273 428 1275 0
1274 427 1279 0
1274 1273 1275 0
1275 428 1276 0
1276 428 1277 0
1276 530 1585 0
1278 1266 1280 0
1278 1274 1279 0
1279 427 1285 0
1279 1285 1555 0
1281 1294 1552 0
1281 1549 1569 0
1282 1283 1555 0
1282 1551 1552 0
1283 1279 1555 0
1283 1282 1293 0
1284 1285 1585 0
1285 427 1585 0
1285 1284 1556 0
1287 1290 1298 0
1288 1289 1291 0
1288 1290 1289 0
1288 1291 1292 0
1288 1292 1293 0
1288 1293 1298 0
1289 5 1291 0
1290 1288 1298 0
1291 1266 1292 0
1292 1265 1293 0
1293 1282 1294 0
1293 1294 1298 0
1294 1281 1296 0
1294 1282 1552 0
1294 1296 1297 0
1294 1297 1298 0
1295 1296 1569 0
1295 1540 1539 0
1295 1568 1570 0
1296 1281 1569 0
1296 1295 1297 0
1297 1287 1298 0
1297 1539 1287 0
1299 413 1301 0
1299 1258 1316 0
1300 422 1302 0
1300 1299 1301 0
1300 1301 1304 0
1301 413 1312 0
1301 414 1304 0
1302 422 1303 0
1305 400 1311 0
1305 1306 1538 0
1305 1307 1308 0
1306 415 1538 0
1306 1305 1310 0
1307 1305 1538 0
1307 1323 1530 0
1307 1530 1531 0
1308 392 1309 0
1308 1307 1531 0
1309 392 1708 0
1310 1305 1311 0
1312 413 1317 0
1312 416 1313 0
1312 1317 1318 0
1314 1315 1330 0
1315 1299 1316 0
1315 1314 1317 0
1315 1316 1330 0
1316 1329 1330 0
1317 1314 1318 0
1318 1314 1321 0
1319 1500 1505 0
1319 1501 1502 0
1320 1321 1537 0
1320 1532 1533 0
1321 1314 1327 0
1321 1320 1322 0
1321 1327 1537 0
1322 1320 1324 0
1322 1324 1538 0
1323 1307 1538 0
1323 1324 1514 0
1323 1479 1530 0
1323 1514 1515 0
1324 1320 1514 0
1324 1323 1538 0
1325 1504 1534 0
1326 1535 1536 0
1327 1314 1328 0
1327 1326 1536 0
1327 1536 1537 0
1328 1314 1330 0
1328 1329 381 0
1329 1316 412 0
1329 1328 1330 0
1332 355 1333 0
1333 341 1419 0
1334 344 1339 0
1334 1337 1418 0
1335 1345 1398 0
1335 1387 1401 0
1335 1401 1416 0
1336 1337 1338 0
1336 1338 1342 0
1336 1340 1401 0
1337 349 1418 0
1337 1334 1338 0
1337 1336 1380 0
1337 1380 1381 0
1338 395 1361 0
1338 1334 1339 0
1338 1341 1342 0
1340 1336 1342 0
1340 1341 1415 0
1340 1415 1416 0
1341 1338 1361 0
1341 1340 1342 0
1341 1360 1362 0
1341 1362 1415 0
1343 1346 1347 0
1343 1347 1349 0
1343 1349 1355 0
1343 1350 1358 0
1343 1358 1403 0
1344 1345 1415 0
1345 1335 1416 0
1345 1344 1346 0
1345 1346 1399 0
1346 1343 1402 0
1346 1344 1347 0
1346 1402 1407 0
1347 1344 1349 0
1348 1349 1359 0
1348 1354 1355 0
1348 1359 1481 0
1349 1344 1362 0
1349 1348 1355 0
1350 1343 1355 0
1350 1354 1522 0
1350 1522 1529 0
1352 1490 1493 0
1352 1493 1527 0
1353 1354 1519 0
1353 1519 1520 0
1353 1520 1521 0
1353 1521 1522 0
1354 1348 1478 0
1354 1350 1355 0
1354 1353 1522 0
1354 1478 1519 0
1356 1404 1405 0
1356 1405 1528 0
1357 1358 1529 0
1357 1523 1528 0
1358 1350 1529 0
1358 1357 1403 0
1359 397 1364 0
1359 1349 1362 0
1359 1364 1481 0
1360 1341 1361 0
1360 1359 1362 0
1362 1344 1415 0
1363 392 1531 0
1363 1480 1481 0
1364 1363 1481 0
1365 1453 1457 0
1366 1370 1413 0
1366 1413 1458 0
1367 1368 1414 0
1368 328 1414 0
1368 1367 1369 0
1368 1369 1445 0
1369 1367 1370 0
1369 1370 1450 0
1369 1450 1460 0
1370 1366 1450 0
1370 1367 1372 0
1370 1372 1413 0
1371 1372 1374 0
1371 1374 1377 0
1371 1377 1385 0
1371 1385 1411 0
1372 1367 1375 0
1372 1371 1373 0
1372 1373 1413 0
1373 1371 1411 0
1373 1391 1458 0
1374 318 1412 0
1374 1372 1375 0
1374 1375 1376 0
1375 321 1376 0
1375 1367 1414 0
1377 323 1384 0
1377 1374 1412 0
1377 1384 1385 0
1378 1379 1386 0
1378 1386 1387 0
1378 1387 1389 0
1378 1389 1390 0
1379 1378 1385 0
1379 1380 1386 0
1380 1336 1386 0
1380 1379 1383 0
1381 1380 1382 0
1382 1380 1383 0
1383 1379 1384 0
1384 1379 1385 0
1385 1378 1390 0
1385 1390 1411 0
1386 1336 1401 0
1387 1335 1389 0
1387 1386 1401 0
1388 1389 1396 0
1388 1396 1397 0
1389 1335 1398 0
1389 1388 1390 0
1390 1388 1391 0
1390 1391 1411 0
1391 1373 1411 0
1391 1388 1394 0
1391 1394 1456 0
1391 1456 1458 0
1392 1475 1476 0
1393 1365 1457 0
1393 1394 1397 0
1393 1397 1476 0
1393 1477 1365 0
1394 1388 1397 0
1394 1393 1457 0
1395 1396 1398 0
1395 1398 1399 0
1395 1399 1407 0
1395 1400 1408 0
1396 1389 1398 0
1396 1395 1397 0
1397 1395 1408 0
1397 1408 1474 0
1397 1474 1476 0
1398 1345 1399 0
1399 1346 1407 0
1400 1395 1407 0
1400 1402 1406 0
1400 1406 1473 0
1400 1409 1408 0
1401 1340 1416 0
1402 1343 1403 0
1402 1400 1407 0
1402 1403 1406 0
1403 1357 1405 0
1403 1405 1406 0
1404 319 1406 0
1405 1357 1528 0
1405 1404 1406 0
1406 319 1473 0
1408 1409 1474 0
1409 1392 1474 0
1409 1400 1473 0
1410 1409 1473 0
1413 1373 1458 0
1415 1345 1416 0
1417 1334 1418 0
1421 328 1430 0
1421 1430 1431 0
1422 1421 1424 0
1423 1422 1424 0
1424 1421 1431 0
1425 1424 1431 0
1425 1431 1432 0
1425 1432 1434 0
1426 45 1427 0
1426 1427 1428 0
1426 1428 1434 0
1426 1433 1435 0
1427 35 1428 0
1428 35 1451 0
1428 1425 1434 0
1429 1430 1442 0
1429 1442 1443 0
1430 327 1442 0
1430 1429 1431 0
1431 1429 1432 0
1432 113 1433 0
1432 1429 1443 0
1432 1433 1434 0
1433 113 1438 0
1433 1426 1434 0
1435 1433 1436 0
1435 1436 1439 0
1436 114 1437 0
1436 1433 1438 0
1436 1437 1439 0
1437 50 1439 0
1438 113 1465 0
1440 1442 1447 0
1440 1447 1717 0
1440 1464 1465 0
1440 1717 1718 0
1441 1469 1720 0
1442 327 1446 0
1442 1440 1443 0
1442 1446 1447 0
1443 1440 1465 0
1444 1445 1460 0
1444 1460 1461 0
1444 1461 1717 0
1445 1369 1460 0
1445 1444 1447 0
1446 1445 1447 0
1447 1444 1717 0
1448 1462 1463 0
1449 1450 1455 0
1449 1455 1459 0
1449 1459 1463 0
1450 1366 1455 0
1450 1449 1460 0
1453 1454 1459 0
1453 1455 1456 0
1453 1456 1457 0
1454 1448 1459 0
1454 1453 1365 0
1455 1366 1458 0
1455 1453 1459 0
1456 1394 1457 0
1456 1455 1458 0
1459 1448 1463 0
1460 1449 1461 0
1461 6 1717 0
1461 1449 1463 0
1461 1462 6 0
1462 1461 1463 0
1464 114 1465 0
1464 1440 1466 0
1464 1466 1470 0
1464 1470 1471 0
1466 1440 1718 0
1466 1469 1470 0
1466 1718 1720 0
1467 48 1472 0
1467 1468 48 0
1467 1469 1468 0
1469 1466 1720 0
1469 1467 1470 0
1470 1467 1471 0
1471 1467 1472 0
1474 1392 1476 0
1476 1477 1393 0
1477 1476 1475 0
1478 1348 1481 0
1478 1480 1483 0
1478 1483 1519 0
1479 1323 1515 0
1479 1480 1530 0
1480 1363 1530 0
1480 1478 1481 0
1480 1479 1483 0
1482 1483 1513 0
1482 1513 1518 0
1482 1518 1520 0
1483 1479 1485 0
1483 1482 1519 0
1483 1485 1513 0
1484 1485 1516 0
1484 1516 1517 0
1485 1479 1515 0
1485 1484 1486 0
1485 1486 1513 0
1485 1515 1516 0
1486 1484 1489 0
1486 1489 1490 0
1486 1490 1518 0
1487 1506 1510 0
1488 1489 1500 0
1488 1500 1502 0
1488 1502 1510 0
1489 1484 1500 0
1489 1488 1490 0
1490 1352 1518 0
1490 1488 1498 0
1491 1496 1512 0
1492 1493 1498 0
1492 1498 1499 0
1492 1499 1512 0
1493 1490 1498 0
1493 1492 1495 0
1493 1495 1527 0
1494 1495 1497 0
1494 1497 1525 0
1494 1521 1527 0
1495 1492 1497 0
1495 1494 1527 0
1496 1351 1497 0
1496 1497 1512 0
1497 1351 1525 0
1497 1492 1512 0
1498 1488 1510 0
1499 1498 1506 0
1499 1506 1507 0
1499 1511 1512 0
1500 1319 1502 0
1500 1484 1517 0
1501 1487 1510 0
1502 1501 1510 0
1503 1504 1505 0
1503 1505 1517 0
1503 1517 1533 0
1503 1533 1534 0
1504 1319 1505 0
1504 1503 1534 0
1505 1500 1517 0
1506 1498 1510 0
1506 1508 1507 0
1507 1508 2 0
1508 1506 1487 0
1509 1499 1507 0
1509 1507 2 0
1511 1491 1512 0
1511 1499 1509 0
1513 1486 1518 0
1514 1320 1533 0
1515 1514 1516 0
1516 1514 1517 0
1517 1514 1533 0
1518 1352 1520 0
1519 1482 1520 0
1520 1352 1527 0
1521 1494 1524 0
1521 1520 1527 0
1522 1521 1524 0
1522 1523 1529 0
1523 1357 1529 0
1523 1522 1524 0
1523 1524 1525 0
1523 1525 1528 0
1524 1494 1525 0
1525 1526 1528 0
1526 1356 1528 0
1526 1525 1351 0
1530 1363 1531 0
1532 1320 1537 0
1533 1532 1534 0
1534 1535 1325 0
1535 1532 1536 0
1535 1534 1532 0
1536 1532 1537 0
1539 1297 1295 0
1540 1295 1570 0
1541 1571 1573 0
1541 1573 1576 0
1542 1547 1578 0
1543 1544 1580 0
1543 1577 1578 0
1544 945 1580 0
1544 1543 1545 0
1545 1543 1578 0
1545 1547 1550 0
1545 1550 1566 0
1546 1547 1568 0
1546 1549 1550 0
1546 1568 1569 0
1547 1542 1568 0
1547 1545 1578 0
1547 1546 1550 0
1548 1549 1551 0
1548 1551 1554 0
1548 1554 1557 0
1548 1557 1565 0
1549 1281 1551 0
1549 1546 1569 0
1549 1548 1550 0
1550 1548 1565 0
1550 1565 1566 0
1551 1281 1552 0
1551 1282 1555 0
1551 1555 1556 0
1553 1554 1556 0
1553 1556 1558 0
1553 1558 1559 0
1554 1551 1556 0
1554 1553 1557 0
1555 1285 1556 0
1556 1284 1558 0
1557 972 1564 0
1557 1553 1559 0
1557 1564 1565 0
1558 533 1560 0
1558 1284 1585 0
1559 1558 1560 0
1560 533 1561 0
1561 533 1562 0
1563 928 1567 0
1564 1563 1565 0
1565 1563 1566 0
1566 1563 1567 0
1568 1295 1569 0
1568 1542 1572 0
1570 1568 1572 0
1571 948 1572 0
1571 1572 1573 0
1572 1542 1573 0
1573 1542 1578 0
1574 1575 1576 0
1574 1576 1577 0
1574 1577 1583 0
1575 1541 1576 0
1575 1574 1582 0
1576 1573 1577 0
1577 1543 1579 0
1577 1573 1578 0
1577 1579 1583 0
1579 950 1581 0
1579 1543 1580 0
1579 1580 1584 0
1579 1581 1583 0
1580 945 1584 0
1581 988 1582 0
1581 1582 1583 0
1582 988 1669 0
1582 1574 1583 0
1588 1593 1600 0
1589 1590 1616 0
1589 1599 1600 0
1590 243 1616 0
1590 1589 1592 0
1591 1590 1592 0
1592 1589 1600 0
1593 1588 1594 0
1593 1592 1600 0
1594 1588 1595 0
1595 1588 1599 0
1596 1595 1599 0
1597 1598 1599 0
1597 1599 1602 0
1597 1602 1603 0
1597 1603 1604 0
1598 1596 1599 0
1598 1597 1604 0
1599 1588 1600 0
1599 1589 1602 0
1601 1602 1616 0
1601 1615 1617 0
1602 1589 1616 0
1602 1601 1603 0
1603 241 1607 0
1603 1601 1611 0
1604 1603 1607 0
1604 1607 1608 0
1605 1154 1614 0
1605 1606 1154 0
1606 1605 241 0
1607 1605 1608 0
1608 1605 1613 0
1609 1610 1611 0
1609 1611 1617 0
1610 241 1611 0
1611 1601 1617 0
1612 1609 1617 0
1613 1605 1614 0
1615 242 1617 0
1615 243 1619 0
1615 1601 1616 0
1615 1618 242 0
1618 1615 1619 0
1618 1619 1621 0
1619 243 1620 0
1619 1620 1621 0
1620 235 1621 0
1623 1624 1649 0
1623 1649 1650 0
1624 1131 1649 0
1624 1623 1626 0
1625 1624 1626 0
1626 1623 1628 0
1626 1628 1631 0
1627 1628 1639 0
1627 1638 1643 0
1628 1623 1639 0
1628 1627 1633 0
1629 1630 1647 0
1629 1631 1633 0
1629 1633 1634 0
1630 765 1647 0
1630 1629 1634 0
1631 1628 1633 0
1631 1629 1632 0
1632 1629 1647 0
1632 1647 1658 0
1633 1627 1634 0
1634 1627 1635 0
1635 1627 1643 0
1635 1643 1644 0
1635 1644 1660 0
1636 1638 1653 0
1637 1645 1651 0
1638 1627 1639 0
1638 1636 1643 0
1638 1639 1640 0
1638 1640 1642 0
1638 1642 1653 0
1639 1623 1650 0
1640 1639 1650 0
1640 1641 1642 0
1640 1650 1657 0
1641 10 1642 0
1641 1640 1137 0
1642 10 1653 0
1643 1636 1644 0
1644 795 1660 0
1644 1636 1651 0
1645 792 1646 0
1645 1646 1651 0
1645 1654 1655 0
1645 1656 1654 0
1646 1644 1651 0
1647 765 1659 0
1648 1632 1658 0
1649 1138 1650 0
1650 1138 1657 0
1651 1636 1653 0
1651 1652 1637 0
1652 1651 1653 0
1654 767 1655 0
1656 1645 1637 0
1658 1647 1659 0
1661 1125 1663 0
1661 1135 1125 0
1662 4 1663 0
1662 1663 1664 0
1663 1125 1664 0
1666 921 1675 0
1666 989 1668 0
1666 1667 1671 0
1666 1676 989 0
1667 987 1672 0
1667 1666 1668 0
1668 1670 1669 0
1669 1670 879 0
1670 1668 989 0
1671 1667 1672 0
1674 1673 1675 0
1674 1675 1686 0
1675 921 1686 0
1675 1676 1666 0
1676 1675 1673 0
1677 979 1680 0
1677 1678 1679 0
1678 493 1679 0
1678 1677 1680 0
1681 926 1682 0
1681 1682 1684 0
1681 1684 1686 0
1682 923 1685 0
1682 926 1706 0
1683 880 1686 0
1683 1684 1685 0
1684 1682 1685 0
1684 1683 1686 0
1685 923 1714 0
1687 1692 1693 0
1687 1693 1701 0
1687 1701 1702 0
1687 1702 1703 0
1687 1703 1704 0
1688 1689 1695 0
1688 1695 1696 0
1689 900 1695 0
1689 1688 1691 0
1690 1689 1691 0
1691 1688 1692 0
1691 1692 1704 0
1692 1687 1704 0
1692 1688 1696 0
1693 878 1701 0
1693 1692 1696 0
1693 1696 1698 0
1694 1695 1711 0
1695 881 1711 0
1695 1694 1696 0
1696 1694 1698 0
1697 878 1698 0
1697 1698 1699 0
1698 1694 1699 0
1699 909 1705 0
1699 1694 1711 0
1700 925 1702 0
1701 1700 1702 0
1702 923 1703 0
1702 925 1712 0
1703 923 1706 0
1704 1703 1706 0
1712 1716 1715 0
1713 924 1714 0
1713 1714 1715 0
1714 1712 1715 0
1715 1716 1 0
1716 1712 925 0
1717 1719 1718 0
1718 1719 1720 0
1719 1441 1720 0
1719 1717 6 0
1721 965 1722 0
1723 1724 1726 0
1724 9 1726 0
1725 1723 1726 0
1727 3 1730 0
1727 1730 1731 0
1728 160 1729 0
1728 1729 1730 0
1729 201 1731 0
1730 1729 1731 0

End
