MeshVersionFormatted 1

Dimension
2

Vertices
1644
0.0 0.0 1
1.0 0.0 1
1.0 1.0 1
0.0 1.0 1
0.5 0.0 1
1.0 0.5 1
0.5 1.0 1
0.25 0.5 0
0.0 0.5 1
0.0 0.75 1
0.25 1.0 1
0.375 0.75 0
0.7291666666666666 0.7291666666666666 0
0.538690476190476 0.5119047619047622 0
0.3910557644110273 0.5857221177944861 0
0.5316602518200254 0.6823877028881726 0
0.654972415227055 0.6020863169829342 0
0.7650644656186915 0.3400724474862056 0
0.6749052114385818 0.45632563128933656 0
0.8276068351983819 0.5514508511724192 0
0.7854616148589596 0.44897904494922575 0
0.7352910988334793 0.5295162491877469 0
0.7601325780042659 0.6301974255277039 0
0.7736121155384761 0.5734663558598555 0
0.7140392862560221 0.5867276498891941 0
0.6987346194295964 0.6491284537217925 0
0.6895479488246486 0.6137980513830927 0
0.6614100503901603 0.639974082968478 0
0.6825426634382137 0.6344791454007385 0
0.7244735266878868 0.623576211854637 0
0.7477968640191492 0.5972994768463565 0
0.7275379409771011 0.6028068862470389 0
0.7440524615192441 0.6174652421404618 0
0.7784245976346679 0.6045767534299857 0
0.8093385144479363 0.5838672436854193 0
0.7890475372146447 0.5870060645387796 0
0.8461816555446715 0.6722924572655464 0
1.0 0.75 1
0.8066631635324238 0.6440780127382931 0
0.7857760572708267 0.629165548447653 0
0.7744599880071019 0.667099341934187 0
0.8122551370269 0.6141616598473322 0
0.8427332851469864 0.6353394473833697 0
0.8227340410036001 0.631601182777156 0
1.0 0.625 1
0.9224428048553248 0.6465385392034835 0
0.8812613848242679 0.6503814951689784 0
0.8582215889247348 0.65253151624715 0
0.7360066071313783 0.6607968047009795 0
0.7400251714356999 0.6391545200955405 0
0.7405807748016819 0.5635855712243611 0
0.733848661398916 0.5826557206780253 0
0.7541709175534473 0.5783059661537172 0
0.7649233283502468 0.5423607899482636 0
0.7957411610786017 0.5505186880325961 0
0.8132398395675947 0.49745702261117447 0
0.76724177815204 0.4964092472348265 0
0.7574709182527999 0.5189505251605088 0
0.7892918776754828 0.5193555012919335 0
0.7902537829413315 0.4963635637994518 0
0.7787025394101286 0.47359719882597884 0
0.807832321448968 0.46835802018372963 0
0.7298034694104871 0.4469346875994028 0
0.74769043644231 0.47230169887417683 0
0.7345539005015159 0.4994056404016641 0
0.7576949631716843 0.44625743776958876 0
0.7424198725359937 0.39184908244273003 0
0.7431276735261434 0.42099877880548126 0
0.783833384794299 0.40542693794536555 0
0.8252184172799055 0.42568621551858227 0
1.0 0.25 1
0.8092896859189441 0.44407402866737794 0
0.8443641779895424 0.4583646940176271 0
0.8016735513099765 0.42138326949980986 0
0.8210865776755369 0.38172693309397443 0
0.8057967587743178 0.3988218972003302 0
0.7880922673643909 0.36760178793362724 0
0.830433640947813 0.47920992321134487 0
0.9116826638242652 0.518429966991256 0
0.873809597869212 0.493119995905415 0
0.8445598526214322 0.5097449132811188 0
0.8541125090768147 0.47995674293818685 0
0.8869535136505073 0.4521331558473647 0
0.7607167765735011 0.4059882459598273 0
0.7657219736229053 0.3806030150140072 0
0.7735386250878774 0.4276183055406565 0
0.692949333245231 0.4076337472676547 0
0.7156525185443755 0.4232743233998012 0
0.7168745648224256 0.39720268371812634 0
0.6606435083830866 0.30088181039849293 0
0.6830849653232302 0.3523547068747936 0
0.7220274695772024 0.358167397362512 0
0.7449409823937675 0.3673086091768333 0
0.6946215797330276 0.37881568758502454 0
0.6334837129250813 0.3897255443385776 0
0.6653560949711277 0.39157502620936147 0
0.6910880294875066 0.43463330551781604 0
0.7039799693243464 0.4611333784663394 0
0.6807993230466381 0.5109994965912176 0
0.7098060980808838 0.5150758699025355 0
0.7098601438284319 0.48778415760665045 0
0.7248691368149216 0.47049851894078676 0
0.6897979113990441 0.5522088922566809 0
0.7123028724027045 0.5403781563552036 0
0.6925014619076523 0.5300313629558279 0
0.6594287965108566 0.5372531942109747 0
0.7101824135481862 0.5636648689770464 0
0.656777499343561 0.4259195894423087 0
0.6722116219708 0.41153106561498554 0
0.6485511785442881 0.4056211527374148 0
0.5989684625248515 0.43753162844397697 0
0.6267755678067505 0.42626227938652517 0
0.6301223927096176 0.47446223981312763 0
0.6420429853618149 0.4494183427499394 0
0.6178102226553231 0.4532428178842399 0
0.5778413395754809 0.4820221417012848 0
0.6036091154782148 0.475664406339347 0
0.5857045521041355 0.45849457565401325 0
0.5228524949221756 0.45056639279734273 0
0.5534870714668364 0.46080485884232125 0
0.6037488264680111 0.5316276634071444 0
0.6181601138412082 0.5036098830316713 0
0.5903854452583867 0.5070388441603104 0
0.5670040942960667 0.5356717318842601 0
0.5920190080216615 0.5940044209493657 0
0.5883899740860243 0.5610307260768621 0
0.536043850529459 0.5834784099677118 0
0.5656335220082768 0.580221816420759 0
0.5481463913195709 0.5573877042613492 0
0.4892317785955644 0.5459116522879148 0
0.5172730834264563 0.5589190059158056 0
0.5316649936973035 0.5370897762203808 0
0.5051732626033106 0.5161273752636669 0
0.47689775148015323 0.6092308523502309 0
0.5032932711428029 0.5890567409954452 0
0.4962625248691821 0.5674841966416809 0
0.5561877741740161 0.6304523570857822 0
0.5685558979678702 0.6067747599598369 0
0.5427970643855733 0.6083885682861176 0
0.5127706592578462 0.6417072256639497 0
0.532788631602851 0.6295581400894387 0
0.5177680843098289 0.6095061574401516 0
0.5351624017185341 0.6560356729957113 0
0.5857329865524247 0.6761651672847886 0
0.59961845206733 0.6359066866191915 0
0.5888984185812638 0.6162106295875276 0
0.622288967437755 0.6108023942529133 0
0.5579131174543093 0.672467943498385 0
0.5644822556440812 0.7295525934540712 0
0.5683854191644596 0.700183124771967 0
0.5402800310329967 0.7113920528581525 0
0.4783103001530934 0.8191851987138741 0
0.5159022923553701 0.769087029331064 0
0.4711130588911452 0.7161647015610222 0
0.5051629580049862 0.7060454396955074 0
0.5352718426516276 0.7432735793178529 0
0.6247465880602213 0.7226175465042651 0
0.5993908019585709 0.7043036991128663 0
0.5749583686815939 0.6507247728519145 0
0.5957600302605676 0.7360402045937131 0
0.75 1.0 1
0.6688099769306562 0.8557834290038058 0
0.6391470417758351 0.7917255964461423 0
0.6239207341590601 0.7588440134640098 0
0.5726945265213683 0.7933139828481964 0
0.6057937271490987 0.7872041704837508 0
0.5979010256312668 0.7621861672368293 0
0.6011429489311441 0.8547195668240775 0
0.6180643065003009 0.8219673076480419 0
0.5931145782067254 0.811226798557137 0
0.5480194536664478 0.8420383160823876 0
0.5666117380690452 0.8208436912607627 0
0.5363938902192127 0.7997300874563705 0
0.5445478208670235 0.8202408948704263 0
0.5113999034342879 0.8215424485554728 0
0.48883907471820387 0.9048130600897217 0
0.5749349578437657 0.8468970068614182 0
0.5931427587615107 0.8337089630416504 0
0.5507495303847463 0.9038953559631866 0
0.625 1.0 1
0.5786925160463806 0.8821217376443884 0
0.5491135226794318 0.8729787953261228 0
0.5195821672771067 0.8900430688266076 0
0.5676312162825606 0.8654889072292998 0
0.49213243678396734 0.8585828971708955 0
0.5224798727885316 0.8584309899471388 0
0.5267757412372303 0.8370323885270348 0
0.4968719400013168 0.8821529200717128 0
0.4518458087765162 0.8789453312772654 0
0.4739157815735983 0.886768986300582 0
0.375 1.0 1
0.4487217593495775 0.9227987889566709 0
0.4937488790248753 0.8358922890161753 0
0.6020896511807838 0.9409652538672875 0
0.6255087377539317 0.8975801476715293 0
0.6050760555865484 0.8808397747039048 0
0.5932890309796391 0.9103912249452502 0
0.6354745481111435 0.8645763710853029 0
0.6600053803342005 0.8899902185631199 0
0.6548447315123859 0.8704253857838743 0
0.6530232721527283 0.9404456827351733 0
0.647188750392263 0.9139274624826812 0
0.6225808278013022 0.924012987225625 0
0.6456477256886184 0.8355580876543901 0
0.639062614150165 0.8141364131407383 0
0.6875410733630793 0.8109569163831625 0
0.6626770175582255 0.8030198076258613 0
0.6898955161106346 0.7606677630761111 0
0.6625906036338451 0.7730419578840394 0
0.6847501237908372 0.7856265574944915 0
0.7499989232894995 0.7912562499930658 0
0.7181458620581987 0.779501499420198 0
0.6615420345267757 0.7344155610664471 0
0.6701945031306946 0.7535081082265119 0
0.6706980832287353 0.8302456671843964 0
0.7080281088032157 0.8458442999573247 0
0.7234186040479973 0.8142485456827193 0
0.706727119442328 0.7990078365796498 0
0.7043861089934328 0.8245239766338279 0
0.7927911732878572 0.867586652391232 0
0.7635716897972742 0.8338073721603724 0
0.7357998993002456 0.8398258360588475 0
0.7365941370053118 0.9105755386219441 0
0.7289456442713176 0.8752820914218495 0
0.6951011490190597 0.8771803317067035 0
0.7131978102804231 0.8971703081681384 0
0.683322278912419 0.9178745016276271 0
0.6643654432533842 0.9240492215577567 0
0.6829953293296528 0.9490575293404824 0
0.6875 1.0 1
0.65625 1.0 1
0.6607864103896994 0.9698896388569602 0
0.6277823165620978 0.9628460510297483 0
0.6408866561822338 0.9822884599863816 0
0.6859541290402514 0.9744662944109369 0
0.71875 0.9852944029119093 0
0.71875 1.0 1
0.7126368309699306 0.9337750883767745 0
0.7087994225375148 0.9603527717489244 0
0.7506211096776353 0.9581235487008184 0
0.7292036094708167 0.9497329492645061 0
0.7408341596816961 0.9789212208756366 0
0.7036715211745131 0.9153310036038588 0
0.640625 1.0 1
0.6322686568709152 0.9424802406586064 0
0.6818660646398772 0.8954012288268322 0
0.7114260237217718 0.8655804076424992 0
0.6899121328166696 0.8567053463470798 0
0.6891803710530534 0.8370306159217242 0
0.7626779607606148 0.8864473949520089 0
0.7547065325697234 0.8599844567063452 0
0.7759816703898665 0.8525998321181795 0
0.8419203956014055 0.795562042101912 0
0.8052366402123612 0.8197869010859619 0
0.742517858364745 0.8908163191836743 0
0.7743876163308073 0.9252692452472194 0
0.7914661801076471 0.8989410270235625 0
0.875 1.0 1
0.8364411968448585 0.9468187409181676 0
0.8125 1.0 1
0.8533714902416333 0.8858518776202586 0
0.8207435280232325 0.8844730643627622 0
0.8191140317379221 0.9180323984565364 0
0.8514774580892966 0.9181600857328602 0
1.0 0.875 1
0.9286134316480875 0.9064724731211532 0
0.8888064010719426 0.9041388309848422 0
0.8670291091851837 0.9028621618832764 0
0.8363854597955999 0.9010657126030643 0
0.7966462639276174 0.9210046013494083 0
0.7931164826728878 0.9628015573052748 0
0.8387140120848204 0.8459633151584915 0
0.8169119904826478 0.859237269662015 0
0.8377666072810003 0.868948753821223 0
0.8185053903975926 0.8373128561341605 0
0.8376190583268657 0.8205910304002271 0
0.9147918290905274 0.8299703695374423 0
0.8775081558372274 0.8145620445288972 0
0.8597955798322173 0.8323437604390741 0
0.7590717798295035 0.908712000503072 0
0.7497314468020294 0.9325429758536257 0
0.7476803045592743 0.8154360838594028 0
0.730366684094505 0.7954206158351782 0
0.6391198864802384 0.7410678612103969 0
0.7438936991478087 0.7587650665660817 0
0.7972643729123022 0.7655556919590826 0
0.7753517049581731 0.7246497610784239 0
0.7531201333670606 0.7357113413679609 0
0.7713161826410251 0.75636680223342 0
0.7763453420531997 0.7833966783616686 0
0.7731969723098517 0.809422623284692 0
0.8022032716540597 0.7925312351425938 0
0.8235393198573804 0.7746849621773384 0
0.8265920930356807 0.7235231882379994 0
0.8178534991650346 0.7486737298296668 0
0.8668258653530309 0.7515958631816825 0
0.8427516115143375 0.7432312271253023 0
0.8681676056187355 0.7089078358176487 0
0.8492195711761709 0.7214488705320233 0
0.8356260153364842 0.6976168861644751 0
0.8004395875152104 0.6998751268228519 0
0.8491819945113755 0.7706383359462161 0
0.8679546451935762 0.7896275035446038 0
0.9104604133815528 0.7876391429417792 0
0.8895360487423313 0.7956561800477961 0
0.8906340520332944 0.7672072736119301 0
0.9419559963609134 0.7372416126565575 0
0.9199914305553423 0.7585552483052844 0
1.0 0.8125 1
0.9587581970187989 0.787363058786108 0
0.9345631922731282 0.7794341686345958 0
0.9304911941320281 0.8069767662755403 0
0.9539711371133229 0.7610908017958371 0
1.0 0.78125 1
0.9773191140737147 0.7704088269148919 0
0.9613889862776701 0.8449292191715491 0
0.9403096352382999 0.8305368499967146 0
0.9267280244711759 0.8673134855116246 0
0.9657658305413256 0.81588600210608 0
0.9055789057520828 0.7217280513784459 0
0.8902213905797466 0.7418765563678323 0
0.9205123526469753 0.7371175739560489 0
0.8010744408906879 0.7287504308994924 0
0.9812420577914351 0.7968749999999986 0
0.718125793658929 0.753123187254535 0
0.6964518079486195 0.7286117979912168 0
0.6717841809016022 0.6881288742533945 0
0.6301722137001331 0.6719792234572705 0
0.608735538927122 0.6823841070084176 0
0.6293145619622535 0.6974971555744108 0
0.6489102645899316 0.6853823837666284 0
0.6511704957099024 0.7109437769586484 0
0.6629797583141922 0.6648307767049398 0
0.6101324413481266 0.6579771668075611 0
0.6342871233752261 0.644748446161652 0
0.6445031479886778 0.6233559875712579 0
0.6764356597726227 0.713051444811123 0
0.6193481805254519 0.6309351954056182 0
0.6388792542091912 0.6073764138769421 0
0.6348965295415254 0.5681366585618517 0
0.609999915325054 0.5753389196883527 0
0.6273619332707799 0.5887233941932293 0
0.6167585251975347 0.552069771734574 0
0.6640753692268254 0.5661295274717691 0
0.6504963918580828 0.581822486800335 0
0.6878552037618902 0.5793445254612729 0
0.6758987670243229 0.5972003065444111 0
0.6972491391219408 0.5961513359096409 0
0.7134168614556385 0.6930639298116883 0
0.6918074132815855 0.697287148941494 0
0.6984070548536216 0.6736588929790599 0
0.7130497126857532 0.7147108900144822 0
0.6415242950651178 0.7706585978844288 0
0.622510846242208 0.8450119134085319 0
0.5726281369420515 0.9031560731473276 0
0.5629576161001272 0.9410745269238302 0
0.5625 1.0 1
0.5930007748220307 0.9776622088477743 0
0.59375 1.0 1
0.6066966943777553 0.9615803140419321 0
0.5824930079386504 0.9300524472272279 0
0.5102726649466147 0.7950247590078944 0
0.4679516382450642 0.7722594328973357 0
0.4923827280897627 0.7775620532395594 0
0.4931803822744072 0.7429028604088622 0
0.4757769291004812 0.7951382314851054 0
0.41109353128794424 0.8044843997152087 0
0.4449852968885029 0.8105390896091708 0
0.43339132614718684 0.7775538521534318 0
0.400022150918902 0.7726213122644201 0
0.4152122027616513 0.7851982811921367 0
0.4234916629578481 0.729186821721141 0
0.40178864179764884 0.745517787199895 0
0.4251935428860368 0.7540351209289045 0
0.45196291611893 0.739719233936995 0
0.4728913191822658 0.7371723748353755 0
0.3792224714095639 0.6929419088766892 0
0.38408219904979446 0.7219868268210664 0
0.4079002081247137 0.7030726352349462 0
0.41319518286019014 0.6424284159089303 0
0.4027248511785508 0.672067496530391 0
0.32221838425627636 0.7174087173170606 0
0.3525909698651241 0.7272558655281709 0
0.3463035383044732 0.694884606148331 0
0.25332010853061016 0.6195961695660207 0
0.29457403230931434 0.6637092136661633 0
0.3160154271370715 0.6866366132676918 0
0.3456922429773526 0.637393704014663 0
0.32386694547515466 0.6578044278259509 0
0.35205777751431605 0.6660747208772814 0
0.37906157835232696 0.6450345322095733 0
0.30247989845193746 0.6130608263153459 0
0.3049117378815427 0.6393816392195902 0
0.32461469490520095 0.6242884904368764 0
0.33790082155566276 0.5706628626687326 0
0.3250770252572211 0.5959443564640249 0
0.35906712626768467 0.597292389605773 0
0.3450632771781785 0.6149028251587585 0
0.37033955489632003 0.6206294049223395 0
0.27742954418857874 0.5558825057058467 0
0.2964502450031668 0.5816259166488027 0
0.2795121921821858 0.6284556126642455 0
0.2542108194698269 0.6601097672721261 0
0.2611173317397596 0.6396913340693718 0
0.22953434660694058 0.6403857011940834 0
0.27448857625083944 0.6001605474412508 0
0.1488691117131436 0.7666029333705858 0
0.19589372944821123 0.7077711641585176 0
0.21994081305798907 0.6776862311746013 0
0.23312402240800023 0.6611929226202636 0
0.18177214813380388 0.561738242516955 0
0.21250532034186703 0.5969007430666717 0
0.24403810437108894 0.588240881939141 0
0.2193104812603544 0.5599406628239836 0
0.2248371751031239 0.5800647780693938 0
0.23268816973157613 0.6086522709157308 0
0.23717094378639156 0.6251212271760125 0
0.2684314200647884 0.7122397077616291 0
0.2961094526974815 0.7066604451512761 0
0.2775076261655341 0.6858223633020057 0
0.24751829514420906 0.6902867580388814 0
0.223898539204767 0.7055026296154656 0
0.21513934331475656 0.7713637359294031 0
0.21239505038248038 0.7374857411155067 0
0.291460176361862 0.7550392413400955 0
0.3011277319918699 0.7315555088488179 0
0.32915002925340875 0.7568232459799366 0
0.3516550364961592 0.7505895079649016 0
0.3550462566938682 0.8065730694472123 0
0.3640254822122179 0.7779346574951476 0
0.33599753031710344 0.7848737037129224 0
0.2657750492056606 0.8657289266073208 0
0.3063865295154356 0.830078254341178 0
0.3274581660711951 0.8115805782350527 0
0.30130686457002814 0.7885002124384164 0
0.35028338222389405 0.8588326545658442 0
0.34542073294099757 0.8320426448491214 0
0.32497109567254273 0.849590768508096 0
0.3128978604857083 0.9219421628721789 0
0.3256942854863942 0.8868944708289878 0
0.38670118204202253 0.8383861529296883 0
0.36750240466065753 0.8258341654693375 0
0.3829454317306265 0.8021889195919704 0
0.3957294176772997 0.8191559406878419 0
0.4256187520055065 0.8449228431973561 0
0.4254215006554305 0.8221657913566751 0
0.4553755894080441 0.8390373409613138 0
0.44368818330262194 0.8581137097649398 0
0.46788801628358734 0.8606501652243387 0
0.4120145001155744 0.8825301335474244 0
0.30974147120984696 0.767838831527951 0
0.25757516539055597 0.783190010274827 0
0.2805856429913029 0.7764186288409234 0
0.243394667610533 0.752024760039081 0
0.2672609882625734 0.7561857645714969 0
0.2588378458094971 0.7339728131821394 0
0.24523986043219992 0.7149863156908307 0
0.23342553274889669 0.7329629301849334 0
0.2237386418522025 0.7536169998650074 0
0.23739172494613345 0.7735649170993029 0
0.22065612800965265 0.8291714469604724 0
0.23557882826130644 0.8033409754136751 0
0.20291668024345869 0.8016972840546862 0
0.25561773040446295 0.8321435720008904 0
0.2598907798193005 0.807798516804636 0
0.28071288241841824 0.8240007476910459 0
0.29757005260679065 0.8100560624480421 0
0.2880733961083382 0.8501734694010437 0
0.2937171087049004 0.8820233672517777 0
0.3073307579859756 0.9000496053297385 0
0.2558099875253864 0.924805039315213 0
0.28406538487416655 0.9176199174807089 0
0.2634541219093249 0.8957159468870687 0
0.21911046355452052 0.8772005210027409 0
0.23414079789951456 0.9035618106581444 0
0.125 1.0 1
0.15925738436068737 0.9287923088495511 0
0.20854723658371788 0.9513420243510813 0
0.1875 1.0 1
0.22830982413818102 0.9311831650680262 0
0.19448890597660543 0.9096172919842601 0
0.20591739191947056 0.9289973933217185 0
0.1825250506821706 0.9430776228306311 0
0.18788933771557484 0.9712873813719527 0
0.15624999999999975 0.9852173068824399 0
0.15625 1.0 1
0.15794888282744363 0.9570152112921341 0
0.0 0.875 1
0.09093299573514092 0.9397663620189123 0
0.12623941570563385 0.9414032774551856 0
0.21875 1.0 1
0.21234361159156506 0.9759446502470424 0
0.24998799277181105 0.9621771356795559 0
0.23028134081849988 0.9528824091615877 0
0.3125 1.0 1
0.2925406453141558 0.9594116186127608 0
0.29590420495309044 0.9369742643040504 0
0.3250628337691807 0.952816193928712 0
0.21302392137621914 0.8981364100494619 0
0.24433268919625348 0.879152664010619 0
0.2336215734130133 0.8536281071712021 0
0.23769966950723903 0.8358010682342405 0
0.36255121592680445 0.9202114022227432 0
0.3380311396094095 0.9298727928187328 0
0.36392578159765826 0.9596459698242636 0
0.34252184019382087 0.9053239473885861 0
0.37215215086321424 0.8863770873122038 0
0.3488760847782888 0.882403489252572 0
0.3946490939843429 0.9110402465320608 0
0.3926452243236544 0.890276037457878 0
0.39333536198739255 0.8639115909498597 0
0.372477607972535 0.855707772027017 0
0.38532412108090025 0.9391588503157718 0
0.41789404887906273 0.9343544935258022 0
0.4375 1.0 1
0.40625 1.0 1
0.3943996307267337 0.9700566217335793 0
0.403645086938947 0.9505592348234576 0
0.4246735244235622 0.9724714417459593 0
0.46875 0.9686871592969566 0
0.4474032577254741 0.978633320149042 0
0.46875 1.0 1
0.4473786415377739 0.9506999054112658 0
0.42718328026467517 0.952363684454925 0
0.37452231885773 0.9784345433842018 0
0.3418613752801111 0.9844724874594555 0
0.34375 1.0 1
0.34322308226645176 0.963464637971661 0
0.3188148092455332 0.9764169877833617 0
0.42531977808670085 0.9072663321286938 0
0.4465939002285606 0.900609198758054 0
0.11251104277289817 0.8559305106499858 0
0.11046328655906443 0.9000983028771982 0
0.13486033545987486 0.9144453058633776 0
0.13911378146622896 0.8792952626399478 0
0.11647386807348555 0.878245605842703 0
0.06508062923963118 0.875862855452333 0
0.0905082275239248 0.882856713096654 0
0.06896143232002752 0.9114739460042928 0
0.09248090544578624 0.9158866340577694 0
0.11392370380085279 0.9226073896711651 0
0.0 0.9375 1
0.045116673411308136 0.9526691494575118 0
0.0625 1.0 1
0.06540464103400746 0.9369137481882979 0
0.07399815160336064 0.9689194080434028 0
0.03125 1.0 1
0.04687500000000048 0.9788809996275761 0
0.0 0.96875 1
0.022680101306841623 0.9773198986931577 0
0.02008988809461055 0.9524263304500632 0
0.0329373026754101 0.9181208841975242 0
0.047444421603618434 0.8958018081588967 0
0.020018057249356805 0.893849276523065 0
0.0 0.90625 1
0.0 0.8125 1
0.03274115674914195 0.8602829667422879 0
0.0 0.84375 1
0.0 0.859375 1
0.02843481614801137 0.8281249999999992 0
0.03568234596292731 0.7812500000000002 0
0.023528136211065812 0.8033685740619882 0
0.05999076546665585 0.8090062059054043 0
0.0 0.78125 1
0.017841172981463656 0.7656250000000004 0
0.08378645532205205 0.7083247023761513 0
0.0 0.625 1
0.0 0.6875 1
0.039038427141408864 0.7234228932878789 0
0.0229662343680566 0.7417746866613714 0
0.0 0.71875 1
0.02166919577052468 0.7031250000000006 0
0.0537734598002993 0.6932333796280308 0
0.06132308408901022 0.7156089610734933 0
0.062194373567802184 0.7537777236012108 0
0.06341514569167876 0.7814846351918199 0
0.10470388829911972 0.7657850953200918 0
0.08146408257317302 0.7668090458568299 0
0.09273431779533255 0.799106507702191 0
0.09183423918876774 0.7379325559427792 0
0.12730035667608733 0.7384445172197258 0
0.10987125081783077 0.7171322004289826 0
0.15161230818951446 0.7007794490136916 0
0.11321142339095888 0.6642088838754893 0
0.10442825902261983 0.6902216113242661 0
0.1270933541755209 0.699643071957525 0
0.07761148580802502 0.6666777860563823 0
0.07503404045339644 0.6883411808509478 0
0.08906135674005301 0.5738791210448398 0
0.09235639354463887 0.6213913738528157 0
0.09413332489701483 0.6470135494591667 0
0.16202955987996603 0.7341824920082626 0
0.17243688988889425 0.7126108949748611 0
0.18739021118286436 0.7331215371398275 0
0.1428870836845367 0.7218264556255742 0
0.14591796259226641 0.7465236369537855 0
0.12688072268894432 0.7611057626620121 0
0.1294086097974656 0.7977191251275488 0
0.11062928242174486 0.7867241235132619 0
0.11204842718072766 0.8242380221563038 0
0.1583945206224666 0.8356360348767845 0
0.1372276778291902 0.8217794911482639 0
0.13592861875331444 0.8468590856715947 0
0.16652196154310672 0.8001256079704077 0
0.1486657724096783 0.7881192931635127 0
0.1837758143516734 0.8227598761804175 0
0.18653647890452962 0.8596553522441722 0
0.19171953973979086 0.8844442285889437 0
0.16590250705014145 0.8769059682251488 0
0.15528998512285577 0.8575187317098638 0
0.1584106161437514 0.9023151693628692 0
0.20990482334295746 0.8552808499115426 0
0.2004507336705763 0.8361195716318237 0
0.22107739164770293 0.844613196881828 0
0.1857454826736855 0.7771489992130255 0
0.19636743590527453 0.7555013502218069 0
0.17157871555826304 0.7569401209725094 0
0.12906690939636742 0.8639073672938463 0
0.08313861450334366 0.8264684235278781 0
0.05619487106393057 0.8407749118825375 0
0.0801558609181662 0.8533760687095948 0
0.07093533979323416 0.7344838651613806 0
0.0 0.921875 1
0.09375 1.0 1
0.10937499999999968 0.9703580368131532 0
0.13534278405602365 0.9698056468510696 0
0.10813814400287237 0.9502490056935932 0
0.09127513620495957 0.9797562986533584 0
0.31213696710260075 0.8684984391237468 0
0.21983326091876965 0.7908843995894658 0
0.33303049915135324 0.735824024274775 0
0.3105977961048078 0.5512744037229219 0
0.28874497139240435 0.5156553514062251 0
0.2918831122386408 0.538243099360218 0
0.3778329795304943 0.4855115621120254 0
0.35016421578179524 0.5244749971604654 0
0.3353935571641064 0.5452751891350727 0
0.31968304676533704 0.5184742462600826 0
0.34133643671945685 0.4889003972655651 0
0.33742813738370553 0.5087528348350627 0
0.36104132846629816 0.502893259900987 0
0.3995017264059062 0.5358090328752957 0
0.38715001586790626 0.5113139843103532 0
0.3694024971502184 0.5537810852157391 0
0.4468612612307656 0.4965661082683427 0
0.41292616749056416 0.48742307146211616 0
0.4233278722864027 0.5163642244839691 0
0.4561308192698624 0.5314702884235241 0
0.4601968734522102 0.5673064435143168 0
0.4432835863596673 0.5161991926464518 0
0.4781456677498471 0.5844450767642523 0
0.4685272178268461 0.5482125135432068 0
0.42927403244927514 0.5526662719938717 0
0.42968897361698083 0.5917673985323479 0
0.45506593097439285 0.595707359165572 0
0.43791775444358694 0.6224619202226279 0
0.4551503367647591 0.6690883794908065 0
0.4386695194606581 0.648681784765571 0
0.42909091946114675 0.6732761076805038 0
0.46968646652426355 0.6404902458786851 0
0.4385867139052451 0.7024628069698541 0
0.4507108102686747 0.7191393311019776 0
0.46167078680397333 0.6931219088066468 0
0.49158189082215015 0.6721055506690173 0
0.5143329286747184 0.6666761940834717 0
0.49100205927706897 0.6491175422280412 0
0.48494247294985937 0.6944494984074503 0
0.45937790987805144 0.6216506578308677 0
0.41530138417525164 0.6859027329887365 0
0.4389928177145859 0.5721159011885778 0
0.48003665627277803 0.5218318020371514 0
0.4842014882783863 0.4819496196915374 0
0.44485946077751415 0.4364480555669096 0
0.3492759742677372 0.376184602282672 0
0.35456959452097575 0.4331949994971464 0
0.39761738315293765 0.44538361798321147 0
0.39629437987278476 0.46967248833583586 0
0.4249656396119596 0.45947538545276584 0
0.3713246421259762 0.4561319316729776 0
0.34234240765124135 0.45971486415720053 0
0.3584401806377254 0.4748798279156156 0
0.27363674615162376 0.41195894086850826 0
0.3122213773364981 0.4297486808179687 0
0.3327649018665237 0.43922043026358165 0
0.3000790806803539 0.47286822957043273 0
0.31374969725631213 0.45344843579614347 0
0.28103587827314913 0.44494108478753064 0
0.3231536577337786 0.47459001004024504 0
0.3099823390406784 0.49562770423176294 0
0.43323219399221263 0.47960356250228675 0
0.26833454733487955 0.47405822186126717 0
0.22858001983834136 0.43938787817470565 0
0.23618973166820686 0.4707895598416084 0
0.25399410883199686 0.4498520556237632 0
0.24990331819238235 0.4236938842343378 0
0.0 0.25 1
0.18150114231927367 0.25548596869080015 0
0.18173258464496284 0.35340376908652216 0
0.21102248017584843 0.3931997052603785 0
0.24682014572855698 0.38759089782899775 0
0.22622309393355153 0.4138526520852341 0
0.18148696243558707 0.43085822631695125 0
0.20621942445108588 0.42857539630756264 0
0.19726481307741583 0.4666787194106123 0
0.21779496103554324 0.45862435916278194 0
0.2134895385868027 0.4993917450852713 0
0.2318948047383684 0.4906900047864975 0
0.15414737505665982 0.5084437488354522 0
0.1823734071309042 0.4944444438742327 0
0.14924627538118762 0.46310697594394973 0
0.16004172170608033 0.484873243274101 0
0.1732658571964598 0.46475420009330254 0
0.1814740103236195 0.5280859933084012 0
0.19977091113607215 0.5447513395102923 0
0.22804108144094332 0.5285470756119263 0
0.20432520562256312 0.5213744086349769 0
0.24788578554888924 0.5509767049909903 0
0.2657604159915765 0.5303604878197545 0
0.25973493244911583 0.5710309116778933 0
0.24732350691288657 0.5206603271533684 0
0.22315515318445306 0.3535933500755539 0
0.22672020170233684 0.37634692400079856 0
0.20206313979600532 0.36911711777848694 0
0.16807140178625618 0.39208806505588906 0
0.1896818554103631 0.38743111918779 0
0.1920672814438277 0.4103680203338589 0
0.2736426118500704 0.4972596653544098 0
0.29082159110408423 0.4254247589069812 0
0.30947031390526 0.38824668099082765 0
0.3356248004701978 0.4071038868555811 0
0.3306517157125219 0.3864350128683591 0
0.3157881835021632 0.33738437000095034 0
0.31802061691138794 0.36348521510735293 0
0.27513105241745994 0.3540077120071369 0
0.29427828794362715 0.36914379893318117 0
0.27083979325379415 0.3791149031610318 0
0.28766291593610643 0.39422338044096183 0
0.2633951772382371 0.3962899875578853 0
0.3145617815144372 0.40875136083808417 0
0.5182253511168472 0.4845953865804914 0
0.5026230714107123 0.4651447547177487 0
0.4875784163763304 0.42294359332680687 0
0.47351760152056066 0.45173853410282483 0
0.45857888013214726 0.47319462042214705 0
0.5012140118599914 0.4418648025391985 0
0.5270504756384959 0.40887185938577364 0
0.4455281482555359 0.45713277118891177 0
0.5461352848054183 0.4318519999872048 0
0.5724710546669213 0.43544361066286935 0
0.5890662721850038 0.3940196213039247 0
0.5582759686444165 0.4023543112010575 0
0.5872301661244058 0.4173202136639624 0
0.5428851110160444 0.28445621131289933 0
0.5302332968051787 0.34606146624099077 0
0.53687543857125 0.3778838855592156 0
0.5729250550732681 0.3537550201516781 0
0.5500245453570924 0.35853493429111183 0
0.5660779426089972 0.3781985756835263 0
0.5724258655019466 0.3935867019088134 0
0.4861366188596089 0.3718699563927653 0
0.5101335116322239 0.3864566876989505 0
0.5092775781136116 0.36083257467751456 0
0.48543728272404885 0.30475997711798647 0
0.4843420027090227 0.3383300241942132 0
0.48704889923042516 0.39740137219903654 0
0.5051381064661614 0.409802963168833 0
0.437687680187538 0.3863831249073074 0
0.46380633796303555 0.3854498613945641 0
0.4495059107852866 0.3511826574661051 0
0.45160525143578306 0.4099355812178971 0
0.46555630301704826 0.42759969514106516 0
0.4162566905772258 0.41493538331339563 0
0.41897078955365347 0.4375261285747666 0
0.39409353506439077 0.37598092557520096 0
0.4206847651898015 0.36109038943341953 0
0.37638692943502455 0.31317249415195286 0
0.392782040523748 0.3424505649843827 0
0.4277944722596381 0.3036148348591244 0
0.42703824431096365 0.3326988012046247 0
0.45665325591804995 0.31959787083342145 0
0.464414742800808 0.3379553059105351 0
0.4037097121186877 0.3171017999093875 0
0.3958473794911657 0.2748128681880024 0
0.39261504949135306 0.297289166953919 0
0.36105961007301623 0.2812805892535721 0
0.3403314379159409 0.31087171828413296 0
0.35900528609666044 0.301897025938362 0
0.2749266697467673 0.2430011307317494 0
0.25 0.0 1
0.29266203943074964 0.2913596694268201 0
0.31284314596853713 0.31004169480092814 0
0.3253782829563354 0.27625946354053244 0
0.28270990766588594 0.3223516302241448 0
0.29384760750345795 0.34175340898639867 0
0.2320570881316526 0.2889921141421592 0
0.262029810722075 0.2986169483539183 0
0.2717999498261592 0.27157931717529904 0
0.24026683591001616 0.2536691612812728 0
0.29978914515191313 0.26018145660816 0
0.3539734119856335 0.20234620784222968 0
0.31141635103876614 0.21677516350274492 0
0.2978535533285823 0.23640254001004493 0
0.3296516404344006 0.24387574091334077 0
0.27714978491116915 0.20759620831222883 0
0.25000313175675576 0.22366389639390802 0
0.2021403474547856 0.11183261835291824 0
0.2333836855754301 0.1646188100586362 0
0.2495489146639885 0.19193026052978976 0
0.29278721284776316 0.14789847335055506 0
0.2653099646361544 0.16416183558146147 0
0.2712298747736617 0.1858790219468449 0
0.2539351628765972 0.11360056173179275 0
0.24901585677507226 0.1412673962352869 0
0.2729218060625244 0.13124724124594045 0
0.375 0.0 1
0.3194679458791124 0.062129200876116196 0
0.29075360353362323 0.09302390670421672 0
0.29910168782586044 0.12018949843213865 0
0.2756665063026669 0.1092566110838656 0
0.25807441511973384 0.0777785421565414 0
0.32605378175963834 0.0970415287155669 0
0.3437794394434274 0.14494488867395142 0
0.3178556015591998 0.13903722062999885 0
0.31758101213914985 0.17815013759497347 0
0.29587479718673104 0.1908264876080748 0
0.2872625713776916 0.1698708754140447 0
0.3270191423215072 0.15865897495888423 0
0.3527149977180239 0.17296385142303747 0
0.46699341958435253 0.12108488828156252 0
0.4067939113039117 0.14028317978004 0
0.39736782335923604 0.1857695460842368 0
0.3729047081417826 0.18681727461834804 0
0.3867060786214383 0.22294652409313268 0
0.38397910335118846 0.1592751549747526 0
0.37390795768227736 0.12397727051116891 0
0.3370369477199151 0.18835345166344686 0
0.33566580120237505 0.12071598605021013 0
0.2276798168891436 0.12320298185090092 0
0.22716983380947972 0.08998063717174527 0
0.24686823007092987 0.0946338179994445 0
0.125 0.0 1
0.1709388080474487 0.05083354334223203 0
0.1875 0.0 1
0.19416231326516944 0.07743398758277159 0
0.2139406219671315 0.03672868733506713 0
0.19542788562620253 0.05289122301004017 0
0.22081776099316605 0.06328944199254284 0
0.1889767505495873 0.026818417703730404 0
0.15624999999999997 0.015170642031455257 0
0.15625 0.0 1
0.11946179617471969 0.051179396874135516 0
0.14153854422018447 0.10776344022274613 0
0.17245756660834807 0.10059242753417255 0
0.1692002731021361 0.07578922767466673 0
0.14527136713428765 0.06158382354172707 0
0.12166967746682973 0.08291671074734203 0
0.1475463385052104 0.08500839102116836 0
0.15062312267347797 0.03834469395820028 0
0.12737504315037323 0.026146354544912143 0
0.0625 0.018858328377233235 0
0.0625 0.0 1
0.0 0.125 1
0.03125 0.0 1
0.09375 0.0 1
0.09712690305317248 0.03035180981676196 0
0.08246407678049436 0.016619417040197426 0
0.06180662323109271 0.07885501076730354 0
0.08895042437965703 0.06150946106976877 0
0.07436182826544478 0.041029407635252195 0
0.0 0.0625 1
0.03590500125621187 0.04734567277307394 0
0.038575994008689524 0.023181387187424178 0
0.09082438987893231 0.09435324949717103 0
0.1020217373657963 0.07723900774048535 0
0.05260599228423695 0.13099608746588662 0
0.06572709444563836 0.10642909715696489 0
0.0 0.09375 1
0.032063484459288444 0.10423698906024703 0
0.09674961441396437 0.13878551571687858 0
0.08652597328987187 0.11753767052008827 0
0.11480739519973603 0.11701327727871239 0
0.14471493678057096 0.16019306970730032 0
0.13579741975565168 0.13442229395814811 0
0.1183178267369183 0.15489905685310995 0
0.11793239349029754 0.225278810258721 0
0.12498228842974173 0.19012648674945692 0
0.08287496501932085 0.17984839406464143 0
0.09652053963139248 0.1615835913118737 0
0.07202276013166684 0.14993724925762408 0
0.0 0.1875 1
0.03557348800426804 0.16787901106776087 0
0.05062098751694774 0.152453674019562 0
0.025018815950429697 0.13926465277423775 0
0.0 0.15625 1
0.17161402824548536 0.1364568574819168 0
0.1602612404218388 0.11824770263882133 0
0.18806106196298145 0.18220529873301672 0
0.17075711909484345 0.16259558436519808 0
0.15724867025166137 0.19195517035437606 0
0.2024429649019754 0.15207496211033242 0
0.20850386890636102 0.13190707516034425 0
0.21125215403029907 0.1747773656762873 0
0.21122270572353843 0.21460237887073413 0
0.23320630912895782 0.20803424786122926 0
0.18055569671361474 0.21204912612915833 0
0.19421116178526526 0.23348061205709544 0
0.2109849182672769 0.25784217719911556 0
0.22756059336775847 0.26933151075682693 0
0.22285134693381786 0.23628688093684266 0
0.15028582942323304 0.2235953010062505 0
0.17086820642204298 0.2346712649093539 0
0.14282627793062555 0.26211934410062354 0
0.13495067653497914 0.24061013089264907 0
0.0955526744825938 0.2672321476766828 0
0.11855505630880689 0.2588098223846281 0
0.1240227904802892 0.3093651572682594 0
0.1275620590456891 0.2834090285277293 0
0.17171954744806667 0.30264952221645997 0
0.15293003329519772 0.28548039746588455 0
0.17612133300952554 0.27896632569870217 0
0.20193208994224435 0.2960142007018895 0
0.1974188924705659 0.2747843662044177 0
0.19244666658466922 0.32492521143360065 0
0.14033459607407164 0.2048191976320876 0
0.14175741217995316 0.17971418350539145 0
0.22950439087721192 0.18535460610355156 0
0.0 0.171875 1
0.09946081525405677 0.20329118491423684 0
0.04770048610223828 0.2223231182220801 0
0.07101458052794013 0.20582832112287464 0
0.05675510675230725 0.18362134935394575 0
0.07701617865720392 0.23903482177358001 0
0.09526061900377317 0.22557243090522588 0
0.04169788033857108 0.26692156239533593 0
0.0 0.375 1
0.0 0.3125 1
0.06863879198407428 0.26473345817511357 0
0.053542753697996645 0.24581261651910602 0
0.026164840228140744 0.24015071552543346 0
0.01976850340721983 0.2105027001431297 0
0.0 0.21875 1
0.040576017490470156 0.2002461971944226 0
0.06001854859001394 0.32554548134695693 0
0.07919320145481468 0.29724655105715814 0
0.10427158682867724 0.2934526019358255 0
0.04837404411721633 0.29700985449480494 0
0.029502458151674193 0.3213544575734399 0
0.039495581937203726 0.3617854281218672 0
0.042545064078074894 0.339581241787024 0
0.09480532591161582 0.3284705387453436 0
0.07823314557569624 0.3172416406244598 0
0.0748179375348248 0.3578576236442347 0
0.12346941548035129 0.36945686050237303 0
0.10134806929206583 0.3544112056099615 0
0.12770281317328808 0.33944744560427986 0
0.1516930602069496 0.358135033403839 0
0.16277674391256944 0.33077863371184546 0
0.14854129387215795 0.3107667980255212 0
0.1450002176335925 0.3822903690991784 0
0.10500561142394717 0.4249115086914858 0
0.1425669154131002 0.4200825558946449 0
0.12032455636889011 0.3992108851778139 0
0.09181565222993744 0.3848679182010277 0
0.16906180975670737 0.37068348289317044 0
0.0600670994190497 0.3859939216271533 0
0.07688299810518036 0.41198070121373187 0
0.0 0.4375 1
0.03671505499227773 0.4195390244838635 0
0.06707337982725792 0.47036187221834813 0
0.07988441468400367 0.442499746816719 0
0.05931219186555938 0.4291158252589656 0
0.10867909216540429 0.47261589652912855 0
0.13160645333711685 0.49028461208214974 0
0.08935305841400219 0.5214037471821191 0
0.12345911305005094 0.5234674812688975 0
0.10601531735954475 0.49978238893258087 0
0.08718639250209886 0.4842223007091727 0
0.10318489195884448 0.44904534563893833 0
0.1262068946646516 0.4561046231815768 0
0.10487562852922878 0.547728532199371 0
0.1377272503198018 0.5854522227110507 0
0.13689733805799845 0.5530087114930033 0
0.11525061270449606 0.5718597312281348 0
0.10399457155430163 0.5967138670455695 0
0.13222030743378116 0.6251085265586009 0
0.11138437546233271 0.6329444625062817 0
0.12514501751430782 0.6039154862763036 0
0.15712679350007658 0.568723607784941 0
0.16069678155236988 0.543250112874721 0
0.17277317986039942 0.6064808977385288 0
0.17465088809849502 0.583582259488382 0
0.14480765906097962 0.528220547336256 0
0.030475723720893914 0.390294902099691 0
0.0 0.40625 1
0.0 0.421875 1
0.022619424389206257 0.1864513114944099 0
0.18254305517643377 0.11877177525246907 0
0.022857191101837288 0.07812499999999999 0
0.042191389416654825 0.08598727364916273 0
0.0 0.109375 1
0.2384073978505014 0.07320483576460297 0
0.25682025161676736 0.03860035523607478 0
0.23504121706645817 0.045435994093905134 0
0.2333191811215533 0.01968863325564809 0
0.21875 0.0 1
0.20732136889095718 0.09250650665990157 0
0.36633400046851017 0.14522394716421738 0
0.418956340103254 0.07443849960536561 0
0.36889049823652814 0.07088350444161068 0
0.35636395282110844 0.09852386344776859 0
0.34256630139374616 0.07561212051031865 0
0.40349178225970644 0.10562760556910818 0
0.38127270611498254 0.0931537717059548 0
0.3940060940386385 0.07149667219618847 0
0.3822992623631716 0.03633417229338901 0
0.3474139485919088 0.04078032845003468 0
0.3125 0.0 1
0.31771584705421313 0.030870366407518727 0
0.2854541150052817 0.020445481033819803 0
0.28125 0.0 1
0.2867333114242485 0.05412112778425227 0
0.3057687835985296 0.047218535999982866 0
0.265777670521341 0.0579227797755124 0
0.2995960141310936 0.07245099201939202 0
0.2635227238856788 0.017513394492219683 0
0.3663159659881916 0.05000764651746421 0
0.36266708094898736 0.021377860467856856 0
0.34375 0.0 1
0.33747233258689674 0.021118782935315068 0
0.4375 0.0 1
0.40625 0.0 1
0.42187500000000044 0.03563658726477384 0
0.421875 0.0 1
0.40232003530488986 0.04919861128535606 0
0.39062500000000006 0.015761324479811472 0
0.43356523920089807 0.12024718743920214 0
0.45106200906747773 0.08943345931873786 0
0.446650434239911 0.05701090890904014 0
0.42635941990687387 0.055484629243277975 0
0.511938472098833 0.06463889672244476 0
0.75 0.0 1
0.4783143089225377 0.06921396900985388 0
0.47715942120409965 0.09613277176669792 0
0.5481853873433646 0.1396171767838639 0
0.5091083434801696 0.12369639142797985 0
0.4884907893560937 0.11529637900836363 0
0.48633294405129374 0.15009529966649643 0
0.509145907238475 0.0941016320685881 0
0.5379039651545202 0.10893553734532421 0
0.5298527530375188 0.1286969726021421 0
0.5206661393971936 0.1649676312608275 0
0.5084344544626997 0.14613908075318566 0
0.6597246229537868 0.08517688862036554 0
0.625 0.0 1
0.6003761611836657 0.1050645674694501 0
0.5696579622874582 0.1153582407382947 0
0.6042517436083468 0.16761120377128177 0
0.5939458046614274 0.1368564018540888 0
0.5710655960023967 0.1382367893189769 0
0.5622048734984767 0.18168077202890837 0
0.6466885837888581 0.1362864501322844 0
0.6201988528040129 0.12562022574680598 0
0.6251593336453638 0.1515277336067374 0
0.6624017431625191 0.2215718027967146 0
0.6600050944218628 0.1779231768794159 0
0.6467587242103471 0.15921186439348867 0
0.6829456698709794 0.14763833582116734 0
0.6426683678909674 0.10804377994062574 0
0.6236691237986626 0.07607785940022675 0
0.6756083620096409 0.11481897564063408 0
0.6673424071266816 0.13389683386077808 0
0.7889096211708022 0.10671848332681405 0
0.7328652276965518 0.11924812944302535 0
0.7071930221056353 0.07881760559342012 0
0.6846510750665825 0.09089672823867607 0
0.7046173297756042 0.11211427497340676 0
0.7123028636920523 0.14117537113342912 0
0.7759213032340487 0.18022899003133352 0
0.7481258731663409 0.15416370745801636 0
0.7330019370757368 0.1399811721685057 0
0.7077121766086326 0.1902298988369769 0
0.7021506477715524 0.16496736253974476 0
0.6843615270400639 0.1821270758171996 0
0.6688517313777924 0.19932753804482461 0
0.633889946308303 0.2012472117206164 0
0.6284123640414127 0.17658278546129344 0
0.7281734618135055 0.17248191051059816 0
0.74598975537647 0.21369063182425502 0
0.7305624303458326 0.19590479088300358 0
0.7101693386558975 0.229177330743734 0
0.6876453294568159 0.21683422220096835 0
0.6816480592337641 0.2545009272706022 0
0.7542388489978592 0.19095171845853745 0
0.6189399313148822 0.16507393665962086 0
0.6133942429065123 0.260159841668559 0
0.6322559069922647 0.23370027194182388 0
0.5915191337823235 0.21538147284906775 0
0.6069184134047488 0.23559101728643567 0
0.6145387228353045 0.21381274184225885 0
0.6094219484936613 0.19070602453193122 0
0.58627834575146 0.1837610165597054 0
0.5812837754612598 0.16012612086388112 0
0.5671772040363466 0.24990129760303859 0
0.5907378271738943 0.2529937411875619 0
0.5880206134739591 0.300982938256251 0
0.5955003503764252 0.2773349264425376 0
0.5693518487321497 0.2820712041315565 0
0.6243300113290036 0.299460496510335 0
0.5588013145621661 0.1594470598209484 0
0.6435525969996606 0.27293981891441754 0
0.6335482908300544 0.25457408495640327 0
0.6233878395952847 0.2785508479966992 0
0.6076394266568673 0.3351400366862488 0
0.6413518672760529 0.329166802271749 0
0.6421418162509175 0.30898420220672296 0
0.6223952703800415 0.3202990678775135 0
0.6291408904032574 0.3583707889404403 0
0.6557773043642006 0.3523533309848232 0
0.669430255857043 0.369799505492455 0
0.6004324824449327 0.363376326208181 0
0.6105685900106149 0.384565635738339 0
0.5679061380318784 0.05914928624760916 0
0.5625 0.0 1
0.5587527338881803 0.0875663400151534 0
0.5861284205039139 0.08070158357652311 0
0.540319755312174 0.0659461754609133 0
0.5464120102751383 0.031292111985434794 0
0.5790808295640374 0.02830624085125155 0
0.59375 0.0 1
0.5310209976414393 0.08698618982144177 0
0.44441046694440195 0.1626415758385517 0
0.46206562825953956 0.14532141906459747 0
0.43022410582738874 0.14368630181628483 0
0.4150620933302061 0.1657164476286053 0
0.4334672565074705 0.1997896309507969 0
0.431285000150091 0.17896090075609614 0
0.49079883063749835 0.03512134429264378 0
0.46875 0.0 1
0.45312500000000006 0.026731928763665622 0
0.4686321202792557 0.04587954164319213 0
0.47415235979349124 0.021090142689309362 0
0.4935672032038993 0.05546729842360006 0
0.5188894786004651 0.03733219646548009 0
0.53125 0.0 1
0.5060927677069631 0.020362140836045844 0
0.42808512563956846 0.09676104252291581 0
0.4505585954909731 0.10952201479333708 0
0.3943921962381687 0.12397975992897846 0
0.37360968750465084 0.25199346375075804 0
0.36034032091124646 0.22853485142568408 0
0.3361683740605556 0.21980547660239377 0
0.3455164962209241 0.2624430855234999 0
0.23776683538499555 0.3226928604532981 0
0.2206665536856441 0.3082560148458961 0
0.21523989238229482 0.3312908563932764 0
0.24919729563517237 0.3470027992140377 0
0.2602720138970301 0.3269532464894493 0
0.3416729862091559 0.2897559921989869 0
0.34847369748428775 0.34302555850851735 0
0.35762027582155914 0.3236015417611359 0
0.33396257191913636 0.32959233989350095 0
0.3376948788186495 0.35987557733899816 0
0.3708398573466151 0.3590736408615161 0
0.41363225547001053 0.39064645949045673 0
0.38285298263859446 0.4154161141886705 0
0.3612318526480806 0.3999364495874237 0
0.3819492780003515 0.3938389332700658 0
0.3997067774560515 0.42573339748194017 0
0.5106252802431578 0.3223846697037137 0
0.5132013544332688 0.2918922993217894 0
0.5158906611524937 0.23966299832689755 0
0.48349318586531054 0.2641787271257961 0
0.49271403485329585 0.2840741827454557 0
0.5114915347993545 0.2656203728396237 0
0.456724834376184 0.2854235697359569 0
0.4446531127788783 0.24272689775168552 0
0.4595973619177801 0.2615565460118172 0
0.427787592101741 0.2715036523222174 0
0.4121979715837133 0.24303620437392903 0
0.3917895230032782 0.24271435039400308 0
0.42824631478129466 0.22407545331144235 0
0.41330984374586405 0.28756234633728656 0
0.5002529890378594 0.49562338755062313 0
0.5206799314372753 0.5040787457881557 0
0.5448211715791724 0.48598776080332823 0
0.3938429332865763 0.5605226167072508 0
0.3731017500087339 0.5303850454710646 0
0.36028415848193646 0.5745983268780928 0
0.31617066733199173 0.5723450584729146 0
0.37603468196340767 0.6689986563034808 0
0.3621227764649936 0.6830646111913677 0
0.3636131427177264 0.7083188119832134 0
0.44862637253225285 0.7615568066247916 0
0.452867037398641 0.7892385398226508 0
0.514186151093073 0.7476254376281374 0
0.5203147573142052 0.7245264293106902 0
0.49135602162102665 0.7219332343167388 0
0.5500718913903861 0.7712188392055316 0
0.5323567255861216 0.7802567261315748 0
0.5744073752793518 0.7689313104551576 0
0.577110784853664 0.7473098000428788 0
0.5557038821610059 0.7503443425404146 0
0.6208473196928287 0.8014377854590551 0
0.6154392373276034 0.7405280140178306 0
0.5830835799418731 0.718514033068201 0
0.49724238186236935 0.6228090038971185 0
0.5096549872820229 0.5376844665062478 0
0.5862048359715715 0.5411763850268441 0
0.5645709122889924 0.5098218767904884 0
0.6494769965007252 0.5073277627865196 0
0.6313621427619894 0.5284149371117882 0
0.6407462538784906 0.547598054467918 0
0.6680030329536619 0.48472435984280604 0
0.651816219087474 0.4694292616384587 0
0.6885881257959682 0.49095272347081204 0
0.8759435664855171 0.5309178244056911 0
0.8655026378993573 0.5125481390476352 0
0.8341070641256242 0.3057153893184895 0
0.8036960054562889 0.3311536969035137 0
0.8123912915659114 0.3564403149987438 0
0.8695809636321838 0.3509128841262405 0
0.8416473911620468 0.36051837600249953 0
0.8612807518419229 0.4001228071759232 0
0.8622383828234201 0.37497937258963215 0
0.8430538263200255 0.38683864954118113 0
1.0 0.375 1
0.9311169150267802 0.39019268384315753 0
0.8987992184110303 0.37298058534316075 0
0.8473929509494765 0.3318076170519181 0
0.8256195252294748 0.3264657849962147 0
0.9069871820171223 0.2850342334151417 0
0.8725838095463782 0.30255206737223994 0
0.8710823865892815 0.3267324757492413 0
0.8539936323970663 0.3120179892614889 0
0.9410683434352728 0.3325615839014595 0
1.0 0.3125 1
0.9265949113435905 0.3597371190244832 0
0.9627648329243788 0.3699301479867376 0
0.9478424147816472 0.35361136385589276 0
0.9792761802523942 0.3398494836210344 0
1.0 0.34375 1
0.9059382235933552 0.3312935893290991 0
0.9062365959747847 0.352799470863709 0
0.9243463779992359 0.30856943434951706 0
0.9627395444768753 0.29963378153226405 0
0.9380086664599486 0.2803228079922247 0
0.9453275926892006 0.3117695034831932 0
0.9692923954734458 0.265750312603124 0
1.0 0.125 1
0.9098757785927061 0.17906243614559797 0
0.9148349129477871 0.23222288059426305 0
0.9422822528713333 0.24863153413095118 0
1.0 0.1875 1
0.9515387967119457 0.20198738423272358 0
0.9385841477855827 0.2236570874705249 0
0.97156270660691 0.2315347918371935 0
1.0 0.21875 1
0.92502820293187 0.20084588490673258 0
0.9772347864303589 0.20613221313511387 0
0.9802447944461732 0.24929395826354608 0
0.9171253421279983 0.2595519969413277 0
0.8650292999114079 0.250157582773537 0
0.889547557774799 0.2633379809499811 0
0.8882150798438327 0.2364219583750357 0
0.8430323101740207 0.18658994127134215 0
0.8605293490630948 0.2161250014463636 0
0.8944009619270508 0.20598830526585893 0
0.8758445335300294 0.17741379525336992 0
0.8665752248941663 0.27667654982816436 0
0.8274936101770187 0.26565027178014383 0
0.8489426385724957 0.26439989921532375 0
0.8365197080018099 0.23589026437668734 0
0.7881460774225699 0.23746751934552351 0
0.7771027293359339 0.20990138944549633 0
0.8115316069953411 0.21210385483723265 0
0.7953847790665926 0.1943137582733134 0
0.8362755428506793 0.21112830898748147 0
0.812600440005031 0.24488443513857963 0
0.7894421377484285 0.27721704916174805 0
0.8508118417235814 0.20193151518273542 0
0.8442031817359039 0.127523430300115 0
0.8099369532444455 0.15371389361424104 0
0.8525116479432655 0.15723298901984714 0
0.8951221457421664 0.13154612503045052 0
0.8691064240091024 0.13657561786966071 0
0.8861129664248961 0.15474458446256512 0
0.875 0.0 1
0.8730210318896388 0.08702480898910359 0
0.8642120699446516 0.11125891945202997 0
0.8280438133646185 0.08439390383428061 0
0.8416160329705662 0.1039007751675658 0
0.8153892024541384 0.10767353374872506 0
0.8013502296863981 0.12935400939516337 0
0.8230736463807762 0.1353899541928217 0
0.7700940643345026 0.1317960920911909 0
0.8303310787358436 0.1662798115685053 0
0.8098989025384863 0.1766081490292123 0
0.8227897554094765 0.19380060824363088 0
0.7724481173841938 0.15607986569456114 0
0.7588210769596424 0.10374065181868808 0
0.7793561830135916 0.04974919550980821 0
0.8125 0.0 1
0.776408895964336 0.07952911302442438 0
0.8020130427328023 0.08422560248869758 0
0.7419868826343998 0.06108659894119735 0
0.7533307840888271 0.08125850906914836 0
0.893181418743663 0.17160661145726067 0
0.8738612659301321 0.19901431234337985 0
1.0 0.28125 1
0.9787623386854436 0.28515711506532254 0
0.977581150317309 0.31703870652848193 0
0.9828884449455328 0.36140415504520207 0
0.8986287549301827 0.4122467975205345 0
0.909061237070123 0.39265861117894046 0
0.82781165138717 0.4033587881460866 0
0.7866437744233414 0.3454175836936282 0
0.8168175107479947 0.525413396461358 0
0.8113044000488059 0.563619352303906 0
0.7041633852822462 0.6288572889633783 0
0.9465857095635088 0.44793632887547985 0
1.0 0.4375 1
0.9767823410876157 0.4062500000000004 0
1.0 0.40625 1
0.9555867901821338 0.39356541404200274 0
0.9396337175437729 0.41885490985690027 0
0.9636169268282387 0.42849331446349587 0
0.9160537685171354 0.43986341634198356 0
0.918581347337605 0.4189630495795678 0
0.8960885055290682 0.43315515892709366 0
0.9155189531455946 0.47923853156639706 0
0.9271406734879365 0.45970519473316157 0
0.9574320604712427 0.49095156340486323 0
1.0 0.46875 1
0.9745110544948145 0.45521688878489136 0
0.9561632002304755 0.46839642981077056 0
0.9782467548989969 0.47895102145638835 0
0.9321291061586146 0.5006479085576296 0
1.0 0.5625 1
0.9607319719788813 0.5374254467235772 0
0.9367283461892714 0.5265823300940593 0
0.9091825255375808 0.5686597321375734 0
0.9374029900517304 0.5570790707570239 0
0.9154654568719299 0.5437953554431277 0
0.8912877353450819 0.5509119329177224 0
0.867111519072808 0.5931837805501055 0
0.8848619948783762 0.5752862916038503 0
0.8558583354385702 0.56427195295565 0
0.9031514760341416 0.6111766193271121 0
0.9361371758344388 0.5941694655442895 0
0.9284098111664318 0.5753389503227933 0
0.8505789610159736 0.538368273519524 0
0.8334545758116949 0.576102126732089 0
0.9567015163608737 0.514357534169059 0
1.0 0.53125 1
0.9770574497487851 0.5032784947042683 0
0.937344529346363 0.4794535374885259 0
0.9789203276316288 0.52514516524501 0
0.9286779658044034 0.6201939596135309 0
0.9630159347275461 0.6422311234192432 0
1.0 0.6875 1
0.9567851108893004 0.6141688682528305 0
0.977195671481199 0.6243598545502657 0
1.0 0.59375 1
0.9679896562395941 0.5819425363233771 0
0.9601227447138347 0.5603749299883081 0
0.9419719582744517 0.6372504943017575 0
0.945412709948917 0.6696601969027804 0
0.9756150073334425 0.6696800310508468 0
1.0 0.65625 1
0.9604911099224716 0.7043105515307856 0
0.978371911616677 0.6915017576054283 0
0.9865059671685321 0.721741729617974 0
1.0 0.71875 1
0.9740866782251312 0.7445979958278767 0
0.96133081338837 0.726464912336735 0
0.9088801735528422 0.6829825590130633 0
0.9240719426463578 0.6678904968945015 0
1.0 0.578125 1
0.9788503583094177 0.6017930607672322 0
0.8405554749788324 0.6059533523092536 0
0.8787136449751826 0.6805393734710227 0
0.8916152607134358 0.7014800660291385 0
0.8591530754593234 0.6894121760214572 0
0.9302753430464056 0.7043188979659671 0
0.9453793498796024 0.690280638885078 0
0.8755082961818041 0.6214556332131218 0
0.9006416576820057 0.6354888768808041 0
0.8913213404453384 0.47613481433458227 0
0.896960511580299 0.4994687111274242 0
0.979780829271454 0.3842278170630171 0
0.8843804367274828 0.39255146625960063 0
0.7295777552447386 0.09296976523922144 0
0.7534204495526705 0.031517547336704345 0
0.6875 0.0 1
0.7123862942446764 0.03264578345429932 0
0.7331395224829099 0.04067050562009104 0
0.7833545012093012 0.01649784369060848 0
0.78125 0.0 1
0.6679221196050668 0.04073292660737396 0
0.6773700047113276 0.06545352558500485 0
0.6908349542490665 0.07536367848182761 0
0.6918059016634407 0.04577058951834037 0
0.6840485800190431 0.02341253003970327 0
0.65625 0.0 1
0.6406249999999999 0.02651618240639727 0
0.6431151838127613 0.0550493983167807 0
0.6103219192473602 0.04353609896600406 0
0.6181124668571482 0.02192027395397276 0
0.5914595312657758 0.05771463476294947 0
0.5977658370753636 0.020035260693426794 0
0.71875 0.0 1
0.7343749999999996 0.017352572651467755 0
0.703125 0.0 1
0.8050971597522418 0.30193165046404674 0
0.8217738506790203 0.2871728112674592 0
0.7709950106509937 0.3062175492137781 0
0.7414188094299952 0.2670368905474509 0
0.763528208896525 0.2811006101824681 0
0.7732914144854951 0.25784776005583243 0
0.7622200233545815 0.23417436966048072 0
0.7298097816124742 0.3164498025332868 0
0.74747279835284 0.29954192759023346 0
0.7518030157589684 0.3217454216146734 0
0.7411480996232638 0.3434168375725155 0
0.7057961655198586 0.3335548058027238 0
0.6978534534660921 0.296995287193559 0
0.7096614727585798 0.31357249782821744 0
0.7232291032330391 0.2872409711173965 0
0.7123775317817754 0.25918119199924744 0
0.6944033852600645 0.2739738085759247 0
0.6689821151815393 0.276711506343096 0
0.6988014546894382 0.2450971612856565 0
0.6814178755285543 0.31970854033355944 0
0.6631028393776558 0.331715130895954 0
0.7353765568754503 0.2401976811971222 0
0.8969936036521902 0.30794919391387193 0
0.8553529448116484 0.42997873794630137 0
0.8759407531504482 0.4185499469033242 0
0.8648894450636215 0.44999046928688075 0
0.871829631106206 0.46940742784477213 0
0.4078732860197891 0.20889963504406145 0
0.47959070974528367 0.2253571581964423 0
0.4541128285237864 0.2169321028975519 0
0.47804816543835366 0.18728604505200666 0
0.4666131563168123 0.16761530602790012 0
0.4542015693323299 0.18798949296471637 0
0.5085360996433888 0.20511755834619616 0
0.5020386286187916 0.1812472326421315 0
0.4875809799980529 0.2059666062946322 0
0.5007686703410563 0.2248268032183903 0
0.5449840233571126 0.21541356275640686 0
0.5240466572893758 0.2198710294052571 0
0.5350882574709115 0.1890996140096471 0
0.5421669914964149 0.24161097649893948 0
0.5489808725086275 0.26292540607226217 0
0.5682580769419782 0.22482111842372043 0
0.5725563738281568 0.20222315789537723 0
0.6057814007744576 0.08555591436634087 0
0.6099385263450012 0.4088085831269079 0
0.5812421722942561 0.32758904986639376 0
0.5536004273144934 0.3309233967902477 0
0.5630176645264665 0.30699433513337204 0
0.535287261237088 0.3106773395313201 0
0.6575859132509694 0.24647562147367028 0
0.35514593696801605 0.11813628286400431 0
0.1858601440992716 0.6490368593566804 0
0.17698309162901144 0.6803666613406889 0
0.19886547924463824 0.6854935411394635 0
0.15060963986372147 0.6559714292230099 0
0.14035369699918449 0.6786161545304037 0
0.16999766992416346 0.6614648747363056 0
0.16427680358431096 0.6323839905529689 0
0.1292065916561762 0.6478142125062051 0
0.1975711758538397 0.6221451839867655 0
0.20722889277676948 0.642346865606333 0
0.12525838573807674 0.433947720730135 0
0.03216169454409057 0.4567373978368866 0
0.03759319108482549 0.4943611125977111 0
0.0 0.5625 1
0.02390692939132383 0.53125 0
0.0 0.53125 1
0.056005447760187003 0.5221756367523255 0
0.03664260683207914 0.5149917684729239 0
0.05004627125103989 0.5624042156958563 0
0.07552582555661196 0.5478366170858066 0
0.09016714141888334 0.5386625997719012 0
0.04398111849557383 0.5409501024079421 0
0.0250144164494434 0.5578964318953004 0
0.018681964419067543 0.5937499999999999 0
0.0 0.59375 1
0.04646800853435576 0.6315703851131547 0
0.06916221176669338 0.6428058077201884 0
0.04503393449224516 0.6630045350218021 0
0.02371338401294623 0.6774518319752009 0
0.019236472157495323 0.647889529934678 0
0.0 0.65625 1
0.024616585604218876 0.618507104931177 0
0.07226159665204926 0.5037458619680332 0
0.05767100770740344 0.48891824407755863 0
0.06087785869663329 0.5976402243402147 0
0.03920601571646666 0.6019199583824456 0
0.08253286154268845 0.6016753918970307 0
0.06711293943490844 0.576440728515509 0
0.0 0.46875 1
0.02158077243840585 0.4774688109977403 0
0.0 0.453125 1
0.05435854098860421 0.4514011713100444 0
0.022338422074317774 0.4366570860181995 0
0.0208054433659162 0.37155381510184815 0
0.0 0.34375 1
0.15808614043157942 0.4397039428602228 0
0.1649617676575888 0.41487024579470794 0
0.01947804149761822 0.05853728564687221 0
0.0 0.03125 1
0.057123471385906406 0.056304077698914046 0
0.18652367866036845 0.4500247852489965 0
0.4699801785002025 0.5006230657573086 0
0.4791116608454283 0.9368498483587883 0
0.47003210504195664 0.9165978248645242 0
0.5056647802718722 0.9630965251315984 0
0.521277189101709 0.9282184130930249 0
0.5100542954264142 0.9095914178851954 0
0.48580517926154265 0.9566330882353642 0
0.5356578148456416 0.9555889087124548 0
0.53125 1.0 1
0.5250717462296798 0.9769625222087722 0
0.5511248293084995 0.97655789356759 0
0.5724100760002062 0.9639413260811918 0
0.5446306178403436 0.926498449098157 0
0.2703161098633436 0.9462044054395476 0
0.28125 1.0 1
0.29634465811393124 0.9823343717533516 0
0.2714050998611366 0.9763061376374227 0
0.23556630610699253 0.9810931480473472 0
0.27937700076358263 0.798135554039095 0
0.2740698415780894 0.6655268631975102 0
0.4002785881646829 0.6147963326173845 0
0.409244547692054 0.5959522575281638 0
0.41484198021707225 0.5724565611106999 0
0.7495106677521242 0.6988048122450858 0
0.7335070618848786 0.6830878483688319 0
0.774978449117623 0.6991819229247238 0
0.7881611085201442 0.6829234087217667 0
0.8166664428361322 0.674852126187209 0
0.8298290914312886 0.6551810392003536 0
0.9618860366737326 0.8852455979013087 0
0.9768508633598223 0.8648998469840825 0
1.0 0.84375 1
0.9803461751844449 0.8329346819512659 0
0.9499419604123978 0.8652316000157058 0
0.9391762616613771 0.8863390166898973 0
0.97610803666561 0.9442286660087481 0
1.0 0.9375 1
0.9799519374806965 0.9120956857867569 0
1.0 0.90625 1
1.0 0.96875 1
0.9542140794871575 0.9099104264137865 0
0.9364158742684487 0.9454080691310248 0
0.9375 1.0 1
0.9656981870034045 0.9782713740068097 0
0.96875 1.0 1
0.9802381774879276 0.9641045705342706 0
0.9566204275290343 0.9568825473495792 0
0.9342440089781583 0.9727579296980077 0
0.8904310570337612 0.9555175578732692 0
0.914962997813385 0.9574656508279775 0
0.9048526344855761 0.9293464803660157 0
0.9005177805787807 0.983934419341312 0
0.90625 1.0 1
0.8769871467470793 0.929373556408765 0
0.8631370787363029 0.9530242145081752 0
0.8748865172013466 0.9750428776876972 0
0.84375 1.0 1
0.8444690789774837 0.9728083145790298 0
0.8190623598903353 0.9664215122689166 0
0.8108830315957075 0.942218193557404 0
0.9257660160245088 0.9272926544934299 0
0.9836299232224851 0.8901181740627788 0
0.9084739798658243 0.9093302328112545 0
0.9559099396371782 0.9329714687268535 0
0.8884933589470158 0.8589554765651097 0
0.8626692663864237 0.8616134766835426 0
0.8777010911545831 0.8808794177226944 0
0.9045022057959313 0.882363953132854 0
0.9100289385072226 0.8520719351529802 0
0.8909762249414934 0.8347852224151961 0
0.7956010403232677 0.6626380861774575 0
0.7848470441576983 0.8281132506001303 0
0.7980465252040316 0.8459929089115943 0
0.8212867265698327 0.8042040071067541 0
0.7730915393077926 0.9493550647772313 0
0.7697895380965531 0.9793506857704715 0
0.78125 1.0 1
0.796875 1.0 1
0.7640293377369435 0.3603598568533292 0
0.8530286079683502 0.043035270131807295 0
0.84375 0.0 1
0.828125000000001 0.025886714935619035 0
0.8152171378545076 0.05512245430966141 0
0.8056083984112629 0.021818627578192556 0
0.7988806234610741 0.041797767399515295 0
0.8383862955221915 0.06241582095798609 0
0.8507689697742019 0.08166541255995821 0
0.7955892613590729 0.06376421124698586 0
0.8593749999999999 0.019149066998870916 0
0.9375 0.0 1
0.9070211784460916 0.04459451011973078 0
0.8866324647648869 0.025440976207546963 0
0.8797541096356178 0.05319144613204777 0
0.8607835486485833 0.06287004801214549 0
0.9140490114905024 0.01668492269621171 0
0.90625 0.0 1
0.9212465851116698 0.09083118715792024 0
0.9006310982310468 0.07186718237104028 0
1.0 0.0625 1
0.953090789509874 0.0557271721065553 0
0.9268048436550065 0.0636148353483538 0
0.940598356412419 0.029177676349802974 0
1.0 0.03125 1
0.9702565303172533 0.031436308757237304 0
0.977203395639544 0.05455621319746564 0
0.9671659802557749 0.09671500756146452 0
0.9818393623963191 0.07793425243738604 0
1.0 0.09375 1
0.946335322500942 0.0809576167044912 0
0.9309335600169758 0.07863376579797632 0
1.0 0.109375 1
0.9781299905685031 0.11718750000000129 0
0.9402977892272959 0.12427634918150979 0
0.9765063265747029 0.15625000000000064 0
1.0 0.15625 1
0.9680548037656824 0.18131984828855502 0
0.9421775374815947 0.15863662080384858 0
0.9326757890232632 0.17936458612802028 0
0.9402011779840513 0.1021827782344286 0
0.9581661040491706 0.14053038035667176 0
0.920076000733116 0.1426141766083826 0
0.9158058865057507 0.11607894884007407 0
0.896364150624055 0.0986793089639446 0
0.8840844544802474 0.11467214634788149 0
0.96875 0.0 1
0.0 0.28125 1
0.021945640810751094 0.2960097290503368 0
0.01794160352547631 0.265625 0

Edges
140
1 863 1
1 1514 1
2 1619 1
2 1641 1
3 1556 1
3 1561 1
4 547 1
4 549 1
5 1138 1
5 1144 1
6 1333 1
6 1354 1
7 522 1
7 1525 1
9 1481 1
9 1504 1
10 564 1
10 571 1
11 491 1
11 1531 1
38 314 1
38 1373 1
45 1363 1
45 1369 1
71 1257 1
71 1309 1
161 237 1
161 1593 1
180 244 1
180 359 1
191 516 1
191 527 1
230 231 1
230 237 1
231 244 1
258 1569 1
258 1573 1
260 1573 1
260 1594 1
265 1548 1
265 1555 1
309 314 1
309 1548 1
357 359 1
357 1525 1
476 486 1
476 624 1
479 486 1
479 491 1
488 555 1
488 559 1
495 527 1
495 1531 1
515 516 1
515 522 1
542 549 1
542 623 1
544 547 1
544 624 1
555 623 1
556 558 1
556 564 1
558 559 1
567 1490 1
567 1496 1
568 571 1
568 1496 1
696 941 1
696 1642 1
789 1005 1
789 1020 1
815 1028 1
815 1031 1
841 850 1
841 864 1
843 850 1
843 1005 1
861 863 1
861 864 1
862 894 1
862 1000 1
870 877 1
870 1514 1
877 1000 1
890 927 1
890 941 1
894 927 1
935 994 1
935 1510 1
936 1510 1
936 1642 1
967 995 1
967 1506 1
994 995 1
1017 1020 1
1017 1028 1
1030 1033 1
1030 1138 1
1031 1033 1
1041 1398 1
1041 1411 1
1054 1129 1
1054 1404 1
1123 1129 1
1123 1144 1
1226 1241 1
1226 1323 1
1236 1241 1
1236 1309 1
1249 1627 1
1249 1631 1
1253 1257 1
1253 1631 1
1287 1597 1
1287 1612 1
1302 1398 1
1302 1597 1
1321 1323 1
1321 1333 1
1338 1354 1
1338 1378 1
1360 1369 1
1360 1373 1
1363 1378 1
1394 1404 1
1394 1413 1
1411 1413 1
1479 1481 1
1479 1490 1
1504 1506 1
1553 1555 1
1553 1556 1
1559 1561 1
1559 1569 1
1593 1594 1
1606 1612 1
1606 1641 1
1615 1619 1
1615 1624 1
1624 1627 1

Triangles
3146
1 863 1514 0
2 1619 1620 0
2 1620 1641 0
3 1556 1562 0
3 1560 1561 0
3 1560 1562 0
4 547 550 0
4 549 550 0
5 1138 1141 0
5 1141 1145 0
5 1144 1145 0
6 1333 1336 0
6 1336 1355 0
6 1354 1357 0
6 1355 1357 0
7 520 522 0
7 520 1523 0
7 1520 1523 0
7 1520 1526 0
7 1525 1526 0
8 691 693 0
8 691 727 0
8 693 707 0
8 707 720 0
8 720 727 0
9 1478 1483 0
9 1478 1505 0
9 1480 1481 0
9 1480 1483 0
9 1504 1505 0
10 564 565 0
10 565 570 0
10 570 571 0
11 491 1534 0
11 1531 1533 0
11 1533 1534 0
12 370 373 0
12 370 430 0
12 373 378 0
12 378 383 0
12 383 428 0
12 428 430 0
13 285 288 0
13 285 325 0
13 288 1540 0
13 325 326 0
13 326 352 0
13 352 1540 0
14 124 132 0
14 124 1209 0
14 132 1184 0
14 1184 1185 0
14 1185 1209 0
15 397 399 0
15 397 1188 0
15 399 1537 0
15 1186 1188 0
15 1186 1539 0
15 1537 1538 0
15 1538 1539 0
16 143 148 0
16 143 665 0
16 148 150 0
16 150 151 0
16 151 155 0
16 155 665 0
17 27 29 0
17 27 347 0
17 28 29 0
17 28 336 0
17 336 339 0
17 339 345 0
17 345 347 0
18 1316 1416 0
18 1316 1595 0
18 1416 1423 0
18 1423 1424 0
18 1424 1595 0
19 97 98 0
19 97 108 0
19 98 1215 0
19 108 114 0
19 114 1214 0
19 1213 1214 0
19 1213 1215 0
20 55 1317 0
20 55 1318 0
20 1317 1351 0
20 1318 1352 0
20 1347 1351 0
20 1347 1352 0
21 61 62 0
21 61 66 0
21 62 72 0
21 66 86 0
21 72 74 0
21 74 86 0
22 51 54 0
22 51 104 0
22 54 58 0
22 58 65 0
22 65 100 0
22 100 104 0
23 33 34 0
23 33 50 0
23 34 40 0
23 40 41 0
23 41 50 0
24 34 36 0
24 34 53 0
24 36 55 0
24 53 54 0
24 54 55 0
25 32 52 0
25 32 348 0
25 52 107 0
25 107 346 0
25 346 348 0
26 29 333 0
26 29 1319 0
26 30 50 0
26 30 1319 0
26 49 50 0
26 49 351 0
26 333 351 0
27 29 1319 0
27 347 348 0
27 348 1319 0
28 29 333 0
28 333 335 0
28 335 336 0
30 32 33 0
30 32 1319 0
30 33 50 0
31 32 33 0
31 32 52 0
31 33 34 0
31 34 53 0
31 52 53 0
32 348 1319 0
34 36 42 0
34 40 42 0
35 36 42 0
35 36 1318 0
35 42 1380 0
35 1318 1352 0
35 1352 1380 0
36 55 1318 0
37 48 1381 0
37 48 1545 0
37 300 1383 0
37 300 1544 0
37 1381 1383 0
37 1544 1545 0
38 314 315 0
38 315 1374 0
38 1372 1373 0
38 1372 1374 0
39 40 42 0
39 40 1587 0
39 42 44 0
39 44 1545 0
39 1544 1545 0
39 1544 1587 0
40 41 1587 0
41 49 50 0
41 49 1541 0
41 1540 1541 0
41 1540 1542 0
41 1542 1543 0
41 1543 1587 0
42 44 1380 0
43 44 1380 0
43 44 1545 0
43 48 1386 0
43 48 1545 0
43 1380 1386 0
45 1362 1369 0
45 1362 1379 0
45 1363 1379 0
46 47 1377 0
46 47 1387 0
46 1358 1366 0
46 1358 1387 0
46 1366 1367 0
46 1367 1377 0
47 48 1381 0
47 48 1386 0
47 1376 1377 0
47 1376 1381 0
47 1386 1387 0
49 351 1541 0
51 52 53 0
51 52 107 0
51 53 54 0
51 104 107 0
54 55 59 0
54 58 59 0
55 59 1317 0
56 59 60 0
56 59 1317 0
56 60 62 0
56 62 78 0
56 78 81 0
56 81 1317 0
57 58 59 0
57 58 65 0
57 59 60 0
57 60 61 0
57 61 64 0
57 64 65 0
60 61 62 0
61 64 66 0
62 72 73 0
62 73 78 0
63 64 66 0
63 64 102 0
63 66 68 0
63 68 88 0
63 88 98 0
63 98 102 0
64 65 102 0
65 100 101 0
65 101 102 0
66 68 86 0
67 68 84 0
67 68 89 0
67 84 85 0
67 85 93 0
67 89 92 0
67 92 93 0
68 84 86 0
68 88 89 0
69 74 76 0
69 74 86 0
69 76 77 0
69 77 85 0
69 84 85 0
69 84 86 0
70 72 73 0
70 72 74 0
70 73 1437 0
70 74 1315 0
70 1315 1437 0
71 1257 1260 0
71 1260 1309 0
73 78 82 0
73 82 1440 0
73 1437 1439 0
73 1439 1440 0
74 76 1315 0
75 76 77 0
75 76 1315 0
75 77 1220 0
75 1220 1222 0
75 1222 1225 0
75 1225 1315 0
77 85 1595 0
77 1220 1316 0
77 1316 1595 0
78 81 82 0
79 1216 1344 0
79 1216 1389 0
79 1337 1340 0
79 1337 1389 0
79 1340 1343 0
79 1343 1344 0
80 81 82 0
80 81 1217 0
80 82 1440 0
80 1217 1389 0
80 1388 1389 0
80 1388 1440 0
81 1217 1351 0
81 1317 1351 0
83 1327 1329 0
83 1327 1331 0
83 1329 1438 0
83 1330 1331 0
83 1330 1388 0
83 1388 1440 0
83 1438 1439 0
83 1439 1440 0
85 93 1595 0
87 88 89 0
87 88 97 0
87 89 94 0
87 94 96 0
87 96 109 0
87 97 109 0
88 97 98 0
89 92 94 0
90 1110 1115 0
90 1110 1431 0
90 1115 1434 0
90 1426 1431 0
90 1426 1433 0
90 1433 1434 0
91 92 94 0
91 92 1425 0
91 94 1119 0
91 1118 1119 0
91 1118 1434 0
91 1425 1433 0
91 1433 1434 0
92 93 1424 0
92 1424 1425 0
93 1424 1595 0
94 96 1119 0
95 96 110 0
95 96 1119 0
95 110 112 0
95 112 1459 0
95 1117 1118 0
95 1117 1121 0
95 1118 1119 0
95 1121 1459 0
96 109 110 0
97 108 109 0
98 101 102 0
98 101 1215 0
99 100 105 0
99 100 1215 0
99 105 106 0
99 106 1210 0
99 1210 1213 0
99 1213 1215 0
100 101 1215 0
100 104 105 0
103 104 105 0
103 104 107 0
103 105 106 0
103 106 344 0
103 107 346 0
103 344 346 0
106 344 1212 0
106 1210 1211 0
106 1211 1212 0
108 109 110 0
108 110 112 0
108 112 114 0
111 112 115 0
111 112 1459 0
111 115 118 0
111 118 749 0
111 749 752 0
111 752 1459 0
112 114 115 0
113 114 115 0
113 114 1214 0
113 115 117 0
113 117 122 0
113 122 1210 0
113 1210 1214 0
115 117 118 0
116 117 118 0
116 117 123 0
116 118 120 0
116 120 1185 0
116 123 1209 0
116 1185 1209 0
117 122 123 0
118 120 749 0
119 120 748 0
119 120 1185 0
119 740 741 0
119 740 1185 0
119 741 745 0
119 745 746 0
119 746 748 0
120 748 749 0
121 122 123 0
121 122 1211 0
121 123 1208 0
121 343 1208 0
121 343 1211 0
122 1210 1211 0
123 124 1208 0
123 124 1209 0
124 126 129 0
124 126 1208 0
124 129 132 0
125 126 128 0
125 126 341 0
125 128 138 0
125 138 146 0
125 146 147 0
125 147 342 0
125 341 342 0
126 128 129 0
126 341 343 0
126 343 1208 0
127 128 129 0
127 128 139 0
127 129 131 0
127 131 135 0
127 135 142 0
127 139 142 0
128 138 139 0
129 131 132 0
130 131 136 0
130 131 1207 0
130 136 652 0
130 652 671 0
130 671 1207 0
131 132 1207 0
131 135 136 0
132 133 1184 0
132 133 1207 0
133 671 1183 0
133 671 1207 0
133 1183 1184 0
134 135 651 0
134 135 1206 0
134 651 655 0
134 655 668 0
134 660 668 0
134 660 1206 0
135 136 651 0
135 142 1206 0
136 649 651 0
136 649 652 0
137 138 139 0
137 138 146 0
137 139 141 0
137 141 143 0
137 143 159 0
137 146 159 0
139 141 142 0
140 141 142 0
140 141 143 0
140 142 1206 0
140 143 665 0
140 665 666 0
140 666 1206 0
143 148 159 0
144 148 150 0
144 148 159 0
144 150 158 0
144 158 329 0
144 159 334 0
144 329 334 0
145 146 159 0
145 146 338 0
145 159 334 0
145 334 338 0
146 147 338 0
147 336 338 0
147 336 339 0
147 339 342 0
149 150 151 0
149 150 1205 0
149 151 156 0
149 156 1202 0
149 1201 1202 0
149 1201 1205 0
150 158 1205 0
151 155 1196 0
151 156 1196 0
152 175 193 0
152 175 362 0
152 193 447 0
152 362 366 0
152 366 368 0
152 368 447 0
153 156 1195 0
153 156 1199 0
153 362 364 0
153 362 1199 0
153 364 365 0
153 365 1195 0
154 376 662 0
154 376 1197 0
154 662 663 0
154 663 667 0
154 667 1197 0
155 664 665 0
155 664 667 0
155 667 1197 0
155 1196 1197 0
156 1195 1196 0
156 1198 1199 0
156 1198 1202 0
157 158 160 0
157 158 330 0
157 160 1204 0
157 284 332 0
157 284 1204 0
157 330 332 0
158 160 1205 0
158 329 330 0
160 167 1201 0
160 167 1204 0
160 1201 1205 0
161 237 242 0
161 242 1592 0
161 1592 1593 0
162 200 204 0
162 200 225 0
162 204 215 0
162 215 249 0
162 225 248 0
162 248 249 0
163 166 353 0
163 166 1203 0
163 205 207 0
163 205 1203 0
163 207 209 0
163 209 353 0
164 166 167 0
164 166 353 0
164 167 1204 0
164 284 353 0
164 284 1204 0
165 166 170 0
165 166 1200 0
165 170 172 0
165 172 174 0
165 173 174 0
165 173 1198 0
165 1198 1200 0
166 167 1200 0
166 170 1203 0
167 1200 1201 0
168 177 178 0
168 177 184 0
168 178 354 0
168 181 184 0
168 181 196 0
168 196 198 0
168 198 354 0
169 170 178 0
169 170 1203 0
169 178 354 0
169 204 205 0
169 204 354 0
169 205 1203 0
170 172 178 0
171 172 174 0
171 172 177 0
171 174 187 0
171 177 184 0
171 182 184 0
171 182 186 0
171 186 187 0
172 177 178 0
173 174 175 0
173 175 362 0
173 362 1199 0
173 1198 1199 0
174 175 187 0
175 187 193 0
176 188 190 0
176 188 1522 0
176 190 1519 0
176 1518 1519 0
176 1518 1522 0
179 181 182 0
179 181 355 0
179 182 183 0
179 183 1522 0
179 355 1529 0
179 1521 1522 0
179 1521 1529 0
180 233 234 0
180 233 360 0
180 234 244 0
180 358 359 0
180 358 360 0
181 182 184 0
181 196 197 0
181 197 355 0
182 183 186 0
183 186 188 0
183 188 1522 0
185 186 188 0
185 186 193 0
185 188 190 0
185 190 449 0
185 193 449 0
186 187 193 0
189 190 449 0
189 190 531 0
189 448 449 0
189 448 450 0
189 450 531 0
190 531 1519 0
191 516 517 0
191 517 525 0
191 525 526 0
191 526 527 0
192 514 523 0
192 514 530 0
192 523 1518 0
192 530 531 0
192 531 1519 0
192 1518 1519 0
193 447 449 0
194 197 203 0
194 197 361 0
194 203 245 0
194 245 360 0
194 360 1528 0
194 361 1528 0
195 196 197 0
195 196 198 0
195 197 203 0
195 198 200 0
195 199 200 0
195 199 202 0
195 202 203 0
197 355 361 0
198 200 204 0
198 204 354 0
199 200 225 0
199 202 228 0
199 225 246 0
199 228 246 0
201 202 228 0
201 202 245 0
201 228 229 0
201 229 232 0
201 232 233 0
201 233 245 0
202 203 245 0
204 205 215 0
205 207 215 0
206 207 210 0
206 207 215 0
206 210 218 0
206 215 249 0
206 218 219 0
206 219 249 0
207 209 210 0
208 209 210 0
208 209 214 0
208 210 212 0
208 212 325 0
208 214 326 0
208 325 326 0
209 214 353 0
210 212 218 0
211 212 283 0
211 212 285 0
211 282 283 0
211 282 291 0
211 285 290 0
211 290 291 0
212 218 283 0
212 285 325 0
213 214 284 0
213 214 326 0
213 284 332 0
213 326 337 0
213 332 337 0
214 284 353 0
216 219 222 0
216 219 249 0
216 222 247 0
216 247 248 0
216 248 249 0
217 218 219 0
217 218 283 0
217 219 222 0
217 222 282 0
217 282 283 0
220 250 252 0
220 250 257 0
220 252 1589 0
220 257 262 0
220 262 273 0
220 273 1589 0
221 222 251 0
221 222 282 0
221 251 252 0
221 252 1588 0
221 282 291 0
221 291 1588 0
222 224 247 0
222 224 251 0
223 226 243 0
223 226 255 0
223 238 243 0
223 238 281 0
223 255 280 0
223 280 281 0
224 226 247 0
224 226 255 0
224 251 255 0
225 226 246 0
225 226 247 0
225 247 248 0
226 243 246 0
227 228 229 0
227 228 246 0
227 229 238 0
227 238 243 0
227 243 246 0
229 232 235 0
229 235 239 0
229 238 239 0
230 231 235 0
230 235 236 0
230 236 237 0
231 232 234 0
231 232 235 0
231 234 244 0
232 233 234 0
233 245 360 0
235 236 239 0
236 237 242 0
236 239 242 0
238 239 241 0
238 241 281 0
239 241 242 0
240 241 242 0
240 241 281 0
240 242 1592 0
240 281 1591 0
240 1591 1592 0
250 251 252 0
250 251 255 0
250 255 280 0
250 257 280 0
252 1588 1589 0
253 276 278 0
253 276 1590 0
253 278 303 0
253 293 302 0
253 293 1590 0
253 302 303 0
254 275 276 0
254 275 1589 0
254 276 1590 0
254 291 292 0
254 291 1588 0
254 292 1590 0
254 1588 1589 0
256 257 270 0
256 257 280 0
256 270 1591 0
256 280 281 0
256 281 1591 0
257 262 263 0
257 263 270 0
258 1568 1569 0
258 1568 1572 0
258 1572 1573 0
259 263 264 0
259 263 1576 0
259 264 1571 0
259 1571 1574 0
259 1574 1575 0
259 1575 1576 0
260 1573 1574 0
260 1574 1575 0
260 1575 1594 0
261 268 269 0
261 268 1583 0
261 269 274 0
261 274 1582 0
261 1582 1583 0
262 263 269 0
262 269 274 0
262 273 274 0
263 264 269 0
263 270 1576 0
264 268 269 0
264 268 1570 0
264 1570 1571 0
265 1547 1548 0
265 1547 1578 0
265 1555 1578 0
266 1551 1557 0
266 1551 1584 0
266 1557 1577 0
266 1577 1579 0
266 1579 1584 0
267 268 1570 0
267 268 1583 0
267 1567 1570 0
267 1567 1579 0
267 1579 1584 0
267 1583 1584 0
270 1576 1591 0
271 1575 1576 0
271 1575 1594 0
271 1576 1591 0
271 1591 1592 0
271 1592 1594 0
272 273 274 0
272 273 275 0
272 274 1582 0
272 275 276 0
272 276 279 0
272 279 1582 0
273 275 1589 0
276 278 279 0
277 304 305 0
277 304 312 0
277 305 1586 0
277 312 317 0
277 317 1585 0
277 1585 1586 0
278 279 1586 0
278 303 305 0
278 305 1586 0
279 1581 1582 0
279 1581 1586 0
285 288 289 0
285 289 290 0
286 289 290 0
286 289 323 0
286 290 292 0
286 292 293 0
286 293 295 0
286 295 323 0
287 288 289 0
287 288 1540 0
287 289 323 0
287 301 323 0
287 301 1542 0
287 1540 1542 0
290 291 292 0
292 293 1590 0
293 295 297 0
293 297 302 0
294 295 297 0
294 295 323 0
294 297 299 0
294 299 300 0
294 300 301 0
294 301 323 0
296 297 299 0
296 297 302 0
296 298 299 0
296 298 321 0
296 302 303 0
296 303 306 0
296 306 321 0
298 299 1383 0
298 320 321 0
298 320 1382 0
298 1381 1382 0
298 1381 1383 0
299 300 1383 0
300 301 1544 0
301 1542 1543 0
301 1543 1544 0
303 305 306 0
304 305 306 0
304 306 308 0
304 308 311 0
304 311 312 0
306 308 321 0
307 308 313 0
307 308 322 0
307 313 1374 0
307 322 1384 0
307 1374 1375 0
307 1375 1384 0
308 311 313 0
308 321 322 0
309 314 324 0
309 319 324 0
309 319 1549 0
309 1548 1549 0
310 311 312 0
310 311 313 0
310 312 319 0
310 313 315 0
310 315 324 0
310 319 324 0
312 317 319 0
313 315 1374 0
314 315 324 0
316 317 319 0
316 317 1550 0
316 319 1549 0
316 1547 1549 0
316 1547 1550 0
317 318 1550 0
317 318 1585 0
318 1550 1551 0
318 1551 1584 0
318 1584 1585 0
320 321 322 0
320 322 1384 0
320 1382 1384 0
326 337 350 0
326 350 352 0
327 331 332 0
327 331 333 0
327 332 337 0
327 333 351 0
327 337 350 0
327 350 351 0
328 329 330 0
328 329 334 0
328 330 331 0
328 331 333 0
328 333 335 0
328 334 335 0
330 331 332 0
334 335 338 0
335 336 338 0
339 342 345 0
340 341 342 0
340 341 343 0
340 342 345 0
340 343 1212 0
340 344 345 0
340 344 1212 0
343 1211 1212 0
344 345 347 0
344 346 347 0
346 347 348 0
349 350 351 0
349 350 352 0
349 351 1541 0
349 352 1540 0
349 1540 1541 0
355 356 361 0
355 356 1529 0
356 361 1528 0
356 1524 1527 0
356 1524 1529 0
356 1527 1528 0
357 358 359 0
357 358 1528 0
357 1525 1527 0
357 1527 1528 0
358 360 1528 0
362 364 366 0
363 364 365 0
363 364 366 0
363 365 376 0
363 366 1194 0
363 376 1193 0
363 1193 1194 0
365 376 1197 0
365 1195 1196 0
365 1196 1197 0
366 368 1194 0
367 368 371 0
367 368 446 0
367 371 443 0
367 443 444 0
367 444 446 0
368 369 371 0
368 369 1194 0
368 446 447 0
369 371 374 0
369 374 1193 0
369 1193 1194 0
370 371 374 0
370 371 443 0
370 373 374 0
370 430 443 0
372 373 374 0
372 373 378 0
372 374 375 0
372 375 662 0
372 378 379 0
372 379 661 0
372 661 662 0
374 375 1193 0
375 376 662 0
375 376 1193 0
377 378 379 0
377 378 1192 0
377 379 381 0
377 381 1190 0
377 1190 1191 0
377 1191 1192 0
378 383 1192 0
379 381 669 0
379 661 669 0
380 381 391 0
380 381 659 0
380 391 1537 0
380 656 658 0
380 656 1537 0
380 658 659 0
381 391 1190 0
381 659 669 0
382 383 384 0
382 383 631 0
382 384 387 0
382 387 419 0
382 419 426 0
382 426 631 0
383 384 1192 0
383 428 631 0
384 387 390 0
384 390 1191 0
384 1191 1192 0
385 402 404 0
385 402 406 0
385 404 417 0
385 406 413 0
385 413 416 0
385 416 417 0
386 387 389 0
386 387 420 0
386 389 393 0
386 393 402 0
386 402 1536 0
386 420 1536 0
387 389 390 0
387 419 420 0
388 389 390 0
388 389 394 0
388 390 391 0
388 391 399 0
388 394 398 0
388 398 399 0
389 393 394 0
390 391 1190 0
390 1190 1191 0
391 399 1537 0
392 393 394 0
392 393 402 0
392 394 396 0
392 396 401 0
392 401 406 0
392 402 406 0
394 396 398 0
395 396 397 0
395 396 1189 0
395 397 1188 0
395 637 644 0
395 637 1189 0
395 644 1188 0
396 397 398 0
396 401 1189 0
397 398 399 0
400 401 632 0
400 401 719 0
400 632 634 0
400 634 718 0
400 717 718 0
400 717 719 0
401 406 719 0
401 632 1189 0
402 404 1536 0
403 404 405 0
403 404 1536 0
403 405 410 0
403 410 421 0
403 421 1536 0
404 405 417 0
405 410 1475 0
405 417 1474 0
405 1474 1475 0
406 413 719 0
407 596 597 0
407 596 617 0
407 597 605 0
407 605 615 0
407 615 617 0
408 422 424 0
408 422 1468 0
408 424 594 0
408 593 594 0
408 593 1467 0
408 1467 1468 0
409 410 421 0
409 410 1475 0
409 421 422 0
409 422 1468 0
409 1468 1475 0
411 412 415 0
411 412 991 0
411 414 415 0
411 414 714 0
411 713 714 0
411 713 989 0
411 988 989 0
411 988 991 0
412 415 416 0
412 416 1474 0
412 990 991 0
412 990 1474 0
413 415 416 0
413 415 719 0
414 415 717 0
414 714 715 0
414 715 717 0
415 717 719 0
416 417 1474 0
418 419 420 0
418 419 426 0
418 420 421 0
418 421 457 0
418 426 456 0
418 456 457 0
420 421 1536 0
421 422 457 0
422 424 458 0
422 457 458 0
423 459 460 0
423 459 616 0
423 460 630 0
423 463 615 0
423 463 630 0
423 615 616 0
424 458 459 0
424 459 616 0
424 594 616 0
425 426 451 0
425 426 456 0
425 451 453 0
425 453 455 0
425 455 456 0
426 427 451 0
426 427 631 0
427 428 431 0
427 428 631 0
427 431 451 0
428 430 431 0
429 430 431 0
429 430 443 0
429 431 434 0
429 434 437 0
429 437 442 0
429 442 443 0
431 434 435 0
431 435 451 0
432 464 468 0
432 464 501 0
432 468 469 0
432 469 473 0
432 473 500 0
432 500 501 0
433 434 438 0
433 434 467 0
433 438 468 0
433 466 467 0
433 466 468 0
434 435 467 0
434 437 438 0
435 451 453 0
435 453 1535 0
435 467 1535 0
436 437 438 0
436 437 512 0
436 438 440 0
436 440 508 0
436 507 508 0
436 507 512 0
437 442 512 0
438 440 629 0
438 468 629 0
439 470 472 0
439 470 506 0
439 472 497 0
439 497 498 0
439 498 504 0
439 504 506 0
440 470 506 0
440 470 629 0
440 506 508 0
441 442 444 0
441 442 512 0
441 444 445 0
441 445 511 0
441 511 512 0
442 443 444 0
444 445 446 0
445 446 447 0
445 447 448 0
445 448 450 0
445 450 511 0
447 448 449 0
450 509 510 0
450 509 530 0
450 510 511 0
450 530 531 0
452 453 455 0
452 453 1535 0
452 455 460 0
452 460 462 0
452 462 465 0
452 465 1535 0
454 455 456 0
454 455 460 0
454 456 458 0
454 458 459 0
454 459 460 0
456 457 458 0
460 462 630 0
461 462 463 0
461 462 502 0
461 463 613 0
461 502 614 0
461 613 614 0
462 463 630 0
462 464 465 0
462 464 502 0
463 604 606 0
463 604 615 0
463 606 613 0
464 465 466 0
464 466 468 0
464 501 502 0
465 466 1535 0
466 467 1535 0
468 469 629 0
469 470 472 0
469 470 629 0
469 472 473 0
471 472 473 0
471 472 1530 0
471 473 475 0
471 475 480 0
471 480 494 0
471 493 494 0
471 493 1530 0
472 497 1530 0
473 475 500 0
474 475 499 0
474 475 500 0
474 499 608 0
474 500 501 0
474 501 612 0
474 608 612 0
475 480 499 0
476 485 486 0
476 485 626 0
476 624 625 0
476 625 626 0
477 481 483 0
477 481 611 0
477 483 487 0
477 487 490 0
477 490 534 0
477 534 611 0
478 480 482 0
478 480 494 0
478 482 483 0
478 483 484 0
478 484 492 0
478 492 494 0
479 484 485 0
479 484 492 0
479 485 486 0
479 491 492 0
480 482 499 0
481 482 483 0
481 482 499 0
481 499 608 0
481 608 611 0
483 484 487 0
484 485 487 0
485 487 626 0
487 490 626 0
488 554 555 0
488 554 557 0
488 557 559 0
489 540 541 0
489 540 545 0
489 541 627 0
489 545 546 0
489 546 627 0
490 534 541 0
490 541 627 0
490 626 627 0
491 492 1534 0
492 494 1534 0
493 494 1534 0
493 1530 1533 0
493 1533 1534 0
495 526 527 0
495 526 529 0
495 529 1532 0
495 1531 1532 0
496 497 498 0
496 497 1530 0
496 498 529 0
496 529 1532 0
496 1530 1533 0
496 1532 1533 0
498 504 528 0
498 528 529 0
501 502 614 0
501 612 614 0
503 504 505 0
503 504 506 0
503 505 513 0
503 506 507 0
503 507 509 0
503 509 513 0
504 505 528 0
505 513 517 0
505 517 525 0
505 525 526 0
505 526 528 0
506 507 508 0
507 509 510 0
507 510 511 0
507 511 512 0
509 513 514 0
509 514 530 0
513 514 518 0
513 517 518 0
514 518 524 0
514 523 524 0
515 516 519 0
515 519 521 0
515 521 522 0
516 517 519 0
517 518 519 0
518 519 524 0
519 521 523 0
519 523 524 0
520 521 522 0
520 521 523 0
520 523 1518 0
520 1518 1523 0
526 528 529 0
532 536 538 0
532 536 618 0
532 538 621 0
532 600 603 0
532 600 619 0
532 603 618 0
532 619 621 0
533 534 535 0
533 534 541 0
533 535 536 0
533 536 538 0
533 538 540 0
533 540 541 0
534 535 611 0
535 536 618 0
535 609 610 0
535 609 611 0
535 610 618 0
537 538 539 0
537 538 621 0
537 539 553 0
537 553 557 0
537 557 620 0
537 620 621 0
538 539 540 0
539 540 545 0
539 545 552 0
539 552 553 0
542 549 551 0
542 551 552 0
542 552 623 0
543 545 546 0
543 545 552 0
543 546 548 0
543 548 550 0
543 550 551 0
543 551 552 0
544 546 548 0
544 546 628 0
544 547 548 0
544 624 628 0
546 627 628 0
547 548 550 0
549 550 551 0
552 553 554 0
552 554 555 0
552 555 623 0
553 554 557 0
556 558 560 0
556 560 562 0
556 562 564 0
557 558 559 0
557 558 560 0
557 560 620 0
560 562 563 0
560 563 620 0
561 562 563 0
561 562 564 0
561 563 576 0
561 564 565 0
561 565 575 0
561 575 576 0
563 576 579 0
563 579 619 0
563 619 620 0
565 570 575 0
566 574 588 0
566 574 622 0
566 580 582 0
566 580 622 0
566 582 585 0
566 585 588 0
567 1490 1497 0
567 1495 1496 0
567 1495 1497 0
568 571 572 0
568 572 1494 0
568 1494 1496 0
569 570 572 0
569 570 575 0
569 572 573 0
569 573 574 0
569 574 622 0
569 575 622 0
570 571 572 0
572 573 1494 0
573 574 588 0
573 587 588 0
573 587 1493 0
573 1493 1494 0
575 576 578 0
575 578 622 0
576 578 579 0
577 578 580 0
577 578 599 0
577 580 581 0
577 581 597 0
577 597 599 0
578 579 599 0
578 580 622 0
579 599 600 0
579 600 619 0
580 581 582 0
581 582 595 0
581 595 596 0
581 596 597 0
582 585 586 0
582 586 595 0
583 586 595 0
583 586 1470 0
583 593 595 0
583 593 1467 0
583 1467 1470 0
584 585 586 0
584 585 587 0
584 586 1470 0
584 587 591 0
584 591 986 0
584 986 1473 0
584 1470 1473 0
585 587 588 0
587 591 1492 0
587 1492 1493 0
589 980 983 0
589 980 1485 0
589 983 984 0
589 984 1502 0
589 1485 1503 0
589 1502 1503 0
590 591 986 0
590 591 1492 0
590 984 986 0
590 984 1502 0
590 1492 1502 0
592 593 594 0
592 593 595 0
592 594 617 0
592 595 596 0
592 596 617 0
594 616 617 0
597 598 599 0
597 598 605 0
598 599 600 0
598 600 602 0
598 602 605 0
600 602 603 0
601 602 603 0
601 602 604 0
601 603 610 0
601 604 606 0
601 606 607 0
601 607 610 0
602 604 605 0
603 610 618 0
604 605 615 0
606 607 613 0
607 608 609 0
607 608 612 0
607 609 610 0
607 612 613 0
608 609 611 0
612 613 614 0
615 616 617 0
619 620 621 0
624 625 628 0
625 626 627 0
625 627 628 0
632 634 638 0
632 637 638 0
632 637 1189 0
633 634 638 0
633 634 718 0
633 638 689 0
633 689 727 0
633 718 727 0
635 641 643 0
635 641 681 0
635 643 646 0
635 646 677 0
635 677 679 0
635 679 681 0
636 637 638 0
636 637 644 0
636 638 640 0
636 640 641 0
636 641 1187 0
636 644 1187 0
638 640 689 0
639 640 641 0
639 640 689 0
639 641 681 0
639 680 681 0
639 680 688 0
639 688 689 0
641 643 1187 0
642 643 647 0
642 643 1187 0
642 644 1186 0
642 644 1187 0
642 647 653 0
642 653 1186 0
643 646 647 0
644 1186 1188 0
645 646 647 0
645 646 690 0
645 647 650 0
645 650 1517 0
645 690 744 0
645 744 1517 0
646 677 678 0
646 678 690 0
647 650 653 0
648 650 653 0
648 650 1517 0
648 652 653 0
648 652 671 0
648 671 1517 0
649 651 655 0
649 652 653 0
649 653 670 0
649 655 670 0
653 670 1539 0
653 1186 1539 0
654 655 656 0
654 655 670 0
654 656 1538 0
654 670 1539 0
654 1538 1539 0
655 656 668 0
656 658 668 0
656 1537 1538 0
657 658 659 0
657 658 660 0
657 659 661 0
657 660 666 0
657 661 663 0
657 663 664 0
657 664 666 0
658 660 668 0
659 661 669 0
660 666 1206 0
661 662 663 0
663 664 667 0
664 665 666 0
671 1183 1517 0
672 741 743 0
672 741 1183 0
672 743 744 0
672 744 1517 0
672 1183 1517 0
673 678 747 0
673 678 773 0
673 743 747 0
673 743 771 0
673 770 771 0
673 770 772 0
673 772 773 0
674 731 1162 0
674 731 1166 0
674 1162 1163 0
674 1163 1167 0
674 1166 1167 0
675 679 680 0
675 679 1165 0
675 680 684 0
675 684 730 0
675 730 1166 0
675 1165 1166 0
676 677 678 0
676 677 679 0
676 678 773 0
676 679 1165 0
676 773 1168 0
676 1165 1168 0
678 690 747 0
679 680 681 0
680 684 686 0
680 686 688 0
682 687 695 0
682 687 728 0
682 695 738 0
682 728 737 0
682 737 738 0
683 684 686 0
683 684 730 0
683 686 687 0
683 687 728 0
683 728 739 0
683 730 739 0
685 686 687 0
685 686 688 0
685 687 691 0
685 688 689 0
685 689 727 0
685 691 727 0
687 691 694 0
687 694 695 0
690 744 747 0
691 693 694 0
692 693 694 0
692 693 705 0
692 694 695 0
692 695 701 0
692 701 703 0
692 703 705 0
693 705 707 0
695 700 701 0
695 700 738 0
696 939 941 0
696 939 1644 0
696 1642 1644 0
697 906 907 0
697 906 911 0
697 907 922 0
697 911 912 0
697 912 920 0
697 920 922 0
698 723 964 0
698 723 1155 0
698 923 957 0
698 923 1155 0
698 956 957 0
698 956 964 0
699 700 701 0
699 700 722 0
699 701 726 0
699 722 723 0
699 723 725 0
699 725 726 0
700 722 1156 0
700 736 738 0
700 736 1156 0
701 703 726 0
702 703 726 0
702 703 1516 0
702 726 1512 0
702 1511 1512 0
702 1511 1516 0
703 705 1516 0
704 705 706 0
704 705 1516 0
704 706 709 0
704 709 712 0
704 712 1516 0
705 706 707 0
706 707 715 0
706 709 716 0
706 715 716 0
707 715 720 0
708 709 711 0
708 709 713 0
708 711 973 0
708 713 989 0
708 973 975 0
708 975 992 0
708 989 992 0
709 711 712 0
709 713 716 0
710 711 712 0
710 711 973 0
710 712 1511 0
710 973 979 0
710 979 1511 0
712 1511 1516 0
713 714 716 0
714 715 716 0
715 717 720 0
717 718 720 0
718 720 727 0
721 722 723 0
721 722 1156 0
721 723 1155 0
721 1153 1155 0
721 1153 1156 0
723 725 964 0
724 725 726 0
724 725 964 0
724 726 1512 0
724 959 964 0
724 959 1512 0
728 737 739 0
729 731 733 0
729 731 739 0
729 733 735 0
729 735 737 0
729 737 739 0
730 731 739 0
730 731 1166 0
731 733 1162 0
732 733 794 0
732 733 1162 0
732 791 794 0
732 791 1161 0
732 1161 1162 0
733 735 794 0
734 735 736 0
734 735 794 0
734 736 1156 0
734 793 794 0
734 793 1157 0
734 1156 1157 0
735 736 737 0
736 737 738 0
740 741 1183 0
740 1183 1184 0
740 1184 1185 0
741 743 745 0
742 743 745 0
742 743 771 0
742 745 766 0
742 765 766 0
742 765 771 0
743 744 747 0
745 746 766 0
746 748 751 0
746 751 755 0
746 755 761 0
746 761 766 0
748 749 751 0
749 751 752 0
750 752 759 0
750 752 1459 0
750 758 759 0
750 758 1120 0
750 1120 1121 0
750 1121 1459 0
751 752 759 0
751 755 758 0
751 758 759 0
753 1107 1455 0
753 1107 1462 0
753 1170 1174 0
753 1170 1463 0
753 1174 1455 0
753 1462 1463 0
754 755 757 0
754 755 762 0
754 757 1461 0
754 762 1169 0
754 1169 1463 0
754 1461 1463 0
755 757 758 0
755 761 762 0
756 757 758 0
756 757 1461 0
756 758 1120 0
756 1113 1120 0
756 1113 1460 0
756 1460 1461 0
760 761 762 0
760 761 765 0
760 762 764 0
760 764 781 0
760 765 768 0
760 768 769 0
760 769 781 0
761 765 766 0
762 764 1169 0
763 764 780 0
763 764 1169 0
763 780 1175 0
763 1169 1170 0
763 1170 1173 0
763 1173 1175 0
764 780 781 0
765 768 770 0
765 770 771 0
767 768 769 0
767 768 770 0
767 769 775 0
767 770 772 0
767 772 1164 0
767 775 1164 0
769 775 779 0
769 779 780 0
769 780 781 0
772 773 1168 0
772 1164 1165 0
772 1165 1168 0
774 775 777 0
774 775 1164 0
774 777 1163 0
774 1163 1167 0
774 1164 1167 0
775 777 779 0
776 777 782 0
776 777 1160 0
776 782 784 0
776 784 787 0
776 787 1160 0
777 779 782 0
777 1160 1163 0
778 779 780 0
778 779 782 0
778 780 1175 0
778 782 1182 0
778 1175 1178 0
778 1178 1182 0
782 784 1182 0
783 784 785 0
783 784 1182 0
783 785 1149 0
783 1149 1180 0
783 1178 1179 0
783 1178 1182 0
783 1179 1180 0
784 785 787 0
785 787 1158 0
785 1149 1152 0
785 1152 1158 0
786 787 1158 0
786 787 1160 0
786 791 1158 0
786 791 1161 0
786 1160 1161 0
788 797 798 0
788 797 799 0
788 798 805 0
788 799 802 0
788 802 804 0
788 804 805 0
789 1004 1005 0
789 1004 1025 0
789 1020 1025 0
790 791 792 0
790 791 793 0
790 792 799 0
790 793 796 0
790 796 797 0
790 797 799 0
791 792 1158 0
791 793 794 0
792 799 803 0
792 803 1152 0
792 1152 1158 0
793 796 1157 0
795 796 797 0
795 796 1153 0
795 797 908 0
795 908 921 0
795 921 1154 0
795 1153 1154 0
796 1153 1157 0
797 798 908 0
798 805 909 0
798 907 908 0
798 907 909 0
799 802 803 0
800 828 832 0
800 828 836 0
800 832 833 0
800 833 1150 0
800 836 1151 0
800 1150 1151 0
801 802 803 0
801 802 804 0
801 803 1151 0
801 804 825 0
801 824 825 0
801 824 836 0
801 836 1151 0
803 1150 1151 0
803 1150 1152 0
804 805 808 0
804 808 811 0
804 811 825 0
805 808 904 0
805 904 909 0
806 838 839 0
806 838 901 0
806 839 1006 0
806 853 997 0
806 853 1006 0
806 901 997 0
807 808 810 0
807 808 926 0
807 810 813 0
807 813 838 0
807 838 901 0
807 900 901 0
807 900 902 0
807 902 926 0
808 810 811 0
808 904 926 0
809 810 814 0
809 810 826 0
809 814 818 0
809 818 823 0
809 823 827 0
809 824 826 0
809 824 827 0
810 811 826 0
810 813 814 0
811 825 826 0
812 813 814 0
812 813 838 0
812 814 819 0
812 819 840 0
812 838 840 0
814 818 819 0
815 1027 1028 0
815 1027 1035 0
815 1031 1035 0
816 821 1011 0
816 821 1024 0
816 1011 1016 0
816 1016 1018 0
816 1018 1022 0
816 1022 1024 0
817 818 819 0
817 818 821 0
817 819 820 0
817 820 1024 0
817 821 1024 0
818 821 837 0
818 823 837 0
819 820 840 0
820 840 1001 0
820 1001 1023 0
820 1023 1024 0
821 837 1010 0
821 1010 1011 0
822 823 827 0
822 823 837 0
822 827 828 0
822 828 1007 0
822 837 1465 0
822 1007 1465 0
824 825 826 0
824 827 836 0
827 828 836 0
828 832 834 0
828 834 1007 0
829 1036 1132 0
829 1036 1147 0
829 1043 1046 0
829 1043 1147 0
829 1046 1047 0
829 1047 1132 0
830 834 1134 0
830 834 1148 0
830 1012 1036 0
830 1012 1148 0
830 1036 1133 0
830 1133 1134 0
831 832 833 0
831 832 834 0
831 833 1441 0
831 834 1134 0
831 1134 1136 0
831 1135 1136 0
831 1135 1441 0
833 1149 1150 0
833 1149 1180 0
833 1179 1180 0
833 1179 1441 0
834 1007 1148 0
835 1007 1148 0
835 1007 1465 0
835 1010 1013 0
835 1010 1465 0
835 1013 1148 0
837 1010 1465 0
838 839 840 0
839 840 1001 0
839 847 1001 0
839 847 1006 0
841 849 850 0
841 849 859 0
841 859 865 0
841 864 865 0
842 846 848 0
842 846 854 0
842 848 858 0
842 854 855 0
842 855 858 0
843 848 849 0
843 848 1005 0
843 849 850 0
844 846 847 0
844 846 854 0
844 847 1006 0
844 853 854 0
844 853 1006 0
845 846 847 0
845 846 848 0
845 847 1003 0
845 848 1005 0
845 1003 1004 0
845 1004 1005 0
847 1001 1003 0
848 849 858 0
849 858 859 0
851 855 856 0
851 855 858 0
851 856 874 0
851 858 859 0
851 859 865 0
851 865 868 0
851 868 874 0
852 853 857 0
852 853 896 0
852 856 857 0
852 856 881 0
852 881 883 0
852 883 896 0
853 854 857 0
853 896 997 0
854 855 857 0
855 856 857 0
856 873 874 0
856 873 881 0
860 861 866 0
860 861 872 0
860 866 869 0
860 869 1515 0
860 872 1515 0
861 863 872 0
861 864 866 0
862 878 893 0
862 878 1000 0
862 893 894 0
863 872 1514 0
864 865 866 0
865 866 869 0
865 868 869 0
867 868 873 0
867 868 1515 0
867 873 876 0
867 876 999 0
867 999 1515 0
868 869 1515 0
868 873 874 0
870 877 998 0
870 998 1513 0
870 1513 1514 0
871 872 1514 0
871 872 1515 0
871 998 999 0
871 998 1513 0
871 999 1515 0
871 1513 1514 0
873 876 880 0
873 880 881 0
875 876 878 0
875 876 880 0
875 878 893 0
875 880 889 0
875 889 892 0
875 892 893 0
876 878 999 0
877 878 998 0
877 878 1000 0
878 998 999 0
879 880 881 0
879 880 889 0
879 881 884 0
879 884 888 0
879 888 889 0
881 883 884 0
882 883 884 0
882 883 895 0
882 884 925 0
882 895 898 0
882 898 925 0
883 895 896 0
884 886 888 0
884 886 925 0
885 886 924 0
885 886 928 0
885 910 913 0
885 910 924 0
885 913 915 0
885 915 933 0
885 928 933 0
886 887 888 0
886 887 928 0
886 924 925 0
887 888 889 0
887 889 931 0
887 928 930 0
887 930 931 0
889 892 931 0
890 927 996 0
890 940 941 0
890 940 996 0
891 892 893 0
891 892 931 0
891 893 894 0
891 894 927 0
891 927 996 0
891 931 942 0
891 942 996 0
895 896 997 0
895 898 900 0
895 900 901 0
895 901 997 0
897 898 899 0
897 898 900 0
897 899 905 0
897 900 902 0
897 902 903 0
897 903 905 0
898 899 925 0
899 905 910 0
899 910 924 0
899 924 925 0
902 903 926 0
903 904 909 0
903 904 926 0
903 905 906 0
903 906 909 0
905 906 911 0
905 910 911 0
906 907 909 0
907 908 922 0
908 921 922 0
910 911 913 0
911 912 913 0
912 913 915 0
912 915 917 0
912 917 919 0
912 919 920 0
914 915 917 0
914 915 933 0
914 917 945 0
914 932 933 0
914 932 937 0
914 937 944 0
914 944 945 0
916 917 945 0
916 917 958 0
916 945 950 0
916 950 955 0
916 955 958 0
917 919 958 0
918 919 920 0
918 919 958 0
918 920 921 0
918 921 923 0
918 923 957 0
918 957 958 0
920 921 922 0
921 923 1154 0
923 1154 1155 0
928 930 933 0
929 930 932 0
929 930 942 0
929 932 938 0
929 938 939 0
929 939 940 0
929 940 942 0
930 931 942 0
930 932 933 0
932 937 938 0
934 937 938 0
934 937 946 0
934 938 939 0
934 939 1644 0
934 946 1643 0
934 1643 1644 0
935 993 994 0
935 993 1509 0
935 1509 1510 0
936 947 1510 0
936 947 1643 0
936 1642 1643 0
937 944 946 0
939 940 941 0
940 942 996 0
943 946 947 0
943 946 951 0
943 947 949 0
943 949 952 0
943 951 952 0
944 945 951 0
944 946 951 0
945 950 951 0
946 947 1643 0
947 949 1510 0
948 949 952 0
948 949 1510 0
948 952 965 0
948 965 993 0
948 993 1509 0
948 1509 1510 0
950 951 952 0
950 952 954 0
950 954 955 0
952 954 963 0
952 963 965 0
953 954 955 0
953 954 963 0
953 955 956 0
953 956 959 0
953 959 962 0
953 962 963 0
955 956 957 0
955 957 958 0
956 959 964 0
959 961 962 0
959 961 1512 0
960 962 963 0
960 962 1476 0
960 963 966 0
960 966 970 0
960 970 978 0
960 978 1476 0
961 962 1476 0
961 1476 1511 0
961 1511 1512 0
963 965 966 0
965 966 971 0
965 968 971 0
965 968 993 0
966 970 971 0
967 995 1508 0
967 1506 1508 0
968 971 1507 0
968 993 994 0
968 994 995 0
968 995 1508 0
968 1507 1508 0
969 970 978 0
969 970 1507 0
969 977 978 0
969 977 1499 0
969 1477 1499 0
969 1477 1507 0
970 971 1507 0
972 973 976 0
972 973 979 0
972 976 977 0
972 977 978 0
972 978 979 0
973 975 976 0
974 975 976 0
974 975 1486 0
974 976 1498 0
974 1482 1485 0
974 1482 1498 0
974 1485 1486 0
975 980 982 0
975 980 1486 0
975 982 992 0
976 977 1498 0
977 1498 1499 0
978 979 1476 0
979 1476 1511 0
980 982 983 0
980 1485 1486 0
981 982 983 0
981 982 988 0
981 983 987 0
981 987 990 0
981 988 991 0
981 990 991 0
982 988 989 0
982 989 992 0
983 984 987 0
984 986 987 0
985 986 987 0
985 986 1473 0
985 987 990 0
985 990 1472 0
985 1469 1472 0
985 1469 1473 0
990 1472 1474 0
1001 1003 1023 0
1002 1003 1004 0
1002 1003 1023 0
1002 1004 1025 0
1002 1019 1021 0
1002 1019 1025 0
1002 1021 1023 0
1008 1012 1014 0
1008 1012 1146 0
1008 1014 1034 0
1008 1034 1039 0
1008 1037 1038 0
1008 1037 1146 0
1008 1038 1039 0
1009 1010 1011 0
1009 1010 1013 0
1009 1011 1026 0
1009 1013 1014 0
1009 1014 1026 0
1011 1016 1026 0
1012 1013 1014 0
1012 1013 1148 0
1012 1036 1146 0
1014 1026 1034 0
1015 1026 1027 0
1015 1026 1034 0
1015 1027 1035 0
1015 1034 1035 0
1016 1018 1029 0
1016 1026 1027 0
1016 1027 1029 0
1017 1018 1019 0
1017 1018 1029 0
1017 1019 1020 0
1017 1028 1029 0
1018 1019 1022 0
1019 1020 1025 0
1019 1021 1022 0
1021 1022 1024 0
1021 1023 1024 0
1027 1028 1029 0
1030 1032 1033 0
1030 1032 1139 0
1030 1138 1139 0
1031 1032 1033 0
1031 1032 1035 0
1032 1034 1035 0
1032 1034 1039 0
1032 1038 1039 0
1032 1038 1139 0
1036 1132 1133 0
1036 1146 1147 0
1037 1038 1042 0
1037 1042 1043 0
1037 1043 1147 0
1037 1146 1147 0
1038 1042 1140 0
1038 1139 1140 0
1040 1042 1048 0
1040 1042 1142 0
1040 1048 1130 0
1040 1126 1130 0
1040 1126 1143 0
1040 1142 1143 0
1041 1393 1397 0
1041 1393 1412 0
1041 1397 1398 0
1041 1411 1412 0
1042 1043 1048 0
1042 1140 1142 0
1043 1046 1048 0
1044 1049 1050 0
1044 1049 1056 0
1044 1050 1051 0
1044 1051 1109 0
1044 1056 1059 0
1044 1059 1109 0
1045 1046 1047 0
1045 1046 1048 0
1045 1047 1052 0
1045 1048 1049 0
1045 1049 1050 0
1045 1050 1052 0
1047 1052 1448 0
1047 1132 1445 0
1047 1444 1445 0
1047 1444 1448 0
1048 1049 1130 0
1049 1056 1124 0
1049 1124 1130 0
1050 1051 1052 0
1051 1052 1448 0
1051 1109 1453 0
1051 1448 1453 0
1053 1068 1069 0
1053 1068 1070 0
1053 1069 1406 0
1053 1070 1075 0
1053 1075 1400 0
1053 1400 1406 0
1054 1129 1408 0
1054 1404 1405 0
1054 1405 1408 0
1055 1056 1058 0
1055 1056 1125 0
1055 1058 1062 0
1055 1062 1068 0
1055 1068 1458 0
1055 1125 1458 0
1056 1058 1059 0
1056 1124 1125 0
1057 1058 1063 0
1057 1058 1102 0
1057 1063 1094 0
1057 1094 1100 0
1057 1100 1101 0
1057 1101 1102 0
1058 1059 1102 0
1058 1062 1063 0
1059 1102 1109 0
1060 1101 1102 0
1060 1101 1457 0
1060 1102 1109 0
1060 1109 1453 0
1060 1451 1453 0
1060 1451 1457 0
1061 1062 1063 0
1061 1062 1068 0
1061 1063 1066 0
1061 1066 1071 0
1061 1068 1071 0
1063 1066 1086 0
1063 1086 1094 0
1064 1084 1085 0
1064 1084 1091 0
1064 1085 1096 0
1064 1091 1092 0
1064 1092 1464 0
1064 1096 1464 0
1065 1066 1067 0
1065 1066 1086 0
1065 1067 1083 0
1065 1083 1084 0
1065 1084 1085 0
1065 1085 1086 0
1066 1067 1071 0
1067 1070 1071 0
1067 1070 1076 0
1067 1076 1077 0
1067 1077 1082 0
1067 1082 1083 0
1068 1069 1458 0
1068 1070 1071 0
1069 1406 1407 0
1069 1407 1409 0
1069 1409 1458 0
1070 1075 1076 0
1072 1292 1293 0
1072 1292 1304 0
1072 1293 1295 0
1072 1295 1300 0
1072 1300 1303 0
1072 1303 1304 0
1073 1076 1077 0
1073 1076 1392 0
1073 1077 1080 0
1073 1080 1295 0
1073 1295 1300 0
1073 1300 1392 0
1074 1075 1076 0
1074 1075 1401 0
1074 1076 1392 0
1074 1305 1392 0
1074 1305 1396 0
1074 1395 1396 0
1074 1395 1402 0
1074 1401 1402 0
1075 1400 1401 0
1077 1080 1087 0
1077 1082 1087 0
1078 1079 1093 0
1078 1079 1299 0
1078 1093 1274 0
1078 1274 1276 0
1078 1276 1297 0
1078 1297 1299 0
1079 1080 1087 0
1079 1080 1295 0
1079 1087 1093 0
1079 1295 1299 0
1081 1082 1083 0
1081 1082 1087 0
1081 1083 1091 0
1081 1087 1089 0
1081 1089 1090 0
1081 1090 1091 0
1083 1084 1091 0
1085 1086 1100 0
1085 1096 1099 0
1085 1099 1100 0
1086 1094 1100 0
1087 1089 1093 0
1088 1089 1090 0
1088 1089 1093 0
1088 1090 1435 0
1088 1093 1274 0
1088 1274 1420 0
1088 1420 1435 0
1090 1091 1432 0
1090 1429 1432 0
1090 1429 1435 0
1091 1092 1432 0
1092 1430 1431 0
1092 1430 1432 0
1092 1431 1464 0
1095 1098 1104 0
1095 1098 1111 0
1095 1104 1106 0
1095 1106 1112 0
1095 1111 1112 0
1096 1098 1099 0
1096 1098 1111 0
1096 1111 1464 0
1097 1098 1099 0
1097 1098 1104 0
1097 1099 1100 0
1097 1100 1101 0
1097 1101 1457 0
1097 1104 1456 0
1097 1456 1457 0
1103 1104 1107 0
1103 1104 1456 0
1103 1107 1455 0
1103 1454 1455 0
1103 1454 1456 0
1104 1106 1107 0
1105 1106 1107 0
1105 1106 1108 0
1105 1107 1462 0
1105 1108 1116 0
1105 1113 1116 0
1105 1113 1460 0
1105 1460 1462 0
1106 1108 1112 0
1108 1110 1112 0
1108 1110 1115 0
1108 1115 1116 0
1110 1111 1112 0
1110 1111 1464 0
1110 1431 1464 0
1113 1114 1116 0
1113 1114 1117 0
1113 1117 1120 0
1114 1115 1116 0
1114 1115 1434 0
1114 1117 1118 0
1114 1118 1434 0
1117 1120 1121 0
1122 1124 1125 0
1122 1124 1126 0
1122 1125 1409 0
1122 1126 1127 0
1122 1127 1128 0
1122 1128 1409 0
1123 1127 1128 0
1123 1127 1144 0
1123 1128 1129 0
1124 1126 1130 0
1125 1409 1458 0
1126 1127 1143 0
1127 1143 1144 0
1128 1129 1410 0
1128 1407 1409 0
1128 1407 1410 0
1129 1408 1410 0
1131 1132 1133 0
1131 1132 1445 0
1131 1133 1134 0
1131 1134 1136 0
1131 1136 1446 0
1131 1445 1446 0
1135 1136 1446 0
1135 1181 1441 0
1135 1181 1443 0
1135 1443 1446 0
1137 1140 1141 0
1137 1140 1142 0
1137 1141 1145 0
1137 1142 1143 0
1137 1143 1145 0
1138 1139 1141 0
1139 1140 1141 0
1143 1144 1145 0
1149 1150 1152 0
1153 1154 1155 0
1153 1156 1157 0
1159 1160 1161 0
1159 1160 1163 0
1159 1161 1162 0
1159 1162 1163 0
1164 1165 1167 0
1165 1166 1167 0
1169 1170 1463 0
1170 1173 1174 0
1171 1172 1174 0
1171 1172 1450 0
1171 1174 1454 0
1171 1450 1452 0
1171 1452 1454 0
1172 1173 1174 0
1172 1173 1175 0
1172 1175 1177 0
1172 1177 1442 0
1172 1442 1450 0
1174 1454 1455 0
1175 1177 1178 0
1176 1177 1178 0
1176 1177 1442 0
1176 1178 1179 0
1176 1179 1181 0
1176 1181 1443 0
1176 1442 1443 0
1179 1181 1441 0
1198 1200 1202 0
1200 1201 1202 0
1210 1213 1214 0
1216 1217 1351 0
1216 1217 1389 0
1216 1344 1347 0
1216 1347 1351 0
1218 1229 1230 0
1218 1229 1234 0
1218 1230 1414 0
1218 1234 1269 0
1218 1269 1271 0
1218 1271 1415 0
1218 1414 1415 0
1219 1220 1230 0
1219 1220 1316 0
1219 1230 1414 0
1219 1316 1416 0
1219 1414 1416 0
1220 1222 1230 0
1221 1222 1224 0
1221 1222 1229 0
1221 1224 1228 0
1221 1228 1243 0
1221 1229 1233 0
1221 1233 1242 0
1221 1242 1243 0
1222 1224 1225 0
1222 1229 1230 0
1223 1224 1225 0
1223 1224 1391 0
1223 1225 1315 0
1223 1315 1437 0
1223 1391 1438 0
1223 1437 1438 0
1224 1228 1391 0
1226 1241 1312 0
1226 1312 1390 0
1226 1323 1390 0
1227 1237 1239 0
1227 1237 1314 0
1227 1238 1239 0
1227 1238 1324 0
1227 1314 1328 0
1227 1324 1325 0
1227 1325 1328 0
1228 1237 1243 0
1228 1237 1314 0
1228 1314 1391 0
1229 1233 1234 0
1231 1232 1269 0
1231 1232 1436 0
1231 1244 1246 0
1231 1244 1436 0
1231 1246 1261 0
1231 1261 1263 0
1231 1263 1269 0
1232 1233 1234 0
1232 1233 1436 0
1232 1234 1269 0
1233 1242 1436 0
1235 1237 1239 0
1235 1237 1242 0
1235 1239 1240 0
1235 1240 1311 0
1235 1242 1244 0
1235 1244 1247 0
1235 1247 1311 0
1236 1240 1241 0
1236 1240 1311 0
1236 1309 1310 0
1236 1310 1311 0
1237 1242 1243 0
1238 1239 1240 0
1238 1240 1312 0
1238 1312 1390 0
1238 1324 1390 0
1240 1241 1312 0
1242 1244 1436 0
1244 1246 1247 0
1245 1246 1247 0
1245 1246 1248 0
1245 1247 1311 0
1245 1248 1310 0
1245 1310 1311 0
1246 1248 1252 0
1246 1252 1261 0
1248 1252 1260 0
1248 1260 1309 0
1248 1309 1310 0
1249 1627 1628 0
1249 1628 1630 0
1249 1630 1631 0
1250 1258 1267 0
1250 1258 1634 0
1250 1267 1307 0
1250 1307 1637 0
1250 1634 1637 0
1251 1252 1255 0
1251 1252 1261 0
1251 1255 1258 0
1251 1258 1267 0
1251 1261 1264 0
1251 1264 1267 0
1252 1255 1256 0
1252 1256 1260 0
1253 1257 1259 0
1253 1259 1632 0
1253 1630 1631 0
1253 1630 1632 0
1254 1255 1256 0
1254 1255 1258 0
1254 1256 1259 0
1254 1258 1634 0
1254 1259 1632 0
1254 1632 1634 0
1256 1257 1259 0
1256 1257 1260 0
1261 1263 1264 0
1262 1263 1264 0
1262 1263 1269 0
1262 1264 1266 0
1262 1266 1272 0
1262 1269 1271 0
1262 1271 1272 0
1264 1266 1267 0
1265 1268 1283 0
1265 1268 1308 0
1265 1277 1280 0
1265 1277 1298 0
1265 1280 1308 0
1265 1283 1296 0
1265 1296 1298 0
1266 1267 1308 0
1266 1272 1277 0
1266 1277 1280 0
1266 1280 1308 0
1267 1268 1307 0
1267 1268 1308 0
1268 1283 1286 0
1268 1286 1307 0
1270 1271 1272 0
1270 1271 1415 0
1270 1272 1278 0
1270 1278 1279 0
1270 1279 1415 0
1272 1275 1277 0
1272 1275 1278 0
1273 1274 1275 0
1273 1274 1420 0
1273 1275 1278 0
1273 1278 1279 0
1273 1279 1419 0
1273 1419 1420 0
1274 1275 1276 0
1275 1276 1298 0
1275 1277 1298 0
1276 1297 1298 0
1279 1414 1415 0
1279 1414 1416 0
1279 1416 1418 0
1279 1418 1419 0
1281 1283 1285 0
1281 1283 1294 0
1281 1285 1289 0
1281 1289 1291 0
1281 1291 1292 0
1281 1292 1294 0
1282 1293 1294 0
1282 1293 1299 0
1282 1294 1296 0
1282 1296 1297 0
1282 1297 1299 0
1283 1285 1286 0
1283 1294 1296 0
1284 1285 1286 0
1284 1285 1640 0
1284 1286 1637 0
1284 1637 1638 0
1284 1638 1640 0
1285 1289 1640 0
1286 1307 1637 0
1287 1597 1605 0
1287 1605 1608 0
1287 1608 1612 0
1288 1289 1603 0
1288 1289 1640 0
1288 1603 1610 0
1288 1609 1610 0
1288 1609 1614 0
1288 1614 1639 0
1288 1639 1640 0
1289 1291 1603 0
1290 1291 1292 0
1290 1291 1603 0
1290 1292 1304 0
1290 1304 1599 0
1290 1599 1602 0
1290 1602 1603 0
1292 1293 1294 0
1293 1295 1299 0
1296 1297 1298 0
1300 1303 1306 0
1300 1306 1392 0
1301 1303 1306 0
1301 1303 1604 0
1301 1305 1306 0
1301 1305 1393 0
1301 1393 1397 0
1301 1397 1601 0
1301 1601 1604 0
1302 1397 1398 0
1302 1397 1600 0
1302 1597 1598 0
1302 1598 1600 0
1303 1304 1604 0
1304 1599 1604 0
1305 1306 1392 0
1305 1393 1396 0
1313 1314 1328 0
1313 1314 1391 0
1313 1328 1329 0
1313 1329 1438 0
1313 1391 1438 0
1320 1325 1326 0
1320 1325 1327 0
1320 1326 1334 0
1320 1327 1331 0
1320 1331 1335 0
1320 1334 1335 0
1321 1322 1323 0
1321 1322 1326 0
1321 1326 1334 0
1321 1333 1334 0
1322 1323 1390 0
1322 1324 1326 0
1322 1324 1390 0
1324 1325 1326 0
1325 1327 1328 0
1327 1328 1329 0
1330 1331 1356 0
1330 1337 1356 0
1330 1337 1389 0
1330 1388 1389 0
1331 1335 1356 0
1332 1335 1336 0
1332 1335 1356 0
1332 1336 1355 0
1332 1337 1353 0
1332 1337 1356 0
1332 1353 1355 0
1333 1334 1336 0
1334 1335 1336 0
1337 1340 1353 0
1338 1339 1357 0
1338 1339 1365 0
1338 1354 1357 0
1338 1364 1365 0
1338 1364 1378 0
1339 1340 1342 0
1339 1340 1353 0
1339 1342 1365 0
1339 1353 1357 0
1340 1342 1343 0
1341 1342 1343 0
1341 1342 1350 0
1341 1343 1344 0
1341 1344 1346 0
1341 1346 1348 0
1341 1348 1350 0
1342 1350 1365 0
1344 1346 1347 0
1345 1346 1347 0
1345 1346 1348 0
1345 1347 1352 0
1345 1348 1386 0
1345 1352 1380 0
1345 1380 1386 0
1348 1349 1350 0
1348 1349 1358 0
1348 1358 1387 0
1348 1386 1387 0
1349 1350 1364 0
1349 1358 1361 0
1349 1361 1364 0
1350 1364 1365 0
1353 1355 1357 0
1358 1361 1366 0
1359 1361 1362 0
1359 1361 1366 0
1359 1362 1369 0
1359 1366 1367 0
1359 1367 1368 0
1359 1368 1369 0
1360 1368 1369 0
1360 1368 1371 0
1360 1371 1373 0
1361 1362 1379 0
1361 1364 1379 0
1363 1378 1379 0
1364 1378 1379 0
1367 1368 1385 0
1367 1377 1385 0
1368 1371 1385 0
1370 1371 1372 0
1370 1371 1385 0
1370 1372 1375 0
1370 1375 1384 0
1370 1384 1385 0
1371 1372 1373 0
1372 1374 1375 0
1376 1377 1384 0
1376 1381 1382 0
1376 1382 1384 0
1377 1384 1385 0
1393 1396 1412 0
1394 1403 1404 0
1394 1403 1413 0
1395 1396 1412 0
1395 1402 1403 0
1395 1403 1413 0
1395 1411 1412 0
1395 1411 1413 0
1397 1600 1601 0
1399 1400 1402 0
1399 1400 1406 0
1399 1402 1403 0
1399 1403 1404 0
1399 1404 1405 0
1399 1405 1406 0
1400 1401 1402 0
1405 1406 1407 0
1405 1407 1408 0
1407 1408 1410 0
1416 1418 1422 0
1416 1422 1423 0
1417 1418 1419 0
1417 1418 1422 0
1417 1419 1420 0
1417 1420 1435 0
1417 1422 1428 0
1417 1428 1429 0
1417 1429 1435 0
1421 1422 1423 0
1421 1422 1428 0
1421 1423 1424 0
1421 1424 1425 0
1421 1425 1427 0
1421 1427 1428 0
1425 1427 1433 0
1426 1427 1428 0
1426 1427 1433 0
1426 1428 1430 0
1426 1430 1431 0
1428 1429 1430 0
1429 1430 1432 0
1437 1438 1439 0
1442 1443 1449 0
1442 1449 1450 0
1443 1444 1446 0
1443 1444 1449 0
1444 1445 1446 0
1444 1448 1449 0
1447 1448 1449 0
1447 1448 1453 0
1447 1449 1450 0
1447 1450 1452 0
1447 1452 1453 0
1451 1452 1453 0
1451 1452 1454 0
1451 1454 1456 0
1451 1456 1457 0
1460 1461 1462 0
1461 1462 1463 0
1466 1467 1468 0
1466 1467 1471 0
1466 1468 1475 0
1466 1471 1472 0
1466 1472 1474 0
1466 1474 1475 0
1467 1470 1471 0
1469 1470 1471 0
1469 1470 1473 0
1469 1471 1472 0
1477 1478 1499 0
1477 1478 1505 0
1477 1504 1505 0
1477 1504 1506 0
1477 1506 1508 0
1477 1507 1508 0
1478 1482 1483 0
1478 1482 1499 0
1479 1481 1488 0
1479 1488 1489 0
1479 1489 1490 0
1480 1481 1488 0
1480 1483 1487 0
1480 1487 1488 0
1482 1483 1487 0
1482 1485 1487 0
1482 1498 1499 0
1484 1485 1487 0
1484 1485 1503 0
1484 1487 1488 0
1484 1488 1489 0
1484 1489 1501 0
1484 1500 1501 0
1484 1500 1503 0
1489 1490 1497 0
1489 1497 1501 0
1491 1492 1493 0
1491 1492 1500 0
1491 1493 1495 0
1491 1495 1497 0
1491 1497 1501 0
1491 1500 1501 0
1492 1500 1502 0
1493 1494 1495 0
1494 1495 1496 0
1500 1502 1503 0
1518 1521 1522 0
1518 1521 1523 0
1520 1521 1523 0
1520 1521 1524 0
1520 1524 1526 0
1521 1524 1529 0
1524 1526 1527 0
1525 1526 1527 0
1531 1532 1533 0
1543 1544 1587 0
1546 1547 1550 0
1546 1547 1578 0
1546 1550 1551 0
1546 1551 1557 0
1546 1554 1557 0
1546 1554 1578 0
1547 1548 1549 0
1552 1553 1554 0
1552 1553 1562 0
1552 1554 1580 0
1552 1562 1563 0
1552 1563 1580 0
1553 1554 1555 0
1553 1556 1562 0
1554 1555 1578 0
1554 1557 1580 0
1557 1577 1580 0
1558 1563 1564 0
1558 1563 1580 0
1558 1564 1566 0
1558 1566 1577 0
1558 1577 1580 0
1559 1560 1561 0
1559 1560 1564 0
1559 1564 1569 0
1560 1562 1563 0
1560 1563 1564 0
1564 1566 1568 0
1564 1568 1569 0
1565 1566 1567 0
1565 1566 1568 0
1565 1567 1570 0
1565 1568 1572 0
1565 1570 1571 0
1565 1571 1572 0
1566 1567 1577 0
1567 1577 1579 0
1571 1572 1574 0
1572 1573 1574 0
1581 1582 1583 0
1581 1583 1584 0
1581 1584 1585 0
1581 1585 1586 0
1592 1593 1594 0
1596 1598 1602 0
1596 1598 1605 0
1596 1602 1610 0
1596 1605 1608 0
1596 1608 1609 0
1596 1609 1610 0
1597 1598 1605 0
1598 1599 1601 0
1598 1599 1602 0
1598 1600 1601 0
1599 1601 1604 0
1602 1603 1610 0
1606 1611 1612 0
1606 1611 1618 0
1606 1618 1641 0
1607 1608 1609 0
1607 1608 1611 0
1607 1609 1614 0
1607 1611 1618 0
1607 1614 1617 0
1607 1617 1618 0
1608 1611 1612 0
1613 1614 1626 0
1613 1614 1639 0
1613 1626 1635 0
1613 1635 1638 0
1613 1638 1639 0
1614 1617 1626 0
1615 1619 1621 0
1615 1621 1623 0
1615 1623 1624 0
1616 1617 1618 0
1616 1617 1625 0
1616 1618 1620 0
1616 1620 1621 0
1616 1621 1623 0
1616 1623 1625 0
1617 1625 1626 0
1618 1620 1641 0
1619 1620 1621 0
1622 1623 1624 0
1622 1623 1625 0
1622 1624 1628 0
1622 1625 1635 0
1622 1628 1629 0
1622 1629 1635 0
1624 1627 1628 0
1625 1626 1635 0
1628 1629 1636 0
1628 1630 1636 0
1629 1633 1636 0
1629 1633 1637 0
1629 1635 1638 0
1629 1637 1638 0
1630 1632 1633 0
1630 1633 1636 0
1632 1633 1634 0
1633 1634 1637 0
1638 1639 1640 0
1642 1643 1644 0

End
