MeshVersionFormatted 1

Dimension
2

Vertices
1808
0.0 0.0 1
1.0 0.0 1
1.0 1.0 1
0.0 1.0 1
0.5 0.0 1
1.0 0.5 1
0.5 1.0 1
0.25 0.5 0
0.0 0.5 1
0.0 0.75 1
0.25 1.0 1
0.375 0.75 0
0.7291666666666666 0.7291666666666666 0
0.538690476190476 0.5119047619047622 0
0.3910557644110273 0.5857221177944861 0
0.5316602518200254 0.6823877028881726 0
0.654972415227055 0.6020863169829342 0
0.7650644656186915 0.3400724474862056 0
0.6749052114385818 0.45632563128933656 0
0.8276068351983819 0.5514508511724192 0
0.7854616148589596 0.44897904494922575 0
0.7352910988334793 0.5295162491877469 0
0.7601325780042659 0.6301974255277039 0
0.7736121155384761 0.5734663558598555 0
0.7140392862560221 0.5867276498891941 0
0.6987346194295964 0.6491284537217925 0
0.6895479488246486 0.6137980513830927 0
0.6614100503901603 0.639974082968478 0
0.6825426634382137 0.6344791454007385 0
0.7244735266878868 0.623576211854637 0
0.7477968640191492 0.5972994768463565 0
0.7275379409771011 0.6028068862470389 0
0.7440524615192441 0.6174652421404618 0
0.7784245976346679 0.6045767534299857 0
0.8093385144479363 0.5838672436854193 0
0.7890475372146447 0.5870060645387796 0
0.8461816555446715 0.6722924572655464 0
1.0 0.75 1
0.8066631635324238 0.6440780127382931 0
0.7857760572708267 0.629165548447653 0
0.7744599880071019 0.667099341934187 0
0.7866172891533374 0.6500712481230905 0
0.8053852959942137 0.6763247026223674 0
0.8122551370269 0.6141616598473322 0
0.8427332851469864 0.6353394473833697 0
0.8227340410036001 0.631601182777156 0
0.8283730496967183 0.6554530756841936 0
1.0 0.625 1
0.9224428048553248 0.6465385392034835 0
0.8812613848242679 0.6503814951689784 0
0.8582215889247348 0.65253151624715 0
0.7766370669065205 0.7162480047140101 0
0.7840806033788722 0.6912957382713913 0
0.744700695206314 0.6929425963997338 0
0.7646823943128609 0.699095416175829 0
0.7522935887532748 0.720472181476647 0
0.75 1.0 1
0.786893686506218 0.8476123214299552 0
0.7755800590230798 0.782413098256871 0
0.7523733628448737 0.7557898824617663 0
0.8162929542299878 0.7144914158131778 0
0.8042134861583373 0.6973015994065744 0
0.8296489392941087 0.6922669280929885 0
0.9042811763523845 0.7522432099296383 0
0.8746536151829974 0.7126877164189657 0
0.84557760066968 0.7169648228684805 0
0.8653658642640278 0.7505178128108445 0
0.8623051945138791 0.7297112046223059 0
0.8867827761365593 0.7344762769773537 0
0.9361927387013834 0.7033135353396666 0
0.9056799668666939 0.7096863866672318 0
0.9261916540856063 0.7316619805289466 0
0.9658570911276474 0.7297172309483801 0
1.0 0.6875 1
0.9456267756478428 0.7225801518046546 0
1.0 0.875 1
0.9483024791158146 0.7771542463372757 0
0.9473814603394966 0.7498467622428344 0
0.9265637692997013 0.764218169163634 0
0.8817410443197189 0.8209039351607061 0
0.91793216282746 0.8034570187846694 0
0.9287552963562252 0.7852690506762093 0
0.9507618455251605 0.8106787621434163 0
1.0 0.8125 1
0.9736537256553202 0.7626299329925679 0
0.9807201123187089 0.7435761717332328 0
1.0 0.71875 1
1.0 0.78125 1
0.9062478168344082 0.7297168104598987 0
0.9150629096870967 0.6783783212711958 0
0.8878545424755765 0.6872841009831469 0
0.8694816188647891 0.6729403319419461 0
0.8572162912919484 0.6947465035880107 0
0.8961961964080791 0.6667534678590165 0
0.8280478335776293 0.7499148791507996 0
0.8297563979977706 0.7296858170333709 0
0.9731225950679645 0.7921859045139699 0
0.9751652207007442 0.817421003450261 0
0.9495453684160358 0.8626165970931828 0
0.9566779235238699 0.8368004907962676 0
1.0 0.84375 1
0.9758193167054688 0.8559822906913814 0
0.9812011421579151 0.8366048102796906 0
0.919775566112227 0.8404983468712474 0
0.9389426676703296 0.8457938940210895 0
0.875 1.0 1
0.8859994388159492 0.9170522187305667 0
0.9115866491284779 0.8826134098344464 0
0.931202390895444 0.8213631445446203 0
0.9761481314587629 0.7031250000000008 0
0.9649343016337437 0.6599891968777993 0
0.9778230207275577 0.6796640790212026 0
1.0 0.65625 1
0.9519370293011026 0.682562558306961 0
0.9411393358567366 0.6613170104998244 0
0.9806016312091389 0.6406250000000002 0
0.950205435981629 0.6306314033334773 0
0.8995978095452911 0.5744867558678811 0
0.9188221901007815 0.6080389547272681 0
0.9293803628575463 0.6264660718405762 0
0.607532711874812 0.8586174228684296 0
0.6953631350130371 0.8289099831556828 0
0.7309612046363535 0.7978801634435636 0
0.7162115488651644 0.7638851872720009 0
0.6954595639111122 0.7930862670070845 0
0.7111096520020461 0.8110403811669721 0
0.738513099677657 0.8510606676340841 0
0.734338326040435 0.824527050823087 0
0.7164496475612508 0.8409368740453987 0
0.6890341502477378 0.9297893444463181 0
0.625 1.0 1
0.7085909823447095 0.8871678483894968 0
0.6913454151433118 0.8604529032575198 0
0.7187143746055331 0.8651052709134073 0
0.7548201239985055 0.895026202072466 0
0.7407760774759639 0.8752282618622736 0
0.7690174043662972 0.8700749141919584 0
0.7625045974152059 0.8465473744930052 0
0.7760601263621691 0.8159109993861712 0
0.7528097957545571 0.8086486043948943 0
0.8189088999369053 0.9149779398120715 0
0.8049460860117149 0.8803233518535875 0
0.7891140337309549 0.8677238164204589 0
0.7816778259704614 0.8937934623603678 0
0.8018049309195803 0.9017291664196448 0
0.7716812343779471 0.9486392984877616 0
0.7938064138221793 0.9297200040548604 0
0.769330471423374 0.9179723967662755 0
0.729642603776071 0.927008567435225 0
0.7522673041931945 0.934703918584301 0
0.7465471533399689 0.9144149094518509 0
0.725451785586163 0.9037408319709285 0
0.702538844113727 0.9101883953777199 0
0.6581425161296574 0.8940528584355976 0
0.6782402657329493 0.9078998387444552 0
0.6805698978104306 0.8830099670273825 0
0.65343426326755 0.856194998714963 0
0.6415980120833144 0.9395744441510082 0
0.6640423234784556 0.9285069806590146 0
0.6875 1.0 1
0.6688397800958819 0.966527755844319 0
0.6756553460986963 0.9463547097576154 0
0.7058932126416763 0.9678085862582393 0
0.7324233968299353 0.9559394290759229 0
0.7286085351662953 0.9829973570415317 0
0.71875 1.0 1
0.8125 1.0 1
0.8275174434264152 0.9583794246052074 0
0.8156536970665073 0.9381780794364678 0
0.7981064571308286 0.9620674497750146 0
0.8505812485104121 0.9312503130934484 0
0.8149619045271388 0.9773687309524809 0
0.84375 1.0 1
0.7727099082269129 0.979330111977386 0
0.78125 1.0 1
0.754338402464402 0.9645832296935318 0
0.8593749999999971 0.9699303102096661 0
0.9375 1.0 1
0.90625 0.9646672549018065 0
0.8838253540189217 0.9763196894928367 0
0.90625 1.0 1
0.8826230275687188 0.9466019741148376 0
0.8707460108739329 0.9302771083225844 0
0.8592569190118104 0.9016167239350591 0
0.8403663290036538 0.9121729848175598 0
0.835734522023426 0.8817036654649605 0
0.8727096251079648 0.8618761474984252 0
0.8581368433226942 0.8790903167277727 0
0.884481720690887 0.8866173342510225 0
0.8217434191975435 0.8497164747246113 0
0.84736896834832 0.8551992603298667 0
0.8423912482828064 0.8158382385836407 0
0.8379941305866793 0.8363895721130555 0
0.8624498975366726 0.8359417778455348 0
0.810824257027118 0.8198303007510038 0
0.8208721262846003 0.8691510045854741 0
0.822535886338615 0.7856362319080002 0
0.8004366008352715 0.7639402898879124 0
0.7988053548727544 0.7877048966389399 0
0.8046383944781773 0.7380209450250155 0
0.778570438982563 0.7470953095789323 0
0.7610473805995409 0.7381113493788792 0
0.7946013775526313 0.8075886929336491 0
0.8250610472583938 0.8056037898597668 0
0.8573276271422011 0.7843911390192193 0
0.8464853177466376 0.7639278165858525 0
0.8635775868538503 0.8066303762785852 0
0.889718145820338 0.7872861752836905 0
0.9069922419363589 0.7739173737094825 0
0.8748790298472356 0.7706657256187435 0
0.8972574971399623 0.8068304916473917 0
0.7922928327470412 0.8280654426900125 0
0.921874999999997 0.9823336274509036 0
1.0 0.9375 1
0.9503265825207708 0.9414267210160737 0
0.9311187498114258 0.9584150634304324 0
0.9194430917113436 0.9258611872630129 0
0.8995316534226996 0.9335662105840591 0
0.9508271868349539 0.9020128248229949 0
0.9731085724676213 0.8843104660322708 0
0.9790709005499743 0.9146886638680719 0
1.0 0.90625 1
0.9589015418039633 0.9218255061678026 0
0.9752576559391958 0.9406570832264953 0
0.96875 1.0 1
0.9592052003695224 0.9708181296561439 0
1.0 0.96875 1
0.9801269417861562 0.9801269417861573 0
0.953125 1.0 1
0.847770298433692 0.9522289836727625 0
0.8383837888971434 0.9781171509379167 0
0.859375 1.0 1
0.703125 1.0 1
0.6869798880519727 0.9783524504318014 0
0.6741961354204093 0.8422412113535734 0
0.6271742023402557 0.79469988172742 0
0.6461589437586891 0.822947321936746 0
0.672577798379668 0.8109366626088474 0
0.6608055757777256 0.772255438883975 0
0.6741279513668327 0.7893329021151899 0
0.6880097244906507 0.7647683101383875 0
0.6513989779086677 0.7985595057350844 0
0.6572298326575076 0.7060970400561984 0
0.6662266591721402 0.7387866083493335 0
0.6977708834757187 0.7344622373717926 0
0.707864570725903 0.6985888764618925 0
0.7112921646580639 0.7189100093393231 0
0.6793881867748669 0.7175814533727919 0
0.6833588182260315 0.7465453165040781 0
0.7154975487746972 0.7438424170650155 0
0.6054486882492381 0.7379310901391369 0
0.6356596087568465 0.751008990945491 0
0.6439233937695054 0.7273420775323214 0
0.6140003788312423 0.6938107064042436 0
0.6338309990471676 0.7062312510284159 0
0.6453353260323452 0.6721514701129735 0
0.6135267907601202 0.7166078757071747 0
0.5705810922339576 0.7043122185689101 0
0.589418127344501 0.7196662960349484 0
0.5074387553562674 0.8010099989015554 0
0.5545122710809872 0.7664695199411293 0
0.5612071975987025 0.7350445876549097 0
0.49730873089506555 0.7378569617645812 0
0.5296228577289583 0.7447413267861717 0
0.5373997013314226 0.7137853361303194 0
0.5040473312987439 0.7036587103234955 0
0.43252057567357755 0.7073277383847898 0
0.4687441905336159 0.7144654268756488 0
0.4648578672918574 0.6387025577588551 0
0.45729745504887337 0.6770714865267176 0
0.4806723931738081 0.6903650984251071 0
0.481398309737345 0.661891107874257 0
0.5048806626041802 0.6761821622950919 0
0.5359791111417217 0.6028644385689957 0
0.5041426251247756 0.6281740974484097 0
0.5033888482990456 0.6521953908301265 0
0.5405882406576855 0.6413402168983157 0
0.4861602516540794 0.6396322923444602 0
0.47698325248070667 0.6053902303972681 0
0.4312603816964009 0.6076104487299357 0
0.45458803183649293 0.6161015019196188 0
0.5062237248872151 0.5981138174032369 0
0.47557834302334884 0.5373545206409178 0
0.4840039088708549 0.5712128964471482 0
0.527959587313382 0.5575331714137703 0
0.5241191610857859 0.5815875764687893 0
0.5607651872029604 0.5751045527612377 0
0.5066318200881358 0.5664618446011184 0
0.4886745723546608 0.5899820903934437 0
0.4401911796654544 0.5641380487776931 0
0.4512225220778962 0.589057838036832 0
0.4613757129745421 0.6015255474599323 0
0.4618076805148365 0.5694705249900728 0
0.4530094418246228 0.6988330609844596 0
0.43802926432680234 0.774857138094439 0
0.463616237874028 0.7498639609995735 0
0.44698939926689424 0.7293846468839409 0
0.440418250197238 0.7517088549516721 0
0.47358811479305807 0.7856667805389967 0
0.48714133965523715 0.762601803843441 0
0.49525265242704675 0.7828825948957701 0
0.5252204941271343 0.7758965276581159 0
0.5540111385350025 0.8151338773720987 0
0.5461534123198859 0.7907182016277278 0
0.5303606852587834 0.8092730625229287 0
0.5191245037296562 0.9052643787766569 0
0.5308413908861328 0.8579826100519081 0
0.5085523300601671 0.8338454309594073 0
0.536892128705183 0.8335657506630842 0
0.5692182194726771 0.8545346196351319 0
0.5581711228492742 0.8361633208547467 0
0.5913434824087191 0.8287230858680495 0
0.5849038100122342 0.7905109557047904 0
0.5654922696874912 0.7838195270322117 0
0.5845398708118821 0.760065000553083 0
0.6077824531384151 0.7750123204623108 0
0.6156036644981107 0.7559060256412798 0
0.5817906854581936 0.7392391449169418 0
0.589157436126258 0.8492377295807203 0
0.6194864558480139 0.8328130983955245 0
0.627942656377901 0.8146868340732494 0
0.6302764122452088 0.8534824228358554 0
0.6257650988615275 0.8864362894351916 0
0.5844252658304039 0.8936461158011244 0
0.6035391104642619 0.8811189694728485 0
0.58355478594891 0.8714724749860981 0
0.5524556818034728 0.8832591108196719 0
0.5564069535039835 0.9254899151574275 0
0.5635444359187705 0.9035218556246004 0
0.5412621775332921 0.9025502615365811 0
0.527538961517965 0.882256899865844 0
0.47348129463979943 0.8755289848331106 0
0.4997338442111315 0.885130252797312 0
0.4948164946884978 0.8578841232620649 0
0.46790849266048773 0.8265650387191941 0
0.47115469510854896 0.8509946797506337 0
0.4871129443343644 0.8364436553260193 0
0.3688103830623972 0.8521636597058952 0
0.4201724606019063 0.8682068174947046 0
0.44768814162865506 0.8655974926997451 0
0.4306207221188616 0.8320021993024559 0
0.4510082219100506 0.8412412386457889 0
0.432532665770701 0.8521639023479249 0
0.375 1.0 1
0.4394761943071069 0.9253843449608462 0
0.4811064670220773 0.9224741872857098 0
0.4970569460452687 0.9071126906797299 0
0.5106907481729775 0.9372310031224567 0
0.45061454808328955 0.8964568424885725 0
0.41838836764892295 0.9006564813494367 0
0.4597785252597622 0.9165935024857543 0
0.46209931184307923 0.9497927271196164 0
0.4375 1.0 1
0.42411385020422676 0.962311470803607 0
0.4055746075584513 0.9329397469055489 0
0.38721120459998787 0.9650673955187359 0
0.40625 1.0 1
0.42187499999999906 0.9843281618649979 0
0.390625 1.0 1
0.40493019478631503 0.953883283219351 0
0.33733134459233793 0.9152453816229265 0
0.3125 1.0 1
0.3437499999999996 0.9694754987096622 0
0.34375 1.0 1
0.35937500000000083 0.984737749354831 0
0.359375 1.0 1
0.3281249999999998 0.9847377493548288 0
0.328125 1.0 1
0.3059921931488388 0.9464495846199358 0
0.30242282485319694 0.9740540022075863 0
0.3220667666958549 0.9625610711950165 0
0.34044902296731483 0.9423712877449435 0
0.3216090335195377 0.9307945197064318 0
0.1803972562431325 0.8055444223917922 0
0.24732857767658414 0.8723123194526631 0
0.2950050361566391 0.888170954395927 0
0.2937181109755556 0.9185885846999845 0
0.3145525061902727 0.9042340181979599 0
0.3413538777408726 0.8778575107134917 0
0.31763325738955384 0.8805595997839009 0
0.32410551907594404 0.8319089106707112 0
0.29573197772020443 0.8528900909015579 0
0.32696892944801814 0.8570457098568663 0
0.34825223364346397 0.8577121426122509 0
0.26389906469278657 0.9020909456206412 0
0.28292692136090325 0.90289598623832 0
0.25708577598944843 0.9513610084216796 0
0.2823952150790698 0.9574313712790421 0
0.27461075003438035 0.9340904169471484 0
0.26426103933739037 0.9772419350088636 0
0.28125 1.0 1
0.2837406213337014 0.9804205576658002 0
0.36405836546127 0.9532490607134926 0
0.19969406139480889 0.9183185030168539 0
0.125 1.0 1
0.2296361712290933 0.9016570445785784 0
0.1931742443612872 0.8596676821283888 0
0.20260103803214458 0.8883075614536636 0
0.22429223305958526 0.8784292176860183 0
0.22636594065681392 0.8398027510035927 0
0.12979198226191255 0.8964012541729564 0
0.16704752762157268 0.9000099713384474 0
0.1801108859914308 0.8798388267334194 0
0.14464473644545728 0.8425543671981627 0
0.16685465113810394 0.8569380861528919 0
0.18257640004932452 0.8335997621443066 0
0.15964260688127765 0.8212687995576619 0
0.08141110974054261 0.7820732226055347 0
0.0 0.875 1
0.11757807460456839 0.8075565671067846 0
0.14828852313453947 0.7847232642642189 0
0.16057645475529256 0.8009421395481771 0
0.17684730380945046 0.7758505309772642 0
0.13649933532011113 0.8208885402769106 0
0.10538893642526159 0.8449487567597611 0
0.12035681977896127 0.6444215077977563 0
0.0 0.625 1
0.14169549667818934 0.7131045814064103 0
0.1526031729743256 0.7482132593007684 0
0.15857309272331988 0.7674287167302168 0
0.23196450332558982 0.7843203281735467 0
0.20322718798962566 0.7877559203999157 0
0.20763842507004088 0.8169616699921534 0
0.23605928437016607 0.8127571984711914 0
0.2869151283306109 0.7909209362025326 0
0.2585528160243975 0.795004981232672 0
0.26785209128329923 0.8299146280476379 0
0.2750856191668339 0.8092943521897743 0
0.302626619040188 0.8140314494934963 0
0.30393252138834603 0.8343041287547888 0
0.34326529735657824 0.7870477115948844 0
0.31506906397992096 0.7886766365933152 0
0.33033325776576267 0.8080466405417748 0
0.3533609864060308 0.8268003888909956 0
0.3926047812451619 0.8202829616932451 0
0.37429401968711623 0.8314365002275637 0
0.3264317470281962 0.7405125874798404 0
0.2985657295910382 0.7593608859365474 0
0.2590669005653878 0.7553014241996364 0
0.2511293228907364 0.7750537545857372 0
0.21061626783449627 0.7362043631975708 0
0.23023565839018106 0.7562934802460269 0
0.2046513238620388 0.7616547161915216 0
0.18174489331033247 0.7428618103713471 0
0.18598641090921209 0.6953239954275643 0
0.19162696328569462 0.7197853987153026 0
0.22626304068257125 0.6989176404911692 0
0.20553800556848 0.7036966241287944 0
0.20858273768195265 0.6695720664936113 0
0.16718361509551963 0.712540758939296 0
0.16475491849957258 0.7323640628829962 0
0.2403753720239399 0.7267659726281355 0
0.29142973876263206 0.6833938998142478 0
0.26070625173235634 0.6989632354139902 0
0.2434730554851282 0.7076962745890306 0
0.22148493394270788 0.718838904433245 0
0.24426622039596244 0.7446068227415789 0
0.19349768623306898 0.7741356045826985 0
0.32792071503723463 0.7662862047511273 0
0.35333275303893885 0.7635557226644089 0
0.3783624203439707 0.7881853388268797 0
0.3682714524681202 0.8090530633837005 0
0.25566178400142275 0.814468497627113 0
0.20399236000062557 0.8400813828078112 0
0.14209912281992557 0.8708240868412445 0
0.14921482127852176 0.8899975353100602 0
0.12570895129655177 0.8550987224484659 0
0.10139722332804395 0.878355182340138 0
0.12219331553283402 0.8769954125578288 0
0.1873990637042309 0.9019813003552871 0
0.0514013688513619 0.8554395122085598 0
0.08008031857279951 0.8588663421440781 0
0.07539554584489143 0.8203770662984436 0
0.06768949617014029 0.8408447628025936 0
0.0 0.8125 1
0.037554036172038646 0.8178143132105186 0
0.06040753586351699 0.9017870848427341 0
0.0771384329410014 0.8834868198765994 0
0.05386696226355226 0.8790092194990269 0
0.0 0.9375 1
0.0 0.90625 1
0.0297779035832624 0.898254279602508 0
0.09657127318720847 0.9180513553451893 0
0.09276369715522867 0.8974470229076993 0
0.020157922560833156 0.9218750000000002 0
0.0625 1.0 1
0.03638058717174589 0.9636194128282536 0
0.02206948176921667 0.9451565549425477 0
0.0 0.96875 1
0.054259996017825045 0.9349826471997026 0
0.04165527322296615 0.916860879935545 0
0.02741071597997316 0.8705925907605448 0
0.026838427868903336 0.8431187562267932 0
0.0 0.84375 1
0.0 0.890625 1
0.07174255878549775 0.9657978133403783 0
0.08090430854005681 0.9402331905779702 0
0.10984705592922835 0.965029566900638 0
0.10541072021537763 0.940918313671334 0
0.15234524303135935 0.9447463811204995 0
0.12836195396564723 0.9491591721440913 0
0.1875 1.0 1
0.15625 1.0 1
0.14514976054267384 0.973019667200275 0
0.13594021078614374 0.9229662445942418 0
0.11715315884548418 0.9133203677336421 0
0.15947727465693146 0.9223061671559714 0
0.1790174641113865 0.9665866558933088 0
0.16058144355087345 0.9618947335348698 0
0.09064834398994569 0.9581492074276154 0
0.07439880898162596 0.9190146924496886 0
0.171875 1.0 1
0.21875 0.9742832763604182 0
0.21875 1.0 1
0.241313929255366 0.9787097110704713 0
0.19707223134705762 0.9797865402658938 0
0.1252086588813313 0.9791414293648998 0
0.09375 1.0 1
0.078125 1.0 1
0.05465181703736099 0.9551271823354216 0
0.053173193603063176 0.979129673897462 0
0.03125 1.0 1
0.015625 1.0 1
0.0 0.984375 1
0.41076370018246755 0.7930168616589884 0
0.3980508858199501 0.7672109568412782 0
0.4199038705424726 0.7612891148987975 0
0.41826819408800536 0.7324510338513684 0
0.39764366616380364 0.7437146796632956 0
0.3857317934374601 0.6973888989238313 0
0.37986396948395806 0.7235920646173866 0
0.4021123701889697 0.7148156851042354 0
0.3435355512668005 0.7016982448219712 0
0.3653526726256892 0.7065838769170896 0
0.36176465110429423 0.6714506969382744 0
0.34923853276633515 0.7273869276274696 0
0.4185286973447128 0.7159944990503484 0
0.41214092608091946 0.6900540552336635 0
0.3253583738663978 0.6701267368703646 0
0.3161027627838429 0.6964740951328792 0
0.3263504024325002 0.7173011172334042 0
0.28951754306629973 0.7224895875543481 0
0.29670863329554154 0.703246701245781 0
0.304643665026471 0.7383235075575031 0
0.2648322427859677 0.7233152787301774 0
0.3431946747154078 0.68087602835536 0
0.34548056441212655 0.6180185932626213 0
0.2885320906848322 0.6259665361943534 0
0.25838023016611805 0.656274713330111 0
0.2689371909978042 0.6771071147587765 0
0.2872925808015296 0.6548158649351564 0
0.24224817439905857 0.6775408485871434 0
0.3045412201955951 0.6669073097264969 0
0.3196707120005597 0.6379910918216477 0
0.30064165869392295 0.640938115251989 0
0.34431019911616617 0.650201318759447 0
0.38383794630822293 0.6355261513572772 0
0.3666051839550991 0.6496813148911968 0
0.39211402912646615 0.6667761859687948 0
0.4270697758957977 0.6569562477112991 0
0.4403488679401369 0.6362055402501189 0
0.41213060299219534 0.6327719288960097 0
0.4507293674087878 0.6558479407985481 0
0.43971810841766923 0.6206641571750423 0
0.40700181895166276 0.6526463722094407 0
0.3958121999807303 0.6118364768606945 0
0.4118320628781009 0.5954282947182871 0
0.41229393026938976 0.5673504921861823 0
0.41852757482595254 0.49874644430280113 0
0.35967584836132993 0.5279841667519282 0
0.38167988556505333 0.5534215124528453 0
0.4225522687077073 0.5336973756298447 0
0.430113432692515 0.583500743969737 0
0.3692049754556376 0.6031923372641899 0
0.36583553272824787 0.6241952613285672 0
0.33179479135703693 0.5697245614700283 0
0.3456442956136495 0.5918860115196888 0
0.3589008937220171 0.5681932193521099 0
0.31074120430186347 0.5982899784597914 0
0.3299847307014739 0.6048547018000515 0
0.37139480262088276 0.5835312607387704 0
0.34415231343348657 0.5477969737175439 0
0.29241280719183393 0.5330845317475938 0
0.316512350228799 0.5466660820062577 0
0.324109173526439 0.5050137521734082 0
0.3360862022850069 0.5254892670322314 0
0.3131122725680237 0.5245270097083148 0
0.2903835282845093 0.4988626492571961 0
0.287721073646165 0.5695819761534822 0
0.30976414751309317 0.5677321827652873 0
0.281861278766882 0.5978643742453366 0
0.20796153303599627 0.5678049370017285 0
0.24767776318053616 0.5760336933211013 0
0.268928556469064 0.5804366187480194 0
0.2636932215168349 0.5479429217310744 0
0.23260377007792724 0.5488286703771896 0
0.22844251218003178 0.5689130512908062 0
0.215481347872808 0.6186444954331588 0
0.22945064649372457 0.5957305060384989 0
0.24919252862959912 0.623481079843539 0
0.2538800108964389 0.5995835583913857 0
0.2694351540260877 0.6156568829088567 0
0.24752874535788816 0.5266327837550595 0
0.19655333241959477 0.5084717321229554 0
0.20442313869558887 0.5377219267817879 0
0.2221412203501479 0.5172710632445899 0
0.10777472943772819 0.5480415295079393 0
0.15776228027188907 0.5584598244191742 0
0.18431311868477715 0.5553368877287842 0
0.1673899814763073 0.525885889011947 0
0.18757935698220085 0.5265699815053275 0
0.17596317255715319 0.5987741456874011 0
0.20258248238336643 0.5950657025151329 0
0.18668064736901638 0.5783131821249148 0
0.2383748527247598 0.5123523488525032 0
0.22104118701792522 0.48439258942065533 0
0.2706399871953358 0.5153462290293597 0
0.0 0.25 1
0.0 0.375 1
0.12145322239156399 0.4076055728594709 0
0.150457139561264 0.4644016973132751 0
0.18605794890226282 0.47330687994993303 0
0.18240869284238073 0.4122813508044923 0
0.17463262524166664 0.44336822587162156 0
0.2141359567518587 0.44544220575217586 0
0.33394278623169954 0.355565343798325 0
0.3204174097708691 0.42972310940475 0
0.3134727969543635 0.4677994595134004 0
0.3095999899957469 0.4890335236082382 0
0.19503787104775572 0.431956401980617 0
0.19419026999739958 0.45342263809597816 0
0.2391523163892939 0.38974908700700367 0
0.21297826354685448 0.4065498960491258 0
0.2433700299693667 0.42510862058446497 0
0.23267871583803137 0.4084525762042753 0
0.18300321250297674 0.33106289538553185 0
0.19062786355410324 0.3717301115379612 0
0.21489008997169887 0.38073959927248296 0
0.2501133803353039 0.32305794063669846 0
0.23812790665415695 0.35533439016888313 0
0.19474182296239828 0.3936725290174737 0
0.285997545831462 0.3711320671046756 0
0.2671706041320845 0.3477554927319938 0
0.2579783027210356 0.37196610570011895 0
0.2729737409512717 0.4046672625044243 0
0.2723926290465661 0.3851450055953846 0
0.3020446965952663 0.33893839572024176 0
0.2790386275643646 0.32131989657382815 0
0.40445083505950996 0.18138762877679754 0
0.25 0.0 1
0.255685181254826 0.1742241747781437 0
0.2601730633228146 0.24891336196541491 0
0.33882469656935116 0.26708161779308054 0
0.31387955462634815 0.29965474747667004 0
0.3005480144001722 0.3170629462217984 0
0.3296586737168886 0.3255475834710493 0
0.34557819855953864 0.2980918866109623 0
0.37624083716282986 0.3342140044608428 0
0.35148628828921047 0.3377469553363165 0
0.36909395679560203 0.37262861065029323 0
0.3661804614461327 0.3522144397309648 0
0.39785958194046384 0.3581082105325023 0
0.3610203629664554 0.3160588535056948 0
0.43837437840296334 0.26666633522428124 0
0.38973472072056115 0.2757600090761706 0
0.3704095216644978 0.29236954048837627 0
0.3650948842012351 0.2666387511947625 0
0.39340684756194466 0.22799904724030334 0
0.3512849183125929 0.22682777734314832 0
0.35165868175672876 0.24899886869362906 0
0.37563756072088234 0.24467136953041152 0
0.3176858915228288 0.23848289071936432 0
0.26246029442156915 0.2869784066986372 0
0.28807492347686875 0.2937019314770303 0
0.30739652777205695 0.268851613825796 0
0.2636966234235474 0.3075539046406249 0
0.2866314965129888 0.3513518235700037 0
0.289309977309894 0.24579617389164168 0
0.2768446235705636 0.267012849883682 0
0.27732031045086464 0.2825199870763252 0
0.2927634522923526 0.2004891904965301 0
0.2719959380602236 0.22169131992730592 0
0.26763960090027217 0.19665231308636197 0
0.20688342761492187 0.21463597349747754 0
0.23984903194083948 0.21438583820542093 0
0.2532645565223847 0.22973447818867102 0
0.22357592339066748 0.24214665693624787 0
0.29875350065586515 0.2237308857092465 0
0.32625900269306934 0.20424918176293438 0
0.3181586119811414 0.12533472449291613 0
0.31363055831494957 0.1656724910053627 0
0.31114189317870805 0.18784254476222184 0
0.33138714113956336 0.22372374801201095 0
0.22343377951099838 0.22341335922367483 0
0.15534466406294845 0.264727391807434 0
0.18686694259469705 0.2456008040436582 0
0.12947121691121474 0.18654668190659432 0
0.15138683482719864 0.2226655244662381 0
0.17913513122106028 0.21865074898185768 0
0.1611218635797546 0.19205043161103405 0
0.125 0.0 1
0.16213989851177094 0.0924367425727845 0
0.15349341815186066 0.1421604236074126 0
0.14893304629636672 0.16838594730064288 0
0.19027158830647173 0.1620650661380281 0
0.1685412868631263 0.15828637114330374 0
0.18503414654333042 0.12781221423635658 0
0.1121548761417557 0.14848130477002727 0
0.0 0.125 1
0.12720274485302152 0.16460725230591863 0
0.09566201646155227 0.17895546167697354 0
0.055872230419527276 0.1377207954795295 0
0.08230693754033241 0.15202747233237907 0
0.09164110591235954 0.10320527652252519 0
0.07923082615853723 0.12613597621986322 0
0.10417427106125388 0.12481194829124435 0
0.1268029219668268 0.09724764444766162 0
0.0 0.0625 1
0.04929045282722347 0.09510838288624632 0
0.05933966616926463 0.11537071988869395 0
0.029260892769353817 0.11766529805900529 0
0.018564303070734953 0.08799604453880218 0
0.0 0.09375 1
0.0 0.109375 1
0.04653806204749987 0.18654299128938376 0
0.0 0.1875 1
0.06989665778651004 0.17495817202971728 0
0.048750580454463815 0.16166261235598547 0
0.0 0.15625 1
0.02295822806088053 0.17190756051525374 0
0.07647843537881423 0.217570584623001 0
0.07994587112855145 0.1952205090321653 0
0.1082412272601884 0.21105431786030196 0
0.027165060131158825 0.14490907278518542 0
0.11057394289968062 0.19162589104976613 0
0.1024754483678875 0.263619861567267 0
0.09689293467346662 0.23640854148046223 0
0.05744232153542116 0.25868029405147347 0
0.08075437620718781 0.2538977306170252 0
0.07652262752260623 0.29247780359437986 0
0.127846994172812 0.24423648728665429 0
0.12858805128201042 0.22141548920006945 0
0.1287520208257219 0.27171762576049646 0
0.1074419668017327 0.29418545166525056 0
0.1465386494404829 0.3099275897338854 0
0.13009923066535284 0.29433529772903766 0
0.09266890760110669 0.2808995923198282 0
0.08862692795909455 0.354085245758934 0
0.09041324672864229 0.3217414642512151 0
0.11971932601367759 0.3217415718737381 0
0.10506622382923723 0.3387719545287926 0
0.14625266992512934 0.3593901368601346 0
0.12825200907145698 0.3439021981438527 0
0.11721149806959599 0.374938381939861 0
0.14299410596121848 0.3881995796960232 0
0.1689688016768542 0.389982620410829 0
0.18289924116440767 0.3845360119126471 0
0.16807964422165714 0.36685694161392995 0
0.0 0.3125 1
0.04334201731340484 0.335362980577854 0
0.0692628082939925 0.336794563197193 0
0.05762480383615463 0.31213504619272375 0
0.054258504535444604 0.3730865689152441 0
0.06811551653905416 0.3575678733588071 0
0.08334346153898549 0.3851112426981102 0
0.02880036013184597 0.31041617132092136 0
0.04475255108644163 0.2854513015731654 0
0.027717287409888835 0.26098333397987666 0
0.0 0.28125 1
0.02242494735386139 0.28283219533789916 0
0.03992820909484749 0.22560802044597997 0
0.020512127097495562 0.23870109030291942 0
0.0 0.21875 1
0.04150404459854228 0.24594712249361025 0
0.0631151532745095 0.27776233610902096 0
0.023236798080378533 0.20312499999999997 0
0.09774730967601947 0.3716012335077381 0
0.042359596876976234 0.44305461832508075 0
0.0 0.4375 1
0.056263843282874766 0.4094234016962824 0
0.0 0.40625 1
0.023592895144647005 0.42187499999999983 0
0.04296420691358605 0.42361474018114775 0
0.031138584738195876 0.3925862505551139 0
0.0 0.390625 1
0.08981979356836922 0.4429863742653915 0
0.06670718555654244 0.4325381954730139 0
0.08911125753228363 0.4137657383061971 0
0.07396834187131887 0.401906079320784 0
0.10856352232856795 0.42791297194521655 0
0.11822363292491365 0.45911587461389797 0
0.1386125155336926 0.4357068890930644 0
0.15496358232146237 0.4136234573748401 0
0.15801741270891184 0.43297964534660094 0
0.07662058133344993 0.4993041597000863 0
0.09150796314092324 0.4730876748640775 0
0.06479934175157737 0.46156410286777516 0
0.031435078714655444 0.47915583891476426 0
0.04444117809107066 0.4633880550444314 0
0.019126667185583902 0.45575526207197065 0
0.0 0.46875 1
0.055555596559893464 0.485803763466649 0
0.0 0.5625 1
0.04011147147060164 0.5330858868795042 0
0.053976822315002664 0.511451454869729 0
0.026299379866743113 0.508973499877214 0
0.07414748785535728 0.5396390058726181 0
0.0 0.53125 1
0.020225216446330116 0.5284650351717377 0
0.1194187567149391 0.5062724344932588 0
0.11361234491967738 0.48282616631292546 0
0.09864036866327104 0.498976046173607 0
0.10159016285663038 0.5238098913457722 0
0.13963993293254612 0.48882260291591206 0
0.14408488373184897 0.5144147369294967 0
0.12538650500028284 0.5306414770779149 0
0.1323424131901351 0.5552950881584142 0
0.14088569192638772 0.590344956447457 0
0.1641955241371044 0.4850932821289397 0
0.16283986346301635 0.5057208254875888 0
0.16169479248251478 0.5809501759858101 0
0.14745708873203534 0.5377042035294771 0
0.08099990503561848 0.5198159146452759 0
0.09213877658136312 0.5391271926824873 0
0.08405606410259389 0.5714745369996052 0
0.11326750075649072 0.5785106599375215 0
0.08916005754355302 0.6144403223157543 0
0.11729172043890718 0.6072631810448591 0
0.10729306280052223 0.6267935254619952 0
0.0616961266171389 0.6742391735878807 0
0.08850567309381216 0.6543711368947153 0
0.09456220997062295 0.5920125400256445 0
0.052501779755164076 0.6338103373577763 0
0.06598471508878699 0.6520039509015385 0
0.07470181216552896 0.6314511005962179 0
0.09978254349049039 0.6976100903173075 0
0.11133796854320499 0.6715063946709524 0
0.12521208447441753 0.6932575942628116 0
0.1560345325541819 0.6814887577727783 0
0.13630416141847196 0.664775740462888 0
0.17274628911355838 0.6417571286294296 0
0.146416238803485 0.6404286178140594 0
0.15866686600134722 0.6592155290084294 0
0.18352832791011922 0.6648587775180216 0
0.16068374843262526 0.6192424890672662 0
0.13741034597143545 0.6189665277228823 0
0.19377007936700652 0.679364196889325 0
0.15698609686413548 0.6005450829985957 0
0.08544256955066987 0.6782600053667314 0
0.1067448380963378 0.7432119185771153 0
0.13076045923923596 0.7357506686187546 0
0.11602860198396131 0.716065459604824 0
0.12663444063469942 0.7648505187091291 0
0.10182596631491055 0.7676934956588791 0
0.1025767057576951 0.7904406380259663 0
0.095753217040401 0.8115531185202505 0
0.05179770523612658 0.5640549637777531 0
0.06144492533058573 0.5959466099452648 0
0.06574750659135287 0.5772401148124727 0
0.0 0.59375 1
0.029612157709208452 0.6093750000000003 0
0.0499863020387018 0.6132281815627132 0
0.038306677649403924 0.5855409630969068 0
0.02591375790379196 0.5627809689747642 0
0.017535686688989992 0.5820968641353403 0
0.0 0.609375 1
0.025044888145550035 0.636591867070592 0
0.0 0.6875 1
0.04014872730199668 0.6585520589269442 0
0.0 0.65625 1
0.01924445109035085 0.6718750000000006 0
0.03814464090653877 0.714816986553631 0
0.06878948674745035 0.7055898643756829 0
0.022813482531345904 0.6959344439930022 0
0.0 0.71875 1
0.04637436730854408 0.6924699613668253 0
0.020886143596962153 0.7343749999999996 0
0.057906456412154896 0.7496490031733498 0
0.042026785760185655 0.7356363707566923 0
0.029625416848404768 0.7656941461309805 0
0.07998885713256373 0.7583727349485111 0
0.07794889989987522 0.7312260032665018 0
0.0948667324506772 0.7183157225806562 0
0.094944074599516 0.7535758348638392 0
0.05878318028762784 0.7236193004864337 0
0.05460392913515884 0.7767745328265755 0
0.03297031839054029 0.7918484552164862 0
0.0 0.78125 1
0.06414102732851885 0.798985270552408 0
0.0 0.796875 1
0.0 0.765625 1
0.0700896212854293 0.5583617386777983 0
0.05547037192623215 0.5449796282357717 0
0.0 0.484375 1
0.017432591813762163 0.4920952038973191 0
0.10424422686711593 0.3932311205172481 0
0.10055834458299129 0.04909367073816433 0
0.0625 0.0 1
0.10540228011715531 0.07768247382162301 0
0.14108557409711436 0.05693171834033649 0
0.11935181854332494 0.0606141708903961 0
0.12544724069044344 0.03061191636487868 0
0.1875 0.0 1
0.16207283851047805 0.026656013271737163 0
0.15625 0.0 1
0.14249996402064394 0.016967596779810724 0
0.07183985843105664 0.06866434603112319 0
0.08582060113106903 0.08359580523043021 0
0.06927604028079119 0.03404569567576838 0
0.09645971044957304 0.017574656663823043 0
0.09375 0.0 1
0.11483736504283952 0.015457701573385257 0
0.07628916780849754 0.014952730186692288 0
0.078125 0.0 1
0.08823619672980586 0.03467001052694366 0
0.03125 0.023916777160210484 0
0.03125 0.0 1
0.0334534372995528 0.057648308954938915 0
0.05571795903663692 0.052454053777600956 0
0.04882606138929127 0.07322696516745082 0
0.0 0.03125 1
0.018928123158207456 0.04165940958057245 0
0.0 0.015625 1
0.018006118225167112 0.06889588551493474 0
0.05275194759574381 0.01963729160022176 0
0.1771663905382437 0.059531025020167196 0
0.19417280694527198 0.031820674893038345 0
0.17989815719093513 0.018204091617446554 0
0.17639404232565395 0.039983248668800486 0
0.25078996268919374 0.08564156748765282 0
0.21675584948716628 0.06475412656748314 0
0.19368704437336495 0.08695903435682786 0
0.22240953668764712 0.09371338476205106 0
0.2033425579974183 0.11034707047215843 0
0.2402904495797836 0.1334550021603319 0
0.22532168757653528 0.1162965039712257 0
0.2123826290328153 0.14269279057527864 0
0.2216064631497728 0.17552528673678686 0
0.2319121651154591 0.1549181406316487 0
0.2545155120035308 0.1513746834699851 0
0.2780456315738844 0.11808998945007883 0
0.19737569531284596 0.18873027964286787 0
0.1782555808005103 0.1795452928324627 0
0.22324450354198888 0.1984684717930685 0
0.2444290221930783 0.19298876611363902 0
0.1963656276847524 0.06665621943224714 0
0.17603853728157864 0.07889979204825881 0
0.14246551197567442 0.08010849456213237 0
0.13197286968422955 0.12456240234844113 0
0.15611078676177098 0.11700194807193383 0
0.13320323818086519 0.14501549585979523 0
0.14289487509154333 0.2031099143396692 0
0.16356531943200545 0.24273672527574136 0
0.19140837907866814 0.28862450683918556 0
0.20722842487993642 0.26520305560434104 0
0.22682897407285843 0.2954958283449433 0
0.23584892531471452 0.2681720567770367 0
0.2557221375353773 0.2682820459999949 0
0.21058117180322294 0.28452123187360345 0
0.2049856825489524 0.3133651097948733 0
0.2274729267051756 0.3185681800955221 0
0.23576309593156564 0.3360926900264992 0
0.20939604972465484 0.34909937596395607 0
0.17900475162382634 0.26818225105030574 0
0.16376215044332332 0.28982521113682325 0
0.1695639937826852 0.3122258120620727 0
0.15569215683115833 0.33471261321292456 0
0.1712567654208817 0.3471735191761969 0
0.20438383786450115 0.23497218040563886 0
0.32387099850674783 0.28146808681763674 0
0.32249522828772764 0.25703981812636645 0
0.422320440957091 0.31424968391910646 0
0.39644645317394944 0.30311631916952103 0
0.40099263215723496 0.3281832916462499 0
0.41888898064844865 0.2865921004260236 0
0.39132085820358664 0.3422971555844671 0
0.41481653644858535 0.4274540270105966 0
0.39830570050493525 0.3947452508246392 0
0.36037599984512747 0.4144931338499284 0
0.3876776642845652 0.4206316865993839 0
0.36347214727495153 0.4645051464295872 0
0.39403038555554626 0.45275052732503696 0
0.3691957586799175 0.4390489641113787 0
0.34489670255150523 0.4339146780148181 0
0.32936805743970776 0.4510270637645091 0
0.3391345519389135 0.47620100211787036 0
0.3638102709866627 0.4963783946566122 0
0.3452037138972044 0.5064153309291618 0
0.38704676643124886 0.4801934753629933 0
0.3906261092820261 0.5101049343951798 0
0.4098787721545488 0.5174495700597131 0
0.3996659719473317 0.5384823327372988 0
0.3808196461226897 0.5288574289196833 0
0.3746594058598176 0.3956275560538281 0
0.4771573430189425 0.37546386107529356 0
0.43549814927652813 0.3759711329389927 0
0.42746768347218883 0.3454181966949508 0
0.41800946417738966 0.3642359970237985 0
0.4560661389180312 0.3542332652833695 0
0.540299828473044 0.29164428249891516 0
0.5026911797945414 0.3290060076719562 0
0.4830898431129737 0.348478649733132 0
0.5259824701021865 0.3720529919850387 0
0.5080041798619314 0.35395588329012845 0
0.501868323330622 0.3780301345131494 0
0.5305571389204935 0.44214056092064186 0
0.5219727584196526 0.4075077894304715 0
0.5460426459553133 0.3341458430110081 0
0.5236547605432678 0.33758250836812104 0
0.5315635787699685 0.31446349137354557 0
0.5009779197876836 0.28967196009918394 0
0.5203169716646563 0.2970758445697708 0
0.5219884952225536 0.26375091923402477 0
0.46526270630396444 0.31093193148923715 0
0.4807921984216555 0.32656405796371846 0
0.44519247745963464 0.29282401544559905 0
0.4725979832363221 0.28262519314964724 0
0.4479164081916614 0.32987510733760633 0
0.75 0.0 1
0.6822821108658926 0.17847911204588857 0
0.6060696516138657 0.22851078897026503 0
0.5673088843277492 0.2539563159252089 0
0.5465373011717947 0.26759236897829164 0
0.4722535507845122 0.4382119108629408 0
0.4862937963647089 0.4077435214159353 0
0.45660775631286304 0.39871305137093127 0
0.46714342304128925 0.41738793277614833 0
0.44053191509672796 0.42009179168124194 0
0.438288198262113 0.4608462042512099 0
0.4323428729188695 0.44007991717283657 0
0.42183810866633686 0.40338807315010455 0
0.4563528782829265 0.3777814484383468 0
0.501862814947711 0.43338709773395206 0
0.5196577336445813 0.4264618970611933 0
0.5041782557952323 0.41443331341919176 0
0.4949945771758201 0.48450414618552884 0
0.5093025739920931 0.460406668350139 0
0.4835334115861725 0.4614025614457902 0
0.4605904259599757 0.48717889372652473 0
0.5246217142700745 0.48579894466909757 0
0.5825244295634128 0.4714382512318832 0
0.5554155621573038 0.48604756983797665 0
0.5926933287184135 0.5284974726982359 0
0.5810393544553938 0.5011386601692144 0
0.5600905247024046 0.5074091542714315 0
0.5557639981057049 0.5399961625346066 0
0.6353420634164425 0.49416896794001297 0
0.6068931337741007 0.48754406400395267 0
0.6158260194312604 0.5135798286096848 0
0.6658542483303902 0.544362820846876 0
0.6445496031088986 0.5229427302951488 0
0.6229114489545967 0.5657692201701086 0
0.6408328312857785 0.5479444265950053 0
0.6157733948298553 0.5406708424238024 0
0.5902625870641787 0.5610720086000504 0
0.5988561626589506 0.617155394023304 0
0.649514210991367 0.5745944928744401 0
0.6869755335623262 0.5020504141869438 0
0.6605717502383421 0.5019556017497601 0
0.6737023647086912 0.5218525928965341 0
0.7021678729806751 0.5444002218826776 0
0.6738488453279375 0.48106002763126826 0
0.6477670223448913 0.4675563590894716 0
0.7142476682089582 0.470395640078329 0
0.6923943004384803 0.46946231804382416 0
0.7048254538957517 0.43470241669383985 0
0.6140033633540567 0.4502977253700629 0
0.6026755670119869 0.4674371099093813 0
0.556846619285492 0.4562469258183454 0
0.5840057660355581 0.43963716620585613 0
0.5352169737057453 0.46500672959645 0
0.5561817048867463 0.4174087473115842 0
0.5502798866135848 0.43693456812877257 0
0.6188184473573912 0.36753259258988225 0
0.5931885041129326 0.39961445641772636 0
0.6065469005906491 0.4237441730159336 0
0.6242725961578403 0.3981685780228916 0
0.6080957840286773 0.3852450527884608 0
0.58000090596882 0.3561353023365122 0
0.6476699580901227 0.4289177745804833 0
0.6279493035395798 0.4196471738163523 0
0.655656701522934 0.4482171251995784 0
0.684896265814245 0.3715722020645749 0
0.6513689747251757 0.37754109230561533 0
0.63252341634879 0.38089618201987263 0
0.6495252224037971 0.4032298478630657 0
0.6776281546654792 0.4181704915324893 0
0.6727017721787214 0.39353614295261913 0
0.708255815608833 0.3989087384147439 0
0.7264941357818796 0.3596749332380968 0
0.7084128715001762 0.3751256907125335 0
0.6976016853160897 0.4159488947159976 0
0.7488579685729674 0.4208611473844218 0
0.7239148376821709 0.4184706704810713 0
0.7337510362965723 0.447164313003807 0
0.759728361826235 0.4445942700788645 0
0.7648816940027993 0.49205423927828057 0
0.7690499176829567 0.46759187625403154 0
0.7419850644015963 0.4755665058574045 0
0.8099977543081115 0.48715541508659405 0
0.7923041562345063 0.4715542435731032 0
0.8285951072487973 0.448229872198226 0
0.8071348315743665 0.45473448049334625 0
0.8064226582716136 0.4137312249778897 0
0.722968129358078 0.5005970842895819 0
0.7148931055497123 0.4511350201949866 0
0.7462552841386008 0.5077591147544851 0
0.7733202855448552 0.5350393074470591 0
0.7673577030888065 0.5138890057913357 0
0.7986792461172642 0.5164746210118173 0
0.7880841964114215 0.4955401390098359 0
0.7999780639701479 0.5448510174802186 0
0.78140525951279 0.554192539343102 0
0.8102406286196163 0.5630198618558016 0
0.7044972605415217 0.48957071279175773 0
0.7056950617202973 0.5192349849915017 0
0.6843062009890648 0.4378218019620865 0
0.6557898268972193 0.30522710525342417 0
0.6448367637399065 0.34084962533030855 0
0.6648665147770763 0.3562109136974427 0
0.696964457446447 0.33509720635293316 0
0.6845872331657766 0.35123600376027964 0
0.670801558969375 0.32784785387607585 0
0.6386800900443474 0.360872903675088 0
0.5789667987427978 0.41741624437849706 0
0.5449541884947364 0.3921527075964444 0
0.5692027546279419 0.3950341309291021 0
0.5597096585766737 0.37145071234878124 0
0.5596763053786188 0.3503069734596334 0
0.5794158682423911 0.3198232222059804 0
0.573991355708382 0.2867741564736178 0
0.5561987539249024 0.3108130521714504 0
0.6146492440090716 0.297070478284016 0
0.601363233644337 0.2641113359004303 0
0.5816233266466261 0.26813083753015976 0
0.595960195696584 0.28544673289066697 0
0.6420132506121194 0.2668824948466512 0
0.6228239617882899 0.24883709024329984 0
0.6644950420668306 0.22375005625403122 0
0.6349287791104999 0.22179131476904543 0
0.6483863716411633 0.2427790599607114 0
0.6973955643977053 0.26863170886314935 0
0.6759961409235321 0.249818868953739 0
0.6694647235851752 0.2788255316043457 0
0.6918430752171331 0.30274466432265484 0
0.6733763300900796 0.29759387347334565 0
0.722931431789827 0.21800766805206462 0
0.6942361555498349 0.2262002502732776 0
0.7153942439108204 0.24595819043030978 0
0.8096420554869799 0.25638171697203244 0
1.0 0.25 1
0.763323149508454 0.24389127790310414 0
0.7410795188016883 0.2848282707289445 0
0.7218844864176344 0.26959088103365736 0
0.7170464421572107 0.2953945180471137 0
0.7411584734396568 0.3176227615377937 0
0.7448522977787112 0.26036658283022557 0
0.7398116074170137 0.2361236407975797 0
0.7667267343351247 0.19412222696488357 0
0.7478888014309956 0.21167511359933988 0
0.7273796667459791 0.17077953381702274 0
0.7303458388097405 0.1948824541942897 0
0.7066968936023662 0.18555878595893388 0
0.6886234645170595 0.2022484169334635 0
0.7770311887819051 0.27785138859193315 0
0.6517108696096174 0.19259735814526172 0
0.6684684494311904 0.20392000637302893 0
0.7852258678375019 0.2547969080320387 0
0.7999285468480903 0.2171567554484314 0
0.7828266241955659 0.2321681411707321 0
0.7690954377554391 0.21554931508921515 0
0.7629042475576463 0.3011730668774809 0
0.8165114221316087 0.31770574632190096 0
0.7917788444462538 0.3027241627922993 0
0.7763753662061111 0.31993464126965154 0
0.8185524877631476 0.2864303517432529 0
0.7990903752986354 0.2758560845649227 0
0.9173814116417379 0.3085843311493136 0
1.0 0.375 1
0.8780703982306591 0.2524358476435423 0
0.8443195776148252 0.26244410271576807 0
0.8731402953565705 0.29772311399761864 0
0.8661194772229436 0.2740468216075474 0
0.8456566676662186 0.2929938345651883 0
0.8289323239400219 0.30281204928105465 0
0.8553154719564293 0.33744099306402436 0
0.8561946973944106 0.31397687294646165 0
0.8372149999013442 0.32501421638795475 0
0.8112138208836974 0.3656918815658651 0
0.8327998589664755 0.3508408709632956 0
0.8103410208225145 0.3413100342247117 0
0.7877336714877284 0.3395597440881546 0
0.777142585253907 0.37269072314333906 0
0.846206281088195 0.3934404174465608 0
0.8573741752007618 0.3665164627402114 0
0.83296731665783 0.3741974986972523 0
0.8141536645263507 0.39024367729186044 0
0.7892070183745531 0.39504852116409 0
0.7612075751306145 0.39572330009304163 0
0.734197501358466 0.3869949919359669 0
0.7185320911838344 0.387084557334997 0
0.7792949731309045 0.42145546128928785 0
0.7515142668038295 0.36736615054177835 0
0.9263003176207772 0.4108847760557226 0
0.887829163523941 0.3949271732433676 0
0.8672954035507499 0.38640989338554016 0
0.7970415568090196 0.32194200308879484 0
0.7921306752796549 0.35922368114323777 0
0.8483432690340388 0.21410014663936422 0
0.8309012034515406 0.23698785983169762 0
0.8560260579472211 0.24000880190113122 0
0.8830059447284542 0.2179149262932643 0
0.8240108103967257 0.2136469862135537 0
0.875 0.0 1
0.8382208651929273 0.10413031423203373 0
0.8371863930175834 0.15967631954106226 0
0.8069392810880063 0.18088582402822975 0
0.8366562849378812 0.18814048407985362 0
0.8780450030094232 0.17467427661913035 0
0.8550204506780114 0.17424547424884404 0
0.8661205477088966 0.1965918427861493 0
0.8671522400069305 0.14119510304739724 0
0.8100391798452956 0.23546818723677623 0
0.8407748745155551 0.13196051484170015 0
0.7766974514275372 0.12380868072298958 0
0.8069817197889867 0.1416753835681735 0
0.8190217705750864 0.11992452957392441 0
0.7929807795312994 0.06870358129092859 0
0.8116759556598058 0.09142901890329683 0
0.8482371395854335 0.04910768527217375 0
0.8125 0.0 1
0.8222897148618231 0.06364501443165525 0
0.8469879686391616 0.07730327889513622 0
0.9379201731136263 0.06720644958914408 0
1.0 0.125 1
1.0 0.0625 1
0.8916659698857451 0.06515721425160002 0
0.8777467015275484 0.10220133224398928 0
0.857615645171943 0.09562248179200575 0
0.8705846046146104 0.07585632386510298 0
0.8601616325243933 0.11887383634529324 0
0.821180618670402 0.03124019101399253 0
0.8045040448530666 0.048032359730333374 0
0.7832273240355382 0.09577985332692486 0
0.7971185152344371 0.11379112802301024 0
0.7289822480949449 0.060944772133534546 0
0.625 0.0 1
0.7641051037700591 0.03905924732705036 0
0.7829658069316323 0.04957323103376011 0
0.791762300467286 0.02122951548494989 0
0.78125 0.0 1
0.741651465970585 0.10086897610717525 0
0.7633702140583633 0.1059287902840024 0
0.7656249999999983 0.016433934972633846 0
0.6265410463810028 0.09793718850881768 0
0.6473846460934306 0.1430713157207067 0
0.6584610049961076 0.16705574253063007 0
0.6862399130339847 0.1396772110974307 0
0.7006568078605249 0.16075053624960897 0
0.7214827370567191 0.13103471441945716 0
0.7494547289444506 0.13020790114902328 0
0.7120060019263904 0.17112675555012502 0
0.7360175404868794 0.149188061733998 0
0.7548800393806537 0.16925775160756956 0
0.7483921228541117 0.18760334384284869 0
0.7816499141014108 0.17175764824282885 0
0.7703015255975014 0.14869953514694956 0
0.7901829514168186 0.15323629433209157 0
0.6674231196765227 0.14836708133183593 0
0.6647603015972774 0.11788348734547109 0
0.6397496978348619 0.11921724330906189 0
0.5594630875805806 0.1543122303993499 0
0.6028467263324924 0.14417763038673614 0
0.6137873187170466 0.12059287011968295 0
0.573436588205003 0.1162047756684459 0
0.5928701897926548 0.12521971205647137 0
0.5799574687350351 0.144119002663812 0
0.5888092489719775 0.18761577766589307 0
0.5913500984811716 0.1644496287756663 0
0.6211051644042493 0.17943556068899408 0
0.6250290754335551 0.14013770381702723 0
0.6363013439731844 0.1627395722865133 0
0.6157203781809986 0.20462666746583144 0
0.6970422322619316 0.10754871030403555 0
0.6835151371541147 0.12088083977810903 0
0.6665453977011345 0.06787379857906366 0
0.6746533318750989 0.09319991522271551 0
0.6507991245573047 0.09761943101856586 0
0.7013195706323906 0.07623316843734702 0
0.6875 0.0 1
0.6979545226104754 0.03747399322559626 0
0.708251728873449 0.0561056593570549 0
0.7178849262402099 0.09444569136156813 0
0.8494157488798766 0.017903511003790975 0
0.84375 0.0 1
0.878272058898188 0.03461778507896159 0
0.8685883848644755 0.01806955261673596 0
0.8692402630686464 0.05426992416065073 0
0.9375 0.0 1
0.90625 0.0 1
0.9158262548963118 0.03635420373167059 0
0.921875 0.0 1
0.8966195232554248 0.044777846901479124 0
0.8974994261019422 0.021542541592621964 0
0.828125 0.0 1
0.93322270175694 0.1382100769488132 0
0.9005995852037552 0.1488243137744341 0
0.9232915424670035 0.19138810778725535 0
0.9235493555712987 0.16391990262222983 0
0.9015308690382112 0.1724015080616598 0
0.8918642540454425 0.19499371842033963 0
1.0 0.1875 1
0.9651138294768253 0.16488385952083454 0
0.9445002873769486 0.15712799484180823 0
0.9658867077671849 0.1315584280848435 0
0.9431039150972278 0.10320659834533429 0
0.9471866552103818 0.1232555591852309 0
1.0 0.09375 1
0.9699662578703552 0.0781249999999997 0
1.0 0.078125 1
0.9501428798548435 0.08381975837497585 0
0.9699128620821861 0.10499337067422498 0
1.0 0.109375 1
0.913779669556311 0.08905577840254836 0
0.9090480773353243 0.11934986920065772 0
0.9236262540467307 0.1061102586685581 0
0.8981345879188787 0.10212875052710742 0
0.8874999707489675 0.12912141693751264 0
0.9148043492895499 0.06592727590396351 0
1.0 0.15625 1
0.9795823245910477 0.14854773268325355 0
1.0 0.171875 1
0.9276864488710467 0.2419162996165754 0
0.9009528787050474 0.2380941311041091 0
0.907369853674417 0.27375811009951506 0
0.8867929101872613 0.2807955531500571 0
0.9122515287776567 0.2544704678034643 0
0.9389085398605931 0.271478913463744 0
0.9175599015035389 0.21734187070689942 0
0.9617733426632071 0.2134962168518438 0
0.9390631460744255 0.20848088657162128 0
0.9553549863236827 0.18863421529938773 0
0.9778810213629846 0.19607839027694937 0
1.0 0.21875 1
0.9783781736743521 0.234375 0
0.9529451188116622 0.23755955238948018 0
0.9809031988524685 0.176631561807523 0
0.9242335948329544 0.2877623903778499 0
1.0 0.3125 1
0.9586861334446813 0.31063864034831196 0
0.8815954583241732 0.15500748462615785 0
0.8157583175873171 0.16129012595421166 0
0.8658814160597559 0.21412838219381425 0
0.8254739294265582 0.26803247214288173 0
0.7165822550124422 0.320089898310025 0
0.7170364455089943 0.34100962983933764 0
0.703870964041307 0.3558296970556421 0
0.7414204198883231 0.3412970499929325 0
0.621016799553001 0.2753462789811875 0
0.6370640918255064 0.2918451758728765 0
0.6313157630779143 0.317875569749186 0
0.6054654927072708 0.3215055311853287 0
0.5934266743683635 0.30539680637030464 0
0.5913345659566261 0.3377919484842754 0
0.6839822761390932 0.572329146432114 0
0.6675266830062488 0.585306057190305 0
0.6661292180351379 0.5640431224065001 0
0.6929227792203613 0.5922371590097159 0
0.7053273098524572 0.566342585742705 0
0.7397000832963169 0.5637068273155799 0
0.7337695435020244 0.582908357101941 0
0.7539330988176417 0.5780483687335418 0
0.7525050699420975 0.5446760179186226 0
0.7238574772558055 0.5483702166706664 0
0.6840027430063931 0.5524573401867062 0
0.6030783392890664 0.5878083527802975 0
0.5819030553676666 0.581518763992644 0
0.6259629187117814 0.6060780152854994 0
0.631159435857055 0.5854147275788381 0
0.6249310231158035 0.6422572359294846 0
0.6174453039438795 0.6239394038614241 0
0.6431513444013502 0.6235856769731266 0
0.643806957870722 0.6512840641544535 0
0.5826652305892619 0.6600676514533829 0
0.5999741507586585 0.6420877884711078 0
0.5704170507849303 0.6309218890346824 0
0.6084368656383599 0.667556144479523 0
0.6259255039509086 0.6775669411261929 0
0.5610472633049178 0.6520058984594111 0
0.56344541614114 0.6785908107018617 0
0.5502909185012669 0.6960906530367285 0
0.5344587431357931 0.6980995408962029 0
0.5759924482888181 0.606181359153695 0
0.5551599557562865 0.6144851429522554 0
0.5771775926771276 0.5437176343210111 0
0.5329466558658312 0.5346299802222823 0
0.5058724652574706 0.5156984659006688 0
0.521204417006062 0.5044843976075193 0
0.5083018512559214 0.5410494942477467 0
0.49053915178056134 0.5516090911935502 0
0.4794694775836522 0.5074117562295751 0
0.4492316604011325 0.5167019717840645 0
0.44570876190177366 0.5406100860738259 0
0.46189882269917837 0.5504993184304282 0
0.4405035347857329 0.49639726039959076 0
0.46087138387670307 0.46433026158654817 0
0.45258053573359597 0.4451778730347204 0
0.3891139488863778 0.3765359398318856 0
0.3098293322816204 0.3629149399206662 0
0.3083827850395768 0.39738730489401747 0
0.3343122222587796 0.406144383332223 0
0.3514087655642563 0.38908105578768626 0
0.3281766553412887 0.37987909895050515 0
0.31084150941212 0.3802239462910602 0
0.29475700382471154 0.42086590386406314 0
0.26978318363177695 0.43170372813976776 0
0.29216948292513956 0.4490961810447444 0
0.26096137932811847 0.46616174632589846 0
0.2728580526187183 0.45084921448615295 0
0.2892490307220309 0.4739066557548199 0
0.2698624825000724 0.4877396326903247 0
0.23967994982013346 0.4509853552443199 0
0.22351104488096485 0.46386744541827957 0
0.24266993599170783 0.4789310274931889 0
0.16989015787247155 0.4623274862827014 0
0.20061484422928375 0.48811085950096444 0
0.20503623768911683 0.4693529216970767 0
0.21630816633025757 0.583612956927181 0
0.2880807126276022 0.5161703079589458 0
0.22870651303530945 0.6463669920712042 0
0.22732342850449383 0.6654959125925471 0
0.2831934845359836 0.5504496736323538 0
0.30889728050255943 0.6195594723155743 0
0.43364873139052706 0.6798394537302814 0
0.3930294389416062 0.8008859100916378 0
0.41490706975059227 0.815456168540832 0
0.44295993713102455 0.8045491415812253 0
0.45360022515661264 0.7875268115891583 0
0.27756180487856014 0.7695376216142342 0
0.2691699283873689 0.8567188250144216 0
0.2493495112819671 0.8442588078698047 0
0.28468602879741095 0.8703104164326984 0
0.266533219269153 0.8811254709581184 0
0.22844291876917094 0.9347476995855719 0
0.23385085366588998 0.9570295529975625 0
0.25137955914351456 0.9240743771878404 0
0.21903543558461908 0.917841622856481 0
0.2019000716865599 0.947826176921716 0
0.17748945865754348 0.9403843372447356 0
0.2468919650145357 0.8920549593358597 0
0.3843359556186392 0.9421121039148115 0
0.3623264518492685 0.9260670149762732 0
0.3593338450975997 0.8987022881180576 0
0.38712795826212837 0.9095087228548933 0
0.38288910915454333 0.8792646289110889 0
0.3991673735802526 0.8924022492419741 0
0.4053278805693724 0.9141571878517467 0
0.3778917210362436 0.9814102383937011 0
0.42518553504608797 0.9410982431157463 0
0.48731336527022606 0.9470641824170293 0
0.46875 1.0 1
0.4773989220974213 0.9733101967422317 0
0.4494783039454136 0.974738915504603 0
0.4327572804313415 0.8851726118650848 0
0.5321177633186744 0.925788242059459 0
0.5625 1.0 1
0.5398052070736861 0.9659661196397552 0
0.5444908842853937 0.9442452062478766 0
0.5805389008222542 0.9633874120505262 0
0.5096324394721278 0.9674202457456713 0
0.53125 1.0 1
0.5253809650858299 0.9804324663485681 0
0.5240498664511872 0.9528124892403803 0
0.546875 1.0 1
0.4954480489544425 0.9809403555715214 0
0.5506301485537864 0.8629405576527688 0
0.6368194256785218 0.9120704147432948 0
0.6083535226086401 0.9093102384486489 0
0.5838998349029845 0.9222789037430144 0
0.6096443717420166 0.9412835042498983 0
0.58824961216253 0.9433261763597852 0
0.610374150715461 0.9724588129629474 0
0.6400974537035443 0.9743282921375468 0
0.65625 1.0 1
0.6509292489145232 0.9573866552915304 0
0.6262989797682373 0.9564898345854574 0
0.59375 1.0 1
0.5917779268383534 0.9800217860642311 0
0.6256252150652929 0.9405041935401134 0
0.6452010910611546 0.8764406347884582 0
0.5101508089282044 0.7578784795882325 0
0.47684503310864695 0.7337096360607955 0
0.5161438504361379 0.7238053011058719 0
0.5561791074765282 0.7167151516592357 0
0.5481129125502893 0.7486805415857407 0
0.6791397319261072 0.679363126121682 0
0.677022069814007 0.65663158411355 0
0.6600405728048943 0.6860554596156327 0
0.6871806606954015 0.6984208237889693 0
0.6377168591680603 0.7740779789539342 0
0.6546143482575351 0.7540791676415767 0
0.7146588988642063 0.7847561072751053 0
0.737638790735581 0.7747856489035123 0
0.7548382012849857 0.7874099820125617 0
0.7365859823587413 0.6576765352180579 0
0.7196748305610977 0.6444820491527232 0
0.7237431578462739 0.6791982936898807 0
0.7014157698566069 0.6723330827456978 0
0.753016498592085 0.672462504484003 0
0.7041633852822462 0.6288572889633783 0
0.5609186895713999 0.9764707462691211 0
0.3491673105477539 0.3689402786703532 0
0.5422085498952084 0.6631873197487609 0
0.5212605208681315 0.6631236702446518 0
0.6196690187519602 0.34233538260990715 0
0.9356005423366803 0.35853493739489695 0
0.8951310334059169 0.3492324508205724 0
0.8805935329697058 0.3673571989178459 0
0.8823193640482608 0.32425321046360117 0
0.9051649155344863 0.3283110203444155 0
0.9169834957623141 0.3468460226830157 0
0.939862092903946 0.33107729325532526 0
0.9089881790914558 0.374877547084067 0
0.9096233549048198 0.39673757658774933 0
0.9337445458032904 0.3852062461262196 0
0.8959034717847507 0.42981395678780215 0
0.9659392677087982 0.3740463729068335 0
0.9714647757267038 0.34129561175877043 0
1.0 0.34375 1
0.952152665976694 0.3470443738208663 0
0.8947862682064976 0.3050868561096416 0
0.9833721627229258 0.3601460487561156 0
1.0 0.4375 1
0.9820813514557928 0.40625000000000033 0
1.0 0.40625 1
0.9538915319310753 0.4049651840251124 0
0.9508772936200052 0.45817693267449505 0
0.9667659669323764 0.4323857173792964 0
0.940097924364337 0.43374658953555484 0
0.9180281570164194 0.43147169288417125 0
0.9030048461033463 0.4835071963008144 0
0.9050720542787374 0.4559175634943207 0
0.8665613345305457 0.45478201607982205 0
0.885434294336379 0.4683184264749633 0
0.8520214642731829 0.494978927977065 0
0.8785836518744551 0.49400062994475763 0
0.864651749480778 0.47681939696080466 0
0.8388410481191882 0.47233964558648645 0
0.8667900549277582 0.5348774411924849 0
0.9059550669507915 0.5240374335298446 0
0.8974667901529819 0.5042828076007407 0
0.9302522333124505 0.5018963350677744 0
0.865965880529003 0.5124999301755178 0
0.836385492334922 0.5217325706819185 0
0.8461922008700281 0.5407851615700472 0
0.8575050205298411 0.5820238702212606 0
0.8624204290712822 0.5585043990243217 0
0.8777875634225785 0.5739894039232272 0
0.8810406905507087 0.6118200172685265 0
0.8658704995380139 0.6300678996183608 0
0.8487418074757825 0.6083000483554144 0
0.8336406314216489 0.5886643714818888 0
0.8408574876554981 0.5683983114864992 0
0.8294015386728554 0.49970486334516123 0
0.8160270711075065 0.5298985149791723 0
0.9272641213965174 0.47145260956034213 0
1.0 0.46875 1
0.976948552275444 0.4564484119015721 0
0.966085035549347 0.49007462132138363 0
0.947302010877227 0.47945562037478756 0
1.0 0.5625 1
0.9507282573880725 0.5487684282624795 0
0.9746616961506834 0.5236745321359114 0
1.0 0.53125 1
0.9532067461885447 0.5112565011724765 0
0.9769778495667217 0.5498438471574916 0
0.9621950930813822 0.5897748187473385 0
0.9435430843187705 0.6061129538719816 0
0.9334020948043481 0.5757198969770496 0
0.97504964148252 0.6138782343927566 0
0.9790632358146059 0.5733177049292287 0
1.0 0.59375 1
0.9160535092514513 0.5873417343558963 0
0.9540469904833697 0.5699468546815053 0
0.9214044562720846 0.5489621038733286 0
0.9334570923120038 0.5268633287789692 0
0.8947266616380694 0.548247720281232 0
0.9803214310089001 0.5043352491995153 0
0.8194061442647147 0.46998773735869326 0
0.9848474789788046 0.425426158909188 0
1.0 0.421875 1
0.9826534649973147 0.3858158005968804 0
0.8661555439224685 0.4183211483495493 0
0.8374928714442132 0.42086477369959346 0
0.8495771695780855 0.4399230879624451 0
0.8190426527616483 0.42999478712087563 0
0.8762489572388641 0.4364415058624675 0
0.8849281373200382 0.41397635956288104 0
0.9002219829970717 0.6309916097687098 0
0.9789550415757573 0.32018174449077974 0
1.0 0.28125 1
0.9785262395484045 0.29479604354540523 0
0.9562792788550432 0.28728002705583144 0
0.9688542639838873 0.2614647440422031 0
0.9827309051784057 0.25112431166114607 0
0.9523840735500283 0.033511483379247024 0
0.9331006829490865 0.022015060690290373 0
0.9349646443502685 0.04598588948601056 0
0.9594520121157711 0.05649733642153814 0
0.96875 0.0 1
0.953125 0.0 1
1.0 0.03125 1
0.9764911380996624 0.038678372176881144 0
0.9826726500593701 0.017327349940632144 0
0.7300934808588757 0.02723146275020502 0
0.71875 0.0 1
0.709971017149691 0.019635294276456373 0
0.7431379771815462 0.044536394134576586 0
0.7595466159170281 0.07300270639981225 0
0.739261510305783 0.07965511035838475 0
0.65625 0.0 1
0.671874999999999 0.024554376041319426 0
0.6769152246243828 0.047162039075734234 0
0.6426187452912361 0.042942532342059414 0
0.6495543436834708 0.021509348596202717 0
0.6379060170496603 0.0714122526383854 0
0.5625 0.0 1
0.5880535768838526 0.04853502074018839 0
0.606669055514758 0.0737255565910343 0
0.5937538988044411 0.0978606035045852 0
0.5566231793611928 0.07715945247246159 0
0.5716687354398466 0.09382334077773413 0
0.5799585854880528 0.07121442967215767 0
0.5396444721203137 0.10761339264669734 0
0.5519553987838481 0.12994358354190605 0
0.47831424246710796 0.15598423438973785 0
0.5188543432013305 0.1534824610954351 0
0.5266165042679013 0.12935456492103586 0
0.49725679256184324 0.1332218083519599 0
0.5392958773093889 0.1471846687925269 0
0.5385998289146214 0.18124913852570035 0
0.411172588969051 0.08084688946876187 0
0.375 0.0 1
0.4503244197630574 0.1134284567799619 0
0.4707838556382992 0.13045449294735356 0
0.4885746133796466 0.08827050648843819 0
0.5112868269038355 0.10539459641396898 0
0.5204584445990686 0.06960599149572128 0
0.5084089822641484 0.08558756847835287 0
0.4732711876991763 0.10665995740366203 0
0.4510222501739891 0.07258235845654587 0
0.4568028382134837 0.09311012640275988 0
0.4315001593885512 0.09623444247326428 0
0.3900077999448048 0.1299269603803816 0
0.421401078533636 0.1261926111522634 0
0.4440300093839676 0.15222142014718226 0
0.49252391452585803 0.11338510187374491 0
0.4411764462662451 0.13185127481333145 0
0.41515427872385374 0.15447443171641848 0
0.38650745234446976 0.15866651073906995 0
0.3532902121476882 0.14003786225981193 0
0.37372653152297336 0.14252691377913526 0
0.36757437836306545 0.19206409642265593 0
0.36049372327505314 0.1660341138490942 0
0.33711876650966255 0.15851510393356164 0
0.3418814104070943 0.1838024042419009 0
0.32047596877589896 0.14601788389097614 0
0.28983977361887825 0.14636712932480156 0
0.2836921535034281 0.17369616257403603 0
0.2816123857339383 0.18933245420733977 0
0.27333137500037596 0.15700955782336531 0
0.2972016029760703 0.12669839066700808 0
0.30493741068472713 0.08386641665873058 0
0.34933185636857605 0.20471434418253978 0
0.3838393105138355 0.1792193102668506 0
0.3897254211853392 0.20339296808927707 0
0.4245427425309917 0.21076222872600328 0
0.3701000441646166 0.21444583856019364 0
0.4573243912051584 0.1891607986409715 0
0.4597082295629915 0.167440866530543 0
0.4309546981618815 0.1848178974134361 0
0.4305589088403592 0.16573847019989937 0
0.42109710176839626 0.24127788477283077 0
0.4626944216759296 0.23154316103870104 0
0.4399159067083322 0.22795043049532474 0
0.45424908592459806 0.21108183761420363 0
0.4961085147284808 0.20577806511430305 0
0.41088260891938794 0.26349104939839624 0
0.3961299166808259 0.2487066567110527 0
0.5099627663699802 0.18070951395315668 0
0.49903742923816174 0.16207621749982515 0
0.40313811592372456 0.10648566458190017 0
0.35793807623229323 0.07824296302684411 0
0.37273439511780526 0.10485347290459629 0
0.3844891194159303 0.08089858454234314 0
0.3977484487829179 0.03833749940915964 0
0.4375 0.0 1
0.37375045192613715 0.05420717342951445 0
0.3730531639039981 0.027073111410569162 0
0.3286997616949957 0.04178889049073559 0
0.3125 0.0 1
0.34375 0.0 1
0.3492161740162248 0.05528598066118386 0
0.3261063392286021 0.06807270640702426 0
0.3320145215706934 0.09807530186289425 0
0.31127861764497045 0.1046864604604744 0
0.34109906228071857 0.11984413237455611 0
0.3528713876966028 0.09847908349200293 0
0.3977937051970516 0.06169752319797927 0
0.4279213298433772 0.04995909987635085 0
0.42107717282104523 0.022749057717988495 0
0.40625 0.0 1
0.39253283531144323 0.017069525893823326 0
0.4299177433621468 0.07102649753351278 0
0.3281250000000001 0.0179772790903102 0
0.29535440525087764 0.03068103406692913 0
0.3492010462939661 0.02938129058651988 0
0.359375 0.0 1
0.30140414479410627 0.05704701475634484 0
0.26491057010791796 0.051543501612484416 0
0.28026499614195965 0.07347438989396703 0
0.28526568892704435 0.096086145016364 0
0.2842412470252079 0.04710802993701394 0
0.26760743893943156 0.02283492273829725 0
0.28125 0.0 1
0.23232347348546017 0.03183571807237569 0
0.25214082156580464 0.03586295747836975 0
0.24082482931010826 0.05811826594919431 0
0.21324375363132284 0.04295291296270299 0
0.21875 0.0 1
0.203125 0.0 1
0.234375 0.0 1
0.296875 0.0 1
0.48461964973566535 0.04494922006925414 0
0.4560000487294997 0.04439349697817437 0
0.46875 0.0 1
0.47069982589185094 0.02458765754180965 0
0.4467729151604211 0.022187209235273075 0
0.494531062478952 0.023234654645560838 0
0.5115803989551496 0.044135935836910715 0
0.5359861847177668 0.08561385916001481 0
0.5643150022248733 0.17961814293529094 0
0.5537938558995049 0.21727124370260872 0
0.5706617240132942 0.20168803971363208 0
0.5789285117622957 0.2275571547167565 0
0.5381701994923584 0.24070201345465145 0
0.5243464271295644 0.21455999245064955 0
0.5015352385994739 0.2381185307187767 0
0.5202737701771135 0.23343957543326913 0
0.4923374175118566 0.2637988247314359 0
0.48038794237667803 0.24503160030577606 0
0.45888614788898463 0.2548876784564232 0
0.5403776310847953 0.20171471878340202 0
0.5931369693346821 0.2098792151721037 0
0.5878524417276138 0.24724181304583856 0
0.5941573016873416 0.06349801375227766 0
0.6165455364298196 0.04887643984076469 0
0.59375 0.0 1
0.6025759810798786 0.025637678545382864 0
0.6262617698489643 0.025810809766254186 0
0.575182064602577 0.024317382253831312 0
0.5410250901873358 0.026665333790523466 0
0.53125 0.0 1
0.5181487038496412 0.019927091960682194 0
0.542625209075331 0.05382729725019079 0
0.5655862446227767 0.05330010860403005 0
0.5587543322707179 0.03495825599456689 0
0.4751333173798473 0.06765643811634962 0
0.49800048232543653 0.06387444247010196 0
0.482938940038629 0.18294636289979696 0
0.4744947418508668 0.2030310966696697 0
0.7897536656228672 0.19637706248171555 0
0.5482985871177173 0.5589700148270499 0
0.41338522984399206 0.47196373372728534 0
0.4315100679099791 0.4791131297571514 0
0.41477260052545384 0.45121076912549696 0
0.24108573203696942 0.24979595694940399 0
0.25325479212528634 0.11124235673701349 0
0.18066489182197198 0.10554383290244122 0
0.05664478091429795 0.8165856255987867 0
0.019853304136053334 0.807551491742584 0
0.12618935802214232 0.7870694167869571 0
0.1893473751643135 0.6213876995658232 0
0.20024023321464912 0.6449708281344713 0
0.214064867635816 0.6539978973061816 0
0.05523851156804006 0.20810683085818657 0
0.026656330528465038 0.36063280600410674 0
0.01882871912693448 0.37802191577620486 0
0.015698541649481115 0.33525366971996184 0
0.0 0.34375 1
0.280152117135134 0.7443337134174458 0
0.39795514249693137 0.8490961567810262 0
0.40013548042363367 0.8690312094073815 0
0.4751221804550959 0.8988950191643974 0
0.48389438179031 0.8079415315320415 0
0.6039822302309337 0.8069444640530578 0
0.5764421725942234 0.8115856329228117 0
0.5264237943747323 0.62352305870691 0
0.9359203787125789 0.8827788744844685 0
0.9236170465289332 0.9027654476194671 0
0.901841741472217 0.9020979235186345 0
0.7966439815180634 0.7194100704277592 0
0.8995252905475033 0.8584145166759111 0
0.8979241597035245 0.8362024732758486 0
0.8801291765881315 0.843944369989395 0
0.7103442017436076 0.9430872918670548 0
0.5890296893350039 0.6855784233546702 0
0.5848060991711803 0.3784173787873815 0

Edges
159
1 917 1
1 923 1
2 1610 1
2 1612 1
3 225 1
3 227 1
4 523 1
4 524 1
5 1736 1
5 1763 1
6 1567 1
6 1574 1
7 1461 1
7 1471 1
9 808 1
9 894 1
10 875 1
10 891 1
11 391 1
11 514 1
38 87 1
38 88 1
48 113 1
48 1582 1
57 166 1
57 175 1
74 87 1
74 113 1
76 101 1
76 222 1
84 88 1
84 101 1
106 181 1
106 232 1
131 1484 1
131 1487 1
160 233 1
160 1484 1
166 233 1
167 173 1
167 175 1
173 232 1
178 181 1
178 229 1
214 222 1
214 227 1
225 229 1
344 359 1
344 366 1
353 357 1
353 1461 1
357 359 1
362 368 1
362 391 1
364 366 1
364 368 1
395 503 1
395 518 1
409 494 1
409 495 1
417 866 1
417 870 1
475 494 1
475 890 1
480 481 1
480 489 1
481 495 1
486 519 1
486 522 1
489 524 1
502 512 1
502 514 1
503 512 1
518 519 1
522 523 1
618 769 1
618 773 1
619 785 1
619 1790 1
650 1725 1
650 1732 1
701 905 1
701 911 1
709 724 1
709 729 1
718 723 1
718 921 1
723 724 1
726 729 1
726 773 1
759 769 1
759 1790 1
779 781 1
779 801 1
781 785 1
801 894 1
803 808 1
803 860 1
860 866 1
868 870 1
868 875 1
888 890 1
888 891 1
898 914 1
898 917 1
903 905 1
903 1731 1
911 914 1
921 923 1
1019 1251 1
1019 1616 1
1151 1344 1
1151 1601 1
1179 1529 1
1179 1535 1
1214 1295 1
1214 1300 1
1231 1251 1
1231 1305 1
1235 1323 1
1235 1330 1
1236 1320 1
1236 1612 1
1247 1621 1
1247 1758 1
1290 1616 1
1290 1621 1
1295 1305 1
1299 1302 1
1299 1611 1
1300 1302 1
1312 1332 1
1312 1344 1
1318 1320 1
1318 1323 1
1330 1332 1
1349 1529 1
1349 1601 1
1466 1474 1
1466 1487 1
1471 1474 1
1533 1567 1
1533 1591 1
1535 1591 1
1571 1574 1
1571 1582 1
1610 1611 1
1627 1758 1
1627 1763 1
1643 1712 1
1643 1718 1
1697 1712 1
1697 1736 1
1701 1702 1
1701 1733 1
1702 1718 1
1725 1733 1
1730 1731 1
1730 1732 1

Triangles
3455
1 917 923 0
2 1610 1614 0
2 1612 1614 0
3 225 228 0
3 227 228 0
4 523 524 0
5 1736 1739 0
5 1739 1764 0
5 1763 1764 0
6 1567 1588 0
6 1574 1588 0
7 1461 1475 0
7 1471 1472 0
7 1472 1475 0
8 603 615 0
8 603 617 0
8 615 616 0
8 616 1424 0
8 617 1421 0
8 1421 1424 0
9 806 809 0
9 806 895 0
9 808 809 0
9 894 895 0
10 875 877 0
10 877 880 0
10 880 891 0
11 390 391 0
11 390 515 0
11 514 515 0
12 460 461 0
12 460 536 0
12 461 526 0
12 526 529 0
12 529 531 0
12 531 536 0
13 54 56 0
13 54 247 0
13 56 202 0
13 60 202 0
13 60 250 0
13 247 250 0
14 1040 1042 0
14 1040 1398 0
14 1042 1045 0
14 1045 1046 0
14 1046 1396 0
14 1396 1398 0
15 566 567 0
15 566 574 0
15 567 568 0
15 568 571 0
15 571 581 0
15 574 581 0
16 266 273 0
16 266 1392 0
16 273 1514 0
16 1390 1391 0
16 1390 1513 0
16 1391 1392 0
16 1513 1514 0
17 27 29 0
17 27 1366 0
17 28 29 0
17 28 1382 0
17 1057 1366 0
17 1057 1379 0
17 1378 1379 0
17 1378 1382 0
18 1156 1175 0
18 1156 1358 0
18 1175 1192 0
18 1192 1208 0
18 1193 1203 0
18 1193 1208 0
18 1203 1358 0
19 1062 1063 0
19 1062 1065 0
19 1063 1082 0
19 1065 1117 0
19 1082 1117 0
20 1112 1114 0
20 1112 1565 0
20 1114 1563 0
20 1554 1555 0
20 1554 1565 0
20 1555 1563 0
21 1096 1098 0
21 1096 1202 0
21 1098 1101 0
21 1101 1103 0
21 1103 1596 0
21 1104 1202 0
21 1104 1596 0
22 1105 1107 0
22 1105 1116 0
22 1107 1109 0
22 1109 1373 0
22 1116 1374 0
22 1373 1374 0
23 33 34 0
23 33 1505 0
23 34 40 0
23 40 42 0
23 41 42 0
23 41 1509 0
23 1505 1509 0
24 34 36 0
24 34 1372 0
24 36 1113 0
24 1113 1373 0
24 1372 1373 0
25 27 32 0
25 27 1368 0
25 32 1371 0
25 1368 1369 0
25 1369 1371 0
26 29 1497 0
26 29 1510 0
26 1497 1508 0
26 1506 1508 0
26 1506 1510 0
27 29 1510 0
27 32 1510 0
27 1366 1368 0
28 29 1497 0
28 1382 1383 0
28 1383 1497 0
30 32 33 0
30 32 1510 0
30 33 1505 0
30 1505 1506 0
30 1506 1510 0
31 32 33 0
31 32 1371 0
31 33 34 0
31 34 1372 0
31 1371 1372 0
34 36 44 0
34 40 44 0
35 36 44 0
35 36 1114 0
35 44 1562 0
35 1114 1562 0
36 1113 1114 0
37 47 51 0
37 47 63 0
37 51 92 0
37 63 93 0
37 92 93 0
38 85 86 0
38 85 88 0
38 86 87 0
39 40 42 0
39 40 44 0
39 42 43 0
39 43 47 0
39 44 46 0
39 46 47 0
41 42 43 0
41 43 53 0
41 53 55 0
41 55 1509 0
43 47 63 0
43 53 62 0
43 62 63 0
44 46 1561 0
44 1561 1562 0
45 46 47 0
45 46 1561 0
45 47 51 0
45 51 1560 0
45 1560 1561 0
48 113 116 0
48 116 1580 0
48 1580 1582 0
49 90 94 0
49 90 115 0
49 94 1599 0
49 115 117 0
49 117 120 0
49 120 1599 0
50 51 92 0
50 51 1560 0
50 92 94 0
50 94 1599 0
50 1560 1599 0
52 53 55 0
52 53 1802 0
52 55 56 0
52 56 202 0
52 201 202 0
52 201 1802 0
53 62 1802 0
54 55 56 0
54 55 1509 0
54 246 247 0
54 246 1507 0
54 1507 1509 0
57 165 166 0
57 165 176 0
57 174 175 0
57 174 176 0
58 137 138 0
58 137 143 0
58 138 212 0
58 143 190 0
58 190 212 0
59 60 201 0
59 60 1504 0
59 139 203 0
59 139 1504 0
59 198 199 0
59 198 201 0
59 199 203 0
60 124 250 0
60 124 1503 0
60 201 202 0
60 1503 1504 0
61 62 63 0
61 62 1802 0
61 63 66 0
61 66 96 0
61 96 200 0
61 200 1802 0
63 66 93 0
64 69 89 0
64 69 210 0
64 72 79 0
64 72 89 0
64 79 209 0
64 209 210 0
65 66 68 0
65 66 93 0
65 68 69 0
65 69 71 0
65 71 91 0
65 91 93 0
66 68 96 0
67 68 69 0
67 68 95 0
67 69 210 0
67 95 206 0
67 206 210 0
68 95 96 0
69 71 89 0
70 71 72 0
70 71 90 0
70 72 75 0
70 75 110 0
70 90 114 0
70 110 114 0
71 72 89 0
71 90 91 0
72 75 78 0
72 78 79 0
73 75 78 0
73 75 110 0
73 78 86 0
73 86 87 0
73 87 110 0
74 87 110 0
74 110 112 0
74 112 113 0
76 101 102 0
76 102 220 0
76 220 222 0
77 78 79 0
77 78 85 0
77 79 82 0
77 82 83 0
77 83 97 0
77 85 97 0
78 85 86 0
79 82 209 0
80 194 207 0
80 194 1805 0
80 207 211 0
80 211 1804 0
80 1804 1805 0
81 82 83 0
81 82 209 0
81 83 109 0
81 109 1804 0
81 208 209 0
81 208 211 0
81 211 1804 0
83 97 98 0
83 98 100 0
83 100 109 0
84 88 97 0
84 97 98 0
84 98 103 0
84 101 103 0
85 88 97 0
90 91 94 0
90 114 115 0
91 92 93 0
91 92 94 0
95 96 200 0
95 197 198 0
95 197 206 0
95 198 200 0
98 100 103 0
99 100 102 0
99 100 105 0
99 102 220 0
99 105 1799 0
99 220 1799 0
100 102 103 0
100 105 109 0
101 102 103 0
104 105 108 0
104 105 109 0
104 108 1803 0
104 109 1804 0
104 1803 1804 0
105 108 1799 0
106 177 180 0
106 177 232 0
106 180 181 0
107 183 184 0
107 183 218 0
107 184 189 0
107 189 1801 0
107 218 1801 0
108 189 1801 0
108 189 1803 0
108 1799 1800 0
108 1800 1801 0
110 112 114 0
111 112 113 0
111 112 114 0
111 113 116 0
111 114 115 0
111 115 117 0
111 116 117 0
116 117 1580 0
117 120 1578 0
117 1578 1580 0
118 1558 1559 0
118 1558 1587 0
118 1559 1583 0
118 1579 1583 0
118 1579 1585 0
118 1585 1587 0
119 120 1578 0
119 120 1599 0
119 1559 1583 0
119 1559 1599 0
119 1578 1583 0
121 319 320 0
121 319 326 0
121 320 322 0
121 322 323 0
121 323 325 0
121 325 326 0
122 125 126 0
122 125 238 0
122 126 129 0
122 129 133 0
122 133 235 0
122 235 238 0
123 126 128 0
123 126 1502 0
123 128 140 0
123 140 1504 0
123 1502 1503 0
123 1503 1504 0
124 241 250 0
124 241 1502 0
124 1502 1503 0
125 126 1502 0
125 238 240 0
125 240 241 0
125 241 1502 0
126 128 129 0
127 128 129 0
127 128 138 0
127 129 134 0
127 134 136 0
127 136 137 0
127 137 138 0
128 138 140 0
129 133 134 0
130 153 155 0
130 153 1806 0
130 155 159 0
130 159 162 0
130 162 1806 0
131 1482 1483 0
131 1482 1487 0
131 1483 1484 0
132 133 134 0
132 133 156 0
132 134 136 0
132 136 152 0
132 152 153 0
132 153 156 0
133 156 157 0
133 157 235 0
135 136 137 0
135 136 152 0
135 137 144 0
135 144 148 0
135 148 151 0
135 151 152 0
137 143 144 0
138 139 140 0
138 139 212 0
139 140 1504 0
139 203 212 0
141 145 147 0
141 145 186 0
141 147 169 0
141 169 185 0
141 185 186 0
142 143 144 0
142 143 196 0
142 144 145 0
142 145 186 0
142 186 196 0
143 190 196 0
144 145 148 0
145 147 148 0
146 147 148 0
146 147 170 0
146 148 150 0
146 150 176 0
146 170 174 0
146 174 176 0
147 169 170 0
148 150 151 0
149 150 151 0
149 150 164 0
149 151 152 0
149 152 153 0
149 153 1806 0
149 164 1806 0
150 164 176 0
153 155 156 0
154 155 156 0
154 155 159 0
154 156 1490 0
154 159 1477 0
154 323 1477 0
154 323 1490 0
156 157 1490 0
157 235 237 0
157 237 322 0
157 322 1490 0
158 159 1477 0
158 159 1485 0
158 1477 1489 0
158 1485 1486 0
158 1486 1489 0
159 162 1485 0
160 233 234 0
160 234 1484 0
161 162 234 0
161 162 1485 0
161 234 1484 0
161 1483 1484 0
161 1483 1485 0
162 163 234 0
162 163 1806 0
163 164 165 0
163 164 1806 0
163 165 166 0
163 166 233 0
163 233 234 0
164 165 176 0
167 172 175 0
167 172 231 0
167 173 231 0
168 169 170 0
168 169 230 0
168 170 172 0
168 172 231 0
168 230 231 0
169 171 185 0
169 171 230 0
170 172 175 0
170 174 175 0
171 183 184 0
171 183 230 0
171 184 185 0
173 231 232 0
177 180 182 0
177 182 230 0
177 230 231 0
177 231 232 0
178 181 213 0
178 213 226 0
178 226 229 0
179 180 181 0
179 180 182 0
179 181 213 0
179 182 218 0
179 213 216 0
179 216 218 0
182 183 218 0
182 183 230 0
184 185 186 0
184 186 188 0
184 188 189 0
186 188 191 0
186 191 196 0
187 188 189 0
187 188 191 0
187 189 1803 0
187 191 194 0
187 194 1805 0
187 1803 1805 0
190 191 193 0
190 191 196 0
190 193 195 0
190 195 212 0
191 193 194 0
192 193 194 0
192 193 195 0
192 194 207 0
192 195 204 0
192 204 205 0
192 205 207 0
195 203 204 0
195 203 212 0
197 198 199 0
197 199 204 0
197 204 205 0
197 205 206 0
198 200 201 0
199 203 204 0
200 201 1802 0
205 206 210 0
205 207 208 0
205 208 210 0
207 208 211 0
208 209 210 0
213 216 226 0
214 221 222 0
214 221 224 0
214 224 227 0
215 216 217 0
215 216 226 0
215 217 223 0
215 223 224 0
215 224 226 0
216 217 218 0
217 218 1801 0
217 219 223 0
217 219 1800 0
217 1800 1801 0
219 220 221 0
219 220 1799 0
219 221 223 0
219 1799 1800 0
220 221 222 0
221 223 224 0
224 226 228 0
224 227 228 0
225 226 228 0
225 226 229 0
235 237 238 0
236 242 321 0
236 242 1500 0
236 316 1500 0
236 316 1796 0
236 321 1796 0
237 238 242 0
237 242 321 0
237 320 321 0
237 320 322 0
238 240 242 0
239 240 241 0
239 240 242 0
239 241 249 0
239 242 1500 0
239 249 1501 0
239 1500 1501 0
241 249 250 0
243 244 248 0
243 244 253 0
243 248 1499 0
243 253 255 0
243 255 1498 0
243 1498 1499 0
244 248 249 0
244 249 1501 0
244 253 1501 0
245 247 248 0
245 247 250 0
245 248 249 0
245 249 250 0
246 247 1499 0
246 1499 1508 0
246 1507 1508 0
247 248 1499 0
251 252 253 0
251 252 317 0
251 253 257 0
251 257 259 0
251 259 318 0
251 315 317 0
251 315 318 0
252 253 1501 0
252 317 1500 0
252 1500 1501 0
253 255 257 0
254 255 257 0
254 255 1388 0
254 257 259 0
254 259 1807 0
254 1387 1388 0
254 1387 1807 0
255 256 1388 0
255 256 1498 0
256 1383 1388 0
256 1383 1497 0
256 1497 1498 0
258 259 1494 0
258 259 1807 0
258 1390 1391 0
258 1390 1807 0
258 1391 1494 0
259 262 318 0
259 262 1494 0
260 301 302 0
260 301 1795 0
260 302 305 0
260 305 308 0
260 308 1795 0
261 262 315 0
261 262 1495 0
261 302 304 0
261 302 1495 0
261 304 314 0
261 314 315 0
262 265 1494 0
262 265 1495 0
262 315 318 0
263 264 1491 0
263 264 1493 0
263 266 1492 0
263 266 1493 0
263 300 1491 0
263 300 1492 0
264 265 1493 0
264 265 1495 0
264 302 1491 0
264 302 1495 0
265 1391 1392 0
265 1391 1494 0
265 1392 1493 0
266 268 271 0
266 268 1492 0
266 271 273 0
266 1392 1493 0
267 294 297 0
267 294 1434 0
267 297 537 0
267 537 538 0
267 538 1434 0
268 271 294 0
268 294 297 0
268 297 1492 0
269 272 278 0
269 272 563 0
269 278 279 0
269 279 281 0
269 281 561 0
269 561 563 0
270 271 272 0
270 271 294 0
270 272 563 0
270 294 1434 0
270 563 1434 0
271 272 273 0
272 273 276 0
272 276 278 0
273 276 1514 0
274 282 286 0
274 282 1798 0
274 286 287 0
274 287 1394 0
274 1394 1798 0
275 276 278 0
275 276 1798 0
275 278 279 0
275 279 282 0
275 282 1798 0
276 277 1514 0
276 277 1798 0
277 1386 1389 0
277 1386 1394 0
277 1389 1513 0
277 1394 1798 0
277 1513 1514 0
279 281 292 0
279 282 289 0
279 289 292 0
280 281 291 0
280 281 564 0
280 291 573 0
280 562 564 0
280 562 566 0
280 566 567 0
280 567 573 0
281 291 292 0
281 561 564 0
282 286 288 0
282 288 289 0
283 1397 1399 0
283 1397 1401 0
283 1399 1400 0
283 1400 1404 0
283 1401 1402 0
283 1402 1403 0
283 1403 1404 0
284 288 289 0
284 288 1400 0
284 289 293 0
284 293 1404 0
284 1400 1404 0
285 286 288 0
285 286 1773 0
285 288 1399 0
285 1396 1399 0
285 1396 1773 0
286 287 1773 0
287 1055 1377 0
287 1055 1395 0
287 1377 1393 0
287 1393 1394 0
287 1395 1773 0
288 1399 1400 0
289 292 293 0
290 291 293 0
290 291 573 0
290 293 1404 0
290 568 572 0
290 568 573 0
290 572 1403 0
290 1403 1404 0
291 292 293 0
295 296 298 0
295 296 1438 0
295 298 527 0
295 525 527 0
295 525 1437 0
295 1437 1438 0
296 297 298 0
296 297 1492 0
296 299 300 0
296 299 1438 0
296 300 1492 0
297 298 528 0
297 528 537 0
298 527 528 0
299 300 301 0
299 301 1795 0
299 1438 1795 0
300 301 1491 0
301 302 1491 0
302 304 305 0
303 304 305 0
303 304 314 0
303 305 309 0
303 309 311 0
303 311 1797 0
303 314 1797 0
305 308 309 0
306 330 331 0
306 330 1465 0
306 331 333 0
306 333 347 0
306 347 348 0
306 348 1465 0
307 308 309 0
307 308 334 0
307 309 1476 0
307 331 334 0
307 331 1476 0
308 334 337 0
308 337 1795 0
309 311 1476 0
310 311 319 0
310 311 1476 0
310 319 326 0
310 326 327 0
310 327 1476 0
311 312 319 0
311 312 1797 0
312 319 320 0
312 320 1796 0
312 1796 1797 0
313 314 315 0
313 314 1797 0
313 315 316 0
313 316 1796 0
313 1796 1797 0
315 316 317 0
316 317 1500 0
320 321 1796 0
322 323 1490 0
323 325 1478 0
323 1477 1478 0
324 325 326 0
324 325 1478 0
324 326 327 0
324 327 329 0
324 329 1479 0
324 1478 1479 0
327 329 330 0
327 330 331 0
327 331 1476 0
328 329 330 0
328 329 1479 0
328 330 1465 0
328 1465 1468 0
328 1468 1481 0
328 1479 1481 0
331 333 334 0
332 333 334 0
332 333 1794 0
332 334 336 0
332 336 340 0
332 340 349 0
332 349 1794 0
333 347 1794 0
334 336 337 0
335 336 337 0
335 336 342 0
335 337 1795 0
335 342 1437 0
335 1437 1795 0
336 340 342 0
338 384 434 0
338 384 1455 0
338 434 436 0
338 436 1792 0
338 1455 1793 0
338 1792 1793 0
339 340 343 0
339 340 1464 0
339 343 1792 0
339 350 1456 0
339 350 1464 0
339 1456 1793 0
339 1792 1793 0
340 342 343 0
340 349 1464 0
341 342 343 0
341 342 1437 0
341 343 1792 0
341 1436 1437 0
341 1436 1792 0
344 359 1458 0
344 365 366 0
344 365 1458 0
345 349 350 0
345 349 351 0
345 350 1457 0
345 351 352 0
345 352 1459 0
345 1457 1459 0
346 347 348 0
346 347 1794 0
346 348 1460 0
346 351 352 0
346 351 1794 0
346 352 1460 0
348 1460 1470 0
348 1465 1473 0
348 1470 1473 0
349 350 1464 0
349 351 1794 0
350 1456 1457 0
352 354 1459 0
352 354 1463 0
352 1460 1462 0
352 1462 1463 0
353 357 358 0
353 358 1463 0
353 1461 1463 0
354 358 360 0
354 358 1463 0
354 360 1459 0
355 360 1451 0
355 360 1459 0
355 1451 1454 0
355 1454 1457 0
355 1457 1459 0
356 357 358 0
356 357 359 0
356 358 360 0
356 359 1458 0
356 360 1451 0
356 393 1451 0
356 393 1458 0
361 372 373 0
361 372 1452 0
361 373 378 0
361 378 379 0
361 379 1453 0
361 1452 1453 0
362 367 368 0
362 367 370 0
362 370 392 0
362 391 392 0
363 364 365 0
363 364 367 0
363 365 393 0
363 367 371 0
363 371 372 0
363 372 393 0
364 365 366 0
364 367 368 0
365 393 1458 0
367 370 371 0
369 370 371 0
369 370 388 0
369 371 373 0
369 373 377 0
369 377 389 0
369 388 389 0
370 388 392 0
371 372 373 0
372 393 1452 0
373 377 378 0
374 406 407 0
374 406 423 0
374 407 412 0
374 412 413 0
374 413 422 0
374 422 423 0
375 399 400 0
375 399 1450 0
375 400 1441 0
375 1440 1441 0
375 1440 1443 0
375 1443 1450 0
376 378 380 0
376 378 386 0
376 380 1442 0
376 386 1443 0
376 1442 1443 0
377 378 386 0
377 386 389 0
378 379 380 0
379 380 383 0
379 383 384 0
379 384 1455 0
379 1453 1455 0
380 382 383 0
380 382 1442 0
381 383 384 0
381 383 430 0
381 384 434 0
381 429 430 0
381 429 433 0
381 433 434 0
382 383 430 0
382 427 430 0
382 427 1440 0
382 1440 1442 0
385 386 389 0
385 386 1443 0
385 389 1446 0
385 1443 1450 0
385 1446 1450 0
387 388 389 0
387 388 390 0
387 389 1446 0
387 390 515 0
387 515 1445 0
387 1444 1445 0
387 1444 1446 0
388 390 392 0
390 391 392 0
393 1451 1452 0
394 398 470 0
394 398 1447 0
394 470 1449 0
394 1447 1448 0
394 1448 1449 0
395 503 504 0
395 504 517 0
395 517 518 0
396 398 399 0
396 398 1447 0
396 399 1450 0
396 1446 1447 0
396 1446 1450 0
397 398 399 0
397 398 403 0
397 399 464 0
397 403 405 0
397 405 406 0
397 406 464 0
398 403 470 0
399 400 464 0
400 423 424 0
400 423 464 0
400 424 1441 0
401 465 466 0
401 465 469 0
401 466 505 0
401 468 469 0
401 468 484 0
401 484 506 0
401 505 506 0
402 403 466 0
402 403 470 0
402 466 507 0
402 470 507 0
403 405 466 0
404 405 407 0
404 405 465 0
404 407 414 0
404 414 467 0
404 465 467 0
405 406 407 0
405 465 466 0
406 423 464 0
407 412 414 0
408 854 855 0
408 854 881 0
408 855 856 0
408 856 889 0
408 881 886 0
408 886 889 0
409 492 494 0
409 492 495 0
410 414 415 0
410 414 1782 0
410 415 856 0
410 855 856 0
410 855 1782 0
411 412 413 0
411 412 414 0
411 413 420 0
411 414 1782 0
411 420 853 0
411 853 1782 0
413 420 444 0
413 422 458 0
413 444 458 0
414 415 467 0
415 467 468 0
415 468 472 0
415 472 474 0
415 473 474 0
415 473 856 0
416 829 831 0
416 829 846 0
416 831 837 0
416 837 840 0
416 840 842 0
416 842 846 0
417 861 866 0
417 861 867 0
417 867 870 0
418 450 451 0
418 450 839 0
418 451 851 0
418 838 839 0
418 838 852 0
418 851 852 0
419 420 444 0
419 420 853 0
419 444 451 0
419 451 851 0
419 851 853 0
421 422 423 0
421 422 443 0
421 423 424 0
421 424 426 0
421 426 440 0
421 440 442 0
421 442 443 0
422 443 458 0
424 426 463 0
424 463 1441 0
425 426 428 0
425 426 1439 0
425 428 429 0
425 429 432 0
425 432 438 0
425 438 1439 0
426 428 463 0
426 440 1439 0
427 428 429 0
427 428 463 0
427 429 430 0
427 463 1441 0
427 1440 1441 0
429 432 433 0
431 432 433 0
431 432 459 0
431 433 462 0
431 459 460 0
431 460 461 0
431 461 462 0
432 438 459 0
433 434 462 0
434 436 462 0
435 436 462 0
435 436 1792 0
435 462 1435 0
435 1435 1436 0
435 1436 1792 0
437 438 459 0
437 438 544 0
437 459 460 0
437 460 536 0
437 536 541 0
437 541 544 0
438 544 1791 0
438 1439 1791 0
439 440 442 0
439 440 1439 0
439 442 457 0
439 457 545 0
439 545 1791 0
439 1439 1791 0
441 442 443 0
441 442 457 0
441 443 444 0
441 444 446 0
441 446 456 0
441 452 456 0
441 452 457 0
443 444 458 0
444 446 451 0
445 446 448 0
445 446 450 0
445 448 847 0
445 450 839 0
445 839 844 0
445 844 847 0
446 448 456 0
446 450 451 0
447 448 449 0
447 448 456 0
447 449 1431 0
447 455 456 0
447 455 552 0
447 552 1431 0
448 449 847 0
449 844 847 0
449 844 1784 0
449 1431 1785 0
449 1784 1785 0
452 455 456 0
452 455 545 0
452 457 545 0
453 454 543 0
453 454 550 0
453 540 543 0
453 540 553 0
453 550 551 0
453 551 553 0
454 455 545 0
454 455 552 0
454 542 543 0
454 542 545 0
454 550 552 0
461 462 1435 0
461 526 1435 0
465 467 469 0
466 505 507 0
467 468 469 0
468 472 478 0
468 478 484 0
470 507 1449 0
471 472 474 0
471 472 479 0
471 474 476 0
471 476 493 0
471 479 492 0
471 492 493 0
472 478 479 0
473 474 1780 0
473 856 889 0
473 889 1780 0
474 476 1780 0
475 493 494 0
475 493 1781 0
475 890 1781 0
476 493 1781 0
476 887 1780 0
476 887 1781 0
477 478 479 0
477 478 484 0
477 479 482 0
477 482 491 0
477 484 511 0
477 491 511 0
479 482 492 0
480 481 485 0
480 485 488 0
480 488 489 0
481 482 485 0
481 482 495 0
482 485 491 0
482 492 495 0
483 484 506 0
483 484 511 0
483 497 499 0
483 497 511 0
483 499 506 0
485 488 491 0
486 519 521 0
486 521 522 0
487 488 489 0
487 488 520 0
487 489 524 0
487 520 521 0
487 521 522 0
487 522 523 0
487 523 524 0
488 490 491 0
488 490 520 0
490 491 511 0
490 497 511 0
490 497 520 0
492 493 494 0
496 497 510 0
496 497 520 0
496 510 518 0
496 518 519 0
496 519 521 0
496 520 521 0
497 499 510 0
498 499 501 0
498 499 510 0
498 501 517 0
498 510 518 0
498 517 518 0
499 501 505 0
499 505 506 0
500 501 504 0
500 501 505 0
500 504 509 0
500 505 507 0
500 507 1449 0
500 509 1449 0
501 504 517 0
502 508 512 0
502 508 516 0
502 514 516 0
503 504 509 0
503 509 512 0
508 509 512 0
508 509 1449 0
508 516 1448 0
508 1448 1449 0
513 514 515 0
513 514 516 0
513 515 1445 0
513 516 1448 0
513 1445 1448 0
525 526 527 0
525 526 1435 0
525 1435 1436 0
525 1436 1437 0
526 527 529 0
527 528 529 0
528 529 532 0
528 532 537 0
529 531 532 0
530 531 532 0
530 531 534 0
530 532 538 0
530 534 535 0
530 535 559 0
530 538 559 0
531 534 536 0
532 537 538 0
533 534 536 0
533 534 546 0
533 536 541 0
533 540 541 0
533 540 546 0
534 535 546 0
535 546 556 0
535 556 558 0
535 558 559 0
538 559 565 0
538 560 565 0
538 560 1434 0
539 540 546 0
539 540 553 0
539 546 556 0
539 553 554 0
539 554 556 0
540 541 543 0
541 542 543 0
541 542 544 0
542 544 1791 0
542 545 1791 0
547 554 556 0
547 554 580 0
547 556 575 0
547 574 575 0
547 574 577 0
547 577 580 0
548 549 551 0
548 549 602 0
548 551 555 0
548 555 1433 0
548 591 602 0
548 591 1433 0
549 550 551 0
549 550 552 0
549 552 1431 0
549 600 602 0
549 600 1430 0
549 1430 1431 0
551 553 555 0
553 554 555 0
554 555 1433 0
554 580 1433 0
556 558 575 0
557 558 559 0
557 558 575 0
557 559 565 0
557 562 565 0
557 562 566 0
557 566 575 0
560 561 562 0
560 561 563 0
560 562 565 0
560 563 1434 0
561 562 564 0
566 574 575 0
567 568 573 0
568 571 992 0
568 572 992 0
569 989 990 0
569 989 1774 0
569 990 991 0
569 991 1402 0
569 1402 1405 0
569 1405 1775 0
569 1774 1775 0
570 571 582 0
570 571 993 0
570 582 586 0
570 586 988 0
570 987 988 0
570 987 993 0
571 578 581 0
571 578 582 0
571 992 993 0
572 991 992 0
572 991 1402 0
572 1402 1403 0
574 577 581 0
576 577 578 0
576 577 580 0
576 578 582 0
576 579 580 0
576 579 590 0
576 582 584 0
576 584 590 0
577 578 581 0
579 580 1433 0
579 589 590 0
579 589 591 0
579 591 1433 0
582 584 586 0
583 584 587 0
583 584 1432 0
583 587 1429 0
583 595 617 0
583 595 1432 0
583 617 1429 0
584 586 587 0
584 590 1432 0
585 586 587 0
585 586 988 0
585 587 588 0
585 588 629 0
585 629 986 0
585 986 988 0
587 588 1429 0
588 617 1421 0
588 617 1429 0
588 629 1420 0
588 1420 1421 0
589 590 1432 0
589 591 594 0
589 594 595 0
589 595 1432 0
591 594 601 0
591 601 602 0
592 596 597 0
592 596 605 0
592 597 1428 0
592 605 609 0
592 609 614 0
592 613 614 0
592 613 1428 0
593 594 595 0
593 594 601 0
593 595 596 0
593 596 597 0
593 597 599 0
593 599 601 0
595 596 603 0
595 603 617 0
596 603 606 0
596 605 606 0
597 599 1428 0
598 599 600 0
598 599 613 0
598 600 1430 0
598 613 1783 0
598 1430 1784 0
598 1783 1784 0
599 600 601 0
599 613 1428 0
600 601 602 0
603 606 615 0
604 605 606 0
604 605 611 0
604 606 1426 0
604 611 820 0
604 819 820 0
604 819 1426 0
605 609 611 0
606 615 616 0
606 616 1426 0
607 813 816 0
607 813 824 0
607 816 817 0
607 817 826 0
607 824 825 0
607 825 826 0
608 609 610 0
608 609 821 0
608 610 822 0
608 817 818 0
608 817 822 0
608 818 821 0
609 610 611 0
609 614 821 0
610 611 820 0
610 815 820 0
610 815 822 0
612 613 614 0
612 613 1783 0
612 614 821 0
612 821 848 0
612 845 848 0
612 845 1783 0
616 1423 1424 0
616 1423 1427 0
616 1426 1427 0
618 768 769 0
618 768 772 0
618 772 773 0
619 785 1788 0
619 1787 1788 0
619 1787 1790 0
620 754 755 0
620 754 896 0
620 755 793 0
620 788 790 0
620 788 896 0
620 790 792 0
620 792 793 0
621 791 792 0
621 791 814 0
621 792 794 0
621 794 1425 0
621 814 819 0
621 819 1425 0
622 631 1425 0
622 631 1427 0
622 819 1425 0
622 819 1426 0
622 1426 1427 0
623 624 630 0
623 624 794 0
623 630 633 0
623 633 641 0
623 641 757 0
623 756 757 0
623 756 793 0
623 793 794 0
624 630 631 0
624 631 1425 0
624 794 1425 0
625 630 631 0
625 630 633 0
625 631 1427 0
625 633 635 0
625 634 635 0
625 634 1422 0
625 1422 1423 0
625 1423 1427 0
626 647 656 0
626 647 1409 0
626 656 659 0
626 659 1512 0
626 1409 1413 0
626 1413 1512 0
627 984 985 0
627 984 1411 0
627 985 1417 0
627 1410 1411 0
627 1410 1415 0
627 1415 1417 0
628 629 986 0
628 629 1420 0
628 985 986 0
628 985 1417 0
628 1417 1420 0
632 633 635 0
632 633 638 0
632 635 645 0
632 638 640 0
632 640 644 0
632 644 646 0
632 645 646 0
633 638 641 0
634 635 645 0
634 645 1416 0
634 1416 1422 0
636 960 963 0
636 960 966 0
636 963 968 0
636 966 967 0
636 967 968 0
637 638 641 0
637 638 963 0
637 641 757 0
637 757 758 0
637 758 968 0
637 963 968 0
638 640 963 0
639 643 648 0
639 643 962 0
639 648 676 0
639 676 956 0
639 956 961 0
639 961 962 0
640 643 644 0
640 643 962 0
640 962 963 0
642 643 644 0
642 643 677 0
642 644 646 0
642 646 1410 0
642 677 1409 0
642 1409 1414 0
642 1410 1414 0
643 648 677 0
645 646 1410 0
645 1410 1415 0
645 1415 1416 0
647 648 655 0
647 648 677 0
647 655 656 0
647 677 1409 0
648 655 674 0
648 674 676 0
649 1659 1660 0
649 1659 1682 0
649 1660 1675 0
649 1675 1676 0
649 1676 1677 0
649 1677 1681 0
649 1681 1682 0
650 1724 1725 0
650 1724 1727 0
650 1726 1727 0
650 1726 1732 0
651 683 945 0
651 683 1670 0
651 938 939 0
651 938 945 0
651 939 940 0
651 940 1671 0
651 1669 1670 0
651 1669 1671 0
652 678 679 0
652 678 682 0
652 679 958 0
652 682 686 0
652 686 1777 0
652 958 1777 0
653 657 667 0
653 657 970 0
653 667 670 0
653 670 971 0
653 970 971 0
654 655 656 0
654 655 674 0
654 656 657 0
654 657 970 0
654 674 675 0
654 675 970 0
656 657 663 0
656 659 663 0
657 663 666 0
657 666 667 0
658 659 661 0
658 659 663 0
658 661 976 0
658 663 973 0
658 973 974 0
658 974 976 0
659 661 1512 0
660 661 662 0
660 661 1512 0
660 662 1408 0
660 994 1408 0
660 994 1412 0
660 1412 1512 0
661 662 976 0
662 974 976 0
662 974 997 0
662 997 998 0
662 998 1408 0
663 666 973 0
664 975 1016 0
664 975 1688 0
664 1016 1017 0
664 1017 1752 0
664 1683 1685 0
664 1683 1688 0
664 1685 1752 0
665 666 667 0
665 666 973 0
665 667 671 0
665 671 1689 0
665 973 975 0
665 975 1688 0
665 1688 1689 0
667 670 671 0
668 671 1678 0
668 671 1689 0
668 1676 1677 0
668 1676 1678 0
668 1677 1683 0
668 1683 1689 0
669 670 671 0
669 670 693 0
669 671 1678 0
669 693 1674 0
669 1674 1678 0
670 672 693 0
670 672 971 0
672 675 678 0
672 675 971 0
672 678 688 0
672 688 693 0
673 676 680 0
673 676 956 0
673 679 680 0
673 679 958 0
673 956 957 0
673 957 958 0
674 675 680 0
674 676 680 0
675 678 679 0
675 679 680 0
675 970 971 0
678 682 688 0
681 682 683 0
681 682 688 0
681 683 1670 0
681 688 689 0
681 689 692 0
681 692 1670 0
682 683 685 0
682 685 686 0
683 685 945 0
684 694 944 0
684 694 969 0
684 699 942 0
684 699 969 0
684 942 944 0
685 686 694 0
685 694 944 0
685 944 945 0
686 687 694 0
686 687 1777 0
687 694 969 0
687 955 957 0
687 955 969 0
687 957 1777 0
688 689 693 0
689 692 1666 0
689 693 1674 0
689 1666 1674 0
690 1667 1672 0
690 1667 1707 0
690 1672 1706 0
690 1705 1706 0
690 1705 1707 0
691 692 1666 0
691 692 1669 0
691 1665 1666 0
691 1665 1667 0
691 1667 1668 0
691 1668 1669 0
692 1669 1670 0
695 741 743 0
695 741 953 0
695 743 965 0
695 953 964 0
695 964 965 0
696 699 953 0
696 699 969 0
696 953 964 0
696 955 964 0
696 955 969 0
697 700 704 0
697 700 952 0
697 704 710 0
697 710 735 0
697 733 735 0
697 733 742 0
697 742 952 0
698 699 700 0
698 699 953 0
698 700 952 0
698 741 742 0
698 741 953 0
698 742 952 0
699 700 943 0
699 942 943 0
700 704 943 0
701 905 906 0
701 906 912 0
701 911 912 0
702 717 948 0
702 717 950 0
702 947 948 0
702 947 1779 0
702 950 1779 0
703 704 706 0
703 704 951 0
703 706 707 0
703 707 950 0
703 949 950 0
703 949 951 0
704 706 943 0
704 710 951 0
705 706 707 0
705 706 943 0
705 707 937 0
705 937 938 0
705 938 942 0
705 942 943 0
707 934 937 0
707 934 1779 0
707 950 1779 0
708 710 711 0
708 710 951 0
708 711 713 0
708 713 716 0
708 716 949 0
708 949 951 0
709 721 724 0
709 721 734 0
709 729 734 0
710 711 735 0
711 713 727 0
711 727 732 0
711 732 735 0
712 713 715 0
712 713 728 0
712 715 720 0
712 720 721 0
712 721 734 0
712 728 734 0
713 715 716 0
713 727 728 0
714 715 716 0
714 715 720 0
714 716 717 0
714 717 899 0
714 720 908 0
714 899 908 0
716 717 949 0
717 899 948 0
717 949 950 0
718 723 924 0
718 921 922 0
718 922 924 0
719 720 721 0
719 720 908 0
719 721 722 0
719 722 920 0
719 907 908 0
719 907 920 0
721 722 724 0
722 723 724 0
722 723 924 0
722 920 924 0
725 727 728 0
725 727 732 0
725 728 730 0
725 730 776 0
725 732 1786 0
725 776 1786 0
726 729 730 0
726 730 776 0
726 773 776 0
728 730 734 0
729 730 734 0
731 732 733 0
731 732 1786 0
731 733 737 0
731 737 739 0
731 738 739 0
731 738 774 0
731 771 774 0
731 771 1786 0
732 733 735 0
733 737 742 0
736 737 739 0
736 737 741 0
736 739 747 0
736 741 743 0
736 743 744 0
736 744 747 0
737 741 742 0
738 739 775 0
738 767 768 0
738 767 775 0
738 768 774 0
739 747 775 0
740 744 747 0
740 744 749 0
740 747 775 0
740 749 762 0
740 762 767 0
740 767 775 0
743 744 746 0
743 746 965 0
744 746 750 0
744 749 750 0
745 746 750 0
745 746 965 0
745 750 967 0
745 965 966 0
745 966 967 0
748 749 751 0
748 749 761 0
748 751 777 0
748 761 764 0
748 764 765 0
748 765 777 0
749 750 751 0
749 761 762 0
750 751 753 0
750 753 967 0
751 753 754 0
751 754 777 0
752 753 754 0
752 753 967 0
752 754 755 0
752 755 758 0
752 758 968 0
752 967 968 0
754 777 896 0
755 756 758 0
755 756 793 0
756 757 758 0
759 766 770 0
759 766 1789 0
759 769 770 0
759 1789 1790 0
760 761 762 0
760 761 764 0
760 762 766 0
760 763 764 0
760 763 1787 0
760 766 1789 0
760 1787 1789 0
762 766 767 0
763 764 765 0
763 765 789 0
763 780 784 0
763 780 789 0
763 784 1787 0
765 777 896 0
765 788 789 0
765 788 896 0
766 767 770 0
767 768 770 0
768 769 770 0
768 772 774 0
771 772 774 0
771 772 776 0
771 776 1786 0
772 773 776 0
778 782 783 0
778 782 800 0
778 783 787 0
778 787 797 0
778 797 799 0
778 799 800 0
779 781 782 0
779 782 800 0
779 800 801 0
780 783 784 0
780 783 787 0
780 787 789 0
781 782 784 0
781 784 785 0
782 783 784 0
784 785 1788 0
784 1787 1788 0
786 787 788 0
786 787 797 0
786 788 790 0
786 790 791 0
786 791 796 0
786 796 797 0
787 788 789 0
790 791 792 0
791 796 811 0
791 811 814 0
792 793 794 0
795 796 802 0
795 796 812 0
795 802 805 0
795 805 823 0
795 812 823 0
796 797 802 0
796 811 812 0
797 799 802 0
798 799 800 0
798 799 802 0
798 800 801 0
798 801 895 0
798 802 806 0
798 806 895 0
801 894 895 0
802 805 806 0
803 808 809 0
803 809 864 0
803 860 865 0
803 864 865 0
804 805 806 0
804 805 893 0
804 806 809 0
804 809 864 0
804 864 893 0
805 807 823 0
805 807 893 0
807 823 824 0
807 824 892 0
807 892 893 0
810 811 812 0
810 811 814 0
810 812 813 0
810 813 816 0
810 814 815 0
810 815 816 0
812 813 823 0
813 823 824 0
814 815 820 0
814 819 820 0
815 816 822 0
816 817 822 0
817 818 826 0
818 821 848 0
818 826 828 0
818 828 846 0
818 846 848 0
824 825 892 0
825 826 832 0
825 832 859 0
825 859 892 0
826 828 832 0
827 828 829 0
827 828 832 0
827 829 835 0
827 832 858 0
827 835 858 0
828 829 846 0
829 831 835 0
830 834 849 0
830 834 869 0
830 849 873 0
830 869 876 0
830 873 876 0
831 834 835 0
831 834 849 0
831 837 849 0
832 858 859 0
833 834 835 0
833 834 869 0
833 835 862 0
833 862 867 0
833 867 869 0
835 858 862 0
836 837 838 0
836 837 849 0
836 838 852 0
836 849 873 0
836 852 883 0
836 873 883 0
837 838 840 0
838 839 840 0
839 840 843 0
839 843 844 0
840 842 843 0
841 842 843 0
841 842 845 0
841 843 844 0
841 844 1784 0
841 845 1783 0
841 1783 1784 0
842 845 846 0
845 846 848 0
850 851 852 0
850 851 853 0
850 852 883 0
850 853 854 0
850 854 884 0
850 882 883 0
850 882 884 0
853 854 1782 0
854 855 1782 0
854 881 884 0
857 859 863 0
857 859 892 0
857 863 864 0
857 864 893 0
857 892 893 0
858 859 863 0
858 862 863 0
860 861 865 0
860 861 866 0
861 862 863 0
861 862 867 0
861 863 865 0
863 864 865 0
867 869 871 0
867 870 871 0
868 870 871 0
868 871 874 0
868 874 875 0
869 871 876 0
871 874 876 0
872 873 876 0
872 873 885 0
872 874 875 0
872 874 876 0
872 875 877 0
872 877 879 0
872 879 885 0
873 882 883 0
873 882 885 0
877 879 880 0
878 879 880 0
878 879 885 0
878 880 886 0
878 881 882 0
878 881 886 0
878 882 885 0
880 886 887 0
880 887 888 0
880 888 891 0
881 882 884 0
886 887 889 0
887 888 890 0
887 889 1780 0
887 890 1781 0
897 899 901 0
897 899 908 0
897 901 902 0
897 902 910 0
897 907 908 0
897 907 915 0
897 910 915 0
898 913 914 0
898 913 925 0
898 917 925 0
899 901 948 0
900 901 902 0
900 901 948 0
900 902 906 0
900 904 906 0
900 904 929 0
900 926 929 0
900 926 948 0
902 906 912 0
902 910 912 0
903 905 928 0
903 928 1731 0
904 905 906 0
904 905 928 0
904 928 929 0
907 909 915 0
907 909 919 0
907 919 920 0
909 913 915 0
909 913 925 0
909 919 925 0
910 911 912 0
910 911 913 0
910 913 915 0
911 913 914 0
916 917 923 0
916 917 925 0
916 918 919 0
916 918 922 0
916 919 925 0
916 921 922 0
916 921 923 0
918 919 920 0
918 920 924 0
918 922 924 0
926 927 929 0
926 927 946 0
926 946 947 0
926 947 948 0
927 928 929 0
927 928 1731 0
927 946 1729 0
927 1729 1730 0
927 1730 1731 0
930 931 933 0
930 931 1728 0
930 933 1778 0
930 1720 1721 0
930 1720 1728 0
930 1721 1722 0
930 1722 1778 0
931 932 933 0
931 932 946 0
931 946 1729 0
931 1728 1729 0
932 933 934 0
932 934 1779 0
932 946 947 0
932 947 1779 0
933 934 936 0
933 936 1778 0
934 936 937 0
935 936 937 0
935 936 1778 0
935 937 939 0
935 939 940 0
935 940 941 0
935 941 1778 0
937 938 939 0
938 942 944 0
938 944 945 0
940 941 1671 0
941 1668 1671 0
941 1668 1672 0
941 1672 1722 0
941 1722 1778 0
954 955 959 0
954 955 964 0
954 959 960 0
954 960 966 0
954 964 965 0
954 965 966 0
955 957 959 0
956 957 959 0
956 959 960 0
956 960 961 0
957 958 1777 0
960 961 963 0
961 962 963 0
972 973 974 0
972 973 975 0
972 974 997 0
972 975 1016 0
972 997 1018 0
972 1016 1018 0
977 978 980 0
977 978 1031 0
977 980 982 0
977 982 1776 0
977 1028 1030 0
977 1028 1031 0
977 1030 1776 0
978 980 994 0
978 994 1408 0
978 998 1031 0
978 998 1408 0
979 980 983 0
979 980 994 0
979 983 984 0
979 984 1411 0
979 994 1412 0
979 1411 1412 0
980 982 983 0
981 982 983 0
981 982 989 0
981 983 984 0
981 984 985 0
981 985 986 0
981 986 987 0
981 987 989 0
982 989 1774 0
982 1774 1776 0
986 987 988 0
987 989 990 0
987 990 993 0
990 991 992 0
990 992 993 0
995 999 1002 0
995 999 1032 0
995 1002 1005 0
995 1005 1025 0
995 1025 1026 0
995 1026 1032 0
996 997 998 0
996 997 999 0
996 998 1031 0
996 999 1032 0
996 1026 1031 0
996 1026 1032 0
997 999 1018 0
999 1002 1015 0
999 1015 1018 0
1000 1010 1012 0
1000 1010 1132 0
1000 1012 1013 0
1000 1013 1023 0
1000 1023 1131 0
1000 1131 1132 0
1001 1002 1004 0
1001 1002 1015 0
1001 1004 1009 0
1001 1009 1010 0
1001 1010 1012 0
1001 1011 1012 0
1001 1011 1015 0
1002 1004 1005 0
1003 1004 1005 0
1003 1004 1009 0
1003 1005 1007 0
1003 1007 1126 0
1003 1008 1009 0
1003 1008 1129 0
1003 1126 1128 0
1003 1128 1129 0
1005 1007 1035 0
1005 1025 1035 0
1006 1033 1034 0
1006 1033 1037 0
1006 1034 1073 0
1006 1037 1071 0
1006 1069 1071 0
1006 1069 1073 0
1007 1034 1035 0
1007 1034 1072 0
1007 1072 1126 0
1008 1009 1010 0
1008 1010 1132 0
1008 1129 1130 0
1008 1130 1132 0
1011 1012 1013 0
1011 1013 1750 0
1011 1014 1015 0
1011 1014 1017 0
1011 1017 1750 0
1013 1023 1746 0
1013 1746 1749 0
1013 1748 1749 0
1013 1748 1750 0
1014 1015 1018 0
1014 1016 1017 0
1014 1016 1018 0
1017 1750 1752 0
1019 1251 1254 0
1019 1254 1615 0
1019 1615 1616 0
1020 1163 1164 0
1020 1163 1259 0
1020 1164 1167 0
1020 1166 1167 0
1020 1166 1257 0
1020 1257 1269 0
1020 1259 1269 0
1021 1138 1140 0
1021 1138 1755 0
1021 1140 1283 0
1021 1283 1754 0
1021 1745 1754 0
1021 1745 1755 0
1022 1023 1135 0
1022 1023 1746 0
1022 1135 1755 0
1022 1743 1745 0
1022 1743 1746 0
1022 1745 1755 0
1023 1131 1135 0
1024 1025 1027 0
1024 1025 1033 0
1024 1027 1407 0
1024 1033 1038 0
1024 1038 1406 0
1024 1406 1407 0
1025 1026 1027 0
1025 1033 1035 0
1026 1027 1028 0
1026 1028 1031 0
1027 1028 1407 0
1028 1030 1407 0
1029 1030 1407 0
1029 1030 1776 0
1029 1406 1407 0
1029 1406 1775 0
1029 1774 1775 0
1029 1774 1776 0
1033 1034 1035 0
1033 1037 1038 0
1034 1072 1073 0
1036 1037 1038 0
1036 1037 1040 0
1036 1038 1039 0
1036 1039 1401 0
1036 1040 1398 0
1036 1397 1398 0
1036 1397 1401 0
1037 1040 1071 0
1038 1039 1406 0
1039 1401 1402 0
1039 1402 1405 0
1039 1405 1775 0
1039 1406 1775 0
1040 1042 1071 0
1041 1042 1044 0
1041 1042 1069 0
1041 1044 1048 0
1041 1048 1068 0
1041 1068 1070 0
1041 1069 1070 0
1042 1044 1045 0
1042 1069 1071 0
1043 1044 1045 0
1043 1044 1049 0
1043 1045 1395 0
1043 1049 1054 0
1043 1054 1055 0
1043 1055 1395 0
1044 1048 1049 0
1045 1046 1395 0
1046 1395 1773 0
1046 1396 1773 0
1047 1048 1049 0
1047 1048 1063 0
1047 1049 1051 0
1047 1051 1059 0
1047 1059 1063 0
1048 1063 1068 0
1049 1051 1054 0
1050 1051 1053 0
1050 1051 1060 0
1050 1053 1367 0
1050 1060 1375 0
1050 1367 1375 0
1051 1053 1054 0
1051 1059 1060 0
1052 1053 1054 0
1052 1053 1057 0
1052 1054 1055 0
1052 1055 1376 0
1052 1057 1379 0
1052 1376 1379 0
1053 1057 1367 0
1055 1376 1377 0
1056 1376 1378 0
1056 1376 1393 0
1056 1378 1381 0
1056 1381 1385 0
1056 1385 1386 0
1056 1386 1393 0
1057 1366 1367 0
1058 1059 1060 0
1058 1059 1062 0
1058 1060 1116 0
1058 1062 1115 0
1058 1115 1116 0
1059 1062 1063 0
1060 1061 1116 0
1060 1061 1375 0
1061 1116 1374 0
1061 1369 1374 0
1061 1369 1375 0
1062 1065 1115 0
1063 1067 1068 0
1063 1067 1082 0
1064 1065 1106 0
1064 1065 1115 0
1064 1095 1099 0
1064 1095 1106 0
1064 1099 1105 0
1064 1105 1115 0
1065 1106 1117 0
1066 1092 1094 0
1066 1092 1117 0
1066 1094 1095 0
1066 1095 1106 0
1066 1106 1117 0
1067 1068 1070 0
1067 1070 1076 0
1067 1076 1081 0
1067 1080 1081 0
1067 1080 1082 0
1069 1070 1073 0
1070 1073 1125 0
1070 1076 1125 0
1072 1073 1125 0
1072 1125 1127 0
1072 1126 1127 0
1074 1078 1085 0
1074 1078 1808 0
1074 1079 1364 0
1074 1079 1808 0
1074 1085 1124 0
1074 1124 1515 0
1074 1364 1515 0
1075 1076 1077 0
1075 1076 1125 0
1075 1077 1078 0
1075 1078 1808 0
1075 1125 1127 0
1075 1127 1808 0
1076 1077 1081 0
1077 1078 1085 0
1077 1081 1086 0
1077 1085 1086 0
1079 1128 1129 0
1079 1128 1808 0
1079 1129 1364 0
1080 1081 1086 0
1080 1082 1087 0
1080 1086 1087 0
1082 1087 1117 0
1083 1084 1088 0
1083 1084 1120 0
1083 1088 1089 0
1083 1089 1091 0
1083 1091 1357 0
1083 1120 1122 0
1083 1122 1357 0
1084 1085 1086 0
1084 1085 1124 0
1084 1086 1088 0
1084 1120 1124 0
1086 1087 1088 0
1087 1088 1092 0
1087 1092 1117 0
1088 1089 1092 0
1089 1091 1201 0
1089 1092 1094 0
1089 1094 1201 0
1090 1091 1201 0
1090 1091 1357 0
1090 1200 1201 0
1090 1200 1203 0
1090 1203 1358 0
1090 1356 1357 0
1090 1356 1358 0
1093 1094 1095 0
1093 1094 1200 0
1093 1095 1096 0
1093 1096 1202 0
1093 1199 1200 0
1093 1199 1202 0
1094 1200 1201 0
1095 1096 1099 0
1096 1098 1099 0
1097 1098 1099 0
1097 1098 1111 0
1097 1099 1107 0
1097 1107 1109 0
1097 1109 1111 0
1098 1101 1111 0
1099 1105 1107 0
1100 1101 1111 0
1100 1101 1589 0
1100 1110 1111 0
1100 1110 1564 0
1100 1564 1589 0
1101 1103 1589 0
1102 1103 1589 0
1102 1103 1596 0
1102 1548 1589 0
1102 1548 1595 0
1102 1594 1595 0
1102 1594 1596 0
1104 1197 1198 0
1104 1197 1594 0
1104 1198 1202 0
1104 1594 1596 0
1105 1115 1116 0
1108 1109 1110 0
1108 1109 1373 0
1108 1110 1112 0
1108 1112 1113 0
1108 1113 1373 0
1109 1110 1111 0
1110 1112 1565 0
1110 1564 1565 0
1112 1113 1114 0
1114 1562 1563 0
1118 1119 1123 0
1118 1119 1361 0
1118 1123 1146 0
1118 1144 1146 0
1118 1144 1360 0
1118 1360 1361 0
1119 1120 1123 0
1119 1120 1124 0
1119 1124 1515 0
1119 1361 1515 0
1120 1122 1123 0
1121 1122 1123 0
1121 1122 1357 0
1121 1123 1145 0
1121 1145 1355 0
1121 1355 1356 0
1121 1356 1357 0
1123 1145 1146 0
1126 1127 1128 0
1127 1128 1808 0
1129 1130 1364 0
1130 1131 1132 0
1130 1131 1363 0
1130 1362 1363 0
1130 1362 1364 0
1131 1135 1136 0
1131 1136 1363 0
1133 1136 1359 0
1133 1136 1363 0
1133 1359 1360 0
1133 1360 1361 0
1133 1361 1362 0
1133 1362 1363 0
1134 1135 1136 0
1134 1135 1755 0
1134 1136 1359 0
1134 1138 1359 0
1134 1138 1755 0
1137 1138 1141 0
1137 1138 1359 0
1137 1141 1143 0
1137 1143 1144 0
1137 1144 1360 0
1137 1359 1360 0
1138 1140 1141 0
1139 1140 1141 0
1139 1140 1166 0
1139 1141 1143 0
1139 1143 1148 0
1139 1148 1164 0
1139 1164 1167 0
1139 1166 1167 0
1140 1166 1283 0
1142 1143 1144 0
1142 1143 1149 0
1142 1144 1145 0
1142 1145 1155 0
1142 1149 1154 0
1142 1154 1155 0
1143 1148 1149 0
1144 1145 1146 0
1145 1155 1355 0
1147 1148 1149 0
1147 1148 1164 0
1147 1149 1158 0
1147 1158 1160 0
1147 1160 1162 0
1147 1162 1163 0
1147 1163 1164 0
1149 1154 1157 0
1149 1157 1158 0
1150 1168 1177 0
1150 1168 1223 0
1150 1177 1354 0
1150 1210 1223 0
1150 1210 1354 0
1151 1344 1345 0
1151 1345 1605 0
1151 1601 1605 0
1152 1157 1158 0
1152 1157 1165 0
1152 1158 1160 0
1152 1160 1171 0
1152 1165 1168 0
1152 1168 1170 0
1152 1170 1171 0
1153 1154 1155 0
1153 1154 1157 0
1153 1155 1156 0
1153 1156 1172 0
1153 1157 1165 0
1153 1165 1172 0
1155 1156 1355 0
1156 1172 1175 0
1156 1355 1358 0
1159 1160 1171 0
1159 1160 1265 0
1159 1171 1772 0
1159 1264 1265 0
1159 1264 1266 0
1159 1266 1772 0
1160 1162 1265 0
1161 1162 1163 0
1161 1162 1265 0
1161 1163 1262 0
1161 1262 1263 0
1161 1263 1264 0
1161 1264 1265 0
1163 1259 1262 0
1165 1168 1177 0
1165 1172 1174 0
1165 1174 1177 0
1166 1257 1282 0
1166 1280 1282 0
1166 1280 1283 0
1168 1170 1223 0
1169 1170 1171 0
1169 1170 1223 0
1169 1171 1772 0
1169 1213 1217 0
1169 1213 1223 0
1169 1217 1772 0
1172 1174 1175 0
1173 1174 1176 0
1173 1174 1207 0
1173 1176 1185 0
1173 1185 1188 0
1173 1188 1191 0
1173 1191 1207 0
1174 1175 1207 0
1174 1176 1177 0
1175 1192 1207 0
1176 1177 1354 0
1176 1184 1185 0
1176 1184 1354 0
1178 1348 1350 0
1178 1348 1531 0
1178 1350 1522 0
1178 1520 1522 0
1178 1520 1531 0
1179 1529 1532 0
1179 1532 1592 0
1179 1535 1592 0
1180 1181 1183 0
1180 1181 1211 0
1180 1183 1336 0
1180 1211 1212 0
1180 1212 1334 0
1180 1334 1337 0
1180 1335 1336 0
1180 1335 1337 0
1181 1183 1184 0
1181 1184 1354 0
1181 1210 1211 0
1181 1210 1354 0
1182 1183 1184 0
1182 1183 1336 0
1182 1184 1187 0
1182 1187 1519 0
1182 1336 1531 0
1182 1519 1531 0
1184 1185 1187 0
1185 1187 1188 0
1186 1187 1188 0
1186 1187 1519 0
1186 1188 1190 0
1186 1190 1195 0
1186 1195 1518 0
1186 1517 1518 0
1186 1517 1519 0
1188 1190 1191 0
1189 1190 1191 0
1189 1190 1196 0
1189 1191 1208 0
1189 1196 1197 0
1189 1197 1198 0
1189 1198 1208 0
1190 1195 1196 0
1191 1192 1207 0
1191 1192 1208 0
1193 1198 1199 0
1193 1198 1208 0
1193 1199 1203 0
1194 1195 1196 0
1194 1195 1206 0
1194 1196 1197 0
1194 1197 1594 0
1194 1206 1593 0
1194 1593 1594 0
1195 1206 1518 0
1198 1199 1202 0
1199 1200 1203 0
1204 1524 1525 0
1204 1524 1526 0
1204 1525 1536 0
1204 1526 1540 0
1204 1536 1539 0
1204 1539 1540 0
1205 1206 1518 0
1205 1206 1598 0
1205 1518 1523 0
1205 1523 1524 0
1205 1524 1598 0
1206 1593 1598 0
1209 1210 1211 0
1209 1210 1213 0
1209 1211 1353 0
1209 1213 1218 0
1209 1218 1221 0
1209 1221 1353 0
1210 1213 1223 0
1211 1212 1353 0
1212 1221 1311 0
1212 1221 1353 0
1212 1311 1339 0
1212 1334 1339 0
1213 1217 1218 0
1214 1295 1297 0
1214 1297 1304 0
1214 1300 1304 0
1215 1224 1227 0
1215 1224 1241 0
1215 1227 1229 0
1215 1229 1233 0
1215 1233 1239 0
1215 1239 1241 0
1216 1218 1220 0
1216 1218 1352 0
1216 1220 1222 0
1216 1222 1224 0
1216 1224 1226 0
1216 1226 1352 0
1217 1218 1352 0
1217 1266 1268 0
1217 1266 1772 0
1217 1268 1352 0
1218 1220 1221 0
1219 1220 1221 0
1219 1220 1351 0
1219 1221 1311 0
1219 1310 1311 0
1219 1310 1351 0
1220 1222 1351 0
1222 1224 1241 0
1222 1241 1328 0
1222 1328 1351 0
1224 1226 1227 0
1225 1226 1245 0
1225 1226 1268 0
1225 1244 1245 0
1225 1244 1253 0
1225 1253 1261 0
1225 1261 1267 0
1225 1267 1268 0
1226 1227 1245 0
1226 1268 1352 0
1227 1229 1245 0
1228 1229 1232 0
1228 1229 1244 0
1228 1232 1243 0
1228 1243 1249 0
1228 1244 1619 0
1228 1249 1619 0
1229 1232 1233 0
1229 1244 1245 0
1230 1232 1233 0
1230 1232 1242 0
1230 1233 1298 0
1230 1242 1294 0
1230 1294 1297 0
1230 1296 1297 0
1230 1296 1298 0
1231 1242 1250 0
1231 1242 1305 0
1231 1250 1251 0
1232 1242 1243 0
1233 1239 1240 0
1233 1240 1298 0
1234 1321 1324 0
1234 1321 1609 0
1234 1324 1329 0
1234 1329 1608 0
1234 1608 1609 0
1235 1315 1322 0
1235 1315 1331 0
1235 1322 1323 0
1235 1330 1331 0
1236 1319 1320 0
1236 1319 1609 0
1236 1609 1613 0
1236 1612 1613 0
1237 1240 1298 0
1237 1240 1327 0
1237 1298 1303 0
1237 1303 1329 0
1237 1324 1327 0
1237 1324 1329 0
1238 1239 1240 0
1238 1239 1241 0
1238 1240 1327 0
1238 1241 1328 0
1238 1327 1328 0
1242 1243 1250 0
1242 1294 1305 0
1243 1249 1250 0
1244 1253 1619 0
1246 1289 1292 0
1246 1289 1293 0
1246 1292 1615 0
1246 1293 1620 0
1246 1615 1618 0
1246 1618 1619 0
1246 1619 1620 0
1247 1621 1625 0
1247 1625 1760 0
1247 1758 1759 0
1247 1759 1760 0
1248 1249 1250 0
1248 1249 1619 0
1248 1250 1254 0
1248 1254 1618 0
1248 1618 1619 0
1250 1251 1254 0
1252 1253 1261 0
1252 1253 1619 0
1252 1260 1261 0
1252 1260 1293 0
1252 1293 1620 0
1252 1619 1620 0
1254 1615 1618 0
1255 1271 1274 0
1255 1271 1288 0
1255 1274 1630 0
1255 1288 1626 0
1255 1626 1629 0
1255 1629 1630 0
1256 1257 1269 0
1256 1257 1282 0
1256 1269 1270 0
1256 1270 1271 0
1256 1271 1281 0
1256 1281 1282 0
1258 1259 1260 0
1258 1259 1269 0
1258 1260 1285 0
1258 1269 1270 0
1258 1270 1285 0
1259 1260 1263 0
1259 1262 1263 0
1260 1261 1263 0
1260 1284 1285 0
1260 1284 1293 0
1261 1263 1267 0
1263 1264 1267 0
1264 1266 1267 0
1266 1267 1268 0
1270 1271 1288 0
1270 1285 1287 0
1270 1287 1288 0
1271 1274 1281 0
1272 1277 1279 0
1272 1277 1635 0
1272 1279 1742 0
1272 1635 1640 0
1272 1640 1641 0
1272 1641 1742 0
1273 1274 1276 0
1273 1274 1281 0
1273 1276 1277 0
1273 1277 1279 0
1273 1279 1280 0
1273 1280 1282 0
1273 1281 1282 0
1274 1276 1630 0
1275 1276 1277 0
1275 1276 1630 0
1275 1277 1635 0
1275 1630 1632 0
1275 1632 1634 0
1275 1634 1635 0
1278 1279 1280 0
1278 1279 1742 0
1278 1280 1283 0
1278 1283 1754 0
1278 1742 1744 0
1278 1744 1754 0
1284 1285 1287 0
1284 1287 1289 0
1284 1289 1293 0
1286 1287 1288 0
1286 1287 1289 0
1286 1288 1626 0
1286 1289 1623 0
1286 1623 1624 0
1286 1624 1626 0
1289 1292 1623 0
1290 1616 1617 0
1290 1617 1622 0
1290 1621 1622 0
1291 1292 1615 0
1291 1292 1623 0
1291 1615 1617 0
1291 1617 1622 0
1291 1622 1623 0
1294 1295 1297 0
1294 1295 1305 0
1296 1297 1304 0
1296 1298 1303 0
1296 1303 1304 0
1299 1302 1607 0
1299 1607 1611 0
1300 1302 1304 0
1301 1303 1304 0
1301 1303 1329 0
1301 1304 1607 0
1301 1329 1608 0
1301 1607 1608 0
1302 1304 1607 0
1306 1307 1309 0
1306 1307 1325 0
1306 1309 1314 0
1306 1314 1315 0
1306 1315 1317 0
1306 1317 1326 0
1306 1325 1326 0
1307 1309 1310 0
1307 1310 1351 0
1307 1325 1328 0
1307 1328 1351 0
1308 1309 1310 0
1308 1309 1342 0
1308 1310 1311 0
1308 1311 1339 0
1308 1339 1341 0
1308 1341 1342 0
1309 1314 1342 0
1312 1332 1347 0
1312 1343 1344 0
1312 1343 1347 0
1313 1314 1315 0
1313 1314 1342 0
1313 1315 1331 0
1313 1331 1347 0
1313 1342 1347 0
1315 1317 1322 0
1316 1317 1322 0
1316 1317 1326 0
1316 1321 1322 0
1316 1321 1324 0
1316 1324 1326 0
1318 1319 1320 0
1318 1319 1322 0
1318 1322 1323 0
1319 1321 1322 0
1319 1321 1609 0
1324 1326 1327 0
1325 1326 1327 0
1325 1327 1328 0
1330 1331 1347 0
1330 1332 1347 0
1333 1334 1337 0
1333 1334 1339 0
1333 1337 1338 0
1333 1338 1346 0
1333 1339 1341 0
1333 1341 1346 0
1335 1336 1531 0
1335 1337 1338 0
1335 1338 1348 0
1335 1348 1531 0
1338 1346 1604 0
1338 1348 1603 0
1338 1603 1604 0
1340 1341 1342 0
1340 1341 1346 0
1340 1342 1343 0
1340 1343 1344 0
1340 1344 1345 0
1340 1345 1346 0
1342 1343 1347 0
1345 1346 1604 0
1345 1604 1605 0
1348 1350 1603 0
1349 1529 1600 0
1349 1600 1602 0
1349 1601 1602 0
1350 1522 1528 0
1350 1528 1600 0
1350 1600 1602 0
1350 1602 1603 0
1355 1356 1358 0
1361 1362 1515 0
1362 1364 1515 0
1365 1366 1367 0
1365 1366 1368 0
1365 1367 1375 0
1365 1368 1369 0
1365 1369 1375 0
1369 1370 1371 0
1369 1370 1374 0
1370 1371 1372 0
1370 1372 1373 0
1370 1373 1374 0
1376 1377 1393 0
1376 1378 1379 0
1378 1381 1382 0
1380 1381 1382 0
1380 1381 1385 0
1380 1382 1383 0
1380 1383 1388 0
1380 1385 1387 0
1380 1387 1388 0
1384 1385 1386 0
1384 1385 1387 0
1384 1386 1389 0
1384 1387 1807 0
1384 1389 1390 0
1384 1390 1807 0
1386 1393 1394 0
1389 1390 1513 0
1396 1397 1398 0
1396 1397 1399 0
1409 1413 1414 0
1410 1411 1413 0
1410 1413 1414 0
1411 1412 1413 0
1412 1413 1512 0
1415 1416 1417 0
1416 1417 1419 0
1416 1419 1422 0
1417 1419 1420 0
1418 1419 1420 0
1418 1419 1422 0
1418 1420 1421 0
1418 1421 1424 0
1418 1422 1424 0
1422 1423 1424 0
1430 1431 1785 0
1430 1784 1785 0
1437 1438 1795 0
1440 1442 1443 0
1444 1445 1448 0
1444 1446 1447 0
1444 1447 1448 0
1451 1452 1454 0
1452 1453 1454 0
1453 1454 1455 0
1454 1455 1456 0
1454 1456 1457 0
1455 1456 1793 0
1460 1462 1475 0
1460 1470 1475 0
1461 1462 1463 0
1461 1462 1475 0
1465 1468 1473 0
1466 1474 1511 0
1466 1487 1488 0
1466 1488 1511 0
1467 1468 1473 0
1467 1468 1511 0
1467 1472 1473 0
1467 1472 1474 0
1467 1474 1511 0
1468 1469 1481 0
1468 1469 1511 0
1469 1481 1482 0
1469 1482 1488 0
1469 1488 1511 0
1470 1472 1473 0
1470 1472 1475 0
1471 1472 1474 0
1477 1478 1489 0
1478 1479 1480 0
1478 1480 1489 0
1479 1480 1481 0
1480 1481 1482 0
1480 1482 1486 0
1480 1486 1489 0
1482 1483 1486 0
1482 1487 1488 0
1483 1485 1486 0
1496 1497 1498 0
1496 1497 1508 0
1496 1498 1499 0
1496 1499 1508 0
1505 1506 1507 0
1505 1507 1509 0
1506 1507 1508 0
1516 1521 1522 0
1516 1521 1523 0
1516 1522 1530 0
1516 1523 1525 0
1516 1525 1527 0
1516 1527 1530 0
1517 1518 1523 0
1517 1519 1520 0
1517 1520 1521 0
1517 1521 1523 0
1519 1520 1531 0
1520 1521 1522 0
1522 1528 1530 0
1523 1524 1525 0
1524 1526 1598 0
1525 1527 1536 0
1526 1540 1542 0
1526 1542 1597 0
1526 1597 1598 0
1527 1528 1530 0
1527 1528 1532 0
1527 1532 1592 0
1527 1536 1592 0
1528 1529 1532 0
1528 1529 1600 0
1533 1567 1568 0
1533 1568 1590 0
1533 1590 1591 0
1534 1535 1591 0
1534 1535 1592 0
1534 1536 1538 0
1534 1536 1592 0
1534 1538 1590 0
1534 1590 1591 0
1536 1538 1539 0
1537 1538 1539 0
1537 1538 1568 0
1537 1539 1566 0
1537 1566 1570 0
1537 1568 1569 0
1537 1569 1570 0
1538 1568 1590 0
1539 1540 1566 0
1540 1542 1566 0
1541 1542 1544 0
1541 1542 1566 0
1541 1544 1546 0
1541 1546 1551 0
1541 1551 1552 0
1541 1552 1566 0
1542 1544 1597 0
1543 1544 1547 0
1543 1544 1597 0
1543 1547 1548 0
1543 1548 1595 0
1543 1595 1597 0
1544 1546 1547 0
1545 1546 1547 0
1545 1546 1553 0
1545 1547 1548 0
1545 1548 1564 0
1545 1553 1554 0
1545 1554 1564 0
1546 1551 1553 0
1548 1564 1589 0
1549 1550 1553 0
1549 1550 1587 0
1549 1553 1554 0
1549 1554 1555 0
1549 1555 1557 0
1549 1557 1587 0
1550 1551 1552 0
1550 1551 1553 0
1550 1552 1586 0
1550 1585 1586 0
1550 1585 1587 0
1552 1566 1570 0
1552 1570 1575 0
1552 1575 1586 0
1554 1564 1565 0
1555 1557 1563 0
1556 1557 1558 0
1556 1557 1563 0
1556 1558 1559 0
1556 1559 1561 0
1556 1561 1562 0
1556 1562 1563 0
1557 1558 1587 0
1559 1560 1561 0
1559 1560 1599 0
1567 1568 1569 0
1567 1569 1588 0
1569 1570 1575 0
1569 1575 1588 0
1571 1574 1576 0
1571 1576 1581 0
1571 1581 1582 0
1572 1573 1575 0
1572 1573 1576 0
1572 1575 1586 0
1572 1576 1584 0
1572 1579 1584 0
1572 1579 1585 0
1572 1585 1586 0
1573 1574 1576 0
1573 1574 1588 0
1573 1575 1588 0
1576 1581 1584 0
1577 1578 1579 0
1577 1578 1580 0
1577 1579 1584 0
1577 1580 1582 0
1577 1581 1582 0
1577 1581 1584 0
1578 1579 1583 0
1593 1594 1595 0
1593 1595 1597 0
1593 1597 1598 0
1601 1602 1604 0
1601 1604 1605 0
1602 1603 1604 0
1606 1607 1608 0
1606 1607 1611 0
1606 1608 1609 0
1606 1609 1613 0
1606 1610 1611 0
1606 1610 1614 0
1606 1613 1614 0
1612 1613 1614 0
1615 1616 1617 0
1621 1622 1625 0
1622 1623 1624 0
1622 1624 1625 0
1624 1625 1760 0
1624 1626 1757 0
1624 1757 1760 0
1626 1629 1757 0
1627 1758 1761 0
1627 1761 1767 0
1627 1762 1763 0
1627 1762 1767 0
1628 1633 1756 0
1628 1633 1766 0
1628 1756 1757 0
1628 1757 1759 0
1628 1759 1761 0
1628 1761 1766 0
1629 1630 1633 0
1629 1633 1756 0
1629 1756 1757 0
1630 1632 1633 0
1631 1632 1633 0
1631 1632 1634 0
1631 1633 1766 0
1631 1634 1741 0
1631 1741 1765 0
1631 1765 1766 0
1634 1635 1638 0
1634 1638 1647 0
1634 1647 1741 0
1635 1638 1640 0
1636 1639 1645 0
1636 1639 1691 0
1636 1645 1656 0
1636 1656 1680 0
1636 1680 1770 0
1636 1691 1770 0
1637 1638 1639 0
1637 1638 1640 0
1637 1639 1691 0
1637 1640 1641 0
1637 1641 1690 0
1637 1690 1691 0
1638 1639 1647 0
1639 1645 1657 0
1639 1647 1657 0
1641 1690 1753 0
1641 1742 1753 0
1642 1653 1692 0
1642 1653 1714 0
1642 1692 1695 0
1642 1695 1709 0
1642 1709 1714 0
1643 1699 1713 0
1643 1699 1718 0
1643 1712 1713 0
1644 1645 1650 0
1644 1645 1658 0
1644 1650 1652 0
1644 1652 1653 0
1644 1653 1655 0
1644 1655 1658 0
1645 1650 1657 0
1645 1656 1658 0
1646 1647 1649 0
1646 1647 1657 0
1646 1649 1769 0
1646 1650 1652 0
1646 1650 1657 0
1646 1652 1768 0
1646 1768 1769 0
1647 1649 1741 0
1648 1649 1741 0
1648 1649 1769 0
1648 1740 1765 0
1648 1740 1769 0
1648 1741 1765 0
1651 1652 1653 0
1651 1652 1768 0
1651 1653 1714 0
1651 1710 1714 0
1651 1710 1735 0
1651 1735 1768 0
1653 1655 1692 0
1654 1655 1659 0
1654 1655 1692 0
1654 1659 1660 0
1654 1660 1662 0
1654 1662 1694 0
1654 1692 1694 0
1655 1658 1659 0
1656 1658 1659 0
1656 1659 1682 0
1656 1680 1682 0
1660 1662 1664 0
1660 1664 1675 0
1661 1662 1664 0
1661 1662 1694 0
1661 1664 1665 0
1661 1665 1667 0
1661 1667 1707 0
1661 1694 1707 0
1663 1664 1666 0
1663 1664 1675 0
1663 1666 1674 0
1663 1674 1678 0
1663 1675 1676 0
1663 1676 1678 0
1664 1665 1666 0
1667 1668 1672 0
1668 1669 1671 0
1672 1706 1722 0
1673 1704 1705 0
1673 1704 1719 0
1673 1705 1706 0
1673 1706 1722 0
1673 1719 1721 0
1673 1721 1722 0
1677 1681 1686 0
1677 1683 1685 0
1677 1685 1686 0
1679 1680 1681 0
1679 1680 1770 0
1679 1681 1686 0
1679 1686 1771 0
1679 1770 1771 0
1680 1681 1682 0
1683 1688 1689 0
1684 1685 1686 0
1684 1685 1752 0
1684 1686 1771 0
1684 1687 1751 0
1684 1687 1771 0
1684 1751 1752 0
1687 1690 1747 0
1687 1690 1770 0
1687 1747 1748 0
1687 1748 1751 0
1687 1770 1771 0
1690 1691 1770 0
1690 1747 1753 0
1692 1694 1695 0
1693 1694 1695 0
1693 1694 1708 0
1693 1695 1698 0
1693 1698 1703 0
1693 1703 1704 0
1693 1704 1705 0
1693 1705 1708 0
1694 1707 1708 0
1695 1698 1709 0
1696 1698 1699 0
1696 1698 1709 0
1696 1699 1713 0
1696 1709 1710 0
1696 1710 1711 0
1696 1711 1713 0
1697 1711 1712 0
1697 1711 1738 0
1697 1736 1738 0
1698 1699 1717 0
1698 1703 1717 0
1699 1717 1718 0
1700 1703 1704 0
1700 1703 1717 0
1700 1704 1719 0
1700 1715 1716 0
1700 1715 1717 0
1700 1716 1719 0
1701 1702 1715 0
1701 1715 1716 0
1701 1716 1733 0
1702 1715 1717 0
1702 1717 1718 0
1705 1707 1708 0
1709 1710 1714 0
1710 1711 1738 0
1710 1735 1738 0
1711 1712 1713 0
1716 1719 1723 0
1716 1723 1724 0
1716 1724 1725 0
1716 1725 1733 0
1719 1721 1723 0
1720 1721 1723 0
1720 1723 1724 0
1720 1724 1727 0
1720 1727 1728 0
1726 1727 1728 0
1726 1728 1729 0
1726 1729 1730 0
1726 1730 1732 0
1734 1735 1737 0
1734 1735 1768 0
1734 1737 1739 0
1734 1739 1740 0
1734 1740 1769 0
1734 1768 1769 0
1735 1737 1738 0
1736 1737 1738 0
1736 1737 1739 0
1739 1740 1764 0
1740 1762 1764 0
1740 1762 1765 0
1742 1744 1753 0
1743 1744 1745 0
1743 1744 1753 0
1743 1746 1747 0
1743 1747 1753 0
1744 1745 1754 0
1746 1747 1749 0
1747 1748 1749 0
1748 1750 1751 0
1750 1751 1752 0
1757 1759 1760 0
1758 1759 1761 0
1761 1766 1767 0
1762 1763 1764 0
1762 1765 1767 0
1765 1766 1767 0
1787 1789 1790 0
1803 1804 1805 0

End
