MeshVersionFormatted 1

Dimension
2

Vertices
3032
0.0 0.0 1
1.0 0.0 1
1.0 1.0 1
0.0 1.0 1
0.5 0.0 1
1.0 0.5 1
0.5 1.0 1
0.25 0.5 0
0.0 0.5 1
0.0 0.75 1
0.25 1.0 1
0.375 0.75 0
0.7291666666666666 0.7291666666666666 0
0.538690476190476 0.5119047619047622 0
0.3910557644110273 0.5857221177944861 0
0.5316602518200254 0.6823877028881726 0
0.654972415227055 0.6020863169829342 0
0.7650644656186915 0.3400724474862056 0
0.6749052114385818 0.45632563128933656 0
0.8276068351983819 0.5514508511724192 0
0.7854616148589596 0.44897904494922575 0
0.7352910988334793 0.5295162491877469 0
0.7601325780042659 0.6301974255277039 0
0.7736121155384761 0.5734663558598555 0
0.7140392862560221 0.5867276498891941 0
0.6987346194295964 0.6491284537217925 0
0.6895479488246486 0.6137980513830927 0
0.6614100503901603 0.639974082968478 0
0.6825426634382137 0.6344791454007385 0
0.668757539332636 0.6182827311918356 0
0.7244735266878868 0.623576211854637 0
0.7477968640191492 0.5972994768463565 0
0.7275379409771011 0.6028068862470389 0
0.7077852822112207 0.6056836746037286 0
0.7440524615192441 0.6174652421404618 0
0.7784245976346679 0.6045767534299857 0
0.7609180636003269 0.6101663514091817 0
0.8093385144479363 0.5838672436854193 0
0.7890475372146447 0.5870060645387796 0
0.8461816555446715 0.6722924572655464 0
1.0 0.75 1
0.8066631635324238 0.6440780127382931 0
0.7857760572708267 0.629165548447653 0
0.7744599880071019 0.667099341934187 0
0.7866172891533374 0.6500712481230905 0
0.7668585643477842 0.6488183308580394 0
0.7329089543771372 0.6736557903602249 0
0.7528907130161575 0.6653471791876399 0
0.7338538591269794 0.6477464072102704 0
0.7503322904887234 0.649018908210283 0
0.7568929899769572 0.7031542656759722 0
0.762274390198252 0.6834692032166937 0
0.7440791823694759 0.689073192585569 0
0.7363181591079035 0.7090065740472075 0
0.6822847734430002 0.7011875246583293 0
0.7085204509445138 0.7104942403011737 0
0.7227288535419115 0.7155344593961656 0
0.8080482880796686 0.7065607347428248 0
0.8050996792654932 0.6753693860534498 0
0.7911492529771491 0.6661608014829201 0
0.7828165438698105 0.6996630114485488 0
0.7896659360131207 0.6835792347339739 0
0.7766705448017217 0.752017724478443 0
0.75 1.0 1
0.7889243874510482 0.7269181210436916 0
0.7718772869495526 0.7164264240004975 0
0.7725326951224349 0.7344565731180015 0
0.7515350720463565 0.7261928641608506 0
0.7444171329841982 0.7582654660535525 0
0.7589521343773353 0.7469245618600798 0
0.7421121452925384 0.7409277649179012 0
0.7930922457916217 0.7116721723348663 0
0.7159926187023151 0.6407729378335939 0
0.7155243995929728 0.6618064765917796 0
0.6919237340565898 0.6756048027934298 0
0.7052969255378422 0.6248085163365422 0
0.8122551370269 0.6141616598473322 0
0.801432839300518 0.5999159781111978 0
0.7922750420590743 0.6138291554411113 0
0.8025038666363822 0.6278197526254757 0
0.8427332851469864 0.6353394473833697 0
0.847856155783261 0.5954465309259404 0
0.8262309421850669 0.5975285181119054 0
0.8327467074876437 0.6171913898911737 0
0.8233586199951617 0.6341792535780723 0
0.826360767582867 0.6582715736548406 0
0.8349487713927023 0.5747294593582007 0
0.8178694183378653 0.5673190810688806 0
0.7949511350083586 0.5647077636500717 0
0.771100982062229 0.5369743645440935 0
0.7784188187847697 0.5548031955433486 0
0.8015901780120965 0.5348763030831191 0
0.7866941226779348 0.5409903831789907 0
0.7849411844388304 0.5155165453271082 0
0.8094565270641165 0.5512348149231759 0
0.7483009656288908 0.5567488394995143 0
0.7636948864976656 0.5609616059881503 0
0.7510156442619532 0.5770610388037499 0
0.7293194539148823 0.5696231797265012 0
0.7339866033044251 0.5865134168091931 0
0.7292681520110696 0.5491175076183924 0
0.7007092096114302 0.559441857741867 0
0.7168402703699808 0.5594015004142425 0
0.7087184824931326 0.5369352270524255 0
0.6312355396680946 0.5220403456796169 0
0.6688364241144827 0.5354211021455646 0
0.6885399930275707 0.542432869581835 0
0.6898655430335665 0.507517875129649 0
0.6837270479034231 0.5247674862895609 0
0.6592989953889509 0.5063574141858772 0
0.6676488587403464 0.5699483498951646 0
0.6825518501220216 0.5595749100404398 0
0.6886919692768718 0.5842880090421512 0
0.6749331036250885 0.5990619545375417 0
0.6628384814653632 0.5866199737434594 0
0.6229970412648331 0.5660944540166194 0
0.6388907904380708 0.5841738403778621 0
0.6938458140102385 0.5989059502605039 0
0.6458392449467991 0.56203953105464 0
0.630996656027136 0.5447930616917566 0
0.6506134013670332 0.5429206951985986 0
0.6536131013575786 0.5243200024866288 0
0.6687490360701615 0.5192299418379726 0
0.665244014334221 0.552581588181761 0
0.5832171136249232 0.5329138061967348 0
0.605032873275611 0.5471953138589738 0
0.6168371849046497 0.5332667875740921 0
0.6004024733522525 0.49734217139478487 0
0.612886008271067 0.513352797571131 0
0.6323878014221169 0.48527515037962016 0
0.6182713401924161 0.49628179901097674 0
0.6076319290636849 0.468080550749699 0
0.5932240538358572 0.5158112459176557 0
0.5673005595480912 0.4951059351508775 0
0.5725070579085321 0.5151683287653057 0
0.5560627228941983 0.5087291056820141 0
0.5527611489215895 0.5397728048460118 0
0.5667314476636669 0.5307588216075811 0
0.5835016568289126 0.5014028545099749 0
0.5839287255543884 0.47631402198465395 0
0.5067866366552504 0.4248069987701617 0
0.5418419773767458 0.45582598123182905 0
0.5808403137846162 0.4291867297142858 0
0.588877505848115 0.4523248683787678 0
0.626844130231014 0.4261719431368536 0
0.604257585730951 0.4340175351626455 0
0.6059447573973192 0.4510490429561745 0
0.633751198360481 0.4568938081318485 0
0.6013146691819238 0.3891104118020882 0
0.5965990261558051 0.41196943527652186 0
0.6117215781934102 0.4190706892066881 0
0.6321684071861103 0.3951807476049642 0
0.5574780946475069 0.3919831716449815 0
0.5742849429695933 0.40736620929536993 0
0.579051599695017 0.38528562396204713 0
0.5093414477921919 0.19883593512741318 0
0.5388983073533518 0.29404168641396117 0
0.6015698251430669 0.32091912948768303 0
0.5957158865771557 0.3549933439318313 0
0.5574027500115766 0.35364644116706256 0
0.5633500104276978 0.37280319206754825 0
0.5810499822629139 0.36665517678590126 0
0.5974497933951243 0.37222672923518535 0
0.6303394236159651 0.3602136771638822 0
0.6123613849625151 0.36202250597181773 0
0.623061596860814 0.3781257188570101 0
0.6190542972262333 0.3382969703262652 0
0.5293079206287863 0.3728700962826524 0
0.5463392787800085 0.3780842155304069 0
0.5293673299542578 0.4030986489899469 0
0.5507873604575917 0.4161659216378835 0
0.5450079600156166 0.4015499622102856 0
0.5299239483166287 0.42627585562432035 0
0.5476626426501137 0.43629998883539345 0
0.5633248079031088 0.42842118256047124 0
0.5653212537217389 0.45189658762071266 0
0.5772578223114534 0.44339608922087026 0
0.556940316191222 0.4739305033281457 0
0.5438474053479493 0.49101067772854573 0
0.4762082344258028 0.4853998993006421 0
0.5095773479993285 0.4936358264317401 0
0.5271450630202813 0.4979717648273962 0
0.5270879199108756 0.4743164207912095 0
0.5117845691398368 0.5224500398796607 0
0.5419745582097377 0.4710633360673769 0
0.5156759511870955 0.4500789155489608 0
0.5035616815135213 0.47058814316617015 0
0.5273450281352777 0.4593900101453997 0
0.5177451897199821 0.4351517154983099 0
0.5699426997853037 0.4806911172599285 0
0.5769130047548516 0.4623617073303313 0
0.6015229971809402 0.3384510440186943 0
0.5738015650584444 0.32961097992359684 0
0.5781747942720592 0.3479865179122001 0
0.6923605847086888 0.31441461130396964 0
0.6452987744975954 0.29440665648393194 0
0.6267264748524295 0.3130929166288129 0
0.6162195410961873 0.3236643214222541 0
0.5990020704690595 0.4814723092096083 0
0.5712569952155974 0.5972875378796695 0
0.5936801604180164 0.5759736842764709 0
0.5839971289752109 0.5555254096319732 0
0.5707585751628702 0.5743111437063635 0
0.5643132182875843 0.555711457458939 0
0.5105340780357338 0.5825339808013492 0
0.5401127025485286 0.5745142712660173 0
0.5458571047820123 0.5569324406273132 0
0.5555133398095906 0.5861354571664064 0
0.5316273103583407 0.6017745048379992 0
0.6145706989902935 0.5895279876047993 0
0.6094970589850902 0.5744718247682348 0
0.5938436072156964 0.5985976710073663 0
0.6204047143903054 0.6310793738121195 0
0.611671122465776 0.6111203572393492 0
0.580393080585025 0.6366972005347962 0
0.5996124841986317 0.628287245686468 0
0.5828472564186202 0.6161395857627576 0
0.5532886704899388 0.6230361681911962 0
0.5693190205352364 0.6249498774479112 0
0.5586664651256539 0.6460852662765065 0
0.5542711412087886 0.6045779834441535 0
0.6050221334576897 0.6668161850527928 0
0.6077107948550161 0.6467944438701074 0
0.5893311659121487 0.6545176938013262 0
0.5721584742697351 0.6925862513541668 0
0.5854232769952686 0.6756624202265405 0
0.5707758521771302 0.6620218543001084 0
0.5482742270926854 0.6665507309347827 0
0.6132181372526928 0.7111082279320495 0
0.6036768397029265 0.6899694590128105 0
0.6367838289297385 0.6608899739188077 0
0.6251355373219726 0.6478850383560051 0
0.6431686728436703 0.6434521291966618 0
0.647579019902441 0.6223436163947647 0
0.6331092418499689 0.6055846684499866 0
0.632164343592779 0.6210266207412811 0
0.6238270187529086 0.6795245411337516 0
0.654331784016717 0.6869130379418869 0
0.6405120095637409 0.677304003709514 0
0.6193798748327629 0.6956043483965759 0
0.6424483458905831 0.7137488721408481 0
0.5894003235110675 0.7091360644894816 0
0.5882407040776197 0.8679507108590886 0
0.5948121694795822 0.7885871370420564 0
0.5981355304714665 0.7484509133435469 0
0.5431792351774994 0.7400335853617422 0
0.5628898726265552 0.7194987408551241 0
0.5737484393353196 0.7081861194594203 0
0.59987557026637 0.7274364564058133 0
0.5807940309654133 0.7262105954028383 0
0.6274990343613308 0.7403030033281228 0
0.6166435732475637 0.7275228487274171 0
0.5880816856050446 0.6932535235865315 0
0.5520069169684755 0.6870995925328918 0
0.5654221972052537 0.6775775050909267 0
0.5358569218737478 0.7105517969201153 0
0.5393095989111749 0.6956426057371198 0
0.524902099398092 0.6418112173053728 0
0.5281904034679394 0.6621145785072667 0
0.5410674561578347 0.6496110638370317 0
0.4358146473888955 0.6666576619838175 0
0.4827861245524515 0.6803192550688719 0
0.5074455821660155 0.6760986634740054 0
0.48949572759378446 0.645372507323667 0
0.5083375261389246 0.6549119576652362 0
0.4919228382412906 0.6639559797883076 0
0.4635272325341886 0.6582143789804636 0
0.5156093740208246 0.6658302248332046 0
0.500665085812223 0.7106312061025987 0
0.515311204708951 0.6955750353069768 0
0.4969679942114684 0.6923831013375684 0
0.47243850630324985 0.7068513803191843 0
0.5822260528678629 0.6035326253873838 0
0.6429061276284056 0.5967441061126688 0
0.6518169377568769 0.5760738547220162 0
0.7023238565464357 0.5755520490259572 0
0.8426843279524956 0.48269740422112656 0
0.8170269813093219 0.5047621947393158 0
0.8031746366470998 0.5166749263014812 0
0.8246076839662739 0.5275874231534392 0
0.8428616837983742 0.5088534508253673 0
0.9209135599884699 0.4952455812402102 0
0.8807488787814304 0.4955179251887343 0
0.8797671869852802 0.547796888661449 0
0.8541255563730121 0.5558841082396602 0
0.8554039171752331 0.5763646510687437 0
0.8483021157572855 0.5324146449418318 0
0.8347367485575847 0.5384345845801226 0
0.863554850922914 0.5410872201941552 0
0.8810842955446979 0.5216729224445694 0
0.864137118651545 0.5088106069788743 0
0.865224446625817 0.5249737809367028 0
0.8617991142449878 0.4888626871787908 0
1.0 0.25 1
0.9002501383266648 0.40968520813632076 0
1.0 0.375 1
0.8663197077523492 0.4421327860104829 0
0.8589432130938233 0.4650028018643508 0
0.8933394194273259 0.4634723386922758 0
0.8771041757860445 0.47558976924423185 0
0.8761826646767141 0.4574201922806397 0
0.8933371508761591 0.43613452783128803 0
0.8644387812318629 0.47644587237084607 0
0.825556530501588 0.4416096464538878 0
0.8368472633638125 0.46101682026244767 0
0.8459268859487803 0.442746508547032 0
0.8547270806384383 0.39604606269045073 0
0.8371517123781673 0.4169135480983982 0
0.8089904261887509 0.46423545403392946 0
0.8244614865892669 0.47597749205676404 0
0.8222157780393977 0.4565411902411879 0
1.0 0.625 1
0.9231561063736275 0.6141974423719675 0
0.8867567332713028 0.5997998156680076 0
0.8678976533799413 0.5923401819129813 0
0.86153245231186 0.6174781663506134 0
0.886298065963458 0.573390278937208 0
0.8699172202020756 0.565178587297416 0
0.8472015588120816 0.6111135242627157 0
0.8754268659022852 0.650925959135498 0
0.8620679168197491 0.6368655389176483 0
0.8510510349850552 0.6532006559469898 0
0.8868989328310198 0.6266497837915236 0
0.9197487025268003 0.5367174762097621 0
0.8979178099639044 0.5356168142652645 0
0.8988141360197022 0.5565664843090676 0
0.9167239085655166 0.5829580336212233 0
0.9031760735509007 0.5728791152855385 0
0.9231615388960861 0.560159935635809 0
0.9098657874918709 0.515687579442384 0
0.9008463059899947 0.49760669224967496 0
0.894136546109379 0.5122438788226387 0
0.9087101073230632 0.47798463077557923 0
1.0 0.4375 1
0.9546642526389734 0.45843953655359193 0
0.9338035314585468 0.4731880189163246 0
0.8924474487767804 0.48285394678094734 0
0.9601120430613288 0.5033572490558329 0
1.0 0.5625 1
0.96091689144298 0.5831290965300643 0
0.9388441949290476 0.576896301994029 0
0.9322030330237088 0.5960527796428826 0
0.9610376264750486 0.6217574340960955 0
0.9431249051751349 0.6128261534146474 0
0.9356615520775388 0.650223437791075 0
0.9444786650813319 0.6325396930359775 0
1.0 0.6875 1
0.972580790666361 0.6575913875841538 0
1.0 0.65625 1
0.9619363602761527 0.6412440977562579 0
0.9834290547025553 0.6388884413385412 0
0.9808816419011518 0.6190190012129043 0
0.968480031965627 0.6024198149759289 0
1.0 0.59375 1
0.9810193032496367 0.5863756884700849 0
1.0 0.578125 1
0.9746678714432275 0.5618439445454294 0
0.9855933342365932 0.6027169244289615 0
0.9517860365656354 0.5978369155097967 0
0.9494587563550774 0.5443618373459927 0
0.9330039137236628 0.5467573916844998 0
0.9544090163794567 0.5639756529752831 0
0.9389872601052132 0.5612332625671484 0
1.0 0.53125 1
1.0 0.546875 1
0.9782948402050262 0.5390624999999958 0
0.9651516955230133 0.5486494593940257 0
0.9821173916638257 0.515625 0
0.9627493094638502 0.5244966229156246 0
0.9373618682401619 0.5169296672476542 0
0.9476526885434068 0.5287749724568531 0
0.9238959295414112 0.5100637424171662 0
1.0 0.515625 1
0.9550952872942675 0.4811764796234808 0
0.9392113483399861 0.49114332646968795 0
0.9453979188455099 0.5045465431451616 0
0.9788592295581905 0.4874593676695038 0
1.0 0.46875 1
1.0 0.484375 1
0.9752054806451321 0.5021532944323538 0
0.9264243190590372 0.44062335289368887 0
0.9135911450279687 0.4574188070307267 0
0.9302780572527356 0.45686849329740903 0
0.9095237334341153 0.44101040173951617 0
0.942136586645706 0.46284728245989765 0
0.9122549196708318 0.54977810381383 0
0.839736981307747 0.5604221802417872 0
0.8316795414199154 0.4958506487828637 0
0.8288852873818635 0.5134952841304663 0
0.7574211507247404 0.512958585835896 0
0.7705150460755843 0.5214040927963729 0
0.8067668472292148 0.5628839732266868 0
0.8101964963234884 0.6599393036036862 0
0.826079477998174 0.679689752857427 0
0.812946871951696 0.6903626127534824 0
0.8369281283753619 0.7064547150407693 0
0.8409997854769157 0.6892232245184863 0
0.9064874705099266 0.7137942113328601 0
0.8776214531287374 0.6911733661958754 0
0.8595531750187215 0.6856433469052309 0
0.8738556216991437 0.6711951711451876 0
0.9095438760781481 0.6748120610458364 0
0.8927677320066506 0.6624657080488686 0
0.892354979939115 0.6805973870412334 0
0.8945849418193206 0.6992546928035378 0
0.8692263156809957 0.7306402419679617 0
0.8861036926329485 0.7183393829437902 0
0.8667269548493217 0.7094822767283637 0
0.8503878177800287 0.7221390017491887 0
0.8331443903204729 0.7854733273719663 0
0.8468145499370524 0.7551806563480313 0
0.8540061228598891 0.7392443425955635 0
0.8260547343067222 0.7362215582012496 0
0.874765938490218 0.7582034407423446 0
0.9026559803712771 0.7445913430615685 0
0.8990697807812974 0.728508276871302 0
0.9233691187672483 0.7315313724858179 0
0.8342701399083525 0.7223531583715987 0
0.8660538465884944 0.6966859759764914 0
0.9130938385812537 0.6524175609383831 0
0.8960574951127978 0.6435378543036943 0
0.9129343617973353 0.6319409618162577 0
0.9286411674573221 0.6356830967473633 0
1.0 0.875 1
1.0 0.8125 1
0.9446102102765206 0.7881753082931199 0
0.9281366352281016 0.762048186652598 0
0.919164897002157 0.7478189926089696 0
0.9419312197812006 0.6969622933771792 0
0.9269734016294139 0.7111986541204688 0
0.9561256427644235 0.7268521473197129 0
0.9441200634439827 0.7142381601132791 0
0.9693262954898121 0.7022679470717526 0
0.9221412666827409 0.6911455417764857 0
0.9068154884898725 0.6899410460831892 0
0.938019621120328 0.6736970627702865 0
0.9234403759866943 0.6655363067391191 0
0.9590154289357987 0.682128468812087 0
0.9543033256182291 0.6635050197228021 0
0.9795734744556545 0.6843124882935889 0
1.0 0.671875 1
0.9841515785676522 0.6688389243953001 0
0.9844890262077124 0.7262458680020268 0
1.0 0.71875 1
0.9701361166730488 0.718538976077337 0
0.97085330464692 0.752090965911807 0
0.984846167583992 0.7429539058704395 0
0.9475596714263824 0.7487671082664185 0
0.9468182813239429 0.7685260942992208 0
0.9732921441144595 0.781449754461114 0
1.0 0.78125 1
0.9577531902698136 0.7797035719368466 0
0.9630718798930968 0.8023857640194815 0
0.9837117290974512 0.7994988511163738 0
0.8865532753215106 0.8826981812007064 0
0.875 1.0 1
0.9205722971943666 0.8385019953366142 0
0.9379654051796235 0.8159055480859021 0
0.9474932165684449 0.8035273872853972 0
0.940335946156894 0.7333119626439438 0
0.9067792188125533 0.7937713742892885 0
0.9145433569310842 0.8158691530923414 0
0.8665005930764399 0.8203362907475358 0
0.8919995664972575 0.833993787894384 0
0.9072839804765358 0.829922323168662 0
0.8922916178146983 0.8112745167081216 0
0.8817484525915829 0.8225004993208175 0
0.879612319639715 0.786032312141462 0
0.8914960097010369 0.7958686121538208 0
0.898960945667075 0.7696639947405848 0
0.8907868687922638 0.7556507553725823 0
0.8835080658539975 0.7710174374158291 0
0.9165325778292395 0.7772867955354377 0
0.9261586805616253 0.7941098830053499 0
0.9326046409005357 0.7774880257147038 0
0.8848210595729334 0.7389951408976173 0
0.8587752344077697 0.7753246450770966 0
0.8601613675190376 0.7982555180865023 0
0.8758465132273031 0.8057027880243359 0
0.8487470164340724 0.7874381653889599 0
0.8379474601763548 0.8102645628106212 0
0.8533291775556006 0.8121673475742122 0
0.8413030896328032 0.8462610491593314 0
0.8510571685211616 0.8305337973795595 0
0.8697734373202698 0.8530300490495178 0
0.7814451543393789 0.8083504631494047 0
0.8099155873834418 0.8028345831894806 0
0.8257282068265904 0.7997710361557777 0
0.8038605282169431 0.7705127841921519 0
0.7925359294250329 0.7893623640604951 0
0.7835503922642638 0.7711373317159897 0
0.8240557592267711 0.7592557249374903 0
0.8038983273430523 0.74590257972347 0
0.7921455765167417 0.7572469105225668 0
0.8087066256200128 0.7267124911803138 0
0.8198236342938507 0.7754069794086393 0
0.8084361916527747 0.7867967496557114 0
0.8375892094489172 0.7692483400305541 0
0.8025778894992589 0.8411943390131204 0
0.8191769056122181 0.824487825653674 0
0.8344340005672402 0.8311124464838511 0
0.8216370543768786 0.846046869268614 0
0.7912479958345652 0.925549860299005 0
0.8309363453793619 0.8951608318881752 0
0.831213952259919 0.8696709192632005 0
0.7905023632528273 0.8819740033495115 0
0.8067631479602522 0.8646113752416433 0
0.8117074559336674 0.8855376608409394 0
0.797762556503649 0.9036440809539923 0
0.8201881728683414 0.9222348083892996 0
0.8050112054068603 0.9177213293779694 0
0.7598562685477843 0.9042927007478679 0
0.7789119300511742 0.909959664748477 0
0.7740191725422348 0.8915403440613477 0
0.7190257254903695 0.8447049472564007 0
0.7434059972544321 0.8717819383444892 0
0.7695542523636666 0.8648633351812993 0
0.7560357066035878 0.8858086288917335 0
0.7238376204013772 0.9021006877054027 0
0.7421439194542084 0.8983168704791655 0
0.7399729883630787 0.9339891049077773 0
0.7458913453592689 0.9164471064802036 0
0.7661506923802723 0.9330516215567624 0
0.7542104504653149 0.9655934395487111 0
0.7877024605703025 0.9594208604757685 0
0.8125 1.0 1
0.7824195559267517 0.9417467894938191 0
0.7666448208439413 0.9516943925644487 0
0.7493799602772246 0.948760440763566 0
0.625 1.0 1
0.6875 1.0 1
0.7096045163694616 0.9637099852116696 0
0.7319830380339085 0.9628623489861132 0
0.7200641021381695 0.9440219488827353 0
0.6472441465992044 0.917957606680767 0
0.6817560829377763 0.9362926276115741 0
0.6997599767750317 0.9458574856103718 0
0.7078191885384877 0.9217892638843608 0
0.6759608348713689 0.9689277573654678 0
0.692072142120696 0.9617374211881169 0
0.6910156991022167 0.9810156435593093 0
0.71875 1.0 1
0.703125 1.0 1
0.710937499999997 0.9826714473694418 0
0.7241196582554821 0.9272999456729267 0
0.7313884305863143 0.9146173840239101 0
0.6798830507421153 0.8827001896690171 0
0.6992037461666762 0.8984193173697137 0
0.7152801959520648 0.875103239212113 0
0.6978835835812817 0.8803086645474397 0
0.6844668279809338 0.8482623934724958 0
0.6868369486728192 0.8661018194363139 0
0.7026155593418196 0.8549283373160744 0
0.6527073747822497 0.861559067540191 0
0.66915718765899 0.86845072727065 0
0.6505389555203305 0.8898128928119643 0
0.7129498330918465 0.8906968525640346 0
0.6739411366221278 0.9097368067589156 0
0.6912905065825645 0.914609606168786 0
0.683721876154686 0.8977151034472755 0
0.7104307219300047 0.9075534743883135 0
0.7409824288503203 0.9814355844969704 0
0.734375 1.0 1
0.7257661426127829 0.9773415347804455 0
0.7881501542973227 0.8634753205191504 0
0.7980645548174712 0.8540835217549245 0
0.7761321681008315 0.8391687815169921 0
0.8204042015526134 0.8602998555806319 0
0.8573493550697096 0.8827020240824948 0
0.8503403938039292 0.864034960634332 0
0.8411211231421287 0.882525284801011 0
0.7985676658063712 0.8204954104705077 0
0.7828832385404471 0.8244655152601346 0
0.7518412370961387 0.8191139667258008 0
0.8719498253958254 0.8713783923909306 0
0.8553862692410465 0.8502848353802529 0
0.859895729958296 0.9223279593026418 0
0.8719538098671773 0.9016583203173055 0
0.8507332453478306 0.9029032439864975 0
0.8355100780454763 0.9126470321753778 0
0.8400077248778015 0.9368711722257651 0
0.8723379946426661 0.9602130346482847 0
0.9291020028177468 0.9305619814113932 0
0.9032763234092445 0.9106759925987298 0
0.8830599129705609 0.9219892952526462 0
0.9042463413603077 0.9361289769148605 0
0.9143567714656676 0.9229986906091194 0
0.9422494976294095 0.8867747637770207 0
0.9249652858941891 0.9023165558558878 0
0.950238071962058 0.9130408369764201 0
1.0 0.9375 1
0.9401072070448906 0.9017741816640407 0
0.9151831367017765 0.8740558267325202 0
0.9085950987652515 0.892159563350581 0
0.92603405030642 0.8861232567503438 0
0.8843678883374114 0.9429718289018137 0
0.9375 1.0 1
0.9048060889550938 0.9700498735906256 0
0.90625 1.0 1
0.8989991114409778 0.9531806310672882 0
0.923340741304545 0.954235501686464 0
0.8643780314184814 0.941841566027802 0
0.9182683653018959 0.9404632730920235 0
0.9275961745980571 0.9779915400032118 0
0.96875 0.9727048790142697 0
0.96875 1.0 1
0.952058359162545 0.9486865110768538 0
0.9364284641236615 0.9448827712149027 0
0.9401492713281577 0.9636078166834878 0
0.9480798553083708 0.9310203633595703 0
0.9740148996744187 0.934460726309511 0
1.0 0.90625 1
1.0 0.921875 1
0.9707621282907334 0.9534974057978725 0
1.0 0.96875 1
0.9835932954045087 0.9645506971792759 0
0.9853165312351401 0.9852744867435853 0
1.0 0.984375 1
0.984375 1.0 1
0.9124833335723302 0.9846896187199473 0
0.8893943810552327 0.8999867810591938 0
0.8532600806078692 0.9341237754691113 0
0.8147811179762573 0.9502939837654357 0
0.7999760190424635 0.9408117509145381 0
0.8241877993338838 0.9375561062101223 0
0.8719518225672286 0.8865558653620655 0
0.8411240645529052 0.9693858390345645 0
0.84375 1.0 1
0.8544541634312471 0.957051540085633 0
0.859374999999999 0.9832400621321907 0
0.828125 1.0 1
0.9726924267340527 0.8918636995125411 0
1.0 0.890625 1
0.9640617248304282 0.8498921037564346 0
0.9438318099006661 0.8384132822454329 0
0.9322783502506152 0.8584617228727139 0
0.9641752958483301 0.8261262552812639 0
0.9818105288498877 0.8185845555828 0
1.0 0.84375 1
1.0 0.828125 1
0.9806254023972034 0.8385975162835463 0
0.9834093504827631 0.8604729481578243 0
0.9647434104453682 0.8716250993946647 0
0.9500658788667331 0.8612082917454594 0
0.9828784573343025 0.8778164744430589 0
0.958035854944853 0.8859399415076531 0
0.9716168598378994 0.9132161339385562 0
0.9842835586270784 0.922543985387945 0
0.984191814592954 0.9031462542851354 0
0.962067326047836 0.9250517016958095 0
0.9498533734480082 0.9826067763242061 0
0.953125 1.0 1
0.890625 1.0 1
0.8828125 0.9794947578471329 0
0.8969929823343248 0.9858328950314189 0
0.8876897011513802 0.9643593717315824 0
0.903470009591266 0.8540950269290387 0
0.8864068799653759 0.8603603216242094 0
0.8987767819311024 0.8714486626524965 0
0.7506631438631525 0.8463378664051688 0
0.7606900785034915 0.8331343338806204 0
0.7355399490792504 0.8320459814538045 0
0.7173994754390434 0.7924390374228669 0
0.7122448383898581 0.8187576788303415 0
0.6997141456414172 0.8347888560959423 0
0.6668754089261733 0.7962077486440733 0
0.6751882704884214 0.822398245371018 0
0.6933558107834903 0.8169060276308096 0
0.629816182776274 0.8223848432144688 0
0.6525043557330555 0.8151836189361926 0
0.6316806910673055 0.7844833983281027 0
0.6363760147147485 0.8037109615483304 0
0.6492680168448691 0.7903756914832326 0
0.6721998874159539 0.7506377642655746 0
0.6485078039871237 0.7634512907533617 0
0.6146157798934414 0.7988376825182488 0
0.5870203085255568 0.8278958073620983 0
0.5966094530185151 0.8093699950351457 0
0.5598371153511483 0.8020808921546456 0
0.5771675775851175 0.8110513115650502 0
0.5760398646284026 0.7920039428527823 0
0.5517390254249254 0.7709952622677976 0
0.5606223091237101 0.7852787139572417 0
0.5783065925331425 0.7657725287634883 0
0.5332189292943365 0.7924175441803528 0
0.5530183308379317 0.8364805502075142 0
0.5687759609547041 0.8272635518675145 0
0.5719391814573649 0.8507498142407585 0
0.6087061387204361 0.8273759841078322 0
0.6167254394215526 0.814155573375975 0
0.5983417019255092 0.8475969096663226 0
0.6211527771430455 0.8716006968366967 0
0.6244460646936733 0.8468099790750476 0
0.611711283051483 0.8577323500921195 0
0.635103422317243 0.8608398454767671 0
0.6373857490349842 0.8782221264262687 0
0.617281366058041 0.9043007138833193 0
0.6334343900608591 0.8959646454943102 0
0.6465686119553863 0.8388709434423319 0
0.6648930603620536 0.8460874170764869 0
0.6603638084998668 0.829740471737101 0
0.5843477267535476 0.8425351425343028 0
0.5101901779332884 0.9129491279126832 0
0.548529641125952 0.8892603877327824 0
0.5481270436894187 0.8626453583371163 0
0.5673770454778423 0.8713984474401996 0
0.5831204265543642 0.9018169427831778 0
0.5801849092639015 0.8840529317802505 0
0.5658204765014184 0.8955512198102289 0
0.5625 1.0 1
0.5567754329918213 0.9475408434264165 0
0.547449685602961 0.9191367393745171 0
0.6011715031065504 0.8897094338634679 0
0.6043266574923105 0.8731127584818814 0
0.5570763110762881 0.8507787511325767 0
0.524438754265988 0.9424247641366584 0
0.5419198661977582 0.9366852965704862 0
0.5277359638614101 0.92257018746083 0
0.5346078705537368 0.9037148451523273 0
0.520682485898005 0.8763710634790053 0
0.5323760316643624 0.8876336696502224 0
0.514575757922461 0.8944132426295964 0
0.41526158293655 0.85074385980655 0
0.45700390886024783 0.8905785311730503 0
0.4854689550085822 0.8973133450150884 0
0.48150048281446023 0.8505643853411827 0
0.47581607169824447 0.8745898489314557 0
0.4981284643992844 0.8785236094666469 0
0.5071878709620224 0.8542116459055004 0
0.4996986477384698 0.8146768708808331 0
0.49671086552927235 0.8357196014328719 0
0.5249206720477408 0.8319508120788267 0
0.5098834166323575 0.8268564474086832 0
0.5236230327239358 0.811040870632126 0
0.541189373425067 0.8204459656005495 0
0.4673123415285458 0.8208119323916303 0
0.47947297016433926 0.8332720541923673 0
0.4551001983167885 0.844894770850008 0
0.45386823379747276 0.8678276540448127 0
0.46825961641598507 0.8601167998545032 0
0.4362915187460715 0.8553838927877997 0
0.4176117222959653 0.8900691779616544 0
0.375 1.0 1
0.4343759856052798 0.8767249349222633 0
0.415689035671744 0.8704511975819353 0
0.2988919349790161 0.8918012628873206 0
0.3581796894198426 0.8859906865569779 0
0.38236641944885935 0.8613156614876801 0
0.3944908781077792 0.8824319595397905 0
0.4003871592443275 0.8609247911122098 0
0.3907201159614527 0.830844869181745 0
0.3910775347772461 0.8473233538191519 0
0.36321450092837126 0.8396845853107182 0
0.3758348196571687 0.8791048772546987 0
0.3792482500834588 0.9139335437086106 0
0.38243949342632944 0.8960391794479096 0
0.40271291636780315 0.9088864410680457 0
0.40344017452662306 0.8941554663925608 0
0.4375 1.0 1
0.40103340700604817 0.9581469367347603 0
0.39569025270568564 0.9333058860384537 0
0.34976983769631886 0.9556165611159357 0
0.3125 1.0 1
0.37571177428491465 0.950598296368724 0
0.37730229228725554 0.9322487781771029 0
0.3430080099548565 0.9193440834997427 0
0.36183058961921044 0.9213439457294892 0
0.36440204541807353 0.9032132515110793 0
0.3506836644473588 0.9366797071255519 0
0.31024257781320014 0.9442186369001107 0
0.33135574689160757 0.945237485052658 0
0.32173478906264213 0.9253394554435146 0
0.31949370028726337 0.971780611680589 0
0.33387803975611813 0.9622868109390602 0
0.34375 1.0 1
0.3499184093459287 0.9782366745860117 0
0.359375 1.0 1
0.36539426279110543 0.9668244826496619 0
0.3325699113246259 0.9850753889508178 0
0.328125 1.0 1
0.292672205687713 0.9205857460801582 0
0.3062412364515487 0.9288455410477919 0
0.3098655925485441 0.9088753348346147 0
0.32815930689627687 0.8850543327421058 0
0.3147366695045445 0.8936811809170199 0
0.32881737603069505 0.9065731825472204 0
0.34615436046585585 0.9000706512589433 0
0.3094326273799661 0.8706728837828057 0
0.15590991953844938 0.8072757659369618 0
0.230412492679675 0.8444441972054617 0
0.26804401351229146 0.8632181071071323 0
0.28764810102313243 0.872998348896194 0
0.2945650582398119 0.8345956865717179 0
0.28549040490452515 0.8527854514008865 0
0.30526064214650833 0.8512900835511024 0
0.3298829701859044 0.823741955942977 0
0.31373549037534215 0.8340871469318323 0
0.33468561162836596 0.8550969981222618 0
0.32887406079927156 0.8399418208505849 0
0.34599232035837635 0.8328765774989668 0
0.3671188548330397 0.8046203298733955 0
0.34728806573041343 0.8118193446701389 0
0.36213892151421484 0.8218153213191071 0
0.34459642569753873 0.7734918291891075 0
0.3225022832517191 0.7943017134927647 0
0.30353055561107267 0.8109798648045856 0
0.33164868970798544 0.8076539963624491 0
0.3439810234305002 0.7927933183830024 0
0.31929836988211796 0.8584089728927586 0
0.26089806085077494 0.82915812911969 0
0.2691196225542254 0.8452128217985273 0
0.24976279258420434 0.8449929331331604 0
0.23926276514982497 0.8738065578771778 0
0.26383607783445095 0.8961906485346557 0
0.28084253684522015 0.8898312356516475 0
0.27813996289765536 0.908523161977982 0
0.125 1.0 1
0.2341676482107259 0.9450630716606406 0
0.26570583397082637 0.9382880767982104 0
0.2764792084106007 0.9253089927395355 0
0.2874276755220117 0.9453576375027 0
0.2397208335639092 0.8576535036632037 0
0.21521000912603389 0.8650414476084662 0
0.21326695929071704 0.9077581741907617 0
0.22093913120171504 0.8867046023028563 0
0.18354883492852847 0.8850038350664883 0
0.20197719668468903 0.8917193491932165 0
0.19826689686705534 0.8732581303053653 0
0.1657177466218279 0.8475662751368678 0
0.17899740792258734 0.864206475237433 0
0.19757093680034588 0.8357649299662765 0
0.18359149144410236 0.8469211840005713 0
0.200597173550225 0.853893645835528 0
0.21337346930202467 0.8424439479531409 0
0.22703271521057827 0.7996615032703602 0
0.21394616981360737 0.8190550641197707 0
0.17582734652767204 0.8228555893085879 0
0.13667060626161337 0.88436625433564 0
0.16018404373487055 0.8792204235572165 0
0.18206013961060788 0.9177318638096003 0
0.19609905285403792 0.9078498432881964 0
0.20482910404527294 0.9351654249570268 0
0.16727498299778493 0.9006614610245973 0
0.13342288213377956 0.9449198406373565 0
0.15492836185094946 0.9262933389866982 0
0.1666432659675269 0.916146730599696 0
0.18265765878575382 0.9003635636553295 0
0.15112282595715526 0.8941102020508901 0
0.12774744783885883 0.9131908169989887 0
0.14366261899303692 0.8600214188122589 0
0.0 0.875 1
0.07022519686094726 0.8521061564159714 0
0.1062551323315506 0.8624542143143669 0
0.1253954977578506 0.8679514656150064 0
0.12348278839191121 0.8385409993297649 0
0.1191607465102397 0.8535895129375232 0
0.10035972923150284 0.8400448072393774 0
0.10826602544335752 0.8915228237929826 0
0.12120053523316465 0.8829126900372053 0
0.08888228787064915 0.8550444363610626 0
0.07442932725795473 0.8861136116019027 0
0.09072396310472278 0.8747974074383823 0
0.0745100048294724 0.8688400450816178 0
0.03705615566434257 0.8695147983908817 0
0.05593103907925132 0.8773902422044385 0
0.052597628758661585 0.858823137685634 0
0.0 0.8125 1
0.04554034997132805 0.8138137580860731 0
0.027945787622776348 0.8396304758431861 0
0.0 0.84375 1
0.03723278636881709 0.8531301224479211 0
0.05239205854349575 0.8357974048092564 0
0.01687710275938256 0.8611039733681116 0
0.058284493431305595 0.8472585821412861 0
0.0 0.9375 1
0.031095275250657785 0.9103573020093126 0
0.05528256334304318 0.9027402647201666 0
0.03814425066416497 0.8905298446464989 0
0.019561994297616674 0.8815617110201591 0
0.0 0.90625 1
0.0 0.890625 1
0.0625 1.0 1
0.05734026153106689 0.9514852302429349 0
0.04975210142083203 0.9273896393051058 0
0.025451019294560256 0.9352741841208815 0
0.041465749969895285 0.9432417925382768 0
0.01825713191861155 0.969812196742332 0
0.0 0.96875 1
0.0 0.984375 1
0.01006852493726403 0.9531250000000016 0
0.0 0.953125 1
0.04003152158429747 0.9654103189327353 0
0.027429474600865936 0.9534643512319524 0
0.03125 1.0 1
0.01776086782602183 0.9879157643479599 0
0.015625 1.0 1
0.034781588948816035 0.9824870355677373 0
0.046875 1.0 1
0.055963459545331516 0.9796536672356606 0
0.09375 0.978737362489076 0
0.09375 1.0 1
0.109375 1.0 1
0.11718750000000126 0.9778865391596463 0
0.078125 1.0 1
0.10448266981700423 0.9511485509860866 0
0.10506747480125463 0.9672580843572242 0
0.12224407110592576 0.959895654884343 0
0.15209357111699232 0.9779912931241749 0
0.1875 1.0 1
0.15625 1.0 1
0.14116184772867582 0.9623568122642804 0
0.13463868111305727 0.9785568536552351 0
0.17104176878622582 0.9531035950219702 0
0.17257899998738074 0.9341804570829182 0
0.18838898985063152 0.9449887979077629 0
0.1907050017004742 0.9725390091862055 0
0.15271490297597437 0.9467934170326046 0
0.15758322154593776 0.9625138924893318 0
0.17152733629981057 0.9761719618673181 0
0.140625 1.0 1
0.12556189974773355 0.987364709798693 0
0.0845086623901873 0.9222426932507259 0
0.06613894921710545 0.9181211688333192 0
0.07146769995848443 0.9373686685611416 0
0.08976846188856019 0.939962129999391 0
0.11010325041905156 0.9284849701423893 0
0.07887747119584278 0.9043431764074238 0
0.09803020037008668 0.9081532696892065 0
0.1136315691422981 0.9062904789164167 0
0.091009638204097 0.8920597831628837 0
0.11774188934325698 0.9424081007995042 0
0.013054123549301078 0.9401446170378203 0
0.03535927098436283 0.924420915645942 0
0.01405615517554614 0.9195952621894234 0
0.0 0.921875 1
0.045365496510978966 0.9134603289086322 0
0.014663237220601883 0.8463733492631879 0
0.01314141211337462 0.8269217069005806 0
0.0 0.828125 1
0.030072459147804112 0.8221759752559576 0
0.0 0.78125 1
0.02503296224033159 0.7943673756335787 0
0.01725483499262963 0.809975213807387 0
0.07739991297795955 0.8263564353067454 0
0.06110065504962124 0.8210236010711409 0
0.09740895023989184 0.7376259585425851 0
0.07236175210794708 0.7763237967327151 0
0.07662008627357787 0.8011649775433586 0
0.11803297095455251 0.7812803052942318 0
0.09449042696811666 0.7853160240536362 0
0.10232974708601024 0.8121544221362155 0
0.10840737826822518 0.7958150798691591 0
0.12871988508865825 0.8126705795332827 0
0.09207069144552694 0.800586918980973 0
0.11110808331499367 0.8267892417476741 0
0.10258969110059316 0.7618773443111179 0
0.0802453391237693 0.7539716271567403 0
0.04010316602990926 0.7523798756279212 0
0.05992854313606696 0.7593722655615527 0
0.06134035572145755 0.7237679490883236 0
0.0 0.625 1
0.0551384178363512 0.7413521740140243 0
0.0 0.6875 1
0.029760915600907253 0.7225157343172446 0
0.0 0.71875 1
0.039541994899122274 0.7358513318276181 0
0.018969466782972313 0.7406855878270511 0
0.014252634669806712 0.7255946062589846 0
0.01774238447483944 0.7025754304305868 0
0.04257739281055628 0.7769661858668986 0
0.02005189620451598 0.7668153728620667 0
0.01564496161797014 0.7818383522589161 0
0.0 0.765625 1
0.043494032674117236 0.7954353913303239 0
0.05924684220802416 0.8029845193219353 0
0.05766001754561518 0.7854749739020289 0
0.0 0.703125 1
0.04651484297749809 0.6988256238201914 0
0.0329498109493095 0.7070016155494836 0
0.07795755101568332 0.7343852812289448 0
0.09560599330264449 0.6884512305392435 0
0.08208461606995461 0.7096135492033513 0
0.10999260537037335 0.7125441715688017 0
0.09677178661467112 0.7040969082722681 0
0.1370781104222598 0.7418306359860398 0
0.11655601291616315 0.7462147017096187 0
0.13090831475360948 0.7631740912976798 0
0.12327252900729997 0.7274304803434352 0
0.23069228833286748 0.6382638779507885 0
0.16901915842985687 0.6732537842963413 0
0.14229709632615867 0.6970922622918422 0
0.14531320496223052 0.7201177075802858 0
0.1283855104316111 0.7095026456276299 0
0.12015420487200205 0.6862732718977546 0
0.141926910400091 0.6697808311871752 0
0.10386938491413704 0.6421566820253862 0
0.10602258050402358 0.6664257842405732 0
0.12392519177607356 0.6686336107344911 0
0.13481608820369378 0.6395495241645817 0
0.06287392732439175 0.6580239366878338 0
0.08311571856173193 0.6690682488276116 0
0.09313778493940957 0.6553388763105759 0
0.07565140015533699 0.6301438578321247 0
0.06304904669366036 0.6817745097008276 0
0.065398959558043 0.7005952230212596 0
0.07844646056930335 0.6894090816104617 0
0.1352090284736105 0.683530111377052 0
0.17313428310702675 0.7047631547954755 0
0.15621014130086855 0.7069800522157093 0
0.16260818032564606 0.6901144611669309 0
0.17693321317465083 0.7445284074221946 0
0.16722911353480674 0.7253913883692741 0
0.15704597087581093 0.7425840218784819 0
0.1639094124066616 0.7750603978595547 0
0.16560292813629524 0.7577390606581547 0
0.14783593964591876 0.757777529855271 0
0.19219559965144462 0.769082495879401 0
0.19988570923423984 0.7954551282621166 0
0.2124693844497241 0.8039464434077397 0
0.17756212198132312 0.8001165856580692 0
0.18608965682566575 0.7851704663699458 0
0.14184001556552794 0.7845785736456798 0
0.15751245555812793 0.7905728235244355 0
0.12821894279054225 0.7953267935636512 0
0.08746856887602683 0.7690856040632573 0
0.14570510756485583 0.8378833937197475 0
0.13426983100909928 0.8272593843360204 0
0.16123489290760146 0.8313089012032131 0
0.14893212265052094 0.8214283117820802 0
0.15980024244560054 0.8628425597351578 0
0.19442273079952604 0.8163011864360701 0
0.2380463723291424 0.821205492202379 0
0.225130262338908 0.829835780986979 0
0.2724976051644699 0.7565498349282712 0
0.2936151344327141 0.7805714429728368 0
0.3051079309775145 0.7936447268039284 0
0.2393183956813487 0.9053269260733057 0
0.25584321648138475 0.9191407486849595 0
0.23674571121397142 0.9251953474599177 0
0.24890534285679763 0.9368743264415875 0
0.2549839460337542 0.9651707488078827 0
0.22177889066443432 0.9333543609890828 0
0.2718492467415074 0.9563178117427661 0
0.28125 1.0 1
0.2729630496235415 0.9789307649788616 0
0.29687499999999967 0.9816900468999421 0
0.28911856957946497 0.9643124368899986 0
0.296875 1.0 1
0.25557351821475816 0.9830263329213123 0
0.2252836415011594 0.9750889464926479 0
0.21875 1.0 1
0.23840236829030548 0.9867898698474112 0
0.234375 1.0 1
0.2072670706023085 0.9836759263110475 0
0.24740129490430174 0.8895524273151072 0
0.26118231958551547 0.8790971997119666 0
0.28034624262064767 0.815687924272162 0
0.2868712738893408 0.7980883408987477 0
0.2569023544274448 0.7969867550157813 0
0.24259172670181814 0.8052946491946703 0
0.26373024834904973 0.8124725477446859 0
0.27849449500947865 0.8318806788350732 0
0.3904423003359654 0.9474298525464971 0
0.4431732699890821 0.9360877514933321 0
0.42859855342917513 0.9140749309085776 0
0.4361182657569778 0.8961162721271473 0
0.4129366834422752 0.9250461706110051 0
0.41697966550626614 0.9048755295245514 0
0.5438840433025427 0.8045321935583473 0
0.5565736329484117 0.8174170967176544 0
0.4928767814577863 0.8627227738133174 0
0.5280093150180886 0.8567205042543956 0
0.5375610777146386 0.8429520381295345 0
0.4722882254696607 0.8895004772065789 0
0.4663718081332496 0.9145065273311653 0
0.45019242681272054 0.9070430334064925 0
0.4384465181854167 0.9076448356111197 0
0.4884997370919598 0.9198823233418307 0
0.4711819915077616 0.9429363291841899 0
0.47488651625987355 0.9276877110487692 0
0.49783192150856354 0.9449238778624801 0
0.5032535522153617 0.9286437297328364 0
0.46875 1.0 1
0.4824136062212189 0.9719986681947493 0
0.4836961681733383 0.9548015114060668 0
0.45028152310529157 0.9677151457510141 0
0.4673643210829261 0.9622298892054629 0
0.4540941870966222 0.9502457633180704 0
0.46405339235323007 0.9812618315736893 0
0.44681341320379503 0.9850146460752115 0
0.4240034324993214 0.9714444409009215 0
0.4343542611449226 0.9541813604250452 0
0.4251571192552575 0.9385025382884472 0
0.41738826952515207 0.9535966348022245 0
0.40625 1.0 1
0.4043004478613008 0.9789913620426298 0
0.38535568879267207 0.9712824179513833 0
0.37230453368402705 0.9828020578463719 0
0.3892621643634182 0.9889544598750469 0
0.390625 1.0 1
0.484375 1.0 1
0.5136870764687516 0.9718804720989347 0
0.5121648222111517 0.9546347334644735 0
0.4445039511207835 0.8855888927942419 0
0.23754942838024026 0.9623908973426103 0
0.21430348111703745 0.9555129245071156 0
0.20558429637399486 0.9682949820118635 0
0.30604847998548335 0.9609599254602502 0
0.31173217009354864 0.9848333766909552 0
0.3177262036471264 0.7670971129082802 0
0.2962444480291834 0.7569669260105326 0
0.2841810975123573 0.7675718845603318 0
0.26452735977453556 0.7767017208484164 0
0.24025071227188882 0.7791519061145542 0
0.2721222593630777 0.7911322022770012 0
0.21644005756087348 0.778320604896621 0
0.230037296143346 0.7302754651712754 0
0.2128334262305148 0.7513532486097414 0
0.2288972384158456 0.7629297189057055 0
0.25067256987101155 0.7595699379680338 0
0.23756857867210376 0.7468854330652981 0
0.26223491764286705 0.7256888362404527 0
0.24680598425174097 0.7326846147529329 0
0.2609051515224638 0.7432679488688615 0
0.24254548280375599 0.7027763716642998 0
0.284747231454404 0.7353393714860698 0
0.2968477389715602 0.6760287778479624 0
0.2846709792618452 0.7044341490336969 0
0.2780397296746735 0.7199032155537958 0
0.2635712481549947 0.7045450259150735 0
0.27400845469065327 0.6830507180535342 0
0.28840496322754144 0.6892221855540387 0
0.33242038540163815 0.7080906318007429 0
0.31197659657378746 0.6950081645355057 0
0.30891889000275674 0.7223012451057373 0
0.3153466699267755 0.7443012162509077 0
0.3286918845179471 0.7284631207051642 0
0.3385444148592379 0.7503062862658019 0
0.35659466275398477 0.7290209679048809 0
0.34280767093606623 0.7205191090468145 0
0.37587206935408907 0.6823301409447873 0
0.35623836059046454 0.6987393063630172 0
0.3852826284358012 0.7135404906505113 0
0.37391842162875666 0.6999431186274824 0
0.3682239544750528 0.7162499434431892 0
0.3794003856471102 0.7315612821952845 0
0.43533401904454444 0.75465423346039 0
0.41187439751961086 0.7321908421158964 0
0.39573342999943223 0.7269222006379611 0
0.41243828541572314 0.7031043300400303 0
0.3938581730565338 0.6932400151972019 0
0.4137410215895229 0.6782199229936249 0
0.4034460532059996 0.6317140797979905 0
0.41489531654093514 0.6535719806289327 0
0.44212386809766313 0.6253820097990895 0
0.423834978772606 0.6349618094150545 0
0.44148180705578055 0.6464038934972132 0
0.41867621372768976 0.6028655117888326 0
0.4157984292101392 0.6197907786701424 0
0.39401983724439776 0.6095885532855159 0
0.35617638540259483 0.6387818375598414 0
0.37889257208283783 0.6291039805673162 0
0.3523328961551052 0.5982612505970396 0
0.36070384505773156 0.6179098192946053 0
0.3740786609343424 0.6006042626296056 0
0.3256552012069207 0.6212342796708422 0
0.3437086399514638 0.6251503463642354 0
0.32853072292208574 0.6515499174208296 0
0.31992417428910996 0.6731535332948733 0
0.330087215584723 0.6892217984491543 0
0.35098106298847714 0.6724983700450993 0
0.3353249236262082 0.6667727888976277 0
0.3485543842964807 0.6548659119218209 0
0.37386241629114847 0.65701099485347 0
0.39349508061874744 0.6681920231193045 0
0.3963298989953184 0.6493690895950788 0
0.38199409474879414 0.6440698631496227 0
0.3662139729591188 0.6703574026850618 0
0.3419421143762992 0.6973345832635008 0
0.3870973288694018 0.5983310105958117 0
0.40363499039765277 0.5962771289727341 0
0.43409373453145855 0.5472037541862457 0
0.41534059936384105 0.5695533207804868 0
0.33260219147535824 0.7642399913901159 0
0.30100393004027515 0.7365527712212664 0
0.31716972299105234 0.7094077836625142 0
0.2073228871237225 0.7658150863282495 0
0.45352739182161267 0.5825526993845698 0
0.436955066489141 0.568647147539028 0
0.4268239196348616 0.5852265699014757 0
0.4414054316828236 0.6026632486456128 0
0.43070572131367874 0.6143723462225364 0
0.4752683537240094 0.6129631400757563 0
0.46056101382264 0.6005009580539955 0
0.45829051450787256 0.6180900863979965 0
0.47224289106037504 0.6336188045212844 0
0.4553222571539229 0.6363058686228626 0
0.484135222515667 0.5875892555917563 0
0.5017217104576447 0.6079710291984581 0
0.5153426260567513 0.5984448409414038 0
0.4988000218121192 0.5927138493960514 0
0.4912864469829439 0.6252588822849823 0
0.5068661957655953 0.6360291162700432 0
0.5217270245286489 0.620694687000143 0
0.53696366328493 0.6292006775617097 0
0.4910174258422067 0.5520728090770021 0
0.46215062820950986 0.5543725394845316 0
0.45258026597650947 0.5668534237056031 0
0.4719318002125943 0.5717824847567805 0
0.49015179956249316 0.5703300953598633 0
0.47400659243925447 0.5208700635662917 0
0.45286229137237155 0.5322365014991786 0
0.4491370072039502 0.546816363705254 0
0.46969094543869283 0.5381918798757491 0
0.4500080971073659 0.5015770605780326 0
0.4270923655433867 0.5191729398455528 0
0.4369941440986042 0.531589520064067 0
0.45792409046439264 0.5163027070622447 0
0.4704358183186223 0.502845014353813 0
0.49227568922890347 0.5078847325011091 0
0.492610312157214 0.49066236979664113 0
0.3508292565371648 0.39613289385182243 0
0.395130936827189 0.45382852803552437 0
0.4405803691576115 0.45700300795100673 0
0.4189586506116418 0.48486019656235635 0
0.43072987477679375 0.500190275215826 0
0.4418702356401956 0.48001423399408105 0
0.45851499891112446 0.48604949850890866 0
0.46645700561895753 0.4610856658757584 0
0.4606191714351373 0.41404016370893904 0
0.45677549702702125 0.43840207870838194 0
0.4841030794231548 0.44014634180226 0
0.47114706635695486 0.4281853640344483 0
0.48696890848439517 0.40541917367704805 0
0.46999940688926173 0.4461658847346545 0
0.4973760996239373 0.4531020736085467 0
0.484593427101116 0.4674609489849512 0
0.41942411980258953 0.42002483289443315 0
0.43490357706905713 0.4357097308091094 0
0.4473928057898631 0.42443756163765295 0
0.437244611751853 0.39791697996792125 0
0.41347283737287693 0.44137896817810224 0
0.41494230555186595 0.46328024584995786 0
0.4256604939936472 0.4515611721551926 0
0.42996446336440713 0.4691398337036341 0
0.4545073520332372 0.4527779986427679 0
0.39435576601118477 0.3815817535545645 0
0.4131430989370068 0.39672567170281886 0
0.42702483309122496 0.3602785763465862 0
0.41415547698512234 0.3762441194338751 0
0.4335551926861537 0.3787120845490861 0
0.4799735756990793 0.35189414853797757 0
0.45427689831463375 0.3609975998111622 0
0.39605196037885215 0.34848182873794536 0
0.40058790105092734 0.3653076943314455 0
0.3724594659009098 0.36386626225759316 0
0.38179631059265773 0.4163884484156964 0
0.39438844855327665 0.4329983077560856 0
0.4009233905164395 0.41496603141405325 0
0.39017483109436385 0.39974241777762026 0
0.37029734186040736 0.4001690071541431 0
0.3639991654325774 0.3815781409735161 0
0.3791768446828818 0.3867985520724194 0
0.3075551986762229 0.3437404505193779 0
0.33301580447918616 0.36677855097017914 0
0.3527376351900486 0.365322406613886 0
0.3404357576119781 0.33299040235218136 0
0.34176482071847847 0.350991061062412 0
0.3255559761511056 0.3431384326484418 0
0.3155187836047154 0.31243824452480373 0
0.3160808805546981 0.3292453570781633 0
0.2868543818629939 0.32180985222798747 0
0.34392445514168907 0.38024087019555436 0
0.2891204280399019 0.41349826291928676 0
0.31879054869877843 0.4006071236307678 0
0.3259031765889805 0.38369283730047227 0
0.2919217264522459 0.3793559040255029 0
0.3083096922531918 0.386247208828042 0
0.30760156826544016 0.3649997027332311 0
0.29425713695503114 0.39673361818382663 0
0.25338743282199694 0.39338035727830445 0
0.2734553511625311 0.3995291935151904 0
0.2493734517870032 0.44230294991808466 0
0.2660949599679508 0.4235512561879849 0
0.3618521753213589 0.4445863985672611 0
0.37995410633685583 0.4439411595187136 0
0.3719224874760619 0.47286115349758007 0
0.35825671410485693 0.42089124258931676 0
0.3586720464897777 0.4072733577172733 0
0.33805076029094183 0.41345970438590746 0
0.3135980189155751 0.42924584768601765 0
0.3224023820848999 0.41605208521869247 0
0.2879505443183399 0.44221411886406276 0
0.2815577117324719 0.4275719164213765 0
0.2686629515829833 0.4426726286227483 0
0.2791469519661401 0.4777872515086787 0
0.2786955731501884 0.4587996277852489 0
0.2537156386891871 0.46889263440787804 0
0.3137154569992207 0.46746630284893287 0
0.29738789310993535 0.45835526900851514 0
0.3136734579701672 0.448356023892728 0
0.3386536157282088 0.45785631014683503 0
0.3721190878575544 0.42957936021226595 0
0.23974680678756574 0.4168871417905963 0
0.2511840642921087 0.4270861242229316 0
0.3208882873529614 0.3576084225589247 0
0.4123797933668245 0.4094276485444987 0
0.13145511371944732 0.4724353847121795 0
0.19242854162416864 0.46525163881544396 0
0.21557929000611753 0.4405720035865562 0
0.23158411767126408 0.4588573986158499 0
0.24599191272078538 0.4565045561450261 0
0.2324499927249499 0.441952471459352 0
0.21169083030875588 0.46012253649823776 0
0.21160724499125938 0.4985428430688259 0
0.22290095289974016 0.4793571688934762 0
0.2036629572645816 0.4809495373562702 0
0.16521186743214653 0.49659860450215004 0
0.18837295897298617 0.49844404393095215 0
0.17816041667738683 0.4803522677771879 0
0.1550124527377986 0.47518628112118005 0
0.15191486802027326 0.3994702445852417 0
0.0 0.25 1
0.14746536126062298 0.43757365657071634 0
0.1451260317889174 0.45760653649316924 0
0.16976461239683185 0.45532021151285834 0
0.1154800342845746 0.4439916130813529 0
0.1280903098139223 0.4556171986325045 0
0.10390206592194497 0.46920221550648505 0
0.19005978271789356 0.4398315177951798 0
0.16904689630223102 0.4333388254574311 0
0.19047721817310015 0.4012312368294399 0
0.1845329060611224 0.4204693508090613 0
0.20857690763262451 0.41736120370637736 0
0.17095016231399307 0.4057350579122122 0
0.1726496257107949 0.36852007142075505 0
0.16660370417305884 0.38689027492739364 0
0.13673492616393876 0.3668799870611615 0
0.14887535326509857 0.3810555971273226 0
0.11742379523750347 0.3957051537255563 0
0.0 0.375 1
0.13519503723068288 0.3927718392334116 0
0.13026503369334572 0.4182032760109911 0
0.14944558297214083 0.41849339551546894 0
0.1643714714919108 0.4191489588534841 0
0.10225483811095319 0.41927688316081213 0
0.11598023906434898 0.41144284508827933 0
0.22049275211308114 0.38577029074151664 0
0.20845870742075798 0.3992738815135793 0
0.22402637607755577 0.4082161944906199 0
0.22465581897276043 0.42566106132472487 0
0.23571400101697326 0.3948751313889016 0
0.2422312874768715 0.36670401670146374 0
0.20306665584729638 0.4316852333254584 0
0.18420265012229364 0.45319773743082536 0
0.17081841091216068 0.5724977291604191 0
0.1998124839998101 0.5402633120622098 0
0.19990816255839322 0.5177628829717542 0
0.1693217818939421 0.5288832384992163 0
0.18666330819489127 0.5289569798591455 0
0.17790111357772884 0.5504217628756551 0
0.14362199204577636 0.5515980491792667 0
0.1609727559716717 0.5571647501029037 0
0.14454650269685942 0.5785399704349845 0
0.1756649237016899 0.5116718225388148 0
0.23214157071885771 0.5291503670424592 0
0.21865745046053822 0.5160048342233378 0
0.2153508193978196 0.5328851143970336 0
0.23034275875520646 0.584508645393382 0
0.22947470161850478 0.5567720742692108 0
0.23614368678034459 0.5115566883713175 0
0.23320140815614035 0.49394382569535233 0
0.24635342270104024 0.4837888411129842 0
0.2641261878789211 0.48830670672035437 0
0.3019212034828905 0.5483445951386379 0
0.2922677653461338 0.5125063297234046 0
0.28128170879955294 0.4968193040823945 0
0.2601651541090439 0.526272992797056 0
0.2737982478010475 0.513750610100824 0
0.2817102682939406 0.5360467640715546 0
0.3058129642756413 0.4913298215102106 0
0.3298251973745159 0.521609078349078 0
0.3126118986046429 0.5105988799856985 0
0.30403407605424854 0.5285562057074505 0
0.33722435544832724 0.49108056571492176 0
0.3215615248620229 0.49660707115876873 0
0.2595243663510815 0.5563192372045791 0
0.28188580715620387 0.5585150732398633 0
0.2671685645459683 0.59343156191387 0
0.26910725070338554 0.5736888238167636 0
0.2482629213114081 0.5738604854824857 0
0.24770180517840532 0.5933194790721659 0
0.25726674611112577 0.6226302805008159 0
0.2573602882845014 0.6063836993815539 0
0.23375569159151738 0.6137323602285341 0
0.2817289744712596 0.6146475656672742 0
0.29987446411274726 0.5866317983739243 0
0.2865049068566725 0.575372641234092 0
0.28493728955419617 0.596841358457072 0
0.27903473981546406 0.6478637331430959 0
0.2734310722417645 0.6306918563191684 0
0.2813086608219403 0.6661410337299012 0
0.2513843734423455 0.6605838809882605 0
0.26525483517358306 0.669240972162227 0
0.24775140288347142 0.6818448846585345 0
0.2606701777127796 0.6443563517762323 0
0.2621934434152334 0.6329881164720076 0
0.24472728886244474 0.6460039770504926 0
0.22600194070442417 0.6633635848041236 0
0.22449610333860195 0.6871741355227138 0
0.23413492110434148 0.6758308261181754 0
0.19842414290286395 0.6735723893094718 0
0.2144784504973396 0.6745877029216556 0
0.2039930519771354 0.6462627212739522 0
0.21170200975247228 0.6234354117284542 0
0.17138153739686146 0.6225342204033834 0
0.19140073961822748 0.6292948587656437 0
0.19296087888971183 0.5966015799785276 0
0.1858716403312256 0.6126471427419039 0
0.16497597817677015 0.5975848961679062 0
0.1739101517327396 0.6480667948946305 0
0.18383380300410326 0.6630622209532965 0
0.1558543499404178 0.6369634505709045 0
0.14709985135403464 0.6526121483621286 0
0.1422384651712637 0.6130637321196447 0
0.15569670965047983 0.6212248543697603 0
0.16194123768757526 0.6588109629470984 0
0.17863280469698697 0.5875414785924553 0
0.20043339535356777 0.5689245890471641 0
0.1932152754642747 0.5547435966133651 0
0.2150515969691028 0.6011345597987274 0
0.21208309459548638 0.5830596333903412 0
0.21681376180404505 0.5672925561680997 0
0.20191030742143312 0.6105627184556411 0
0.21594020350921178 0.6375820242149028 0
0.22093136058294233 0.7095392841702165 0
0.1955161138626641 0.7223296627894016 0
0.18074937068078933 0.7181024408022922 0
0.21298535098612215 0.7253960846005229 0
0.2036623344236021 0.6953201402074135 0
0.18478556426845855 0.6883621093237622 0
0.1896793728446033 0.7041703206982288 0
0.2055506564732941 0.7106229022765833 0
0.2605425987667125 0.689793170838396 0
0.24208677956523428 0.6272297469959095 0
0.2662772549182041 0.5414332989960419 0
0.2469285610942963 0.5416305829576442 0
0.19607457692843064 0.7416745447374107 0
0.14730264730492876 0.5960632597493581 0
0.10724525352240372 0.5933852790335792 0
0.12697064215315912 0.5992611722739393 0
0.11061470932070666 0.6181210439568035 0
0.11871126222356049 0.6333575658338857 0
0.11931443029106184 0.6512917568287756 0
0.08780261003737201 0.608631089234005 0
0.09385751330547693 0.6262392346419372 0
0.054311993890860596 0.545900958500731 0
0.0 0.5625 1
0.07659033122482446 0.5743120278062782 0
0.05058717012569914 0.6017985393754466 0
0.06801483353835898 0.6116423302810585 0
0.07540592545616334 0.593690077402161 0
0.09124321531544566 0.5849328475646742 0
0.11352426170069656 0.5621242931267868 0
0.09415807668617639 0.5654931486752288 0
0.10611808595490933 0.5768977924362203 0
0.12535036305661615 0.5772960571649767 0
0.13014722664902628 0.5613620007769818 0
0.12056135303447929 0.5339530749900542 0
0.045052067628684696 0.6319470605932764 0
0.060040300933448594 0.6257606177827182 0
0.02496198342023278 0.612676263969227 0
0.0 0.65625 1
0.02126747694099893 0.6366353404048319 0
0.03151585206766167 0.6259512611054048 0
0.014713608293570022 0.6233603432686555 0
0.0 0.59375 1
0.0 0.640625 1
0.03748729136169284 0.6562455790927427 0
0.05088428192520279 0.6470896017700841 0
0.03468864243280075 0.6420474676472328 0
0.018743526338960426 0.6552358244069052 0
0.010244638924717026 0.6718750000000006 0
0.0 0.671875 1
0.015906275016326576 0.6867580747731598 0
0.041687074721151726 0.6776021721482889 0
0.026853013688440917 0.669868054498908 0
0.03180996661504609 0.6906648217091219 0
0.02760106415535585 0.5832711614877166 0
0.0 0.578125 1
0.017079703928419187 0.5971478579118037 0
0.034141655741925674 0.5986791522972912 0
0.05173985790418358 0.5768458339378119 0
0.03428210299072581 0.5598154109068251 0
0.017658042180019446 0.5677596572909207 0
0.050040020387108516 0.5611252079519854 0
0.025160715233613618 0.5253113826319585 0
0.0 0.53125 1
0.014266438307657127 0.5468749999999998 0
0.0 0.546875 1
0.03155891154277945 0.5420776398009381 0
0.0 0.515625 1
0.04200063949917881 0.5495524979817853 0
0.06038414090899608 0.5897481326109587 0
0.11412644425667913 0.5010901624421984 0
0.11627037158336567 0.4828196271412554 0
0.14444393897753427 0.5266320894884502 0
0.15724347592608656 0.513285697321765 0
0.14072208556753885 0.4951503591382457 0
0.12795113712537548 0.5154446082897851 0
0.14229826037721838 0.5103076621407812 0
0.1351171176268622 0.5388215355020459 0
0.15582003526338178 0.5395031315568546 0
0.22982796119958027 0.5993799162632514 0
0.15941838184142793 0.5830667217157834 0
0.30461555510336485 0.638524142487989 0
0.2903614650616178 0.6292801094160696 0
0.30474290549449456 0.6109331104938055 0
0.2981985558452221 0.6567518160423219 0
0.31407761026414804 0.6583081857109747 0
0.3258428659573771 0.5944758025302341 0
0.31089256252779474 0.5970627898609364 0
0.3109264504832221 0.6247574614374893 0
0.3374347368044352 0.6079369962345172 0
0.34443506004928887 0.5589497242187845 0
0.3658274163515822 0.5751010339025975 0
0.37615346478767914 0.5858465794194831 0
0.3887470988845836 0.5559328166092126 0
0.36624169934811074 0.5523096099864306 0
0.3840095314666138 0.5136527355538788 0
0.38050009730312667 0.5354514421193866 0
0.40706128091485566 0.5366574034087279 0
0.39421550365837243 0.5264776733399668 0
0.4068962881662218 0.5059130369063422 0
0.35734478876157433 0.520541754798096 0
0.3638693463073414 0.5358442488645833 0
0.37218430136818015 0.522930809045633 0
0.3939923649105905 0.4845376248915514 0
0.3998718969627843 0.46937995939699173 0
0.37475155837717644 0.49420942564614645 0
0.3565621409530255 0.4857582952620135 0
0.3509844623075995 0.5032843310141933 0
0.35432373845506526 0.4674968154839102 0
0.39221079445384677 0.5001957551447328 0
0.4112696605551058 0.5212621927379378 0
0.34297243021778895 0.5379935484091986 0
0.32199122852263107 0.541362253562448 0
0.4063554212185783 0.5543248931914976 0
0.39823397606607785 0.5701816964962404 0
0.34603136024631553 0.5790781373392987 0
0.3195100895302282 0.5685335591712618 0
0.3304657435052231 0.5796032385615761 0
0.3288766310723771 0.5556899268786646 0
0.3018141735750262 0.5661941552656056 0
0.3397450551787224 0.5917697149982769 0
0.33061300387541803 0.4741532846040608 0
0.2967901303620976 0.4760715871322512 0
0.20693879083423145 0.3483908516413995 0
0.22101094352576078 0.3644353073272266 0
0.19722130645416666 0.3711071687870083 0
0.18668837987876488 0.3531648311039852 0
0.1559938921111919 0.33919713331684886 0
0.16907633817565734 0.351157951931597 0
0.18097661776590354 0.32500668549670225 0
0.15185545929953836 0.356858684698597 0
0.1935905738991697 0.3371063735675682 0
0.23555555996884484 0.3010036345044736 0
0.2071133306332499 0.31038397967419484 0
0.22918223592844886 0.32948916395133815 0
0.22482319428711664 0.34689830886894696 0
0.25737815995824703 0.32084194664771665 0
0.24081790454339505 0.31713677156408543 0
0.24889459869874675 0.34347239455355716 0
0.26986964624574644 0.3620598723879247 0
0.28897935263294383 0.3604013820097156 0
0.27772659044689985 0.3416667257471559 0
0.2636477207198044 0.3479526172499712 0
0.29305907938666637 0.33668838713716276 0
0.3003435776327919 0.3543858568132747 0
0.26811571277618146 0.3811339500362031 0
0.27193073536283047 0.32697612719700225 0
0.27343188686746156 0.281260640309544 0
0.25812497959005404 0.2980985906441202 0
0.2791731113379971 0.3018563407762189 0
0.2976185922447003 0.3062108394552611 0
0.3254599600201598 0.25502305015411814 0
0.3157577201972605 0.2829113836592025 0
0.34841174760088445 0.2979400230291797 0
0.339013836458734 0.2753702416157187 0
0.32452908278296394 0.2703310536731213 0
0.2977695035322137 0.2610215029463521 0
0.3314748036827764 0.29175095159234643 0
0.43025167933468195 0.2506208988341839 0
0.3771196986103126 0.23529886212483697 0
0.35352527266402556 0.2510158191564047 0
0.3683962609469734 0.2763770953617009 0
0.353474889916842 0.2825902578417165 0
0.3404501330448146 0.2597255630613726 0
0.3739360972027449 0.25608816559648634 0
0.4042203329449835 0.27525797593262824 0
0.3994101763363591 0.24935076266309603 0
0.3861365656139305 0.2703202531911721 0
0.38713405023264685 0.3022506798011356 0
0.39153510195075303 0.28613240029265513 0
0.41559402383784805 0.3013616097530886 0
0.453831956137322 0.31892239657970967 0
0.4411928516835109 0.3400960084101465 0
0.4618951532437807 0.3416827067647254 0
0.4858455843485125 0.3203894784875014 0
0.47751585458654194 0.3351365021614557 0
0.503215005949074 0.33992644723442694 0
0.5148111956953414 0.3121271456653591 0
0.5023182047462829 0.32323409012829385 0
0.5025763224674298 0.36723754494629535 0
0.4954550769311804 0.35340799428941777 0
0.43048615526289236 0.3193457718607991 0
0.40557268601292695 0.32481791035612134 0
0.41596886539174743 0.3427478148441611 0
0.4277875074380278 0.33387555492320187 0
0.40159658746526494 0.309250304114982 0
0.440802622504201 0.3548862782282656 0
0.5193318710013907 0.35396636488763167 0
0.5240375435390243 0.3322940865882176 0
0.5383079255614792 0.3467396026903433 0
0.5538527637749866 0.33361238278562005 0
0.5592815289392314 0.3089496345739604 0
0.5435492018895571 0.3620978767024285 0
0.5385428113434144 0.31591642536016845 0
0.5823376447613539 0.3081793887861576 0
0.5696349958939625 0.2734049488993566 0
0.5580102662358489 0.2892991174297386 0
0.5764821998382451 0.29061103053185844 0
0.6123316877987182 0.266379163697324 0
0.5917528651632357 0.27456855850132256 0
0.5419184142882816 0.26533165450087554 0
0.6041344042167609 0.2961610647494329 0
0.6061056508297363 0.28068456189297264 0
0.6245295383040974 0.29089500828288695 0
0.5833498835526821 0.22350244893632187 0
0.5819581828664234 0.24995586921460952 0
0.5971449353325713 0.25816751645596836 0
0.6234814959519956 0.2276093934485779 0
0.6136601992887398 0.24577305744162928 0
0.6475922626549085 0.2583065954015603 0
0.6333448535580054 0.2446796960132533 0
0.6299869633983729 0.2624520266339203 0
0.6424925772550352 0.2761054899658265 0
0.6792797360347453 0.2798304818043033 0
0.6614984641274864 0.2719209786536331 0
0.6923555714249159 0.2264931340827168 0
0.75 0.0 1
0.6577907987495789 0.21916991818428194 0
0.6418621178060159 0.22837363766981128 0
0.6339870547655835 0.19635886021708376 0
0.6332739213974522 0.21351022938278627 0
0.6053602657605534 0.2037591028473543 0
0.672837698261264 0.24642936413475028 0
0.6575266369421431 0.2370983128508499 0
0.6760587171480037 0.26312992296952575 0
0.7240504391759219 0.2625347076161812 0
0.7001081582026415 0.2671524296918044 0
0.6031305231125037 0.22834246895926194 0
0.7006611638936479 0.2915091937229865 0
0.7148102683861722 0.27900328696133553 0
0.7337197347191803 0.31465439603137607 0
0.7456553894415937 0.28548330891163587 0
0.7312501464594946 0.2774008324191122 0
0.7248172746973033 0.2965359139912271 0
0.7513235341411006 0.25850275070419365 0
0.7130457739001457 0.31356614353808226 0
0.7057049666527881 0.3871723434425831 0
0.7214109421610589 0.351569561037375 0
0.7224719247005523 0.33141365826077446 0
0.6976503822507621 0.34021295785889755 0
0.742380826016827 0.3425675147520113 0
0.7518536222247787 0.32432795121610636 0
0.8009057712042807 0.29658413027571273 0
0.7789524067517881 0.3150046916437014 0
0.7671937165167904 0.3248711371969394 0
0.7507360306670625 0.30458944869477117 0
0.7479907240768177 0.38456078293810336 0
0.7560103161979761 0.3621180939170392 0
0.7354811807361639 0.3674364753742337 0
0.7160689154895593 0.37047864918392237 0
0.727032031160088 0.388848855136885 0
0.7461154635099791 0.4287587737449159 0
0.7415462863878853 0.40642613200175176 0
0.689794762404781 0.3657308357086306 0
0.708581402983189 0.4248043663909554 0
0.7150024984015216 0.4053876214628505 0
0.7279747714427164 0.420836553872192 0
0.7245408167974775 0.45343063181198917 0
0.7314203669544141 0.4376774965843142 0
0.7528450796945497 0.45641263226110224 0
0.7805873721446009 0.4100722074851618 0
0.802757070919207 0.3684348979387984 0
0.7802082973215804 0.35917411413518857 0
0.7829402369579717 0.38460422570652064 0
0.7884664012345468 0.37114875263011365 0
0.7696332333336701 0.3731719870828186 0
0.7654514982190883 0.3958312007699489 0
0.7612230993826321 0.4154892904801507 0
0.7667439277111204 0.437009841227424 0
0.7848628044594224 0.42929532289839395 0
0.8088227995889803 0.4138793471367121 0
0.8048900187670414 0.3912772395010421 0
0.7908042600117141 0.3981734209608565 0
0.8246925633871053 0.39947479136493064 0
0.8027248529645818 0.3364313240915282 0
0.7835720417235877 0.33491503030216174 0
0.796150192348183 0.3524397459340234 0
0.683166697024102 0.2981261731601576 0
0.6646017432316076 0.2925095970602758 0
0.6581212464813769 0.32572357616145614 0
0.6733672490332002 0.3143963284580605 0
0.6770429964991894 0.33526759644910004 0
0.6563618694380186 0.3527405939719796 0
0.6563938869953263 0.30814733909906705 0
0.6391408518930393 0.341817971475834 0
0.6405023209626516 0.3241844261373742 0
0.7081648181627226 0.24454750252084806 0
0.6904288473074951 0.2441291045193144 0
0.7342824680003834 0.23748977257640413 0
0.7160108495026091 0.22172831070946267 0
0.7198117006478492 0.23579364050783347 0
0.8165332566642259 0.12366829407984506 0
0.7705001599614498 0.1770325814996808 0
0.7471387221946322 0.20411454141166321 0
0.7347306829048265 0.21849867418581156 0
0.7610049703468453 0.2286196203587409 0
0.7208644347526111 0.19399359523873672 0
0.700269640170559 0.2046815460530579 0
0.6757104280274504 0.13217177585566112 0
0.6935483835053877 0.16654403628370607 0
0.702896733159013 0.18455753055798454 0
0.7269058326961825 0.1606652052047265 0
0.7111501049720363 0.16884185597386797 0
0.7060081119524537 0.13966534646274956 0
0.6709951285947378 0.18968083112173834 0
0.6878628157251487 0.19282841017290125 0
0.6879632112091687 0.14762778205923688 0
0.6570042539353944 0.15958585045295137 0
0.6755604988322056 0.16157244013832966 0
0.6677541236122445 0.14683191696848796 0
0.5998001452926335 0.10046307295797048 0
0.625 0.0 1
0.631414581753628 0.12710983823056204 0
0.6535625048905406 0.12964080704311157 0
0.6486333499228405 0.07460354022294767 0
0.6454306373314997 0.1026297379188583 0
0.6669239986494565 0.11088862593080653 0
0.6624707178198285 0.09038090966167522 0
0.7122052817304823 0.09031835215136848 0
0.6872931009138151 0.0546540720857456 0
0.6875 0.0 1
0.6704422703767515 0.06943290720250664 0
0.6873447508157066 0.09571685310019369 0
0.6861324915124564 0.11541393540383009 0
0.6959003968332014 0.07517466858139424 0
0.6811875358246845 0.08109965581854475 0
0.736763236451917 0.04752791521164144 0
0.7127418123945647 0.05604514379824362 0
0.7129297848727326 0.07318889015924254 0
0.7495672171951031 0.08331854988777007 0
0.7300760881707936 0.08249415830847634 0
0.7350843541045952 0.11825421522704144 0
0.7391215863364863 0.09945805577388922 0
0.7220205089389069 0.10561656951496637 0
0.7168885389622582 0.12399264495570049 0
0.7040749233689081 0.11050947639019719 0
0.7252526706278628 0.14141235758071338 0
0.756366148593501 0.14843817133481896 0
0.7703355996556346 0.11599418106984191 0
0.7523904117184758 0.11213972924271108 0
0.7492673846297456 0.13084874224227402 0
0.7396928630563373 0.14986983711967278 0
0.7474908982509271 0.17207730328993698 0
0.7405211054979216 0.06636915817639143 0
0.875 0.0 1
0.8125 0.0 1
0.79187620172268 0.04984898250726292 0
0.7641864128621352 0.05185376051224927 0
0.7613155742222054 0.1637820810144474 0
0.7941079412092744 0.15086044705647417 0
0.775160237970288 0.1508460479645133 0
0.7846485896561931 0.13177267242479568 0
0.7669010578509741 0.13349077135806203 0
0.7572313906098187 0.13786179727094502 0
0.8024057599370998 0.13486050853767542 0
0.8355721856458669 0.16221279504738226 0
0.8219209771648277 0.1449814058648486 0
0.8120159674501993 0.16685158021384666 0
0.868933927147882 0.12175951445422495 0
0.8429382018646425 0.12833094820117547 0
0.8392551937552563 0.145271871624279 0
0.8375488287268528 0.23438020428247439 0
0.8304758990612964 0.19846315520485208 0
0.8267324343138717 0.1794534642548085 0
0.8012221310032275 0.19435049025324908 0
0.8165628086542188 0.19132954235151803 0
0.813243918963967 0.21493711319709122 0
0.8559862023719363 0.1835661292064061 0
0.8420731119648615 0.17643251635307616 0
0.8593050920621927 0.15995855836083195 0
1.0 0.125 1
1.0 0.1875 1
0.9280987051156975 0.18166704465421524 0
0.8918833663512865 0.17657568158087938 0
0.8727297720846919 0.17388295783735858 0
0.8784013508522464 0.20300750092058067 0
0.8805860456856386 0.18746756351112537 0
0.9020310451170499 0.19840596358852552 0
0.8862117875837277 0.1474511384976733 0
0.8749144669180872 0.1583430204279146 0
0.8652460099432774 0.14114299340936762 0
0.9096434615106535 0.18159369087037167 0
0.9189965535408942 0.1500630307228871 0
0.9052676128540181 0.16314310523702638 0
0.921514254107725 0.16645066233440337 0
0.9662497513728612 0.15612547177544497 0
0.9423972405126616 0.1548551033053125 0
0.9531352854397077 0.17780019572422925 0
0.9775750490662128 0.17778280265427862 0
1.0 0.15625 1
0.9831067499539464 0.16110026057904933 0
0.9807614566453804 0.13800001231452924 0
0.9437555284199286 0.0625 0
1.0 0.0625 1
0.9396728759168317 0.10862749546366883 0
1.0 0.09375 1
0.9754302537882243 0.109375 0
0.9843184923601029 0.12252858470239052 0
0.9348650890447445 0.13210491857979295 0
0.9578777259936901 0.13455066419758901 0
0.9475257155864348 0.12246661584990236 0
0.9039988644250442 0.1135530386416224 0
0.9148670825211194 0.1304239528471279 0
0.9222046231558001 0.11376101781948857 0
0.9229176172816101 0.0839000995418307 0
0.913273651928374 0.09860880025136308 0
0.8689968419613537 0.05906213974685762 0
0.8817205095852915 0.08937629776158326 0
0.8962155566922393 0.09837230533700318 0
0.8804542633015668 0.10759233077651158 0
0.8523235589422323 0.09648486193772561 0
0.8957180764867684 0.13082361219371502 0
0.9028301201121911 0.14592094036230518 0
1.0 0.140625 1
0.9653860299712547 0.22115805506911007 0
0.9804080627260285 0.20197918085242864 0
1.0 0.21875 1
0.9826405812962221 0.2192003329131819 0
0.9765914285613434 0.24290170047232082 0
1.0 0.234375 1
0.9154381288372955 0.2606573966702783 0
0.9442772926999164 0.2457953843400987 0
0.9598454814461111 0.23777245364048802 0
0.8963488926487309 0.23219918564010775 0
0.8928509620776303 0.21423670397581288 0
0.9682672964935847 0.3125 0
1.0 0.3125 1
0.9785959701686214 0.2784383920549024 0
1.0 0.28125 1
1.0 0.265625 1
0.987060838895581 0.2968749999999988 0
1.0 0.296875 1
0.9823362555534557 0.2604025297678083 0
0.9587694401009407 0.2649209949733064 0
0.9560557252597776 0.29020021152837827 0
0.9709074604443892 0.29656074256958914 0
0.9358778124576297 0.27524885338204425 0
0.883157081816518 0.3274882858019192 0
0.9259235507994834 0.32119434919339135 0
0.9457578611326805 0.31033289668161007 0
0.9378987233411373 0.29361292917101295 0
0.9534909578060534 0.34799509216995167 0
0.9554184648672053 0.3279743136347048 0
0.9379558110654411 0.3363962658334107 0
0.9216973465855234 0.3743754886452566 0
0.9344102976697706 0.35734811407564154 0
0.9051069231965735 0.3487292244941094 0
0.9181597335901657 0.35847469284962624 0
0.9199309922250574 0.3383001397922436 0
0.9043796449870442 0.32324957706688434 0
0.8959397408680811 0.33624068467959745 0
0.8690446533557364 0.361809709547933 0
0.8862412491980218 0.352968682814275 0
0.890321088301592 0.38204931824781835 0
0.9015588556051726 0.36709542849009885 0
0.9129527313958526 0.2991723668662 0
0.960724520166696 0.39025434551695487 0
0.9524098486303438 0.3699288618455723 0
0.9392299203796494 0.3871838656902061 0
0.9459310850844781 0.4170436872561344 0
0.9482454135341496 0.40084245272332797 0
0.9762501766279228 0.37203976009977047 0
0.9848863747836148 0.3409145213443709 0
1.0 0.34375 1
0.9725039610702453 0.32908940255297564 0
1.0 0.359375 1
0.9836605307054037 0.35733513661198524 0
0.9274477484813467 0.30546574590368886 0
0.916989988969829 0.2800952165676292 0
0.8674692266621681 0.27426795507654506 0
0.8913524966685102 0.28463538083690343 0
0.8900177603583056 0.30659023844238864 0
0.8553154204021197 0.3067728893664018 0
0.8726971052783373 0.31247917141269993 0
0.8693069675101237 0.2934797590614708 0
0.8554673379831683 0.33563611889252176 0
0.8708859437759972 0.3442462060515156 0
0.8832216168507038 0.34040732796461354 0
0.8887505804963846 0.2579359096787134 0
0.8826421938772971 0.27200770052620543 0
0.9503545405468183 0.2768029249562782 0
0.9434421341481586 0.26148162337224873 0
1.0 0.203125 1
0.9653649064400783 0.19147645714616404 0
0.9391679552669662 0.17035156071950744 0
0.8316067040132274 0.2168954119564547 0
0.8573615044262046 0.21789486153777646 0
0.876212545015959 0.22679861857213957 0
0.8608839259452381 0.20056182845583448 0
0.7858995331785124 0.21710173208327133 0
0.7990495167532076 0.2094226525832746 0
0.8089355227663421 0.15227836734484354 0
0.730462344493489 0.1785216434586322 0
0.7438047480501533 0.1880573372565214 0
0.71875 0.0 1
0.7163495292980744 0.0280872818915809 0
0.7216301537332188 0.04298040323432909 0
0.700840223644985 0.040297645073047055 0
0.6968420426739362 0.01926430049912859 0
0.6562499999999996 0.027051714185276653 0
0.65625 0.0 1
0.6755019316105529 0.017715669688377855 0
0.671875 0.0 1
0.673752203353051 0.038625344027134675 0
0.687763854084637 0.0318866277499141 0
0.6530419263962216 0.05092377293642477 0
0.7111978136056316 0.01350077345015279 0
0.6686743414564543 0.05366137324432712 0
0.6223418022415927 0.03464651236930895 0
0.6292319253401275 0.0587412168287488 0
0.6373766572798507 0.043379646574061514 0
0.5845729037195425 0.058479411035071704 0
0.6069406790718344 0.05208312068517079 0
0.5625 0.0 1
0.5899634386817341 0.02156780985652017 0
0.59375 0.0 1
0.578125 0.0 1
0.6093750000000009 0.013859509004320534 0
0.609375 0.0 1
0.6038423639280142 0.033826560716192486 0
0.5861585487147747 0.03986156223835119 0
0.5644380671138435 0.025801389175628072 0
0.53125 0.015320822006204608 0
0.53125 0.0 1
0.5499422745845571 0.01391675486824284 0
0.546875 0.0 1
0.5758106439053501 0.015303264036729245 0
0.6016886361521363 0.07602487874801282 0
0.6231647614258917 0.08997653697336236 0
0.6391759396999973 0.08771888322461255 0
0.6189547747011882 0.07295188256537598 0
0.6086248734560308 0.0888529496373501 0
0.61835334375905 0.1105285510492477 0
0.6334859635350857 0.11204331661715508 0
0.5846581026373928 0.1505054881589135 0
0.6056253931871589 0.1339893534959461 0
0.6027127692398947 0.11722621322695853 0
0.6404379494240143 0.14631959591838156 0
0.621919682119959 0.14329400633461872 0
0.6270577295211263 0.17003010873771898 0
0.6411804271061593 0.16236917987139282 0
0.6058707193975726 0.16023999478795195 0
0.583166159803618 0.18173623129863917 0
0.5901943589315473 0.16642097185136392 0
0.6053924679421625 0.18199693286934626 0
0.6178220873126327 0.19289643419049768 0
0.5990252203432465 0.1471775026210058 0
0.5844730060671619 0.20261399557110746 0
0.547221967565123 0.19446594574225337 0
0.5629187493892812 0.21192949489155363 0
0.5668051231907504 0.19265014834904803 0
0.5541268883820903 0.16242579991334888 0
0.5718452199448946 0.16727077624939923 0
0.5557129910378851 0.17953172553196567 0
0.5277258595542534 0.17350026338380703 0
0.5314827874891589 0.22439896368363216 0
0.54489276074709 0.21234566210684552 0
0.5288016398371344 0.20115788511452562 0
0.5629516700724619 0.23569262799515975 0
0.5632518777620988 0.2550877909728743 0
0.5562321276351797 0.26780478184262174 0
0.5098900921859425 0.09397391495436662 0
0.5259021861785387 0.13214603554695897 0
0.5625371700792596 0.1155721846671413 0
0.5828039935696967 0.11205078983980227 0
0.5676184013798662 0.08473447250981321 0
0.5704512953096479 0.10103873944299037 0
0.5456429532002482 0.09695098728422735 0
0.5757721180879087 0.13166188207773755 0
0.5518658705409509 0.13783830883404966 0
0.5664371048494589 0.14889607141789635 0
0.5422697787366872 0.11954903555891465 0
0.5226950241223386 0.11104698263910207 0
0.5279048572887117 0.09380113522819397 0
0.5421912709904296 0.06486867504248083 0
0.5392536584023476 0.08141156433106146 0
0.5165062386945326 0.06883991014671217 0
0.4823411711818395 0.12797424987539122 0
0.5046461431092492 0.1245837820689646 0
0.49047216559647927 0.10640143918084698 0
0.25 0.0 1
0.3625752243615714 0.070514613394647 0
0.375 0.0 1
0.42496072423037345 0.09402829263515611 0
0.4566304352842307 0.10596490336883756 0
0.4734722331486611 0.11231273473430707 0
0.47381303472572744 0.08589264560583733 0
0.4562896337071679 0.1323849924973039 0
0.49230960208546287 0.08788846711432256 0
0.48644359547446364 0.0555448095747956 0
0.4846052445956305 0.07258199487248174 0
0.4566518575812324 0.06094798734531747 0
0.5051316602914366 0.0792835271097725 0
0.49824076026204506 0.15750892517507883 0
0.5101592479681275 0.14274195785455665 0
0.4931466802293973 0.14120425262183164 0
0.4697745977198593 0.15745451813264105 0
0.5161105643208193 0.15973850981133336 0
0.5047693888955493 0.17790965685473867 0
0.4839774103757825 0.1733184824983848 0
0.43894747471705226 0.19934344726648154 0
0.4587411459328553 0.18162241628269585 0
0.5357808585463018 0.1517151601817825 0
0.5255913616439712 0.042552340401108855 0
0.5451652514556994 0.03452597149912674 0
0.5397978092657467 0.04931698839718348 0
0.5621994519313359 0.05382931786864033 0
0.5583137946091172 0.07043829410006267 0
0.5704108063669256 0.04038180150745143 0
0.586380160713406 0.08713396269724495 0
0.5073414768486737 0.024556377706070838 0
0.5048012950041983 0.04538407759375543 0
0.5017586202846364 0.061550855267387884 0
0.5222785147811495 0.027660255152212963 0
0.5150253240601491 0.008883574689278818 0
0.515625 0.0 1
0.4388383885121709 0.15793362503826375 0
0.43824170414357266 0.17864025168577755 0
0.36999180728122416 0.16631164497259815 0
0.4009012216106595 0.19027681390197115 0
0.4211693170712647 0.18958587586292408 0
0.41010531462084043 0.16265189292543772 0
0.4106344611500377 0.1781739683653963 0
0.39065101939263214 0.17108514557331314 0
0.387570804908732 0.1373237855917263 0
0.38355320877113575 0.15471152212456132 0
0.35915570228117855 0.13991623479171655 0
0.425723933897615 0.1679176278952066 0
0.4120642064334733 0.22011436280217425 0
0.4232693292851564 0.20683424529109892 0
0.4343166248516972 0.22752265059982157 0
0.418896649762564 0.23671577494460694 0
0.4836115834170314 0.24810463338848246 0
0.4566485404321384 0.24335954191685025 0
0.44172910808499094 0.24073394542050108 0
0.4528196177028516 0.2810507409196801 0
0.43792767980943975 0.29802573527516046 0
0.4571664481407068 0.29988390492632505 0
0.4878117155856553 0.2828925336479064 0
0.4700514361686407 0.2869917345643033 0
0.47517825667023095 0.30500068890065046 0
0.4747493460461403 0.26682212196233845 0
0.4689204397288134 0.25260552633242417 0
0.42897460353458633 0.27515157275682917 0
0.41664118670072764 0.2853756983215014 0
0.44446987777020663 0.2636596828888232 0
0.5139235510411899 0.2858620018570704 0
0.5032554181625294 0.26338042902875236 0
0.5015999189558299 0.2779379591443157 0
0.5223995860634969 0.26806793740557866 0
0.529360430656572 0.24673665631266292 0
0.5476077297588661 0.24563003377450054 0
0.5338833667470628 0.2790002839040298 0
0.5060623790813275 0.23325338213544441 0
0.4995762077379015 0.24784334723021917 0
0.5208024840441565 0.23465387425432488 0
0.47657988223048864 0.21307955553347915 0
0.4592587657794275 0.20211545515012366 0
0.44713384801634287 0.21515886958014505 0
0.47737534256180514 0.19265886077820288 0
0.4918700883880093 0.20344932426004708 0
0.492513352476328 0.2214241282879928 0
0.4626691836333905 0.2256227940748904 0
0.4787348837484503 0.23165229581207147 0
0.4991468397371964 0.2995089598772608 0
0.5235509211118724 0.29868421082848967 0
0.3957704820065095 0.2304187949279972 0
0.39414358351965273 0.20981197044786393 0
0.4082390718176115 0.2037515225569531 0
0.37470310213492425 0.19215069685513822 0
0.3726818644843867 0.21390565589564325 0
0.3171221141062051 0.1977722639222371 0
0.34645307198446634 0.2004973821943289 0
0.3622446226862389 0.20196456385067463 0
0.35613841254302087 0.18196954783442995 0
0.33339128451217237 0.18187399172291188 0
0.3448568316006208 0.16002520339986415 0
0.27280442485759326 0.13614716979804303 0
0.29963290740960985 0.16360154653155998 0
0.32226785224033383 0.16210399849845153 0
0.3086419906954178 0.12796223181773095 0
0.3099176254716144 0.14724303092735522 0
0.33340970727543384 0.13600617583248364 0
0.29224766292711546 0.138729493208051 0
0.3326460131057579 0.15110742301614224 0
0.35132719905786003 0.1047454594929154 0
0.32755371886300205 0.11188455734540487 0
0.32305076881427147 0.12574937171711195 0
0.34320652908212446 0.12085617192475434 0
0.3306317439996528 0.07898163675383113 0
0.29452873128520296 0.09219968009573808 0
0.2854958399186601 0.11507767329362095 0
0.30395771596661847 0.10914473469785968 0
0.31491014441061094 0.0919544334177529 0
0.30437160405651525 0.0631700629512555 0
0.3045671354181401 0.0794198466098274 0
0.28142227321519 0.07157227725197628 0
0.2333393645006299 0.09801786230212246 0
0.2574560457643666 0.11254477858364337 0
0.27300155135708 0.09692234833625095 0
0.2530359612622914 0.09260076354263262 0
0.2660939658093721 0.08055418173333925 0
0.125 0.0 1
0.23281003888191973 0.057576222879479645 0
0.24686550785234967 0.0728117793744884 0
0.2631223855341528 0.04371292533502083 0
0.26555119823834133 0.06205749024177669 0
0.24986713874890612 0.05480098379855807 0
0.1875 0.0 1
0.23818793702324462 0.027372015413988076 0
0.22607731345965024 0.07788862881005273 0
0.1810505430335686 0.05169209665629682 0
0.17956231289889393 0.10604449582887017 0
0.20564534127034736 0.09663448608302234 0
0.2197816591396124 0.09153450739090996 0
0.20631284405648065 0.060065508299571795 0
0.2860271778830535 0.048607495827894226 0
0.3125 0.0 1
0.28125 0.0 1
0.27915108696106994 0.02474478267301189 0
0.265625 0.0 1
0.25850915372711564 0.023558133439995684 0
0.3083507963794278 0.02925286166576692 0
0.296875 0.0 1
0.2927069971092368 0.033760655287092205 0
0.2818397519975611 0.08578457676802073 0
0.27086095018056994 0.120619352447535 0
0.3357593442909165 0.09605674995304417 0
0.3516442986980052 0.08588622059801057 0
0.381897388503337 0.09582718199490217 0
0.3683120213219174 0.08616647203739965 0
0.3906831718587371 0.06908961786511297 0
0.3468874760253355 0.13397905627854756 0
0.3120073857047777 0.17882906793004597 0
0.26998314542876556 0.20033785324618547 0
0.29328009324726884 0.1940475968014448 0
0.2754909911772008 0.17444994893954646 0
0.2802104433396159 0.15487331762690426 0
0.24693070567738346 0.1572075665856655 0
0.263940049881575 0.16130810794049505 0
0.24958804958808267 0.18351298049318118 0
0.2793667465965158 0.18880441485906402 0
0.28992536078500436 0.22790989266364445 0
0.3026756363224088 0.21207573616078748 0
0.28472599936615495 0.21067257977754392 0
0.2624255782824797 0.22680195610158332 0
0.3135060653137627 0.23384740255704958 0
0.33686584724699636 0.23462241787754598 0
0.35276163008637756 0.22078521556980932 0
0.3257625041710512 0.21685714665061442 0
0.29857665787314625 0.24334534390883125 0
0.2731933629775979 0.2510427634259317 0
0.35940868852571595 0.15523435399556182 0
0.27585342795987194 0.23534922791771673 0
0.22837713961463768 0.25643823061406473 0
0.24391143561892242 0.2767968650147351 0
0.2509733056484968 0.25530252780745916 0
0.2600098748689166 0.2701786946979157 0
0.2600151771012751 0.24238459076313423 0
0.2358722281915447 0.2306722927494382 0
0.239159100536502 0.2456015126675021 0
0.21715550055719837 0.2811066060262882 0
0.23168862930689546 0.28612326125120446 0
0.21880836809466886 0.2980344655700966 0
0.11513044515610146 0.2198088802715546 0
0.13811267499361074 0.2786300358050924 0
0.1764306392310638 0.2862113636805513 0
0.19324368006422216 0.2553425752595738 0
0.2105815343256959 0.26322956170685846 0
0.1943327181698832 0.27594883468844533 0
0.20113758289162662 0.2930125436965854 0
0.18816650303975554 0.30718811766447685 0
0.1631075286247383 0.30743655254648855 0
0.16407022384327105 0.3243291095622403 0
0.133911045619704 0.31757415023133556 0
0.1561173739005981 0.28825474142442226 0
0.1391003175961976 0.29843530262020335 0
0.07617252807215028 0.29164610602927776 0
0.10709800659309904 0.3000311834544762 0
0.12260534079335474 0.2893306096297842 0
0.09840977479196178 0.27085320044602174 0
0.1075012310562026 0.28402859206205494 0
0.12249591850689566 0.3057589808557577 0
0.10218235185218473 0.33680666295025774 0
0.11586351728448156 0.32358871934770256 0
0.12442396156058128 0.3461384459625725 0
0.16344666560063645 0.25912639073826643 0
0.15321177056332647 0.27203735634920234 0
0.1338373553388603 0.24616646713666274 0
0.1782702701696583 0.2686748726577054 0
0.10206478223538984 0.36825838288928564 0
0.11922800591196969 0.36324676557531316 0
0.11459299954673628 0.3792684650622784 0
0.09274788316992955 0.3914928330385889 0
0.050330196670464476 0.36099831132100346 0
0.07530168647741212 0.37101175465839525 0
0.08940675961054885 0.3766678189012717 0
0.12921700877961667 0.3794245850094337 0
0.08691788665855503 0.35247568259372714 0
0.06785546409943272 0.35343748942480674 0
0.07605818272165547 0.32662667486437574 0
0.048594825966534104 0.3328845226754681 0
0.0 0.3125 1
0.08696378095844462 0.3372507042222398 0
0.06412192014290113 0.3376350081283596 0
0.057614395736817155 0.30907591405129436 0
0.028867238732940816 0.3117982173349263 0
0.043909353546476404 0.317496719342958 0
0.039527349309641406 0.2712233432113004 0
0.05459806254331666 0.28726966398690007 0
0.07065867003948323 0.26346182696159726 0
0.05597415914282287 0.27087686187268917 0
0.0 0.125 1
0.04698776774189629 0.23483258599852017 0
0.04738892865191755 0.25387493103815506 0
0.024275103750648848 0.24483646681789178 0
0.0 0.1875 1
0.03404664034416327 0.2914711995007351 0
0.0 0.28125 1
0.019900595554740844 0.27677644476763097 0
0.02613803114185369 0.26136116976742724 0
0.0 0.265625 1
0.02315331388878415 0.21150438192645882 0
0.0 0.21875 1
0.0 0.234375 1
0.0 0.203125 1
0.030394905813290025 0.22794558580651117 0
0.07513228586954623 0.3091331769647877 0
0.09461493401778537 0.31687325016557377 0
0.09033056689768282 0.30065058424237695 0
0.08222416224844001 0.27583069492268336 0
0.09286507417563628 0.28608903289878046 0
0.0 0.296875 1
0.01764919813088989 0.2981164432853088 0
0.01520185902885095 0.34375000000000006 0
0.0 0.34375 1
0.02950777696914229 0.33097031529266624 0
0.014669923924973478 0.3218692976140958 0
0.03383046354941722 0.35020629957516924 0
0.01839911921790497 0.3646278818444511 0
0.0 0.359375 1
0.0 0.4375 1
0.02973962489150517 0.40625000000000006 0
0.0 0.40625 1
0.018814891099376056 0.3868705949015606 0
0.0 0.390625 1
0.014869812445753054 0.4018635478742193 0
0.016570948008789006 0.4234939162730971 0
0.060495766788868914 0.4433877959797887 0
0.04083011679304001 0.42836971155034276 0
0.0 0.46875 1
0.03201868657717994 0.4602927460547945 0
0.01958796333772504 0.44386921598995166 0
0.0 0.453125 1
0.03614443310960091 0.44425395157613845 0
0.06856683886803933 0.4124342342503828 0
0.04897764865748653 0.4104445021685684 0
0.06095619340340571 0.3899380790098698 0
0.03993434036905926 0.38773394514407344 0
0.051694874104257486 0.37691792502444205 0
0.07653476064904285 0.3972031653588909 0
0.08620206349954408 0.4119601685009613 0
0.07790057604939686 0.4313970232441547 0
0.08220906485098185 0.4562779413023029 0
0.0995030949333756 0.4519180962058903 0
0.05820878498142677 0.4719731600709835 0
0.08173210113184103 0.48174616867467296 0
0.09876057799476178 0.4900260234046706 0
0.07517551158262502 0.5168809931656123 0
0.0954161160940378 0.5108729291433532 0
0.08112065663961396 0.499811247919882 0
0.053017532133564214 0.4995935132414672 0
0.09249497062999697 0.5381302455562308 0
0.1108160982699847 0.5193326606005165 0
0.06549163953762631 0.4876399998279134 0
0.08923775729985282 0.46914815313285924 0
0.07329829089113404 0.4688496420873802 0
0.05804021318686947 0.4262184779903573 0
0.10797664077473983 0.5457739810536897 0
0.0723548353375468 0.5368628623313676 0
0.07066502601530505 0.5560180793148917 0
0.0858351169583585 0.5522670217498679 0
0.05275613187124533 0.5227726354209312 0
0.03775972156047933 0.5110124798364181 0
0.031010801892484334 0.48609161451193134 0
0.019752284684672848 0.5025148624806625 0
0.04730347339587975 0.48422152908288224 0
0.01816181811888557 0.47267052136834137 0
0.0 0.484375 1
0.015059918169578086 0.4878003782019413 0
0.0143049188408608 0.4580435788123546 0
0.049244092902388306 0.45687176939693885 0
0.09493457324159114 0.4350963611366869 0
0.17121391138969969 0.20107680259690452 0
0.17503050156073152 0.23113191315084372 0
0.20542357811184797 0.227223861706432 0
0.20832951226004132 0.2451798739852651 0
0.2169731238484027 0.2532667624313766 0
0.18829819902938516 0.21417721327349265 0
0.21678984720873992 0.19454125427244898 0
0.19294360212217915 0.1904290856502152 0
0.2057577316020557 0.2090223037785448 0
0.22184009152996906 0.21842139819436945 0
0.22024741035430012 0.2344072804807001 0
0.24381839675211073 0.2074091456999736 0
0.23434938508529485 0.19247826831238102 0
0.222621416214298 0.16841553894272063 0
0.20724444254222485 0.17869691163712875 0
0.1939439169787843 0.14216474667490284 0
0.18496465828564668 0.16612118038857063 0
0.20506795866159735 0.15880202859900786 0
0.2250620372914776 0.1333960342419984 0
0.21093010748635627 0.1428449440415607 0
0.20588966365004543 0.12001396446125354 0
0.22400142188154462 0.11449048819809414 0
0.24128043711383856 0.12300364607966935 0
0.24111657810347625 0.1405993688775853 0
0.25776416793141116 0.14409324252001252 0
0.22675785563560902 0.1511090209235064 0
0.19516369732458635 0.1084350381338569 0
0.1492022347819116 0.13905584331206397 0
0.17111050172536618 0.14726741598414156 0
0.17864273492552626 0.12733384229982753 0
0.156969961728245 0.11573316899613029 0
0.07741196539906622 0.10219087843270537 0
0.11614753425570613 0.11509194277521573 0
0.1364575318868132 0.12185628350827381 0
0.13701592852912625 0.08630704099722648 0
0.13112536287600357 0.10399352060877623 0
0.10605871404306151 0.08582077452842661 0
0.11572351169259198 0.09886386125495741 0
0.09717048901744231 0.10746821245537587 0
0.07069191769848482 0.1669779422649694 0
0.0943707514664464 0.14186810465255978 0
0.10110610910513644 0.12510240318582813 0
0.07781518022194521 0.12548140064938987 0
0.12054179908936019 0.1426461497256563 0
0.10642474167301937 0.17695475079928094 0
0.10701386456062707 0.15713846549595176 0
0.08824385930704493 0.15980999271904514 0
0.07232290348404789 0.14589825842777893 0
0.03890313432067922 0.12596094888512058 0
0.04461932386853885 0.15435770447400413 0
0.06012911978445456 0.155557734648613 0
0.055136288554975425 0.13672871941120066 0
0.05821682568173943 0.11417194377442598 0
0.03427704934170168 0.054450459166367024 0
0.0 0.0625 1
0.0625 0.0 1
0.030570779806504866 0.09059509933055421 0
0.0 0.09375 1
0.040531102670820995 0.10691289713042125 0
0.056585331193559796 0.08591468512131263 0
0.017504579363533185 0.10976943015378575 0
0.019350663044398694 0.1295654850365056 0
0.0 0.15625 1
0.0 0.140625 1
0.03178245346737322 0.14216802703134382 0
0.015512457268263176 0.09437281748486778 0
0.0 0.109375 1
0.0625492939293946 0.099746070992591 0
0.16019480423822008 0.0920678454614941 0
0.1549224925377459 0.06377018026337454 0
0.151107245011442 0.07912101342567783 0
0.14744557481282475 0.1023829090281874 0
0.16291664491438196 0.13066861619603576 0
0.14851682732703814 0.1742156286690615 0
0.12857634393263093 0.16370606285101977 0
0.14508131247017955 0.15656208311818243 0
0.16575309489387396 0.1657212052988164 0
0.16408840684077075 0.18407784453366557 0
0.14081673555437976 0.20359759418629006 0
0.13005275971394195 0.18507673461437185 0
0.12195702110723315 0.2021701660035527 0
0.09450763129683298 0.2016870154688235 0
0.12030179347052973 0.17501405481073143 0
0.17983322426551193 0.18126902309085177 0
0.24814900277080099 0.22187707333664455 0
0.2551803881793033 0.19750784753722347 0
0.10838706235182559 0.19313751510217744 0
0.08569946671319459 0.1822056176391518 0
0.05479894262099798 0.19765031367774807 0
0.04256306709846881 0.21277067649741843 0
0.07473179588656544 0.19889637899766535 0
0.06566835272631187 0.18382864847838987 0
0.04338636590856337 0.17749071459275 0
0.03398141020539949 0.19492082631693528 0
0.0202551321473924 0.1762619654043214 0
0.027367813935577728 0.15967110662203488 0
0.015600014346977465 0.14739475200514568 0
0.016141471180903758 0.19509922082278816 0
0.08019432679440058 0.23165218500535095 0
0.08262699113205653 0.21441311784374814 0
0.06235566239250103 0.22034373501293467 0
0.09751835606147558 0.22530566422305798 0
0.0960505514501376 0.2481168820484261 0
0.06462008136551935 0.24398652801565462 0
0.07982351638462053 0.24994631435393155 0
0.11548330950978922 0.25759101213182406 0
0.11645049450987806 0.23868926544557176 0
0.1225564003493417 0.2726727382081639 0
0.050095769008969275 0.2227345901971034 0
0.06009731267886041 0.2560626995559528 0
0.13617149798206388 0.22469257285925512 0
0.1540129244368739 0.23749568203964505 0
0.15953078225005943 0.21783028385291733 0
0.156067357890582 0.20296465977181458 0
0.1220095315774628 0.05600155263372369 0
0.12171083380011581 0.07501756906328 0
0.13708218377260614 0.06574866339173702 0
0.14322560298101858 0.039721142675286335 0
0.11711550437220637 0.027659591410178597 0
0.07916891998028663 0.04880564922088826 0
0.10185146797578473 0.04488887697993679 0
0.10351824564212982 0.06539972755604356 0
0.08278731488029116 0.07834729309722914 0
0.09112954922353488 0.09233943417624556 0
0.08747392261803515 0.06278083539616237 0
0.088055255950362 0.01729020350381675 0
0.09375 0.0 1
0.109375 0.0 1
0.08835845341251981 0.03438624784379958 0
0.06334678583925736 0.026279117708955198 0
0.05627507742753245 0.04806595134572666 0
0.04985764558470616 0.06704419483370444 0
0.06874727429699454 0.06563151566344318 0
0.032539698488967796 0.07253465172510941 0
0.017968443088466523 0.06200923917927633 0
0.00940427726851917 0.07763430569556348 0
0.0 0.078125 1
0.012969099634346667 0.029849919804180877 0
0.0 0.03125 1
0.008567647158891533 0.04700239728695314 0
0.0 0.046875 1
0.03125 0.0 1
0.04687500000000001 0.013656682451155602 0
0.046875 0.0 1
0.028542443243063213 0.018864638284914362 0
0.029634101430167335 0.03694369145338038 0
0.04640218983339737 0.0313324180390953 0
0.015625 0.0 1
0.07244433217756431 0.012832767864409386 0
0.078125 0.0 1
0.1048298207245223 0.016184844377225442 0
0.1270037654802887 0.040545633853928884 0
0.15625 0.0 1
0.13721724167871147 0.018436133606558103 0
0.140625 0.0 1
0.16225590068651125 0.04533431642997557 0
0.17952161321637258 0.025252949641409617 0
0.15801301379517624 0.024056403509897906 0
0.171875 0.0 1
0.1998256868202688 0.037342581614288634 0
0.1980550298639936 0.017221559365283225 0
0.21875 0.0 1
0.21726853325050477 0.025669184723062705 0
0.22655919251765455 0.040882377025764444 0
0.21227022911456706 0.046077266332907686 0
0.234375 0.0 1
0.22868685013989978 0.014743942284663244 0
0.17575174142733002 0.0745293460249901 0
0.17606829983932712 0.09047901771383346 0
0.19036454621533816 0.06588652429430882 0
0.2039364809957612 0.07831271288471295 0
0.23870161049592126 0.17132578863795692 0
0.19133826725128664 0.2378199486630151 0
0.17722775723703207 0.24843499241980013 0
0.13851435598956763 0.33496067620716236 0
0.3603669487300803 0.23571804763093993 0
0.29150045375183403 0.17779045254096776 0
0.37493276564123823 0.036340091517861606 0
0.3759306055931442 0.05602242202168262 0
0.3430828095305378 0.01925853318656278 0
0.34375 0.0 1
0.328125 0.0 1
0.3593750000000001 0.010182134381470363 0
0.359375 0.0 1
0.3587661857880206 0.02824979857302963 0
0.3364329547743139 0.049031622372008934 0
0.3563802584766468 0.05140563026722145 0
0.3240828652870178 0.018577482557606884 0
0.3245094015698675 0.03613574928540448 0
0.3104671670313492 0.046693177515034476 0
0.3443096392232909 0.06609415209706564 0
0.32298791178085207 0.061964209673781134 0
0.40313945120823924 0.087994923962058 0
0.40080253428735196 0.11437860671227316 0
0.4110152626815296 0.10198785545204146 0
0.42766033877184256 0.12611124425682063 0
0.39573484605814446 0.10063440284637315 0
0.44421700196448033 0.11901702095658005 0
0.4398696211106791 0.1024533123441699 0
0.44297073916592833 0.0795616945672472 0
0.4594915727415067 0.07736986529513087 0
0.4217700669734762 0.04964447018372709 0
0.4375 0.0 1
0.3977672210738498 0.045048906633615896 0
0.40717649475963114 0.060885606683858624 0
0.42544593928635105 0.06951006455061842 0
0.43873044984757087 0.05677905342170934 0
0.4548645450912049 0.028026554854070473 0
0.4370888810030351 0.0369549387155669 0
0.4521020426989583 0.04468576483169208 0
0.4726201173283517 0.03952951083524052 0
0.46875 0.0 1
0.4729654811638435 0.019541491773688077 0
0.48902040932563823 0.029815890753797362 0
0.4886312089766039 0.012743027120926398 0
0.484375 0.0 1
0.47094903307004365 0.0549453561233388 0
0.43894734179804423 0.018495857674656075 0
0.4062500000000001 0.011749939349254097 0
0.40625 0.0 1
0.4203652784644046 0.02594811048182048 0
0.4545856210954611 0.010435387953994986 0
0.453125 0.0 1
0.42309476409646746 0.009119039867806827 0
0.421875 0.0 1
0.40335591895076894 0.028742644428976286 0
0.38639989534112834 0.017112008153308416 0
0.4246926381915935 0.037581391930410525 0
0.40350961656237466 0.07419479670441073 0
0.4082417280335747 0.133956285704655 0
0.42409368322737206 0.1452384935522556 0
0.4409117279910996 0.14061540123681987 0
0.37937273719795084 0.11730848896366314 0
0.3613708196716462 0.11990997176124531 0
0.367894384611812 0.1046810886354934 0
0.3727332333297772 0.13171453621269336 0
0.41476108438433146 0.2516817725368558 0
0.416560613975923 0.2666307781909379 0
0.45442037236716853 0.1650473205091133 0
0.4710782567549201 0.14059171481023058 0
0.640625 0.0 1
0.632812499999998 0.01802463060843308 0
0.6418556077469998 0.02948508551345786 0
0.7406540320836252 0.02300431113990111 0
0.734375 0.0 1
0.7271950591957197 0.014318853719620533 0
0.7524074024735042 0.037439493048434615 0
0.7877666811902881 0.2537996343235914 0
0.8117380666256421 0.24173227748859255 0
0.8004932447274946 0.2276604379736667 0
0.8109849465164258 0.27007907145490545 0
0.8298678262139727 0.25639735199574837 0
0.8360969249262455 0.2848659680411414 0
0.8525309299476782 0.2898322082710469 0
0.82676849184483 0.27199129390614973 0
0.8177161658330685 0.28836704556709364 0
0.8206380846828396 0.3156484405179048 0
0.8361770541097613 0.30417913014735315 0
0.8389118165188821 0.32414525781154097 0
0.8303918844916857 0.3540920568193634 0
0.8134200356574326 0.35017815464454083 0
0.8255076480232487 0.33651711103434456 0
0.8273642639285251 0.32508140713137834 0
0.8503250323986526 0.35491199439492777 0
0.8394379677182215 0.3768796777041494 0
0.820811530367369 0.38083313005098857 0
0.8583710209604578 0.37745798471029796 0
0.8728802955373152 0.38995354250573927 0
0.8873620862629663 0.3987140358772774 0
0.8084979877805081 0.37941958356466976 0
0.8755338542075434 0.4197899682665757 0
0.8679741569238613 0.4054260916728097 0
0.8787283670477523 0.4341787402050629 0
0.89056780952194 0.4212826382376457 0
0.8558633457635576 0.42474923774800727 0
0.8391431056035145 0.3927961806884564 0
0.8006822976670714 0.3165594509228207 0
0.8476783398709365 0.2674160975845017 0
0.865038693569029 0.2492803994469279 0
0.8549302062723234 0.2351213035011335 0
0.8460802006577756 0.2500956236958613 0
0.8807422220872123 0.2430676434533937 0
0.8037481376251272 0.25570340181760537 0
0.7889169392567522 0.2768561416847117 0
0.7689508177777251 0.2895172495005066 0
0.7665544936584362 0.30516369182114594 0
0.7849956871370966 0.29274595447007545 0
0.7696765607864604 0.2685882312977154 0
0.7550952826135773 0.2733807975476153 0
0.7794510047386503 0.2358262762772274 0
0.7647158564963585 0.24633170555628398 0
0.7797941154423246 0.1964544474872863 0
0.7617894689046848 0.1931355665861463 0
0.7678011154399976 0.21101917388664954 0
0.9415298193453843 0.20633422636336216 0
0.9185323719244486 0.21855200069483932 0
0.9048815173409925 0.22121575554619366 0
0.9439240622575311 0.22599375285777892 0
0.9161568685436925 0.2395438225237229 0
0.9284691663186995 0.25053197335414756 0
0.9288606641329367 0.23035110489272448 0
0.9018274349383115 0.24780662385778324 0
0.9235047411844765 0.20015859351322732 0
0.9421994434908759 0.1899794540749268 0
0.9580708723484866 0.2063224545763564 0
0.9009803743828324 0.2702206086343115 0
0.9769646618538015 0.4167016081950554 0
1.0 0.40625 1
0.9813651823879075 0.3957896130183401 0
1.0 0.390625 1
0.987050731305146 0.38213938051538837 0
1.0 0.421875 1
0.9616515063915513 0.4353463242802042 0
0.9796515294755029 0.45339620872064534 0
1.0 0.453125 1
0.981518293803821 0.4348138499665242 0
0.9658032276982167 0.4492061637232392 0
0.96990393125091 0.46952318817407085 0
0.9850553807420225 0.47316198992493497 0
0.9676259756494043 0.4818642624441516 0
0.9614778584193617 0.41959289681550654 0
0.9435849954920497 0.4349613567394531 0
0.9242398922696575 0.40622979073750093 0
0.9175870275704694 0.42391848236551866 0
0.9098528472899597 0.39134951398000983 0
0.853152872513592 0.11403529084315939 0
0.8315312913364389 0.10626217100017518 0
0.826178000370274 0.06788104401625461 0
0.8348114370725535 0.08624077112776216 0
0.8534071931561832 0.07454200307035769 0
0.865377893520644 0.08613135526955747 0
0.8009206161665883 0.09096776691055335 0
0.8185996613297754 0.09386416001893451 0
0.7917439861908131 0.1109552464518069 0
0.8088317387628805 0.10816062426263624 0
0.7797129806308881 0.07407847174688185 0
0.7767930513232867 0.0954320335956492 0
0.7659822638521859 0.08307732516626283 0
0.7577370342085807 0.06788812954822503 0
0.8007220944675617 0.069457344556583 0
0.8140552057410905 0.07844198374588958 0
0.7785733987507559 0.05833868331556043 0
0.9069850537774921 0.047540794694308275 0
0.9375 0.0 1
0.9223331940558605 0.0624857337416185 0
0.8988956679026625 0.07120200432650894 0
0.8883154370904746 0.054371374007083126 0
0.8883535207070447 0.02554589889658356 0
0.90625 0.0 1
0.8745826734551684 0.03994046785326979 0
0.8680429176086597 0.019899721622063434 0
0.8420451726475162 0.03947079238452363 0
0.8505628149586241 0.05608741400904779 0
0.858394324583414 0.034135688555319385 0
0.8424283318128709 0.012926843462586827 0
0.84375 0.0 1
0.859375 0.0 1
0.881262778219935 0.07174110812644266 0
0.8190842742113597 0.025864614290943538 0
0.822093228496033 0.04696364547744224 0
0.8351260542547343 0.055276119948129136 0
0.8060377642202647 0.0384892609503694 0
0.8077346530218812 0.05472079081992168 0
0.78125 0.0 1
0.7839642542641809 0.02547848186284192 0
0.7696636632483692 0.035357973548091635 0
0.7601268808366757 0.01751490077663303 0
0.7746894644396652 0.013582719355329448 0
0.796875 0.0 1
0.8016041378055201 0.018406783223050754 0
0.8344645402875409 0.026086626845668467 0
0.8257668429946525 0.010393077369537113 0
0.828125 0.0 1
0.9128619863635636 0.023673848403139505 0
0.9330598022115784 0.039306570060958154 0
0.9323763112271483 0.019325286089394437 0
1.0 0.03125 1
0.9674246295132675 0.018275740973466254 0
0.96875 0.0 1
0.953125 0.0 1
0.9843750000000001 0.0103190656760334 0
0.984375 0.0 1
0.9501974566115242 0.02871801793803862 0
0.9735755077006522 0.04785459243232777 0
0.9652701031663727 0.03415273024112356 0
0.9522599471046135 0.04661651749834926 0
0.9822734891985229 0.028375429440990668 0
0.921875 0.0 1
0.9181974570961087 0.0376446735219294 0
0.8998393968834807 0.01455072050247349 0
0.9012853085109285 0.03348027159517422 0
1.0 0.046875 1
0.9731476398933502 0.07865565465266754 0
0.9825262936636637 0.09340324780112784 0
1.0 0.078125 1
0.9822423564931028 0.06337848945085969 0
0.9625590608228626 0.0631050622392041 0
0.9578392920406457 0.09523762585477387 0
0.9526661814636841 0.0780648654319531 0
0.9593457399450085 0.11137596750572826 0
0.9688577809207258 0.12361235741360377 0
0.939675516136358 0.0905853352832981 0
0.8904308331876316 0.1617440411229718 0
0.7919715777290491 0.17485162874867563 0
0.7801489828934864 0.16524174385990614 0
0.6921336678289408 0.1307659703657252 0
0.7365816059991117 0.2530416771096537 0
0.6751236934689163 0.35397154116216617 0
0.6637883376901386 0.3831452658837611 0
0.6740495622380622 0.3703432111249354 0
0.6843655890249319 0.38912517538517377 0
0.6640799646986076 0.42053553287159084 0
0.6695255896962976 0.401796788710656 0
0.6510632543565593 0.397267688728317 0
0.6398238106378781 0.41244889559960146 0
0.6437626979615433 0.37789527098223424 0
0.6568674373318993 0.3687264158179917 0
0.6868746542701656 0.4169992045959243 0
0.6974921665291337 0.4028448461935828 0
0.6333437784310987 0.3718689187817494 0
0.67812286026327 0.43582022809791693 0
0.6994190817828343 0.44966712354752164 0
0.7135945332427247 0.44077139365022633 0
0.6946037507901155 0.43377298846204965 0
0.6940898358723646 0.47850126273666066 0
0.7097424042636561 0.46648467940757105 0
0.720899246533208 0.4972200234412959 0
0.7313293844013159 0.4760412901406549 0
0.7104568502333509 0.48361796054402845 0
0.743438091634339 0.4951622989460511 0
0.7515681079388328 0.47661929867159486 0
0.7725967479053971 0.4678045328300628 0
0.7681495498368883 0.4526962270576193 0
0.7704678046043948 0.4922161983836006 0
0.7923435942689593 0.4818253223116043 0
0.7950751261569302 0.5000842916580868 0
0.791935269047997 0.4647667772400255 0
0.7335163196524555 0.5109523634285482 0
0.7135036811447034 0.5166773218568542 0
0.6995247315852616 0.5240694175595446 0
0.689826018052907 0.4628036498103733 0
0.8099846639103644 0.48759086453740763 0
0.7379765859254512 0.4617211304929244 0
0.6680545568033734 0.4816386177543116 0
0.6749222991306214 0.49798125471062527 0
0.6544353334486854 0.46436922235677436 0
0.6401918256404002 0.4714266250582676 0
0.6562781739935978 0.4417968102001031 0
0.6439969640757266 0.4293958066897079 0
0.6508320587889027 0.48944833202630034 0
0.6378797795207409 0.503847929254952 0
0.790484593944983 0.3064564539208823 0
0.8053868925007842 0.4348668295737298 0
0.8013356292570761 0.450269309286484 0
0.8219739237087063 0.42485745629947647 0
0.7045528440756341 0.35630597096426014 0
0.6739740001007741 0.22801955823750292 0
0.6817957636311462 0.21077024832209115 0
0.6664213511994284 0.20533362582765874 0
0.6524432210761243 0.1927545579889964 0
0.6593310368619381 0.17680375449522523 0
0.6475756352023556 0.20748892887301573 0
0.6237355618715253 0.2759976104288798 0
0.4778136207830983 0.37939607120072383 0
0.45560126826308195 0.38443368295363906 0
0.45298266046771085 0.4001059761814904 0
0.47096623189741216 0.39642710711766455 0
0.4701406742305444 0.3649576698864212 0
0.49703842466845005 0.3872545487711075 0
0.5136213864718745 0.38106782719732446 0
0.5070738126463707 0.40469096049853037 0
0.5272234423179322 0.3879885277205871 0
0.37886782526883256 0.3278209198959269 0
0.3610123402088845 0.3405205425968375 0
0.378230824919534 0.3458273943323124 0
0.358513628848836 0.3181053030422161 0
0.3738818067081225 0.312087810764606 0
0.36732107664676694 0.2948189318999118 0
0.3855111878352975 0.3580993539454928 0
0.3930298318372227 0.33351873277670313 0
0.29459962792730776 0.28196231223632356 0
0.3177890222230968 0.29769221850673117 0
0.21043388709510244 0.328847097977327 0
0.18453375364170924 0.3840836739620534 0
0.25543486762226353 0.4102795674017422 0
0.34132732709921476 0.43561760825959894 0
0.3290844987351997 0.44542575752830466 0
0.43469204109093884 0.41409564206790866 0
0.48908773229180597 0.4230758618277947 0
0.47642092350474613 0.5511753576380187 0
0.5071471353728008 0.5083136304378187 0
0.4748206424856825 0.648374275878612 0
0.4487313563640499 0.6593521145611524 0
0.4551685463843355 0.6858050955461342 0
0.4332472222414465 0.6886077836431383 0
0.43837796354478087 0.7181559335644947 0
0.44604870201793567 0.7016044604245072 0
0.4289194428471446 0.7045787853063352 0
0.4194566093227104 0.6909954462398306 0
0.43080674209910425 0.735900578402014 0
0.46135804505452344 0.7384485455914848 0
0.446504695122783 0.7321109714910695 0
0.45682075718972287 0.7167595770108993 0
0.48389130032259514 0.7286090592679523 0
0.48589280856676786 0.7136624096525291 0
0.4894554260466828 0.7720726500760668 0
0.48032101224959073 0.7511540704829655 0
0.4586164524877488 0.7630442215969746 0
0.4744408482605586 0.7661753626064013 0
0.4610667135228847 0.7922137390846884 0
0.4395949493953713 0.7793297125331972 0
0.4549713663382368 0.7780380821416067 0
0.4035844426867006 0.7728423354894676 0
0.4227709160841319 0.7695292396592612 0
0.41615674289303295 0.7512002912300735 0
0.3954889381707559 0.7536667199965876 0
0.45028487459211364 0.749664894436406 0
0.5124546367416737 0.7495760675903979 0
0.5042603261078211 0.7307997617254837 0
0.4961496797596503 0.7455156143513659 0
0.5242314086884584 0.7332602531725606 0
0.5182729366785066 0.7158797865471085 0
0.5375932547796176 0.7257707544901302 0
0.5274851364044318 0.7687438543700092 0
0.5407730334407769 0.757362889157035 0
0.5618063715438437 0.7514516976313331 0
0.5797625995889212 0.7474288876532815 0
0.5670510170584527 0.7356346909262754 0
0.5280091372024995 0.7483951719491984 0
0.5082875555731183 0.768320709384479 0
0.5030818917426142 0.7913299604084169 0
0.5179887324961254 0.796353863855944 0
0.4820737508326359 0.791745616956894 0
0.4718567760029528 0.8048383669595969 0
0.47132621699693517 0.7810294671604189 0
0.5388079124759414 0.7785326762222022 0
0.589542591899235 0.7372700824638772 0
0.4705180233893704 0.6908185198943806 0
0.46725793010282407 0.674406106600601 0
0.35674948274733126 0.7474483480361968 0
0.20167993428063447 0.7806244301489464 0
0.07721138902879131 0.6477268073803405 0
0.06422264423293118 0.6401857181971408 0
0.093445984644137 0.8255416917550522 0
0.171875 1.0 1
0.1440755615022404 0.9354910636181518 0
0.07490685886220538 0.9812627363593157 0
0.08169929889509078 0.960382725295049 0
0.06583631141193805 0.9660183614781938 0
0.016722866542581188 0.8994063099808873 0
0.10524643385650853 0.8771278525285627 0
0.14550830818705826 0.911090661514006 0
0.343568760704908 0.8727217774974952 0
0.36206723640760646 0.8639561858150971 0
0.35104703594426956 0.851272370901031 0
0.3708604783713343 0.8522089082145344 0
0.43071338008546717 0.8173907416682671 0
0.41938601463898256 0.7946807176077575 0
0.41492007529351316 0.7812761786924575 0
0.3958468940352351 0.7950769375755652 0
0.42932058930768563 0.8370012961914717 0
0.41130521518464147 0.8258670621183056 0
0.3974337422825573 0.8135557755044462 0
0.38334628246556995 0.8054579660568453 0
0.4044890920472163 0.8397040940624015 0
0.37746813845667204 0.7762175890543208 0
0.3603027046570209 0.783653158205452 0
0.3624860721113824 0.7651621118883583 0
0.3913696136313363 0.7810552443482877 0
0.4387540140047087 0.799200254590071 0
0.4494162903362387 0.814785558408025 0
0.44801033862343004 0.7896389232746267 0
0.44520375891964586 0.8311718848120008 0
0.3782030975439553 0.8207161928162806 0
0.5730481185493439 0.9264651460754324 0
0.563208246897824 0.9124638267495172 0
0.5577632170275453 0.9314835451840745 0
0.5989505155059047 0.9632845312174446 0
0.5802999710476002 0.9488843222757278 0
0.5671247616661373 0.9729534033970615 0
0.5822740106620033 0.9656054337861173 0
0.59375 1.0 1
0.5929383857192686 0.98115899536858 0
0.578125 1.0 1
0.609375 0.9898889383292424 0
0.609375 1.0 1
0.6375266175184889 0.9635136737076422 0
0.6267287524425107 0.9802000165770827 0
0.65625 1.0 1
0.647188475867927 0.981602802612633 0
0.6654413166271586 0.9840426029631532 0
0.6569488346168367 0.9647646645837382 0
0.6486589598064411 0.9420738521642265 0
0.640625 1.0 1
0.6182417027596676 0.9628711156963626 0
0.6079675306941029 0.9337465000160307 0
0.6083158077943779 0.9499981364812217 0
0.6282608115164096 0.9448824970819121 0
0.6267161823340301 0.9236389350166377 0
0.5898159722013225 0.933423760891952 0
0.5992236530546652 0.9149182537634439 0
0.6668009590051508 0.9483055635517667 0
0.6635405829924351 0.9289312399586318 0
0.577692121710012 0.9844157822357357 0
0.5679909108603359 0.9577869869765064 0
0.5404746645480462 0.9689930471805238 0
0.5374863102402411 0.9526731721268846 0
0.53125 1.0 1
0.5283556450138467 0.9822632608686629 0
0.5468749999999988 0.9883457213849979 0
0.546875 1.0 1
0.5127196096767546 0.9888003921463521 0
0.515625 1.0 1
0.4962010307941982 0.9828626813383065 0
0.5983194334737877 0.7686718432618692 0
0.6167066011322959 0.7583933165217998 0
0.6149106841741323 0.7767662022270585 0
0.6333781828706023 0.7560748884193005 0
0.6199609626160343 0.7878713909541909 0
0.6691897964518752 0.7733821128377213 0
0.6548497455518139 0.7767451581711143 0
0.6916049747987733 0.787185033011207 0
0.6900709378401193 0.7645742595750175 0
0.7075713136431473 0.7747443649791215 0
0.7198258142129393 0.7527127265858898 0
0.7287521506943807 0.7426280398089911 0
0.7103404599924573 0.735324020076587 0
0.70196976051613 0.7511715806088264 0
0.6888117812568358 0.7244204675410936 0
0.6937499136468361 0.7104998478707768 0
0.6657986071090429 0.718352421567518 0
0.650262722217883 0.7356332803024311 0
0.6668496305563233 0.7349213017760059 0
0.6648091295437923 0.700902484264888 0
0.6737403291038552 0.6832952861718523 0
0.67446751739093 0.6596729587972985 0
0.6557846701642346 0.6652046537986276 0
0.6893996187913963 0.6608412842831701 0
0.7284129390739681 0.7719130173770132 0
0.7557476516838814 0.7877601899607364 0
0.7448770599894445 0.7750124776954834 0
0.7629210115328273 0.7664839201236128 0
0.7744041127885929 0.7636308577812837 0
0.7740232842236788 0.7912823569553015 0
0.7620063641650793 0.8044602138794784 0
0.7679987968594011 0.8191025685919603 0
0.6770559693745819 0.7857098479626592 0
0.656540494080537 0.7499936781719119 0
0.6872480631230947 0.7418011501268698 0
0.6832152692740393 0.8025913300785263 0
0.7021261608934949 0.8014773071471225 0
0.732132541978493 0.8089886832883523 0
0.7357249320926702 0.7909578481286358 0
0.7343326523545016 0.8554370670503435 0
0.7546002407166043 0.8612177793710654 0
0.765473917086422 0.8501294877556674 0
0.657847919931984 0.9049337423406972 0
0.7306455890107166 0.8844724966699263 0
0.9865284619281828 0.765625000000002 0
1.0 0.765625 1
0.7536629733118683 0.5310033448504455 0
0.8773935586482245 0.6132747643949049 0
0.637963695726201 0.6957139525410504 0
0.5440081059832111 0.5946236181003282 0
0.5272000378935352 0.5854456553609225 0
0.5314560111366884 0.5330436562160412 0
0.5123592753939773 0.544943762547063 0
0.5258233748028021 0.560116276299876 0
0.5073392360761361 0.562958831513204 0
0.6220738607615569 0.44338179891108936 0
0.7215012278898643 0.6925957259816349 0
0.7020789558435084 0.6921662216891187 0
0.7120982433272425 0.6784463016967084 0
0.5190081446625361 0.4149214036774517 0
1.0 0.015625 1
0.40006572695489795 0.1488955792703286 0
0.0 0.171875 1
0.2813984632914087 0.2660878765491037 0
0.5145477173434541 0.21669688194671147 0
0.9841336482467918 0.31246902553158956 0
0.33561069455729614 0.3134597318904937 0
0.13039467065511443 0.4354100446901188 0
0.49250395036840006 0.5310241192726507 0
0.421875 1.0 1
0.4180354531008255 0.9853567109250211 0
0.0 0.859375 1
0.6176006337659384 0.8877593325132556 0
0.8167553017242637 0.9752899342503654 0
0.831624442316029 0.983419052723935 0
0.8264229997271789 0.9619504421779551 0
0.8392460590878431 0.9526774636257453 0
0.8042234542706682 0.9637037654564565 0
0.78125 1.0 1
0.7967299353735732 0.9843793566661772 0
0.796875 1.0 1
0.765625 1.0 1
0.7734374999999987 0.9783114664751136 0
0.7576837368262341 0.9847953360188355 0
1.0 0.703125 1
0.9847615389420498 0.6991750778225789 0
0.9072540909552224 0.6011897696470175 0
0.8978461983437468 0.5880958957428073 0
0.8961455191498916 0.6131754525255231 0
0.6149689559764533 0.4011550956181386 0
0.765557671538003 0.5906397229565479 0

Edges
230
1 2466 1
1 2475 1
2 2709 1
2 3002 1
3 618 1
3 619 1
4 889 1
4 896 1
5 2050 1
5 2543 1
6 373 1
6 379 1
7 1101 1
7 2940 1
9 1502 1
9 2323 1
10 965 1
10 973 1
11 1044 1
11 1053 1
41 444 1
41 2987 1
64 563 1
64 3023 1
294 1854 1
294 1864 1
296 1900 1
296 2637 1
312 349 1
312 354 1
334 2639 1
334 2642 1
339 356 1
339 365 1
347 441 1
347 3026 1
349 441 1
354 356 1
364 365 1
364 373 1
378 379 1
378 2642 1
424 633 1
424 639 1
425 451 1
425 640 1
444 3026 1
451 2987 1
456 628 1
456 653 1
526 631 1
526 3022 1
530 2913 1
530 2921 1
531 543 1
531 2916 1
542 543 1
542 563 1
591 613 1
591 615 1
597 599 1
597 652 1
599 653 1
606 619 1
606 652 1
612 613 1
612 633 1
615 618 1
628 631 1
639 640 1
710 2911 1
710 2938 1
743 777 1
743 1100 1
759 1083 1
759 3011 1
763 780 1
763 1048 1
775 777 1
775 780 1
817 902 1
817 920 1
851 881 1
851 3013 1
867 939 1
867 941 1
870 939 1
870 3013 1
875 891 1
875 935 1
880 881 1
880 935 1
882 898 1
882 904 1
888 889 1
888 891 1
894 896 1
894 898 1
901 902 1
901 904 1
909 1051 1
909 2872 1
910 920 1
910 2872 1
941 973 1
961 1477 1
961 1478 1
963 977 1
963 1484 1
965 977 1
1044 1048 1
1051 1053 1
1083 1101 1
1095 1100 1
1095 3011 1
1323 2256 1
1323 2259 1
1341 2275 1
1341 2280 1
1458 1490 1
1458 1500 1
1473 1478 1
1473 1484 1
1477 1490 1
1498 1500 1
1498 1502 1
1651 2572 1
1651 2691 1
1746 1953 1
1746 2568 1
1755 1929 1
1755 1937 1
1779 2676 1
1779 2684 1
1780 2696 1
1780 2700 1
1805 1830 1
1805 1848 1
1806 1824 1
1806 1917 1
1824 1848 1
1828 2719 1
1828 2722 1
1830 2722 1
1851 1854 1
1851 1917 1
1861 1866 1
1861 1898 1
1863 1864 1
1863 1866 1
1898 1900 1
1929 2572 1
1935 1937 1
1935 2568 1
1948 1951 1
1948 1960 1
1950 1951 1
1950 1953 1
1958 1960 1
1958 2050 1
2015 2155 1
2015 2493 1
2017 2511 1
2017 2547 1
2137 2455 1
2137 2482 1
2143 2486 1
2143 2489 1
2152 2158 1
2152 2509 1
2153 2155 1
2153 2158 1
2237 2267 1
2237 2270 1
2247 2391 1
2247 2394 1
2251 2260 1
2251 3004 1
2253 2256 1
2253 2267 1
2258 2259 1
2258 2260 1
2270 2275 1
2276 2278 1
2276 2288 1
2278 2280 1
2285 2288 1
2285 2323 1
2382 2464 1
2382 2468 1
2383 2471 1
2383 2477 1
2385 2394 1
2385 2464 1
2390 2391 1
2390 3004 1
2454 2455 1
2454 2477 1
2466 2468 1
2469 2471 1
2469 2475 1
2480 2482 1
2480 2486 1
2489 2493 1
2508 2509 1
2508 2511 1
2530 2550 1
2530 2552 1
2539 2543 1
2539 2550 1
2547 2552 1
2635 2637 1
2635 2639 1
2671 2707 1
2671 2715 1
2676 2715 1
2683 2684 1
2683 2700 1
2691 2696 1
2704 2719 1
2704 3002 1
2706 2707 1
2706 2709 1
2909 2911 1
2909 2913 1
2916 2921 1
2935 2938 1
2935 2940 1
3020 3022 1
3020 3023 1

Triangles
5832
1 2465 2466 0
1 2465 2475 0
2 2708 2709 0
2 2708 3002 0
3 617 618 0
3 617 619 0
4 889 895 0
4 895 896 0
5 2045 2049 0
5 2045 2542 0
5 2049 2050 0
5 2542 2543 0
6 368 373 0
6 368 380 0
6 377 379 0
6 377 380 0
7 1101 2941 0
7 2939 2940 0
7 2939 2941 0
8 1371 1372 0
8 1371 1378 0
8 1372 1373 0
8 1373 1374 0
8 1374 1379 0
8 1378 1379 0
9 1502 2320 0
9 2320 2324 0
9 2323 2324 0
10 965 968 0
10 967 968 0
10 967 971 0
10 971 973 0
11 1044 1049 0
11 1049 1052 0
11 1052 1053 0
12 1146 2843 0
12 1146 2867 0
12 2843 2893 0
12 2867 2895 0
12 2893 2895 0
13 54 57 0
13 54 68 0
13 57 2954 0
13 68 71 0
13 71 2953 0
13 2953 2954 0
14 136 137 0
14 136 179 0
14 137 2993 0
14 179 182 0
14 182 184 0
14 184 2993 0
15 1180 1181 0
15 1180 1527 0
15 1181 1549 0
15 1527 1549 0
16 228 254 0
16 228 259 0
16 254 257 0
16 257 270 0
16 259 268 0
16 263 268 0
16 263 270 0
17 30 114 0
17 30 234 0
17 114 115 0
17 115 274 0
17 234 235 0
17 235 274 0
18 1675 1676 0
18 1675 1682 0
18 1676 1679 0
18 1679 1710 0
18 1682 1697 0
18 1697 1710 0
19 2748 2749 0
19 2748 2775 0
19 2749 2768 0
19 2768 2771 0
19 2771 2773 0
19 2773 2775 0
20 88 95 0
20 88 387 0
20 95 280 0
20 280 288 0
20 288 387 0
21 1703 1704 0
21 1703 2760 0
21 1704 2780 0
21 2759 2760 0
21 2759 2764 0
21 2764 2781 0
21 2780 2781 0
22 96 101 0
22 96 2988 0
22 101 104 0
22 104 2766 0
22 390 2765 0
22 390 2988 0
22 2765 2766 0
23 35 37 0
23 35 50 0
23 37 43 0
23 43 46 0
23 46 50 0
24 39 89 0
24 39 3032 0
24 89 91 0
24 91 97 0
24 97 98 0
24 98 3032 0
25 33 34 0
25 33 100 0
25 34 118 0
25 99 100 0
25 99 103 0
25 103 276 0
25 118 276 0
26 29 76 0
26 29 2965 0
26 73 74 0
26 73 76 0
26 74 2965 0
27 29 30 0
27 29 76 0
27 30 114 0
27 34 76 0
27 34 118 0
27 114 118 0
28 29 30 0
28 29 2963 0
28 30 234 0
28 233 234 0
28 233 2964 0
28 2963 2964 0
29 2963 2965 0
31 33 34 0
31 33 35 0
31 34 76 0
31 35 49 0
31 49 73 0
31 73 76 0
32 33 35 0
32 33 100 0
32 35 37 0
32 37 3032 0
32 98 100 0
32 98 3032 0
35 49 50 0
36 37 43 0
36 37 3032 0
36 39 78 0
36 39 3032 0
36 43 79 0
36 78 79 0
38 39 78 0
38 39 89 0
38 78 83 0
38 83 87 0
38 87 88 0
38 88 392 0
38 89 392 0
40 86 322 0
40 86 394 0
40 322 401 0
40 394 397 0
40 397 400 0
40 400 401 0
41 444 447 0
41 447 2986 0
41 2986 2987 0
42 43 45 0
42 43 80 0
42 45 393 0
42 80 85 0
42 85 86 0
42 86 393 0
43 45 46 0
43 79 80 0
44 45 46 0
44 45 60 0
44 46 48 0
44 48 52 0
44 52 62 0
44 60 62 0
45 60 393 0
46 48 50 0
47 48 49 0
47 48 53 0
47 49 74 0
47 53 2998 0
47 74 3000 0
47 2998 3000 0
48 49 50 0
48 52 53 0
49 73 74 0
51 52 53 0
51 52 61 0
51 53 54 0
51 54 68 0
51 61 66 0
51 66 68 0
52 61 62 0
53 54 2998 0
54 57 2998 0
55 75 2962 0
55 75 2999 0
55 2956 2957 0
55 2956 2958 0
55 2957 2999 0
55 2958 2961 0
55 2961 2962 0
56 57 2954 0
56 57 2998 0
56 2954 2956 0
56 2956 2957 0
56 2957 2999 0
56 2998 2999 0
58 61 62 0
58 61 72 0
58 62 395 0
58 72 495 0
58 395 396 0
58 396 418 0
58 418 495 0
59 60 62 0
59 60 393 0
59 62 395 0
59 393 394 0
59 394 395 0
61 66 72 0
63 65 67 0
63 65 494 0
63 67 70 0
63 70 2969 0
63 494 2970 0
63 2969 2970 0
64 562 563 0
64 562 3025 0
64 3023 3025 0
65 66 67 0
65 66 72 0
65 72 495 0
65 493 494 0
65 493 495 0
66 67 68 0
67 68 70 0
68 70 71 0
69 70 71 0
69 70 2969 0
69 71 2953 0
69 2952 2953 0
69 2952 2966 0
69 2966 2968 0
69 2968 2969 0
74 75 2965 0
74 75 3000 0
75 2962 2963 0
75 2963 2965 0
75 2999 3000 0
77 78 79 0
77 78 83 0
77 79 80 0
77 80 85 0
77 83 84 0
77 84 85 0
81 84 85 0
81 84 319 0
81 85 86 0
81 86 322 0
81 316 319 0
81 316 321 0
81 321 322 0
82 83 87 0
82 83 319 0
82 87 286 0
82 286 315 0
82 315 316 0
82 316 319 0
83 84 319 0
86 393 394 0
87 88 387 0
87 286 387 0
88 95 392 0
89 91 93 0
89 93 95 0
89 95 392 0
90 91 93 0
90 91 97 0
90 93 391 0
90 96 97 0
90 96 2988 0
90 391 2988 0
92 93 94 0
92 93 95 0
92 94 279 0
92 95 280 0
92 279 280 0
93 94 391 0
94 279 2763 0
94 391 2761 0
94 2761 2763 0
96 97 98 0
96 98 99 0
96 99 101 0
98 99 100 0
99 101 103 0
101 103 104 0
102 103 104 0
102 103 276 0
102 104 107 0
102 107 112 0
102 112 276 0
104 107 2767 0
104 2766 2767 0
105 120 121 0
105 120 127 0
105 121 122 0
105 122 2778 0
105 127 129 0
105 129 2778 0
106 107 109 0
106 107 124 0
106 109 123 0
106 121 122 0
106 121 124 0
106 122 123 0
107 109 2767 0
107 112 124 0
108 109 123 0
108 109 2767 0
108 123 2772 0
108 2752 2756 0
108 2752 2772 0
108 2754 2756 0
108 2754 2766 0
108 2766 2767 0
110 122 123 0
110 122 2778 0
110 123 2772 0
110 2772 2777 0
110 2777 2778 0
111 112 113 0
111 112 124 0
111 113 115 0
111 115 275 0
111 119 124 0
111 119 275 0
112 113 276 0
113 114 115 0
113 114 118 0
113 118 276 0
115 274 275 0
116 117 119 0
116 117 210 0
116 119 120 0
116 120 126 0
116 126 211 0
116 210 211 0
117 119 275 0
117 210 235 0
117 235 274 0
117 274 275 0
119 120 121 0
119 121 124 0
120 126 127 0
125 126 133 0
125 126 202 0
125 133 135 0
125 135 138 0
125 138 204 0
125 202 204 0
126 127 133 0
126 201 202 0
126 201 211 0
127 129 133 0
128 129 131 0
128 129 133 0
128 131 199 0
128 133 139 0
128 139 199 0
129 131 2778 0
130 131 132 0
130 131 2778 0
130 132 2774 0
130 2774 2777 0
130 2777 2778 0
131 132 199 0
132 140 144 0
132 140 199 0
132 144 147 0
132 147 148 0
132 148 2774 0
133 135 139 0
134 135 136 0
134 135 139 0
134 136 179 0
134 139 190 0
134 178 179 0
134 178 190 0
135 136 138 0
136 137 138 0
137 138 204 0
137 204 207 0
137 207 2993 0
139 140 190 0
139 140 199 0
140 144 191 0
140 190 191 0
141 189 1236 0
141 189 3001 0
141 1232 1236 0
141 1232 2816 0
141 2798 2816 0
141 2798 3001 0
142 173 174 0
142 173 189 0
142 174 176 0
142 176 178 0
142 178 185 0
142 185 188 0
142 188 189 0
143 144 146 0
143 144 177 0
143 146 150 0
143 150 154 0
143 154 175 0
143 175 177 0
144 146 147 0
144 177 191 0
145 146 151 0
145 146 2997 0
145 151 3031 0
145 2742 2776 0
145 2742 3031 0
145 2776 2997 0
146 147 2997 0
146 150 151 0
147 148 2997 0
148 2773 2774 0
148 2773 2775 0
148 2775 2776 0
148 2776 2997 0
149 150 155 0
149 150 3031 0
149 155 163 0
149 163 166 0
149 166 3031 0
150 151 3031 0
150 154 155 0
152 166 2747 0
152 166 3031 0
152 2741 2742 0
152 2741 2743 0
152 2742 3031 0
152 2743 2747 0
153 154 155 0
153 154 171 0
153 155 161 0
153 161 169 0
153 169 172 0
153 171 172 0
154 171 175 0
155 161 162 0
155 162 163 0
156 1989 1992 0
156 1989 2033 0
156 1992 3006 0
156 2033 2095 0
156 2095 3006 0
157 1626 1628 0
157 1626 1631 0
157 1628 2100 0
157 1631 2087 0
157 2087 2100 0
158 192 193 0
158 192 198 0
158 193 1629 0
158 198 1636 0
158 1629 1636 0
159 162 163 0
159 162 194 0
159 163 165 0
159 165 192 0
159 192 194 0
160 161 162 0
160 161 1627 0
160 162 194 0
160 194 1625 0
160 1624 1625 0
160 1624 1627 0
161 169 1627 0
163 165 166 0
164 165 166 0
164 165 167 0
164 166 2747 0
164 167 1719 0
164 1717 1719 0
164 1717 2744 0
164 2744 2747 0
165 167 192 0
167 192 198 0
167 198 1720 0
167 1719 1720 0
168 169 1627 0
168 169 2799 0
168 1622 1627 0
168 1622 2797 0
168 2797 2799 0
169 172 2799 0
170 171 172 0
170 171 173 0
170 172 2799 0
170 173 3001 0
170 2798 2799 0
170 2798 3001 0
171 173 174 0
171 174 175 0
173 189 3001 0
174 175 176 0
175 176 177 0
176 177 191 0
176 178 191 0
178 179 185 0
178 190 191 0
179 182 183 0
179 183 185 0
180 1219 1221 0
180 1219 1228 0
180 1221 1237 0
180 1228 1229 0
180 1229 1237 0
181 182 183 0
181 182 2818 0
181 183 187 0
181 187 1221 0
181 1220 1221 0
181 1220 2818 0
182 184 2818 0
183 185 188 0
183 187 188 0
184 1220 2818 0
184 1220 3010 0
184 2993 2994 0
184 2994 3010 0
186 187 188 0
186 187 1236 0
186 188 189 0
186 189 1236 0
187 1221 1237 0
187 1236 1237 0
192 193 194 0
193 194 1625 0
193 1625 1626 0
193 1626 1629 0
195 1663 1670 0
195 1663 1712 0
195 1670 1674 0
195 1674 1716 0
195 1712 1715 0
195 1715 1716 0
196 197 1638 0
196 197 1718 0
196 1638 1647 0
196 1647 1713 0
196 1713 1718 0
197 198 1636 0
197 198 1720 0
197 1636 1638 0
197 1718 1720 0
200 201 203 0
200 201 212 0
200 203 208 0
200 208 221 0
200 212 273 0
200 217 219 0
200 217 273 0
200 219 221 0
201 202 203 0
201 210 211 0
201 210 212 0
202 203 204 0
203 204 207 0
203 206 207 0
203 206 208 0
205 1200 1201 0
205 1200 2992 0
205 1201 1210 0
205 1210 2996 0
205 2992 2995 0
205 2995 2996 0
206 207 2995 0
206 208 2991 0
206 2991 2992 0
206 2992 2995 0
207 2993 2995 0
208 221 2991 0
209 218 221 0
209 218 1205 0
209 221 2991 0
209 1200 1204 0
209 1200 2992 0
209 1204 1205 0
209 2991 2992 0
210 212 214 0
210 214 235 0
212 214 217 0
212 217 273 0
213 214 216 0
213 214 236 0
213 216 223 0
213 223 232 0
213 232 233 0
213 233 236 0
214 216 217 0
214 235 236 0
215 216 217 0
215 216 224 0
215 217 219 0
215 219 220 0
215 220 227 0
215 224 227 0
216 223 224 0
218 219 220 0
218 219 221 0
218 220 1205 0
220 227 228 0
220 228 260 0
220 260 1205 0
222 223 224 0
222 223 232 0
222 224 226 0
222 226 230 0
222 230 237 0
222 231 232 0
222 231 237 0
224 226 227 0
225 226 253 0
225 226 255 0
225 248 253 0
225 248 254 0
225 254 255 0
226 227 255 0
226 230 253 0
227 228 255 0
228 254 255 0
228 259 260 0
229 230 240 0
229 230 242 0
229 240 241 0
229 241 252 0
229 242 249 0
229 249 252 0
230 237 240 0
230 242 253 0
231 232 233 0
231 233 2964 0
231 237 239 0
231 239 2964 0
233 234 236 0
234 235 236 0
237 239 2990 0
237 240 2990 0
238 239 2964 0
238 239 2990 0
238 2961 2962 0
238 2961 2990 0
238 2962 2964 0
240 241 2990 0
241 251 252 0
241 251 2959 0
241 2958 2959 0
241 2958 2961 0
241 2961 2990 0
242 248 250 0
242 248 253 0
242 249 250 0
243 688 702 0
243 688 706 0
243 691 694 0
243 691 702 0
243 694 714 0
243 706 708 0
243 708 713 0
243 713 714 0
244 676 678 0
244 676 2946 0
244 678 681 0
244 681 684 0
244 684 2942 0
244 2942 2944 0
244 2944 2946 0
245 249 252 0
245 249 2864 0
245 251 252 0
245 251 2943 0
245 684 2854 0
245 684 2942 0
245 2854 2864 0
245 2942 2943 0
246 247 2850 0
246 247 2855 0
246 2848 2850 0
246 2848 2856 0
246 2852 2853 0
246 2852 2856 0
246 2853 2855 0
247 248 250 0
247 248 254 0
247 250 2855 0
247 254 257 0
247 256 257 0
247 256 2850 0
249 250 2864 0
250 2854 2855 0
250 2854 2864 0
251 2943 2945 0
251 2945 2959 0
256 257 270 0
256 270 2849 0
256 2849 2850 0
258 259 260 0
258 259 265 0
258 260 1205 0
258 265 1203 0
258 1203 1204 0
258 1204 1205 0
259 265 268 0
261 1152 1154 0
261 1152 2822 0
261 1154 1157 0
261 1157 2820 0
261 2820 2821 0
261 2821 2822 0
262 263 266 0
262 263 271 0
262 266 2866 0
262 271 2865 0
262 2865 2866 0
263 265 266 0
263 265 268 0
263 270 271 0
264 265 266 0
264 265 1203 0
264 266 2819 0
264 1196 1202 0
264 1196 2819 0
264 1202 1203 0
266 267 2819 0
266 267 2866 0
267 1197 2819 0
267 1197 2820 0
267 2820 2866 0
269 270 271 0
269 270 2849 0
269 271 2832 0
269 2832 2846 0
269 2846 2849 0
271 272 2832 0
271 272 2865 0
272 2824 2830 0
272 2824 2865 0
272 2830 2831 0
272 2831 2832 0
277 281 293 0
277 281 388 0
277 293 303 0
277 298 303 0
277 298 305 0
277 305 310 0
277 310 388 0
278 279 280 0
278 279 2763 0
278 280 389 0
278 388 389 0
278 388 2769 0
278 2763 2769 0
280 287 288 0
280 287 389 0
281 287 292 0
281 287 389 0
281 291 292 0
281 291 293 0
281 388 389 0
282 330 331 0
282 330 372 0
282 331 333 0
282 333 336 0
282 336 375 0
282 372 375 0
283 290 291 0
283 290 332 0
283 291 293 0
283 293 300 0
283 300 337 0
283 331 332 0
283 331 337 0
284 289 290 0
284 289 318 0
284 290 325 0
284 317 318 0
284 317 326 0
284 325 326 0
285 286 318 0
285 286 387 0
285 287 288 0
285 287 289 0
285 288 387 0
285 289 318 0
286 315 318 0
287 289 292 0
289 290 292 0
290 291 292 0
290 325 332 0
293 300 303 0
294 1853 1854 0
294 1853 1867 0
294 1864 1867 0
295 2596 2601 0
295 2596 2652 0
295 2601 2651 0
295 2650 2651 0
295 2650 2652 0
296 1896 1901 0
296 1896 2638 0
296 1900 1901 0
296 2637 2638 0
297 298 301 0
297 298 306 0
297 301 2600 0
297 306 2602 0
297 2600 2602 0
298 301 303 0
298 305 306 0
299 300 301 0
299 300 337 0
299 301 302 0
299 302 384 0
299 333 337 0
299 333 382 0
299 382 384 0
300 301 303 0
301 302 2600 0
302 384 2651 0
302 2600 2601 0
302 2601 2651 0
304 305 306 0
304 305 311 0
304 306 308 0
304 308 2782 0
304 311 2781 0
304 2780 2781 0
304 2780 2782 0
305 310 311 0
306 308 2602 0
307 308 2602 0
307 308 2603 0
307 2594 2595 0
307 2594 2603 0
307 2595 2599 0
307 2599 2602 0
308 1708 2603 0
308 1708 2782 0
309 310 311 0
309 310 2769 0
309 311 2781 0
309 2762 2764 0
309 2762 2769 0
309 2764 2781 0
310 388 2769 0
312 349 351 0
312 351 352 0
312 352 358 0
312 354 358 0
313 342 344 0
313 342 3028 0
313 344 423 0
313 422 423 0
313 422 3030 0
313 3028 3030 0
314 315 317 0
314 315 2989 0
314 317 3029 0
314 2989 3030 0
314 3028 3029 0
314 3028 3030 0
315 316 2989 0
315 317 318 0
316 321 323 0
316 323 2989 0
317 326 328 0
317 328 3029 0
320 321 322 0
320 321 323 0
320 322 401 0
320 323 421 0
320 401 403 0
320 403 421 0
323 421 422 0
323 422 3030 0
323 2989 3030 0
324 325 330 0
324 325 386 0
324 330 372 0
324 361 371 0
324 361 386 0
324 370 371 0
324 370 372 0
325 326 386 0
325 330 332 0
326 328 386 0
327 328 329 0
327 328 3029 0
327 329 341 0
327 341 342 0
327 342 3028 0
327 3028 3029 0
328 329 386 0
329 341 363 0
329 361 363 0
329 361 386 0
330 331 332 0
331 333 337 0
333 336 382 0
334 2639 2643 0
334 2641 2642 0
334 2641 2643 0
335 374 385 0
335 374 2645 0
335 385 2649 0
335 2640 2644 0
335 2640 2649 0
335 2644 2645 0
336 374 375 0
336 374 385 0
336 382 383 0
336 383 385 0
338 369 376 0
338 369 380 0
338 374 376 0
338 374 2647 0
338 380 2647 0
339 356 357 0
339 357 365 0
340 341 359 0
340 341 362 0
340 353 355 0
340 353 359 0
340 355 357 0
340 357 362 0
341 342 359 0
341 362 363 0
342 344 359 0
343 344 346 0
343 344 359 0
343 346 350 0
343 350 351 0
343 351 352 0
343 352 353 0
343 353 359 0
344 346 423 0
345 346 350 0
345 346 423 0
345 350 439 0
345 420 423 0
345 420 437 0
345 436 437 0
345 436 439 0
347 440 441 0
347 440 3027 0
347 3026 3027 0
348 349 351 0
348 349 442 0
348 350 351 0
348 350 439 0
348 438 439 0
348 438 442 0
349 441 442 0
352 353 358 0
353 355 358 0
354 355 356 0
354 355 358 0
355 356 357 0
357 362 367 0
357 365 366 0
357 366 367 0
360 361 363 0
360 361 371 0
360 362 363 0
360 362 367 0
360 367 369 0
360 369 371 0
364 365 366 0
364 366 368 0
364 368 373 0
366 367 369 0
366 368 369 0
368 369 380 0
369 371 376 0
370 371 376 0
370 372 376 0
372 375 376 0
374 375 376 0
374 2645 2647 0
377 379 2646 0
377 380 2647 0
377 2646 2647 0
378 379 2646 0
378 2641 2642 0
378 2641 2646 0
381 382 383 0
381 382 384 0
381 383 2649 0
381 384 2651 0
381 2649 2651 0
383 385 2649 0
390 391 2761 0
390 391 2988 0
390 2757 2761 0
390 2757 2765 0
394 395 397 0
395 396 397 0
396 397 419 0
396 408 409 0
396 408 419 0
396 409 418 0
397 400 419 0
398 405 407 0
398 405 435 0
398 407 416 0
398 416 417 0
398 417 430 0
398 430 434 0
398 434 435 0
399 400 401 0
399 400 419 0
399 401 404 0
399 404 405 0
399 405 407 0
399 407 408 0
399 408 419 0
401 403 404 0
402 403 404 0
402 403 420 0
402 404 435 0
402 420 437 0
402 434 435 0
402 434 437 0
403 420 421 0
404 405 435 0
406 407 408 0
406 407 476 0
406 408 409 0
406 409 412 0
406 412 414 0
406 414 476 0
407 416 476 0
409 412 418 0
410 480 481 0
410 480 498 0
410 481 488 0
410 488 497 0
410 496 497 0
410 496 498 0
411 412 413 0
411 412 414 0
411 413 492 0
411 414 477 0
411 477 498 0
411 492 498 0
412 413 418 0
413 418 495 0
413 492 493 0
413 493 495 0
414 471 472 0
414 471 476 0
414 472 477 0
415 416 417 0
415 416 476 0
415 417 428 0
415 428 470 0
415 470 471 0
415 471 476 0
417 428 460 0
417 430 460 0
420 421 422 0
420 422 423 0
424 633 645 0
424 639 642 0
424 642 645 0
425 451 454 0
425 454 638 0
425 638 640 0
426 449 452 0
426 449 475 0
426 452 453 0
426 453 459 0
426 459 474 0
426 474 475 0
427 428 448 0
427 428 470 0
427 448 449 0
427 449 475 0
427 470 473 0
427 473 475 0
428 448 460 0
429 430 432 0
429 430 434 0
429 432 433 0
429 433 438 0
429 434 436 0
429 436 438 0
430 432 460 0
431 432 445 0
431 432 460 0
431 445 447 0
431 446 447 0
431 446 448 0
431 448 460 0
432 433 445 0
433 438 440 0
433 440 3027 0
433 445 3027 0
434 436 437 0
436 438 439 0
438 440 442 0
440 441 442 0
443 444 447 0
443 444 3027 0
443 445 447 0
443 445 3027 0
444 3026 3027 0
446 447 2986 0
446 448 449 0
446 449 452 0
446 450 452 0
446 450 2986 0
450 451 454 0
450 451 2986 0
450 452 453 0
450 453 454 0
451 2986 2987 0
453 454 638 0
453 459 637 0
453 637 638 0
455 575 626 0
455 575 658 0
455 594 621 0
455 594 659 0
455 621 626 0
455 658 659 0
456 628 630 0
456 630 654 0
456 653 654 0
457 458 462 0
457 458 635 0
457 462 465 0
457 465 657 0
457 635 636 0
457 636 657 0
458 459 474 0
458 459 637 0
458 462 474 0
458 635 637 0
461 462 466 0
461 462 474 0
461 466 469 0
461 469 470 0
461 470 473 0
461 473 474 0
462 465 466 0
463 467 479 0
463 467 485 0
463 478 479 0
463 478 482 0
463 482 484 0
463 484 485 0
464 465 466 0
464 465 657 0
464 466 467 0
464 467 485 0
464 485 658 0
464 657 658 0
466 467 479 0
466 469 479 0
468 469 470 0
468 469 479 0
468 470 472 0
468 472 477 0
468 477 478 0
468 478 479 0
470 471 472 0
473 474 475 0
477 478 480 0
477 480 498 0
478 480 482 0
480 481 482 0
481 482 484 0
481 484 501 0
481 488 500 0
481 500 501 0
483 484 501 0
483 484 576 0
483 501 502 0
483 502 568 0
483 505 568 0
483 505 570 0
483 570 576 0
484 485 576 0
485 570 575 0
485 570 576 0
485 575 658 0
486 487 490 0
486 487 572 0
486 490 2971 0
486 572 573 0
486 573 2973 0
486 2971 2972 0
486 2972 2973 0
487 488 497 0
487 488 500 0
487 490 497 0
487 500 572 0
489 490 491 0
489 490 497 0
489 491 494 0
489 492 493 0
489 492 496 0
489 493 494 0
489 496 497 0
490 491 2971 0
491 494 2970 0
491 2969 2970 0
491 2969 2971 0
492 496 498 0
499 500 502 0
499 500 572 0
499 502 566 0
499 566 567 0
499 567 573 0
499 572 573 0
500 501 502 0
502 566 568 0
503 509 511 0
503 509 513 0
503 511 624 0
503 513 523 0
503 523 527 0
503 527 624 0
504 505 508 0
504 505 571 0
504 508 509 0
504 509 511 0
504 510 511 0
504 510 580 0
504 571 579 0
504 579 580 0
505 508 568 0
505 570 571 0
506 507 508 0
506 507 565 0
506 508 509 0
506 509 514 0
506 514 517 0
506 517 565 0
507 508 568 0
507 565 566 0
507 566 568 0
509 513 514 0
510 511 624 0
510 580 581 0
510 581 625 0
510 624 625 0
512 513 514 0
512 513 523 0
512 514 518 0
512 518 520 0
512 520 522 0
512 522 523 0
514 517 518 0
515 549 553 0
515 549 2981 0
515 553 665 0
515 662 664 0
515 662 2981 0
515 664 665 0
516 518 2982 0
516 518 2985 0
516 549 2981 0
516 549 2985 0
516 2981 2982 0
517 518 2982 0
517 565 2983 0
517 2982 2983 0
518 520 2985 0
519 520 546 0
519 520 2985 0
519 546 561 0
519 557 561 0
519 557 2985 0
520 522 546 0
521 522 523 0
521 522 546 0
521 523 529 0
521 529 534 0
521 534 545 0
521 545 546 0
523 527 528 0
523 528 529 0
524 528 529 0
524 528 3024 0
524 529 533 0
524 533 562 0
524 562 3025 0
524 3024 3025 0
525 527 528 0
525 527 624 0
525 528 3024 0
525 624 3019 0
525 3019 3021 0
525 3021 3024 0
526 631 3016 0
526 3015 3016 0
526 3015 3021 0
526 3021 3022 0
529 533 534 0
530 2912 2913 0
530 2912 2915 0
530 2915 2921 0
531 541 543 0
531 541 2918 0
531 2916 2918 0
532 533 534 0
532 533 564 0
532 534 537 0
532 537 540 0
532 540 541 0
532 541 544 0
532 544 564 0
533 562 564 0
534 537 538 0
534 538 545 0
535 698 2926 0
535 698 2984 0
535 2920 2926 0
535 2920 2930 0
535 2930 2984 0
536 537 538 0
536 537 540 0
536 538 559 0
536 540 2929 0
536 558 559 0
536 558 2930 0
536 2929 2930 0
538 545 561 0
538 559 561 0
539 540 541 0
539 540 2929 0
539 541 2918 0
539 2918 2919 0
539 2919 2929 0
541 543 544 0
542 543 544 0
542 544 564 0
542 563 564 0
545 546 561 0
547 550 552 0
547 550 560 0
547 552 555 0
547 555 556 0
547 556 2984 0
547 560 2984 0
548 550 557 0
548 550 560 0
548 557 561 0
548 559 560 0
548 559 561 0
549 550 553 0
549 550 557 0
549 557 2985 0
550 552 553 0
551 552 553 0
551 552 555 0
551 553 665 0
551 555 700 0
551 665 667 0
551 667 700 0
554 555 556 0
554 555 700 0
554 556 696 0
554 695 696 0
554 695 699 0
554 699 700 0
556 696 698 0
556 698 2984 0
558 559 560 0
558 560 2984 0
558 2930 2984 0
562 563 564 0
565 566 567 0
565 567 2983 0
567 573 2973 0
567 661 2973 0
567 661 2983 0
569 570 571 0
569 570 575 0
569 571 579 0
569 575 626 0
569 578 579 0
569 578 626 0
574 661 662 0
574 661 2973 0
574 662 2979 0
574 2972 2973 0
574 2972 2979 0
577 578 579 0
577 578 585 0
577 579 580 0
577 580 622 0
577 585 602 0
577 602 622 0
578 585 621 0
578 621 626 0
580 581 622 0
581 622 3018 0
581 625 3018 0
582 596 602 0
582 596 656 0
582 602 629 0
582 629 630 0
582 630 654 0
582 654 656 0
583 587 589 0
583 587 603 0
583 589 592 0
583 590 592 0
583 590 610 0
583 603 608 0
583 608 610 0
584 585 586 0
584 585 621 0
584 586 587 0
584 587 589 0
584 589 594 0
584 594 621 0
585 586 596 0
585 596 602 0
586 587 603 0
586 596 600 0
586 600 603 0
588 592 595 0
588 592 646 0
588 595 636 0
588 636 644 0
588 644 646 0
589 592 595 0
589 594 595 0
590 592 646 0
590 610 650 0
590 632 646 0
590 632 647 0
590 647 650 0
591 611 614 0
591 611 648 0
591 613 648 0
591 614 616 0
591 615 616 0
593 594 595 0
593 594 659 0
593 595 636 0
593 636 657 0
593 657 659 0
596 600 656 0
597 599 620 0
597 604 620 0
597 604 651 0
597 651 652 0
598 600 601 0
598 600 656 0
598 601 604 0
598 604 620 0
598 620 655 0
598 655 656 0
599 620 655 0
599 653 655 0
600 601 603 0
601 603 608 0
601 604 609 0
601 608 609 0
602 622 629 0
604 609 651 0
605 606 617 0
605 606 651 0
605 607 609 0
605 607 614 0
605 609 651 0
605 614 616 0
605 616 617 0
606 617 619 0
606 651 652 0
607 608 609 0
607 608 610 0
607 610 650 0
607 611 614 0
607 611 650 0
611 647 648 0
611 647 650 0
612 613 648 0
612 633 649 0
612 648 649 0
615 616 617 0
615 617 618 0
622 629 3018 0
623 624 625 0
623 624 3019 0
623 625 3017 0
623 3017 3019 0
625 3017 3018 0
627 629 630 0
627 629 3018 0
627 630 3016 0
627 3016 3017 0
627 3017 3018 0
628 630 3016 0
628 631 3016 0
632 643 645 0
632 643 646 0
632 645 649 0
632 647 649 0
633 645 649 0
634 635 637 0
634 635 644 0
634 637 641 0
634 641 642 0
634 642 643 0
634 643 644 0
635 636 644 0
637 638 641 0
638 640 641 0
639 640 641 0
639 641 642 0
642 643 645 0
643 644 646 0
647 648 649 0
653 654 655 0
654 655 656 0
657 658 659 0
660 661 662 0
660 661 2983 0
660 662 2981 0
660 2981 2982 0
660 2982 2983 0
662 664 2979 0
663 664 2978 0
663 664 2979 0
663 2949 2951 0
663 2949 2978 0
663 2951 2966 0
663 2966 2980 0
663 2979 2980 0
664 665 668 0
664 668 2978 0
665 667 668 0
666 667 670 0
666 667 2977 0
666 670 673 0
666 673 2948 0
666 2947 2948 0
666 2947 2974 0
666 2974 2977 0
667 668 2977 0
667 670 701 0
667 700 701 0
668 2977 2978 0
669 670 672 0
669 670 699 0
669 672 690 0
669 689 690 0
669 689 693 0
669 693 699 0
670 672 673 0
670 699 701 0
671 672 673 0
671 672 2946 0
671 673 2948 0
671 675 2945 0
671 675 2948 0
671 2944 2945 0
671 2944 2946 0
672 676 690 0
672 676 2946 0
674 2947 2950 0
674 2947 2975 0
674 2950 2976 0
674 2960 2975 0
674 2960 2976 0
675 2945 2975 0
675 2947 2948 0
675 2947 2975 0
676 678 690 0
677 678 680 0
677 678 689 0
677 680 687 0
677 687 702 0
677 689 691 0
677 691 702 0
678 680 681 0
678 689 690 0
679 680 681 0
679 680 1070 0
679 681 683 0
679 683 1069 0
679 1069 1070 0
680 687 1070 0
681 683 684 0
682 683 684 0
682 683 2863 0
682 684 2853 0
682 2852 2853 0
682 2852 2863 0
683 685 1069 0
683 685 2863 0
684 2853 2854 0
685 734 1069 0
685 734 2859 0
685 2851 2859 0
685 2851 2863 0
686 687 688 0
686 687 1070 0
686 688 715 0
686 715 1073 0
686 735 1070 0
686 735 1073 0
687 688 702 0
688 706 715 0
689 691 693 0
691 693 694 0
692 694 695 0
692 694 714 0
692 695 696 0
692 696 3014 0
692 714 3014 0
693 694 695 0
693 695 699 0
696 698 3014 0
697 698 2926 0
697 698 3014 0
697 713 2928 0
697 713 3014 0
697 2926 2928 0
699 700 701 0
703 718 719 0
703 718 1082 0
703 719 722 0
703 722 725 0
703 725 1078 0
703 1078 1082 0
704 705 706 0
704 705 721 0
704 706 709 0
704 709 2903 0
704 712 719 0
704 712 2903 0
704 719 721 0
705 706 715 0
705 715 1073 0
705 720 721 0
705 720 1072 0
705 1072 1073 0
706 708 709 0
707 708 709 0
707 708 713 0
707 709 2903 0
707 713 2928 0
707 2902 2903 0
707 2902 2928 0
710 2907 2931 0
710 2907 2937 0
710 2911 2931 0
710 2937 2938 0
711 717 2904 0
711 717 2934 0
711 2904 2906 0
711 2906 2932 0
711 2932 2933 0
711 2933 2934 0
712 717 718 0
712 717 2904 0
712 718 719 0
712 2903 2904 0
713 714 3014 0
716 717 718 0
716 717 2934 0
716 718 1082 0
716 1081 1082 0
716 1081 1103 0
716 1103 2934 0
719 721 722 0
720 721 722 0
720 722 728 0
720 728 729 0
720 729 1072 0
722 725 728 0
723 741 745 0
723 741 2888 0
723 745 750 0
723 750 2892 0
723 2888 2892 0
724 727 739 0
724 727 1074 0
724 739 1104 0
724 1074 1075 0
724 1075 1076 0
724 1076 1104 0
725 727 728 0
725 727 1074 0
725 1074 1075 0
725 1075 1078 0
726 727 740 0
726 727 1071 0
726 729 731 0
726 729 1071 0
726 731 737 0
726 737 738 0
726 738 740 0
727 728 1071 0
727 739 740 0
728 729 1071 0
729 731 733 0
729 732 733 0
729 732 1072 0
730 731 733 0
730 731 737 0
730 733 734 0
730 734 2859 0
730 736 737 0
730 736 2861 0
730 2858 2859 0
730 2858 2860 0
730 2860 2861 0
732 733 734 0
732 734 735 0
732 735 1073 0
732 1072 1073 0
734 735 1069 0
735 1069 1070 0
736 737 738 0
736 738 2900 0
736 2861 2898 0
736 2898 2900 0
738 739 740 0
738 739 741 0
738 741 2900 0
739 741 744 0
739 744 1104 0
741 744 745 0
741 2888 2900 0
742 744 745 0
742 744 1066 0
742 745 749 0
742 749 758 0
742 758 1068 0
742 1066 1068 0
743 777 1098 0
743 1098 1099 0
743 1099 1100 0
744 1066 1104 0
745 749 750 0
746 781 783 0
746 781 816 0
746 783 785 0
746 785 788 0
746 788 792 0
746 792 815 0
746 815 816 0
747 754 756 0
747 754 2881 0
747 756 768 0
747 768 787 0
747 787 2880 0
747 2880 2881 0
748 749 750 0
748 749 754 0
748 750 752 0
748 752 2883 0
748 754 2881 0
748 2881 2883 0
749 754 756 0
749 756 758 0
750 752 2892 0
751 752 2883 0
751 752 2892 0
751 753 2883 0
751 753 2901 0
751 2889 2890 0
751 2889 2892 0
751 2890 2901 0
753 800 803 0
753 800 2882 0
753 803 2901 0
753 2882 2883 0
755 756 757 0
755 756 768 0
755 757 761 0
755 761 765 0
755 765 767 0
755 767 768 0
756 757 758 0
757 758 1068 0
757 761 1067 0
757 1067 1068 0
759 1083 1090 0
759 1090 3012 0
759 3011 3012 0
760 761 1063 0
760 761 1094 0
760 1063 1097 0
760 1091 1094 0
760 1091 1096 0
760 1096 1097 0
761 765 1063 0
761 1067 1094 0
762 764 769 0
762 764 778 0
762 769 771 0
762 771 774 0
762 774 776 0
762 776 778 0
763 780 1109 0
763 1048 1109 0
764 765 769 0
764 765 1063 0
764 778 1097 0
764 1063 1097 0
765 767 769 0
766 767 769 0
766 767 787 0
766 769 771 0
766 771 772 0
766 772 786 0
766 786 787 0
767 768 787 0
770 771 772 0
770 771 774 0
770 772 782 0
770 774 1108 0
770 782 821 0
770 821 1108 0
772 782 783 0
772 783 786 0
773 774 779 0
773 774 1108 0
773 779 1109 0
773 1108 1109 0
774 776 779 0
775 776 777 0
775 776 779 0
775 779 780 0
776 777 1098 0
776 778 1098 0
778 1097 1098 0
779 780 1109 0
781 782 783 0
781 782 821 0
781 816 820 0
781 820 821 0
783 785 786 0
784 785 786 0
784 785 788 0
784 786 787 0
784 787 2880 0
784 788 809 0
784 809 2880 0
788 792 795 0
788 795 809 0
789 837 1020 0
789 837 1028 0
789 953 1024 0
789 953 1029 0
789 1020 1023 0
789 1022 1023 0
789 1022 1024 0
789 1028 1029 0
790 812 822 0
790 812 1032 0
790 822 823 0
790 823 834 0
790 834 1033 0
790 1032 1033 0
791 792 794 0
791 792 1056 0
791 794 811 0
791 811 812 0
791 812 822 0
791 822 1056 0
792 794 795 0
792 815 1056 0
793 794 795 0
793 794 1062 0
793 795 797 0
793 797 806 0
793 806 1057 0
793 1057 1062 0
794 811 1062 0
795 797 809 0
796 797 799 0
796 797 806 0
796 799 800 0
796 800 802 0
796 802 807 0
796 806 807 0
797 799 809 0
798 799 800 0
798 799 809 0
798 800 2882 0
798 809 2880 0
798 2880 2882 0
800 802 803 0
801 802 803 0
801 802 808 0
801 803 2901 0
801 808 2894 0
801 2891 2893 0
801 2891 2901 0
801 2893 2894 0
802 807 808 0
804 805 808 0
804 805 1184 0
804 808 2894 0
804 1138 1184 0
804 1138 2895 0
804 2894 2895 0
805 806 807 0
805 806 1036 0
805 807 808 0
805 1036 1110 0
805 1110 1184 0
806 1036 1058 0
806 1057 1058 0
810 811 812 0
810 811 1062 0
810 812 1032 0
810 1032 1061 0
810 1057 1061 0
810 1057 1062 0
813 822 823 0
813 822 1056 0
813 823 825 0
813 825 1055 0
813 1055 1056 0
814 815 816 0
814 815 1056 0
814 816 1038 0
814 1037 1038 0
814 1037 1055 0
814 1055 1056 0
816 820 1038 0
817 902 921 0
817 920 921 0
818 1039 1040 0
818 1039 1042 0
818 1040 1105 0
818 1042 1106 0
818 1105 1106 0
819 820 821 0
819 820 1038 0
819 821 1043 0
819 1038 1040 0
819 1040 1041 0
819 1041 1043 0
821 1043 1047 0
821 1047 1108 0
823 825 828 0
823 828 833 0
823 833 834 0
824 825 827 0
824 825 1037 0
824 827 841 0
824 841 842 0
824 842 1042 0
824 1037 1039 0
824 1039 1042 0
825 827 828 0
825 1037 1055 0
826 827 828 0
826 827 847 0
826 828 830 0
826 830 839 0
826 839 843 0
826 843 847 0
827 841 847 0
828 830 833 0
829 830 832 0
829 830 1030 0
829 832 837 0
829 837 1028 0
829 850 1026 0
829 850 1030 0
829 1026 1028 0
830 832 833 0
830 839 1030 0
831 832 833 0
831 832 837 0
831 833 834 0
831 834 836 0
831 836 1031 0
831 837 1031 0
834 836 1033 0
835 836 1019 0
835 836 1032 0
835 1019 1116 0
835 1032 1060 0
835 1060 1114 0
835 1114 1116 0
836 1019 1031 0
836 1032 1033 0
837 1020 1031 0
838 839 848 0
838 839 850 0
838 848 2879 0
838 849 859 0
838 849 2879 0
838 850 854 0
838 854 859 0
839 843 848 0
839 850 1030 0
840 841 842 0
840 841 847 0
840 842 915 0
840 846 847 0
840 846 914 0
840 914 915 0
842 915 1106 0
842 1042 1106 0
843 846 847 0
843 846 2879 0
843 848 2879 0
844 849 931 0
844 849 2873 0
844 907 911 0
844 907 931 0
844 911 917 0
844 917 2873 0
845 846 914 0
845 846 2879 0
845 914 917 0
845 917 2873 0
845 2873 2879 0
849 859 929 0
849 926 929 0
849 926 931 0
849 2873 2879 0
850 854 856 0
850 855 856 0
850 855 1026 0
851 873 879 0
851 873 3013 0
851 879 881 0
852 860 863 0
852 860 944 0
852 863 866 0
852 866 874 0
852 874 944 0
853 854 856 0
853 854 2878 0
853 856 857 0
853 857 860 0
853 860 862 0
853 862 2878 0
854 859 2878 0
855 856 857 0
855 857 955 0
855 955 1027 0
855 1026 1027 0
857 860 944 0
857 944 2871 0
857 955 2871 0
858 859 929 0
858 859 2878 0
858 928 929 0
858 928 930 0
858 930 2878 0
860 862 863 0
861 862 863 0
861 862 930 0
861 863 865 0
861 865 877 0
861 877 927 0
861 927 930 0
862 930 2878 0
863 865 866 0
864 865 866 0
864 865 878 0
864 866 871 0
864 871 873 0
864 873 879 0
864 878 879 0
865 877 878 0
866 871 874 0
867 938 939 0
867 938 943 0
867 941 943 0
868 872 940 0
868 872 945 0
868 940 942 0
868 942 974 0
868 945 975 0
868 974 975 0
869 871 872 0
869 871 937 0
869 872 940 0
869 937 938 0
869 938 940 0
870 937 938 0
870 937 3013 0
870 938 939 0
871 872 874 0
871 873 937 0
872 874 944 0
872 944 945 0
873 937 3013 0
875 890 891 0
875 890 932 0
875 932 935 0
876 878 936 0
876 878 2877 0
876 933 934 0
876 933 936 0
876 934 2877 0
877 878 936 0
877 923 927 0
877 923 936 0
878 879 2877 0
879 881 2877 0
880 881 2877 0
880 934 935 0
880 934 2877 0
882 898 899 0
882 899 2874 0
882 904 2874 0
883 884 886 0
883 884 924 0
883 886 892 0
883 892 2876 0
883 924 2875 0
883 2875 2876 0
884 886 933 0
884 923 924 0
884 923 936 0
884 933 936 0
885 886 893 0
885 886 933 0
885 893 932 0
885 932 934 0
885 933 934 0
886 892 893 0
887 888 889 0
887 888 890 0
887 889 895 0
887 890 893 0
887 892 893 0
887 892 897 0
887 895 897 0
888 890 891 0
890 893 932 0
892 897 899 0
892 899 2876 0
894 895 896 0
894 895 897 0
894 897 898 0
897 898 899 0
899 2874 2876 0
900 901 902 0
900 901 904 0
900 902 903 0
900 903 906 0
900 904 2874 0
900 906 2875 0
900 2874 2875 0
902 903 921 0
903 906 907 0
903 907 912 0
903 912 921 0
905 906 907 0
905 906 2875 0
905 907 931 0
905 925 926 0
905 925 2875 0
905 926 931 0
907 911 912 0
908 910 919 0
908 910 920 0
908 911 912 0
908 911 918 0
908 912 920 0
908 918 919 0
909 916 919 0
909 916 1054 0
909 919 2872 0
909 1051 1054 0
910 919 2872 0
911 917 918 0
912 920 921 0
913 914 915 0
913 914 917 0
913 915 916 0
913 916 919 0
913 917 918 0
913 918 919 0
915 916 1107 0
915 1106 1107 0
916 1054 1107 0
922 923 924 0
922 923 927 0
922 924 925 0
922 925 926 0
922 926 928 0
922 927 928 0
924 925 2875 0
926 928 929 0
927 928 930 0
932 934 935 0
938 940 943 0
940 942 943 0
941 943 972 0
941 972 973 0
942 943 972 0
942 970 972 0
942 970 974 0
944 945 948 0
944 948 2871 0
945 948 975 0
946 956 957 0
946 956 986 0
946 957 980 0
946 980 982 0
946 982 984 0
946 983 984 0
946 983 988 0
946 986 988 0
947 948 950 0
947 948 976 0
947 950 1025 0
947 957 959 0
947 957 1025 0
947 959 976 0
948 950 954 0
948 954 2871 0
948 975 976 0
949 950 952 0
949 950 956 0
949 952 1024 0
949 956 987 0
949 987 1022 0
949 1022 1024 0
950 952 954 0
950 956 1025 0
951 952 953 0
951 952 954 0
951 953 955 0
951 954 2871 0
951 955 2871 0
952 953 1024 0
953 955 1027 0
953 1027 1029 0
956 957 1025 0
956 986 987 0
957 959 962 0
957 962 980 0
958 959 962 0
958 959 970 0
958 962 966 0
958 966 967 0
958 967 971 0
958 970 971 0
959 970 976 0
960 962 966 0
960 962 980 0
960 964 966 0
960 964 979 0
960 978 979 0
960 978 1005 0
960 980 982 0
960 982 1005 0
961 1476 1477 0
961 1476 1478 0
963 977 1485 0
963 1483 1484 0
963 1483 1485 0
964 966 967 0
964 967 968 0
964 968 969 0
964 969 979 0
965 968 969 0
965 969 977 0
969 977 1485 0
969 979 1488 0
969 1485 1488 0
970 971 972 0
970 974 976 0
971 972 973 0
974 975 976 0
978 979 1488 0
978 1004 1005 0
978 1004 1486 0
978 1486 1488 0
981 984 994 0
981 984 1006 0
981 994 997 0
981 997 1001 0
981 1001 1006 0
982 984 1006 0
982 1005 1006 0
983 984 994 0
983 988 993 0
983 993 994 0
985 986 987 0
985 986 988 0
985 987 1016 0
985 988 992 0
985 992 1013 0
985 1013 1016 0
987 1016 1022 0
988 992 993 0
989 1395 1415 0
989 1395 1445 0
989 1408 1409 0
989 1408 1445 0
989 1409 1435 0
989 1415 1435 0
990 995 1010 0
990 995 1427 0
990 1010 1441 0
990 1422 1427 0
990 1422 1441 0
991 992 993 0
991 992 1009 0
991 993 994 0
991 994 1007 0
991 1007 1010 0
991 1009 1010 0
992 1009 1012 0
992 1012 1013 0
994 997 998 0
994 998 1007 0
995 998 1007 0
995 998 1424 0
995 1007 1010 0
995 1424 1427 0
996 997 1002 0
996 997 1454 0
996 1002 2869 0
996 1452 1453 0
996 1452 1456 0
996 1453 1454 0
996 1456 2869 0
997 998 1454 0
997 1001 1002 0
998 1424 1454 0
999 1423 1424 0
999 1423 1426 0
999 1424 1454 0
999 1425 1426 0
999 1425 1453 0
999 1453 1454 0
1000 1001 1004 0
1000 1001 2869 0
1000 1004 1486 0
1000 1479 1480 0
1000 1479 1486 0
1000 1480 2870 0
1000 2869 2870 0
1001 1002 2869 0
1001 1004 1006 0
1003 1455 1456 0
1003 1455 1461 0
1003 1456 2869 0
1003 1461 1471 0
1003 1471 2870 0
1003 2869 2870 0
1004 1005 1006 0
1008 1009 1010 0
1008 1009 1012 0
1008 1010 1441 0
1008 1012 1438 0
1008 1438 1442 0
1008 1441 1442 0
1011 1012 1013 0
1011 1012 1438 0
1011 1013 1015 0
1011 1015 1017 0
1011 1017 1448 0
1011 1437 1438 0
1011 1437 1448 0
1013 1015 1016 0
1014 1015 1016 0
1014 1015 1017 0
1014 1016 1022 0
1014 1017 1021 0
1014 1020 1021 0
1014 1020 1023 0
1014 1022 1023 0
1017 1021 2868 0
1017 1187 1448 0
1017 1187 2868 0
1018 1019 1031 0
1018 1019 1116 0
1018 1020 1021 0
1018 1020 1031 0
1018 1021 2868 0
1018 1116 2868 0
1026 1027 1029 0
1026 1028 1029 0
1032 1060 1061 0
1034 1111 1112 0
1034 1111 1126 0
1034 1112 1113 0
1034 1113 1120 0
1034 1120 1124 0
1034 1124 1126 0
1035 1036 1058 0
1035 1036 1110 0
1035 1058 1115 0
1035 1110 1111 0
1035 1111 1112 0
1035 1112 1115 0
1037 1038 1039 0
1038 1039 1040 0
1040 1041 1105 0
1041 1043 1045 0
1041 1045 1049 0
1041 1049 1052 0
1041 1052 1105 0
1043 1045 1047 0
1044 1045 1046 0
1044 1045 1049 0
1044 1046 1048 0
1045 1046 1047 0
1046 1047 1108 0
1046 1048 1109 0
1046 1108 1109 0
1050 1051 1052 0
1050 1051 1054 0
1050 1052 1105 0
1050 1054 1107 0
1050 1105 1106 0
1050 1106 1107 0
1051 1052 1053 0
1057 1058 1115 0
1057 1061 1115 0
1059 1060 1061 0
1059 1060 1114 0
1059 1061 1115 0
1059 1113 1114 0
1059 1113 1115 0
1064 1065 1077 0
1064 1065 1093 0
1064 1075 1076 0
1064 1075 1080 0
1064 1076 1077 0
1064 1079 1080 0
1064 1079 1088 0
1064 1088 1092 0
1064 1092 1093 0
1065 1066 1068 0
1065 1066 1077 0
1065 1067 1068 0
1065 1067 1093 0
1066 1076 1077 0
1066 1076 1104 0
1067 1093 1094 0
1075 1078 1080 0
1078 1080 1081 0
1078 1081 1082 0
1079 1080 1081 0
1079 1081 1085 0
1079 1085 1087 0
1079 1087 1088 0
1081 1085 1103 0
1083 1089 1090 0
1083 1089 1101 0
1084 1085 1087 0
1084 1085 1103 0
1084 1087 1089 0
1084 1089 1101 0
1084 1101 2941 0
1084 1102 1103 0
1084 1102 2941 0
1086 1087 1088 0
1086 1087 1089 0
1086 1088 1092 0
1086 1089 1090 0
1086 1090 1091 0
1086 1091 1092 0
1090 1091 3012 0
1091 1092 1094 0
1091 1096 3012 0
1092 1093 1094 0
1095 1096 1099 0
1095 1096 3012 0
1095 1099 1100 0
1095 3011 3012 0
1096 1097 1099 0
1097 1098 1099 0
1102 1103 2934 0
1102 2933 2934 0
1102 2933 2936 0
1102 2936 2939 0
1102 2939 2941 0
1110 1111 1136 0
1110 1136 1184 0
1111 1126 1185 0
1111 1136 1185 0
1112 1113 1115 0
1113 1114 1120 0
1114 1116 1119 0
1114 1119 1120 0
1116 1119 1187 0
1116 1187 2868 0
1117 1118 1121 0
1117 1118 1439 0
1117 1121 1123 0
1117 1123 1125 0
1117 1125 1436 0
1117 1436 1439 0
1118 1119 1121 0
1118 1119 1187 0
1118 1187 1448 0
1118 1439 1448 0
1119 1120 1121 0
1120 1121 1124 0
1121 1123 1124 0
1122 1123 1124 0
1122 1123 1125 0
1122 1124 1126 0
1122 1125 1130 0
1122 1126 1129 0
1122 1129 1130 0
1125 1130 1444 0
1125 1405 1410 0
1125 1405 1444 0
1125 1410 1436 0
1126 1129 1135 0
1126 1135 1185 0
1127 1132 1134 0
1127 1132 1402 0
1127 1134 1169 0
1127 1169 1520 0
1127 1402 1519 0
1127 1519 1520 0
1128 1129 1130 0
1128 1129 1135 0
1128 1130 1131 0
1128 1131 1132 0
1128 1132 1134 0
1128 1134 1186 0
1128 1135 1186 0
1130 1131 1444 0
1131 1132 1402 0
1131 1402 1404 0
1131 1404 1444 0
1133 1137 1140 0
1133 1137 1186 0
1133 1140 1179 0
1133 1170 1179 0
1133 1170 1186 0
1134 1169 1170 0
1134 1170 1186 0
1135 1136 1137 0
1135 1136 1185 0
1135 1137 1186 0
1136 1137 1138 0
1136 1138 1184 0
1137 1138 1140 0
1138 1139 1140 0
1138 1139 2867 0
1138 2867 2895 0
1139 1140 1145 0
1139 1145 1146 0
1139 1146 2867 0
1140 1142 1145 0
1140 1142 1179 0
1141 1142 1144 0
1141 1142 1178 0
1141 1144 1151 0
1141 1151 1175 0
1141 1174 1175 0
1141 1174 1178 0
1142 1144 1145 0
1142 1171 1178 0
1142 1171 1179 0
1143 1144 1145 0
1143 1144 1151 0
1143 1145 1146 0
1143 1146 1149 0
1143 1149 1150 0
1143 1150 1151 0
1146 1149 2843 0
1147 2827 2842 0
1147 2827 2844 0
1147 2835 2838 0
1147 2835 2844 0
1147 2838 2841 0
1147 2841 2842 0
1148 1149 1150 0
1148 1149 2843 0
1148 1150 2825 0
1148 2823 2825 0
1148 2823 2827 0
1148 2827 2842 0
1148 2842 2843 0
1150 1151 2826 0
1150 2825 2826 0
1151 1152 1175 0
1151 1152 2826 0
1152 1154 1175 0
1152 2822 2826 0
1153 1154 1156 0
1153 1154 1176 0
1153 1156 1159 0
1153 1159 1160 0
1153 1160 1162 0
1153 1162 1177 0
1153 1176 1177 0
1154 1156 1157 0
1154 1175 1176 0
1155 1156 1157 0
1155 1156 1192 0
1155 1157 1197 0
1155 1191 1192 0
1155 1191 1195 0
1155 1195 1197 0
1156 1159 1192 0
1157 1197 2820 0
1158 1159 1160 0
1158 1159 1192 0
1158 1160 1181 0
1158 1181 1190 0
1158 1190 1191 0
1158 1191 1192 0
1160 1162 1165 0
1160 1165 1180 0
1160 1180 1181 0
1161 1162 1164 0
1161 1162 1177 0
1161 1164 1167 0
1161 1167 1168 0
1161 1168 1173 0
1161 1173 1174 0
1161 1174 1177 0
1162 1164 1165 0
1163 1164 1165 0
1163 1164 1524 0
1163 1165 1527 0
1163 1524 1555 0
1163 1526 1527 0
1163 1526 1550 0
1163 1550 1555 0
1164 1167 1524 0
1165 1180 1527 0
1166 1167 1168 0
1166 1167 1524 0
1166 1168 1523 0
1166 1518 1522 0
1166 1518 1523 0
1166 1521 1522 0
1166 1521 1524 0
1168 1172 1173 0
1168 1172 1520 0
1168 1516 1520 0
1168 1516 1523 0
1169 1170 1172 0
1169 1172 1520 0
1170 1171 1172 0
1170 1171 1179 0
1171 1172 1173 0
1171 1173 1178 0
1173 1174 1178 0
1174 1175 1176 0
1174 1176 1177 0
1181 1183 1190 0
1181 1183 1549 0
1182 1183 1189 0
1182 1183 1548 0
1182 1189 1213 0
1182 1213 1217 0
1182 1217 1532 0
1182 1532 1548 0
1183 1189 1190 0
1183 1548 1549 0
1188 1189 1190 0
1188 1189 1208 0
1188 1190 1191 0
1188 1191 1194 0
1188 1194 1209 0
1188 1208 1209 0
1189 1208 1213 0
1191 1194 1195 0
1193 1194 1195 0
1193 1194 1198 0
1193 1195 1196 0
1193 1196 1202 0
1193 1198 1201 0
1193 1199 1201 0
1193 1199 1202 0
1194 1198 1209 0
1195 1196 1197 0
1196 1197 2819 0
1198 1201 1210 0
1198 1209 1210 0
1199 1200 1201 0
1199 1200 1204 0
1199 1202 1203 0
1199 1203 1204 0
1206 1210 2817 0
1206 1210 2996 0
1206 2817 3010 0
1206 2994 2996 0
1206 2994 3010 0
1207 1208 1209 0
1207 1208 1213 0
1207 1209 2817 0
1207 1213 1214 0
1207 1214 2817 0
1209 1210 2817 0
1211 1212 1214 0
1211 1212 1218 0
1211 1214 3010 0
1211 1218 1219 0
1211 1219 1220 0
1211 1220 3010 0
1212 1213 1214 0
1212 1213 1217 0
1212 1217 1218 0
1214 2817 3010 0
1215 1216 1218 0
1215 1216 1226 0
1215 1218 1219 0
1215 1219 1228 0
1215 1226 1227 0
1215 1227 1228 0
1216 1217 1218 0
1216 1217 1532 0
1216 1226 1534 0
1216 1532 1545 0
1216 1534 1545 0
1219 1220 1221 0
1222 1261 1262 0
1222 1261 1289 0
1222 1262 1273 0
1222 1273 1276 0
1222 1275 1276 0
1222 1275 1290 0
1222 1289 1290 0
1223 1242 1243 0
1223 1242 1258 0
1223 1243 1539 0
1223 1258 1286 0
1223 1286 1287 0
1223 1287 1539 0
1224 1227 1245 0
1224 1227 1246 0
1224 1239 1244 0
1224 1239 1246 0
1224 1244 1245 0
1225 1226 1227 0
1225 1226 1534 0
1225 1227 1245 0
1225 1243 1245 0
1225 1243 1539 0
1225 1534 1538 0
1225 1538 1539 0
1227 1228 1229 0
1227 1229 1246 0
1229 1235 1237 0
1229 1235 1246 0
1230 1233 1234 0
1230 1233 1240 0
1230 1234 2794 0
1230 1240 2793 0
1230 2793 2794 0
1231 1233 1235 0
1231 1233 1240 0
1231 1235 1246 0
1231 1239 1240 0
1231 1239 1246 0
1232 1233 1235 0
1232 1233 2816 0
1232 1235 1237 0
1232 1236 1237 0
1233 1234 2816 0
1234 2794 2796 0
1234 2796 2798 0
1234 2798 2816 0
1238 1239 1242 0
1238 1239 2815 0
1238 1242 1258 0
1238 1258 1259 0
1238 1259 1307 0
1238 1307 2815 0
1239 1240 2815 0
1239 1242 1244 0
1240 2793 2815 0
1241 1248 1251 0
1241 1248 1307 0
1241 1251 2792 0
1241 1307 2815 0
1241 2792 2793 0
1241 2793 2815 0
1242 1243 1244 0
1243 1244 1245 0
1247 1248 1250 0
1247 1248 1260 0
1247 1250 1255 0
1247 1255 2806 0
1247 1256 1263 0
1247 1256 2806 0
1247 1260 1263 0
1248 1250 1251 0
1248 1260 1307 0
1249 1250 1251 0
1249 1250 1255 0
1249 1251 1621 0
1249 1255 1618 0
1249 1607 1619 0
1249 1607 1621 0
1249 1618 1619 0
1251 1253 1621 0
1251 1253 2792 0
1252 1608 1610 0
1252 1608 2795 0
1252 1610 1615 0
1252 1615 2791 0
1252 2791 2795 0
1253 1608 1621 0
1253 1608 2795 0
1253 2792 2795 0
1254 1255 1618 0
1254 1255 2806 0
1254 1618 2807 0
1254 2802 2806 0
1254 2802 2807 0
1256 1262 1263 0
1256 1262 1266 0
1256 1266 2801 0
1256 2801 2802 0
1256 2802 2806 0
1257 1258 1259 0
1257 1258 1303 0
1257 1259 1260 0
1257 1260 1261 0
1257 1261 1289 0
1257 1288 1289 0
1257 1288 1303 0
1258 1286 1303 0
1259 1260 1307 0
1260 1261 1263 0
1261 1262 1263 0
1262 1266 1273 0
1264 1269 1271 0
1264 1269 1306 0
1264 1271 1578 0
1264 1306 1579 0
1264 1578 1579 0
1265 1266 1268 0
1265 1266 1273 0
1265 1268 1306 0
1265 1273 1276 0
1265 1276 1306 0
1266 1268 2801 0
1267 1268 1269 0
1267 1268 2801 0
1267 1269 1271 0
1267 1271 3008 0
1267 2801 2803 0
1267 2803 3008 0
1268 1269 1306 0
1270 1271 1272 0
1270 1271 3008 0
1270 1272 1585 0
1270 1585 2809 0
1270 2809 3008 0
1271 1272 1578 0
1272 1576 1578 0
1272 1576 1581 0
1272 1581 1584 0
1272 1584 1585 0
1274 1275 1280 0
1274 1275 1292 0
1274 1280 1282 0
1274 1282 1284 0
1274 1284 1294 0
1274 1291 1292 0
1274 1291 1294 0
1275 1276 1278 0
1275 1278 1280 0
1275 1290 1292 0
1276 1278 1279 0
1276 1279 1306 0
1277 1278 1279 0
1277 1278 1280 0
1277 1279 1575 0
1277 1280 1282 0
1277 1282 1580 0
1277 1574 1575 0
1277 1574 1580 0
1279 1306 1579 0
1279 1575 1579 0
1281 1282 1580 0
1281 1282 2812 0
1281 1352 1353 0
1281 1352 2812 0
1281 1353 1580 0
1282 1284 2812 0
1283 1295 1305 0
1283 1295 1312 0
1283 1305 1313 0
1283 1312 1313 0
1284 1294 1295 0
1284 1295 1305 0
1284 1305 2812 0
1285 1286 1287 0
1285 1286 1303 0
1285 1287 1543 0
1285 1288 1303 0
1285 1288 2813 0
1285 1302 1543 0
1285 1302 2813 0
1287 1538 1539 0
1287 1538 1540 0
1287 1540 1541 0
1287 1541 1543 0
1288 1289 1290 0
1288 1290 2813 0
1290 1292 2813 0
1291 1292 2813 0
1291 1293 1294 0
1291 1293 1301 0
1291 1301 2814 0
1291 2813 2814 0
1293 1294 1295 0
1293 1295 1297 0
1293 1297 1300 0
1293 1300 1301 0
1295 1297 1298 0
1295 1298 1312 0
1296 1297 1298 0
1296 1297 1557 0
1296 1298 1374 0
1296 1374 1377 0
1296 1377 1557 0
1297 1300 1557 0
1298 1311 1312 0
1298 1311 1373 0
1298 1373 1374 0
1299 1300 1301 0
1299 1300 1557 0
1299 1301 2814 0
1299 1302 1556 0
1299 1302 2814 0
1299 1381 1386 0
1299 1381 1557 0
1299 1386 1556 0
1302 1543 1556 0
1302 2813 2814 0
1304 1305 1313 0
1304 1305 2812 0
1304 1313 1351 0
1304 1350 1351 0
1304 1350 1352 0
1304 1352 2812 0
1308 1321 1325 0
1308 1321 1509 0
1308 1325 1328 0
1308 1328 1329 0
1308 1329 1506 0
1308 1506 1509 0
1309 1314 1317 0
1309 1314 1355 0
1309 1317 1320 0
1309 1320 1326 0
1309 1326 1355 0
1310 1311 1313 0
1310 1311 1314 0
1310 1313 1351 0
1310 1314 1330 0
1310 1330 1354 0
1310 1351 1354 0
1311 1312 1313 0
1311 1314 1316 0
1311 1316 1373 0
1314 1316 1317 0
1314 1330 1355 0
1315 1316 1317 0
1315 1316 1372 0
1315 1317 1319 0
1315 1319 1358 0
1315 1358 1367 0
1315 1367 1372 0
1316 1372 1373 0
1317 1319 1320 0
1318 1319 1320 0
1318 1319 1365 0
1318 1320 1321 0
1318 1321 1509 0
1318 1365 1508 0
1318 1508 1509 0
1319 1358 1365 0
1320 1321 1326 0
1321 1325 1326 0
1322 1335 1337 0
1322 1335 1345 0
1322 1337 1339 0
1322 1339 1342 0
1322 1342 1343 0
1322 1343 1344 0
1322 1344 1345 0
1323 2250 2255 0
1323 2250 2259 0
1323 2255 2256 0
1324 1325 1326 0
1324 1325 1328 0
1324 1326 1331 0
1324 1328 3009 0
1324 1331 1345 0
1324 1344 1345 0
1324 1344 3009 0
1326 1331 1355 0
1327 1328 1329 0
1327 1328 3009 0
1327 1329 2299 0
1327 1346 2327 0
1327 1346 3009 0
1327 2299 2327 0
1329 1506 2302 0
1329 2299 2310 0
1329 2302 2310 0
1330 1331 1333 0
1330 1331 1355 0
1330 1333 1354 0
1331 1333 1345 0
1332 1333 1334 0
1332 1333 1335 0
1332 1334 1349 0
1332 1335 2811 0
1332 1349 2811 0
1333 1334 1354 0
1333 1335 1345 0
1334 1349 1350 0
1334 1350 1351 0
1334 1351 1354 0
1335 1337 2811 0
1336 1337 1339 0
1336 1337 2811 0
1336 1339 1565 0
1336 1560 1561 0
1336 1560 2811 0
1336 1561 1563 0
1336 1563 1565 0
1338 1339 1565 0
1338 1339 2232 0
1338 1565 2220 0
1338 2220 2226 0
1338 2226 2232 0
1339 1342 2232 0
1340 1342 1343 0
1340 1342 2232 0
1340 1343 1347 0
1340 1347 2228 0
1340 2227 2228 0
1340 2227 2232 0
1341 2274 2275 0
1341 2274 2279 0
1341 2279 2280 0
1343 1344 3009 0
1343 1347 3009 0
1346 1347 2228 0
1346 1347 3009 0
1346 2228 2296 0
1346 2296 2327 0
1348 1349 1350 0
1348 1349 1560 0
1348 1350 1352 0
1348 1352 1353 0
1348 1353 1559 0
1348 1559 1560 0
1349 1560 2811 0
1353 1559 1570 0
1353 1570 1573 0
1353 1573 1577 0
1353 1574 1577 0
1353 1574 1580 0
1356 1361 1363 0
1356 1361 1430 0
1356 1363 1515 0
1356 1428 1429 0
1356 1428 1515 0
1356 1429 1430 0
1357 1358 1360 0
1357 1358 1368 0
1357 1360 1361 0
1357 1361 1430 0
1357 1368 1370 0
1357 1370 1433 0
1357 1430 1433 0
1358 1360 1365 0
1358 1367 1368 0
1359 1360 1361 0
1359 1360 1365 0
1359 1361 1513 0
1359 1365 1508 0
1359 1507 1508 0
1359 1507 1513 0
1361 1363 1513 0
1362 1363 1364 0
1362 1363 1513 0
1362 1364 1468 0
1362 1468 1512 0
1362 1512 1513 0
1363 1364 1515 0
1364 1449 1451 0
1364 1449 1515 0
1364 1451 1467 0
1364 1467 1468 0
1366 1367 1368 0
1366 1367 1371 0
1366 1368 1370 0
1366 1370 1447 0
1366 1371 1378 0
1366 1378 1447 0
1367 1371 1372 0
1369 1370 1391 0
1369 1370 1433 0
1369 1391 1392 0
1369 1392 1514 0
1369 1431 1432 0
1369 1431 1514 0
1369 1432 1433 0
1370 1387 1391 0
1370 1387 1447 0
1374 1377 1379 0
1375 1380 1384 0
1375 1380 1388 0
1375 1384 1547 0
1375 1388 1554 0
1375 1547 1553 0
1375 1551 1553 0
1375 1551 1554 0
1376 1377 1379 0
1376 1377 1381 0
1376 1379 1380 0
1376 1380 1384 0
1376 1381 1383 0
1376 1383 1384 0
1377 1381 1557 0
1378 1379 1380 0
1378 1380 1446 0
1378 1446 1447 0
1380 1388 1446 0
1381 1383 1386 0
1382 1383 1384 0
1382 1383 1386 0
1382 1384 1547 0
1382 1385 1386 0
1382 1385 1542 0
1382 1535 1542 0
1382 1535 1546 0
1382 1546 1547 0
1385 1386 1556 0
1385 1541 1542 0
1385 1541 1556 0
1387 1388 1390 0
1387 1388 1446 0
1387 1390 1391 0
1387 1446 1447 0
1388 1390 1398 0
1388 1398 1554 0
1389 1390 1391 0
1389 1390 1398 0
1389 1391 1392 0
1389 1392 1394 0
1389 1394 1396 0
1389 1396 1399 0
1389 1398 1399 0
1392 1394 1395 0
1392 1395 1514 0
1393 1394 1395 0
1393 1394 1396 0
1393 1395 1445 0
1393 1396 1401 0
1393 1401 1407 0
1393 1407 1445 0
1395 1415 1431 0
1395 1431 1514 0
1396 1399 1518 0
1396 1401 1517 0
1396 1517 1518 0
1397 1398 1399 0
1397 1398 1554 0
1397 1399 1518 0
1397 1518 1522 0
1397 1522 1551 0
1397 1551 1554 0
1400 1401 1406 0
1400 1401 1517 0
1400 1402 1404 0
1400 1402 1519 0
1400 1404 1406 0
1400 1516 1517 0
1400 1516 1519 0
1401 1406 1407 0
1403 1404 1405 0
1403 1404 1406 0
1403 1405 1411 0
1403 1406 1408 0
1403 1408 1409 0
1403 1409 1411 0
1404 1405 1444 0
1405 1410 1411 0
1406 1407 1408 0
1407 1408 1445 0
1409 1411 1413 0
1409 1413 1414 0
1409 1414 1435 0
1410 1411 1413 0
1410 1413 1440 0
1410 1436 1440 0
1412 1413 1414 0
1412 1413 1440 0
1412 1414 1422 0
1412 1422 1441 0
1412 1440 1441 0
1414 1415 1417 0
1414 1415 1435 0
1414 1417 1421 0
1414 1421 1422 0
1415 1417 1434 0
1415 1431 1434 0
1416 1417 1419 0
1416 1417 1421 0
1416 1419 1420 0
1416 1420 1426 0
1416 1421 1423 0
1416 1423 1426 0
1417 1419 1434 0
1418 1419 1428 0
1418 1419 1434 0
1418 1428 1429 0
1418 1429 1432 0
1418 1431 1432 0
1418 1431 1434 0
1419 1420 1428 0
1420 1426 1449 0
1420 1428 1515 0
1420 1449 1515 0
1421 1422 1427 0
1421 1423 1427 0
1423 1424 1427 0
1425 1426 1449 0
1425 1449 1451 0
1425 1451 1452 0
1425 1452 1453 0
1429 1430 1433 0
1429 1432 1433 0
1436 1439 1443 0
1436 1440 1443 0
1437 1438 1442 0
1437 1439 1443 0
1437 1439 1448 0
1437 1442 1443 0
1440 1441 1442 0
1440 1442 1443 0
1450 1451 1452 0
1450 1451 1467 0
1450 1452 1455 0
1450 1455 1463 0
1450 1463 1466 0
1450 1466 1467 0
1452 1455 1456 0
1455 1461 1462 0
1455 1462 1463 0
1457 1496 1503 0
1457 1496 2315 0
1457 1501 1503 0
1457 1501 2317 0
1457 2314 2315 0
1457 2314 2317 0
1458 1490 1495 0
1458 1495 1499 0
1458 1499 1500 0
1459 1462 1463 0
1459 1462 1504 0
1459 1463 1465 0
1459 1465 2316 0
1459 1493 1504 0
1459 1493 2315 0
1459 2315 2316 0
1460 1461 1471 0
1460 1461 1504 0
1460 1470 1471 0
1460 1470 1475 0
1460 1472 1475 0
1460 1472 1492 0
1460 1492 1493 0
1460 1493 1504 0
1461 1462 1504 0
1463 1465 1466 0
1464 1465 1466 0
1464 1465 2313 0
1464 1466 1467 0
1464 1467 1468 0
1464 1468 2313 0
1465 2313 2316 0
1468 1469 1512 0
1468 1469 2313 0
1469 1510 1512 0
1469 1510 2308 0
1469 2308 2313 0
1470 1471 2870 0
1470 1475 1481 0
1470 1480 1481 0
1470 1480 2870 0
1472 1475 1476 0
1472 1476 1491 0
1472 1491 1492 0
1473 1478 1482 0
1473 1482 1483 0
1473 1483 1484 0
1474 1475 1476 0
1474 1475 1481 0
1474 1476 1478 0
1474 1478 1482 0
1474 1481 1482 0
1476 1477 1491 0
1477 1490 1491 0
1479 1480 1481 0
1479 1481 1482 0
1479 1482 1487 0
1479 1486 1487 0
1482 1483 1487 0
1483 1485 1487 0
1485 1487 1488 0
1486 1487 1488 0
1489 1490 1491 0
1489 1490 1495 0
1489 1491 1492 0
1489 1492 1493 0
1489 1493 1494 0
1489 1494 1495 0
1493 1494 1496 0
1493 1496 2315 0
1494 1495 1499 0
1494 1496 1503 0
1494 1499 1501 0
1494 1501 1503 0
1497 1498 1499 0
1497 1498 1502 0
1497 1499 1501 0
1497 1501 2317 0
1497 1502 2320 0
1497 2317 2318 0
1497 2318 2320 0
1498 1499 1500 0
1505 1506 1509 0
1505 1506 2302 0
1505 1509 1510 0
1505 1510 2308 0
1505 2302 2304 0
1505 2304 2308 0
1507 1508 1511 0
1507 1510 1511 0
1507 1510 1512 0
1507 1512 1513 0
1508 1509 1511 0
1509 1510 1511 0
1516 1517 1523 0
1516 1519 1520 0
1517 1518 1523 0
1521 1522 1552 0
1521 1524 1555 0
1521 1552 1555 0
1522 1551 1552 0
1525 1526 1529 0
1525 1526 1550 0
1525 1529 1546 0
1525 1546 1553 0
1525 1550 1552 0
1525 1552 1553 0
1526 1527 1528 0
1526 1528 1529 0
1527 1528 1549 0
1528 1529 1531 0
1528 1531 1532 0
1528 1532 1548 0
1528 1548 1549 0
1529 1531 1536 0
1529 1536 1546 0
1530 1531 1533 0
1530 1531 1537 0
1530 1533 1534 0
1530 1534 1544 0
1530 1537 1540 0
1530 1540 1544 0
1531 1532 1533 0
1531 1536 1537 0
1532 1533 1545 0
1533 1534 1545 0
1534 1538 1544 0
1535 1536 1537 0
1535 1536 1546 0
1535 1537 1540 0
1535 1540 1542 0
1538 1540 1544 0
1540 1541 1542 0
1541 1543 1556 0
1546 1547 1553 0
1550 1552 1555 0
1551 1552 1553 0
1558 1559 1560 0
1558 1559 1570 0
1558 1560 1561 0
1558 1561 1566 0
1558 1566 2810 0
1558 1570 2810 0
1561 1563 1566 0
1562 1563 1565 0
1562 1563 2208 0
1562 1565 2502 0
1562 2208 2502 0
1563 1564 1566 0
1563 1564 2208 0
1564 1566 1568 0
1564 1568 2206 0
1564 2206 2207 0
1564 2207 2208 0
1565 2220 2502 0
1566 1568 2810 0
1567 1572 1583 0
1567 1572 2198 0
1567 1583 2190 0
1567 2190 2197 0
1567 2197 2198 0
1568 1569 2198 0
1568 1569 2810 0
1568 2198 2205 0
1568 2205 2206 0
1569 1570 1573 0
1569 1570 2810 0
1569 1572 1573 0
1569 1572 2198 0
1571 1572 1573 0
1571 1572 1583 0
1571 1573 1577 0
1571 1577 1581 0
1571 1581 1584 0
1571 1583 1584 0
1574 1575 1576 0
1574 1576 1577 0
1575 1576 1578 0
1575 1578 1579 0
1576 1577 1581 0
1582 1583 1584 0
1582 1583 2192 0
1582 1584 2808 0
1582 2192 3005 0
1582 2808 3005 0
1583 2190 2192 0
1584 1585 2808 0
1585 2808 2809 0
1586 1590 1591 0
1586 1590 1598 0
1586 1591 2185 0
1586 1598 2182 0
1586 2181 2182 0
1586 2181 2185 0
1587 1590 1591 0
1587 1590 1592 0
1587 1591 2808 0
1587 1592 2809 0
1587 2808 2809 0
1588 1592 1597 0
1588 1592 3008 0
1588 1597 2805 0
1588 2803 2805 0
1588 2803 3008 0
1589 1590 1592 0
1589 1590 1598 0
1589 1592 1597 0
1589 1597 1598 0
1591 2185 2186 0
1591 2186 3005 0
1591 2808 3005 0
1592 2809 3008 0
1593 2066 2069 0
1593 2066 2564 0
1593 2069 2080 0
1593 2078 2080 0
1593 2078 2565 0
1593 2564 2565 0
1594 1599 1601 0
1594 1599 2503 0
1594 1601 2101 0
1594 2101 2105 0
1594 2105 2503 0
1595 1596 1597 0
1595 1596 1599 0
1595 1597 1598 0
1595 1598 2182 0
1595 1599 2503 0
1595 2182 2503 0
1596 1597 2805 0
1596 1599 1602 0
1596 1602 1604 0
1596 1604 2805 0
1599 1601 1602 0
1600 1601 1602 0
1600 1601 2565 0
1600 1602 1604 0
1600 1604 2079 0
1600 2079 2565 0
1601 2066 2101 0
1601 2066 2564 0
1601 2564 2565 0
1603 1604 1620 0
1603 1604 2805 0
1603 1620 2800 0
1603 2800 2804 0
1603 2804 2805 0
1604 1605 1620 0
1604 1605 2079 0
1605 1616 1617 0
1605 1616 2071 0
1605 1617 1620 0
1605 2071 2079 0
1606 1607 1608 0
1606 1607 1616 0
1606 1608 1610 0
1606 1609 1610 0
1606 1609 2075 0
1606 1616 2071 0
1606 2071 2072 0
1606 2072 2075 0
1607 1608 1621 0
1607 1616 1619 0
1609 1610 1611 0
1609 1611 1613 0
1609 1613 2099 0
1609 2075 2099 0
1610 1611 1615 0
1611 1613 1623 0
1611 1615 1622 0
1611 1622 1623 0
1612 1613 1623 0
1612 1613 2099 0
1612 1623 1628 0
1612 1628 2100 0
1612 2099 2100 0
1614 1615 1622 0
1614 1615 2791 0
1614 1622 2797 0
1614 2791 2796 0
1614 2796 2797 0
1616 1617 1619 0
1617 1618 1619 0
1617 1618 2807 0
1617 1620 2807 0
1620 2800 2807 0
1622 1623 1624 0
1622 1624 1627 0
1623 1624 1625 0
1623 1625 1628 0
1625 1626 1628 0
1626 1629 1632 0
1626 1631 1632 0
1629 1632 1636 0
1630 1631 1632 0
1630 1631 1995 0
1630 1632 1634 0
1630 1634 1640 0
1630 1640 1994 0
1630 1994 1995 0
1631 1995 2087 0
1632 1634 1636 0
1633 1634 1637 0
1633 1634 1641 0
1633 1637 2790 0
1633 1641 1643 0
1633 1643 1646 0
1633 1646 2790 0
1634 1636 1637 0
1634 1640 1641 0
1635 1995 2086 0
1635 1995 2087 0
1635 2084 2085 0
1635 2084 2087 0
1635 2085 2086 0
1636 1637 1638 0
1637 1638 2790 0
1638 1647 2790 0
1639 1640 1662 0
1639 1640 1993 0
1639 1656 1662 0
1639 1656 1982 0
1639 1982 1984 0
1639 1984 1993 0
1640 1641 1662 0
1640 1993 1994 0
1641 1643 1662 0
1642 1643 1645 0
1642 1643 1662 0
1642 1645 1653 0
1642 1653 1655 0
1642 1655 1656 0
1642 1656 1662 0
1643 1645 1646 0
1644 1645 1646 0
1644 1645 1658 0
1644 1646 1647 0
1644 1647 1649 0
1644 1649 1657 0
1644 1657 1658 0
1645 1653 1658 0
1646 1647 2790 0
1647 1649 1713 0
1648 1649 1659 0
1648 1649 1713 0
1648 1659 1661 0
1648 1661 1663 0
1648 1663 1712 0
1648 1712 1713 0
1649 1657 1659 0
1650 1721 1722 0
1650 1721 1724 0
1650 1722 2784 0
1650 1724 1732 0
1650 1732 2785 0
1650 2784 2785 0
1651 2571 2572 0
1651 2571 2694 0
1651 2691 2695 0
1651 2694 2695 0
1652 1653 1658 0
1652 1653 2789 0
1652 1658 2784 0
1652 2784 2786 0
1652 2786 2789 0
1653 1655 2789 0
1654 1655 1980 0
1654 1655 2789 0
1654 1974 1980 0
1654 1974 2787 0
1654 2787 2789 0
1655 1656 1980 0
1656 1979 1980 0
1656 1979 1982 0
1657 1658 2784 0
1657 1659 1722 0
1657 1722 2784 0
1659 1661 1722 0
1660 1661 1664 0
1660 1661 1721 0
1660 1664 1667 0
1660 1667 2734 0
1660 1721 1725 0
1660 1725 2734 0
1661 1663 1664 0
1661 1721 1722 0
1663 1664 1668 0
1663 1668 1670 0
1664 1667 1668 0
1665 1668 1670 0
1665 1668 1680 0
1665 1670 1673 0
1665 1673 1675 0
1665 1675 1676 0
1665 1676 1680 0
1666 1667 1668 0
1666 1667 2616 0
1666 1668 1680 0
1666 1680 2612 0
1666 2612 2616 0
1667 1669 2616 0
1667 1669 2734 0
1669 1723 2618 0
1669 1723 2734 0
1669 2615 2616 0
1669 2615 2618 0
1670 1673 1674 0
1671 1684 1685 0
1671 1684 1688 0
1671 1685 1690 0
1671 1688 2738 0
1671 1690 2746 0
1671 2738 2746 0
1672 1673 1674 0
1672 1673 1675 0
1672 1674 2783 0
1672 1675 1683 0
1672 1683 1684 0
1672 1684 2783 0
1674 1688 2735 0
1674 1688 2783 0
1674 1716 2735 0
1675 1682 1683 0
1676 1679 2613 0
1676 1680 2613 0
1677 2578 2583 0
1677 2578 2611 0
1677 2583 2584 0
1677 2584 2604 0
1677 2604 2779 0
1677 2611 2614 0
1677 2614 2779 0
1678 1679 1710 0
1678 1679 2613 0
1678 1710 2604 0
1678 2604 2779 0
1678 2613 2614 0
1678 2614 2779 0
1680 2612 2613 0
1681 1682 1683 0
1681 1682 1700 0
1681 1683 1685 0
1681 1685 1687 0
1681 1687 1701 0
1681 1700 1701 0
1682 1697 1700 0
1683 1684 1685 0
1684 1688 2783 0
1685 1687 1690 0
1686 1687 1691 0
1686 1687 1702 0
1686 1691 1693 0
1686 1693 1694 0
1686 1694 1703 0
1686 1702 1703 0
1687 1690 1691 0
1687 1701 1702 0
1688 2735 2737 0
1688 2737 2738 0
1689 1690 1691 0
1689 1690 2746 0
1689 1691 2750 0
1689 2745 2746 0
1689 2745 2751 0
1689 2750 2751 0
1691 1693 2750 0
1692 1693 2750 0
1692 1693 2770 0
1692 2749 2750 0
1692 2749 2753 0
1692 2753 2755 0
1692 2755 2770 0
1693 1694 2770 0
1694 1703 2760 0
1694 2758 2759 0
1694 2758 2770 0
1694 2759 2760 0
1695 1701 1702 0
1695 1701 1707 0
1695 1702 1704 0
1695 1704 1705 0
1695 1705 1707 0
1696 1699 1711 0
1696 1699 2597 0
1696 1711 2588 0
1696 2588 2593 0
1696 2593 2597 0
1697 1699 1700 0
1697 1699 1711 0
1697 1710 1711 0
1698 1699 1700 0
1698 1699 2597 0
1698 1700 1701 0
1698 1701 1707 0
1698 1706 1707 0
1698 1706 2597 0
1702 1703 1704 0
1704 1705 2780 0
1705 1706 1707 0
1705 1706 1708 0
1705 1708 2782 0
1705 2780 2782 0
1706 1708 2593 0
1706 2593 2597 0
1708 2593 2603 0
1709 1710 1711 0
1709 1710 2604 0
1709 1711 2588 0
1709 2584 2590 0
1709 2584 2604 0
1709 2588 2589 0
1709 2589 2590 0
1712 1713 1715 0
1713 1715 1718 0
1714 1715 1716 0
1714 1715 1718 0
1714 1716 1717 0
1714 1717 1719 0
1714 1718 1720 0
1714 1719 1720 0
1716 1717 2735 0
1717 2735 2744 0
1721 1724 1725 0
1723 1725 1729 0
1723 1725 2734 0
1723 1729 1730 0
1723 1730 2618 0
1724 1725 1729 0
1724 1729 1731 0
1724 1731 1732 0
1726 1789 1791 0
1726 1789 2662 0
1726 1791 1794 0
1726 1794 2654 0
1726 2654 2662 0
1727 1777 1783 0
1727 1777 2620 0
1727 1783 2732 0
1727 2619 2620 0
1727 2619 2731 0
1727 2731 2732 0
1728 1729 1730 0
1728 1729 1731 0
1728 1730 2621 0
1728 1731 1928 0
1728 1928 2620 0
1728 2620 2621 0
1730 2617 2618 0
1730 2617 2621 0
1731 1732 1735 0
1731 1735 1737 0
1731 1737 1927 0
1731 1927 1928 0
1732 1735 1740 0
1732 1740 2785 0
1733 1741 1744 0
1733 1741 2733 0
1733 1744 1748 0
1733 1748 1751 0
1733 1751 1758 0
1733 1758 2733 0
1734 1735 1737 0
1734 1735 1740 0
1734 1737 1738 0
1734 1738 1741 0
1734 1739 1740 0
1734 1739 1743 0
1734 1741 1743 0
1736 1737 1738 0
1736 1737 1927 0
1736 1738 1771 0
1736 1771 1776 0
1736 1776 1777 0
1736 1777 1927 0
1738 1741 2733 0
1738 1769 1771 0
1738 1769 2733 0
1739 1740 2785 0
1739 1743 2788 0
1739 2785 2786 0
1739 2786 2787 0
1739 2787 2788 0
1741 1743 1744 0
1742 1743 1744 0
1742 1743 2788 0
1742 1744 1972 0
1742 1972 1975 0
1742 1975 2788 0
1744 1748 1972 0
1745 1966 1967 0
1745 1966 2044 0
1745 1967 1971 0
1745 1971 1999 0
1745 1999 2044 0
1746 1952 1953 0
1746 1952 2569 0
1746 2568 2569 0
1747 1748 1968 0
1747 1748 1972 0
1747 1967 1968 0
1747 1967 1970 0
1747 1970 1973 0
1747 1972 1973 0
1748 1750 1751 0
1748 1750 1968 0
1749 1752 1756 0
1749 1752 1964 0
1749 1756 1940 0
1749 1940 1944 0
1749 1944 1965 0
1749 1964 1965 0
1750 1751 1752 0
1750 1752 1964 0
1750 1964 1968 0
1751 1752 1757 0
1751 1757 1758 0
1752 1756 1760 0
1752 1757 1760 0
1753 1757 1759 0
1753 1757 1770 0
1753 1759 1763 0
1753 1763 1765 0
1753 1765 1768 0
1753 1768 1770 0
1754 1756 1760 0
1754 1756 1942 0
1754 1759 1760 0
1754 1759 1762 0
1754 1762 1932 0
1754 1932 1939 0
1754 1938 1939 0
1754 1938 1942 0
1755 1929 1941 0
1755 1933 1936 0
1755 1933 1941 0
1755 1936 1937 0
1756 1940 1942 0
1757 1758 1770 0
1757 1759 1760 0
1758 1770 2733 0
1759 1762 1763 0
1761 1762 1778 0
1761 1762 1931 0
1761 1778 1782 0
1761 1782 2574 0
1761 1931 2571 0
1761 2571 2574 0
1762 1763 1778 0
1762 1931 1932 0
1763 1765 1778 0
1764 1765 1767 0
1764 1765 1778 0
1764 1767 1774 0
1764 1774 2665 0
1764 1778 2666 0
1764 2665 2666 0
1765 1767 1768 0
1766 1767 1768 0
1766 1767 1774 0
1766 1768 1769 0
1766 1769 1771 0
1766 1771 1775 0
1766 1774 1775 0
1768 1769 1770 0
1769 1770 2733 0
1771 1775 1776 0
1772 1776 1777 0
1772 1776 1788 0
1772 1777 1783 0
1772 1783 1785 0
1772 1785 1787 0
1772 1787 1788 0
1773 1774 1775 0
1773 1774 2664 0
1773 1775 1787 0
1773 1786 1787 0
1773 1786 2661 0
1773 2661 2664 0
1774 2664 2665 0
1775 1776 1788 0
1775 1787 1788 0
1777 1927 1928 0
1777 1928 2620 0
1778 1782 2666 0
1779 2675 2678 0
1779 2675 2717 0
1779 2676 2717 0
1779 2678 2684 0
1780 2696 2697 0
1780 2697 2699 0
1780 2699 2700 0
1781 2667 2669 0
1781 2667 2690 0
1781 2669 2693 0
1781 2689 2690 0
1781 2689 2692 0
1781 2692 2693 0
1782 2574 2693 0
1782 2666 2669 0
1782 2669 2693 0
1783 1785 2732 0
1784 1785 1786 0
1784 1785 2732 0
1784 1786 1789 0
1784 1789 1926 0
1784 1792 1926 0
1784 1792 2731 0
1784 2731 2732 0
1785 1786 1787 0
1786 1789 2661 0
1789 1791 1926 0
1789 2661 2662 0
1790 1791 1792 0
1790 1791 1795 0
1790 1792 1798 0
1790 1795 1804 0
1790 1798 1803 0
1790 1803 1804 0
1791 1792 1926 0
1791 1794 1795 0
1792 1798 1800 0
1792 1799 1800 0
1792 1799 2731 0
1793 1794 1815 0
1793 1794 2653 0
1793 1813 1815 0
1793 1813 1846 0
1793 1844 1846 0
1793 1844 2653 0
1794 1795 1815 0
1794 2653 2654 0
1795 1804 1815 0
1796 1920 1921 0
1796 1920 2576 0
1796 1921 2607 0
1796 2576 2579 0
1796 2579 2608 0
1796 2607 2608 0
1797 1798 1800 0
1797 1798 1803 0
1797 1800 1801 0
1797 1801 1920 0
1797 1802 1803 0
1797 1802 1923 0
1797 1920 1921 0
1797 1921 1923 0
1799 1800 1801 0
1799 1801 1925 0
1799 1925 2619 0
1799 2619 2731 0
1801 1920 2576 0
1801 1925 2577 0
1801 2576 2577 0
1802 1803 1804 0
1802 1804 1809 0
1802 1809 1811 0
1802 1811 1923 0
1804 1809 1814 0
1804 1814 1815 0
1805 1826 1832 0
1805 1826 1848 0
1805 1830 1832 0
1806 1823 1825 0
1806 1823 1850 0
1806 1824 1825 0
1806 1850 1917 0
1807 1816 1819 0
1807 1816 2630 0
1807 1819 1919 0
1807 1919 2631 0
1807 2630 2631 0
1808 1809 1811 0
1808 1809 2730 0
1808 1811 1812 0
1808 1812 1816 0
1808 1816 1818 0
1808 1818 2730 0
1809 1814 2730 0
1810 1811 1812 0
1810 1811 1923 0
1810 1812 1859 0
1810 1859 1922 0
1810 1921 1922 0
1810 1921 1923 0
1812 1816 2630 0
1812 1859 2624 0
1812 2623 2624 0
1812 2623 2630 0
1813 1814 1815 0
1813 1814 2730 0
1813 1846 1847 0
1813 1847 2730 0
1816 1818 1819 0
1817 1818 1819 0
1817 1818 1847 0
1817 1819 1821 0
1817 1821 1833 0
1817 1833 1837 0
1817 1837 1847 0
1818 1847 2730 0
1819 1821 1919 0
1820 1821 1822 0
1820 1821 1834 0
1820 1822 1823 0
1820 1823 1825 0
1820 1825 1826 0
1820 1826 1834 0
1821 1822 1919 0
1821 1833 1834 0
1822 1823 1918 0
1822 1918 2631 0
1822 1919 2631 0
1823 1850 1918 0
1824 1825 1826 0
1824 1826 1848 0
1826 1832 2728 0
1826 1834 2728 0
1827 1839 2672 0
1827 1839 2729 0
1827 2672 2702 0
1827 2702 2713 0
1827 2713 2724 0
1827 2724 2726 0
1827 2726 2729 0
1828 2719 2723 0
1828 2722 2723 0
1829 1833 1835 0
1829 1833 1838 0
1829 1835 2727 0
1829 1838 1840 0
1829 1840 2729 0
1829 2725 2727 0
1829 2725 2729 0
1830 1831 1832 0
1830 1831 2721 0
1830 2721 2722 0
1831 1832 2728 0
1831 2721 2725 0
1831 2725 2727 0
1831 2727 2728 0
1833 1834 1835 0
1833 1837 1838 0
1834 1835 2728 0
1835 2727 2728 0
1836 1837 1838 0
1836 1837 1846 0
1836 1838 1840 0
1836 1840 1843 0
1836 1843 1844 0
1836 1844 1846 0
1837 1846 1847 0
1839 1840 2673 0
1839 1840 2729 0
1839 2672 2673 0
1840 1843 2673 0
1841 2657 2658 0
1841 2657 2680 0
1841 2658 2685 0
1841 2674 2677 0
1841 2674 2685 0
1841 2677 2681 0
1841 2680 2681 0
1842 1843 1844 0
1842 1843 2673 0
1842 1844 2658 0
1842 2658 2685 0
1842 2673 2685 0
1844 1845 2653 0
1844 1845 2658 0
1845 2653 2654 0
1845 2654 2656 0
1845 2656 2657 0
1845 2657 2658 0
1849 1850 1852 0
1849 1850 2632 0
1849 1852 1853 0
1849 1853 1857 0
1849 1857 2625 0
1849 2625 2632 0
1850 1852 1917 0
1850 1918 2632 0
1851 1852 1854 0
1851 1852 1917 0
1852 1853 1854 0
1853 1857 1868 0
1853 1867 1868 0
1855 1871 1903 0
1855 1871 2627 0
1855 1903 2633 0
1855 2626 2627 0
1855 2626 2629 0
1855 2629 2633 0
1856 1857 1868 0
1856 1857 2625 0
1856 1868 1916 0
1856 1916 2627 0
1856 2625 2628 0
1856 2627 2628 0
1858 1859 1922 0
1858 1859 2624 0
1858 1922 2609 0
1858 2609 2629 0
1858 2624 2626 0
1858 2626 2629 0
1860 1869 1870 0
1860 1869 1874 0
1860 1870 3007 0
1860 1874 1877 0
1860 1877 1899 0
1860 1899 3007 0
1861 1865 1866 0
1861 1865 3007 0
1861 1897 1898 0
1861 1897 3007 0
1862 1863 1864 0
1862 1863 1865 0
1862 1864 1867 0
1862 1865 1870 0
1862 1867 1868 0
1862 1868 1915 0
1862 1869 1870 0
1862 1869 1915 0
1863 1865 1866 0
1865 1870 3007 0
1868 1915 1916 0
1869 1874 1875 0
1869 1875 1915 0
1871 1875 1903 0
1871 1875 1915 0
1871 1915 1916 0
1871 1916 2627 0
1872 1884 1885 0
1872 1884 1906 0
1872 1885 1912 0
1872 1906 1908 0
1872 1908 1910 0
1872 1910 1911 0
1872 1911 1912 0
1873 1874 1878 0
1873 1874 1902 0
1873 1878 1883 0
1873 1883 1884 0
1873 1884 1890 0
1873 1890 1902 0
1874 1875 1902 0
1874 1877 1878 0
1875 1890 1902 0
1875 1890 1903 0
1876 1877 1878 0
1876 1877 1899 0
1876 1878 1880 0
1876 1880 1892 0
1876 1892 1896 0
1876 1896 1901 0
1876 1897 1899 0
1876 1897 1901 0
1878 1880 1883 0
1879 1880 1882 0
1879 1880 1893 0
1879 1882 1889 0
1879 1889 2652 0
1879 1893 2652 0
1880 1882 1883 0
1880 1892 1893 0
1881 1882 1883 0
1881 1882 1889 0
1881 1883 1885 0
1881 1885 1887 0
1881 1887 1889 0
1883 1884 1885 0
1884 1890 1906 0
1885 1887 1912 0
1886 1887 1888 0
1886 1887 1911 0
1886 1888 2595 0
1886 1911 2591 0
1886 2591 2594 0
1886 2594 2595 0
1887 1888 1889 0
1887 1911 1912 0
1888 1889 2652 0
1888 2595 2596 0
1888 2596 2652 0
1890 1903 1905 0
1890 1905 1906 0
1891 1892 1893 0
1891 1892 1896 0
1891 1893 1895 0
1891 1895 2648 0
1891 1896 2636 0
1891 2634 2636 0
1891 2634 2648 0
1893 1895 2650 0
1893 2650 2652 0
1894 1895 2648 0
1894 1895 2650 0
1894 2648 2649 0
1894 2649 2651 0
1894 2650 2651 0
1896 2636 2638 0
1897 1898 1901 0
1897 1899 3007 0
1898 1900 1901 0
1903 1905 2633 0
1904 1909 1914 0
1904 1909 2581 0
1904 1914 2606 0
1904 2581 2605 0
1904 2605 2606 0
1905 1906 1909 0
1905 1909 1914 0
1905 1914 2633 0
1906 1908 1909 0
1907 1908 1909 0
1907 1908 1910 0
1907 1909 2581 0
1907 1910 2586 0
1907 2581 2585 0
1907 2585 2586 0
1910 1911 2591 0
1910 2586 2589 0
1910 2587 2589 0
1910 2587 2591 0
1913 1914 2606 0
1913 1914 2633 0
1913 2606 2609 0
1913 2609 2629 0
1913 2629 2633 0
1918 2631 2632 0
1921 1922 2607 0
1922 2606 2607 0
1922 2606 2609 0
1924 1925 2577 0
1924 1925 2619 0
1924 2577 2617 0
1924 2617 2621 0
1924 2619 2621 0
1929 1941 2573 0
1929 2572 2573 0
1930 1931 1932 0
1930 1931 2571 0
1930 1932 1933 0
1930 1933 1941 0
1930 1941 2573 0
1930 2571 2573 0
1932 1933 1939 0
1933 1936 1939 0
1934 1935 1936 0
1934 1935 2568 0
1934 1936 1938 0
1934 1938 1940 0
1934 1940 2570 0
1934 2568 2569 0
1934 2569 2570 0
1935 1936 1937 0
1936 1938 1939 0
1938 1940 1942 0
1940 1944 1945 0
1940 1945 2570 0
1943 1944 1945 0
1943 1944 1947 0
1943 1945 2570 0
1943 1947 1954 0
1943 1952 1954 0
1943 1952 2569 0
1943 2569 2570 0
1944 1947 1965 0
1946 1947 1955 0
1946 1947 1962 0
1946 1955 2043 0
1946 1962 2044 0
1946 2000 2042 0
1946 2000 2044 0
1946 2041 2042 0
1946 2041 2043 0
1947 1954 1955 0
1947 1962 1965 0
1948 1951 1961 0
1948 1956 1959 0
1948 1956 1961 0
1948 1959 1960 0
1949 1950 1952 0
1949 1950 1961 0
1949 1952 1954 0
1949 1954 1955 0
1949 1955 1961 0
1950 1951 1961 0
1950 1952 1953 0
1955 1961 2043 0
1956 1959 2039 0
1956 1961 2043 0
1956 2039 2043 0
1957 1958 1960 0
1957 1958 2049 0
1957 1959 1960 0
1957 1959 2039 0
1957 2039 2048 0
1957 2048 2049 0
1958 2049 2050 0
1962 1965 1966 0
1962 1966 2044 0
1963 1964 1965 0
1963 1964 1968 0
1963 1965 1966 0
1963 1966 1967 0
1963 1967 1968 0
1967 1970 1971 0
1969 1978 1981 0
1969 1978 1987 0
1969 1981 2003 0
1969 1987 2005 0
1969 2003 2005 0
1970 1971 2003 0
1970 1973 1981 0
1970 1981 2003 0
1971 1999 2003 0
1972 1973 1975 0
1973 1974 1975 0
1973 1974 1976 0
1973 1976 1981 0
1974 1975 2787 0
1974 1976 1979 0
1974 1979 1980 0
1975 2787 2788 0
1976 1978 1979 0
1976 1978 1981 0
1977 1978 1979 0
1977 1978 1987 0
1977 1979 1982 0
1977 1982 1985 0
1977 1985 1987 0
1982 1984 1985 0
1983 1984 1985 0
1983 1984 1991 0
1983 1985 1988 0
1983 1988 1989 0
1983 1989 1992 0
1983 1991 1992 0
1984 1991 1993 0
1985 1987 1988 0
1986 1987 1988 0
1986 1987 2005 0
1986 1988 1989 0
1986 1989 2037 0
1986 2004 2005 0
1986 2004 2037 0
1989 2032 2033 0
1989 2032 2037 0
1990 1991 1992 0
1990 1991 2086 0
1990 1992 3006 0
1990 2085 2086 0
1990 2085 2090 0
1990 2090 3006 0
1991 1993 2086 0
1993 1994 2086 0
1994 1995 2086 0
1996 2007 2008 0
1996 2007 2013 0
1996 2008 2027 0
1996 2013 2014 0
1996 2014 2023 0
1996 2023 2027 0
1997 2004 2006 0
1997 2004 2037 0
1997 2006 2007 0
1997 2007 2013 0
1997 2013 2029 0
1997 2029 2037 0
1998 1999 2001 0
1998 1999 2003 0
1998 2001 2002 0
1998 2002 2006 0
1998 2003 2004 0
1998 2004 2006 0
1999 2001 2044 0
2000 2001 2002 0
2000 2001 2044 0
2000 2002 2010 0
2000 2010 2042 0
2002 2006 2007 0
2002 2007 2008 0
2002 2008 2010 0
2003 2004 2005 0
2008 2010 2011 0
2008 2011 2027 0
2009 2010 2011 0
2009 2010 2042 0
2009 2011 2040 0
2009 2040 2041 0
2009 2041 2042 0
2011 2027 2047 0
2011 2038 2040 0
2011 2038 2046 0
2011 2046 2047 0
2012 2013 2014 0
2012 2013 2030 0
2012 2014 2020 0
2012 2020 2022 0
2012 2022 2567 0
2012 2030 2567 0
2013 2029 2030 0
2014 2020 2021 0
2014 2021 2023 0
2015 2144 2156 0
2015 2144 2494 0
2015 2155 2156 0
2015 2493 2494 0
2016 2163 2165 0
2016 2163 2518 0
2016 2165 2166 0
2016 2166 2506 0
2016 2506 2514 0
2016 2514 2518 0
2017 2510 2511 0
2017 2510 2554 0
2017 2547 2554 0
2018 2520 2522 0
2018 2520 2533 0
2018 2522 2523 0
2018 2523 2526 0
2018 2526 2527 0
2018 2527 2533 0
2019 2020 2021 0
2019 2020 2022 0
2019 2021 2528 0
2019 2022 2525 0
2019 2525 2526 0
2019 2526 2527 0
2019 2527 2528 0
2021 2023 2025 0
2021 2025 2528 0
2022 2031 2566 0
2022 2031 2567 0
2022 2525 2559 0
2022 2559 2566 0
2023 2025 2027 0
2024 2025 2047 0
2024 2025 2544 0
2024 2046 2047 0
2024 2046 2541 0
2024 2538 2541 0
2024 2538 2544 0
2025 2027 2047 0
2025 2528 2544 0
2026 2527 2528 0
2026 2527 2534 0
2026 2528 2544 0
2026 2534 2537 0
2026 2537 2544 0
2028 2029 2030 0
2028 2029 2032 0
2028 2030 2031 0
2028 2031 2034 0
2028 2032 2033 0
2028 2033 2034 0
2029 2032 2037 0
2030 2031 2567 0
2031 2034 2036 0
2031 2036 2566 0
2033 2034 2094 0
2033 2094 2095 0
2034 2036 2094 0
2035 2036 2052 0
2035 2036 2092 0
2035 2052 2055 0
2035 2055 2064 0
2035 2064 2093 0
2035 2092 2093 0
2036 2052 2566 0
2036 2092 2094 0
2038 2039 2040 0
2038 2039 2048 0
2038 2046 2048 0
2039 2040 2041 0
2039 2041 2043 0
2045 2046 2048 0
2045 2046 2541 0
2045 2048 2049 0
2045 2541 2542 0
2051 2052 2062 0
2051 2052 2566 0
2051 2062 2558 0
2051 2558 2559 0
2051 2559 2566 0
2052 2055 2062 0
2053 2058 2060 0
2053 2058 2104 0
2053 2060 2187 0
2053 2104 2109 0
2053 2109 2187 0
2054 2055 2057 0
2054 2055 2103 0
2054 2057 2058 0
2054 2058 2104 0
2054 2102 2103 0
2054 2102 2104 0
2055 2057 2062 0
2055 2064 2103 0
2056 2057 2058 0
2056 2057 2062 0
2056 2058 3003 0
2056 2062 2558 0
2056 2558 3003 0
2058 2060 3003 0
2059 2060 2563 0
2059 2060 3003 0
2059 2521 2557 0
2059 2521 2560 0
2059 2557 3003 0
2059 2560 2563 0
2060 2061 2187 0
2060 2061 2563 0
2061 2111 2167 0
2061 2111 2187 0
2061 2167 2561 0
2061 2561 2563 0
2063 2064 2065 0
2063 2064 2103 0
2063 2065 2066 0
2063 2066 2101 0
2063 2101 2102 0
2063 2102 2103 0
2064 2065 2093 0
2065 2066 2069 0
2065 2069 2093 0
2067 2076 2077 0
2067 2076 2082 0
2067 2077 2098 0
2067 2082 2089 0
2067 2089 2098 0
2068 2069 2080 0
2068 2069 2097 0
2068 2077 2080 0
2068 2077 2098 0
2068 2097 2098 0
2069 2093 2097 0
2070 2071 2072 0
2070 2071 2078 0
2070 2072 2074 0
2070 2074 2076 0
2070 2076 2080 0
2070 2078 2080 0
2071 2078 2079 0
2072 2074 2075 0
2073 2074 2075 0
2073 2074 2076 0
2073 2075 2099 0
2073 2076 2082 0
2073 2082 2083 0
2073 2083 2099 0
2076 2077 2080 0
2078 2079 2565 0
2081 2083 2084 0
2081 2083 2099 0
2081 2084 2087 0
2081 2087 2100 0
2081 2099 2100 0
2082 2083 2084 0
2082 2084 2085 0
2082 2085 2089 0
2085 2089 2090 0
2088 2089 2090 0
2088 2089 2098 0
2088 2090 3006 0
2088 2096 2098 0
2088 2096 3006 0
2091 2092 2094 0
2091 2092 2097 0
2091 2094 2095 0
2091 2095 2096 0
2091 2096 2098 0
2091 2097 2098 0
2092 2093 2097 0
2095 2096 3006 0
2101 2102 2105 0
2102 2104 2105 0
2104 2105 2108 0
2104 2108 2109 0
2105 2108 2183 0
2105 2183 2503 0
2106 2107 2110 0
2106 2107 2184 0
2106 2110 2168 0
2106 2168 2170 0
2106 2170 2178 0
2106 2178 2184 0
2107 2108 2109 0
2107 2108 2183 0
2107 2109 2110 0
2107 2183 2184 0
2109 2110 2111 0
2109 2111 2187 0
2110 2111 2114 0
2110 2114 2168 0
2111 2114 2119 0
2111 2119 2167 0
2112 2118 2126 0
2112 2118 2172 0
2112 2126 2161 0
2112 2161 2352 0
2112 2172 2352 0
2113 2114 2116 0
2113 2114 2168 0
2113 2116 2118 0
2113 2118 2172 0
2113 2168 2504 0
2113 2172 2504 0
2114 2116 2119 0
2115 2116 2118 0
2115 2116 2122 0
2115 2118 2126 0
2115 2122 2127 0
2115 2126 2127 0
2116 2117 2119 0
2116 2117 2122 0
2117 2119 2167 0
2117 2122 2123 0
2117 2123 2167 0
2120 2121 2123 0
2120 2121 2162 0
2120 2123 2561 0
2120 2162 2163 0
2120 2163 2562 0
2120 2561 2562 0
2121 2122 2123 0
2121 2122 2127 0
2121 2127 2128 0
2121 2128 2162 0
2123 2167 2561 0
2124 2128 2130 0
2124 2128 2162 0
2124 2130 2519 0
2124 2162 2163 0
2124 2163 2518 0
2124 2518 2519 0
2125 2126 2127 0
2125 2126 2134 0
2125 2127 2128 0
2125 2128 2130 0
2125 2130 2160 0
2125 2134 2160 0
2126 2134 2161 0
2129 2130 2131 0
2129 2130 2519 0
2129 2131 2151 0
2129 2151 2517 0
2129 2517 2519 0
2130 2131 2160 0
2131 2136 2141 0
2131 2136 2160 0
2131 2141 2151 0
2132 2133 2135 0
2132 2133 2350 0
2132 2135 2139 0
2132 2139 2145 0
2132 2145 2149 0
2132 2149 2349 0
2132 2349 2350 0
2133 2134 2135 0
2133 2134 2161 0
2133 2161 2352 0
2133 2350 2352 0
2134 2135 2136 0
2134 2136 2160 0
2135 2136 2139 0
2136 2139 2141 0
2137 2446 2478 0
2137 2446 2481 0
2137 2455 2478 0
2137 2481 2482 0
2138 2139 2142 0
2138 2139 2145 0
2138 2142 2491 0
2138 2145 2150 0
2138 2150 2492 0
2138 2491 2492 0
2139 2141 2142 0
2140 2141 2142 0
2140 2141 2151 0
2140 2142 2144 0
2140 2144 2156 0
2140 2151 2154 0
2140 2154 2156 0
2142 2144 2491 0
2143 2484 2486 0
2143 2484 2488 0
2143 2488 2489 0
2144 2490 2491 0
2144 2490 2494 0
2145 2149 2498 0
2145 2150 2498 0
2146 2150 2487 0
2146 2150 2497 0
2146 2397 2483 0
2146 2397 2495 0
2146 2483 2484 0
2146 2484 2487 0
2146 2495 2497 0
2147 2354 2357 0
2147 2354 2496 0
2147 2357 2358 0
2147 2358 2396 0
2147 2396 2496 0
2148 2149 2349 0
2148 2149 2498 0
2148 2348 2349 0
2148 2348 2354 0
2148 2354 2496 0
2148 2496 2498 0
2150 2487 2492 0
2150 2497 2498 0
2151 2154 2159 0
2151 2159 2517 0
2152 2157 2158 0
2152 2157 2515 0
2152 2509 2515 0
2153 2154 2155 0
2153 2154 2158 0
2154 2155 2156 0
2154 2158 2159 0
2157 2158 2159 0
2157 2159 2517 0
2157 2515 2516 0
2157 2516 2517 0
2163 2165 2562 0
2164 2165 2166 0
2164 2165 2562 0
2164 2166 2520 0
2164 2520 2524 0
2164 2524 2560 0
2164 2560 2562 0
2166 2506 2531 0
2166 2520 2556 0
2166 2531 2532 0
2166 2532 2556 0
2168 2170 2504 0
2169 2176 2179 0
2169 2176 2413 0
2169 2179 2180 0
2169 2180 2413 0
2170 2176 2179 0
2170 2176 2504 0
2170 2178 2179 0
2171 2172 2174 0
2171 2172 2504 0
2171 2174 2175 0
2171 2175 2176 0
2171 2176 2504 0
2172 2174 2352 0
2173 2174 2175 0
2173 2174 2352 0
2173 2175 2499 0
2173 2351 2352 0
2173 2351 2353 0
2173 2353 2499 0
2175 2176 2413 0
2175 2340 2413 0
2175 2340 2499 0
2177 2178 2179 0
2177 2178 2181 0
2177 2179 2188 0
2177 2181 2185 0
2177 2185 2188 0
2178 2181 2184 0
2179 2180 2188 0
2180 2188 2193 0
2180 2193 2412 0
2180 2412 2413 0
2181 2182 2184 0
2182 2183 2184 0
2182 2183 2503 0
2185 2186 2188 0
2186 2188 2193 0
2186 2191 2192 0
2186 2191 2193 0
2186 2192 3005 0
2189 2190 2191 0
2189 2190 2197 0
2189 2191 2195 0
2189 2195 2338 0
2189 2196 2197 0
2189 2196 2203 0
2189 2203 2332 0
2189 2332 2338 0
2190 2191 2192 0
2191 2193 2195 0
2193 2194 2195 0
2193 2194 2412 0
2194 2195 2338 0
2194 2337 2338 0
2194 2337 2339 0
2194 2339 2412 0
2196 2197 2198 0
2196 2198 2205 0
2196 2203 2204 0
2196 2204 2205 0
2199 2408 2414 0
2199 2408 2438 0
2199 2409 2414 0
2199 2409 2429 0
2199 2429 2434 0
2199 2434 2438 0
2200 2210 2211 0
2200 2210 2222 0
2200 2211 2214 0
2200 2214 2435 0
2200 2222 2223 0
2200 2223 2435 0
2201 2204 2205 0
2201 2204 2224 0
2201 2205 2206 0
2201 2206 2207 0
2201 2207 2210 0
2201 2210 2222 0
2201 2222 2224 0
2202 2203 2204 0
2202 2203 2331 0
2202 2204 2224 0
2202 2224 2501 0
2202 2331 2500 0
2202 2500 2501 0
2203 2331 2332 0
2207 2208 2209 0
2207 2209 2211 0
2207 2210 2211 0
2208 2209 2502 0
2209 2211 2217 0
2209 2217 2219 0
2209 2219 2502 0
2211 2214 2217 0
2212 2240 2244 0
2212 2240 2262 0
2212 2244 2246 0
2212 2246 2265 0
2212 2262 2264 0
2212 2264 2266 0
2212 2265 2266 0
2213 2214 2216 0
2213 2214 2217 0
2213 2216 2266 0
2213 2217 2219 0
2213 2219 2263 0
2213 2263 2264 0
2213 2264 2266 0
2214 2216 2435 0
2215 2216 2266 0
2215 2216 2435 0
2215 2265 2266 0
2215 2265 2432 0
2215 2430 2432 0
2215 2430 2433 0
2215 2433 2435 0
2218 2219 2220 0
2218 2219 2263 0
2218 2220 2226 0
2218 2225 2226 0
2218 2225 2233 0
2218 2233 2238 0
2218 2238 2263 0
2219 2220 2502 0
2221 2222 2223 0
2221 2222 2224 0
2221 2223 2439 0
2221 2224 2501 0
2221 2439 2501 0
2223 2433 2434 0
2223 2433 2435 0
2223 2434 2438 0
2223 2438 2439 0
2225 2226 2227 0
2225 2227 2231 0
2225 2231 2233 0
2226 2227 2232 0
2227 2228 2231 0
2228 2231 2295 0
2228 2295 2296 0
2229 2230 2234 0
2229 2230 2294 0
2229 2234 2239 0
2229 2236 2239 0
2229 2236 2273 0
2229 2273 2274 0
2229 2274 2294 0
2230 2231 2233 0
2230 2231 2295 0
2230 2233 2234 0
2230 2292 2294 0
2230 2292 2295 0
2233 2234 2238 0
2234 2238 2239 0
2235 2238 2239 0
2235 2238 2263 0
2235 2239 2240 0
2235 2240 2262 0
2235 2262 2263 0
2236 2239 2240 0
2236 2240 2242 0
2236 2242 2271 0
2236 2271 2273 0
2237 2267 2268 0
2237 2268 2272 0
2237 2270 2272 0
2240 2242 2252 0
2240 2244 2252 0
2241 2242 2252 0
2241 2242 2271 0
2241 2252 2268 0
2241 2268 2272 0
2241 2271 2272 0
2243 2244 2246 0
2243 2244 2252 0
2243 2246 2249 0
2243 2249 2255 0
2243 2252 2254 0
2243 2254 2255 0
2245 2246 2265 0
2245 2246 2437 0
2245 2265 2432 0
2245 2432 2437 0
2246 2249 2437 0
2247 2388 2389 0
2247 2388 2394 0
2247 2389 2391 0
2248 2249 2250 0
2248 2249 2431 0
2248 2250 2261 0
2248 2261 2436 0
2248 2428 2431 0
2248 2428 2436 0
2249 2250 2255 0
2249 2431 2437 0
2250 2259 2261 0
2251 2260 2425 0
2251 2422 2425 0
2251 2422 3004 0
2252 2254 2268 0
2253 2254 2256 0
2253 2254 2268 0
2253 2267 2268 0
2254 2255 2256 0
2257 2258 2260 0
2257 2258 2261 0
2257 2260 2425 0
2257 2261 2417 0
2257 2417 2421 0
2257 2421 2425 0
2258 2259 2261 0
2261 2417 2436 0
2262 2263 2264 0
2269 2270 2272 0
2269 2270 2275 0
2269 2271 2272 0
2269 2271 2273 0
2269 2273 2274 0
2269 2274 2275 0
2274 2279 2293 0
2274 2293 2294 0
2276 2278 2282 0
2276 2282 2287 0
2276 2287 2288 0
2277 2279 2281 0
2277 2279 2293 0
2277 2281 2282 0
2277 2282 2284 0
2277 2284 2291 0
2277 2291 2293 0
2278 2280 2281 0
2278 2281 2282 0
2279 2280 2281 0
2282 2284 2287 0
2283 2284 2289 0
2283 2284 2312 0
2283 2289 2326 0
2283 2297 2298 0
2283 2297 2312 0
2283 2298 2311 0
2283 2311 2326 0
2284 2287 2289 0
2284 2291 2312 0
2285 2288 2325 0
2285 2322 2323 0
2285 2322 2325 0
2286 2287 2289 0
2286 2287 2325 0
2286 2289 2326 0
2286 2319 2321 0
2286 2319 2322 0
2286 2321 2326 0
2286 2322 2325 0
2287 2288 2325 0
2290 2291 2292 0
2290 2291 2312 0
2290 2292 2295 0
2290 2295 2296 0
2290 2296 2297 0
2290 2297 2312 0
2291 2292 2293 0
2292 2293 2294 0
2296 2297 2327 0
2297 2298 2327 0
2298 2299 2310 0
2298 2299 2327 0
2298 2310 2311 0
2300 2309 2311 0
2300 2309 2321 0
2300 2311 2326 0
2300 2321 2326 0
2301 2302 2305 0
2301 2302 2310 0
2301 2305 2309 0
2301 2309 2311 0
2301 2310 2311 0
2302 2304 2305 0
2303 2304 2305 0
2303 2304 2307 0
2303 2305 2306 0
2303 2306 2317 0
2303 2307 2314 0
2303 2314 2317 0
2304 2307 2308 0
2305 2306 2309 0
2306 2309 2321 0
2306 2317 2318 0
2306 2318 2319 0
2306 2319 2321 0
2307 2308 2313 0
2307 2313 2316 0
2307 2314 2316 0
2314 2315 2316 0
2318 2319 2320 0
2319 2320 2324 0
2319 2322 2324 0
2322 2323 2324 0
2328 2333 2335 0
2328 2333 2440 0
2328 2335 2411 0
2328 2405 2411 0
2328 2405 2441 0
2328 2440 2441 0
2329 2333 2440 0
2329 2333 2500 0
2329 2439 2440 0
2329 2439 2501 0
2329 2500 2501 0
2330 2331 2338 0
2330 2331 2500 0
2330 2333 2336 0
2330 2333 2500 0
2330 2336 2337 0
2330 2337 2338 0
2331 2332 2338 0
2333 2335 2336 0
2334 2335 2336 0
2334 2335 2342 0
2334 2336 2337 0
2334 2337 2340 0
2334 2340 2341 0
2334 2341 2342 0
2335 2342 2344 0
2335 2344 2411 0
2337 2339 2340 0
2339 2340 2413 0
2339 2412 2413 0
2340 2341 2499 0
2341 2342 2345 0
2341 2345 2353 0
2341 2353 2499 0
2342 2344 2345 0
2343 2344 2345 0
2343 2344 2356 0
2343 2345 2347 0
2343 2347 2348 0
2343 2348 2357 0
2343 2356 2357 0
2344 2356 2404 0
2344 2404 2411 0
2345 2347 2353 0
2346 2347 2348 0
2346 2347 2353 0
2346 2348 2349 0
2346 2349 2350 0
2346 2350 2351 0
2346 2351 2353 0
2348 2354 2357 0
2350 2351 2352 0
2355 2356 2400 0
2355 2356 2403 0
2355 2358 2361 0
2355 2358 2400 0
2355 2361 2371 0
2355 2371 2403 0
2356 2357 2400 0
2356 2403 2404 0
2357 2358 2400 0
2358 2361 2399 0
2358 2396 2399 0
2359 2366 2370 0
2359 2366 2451 0
2359 2370 2380 0
2359 2380 2395 0
2359 2395 2450 0
2359 2450 2451 0
2360 2361 2363 0
2360 2361 2371 0
2360 2363 2365 0
2360 2365 2366 0
2360 2366 2369 0
2360 2369 2371 0
2361 2363 2399 0
2362 2363 2365 0
2362 2363 2399 0
2362 2365 2443 0
2362 2398 2399 0
2362 2398 2444 0
2362 2443 2444 0
2364 2365 2366 0
2364 2365 2443 0
2364 2366 2451 0
2364 2443 2449 0
2364 2449 2450 0
2364 2450 2451 0
2366 2369 2370 0
2367 2374 2375 0
2367 2374 2415 0
2367 2375 2378 0
2367 2378 2420 0
2367 2415 2419 0
2367 2419 2420 0
2368 2369 2370 0
2368 2369 2371 0
2368 2370 2375 0
2368 2371 2373 0
2368 2373 2374 0
2368 2374 2375 0
2370 2375 2379 0
2370 2379 2380 0
2371 2373 2402 0
2371 2402 2403 0
2372 2373 2374 0
2372 2373 2410 0
2372 2374 2415 0
2372 2410 2414 0
2372 2414 2415 0
2373 2402 2410 0
2375 2378 2379 0
2376 2379 2380 0
2376 2379 2392 0
2376 2380 2386 0
2376 2386 2388 0
2376 2388 2389 0
2376 2389 2392 0
2377 2378 2379 0
2377 2378 2420 0
2377 2379 2392 0
2377 2392 2423 0
2377 2420 2423 0
2380 2386 2395 0
2381 2458 2459 0
2381 2458 2474 0
2381 2459 2461 0
2381 2461 2462 0
2381 2462 2467 0
2381 2467 2473 0
2381 2473 2474 0
2382 2462 2463 0
2382 2462 2467 0
2382 2463 2464 0
2382 2467 2468 0
2383 2470 2471 0
2383 2470 2476 0
2383 2476 2477 0
2384 2386 2387 0
2384 2386 2388 0
2384 2387 2461 0
2384 2388 2393 0
2384 2393 2463 0
2384 2461 2463 0
2385 2393 2394 0
2385 2393 2463 0
2385 2463 2464 0
2386 2387 2395 0
2387 2395 2450 0
2387 2450 2460 0
2387 2459 2460 0
2387 2459 2461 0
2388 2393 2394 0
2389 2391 2424 0
2389 2392 2424 0
2390 2391 2424 0
2390 2422 2423 0
2390 2422 3004 0
2390 2423 2424 0
2392 2423 2424 0
2396 2398 2399 0
2396 2398 2495 0
2396 2495 2496 0
2397 2398 2444 0
2397 2398 2495 0
2397 2444 2445 0
2397 2445 2483 0
2401 2402 2403 0
2401 2402 2407 0
2401 2403 2404 0
2401 2404 2405 0
2401 2405 2441 0
2401 2406 2407 0
2401 2406 2441 0
2402 2407 2410 0
2404 2405 2411 0
2406 2407 2408 0
2406 2408 2438 0
2406 2438 2440 0
2406 2440 2441 0
2407 2408 2414 0
2407 2410 2414 0
2409 2414 2415 0
2409 2415 2418 0
2409 2418 2427 0
2409 2427 2429 0
2415 2418 2419 0
2416 2417 2421 0
2416 2417 2428 0
2416 2418 2419 0
2416 2418 2428 0
2416 2419 2420 0
2416 2420 2421 0
2417 2428 2436 0
2418 2427 2428 0
2420 2421 2422 0
2420 2422 2423 0
2421 2422 2425 0
2426 2427 2428 0
2426 2427 2429 0
2426 2428 2431 0
2426 2429 2430 0
2426 2430 2432 0
2426 2431 2432 0
2429 2430 2434 0
2430 2433 2434 0
2431 2432 2437 0
2438 2439 2440 0
2442 2443 2444 0
2442 2443 2449 0
2442 2444 2479 0
2442 2448 2449 0
2442 2448 2479 0
2444 2445 2479 0
2445 2479 2481 0
2445 2481 2485 0
2445 2483 2485 0
2446 2448 2478 0
2446 2448 2479 0
2446 2479 2481 0
2447 2448 2452 0
2447 2448 2456 0
2447 2452 2460 0
2447 2456 2457 0
2447 2457 2458 0
2447 2458 2460 0
2448 2449 2452 0
2448 2456 2478 0
2449 2450 2452 0
2450 2452 2460 0
2453 2454 2477 0
2453 2454 2478 0
2453 2456 2457 0
2453 2456 2478 0
2453 2457 2476 0
2453 2476 2477 0
2454 2455 2478 0
2457 2458 2474 0
2457 2470 2474 0
2457 2470 2476 0
2458 2459 2460 0
2461 2462 2463 0
2465 2466 2467 0
2465 2467 2473 0
2465 2472 2473 0
2465 2472 2475 0
2466 2467 2468 0
2469 2470 2471 0
2469 2470 2472 0
2469 2472 2475 0
2470 2472 2474 0
2472 2473 2474 0
2480 2481 2482 0
2480 2481 2485 0
2480 2485 2486 0
2483 2484 2485 0
2484 2485 2486 0
2484 2487 2488 0
2487 2488 2490 0
2487 2490 2492 0
2488 2489 2490 0
2489 2490 2494 0
2489 2493 2494 0
2490 2491 2492 0
2495 2496 2498 0
2495 2497 2498 0
2505 2506 2514 0
2505 2506 2531 0
2505 2512 2514 0
2505 2512 2554 0
2505 2531 2553 0
2505 2553 2554 0
2507 2508 2509 0
2507 2508 2510 0
2507 2509 2515 0
2507 2510 2512 0
2507 2512 2513 0
2507 2513 2516 0
2507 2515 2516 0
2508 2510 2511 0
2510 2512 2554 0
2512 2513 2514 0
2513 2514 2518 0
2513 2516 2519 0
2513 2518 2519 0
2516 2517 2519 0
2520 2522 2524 0
2520 2533 2556 0
2521 2522 2523 0
2521 2522 2524 0
2521 2523 2557 0
2521 2524 2560 0
2523 2525 2526 0
2523 2525 2559 0
2523 2557 2558 0
2523 2558 2559 0
2527 2533 2534 0
2529 2531 2532 0
2529 2531 2555 0
2529 2532 2533 0
2529 2533 2534 0
2529 2534 2536 0
2529 2536 2555 0
2530 2545 2549 0
2530 2545 2551 0
2530 2549 2550 0
2530 2551 2552 0
2531 2553 2555 0
2532 2533 2556 0
2534 2536 2537 0
2535 2536 2537 0
2535 2536 2545 0
2535 2537 2538 0
2535 2538 2540 0
2535 2540 2549 0
2535 2545 2549 0
2536 2545 2548 0
2536 2548 2555 0
2537 2538 2544 0
2538 2540 2541 0
2539 2540 2543 0
2539 2540 2549 0
2539 2549 2550 0
2540 2541 2542 0
2540 2542 2543 0
2545 2548 2551 0
2546 2547 2551 0
2546 2547 2554 0
2546 2548 2551 0
2546 2548 2553 0
2546 2553 2554 0
2547 2551 2552 0
2548 2553 2555 0
2557 2558 3003 0
2560 2561 2562 0
2560 2561 2563 0
2571 2572 2573 0
2571 2574 2694 0
2574 2693 2694 0
2575 2576 2577 0
2575 2576 2610 0
2575 2577 2617 0
2575 2610 2611 0
2575 2611 2615 0
2575 2615 2618 0
2575 2617 2618 0
2576 2579 2610 0
2578 2579 2582 0
2578 2579 2610 0
2578 2582 2583 0
2578 2610 2611 0
2579 2582 2605 0
2579 2605 2608 0
2580 2581 2585 0
2580 2581 2605 0
2580 2582 2583 0
2580 2582 2605 0
2580 2583 2585 0
2583 2584 2585 0
2584 2585 2590 0
2585 2586 2590 0
2586 2589 2590 0
2587 2588 2589 0
2587 2588 2593 0
2587 2591 2592 0
2587 2592 2593 0
2591 2592 2594 0
2592 2593 2603 0
2592 2594 2603 0
2595 2596 2599 0
2596 2598 2599 0
2596 2598 2601 0
2598 2599 2602 0
2598 2600 2601 0
2598 2600 2602 0
2605 2606 2608 0
2606 2607 2608 0
2611 2612 2614 0
2611 2612 2615 0
2612 2613 2614 0
2612 2615 2616 0
2619 2620 2621 0
2622 2623 2628 0
2622 2623 2630 0
2622 2625 2628 0
2622 2625 2632 0
2622 2630 2631 0
2622 2631 2632 0
2623 2624 2626 0
2623 2626 2628 0
2626 2627 2628 0
2634 2635 2636 0
2634 2635 2639 0
2634 2639 2643 0
2634 2640 2643 0
2634 2640 2648 0
2635 2636 2637 0
2636 2637 2638 0
2640 2643 2644 0
2640 2648 2649 0
2641 2643 2644 0
2641 2644 2645 0
2641 2645 2646 0
2645 2646 2647 0
2654 2656 2660 0
2654 2660 2662 0
2655 2656 2657 0
2655 2656 2668 0
2655 2657 2688 0
2655 2668 2690 0
2655 2687 2688 0
2655 2687 2690 0
2656 2660 2668 0
2657 2680 2688 0
2659 2660 2662 0
2659 2660 2668 0
2659 2661 2662 0
2659 2661 2664 0
2659 2663 2664 0
2659 2663 2667 0
2659 2667 2668 0
2663 2664 2665 0
2663 2665 2666 0
2663 2666 2669 0
2663 2667 2669 0
2667 2668 2690 0
2670 2672 2673 0
2670 2672 2716 0
2670 2673 2674 0
2670 2674 2718 0
2670 2716 2718 0
2671 2703 2707 0
2671 2703 2715 0
2672 2702 2716 0
2673 2674 2685 0
2674 2677 2718 0
2675 2677 2678 0
2675 2677 2718 0
2675 2717 2718 0
2676 2701 2715 0
2676 2701 2717 0
2677 2678 2681 0
2678 2681 2682 0
2678 2682 2684 0
2679 2680 2681 0
2679 2680 2688 0
2679 2681 2698 0
2679 2687 2688 0
2679 2687 2698 0
2681 2682 2698 0
2682 2683 2684 0
2682 2683 2700 0
2682 2698 2699 0
2682 2699 2700 0
2686 2687 2689 0
2686 2687 2698 0
2686 2689 2697 0
2686 2697 2699 0
2686 2698 2699 0
2687 2689 2690 0
2689 2692 2697 0
2691 2695 2697 0
2691 2696 2697 0
2692 2693 2695 0
2692 2695 2697 0
2693 2694 2695 0
2701 2703 2715 0
2701 2703 2716 0
2701 2716 2718 0
2701 2717 2718 0
2702 2703 2710 0
2702 2703 2716 0
2702 2710 2713 0
2703 2707 2710 0
2704 2714 2719 0
2704 2714 3002 0
2705 2706 2707 0
2705 2706 2708 0
2705 2707 2710 0
2705 2708 2714 0
2705 2710 2712 0
2705 2712 2714 0
2706 2708 2709 0
2708 2714 3002 0
2710 2712 2713 0
2711 2712 2713 0
2711 2712 2714 0
2711 2713 2724 0
2711 2714 2719 0
2711 2719 2723 0
2711 2723 2724 0
2720 2721 2722 0
2720 2721 2725 0
2720 2722 2723 0
2720 2723 2724 0
2720 2724 2726 0
2720 2725 2726 0
2725 2726 2729 0
2735 2737 2744 0
2736 2737 2738 0
2736 2737 2744 0
2736 2738 2740 0
2736 2740 2741 0
2736 2741 2743 0
2736 2743 2744 0
2738 2740 2746 0
2739 2740 2741 0
2739 2740 2745 0
2739 2741 2742 0
2739 2742 2776 0
2739 2745 2748 0
2739 2748 2775 0
2739 2775 2776 0
2740 2745 2746 0
2743 2744 2747 0
2745 2748 2751 0
2748 2749 2751 0
2749 2750 2751 0
2749 2753 2768 0
2752 2753 2756 0
2752 2753 2768 0
2752 2768 2771 0
2752 2771 2772 0
2753 2755 2756 0
2754 2755 2756 0
2754 2755 2757 0
2754 2757 2765 0
2754 2765 2766 0
2755 2757 2758 0
2755 2758 2770 0
2757 2758 2761 0
2758 2759 2761 0
2759 2761 2762 0
2759 2762 2764 0
2761 2762 2763 0
2762 2763 2769 0
2771 2772 2777 0
2771 2773 2777 0
2773 2774 2777 0
2784 2785 2786 0
2786 2787 2789 0
2791 2792 2794 0
2791 2792 2795 0
2791 2794 2796 0
2792 2793 2794 0
2796 2797 2798 0
2797 2798 2799 0
2800 2801 2802 0
2800 2801 2803 0
2800 2802 2807 0
2800 2803 2804 0
2803 2804 2805 0
2820 2821 2866 0
2821 2822 2824 0
2821 2824 2865 0
2821 2865 2866 0
2822 2824 2825 0
2822 2825 2826 0
2823 2824 2825 0
2823 2824 2830 0
2823 2827 2829 0
2823 2829 2830 0
2827 2829 2844 0
2828 2829 2830 0
2828 2829 2844 0
2828 2830 2831 0
2828 2831 2834 0
2828 2834 2835 0
2828 2835 2844 0
2831 2832 2846 0
2831 2834 2847 0
2831 2846 2847 0
2833 2834 2836 0
2833 2834 2847 0
2833 2836 2862 0
2833 2847 2857 0
2833 2857 2858 0
2833 2858 2860 0
2833 2860 2862 0
2834 2835 2836 0
2835 2836 2862 0
2835 2838 2839 0
2835 2839 2862 0
2837 2839 2862 0
2837 2839 2899 0
2837 2860 2861 0
2837 2860 2862 0
2837 2861 2898 0
2837 2898 2899 0
2838 2839 2899 0
2838 2841 2886 0
2838 2885 2886 0
2838 2885 2897 0
2838 2897 2899 0
2840 2841 2842 0
2840 2841 2886 0
2840 2842 2843 0
2840 2843 2896 0
2840 2886 2887 0
2840 2887 2896 0
2843 2893 2896 0
2845 2846 2847 0
2845 2846 2848 0
2845 2847 2857 0
2845 2848 2856 0
2845 2851 2856 0
2845 2851 2857 0
2846 2848 2849 0
2848 2849 2850 0
2851 2852 2856 0
2851 2852 2863 0
2851 2857 2859 0
2853 2854 2855 0
2857 2858 2859 0
2874 2875 2876 0
2880 2881 2882 0
2881 2882 2883 0
2884 2885 2889 0
2884 2885 2897 0
2884 2888 2889 0
2884 2888 2900 0
2884 2897 2898 0
2884 2898 2900 0
2885 2886 2887 0
2885 2887 2890 0
2885 2889 2890 0
2887 2890 2891 0
2887 2891 2896 0
2888 2889 2892 0
2890 2891 2901 0
2891 2893 2896 0
2893 2894 2895 0
2897 2898 2899 0
2902 2903 2904 0
2902 2904 2906 0
2902 2906 2927 0
2902 2927 2928 0
2905 2906 2908 0
2905 2906 2924 0
2905 2908 2910 0
2905 2910 2912 0
2905 2912 2922 0
2905 2922 2924 0
2906 2908 2932 0
2906 2924 2927 0
2907 2908 2931 0
2907 2908 2932 0
2907 2932 2933 0
2907 2933 2937 0
2908 2910 2931 0
2909 2910 2912 0
2909 2910 2931 0
2909 2911 2931 0
2909 2912 2913 0
2912 2915 2922 0
2914 2915 2917 0
2914 2915 2922 0
2914 2917 2919 0
2914 2919 2920 0
2914 2920 2925 0
2914 2922 2925 0
2915 2917 2921 0
2916 2917 2918 0
2916 2917 2921 0
2917 2918 2919 0
2919 2920 2929 0
2920 2925 2926 0
2920 2929 2930 0
2922 2924 2925 0
2923 2924 2925 0
2923 2924 2927 0
2923 2925 2926 0
2923 2926 2928 0
2923 2927 2928 0
2933 2936 2937 0
2935 2936 2937 0
2935 2936 2940 0
2935 2937 2938 0
2936 2939 2940 0
2942 2943 2944 0
2943 2944 2945 0
2945 2959 2975 0
2947 2950 2974 0
2949 2950 2951 0
2949 2950 2974 0
2949 2974 2977 0
2949 2977 2978 0
2950 2951 2955 0
2950 2955 2976 0
2951 2952 2955 0
2951 2952 2966 0
2952 2953 2954 0
2952 2954 2955 0
2954 2955 2976 0
2954 2956 2976 0
2956 2958 2960 0
2956 2960 2976 0
2958 2959 2960 0
2959 2960 2975 0
2962 2963 2964 0
2966 2968 2980 0
2967 2968 2969 0
2967 2968 2980 0
2967 2969 2971 0
2967 2971 2972 0
2967 2972 2980 0
2972 2979 2980 0
2993 2994 2995 0
2994 2995 2996 0
2998 2999 3000 0
3015 3016 3017 0
3015 3017 3019 0
3015 3019 3021 0
3020 3021 3022 0
3020 3021 3024 0
3020 3023 3024 0
3023 3024 3025 0

End
