MeshVersionFormatted 1

Dimension
2

Vertices
1897
0.0 0.0 1
1.0 0.0 1
1.0 1.0 1
0.0 1.0 1
0.5 0.0 1
1.0 0.5 1
0.5 1.0 1
0.25 0.5 0
0.0 0.5 1
0.0 0.75 1
0.25 1.0 1
0.375 0.75 0
0.7291666666666666 0.7291666666666666 0
0.538690476190476 0.5119047619047622 0
0.3910557644110273 0.5857221177944861 0
0.5316602518200254 0.6823877028881726 0
0.654972415227055 0.6020863169829342 0
0.7650644656186915 0.3400724474862056 0
0.6749052114385818 0.45632563128933656 0
0.8276068351983819 0.5514508511724192 0
0.7854616148589596 0.44897904494922575 0
0.7352910988334793 0.5295162491877469 0
0.7601325780042659 0.6301974255277039 0
0.7736121155384761 0.5734663558598555 0
0.7140392862560221 0.5867276498891941 0
0.6987346194295964 0.6491284537217925 0
0.6895479488246486 0.6137980513830927 0
0.6614100503901603 0.639974082968478 0
0.6825426634382137 0.6344791454007385 0
0.7244735266878868 0.623576211854637 0
0.7477968640191492 0.5972994768463565 0
0.7275379409771011 0.6028068862470389 0
0.7440524615192441 0.6174652421404618 0
0.7784245976346679 0.6045767534299857 0
0.8093385144479363 0.5838672436854193 0
0.7890475372146447 0.5870060645387796 0
0.8461816555446715 0.6722924572655464 0
1.0 0.75 1
0.8066631635324238 0.6440780127382931 0
0.7857760572708267 0.629165548447653 0
0.7744599880071019 0.667099341934187 0
0.7866172891533374 0.6500712481230905 0
0.8053852959942137 0.6763247026223674 0
0.8122551370269 0.6141616598473322 0
0.8427332851469864 0.6353394473833697 0
0.8227340410036001 0.631601182777156 0
0.8283730496967183 0.6554530756841936 0
1.0 0.625 1
0.9224428048553248 0.6465385392034835 0
0.8812613848242679 0.6503814951689784 0
0.8582215889247348 0.65253151624715 0
0.7766370669065205 0.7162480047140101 0
0.7840806033788722 0.6912957382713913 0
0.744700695206314 0.6929425963997338 0
0.7646823943128609 0.699095416175829 0
0.7522935887532748 0.720472181476647 0
0.75 1.0 1
0.786893686506218 0.8476123214299552 0
0.7755800590230798 0.782413098256871 0
0.7523733628448737 0.7557898824617663 0
0.8162929542299878 0.7144914158131778 0
0.8042134861583373 0.6973015994065744 0
0.8296489392941087 0.6922669280929885 0
0.9042811763523845 0.7522432099296383 0
0.8746536151829974 0.7126877164189657 0
0.84557760066968 0.7169648228684805 0
0.8653658642640278 0.7505178128108445 0
0.8623051945138791 0.7297112046223059 0
0.8867827761365593 0.7344762769773537 0
0.9361927387013834 0.7033135353396666 0
0.9056799668666939 0.7096863866672318 0
0.9261916540856063 0.7316619805289466 0
0.9658570911276474 0.7297172309483801 0
1.0 0.6875 1
0.9456267756478428 0.7225801518046546 0
1.0 0.875 1
0.9483024791158146 0.7771542463372757 0
0.9473814603394966 0.7498467622428344 0
0.9265637692997013 0.764218169163634 0
0.8817410443197189 0.8209039351607061 0
0.91793216282746 0.8034570187846694 0
0.9287552963562252 0.7852690506762093 0
0.9507618455251605 0.8106787621434163 0
1.0 0.8125 1
0.9736537256553202 0.7626299329925679 0
0.9807201123187089 0.7435761717332328 0
1.0 0.71875 1
0.9737254066271686 0.7921416821154016 0
1.0 0.78125 1
0.9062478168344082 0.7297168104598987 0
0.9150629096870967 0.6783783212711958 0
0.8878545424755765 0.6872841009831469 0
0.8694816188647891 0.6729403319419461 0
0.8572162912919484 0.6947465035880107 0
0.8961961964080791 0.6667534678590165 0
0.9188639716525288 0.6965775433335499 0
0.8280478335776293 0.7499148791507996 0
0.8297563979977706 0.7296858170333709 0
0.8242658269181827 0.6740244592749697 0
0.9761481314587629 0.7031250000000008 0
0.9649343016337437 0.6599891968777993 0
0.9778230207275577 0.6796640790212026 0
1.0 0.65625 1
0.9519370293011026 0.682562558306961 0
0.9411393358567366 0.6613170104998244 0
0.9806016312091389 0.6406250000000002 0
0.950205435981629 0.6306314033334773 0
0.8995978095452911 0.5744867558678811 0
0.9188221901007815 0.6080389547272681 0
0.9293803628575463 0.6264660718405762 0
0.9227615201760271 0.8597349190102789 0
0.9291169660858466 0.8308433810177168 0
0.9057348970437847 0.8244156383830136 0
0.9640857963589806 0.8536804774590546 0
0.9521107204231692 0.8338258678536561 0
0.9428712366254862 0.8529371730241884 0
1.0 0.9375 1
0.9506961723581696 0.9092296944992525 0
0.875 1.0 1
0.9525333676047714 0.8802842024754924 0
0.9794813108229352 0.8308562342778033 0
1.0 0.84375 1
0.9801610735284161 0.810970013280023 0
0.9218692951256334 0.8928689776431306 0
1.0 0.90625 1
0.9746518275212682 0.8962191303211783 0
0.9745962074692253 0.9246761347529651 0
0.9375 1.0 1
0.9684418626335437 0.9684418626335434 0
0.9789601495578568 0.9476053696061202 0
1.0 0.96875 1
0.9445857680727439 0.9433262086918143 0
0.955687513851456 0.9277199651233294 0
0.9400343868324772 0.9715370147174575 0
0.8915296556148236 0.9492389688175339 0
0.9188789128251171 0.9536513523591107 0
0.9216239795604336 0.9233216566069493 0
0.88202827668284 0.9077753606408951 0
0.9048060242720681 0.9079588497858192 0
0.8932628506652526 0.9270213836684003 0
0.8568766027313378 0.9353592863434503 0
0.9322358252920523 0.9081798141597113 0
0.90625 1.0 1
0.9015918802350446 0.9738359080834826 0
0.9214772726879795 0.9837923152843379 0
0.8728623994293832 0.9712320717687736 0
0.8708695895280519 0.9506218918673598 0
0.8410604252097944 0.9639055896588986 0
0.8125 1.0 1
0.84375 1.0 1
0.859375 1.0 1
0.8541016790473029 0.9799820410972261 0
0.8281249999999992 0.9830168847940143 0
0.7766076601726899 0.9342142210656017 0
0.7940744814899463 0.9673686403496735 0
0.8167847257347111 0.9318008994503147 0
0.8360416117540175 0.9424702433729919 0
0.8158346770764381 0.9562284800086363 0
0.7973129804344026 0.9432758605512304 0
0.8926629550091394 0.8755034750293154 0
0.8900837720750486 0.8476272449092358 0
0.8384885194407019 0.8490708142650253 0
0.864724905779782 0.8640309461401587 0
0.8621341713013262 0.8380883107751728 0
0.8419072640071994 0.7952323736842757 0
0.840363763313281 0.8221621268316325 0
0.8606961873569723 0.8098183861725416 0
0.8869619708957548 0.7854739033327138 0
0.9078166659365307 0.7768093751775718 0
0.8052994275983172 0.8066432758527214 0
0.8142201904792856 0.8338598889577012 0
0.8257470842264643 0.8078152499150875 0
0.8316804020495936 0.8914967206901796 0
0.8377634963458733 0.9166495915343407 0
0.843414521367335 0.929994176675957 0
0.8571754476630898 0.898642891340796 0
0.8490073578977624 0.8787319853863443 0
0.8645114524742058 0.91706201481276 0
0.8753106211765134 0.8876734798509088 0
0.9039319065874647 0.8604034101733323 0
0.96875 1.0 1
0.953125 1.0 1
0.9840698422299177 0.9840698422299177 0
0.9768475324885781 0.873092189954268 0
0.9331037639616788 0.8765924542939867 0
0.607532711874812 0.8586174228684296 0
0.6953631350130371 0.8289099831556828 0
0.7309612046363535 0.7978801634435636 0
0.7162115488651644 0.7638851872720009 0
0.6954595639111122 0.7930862670070845 0
0.7111096520020461 0.8110403811669721 0
0.738513099677657 0.8510606676340841 0
0.734338326040435 0.824527050823087 0
0.7164496475612508 0.8409368740453987 0
0.6923796708748206 0.9224982303482729 0
0.625 1.0 1
0.7102955016805151 0.8834530768053617 0
0.6921074271160831 0.8591168825707819 0
0.7196338987836249 0.8631012911309833 0
0.7495133285959643 0.8891297885598157 0
0.674980449947847 0.8908817071542801 0
0.6909143145175304 0.8789732586064296 0
0.7615983904347499 0.8338332144559563 0
0.7844916419428769 0.8219141779701751 0
0.7851564137373457 0.801008420981018 0
0.7578353904974964 0.8033148886838647 0
0.7515138061130635 0.7799650482368766 0
0.7313087404484936 0.7775321153895467 0
0.6498321439911162 0.8568225492650964 0
0.6718551955272312 0.8416551912479311 0
0.626187296114613 0.7989177067443597 0
0.644345232002609 0.8252830867530783 0
0.6710033007946511 0.8109324244369464 0
0.6584729576718926 0.7680804860478707 0
0.6724601562212018 0.7872484559219707 0
0.6870468268940155 0.7619169754240668 0
0.6485486797673912 0.790009738047208 0
0.6524262576492197 0.8083589527048755 0
0.6596064231409743 0.7040196021158931 0
0.666544173338332 0.7361828251449044 0
0.7008180775400176 0.7749200149635511 0
0.6897796378938273 0.8109829658572965 0
0.6978139176406958 0.7323043179311062 0
0.7024489875035419 0.7507533909814286 0
0.6799728266336383 0.7164563416334436 0
0.6833662196355031 0.7438149426715508 0
0.5953239624664994 0.734715477962907 0
0.6307558940012286 0.7440971272818184 0
0.6282144883095121 0.7714859904364464 0
0.6086829751468871 0.7558613264918487 0
0.5057554762444118 0.806093630797021 0
0.554460194910125 0.7753241417713413 0
0.579407463218437 0.7595635600564188 0
0.5509485941483518 0.7238124453091604 0
0.5555195983504339 0.7493763784498534 0
0.5721669604263764 0.7332090876716043 0
0.5872812079170623 0.6796089796220082 0
0.5722757465033719 0.7043087390203573 0
0.49551191078876167 0.7469155291677503 0
0.524983492039084 0.7611251491882638 0
0.6021887184720488 0.7055734053215137 0
0.6300190571882603 0.6723327816090735 0
0.6099887123580233 0.6838332315105135 0
0.6308649918379782 0.7035926127839555 0
0.645477125412671 0.6875558263870789 0
0.6536224641563173 0.6638248520616243 0
0.6178549436993348 0.7238099747389555 0
0.6449374417211698 0.7238829207299061 0
0.5867094381202121 0.7173066529143246 0
0.5593997979770164 0.6795785166642345 0
0.5474786727273726 0.7002251970153792 0
0.5133767435162145 0.7145343454767261 0
0.5734283422133135 0.5991983180573962 0
0.5408661832188291 0.6349296119908313 0
0.5434096122900532 0.6600449167424622 0
0.5768763489366828 0.6439692984291436 0
0.5572373814914339 0.6459581383505825 0
0.5647701529887269 0.6223833857719184 0
0.5371861669969286 0.5988732895416709 0
0.6059105338008576 0.6535366034009812 0
0.500441194239111 0.6517098931160833 0
0.5206702881065481 0.6623477300573002 0
0.49561077507012435 0.6854484164187531 0
0.6010021885660222 0.6195930000972129 0
0.5950070597817149 0.6377865956730272 0
0.5876320037001583 0.660167897647402 0
0.5462608659030143 0.6161630565630117 0
0.5865715105961139 0.7985281420263003 0
0.6047000482016422 0.7808601140717688 0
0.5751715518174249 0.7804832604667349 0
0.5681943320817209 0.6621331333445021 0
0.6302241209997267 0.6326941046647095 0
0.6362215428214099 0.6525450001881746 0
0.649026065680131 0.622587483722774 0
0.6256730157876939 0.6037050948401688 0
0.6004035382480721 0.5915649614108598 0
0.6372479327287078 0.5472430489278503 0
0.6243821334997126 0.5740229872653784 0
0.6395126677026689 0.5882340807299601 0
0.6735541303504793 0.5657952274750417 0
0.5847653025378625 0.5385094948577871 0
0.5794266398161027 0.5689155179214559 0
0.6022006074106806 0.568861943712333 0
0.5486582276642635 0.5478415368643613 0
0.5688332471051875 0.5513838489903031 0
0.5554788019601237 0.5799074842919618 0
0.6108698418664142 0.5436981998197811 0
0.6313083574428932 0.491525540572721 0
0.6038308249385925 0.5108509819897094 0
0.630639960114929 0.5197721310727657 0
0.6718146770882799 0.5243980017285275 0
0.6530152900223343 0.5061703937512425 0
0.6860219753417126 0.49093668178451455 0
0.6724592247350136 0.5049248802717737 0
0.6503884325373783 0.5295519626538734 0
0.6589266061136803 0.54961966777583 0
0.6460168875209936 0.5673166470192846 0
0.6606436171153893 0.5820874409711048 0
0.6854625827422534 0.5884933721194217 0
0.6609141290929503 0.4799102719037019 0
0.7042413202962519 0.5184191988316251 0
0.7364499560427983 0.4772862531064518 0
0.7061645009954493 0.4653762518791168 0
0.687487770380046 0.4713750528910283 0
0.7132929450710039 0.49171044611937 0
0.7246038507107402 0.5104319031021866 0
0.7586396390473641 0.5039064426293488 0
0.7673046537844301 0.4741252049487338 0
0.7529419343829563 0.48609747848676244 0
0.8102863184325849 0.5027821421064154 0
0.7968691659916125 0.47634420770076075 0
0.780666147930609 0.49416399074996065 0
0.7851309622324362 0.5340292636599432 0
0.776625396759551 0.5147992057889941 0
0.7600428737243685 0.5336298105993549 0
0.7723026528868692 0.5516831186386065 0
0.7413989742928105 0.5644718179592499 0
0.7994088587098149 0.5578922290837313 0
0.9042206778658981 0.438487262956202 0
1.0 0.25 1
1.0 0.375 1
0.8445474359453566 0.44040857344294176 0
0.8161028925841478 0.4522660794912045 0
0.8448449989963854 0.48116843403222403 0
0.8363746645331714 0.4608492543546278 0
0.8208059974788429 0.4792643497166584 0
0.8076555321940087 0.4874937117991687 0
0.8071943708041048 0.3908497007477551 0
0.8037776837773152 0.42269958086030535 0
0.8241625598613362 0.43155407715162075 0
0.8516277299668157 0.396215934792635 0
0.842423980440938 0.4174048638316999 0
0.8739541048613929 0.42609420336437503 0
0.9131500249635792 0.37352449782213243 0
0.8287654272045051 0.3988786909548607 0
0.8346635628915035 0.3500410928965172 0
0.8258387383916667 0.3737502745120413 0
0.7991122506045572 0.3503054343063498 0
0.8053617459074001 0.3701373366305347 0
0.774989819915909 0.3688076073178882 0
0.7803830253351283 0.3508630226403501 0
0.7889111745312178 0.3224876718987282 0
0.75 0.0 1
0.6612309193813056 0.17430216129816 0
0.7194432853852185 0.25324393341797935 0
0.7488872592920764 0.29317289762295085 0
0.7643130653129286 0.31409182855217715 0
0.7900287202710301 0.27898184664750675 0
0.7716781095923447 0.2925137504360546 0
0.7592293638867083 0.2564234293899475 0
0.7231716043339708 0.3282828795276269 0
0.7459624546342402 0.3276237323407279 0
0.7356203500396137 0.36437320057374073 0
0.7561330994023574 0.3592391412342209 0
0.8167235423855008 0.32806787805171245 0
0.8984902793813874 0.27961963355275143 0
0.8612628571493697 0.31001394421439504 0
0.841781439321572 0.3259195382653885 0
0.8772694465812948 0.3495024308471984 0
0.8631675718353663 0.3322302363475842 0
0.8981780021667713 0.318038819255287 0
0.8279822052096271 0.2891346546005122 0
0.8278109344906617 0.31017962176576036 0
0.705173770892135 0.4102906437473436 0
0.6971548616580568 0.4379865794228973 0
0.7392699600344376 0.435171483057375 0
0.717700893914842 0.4289265095889576 0
0.7370776167118549 0.4023730482200487 0
0.7551336230809722 0.384573669192292 0
0.7801949778407622 0.3957498630050928 0
0.7499649508131365 0.45703941810754917 0
0.7268446301678968 0.4547976385639546 0
0.6563675606073299 0.41116843712020273 0
0.6327371660314657 0.4472526176238488 0
0.6523002295991293 0.4588579856166628 0
0.6611383347973963 0.43559354625173774 0
0.6328138883458624 0.46941461092265646 0
0.5731549346346801 0.4585400140219012 0
0.6039949798749426 0.4584332492731256 0
0.5970798977370757 0.3981223031823127 0
0.5884751654936484 0.4296608022972943 0
0.6116996427725484 0.4357054600693074 0
0.6330771288637124 0.4216957573466685 0
0.6125768501879265 0.41372912996785244 0
0.6324849142020359 0.3784638824087552 0
0.6296626150125494 0.40012253757304805 0
0.5885393394963013 0.4481980926272449 0
0.588665339276158 0.4845943653258353 0
0.6096769903147414 0.48996630818662024 0
0.556905721844081 0.4858572476843571 0
0.5739088107957903 0.5106255507924079 0
0.5560596705509451 0.5046583912160502 0
0.680906341360772 0.418273243322886 0
0.6801286106722073 0.3750306207368413 0
0.6738337057538203 0.39677214151156864 0
0.6565399311021696 0.3799829551589191 0
0.6536232306329359 0.3074359920112218 0
0.6467339321370791 0.34404508502782105 0
0.664353177373001 0.35854426820650087 0
0.3979168422160926 0.3727938877475606 0
0.467754035347296 0.44290551820784496 0
0.5088355976551828 0.47163420006746726 0
0.5393309211150946 0.45691175590397654 0
0.5395508045962442 0.3993695638359024 0
0.5685001113953194 0.4072678798822906 0
0.5673552461565666 0.35446170920388864 0
0.5601053521908033 0.3810343866509523 0
0.5858877305055616 0.37379331860177384 0
0.6053787442740683 0.33655901793776855 0
0.5893756953101171 0.3519005370196226 0
0.6101578583572144 0.3664358003445455 0
0.6295876776666343 0.3571055871188193 0
0.5745555301070284 0.32042401120994635 0
0.518884263746151 0.35551258530675606 0
0.5357141917527851 0.3743796817485262 0
0.5430314171260648 0.35091262204313683 0
0.5199684530251407 0.2955246596292409 0
0.5257038296417276 0.3256320780835762 0
0.49545770643013926 0.393349577220206 0
0.5183960130623789 0.38982793588053327 0
0.512585977906915 0.42844957658188143 0
0.5219753302497376 0.4101142252237427 0
0.5450809388135973 0.4281622120474116 0
0.5568332759749786 0.4454625085983757 0
0.5678541003508735 0.42794972646022295 0
0.528935838088053 0.439882915322288 0
0.5505708739753284 0.3271664481253757 0
0.5539772007467929 0.29325252067754254 0
0.5378632203594271 0.30771575352484204 0
0.4524968901271421 0.32397779389209114 0
0.4889161994841297 0.33295457518254507 0
0.5042881467647269 0.31411170847153647 0
0.5089488255239982 0.337526579677648 0
0.5281361518120881 0.16212368044744951 0
0.5326275176002181 0.2293492019763881 0
0.5349486834041012 0.26409177006865336 0
0.6002308696071121 0.2422814162579549 0
0.5647386472081972 0.24465266678605146 0
0.5593579239774945 0.2689525937317965 0
0.5788467460953132 0.18901427891861866 0
0.5597497796887034 0.21377977791406888 0
0.5813266383561615 0.2261326207405704 0
0.6155545067861605 0.2052038299996047 0
0.6018509105411985 0.22124564266022037 0
0.6333143265758737 0.23424902341886536 0
0.6486524815838118 0.20491817729871414 0
0.6318884029495813 0.1801388367435929 0
0.6046415536792793 0.1802376924908839 0
0.625 0.0 1
0.61793947073109 0.09047111308431674 0
0.6181059772996823 0.13636403788894083 0
0.6417379796456052 0.15298062641752352 0
0.6519850660270797 0.11329435490189128 0
0.6393891955568792 0.13120811860788517 0
0.6291179275743679 0.11060077954507207 0
0.6764838236964495 0.14078603672209036 0
0.6617110404549317 0.15429186428410907 0
0.5794541268706505 0.14850501982272296 0
0.5863825835077906 0.16886808549528323 0
0.6065531764988212 0.15682147048575576 0
0.5570278053650268 0.16749571502448837 0
0.53755172888708 0.19186317804696054 0
0.5402902466767333 0.21128935045184674 0
0.5039150902680524 0.2065110641207534 0
0.5137070673868587 0.18305219677520193 0
0.25 0.0 1
0.35480211704062764 0.1304966755226623 0
0.43225325900066974 0.16282559399629667 0
0.4800625197784361 0.14441779757825232 0
0.47664929630349795 0.18135696531237225 0
0.494869055555483 0.18896208379817286 0
0.4972115448066203 0.1634504477249545 0
0.5128557540262259 0.16702696576425544 0
0.5115551694428097 0.1367126312148483 0
0.5474503384911027 0.13140580723518297 0
0.5307240321691689 0.14231990163909755 0
0.5593933868746531 0.14755216347182565 0
0.5583740930132749 0.1929732730447045 0
0.6249485391887089 0.16225673077472266 0
0.5196161612622945 0.06718665706632006 0
0.5249155254429508 0.10303136829888199 0
0.5705100217801973 0.08995621429196533 0
0.5435457554227677 0.08196294175848703 0
0.5498829809779583 0.10633808916387162 0
0.5767289308892997 0.11896376159302527 0
0.6025123043732992 0.11220682335089205 0
0.5942272422361816 0.08998374863828537 0
0.5824316408497532 0.03569614584598453 0
0.5625 0.0 1
0.5823986323935653 0.06412859247653462 0
0.6204356697652113 0.04995650884149292 0
0.6065107554448939 0.06943276290729583 0
0.5989897354777672 0.049339401373122 0
0.6104548143146171 0.02385783033895411 0
0.59375 0.0 1
0.5926286259736271 0.075081763710774 0
0.5523374126332218 0.04987745063147546 0
0.5385193075328201 0.06333842411738408 0
0.522518145486274 0.03308989438132655 0
0.5959838337585323 0.1335325295680112 0
0.547840849665426 0.022987226115762267 0
0.53125 0.0 1
0.5633455270791011 0.034215613891104696 0
0.515625 0.0 1
0.561393291234006 0.06960606150346271 0
0.46847235560466655 0.04566191898576862 0
0.375 0.0 1
0.4375 0.0 1
0.4792982806250447 0.09146143553715587 0
0.5045198913005985 0.08773261486608673 0
0.49153935205287047 0.06237606521566863 0
0.4955199229088236 0.114020598148302 0
0.4685554738766092 0.06982152667556729 0
0.4233343951154296 0.10575735668516249 0
0.44978764023731954 0.09262504166336141 0
0.43079837045059083 0.05787147869868526 0
0.45159064551315214 0.057799945336260185 0
0.44375454519047236 0.02909275081521859 0
0.46875 0.0 1
0.46587551863612564 0.022814325491249912 0
0.4936013897783144 0.03123440169074462 0
0.5089262601147181 0.018658375391596947 0
0.5070586118311075 0.04776456882458793 0
0.4062500000000001 0.021937020807137046 0
0.40625 0.0 1
0.42651620792452555 0.0175800621232179 0
0.42800739088656725 0.08196109269446035 0
0.3825396931993617 0.06448680066810676 0
0.39933084930146495 0.08868669370479625 0
0.40723115344596833 0.0652798087073351 0
0.4133199638212682 0.04345947675309322 0
0.36377276236052064 0.09543352168266446 0
0.38004906803104216 0.08414016642423709 0
0.450378439004276 0.12702449686264383 0
0.47118712296429915 0.1144057732792717 0
0.4419095810655628 0.1099651455918787 0
0.5242647370908871 0.05041042289469054 0
0.42207702558601545 0.13518492109252375 0
0.38685665537431263 0.12001847596527328 0
0.4078114144120652 0.11983474120345884 0
0.3847219554074603 0.16775723320281194 0
0.40754720923204774 0.15622782649704758 0
0.3870173544210228 0.14394276837685227 0
0.36749778323955445 0.11506565350935455 0
0.3113034025463584 0.042450930623964066 0
0.3125 0.0 1
0.3066763998882043 0.09950495807391399 0
0.33590294350346234 0.10698235037853258 0
0.33677895683743153 0.06969399827873433 0
0.36017672423568253 0.07163729224502842 0
0.3605851281475803 0.03436952841957055 0
0.34995426171411986 0.052889148296599825 0
0.3251702684255088 0.08807574207815733 0
0.30144723006301805 0.07036624415808083 0
0.0 0.25 1
0.176321314498306 0.10785963175371019 0
0.125 0.0 1
0.24102241384657558 0.09624851407207163 0
0.2742257135440602 0.0902899225784243 0
0.2927009676473856 0.08697439391271812 0
0.31893831683672086 0.06084425672357975 0
0.3100701052522056 0.1470970638977243 0
0.3296702374178495 0.13134384551363845 0
0.3071455936814209 0.12338855307885975 0
0.2612510307612455 0.14108440542865266 0
0.28641310577351686 0.13798059262148984 0
0.28439795189660594 0.11309298258197531 0
0.2800318123815439 0.18979275508737228 0
0.28970721274103367 0.1646853495655392 0
0.3435073262629644 0.1686297696349654 0
0.34280117613158256 0.1476813410001558 0
0.36559274425287974 0.15389557514683194 0
0.31602678056898 0.1745751672447102 0
0.35227246739308804 0.27562596657333066 0
0.3408234312413902 0.22270675380224172 0
0.3348956115307823 0.19530745587201398 0
0.3064933057977134 0.20220433163800872 0
0.24988276233084306 0.28848431272843067 0
0.27201655177238376 0.2412950518643705 0
0.2835458859133179 0.21671450013361526 0
0.23570448670468058 0.20926898203906383 0
0.25853779825991996 0.2199787855189845 0
0.25609417851370986 0.19549336213260018 0
0.2204162782461734 0.16466296932306923 0
0.2340886578536924 0.184899852191953 0
0.25577027314564477 0.1680138023311109 0
0.18981694138852231 0.20007348437568703 0
0.21400343871038116 0.1984697652268215 0
0.20487685598035385 0.24401340994697066 0
0.23864204585991858 0.24747890850605275 0
0.21559513891233376 0.22247499874851284 0
0.23957590554712985 0.1506954432894951 0
0.20859509496497092 0.12832288908200754 0
0.2718476009446443 0.15726348270600832 0
0.30964858464236344 0.24395193880145527 0
0.30383352746653375 0.2233983987151039 0
0.3710320050543244 0.20183026026836717 0
0.35503750182196026 0.18708057774282627 0
0.32624667502609317 0.1579750162269611 0
0.2980931103627421 0.1823349035409776 0
0.3768903968875493 0.24260179202865295 0
0.44549543600270897 0.24248063551673665 0
0.4778305640666465 0.275884112461652 0
0.4962385471101228 0.291413356195138 0
0.5048500366297634 0.2625307018891248 0
0.47079584050420986 0.3028977072370204 0
0.47216104228104677 0.3225652060237542 0
0.4645084977196153 0.3536120120818754 0
0.4397535538280137 0.28039108678489244 0
0.4480383819496305 0.3016250945531375 0
0.3942498127546412 0.31037842653189057 0
0.42313147857417405 0.31821406925397133 0
0.4147488245583716 0.2919661973155422 0
0.3847242306257773 0.2791559792896539 0
0.4137745864526428 0.2570662804784051 0
0.4217556266864885 0.2743070445997519 0
0.4013711340539153 0.3412754882430182 0
0.47838557505479495 0.24299463982828678 0
0.4865834833892683 0.25958239904644204 0
0.5192467216275597 0.2758946276658873 0
0.46168382360103216 0.25916221642637743 0
0.5050893431309369 0.23451349762096546 0
0.5217822923454378 0.2475225991900718 0
0.5166216796657717 0.2200040638230567 0
0.4733447677092724 0.21229334293487492 0
0.46214117296757923 0.22989731743023994 0
0.436423021456354 0.20116255791583637 0
0.41328891147630353 0.18428351869744466 0
0.4012555905327046 0.17213080628352623 0
0.40515501739785514 0.21972480757587923 0
0.41681315843045297 0.2037463674927975 0
0.39413123484935414 0.1978030083764802 0
0.42888329474071746 0.22479515257765412 0
0.45840362859985456 0.1950526978683522 0
0.4548014476725776 0.1712523691912609 0
0.4501250765036687 0.1493849320512632 0
0.38275786466817713 0.22095204855094194 0
0.3620048125551962 0.22694756627680931 0
0.3465407578711718 0.24916791605231392 0
0.32915269299715316 0.23907662766369406 0
0.325111436456329 0.26766009902404 0
0.31499513265326384 0.3524415192600624 0
0.327178265723205 0.3109009774205497 0
0.3336240177092424 0.28892304871157704 0
0.2986347367454756 0.29059546778826056 0
0.3606996911135863 0.30879806131647797 0
0.30095211556766027 0.2665205620629664 0
0.2748383292327413 0.27615591151649876 0
0.28295681601761347 0.2579541359087193 0
0.2539633885109439 0.2653223022316244 0
0.37800792474488104 0.29826933328093774 0
0.34576192286147045 0.3389080709774065 0
0.3729696843388259 0.35411128987447227 0
0.3792241207923832 0.3301108401064135 0
0.36066047813044233 0.3275389734904493 0
0.34201925203253813 0.4214373333069467 0
0.36473599977024984 0.3911033135886782 0
0.34744543222933205 0.3678424404930351 0
0.33677100908458585 0.3938338468941607 0
0.32477613941240957 0.3737200229452166 0
0.26800492665970777 0.4212089890749476 0
0.30019491922623354 0.40201250179516246 0
0.3214189675931203 0.41105339280503156 0
0.30486338519095774 0.46952336151285745 0
0.3187931247639368 0.44188870804797503 0
0.28837620356339777 0.44388461031186055 0
0.3024271548148416 0.4252465816624993 0
0.2494012594231205 0.4584104755731774 0
0.2759205136959047 0.4700148058300915 0
0.25614097782261225 0.4791125197813587 0
0.21934947128194796 0.4796421860411688 0
0.26602844178734636 0.4434729824597188 0
0.3832990654406789 0.4917321705192879 0
0.355864169795868 0.4605750289620111 0
0.33036377749341295 0.46504919523743427 0
0.3486834399153416 0.49455513774414844 0
0.34108150719419683 0.443786719750385 0
0.3771966184222325 0.3744644594597682 0
0.36982545171156167 0.5401591478881341 0
0.36764854747798364 0.513465638629342 0
0.3649390605839588 0.4802415250571425 0
0.39339807588185866 0.4551824189958004 0
0.18916559628987406 0.40503551839332325 0
0.2130168528408549 0.43879506451427436 0
0.24036169893966136 0.43162563526859177 0
0.2560485871744833 0.4313672935135953 0
0.2478444649317525 0.4095955624609186 0
0.22633431675014207 0.4576448696010086 0
0.1369518016655664 0.6369518016655666 0
0.18634339061687022 0.5625883008179996 0
0.21158093633298775 0.5245908949418414 0
0.22537108201839026 0.5038285843513574 0
0.3340861113896548 0.35410357434864853 0
0.3246826647526048 0.3327258837650176 0
0.2874132002873988 0.3266509158651795 0
0.2748488789194838 0.30296655901755515 0
0.238034043772796 0.3376712753220295 0
0.26120953664587004 0.32537690135230285 0
0.23923225269842543 0.31193930483119203 0
0.14331580111597314 0.3203668388461949 0
0.19184280337637755 0.3226264981778875 0
0.21700686185324758 0.3237982622867724 0
0.2104293538086106 0.28471479952096646 0
0.2052410804320479 0.30568316283371805 0
0.16769656447354955 0.28526733797790704 0
0.18299606439899682 0.30186162083619233 0
0.1610978693996957 0.30670117748773945 0
0.1307617004261735 0.28562911268276253 0
0.22950839702663392 0.29337826581763365 0
0.22889137392701253 0.26939703801623255 0
0.20251525693374522 0.3642212093473594 0
0.21704034695515878 0.34661935651792586 0
0.2354738045447623 0.37662468422929835 0
0.27250650576830915 0.3631359465353491 0
0.2735213496143149 0.34226285088327413 0
0.2927108728763339 0.35365705846133527 0
0.29204800995910113 0.37851653112476696 0
0.2671377121144988 0.3900614957856591 0
0.2803246817302466 0.40528016084407165 0
0.2553890261999441 0.37372085069231414 0
0.2659394933694685 0.2895647389339442 0
0.21169672805261192 0.389814688182809 0
0.22237015167871252 0.41322876073579073 0
0.23296241116684252 0.39637313056698903 0
0.20293506064739134 0.4206126137675289 0
0.12755552659714092 0.4733704459020742 0
0.16847511058044035 0.45160623986977616 0
0.17861988009302535 0.4282318126389337 0
0.1247457712400485 0.41873851826208325 0
0.15054608140852138 0.42993614879341 0
0.1914633246705467 0.447694701671912 0
0.1523818127370306 0.3903845754873213 0
0.16640339000896703 0.4086824945037484 0
0.14395025070580314 0.4098116243617944 0
0.12826769028420917 0.44594560127601557 0
0.14677040759212087 0.46014774566843986 0
0.16476194957308618 0.5068652128820582 0
0.18521590438505053 0.48048538849152245 0
0.1997168118620295 0.5017500443362343 0
0.1501705822130404 0.48566142073496527 0
0.11320880882269113 0.5267190395422303 0
0.13660738212297022 0.5106173358301357 0
0.11020991685566801 0.4973091802231456 0
0.055570899553659285 0.5177384890700009 0
0.0 0.625 1
0.08556603853015175 0.5146799167609533 0
0.06473017014306806 0.45895353943519884 0
0.0 0.375 1
0.0678496104805478 0.4895456056010928 0
0.0890297636681078 0.49342739291211923 0
0.0 0.4375 1
0.03131210338778465 0.4778162201206605 0
0.045446733342653346 0.4965588739696875 0
0.02277458065399025 0.49895581680732687 0
0.0 0.5625 1
0.012843997018767365 0.53125 0
0.0 0.53125 1
0.05214552846042689 0.4756918580005267 0
0.09781469988141363 0.4588764722015639 0
0.10566513917665012 0.4350399748038193 0
0.07028321133296789 0.37430837410269374 0
0.0934837706363638 0.4014643116472784 0
0.08130458901836532 0.47271853971551153 0
0.10738148537723421 0.4770062080114218 0
0.07640676794074325 0.5734648663957592 0
0.08868547886763029 0.5452719829268484 0
0.07212818921064497 0.5315052359984237 0
0.042404134593412954 0.5504142929123594 0
0.13211093830924228 0.5809551500856451 0
0.14399316527203804 0.5464021102960163 0
0.13275254343091478 0.5300675336081672 0
0.11613033583447402 0.5560646948247664 0
0.09658256201379113 0.5654816472524014 0
0.10052965290687592 0.6049435378223269 0
0.22497612018453017 0.42867622039366027 0
0.1589161773780566 0.570853462770521 0
0.15722884493808453 0.6069912982869518 0
0.179623413407147 0.5899286260870517 0
0.22812679312971082 0.6768164230609022 0
0.26852410512366776 0.5972835086835983 0
0.22466144698362422 0.5865025080861886 0
0.20158055654813598 0.5808294571557328 0
0.20447290890381495 0.6188508745375245 0
0.22013712554915085 0.5551207806989867 0
0.1805022777535868 0.6143097735805938 0
0.18407570124928463 0.660983292463336 0
0.18858808247780606 0.6371642611174209 0
0.16278484622719955 0.6334357159206842 0
0.2115126735845103 0.6538441339517205 0
0.2545507217000175 0.6402119809997114 0
0.23528589320173204 0.6541447746437004 0
0.2659828035197501 0.6763041880891097 0
0.23049263504586306 0.6272320474621171 0
0.25223443275184826 0.6157195887314707 0
0.24610265369033543 0.5938870783670293 0
0.2635993023451412 0.5540889274189277 0
0.24279003764625656 0.5686855948388572 0
0.2634347694862131 0.5759857262929388 0
0.32175971353162913 0.5733053166972131 0
0.29216557547450633 0.5652525923906274 0
0.2997942075708581 0.5956232951855174 0
0.3181677342207403 0.5280997263197434 0
0.29096434245814706 0.5034793065566038 0
0.2710675605800942 0.4948474494852656 0
0.267142222898509 0.5244440838047567 0
0.23937101412779757 0.5280880197701442 0
0.24390843908505586 0.5481486477169911 0
0.28494230358956557 0.5416055435793939 0
0.2906254030122105 0.4835179793333181 0
0.311841786310347 0.551347880444335 0
0.3418484738186695 0.5510128231456758 0
0.355664632820494 0.5836608660351097 0
0.3620867352999858 0.5616957127654852 0
0.3411309263256816 0.5705638948424749 0
0.34257275032230017 0.5196486592003294 0
0.351945651916909 0.535555547440275 0
0.1502824093942434 0.5885586484117199 0
0.3308509779988731 0.6042212902100621 0
0.3177123718674653 0.5912901848482165 0
0.3030666127527681 0.6441920506053727 0
0.28072064664676344 0.6244746957979517 0
0.304824161282102 0.6196790129543749 0
0.28468540839163975 0.6063653532346465 0
0.2971409288648108 0.5239936073457137 0
0.22406444934381256 0.5375562185879645 0
0.31981249661055444 0.498943525129691 0
0.33234908473648034 0.4842566880536925 0
0.2834756102086861 0.5835788181503805 0
0.2264815225608002 0.5702231060709226 0
0.2000227746164441 0.544294046553556 0
0.17170831301104478 0.5373835844836605 0
0.18874532176625183 0.5219506088870094 0
0.15379176908489026 0.5254118887385814 0
0.12875802505620884 0.6093239118395469 0
0.11116203615772498 0.6295714494350331 0
0.05509233439331945 0.639168842816934 0
0.09832716841360836 0.723171186936058 0
0.11145666728893823 0.6772917103672642 0
0.1182971553156454 0.6533884362879987 0
0.08582629401819561 0.6501388258298747 0
0.14911368718404022 0.6751377376440579 0
0.15230439581732774 0.6530918300472406 0
0.129909214554285 0.6696419229432169 0
0.13163976870644417 0.699896489974316 0
0.1876659861878906 0.7208923272438369 0
0.16240102128701606 0.7030611404728606 0
0.14200684678845446 0.7502118499870006 0
0.16176764157418363 0.7307731014944258 0
0.13672122969758524 0.7250752023475758 0
0.11661649891811203 0.7424267726986341 0
0.125 1.0 1
0.09071689471553726 0.872192800660699 0
0.0 0.875 1
0.11021057791832681 0.8086158598726225 0
0.06720122352093848 0.7710487899056983 0
0.0884874224516161 0.750830743452681 0
0.04453288136109013 0.7196141420102744 0
0.0 0.6875 1
0.06090876544171601 0.7431094759172645 0
0.07164289127089798 0.7181734205278684 0
0.056031980257625784 0.6802078629312045 0
0.05718613545333179 0.7019255642184812 0
0.08520357279668592 0.6915521380022597 0
0.029144629200179257 0.6925262701186166 0
0.0 0.71875 1
0.022361278780160705 0.7142946638562587 0
0.027369458859157897 0.7422859482910291 0
0.0 0.8125 1
0.02357960583847315 0.78125 0
0.0 0.78125 1
0.01788043270438119 0.7610293312114631 0
0.04276638852579268 0.7649287393034981 0
0.03062705272325076 0.6602592770299163 0
0.0 0.65625 1
0.0 0.671875 1
0.017621358766604873 0.6406249999999998 0
0.09100033128984683 0.6709279644196543 0
0.10729056285413784 0.7009178777311249 0
0.11782328555251789 0.7180921797548 0
0.09664927088169493 0.7807382107431656 0
0.1302128876088899 0.7816482470575014 0
0.12462038060063825 0.7616195502285849 0
0.10468711687150524 0.762477223942375 0
0.11319427130820585 0.7899270900804715 0
0.19831740316176916 0.7876918540253736 0
0.18600001497222254 0.7554069382906948 0
0.16400343088033842 0.7528093941388464 0
0.1792768319594501 0.7377849072483963 0
0.1900592408936238 0.6906868036514403 0
0.17104863504900636 0.6790619170894522 0
0.2179629207170033 0.7080952512562219 0
0.19949367767578338 0.7066318896732131 0
0.2060179608618318 0.675312056860326 0
0.21334697853589057 0.7394294247958451 0
0.2679707855026823 0.7314691592465103 0
0.23946694683385622 0.727270163186547 0
0.2463434245575087 0.7761763873172801 0
0.25058495168904305 0.7506434589153467 0
0.22748251407283115 0.7599244498345542 0
0.2229006218013359 0.7843122108957273 0
0.2719146262714511 0.8877003089524723 0
0.2530464589269571 0.8333330133538759 0
0.21563491273296456 0.8225599765988826 0
0.2128378844542811 0.8022146457227413 0
0.18398065866994376 0.8165467991865493 0
0.24159175594833857 0.8065975539409926 0
0.23817508762401204 0.7904822041140723 0
0.29188627500039666 0.7706231951976761 0
0.2741727198536131 0.7545618562518134 0
0.3103439066514982 0.7324683065839436 0
0.2890104671540334 0.7381977625765652 0
0.29080544519885126 0.7022993983814058 0
0.27183891044285746 0.7957403630838317 0
0.2613105147669564 0.8139707199208492 0
0.30719371402836476 0.8449989571412397 0
0.2912649095191218 0.8191146240179873 0
0.27896504301832703 0.8445270973860853 0
0.2926754398248375 0.8689283698339615 0
0.40502482083326863 0.9207232298733078 0
0.375 1.0 1
0.35179859760624405 0.8884302140124049 0
0.31164908025094584 0.9107784283276259 0
0.2954714726932916 0.8928868140343997 0
0.2755828103626231 0.9271298615394915 0
0.29100175631069003 0.9131880420696352 0
0.305093378270295 0.9442698582122373 0
0.3125 1.0 1
0.32311983325511917 0.8841468590998993 0
0.3423551853265716 0.8535080712941063 0
0.33943877610068474 0.8730345907278483 0
0.3135522332230388 0.8652256660139382 0
0.2351358415092134 0.825185156265464 0
0.2182034124987322 0.8772231931938778 0
0.23314886017740263 0.8533124240455003 0
0.20218389404917086 0.8505839615295087 0
0.15354223899794361 0.8979709404006228 0
0.18343376905655895 0.879995650298691 0
0.2001286015525921 0.8699562024440356 0
0.21861093457934577 0.8412285329896331 0
0.1976055435883286 0.831146315654018 0
0.16479592304159357 0.8481082211839308 0
0.24594202130000062 0.8779350181720448 0
0.2658006013345395 0.8645395647280414 0
0.2518445727734429 0.8520338149507286 0
0.23097175142773813 0.9204818577048364 0
0.2510938830802098 0.903654814056994 0
0.2289134155995829 0.8975757012421434 0
0.19721176357107403 0.9119699546759928 0
0.2529098934407243 0.926271192643983 0
0.23165488078859053 0.9623541367535143 0
0.1875 1.0 1
0.23720515995750502 0.9413218741708054 0
0.2045136108616489 0.9439432569125543 0
0.2659864488649755 0.9601655444996434 0
0.2707147611945822 0.9076973383409247 0
0.2574221273095915 0.7042309955418401 0
0.2471800369377873 0.6858158904104281 0
0.274688954237342 0.7132056835255424 0
0.2735722613792449 0.6939061559479972 0
0.28356556756150114 0.9473603703488028 0
0.291785660975241 0.9771140420223465 0
0.28125 1.0 1
0.32226402656331304 0.9703450992073062 0
0.34375 1.0 1
0.328125 1.0 1
0.30469194761981766 0.9632252919312787 0
0.35937499999999967 0.9660680560101766 0
0.337737505088758 0.9414646629479042 0
0.3221755183919161 0.9517122921208242 0
0.3400204401505553 0.9612731938724614 0
0.3720114464870836 0.9331386501914264 0
0.3794609521299019 0.9028473313651746 0
0.43723005851535124 0.8474502678262468 0
0.41384858676063746 0.8808875170787573 0
0.3806540821285221 0.8668113931411718 0
0.37141262020839855 0.8845431344939013 0
0.401196989858995 0.8989802446658115 0
0.3564510135037431 0.913250209478504 0
0.33444740819225915 0.9048120004042345 0
0.3861168970443441 0.9205459026142997 0
0.4068871662643345 0.8511261070211478 0
0.37362292020529403 0.8252724304923088 0
0.38522317566087333 0.8446734458792495 0
0.3629139783721104 0.844844041343098 0
0.3402164025124844 0.8197090784304315 0
0.3157102623364317 0.8219146772638299 0
0.32719196835108605 0.8392638123605596 0
0.3248733909503525 0.7864799142309089 0
0.3057862842006575 0.8004462857323194 0
0.4166077409776443 0.8042929645195228 0
0.39919853687856494 0.8231487774936064 0
0.4230604643820429 0.8277153337638338 0
0.46354455931310146 0.8136022547451073 0
0.4397656508755843 0.8105131261718407 0
0.4493596361258319 0.8297273164156993 0
0.5034868258905907 0.8797841471541451 0
0.48433895315592285 0.846196344614505 0
0.4571779570149918 0.7695449277099037 0
0.4344536247057927 0.7840710195693272 0
0.45568627222991187 0.7922491604958839 0
0.4819561523145797 0.7947039520586893 0
0.5041803883996117 0.7788250587908537 0
0.48141556523850665 0.7704552787540804 0
0.530289669908055 0.7909967100409369 0
0.5461261669692871 0.8442166703464506 0
0.5310606339451671 0.8197334852763565 0
0.5076487003802412 0.8328747070520599 0
0.5055929002257952 0.856331657302714 0
0.5246364566580884 0.8461820996718343 0
0.5384093920593095 0.8783079615613847 0
0.4866167174844458 0.8209040561787468 0
0.5620329044919368 0.8175517656037444 0
0.5517407965352579 0.7976046349938585 0
0.5782616626549368 0.8453098740738646 0
0.5854844543412515 0.8224639539746031 0
0.6062545983516184 0.8114146493563509 0
0.6055059792418329 0.8350536103302811 0
0.6281416582283396 0.8449757731211791 0
0.6233201504123952 0.8237864305003504 0
0.5624952755376077 0.8359045608362666 0
0.4211971081555243 0.7382949907799315 0
0.4345778276318319 0.7592275250677756 0
0.46074909821692467 0.731811053262936 0
0.44176599769245184 0.7398896749885382 0
0.43474170691884967 0.6970415324612972 0
0.43301412617891055 0.7193245758464007 0
0.3883227197784945 0.7046512080238286 0
0.4088740761479546 0.7174530233491087 0
0.3874094305474294 0.7290142914346401 0
0.3481866323358588 0.7153453022162237 0
0.3650820111242241 0.7299733443325951 0
0.34014876882820577 0.7547904854600723 0
0.4699833175948612 0.7517209055490041 0
0.4032567946877676 0.7645059414938831 0
0.38378766355538035 0.7926204597245424 0
0.41320228056199626 0.7833021664796903 0
0.3994989317144504 0.8685491410237419 0
0.3898984855755215 0.8843477744410719 0
0.4237060083920766 0.8628869214107253 0
0.45883371901358133 0.8938227730694719 0
0.44809167731253075 0.8706086666261351 0
0.4354179754692115 0.8905656929184604 0
0.44217709744949546 0.9277716982757128 0
0.4754126471925215 0.8720586514124586 0
0.3822100324299357 0.7707295739051029 0
0.3549405837534577 0.7836971182206254 0
0.33885219492485713 0.7736918320440671 0
0.31599183460304137 0.7626285382743483 0
0.3412034665591872 0.7990965463316476 0
0.36431916503326284 0.804467962377863 0
0.3590790141295887 0.7633415650765751 0
0.4014542258921592 0.7440269803366294 0
0.3204805424374447 0.704492103039159 0
0.32904488075629856 0.7234197338864342 0
0.3529251897805304 0.6624579863101567 0
0.3428374185728731 0.6882100886529031 0
0.36503870409541467 0.697928365931838 0
0.32344033197497596 0.6657598702006536 0
0.29493979967637013 0.6722756982654465 0
0.3066926177531857 0.6891906035528464 0
0.27799226248831055 0.6521537521418689 0
0.3350282222716474 0.6359398207616981 0
0.32341159267790254 0.6213353681739209 0
0.377283616105456 0.6267202488030996 0
0.37233775426080895 0.6022465831575229 0
0.3534232486241834 0.6188055844680079 0
0.359402621029503 0.6407028493049464 0
0.3902532211451795 0.6617302596117421 0
0.38200112054169405 0.6828629853814137 0
0.40922548435024614 0.6867753335952879 0
0.44195321458949033 0.6422747518075299 0
0.4313086852183007 0.6687312995637364 0
0.4628944116831946 0.6792643453021004 0
0.45130083529769416 0.6614053084545399 0
0.4761491177423684 0.6579671412213076 0
0.47700326875940674 0.6110008134683873 0
0.4830826336563037 0.6346023064319932 0
0.5120434506743418 0.6225770262622208 0
0.46053816106796047 0.6278256801056675 0
0.4369862873684396 0.5883084520967822 0
0.4361235732049577 0.6155995760315577 0
0.45535388375857316 0.602548277732371 0
0.48790074816082085 0.5511377902828997 0
0.46421615535721394 0.5721511889939224 0
0.4132213650114169 0.6012164043821504 0
0.39300821491650956 0.6108058929938271 0
0.41216348886469867 0.6348104544987225 0
0.41065215467845334 0.6659860791376055 0
0.39233793273770046 0.641050641836478 0
0.49538058231613874 0.5834228226266615 0
0.5189020206395756 0.560964363665002 0
0.5336893590173897 0.5771960152141968 0
0.5004920349309409 0.5652296107440853 0
0.5252196371428534 0.5349919172956646 0
0.5034593783020422 0.5068217483072078 0
0.5200453647694583 0.5164993006243146 0
0.5238281785316814 0.49172118777312995 0
0.5006324799566704 0.5307184809826972 0
0.4485867461141363 0.512446083738182 0
0.4725676318094265 0.5273985094255835 0
0.4747480819818931 0.49719484266771435 0
0.44348290743438007 0.4736275273028023 0
0.4541740517582281 0.49196666548667684 0
0.4706758310287405 0.4701242865157378 0
0.48934904865752216 0.48115683010802635 0
0.4904141279702208 0.45423927713642903 0
0.5110731800337381 0.4508128085640134 0
0.485370518307139 0.5131422314820024 0
0.4447182743351404 0.5453570204764375 0
0.46630736525529853 0.5482634359908071 0
0.47558518121870025 0.5611110576035666 0
0.40884601700258316 0.5244576387281356 0
0.38985075355727367 0.5129519079544317 0
0.4313304267441995 0.5271005384196432 0
0.44286706524155117 0.5671954316859179 0
0.41493462711249185 0.5707907072108149 0
0.4215121258247965 0.5483375278466828 0
0.39435187360097324 0.5525711310644911 0
0.41908351231379043 0.5343266325771686 0
0.3887821582820381 0.5331386070761293 0
0.3812958695160389 0.5680123641596949 0
0.5383345704838293 0.47732489055788446 0
0.47537887600812734 0.5900062604399652 0
0.4983208516902446 0.6052942443667456 0
0.5210122959032655 0.6414525492185731 0
0.4597421533531183 0.7054527958226522 0
0.4852585760898959 0.7176763734448045 0
0.4979627899541032 0.703980560559946 0
0.4770050648985125 0.6942467613276815 0
0.6440787155661156 0.8415764621202991 0
0.561484664809938 0.8656121769598399 0
0.5854501409972672 0.9364888897779036 0
0.5671310888859503 0.9031930252631462 0
0.5573665844136925 0.8854455121283802 0
0.5229001380581862 0.9252257929738885 0
0.5409460969305062 0.9060398233267701 0
0.5215730290947984 0.8938299774244329 0
0.4939564707943965 0.9107232926285249 0
0.4852700709227034 0.8911101565365971 0
0.553296606366675 0.9357363060835695 0
0.56966895487059 0.9234841287573229 0
0.5254999469639369 0.966915772534781 0
0.5625 1.0 1
0.5686661994249158 0.9663260507803919 0
0.59375 1.0 1
0.6093750000000004 0.9656601863855766 0
0.6430593185536898 0.9290443958165818 0
0.6664457181724213 0.9161743806300251 0
0.5888908983109014 0.9580635933952909 0
0.585912977325386 0.9796583514654611 0
0.609375 1.0 1
0.5691199001766624 0.9469420501129233 0
0.546966294261893 0.9580729670609828 0
0.5445947708857989 0.9827926890669891 0
0.53125 1.0 1
0.5293356919996632 0.9457505209691793 0
0.49472009796896993 0.9453329814866499 0
0.5034920534429428 0.9278261685616073 0
0.515625 1.0 1
0.5124533752362732 0.9099414238587472 0
0.28998140393631694 0.7896618396687746 0
0.3570578745373587 0.9462895938904605 0
0.4023321658743057 0.963663310345258 0
0.4375 1.0 1
0.38031326408373295 0.9552136992070439 0
0.3787036525096146 0.9777310638419779 0
0.40625 1.0 1
0.3980752948419963 0.9418419088613995 0
0.4243488808011534 0.948042426732281 0
0.422761708767698 0.9286711289408814 0
0.4269455313443353 0.9750283255923083 0
0.46875 1.0 1
0.3975779935890044 0.9825554627287633 0
0.4843749999999992 0.9739206251075313 0
0.50631353454381 0.9784969467462188 0
0.4638451391877876 0.9503257937101679 0
0.4434821687033797 0.9598192515431844 0
0.46035018948514067 0.9772469910942163 0
0.4761454555009515 0.9284295431081474 0
0.4736078184131323 0.9080655660306408 0
0.320297576724495 0.9298586383918249 0
0.359375 1.0 1
0.265625 0.983145572740666 0
0.24461033233199617 0.9793336359893353 0
0.21549434059470327 0.9881170081325913 0
0.21875 1.0 1
0.20921292668989905 0.9662267718265722 0
0.16762951654554245 0.9633589241889328 0
0.18882843302353494 0.9588883366657673 0
0.17201898099458388 0.9316766865972758 0
0.11659305276778006 0.9401428072808011 0
0.14556573705994527 0.9441568724908695 0
0.15095567059403747 0.9213059828354794 0
0.12733825345018537 0.9691526175805205 0
0.15625 1.0 1
0.140625 1.0 1
0.14843750000000241 0.9783497991387106 0
0.061816108769514024 0.9769270351220285 0
0.0625 1.0 1
0.0937500000000003 0.9875271205841016 0
0.09375 1.0 1
0.03125 1.0 1
0.10169141145746632 0.962157268438727 0
0.08188028319531002 0.9698837378252219 0
0.07768048137396524 0.929853503679853 0
0.09533685551837494 0.9418051454871789 0
0.10358923983795566 0.9105958910556757 0
0.12927556655230749 0.9070919807051608 0
0.1287685563614662 0.8689016183662407 0
0.11361651321571706 0.8882013215531775 0
0.13591142632749037 0.8879053372404003 0
0.15643889919180787 0.8724233969146967 0
0.13172828176723686 0.9269918836510552 0
0.11342742128169563 0.9836104784870884 0
0.07477979598513143 0.8988936503834521 0
0.027157437253403537 0.9189712883532997 0
0.0 0.9375 1
0.0 0.90625 1
0.054135350404141434 0.9164436782335631 0
0.0399719625454822 0.8788657552259083 0
0.02175940608446822 0.8951464927358619 0
0.0420654434883674 0.8995348098693757 0
0.0652910538259042 0.8751233856488462 0
0.045713041836020554 0.8301875201392052 0
0.04942531754484001 0.8553030106310721 0
0.08066277411689535 0.8378537604094849 0
0.06986229315595266 0.8552039590927456 0
0.0 0.84375 1
0.02267400954452254 0.8582481181201095 0
0.02204885881347278 0.8342464930540514 0
0.02971817732527453 0.8079476595949375 0
0.04936589451276132 0.7904187655476594 0
0.07895808652661945 0.8065815580174889 0
0.07823480762230192 0.7871094688872361 0
0.04353321928634461 0.9485194055387403 0
0.05872963808360779 0.9357522964817335 0
0.022278603731795323 0.9409870209781467 0
0.0 0.96875 1
0.015625 1.0 1
0.0 0.984375 1
0.0234375 0.9765625 0
0.04256542014020448 0.9832073599532671 0
0.057229266120286296 0.8111931733391631 0
0.09368196865344752 0.8214615039879732 0
0.10889151721755383 0.8469075932467073 0
0.13697256946045194 0.8415083422708022 0
0.11983799624588108 0.8281160878939869 0
0.14782049993294047 0.8099716281901629 0
0.1544258519385201 0.8298778036708314 0
0.09124382840619576 0.853397127766379 0
0.10938734547182596 0.8664384118708665 0
0.16985043188505522 0.7915369958951312 0
0.14933194473526515 0.7893973225778095 0
0.1821591198580129 0.7753644540332124 0
0.171875 1.0 1
0.19114843092066014 0.9301750821808507 0
0.21176165690247092 0.9254675725476056 0
0.17632449262491845 0.9020147754060487 0
0.26761842605055847 0.7748457770964684 0
0.20579590939232492 0.7663465115785579 0
0.019040693893776477 0.6758945213485167 0
0.05153752715566505 0.65978050242062 0
0.07829555639264753 0.6226994930360429 0
0.07685840495541575 0.5981010833655029 0
0.09325528443870248 0.58574279598105 0
0.06518704042539382 0.5534109737841578 0
0.03552172540432362 0.5286503297145385 0
0.020069768278330194 0.5524843412552057 0
0.028129066432889562 0.5937499999999999 0
0.0 0.59375 1
0.053361281139892434 0.5862095900086688 0
0.03308261479127154 0.5713627271334859 0
0.0227002659376591 0.6171482831811752 0
0.036062665255521334 0.6323268174621688 0
0.046736244793563905 0.610027509936506 0
0.0 0.578125 1
0.1214128889228828 0.38784489224227864 0
0.0976000742396465 0.37445894707046673 0
0.12589107417717701 0.35200468633523296 0
0.08419445240306654 0.3285190824710407 0
0.08405683746999179 0.3534851060297102 0
0.10504637094344081 0.3547912289059243 0
0.0 0.3125 1
0.042208088676398206 0.3407710409676678 0
0.06123934431708471 0.3533593339865256 0
0.03402645946446112 0.37382028621969154 0
0.13832076279040673 0.37175763366525 0
0.1697881435228019 0.3626242842313716 0
0.11223086368173747 0.4044620651771972 0
0.15079387913423686 0.3451027415994412 0
0.17408248255394307 0.33891284011987377 0
0.19506421168201898 0.34396647808435143 0
0.17559588916897384 0.3856030994381317 0
0.1943600979498611 0.38159044410211834 0
0.0 0.34375 1
0.021881519413830496 0.3532763607756177 0
0.020268779858724554 0.32788255334895694 0
0.052531530935843916 0.29808082033696465 0
0.024984807960201583 0.3006236634799163 0
0.04090982433981682 0.3178637628777536 0
0.061319808666577914 0.32819746049985404 0
0.035491197736489 0.2639610047586668 0
0.03737208592003043 0.2843367427918162 0
0.01811713294542272 0.40624999999999994 0
0.0 0.40625 1
0.056180698763955435 0.4098454136748955 0
0.07261849969753424 0.3958018486257865 0
0.05159770077072771 0.3878391839874029 0
0.03445221018851853 0.4365969206133755 0
0.05932184951827861 0.4345968278448699 0
0.08243819680515624 0.44060129110575214 0
0.07775401951158524 0.41815210444167533 0
0.03639976632249555 0.4159787281621054 0
0.01694826754613267 0.4264490404238983 0
0.017724231432304824 0.45605183205113514 0
0.0 0.46875 1
0.017407590008941428 0.38578466818014884 0
0.11379399542192288 0.3247248422914155 0
0.12624508103513415 0.3068987727262576 0
0.09108362008433832 0.2883178419504886 0
0.09686342469161698 0.30999921837530103 0
0.07462302053579777 0.3043169720241039 0
0.16609847267892283 0.47227570329608887 0
0.14873377100709811 0.2348750169295808 0
0.14901447835453846 0.2635334266405652 0
0.17819445141502213 0.25734718866017103 0
0.18016756787062063 0.22793146930604516 0
0.1667484448739828 0.24180539057638872 0
0.1967853815239267 0.21808734825680393 0
0.18896390255804887 0.27733012851669614 0
0.1585865660592939 0.20485614581050055 0
0.07815694698021601 0.1950839110403661 0
0.0 0.125 1
0.11740043552815915 0.20796441038567 0
0.1386368218137202 0.21493461792248508 0
0.1625463292865368 0.22278219739987828 0
0.30471573062335916 0.31226201873748494 0
0.3988580559761573 0.24084390966588978 0
0.43040705955765735 0.3604061988648791 0
0.4345008549435772 0.33797690485998855 0
0.4109889896943951 0.35827805526338374 0
0.430700284330215 0.40997649981317824 0
0.45304614878879745 0.3850582988777459 0
0.44921944052712665 0.3658512533081872 0
0.42814415141497797 0.38520560245219443 0
0.4602699346030799 0.4140150015981161 0
0.4860056755296873 0.4227627849124664 0
0.4730304072813631 0.3954522604023762 0
0.4821261901611048 0.3718116717383821 0
0.5044097889313114 0.3724677862565242 0
0.4938070680051355 0.35383102258689103 0
0.2585790335278225 0.11530871089886822 0
0.2333555249249341 0.12092652007925113 0
0.2620900916090491 0.04515106941624798 0
0.28701340073048537 0.049572397667629345 0
0.28125 0.0 1
0.2784391794530541 0.025448024380434083 0
0.255202294782018 0.022801197958130116 0
0.20361813060451947 0.05093471511000889 0
0.1875 0.0 1
0.23226684830064295 0.042105736061263915 0
0.2710794971360258 0.06693502262933229 0
0.21875 0.0 1
0.21148164935074082 0.025555764900487183 0
0.2329431385977424 0.01784817360477471 0
0.22548125193944152 0.07098238333590169 0
0.24782124274871353 0.06378604716785326 0
0.195298895859852 0.08195263547511758 0
0.21411222089425688 0.10164950746899115 0
0.19638948804929218 0.11189100731490999 0
0.14689519293592554 0.052345805565757596 0
0.16392499020474097 0.07887469000103456 0
0.18145616033697423 0.06161531162637494 0
0.18005445479223794 0.03037374284906153 0
0.1669561580818466 0.046613649295272355 0
0.15008863687594454 0.01960698099801627 0
0.15625 0.0 1
0.171875 0.0 1
0.11931421112434315 0.03313031183103346 0
0.0862305117039123 0.11001898359515792 0
0.13130063734900146 0.1099708335695431 0
0.15341691939707328 0.10051210818119413 0
0.13113752631588707 0.07900406940327001 0
0.10874913379968872 0.09460580729581466 0
0.10258896300635532 0.061901534376622325 0
0.12477019734547554 0.057254048667511895 0
0.14749870161029519 0.07068883928854174 0
0.13849488525936224 0.035001252782356114 0
0.19420084597513512 0.0177420232128436 0
0.17870104626483282 0.0896985540672393 0
0.25566861066738344 0.08237276855182697 0
0.30160446059595214 0.020935208966766816 0
0.484375 0.0 1
0.578125 0.0 1
0.7224224296737451 0.07518693530574247 0
0.691704836253419 0.10256041075597305 0
0.6745305169639044 0.11786502140736964 0
0.7292919769104372 0.18504737585717582 0
0.6967512318035237 0.17023835847413307 0
0.6822589129548586 0.2008333100845394 0
0.7058961657887943 0.19330002214258601 0
0.70311730120488 0.2254307931259477 0
0.7414711594346494 0.22161568215970825 0
0.7239330901426259 0.20714447846246273 0
0.723172891899421 0.23235654864120026 0
0.6691305093858916 0.2331086288067225 0
0.6910772638620022 0.2511963024444441 0
0.6575812424198171 0.26948041019165453 0
0.6706583145658127 0.253613289996827 0
0.702410210673568 0.2917023177974893 0
0.6820932733314155 0.27635991546678995 0
0.6651956083015225 0.289458598849059 0
0.7040191329347922 0.2694137686980785 0
0.7259726361067156 0.2822008507370995 0
0.7448431168436221 0.27220480603753394 0
0.7214914055594779 0.3050546081935014 0
0.7398028530468801 0.30975122260399346 0
0.6237097377600426 0.26683759749826164 0
0.6391951470510603 0.2867472682051786 0
0.604028848391736 0.29812204617310306 0
0.6274051628460895 0.3103448243618255 0
0.6195474608522381 0.2860519286348946 0
0.5951627664907901 0.27071164001432035 0
0.5764909926013347 0.28549205153682744 0
0.5777298742921807 0.26027499825398936 0
0.5849071593086951 0.3034779616238317 0
0.608941512744935 0.3171917046199621 0
0.6422174606017571 0.324242371454512 0
0.6259546480470026 0.33685085725045383 0
0.6417163079662106 0.25443490876366537 0
0.6190785970066986 0.24776306405612974 0
0.6841197171412516 0.22039794965328355 0
0.6509393942103743 0.2247899458987048 0
0.6799932885168591 0.1810302607354441 0
0.6643111591862834 0.1934595647749376 0
0.7331105980646841 0.13350011232999281 0
0.7054897343767481 0.14252542131589577 0
0.6951615762386981 0.12372797513978076 0
0.7199895724743473 0.16233173148693306 0
0.755455407764724 0.16107048926356224 0
0.875 0.0 1
0.8175784044686317 0.08788198529054822 0
0.7796343643781772 0.11863427994051791 0
0.7592709311356782 0.13513811816295163 0
0.7374079835485153 0.1528572594171387 0
0.7619937813385547 0.1944682527374376 0
0.8148186987360366 0.16678767132070552 0
0.7878378751092283 0.14957100393111297 0
0.7782603166439004 0.1739448080421553 0
0.8045977477809922 0.21152742350441994 0
0.7858349714809836 0.19665636420409693 0
0.77614852160278 0.22814973480713652 0
0.8074601288787177 0.18864396248469217 0
0.878003386881557 0.20908862751027488 0
0.8455079980595667 0.18928702201793846 0
0.8262533607483203 0.20261546785654466 0
0.8313595628164469 0.24579030109780942 0
0.8227694969204085 0.22491686436196887 0
0.8008195939856245 0.24615418693913999 0
0.8526301998319937 0.22483251749072392 0
0.8580560843857575 0.20525905990972163 0
0.866298972976 0.2599783073408138 0
0.8768980907910511 0.23562523710634817 0
0.8907345014753909 0.25613026609546874 0
0.9162766662918633 0.2239740999299527 0
0.8984273676142132 0.23601847338888973 0
0.9251847532848267 0.2577804908393206 0
0.8518879006659332 0.2453521095586898 0
0.8421117081281875 0.26843185698542377 0
0.850884826081505 0.2895924819782248 0
0.875773909621859 0.28979178906382536 0
0.8934386403587234 0.29878943500277216 0
0.9335749235255704 0.29911566905701553 0
0.8163332531975669 0.26642322024692555 0
0.7951511533561764 0.22801619845243765 0
0.7795549646921869 0.2493872847040384 0
0.9211750079862863 0.2801134876463883 0
1.0 0.125 1
1.0 0.1875 1
0.9601586269255641 0.23048791910512603 0
0.9368213725132378 0.23663735673776798 0
0.760704973798754 0.2148249041382623 0
0.7567625294092413 0.2357481472310034 0
0.8209053565414302 0.12749944757739498 0
0.7987547915197738 0.13012013121106672 0
0.8074486006829699 0.108681079634548 0
0.7828734779026404 0.08384592150874999 0
0.789368266602932 0.10199562030976875 0
0.7499537111511683 0.09832576564057147 0
0.7471740912263981 0.11861456063388941 0
0.7211396907255994 0.10471297194625014 0
0.7153202390762579 0.12401551975226505 0
0.7074686416520003 0.08932816015819137 0
0.6765923493857423 0.04170056461834278 0
0.6875 0.0 1
0.6803823061655729 0.07306571774787565 0
0.6675966890976526 0.09417746970527427 0
0.6479619440488159 0.0678588880072238 0
0.6273535926962934 0.07173365639570414 0
0.6429960570302069 0.0911944455103149 0
0.6660309548198086 0.05888828655705783 0
0.6469717618958315 0.03533821527177586 0
0.638780476013895 0.05186303249782314 0
0.65625 0.0 1
0.6654785159514925 0.02131012964323406 0
0.6316077674664885 0.020391227760717744 0
0.7023929281631073 0.0544945472109969 0
0.700597729370136 0.025702827559407882 0
0.7382816313141513 0.03780501661005059 0
0.717071660113239 0.03912748415140037 0
0.71875 0.0 1
0.734375 0.01587541193926897 0
0.7534018870085504 0.06627482987984966 0
0.8125 0.0 1
0.782384389873561 0.03263221182519278 0
0.7613405241707109 0.04380856297334925 0
0.7824950131319047 0.05824034560261472 0
0.8019827243428232 0.07075789121663037 0
0.8476502655485562 0.04483030376932754 0
0.8277475086133378 0.06295663672706323 0
0.762287281816116 0.020191363575160992 0
0.78125 0.0 1
0.8777850258840805 0.09790814651672028 0
0.8567174005003693 0.07477584346392131 0
0.8177975117591371 0.03204171255235912 0
0.8003080894526782 0.04535908998498079 0
0.7961649504587534 0.05838687011940914 0
0.84375 0.0 1
0.8593750000000026 0.021225429553179298 0
0.8864995060686303 0.04941271693489458 0
0.9375 0.0 1
0.8849916633435243 0.023719165769511247 0
0.90625 0.0 1
0.8678946610371702 0.04017153795183197 0
0.8371739655451841 0.021204766649711815 0
0.9218749999999991 0.034898926376792455 0
0.9015141801843809 0.03564055109283082 0
0.921875 0.0 1
0.8813348995665048 0.07351535045441844 0
0.9399919552558843 0.09450639176110522 0
0.9085452191232986 0.0899299610513947 0
0.9126608200199726 0.061796947219930266 0
0.9263141979407683 0.07816185487477921 0
1.0 0.0625 1
0.9615140165303795 0.06260056290463287 0
0.9372029254762377 0.05517687122003799 0
0.96875 0.0 1
0.958033494799381 0.03047976604935326 0
1.0 0.03125 1
0.984375 0.0 1
1.0 0.015625 1
0.9784758153208507 0.021524184679149294 0
0.9802428320674591 0.04629407821980907 0
0.953125 0.0 1
0.9385781718731607 0.021430008220592874 0
0.9086024050190536 0.15343807541181198 0
0.9199819301665108 0.12167374578911662 0
0.8977868076842426 0.11173813430838324 0
0.8635104233632989 0.13993185705133812 0
0.8766330551129424 0.12095309721046088 0
0.846852901647124 0.10791317948994017 0
0.8873442604886937 0.14238535104149938 0
0.8723436241343888 0.17111458840203408 0
0.846353159593298 0.16163449859123308 0
0.8405461212169985 0.13941042677954363 0
0.8593016132654913 0.09358205201467179 0
0.9587380112628047 0.1534785698144514 0
0.9509104492604015 0.1235012085782567 0
0.9360393900984985 0.11254797895462536 0
0.9341881870213757 0.1438782856824362 0
0.9751827789636407 0.13317395091250858 0
0.976808148732009 0.09634759739529294 0
1.0 0.09375 1
0.9685873913365446 0.11443381109750989 0
1.0 0.15625 1
0.9794638096404158 0.15345281079813086 0
0.9691374907184049 0.1828983062447118 0
0.9864706535314982 0.17244348928603076 0
1.0 0.171875 1
0.9331083947564845 0.18000706993920745 0
0.9403153503161475 0.20797140876201584 0
0.9457542053257056 0.22318023653785765 0
0.9644951641601599 0.2066642656164808 0
1.0 0.21875 1
0.9792040753636622 0.2216481870226367 0
0.950400007029123 0.19046154010446084 0
0.9411879534401663 0.16216801806154327 0
0.9013923021451469 0.18467441774994278 0
0.9181841989231496 0.20078314729369282 0
0.899327846826888 0.21090607666230418 0
0.9156575041348621 0.17151686701155178 0
0.8923557410307564 0.16613825682392694 0
0.9807874617857798 0.07420501332675247 0
0.9589668179228042 0.08409411371740726 0
0.9177037340979 0.13877809936687 0
0.9012699825363797 0.13002764377261763 0
0.7968749999999999 0.01579265314533303 0
0.7342987779256662 0.05817037538754828 0
0.740907073707891 0.08114153735859801 0
0.7630892534023687 0.08352799050485406 0
0.7485210935984373 0.179766938922831 0
0.6321891413865838 0.2149847639045938 0
0.5515711518231236 0.23094092296673877 0
0.5558102378593645 0.46671420983214673 0
0.7614253036672601 0.4172180663439045 0
0.7829695643457019 0.4171149623109416 0
0.7646954087939036 0.4397189707795979 0
0.9003208532373819 0.40485615242778156 0
1.0 0.4375 1
0.9542628822047168 0.4086510825271969 0
0.9279173034238838 0.39786352730040053 0
0.9187807660398833 0.41975722715568753 0
0.9507387050721477 0.45962450891013434 0
0.9300021285438204 0.44350460471482345 0
0.9066004584674838 0.4950060882882095 0
0.9244472811076201 0.4720480111817417 0
0.9538451321923328 0.4342307399746503 0
0.9387085349977009 0.42119029916923 0
1.0 0.46875 1
0.9759341414415498 0.4498197844168698 0
0.8945271665250856 0.4672049319280273 0
0.8747779644863194 0.49230360802078305 0
0.9115387573440416 0.4569522791655423 0
0.8829418371864687 0.4472995260074891 0
0.8619921195685737 0.4620953382271163 0
0.863864517203868 0.44272962068910215 0
0.9525101873580751 0.5122789459295815 0
0.947168997874215 0.4861016245274601 0
0.929683061256295 0.5033029998824212 0
0.9052794127761362 0.5349385156681223 0
0.93218236724229 0.5304612150236527 0
0.9123795810750134 0.5151853385110776 0
0.8856718010513522 0.5167380237086943 0
0.8726462716900172 0.5504325906550909 0
0.8858747125913732 0.5361814301097481 0
0.9228831530401019 0.5576497519230635 0
1.0 0.5625 1
0.9617138195633568 0.5557463293029908 0
0.9419199778747266 0.5489763006535013 0
0.9732246102326914 0.49441883408366644 0
0.9777213617121433 0.4723101946805581 0
0.9569837094965167 0.36444160278199167 0
0.9365197743052778 0.3759947211525829 0
0.9559824580738177 0.3865684469269055 0
0.9768459444539732 0.37642645509010647 0
1.0 0.40625 1
0.9778863327289782 0.4218301249964939 0
1.0 0.3125 1
0.9864538092638381 0.34375 0
1.0 0.34375 1
0.9292195386933901 0.3391635273059322 0
0.9784201017362952 0.39910413933256367 0
0.9583496916566349 0.3350548520861036 0
0.9414035768496141 0.32022783331732735 0
0.9692664351943804 0.3054803271961731 0
0.9199403971698855 0.3161790843443128 0
0.9768342423938365 0.3250758986707278 0
0.9129868718221031 0.2978871185228486 0
1.0 0.28125 1
0.967649096424801 0.2656250000000001 0
0.9474247743116795 0.25624699741897145 0
0.9485640386153541 0.28028668161345927 0
0.9781633320203581 0.2851588093854206 0
1.0 0.265625 1
0.9776927915614353 0.24511695643763157 0
0.8494747212421017 0.5221100471230931 0
0.8662839047845371 0.5107362595920417 0
0.8499994719661217 0.5453206857623885 0
0.848750545609093 0.5847222001204553 0
0.8573955086886449 0.5652756720969813 0
0.8752298396845516 0.5848487574290249 0
0.8618603748911859 0.6119469486773693 0
0.8680148910184472 0.6329541679736249 0
0.8958821165326784 0.6255203048776591 0
0.8949003497019107 0.6004396281136856 0
0.9015856036630449 0.6456042766617893 0
0.8367984545015555 0.6072464541681352 0
0.8289500812885978 0.5886486474694448 0
0.82343237715136 0.525520062679761 0
0.80263741724635 0.5223735928114185 0
0.8103810374475408 0.5409835214829721 0
0.8768515699068666 0.4736159606223267 0
0.883146611414374 0.3795315590938072 0
0.8766333260057781 0.40243441624471005 0
0.8951577573709958 0.3615911019130259 0
0.8608229194773243 0.4126256449126734 0
0.8929950773977384 0.42274730574809594 0
0.7337403040412527 0.5830017234968649 0
0.7547295518301665 0.5789110603991983 0
0.7097510560763292 0.5519903325277984 0
0.6954280376742401 0.568792129706956 0
0.7293896067082171 0.5485588386148967 0
0.716295610346046 0.5336785330695363 0
0.6910541417924844 0.5378211939546258 0
0.6993580518344297 0.5018760749424416 0
0.7004580470909291 0.5990545232846944 0
0.517900204782176 0.7381486005628779 0
0.5380383258108015 0.7393115184431346 0
0.6506376437974489 0.7491279002566662 0
0.7320984767212018 0.750037006391158 0
0.7864684843085207 0.7494960544409385 0
0.8067159556009249 0.7365394354038131 0
0.8067877028511118 0.7744767023674648 0
0.7886488663911592 0.7684766688692108 0
0.8308615599750395 0.7738324175588068 0
0.8562812109881742 0.7742625543368064 0
0.8465980948551752 0.7569475799923928 0
0.846023955260891 0.7384691803345322 0
0.867586418175941 0.7909108042523354 0
0.7667360707566887 0.7380985000122152 0
0.7365859823587413 0.6576765352180579 0
0.7196748305610977 0.6444820491527232 0
0.7111820344593952 0.6820886053921856 0
0.6832960703561818 0.6881198180142829 0
0.6644912721212632 0.6808188009794162 0
0.6774981549697089 0.6605273456637536 0
0.7042226536351923 0.7071231670289803 0
0.7241635725470075 0.6991819582675164 0
0.7311895026846229 0.6774848913959345 0
0.753016498592085 0.672462504484003 0
0.7041633852822462 0.6288572889633783 0
0.905643843920874 0.34043742185054104 0
0.8345047063558088 0.5030702991627585 0
0.9436702813410712 0.5846832684594759 0
0.9438846398097106 0.6080915919854695 0
0.9733732161914783 0.6117969597658155 0
1.0 0.59375 1
0.9214837644826047 0.5802345728185653 0
0.9775049917496612 0.5781250000000012 0
0.9629175756166983 0.5934245042763994 0
1.0 0.53125 1
0.977043590230259 0.5197906472961029 0
0.9594221536053825 0.533523494479057 0
0.9802834063929223 0.5426018158985304 0
0.8816180937366543 0.18914108752603648 0
0.8323564875882905 0.17504588678317837 0
0.11230730159527501 0.15725931210325783 0
0.13603688589748972 0.18048410786170163 0
0.1482734635208767 0.14424649941825848 0
0.15873516116691053 0.1233072168198783 0
0.18145921024662742 0.14774370193093658 0
0.1624200704965144 0.16920827647905531 0
0.188773647752871 0.17340780247567156 0
0.20100553159974693 0.1560472534236413 0
0.20755174366460427 0.17973431135652362 0
0.17202818167620643 0.1882715731544669 0
0.13342526575848856 0.1594174212297212 0
0.11027398455761064 0.18307189314303302 0
0.1244784456904426 0.1346892715916723 0
0.09741570378070243 0.13466212087594842 0
0.07995222346893134 0.16237598528339933 0
0.11023465765824192 0.11665760009841462 0
0.09058189096482533 0.1793626602796573 0
0.2172617540418593 0.1455963990329958 0
0.0982889829484639 0.19996943634064815 0
0.0773698866712931 0.24224951292116567 0
0.09847082763175327 0.22637456256280938 0
0.1227793847288167 0.23549066016745326 0
0.12353771330228912 0.2610745705163744 0
0.10063641424279886 0.25121418633936 0
0.08154779585856628 0.266081156094549 0
0.05819177843643731 0.2721401915006662 0
0.10518808726688447 0.2721676409422024 0
0.07612933553760837 0.21863944379225214 0
0.045532701062250006 0.23208471807526015 0
0.05722027296298737 0.2504191092542673 0
0.023390805682575823 0.2426294470810802 0
0.0 0.1875 1
0.021803015604573612 0.2107761768821086 0
0.0 0.21875 1
0.05005115205231656 0.20318563178781576 0
0.05788728789174687 0.17756811504798736 0
0.044362401606661286 0.13430513288824578 0
0.057815883582234814 0.1538448694281338 0
0.07032488791829514 0.13083082294356468 0
0.02420165849566886 0.16258754772978853 0
0.0 0.15625 1
0.030573807457530123 0.1870587407104049 0
0.020325872689980665 0.13849787922633275 0
0.39562402749022707 0.4078591143373187 0
0.4117487787061585 0.43233157957284235 0
0.4206874427334044 0.45830372591131696 0
0.44362840674881715 0.44879408259976206 0
0.4433934567248271 0.42731069752541617 0
0.4046168795791938 0.4779523683154838 0
0.4080760459506042 0.39106574256830867 0
0.36981818698506425 0.4185824430505854 0
0.38849112261594254 0.4324479973065295 0
0.36754994452394396 0.4411434456363521 0
0.423054886153771 0.4997205682883036 0
0.4244968349974143 0.47980647474584254 0
0.4031022685352945 0.4979280078804778 0
0.0 0.28125 1
0.0 0.265625 1
0.6376774499716988 0.8921112000364437 0
0.6475549790146028 0.9095305744818618 0
0.6035351562181284 0.9048512830168856 0
0.62476234354732 0.914554303113982 0
0.6189609012362434 0.9406769714220776 0
0.6037806748548372 0.9259794037967805 0
0.614651421209447 0.8825226856119641 0
0.5858576150772735 0.8810170320246645 0
0.6330507548643407 0.8707800134684893 0
0.5884205896160557 0.8618102935700365 0
0.6559056033698507 0.8786520540359954 0
0.6709367245883935 0.8631956510635387 0
0.6490319422086857 0.9683405151450558 0
0.6875 1.0 1
0.6726127823880484 0.947222578497091 0
0.6382582037706803 0.9498760677351664 0
0.6760187344715118 0.9747502132914141 0
0.71875 0.9705551912248488 0
0.71875 1.0 1
0.7343749999999998 0.985277595612423 0
0.734375 1.0 1
0.7488549746802861 0.9542572201131272 0
0.7031250000000011 0.985277595612423 0
0.703125 1.0 1
0.6959759604800793 0.9583064122758813 0
0.6877753708098978 0.9846395851439913 0
0.65625 1.0 1
0.640625 1.0 1
0.7209932751269904 0.9377091893827991 0
0.7016084620364978 0.9396560461642532 0
0.7296860495037505 0.9548024827277679 0
0.748042248699419 0.9238963939450805 0
0.7234095410005805 0.909050064255714 0
0.7419042413874762 0.9062222507438527 0
0.7293926605582075 0.8898269129766614 0
0.7025985765343703 0.903554257732181 0
0.7723925047859144 0.9576131544570977 0
0.7576313028824019 0.9769232535710747 0
0.78125 1.0 1
0.796875 1.0 1
0.7778689093060571 0.979835433732192 0
0.6284808804131435 0.9776914785533272 0
0.46092423328260207 0.8505463374557662 0
0.22245647360987708 0.6076003818548934 0
0.2019521558067467 0.46668356399735067 0
0.3700435660484978 0.26318563671188305 0
0.38628736720888607 0.03869412417412558 0
0.3857990767543599 0.017843195109032216 0
0.34375 0.0 1
0.32832361147905303 0.021834569147319162 0
0.3320859732508305 0.04227450566267093 0
0.34788023757202663 0.019284813130637308 0
0.7050014658027391 0.3547425140711688 0
0.6883699165980803 0.3238527960403468 0
0.6653387455888385 0.3293854223862292 0
0.683708502459771 0.3462847940404099 0
0.7046312406045169 0.33501963621011455 0
0.6830899303193099 0.30240601974839637 0
0.706940667265463 0.38251083092527566 0
0.69293942964764 0.395566398576707 0
0.718863221844847 0.39721524533854474 0
0.7238729240064788 0.3482331238118566 0
0.7425903882901198 0.34615217010805055 0
0.8035398539098154 0.30109617671520816 0
0.8562011606660642 0.3683320507561426 0
0.8539371923287589 0.34917213622750115 0
0.8161794141701204 0.5663666759487378 0
0.7637759602200074 0.8643847014106711 0
0.7895749122100386 0.8957376703161768 0
0.7671428127256397 0.9073601107342294 0
0.7955284043609596 0.9191674660528288 0
0.8160897789998695 0.9085792520151932 0
0.8030376759980701 0.9307318542186277 0
0.7867677124332461 0.8717567043832571 0
0.7706383769239504 0.8857995839242573 0
0.8093834292735228 0.8812641076381166 0
0.8159969941238588 0.8579900425729501 0
0.8843099774132478 0.7629631677976882 0
0.0 0.0625 1
0.043775605918562416 0.08506118493495131 0
0.025370756074918357 0.10884814145521189 0
0.0 0.09375 1
0.05426493084903451 0.10956166324971223 0
0.021356411362048893 0.08672835869339637 0
0.07557473942338418 0.07955693957781454 0
0.056954096909557335 0.021571127710835476 0
0.0625 0.0 1
0.08977283255463368 0.018510287807168208 0
0.09375 0.0 1
0.03125 0.0 1
0.02358714164461739 0.0352310708223087 0
0.0 0.03125 1
0.03073986690040957 0.06133786720413169 0
0.04626778333727807 0.04305028947768035 0
0.056634875995053915 0.06474465630807733 0
0.07553241082317556 0.04329643841851566 0
0.0977384717366476 0.039570657612337384 0
0.0829964032993449 0.061418000632361726 0
0.03667981113807126 0.019629881585665455 0
0.11014419778738446 0.014503513461364023 0
0.109375 0.0 1
0.07040984329557218 0.09845838824512164 0
0.09527862383424114 0.08021080928467413 0

Edges
156
1 1884 1
1 1886 1
2 1550 1
2 1551 1
3 131 1
3 181 1
4 1239 1
4 1240 1
5 504 1
5 1393 1
6 1619 1
6 1731 1
7 1159 1
7 1172 1
9 757 1
9 1316 1
10 865 1
10 870 1
11 962 1
11 1186 1
38 87 1
38 89 1
48 103 1
48 1727 1
57 1815 1
57 1833 1
74 87 1
74 103 1
76 122 1
76 125 1
84 89 1
84 122 1
117 125 1
117 131 1
119 143 1
119 151 1
128 143 1
128 182 1
149 150 1
149 1834 1
150 151 1
181 182 1
196 1151 1
196 1822 1
320 1584 1
320 1664 1
321 1646 1
321 1650 1
343 1511 1
343 1522 1
449 495 1
449 1504 1
466 1356 1
466 1363 1
489 502 1
489 1394 1
495 1394 1
502 504 1
507 525 1
507 1843 1
508 519 1
508 525 1
519 1393 1
546 1356 1
546 1843 1
555 1770 1
555 1794 1
557 1377 1
557 1895 1
745 874 1
745 1270 1
748 1295 1
748 1305 1
751 1305 1
751 1316 1
755 757 1
755 1276 1
851 1196 1
851 1201 1
853 1218 1
853 1228 1
858 865 1
858 875 1
868 870 1
868 1228 1
874 875 1
920 1167 1
920 1182 1
927 962 1
927 965 1
951 1186 1
951 1255 1
964 965 1
964 1182 1
1143 1145 1
1143 1155 1
1145 1151 1
1155 1159 1
1164 1167 1
1164 1172 1
1195 1196 1
1195 1255 1
1199 1201 1
1199 1202 1
1202 1239 1
1217 1218 1
1217 1238 1
1238 1240 1
1270 1276 1
1283 1295 1
1283 1793 1
1333 1777 1
1333 1876 1
1360 1363 1
1360 1378 1
1377 1378 1
1441 1528 1
1441 1533 1
1478 1573 1
1478 1575 1
1479 1579 1
1479 1584 1
1495 1504 1
1495 1511 1
1514 1522 1
1514 1528 1
1531 1538 1
1531 1554 1
1533 1538 1
1544 1549 1
1544 1573 1
1547 1550 1
1547 1554 1
1549 1551 1
1575 1579 1
1609 1619 1
1609 1646 1
1637 1727 1
1637 1731 1
1648 1650 1
1648 1659 1
1659 1664 1
1768 1770 1
1768 1777 1
1793 1794 1
1808 1818 1
1808 1821 1
1813 1815 1
1813 1818 1
1821 1822 1
1833 1834 1
1873 1876 1
1873 1886 1
1881 1883 1
1881 1884 1
1883 1895 1

Triangles
3636
1 1884 1893 0
3 181 183 0
5 504 522 0
6 1640 1641 0
6 1731 1732 0
7 1172 1174 0
7 1174 1175 0
8 670 804 0
8 804 805 0
8 805 806 0
9 754 756 0
10 865 867 0
10 867 871 0
12 1029 1052 0
12 1034 1045 0
12 1045 1051 0
13 56 1700 0
13 223 1717 0
13 1717 1718 0
14 284 1094 0
14 390 392 0
14 1094 1096 0
14 1096 1097 0
14 1097 1122 0
15 812 1121 0
15 1085 1086 0
16 250 251 0
16 251 252 0
16 252 1128 0
17 27 274 0
17 274 275 0
17 275 279 0
17 279 298 0
17 298 299 0
18 341 354 0
18 354 1857 0
19 300 375 0
19 375 376 0
20 1668 1670 0
20 1669 1861 0
21 308 1607 0
22 306 307 0
22 307 315 0
22 315 1692 0
22 1692 1693 0
23 33 34 0
23 34 40 0
23 40 42 0
23 41 1720 0
24 34 1689 0
24 316 318 0
25 32 1696 0
25 299 1691 0
26 29 1721 0
26 1712 1713 0
26 1713 1716 0
27 17 299 0
27 29 274 0
27 299 1696 0
27 1696 1721 0
28 29 1716 0
28 246 273 0
28 272 274 0
29 26 1716 0
29 27 1721 0
29 28 274 0
30 32 33 0
30 33 1711 0
30 1711 1712 0
30 1712 1721 0
31 32 1688 0
31 1688 1689 0
32 25 1688 0
32 30 1696 0
32 31 33 0
33 23 1711 0
33 31 34 0
34 24 36 0
34 31 1689 0
34 36 44 0
35 36 318 0
35 318 1861 0
36 24 318 0
36 35 44 0
37 47 51 0
37 51 93 0
37 63 99 0
37 93 94 0
38 85 86 0
39 40 44 0
39 44 46 0
39 46 47 0
40 34 44 0
40 39 42 0
41 23 42 0
41 42 43 0
41 43 53 0
41 53 55 0
41 55 1720 0
42 39 43 0
43 39 47 0
43 47 99 0
44 35 1678 0
45 46 1677 0
45 1672 1673 0
46 44 1677 0
46 45 47 0
47 37 99 0
47 45 51 0
48 103 106 0
48 106 1726 0
49 91 95 0
49 95 1676 0
50 51 1673 0
50 1673 1674 0
50 1674 1676 0
51 45 1673 0
51 50 93 0
52 53 62 0
52 61 1702 0
52 1701 1710 0
53 43 62 0
53 52 55 0
54 55 56 0
54 56 1718 0
54 1718 1719 0
54 1719 1720 0
55 52 56 0
55 54 1720 0
56 13 1718 0
56 52 1710 0
56 60 1700 0
57 1814 1832 0
58 171 1871 0
58 203 204 0
59 60 1704 0
59 205 206 0
59 206 207 0
60 56 1710 0
60 59 207 0
60 207 208 0
60 208 1700 0
60 1701 1704 0
61 52 62 0
61 62 63 0
61 63 66 0
61 66 98 0
61 98 1702 0
62 43 63 0
63 37 94 0
63 43 99 0
64 69 90 0
64 72 79 0
64 79 169 0
64 169 1872 0
65 66 94 0
66 63 94 0
66 65 68 0
66 68 1708 0
67 68 69 0
67 69 1872 0
67 1706 1707 0
67 1707 1708 0
68 65 69 0
68 67 1708 0
69 64 1872 0
69 65 71 0
69 71 90 0
70 71 96 0
70 96 104 0
71 65 92 0
71 70 72 0
71 72 90 0
71 92 96 0
72 64 90 0
72 70 75 0
72 75 78 0
72 78 79 0
73 75 100 0
73 87 86 0
74 87 100 0
74 100 102 0
75 70 100 0
75 73 78 0
76 125 126 0
76 126 184 0
77 78 85 0
77 85 88 0
78 73 86 0
78 77 79 0
79 77 82 0
79 82 169 0
80 113 161 0
80 161 164 0
80 164 167 0
80 167 1709 0
81 82 83 0
81 83 112 0
81 112 113 0
81 113 168 0
81 168 169 0
82 77 83 0
82 81 169 0
83 77 88 0
83 88 123 0
84 121 123 0
85 78 86 0
85 89 88 0
86 87 38 0
87 73 100 0
88 89 123 0
89 84 123 0
89 85 38 0
91 49 105 0
91 92 95 0
92 65 94 0
92 91 96 0
92 93 95 0
93 50 95 0
93 92 94 0
95 50 1676 0
96 91 104 0
97 98 1708 0
98 66 1708 0
98 97 1702 0
100 70 104 0
101 102 104 0
101 103 102 0
101 104 105 0
101 105 107 0
102 100 104 0
102 103 74 0
103 101 106 0
104 91 105 0
105 49 107 0
106 101 107 0
106 107 1726 0
107 49 110 0
107 110 1725 0
107 1725 1726 0
108 1630 1636 0
108 1634 1635 0
108 1636 1728 0
109 110 1674 0
109 1674 1675 0
109 1675 1728 0
109 1724 1725 0
110 49 1676 0
110 109 1725 0
111 112 116 0
111 116 185 0
111 124 180 0
112 83 115 0
112 111 113 0
112 115 116 0
113 80 168 0
113 111 180 0
114 115 121 0
114 122 184 0
115 83 121 0
115 114 116 0
116 114 120 0
116 120 185 0
118 120 126 0
118 126 127 0
118 127 133 0
118 133 142 0
119 151 152 0
120 114 184 0
120 118 142 0
120 142 185 0
121 83 123 0
122 76 184 0
122 114 121 0
122 121 84 0
124 111 185 0
124 139 160 0
124 160 180 0
125 117 127 0
126 120 184 0
126 125 127 0
127 117 130 0
127 130 133 0
128 143 145 0
129 131 183 0
129 182 134 0
130 129 132 0
130 132 133 0
131 3 183 0
131 129 130 0
131 130 117 0
132 129 134 0
132 134 136 0
132 136 137 0
133 132 137 0
133 137 142 0
134 128 145 0
134 182 128 0
135 136 144 0
135 144 146 0
135 146 147 0
136 134 145 0
136 135 140 0
137 136 140 0
137 139 142 0
138 139 140 0
138 140 178 0
138 176 179 0
139 124 142 0
139 137 140 0
139 138 160 0
140 135 147 0
140 141 178 0
141 140 147 0
141 147 148 0
141 148 157 0
141 157 175 0
141 175 178 0
142 124 185 0
143 119 144 0
143 144 145 0
144 119 146 0
144 136 145 0
146 119 152 0
147 146 148 0
148 146 152 0
148 152 153 0
148 153 158 0
150 149 153 0
151 150 152 0
152 150 153 0
153 149 155 0
153 155 158 0
154 159 1831 0
154 1816 1826 0
154 1826 1864 0
154 1864 1865 0
154 1865 1867 0
155 1834 1835 0
156 157 158 0
156 158 159 0
156 159 1867 0
156 174 175 0
157 148 158 0
157 156 175 0
158 155 159 0
159 154 1867 0
159 155 1831 0
160 138 179 0
160 161 180 0
161 113 180 0
161 160 163 0
161 163 164 0
162 163 177 0
162 177 1871 0
163 160 179 0
163 162 164 0
164 162 166 0
164 166 167 0
165 166 172 0
165 172 1705 0
165 1705 1706 0
165 1706 1709 0
166 162 171 0
166 165 167 0
166 171 172 0
167 165 1709 0
168 80 1709 0
168 1709 1872 0
169 168 1872 0
170 171 204 0
170 204 205 0
170 205 1703 0
171 58 204 0
171 162 1871 0
171 170 172 0
172 170 1703 0
172 1703 1705 0
173 174 1866 0
173 1866 1870 0
173 1870 1871 0
174 156 1866 0
174 173 176 0
174 176 178 0
175 174 178 0
176 138 178 0
176 173 177 0
176 177 179 0
177 163 179 0
177 173 1871 0
181 129 183 0
182 129 181 0
186 1017 1018 0
186 1018 1803 0
186 1801 1802 0
186 1802 1804 0
187 191 194 0
187 194 198 0
187 198 210 0
187 210 213 0
187 213 222 0
188 190 221 0
189 208 221 0
189 221 224 0
189 224 1700 0
190 188 191 0
190 191 222 0
190 215 221 0
191 187 222 0
191 188 193 0
191 193 194 0
192 193 203 0
192 200 1829 0
192 203 1862 0
193 188 206 0
193 192 194 0
194 192 199 0
195 201 1830 0
195 1823 1824 0
196 1151 1836 0
197 198 199 0
197 199 1829 0
197 1827 1830 0
198 194 199 0
198 197 202 0
198 202 1806 0
199 192 1829 0
200 192 1862 0
200 1828 1829 0
200 1862 1869 0
201 195 1148 0
201 202 1830 0
201 1148 1796 0
201 1796 1805 0
201 1805 1806 0
202 197 1830 0
202 201 1806 0
203 58 1862 0
203 193 206 0
204 203 206 0
205 59 1704 0
205 204 206 0
206 188 207 0
207 188 208 0
208 188 221 0
208 189 1700 0
209 210 1806 0
209 1018 1130 0
210 198 1806 0
210 209 1130 0
210 212 213 0
211 212 1019 0
211 217 218 0
212 210 1130 0
212 211 218 0
212 1018 1019 0
213 212 218 0
213 215 222 0
214 215 217 0
214 217 229 0
214 220 226 0
214 229 1699 0
215 190 222 0
215 213 218 0
215 214 216 0
215 216 221 0
216 214 226 0
217 211 229 0
217 215 218 0
219 220 248 0
219 244 245 0
219 245 1715 0
220 214 1699 0
220 219 225 0
220 225 226 0
221 216 224 0
223 13 224 0
223 224 226 0
223 225 1717 0
224 13 1700 0
224 216 226 0
225 219 1714 0
225 223 226 0
225 1714 1717 0
227 230 233 0
227 233 236 0
227 236 249 0
227 241 247 0
228 229 230 0
228 230 247 0
228 247 248 0
228 248 1699 0
229 211 269 0
229 228 1699 0
230 227 247 0
230 229 269 0
231 1001 1002 0
231 1002 1004 0
231 1004 1006 0
231 1006 1007 0
231 1007 1011 0
232 233 270 0
232 270 1013 0
233 230 269 0
233 232 235 0
233 235 236 0
233 269 270 0
234 235 1698 0
235 232 240 0
235 234 236 0
235 240 1698 0
236 234 238 0
236 238 249 0
237 238 250 0
237 250 271 0
238 234 251 0
238 237 241 0
238 241 249 0
239 240 1002 0
239 252 1697 0
239 1002 1003 0
239 1003 1033 0
239 1033 1127 0
240 232 1004 0
240 239 1697 0
240 1697 1698 0
241 227 249 0
241 237 243 0
241 243 244 0
241 244 247 0
242 243 260 0
242 260 273 0
243 237 266 0
243 242 244 0
244 219 248 0
244 242 245 0
245 242 246 0
245 246 1715 0
246 28 1716 0
246 242 273 0
247 244 248 0
248 220 1699 0
250 16 255 0
250 238 251 0
250 255 271 0
251 234 252 0
252 234 1698 0
252 239 1127 0
252 1127 1128 0
253 258 267 0
253 259 286 0
254 255 1125 0
255 16 262 0
255 254 257 0
255 257 271 0
255 262 1125 0
256 257 258 0
256 258 265 0
256 265 266 0
256 266 271 0
257 254 258 0
257 256 271 0
258 253 264 0
258 254 267 0
258 264 265 0
259 253 267 0
259 267 1078 0
259 1078 1124 0
259 1090 1092 0
260 243 266 0
260 265 272 0
260 272 273 0
261 262 263 0
261 263 1075 0
261 1075 1077 0
261 1077 1078 0
261 1078 1125 0
262 16 263 0
262 261 1125 0
263 16 1128 0
263 1073 1075 0
263 1128 1129 0
264 253 276 0
265 260 266 0
265 264 272 0
266 237 271 0
267 254 1078 0
268 269 1016 0
268 1012 1013 0
269 211 1016 0
269 268 270 0
270 268 1013 0
272 28 273 0
272 264 275 0
274 272 275 0
275 264 276 0
275 276 278 0
275 278 279 0
276 253 282 0
276 282 283 0
277 278 287 0
277 287 290 0
277 290 295 0
277 295 296 0
277 296 297 0
278 276 283 0
278 277 297 0
278 283 287 0
279 278 297 0
279 297 298 0
280 296 1694 0
281 282 285 0
281 285 391 0
282 253 286 0
282 281 283 0
283 281 287 0
284 14 392 0
284 285 286 0
284 286 1092 0
284 1091 1094 0
285 282 286 0
285 284 391 0
286 259 1092 0
287 281 289 0
287 289 290 0
288 289 389 0
289 281 391 0
289 288 290 0
289 388 389 0
290 288 292 0
290 292 295 0
291 292 294 0
291 294 301 0
291 301 1694 0
292 288 300 0
292 291 295 0
293 294 300 0
293 300 304 0
293 304 305 0
293 305 1695 0
294 292 300 0
294 293 1695 0
295 291 296 0
296 280 297 0
296 291 1694 0
297 280 298 0
298 280 299 0
299 25 1696 0
299 280 1691 0
300 19 304 0
300 288 377 0
301 294 1695 0
301 306 1693 0
301 1693 1694 0
302 303 372 0
303 302 305 0
303 304 365 0
303 365 372 0
304 19 365 0
304 303 305 0
305 302 306 0
305 306 1695 0
306 22 1693 0
306 301 1695 0
306 302 309 0
307 306 309 0
307 309 312 0
307 312 314 0
307 314 315 0
308 21 311 0
308 309 371 0
308 311 312 0
308 371 1607 0
309 302 371 0
309 308 312 0
310 312 327 0
310 326 1723 0
310 1679 1680 0
311 21 323 0
311 323 326 0
311 326 327 0
312 310 314 0
312 311 327 0
313 314 1680 0
313 1680 1681 0
314 310 1680 0
314 313 315 0
315 313 316 0
315 316 317 0
315 317 1692 0
316 24 1689 0
316 313 318 0
317 316 1689 0
317 1688 1690 0
317 1690 1692 0
318 313 1681 0
318 1681 1861 0
319 1612 1614 0
319 1614 1623 0
319 1623 1624 0
319 1624 1687 0
320 1664 1665 0
321 1645 1649 0
321 1646 1652 0
322 323 330 0
322 330 332 0
322 332 1686 0
323 21 329 0
323 322 325 0
323 325 326 0
323 329 330 0
324 325 1625 0
324 1622 1667 0
324 1625 1682 0
324 1667 1723 0
325 322 1625 0
325 324 326 0
326 310 327 0
326 324 1723 0
328 329 1606 0
329 21 1606 0
329 328 335 0
330 329 335 0
331 332 335 0
331 335 337 0
331 337 1859 0
331 1683 1684 0
331 1684 1686 0
332 330 335 0
332 331 1686 0
333 1624 1626 0
333 1626 1686 0
333 1684 1687 0
334 1608 1683 0
334 1683 1685 0
334 1685 1722 0
335 328 337 0
336 337 339 0
336 338 355 0
336 355 358 0
336 358 1860 0
337 328 339 0
337 336 1859 0
338 336 339 0
338 339 340 0
338 340 341 0
338 341 342 0
338 342 355 0
339 328 370 0
340 339 370 0
341 18 342 0
341 340 354 0
342 18 347 0
342 347 349 0
342 349 1858 0
344 447 452 0
344 452 457 0
344 457 1434 0
344 1434 1435 0
345 350 1415 0
345 1402 1405 0
345 1405 1483 0
346 347 1417 0
346 1414 1415 0
347 18 352 0
347 346 349 0
347 352 1417 0
348 349 350 0
348 350 1476 0
348 1459 1474 0
348 1474 1858 0
349 346 1415 0
349 348 1858 0
350 345 1483 0
350 349 1415 0
351 352 1857 0
351 1416 1417 0
352 18 1857 0
352 351 1417 0
353 354 369 0
353 368 1855 0
353 1847 1856 0
353 1856 1857 0
354 340 369 0
354 353 1857 0
355 342 1858 0
356 1464 1467 0
356 1467 1477 0
356 1477 1658 0
357 358 363 0
357 363 1470 0
357 1470 1471 0
357 1471 1472 0
358 355 363 0
358 357 360 0
358 360 1860 0
359 360 361 0
359 361 1722 0
359 1683 1859 0
359 1859 1860 0
360 357 361 0
360 359 1860 0
361 357 1472 0
361 1472 1658 0
361 1656 1722 0
362 363 1858 0
362 1469 1470 0
363 355 1858 0
363 362 1470 0
364 365 393 0
364 393 1854 0
364 1854 1855 0
365 19 376 0
365 364 367 0
365 367 372 0
365 376 393 0
366 367 368 0
366 368 1605 0
366 371 372 0
366 1605 1607 0
367 364 1855 0
367 366 372 0
368 353 369 0
368 367 1855 0
368 369 1605 0
369 340 370 0
369 370 1605 0
370 328 1606 0
371 302 372 0
371 366 1607 0
373 376 383 0
373 383 386 0
373 386 396 0
374 375 377 0
374 377 379 0
374 379 382 0
374 382 383 0
375 300 377 0
375 374 376 0
376 373 393 0
376 374 383 0
377 288 389 0
378 379 388 0
378 388 390 0
378 390 1604 0
378 424 425 0
379 377 389 0
379 378 387 0
380 381 405 0
380 385 386 0
380 405 408 0
380 408 411 0
381 380 384 0
381 382 387 0
381 387 425 0
382 379 387 0
382 381 384 0
383 382 384 0
383 384 386 0
384 380 386 0
385 380 411 0
385 411 412 0
386 385 396 0
387 378 425 0
388 289 391 0
388 379 389 0
390 14 1122 0
390 388 391 0
390 391 392 0
390 1122 1604 0
391 284 392 0
393 373 395 0
393 395 1854 0
394 395 396 0
394 396 399 0
394 399 1850 0
394 1847 1853 0
394 1853 1854 0
395 373 396 0
395 394 1854 0
396 385 412 0
397 1412 1852 0
398 399 412 0
398 412 1429 0
398 1428 1849 0
399 396 412 0
399 398 1849 0
399 1849 1850 0
400 617 1341 0
400 1341 1345 0
400 1345 1786 0
401 1104 1783 0
401 1346 1347 0
401 1783 1784 0
402 403 1122 0
402 1095 1105 0
402 1105 1106 0
402 1106 1107 0
403 402 1107 0
403 424 1604 0
404 405 423 0
405 381 425 0
405 404 407 0
405 407 408 0
406 407 416 0
406 416 427 0
407 404 415 0
407 406 408 0
407 415 416 0
408 406 410 0
408 410 411 0
409 410 413 0
409 413 1427 0
409 1427 1429 0
410 406 413 0
410 409 411 0
411 409 412 0
412 409 1429 0
413 406 427 0
413 427 428 0
413 428 1426 0
413 1426 1427 0
414 415 1350 0
414 1350 1351 0
415 404 420 0
415 414 416 0
415 420 1350 0
416 414 418 0
416 418 427 0
417 418 432 0
417 428 429 0
417 432 604 0
417 604 620 0
418 414 433 0
418 417 429 0
419 420 422 0
419 421 1347 0
419 1347 1348 0
419 1348 1349 0
419 1349 1350 0
420 404 422 0
420 419 1350 0
421 419 422 0
421 422 426 0
421 426 1107 0
421 1106 1347 0
422 404 423 0
422 423 426 0
423 405 425 0
423 424 426 0
424 378 1604 0
424 403 426 0
424 423 425 0
426 403 1107 0
427 418 429 0
428 417 620 0
428 427 429 0
428 436 439 0
428 439 1424 0
428 1424 1426 0
430 606 607 0
430 607 608 0
430 608 1340 0
431 432 433 0
431 433 1351 0
432 418 433 0
432 431 607 0
433 414 1351 0
434 461 462 0
434 462 465 0
434 465 473 0
434 473 474 0
434 474 476 0
434 476 477 0
435 436 623 0
435 463 1603 0
435 623 624 0
436 428 620 0
436 435 1603 0
436 438 439 0
436 620 623 0
437 442 444 0
437 444 1431 0
437 1423 1425 0
438 436 1603 0
438 442 1425 0
439 438 1425 0
440 441 478 0
440 443 444 0
441 440 442 0
441 442 1603 0
441 463 478 0
442 437 1425 0
442 438 1603 0
442 440 444 0
443 440 448 0
443 447 1602 0
444 443 1602 0
444 445 1431 0
445 444 1602 0
445 1430 1431 0
446 447 1435 0
446 1432 1433 0
446 1433 1602 0
447 344 1435 0
447 443 448 0
447 446 1602 0
447 448 479 0
448 440 459 0
448 459 460 0
448 460 479 0
449 1504 1506 0
450 455 486 0
450 486 487 0
450 487 492 0
450 492 1499 0
450 1499 1500 0
451 452 479 0
451 460 500 0
452 447 479 0
452 451 454 0
452 454 457 0
453 454 455 0
453 455 1500 0
454 451 455 0
454 453 456 0
454 456 457 0
455 450 1500 0
455 451 486 0
456 453 1397 0
456 1397 1438 0
457 456 1399 0
457 1399 1434 0
458 459 461 0
458 461 477 0
458 477 485 0
458 485 500 0
459 440 461 0
459 458 460 0
460 451 479 0
460 458 500 0
461 434 477 0
461 440 478 0
462 461 478 0
462 463 624 0
462 464 465 0
463 435 624 0
463 441 1603 0
463 462 478 0
464 462 624 0
464 622 625 0
465 464 471 0
465 471 472 0
465 472 473 0
466 1356 1358 0
466 1358 1365 0
467 543 572 0
468 538 636 0
468 627 628 0
469 470 635 0
469 534 535 0
469 635 636 0
470 469 472 0
470 471 625 0
470 625 634 0
470 634 635 0
471 464 625 0
471 470 472 0
472 469 474 0
473 472 474 0
474 469 512 0
475 476 481 0
475 481 484 0
475 484 485 0
476 474 481 0
476 475 477 0
477 475 485 0
480 481 510 0
480 510 511 0
480 511 523 0
480 523 537 0
481 474 512 0
481 480 483 0
481 483 484 0
482 483 505 0
482 490 496 0
483 480 498 0
483 482 484 0
483 498 505 0
484 482 485 0
485 482 487 0
485 486 500 0
486 451 500 0
486 485 487 0
487 482 496 0
488 490 503 0
488 495 494 0
488 1394 495 0
490 482 505 0
490 488 493 0
490 492 496 0
490 497 503 0
491 492 493 0
491 493 494 0
491 494 1506 0
491 1502 1503 0
492 487 496 0
492 490 493 0
492 491 1499 0
493 488 494 0
494 449 1506 0
494 495 449 0
497 490 505 0
497 498 537 0
497 499 501 0
497 501 503 0
498 480 537 0
498 497 505 0
499 497 537 0
499 502 501 0
499 521 522 0
501 489 503 0
501 502 489 0
502 499 522 0
503 1394 488 0
504 502 522 0
506 511 513 0
506 513 517 0
506 517 518 0
506 518 520 0
506 520 521 0
507 525 1842 0
507 551 1846 0
508 518 526 0
508 519 520 0
509 510 512 0
509 512 535 0
510 481 512 0
510 509 511 0
511 506 521 0
511 509 513 0
511 521 523 0
512 469 535 0
513 509 515 0
513 515 517 0
514 515 536 0
514 536 538 0
514 538 540 0
515 509 535 0
515 514 527 0
515 535 536 0
516 517 527 0
516 527 530 0
516 530 531 0
517 515 527 0
517 516 518 0
518 508 520 0
518 516 531 0
520 1393 521 0
521 5 522 0
521 499 523 0
521 1393 5 0
523 499 537 0
524 525 526 0
524 526 531 0
524 531 1841 0
524 1841 1842 0
525 508 526 0
525 524 1842 0
526 518 531 0
527 514 529 0
527 529 530 0
528 529 533 0
528 533 550 0
528 550 552 0
528 551 1841 0
529 514 540 0
529 528 530 0
530 528 1841 0
531 530 1841 0
532 533 544 0
532 544 548 0
532 548 553 0
532 549 550 0
533 529 539 0
533 532 550 0
533 539 544 0
534 469 636 0
535 534 536 0
536 534 538 0
538 468 542 0
538 534 636 0
538 542 543 0
539 529 540 0
539 540 543 0
539 543 544 0
540 538 543 0
541 542 629 0
541 597 598 0
541 629 632 0
542 468 628 0
542 541 543 0
542 628 629 0
543 467 544 0
543 541 572 0
544 467 548 0
545 554 1355 0
545 1355 1392 0
545 1392 1844 0
545 1844 1845 0
546 1843 1844 0
547 548 564 0
547 564 567 0
548 467 563 0
548 547 553 0
548 563 564 0
549 532 553 0
549 553 561 0
549 561 1845 0
550 549 552 0
551 507 1842 0
551 528 552 0
551 552 1845 0
551 1845 1846 0
552 549 1845 0
553 547 554 0
553 554 561 0
554 545 561 0
554 547 560 0
554 560 1362 0
556 1370 1741 0
556 1382 1390 0
557 1376 1388 0
557 1379 1894 0
558 1352 1353 0
558 1353 1369 0
558 1366 1391 0
559 560 567 0
559 567 1352 0
559 1352 1391 0
560 547 567 0
560 559 1362 0
561 545 1845 0
562 563 599 0
563 467 571 0
563 562 564 0
563 571 599 0
564 562 566 0
564 566 567 0
565 566 594 0
565 586 592 0
565 592 1353 0
566 562 569 0
566 565 1352 0
566 569 594 0
567 566 1352 0
568 569 600 0
568 577 580 0
568 580 583 0
568 583 586 0
568 586 594 0
569 562 573 0
569 568 594 0
569 573 600 0
570 571 572 0
570 572 598 0
570 573 599 0
571 467 572 0
571 570 599 0
572 541 598 0
573 562 599 0
573 570 576 0
573 576 577 0
573 577 600 0
574 614 651 0
574 639 1840 0
575 576 598 0
575 597 638 0
575 638 639 0
575 639 640 0
576 570 598 0
576 575 577 0
577 568 600 0
577 575 596 0
578 650 721 0
578 696 699 0
578 699 709 0
578 709 710 0
579 580 596 0
579 595 649 0
579 649 650 0
580 577 596 0
580 579 582 0
580 582 583 0
581 582 590 0
581 590 591 0
582 579 590 0
582 581 583 0
583 581 585 0
583 585 586 0
584 585 1745 0
584 1744 1754 0
585 581 588 0
585 584 592 0
585 588 1745 0
586 565 594 0
586 585 592 0
587 588 1329 0
587 1327 1336 0
587 1331 1746 0
587 1743 1745 0
588 581 591 0
588 587 1745 0
588 591 1329 0
589 590 710 0
589 703 1330 0
589 1326 1327 0
589 1327 1329 0
590 579 650 0
590 589 591 0
590 650 710 0
591 589 1329 0
592 584 1754 0
593 1353 1754 0
595 579 596 0
595 596 640 0
595 640 641 0
595 641 647 0
595 647 649 0
596 575 640 0
597 541 632 0
597 575 598 0
597 632 637 0
597 637 638 0
601 637 1338 0
601 1338 1840 0
602 609 616 0
602 615 633 0
603 604 606 0
603 606 610 0
603 609 621 0
604 432 606 0
604 603 605 0
604 605 620 0
605 603 619 0
605 619 622 0
605 622 623 0
606 430 610 0
606 432 607 0
607 431 608 0
608 431 1351 0
609 602 621 0
609 603 610 0
609 610 613 0
609 613 616 0
610 430 612 0
610 612 613 0
611 612 617 0
611 617 654 0
612 430 1340 0
612 611 613 0
613 611 614 0
613 614 616 0
614 574 1840 0
614 611 651 0
614 615 616 0
615 602 616 0
615 614 1338 0
617 400 653 0
617 612 1340 0
617 653 654 0
617 1340 1341 0
618 619 621 0
618 621 626 0
619 603 621 0
619 618 622 0
620 605 623 0
621 602 626 0
622 464 624 0
622 618 625 0
623 622 624 0
625 618 626 0
625 626 634 0
626 602 633 0
626 627 634 0
627 468 635 0
627 626 633 0
628 627 631 0
628 631 632 0
629 628 632 0
630 631 633 0
630 633 1338 0
631 627 633 0
631 630 632 0
632 630 637 0
633 615 1338 0
634 627 635 0
635 468 636 0
637 601 638 0
637 630 1338 0
638 601 639 0
639 574 641 0
639 601 1840 0
640 639 641 0
641 574 644 0
641 644 645 0
641 645 647 0
642 660 717 0
643 644 646 0
643 646 655 0
643 652 694 0
643 694 1337 0
644 574 646 0
644 643 645 0
645 643 1337 0
646 574 651 0
646 651 654 0
646 654 655 0
647 645 648 0
647 648 649 0
648 645 696 0
648 696 721 0
649 648 650 0
650 578 710 0
650 648 721 0
651 611 654 0
652 643 655 0
652 653 658 0
652 658 693 0
652 693 694 0
653 400 678 0
653 652 655 0
654 653 655 0
656 657 1787 0
656 1787 1789 0
657 656 659 0
657 658 678 0
657 678 1780 0
657 1780 1787 0
658 653 678 0
658 657 659 0
658 659 660 0
658 660 693 0
659 656 663 0
660 642 693 0
660 659 663 0
660 662 717 0
661 666 672 0
661 672 686 0
661 686 687 0
661 687 718 0
661 718 719 0
662 660 663 0
662 663 667 0
662 667 719 0
663 656 665 0
663 665 667 0
664 665 675 0
664 675 827 0
665 656 677 0
665 664 666 0
665 666 667 0
666 661 667 0
666 664 669 0
666 669 672 0
667 661 719 0
668 669 670 0
668 670 671 0
668 671 688 0
668 685 686 0
669 664 809 0
669 668 672 0
670 8 671 0
670 669 804 0
671 8 692 0
671 692 739 0
671 738 1839 0
672 668 686 0
673 680 681 0
673 681 682 0
673 682 1785 0
673 1785 1792 0
674 675 677 0
674 677 1789 0
674 681 827 0
675 665 677 0
675 674 827 0
676 680 815 0
676 815 826 0
676 826 827 0
677 656 1789 0
678 400 1786 0
679 680 1120 0
679 813 816 0
679 1118 1121 0
680 673 1113 0
680 676 681 0
680 679 816 0
680 1113 1120 0
681 674 682 0
681 676 827 0
682 674 1789 0
682 1781 1782 0
682 1782 1785 0
683 722 725 0
683 725 728 0
683 728 733 0
683 733 1293 0
683 1293 1294 0
684 688 1839 0
684 725 775 0
685 668 688 0
685 688 775 0
686 685 687 0
687 685 723 0
687 723 724 0
688 671 1839 0
688 684 775 0
689 777 788 0
689 788 842 0
689 842 843 0
690 776 831 0
691 692 806 0
691 806 825 0
691 825 830 0
691 830 832 0
692 8 806 0
692 691 739 0
693 642 694 0
694 642 695 0
694 695 1337 0
695 642 716 0
695 696 1337 0
696 578 721 0
696 645 1337 0
696 695 698 0
696 698 699 0
697 698 715 0
697 714 720 0
698 695 715 0
698 697 699 0
699 697 702 0
699 702 709 0
700 707 1291 0
700 1279 1318 0
700 1318 1319 0
701 702 1292 0
702 697 712 0
702 701 704 0
702 704 709 0
702 712 1292 0
703 589 710 0
703 704 706 0
703 706 1330 0
704 701 706 0
704 703 709 0
705 706 707 0
705 707 708 0
705 708 1325 0
705 1325 1326 0
705 1326 1330 0
706 701 707 0
706 705 1330 0
707 700 1319 0
707 701 1291 0
708 707 1319 0
708 1319 1320 0
708 1320 1763 0
709 703 710 0
711 712 713 0
711 713 722 0
711 722 1294 0
711 1288 1292 0
712 697 713 0
712 711 1292 0
713 697 720 0
713 720 724 0
714 697 715 0
714 715 716 0
714 716 717 0
714 717 718 0
714 718 720 0
715 695 716 0
716 642 717 0
717 662 719 0
718 687 724 0
718 717 719 0
720 718 724 0
722 683 1294 0
722 713 724 0
722 723 725 0
723 685 775 0
723 722 724 0
725 684 731 0
725 723 775 0
726 735 736 0
726 736 740 0
726 740 742 0
726 742 743 0
726 743 764 0
727 728 731 0
727 731 738 0
727 738 1323 0
728 725 731 0
728 727 730 0
728 730 733 0
729 730 735 0
729 735 760 0
729 760 1289 0
730 727 736 0
730 729 734 0
731 684 1839 0
732 733 734 0
732 734 1277 0
732 1277 1287 0
732 1287 1288 0
732 1288 1293 0
733 730 734 0
733 732 1293 0
734 729 1277 0
735 726 759 0
735 730 736 0
735 759 760 0
736 727 1323 0
737 738 739 0
737 739 832 0
737 740 1323 0
737 831 833 0
738 671 739 0
738 731 1839 0
738 737 1323 0
739 691 832 0
740 736 1323 0
740 737 742 0
741 742 771 0
741 771 772 0
742 737 833 0
742 741 743 0
743 741 746 0
743 746 750 0
743 750 764 0
744 746 767 0
744 767 768 0
744 768 1267 0
745 1270 1273 0
746 741 766 0
746 744 749 0
746 749 750 0
746 766 767 0
747 758 1309 0
747 1309 1310 0
747 1310 1311 0
748 1295 1296 0
748 1296 1317 0
749 744 753 0
749 753 758 0
749 758 763 0
750 749 763 0
750 763 764 0
751 1305 1314 0
751 1314 1315 0
752 753 754 0
752 1316 1315 0
753 744 1267 0
753 752 758 0
754 753 1267 0
754 1316 752 0
755 757 1268 0
755 1268 1272 0
756 754 1267 0
756 757 9 0
756 1267 1268 0
757 756 1268 0
758 747 763 0
758 752 1309 0
759 726 764 0
759 763 1311 0
760 759 1311 0
760 762 1289 0
760 1311 1312 0
761 1278 1307 0
761 1307 1308 0
762 760 1312 0
762 1277 1289 0
763 747 1311 0
763 759 764 0
765 766 773 0
765 773 1265 0
765 1264 1271 0
766 741 772 0
766 765 1266 0
766 772 773 0
767 766 1266 0
768 767 1266 0
768 1266 1271 0
768 1271 1272 0
769 770 776 0
769 774 1265 0
769 776 817 0
769 817 834 0
770 769 772 0
770 771 833 0
771 742 833 0
771 770 772 0
772 769 773 0
773 769 1265 0
774 769 834 0
774 834 835 0
774 835 1263 0
774 1263 1264 0
774 1264 1265 0
776 690 778 0
776 770 831 0
776 778 817 0
777 689 834 0
777 778 785 0
777 785 788 0
778 690 782 0
778 777 817 0
778 782 783 0
778 783 785 0
779 789 791 0
779 791 957 0
779 891 893 0
780 794 795 0
780 795 798 0
780 798 828 0
781 782 829 0
781 795 1838 0
782 690 784 0
782 781 1838 0
782 784 829 0
783 782 1838 0
784 690 830 0
784 797 829 0
785 783 787 0
785 787 788 0
786 787 789 0
786 789 893 0
786 889 890 0
787 783 789 0
787 786 788 0
788 786 842 0
789 779 893 0
789 783 793 0
790 791 793 0
790 793 794 0
790 794 821 0
790 821 1061 0
791 789 793 0
791 790 792 0
791 792 957 0
792 790 1061 0
793 783 1838 0
794 780 821 0
794 793 1838 0
795 781 797 0
795 794 1838 0
795 797 798 0
796 797 807 0
796 805 808 0
797 781 829 0
797 784 807 0
797 796 798 0
798 796 800 0
798 800 828 0
799 800 810 0
799 810 811 0
799 811 814 0
799 814 819 0
800 796 808 0
800 799 801 0
800 801 828 0
800 808 810 0
801 799 819 0
801 819 822 0
801 822 823 0
801 823 828 0
802 810 824 0
802 824 826 0
803 804 809 0
803 809 826 0
804 669 809 0
804 803 805 0
805 796 807 0
805 803 824 0
806 805 807 0
806 807 825 0
807 784 825 0
808 805 824 0
809 664 826 0
810 802 811 0
810 808 824 0
811 802 815 0
811 813 814 0
811 815 816 0
812 15 1065 0
812 813 1121 0
812 1065 1066 0
813 679 1121 0
813 811 816 0
813 812 814 0
814 812 818 0
814 818 819 0
815 680 816 0
815 802 826 0
817 777 834 0
818 812 1066 0
819 818 822 0
820 821 822 0
820 822 1063 0
820 1058 1059 0
820 1059 1061 0
821 780 823 0
821 820 1061 0
822 818 1063 0
822 821 823 0
823 780 828 0
824 803 826 0
825 784 830 0
826 664 827 0
830 690 831 0
830 831 832 0
831 737 832 0
831 770 833 0
834 689 835 0
835 689 839 0
835 839 840 0
835 840 1263 0
836 840 1262 0
836 1262 1274 0
836 1274 1275 0
837 850 856 0
837 856 860 0
837 860 863 0
837 863 878 0
837 878 879 0
838 839 843 0
838 843 844 0
838 844 878 0
838 863 877 0
839 689 843 0
839 838 877 0
840 836 1263 0
840 839 877 0
840 877 1262 0
841 842 890 0
842 786 890 0
842 841 843 0
843 841 844 0
844 841 846 0
844 846 849 0
844 849 879 0
845 846 889 0
845 889 892 0
845 892 894 0
846 841 890 0
846 845 848 0
846 848 849 0
847 848 887 0
847 881 882 0
847 887 1253 0
848 845 888 0
848 847 849 0
849 847 850 0
849 850 879 0
850 837 879 0
850 847 882 0
850 882 883 0
851 1201 1214 0
852 1210 1215 0
852 1215 1223 0
852 1223 1227 0
852 1227 1250 0
852 1250 1251 0
853 1228 1229 0
854 880 884 0
854 884 1248 0
855 856 880 0
855 880 1234 0
856 850 883 0
856 855 859 0
856 859 860 0
857 859 867 0
858 864 866 0
858 875 1261 0
859 855 872 0
859 857 860 0
860 857 862 0
860 862 863 0
861 862 864 0
861 864 873 0
861 873 1262 0
862 857 864 0
862 861 863 0
863 838 878 0
863 861 877 0
864 857 866 0
864 858 1261 0
865 858 866 0
865 866 867 0
866 857 867 0
867 859 872 0
868 869 1231 0
869 870 871 0
869 871 872 0
869 872 1232 0
870 10 871 0
870 869 868 0
871 867 872 0
872 855 1232 0
873 864 1261 0
873 874 876 0
873 876 1274 0
874 745 876 0
874 873 1261 0
875 874 1261 0
876 745 1273 0
876 1273 1274 0
877 861 1262 0
878 844 879 0
880 854 1233 0
880 856 883 0
880 883 884 0
880 1233 1234 0
881 847 1253 0
882 881 884 0
883 882 884 0
884 881 1248 0
885 900 904 0
885 904 905 0
885 905 1252 0
885 1252 1254 0
885 1254 1260 0
886 887 888 0
886 888 894 0
886 894 1260 0
887 848 888 0
887 886 1254 0
887 1252 1253 0
888 845 894 0
889 786 893 0
889 846 890 0
891 779 957 0
891 892 893 0
892 889 893 0
892 891 894 0
894 891 896 0
894 896 899 0
894 899 1260 0
895 896 956 0
895 956 958 0
896 891 956 0
896 895 898 0
896 898 899 0
897 898 1259 0
898 895 909 0
898 897 899 0
898 909 1259 0
899 897 900 0
899 900 1260 0
900 885 1260 0
900 897 907 0
901 918 923 0
901 923 955 0
901 942 943 0
902 914 917 0
902 917 944 0
903 904 906 0
903 906 932 0
903 932 939 0
903 939 940 0
904 900 907 0
904 903 905 0
905 903 940 0
905 940 941 0
905 941 1249 0
905 1248 1252 0
906 904 907 0
906 907 913 0
906 913 914 0
906 914 932 0
907 897 913 0
908 909 911 0
908 911 1048 0
908 988 1161 0
908 1161 1259 0
909 895 911 0
909 908 1259 0
910 911 912 0
910 912 1053 0
910 1032 1048 0
910 1053 1054 0
911 895 958 0
911 910 1048 0
912 911 958 0
912 958 959 0
912 959 1059 0
912 1059 1060 0
913 897 1259 0
914 902 932 0
914 913 916 0
914 916 917 0
915 916 986 0
915 986 987 0
916 913 1161 0
916 915 917 0
917 915 918 0
917 918 943 0
917 943 944 0
918 901 943 0
918 915 931 0
919 977 1042 0
919 1042 1170 0
920 1166 1173 0
921 928 930 0
921 930 976 0
921 972 978 0
921 978 979 0
922 923 928 0
922 928 979 0
922 979 1181 0
923 918 931 0
923 922 925 0
923 925 955 0
924 925 926 0
924 926 960 0
924 949 955 0
925 922 1181 0
925 924 955 0
926 925 1181 0
927 961 963 0
928 921 979 0
928 923 931 0
929 930 931 0
929 931 987 0
930 928 931 0
930 929 975 0
930 975 976 0
931 915 987 0
932 902 934 0
932 934 939 0
933 934 942 0
933 942 947 0
933 947 948 0
934 902 944 0
934 933 935 0
934 935 939 0
935 933 938 0
935 938 941 0
936 937 1258 0
936 1193 1208 0
936 1208 1211 0
936 1211 1212 0
937 936 1212 0
937 938 948 0
937 948 1258 0
938 933 948 0
938 937 941 0
939 935 940 0
940 935 941 0
941 937 1212 0
941 1212 1246 0
941 1246 1249 0
942 901 946 0
942 934 944 0
942 946 947 0
943 942 944 0
945 946 949 0
945 949 952 0
945 952 1257 0
946 901 955 0
946 945 947 0
947 945 1257 0
948 947 1257 0
948 1256 1258 0
949 924 954 0
949 946 955 0
950 952 954 0
950 954 1184 0
950 1184 1185 0
950 1185 1187 0
951 1188 1189 0
952 949 954 0
952 950 953 0
952 953 1257 0
953 950 1187 0
953 1187 1189 0
953 1189 1256 0
953 1256 1257 0
954 924 960 0
954 960 961 0
954 961 1183 0
954 1183 1184 0
956 891 957 0
956 957 959 0
957 792 959 0
958 956 959 0
959 792 1059 0
960 926 966 0
961 960 966 0
961 962 1183 0
962 11 1183 0
962 961 927 0
963 961 966 0
963 965 927 0
963 966 969 0
963 969 970 0
964 963 970 0
965 963 964 0
966 926 969 0
967 964 970 0
967 970 1162 0
967 1162 1165 0
967 1165 1166 0
967 1182 964 0
968 969 1181 0
968 978 1162 0
969 926 1181 0
969 968 970 0
970 968 1162 0
971 978 980 0
971 980 1168 0
972 921 976 0
972 976 1038 0
972 977 980 0
973 981 992 0
973 992 995 0
973 995 1837 0
974 977 1038 0
974 1037 1039 0
974 1039 1042 0
975 929 984 0
975 983 1037 0
975 1037 1038 0
976 975 1038 0
977 919 980 0
977 972 1038 0
977 974 1042 0
978 968 979 0
978 971 1162 0
978 972 980 0
979 968 1181 0
980 919 1168 0
981 973 1039 0
981 983 991 0
981 991 992 0
982 983 984 0
982 984 985 0
982 985 1050 0
983 975 984 0
983 981 1037 0
983 982 991 0
984 929 985 0
985 929 987 0
985 986 1049 0
985 1049 1050 0
986 916 989 0
986 985 987 0
986 989 1049 0
988 908 1048 0
988 989 1161 0
988 1047 1049 0
989 916 1161 0
989 988 1049 0
990 991 1035 0
990 1035 1036 0
991 982 1035 0
991 990 992 0
992 990 994 0
992 994 995 0
993 994 1000 0
993 997 1837 0
993 1000 1001 0
993 1001 1011 0
994 990 999 0
994 993 995 0
994 999 1000 0
995 993 1837 0
996 1008 1010 0
996 1010 1137 0
996 1137 1160 0
996 1138 1139 0
997 993 1011 0
997 1007 1008 0
997 1008 1044 0
997 1044 1837 0
998 999 1022 0
998 1022 1024 0
998 1024 1033 0
999 990 1036 0
999 998 1000 0
1000 998 1003 0
1001 231 1011 0
1001 1000 1003 0
1002 240 1004 0
1002 1001 1003 0
1003 998 1033 0
1004 232 1013 0
1005 1006 1012 0
1005 1012 1020 0
1005 1020 1131 0
1006 1004 1013 0
1006 1005 1009 0
1007 997 1011 0
1007 1006 1009 0
1008 996 1044 0
1008 1007 1009 0
1008 1009 1010 0
1009 1005 1010 0
1010 1005 1131 0
1010 1131 1134 0
1010 1134 1136 0
1010 1136 1137 0
1012 268 1015 0
1012 1006 1013 0
1012 1015 1020 0
1014 1015 1017 0
1014 1017 1804 0
1015 268 1016 0
1015 1014 1020 0
1015 1016 1017 0
1016 211 1019 0
1017 186 1804 0
1017 1016 1019 0
1018 209 1803 0
1018 212 1130 0
1018 1017 1019 0
1020 1014 1131 0
1021 1022 1034 0
1021 1034 1052 0
1022 999 1036 0
1022 1021 1024 0
1023 1024 1026 0
1023 1026 1126 0
1023 1126 1127 0
1024 1021 1026 0
1024 1023 1033 0
1025 1026 1028 0
1025 1028 1070 0
1025 1070 1072 0
1025 1072 1073 0
1025 1073 1126 0
1026 1021 1028 0
1026 1025 1126 0
1027 1028 1029 0
1027 1029 1031 0
1027 1031 1057 0
1027 1057 1069 0
1027 1069 1070 0
1028 1021 1052 0
1028 1027 1070 0
1029 12 1031 0
1029 1028 1052 0
1030 1031 1032 0
1030 1032 1054 0
1030 1053 1056 0
1030 1056 1057 0
1031 12 1051 0
1031 1030 1057 0
1032 910 1054 0
1032 1031 1051 0
1032 1047 1048 0
1033 1023 1127 0
1034 12 1052 0
1034 1022 1036 0
1034 1036 1045 0
1035 982 1050 0
1036 1035 1045 0
1037 974 1038 0
1037 981 1039 0
1039 973 1041 0
1039 1041 1042 0
1040 1041 1044 0
1040 1044 1139 0
1040 1139 1180 0
1041 973 1837 0
1041 1040 1042 0
1042 1040 1043 0
1042 1043 1170 0
1043 1040 1180 0
1043 1169 1170 0
1043 1176 1177 0
1044 996 1139 0
1044 1041 1837 0
1045 1035 1046 0
1045 1046 1051 0
1046 1035 1050 0
1046 1047 1051 0
1047 988 1048 0
1047 1032 1051 0
1047 1046 1049 0
1049 1046 1050 0
1053 912 1060 0
1053 1030 1054 0
1055 1056 1058 0
1055 1058 1062 0
1055 1062 1067 0
1055 1067 1068 0
1055 1068 1069 0
1056 1053 1060 0
1056 1055 1057 0
1057 1055 1069 0
1058 820 1062 0
1058 1056 1060 0
1059 792 1061 0
1059 1058 1060 0
1062 820 1063 0
1062 1063 1066 0
1062 1066 1067 0
1063 818 1066 0
1064 1065 1086 0
1064 1086 1089 0
1065 15 1086 0
1065 1064 1066 0
1066 1064 1067 0
1067 1064 1089 0
1068 1067 1089 0
1069 1068 1070 0
1070 1068 1088 0
1071 1072 1087 0
1072 1070 1088 0
1072 1071 1074 0
1073 263 1129 0
1073 1072 1074 0
1073 1074 1075 0
1074 1071 1079 0
1075 1074 1079 0
1076 1077 1079 0
1076 1079 1082 0
1076 1082 1123 0
1076 1123 1124 0
1077 1075 1079 0
1077 1076 1124 0
1078 254 1125 0
1078 1077 1124 0
1079 1071 1081 0
1079 1081 1082 0
1080 1081 1085 0
1080 1085 1116 0
1081 1071 1087 0
1081 1080 1082 0
1082 1080 1084 0
1082 1084 1123 0
1083 1093 1111 0
1084 1080 1115 0
1084 1110 1111 0
1084 1111 1123 0
1085 15 1116 0
1085 1081 1087 0
1086 1085 1087 0
1086 1087 1089 0
1087 1072 1088 0
1087 1088 1089 0
1088 1068 1089 0
1090 259 1124 0
1090 1091 1092 0
1091 284 1092 0
1091 1090 1093 0
1091 1093 1098 0
1093 1083 1098 0
1093 1090 1111 0
1094 1091 1098 0
1095 402 1097 0
1095 1096 1098 0
1095 1098 1108 0
1095 1101 1105 0
1096 1094 1098 0
1096 1095 1097 0
1097 402 1122 0
1098 1083 1100 0
1098 1100 1108 0
1099 1100 1109 0
1099 1109 1114 0
1099 1114 1790 0
1100 1083 1110 0
1100 1099 1101 0
1100 1101 1108 0
1101 1095 1108 0
1101 1099 1103 0
1101 1103 1104 0
1101 1104 1105 0
1102 1103 1791 0
1102 1782 1783 0
1103 1099 1790 0
1103 1102 1104 0
1103 1790 1791 0
1104 401 1106 0
1104 1102 1783 0
1105 1104 1106 0
1106 401 1347 0
1106 421 1107 0
1109 1100 1110 0
1109 1110 1115 0
1109 1115 1117 0
1110 1083 1111 0
1110 1084 1115 0
1111 1090 1123 0
1112 1113 1792 0
1112 1114 1119 0
1112 1118 1120 0
1113 673 1792 0
1113 1112 1120 0
1114 1109 1117 0
1114 1112 1790 0
1114 1117 1119 0
1115 1080 1116 0
1115 1116 1117 0
1116 15 1121 0
1117 1116 1118 0
1117 1118 1119 0
1118 679 1120 0
1118 1112 1119 0
1118 1116 1121 0
1122 403 1604 0
1123 1090 1124 0
1126 1073 1129 0
1127 1126 1129 0
1128 1127 1129 0
1131 1014 1804 0
1132 1141 1800 0
1132 1149 1152 0
1133 1134 1802 0
1134 1131 1802 0
1134 1133 1136 0
1135 1136 1140 0
1135 1140 1156 0
1135 1156 1158 0
1135 1158 1160 0
1136 1133 1141 0
1136 1135 1160 0
1137 1136 1160 0
1138 996 1160 0
1138 1158 1179 0
1138 1179 1180 0
1139 1138 1180 0
1140 1136 1141 0
1140 1141 1152 0
1140 1152 1153 0
1140 1153 1156 0
1141 1132 1152 0
1141 1133 1797 0
1141 1797 1800 0
1142 1153 1154 0
1142 1159 1175 0
1143 1144 1150 0
1144 1143 1154 0
1144 1149 1150 0
1145 1143 1150 0
1146 1149 1799 0
1146 1799 1810 0
1146 1810 1836 0
1147 1148 1809 0
1147 1809 1810 0
1148 195 1809 0
1148 1147 1796 0
1149 1132 1799 0
1149 1144 1152 0
1149 1146 1150 0
1150 1151 1145 0
1151 1146 1836 0
1151 1150 1146 0
1152 1144 1153 0
1153 1142 1156 0
1153 1144 1154 0
1155 1142 1154 0
1155 1154 1143 0
1156 1142 1157 0
1156 1157 1158 0
1157 1142 1175 0
1157 1174 1176 0
1157 1176 1179 0
1158 1138 1160 0
1158 1157 1179 0
1159 7 1175 0
1159 1142 1155 0
1161 913 1259 0
1162 971 1165 0
1163 1165 1168 0
1163 1168 1169 0
1163 1169 1171 0
1163 1171 1173 0
1164 1167 1171 0
1164 1171 1178 0
1165 971 1168 0
1165 1163 1166 0
1166 1163 1173 0
1166 1182 967 0
1167 920 1173 0
1168 919 1170 0
1169 1043 1177 0
1169 1168 1170 0
1171 1167 1173 0
1171 1169 1177 0
1171 1177 1178 0
1172 1164 1178 0
1174 1157 1175 0
1174 1172 1178 0
1176 1043 1179 0
1176 1174 1178 0
1177 1176 1178 0
1179 1043 1180 0
1182 1166 920 0
1183 11 1184 0
1184 1186 1185 0
1185 951 1187 0
1185 1186 951 0
1186 1184 11 0
1187 951 1189 0
1189 1188 1190 0
1189 1190 1256 0
1190 1188 1192 0
1190 1192 1193 0
1190 1193 1258 0
1191 1192 1194 0
1191 1194 1203 0
1191 1203 1206 0
1191 1206 1207 0
1191 1207 1213 0
1192 1188 1197 0
1192 1191 1213 0
1193 936 1258 0
1193 1192 1213 0
1194 851 1214 0
1194 1192 1197 0
1194 1196 851 0
1195 1196 1197 0
1196 1194 1197 0
1197 1255 1195 0
1198 1199 1242 0
1198 1235 1236 0
1199 1198 1200 0
1199 1202 1242 0
1200 1198 1204 0
1200 1201 1199 0
1200 1203 1214 0
1201 1200 1214 0
1202 1239 1241 0
1202 1241 1242 0
1203 1194 1214 0
1203 1200 1204 0
1203 1204 1206 0
1204 1198 1236 0
1204 1205 1206 0
1205 1204 1236 0
1206 1205 1207 0
1207 1205 1215 0
1207 1208 1213 0
1208 1193 1213 0
1208 1207 1210 0
1208 1210 1211 0
1209 1210 1251 0
1209 1245 1246 0
1210 852 1251 0
1210 1207 1215 0
1210 1209 1211 0
1211 1209 1212 0
1212 1209 1246 0
1215 1205 1219 0
1215 1219 1222 0
1215 1222 1223 0
1216 1218 1221 0
1216 1219 1236 0
1216 1221 1222 0
1216 1235 1237 0
1217 1216 1237 0
1218 853 1221 0
1218 1216 1217 0
1219 1205 1236 0
1219 1216 1222 0
1220 1221 1229 0
1221 853 1229 0
1221 1220 1222 0
1222 1220 1223 0
1223 1220 1225 0
1223 1225 1227 0
1224 1225 1230 0
1224 1226 1227 0
1224 1230 1231 0
1224 1231 1243 0
1225 1220 1229 0
1225 1224 1227 0
1225 1229 1230 0
1226 1224 1243 0
1226 1233 1244 0
1226 1244 1245 0
1226 1245 1250 0
1227 1226 1250 0
1228 868 1230 0
1229 1228 1230 0
1230 868 1231 0
1231 869 1232 0
1231 1232 1243 0
1232 855 1234 0
1232 1234 1243 0
1233 854 1244 0
1233 1226 1243 0
1234 1233 1243 0
1235 1198 1242 0
1235 1216 1236 0
1237 1235 1241 0
1237 1238 1217 0
1238 1237 1241 0
1239 1240 1241 0
1240 1238 1241 0
1240 1239 4 0
1241 1235 1242 0
1244 854 1247 0
1245 1209 1251 0
1245 1244 1247 0
1246 1245 1247 0
1246 1247 1248 0
1246 1248 1249 0
1247 854 1248 0
1248 881 1253 0
1248 905 1249 0
1250 1245 1251 0
1252 887 1254 0
1252 1248 1253 0
1254 886 1260 0
1255 1188 951 0
1255 1197 1188 0
1256 948 1257 0
1256 1190 1258 0
1262 873 1274 0
1263 836 1275 0
1264 765 1265 0
1264 1263 1275 0
1266 765 1271 0
1267 768 1268 0
1268 768 1272 0
1269 1271 1275 0
1269 1276 1272 0
1270 1269 1273 0
1271 1264 1275 0
1271 1269 1272 0
1272 1276 755 0
1273 1269 1275 0
1274 1273 1275 0
1276 1269 1270 0
1277 729 1289 0
1277 762 1278 0
1277 1278 1282 0
1277 1279 1287 0
1278 761 1281 0
1278 762 1307 0
1278 1281 1282 0
1279 700 1290 0
1279 1277 1282 0
1279 1282 1318 0
1280 1281 1285 0
1280 1285 1301 0
1280 1301 1322 0
1281 761 1285 0
1281 1280 1282 0
1282 1280 1318 0
1284 1285 1286 0
1284 1286 1296 0
1284 1296 1297 0
1284 1297 1300 0
1284 1300 1301 0
1285 761 1308 0
1285 1284 1301 0
1286 1285 1308 0
1286 1308 1317 0
1287 1279 1290 0
1288 711 1294 0
1288 1287 1290 0
1288 1290 1291 0
1288 1291 1292 0
1290 700 1291 0
1291 701 1292 0
1293 1288 1294 0
1295 1283 1297 0
1296 1286 1317 0
1296 1295 1297 0
1297 1283 1299 0
1297 1299 1300 0
1298 1299 1303 0
1298 1303 1762 0
1299 1298 1300 0
1300 1298 1301 0
1301 1298 1322 0
1302 1765 1766 0
1303 1302 1762 0
1303 1793 1302 0
1304 1305 1317 0
1304 1308 1313 0
1304 1313 1314 0
1305 748 1317 0
1305 1304 1314 0
1306 1307 1312 0
1306 1310 1313 0
1307 762 1312 0
1307 1306 1308 0
1308 1304 1317 0
1308 1306 1313 0
1309 752 1315 0
1310 1306 1312 0
1310 1309 1313 0
1311 1310 1312 0
1313 1309 1314 0
1314 1309 1315 0
1315 1316 751 0
1316 754 9 0
1318 1280 1321 0
1319 1318 1321 0
1320 1319 1321 0
1320 1321 1322 0
1320 1322 1762 0
1320 1761 1763 0
1321 1280 1322 0
1322 1298 1762 0
1324 1325 1759 0
1324 1335 1336 0
1325 708 1759 0
1325 1324 1328 0
1326 589 1330 0
1326 1325 1328 0
1327 587 1329 0
1327 1326 1328 0
1327 1328 1336 0
1328 1324 1336 0
1331 587 1336 0
1331 1335 1738 0
1331 1738 1746 0
1332 1753 1755 0
1332 1755 1764 0
1332 1764 1771 0
1332 1771 1772 0
1334 1335 1758 0
1335 1324 1758 0
1335 1331 1336 0
1335 1334 1738 0
1338 614 1840 0
1339 1340 1344 0
1339 1344 1345 0
1340 608 1344 0
1340 1339 1341 0
1341 1339 1345 0
1342 1343 1346 0
1342 1346 1784 0
1342 1780 1786 0
1343 1342 1345 0
1343 1344 1349 0
1344 608 1349 0
1344 1343 1345 0
1345 1342 1786 0
1346 401 1784 0
1346 1343 1348 0
1347 1346 1348 0
1348 1343 1349 0
1349 608 1351 0
1350 1349 1351 0
1352 558 1391 0
1352 565 1353 0
1353 592 1754 0
1353 593 1369 0
1354 1355 1362 0
1354 1362 1367 0
1355 554 1362 0
1355 1354 1357 0
1355 1357 1392 0
1356 546 1392 0
1356 1357 1358 0
1357 1354 1358 0
1357 1356 1392 0
1358 1354 1361 0
1358 1361 1365 0
1359 1361 1366 0
1359 1366 1368 0
1359 1368 1373 0
1359 1373 1374 0
1359 1374 1389 0
1360 1363 1389 0
1361 1354 1367 0
1361 1359 1364 0
1361 1364 1365 0
1362 559 1391 0
1363 466 1365 0
1363 1364 1389 0
1364 1359 1389 0
1364 1363 1365 0
1366 558 1369 0
1366 1361 1367 0
1366 1367 1391 0
1367 1362 1391 0
1368 1366 1369 0
1368 1369 1370 0
1368 1370 1390 0
1369 593 1370 0
1370 556 1390 0
1370 593 1741 0
1371 1375 1387 0
1371 1386 1388 0
1372 1373 1390 0
1372 1382 1387 0
1373 1368 1390 0
1373 1372 1375 0
1374 1373 1375 0
1374 1375 1376 0
1374 1378 1389 0
1375 1371 1388 0
1375 1372 1387 0
1376 1375 1388 0
1376 1378 1374 0
1377 1376 557 0
1378 1360 1389 0
1378 1376 1377 0
1379 557 1388 0
1379 1386 1891 0
1379 1891 1894 0
1380 1384 1752 0
1380 1750 1775 0
1380 1775 1896 0
1380 1896 1897 0
1381 1382 1740 0
1381 1740 1749 0
1381 1749 1752 0
1382 556 1740 0
1382 1372 1390 0
1382 1381 1383 0
1382 1383 1387 0
1383 1381 1384 0
1383 1384 1897 0
1383 1385 1386 0
1383 1386 1387 0
1384 1380 1897 0
1384 1381 1752 0
1385 1383 1897 0
1386 1371 1387 0
1386 1379 1388 0
1386 1385 1891 0
1392 546 1844 0
1393 520 519 0
1394 503 489 0
1395 1491 1493 0
1395 1493 1507 0
1395 1507 1598 0
1395 1598 1599 0
1396 1397 1497 0
1396 1491 1492 0
1397 453 1497 0
1397 1396 1438 0
1398 1401 1439 0
1398 1439 1445 0
1398 1445 1601 0
1399 456 1437 0
1399 1401 1434 0
1399 1437 1439 0
1400 1401 1402 0
1400 1402 1432 0
1400 1432 1435 0
1401 1398 1404 0
1401 1399 1439 0
1401 1400 1434 0
1402 345 1407 0
1402 1401 1404 0
1402 1404 1405 0
1402 1407 1432 0
1403 1404 1446 0
1403 1446 1482 0
1403 1482 1483 0
1404 1398 1446 0
1404 1403 1405 0
1405 1403 1483 0
1406 1407 1409 0
1406 1409 1430 0
1406 1430 1433 0
1407 345 1413 0
1407 1406 1432 0
1408 1409 1411 0
1408 1411 1412 0
1408 1412 1419 0
1408 1419 1430 0
1409 1407 1411 0
1409 1408 1430 0
1410 1411 1413 0
1410 1413 1414 0
1410 1414 1416 0
1410 1416 1848 0
1410 1848 1852 0
1411 1407 1413 0
1411 1410 1852 0
1412 397 1419 0
1412 1411 1852 0
1413 345 1414 0
1414 345 1415 0
1414 346 1416 0
1416 346 1417 0
1416 351 1851 0
1418 1419 1422 0
1418 1422 1423 0
1418 1423 1431 0
1419 397 1421 0
1419 1418 1430 0
1419 1421 1422 0
1420 1421 1427 0
1421 397 1428 0
1421 1420 1422 0
1421 1428 1429 0
1422 1420 1423 0
1423 437 1431 0
1423 1420 1424 0
1423 1424 1425 0
1424 439 1425 0
1424 1420 1426 0
1426 1420 1427 0
1427 1421 1429 0
1428 397 1849 0
1428 398 1429 0
1430 445 1433 0
1430 1418 1431 0
1432 446 1435 0
1432 1406 1433 0
1433 445 1602 0
1434 1400 1435 0
1436 1437 1492 0
1436 1444 1445 0
1437 456 1438 0
1437 1436 1439 0
1437 1438 1492 0
1438 1396 1492 0
1439 1436 1445 0
1440 1444 1448 0
1440 1448 1449 0
1440 1449 1601 0
1442 1486 1488 0
1442 1488 1518 0
1442 1518 1520 0
1442 1520 1524 0
1442 1524 1566 0
1443 1444 1490 0
1443 1489 1600 0
1444 1436 1490 0
1444 1440 1445 0
1444 1443 1448 0
1445 1440 1601 0
1446 1398 1601 0
1446 1449 1451 0
1446 1451 1482 0
1447 1448 1485 0
1447 1484 1565 0
1447 1564 1736 0
1448 1443 1485 0
1448 1447 1449 0
1449 1446 1601 0
1449 1447 1453 0
1450 1451 1453 0
1450 1453 1456 0
1450 1456 1458 0
1450 1458 1475 0
1451 1449 1453 0
1451 1450 1475 0
1451 1452 1482 0
1452 1451 1475 0
1452 1475 1476 0
1452 1476 1483 0
1453 1447 1736 0
1454 1460 1461 0
1454 1461 1735 0
1455 1456 1736 0
1455 1563 1735 0
1456 1453 1736 0
1456 1455 1461 0
1457 1458 1460 0
1457 1460 1468 0
1457 1468 1469 0
1457 1469 1474 0
1458 1456 1460 0
1458 1457 1459 0
1458 1459 1475 0
1459 348 1476 0
1459 1457 1474 0
1460 1454 1463 0
1460 1456 1461 0
1460 1463 1468 0
1461 1455 1735 0
1462 1463 1464 0
1462 1464 1471 0
1463 1454 1590 0
1463 1462 1468 0
1464 356 1471 0
1464 1463 1466 0
1464 1466 1467 0
1465 1466 1590 0
1465 1581 1582 0
1466 1463 1590 0
1466 1465 1467 0
1467 1465 1481 0
1467 1481 1661 0
1467 1661 1662 0
1468 1462 1469 0
1469 362 1474 0
1469 1462 1470 0
1470 1462 1471 0
1471 356 1472 0
1472 356 1658 0
1473 1477 1662 0
1473 1654 1656 0
1473 1656 1658 0
1474 362 1858 0
1475 1459 1476 0
1476 350 1483 0
1477 1467 1662 0
1477 1473 1658 0
1478 1571 1574 0
1478 1575 1576 0
1479 1577 1578 0
1479 1584 1585 0
1480 1481 1582 0
1480 1582 1583 0
1480 1583 1585 0
1480 1585 1665 0
1481 1465 1582 0
1481 1480 1661 0
1482 1452 1483 0
1484 1447 1485 0
1484 1485 1486 0
1484 1486 1561 0
1484 1561 1565 0
1485 1443 1488 0
1486 1442 1561 0
1486 1485 1488 0
1487 1488 1600 0
1487 1517 1518 0
1488 1443 1600 0
1488 1487 1518 0
1489 1443 1490 0
1489 1490 1491 0
1489 1491 1599 0
1489 1599 1600 0
1490 1436 1491 0
1491 1395 1599 0
1491 1396 1493 0
1491 1436 1492 0
1493 1396 1496 0
1493 1496 1507 0
1494 1496 1501 0
1494 1501 1502 0
1494 1502 1505 0
1494 1505 1508 0
1496 1396 1497 0
1496 1494 1507 0
1496 1497 1498 0
1496 1498 1501 0
1497 453 1500 0
1498 1497 1500 0
1498 1499 1503 0
1499 491 1503 0
1499 1498 1500 0
1501 1498 1503 0
1502 491 1506 0
1502 1501 1503 0
1504 1495 1505 0
1504 1505 1506 0
1505 1495 1508 0
1505 1502 1506 0
1507 1494 1508 0
1507 1508 1510 0
1507 1510 1598 0
1508 1511 1512 0
1509 1510 1512 0
1509 1512 1521 0
1509 1516 1598 0
1510 1508 1512 0
1510 1509 1598 0
1511 343 1512 0
1511 1508 1495 0
1512 343 1521 0
1513 1516 1517 0
1513 1517 1600 0
1514 1525 1597 0
1514 1528 1535 0
1515 1516 1521 0
1515 1522 1597 0
1516 1509 1521 0
1516 1513 1598 0
1516 1515 1517 0
1517 1487 1600 0
1517 1515 1526 0
1517 1526 1527 0
1518 1517 1527 0
1519 1520 1525 0
1519 1525 1535 0
1519 1529 1534 0
1520 1518 1527 0
1520 1519 1524 0
1522 1514 1597 0
1522 1515 1521 0
1522 1521 343 0
1523 1539 1541 0
1523 1541 1558 0
1523 1558 1560 0
1523 1560 1566 0
1524 1519 1534 0
1524 1534 1539 0
1524 1539 1566 0
1525 1514 1535 0
1525 1520 1526 0
1525 1526 1597 0
1526 1515 1597 0
1526 1520 1527 0
1528 1441 1529 0
1528 1529 1535 0
1529 1441 1532 0
1529 1519 1535 0
1529 1532 1534 0
1530 1532 1537 0
1530 1537 1542 0
1531 1554 1555 0
1532 1530 1534 0
1532 1533 1537 0
1533 1532 1441 0
1533 1536 1537 0
1534 1530 1539 0
1536 1538 1555 0
1537 1536 1542 0
1538 1531 1555 0
1538 1536 1533 0
1539 1523 1566 0
1539 1530 1542 0
1540 1541 1543 0
1540 1543 1594 0
1540 1568 1569 0
1541 1539 1542 0
1541 1540 1569 0
1541 1542 1543 0
1541 1557 1558 0
1542 1536 1546 0
1543 1542 1546 0
1543 1546 1594 0
1544 1573 1593 0
1545 1546 1548 0
1545 1548 1553 0
1545 1553 1593 0
1545 1593 1594 0
1546 1536 1555 0
1546 1545 1594 0
1547 1550 1552 0
1548 1546 1555 0
1548 1547 1552 0
1548 1552 1553 0
1548 1554 1547 0
1549 1544 1553 0
1550 1551 1552 0
1551 1549 1552 0
1551 1550 2 0
1552 1549 1553 0
1553 1544 1593 0
1554 1548 1555 0
1556 1562 1596 0
1556 1570 1591 0
1556 1591 1592 0
1557 1541 1569 0
1557 1569 1570 0
1557 1570 1595 0
1557 1595 1596 0
1558 1557 1596 0
1559 1560 1562 0
1559 1562 1563 0
1559 1563 1564 0
1559 1564 1565 0
1560 1558 1596 0
1560 1559 1561 0
1560 1561 1566 0
1561 1442 1566 0
1561 1559 1565 0
1562 1556 1592 0
1562 1560 1596 0
1563 1455 1564 0
1563 1562 1592 0
1563 1592 1735 0
1564 1447 1565 0
1564 1455 1736 0
1567 1568 1571 0
1567 1571 1576 0
1567 1576 1577 0
1567 1577 1587 0
1568 1540 1574 0
1568 1567 1570 0
1569 1568 1570 0
1570 1556 1595 0
1570 1567 1587 0
1570 1587 1591 0
1571 1478 1576 0
1571 1568 1574 0
1572 1478 1574 0
1572 1573 1478 0
1572 1574 1594 0
1573 1572 1593 0
1574 1540 1594 0
1576 1575 1578 0
1577 1479 1583 0
1577 1576 1578 0
1577 1583 1586 0
1577 1586 1587 0
1578 1579 1479 0
1579 1578 1575 0
1580 1581 1589 0
1580 1589 1591 0
1581 1465 1589 0
1581 1580 1586 0
1582 1581 1583 0
1583 1479 1585 0
1583 1581 1586 0
1584 320 1665 0
1585 1584 1665 0
1586 1580 1587 0
1587 1580 1591 0
1588 1589 1590 0
1588 1590 1735 0
1589 1465 1590 0
1589 1588 1591 0
1590 1454 1735 0
1591 1588 1592 0
1592 1588 1735 0
1593 1572 1594 0
1595 1556 1596 0
1598 1513 1599 0
1599 1513 1600 0
1605 370 1606 0
1605 1606 1607 0
1606 21 1607 0
1608 334 1611 0
1608 1611 1612 0
1608 1612 1687 0
1609 1619 1620 0
1609 1620 1647 0
1610 1611 1644 0
1610 1617 1618 0
1610 1644 1652 0
1611 334 1643 0
1611 1610 1618 0
1611 1643 1644 0
1612 319 1687 0
1612 1611 1618 0
1613 1614 1617 0
1613 1617 1620 0
1613 1620 1641 0
1614 1612 1618 0
1614 1613 1616 0
1614 1616 1623 0
1615 1616 1629 0
1615 1629 1632 0
1615 1632 1633 0
1616 1613 1628 0
1616 1615 1621 0
1616 1621 1623 0
1616 1628 1629 0
1617 1610 1647 0
1617 1614 1618 0
1619 6 1641 0
1620 1617 1647 0
1620 1619 1641 0
1621 1615 1622 0
1621 1622 1682 0
1622 324 1682 0
1622 1615 1633 0
1622 1633 1667 0
1623 1621 1624 0
1624 333 1687 0
1624 1621 1682 0
1624 1625 1626 0
1625 322 1626 0
1625 1624 1682 0
1626 322 1686 0
1627 1628 1640 0
1627 1640 1732 0
1627 1732 1733 0
1628 1613 1641 0
1628 1627 1629 0
1629 1627 1631 0
1629 1631 1632 0
1630 108 1635 0
1630 1631 1636 0
1631 1627 1733 0
1631 1630 1632 0
1632 1630 1633 0
1633 1630 1635 0
1633 1635 1667 0
1634 108 1671 0
1635 1634 1666 0
1635 1666 1667 0
1636 1631 1639 0
1636 1639 1724 0
1636 1724 1728 0
1637 1727 1729 0
1637 1729 1734 0
1638 1639 1733 0
1638 1733 1734 0
1639 1631 1733 0
1639 1638 1724 0
1640 6 1732 0
1640 1628 1641 0
1642 1643 1651 0
1642 1651 1653 0
1643 334 1651 0
1643 1642 1644 0
1644 1642 1645 0
1644 1645 1652 0
1645 321 1652 0
1645 1642 1649 0
1646 1609 1647 0
1646 1647 1652 0
1647 1610 1652 0
1648 1650 1657 0
1648 1655 1663 0
1649 1642 1653 0
1649 1650 321 0
1649 1653 1657 0
1650 1649 1657 0
1651 334 1722 0
1653 1651 1654 0
1653 1654 1655 0
1653 1655 1657 0
1654 1473 1655 0
1654 1651 1656 0
1655 1473 1662 0
1655 1648 1657 0
1655 1662 1663 0
1656 361 1658 0
1656 1651 1722 0
1659 1648 1663 0
1660 1661 1665 0
1661 1480 1665 0
1661 1660 1662 0
1662 1660 1663 0
1663 1664 1659 0
1664 1660 1665 0
1664 1663 1660 0
1666 1634 1668 0
1666 1668 1679 0
1666 1679 1723 0
1667 1666 1723 0
1668 20 1679 0
1668 1634 1670 0
1669 20 1670 0
1669 1670 1671 0
1669 1671 1672 0
1669 1672 1677 0
1669 1677 1678 0
1669 1678 1861 0
1670 1634 1671 0
1671 108 1675 0
1672 45 1677 0
1672 1671 1675 0
1673 1672 1674 0
1674 110 1676 0
1674 1672 1675 0
1675 108 1728 0
1677 44 1678 0
1678 35 1861 0
1679 20 1681 0
1679 310 1723 0
1680 1679 1681 0
1681 20 1861 0
1683 331 1859 0
1683 359 1685 0
1683 1608 1684 0
1684 333 1686 0
1684 1608 1687 0
1685 359 1722 0
1688 25 1690 0
1688 317 1689 0
1690 25 1691 0
1690 1691 1694 0
1691 280 1694 0
1692 1690 1693 0
1693 1690 1694 0
1696 30 1721 0
1697 252 1698 0
1701 52 1702 0
1701 60 1710 0
1701 1702 1703 0
1701 1703 1704 0
1702 97 1703 0
1703 97 1705 0
1703 205 1704 0
1705 97 1707 0
1706 67 1872 0
1706 1705 1707 0
1707 97 1708 0
1709 1706 1872 0
1711 23 1720 0
1712 26 1721 0
1712 1711 1719 0
1713 1712 1719 0
1713 1714 1716 0
1714 219 1715 0
1714 1713 1717 0
1714 1715 1716 0
1715 246 1716 0
1717 1713 1718 0
1718 1713 1719 0
1719 1711 1720 0
1724 109 1728 0
1724 1638 1729 0
1724 1729 1730 0
1725 1724 1730 0
1726 1725 1730 0
1726 1727 48 0
1727 1726 1729 0
1729 1638 1734 0
1729 1726 1730 0
1731 1637 1734 0
1732 1731 1734 0
1733 1732 1734 0
1737 1747 1748 0
1737 1748 1753 0
1738 1334 1748 0
1738 1742 1746 0
1739 1740 1741 0
1739 1741 1742 0
1739 1742 1747 0
1739 1747 1749 0
1740 556 1741 0
1740 1739 1749 0
1741 593 1744 0
1742 1738 1747 0
1742 1741 1743 0
1742 1743 1746 0
1743 587 1746 0
1743 1741 1744 0
1743 1744 1745 0
1744 584 1745 0
1744 593 1754 0
1747 1737 1749 0
1747 1738 1748 0
1748 1334 1755 0
1749 1737 1750 0
1749 1750 1752 0
1750 1380 1752 0
1750 1737 1751 0
1750 1751 1775 0
1751 1737 1753 0
1751 1753 1772 0
1751 1772 1774 0
1751 1774 1775 0
1753 1332 1772 0
1753 1748 1755 0
1755 1334 1757 0
1755 1757 1764 0
1756 1757 1760 0
1756 1760 1761 0
1756 1761 1766 0
1757 1334 1758 0
1757 1756 1764 0
1757 1758 1760 0
1758 1324 1759 0
1758 1759 1760 0
1759 708 1763 0
1760 1759 1763 0
1761 1320 1762 0
1761 1760 1763 0
1761 1762 1766 0
1762 1302 1766 0
1764 1756 1765 0
1764 1765 1771 0
1765 1302 1767 0
1765 1756 1766 0
1765 1767 1769 0
1765 1769 1771 0
1767 1770 1769 0
1767 1794 555 0
1768 1776 1778 0
1769 1768 1778 0
1769 1770 1768 0
1770 1767 555 0
1771 1769 1778 0
1772 1771 1778 0
1773 1774 1776 0
1773 1776 1779 0
1773 1779 1875 0
1773 1875 1877 0
1774 1772 1776 0
1774 1773 1775 0
1775 1773 1877 0
1775 1877 1896 0
1776 1772 1778 0
1776 1777 1779 0
1777 1333 1779 0
1777 1776 1768 0
1779 1333 1875 0
1780 678 1786 0
1780 1342 1781 0
1780 1781 1788 0
1781 682 1788 0
1781 1342 1784 0
1782 1102 1791 0
1782 1781 1783 0
1783 1781 1784 0
1785 1782 1791 0
1785 1791 1792 0
1787 1780 1788 0
1787 1788 1789 0
1788 682 1789 0
1790 1112 1792 0
1791 1790 1792 0
1793 1299 1283 0
1793 1303 1299 0
1794 1302 1793 0
1794 1767 1302 0
1795 1796 1798 0
1795 1798 1801 0
1795 1801 1803 0
1795 1803 1805 0
1796 1147 1798 0
1796 1795 1805 0
1797 1133 1802 0
1797 1798 1800 0
1798 1147 1799 0
1798 1797 1801 0
1798 1799 1800 0
1799 1132 1800 0
1799 1147 1810 0
1801 186 1803 0
1801 1797 1802 0
1802 1131 1804 0
1803 209 1805 0
1805 209 1806 0
1807 1809 1811 0
1807 1822 1836 0
1809 195 1824 0
1809 1807 1810 0
1810 1807 1836 0
1811 1809 1819 0
1811 1819 1820 0
1812 1813 1817 0
1812 1817 1819 0
1812 1819 1825 0
1813 1812 1814 0
1814 1812 1825 0
1814 1815 1813 0
1814 1816 1832 0
1815 1814 57 0
1816 154 1831 0
1816 1814 1825 0
1816 1823 1826 0
1816 1831 1832 0
1817 1808 1820 0
1817 1818 1808 0
1818 1817 1813 0
1819 1809 1824 0
1819 1817 1820 0
1819 1824 1825 0
1820 1821 1811 0
1821 1807 1811 0
1821 1820 1808 0
1822 196 1836 0
1822 1807 1821 0
1823 195 1827 0
1823 1816 1825 0
1824 1823 1825 0
1826 1823 1827 0
1826 1827 1828 0
1826 1828 1864 0
1827 195 1830 0
1827 197 1829 0
1828 200 1864 0
1828 1827 1829 0
1831 155 1835 0
1832 1831 1835 0
1832 1833 57 0
1833 1832 1835 0
1834 155 149 0
1834 1833 1835 0
1841 551 1842 0
1843 507 1846 0
1844 1843 1846 0
1845 1844 1846 0
1847 353 1853 0
1847 394 1850 0
1847 1850 1851 0
1847 1851 1856 0
1848 1416 1851 0
1848 1849 1852 0
1849 397 1852 0
1849 1848 1850 0
1850 1848 1851 0
1851 351 1856 0
1853 353 1855 0
1854 1853 1855 0
1856 351 1857 0
1859 336 1860 0
1862 58 1868 0
1862 1868 1869 0
1863 1864 1869 0
1863 1868 1870 0
1864 200 1869 0
1864 1863 1865 0
1865 1863 1866 0
1865 1866 1867 0
1866 156 1867 0
1866 1863 1870 0
1868 58 1871 0
1868 1863 1869 0
1870 1868 1871 0
1873 1885 1887 0
1874 1875 1878 0
1874 1878 1887 0
1874 1879 1896 0
1874 1887 1889 0
1875 1874 1877 0
1875 1876 1878 0
1876 1873 1878 0
1876 1875 1333 0
1877 1874 1896 0
1878 1873 1887 0
1879 1874 1889 0
1879 1889 1892 0
1879 1892 1897 0
1880 1881 1882 0
1880 1882 1890 0
1880 1888 1893 0
1881 1880 1893 0
1882 1883 1894 0
1883 1882 1881 0
1884 1881 1893 0
1885 1 1893 0
1885 1886 1 0
1886 1885 1873 0
1887 1885 1888 0
1887 1888 1889 0
1888 1880 1890 0
1888 1885 1893 0
1889 1888 1890 0
1889 1890 1892 0
1890 1882 1891 0
1890 1891 1892 0
1891 1385 1892 0
1891 1882 1894 0
1892 1385 1897 0
1894 1895 557 0
1895 1894 1883 0
1896 1879 1897 0

End
