MeshVersionFormatted 1

Dimension
2

Vertices
2924
0.0 0.0 1
1.0 0.0 1
1.0 1.0 1
0.0 1.0 1
0.5 0.0 1
1.0 0.5 1
0.5 1.0 1
0.25 0.5 0
0.0 0.5 1
0.0 0.75 1
0.25 1.0 1
0.375 0.75 0
0.7291666666666666 0.7291666666666666 0
0.538690476190476 0.5119047619047622 0
0.3910557644110273 0.5857221177944861 0
0.5316602518200254 0.6823877028881726 0
0.654972415227055 0.6020863169829342 0
0.7650644656186915 0.3400724474862056 0
0.6749052114385818 0.45632563128933656 0
0.8276068351983819 0.5514508511724192 0
0.7854616148589596 0.44897904494922575 0
0.7352910988334793 0.5295162491877469 0
0.7601325780042659 0.6301974255277039 0
0.7736121155384761 0.5734663558598555 0
0.7140392862560221 0.5867276498891941 0
0.6987346194295964 0.6491284537217925 0
0.6895479488246486 0.6137980513830927 0
0.6614100503901603 0.639974082968478 0
0.6825426634382137 0.6344791454007385 0
0.668757539332636 0.6182827311918356 0
0.7244735266878868 0.623576211854637 0
0.7477968640191492 0.5972994768463565 0
0.7275379409771011 0.6028068862470389 0
0.7077852822112207 0.6056836746037286 0
0.7440524615192441 0.6174652421404618 0
0.7784245976346679 0.6045767534299857 0
0.7609180636003269 0.6101663514091817 0
0.8093385144479363 0.5838672436854193 0
0.7890475372146447 0.5870060645387796 0
0.8461816555446715 0.6722924572655464 0
1.0 0.75 1
0.8066631635324238 0.6440780127382931 0
0.7857760572708267 0.629165548447653 0
0.7744599880071019 0.667099341934187 0
0.7866172891533374 0.6500712481230905 0
0.7668585643477842 0.6488183308580394 0
0.7329089543771372 0.6736557903602249 0
0.7528907130161575 0.6653471791876399 0
0.7338538591269794 0.6477464072102704 0
0.7504886011808156 0.644206076320532 0
0.7568929899769572 0.7031542656759722 0
0.762274390198252 0.6834692032166937 0
0.7440791823694759 0.689073192585569 0
0.7363181591079035 0.7090065740472075 0
0.6822847734430002 0.7011875246583293 0
0.7085204509445138 0.7104942403011737 0
0.8080482880796686 0.7065607347428248 0
0.8050996792654932 0.6753693860534498 0
0.7911492529771491 0.6661608014829201 0
0.7828165438698105 0.6996630114485488 0
0.7766705448017217 0.752017724478443 0
0.75 1.0 1
0.7889243874510482 0.7269181210436916 0
0.7718772869495526 0.7164264240004975 0
0.7513883493929712 0.7257009884799971 0
0.7679732168267056 0.7350706207883417 0
0.7448359383389436 0.7566621594042892 0
0.7600937704306363 0.749819692537294 0
0.7645121564511941 0.7801048795214776 0
0.7422273629529199 0.7399361590449001 0
0.7930922457916217 0.7116721723348663 0
0.7985455710083456 0.6917240095728378 0
0.7159926187023151 0.6407729378335939 0
0.7155243995929728 0.6618064765917796 0
0.6919237340565898 0.6756048027934298 0
0.7052969255378422 0.6248085163365422 0
0.8122551370269 0.6141616598473322 0
0.801432839300518 0.5999159781111978 0
0.7922750420590743 0.6138291554411113 0
0.8025038666363822 0.6278197526254757 0
0.8427332851469864 0.6353394473833697 0
0.847856155783261 0.5954465309259404 0
0.8262309421850669 0.5975285181119054 0
0.8327467074876437 0.6171913898911737 0
0.8233586199951617 0.6341792535780723 0
0.826360767582867 0.6582715736548406 0
0.8349487713927023 0.5747294593582007 0
0.8178694183378653 0.5673190810688806 0
0.7949511350083586 0.5647077636500717 0
0.771100982062229 0.5369743645440935 0
0.7784188187847697 0.5548031955433486 0
0.8015901780120965 0.5348763030831191 0
0.8094565270641165 0.5512348149231759 0
0.7483009656288908 0.5567488394995143 0
0.8067668472292148 0.5628839732266868 0
0.9175902446397466 0.5376206215471376 0
1.0 0.625 1
0.8734080329646067 0.5498025284616009 0
0.861040267525891 0.5728530282847004 0
0.9061087731802556 0.582191356140393 0
0.8849584422503317 0.5708431279501174 0
0.8805413421563187 0.6044591703044453 0
0.8891112142795398 0.588487017789175 0
0.8705426590296939 0.5888092059275931 0
0.8573628833138442 0.5858505941031439 0
0.9053453670208665 0.5582305145633872 0
0.8937603147458026 0.5374050834949469 0
0.8490269576603582 0.48687290671128386 0
0.866861515638248 0.5161510321948308 0
0.906067206989495 0.49418129269019256 0
0.9058564266097088 0.5174852133769356 0
0.9483368988088446 0.5062165291354475 0
0.9255473764816405 0.5060104014097396 0
0.936765514769823 0.5256409254878569 0
1.0 0.5625 1
0.9739006842343958 0.5346040486116339 0
1.0 0.53125 1
0.9567215058672315 0.5243701722658893 0
0.9487944080013944 0.5572129792367065 0
0.957845375863736 0.5420194996548133 0
0.9741719506836569 0.5620381019034351 0
0.9770280454444014 0.5098183579611729 0
1.0 0.25 1
1.0 0.375 1
1.0 0.4375 1
0.9730593620421866 0.46875 0
1.0 0.46875 1
0.9347767951628165 0.4688568796259887 0
0.924369985752513 0.4859948074269418 0
0.9444779412651765 0.4864764604622732 0
0.9539208520274719 0.46979683613181095 0
0.9614229110191337 0.4314804431707882 0
0.945384520135468 0.4482328675297639 0
0.9020905100595052 0.46073718071543873 0
0.9092926749812116 0.47683928399148096 0
0.8798697905129571 0.48033783388345525 0
0.922263268981529 0.44938070329737834 0
0.8627554365342656 0.36727053544626304 0
0.8877923613976204 0.41174417201723473 0
0.9006457494856243 0.4345759260625735 0
0.9301032845234386 0.41474789729445455 0
0.9088278592359136 0.4149358616079351 0
0.9196045713723345 0.43057504319033385 0
0.9379926572957656 0.43137686033867395 0
0.9189724952460031 0.35903120514504233 0
0.9026197328309842 0.38493654820903334 0
0.9001694524692789 0.4010856334465385 0
0.9496862588132136 0.4362976466123216 0
0.8587258393060269 0.443141347041641 0
0.8817053334805601 0.4487424352869441 0
0.8823406862200047 0.4298471081749508 0
0.8569245149005628 0.4123207114946363 0
0.8658933041171151 0.4636748487675481 0
0.8859547258627897 0.46484032232512756 0
0.9195412912914058 0.4648876706266406 0
0.9648868017681822 0.4508503014598628 0
0.9855129345963628 0.4522484624856462 0
1.0 0.453125 1
0.9809073071218711 0.43323508183186277 0
0.9741884631076075 0.3987849084861134 0
1.0 0.40625 1
1.0 0.421875 1
0.9725494954710459 0.4169848349660808 0
0.9518491492392394 0.4059469350517221 0
0.9527506083304439 0.37033804636583173 0
0.9317792157943658 0.3876229985568715 0
0.9193385864311658 0.4004685690478663 0
0.9374304635277395 0.40158638861538776 0
0.9585091428309827 0.3882996817285077 0
0.9776497219038148 0.37664321113987237 0
0.9841694035468885 0.3125 0
1.0 0.3125 1
1.0 0.28125 1
1.0 0.34375 1
0.9715405863780551 0.3484522872127644 0
0.9675866127058369 0.36406654045735665 0
1.0 0.359375 1
0.9815663936892124 0.4886538520668426 0
1.0 0.484375 1
0.9631132470219699 0.4860137590073379 0
0.9634659089925183 0.5017768077249851 0
0.9857398587183627 0.5235077247924597 0
1.0 0.546875 1
0.952327892335287 0.6077774121062296 0
0.9572234096632151 0.5820296314751029 0
0.9316495298211017 0.576876040581729 0
0.9240409676440209 0.6043368710959426 0
0.9022952260996132 0.6058460730069063 0
0.9180967534405828 0.6761073454922021 0
0.9155746586437618 0.6397670644444043 0
0.8898155773283504 0.630291441885913 0
0.9142530715067996 0.6207246208191232 0
0.9381803772893277 0.6286310959181024 0
0.9373584928150345 0.6128477081394248 0
0.9378527824953301 0.6564785740045741 0
0.9309527720293262 0.6424717370709482 0
0.9695526392875705 0.6346887974990251 0
1.0 0.6875 1
0.9551662322439325 0.6249287996040119 0
0.9526733809167411 0.6440862122562899 0
0.9668655871834342 0.6761178283025255 0
0.9700979088558751 0.655525818596604 0
1.0 0.65625 1
1.0 0.640625 1
0.9833929639983094 0.6447522645704173 0
0.9847465391717217 0.6683749029055943 0
0.9541992462212774 0.6635799033670222 0
0.9424785962959381 0.6880875972128592 0
0.9207758871148365 0.5886477504241221 0
0.9418193082335641 0.592440086148397 0
0.9459334101835589 0.5720245058075851 0
0.9277154493442066 0.5561396588957347 0
0.9389572509810549 0.5428833978528835 0
0.9168651294711977 0.5698560703902464 0
1.0 0.59375 1
0.9868024141407897 0.578125000000002 0
1.0 0.578125 1
0.9761010608574934 0.600549990561387 0
0.9726829322366952 0.5851529636204014 0
0.9618055906824622 0.5962401492859234 0
1.0 0.609375 1
0.886740758274301 0.5056594015143183 0
0.8832291348963998 0.5230848040519394 0
0.891045706148323 0.490898263652065 0
0.8693492357522254 0.49678556695017384 0
0.8895430399829567 0.5533861863683129 0
0.8505709834526655 0.5523925074556812 0
0.86015460348224 0.5349183094854857 0
0.8351465219365558 0.5153990321694341 0
0.8398528617994948 0.5351490786210564 0
0.8207625135494935 0.529262443458362 0
0.7997587189823532 0.49307613392161287 0
0.8058125627066414 0.513751093919057 0
0.8214129893977952 0.4979593321633953 0
0.7785247593478702 0.5105174528255741 0
0.7910256128062502 0.5217801413529238 0
0.8508796162145752 0.5210216102147511 0
0.8533676050173435 0.5037620225697484 0
0.8179621402347002 0.4628080037291726 0
0.8419772046050765 0.4605053542667673 0
0.8268778107965038 0.4294106697281732 0
0.8286381025334512 0.4477693127016337 0
0.8068319399249587 0.4405964518453522 0
0.8010828972337379 0.45737174051959056 0
0.8045984213976016 0.4753788734660778 0
0.7749033046946917 0.47676848659762366 0
0.7908034096352609 0.3883171232648573 0
0.7858132833213372 0.41844385640345455 0
0.7918300316566086 0.43378276957407935 0
0.8077466635886333 0.41868087229332923 0
0.7969286019208329 0.40480833012864054 0
0.8291460710457267 0.3908388915575965 0
0.8099072173463407 0.3906046724342008 0
0.8201171784405581 0.34221505987087125 0
0.8034086804855953 0.3639615832460504 0
0.82521223200092 0.40996014036042194 0
0.8405246050448028 0.4184454959891857 0
0.8314827834770647 0.4774373959637522 0
0.8175118548839584 0.483313592726506 0
0.8526514061316215 0.47177765327246207 0
0.8392717365198844 0.5474630770927333 0
0.8101964963234884 0.6599393036036862 0
0.826079477998174 0.679689752857427 0
0.8443767366707324 0.6538234862064415 0
0.8763970664287067 0.6600169126927223 0
0.8631097730868772 0.6428428151936209 0
0.8594679262683805 0.6616713483674103 0
0.870720010315332 0.6893675813747036 0
0.879796203045379 0.6436599413887202 0
0.8992657225863209 0.6562375679521231 0
0.8605009754851126 0.6185080409458725 0
0.8767681329642548 0.620394759810954 0
0.8622491928682865 0.6025520932157489 0
0.900458631790845 0.6411090468048479 0
0.8911306803959476 0.6780910805452406 0
0.9041273868165632 0.6704882429568783 0
0.907363736226738 0.7315832957397583 0
0.8935433342371667 0.7065681186332508 0
0.8859746355742143 0.6928686374124926 0
0.8507929622252067 0.7395510587163642 0
0.8207974523944443 0.7877945562909668 0
0.8118949180164158 0.7536735494708132 0
0.7946398120807985 0.7452494580869736 0
0.8128251957780537 0.7298841542183679 0
0.8298372187334124 0.7424622914537199 0
0.8324101107768049 0.7665428034726018 0
0.8153186943939218 0.7710021361857239 0
0.7928875981958503 0.7678351528241509 0
1.0 0.875 1
0.9022840351321167 0.8185228654982487 0
0.8636979459434961 0.7974381542328541 0
0.843628936374927 0.7864717857556757 0
0.8345220424153935 0.8269846988735006 0
0.8448780895509811 0.8080326082621793 0
0.8237118905594002 0.8087721874071132 0
0.7640629702475246 0.856491655793041 0
0.7972273150200214 0.8368067483130002 0
0.8144723100823572 0.8265708719637217 0
0.7902966057854949 0.8027233300985487 0
0.7982327693350072 0.8188559203915252 0
0.7665522515926362 0.8244223042011344 0
0.8079968825399242 0.8002642172550714 0
0.7969493215448512 0.7856770987382211 0
0.7797200797586437 0.788774268183682 0
0.7618590140921097 0.8024326823936145 0
0.8237725756936451 0.8618843646124881 0
0.8241644185775265 0.8428997486948943 0
0.8572100841605281 0.8530781637301355 0
0.8674245495314449 0.8260709529523208 0
0.8597882462568066 0.8125059187749417 0
0.8421405010284755 0.8432707754261718 0
0.6716311183745018 0.8331856404222547 0
0.7185712867660309 0.8231672162536019 0
0.7427129651078077 0.8180146660591915 0
0.7233945387408216 0.7866332091129523 0
0.7274762221991017 0.8057574651463377 0
0.7435302709015857 0.7923333508215135 0
0.7377710357641797 0.7742630550880646 0
0.7155643020997505 0.7551310401881478 0
0.6985351644734441 0.8019366410771223 0
0.7565013034283641 0.7904745088386125 0
0.7362302761667361 0.8467735731121476 0
0.7509342672460885 0.8349779720342209 0
0.7328423378678105 0.8308997798314581 0
0.775992634043156 0.8109117976415566 0
0.867764351643302 0.7661495898431587 0
0.8501244540726081 0.7696929424213702 0
0.7007985112008281 0.8548705093625393 0
0.7311395527927675 0.9060690700360646 0
0.7412641801049793 0.877072027726811 0
0.7216984605371678 0.8647553494537014 0
0.6958355352098189 0.8924012044767625 0
0.7043344453057007 0.8744315874895503 0
0.6720658399797547 0.8701644585965531 0
0.6875159795696032 0.8774717566561805 0
0.6683969951128063 0.8979087592686312 0
0.625 1.0 1
0.7165896419929103 0.8912224361097083 0
0.7324284774266697 0.8902530297653004 0
0.7621690606349467 0.9006372723311525 0
0.7633070988249973 0.8785726618104984 0
0.7994097125099278 0.8914963994419519 0
0.7873339763339999 0.8683417034060202 0
0.7794144150697424 0.8904650913168 0
0.875 1.0 1
0.7876980179963202 0.9242131563646881 0
0.7886326056563037 0.9060931030173811 0
0.8182810458740424 0.9167064249751462 0
0.8069245318321515 0.8728509958819828 0
0.8064252182594851 0.853658753206852 0
0.8302211022365392 0.8902163876450261 0
0.8146469113917114 0.8868004970537305 0
0.8862273720118725 0.9313964553067552 0
0.8538239197223015 0.9167910003632428 0
0.8360714225141263 0.9087892820342318 0
0.533913314619946 0.8660102049476888 0
0.6027782024717309 0.8751167451807325 0
0.6379312546546244 0.8797653069370074 0
0.6570602151171183 0.8822948782977145 0
0.6875 1.0 1
0.6923732820029899 0.9462552574980218 0
0.6868751100599312 0.9188634625870284 0
0.7091739685616448 0.9130427766775588 0
0.7017252436417521 0.9301303976226172 0
0.7338581013733142 0.9595409105052647 0
0.7145707042716015 0.9483547669232094 0
0.7009352724719866 0.974124925048288 0
0.7171129319904728 0.9661923523786592 0
0.71875 1.0 1
0.7332268103238238 0.9823555296002651 0
0.7024208394075737 0.9584185146926296 0
0.7365975101548388 0.9325966101410608 0
0.7194220650700058 0.9276773708609435 0
0.7655514554678752 0.9491517452648254 0
0.7553446785364122 0.9715514976259976 0
0.8152770665924516 0.9853352622986701 0
0.8125 1.0 1
0.78125 1.0 1
0.84375 1.0 1
0.7842879637775658 0.9712146213809623 0
0.7697371896853187 0.9645843469500239 0
0.7501325151374737 0.9556511883732022 0
0.7481832177660067 0.9849323683416941 0
0.7958140730944037 0.9869840691859048 0
0.796875 1.0 1
0.7893186118803919 0.9479551696051313 0
0.7768473307836306 0.9368801241113698 0
0.7688315005752403 0.9190327581668232 0
0.7488449239483839 0.9158672187146019 0
0.7553174479820339 0.9334534843290496 0
0.806370502181415 0.9638169715844511 0
0.8123684372235135 0.9402724844390344 0
0.804280293428339 0.9257184568829835 0
0.8439662573329803 0.9608582257783874 0
0.8246649937684353 0.9559412477879349 0
0.8303531607648874 0.9739541235111058 0
0.8398195508130486 0.9367944515176628 0
0.8251332198486596 0.9309503537697174 0
0.8642880225081483 0.9449671774614379 0
0.8685577899178238 0.9273502919340847 0
0.8872107544597116 0.8864974423733526 0
0.873485457108934 0.9049154162722557 0
0.8533582644756464 0.8931362081168276 0
0.8442573881014358 0.8721217788265871 0
0.8673040268446548 0.8746187052869167 0
0.894082162561745 0.8523626394879177 0
0.8757394670711215 0.8575305483375639 0
0.888891900824362 0.8690768447530526 0
0.9438524138736283 0.883172136392177 0
0.918195825709519 0.8690136232495163 0
0.8805400133627224 0.8394331081977395 0
0.8974604659101619 0.8352676052458112 0
0.9332609448525756 0.8365133411632422 0
0.9155168924092616 0.8314019051822314 0
0.9197675569679499 0.8500004111508792 0
0.9345810252947081 0.7985763182278763 0
0.9209333748076184 0.8125989018595426 0
0.9020458638050718 0.7805637385618318 0
0.9065120553150756 0.7995160264825804 0
0.8852973887482807 0.7945129746766002 0
0.8838836014690966 0.7757861367846539 0
0.8989430874026798 0.7554479602786612 0
0.9422535557866978 0.8590035539697165 0
0.8848156893846588 0.8221186284505135 0
0.8761478343668362 0.8081603508932163 0
1.0 0.8125 1
0.9703129512413494 0.8347411962582808 0
1.0 0.84375 1
0.9520930074690317 0.8420263592309913 0
0.9717483574983342 0.8647579028195872 0
0.952496691459835 0.816609649078865 0
0.9759720796037761 0.8113614728012558 0
1.0 0.828125 1
0.9838670093629421 0.8256472287002994 0
0.9553635621213205 0.8702734463174736 0
1.0 0.9375 1
1.0 0.90625 1
0.9713460886688549 0.8961224744235932 0
0.9334350089931835 0.8717241166087905 0
0.9218359151178304 0.8927427907900538 0
0.9057041224546225 0.8830736503311122 0
0.8789973608818172 0.7349921634723288 0
0.8940224854785037 0.7402937799086386 0
0.9324368215529052 0.7640597261454511 0
0.918475027397962 0.7489218613142484 0
0.9142582256988363 0.7668185359227679 0
0.9208556943442047 0.7849780982472377 0
0.9558057630887496 0.7284988540421935 0
0.9314776870377437 0.7283596262456956 0
0.9435417501008144 0.7458984420590035 0
0.9690993753730309 0.7740017104696597 0
0.9675123306961105 0.7497720781946725 0
0.952219068263513 0.7636800502045774 0
0.9426519218335027 0.78075005037315 0
0.9600471032671946 0.7952556114813744 0
0.9836790360333699 0.7608799484582611 0
1.0 0.78125 1
1.0 0.796875 1
0.9437467789607087 0.7100725666108589 0
0.9187670606250038 0.7065725574022981 0
0.972209667340268 0.704604295466623 0
1.0 0.71875 1
0.9562460873119252 0.698322493874929 0
0.9791956979300489 0.7294851193018413 0
1.0 0.734375 1
0.9846516623321739 0.7145320154281815 0
0.9679122681846689 0.7192320977222189 0
0.9061535509613331 0.7159265586359437 0
0.8384935714688585 0.8580415248580534 0
0.8984606464287498 0.9092041141108979 0
0.9423926299268298 0.9478890147975334 0
0.9375 1.0 1
0.9448472106940019 0.9155694784757787 0
0.9378917898916248 0.8995691082737558 0
0.916138265675976 0.933416596602134 0
0.9245241927138765 0.9148920116167492 0
0.9267929418134508 0.903378900649893 0
0.901653853366212 0.9254322298790111 0
0.8844469315872118 0.9159471109303362 0
0.8694591588415589 0.9725195697106321 0
0.8857811435554029 0.9551947331343408 0
0.8597343417811539 0.9600832945995504 0
0.9158275815362384 0.9650303928394882 0
0.8944028064286828 0.979668339073161 0
0.90625 1.0 1
0.9122959990961518 0.9828595244304749 0
0.890625 1.0 1
0.8994925822571921 0.9641198513913753 0
0.9018352249494568 0.945526075882367 0
0.9244948419207961 0.9493071454788339 0
0.8794337916791358 0.9848072094998747 0
0.8504108926544851 0.9804653167479093 0
0.859375 1.0 1
0.9345636011539122 0.9310414438599821 0
0.9258262345283648 0.6911772586401614 0
0.9802367488903494 0.7912649112534902 0
0.9851398439873819 0.776432910495589 0
0.8708764653526482 0.7129023389425058 0
0.8634254854726968 0.7281792043026809 0
0.8402355860335714 0.7074133387365514 0
0.8306093954902677 0.7236244051314347 0
0.8474659619828032 0.7226703292132978 0
0.8411001351514394 0.6894959251222437 0
0.8571561358935563 0.7012256505157095 0
0.8666527488063284 0.7481452304469807 0
0.8817914098612398 0.7562470533044702 0
0.9783607450863289 0.9218749999999991 0
0.9628165606670636 0.9122774218756695 0
0.9572840998886553 0.9327670038636757 0
1.0 0.96875 1
0.9703846106448102 0.9605610195142406 0
0.9587202651557908 0.9490745015349951 0
1.0 0.953125 1
0.9800146325204471 0.9423812462287293 0
0.9471551802965601 0.9746213380157726 0
0.9331708265271202 0.9643401706117853 0
0.96875 1.0 1
0.9807437344605789 0.9807437344605762 0
0.9641643633053876 0.9765035241587875 0
0.984375 1.0 1
1.0 0.984375 1
0.953125 1.0 1
0.9307060887455061 0.9828893290873504 0
1.0 0.921875 1
0.983770221038066 0.9065699145574069 0
0.9819968153332733 0.880574210705358 0
0.9360359703498061 0.8199482855759171 0
1.0 0.859375 1
0.9821300248212597 0.8492187749264024 0
0.7355552699967343 0.9189857989794883 0
0.7699661530889933 0.9842561201899531 0
0.703125 1.0 1
0.65625 1.0 1
0.6681099924528484 0.9689593345312468 0
0.6619931258915746 0.9381055601032886 0
0.6792029849265614 0.9346511401064388 0
0.6753138863825754 0.9523411297037768 0
0.6853090880965514 0.9665445159975093 0
0.6789571306641226 0.9837599695689144 0
0.6664913224495337 0.9182136709459359 0
0.643077355312203 0.9057743225563551 0
0.6836989301928108 0.9030397909336986 0
0.7470344438169018 0.8605459299426037 0
0.7167181262536021 0.842961669927267 0
0.695706087207243 0.8310105453845894 0
0.6849055426051386 0.8457891210933026 0
0.7037175771010515 0.8171155188780103 0
0.6821251501389157 0.8150144373172191 0
0.6501488335288687 0.7580560276020601 0
0.638600315618673 0.8019942574122222 0
0.6588175015807718 0.8136698625137091 0
0.6721274034240448 0.7856347297328058 0
0.6824032506925478 0.7985288594378274 0
0.6952124387303078 0.7777790240477582 0
0.6762231403356982 0.7598235218834617 0
0.6623781459036222 0.770857151253728 0
0.6409179846617687 0.7791166286530479 0
0.5544013168490759 0.78190807796316 0
0.5978466919986043 0.7863094082806352 0
0.6147716222083385 0.7551034553003144 0
0.6319548691621201 0.7626348621814565 0
0.6343638592420804 0.733770759149198 0
0.6158960161975865 0.7759059820557949 0
0.6166885793806197 0.7981399956843322 0
0.5824794827994567 0.8317033490882523 0
0.6211628179435145 0.8369156249777099 0
0.6246901218933708 0.8168626656206865 0
0.6006897034226262 0.8160486173359641 0
0.6431744030159532 0.830450745017213 0
0.6383937404265754 0.8548784706406858 0
0.6546010497981677 0.8639064591359057 0
0.6674083655381658 0.8509254735879037 0
0.6518000207808774 0.8448204997186651 0
0.6168042270900765 0.8583424526261186 0
0.6205784190577779 0.8757494483103656 0
0.6105671709611387 0.9066934592053211 0
0.6254029276608768 0.8944017750526548 0
0.6094321155728561 0.8902244390817641 0
0.5643105483886054 0.9010782795700973 0
0.5879128568111743 0.8999811845764004 0
0.6005321765002777 0.8438757128639444 0
0.607340434275052 0.8300002602194092 0
0.5749412931812335 0.8753501767581423 0
0.5806668722557512 0.8538646649006152 0
0.5522101159346188 0.8403823537943433 0
0.5603576447562817 0.8599581967018048 0
0.5452535604676955 0.8547611298815645 0
0.5067013682868091 0.8272370976730954 0
0.5236234465840353 0.8442963249444294 0
0.4652967349859745 0.8852314848364118 0
0.49796110742472854 0.869752349747702 0
0.5023312378557704 0.8484947237103979 0
0.4423783292833517 0.8250916220812827 0
0.474356355041148 0.8316656460688866 0
0.4794475715934365 0.8548683303313104 0
0.49130920473346656 0.8351508030757521 0
0.4877774596939549 0.8093558179307696 0
0.5153510011738498 0.8622493365599836 0
0.5186301629982789 0.8937534903645222 0
0.5219257319040088 0.8774877302514191 0
0.5426353671172335 0.8901503965922584 0
0.556647848207941 0.8780780417956108 0
0.5362962078856234 0.9296839897952128 0
0.5457536254735857 0.9109254396722032 0
0.5257072630539587 0.9125820791432433 0
0.4866597741363007 0.9485881295076374 0
0.375 1.0 1
0.5096552428814718 0.9343500858833764 0
0.5705101265770334 0.9351701462750658 0
0.5619880088594408 0.9191102589656059 0
0.5818315506008687 0.9188714177341558 0
0.6131063813537806 0.9526769514500693 0
0.5937395824623422 0.9392243841725725 0
0.5625 1.0 1
0.5846541506063658 0.9729709512820743 0
0.59375 1.0 1
0.5952438328734864 0.9577256644486308 0
0.5750676240355047 0.9550114111305331 0
0.609765825517521 0.9791134784087294 0
0.5594351277763141 0.9748941377938461 0
0.5729635702972143 0.9859826210107533 0
0.578125 1.0 1
0.5498517437183245 0.9512725740706764 0
0.5263021784912537 0.9510093430031527 0
0.5061967108517804 0.9544530000820313 0
0.520858864192647 0.9796428334462091 0
0.53125 1.0 1
0.5407677409754019 0.9823111382010881 0
0.5326791074989903 0.9670557573414866 0
0.515625 1.0 1
0.5531240405045018 0.9341678166213793 0
0.6389068038780591 0.9738576812535044 0
0.6256113550721505 0.9835550923828301 0
0.5951446468566761 0.9844856740044511 0
0.609375 1.0 1
0.6148363532906981 0.9295195685511376 0
0.5995019175380237 0.9205752895427041 0
0.6367779976505396 0.9428020289720691 0
0.6465855868419567 0.9254208562000377 0
0.6295309705067236 0.9183297608388444 0
0.6295959122959109 0.9588951363004925 0
0.6522926725395736 0.9560619403355203 0
0.4623051291004851 0.8092240565473707 0
0.4589643422281882 0.8254746465748996 0
0.45001874154461785 0.853542256693083 0
0.4651094442833814 0.8458545452008144 0
0.47500212468503766 0.8168622913854688 0
0.4754306397293203 0.7340210476867435 0
0.4752303932638931 0.7727330286629943 0
0.4751243676498277 0.7932300773670277 0
0.5045939559367867 0.7831337168959694 0
0.48810041193092096 0.7830484003142212 0
0.4964696270086074 0.7594201589948179 0
0.44576080497692405 0.7828293891340586 0
0.4586308236439609 0.7931447607852795 0
0.4396749542526683 0.8036087809068188 0
0.40330059536789326 0.781674584079047 0
0.4057179570763739 0.8187934041312817 0
0.42500614839220435 0.8163662012130636 0
0.41975461112704604 0.7955158573859107 0
0.4015762766058637 0.8004250055908021 0
0.26274448661230987 0.8413797302324336 0
0.33349512018549093 0.8254269776448587 0
0.36917230964297043 0.8173825355290629 0
0.3746959034324529 0.788498547154449 0
0.3876330633212872 0.8132200309529626 0
0.3862151009616078 0.8499494275737877 0
0.3918164967052545 0.8317736041248692 0
0.41822297164365846 0.849862534918584 0
0.4269307546514096 0.8341909243285361 0
0.4085120416326116 0.8357199501014797 0
0.4247868696005795 0.7728330742382906 0
0.40391678482432775 0.7526437367106786 0
0.4099451631211717 0.7672936541566013 0
0.4778981832511053 0.7533903200111114 0
0.4456832975654208 0.7476525149782837 0
0.45996495955849304 0.7607722574981493 0
0.4620727741192776 0.7441446559040729 0
0.4459915907938838 0.7090514078663002 0
0.45012984852106586 0.7283862433196575 0
0.4188626769483302 0.7249681172485071 0
0.43361686967362667 0.7347213931504373 0
0.4267630948305317 0.7532122000588622 0
0.41563429009701314 0.7410981511577556 0
0.3914437957498646 0.7278683890341651 0
0.44126977147231666 0.7652507620432938 0
0.5289811041888477 0.7615301266381189 0
0.5122856815158626 0.7672500234986289 0
0.5098163181517131 0.8049862144547179 0
0.5296495940983006 0.7886961355621713 0
0.5360270084273986 0.816679288607102 0
0.5459724841740657 0.7996944065709778 0
0.5742888962117604 0.8022230310673416 0
0.5842426387023015 0.8153355232601931 0
0.5629763424270224 0.8211446414044511 0
0.5596523909687386 0.8063148790273895 0
0.5258442189697495 0.8042816768734972 0
0.5233953389960724 0.8275999690367283 0
0.5391647023928187 0.7748707622899117 0
0.5609731555742115 0.7476660885315403 0
0.5466960271533277 0.7585645601740971 0
0.5318587542042655 0.724326714392362 0
0.5350324990206754 0.7432851985854307 0
0.5100482305523968 0.7377227972925647 0
0.5040405912148405 0.7034884055827562 0
0.5138233594647842 0.7194159942581695 0
0.5278771290227987 0.7033755843831813 0
0.570333342440338 0.7061609647132664 0
0.5496499605029221 0.6964652967119082 0
0.49262875612455886 0.7214656814688027 0
0.4741390213625274 0.6971178313858829 0
0.46514355765723836 0.7150625655474643 0
0.48790647830442613 0.7058573061110535 0
0.46343598799777586 0.7282592950474415 0
0.5522829804750634 0.7177577311701899 0
0.5718073965109803 0.7283014027527971 0
0.6044871159756832 0.7150063817161061 0
0.5859450850243518 0.7162408629920846 0
0.5942031851139261 0.7402377885386371 0
0.5933528876862156 0.6876379814742756 0
0.5647515300164546 0.6586337627117048 0
0.5516752679877409 0.6753438729409957 0
0.5733076661686057 0.6788006245644509 0
0.5789074970665641 0.6932512167395943 0
0.5296109329990387 0.6446063598418597 0
0.5361537390515662 0.6631977185069038 0
0.5010597629320775 0.6651012703652067 0
0.49174552697748225 0.6845957786500921 0
0.5116271490445442 0.6821226050492806 0
0.5187037762893622 0.6659382576157986 0
0.45876836992301145 0.6568673314196561 0
0.4716661230404023 0.6750020867567401 0
0.48115750406138474 0.6545977209089422 0
0.4628150550195001 0.5852204768340258 0
0.466479077443437 0.6213651321166035 0
0.46840582852728124 0.640372044652408 0
0.4966181258233836 0.627911019176112 0
0.43826678014732445 0.6338261575929053 0
0.49810437574080146 0.6465938744098093 0
0.5132513204974839 0.6359883672662031 0
0.5324562983635963 0.5752761769895532 0
0.5183991816470972 0.6042231477396302 0
0.5307901896648783 0.622530970586138 0
0.5110612508058077 0.6193337051685072 0
0.48954181640240346 0.5995465325096176 0
0.5452685488205303 0.5993846797096816 0
0.44412255848402427 0.6809376177475833 0
0.4599498358435684 0.6875082847118665 0
0.4566186712390802 0.6720501652153595 0
0.6139032378482239 0.7346426833632398 0
0.593039864435803 0.7635096686448501 0
0.579197844514039 0.7511527139841804 0
0.566808630134022 0.7665376920992708 0
0.5814070310155267 0.7778687748840841 0
0.5690383260512571 0.7874710681185287 0
0.5689823854513419 0.8417541853600015 0
0.5887952026556545 0.8675363957933017 0
0.5756550445134359 0.8907054369465739 0
0.6577366581802762 0.8283439736788455 0
0.6650743699798511 0.7310821010466269 0
0.6639233853984567 0.7480615761266961 0
0.6545024079850991 0.7920490415458956 0
0.6671823503341522 0.8007593873873997 0
0.6809824164460657 0.7738092873187955 0
0.6959532646712077 0.757976485675813 0
0.7025318437360702 0.7343134372892877 0
0.6908372159526013 0.7187107570999709 0
0.7173531870195528 0.7395229824044928 0
0.7073522994403393 0.7884165821909772 0
0.6831200963448044 0.7406151898417807 0
0.6469453521861203 0.7007438369668644 0
0.6648780134128116 0.6800218454524893 0
0.6271641728934526 0.6655049545500945 0
0.6434050501369013 0.6795596919738118 0
0.6545515094925383 0.6607420394880318 0
0.6757817400746919 0.661776268842992 0
0.6195309503766071 0.6907363827881509 0
0.6270745057646618 0.712209762342958 0
0.643956274549267 0.7185150574981585 0
0.6082908699811147 0.6735655924888334 0
0.5997659270341498 0.6274797173047744 0
0.6091988965381921 0.6495662186667901 0
0.5882901530031042 0.6605455737110842 0
0.5927043972715371 0.6435532645417487 0
0.5676143335934432 0.6229426122564552 0
0.5490699087381913 0.6345766566677884 0
0.5658727549140792 0.6407633080531483 0
0.5507123559584789 0.6165979473868332 0
0.634309900464247 0.6393565697810957 0
0.6476937382117188 0.646960803710318 0
0.6475743463449278 0.6223475941622794 0
0.6211254918975971 0.6012089546123096 0
0.6274900098004137 0.6203614541477557 0
0.6379294300456982 0.6062586191709665 0
0.6387942266112954 0.572896460009286 0
0.633816884621323 0.5894597279194334 0
0.6059098887027834 0.5720440492780895 0
0.6113601170759765 0.6150877992865124 0
0.5867308005321731 0.603663858379878 0
0.6161029104383767 0.6335599452049752 0
0.6242768006402281 0.6506653343128692 0
0.5843642160461588 0.620434345601814 0
0.5800263376731816 0.6350630663717878 0
0.5659341251958898 0.6021593977150093 0
0.5782161481901967 0.5768728002610057 0
0.5552473083151735 0.5786228263381002 0
0.5639359202750004 0.5410532368007982 0
0.5467988982518032 0.5568794965686348 0
0.5663423015653498 0.5608502213566168 0
0.5914133196152633 0.5477580222773331 0
0.5420273496631447 0.5345214568630687 0
0.48425655342475005 0.531490467128787 0
0.5134474243032504 0.5271836379100129 0
0.5213797698802032 0.5518512863376009 0
0.5262415458206452 0.5366786694330924 0
0.5011267291489248 0.5447548103561608 0
0.5023756081385835 0.5736394593846518 0
0.5075235131602142 0.558947557325581 0
0.47698580091277193 0.5602679094330437 0
0.48560327301537654 0.5471379375995207 0
0.46233429319677005 0.5412589233466698 0
0.45334222062904056 0.5633406658390712 0
0.40673237978102317 0.5314885856964064 0
0.43347794867361494 0.5423798501167819 0
0.4481601408766397 0.5483586961153868 0
0.44549586212477027 0.47398723083703326 0
0.4598247085591396 0.5061438678014213 0
0.46744553061369987 0.5232464314516924 0
0.487219578718503 0.5041860253821461 0
0.44494685200630124 0.5230225539063139 0
0.4340026909919082 0.498379285751697 0
0.42372196566223497 0.5176967956367717 0
0.38119482770931473 0.4826695287111317 0
0.3989096498125689 0.5044917497710721 0
0.4164561704022382 0.5014355177613827 0
0.40852553709824524 0.5163371985603631 0
0.3362041629973364 0.5372933795774149 0
0.37088016543793484 0.5272454982542683 0
0.37603749657362534 0.5049575134827005 0
0.32361877716856474 0.4810873940464293 0
0.3522465103026367 0.4877117120792077 0
0.3532097157821224 0.5114159592170724 0
0.33424996030243076 0.5003146824422336 0
0.33618358877697263 0.5187534816926679 0
0.29207305804990835 0.5140584503611333 0
0.3128890324240926 0.5280492926429083 0
0.3110176753997163 0.5006075650558588 0
0.2808374867002618 0.4672976084010783 0
0.2892443369851039 0.49000788031810544 0
0.302924305387414 0.4720326997971689 0
0.25 0.0 1
0.3435852174722903 0.2284905120055584 0
0.31767885168895743 0.34933067242399096 0
0.3405068776656809 0.41431378163556437 0
0.30051923726638974 0.42937163906839826 0
0.2958756251629374 0.45103175288733516 0
0.3299932291996803 0.4470182507566822 0
0.31225090201075456 0.4432145548958644 0
0.3249311876210394 0.4273487653546658 0
0.30983551194058945 0.3934874245669294 0
0.32220540089357985 0.4082683832831313 0
0.34196911750312137 0.3791619880446078 0
0.3279423398808215 0.39090071791237574 0
0.32253090348990987 0.37018475014594765 0
0.28895912193339574 0.3670042949909361 0
0.3062773923055712 0.3629749082173251 0
0.2916003311499042 0.33912460653752347 0
0.30383011619829847 0.4110797560308933 0
0.28213583064952014 0.393852919277208 0
0.31935403299247866 0.46265853355431485 0
0.34221118488853114 0.46676819407829456 0
0.36370892197898747 0.4398148129103555 0
0.3481394169360074 0.44944661385351825 0
0.36562410454103383 0.4651059139997187 0
0.400653202229967 0.44973525160887673 0
0.3475963757439311 0.4311690952499393 0
0.36786995683875306 0.4127232323402133 0
0.38043806472713726 0.4512660540321479 0
0.39177262335430374 0.4667037687000239 0
0.40436140136344517 0.483894099326476 0
0.3887830256174655 0.42722438951325137 0
0.44111648613913185 0.32942024568225214 0
0.4093028639495852 0.37530075445895344 0
0.4369146748420868 0.41622920090849397 0
0.41431526816177217 0.4281460678633669 0
0.42833461078765994 0.45213519313746864 0
0.4318410770245222 0.4339949568367417 0
0.45599935893512833 0.44807371164921933 0
0.4151151516563073 0.44376965582191724 0
0.4146803947076489 0.40145106421300997 0
0.39024075640040945 0.4027914685782604 0
0.4019799268766509 0.4157518040714043 0
0.4018214081955135 0.39046730624385556 0
0.37509840188534127 0.36785668051884335 0
0.3835799878591973 0.38492946126185806 0
0.3623910293298112 0.3848127492843548 0
0.37291738218114806 0.39723939667091784 0
0.3480205243913802 0.39702002352726284 0
0.4217711080517713 0.41489804781399914 0
0.4012844684829491 0.43501732374564644 0
0.3731748323114456 0.4274033557529186 0
0.3659099787668926 0.4805362640090013 0
0.25868236414715895 0.43173024263107107 0
0.2746339725150515 0.446477852748231 0
0.2793114131599988 0.4254177890694353 0
0.2627084227075833 0.40802335817826035 0
0.2432240983334701 0.4644512805021798 0
0.26236425316108586 0.4614678598410084 0
0.2504386467653583 0.4478476585321554 0
0.0 0.25 1
0.0 0.375 1
0.1273154127874455 0.4042178077602914 0
0.19482862573077758 0.40923735731364835 0
0.21351661710828737 0.4416736571275305 0
0.23120837230991392 0.4493610174503362 0
0.2069379969938175 0.48101540505573936 0
0.22301721394559543 0.46821221766913923 0
0.22817115906034013 0.49118327989733906 0
0.2555321996285646 0.4805253803476721 0
0.26963509355307047 0.49505470370539845 0
0.23957052326046155 0.4799981289202269 0
0.1415542204377853 0.644807817447623 0
0.27527476847248317 0.65694311550935 0
0.30012747315341953 0.5942604450801774 0
0.27908135426952546 0.5558685994313975 0
0.3127745590488439 0.5623623829879477 0
0.31956795247303416 0.5452283105973919 0
0.29757499961805084 0.5438909732855295 0
0.2769265549326381 0.5322755005589047 0
0.2643239242673051 0.5154197365240313 0
0.2203967262993026 0.5418623619145568 0
0.24914330650696911 0.5399091194137163 0
0.2615375040497759 0.5306422897581761 0
0.23026107883266453 0.5174397444427264 0
0.23129619205022006 0.41488403526044254 0
0.23956785122892568 0.4321205250094427 0
0.2482865050988768 0.4173335121524796 0
0.24039575468592161 0.44316885067935846 0
0.27862921956044107 0.40944794751996527 0
0.25107157050677403 0.37166692366991605 0
0.2429656599158489 0.39409078954914095 0
0.20861851912397514 0.36899776459607375 0
0.2172016439327205 0.39330281334314615 0
0.23059607654759784 0.3769423409881336 0
0.2317998535145469 0.33924105588315706 0
0.23670191324220202 0.35826743584261644 0
0.2627653082464815 0.3447217396388223 0
0.26154858612841636 0.26137953138750514 0
0.21852361791883645 0.35280630383711004 0
0.13476500188373156 0.25755288009864635 0
0.15442368317758381 0.3247187210486345 0
0.18455142274435143 0.34314931488554185 0
0.20711398375901433 0.3283604415782817 0
0.20019049529500024 0.3527164911261673 0
0.17522389182649997 0.37596251395063984 0
0.1909497130357985 0.3678220207559795 0
0.19175421257072878 0.38863598778195413 0
0.20581945335969667 0.38365428503961446 0
0.26292246983311734 0.38791428603457817 0
0.27012368597515246 0.3702159556595624 0
0.3206782685436334 0.5137334433394012 0
0.18162957317125422 0.3140859530622339 0
0.1720615462672376 0.32972641615761145 0
0.1556180995199676 0.35407726968598324 0
0.14648735649730601 0.38198150270101694 0
0.159116298750076 0.370667924663469 0
0.08138310873151564 0.34523229337380745 0
0.11025551356748402 0.37012582306805936 0
0.13293680654372594 0.3621015463770216 0
0.13791099899896128 0.34009409023533094 0
0.11563228015153613 0.2996126683664187 0
0.13186755871985503 0.31704886936395754 0
0.15421882176570342 0.28831882445564677 0
0.13583616877071603 0.29707696278507306 0
0.15161948964343241 0.3065339784807104 0
0.16927915646942582 0.2997610002011878 0
0.20004792365834057 0.24363037608223514 0
0.18047114885524418 0.2693975717197368 0
0.1702359485081437 0.28286927032103326 0
0.19540758539572217 0.2913695905347795 0
0.1577948481138871 0.2627930974676477 0
0.13766794202146376 0.27725076222732037 0
0.17524579488938868 0.24510719771018408 0
0.18828050466041168 0.2550103932849344 0
0.21319970268119168 0.26900388474132997 0
0.17979736210786895 0.11254227799483682 0
0.18375684224874025 0.17903882331452042 0
0.18577193407027914 0.21288080253071653 0
0.18685480261390683 0.23106678014007653 0
0.10410378270671282 0.3266237733236333 0
0.11493255371166139 0.3472784409261567 0
0.12269581063834543 0.33176912747681214 0
0.11657153109140243 0.31773582530972716 0
0.09836878570197824 0.3427964740095401 0
0.12381006745549734 0.3082747635543438 0
0.054819021263889184 0.2896229816078595 0
0.0 0.3125 1
0.07492257256068956 0.31416906230243785 0
0.09527742635611283 0.3068908653344282 0
0.07812986832281359 0.29103667436454583 0
0.08626188155947545 0.32801415810644435 0
0.1968966973513162 0.27429444586770446 0
0.23012731807470324 0.3007296993240303 0
0.2147941331350129 0.2885320147382539 0
0.20771662877374192 0.3078219518446466 0
0.22544049700287808 0.3202252435176236 0
0.2543477964014159 0.3168635559965983 0
0.24072455827957318 0.32568514557078737 0
0.25555086499079344 0.28881041553347647 0
0.23525200059792564 0.2770325172562681 0
0.2509115716323829 0.2734249027103852 0
0.23746015308079796 0.25082688969140704 0
0.227797286200392 0.2632085181195443 0
0.2795490381823097 0.18752047947416478 0
0.26406340103459097 0.222869422835946 0
0.2558277928135334 0.2416687816081393 0
0.28588227355064566 0.2436314210032955 0
0.271210672058469 0.23720409742650558 0
0.28741397808522695 0.22017597394403604 0
0.23400892029747838 0.22090678344078915 0
0.20927264968448317 0.22060670048749123 0
0.24115619132135652 0.23524145803134955 0
0.2204223848716525 0.23855546620058898 0
0.2131806969563969 0.2529185193722574 0
0.20837002115350467 0.23360489019623443 0
0.22208515408285137 0.18412675686249075 0
0.20363894631153598 0.19813804934067417 0
0.2228011325208818 0.20421744703199995 0
0.2503828525913121 0.19317640547055373 0
0.23923176915584787 0.20529137468420808 0
0.20332078831996378 0.17857109947724106 0
0.22704298382517987 0.13291519238347685 0
0.21960392850866542 0.15804077972801686 0
0.2425112905636953 0.16902288738149948 0
0.23767568490477103 0.14972732049048273 0
0.2748130851393551 0.15067412704134817 0
0.2568659063376362 0.12582226353064976 0
0.24317092722200068 0.13448354771198529 0
0.2563048112788758 0.14783057319833273 0
0.2373931035051046 0.11019011511524546 0
0.20857140781411232 0.11078281089263771 0
0.1983534563345104 0.13808499629357757 0
0.1930720417185785 0.15928076326782167 0
0.1436609096163086 0.14806014686857658 0
0.16712803927566616 0.1591240364025087 0
0.16486910553000003 0.13349586820153264 0
0.18036834324400616 0.14485946687607773 0
0.1845207646703221 0.12862246326311433 0
0.15851682405246514 0.1469694131613647 0
0.11307892978846137 0.08080370832373707 0
0.0 0.125 1
0.125 0.0 1
0.13431574876530689 0.11172831693231122 0
0.15705655543658792 0.11213529746357404 0
0.1875 0.0 1
0.16944776700600342 0.05529919760261644 0
0.16891708077988302 0.08495229386713117 0
0.146057941615921 0.09115736509824332 0
0.1525398453132555 0.06982790205809271 0
0.13285974969424727 0.07549687036624825 0
0.13253452815412134 0.03737316568400318 0
0.11717903848952953 0.05656739814309308 0
0.13801234667224546 0.056389675630824844 0
0.153239607492971 0.0417061587698206 0
0.15625 0.0 1
0.14691590527045584 0.02028798161504368 0
0.17408853101532276 0.023907905329445613 0
0.16913361430446677 0.03921407231558941 0
0.21720549587188714 0.04632082841524227 0
0.19376599423537993 0.038732986308331566 0
0.19680860771224082 0.0693313363480644 0
0.20197658799609608 0.05336699752628813 0
0.21875 0.0 1
0.21182152204239932 0.022955143347157737 0
0.24114635719752314 0.028501184947989408 0
0.22842883083916612 0.015444502663807909 0
0.22526751826455524 0.0321600228125177 0
0.2845235136622144 0.07142486601546955 0
0.375 0.0 1
0.26500965362323226 0.09573307618229959 0
0.25436123173451075 0.10899770330881502 0
0.203125 0.0 1
0.19285501186517173 0.019470564016916807 0
0.16148764315479855 0.014700940894066521 0
0.140625 0.0 1
0.12788531177888723 0.018864386736843243 0
0.0625 0.019212235560348095 0
0.0625 0.0 1
0.03125 0.0 1
0.046875 0.0 1
0.0 0.0625 1
0.0390625 0.022313677201518993 0
0.09375 0.0 1
0.109375 0.012042694799651647 0
0.109375 0.0 1
0.08729883585381323 0.024527982002125574 0
0.10792725337558795 0.03524272321300027 0
0.08252536136224627 0.05893272047605016 0
0.10042887081166758 0.06619870345674406 0
0.09699085013459076 0.04897977460792829 0
0.07635236842822665 0.09983335535995899 0
0.09243017144925085 0.08590763891648999 0
0.0716971353121746 0.07821460515042097 0
0.10346446046297145 0.11489126723475312 0
0.10619159788866891 0.0972607918784962 0
0.033352445941903404 0.09778207513248198 0
0.055124988944541424 0.09309372533315678 0
0.03980178964119568 0.0593585029656979 0
0.040757660869323614 0.07927198745030134 0
0.055879595302587744 0.0685664326658097 0
0.05932630209760895 0.043907644909943276 0
0.020637207952251584 0.07025810968520689 0
0.0 0.09375 1
0.0 0.078125 1
0.05205942895948392 0.03042211583930549 0
0.06695916099839647 0.057544812747548656 0
0.07250308348145208 0.0330494050878897 0
0.053059116193789176 0.1363995433091894 0
0.059846691014635224 0.11502115518951253 0
0.037874047081022266 0.11981161740712915 0
0.0 0.1875 1
0.07103410632535917 0.2151440621184966 0
0.06869948730379401 0.2536403667045956 0
0.06747469138410386 0.27383643139209507 0
0.09987412528991013 0.26566613262060657 0
0.08237664749210079 0.2646049932479996 0
0.09279553727944137 0.23759589298727152 0
0.09946095712386933 0.28648870315120667 0
0.11811825689470988 0.2800243347755331 0
0.03630005339798602 0.2618106654760835 0
0.04997721358629362 0.27277529201948786 0
0.025881163610643222 0.2888197657368149 0
0.0 0.28125 1
0.11743797825073941 0.26211874620079956 0
0.11962920263933564 0.23527410356085737 0
0.14245699571877798 0.19662420342821058 0
0.1604526490681205 0.1815978727303177 0
0.14949102598825317 0.16611363661030895 0
0.10245365814746615 0.1713355607539386 0
0.12543817944867303 0.16391303824685166 0
0.1185310090345527 0.13757345623485753 0
0.10954764913028474 0.15400465432301313 0
0.07926943182678216 0.15172832285742002 0
0.07369631208072308 0.13118508029761947 0
0.09565740841215169 0.1362548943434981 0
0.12850139680198205 0.14903431101631057 0
0.12031903063536392 0.1873592244722498 0
0.13672605840350185 0.17923685941703277 0
0.09415727691750114 0.19855671411731757 0
0.1046346349145804 0.18687512202967468 0
0.16423879649845488 0.2044212273094873 0
0.16612179458373472 0.22574368650300142 0
0.15048557991319914 0.24168986505846185 0
0.14391902770812828 0.21961172711637417 0
0.13599244667094781 0.23398486856728073 0
0.17987693965832546 0.19625083187987274 0
0.0 0.15625 1
0.026283293144586842 0.14566651976031933 0
0.03766789956895682 0.1352447204108156 0
0.078125 0.0 1
0.0 0.03125 1
0.019472124619608403 0.045911392367051176 0
0.03720464517038287 0.04119393498844165 0
0.019318882619710133 0.02585353722001898 0
0.0 0.015625 1
0.016051740348212273 0.00866598069642455 0
0.015625 0.0 1
0.0 0.046875 1
0.16862977693900696 0.10100593918772235 0
0.14539417571366256 0.12824653988361123 0
0.21399872429059005 0.14271716716269986 0
0.22312465495715164 0.11741107656954043 0
0.22775209510950767 0.17042674099321392 0
0.2377418441654249 0.18393665498461584 0
0.2739643668164331 0.20614039057688288 0
0.31411352370665924 0.2336972627117932 0
0.2978769560809722 0.23263697065274758 0
0.3219133933175229 0.19183427812108164 0
0.308808732213062 0.21105075497647138 0
0.29238400639962336 0.20151753348352072 0
0.32667906008591213 0.21880931101805212 0
0.34802858683338256 0.20112900932081784 0
0.3648658884932862 0.11248663186510874 0
0.3132052334253272 0.11443629982844744 0
0.29206437550393494 0.0974650897002339 0
0.2773450295005348 0.11521835122804208 0
0.2952813148650712 0.115110859400585 0
0.2864241645491224 0.13368499707508372 0
0.27022856152666413 0.135078559800159 0
0.3076353718738391 0.16064393285161097 0
0.2927915741835523 0.15049906292203363 0
0.28397407425961047 0.16822418050438037 0
0.3123757749559999 0.13777582869536784 0
0.26322849821676325 0.16788719847188258 0
0.26374592395521934 0.1840570992826644 0
0.35105250638969054 0.15771863192563634 0
0.3289365025621153 0.15313413414685137 0
0.32367191930077904 0.17216607523375446 0
0.345026205948649 0.13115303088294597 0
0.3271087994490297 0.12661491906082412 0
0.3385113590809284 0.09957160719694166 0
0.3012908861793673 0.1815587924537467 0
0.3162938791039377 0.07633661287776952 0
0.2992667027573238 0.0812674301372062 0
0.31253080967244645 0.09520658815411893 0
0.34771611562050914 0.11413545970515468 0
0.3758259602039496 0.056774227738090634 0
0.3628934960732133 0.08316434429341046 0
0.41868112997418877 0.09413921564753312 0
0.3922553782217477 0.0811892885053098 0
0.3785606333575173 0.09683796018520932 0
0.39898454723075466 0.10089496961072679 0
0.43794129175180146 0.18238357224232685 0
0.42319107309118975 0.13937891222727664 0
0.4156146210313368 0.11728956206568095 0
0.38903540537119546 0.12761877947481165 0
0.3862866016812546 0.11138150048057781 0
0.4063499838907987 0.13281125395916857 0
0.3873926703195712 0.1645609880320711 0
0.40740704997238575 0.15497685091589142 0
0.39090682197723997 0.14620962567068507 0
0.36781449511759684 0.13914456172175071 0
0.36984609301907617 0.15782833928593287 0
0.36031853341943165 0.18017460343235442 0
0.34237345449545614 0.17443958679260232 0
0.3981295292189064 0.21643237563540046 0
0.3749028885310575 0.20280974300403704 0
0.3618904834229055 0.1951778509529594 0
0.373863592430224 0.12498344106945268 0
0.40897549666768906 0.18394211120319642 0
0.4021957709198301 0.16978413292985395 0
0.4226807021714003 0.16867293494885746 0
0.466350096924357 0.1122317449804541 0
0.44038741522195746 0.10879271239827155 0
0.4317892441565737 0.12408581231277453 0
0.45999310586384495 0.15000634871232638 0
0.44284217956012534 0.1403636602375506 0
0.43229914037291073 0.15418905351936307 0
0.4596582961597927 0.13052780173033657 0
0.5121834058258005 0.13936711755663336 0
0.4867429698634715 0.1300622530631043 0
0.46067784940283485 0.055332855096128536 0
0.4375 0.0 1
0.44424422611725384 0.07967604913090594 0
0.45529716152080346 0.09595389705568019 0
0.495419495020674 0.0806016401406273 0
0.477164192191183 0.09299730103383223 0
0.4858316377308055 0.11052756226254792 0
0.4756984965383924 0.0711984663034011 0
0.4590281866286248 0.0719378083284979 0
0.5024058265075544 0.04056769321573003 0
0.48225029534839337 0.04995245294153949 0
0.49951216635632495 0.060689286510024566 0
0.6655818104951539 0.0743026825607809 0
0.75 0.0 1
0.625 0.0 1
0.5773810293563612 0.061618642984203525 0
0.5382333140067286 0.0790245787979786 0
0.5262552342606145 0.05426630891181012 0
0.5166338306742343 0.07458514446793148 0
0.5131720361096543 0.10278818259428098 0
0.5247432005271633 0.08989451153422208 0
0.5475720037218171 0.122020748738651 0
0.5442037370220604 0.10024007196473275 0
0.5296832816146199 0.11363636447153226 0
0.5312681481548088 0.1335305984015468 0
0.6305029064247495 0.25679571782596466 0
0.5847796832620875 0.19202816235516865 0
0.5359527263015201 0.18296933611300412 0
0.5592205277503551 0.15582327766224996 0
0.5484839785086353 0.14061481245619328 0
0.5310623918719322 0.15849140783899737 0
0.5800154517174393 0.12974890582068213 0
0.5626706482183396 0.13059960869627635 0
0.5701216373194682 0.1052711295202859 0
0.5246336179838403 0.14595716157935512 0
0.5079434112748699 0.16243328565577686 0
0.5089661036904897 0.08795794470658587 0
0.5216573099970477 0.17309787957197556 0
0.4832001286453369 0.20840120217164085 0
0.5124705535861234 0.20168847276242594 0
0.49458402744575186 0.14805480087674183 0
0.4788158185808183 0.17610090873434117 0
0.4911909947943712 0.164602845375754 0
0.4775225770251887 0.15317837697695696 0
0.49860836058814756 0.1849946648572971 0
0.48361207029093967 0.19189758599315782 0
0.46009531847657414 0.19041137088904356 0
0.4968131644470928 0.2005877018323877 0
0.5028346427051797 0.2268439705781499 0
0.45948295627738167 0.1702102796101081 0
0.44326430740289435 0.16665655652152128 0
0.43648625168759536 0.22098172794119111 0
0.4433950855782013 0.20191566794327862 0
0.4241895121242647 0.19675083164537172 0
0.40725653310568016 0.20142372711104142 0
0.41740651089212066 0.217875558303251 0
0.40312260804152683 0.27920399310464394 0
0.421770820798092 0.25121967972500475 0
0.42459162628430985 0.23389279684839095 0
0.4520516140589411 0.2472563194577664 0
0.4610277245880706 0.2190898659052094 0
0.44959921757032295 0.2309613033292215 0
0.48043862660754694 0.23101416709241748 0
0.5044349383469253 0.29766228428342656 0
0.4978659345100433 0.2623834874274788 0
0.4944023180184192 0.2437821552271713 0
0.47378415693870796 0.25231149737675107 0
0.5239201731704682 0.24790898704141964 0
0.45372862423186994 0.28928914793958266 0
0.47715839421227757 0.27806915445215813 0
0.4829548713284621 0.2642099794622883 0
0.4579686884523944 0.26807011082747195 0
0.4386236974501958 0.2623216584069723 0
0.4209178653488536 0.27085684984340996 0
0.43675677554138526 0.28108135313174487 0
0.4767877020867487 0.30736827630370545 0
0.46972846141947644 0.2926270569566607 0
0.46766638599632937 0.20451962234786178 0
0.47333498091598675 0.13811111496887274 0
0.5461875341004855 0.16819709719547365 0
0.5601272414962745 0.1887867582703405 0
0.5413223565367081 0.21379339875939976 0
0.5691962024273515 0.2151804935962133 0
0.5712280355785004 0.1997274222957203 0
0.5453109014966446 0.1972188511107683 0
0.5748886727504529 0.17188651065815688 0
0.6301814731624018 0.15723316625921593 0
0.6040006062992049 0.17008986903826442 0
0.5898189949042573 0.17705406787803218 0
0.5800913224160474 0.15113882054853642 0
0.6068199203749336 0.14034892145121666 0
0.5912999909020261 0.14040397112796588 0
0.46875 0.0 1
0.46525439540299623 0.027745273305958284 0
0.4689419680531097 0.04253040634607045 0
0.4852468115688408 0.03005176234146572 0
0.43506459227475713 0.09327387864864525 0
0.453125 0.0 1
0.42930253217029724 0.03595455989755061 0
0.40569628669313174 0.05440922867320471 0
0.4119997715074933 0.07433597186794838 0
0.42781228339473504 0.05837358237827371 0
0.42847944267850174 0.07484769294157455 0
0.4434401545514829 0.04815336472413006 0
0.3994367335719232 0.022077065610087335 0
0.40625 0.0 1
0.42022976713083127 0.016404199595501337 0
0.390625 0.0 1
0.3895865042513165 0.04075609488870587 0
0.3771022482291784 0.022235894733484907 0
0.3125 0.0 1
0.34374999999999994 0.014171792592413343 0
0.34375 0.0 1
0.36181394366610736 0.012463973139262542 0
0.359375 0.0 1
0.3552029584180582 0.03892513614266762 0
0.3723913530230127 0.03990405677811563 0
0.31929108332608314 0.04051474262720809 0
0.33692113417860026 0.03235761270606434 0
0.3236323529010373 0.016992562720167012 0
0.294687726256799 0.023812226466287542 0
0.28125 0.0 1
0.307920826083411 0.01514281387264375 0
0.26767211493786613 0.02335998322189552 0
0.2596842918343381 0.053146954651107345 0
0.2384277047107901 0.04984085909343552 0
0.245152711277323 0.07659014460503072 0
0.2650729125843167 0.07579719946701828 0
0.2213448327602119 0.0705353244252709 0
0.20816549625096098 0.08850327903886634 0
0.18794466022157524 0.09332221420366574 0
0.23547659903693252 0.06480279888850439 0
0.28380765018441306 0.04638081193400075 0
0.2810533653599979 0.031146122919763472 0
0.27438766670421005 0.0591823325571887 0
0.3028066805212497 0.058369998659467175 0
0.3013426488365831 0.04048134226961865 0
0.2564204209236228 0.036307185724327645 0
0.265625 0.0 1
0.2525664837718649 0.016423001309780267 0
0.3532168346163498 0.06205846868362821 0
0.33551532582643523 0.05244976026938735 0
0.33605651246991813 0.0725622995365424 0
0.31991453460037017 0.05957305508889263 0
0.34656746507566155 0.08522318348091419 0
0.4108249675831545 0.036644297939675254 0
0.3914277125672318 0.06401085821930458 0
0.6133132418669371 0.1559685636612559 0
0.643667747706349 0.11396914949918382 0
0.6296682949033797 0.13333921664588128 0
0.665540350040362 0.1445212663089137 0
0.6494797951328666 0.13291371850258984 0
0.6481468885647081 0.15167267756646777 0
0.6829341506894933 0.21155362912253267 0
0.6696438598841449 0.17922935733926557 0
0.6457436781544238 0.17571065814796247 0
0.6627443087169379 0.16244846289701678 0
0.6962300420016865 0.15848947143188255 0
0.6789342096562105 0.15579190175202334 0
0.692410479232811 0.12618304660902746 0
0.6689131887749074 0.11658787332466333 0
0.6764622352640193 0.13166971315041553 0
0.6920525833648269 0.09349104489630343 0
0.6853468784216058 0.10991241552778425 0
0.6698154166713383 0.09524296827154835 0
0.6457199436120873 0.08921636712421217 0
0.6082018708013145 0.09856729312312905 0
0.6285466081529836 0.10025402821674252 0
0.620860921325503 0.06941727921160118 0
0.6194745647559029 0.08613896858123253 0
0.5972625799720894 0.07587910983174943 0
0.6168984924552982 0.11721054262576709 0
0.5958113069017396 0.11569719509510068 0
0.5883390817141162 0.09724613262925276 0
0.5711960012269458 0.08301993548655025 0
0.5541108033055797 0.0860042055238753 0
0.6438559336234373 0.0660511601317374 0
0.6275644331724409 0.03498494511663127 0
0.6302568717900573 0.05337783546145635 0
0.6551056293727122 0.04034684519863742 0
0.6875 0.0 1
0.6027156755897797 0.048015935379452424 0
0.5931590122046939 0.06061080221931181 0
0.6595014460087446 0.05758462536098882 0
0.7023180120001851 0.051476966339814495 0
0.679315182162563 0.04335253264905722 0
0.6848431582775367 0.0643274355449642 0
0.7058627091925577 0.07460418417859326 0
0.7575792423962578 0.05484236091016557 0
0.7295848496676254 0.05913304758069864 0
0.7142151354118376 0.06148875605155102 0
0.7336080346613205 0.10938407625525767 0
0.7149960096276256 0.09577491105485832 0
0.7042410525237073 0.11137843380742098 0
0.7207097224026606 0.13666807314633467 0
0.738077764621024 0.08373965593865358 0
0.7216346080574016 0.08035547163323728 0
0.8064828098916297 0.10887414764979125 0
0.7699991424063436 0.10251517600662036 0
0.7505143003186454 0.09911903831412178 0
0.7641308689092212 0.07858975361721725 0
0.748900214187821 0.07001425750259745 0
0.791943781516596 0.08445035891648696 0
0.875 0.0 1
0.7824098153056667 0.06076935243740531 0
0.7792416728236969 0.07580453489368198 0
0.8419462861276372 0.05055967610622847 0
0.8125 0.0 1
0.8132816552117287 0.062100048042804216 0
0.7975439503121858 0.06843604338499443 0
0.78125 0.0 1
0.776515681655792 0.030486101038976907 0
0.7725817345010064 0.046967002217878855 0
0.6988757981495856 0.024596613750380473 0
0.6938224233257465 0.03890430898220764 0
0.6163732523723972 0.13074595179389084 0
0.6552078242617131 0.1024644479469955 0
0.6536871408642364 0.20468436618201308 0
0.6560767287460616 0.1884534860954633 0
0.621501477520449 0.197932673863568 0
0.6039197615747215 0.19013447428014238 0
0.6003837976111555 0.22182546109415305 0
0.6071638711410637 0.20653919846150925 0
0.6279372371629074 0.22489977272411535 0
0.6249866021968936 0.1774006010210471 0
0.6360407652822482 0.2087143434699668 0
0.6377053216621841 0.19127556866712947 0
0.6120555382722304 0.2422284385233388 0
0.5767596627380295 0.30588970978731417 0
0.599615263874763 0.27694637179279297 0
0.6116716593842719 0.2616786775352846 0
0.5829378700421802 0.2513826665048947 0
0.6283490532168712 0.2872423828231985 0
0.5948884093805225 0.23850911701932012 0
0.5762664037817753 0.23320590385920795 0
0.55329337481668 0.25195046115205677 0
0.5686077800166203 0.2773620565855525 0
0.5682798192278734 0.2602392603690773 0
0.534377081175882 0.28067088849232585 0
0.5532481347758056 0.2971796741511814 0
0.5682000574463493 0.2929071067861826 0
0.5515907971158801 0.2800340989413443 0
0.5289257856480759 0.30594228232262216 0
0.5528738958159417 0.33427794529711174 0
0.5597206852335542 0.31579599096665517 0
0.5415392329760229 0.31956972638664194 0
0.5038188451251275 0.3418322270665437 0
0.5288148345644216 0.3410971397580434 0
0.5820361244111945 0.3345721272565329 0
0.515787896092607 0.3234784220658487 0
0.4935484097343349 0.3220549910018871 0
0.4921112915259974 0.30678790498573427 0
0.4684617758604408 0.33377710074688444 0
0.48597164126863285 0.3385450184591419 0
0.4653236331135575 0.3798375999721489 0
0.49006716150953455 0.3664016710968867 0
0.5170193769113292 0.365353830855358 0
0.5165719651678141 0.35013999287095116 0
0.4784288268517497 0.32240254685876557 0
0.5143455197623039 0.3087083555489097 0
0.5386576301485837 0.2948178929828965 0
0.5203750057976364 0.2908741457946666 0
0.5164775451696483 0.27081635261446285 0
0.5010842501262645 0.2800352099172679 0
0.48817355221869313 0.2905860415694304 0
0.505680693111827 0.4208558927883568 0
0.5045477701516149 0.3917152065967835 0
0.4848041035529123 0.38621098756345856 0
0.4896794237186113 0.40688561957960934 0
0.5645564984013643 0.40397457086428645 0
0.567119162481701 0.36771757886852857 0
0.5462738753947118 0.3568436055090555 0
0.5451657441031144 0.3843849604658732 0
0.5522129544934603 0.3708755358155688 0
0.5634507277364104 0.385677353137941 0
0.6334813606355416 0.3906271566813513 0
0.598791931381187 0.3835415493868431 0
0.5816742148912765 0.39375806012556325 0
0.6073555266931584 0.45623556204273213 0
0.6084963011208067 0.4192497587743293 0
0.5986502933493744 0.40275281829247966 0
0.5823314052166643 0.4236792656482156 0
0.6180417836742349 0.4023659400530324 0
0.6463285926322192 0.42949848837389726 0
0.6368450024238282 0.4110741642251869 0
0.6264025262660169 0.4281021574312346 0
0.6345885599658264 0.45415864488407 0
0.7000985664215864 0.39016844332723705 0
0.6668260737149738 0.395641945825269 0
0.6565773331735961 0.4125702170995836 0
0.6703914284014555 0.43250010821768775 0
0.6496050891097472 0.39678253024240984 0
0.655609175218266 0.3568597093924812 0
0.6482394948927171 0.37616426066497977 0
0.6196893436703087 0.35420599674377884 0
0.6291494010652188 0.37144561900120454 0
0.637646703302526 0.3555674522104119 0
0.6492916597570398 0.3191876657775383 0
0.6303147342377841 0.3331668974998199 0
0.6110495405192229 0.37016235937918057 0
0.5968207221832413 0.35214070559835964 0
0.6174949554593396 0.38562378066722147 0
0.5827306993228785 0.3760796121314719 0
0.5957409301261881 0.3676211829469139 0
0.5782235871213172 0.352785693671123 0
0.5615170654453076 0.3490539251757003 0
0.6060445604836091 0.32937333253493245 0
0.6214193629212239 0.3105433157412609 0
0.6095924354631177 0.2943450808043229 0
0.639006687043077 0.3030928701930212 0
0.6994616211473142 0.2757942449285896 0
0.6629356839054728 0.2754951042380201 0
0.6472333973054335 0.28605309005339613 0
0.6460402887287792 0.2673231001909993 0
0.6686270268652559 0.24217702204109756 0
0.6485622581483412 0.24687140481926642 0
0.6617832811240385 0.2581531183150215 0
0.6812811890052354 0.26556673352948024 0
0.707995200570402 0.2393524167817371 0
0.6984413940397429 0.2563352706306515 0
0.7324827323626498 0.2643067275805086 0
0.7166185701359457 0.25538224774730334 0
0.7399290948739606 0.23250775442952762 0
0.7249551781714659 0.2405630868810468 0
0.7185613862382355 0.21073273656013763 0
0.6882133941892579 0.23940274525153513 0
0.6542989412491683 0.22616349248253848 0
0.6717380403099114 0.22497666348473067 0
0.6489608545068476 0.3386088793072703 0
0.7015423338134478 0.3297910856168366 0
0.674434801560601 0.32932935782751743 0
0.687496265422712 0.3584627478786842 0
0.6877965480729633 0.340833482725198 0
0.6708093191081533 0.3470519885438018 0
0.6884365854048393 0.3032575927350146 0
0.6823820476718645 0.2848823771059169 0
0.6653147722034926 0.3006910324966186 0
0.6748635016546005 0.27562168998273 0
0.6649626420502353 0.3165744942108028 0
0.6881530943695143 0.3199010405871937 0
0.7246761199984665 0.30186113957807753 0
0.706244320467196 0.2944617777062931 0
0.7095517258711092 0.31287950940033954 0
0.7333711897594107 0.33451293409304617 0
0.7256488025854013 0.3190857493431315 0
0.7531328046467152 0.31497447048375177 0
0.722057297827811 0.2817281480635291 0
0.7500891535506359 0.2866730082354719 0
0.7666375748968681 0.2555334202255116 0
0.7514951992220599 0.2674532851342185 0
0.7491166430494822 0.24885371600434558 0
0.7671053314497136 0.22798784706345415 0
0.8827594687665358 0.24372854980912925 0
0.8239970430807315 0.24273069401887376 0
0.7937739619880514 0.24221747020083673 0
0.8020997320586918 0.29349284543992604 0
0.8084835822063332 0.26614264588419795 0
0.7870547978320567 0.26283298578448855 0
0.7957456300269545 0.27758959348997175 0
0.7727331375219149 0.2812051733173817 0
0.7651370233056627 0.2993690951113749 0
0.7836178136887291 0.2964274226514342 0
0.7778546270735119 0.31974350633578663 0
0.7639806321869775 0.3252025414978014 0
0.7905340953870416 0.3419089247275256 0
0.8052632116846332 0.3480943958934094 0
0.8039511790995559 0.31952455897266674 0
0.7908269377735397 0.3105796521196803 0
0.7909643130253876 0.32695354379800257 0
0.8510182875102719 0.3030953200426574 0
0.8252568941455136 0.30492754116992904 0
0.8223445784729919 0.32352409609658117 0
0.8521261227769478 0.3365513607442011 0
0.8352650463195292 0.334542028175712 0
0.8385061336412317 0.3597292329923078 0
0.8391992695553229 0.3168437285532801 0
0.8538482506685838 0.35315401917886974 0
0.8877133687631951 0.3416543047755194 0
0.8693384606342475 0.34315663718917133 0
0.8763451615698619 0.3157328531045523 0
0.8207324439877987 0.3599798652092647 0
0.8196956566387508 0.37683903146872977 0
0.8362280851654187 0.2771634013094194 0
0.8198377169880656 0.28673637524160683 0
0.8374025960684148 0.2936772581430853 0
0.81033097322249 0.3059891137049152 0
0.8700091209922212 0.2750802115324366 0
0.8704598524615205 0.29583004359736537 0
0.9295099333993628 0.2891903461037014 0
0.8991210535795328 0.28482764852411857 0
0.8889567450494589 0.3011820223884908 0
0.882814639736395 0.2851818592882116 0
0.8905212421657782 0.26444491097612904 0
0.9174632081492516 0.2650832230059505 0
0.915133519516797 0.2813109414250257 0
0.9590636058529739 0.25935835595227585 0
0.9392332044735284 0.26926793313611963 0
0.9605990675624484 0.292029651242318 0
0.9549502413330435 0.2759234017580233 0
0.9776625652940508 0.2770013860401745 0
0.9785303297536189 0.29518797964378063 0
1.0 0.296875 1
1.0 0.265625 1
0.9798499086133649 0.25607067236306963 0
1.0 0.125 1
0.9580564026851247 0.18563603860445918 0
1.0 0.1875 1
0.9795957186311646 0.21875 0
1.0 0.21875 1
0.98979785931558 0.20312500000000103 0
1.0 0.203125 1
0.970067512624639 0.20138550413306044 0
0.9792338634426087 0.18194012929983333 0
1.0 0.15625 1
0.9622153311590151 0.1469454922391904 0
0.9656957874463875 0.16688841301157165 0
0.9836980747195379 0.16431066705783867 0
0.9292607063174791 0.16297192925543652 0
0.9469154391558985 0.170165976114423 0
0.9255725339653126 0.19728302748437418 0
0.9401407692280664 0.18679152637685822 0
0.9453382503205351 0.22625128325728291 0
0.9432400974736687 0.2064554694107664 0
0.9613628717308284 0.21745829006336248 0
0.9625027174165434 0.23853395813435274 0
0.9682653430425407 0.2501818257442892 0
0.98979785931558 0.234375 0
1.0 0.234375 1
0.9880116154373073 0.24668448231136833 0
0.9323514335697801 0.24634970483500596 0
0.9485911812900527 0.24693267358257096 0
0.9186368211190613 0.22324285853237869 0
0.9100889273201621 0.24393973403072905 0
0.8965601641011833 0.22623870456126852 0
0.896373151078082 0.2504401559063162 0
0.931239508625429 0.231386224048883 0
0.9419206759067804 0.32492399025620033 0
0.9617942384699588 0.3144585499350706 0
0.9438160702491994 0.3041702613941522 0
0.920129228818667 0.31247040767649714 0
0.9066987993997865 0.3008730138099331 0
0.8981881827241658 0.32172086810631223 0
0.9090193714914042 0.3401314666340143 0
0.929563158156684 0.34138320580746445 0
0.920038379570121 0.32849554376159196 0
0.9379577020679186 0.35842257609834516 0
0.9591825495000611 0.3336014043919902 0
0.9779854675707916 0.3305219742014254 0
0.9460435891213955 0.3438515219228108 0
1.0 0.328125 1
0.8586039271920234 0.31959049784818544 0
0.8963736648999803 0.36287969752672977 0
0.8787287270621922 0.3586756749630613 0
0.8804834847210818 0.38107721048251 0
0.8594885982083803 0.38975014407616676 0
0.8466181709542867 0.3764025752476979 0
0.844647468092866 0.39949507517711025 0
0.8721826946526924 0.402623158467621 0
0.8858274160969551 0.3955079678515603 0
0.8264953247580914 0.261231948282913 0
0.853293955844095 0.2481939436201478 0
0.8631988779083888 0.214104119923487 0
0.8778743766364407 0.22568410156195814 0
0.8880563467392896 0.19769108583482162 0
0.8610198591439924 0.23195486549382077 0
0.8374669106500153 0.22002141789735374 0
0.9053380732058681 0.2080835490244965 0
0.8092899306496418 0.2186578380195582 0
0.7877660952289182 0.22137170127748745 0
0.7914886720469347 0.16418527477821662 0
0.7667430095858369 0.19128881914038948 0
0.7726010817214349 0.20958228613924057 0
0.795069318204641 0.19230264624976037 0
0.7970447481418976 0.20825089492456408 0
0.7469168013737407 0.20772240878704826 0
0.7522456521005655 0.22260245728636294 0
0.7341039552500356 0.17208802409074245 0
0.7469523625797613 0.18758891004384887 0
0.7619631369744094 0.16207654832130708 0
0.7264906411529551 0.19147391465714966 0
0.7118471048676774 0.17453512650069355 0
0.6910032248928879 0.17919946298572476 0
0.7053618781215067 0.1944595886436523 0
0.6886525972321074 0.1957965102149448 0
0.7007601812606896 0.21168190575900828 0
0.7211538067859059 0.15674266417893998 0
0.7432835755644751 0.14621090826875002 0
0.7561998040419227 0.12409307548427513 0
0.7376417137366794 0.12808592636413935 0
0.7624505268331199 0.14257361606368768 0
0.746130884188651 0.16178770172022316 0
0.7235781047685731 0.12133328979422223 0
0.7774704184622049 0.1527065282846993 0
0.7845599375318758 0.1259994642600295 0
0.7708365796397664 0.1182521027022123 0
0.8135121928009623 0.14046764617332502 0
0.7951098597864602 0.14546378324200132 0
0.8024791017898627 0.12634370023557528 0
0.7824505712782706 0.13973402834801193 0
0.8259332924500358 0.1740855531619716 0
0.8589749405491633 0.18067720381375385 0
0.8462405278213604 0.1992667004738651 0
0.841465115802003 0.18233889440399106 0
0.8474512526103049 0.15233247623320464 0
0.8242085935573944 0.20218495605821818 0
0.8129797233809624 0.1873931138190238 0
0.8084539987759352 0.17002949975422338 0
0.8277112158346257 0.15432502919040317 0
0.8891022514379305 0.1519139281934054 0
0.8683593927982892 0.16034703905128278 0
0.8800226633956987 0.1780618574917843 0
0.9066094353035488 0.1786392429024603 0
0.910585866351715 0.19356054022200067 0
0.9241027272210188 0.17972257465928965 0
0.9090422318574831 0.15794862095100842 0
0.92904599806543 0.12063546855928314 0
0.9059326554793612 0.1322629262456385 0
0.9252236276524541 0.14182362840247792 0
0.9430271863910588 0.14938451712465026 0
0.9500809403144606 0.12817996940457843 0
0.9628939669955674 0.05935958868866726 0
1.0 0.0625 1
0.9509237551774798 0.09273392576745434 0
0.9446173131069663 0.11031701674595115 0
0.974052502664216 0.11108090207394854 0
1.0 0.09375 1
0.921294436364967 0.09202941751452412 0
0.9095048170171895 0.11057739512788856 0
0.8782709253134835 0.07770335324567443 0
0.8714616643344817 0.11544769374272358 0
0.89121147800024 0.11870099311422648 0
0.8920363453394421 0.09589952377172582 0
0.8784555193311355 0.1345643529324351 0
0.8562969786942289 0.13183339913581246 0
0.834336107124835 0.13333357335325263 0
0.8202957175113551 0.12123338364863015 0
0.8363960104254261 0.0893410058024043 0
0.8240627135832536 0.10312492334743731 0
0.846297542820821 0.1106101286196067 0
0.8158389842380713 0.0833570314388945 0
0.8043356340539922 0.09361302028212301 0
0.8624724449142883 0.09433961322372168 0
0.8548007489459523 0.07123467837766298 0
0.8348151832778721 0.06932692739730002 0
0.8506620681110689 0.08543498536389221 0
0.87696329472748 0.10063659204256854 0
0.8659777208473709 0.14454631926850262 0
0.9038473028581702 0.07265966153253949 0
0.8838350635021153 0.03854860917891838 0
0.887887264734783 0.05909717449740623 0
0.915292755842598 0.043018947357588294 0
0.9375 0.0 1
0.8987836338642968 0.0462745656157903 0
0.90625 0.0 1
0.9028056928932696 0.02318389272556314 0
0.8667325022559369 0.052595086440421546 0
0.84375 0.0 1
0.858341127496008 0.0249429886326401 0
0.8552085788358402 0.040992882373528584 0
0.9269821257744096 0.02181184847845011 0
0.921875 0.0 1
0.9416556861873719 0.04372507124732315 0
0.9286566786139911 0.03656000783446901 0
0.9295386164991721 0.06706099410701269 0
0.9182907678993942 0.07719239258033588 0
0.890625 0.0 1
0.8828125000000003 0.01849620232569466 0
0.8538538723680551 0.05748982489998335 0
0.9059207034363934 0.08833461690027102 0
0.968952136478933 0.12928325197394303 0
0.9836560316205175 0.1437107659701399 0
0.9363286433915865 0.08314821495521761 0
0.9524811050212842 0.07445867540775183 0
0.9776362345787303 0.0806664571529545 0
0.9832388102141861 0.09674496614834058 0
1.0 0.078125 1
0.9813259398587576 0.06236000485476881 0
1.0 0.03125 1
0.9758456680071194 0.03791078371803525 0
0.9590169465708734 0.04238368225773761 0
0.96875 0.0 1
0.9622962858632079 0.020827356988753005 0
0.953125 0.0 1
0.9838938442922279 0.01610615570777727 0
0.944513876648659 0.01682398806882819 0
1.0 0.046875 1
0.9444779156187803 0.060004328328848756 0
0.9144870904004937 0.05973797634407481 0
0.8299375311221903 0.024819252629052567 0
0.828125 0.0 1
0.8029697267462613 0.025231051159174074 0
0.7927584551433547 0.04303993750090058 0
0.8167016410283355 0.041266933123535625 0
0.8163136142757144 0.015855891577881413 0
0.796875 0.0 1
0.7875025613563079 0.016581644161469834 0
0.8441758834705608 0.016490113827450047 0
0.859375 0.0 1
0.8273869278846266 0.055765920316698143 0
0.8935385576362537 0.16810474738538866 0
0.8693233820454448 0.19634987350739924 0
0.7758928877221966 0.17479447574680523 0
0.7336009778032636 0.21734598381801284 0
0.809006305743753 0.2353601387105475 0
0.8230173787085993 0.22680018947228217 0
0.8402225476283046 0.23700532968086527 0
0.9190680384727531 0.20945164124896304 0
0.932213595134903 0.2165014472561632 0
0.8696488517473655 0.2566651560929846 0
0.7767972064552428 0.24192918472571534 0
0.7419238636044234 0.3018655300428389 0
0.5910342320872494 0.31809027977542353 0
0.6051550377051906 0.31000174317888646 0
0.7334540110331667 0.4331104630847446 0
0.7018639453412916 0.4388779232992831 0
0.6848273999685413 0.4421055237714107 0
0.7617791918989835 0.4334366792725592 0
0.7564291178047292 0.3981000839853135 0
0.747798492184464 0.4174800952918838 0
0.7668845170708408 0.4148605048888923 0
0.7791485453244088 0.4018632803658034 0
0.7278617710022273 0.39698977468485547 0
0.7296352076290381 0.4152084517194811 0
0.7433375457286108 0.36687314088414674 0
0.7189447147728953 0.37337312564073816 0
0.7152908703409381 0.38824447921558214 0
0.73407956200732 0.38115033898629735 0
0.7269033372277742 0.35421974691525926 0
0.7163176219100705 0.33983068044543574 0
0.7472917766772673 0.46147793759668754 0
0.7672742242910728 0.4579694155652984 0
0.7474951407650422 0.44381994028432475 0
0.6550933712073888 0.4487957961443072 0
0.6532260351917492 0.483537470177013 0
0.6597146464372885 0.46646520672861025 0
0.6831636384029245 0.48514659139106786 0
0.6656659694174364 0.5313914559807751 0
0.6670583888166267 0.5054855769752683 0
0.625648942729082 0.5162502139642048 0
0.6480660534882163 0.5174551149786861 0
0.6506460443399833 0.5004962925778504 0
0.6252838445201563 0.4879622118792705 0
0.6354072700930914 0.5438340693005845 0
0.6491302365996446 0.5341926350559896 0
0.6617168154238436 0.5582859795721614 0
0.7002039162651239 0.5202574816363653 0
0.6871917734067321 0.5048821292013239 0
0.6818848708139581 0.5225671115752887 0
0.6951003126232439 0.553582197414793 0
0.6929079516737001 0.5361932818992775 0
0.67715149774981 0.5470124873170943 0
0.7155669109396153 0.5421691460711847 0
0.721484155279832 0.48905428325236194 0
0.7018641865696896 0.49160855511861895 0
0.7084080031900937 0.4652432092722055 0
0.6924068425179004 0.45796583278560804 0
0.7179379546285626 0.5241651439299455 0
0.7324561134653831 0.5078969658521534 0
0.7468308203824559 0.486910890322813 0
0.7137145513996497 0.506004066096331 0
0.7329699198024905 0.4739390165705099 0
0.7277334259090474 0.4534597825194048 0
0.7183623276005303 0.43984664355041403 0
0.7555423756013663 0.5082941086846149 0
0.768472931368748 0.49452728634825904 0
0.7658885409643938 0.521241752601799 0
0.714570832914633 0.564440435082866 0
0.7349663514326533 0.5760768111311693 0
0.7545561618017839 0.5787232500324327 0
0.7650702629538526 0.5929610799763663 0
0.7299250856305973 0.5539692311487714 0
0.6679114114873285 0.4896151415956418 0
0.6637339165506745 0.5448449619598761 0
0.6450586904961388 0.557437839093632 0
0.6596901444814333 0.5803933336016995 0
0.680553834744722 0.5711594192414698 0
0.6904768918323542 0.5913341849133771 0
0.6737434714904383 0.6000744765936329 0
0.6989164212589505 0.5746554262251494 0
0.6125717474946087 0.5363945541735632 0
0.6084330629066432 0.5540683556601925 0
0.622540164981467 0.5652134421786162 0
0.5849412061769782 0.5041406448706189 0
0.5929508792116654 0.5252410061104287 0
0.6058687388244154 0.5082669893615138 0
0.5719096183364224 0.5211578327249536 0
0.5797621564171336 0.5358505350503228 0
0.560256873928898 0.4987359585789902 0
0.5556193342694361 0.5153850356420224 0
0.57900779114047 0.47216819563467805 0
0.5996090968617926 0.48488180921904717 0
0.6140082162694268 0.47340506826721346 0
0.5955486509203965 0.4684132895251804 0
0.5856616967869854 0.4470149029481366 0
0.6024805910809443 0.4375747071810417 0
0.5433103995688916 0.441153514412101 0
0.5630460292205623 0.45448902496017923 0
0.5631264166810003 0.433098621062079 0
0.5452918423191008 0.4176257519882288 0
0.5261894817399625 0.4278643212921005 0
0.5255347153399585 0.40370354090677274 0
0.5024409096107791 0.46384816636378035 0
0.5220036171203231 0.4509304383972341 0
0.5022002054065575 0.44221182000874454 0
0.4801318212134142 0.45327684272476415 0
0.4820110993017664 0.4294855202667924 0
0.470253698792287 0.4405266858231373 0
0.46071706775265303 0.41859078682772655 0
0.4702723279296458 0.4005498950888075 0
0.4473384907066096 0.3950820407214075 0
0.4731354777514387 0.3889184835038035 0
0.4382406956099254 0.36611710142033954 0
0.44889165728531016 0.37868293218143395 0
0.46462055488175424 0.46665357575831745 0
0.46117489228192593 0.4862714804485616 0
0.48449605462757206 0.4802560301454788 0
0.4754514057625628 0.49340540371268005 0
0.5284343701977846 0.4819410428176646 0
0.5424818475828048 0.4938699248033154 0
0.5568160988284196 0.47640667355915683 0
0.5402305959214126 0.4625470431413562 0
0.5665848636263431 0.4673391428523923 0
0.5190417189203876 0.4677167388104337 0
0.5062631311722925 0.486367997926881 0
0.5078331885985559 0.5071317422925131 0
0.5225980286396127 0.5138097038490252 0
0.49563249692231304 0.5189119707853396 0
0.49310978802886857 0.4913956653473571 0
0.5102564889035712 0.4060856305385622 0
0.5422118047211939 0.4010168011069356 0
0.5227583026025886 0.38419978117268877 0
0.5835458323406482 0.48786281372520074 0
0.42831336105807966 0.38501952024439723 0
0.4309541407331576 0.4010818187907528 0
0.4602048905221874 0.35635170365053204 0
0.4532873803227688 0.3410242351722222 0
0.47367546861229076 0.3657165582450148 0
0.44925743912995914 0.43187598928409865 0
0.5340763659691837 0.37045645297776114 0
0.6115100960549616 0.49422656896089945 0
0.6341273684484221 0.5019944303226606 0
0.6372475069491658 0.47307292634785436 0
0.6201471945155104 0.44438148903101404 0
0.5039088885034457 0.3752820948348664 0
0.4573149051798024 0.31574594786599747 0
0.43489213999181264 0.30561557420187063 0
0.4192727985462484 0.2920905141236596 0
0.38260980642925685 0.3214753859558277 0
0.4102061625700336 0.3183425543865583 0
0.42690145402076635 0.32042103918608855 0
0.4151270684417315 0.34690685763630463 0
0.42131596518579 0.3629706184662419 0
0.4343008949637717 0.3473472443400439 0
0.39813570180474633 0.3351280143514898 0
0.39518779608787924 0.35752518741236194 0
0.3756025115899865 0.34413944105367156 0
0.34443164913101065 0.32208671444724807 0
0.3636206223616353 0.32801958005798576 0
0.3631030289298192 0.2956952834911154 0
0.3580798502050114 0.31194200950973666 0
0.33573502003455635 0.2961335142695236 0
0.3461490579483651 0.35053038623254545 0
0.33161267164685343 0.3570802295173383 0
0.3626971971888566 0.35572911587201733 0
0.3554427072359333 0.3701961749903853 0
0.39381747715304716 0.37310528712539315 0
0.33245531842922227 0.3370835206966131 0
0.34889813268503844 0.26338411565913994 0
0.3318586521519877 0.2481272791357638 0
0.30749312429929276 0.25996454512334305 0
0.32749620993193096 0.270143063832623 0
0.2847346345757977 0.26761344419251337 0
0.3047684061059068 0.29164868621648293 0
0.3117760929670942 0.2762920928435665 0
0.2793721913197234 0.3038843685533448 0
0.27459338307137365 0.3252842474152588 0
0.3009258745223007 0.3161470393270628 0
0.32293990794592736 0.3172040846931227 0
0.3112077721065386 0.3317768975091201 0
0.319285209657742 0.3005645641264188 0
0.2943848428620218 0.302570563541383 0
0.33574931253504514 0.31056239700510874 0
0.2748427588901601 0.2846828534971213 0
0.2910798427534236 0.28269146916653853 0
0.26313288164740534 0.3031879401657415 0
0.3492046645020793 0.2825273751214812 0
0.3942633824351537 0.3010176888994827 0
0.40917406151781927 0.30329441208904695 0
0.3812982910275492 0.28304630639000605 0
0.3654146762664501 0.27269372808611575 0
0.387749543111148 0.2557872273231828 0
0.402845995259752 0.23924567608642908 0
0.40568042864424664 0.2603578907237781 0
0.39039368386696705 0.2708059313691061 0
0.3775415693872584 0.30504026689301234 0
0.3739221914055158 0.2310939072262468 0
0.36660928750996 0.25126819636399006 0
0.3581531480539894 0.23679040307104307 0
0.35992446958130836 0.21701959068378227 0
0.34737148212178715 0.24794551894517183 0
0.38703075456596076 0.23997165806189574 0
0.3820611076199209 0.21721702398230847 0
0.5369746314621416 0.2617920422456886 0
0.51170178510418 0.25660196121803563 0
0.5840010136308305 0.26891098554831594 0
0.5544559799611041 0.2306293514813843 0
0.5351562274798041 0.2321442640936512 0
0.5226984037380954 0.21774689115355672 0
0.5176942985081611 0.233055384269228 0
0.50939502905701 0.21493366658038454 0
0.5865876712859277 0.21006575868971863 0
0.6759537507348959 0.020269005394276837 0
0.65625 0.0 1
0.671875 0.0 1
0.6448006434331367 0.01986490987102766 0
0.6603146002763128 0.024892759837660334 0
0.640625 0.0 1
0.627397806026981 0.017410698682176675 0
0.5625 0.0 1
0.5937499999999998 0.01317422084561517 0
0.59375 0.0 1
0.6091789985729078 0.026371350260573804 0
0.6104868819671184 0.00922455759176144 0
0.609375 0.0 1
0.5796152148996598 0.03538587470118504 0
0.5953585411732272 0.03403170612403548 0
0.5740540489093134 0.0162436375962028 0
0.53125 0.0 1
0.549063168975362 0.033882868266236786 0
0.5645981889664172 0.029369664069685244 0
0.5246264678306435 0.029491685410653234 0
0.5172002695512538 0.042420760490182036 0
0.5351278452690245 0.04124214183232406 0
0.5529919105631584 0.05819564333679194 0
0.566925470070337 0.047516642241124875 0
0.5385407037217855 0.06359922390216714 0
0.5394255266172783 0.017325771647696997 0
0.5060234976576365 0.019997966666922325 0
0.5212000953344041 0.013232525408236485 0
0.515625 0.0 1
0.5558950029246168 0.015231645591104967 0
0.6141689918032179 0.03964872383133177 0
0.7215535873493895 0.03535314288132267 0
0.71875 0.0 1
0.7158876305714428 0.01801472960023899 0
0.73881158997916 0.020118477900778087 0
0.734375 0.0 1
0.7418244329052698 0.04092382461933047 0
0.756888407000646 0.028121575818394823 0
0.765625 0.0 1
0.768275695293665 0.016241393824038435 0
0.7028931584155265 0.14132269217016988 0
0.687398555126763 0.1427367445018039 0
0.5045314747146837 0.12085747893723786 0
0.3877706151305022 0.1858479920620973 0
0.37561405692447564 0.17541697119033584 0
0.33748456414775413 0.18941931218020555 0
0.3536063851653589 0.1431729731222174 0
0.37700531209248206 0.07371600081464419 0
0.279145504782213 0.08709423008551058 0
0.021564179643742305 0.17187499999999997 0
0.05242560032548071 0.1675553645129516 0
0.061432802581869006 0.15215416356493514 0
0.03576135429448098 0.16090224793060534 0
0.0411494492944961 0.19939722440887794 0
0.03851076079480066 0.18054524579139233 0
0.0206256093422844 0.19327261508895208 0
0.0 0.21875 1
0.02455841603721515 0.2175440616283229 0
0.0 0.203125 1
0.04810995497629909 0.22241870297337685 0
0.05598410996763198 0.20747497740363266 0
0.057743523928109684 0.1871997273437957 0
0.07338371010118121 0.17242378531221392 0
0.07643627783517848 0.19132035855900542 0
0.03236376485237128 0.23916423289993827 0
0.049988273198291085 0.24776613904965922 0
0.06456552434283284 0.23407071727866294 0
0.01904848031380314 0.2531439376024957 0
0.012980168273279368 0.2340329635061413 0
0.0 0.234375 1
0.0 0.265625 1
0.017718734292936533 0.27189082885782806 0
0.08767248066827439 0.16530279363650038 0
0.08933046850051832 0.18145389994222674 0
0.015690556115271002 0.15728828886872764 0
0.0 0.171875 1
0.019585330137995585 0.1271383036876087 0
0.0 0.140625 1
0.011615313255042597 0.10937500000000001 0
0.0 0.109375 1
0.12138884436199703 0.21133703177725308 0
0.10497755377530328 0.22216383143706886 0
0.08753706425051573 0.22092062059144682 0
0.08491814318635584 0.11634740131408143 0
0.11962728497978409 0.12050021931654066 0
0.10719319885813813 0.2477707525612249 0
0.0 0.296875 1
0.03941970828543607 0.3227407862226418 0
0.039971579037872774 0.30285826416013484 0
0.02020879134469147 0.3086036269274481 0
0.0 0.34375 1
0.01349260873521479 0.32812500000000017 0
0.0 0.328125 1
0.033421122528988025 0.3589719246102095 0
0.01893965398591006 0.3464667861165726 0
0.0 0.359375 1
0.0364239090440863 0.3408569338382284 0
0.057864849082440745 0.35371740819964187 0
0.05591440452237057 0.3132497024743133 0
0.05658744433215007 0.3334981197938624 0
0.06010857341509105 0.4236377986991708 0
0.0 0.4375 1
0.0526371966415107 0.38888135746626784 0
0.07875890016072391 0.37479418403432363 0
0.07320624804166795 0.3594038543855917 0
0.059820672706341116 0.37197873033689866 0
0.07653153616745854 0.40192619777779826 0
0.09710062702948653 0.38995735496438555 0
0.10113481656105333 0.42054928146294374 0
0.09272487423266053 0.40609634974733416 0
0.0806735321941803 0.42278211834017787 0
0.10230399446709375 0.5261314416493028 0
0.09654941732584366 0.473397612098767 0
0.07164766419785197 0.4534106768500896 0
0.09324662284803098 0.44313144366304374 0
0.0709465248391508 0.4365598728570523 0
0.04655080688907089 0.4460149346992316 0
0.04636688115409651 0.4929190283276806 0
0.053270046641452025 0.46949369038577443 0
0.0 0.46875 1
0.026700993060494244 0.4643964767040695 0
0.03792209013398733 0.4777006410189814 0
0.01638968530973257 0.48447748913955047 0
0.025296457495382278 0.5102957514576543 0
0.0 0.625 1
0.0 0.5625 1
0.04127461027253601 0.46022574340736144 0
0.07340238794077779 0.4881562582616582 0
0.07070546618260745 0.4708753590944577 0
0.05870194864100447 0.48382421551910143 0
0.08758306353294468 0.4590627722362577 0
0.1344897652557281 0.4448693229438248 0
0.11413123745703126 0.4377578687985095 0
0.10790864410122883 0.4568447440308759 0
0.1389911772279805 0.49034880371221806 0
0.11967844781336691 0.47709565192169595 0
0.13012022338739607 0.4246816405700029 0
0.11655399672378455 0.4161169199155182 0
0.1650357753192611 0.42769103712853296 0
0.16999066747496422 0.4024139237800976 0
0.14882714735471295 0.4116935024733818 0
0.14711396565165194 0.43157014005123684 0
0.16236415450922212 0.4586876549955644 0
0.15468668074829725 0.3962839419579189 0
0.17924319689555954 0.4173518238477903 0
0.18692413638309618 0.4428374597276437 0
0.10427848324647915 0.4992350768555025 0
0.12166295327555086 0.49490179808446305 0
0.10664190205558033 0.4844533037248949 0
0.14065841072083243 0.46722127834500804 0
0.1250889723155085 0.45949091651085094 0
0.13951171189780687 0.5275811126113378 0
0.13463726343496568 0.5090294677589782 0
0.12107724672192295 0.5225085685010163 0
0.11944176331599825 0.5644854074002592 0
0.12516448380603673 0.5436880936084965 0
0.10307076994216999 0.5487946543602191 0
0.16679900868463643 0.5663305198713721 0
0.14862750575033098 0.5501443272251678 0
0.17449827709833265 0.5084721818908785 0
0.15449870611211536 0.503810869650945 0
0.16983678534763838 0.4832373350299331 0
0.15588243797246 0.4740727425025409 0
0.18902309124634903 0.49274112537853293 0
0.201443103525954 0.5187798439013731 0
0.20674532232314882 0.5002693551530052 0
0.190030274688993 0.5082421398616036 0
0.2213640164007582 0.5049365111807064 0
0.2153383477278144 0.49072740663489106 0
0.18413731914092238 0.46547229247387856 0
0.20082354490193305 0.45603773898580047 0
0.1639896214809277 0.5308148095461066 0
0.15303235214494865 0.5194960683755484 0
0.16639242953111025 0.5484937111996219 0
0.18655722286783377 0.5367502976703754 0
0.17791898783644575 0.5237237227160942 0
0.14274504623449052 0.575041553818061 0
0.16914902066382995 0.610385532541539 0
0.16130077108568924 0.588713994833467 0
0.13149111359203947 0.6097427575832999 0
0.15040794562453175 0.6049156553522824 0
0.13713976232395134 0.5923991875140725 0
0.10675677410545509 0.5920953573205363 0
0.1453899122665853 0.6247305310901125 0
0.09741292621487857 0.5710835208525986 0
0.05194207190412015 0.603887656262887 0
0.0781140613755797 0.5922491167669113 0
0.09240172289247131 0.5858954724231816 0
0.054842938296571477 0.5484149512388874 0
0.07891024973933841 0.5545242384530116 0
0.07332033894068818 0.5260846996073324 0
0.06937444281931877 0.5416294117063573 0
0.08775515705420533 0.5380166051293579 0
0.06140477492423909 0.5730256241618558 0
0.07943577394599538 0.5725537534762893 0
0.03065411506864422 0.5680444253525789 0
0.04714513309340652 0.5636474969775964 0
0.2009923549687954 0.5865967397938012 0
0.18082585131335563 0.5816430751449739 0
0.1868078027319366 0.6008164130983209 0
0.23031227235143373 0.6300288357352628 0
0.21141204305406086 0.6111752879767511 0
0.19662558586218287 0.5608479506729706 0
0.18232656501437783 0.5526701138342931 0
0.22308698784177775 0.5696050061239842 0
0.2075343965368814 0.572242589387387 0
0.13543839291440113 0.5601716765665902 0
0.222659029342475 0.5919094000655629 0
0.2556592166139233 0.5813862780841939 0
0.23736940809250975 0.5810353481720052 0
0.24532628428540385 0.6071864819926674 0
0.24689225515421317 0.5615131435304274 0
0.23534792174479294 0.5493909837403218 0
0.2642226026935093 0.5657382473220074 0
0.2790021361541476 0.5839935204220015 0
0.29670009726968755 0.5744453262553124 0
0.26536993100132483 0.6002446624002606 0
0.264327072239465 0.6296412235106937 0
0.25916673225596243 0.614741379141863 0
0.22824007134094343 0.6080832962834473 0
0.30088359899647565 0.6308284280271411 0
0.28308094703808195 0.6155897487292059 0
0.3011218899054616 0.6125316920426918 0
0.3530139227706172 0.6223574371894939 0
0.33003103034104037 0.6017956213705752 0
0.2846053679734536 0.5993315741634876 0
0.32719262487638234 0.6280936671914408 0
0.35276101399395143 0.6822036160927343 0
0.34610720108528237 0.6522518733646817 0
0.31676954208598807 0.6557380315253226 0
0.33343319921564435 0.6707823642820082 0
0.29712311269780195 0.6942499470108112 0
0.32795103495847167 0.7021241970157008 0
0.3366006287496854 0.6874867693961528 0
0.3154861195771744 0.6828379261985129 0
0.2950403382589105 0.6704186618984918 0
0.3099010406172588 0.6689930846265283 0
0.2974380107771804 0.6505462121957 0
0.2823612195613978 0.6377516731446251 0
0.35768476095404933 0.7199600916281613 0
0.35020292671558445 0.7017364969693058 0
0.380144993994154 0.7000912144789168 0
0.3647781920445202 0.6937113713821095 0
0.38858982340049575 0.6580540488361599 0
0.372809927640876 0.6732956351365701 0
0.367743506617706 0.6522608739988807 0
0.3569198175943826 0.6655647859271071 0
0.3867343996947361 0.6243270935476729 0
0.3819608919170983 0.6415042128463062 0
0.4097515055111627 0.6399753655839593 0
0.369555086820786 0.6288048128320216 0
0.37203825904386306 0.6031376862064584 0
0.3576257417271861 0.5683082808246406 0
0.33674168578937297 0.5598273697696613 0
0.3243281168839724 0.5570294154631028 0
0.3264112037492426 0.5767238322619193 0
0.3110508469641314 0.5821670819350093 0
0.34584655688583554 0.5867149927507606 0
0.36467142261699764 0.5857894311004054 0
0.34801361340349496 0.6048210854403767 0
0.3915181610346498 0.6053182279500402 0
0.4269997665234248 0.5946774811458764 0
0.40779928248604796 0.5951305424381593 0
0.41045605166230864 0.6174797901906157 0
0.41673769996093163 0.5668562579774122 0
0.4346853884038935 0.5614066416955615 0
0.44211952783308983 0.5806470566037749 0
0.42655650183951693 0.5790377510004611 0
0.42232919670060937 0.629110469683903 0
0.435648883270335 0.6133839249396107 0
0.44891719528295665 0.5989985732640893 0
0.4539881678268618 0.5760515347545362 0
0.41556247171016064 0.5480896623973411 0
0.38598911261687663 0.5531707993267725 0
0.3770839229843612 0.570626205023512 0
0.3778589166371811 0.5839226106295673 0
0.38819653750878663 0.5345190342028477 0
0.3877322750383843 0.517428644629328 0
0.449879431745536 0.6219502603548189 0
0.4164576321434207 0.6692496607052284 0
0.3955389957991961 0.6810380572412652 0
0.4048088868503033 0.7042730392549853 0
0.4255580718547466 0.7053019285342513 0
0.4159890105946103 0.6885426681445544 0
0.4336224733044841 0.718906363037127 0
0.3908234604183616 0.7119341504066652 0
0.40443680067998306 0.7196451415333296 0
0.437923187793638 0.6954687805934087 0
0.43669704415645283 0.6599286478459764 0
0.4260118179232463 0.6461876210336762 0
0.44620757113263937 0.6474021411950945 0
0.40545081603366684 0.6563658272802008 0
0.3813871459091436 0.6853494394637171 0
0.3728508583811319 0.7312285080483877 0
0.33037929517248804 0.6450823267890966 0
0.3180424548008819 0.6138038688127428 0
0.24757458288806422 0.6522046357589969 0
0.2546698508184798 0.6940612032412997 0
0.2759412124055191 0.684094517788367 0
0.25734063592578316 0.6720788113379897 0
0.21901402987420218 0.6785757019135107 0
0.23914254315723388 0.6810212471364753 0
0.23111553722007505 0.663030504962037 0
0.19500056456599069 0.6473989376376241 0
0.21103741140069643 0.6598831808659763 0
0.2233884167688078 0.6467079736680742 0
0.1788746157117829 0.6846561230371487 0
0.1981583274543632 0.6764272270561041 0
0.18127745775001217 0.6635776671920016 0
0.15343630173020173 0.6710800941450346 0
0.16884093706328177 0.6728361480815197 0
0.16881109115055404 0.6390939922249179 0
0.20443105481540472 0.7178361354775914 0
0.23023416512914557 0.7073934214637276 0
0.20664747975514658 0.6963208271555917 0
0.18661210926500968 0.7051286777420054 0
0.11618817364257265 0.8227271350188455 0
0.1561093095577421 0.7667479956831894 0
0.17632759427434427 0.7383970444556595 0
0.1869762161727214 0.7234650873528176 0
0.1590979209478394 0.7148468480619555 0
0.20420588949921836 0.7470152837465235 0
0.16931573064779168 0.6999673026819193 0
0.18825910202660603 0.6245728825240449 0
0.20758870985633737 0.6312726046951765 0
0.19652075287411608 0.6121456073525426 0
0.18342363009495827 0.7648422738505042 0
0.22901501539277472 0.7969643567967585 0
0.21028633905604566 0.7751309341237166 0
0.17653952642795326 0.8230283242050175 0
0.19947728003533674 0.8033523544939212 0
0.19145045506514932 0.784097314172211 0
0.17767281471722804 0.8011413686399247 0
0.17079919706479402 0.7814944110650002 0
0.14000086886652735 0.7974846832593713 0
0.15769468797276764 0.8110797360569657 0
0.15288654502533677 0.7846484021480513 0
0.126028288829072 0.7705725644074102 0
0.16289342879796706 0.7964810360531109 0
0.137532328261251 0.8190091497583035 0
0.11201110817128361 0.7949334759078905 0
0.12449130940246983 0.8072685578903467 0
0.12682321530628196 0.7872431355966869 0
0.06447034871153551 0.7513655209363189 0
0.0 0.875 1
0.04618823782343975 0.8190366038062489 0
0.0 0.8125 1
0.08156580567132254 0.8137197645759183 0
0.100800739053259 0.8108289765817397 0
0.09310492526241437 0.767841753057809 0
0.08797729621953332 0.790942215590581 0
0.10182769351743746 0.7818972765692057 0
0.07002219431759216 0.7748373832363742 0
0.0782761722898601 0.7604925280320135 0
0.10810712745248624 0.7189365337102211 0
0.08566469590052968 0.7343113097456462 0
0.031794529643430776 0.7714869220937184 0
0.051462929671909984 0.7668347168753863 0
0.0 0.6875 1
0.03460207039972796 0.7394538012720993 0
0.0385004160903687 0.7559350652951665 0
0.019439131946930855 0.751741994517005 0
0.047213715473561985 0.7927727905875168 0
0.06785196651318173 0.7975684163868054 0
0.063672177241762 0.8150151750644389 0
0.07090461361399322 0.8864777101942076 0
0.0751947215662719 0.8499462750921626 0
0.05925702607479566 0.8358375700898486 0
0.04747067668710245 0.8652080966293062 0
0.058607789114259755 0.8526272179101597 0
0.03542331852953992 0.843323323738799 0
0.06957084766747966 0.8678034537239512 0
0.11926278823858734 0.8736390796393497 0
0.13147367909659466 0.8473528422305144 0
0.12879242211483297 0.8319603219323783 0
0.09497253364388789 0.8659891965516054 0
0.0771994985205999 0.8316253610327459 0
0.09755078732513082 0.8309310856280031 0
0.09299089998638228 0.8482196018801134 0
0.11214761110650957 0.8440266313657562 0
0.11015615961679426 0.8601661597449062 0
0.09911237874208202 0.8952328720146203 0
0.125 1.0 1
0.10402880260721728 0.8796220207101154 0
0.022607561344943006 0.8646366396557479 0
0.0 0.84375 1
0.01775589991273898 0.8472095884123183 0
0.021750988338841863 0.8232695135518113 0
0.0 0.828125 1
0.03122368420686378 0.8053003821512668 0
0.0 0.9375 1
0.02800415024394472 0.9062499999999997 0
0.0 0.90625 1
0.034595151244011545 0.8842386464179887 0
0.01674503752574968 0.8816883642939317 0
0.051762395905012144 0.9013716144415841 0
0.05289075625698476 0.8830737177157839 0
0.0625 1.0 1
0.04967500429038499 0.9514975578658631 0
0.04447532818748519 0.9261745937968301 0
0.021385735978331065 0.9284917407350948 0
0.0 0.96875 1
0.019171810153688684 0.9531250000000004 0
0.03125 1.0 1
0.022821940036372775 0.977178059963628 0
0.046874999999999695 0.9812625479193587 0
0.03720571668778775 0.9653387608674331 0
0.046875 1.0 1
0.0 0.984375 1
0.015625 1.0 1
0.033874885858220245 0.9420303274338747 0
0.0 0.953125 1
0.014002075121974215 0.9141890227377814 0
0.08349101912858066 0.9313586478525024 0
0.07375144695020475 0.909884678507324 0
0.05843069159021048 0.9168026998424532 0
0.09307901565999617 0.9140642999319178 0
0.13368098526214142 0.9478790248433044 0
0.12704465329532966 0.9145642593862708 0
0.11013788672315418 0.9091475346576963 0
0.12435254498716304 0.8938737147825924 0
0.1995354523809357 0.8946118544611499 0
0.16189228835488162 0.8995097185126453 0
0.14597719783084717 0.8776768690279474 0
0.14231694485330484 0.9020567246879405 0
0.15020696139663384 0.9272686707255444 0
0.08314293126698698 0.8968658501233647 0
0.1843907050750101 0.9253195724639885 0
0.166821567327815 0.9179237198620636 0
0.18248131132691484 0.9052893981698049 0
0.1784879238106322 0.8799529879674155 0
0.16195739973605383 0.8827451653888393 0
0.16525016464919778 0.8519104089234393 0
0.1545844444106266 0.8327696531655204 0
0.14848632471750925 0.8487096663020366 0
0.20441086573031342 0.8505700302115179 0
0.199439156182759 0.8723104291731265 0
0.2440023946817348 0.8832689283638899 0
0.22447323476880315 0.8665966769040683 0
0.2218863593389836 0.8894007674423003 0
0.2482587027184266 0.9415698539557682 0
0.24029464216611723 0.9128454464176093 0
0.21566104807410696 0.9132379978641317 0
0.1979556135532809 0.9139203913356204 0
0.2078039033022523 0.9394103964553586 0
0.22826861821291244 0.9312884676423275 0
0.2278287270205142 0.9036841850082981 0
0.24731567401732332 0.8596139594622066 0
0.23119181790081728 0.830326204304139 0
0.2232116238650404 0.8476054849144579 0
0.24485440207971151 0.8418867396140267 0
0.28655230986207547 0.8771692402709026 0
0.26947273221169304 0.8627174310143327 0
0.26586270367044473 0.8843023508679049 0
0.29089493799018895 0.9233367287608035 0
0.28311818829270674 0.9007802456523863 0
0.26151404414525214 0.9061300549106556 0
0.255525229667188 0.9240889021064612 0
0.27313074221119227 0.9199819070133998 0
0.2767892601693573 0.9493188192121055 0
0.3125 1.0 1
0.247499144470157 0.8987279491466471 0
0.3334514892088642 0.8960457709064384 0
0.3077100014721177 0.892301779626265 0
0.29930246973115177 0.9078192541935343 0
0.32704995954028104 0.9328895195306177 0
0.31013230292952515 0.9237233543585047 0
0.3055837780433453 0.9523136341287355 0
0.32644719366888386 0.9138067891556394 0
0.3729608577324396 0.9218884478254628 0
0.35053832834497406 0.9130458229049679 0
0.35296533258380447 0.9397416680936888 0
0.3584701349577299 0.9257829630585493 0
0.374556619111937 0.884991946032291 0
0.354418235588287 0.8920590476428433 0
0.36965917664876163 0.9032628922513847 0
0.4132180236202417 0.9051467978346942 0
0.39164792044777763 0.8993650316390522 0
0.35402052820704477 0.8586990643250078 0
0.34041550782166646 0.8755436214921727 0
0.3281296040759759 0.8517040031602736 0
0.35985042860526706 0.8753119243904137 0
0.3764193054471578 0.8661510326593596 0
0.3093284959915096 0.8676816924110002 0
0.3225232440879936 0.8808999274597464 0
0.2973354782139941 0.8345188160602699 0
0.2818518762342722 0.847084382896571 0
0.2991722671876272 0.8526045747404042 0
0.3969354179529379 0.922765704429566 0
0.4390206886469812 0.9453257484660521 0
0.4375 1.0 1
0.42090554921241247 0.928584546596739 0
0.39933096675213225 0.9651781693385684 0
0.4170260211033004 0.9509539830291897 0
0.39690468486070457 0.9440413256746747 0
0.3734129719246068 0.9574455985237802 0
0.4234528302565641 0.9770675294577827 0
0.40625 1.0 1
0.43138279125923407 0.9612682607307056 0
0.46154187207172215 0.9659162971516433 0
0.3845434924463402 0.9333856368466481 0
0.4506181260263631 0.9146049998837521 0
0.4313342914569328 0.9121843246648889 0
0.4391641049098127 0.9278304321964725 0
0.44357037967784624 0.8927287080857348 0
0.409225050925792 0.8769166261019122 0
0.39460959902778503 0.866087062930076 0
0.3911960388694599 0.8825540386488533 0
0.40521379445883765 0.8918814677983177 0
0.4244646157673403 0.889021541036551 0
0.4377484286293992 0.8716468879788333 0
0.43366203622588173 0.8556669745835012 0
0.4554651903856992 0.8704439407562535 0
0.18504753144486777 0.8575805983132031 0
0.18901083206073005 0.8382810674880268 0
0.20908564511993613 0.828917952090126 0
0.2211191741544132 0.8142314867425964 0
0.19388587298274484 0.820042146653768 0
0.4827671447169671 0.9166125586573403 0
0.5038120235554606 0.9100675120569569 0
0.49840549796172073 0.8902700067941703 0
0.480384937384441 0.8973851934485781 0
0.48249609171156715 0.8793218373890495 0
0.4636243507771714 0.9027501304241878 0
0.47113569201120764 0.8683213157258363 0
0.49210882672970907 0.9317000497776383 0
0.3696693317905698 0.9411091724684414 0
0.4632157228201479 0.9414738062579772 0
0.4526511980486566 0.9530288941678223 0
0.47210639684321215 0.9543612092417929 0
0.48569999555019056 0.9773964758253121 0
0.46875 1.0 1
0.492917115183252 0.9632167601670464 0
0.468597058874744 0.982228294339342 0
0.4476219189236488 0.9816186249132378 0
0.453125 1.0 1
0.44565332928244683 0.9665351053469097 0
0.484375 1.0 1
0.503041032476434 0.9822509317115947 0
0.4661878326201006 0.9236926836167337 0
0.43424096352633695 0.9862278095001465 0
0.4060605980612811 0.9819393189389501 0
0.3846251963098244 0.9808141165250039 0
0.390625 1.0 1
0.3403424602827971 0.9749810459460807 0
0.34375 1.0 1
0.3620123350374624 0.9814770015833102 0
0.35553718787788796 0.9636851886076394 0
0.359375 1.0 1
0.328125 1.0 1
0.3354994879833169 0.953365807664636 0
0.320730181198877 0.9474788629810819 0
0.3168594321799532 0.835716436182865 0
0.3089824216070779 0.8043883516847904 0
0.30794482437569914 0.8213035656148482 0
0.2818403144177405 0.8112128565572087 0
0.27680096770035273 0.829150245831098 0
0.2535634140679256 0.8129452920426818 0
0.2650309916731062 0.7684849559997231 0
0.23561075940833284 0.7549388103647285 0
0.21794483166966747 0.7587593438060107 0
0.23155844873304313 0.7758331774028635 0
0.24739585970666897 0.7680645865662483 0
0.25570062663475557 0.7897874653310671 0
0.2442490875302909 0.8004081482457329 0
0.2671161198033955 0.8025185236859144 0
0.2878821535761583 0.7841655966193615 0
0.27125491673209756 0.7839055712635232 0
0.3013060341954433 0.740112529437001 0
0.28764444315885257 0.7600213607279511 0
0.3235921946805993 0.7700472211386801 0
0.3073321241286235 0.7588894373963392 0
0.30612196046881546 0.7780796607982775 0
0.33178058079128053 0.7406877390381826 0
0.3164449820459374 0.7456094065149975 0
0.3175281100215427 0.7226311609662504 0
0.35391574726154895 0.7429051555851791 0
0.3411135258431033 0.7591123210500863 0
0.33761531117969046 0.7214290627663118 0
0.3105012469595437 0.7061573945712364 0
0.28777210273016113 0.7182248549199991 0
0.2669084508551863 0.7390595786767454 0
0.25326136162708085 0.7509446220057343 0
0.24486207136842014 0.727522367195812 0
0.22344148694950336 0.7277093244217568 0
0.2342529856715215 0.7392115604708414 0
0.26485883024363244 0.7161434402973893 0
0.2776382803730854 0.7026219384774663 0
0.2475962439349365 0.7101558208692984 0
0.272572686690333 0.7541935634844938 0
0.2842310196715081 0.7355425271774529 0
0.3020428508261871 0.7245288353422906 0
0.20890455483944562 0.7324610988135406 0
0.2195353160922768 0.7435096354313695 0
0.3006270722631267 0.7919869526050982 0
0.34479814336359016 0.8414212525383911 0
0.36648226754708735 0.8409471324850274 0
0.3769197222805529 0.8302027906253473 0
0.29222033351557963 0.940876317756647 0
0.1875 1.0 1
0.17765723115393087 0.9630048594272869 0
0.1575193471378514 0.9500626315468867 0
0.16950464868168968 0.9361159689229172 0
0.14310305306232135 0.9762317294017401 0
0.15625 1.0 1
0.1599318181625249 0.9684470826698585 0
0.17431351251328625 0.983701407679 0
0.14459029216039546 0.9599955895522616 0
0.140625 1.0 1
0.11154798426593607 0.9709760893001561 0
0.07837757590117107 0.9708763235874107 0
0.06468001058881621 0.9822986053941618 0
0.06163720369465204 0.9647255006379338 0
0.0763550045782058 0.9505249419020845 0
0.06450217661410657 0.9352002934497431 0
0.09499880579170636 0.9589482691529941 0
0.11358474111381454 0.9507747117900558 0
0.11281589744777316 0.9298820808612677 0
0.0986692026691001 0.9408631378335858 0
0.12974909916743116 0.9313438957262845 0
0.12593776518704033 0.9819360355231282 0
0.18822319049098898 0.9454485475628418 0
0.13428556630354066 0.8646383786521793 0
0.014002075121973467 0.8978071648291658 0
0.058682473804043934 0.7224756789600963 0
0.02887662311570783 0.7057673722055021 0
0.0397876358097002 0.7212426752097217 0
0.05217017474914863 0.7388050727088116 0
0.06909383585174003 0.7354145372562746 0
0.08229327692545298 0.7053231752449488 0
0.05548265973863181 0.6932444138271339 0
0.06543615188941715 0.7069456173042172 0
0.0896330891437282 0.6532368967344044 0
0.0783814275825284 0.6782116421075569 0
0.10804717611036951 0.6877692335934997 0
0.12635842385979595 0.6675034477678498 0
0.11465354645269805 0.6432315124696428 0
0.12656928111020074 0.628245341592353 0
0.0999648450672668 0.6193220231076363 0
0.07389533518862815 0.618008522403896 0
0.08617497712854649 0.6336522657138578 0
0.04908344884025236 0.6501261061379852 0
0.06974417805533623 0.6466511166438191 0
0.0563353885885185 0.6300856776602343 0
0.027845794805161337 0.6311086041059156 0
0.04229671495091136 0.6363378936054047 0
0.062316393247488944 0.6656460492528963 0
0.0596264904531387 0.616066388742419 0
0.08751712136763194 0.6070142575272028 0
0.02008529179192932 0.5999633066800367 0
0.0 0.59375 1
0.0 0.578125 1
0.0 0.609375 1
0.01812944053017582 0.5816065057115029 0
0.03762916036450318 0.5888114754969834 0
0.05397193404429403 0.5876283282095995 0
0.01624718417889276 0.6174591461843894 0
0.03506379254878196 0.6132224373629712 0
0.0 0.65625 1
0.024867792617057023 0.6558015130706054 0
0.012719735049592317 0.6718749999999997 0
0.0 0.671875 1
0.036695537603332586 0.6773681010098164 0
0.021534809304370343 0.6884700259075801 0
0.03928555799950686 0.6933571790032436 0
0.0524017033698617 0.6778362814338535 0
0.03909890814172446 0.6620233887090841 0
0.0 0.640625 1
0.016093185420678273 0.6422172518968544 0
0.11384129657534607 0.6083231390221584 0
0.10750329183893745 0.6616378878703881 0
0.09580385927689719 0.6749527267134641 0
0.12764054030206634 0.651926918321346 0
0.13649291038153066 0.695066012227685 0
0.1386648303067328 0.6786229601960208 0
0.1192139560645859 0.7033314616370837 0
0.13432008302729495 0.7258383183587013 0
0.1425452068966611 0.7109562284177969 0
0.11514908914787339 0.745420438363779 0
0.1387160912548151 0.7501557475417712 0
0.14066959895016093 0.7655204879124173 0
0.15836441989548075 0.7469714714735375 0
0.16175834994239774 0.7309782793130767 0
0.11916317803189025 0.7301749418800128 0
0.10237647875363982 0.7346384564129255 0
0.1540977401056779 0.6895245996275923 0
0.14100877130746226 0.6608775804575966 0
0.09982050645234823 0.7033687655847529 0
0.09161444915217985 0.7189292121199117 0
0.21251773464052562 0.7921662726211065 0
0.19963880757738786 0.7627183081047529 0
0.18820191613671103 0.7493854659753643 0
0.1575792184000494 0.6533833156219483 0
0.1615527826787176 0.6246523353719996 0
0.2628798126609911 0.6460674418114564 0
0.24737345311480935 0.6345545500414648 0
0.027330047891834516 0.5392299506688628 0
0.0 0.53125 1
0.01652327567793076 0.5254509227494741 0
0.0 0.546875 1
0.017185133588273074 0.5549992495571063 0
0.04778307485608183 0.5237634080941305 0
0.03215402641866533 0.5243523423338328 0
0.04286002093798349 0.538509998676527 0
0.0621218552839826 0.5076503535218355 0
0.041592630527908195 0.5085929355749143 0
0.08783564673385622 0.5115486489264549 0
0.12204672941163619 0.5824011628138402 0
0.20397256630398308 0.5360257415755499 0
0.2152719945219706 0.45601509566340764 0
0.17011339123387845 0.4437421238938977 0
0.19960041960772695 0.4280897555326823 0
0.216700287267644 0.42449184461283096 0
0.21138368282861908 0.408807836159191 0
0.029801971351734333 0.4942959831403699 0
0.023423362305436738 0.44094858218435773 0
0.0 0.453125 1
0.015347300975390003 0.4540305097375643 0
0.03881024285561665 0.4260293840767696 0
0.06882503505672376 0.3876361105464866 0
0.05896156676190903 0.40570310521344366 0
0.09287331165957556 0.36143639891220347 0
0.017569850455808465 0.08837414594676675 0
0.18122729787529235 0.012196868139241335 0
0.171875 0.0 1
0.1790321421049032 0.07030202108027533 0
0.24645021545266585 0.3024724982809961 0
0.12589800764600495 0.38361264181585936 0
0.11327235904376438 0.3948324791291131 0
0.1735357637618119 0.3577503153019892 0
0.19065598481622825 0.32785704699561813 0
0.2791406019249588 0.3520091750336351 0
0.4433296221099158 0.4580237465622993 0
0.41321798564371653 0.4656519503989383 0
0.4236524172149152 0.48198889431463837 0
0.43712286454961785 0.4849457322725826 0
0.29584548284878665 0.38304573558112803 0
0.4827792290490444 0.5800581586515161 0
0.4755971844863997 0.5934678898741373 0
0.4641057527525769 0.6051506896624571 0
0.5056691303535111 0.5914033225613209 0
0.5903860628575361 0.5648407880150697 0
0.5941714271915702 0.5865505216466417 0
0.5489925254917178 0.6517666832890693 0
0.690364419918926 0.6610894737094984 0
0.6053134932927497 0.6987211310086233 0
0.6646529564823509 0.6979474760825495 0
0.6707358533424286 0.7144401047504372 0
0.6796718936204178 0.6855958273530983 0
0.6497520744884325 0.7328029058833266 0
0.5845377046336788 0.7920011455429488 0
0.5300690809218084 0.5920035725076266 0
0.4833931154633618 0.6161454311731158 0
0.5498245318143439 0.7346887459654844 0
0.5483912390173861 0.8256136799769807 0
0.3901222104008837 0.744061129468279 0
0.46002737868004956 0.7764145517110655 0
0.38804066760176825 0.7668287239044363 0
0.346054525106671 0.7979914915979003 0
0.34125728164270236 0.7788476029502156 0
0.3243532902719812 0.7906493032730959 0
0.3266133580259264 0.808645581079025 0
0.35761635882622106 0.7849212139468318 0
0.3684624431061231 0.7685329908570357 0
0.35670204996345684 0.7582659790119893 0
0.3502263875390238 0.8164937474718463 0
0.6534124527660061 0.9708364962011142 0
0.6624518651669061 0.9846767760657963 0
0.6387221439846404 0.893122430163659 0
0.776359847471622 0.7685583731605997 0
0.9056511455820151 0.6912015887782417 0
0.8469516417567062 0.6109398690170144 0
0.8350132700274879 0.49190126422478486 0
0.934718361374773 0.673080273328477 0
0.9194898215236565 0.6577530035627835 0
0.9834294401108634 0.5482281965639604 0
0.9180922299675924 0.37658955397095534 0
1.0 0.390625 1
0.8653522636348097 0.4272911056769933 0
0.7521688971775269 0.5381770997937825 0
0.6998829236299259 0.6932108623462685 0
0.7150562385100873 0.6811707425223129 0
0.7271603314353066 0.6939634312944083 0
0.0 0.71875 1
0.019652052447120122 0.7238553545943256 0
0.0 0.734375 1
0.0 0.703125 1
0.09375 1.0 1
0.10893006881352854 0.989339713885486 0
0.109375 1.0 1
0.09494157331037618 0.9779770990499776 0
0.08097137782101588 0.9882649124053807 0
0.078125 1.0 1
0.0 0.78125 1
0.0 0.765625 1
0.019527703057579653 0.7881913797223947 0
0.015229354762405976 0.7721786441600585 0
0.0 0.796875 1
0.11012092267468167 0.7625241870272101 0
0.39780833063682486 0.5680010983049053 0
0.35739416288999853 0.5455629792223252 0
0.36993257649215555 0.5559785425000879 0
0.35167517447820124 0.5289339005556701 0
0.08834082913394398 0.4950880449618129 0
0.025454295458820567 0.3852180584715376 0
0.0 0.40625 1
0.017644483798566705 0.4195943382349701 0
0.03359902860332554 0.40514370839254665 0
0.016626878298350672 0.40045375014110074 0
0.040604324178086286 0.3754845380775761 0
0.017409809847197553 0.3684440083893926 0
0.7581776675939247 0.47439589116731995 0
0.7072520009776937 0.3574148144556173 0
0.6981510415372387 0.3725851273176417 0
0.6773811863196045 0.3771746676299482 0
0.6630157127714809 0.37074621492524235 0
0.7683601878582889 0.37474038212074035 0
0.759857105456286 0.35805810938739624 0
0.7796635327539685 0.3584708009703147 0
0.7478926132081531 0.34484737860950454 0
0.7890494942046169 0.3719696651443072 0
0.7525248449300967 0.38137918543308713 0
0.7694391539077609 0.390018242835875 0
0.7929015492991689 0.3553112706392633 0
0.7049559864786269 0.414379127051278 0
0.6873035323213823 0.42273353338495373 0
0.6739651559600406 0.4115306401157461 0
0.6841991273833401 0.39738412119138705 0
0.716975670838421 0.4243142222443601 0
0.7878958123010865 0.10767498879950924 0
0.8525734095956927 0.26728094094172455 0
0.8549639294784809 0.2853256940278237 0
0.6333144617950924 0.24051839775018505 0
0.5908589645541455 0.29352763737377896 0
0.6811194350648729 0.08072087498626312 0
0.3285456135342237 0.08686116997567683 0
0.22925792370388645 0.09061537859138583 0
0.24620578435662188 0.09380298421383657 0
0.44469893546028644 0.020553094574714235 0
0.4512911179173725 0.034682587951471514 0
0.484375 0.0 1
0.47682433457170753 0.015257574244153634 0
0.4921264294607399 0.7416045576125716 0
0.8243790936910455 0.6980339573382015 0
0.9812497752954731 0.6881638551358403 0
0.8307840542671274 0.9902007981425653 0
0.828125 1.0 1
0.7775329678252492 0.8414059344152718 0
0.7832014687663799 0.8258336330943857 0
0.7900393375748 0.8521063036241819 0
0.9814100551265222 0.6192658032095677 0
0.21875 1.0 1
0.23437500000000036 0.9712246265790748 0
0.22474829740120966 0.9522616606024048 0
0.2032084318644432 0.9664247779549849 0
0.19296525361380734 0.9820946941561399 0
0.2114495042643709 0.9829946981414456 0
0.25749230671898926 0.9639702274692781 0
0.26149985573379414 0.9492150177577857 0
0.2426087460951401 0.9570020765507715 0
0.2502184221642039 0.9812515303040291 0
0.28125 1.0 1
0.2720032653741428 0.9802495238173827 0
0.265625 1.0 1
0.2968749999999993 0.9806449257053315 0
0.23385717510101064 0.9895733148301914 0
0.234375 1.0 1
0.2846628835498194 0.9663727545824561 0
0.296875 1.0 1
0.31875859491760444 0.9789631234494492 0
0.3069273687261311 0.9682307863885092 0
0.12706550775871236 0.09395299437005757 0

Edges
223
1 1165 1
1 1167 1
2 1819 1
2 1822 1
3 520 1
3 521 1
4 2461 1
4 2462 1
5 2081 1
5 2893 1
6 117 1
6 179 1
7 630 1
7 2590 1
9 2172 1
9 2750 1
10 2838 1
10 2847 1
11 2916 1
11 2919 1
41 457 1
41 465 1
62 369 1
62 378 1
97 204 1
97 221 1
115 183 1
115 217 1
117 183 1
123 1644 1
123 1669 1
124 177 1
124 2830 1
125 158 1
125 162 1
127 158 1
127 179 1
161 162 1
161 2830 1
172 1643 1
172 1691 1
173 1643 1
173 1644 1
174 177 1
174 1691 1
198 203 1
198 462 1
203 204 1
215 217 1
215 221 1
289 437 1
289 528 1
337 533 1
337 635 1
345 487 1
345 493 1
360 532 1
360 533 1
369 532 1
377 385 1
377 2899 1
378 385 1
379 493 1
379 2899 1
426 433 1
426 458 1
428 433 1
428 528 1
436 513 1
436 524 1
437 524 1
457 458 1
462 465 1
472 485 1
472 522 1
485 487 1
510 513 1
510 521 1
517 520 1
517 522 1
607 2596 1
607 2601 1
614 622 1
614 627 1
616 622 1
616 635 1
627 630 1
851 1073 1
851 1380 1
910 2122 1
910 2123 1
911 2148 1
911 2858 1
997 2139 1
997 2145 1
1051 2130 1
1051 2132 1
1052 1085 1
1052 1095 1
1055 1082 1
1055 2777 1
1065 1085 1
1065 2777 1
1073 1082 1
1079 1349 1
1079 1356 1
1088 1090 1
1088 1160 1
1089 1090 1
1089 1167 1
1091 1114 1
1091 1168 1
1093 1095 1
1093 1160 1
1113 1114 1
1113 2132 1
1121 2111 1
1121 2128 1
1133 2123 1
1133 2139 1
1157 2128 1
1157 2130 1
1161 1165 1
1161 1168 1
1243 1339 1
1243 1347 1
1255 2088 1
1255 2091 1
1256 2058 1
1256 2065 1
1334 1339 1
1334 2893 1
1347 1349 1
1352 1354 1
1352 1363 1
1354 1356 1
1363 1380 1
1422 2055 1
1422 2085 1
1445 1807 1
1445 1839 1
1449 1831 1
1449 1836 1
1452 1836 1
1452 2091 1
1646 1655 1
1646 1767 1
1648 1652 1
1648 1655 1
1650 1652 1
1650 1669 1
1763 1817 1
1763 1827 1
1767 1817 1
1793 1802 1
1793 1824 1
1795 1802 1
1795 1807 1
1798 1831 1
1798 1839 1
1819 1827 1
1822 1824 1
2054 2055 1
2054 2058 1
2060 2062 1
2060 2069 1
2062 2065 1
2069 2081 1
2085 2088 1
2109 2111 1
2109 2122 1
2143 2145 1
2143 2148 1
2154 2769 1
2154 2858 1
2172 2769 1
2177 2705 1
2177 2720 1
2178 2704 1
2178 2752 1
2397 2438 1
2397 2445 1
2399 2441 1
2399 2850 1
2411 2714 1
2411 2839 1
2435 2661 1
2435 2842 1
2438 2441 1
2443 2445 1
2443 2464 1
2450 2460 1
2450 2845 1
2454 2461 1
2454 2464 1
2456 2460 1
2456 2462 1
2513 2602 1
2513 2921 1
2543 2550 1
2543 2588 1
2550 2596 1
2584 2588 1
2584 2590 1
2598 2601 1
2598 2602 1
2652 2657 1
2652 2904 1
2657 2661 1
2703 2704 1
2703 2705 1
2711 2714 1
2711 2720 1
2750 2752 1
2836 2838 1
2836 2839 1
2840 2842 1
2840 2845 1
2846 2847 1
2846 2850 1
2904 2919 1
2914 2916 1
2914 2921 1

Triangles
5623
2 1819 1825 0
6 117 182 0
6 122 178 0
7 2590 2591 0
8 918 921 0
8 919 920 0
8 920 930 0
8 930 934 0
8 934 2220 0
9 2172 2175 0
9 2175 2176 0
9 2176 2751 0
12 2346 2808 0
12 2808 2810 0
12 2810 2816 0
12 2816 2817 0
13 54 65 0
13 65 70 0
13 70 768 0
14 811 815 0
14 815 1967 0
15 2313 2328 0
15 2327 2852 0
16 707 729 0
16 729 730 0
17 30 791 0
17 791 794 0
17 794 796 0
17 796 1916 0
17 1916 1919 0
18 1604 1606 0
18 1606 2871 0
18 2870 2872 0
19 1532 1857 0
19 1857 1897 0
20 87 88 0
20 88 93 0
20 93 231 0
20 230 261 0
21 243 244 0
21 244 246 0
21 246 1872 0
22 1893 1898 0
22 1898 1899 0
22 1899 1905 0
22 1905 2832 0
23 35 37 0
23 37 43 0
23 43 46 0
23 46 50 0
24 39 1911 0
25 33 34 0
25 34 1918 0
25 1908 1909 0
25 1918 1920 0
26 29 76 0
26 73 74 0
26 74 2797 0
27 29 30 0
27 30 1919 0
27 34 76 0
28 29 776 0
28 775 790 0
28 790 791 0
29 26 2797 0
29 27 76 0
29 28 30 0
30 17 1919 0
30 28 791 0
31 33 35 0
31 35 49 0
31 49 73 0
31 73 76 0
32 33 1909 0
32 1909 1910 0
32 1910 1911 0
33 25 1909 0
33 31 34 0
33 32 35 0
34 27 1918 0
34 31 76 0
35 23 50 0
35 32 37 0
36 37 1911 0
36 39 78 0
36 78 79 0
37 32 1911 0
37 36 43 0
38 39 89 0
38 89 95 0
39 24 89 0
39 36 1911 0
39 38 78 0
40 86 264 0
40 264 267 0
40 267 268 0
40 268 503 0
41 456 464 0
42 43 80 0
42 80 85 0
42 85 86 0
42 86 262 0
43 36 79 0
43 42 45 0
43 45 46 0
43 79 80 0
44 45 59 0
44 59 60 0
45 42 262 0
45 44 46 0
46 44 48 0
46 48 50 0
47 48 53 0
47 53 2835 0
48 44 52 0
48 47 49 0
48 49 50 0
48 52 53 0
49 35 50 0
49 47 74 0
51 52 60 0
51 60 64 0
51 64 65 0
52 44 60 0
52 51 53 0
53 51 54 0
53 54 2835 0
54 13 56 0
54 51 65 0
54 56 2835 0
55 767 2800 0
55 2799 2801 0
55 2801 2833 0
56 13 768 0
56 766 767 0
56 767 2833 0
56 2833 2835 0
57 71 72 0
57 72 2896 0
58 59 262 0
58 262 263 0
58 263 2896 0
59 45 262 0
59 58 72 0
60 59 72 0
61 63 283 0
61 283 288 0
61 288 2822 0
62 369 370 0
62 370 383 0
62 383 531 0
63 61 66 0
63 64 71 0
63 71 284 0
64 60 71 0
64 63 66 0
65 64 66 0
65 66 68 0
65 68 70 0
66 61 68 0
67 68 69 0
67 69 318 0
67 318 319 0
68 61 2822 0
68 67 70 0
69 68 2822 0
69 304 321 0
70 67 319 0
70 319 768 0
71 57 284 0
71 60 72 0
72 58 2896 0
73 26 76 0
73 49 74 0
74 47 2834 0
74 75 2797 0
75 74 2834 0
75 776 2797 0
77 78 83 0
77 83 84 0
77 84 85 0
78 38 83 0
78 77 79 0
79 77 80 0
80 77 85 0
81 84 2824 0
82 83 87 0
82 87 105 0
82 105 273 0
82 273 2824 0
83 38 87 0
83 82 2824 0
84 81 85 0
84 83 2824 0
85 81 86 0
86 40 263 0
86 81 264 0
87 20 261 0
87 38 88 0
87 99 105 0
88 38 95 0
89 24 91 0
89 91 92 0
89 92 93 0
89 93 95 0
90 91 94 0
90 94 2832 0
91 24 94 0
91 90 92 0
92 90 236 0
93 88 95 0
93 92 231 0
94 24 1910 0
94 1909 1912 0
94 1912 2832 0
96 106 107 0
96 107 111 0
96 111 114 0
96 114 213 0
97 204 205 0
97 205 2903 0
98 99 227 0
98 107 226 0
98 227 228 0
99 87 227 0
99 98 101 0
99 101 104 0
99 104 105 0
100 101 106 0
100 106 214 0
101 98 226 0
101 100 103 0
101 103 104 0
102 103 188 0
102 188 272 0
102 272 273 0
103 100 188 0
103 102 104 0
104 102 273 0
105 104 273 0
106 96 212 0
106 101 226 0
106 212 214 0
107 98 223 0
107 106 226 0
108 225 238 0
108 238 2825 0
108 258 260 0
109 222 223 0
109 223 228 0
109 228 237 0
109 237 238 0
110 111 222 0
110 222 224 0
111 107 223 0
111 110 113 0
111 113 114 0
112 113 130 0
112 130 181 0
113 110 129 0
113 112 114 0
113 129 130 0
114 112 118 0
114 118 213 0
115 121 2828 0
116 118 122 0
116 122 182 0
116 182 2828 0
117 183 2828 0
118 112 181 0
118 116 120 0
118 120 213 0
119 120 121 0
119 121 211 0
119 211 212 0
119 212 213 0
120 116 2828 0
120 119 213 0
121 115 216 0
121 120 2828 0
121 185 211 0
121 216 219 0
122 6 182 0
122 118 181 0
123 1644 1670 0
125 157 159 0
126 127 178 0
126 131 156 0
126 156 157 0
126 178 180 0
127 126 157 0
128 129 155 0
129 110 135 0
129 128 130 0
129 135 155 0
130 128 131 0
130 131 180 0
130 180 181 0
131 126 180 0
131 128 133 0
131 133 156 0
132 148 164 0
133 128 137 0
133 137 144 0
133 144 148 0
133 148 156 0
134 135 154 0
134 137 155 0
135 110 224 0
135 134 155 0
136 153 154 0
136 154 224 0
136 224 225 0
136 225 260 0
137 128 155 0
137 134 140 0
137 140 143 0
137 143 144 0
138 1618 1620 0
138 1620 1694 0
138 1694 1695 0
138 1695 1696 0
138 1696 1697 0
139 140 151 0
139 151 2831 0
139 1699 1700 0
140 134 150 0
140 139 142 0
140 142 143 0
140 150 151 0
141 142 167 0
141 167 168 0
142 139 147 0
142 141 143 0
142 147 167 0
143 141 144 0
144 141 164 0
145 1684 1685 0
145 1685 1687 0
145 1687 2829 0
146 147 1700 0
146 1693 2829 0
147 139 1700 0
147 146 167 0
148 132 156 0
148 144 164 0
149 150 153 0
149 153 240 0
149 240 242 0
149 241 257 0
149 257 2831 0
150 134 154 0
150 149 2831 0
151 150 2831 0
152 257 1698 0
152 1696 1699 0
152 1699 2831 0
153 136 260 0
153 150 154 0
154 135 224 0
156 132 159 0
157 156 159 0
157 158 127 0
158 157 125 0
159 132 163 0
159 162 125 0
160 161 163 0
160 163 164 0
160 164 169 0
160 169 170 0
160 2830 161 0
161 162 163 0
162 159 163 0
163 132 164 0
164 141 168 0
164 168 169 0
165 166 1687 0
165 1687 1690 0
166 165 169 0
166 167 2829 0
167 146 2829 0
167 166 168 0
168 166 169 0
169 165 176 0
170 169 176 0
170 177 124 0
170 2830 160 0
171 1643 172 0
171 1691 1689 0
174 175 1689 0
175 176 1690 0
175 1688 1689 0
176 165 1690 0
176 177 170 0
177 175 174 0
177 176 175 0
178 122 181 0
178 179 6 0
179 178 127 0
180 178 181 0
182 117 2828 0
183 115 2828 0
184 194 210 0
184 210 220 0
184 218 2903 0
185 121 219 0
185 210 211 0
185 219 220 0
186 209 214 0
187 188 209 0
187 209 210 0
188 100 209 0
188 187 192 0
188 191 272 0
189 276 2827 0
189 495 2823 0
190 192 193 0
190 193 196 0
190 196 2827 0
190 270 274 0
191 188 192 0
191 192 274 0
191 269 272 0
192 187 194 0
192 190 274 0
193 192 194 0
193 194 199 0
193 199 200 0
194 184 199 0
194 187 210 0
195 196 200 0
195 200 207 0
195 207 2826 0
195 2826 2827 0
196 193 200 0
196 195 2827 0
197 199 2903 0
198 462 466 0
198 466 2897 0
199 184 2903 0
199 197 200 0
200 197 202 0
200 202 207 0
201 202 206 0
201 206 2897 0
202 197 205 0
202 201 207 0
202 205 206 0
203 198 206 0
204 203 205 0
205 197 2903 0
205 203 206 0
206 198 2897 0
207 201 208 0
207 208 2826 0
208 201 463 0
208 459 495 0
208 495 2826 0
209 100 214 0
209 186 210 0
210 185 220 0
210 186 211 0
211 186 212 0
212 96 213 0
212 186 214 0
216 215 218 0
216 217 215 0
216 218 219 0
217 216 115 0
218 184 220 0
218 221 2903 0
219 218 220 0
221 97 2903 0
221 218 215 0
222 109 225 0
222 111 223 0
223 98 228 0
224 222 225 0
225 108 260 0
225 109 238 0
227 87 261 0
228 227 230 0
228 230 237 0
229 230 231 0
229 231 233 0
229 233 234 0
229 234 2825 0
230 20 231 0
230 227 261 0
230 229 237 0
231 92 233 0
232 233 235 0
232 235 1906 0
232 245 259 0
233 92 236 0
233 232 234 0
234 232 259 0
234 259 2825 0
235 233 236 0
235 236 1907 0
235 1905 1906 0
236 90 1907 0
237 229 238 0
238 229 2825 0
239 240 258 0
239 258 259 0
240 153 260 0
240 239 242 0
241 149 242 0
241 242 243 0
241 243 250 0
241 250 256 0
241 256 257 0
242 239 243 0
243 21 249 0
243 239 244 0
243 249 250 0
244 239 245 0
244 245 246 0
245 232 246 0
245 239 259 0
246 232 1906 0
246 1906 2864 0
247 251 1862 0
247 1862 2875 0
247 2869 2873 0
248 249 1858 0
248 1858 1861 0
248 1861 1862 0
249 21 1858 0
249 248 250 0
250 248 251 0
250 251 253 0
250 253 256 0
251 247 253 0
251 248 1862 0
252 253 1623 0
252 1623 1697 0
252 1697 1698 0
253 247 2873 0
253 252 256 0
253 255 1623 0
254 1607 1608 0
254 1608 1613 0
254 1613 1615 0
254 1615 1616 0
254 1616 1622 0
255 253 2873 0
255 1607 1622 0
255 1622 1623 0
255 2873 2876 0
256 252 1698 0
257 152 2831 0
257 256 1698 0
258 108 2825 0
258 240 260 0
259 258 2825 0
262 86 263 0
263 40 503 0
263 503 2896 0
264 81 266 0
264 266 267 0
265 266 269 0
265 269 270 0
265 270 275 0
266 81 271 0
266 265 267 0
266 271 272 0
267 265 268 0
268 265 275 0
268 275 279 0
268 279 498 0
268 498 504 0
269 191 274 0
269 266 272 0
270 190 2827 0
270 269 274 0
271 81 2824 0
272 271 273 0
273 271 2824 0
275 270 276 0
275 276 2823 0
276 189 2823 0
276 270 2827 0
277 443 468 0
278 279 2823 0
278 442 498 0
279 275 2823 0
279 278 498 0
280 285 501 0
280 499 505 0
280 501 502 0
281 286 292 0
281 292 295 0
281 295 302 0
281 302 303 0
282 283 284 0
282 284 285 0
282 285 286 0
282 286 287 0
282 287 288 0
283 63 284 0
283 282 288 0
284 57 501 0
285 280 286 0
285 284 501 0
286 280 327 0
286 281 287 0
287 281 303 0
288 287 303 0
288 303 304 0
288 304 2822 0
289 437 526 0
290 412 424 0
290 424 425 0
291 292 327 0
291 326 421 0
291 420 425 0
292 286 327 0
292 291 294 0
292 294 295 0
293 294 310 0
293 309 311 0
294 291 310 0
294 293 295 0
295 293 298 0
295 298 302 0
296 323 2900 0
296 341 543 0
296 2900 2902 0
297 298 307 0
297 307 350 0
297 350 2902 0
297 2900 2901 0
298 293 307 0
298 297 300 0
298 300 302 0
299 300 325 0
300 297 2901 0
300 299 302 0
301 305 325 0
301 325 2901 0
302 299 303 0
303 299 304 0
304 69 2822 0
304 299 325 0
304 305 321 0
305 301 314 0
305 304 325 0
305 314 317 0
305 317 321 0
306 307 469 0
306 349 350 0
306 351 352 0
307 293 311 0
307 306 350 0
307 311 469 0
308 309 411 0
308 404 469 0
309 293 310 0
309 308 311 0
309 310 425 0
310 291 425 0
311 308 469 0
312 545 546 0
312 546 572 0
312 572 573 0
312 573 759 0
313 314 324 0
313 324 544 0
313 544 545 0
313 545 547 0
314 301 323 0
314 313 316 0
314 316 317 0
314 323 324 0
315 316 769 0
316 313 547 0
316 315 317 0
316 320 769 0
317 315 318 0
317 318 321 0
318 69 321 0
318 315 319 0
319 315 769 0
319 554 765 0
319 765 766 0
319 766 768 0
320 316 547 0
320 547 548 0
320 548 553 0
320 553 554 0
320 554 769 0
322 323 543 0
322 331 544 0
323 296 543 0
323 301 2900 0
323 322 324 0
324 322 544 0
325 300 2901 0
326 291 327 0
326 327 505 0
326 505 506 0
327 280 505 0
328 331 333 0
328 333 335 0
328 335 546 0
329 338 339 0
329 339 340 0
329 340 389 0
329 389 530 0
330 331 543 0
331 322 543 0
331 328 544 0
331 330 339 0
332 333 338 0
332 338 363 0
332 363 542 0
333 331 338 0
333 332 335 0
334 335 336 0
334 336 359 0
334 359 571 0
334 571 572 0
335 332 542 0
335 334 546 0
336 335 542 0
336 540 541 0
338 329 363 0
338 331 339 0
339 330 340 0
340 330 341 0
340 341 344 0
340 344 347 0
340 347 388 0
340 388 389 0
341 296 343 0
341 330 543 0
341 343 344 0
342 343 349 0
342 349 352 0
343 296 2902 0
343 342 344 0
344 342 347 0
346 347 393 0
346 386 387 0
346 387 388 0
347 342 348 0
347 346 388 0
347 348 393 0
348 342 352 0
348 351 355 0
348 355 398 0
349 306 352 0
349 343 350 0
350 343 2902 0
351 306 404 0
351 348 352 0
353 399 400 0
353 400 479 0
353 478 489 0
354 355 403 0
355 351 403 0
355 354 397 0
355 397 398 0
356 587 602 0
357 574 575 0
357 575 578 0
357 578 580 0
357 580 758 0
358 359 2821 0
358 570 571 0
359 336 541 0
359 358 571 0
359 541 2821 0
360 533 539 0
361 364 366 0
361 366 371 0
361 371 538 0
362 363 364 0
362 364 536 0
362 536 540 0
362 540 542 0
363 329 373 0
363 362 542 0
364 361 536 0
364 363 373 0
365 366 372 0
365 372 382 0
366 364 373 0
366 365 368 0
366 368 371 0
367 360 539 0
367 532 360 0
368 365 370 0
368 367 371 0
368 369 367 0
369 368 370 0
370 365 375 0
370 375 383 0
371 367 538 0
372 366 373 0
372 373 530 0
372 389 390 0
373 329 530 0
374 381 382 0
374 382 390 0
375 365 382 0
375 381 531 0
376 377 384 0
376 384 391 0
376 391 396 0
376 396 2898 0
376 2899 377 0
378 62 531 0
380 381 386 0
380 384 531 0
380 386 391 0
381 374 386 0
381 375 382 0
381 380 531 0
382 372 390 0
383 375 531 0
384 378 531 0
384 380 391 0
384 385 378 0
385 384 377 0
386 346 393 0
386 374 387 0
387 374 390 0
388 387 390 0
389 372 530 0
389 388 390 0
391 386 392 0
391 392 395 0
391 395 396 0
392 386 393 0
392 393 398 0
393 348 398 0
394 395 397 0
394 397 399 0
394 399 482 0
394 482 492 0
395 392 398 0
395 394 396 0
396 394 492 0
396 492 2898 0
397 354 400 0
397 395 398 0
399 353 481 0
399 397 400 0
399 481 482 0
400 354 402 0
400 402 479 0
401 402 405 0
401 405 408 0
401 408 441 0
401 441 470 0
402 354 403 0
402 401 470 0
402 403 405 0
402 470 479 0
403 351 404 0
403 404 405 0
404 306 469 0
404 308 405 0
405 308 407 0
405 407 408 0
406 407 411 0
406 411 412 0
406 412 415 0
407 308 411 0
407 406 408 0
408 406 410 0
408 410 441 0
409 435 438 0
409 438 474 0
410 406 415 0
410 415 439 0
410 439 440 0
410 440 441 0
411 309 424 0
412 290 414 0
412 411 424 0
412 414 415 0
413 414 527 0
414 290 417 0
414 413 415 0
414 417 527 0
415 413 423 0
415 423 439 0
416 417 447 0
416 431 527 0
416 447 454 0
416 454 455 0
417 290 419 0
417 416 527 0
417 419 447 0
418 419 420 0
418 420 421 0
418 421 422 0
418 422 446 0
418 446 447 0
419 290 420 0
419 418 447 0
420 290 425 0
420 291 421 0
421 326 506 0
422 421 506 0
422 443 445 0
422 445 446 0
423 413 429 0
423 429 435 0
423 435 439 0
424 309 425 0
426 433 434 0
427 429 431 0
427 431 432 0
427 432 434 0
427 434 529 0
428 528 529 0
429 413 527 0
429 427 430 0
429 430 435 0
430 427 529 0
431 416 455 0
431 429 527 0
432 426 434 0
432 431 455 0
432 455 496 0
432 458 426 0
433 428 434 0
434 428 529 0
435 409 439 0
435 430 526 0
436 513 514 0
437 524 525 0
437 525 526 0
438 435 526 0
439 409 440 0
440 409 474 0
440 474 477 0
441 440 470 0
442 278 468 0
442 443 506 0
443 277 445 0
443 422 506 0
443 442 468 0
444 445 450 0
444 450 453 0
444 453 454 0
445 277 449 0
445 444 446 0
445 449 450 0
446 444 447 0
447 444 454 0
448 449 459 0
448 459 467 0
449 277 468 0
449 448 450 0
450 448 452 0
450 452 453 0
451 452 456 0
451 456 497 0
452 448 464 0
452 451 453 0
453 451 454 0
454 451 455 0
455 451 496 0
456 452 464 0
456 457 497 0
457 456 41 0
457 458 496 0
457 496 497 0
458 432 496 0
459 208 463 0
459 449 460 0
459 460 495 0
459 463 467 0
460 449 468 0
460 468 2823 0
461 463 2897 0
461 466 467 0
462 464 466 0
463 201 2897 0
463 461 467 0
464 448 467 0
464 465 41 0
465 464 462 0
466 461 2897 0
466 464 467 0
468 278 2823 0
470 440 477 0
470 476 478 0
470 478 479 0
471 490 494 0
471 494 509 0
471 509 512 0
471 512 515 0
471 515 516 0
472 485 523 0
473 474 508 0
473 476 477 0
473 508 509 0
474 438 508 0
474 473 477 0
475 476 494 0
476 470 477 0
476 473 494 0
476 475 478 0
478 353 479 0
478 475 489 0
480 481 484 0
480 484 491 0
480 493 492 0
481 353 489 0
481 480 482 0
482 480 492 0
483 486 488 0
483 488 489 0
483 489 490 0
483 490 516 0
483 516 523 0
484 481 488 0
484 487 491 0
485 484 486 0
485 486 523 0
486 483 523 0
486 484 488 0
487 345 491 0
487 484 485 0
488 481 489 0
489 475 490 0
490 471 516 0
490 475 494 0
492 379 2898 0
492 493 379 0
493 480 491 0
493 491 345 0
494 473 509 0
495 189 2826 0
495 460 2823 0
496 451 497 0
498 442 499 0
498 499 502 0
498 502 504 0
499 280 502 0
499 442 505 0
500 501 2896 0
500 503 504 0
501 57 2896 0
501 500 502 0
502 500 504 0
503 268 504 0
503 500 2896 0
505 442 506 0
507 436 514 0
507 508 525 0
507 524 436 0
508 438 525 0
508 507 509 0
509 507 514 0
511 510 518 0
511 512 514 0
511 513 510 0
511 518 519 0
512 509 514 0
512 511 515 0
513 511 514 0
515 472 523 0
515 511 519 0
515 522 472 0
516 515 523 0
518 517 519 0
518 520 517 0
519 522 515 0
520 521 3 0
521 518 510 0
521 520 518 0
522 519 517 0
524 507 525 0
525 438 526 0
526 528 289 0
528 430 529 0
528 526 430 0
532 367 369 0
533 337 633 0
533 632 2820 0
534 537 538 0
534 538 539 0
534 539 2820 0
535 536 537 0
535 537 642 0
535 638 639 0
536 361 537 0
536 535 540 0
537 361 538 0
537 534 642 0
538 367 539 0
539 533 2820 0
540 336 542 0
540 535 639 0
541 540 639 0
541 577 2821 0
541 639 640 0
544 328 545 0
545 312 548 0
545 328 546 0
546 334 572 0
547 545 548 0
548 312 551 0
548 551 763 0
549 556 557 0
549 557 561 0
549 561 562 0
549 562 2802 0
550 551 569 0
550 557 762 0
551 312 759 0
551 550 762 0
551 762 763 0
552 553 763 0
552 556 764 0
553 548 763 0
553 552 764 0
554 319 769 0
554 553 764 0
554 764 765 0
555 556 761 0
555 761 770 0
556 549 761 0
556 552 762 0
556 555 764 0
557 550 564 0
557 556 762 0
558 692 699 0
558 699 701 0
558 701 753 0
558 753 755 0
559 563 564 0
559 564 568 0
559 568 2803 0
560 561 563 0
560 563 751 0
560 719 750 0
561 557 563 0
561 560 562 0
562 560 750 0
562 750 778 0
562 778 779 0
562 779 2802 0
563 557 564 0
563 559 751 0
564 550 567 0
564 567 568 0
565 568 582 0
565 581 584 0
565 584 756 0
566 567 569 0
566 569 570 0
566 570 574 0
566 574 581 0
566 581 582 0
567 550 569 0
567 566 582 0
568 565 694 0
568 567 582 0
568 694 2803 0
569 551 759 0
570 358 575 0
570 569 573 0
571 570 573 0
572 571 573 0
573 569 759 0
574 357 757 0
574 570 575 0
575 358 577 0
575 577 578 0
576 577 640 0
576 636 637 0
577 358 2821 0
577 541 640 0
577 576 578 0
578 576 580 0
579 580 611 0
579 601 602 0
579 602 758 0
580 576 637 0
580 579 758 0
581 565 582 0
581 574 757 0
583 584 757 0
583 757 758 0
584 581 757 0
584 583 586 0
584 586 756 0
585 586 587 0
585 587 589 0
585 589 2807 0
585 695 756 0
586 583 602 0
586 585 756 0
587 356 589 0
587 586 602 0
588 589 592 0
588 592 596 0
588 596 597 0
588 597 689 0
588 689 698 0
589 356 598 0
589 588 698 0
589 698 2807 0
590 2557 2565 0
590 2565 2577 0
590 2574 2576 0
591 592 598 0
591 598 600 0
591 600 2573 0
591 2573 2575 0
592 589 598 0
592 591 595 0
592 595 596 0
593 643 644 0
593 644 645 0
593 645 670 0
594 595 646 0
594 644 647 0
595 591 2575 0
595 594 596 0
595 2575 2577 0
596 594 647 0
597 596 647 0
597 647 650 0
597 650 652 0
597 651 689 0
598 356 600 0
599 600 601 0
599 601 605 0
599 605 2572 0
599 2572 2573 0
600 356 601 0
600 599 2573 0
601 356 602 0
601 579 604 0
601 604 605 0
602 583 758 0
603 604 631 0
603 623 624 0
604 579 610 0
604 603 605 0
604 610 631 0
605 603 608 0
605 608 2572 0
606 625 2585 0
608 603 624 0
608 624 625 0
608 625 2578 0
609 610 611 0
609 611 613 0
609 613 618 0
609 618 623 0
609 623 631 0
610 579 611 0
610 609 631 0
611 580 637 0
612 613 636 0
612 636 638 0
612 638 641 0
613 611 637 0
613 612 617 0
613 617 618 0
614 620 621 0
614 627 628 0
615 617 634 0
616 622 634 0
617 612 619 0
617 615 618 0
617 619 634 0
618 615 620 0
618 620 623 0
619 612 641 0
620 614 628 0
620 615 621 0
620 628 629 0
621 615 634 0
621 622 614 0
622 621 634 0
623 603 631 0
623 620 629 0
624 623 629 0
625 606 2578 0
625 624 629 0
625 626 2591 0
626 625 629 0
626 630 2591 0
627 626 628 0
628 626 629 0
630 7 2591 0
630 626 627 0
632 533 633 0
632 633 641 0
632 641 642 0
632 642 2819 0
632 2819 2820 0
633 619 641 0
633 635 619 0
634 635 616 0
635 633 337 0
635 634 619 0
636 576 640 0
636 613 637 0
638 535 642 0
638 636 640 0
639 638 640 0
641 638 642 0
642 534 2819 0
643 593 656 0
644 594 646 0
644 643 647 0
645 644 646 0
645 646 2577 0
645 2563 2564 0
646 595 2577 0
647 643 650 0
648 675 678 0
648 678 714 0
648 710 2895 0
649 650 2809 0
650 643 655 0
650 649 652 0
650 655 2809 0
651 597 652 0
651 652 653 0
651 653 688 0
651 688 690 0
652 649 653 0
653 649 675 0
653 675 2895 0
654 655 656 0
654 656 660 0
654 660 672 0
654 672 686 0
654 686 2809 0
655 643 656 0
655 654 2809 0
656 593 659 0
656 659 660 0
657 660 661 0
657 661 665 0
657 665 2810 0
658 659 671 0
659 593 670 0
659 658 660 0
659 670 671 0
660 657 672 0
660 658 661 0
661 658 666 0
662 2500 2503 0
662 2503 2610 0
663 2533 2605 0
663 2605 2607 0
663 2607 2814 0
663 2814 2818 0
664 665 666 0
664 666 2650 0
664 2649 2818 0
664 2811 2815 0
665 661 666 0
665 664 2815 0
665 2815 2816 0
666 658 668 0
666 668 2650 0
667 668 671 0
667 669 2559 0
667 2535 2649 0
667 2649 2650 0
668 658 671 0
668 667 2650 0
669 667 671 0
669 670 2564 0
669 2558 2559 0
670 645 2564 0
670 669 671 0
672 657 674 0
672 674 683 0
672 683 686 0
673 674 2810 0
674 657 2810 0
674 673 683 0
675 648 2895 0
675 649 677 0
675 677 678 0
676 677 686 0
677 649 2809 0
677 676 678 0
678 676 680 0
678 680 714 0
679 680 2337 0
679 2335 2340 0
680 676 682 0
680 679 712 0
680 682 2337 0
680 712 714 0
681 682 684 0
681 684 2339 0
681 2335 2337 0
682 676 683 0
682 681 2337 0
682 683 684 0
683 673 684 0
683 676 686 0
684 673 2808 0
684 685 2339 0
685 684 2808 0
685 2338 2339 0
686 677 2809 0
687 688 704 0
688 653 704 0
688 687 690 0
689 651 690 0
689 690 697 0
689 697 698 0
690 687 699 0
690 692 697 0
691 692 696 0
691 696 2807 0
692 558 696 0
692 690 699 0
692 691 697 0
693 694 695 0
693 695 696 0
693 696 755 0
693 755 2803 0
694 565 695 0
694 693 2803 0
695 565 756 0
695 585 2807 0
696 558 755 0
696 695 2807 0
697 691 698 0
698 691 2807 0
699 687 701 0
700 701 2806 0
700 716 752 0
700 752 753 0
701 687 703 0
701 700 753 0
701 703 2806 0
702 703 704 0
702 704 706 0
702 706 707 0
702 707 715 0
702 715 2806 0
703 687 704 0
703 702 2806 0
704 653 2895 0
705 706 710 0
705 710 713 0
705 713 728 0
705 728 729 0
706 704 710 0
706 705 707 0
707 16 709 0
707 705 729 0
707 709 715 0
708 709 724 0
709 16 722 0
709 708 715 0
709 722 723 0
709 723 724 0
710 648 712 0
710 704 2895 0
710 712 713 0
711 712 748 0
712 648 714 0
712 679 748 0
712 711 713 0
713 711 728 0
715 708 716 0
715 716 2806 0
716 700 2806 0
716 708 718 0
716 718 719 0
716 719 752 0
717 718 2798 0
718 708 724 0
718 717 719 0
718 720 2798 0
719 560 751 0
719 717 750 0
719 751 752 0
720 718 724 0
720 723 783 0
720 780 2798 0
721 722 2796 0
722 16 726 0
722 721 723 0
722 726 2796 0
723 720 724 0
723 721 783 0
725 726 730 0
725 730 740 0
725 740 743 0
725 743 786 0
725 786 2796 0
726 16 730 0
726 725 2796 0
727 728 732 0
727 732 733 0
727 733 739 0
728 711 732 0
728 727 729 0
729 727 730 0
730 727 739 0
730 739 740 0
731 732 749 0
731 749 2341 0
731 2341 2343 0
732 711 748 0
732 731 733 0
732 748 749 0
733 731 736 0
733 736 739 0
734 819 2790 0
734 2319 2324 0
734 2790 2791 0
734 2791 2792 0
735 736 2331 0
735 2331 2792 0
735 2792 2805 0
736 731 2343 0
736 735 2805 0
736 737 739 0
737 736 2805 0
738 2321 2322 0
738 2322 2331 0
738 2331 2343 0
739 737 740 0
740 737 744 0
741 806 2804 0
741 817 818 0
742 743 744 0
742 744 2793 0
742 2793 2804 0
743 740 744 0
743 742 746 0
743 746 788 0
744 737 2805 0
744 745 2793 0
745 744 2805 0
745 2790 2793 0
746 742 2804 0
747 748 2340 0
747 2332 2341 0
748 679 2340 0
748 747 749 0
749 747 2341 0
750 717 778 0
751 559 754 0
752 751 753 0
753 751 754 0
753 754 755 0
754 559 2803 0
755 754 2803 0
757 357 758 0
760 761 2802 0
760 767 770 0
760 779 2800 0
761 549 2802 0
761 760 770 0
762 552 763 0
764 555 765 0
765 555 770 0
766 56 768 0
766 765 770 0
767 55 2833 0
767 760 2800 0
767 766 770 0
771 772 2799 0
771 2799 2800 0
772 771 774 0
772 774 775 0
772 775 776 0
772 776 2801 0
773 774 777 0
773 777 780 0
773 780 782 0
773 782 801 0
774 771 777 0
774 773 775 0
775 28 776 0
775 773 790 0
776 29 2797 0
776 75 2801 0
777 771 778 0
777 778 2798 0
778 717 2798 0
778 771 779 0
779 760 2802 0
779 771 2800 0
780 720 783 0
780 777 2798 0
781 782 784 0
781 784 803 0
781 798 800 0
782 780 783 0
782 781 800 0
782 783 784 0
782 800 801 0
783 721 787 0
783 787 803 0
784 783 803 0
785 786 788 0
785 788 804 0
785 802 803 0
786 743 788 0
786 785 787 0
786 787 2796 0
787 721 2796 0
787 785 803 0
788 746 804 0
789 790 801 0
790 773 801 0
790 789 791 0
791 789 793 0
791 793 794 0
792 793 798 0
792 798 2795 0
793 789 800 0
793 792 794 0
794 792 796 0
795 796 1923 0
795 1915 1916 0
796 792 797 0
796 795 1916 0
796 797 1923 0
797 792 2795 0
797 1922 1923 0
798 781 799 0
798 793 800 0
798 799 2795 0
799 781 802 0
799 802 804 0
799 804 805 0
799 805 2795 0
800 789 801 0
802 781 803 0
802 785 804 0
804 746 806 0
805 804 806 0
805 806 809 0
805 809 2794 0
805 2794 2795 0
806 741 808 0
806 746 2804 0
806 808 809 0
807 808 811 0
807 811 1930 0
807 1927 1928 0
808 741 814 0
808 807 809 0
808 814 815 0
809 807 1928 0
809 810 2794 0
810 809 1928 0
810 1921 1922 0
810 1922 2794 0
811 14 1930 0
811 808 815 0
812 816 820 0
812 820 821 0
812 821 828 0
812 828 829 0
812 829 1968 0
813 815 816 0
813 816 1968 0
813 1966 1967 0
814 741 818 0
815 813 1967 0
815 814 816 0
816 812 1968 0
816 814 818 0
816 818 820 0
817 741 2793 0
818 817 819 0
818 819 820 0
819 734 2324 0
819 817 2790 0
820 819 821 0
821 819 822 0
821 822 825 0
821 825 830 0
822 819 2324 0
823 824 2325 0
823 2325 2326 0
823 2326 2329 0
823 2329 2330 0
824 823 832 0
824 825 2318 0
824 2318 2325 0
825 822 2318 0
825 824 830 0
826 1955 1956 0
826 1956 2788 0
827 828 830 0
827 830 831 0
827 831 1956 0
827 1956 1958 0
828 821 830 0
828 827 829 0
829 827 1958 0
829 1958 1969 0
829 1966 1968 0
830 824 832 0
831 830 832 0
831 832 835 0
831 835 2787 0
831 2787 2788 0
832 823 836 0
833 834 839 0
833 839 902 0
833 874 879 0
833 879 880 0
834 833 880 0
834 835 836 0
834 836 2330 0
835 832 836 0
835 834 880 0
835 880 2787 0
836 823 2330 0
837 844 2855 0
837 2306 2307 0
838 839 2330 0
838 2329 2854 0
838 2853 2855 0
839 834 2330 0
839 838 842 0
839 841 902 0
840 841 843 0
840 843 847 0
840 847 850 0
840 850 870 0
840 870 871 0
841 839 842 0
841 840 871 0
841 842 843 0
841 871 902 0
842 838 2855 0
843 842 844 0
843 844 961 0
844 837 846 0
844 842 2855 0
844 846 961 0
845 846 928 0
845 847 961 0
845 928 929 0
845 929 930 0
846 837 927 0
846 845 961 0
846 927 928 0
847 843 961 0
847 845 849 0
847 849 850 0
848 849 920 0
849 845 920 0
849 848 850 0
850 848 856 0
850 856 870 0
851 1380 1381 0
852 1181 1182 0
852 1182 2040 0
852 2039 2041 0
853 864 866 0
853 866 867 0
853 867 2020 0
854 859 861 0
854 861 863 0
854 863 898 0
855 856 905 0
856 848 904 0
856 855 858 0
856 858 870 0
856 904 905 0
857 858 859 0
857 859 876 0
858 855 859 0
858 857 870 0
859 854 876 0
859 855 868 0
860 861 868 0
860 868 869 0
860 869 2789 0
861 859 868 0
861 860 863 0
862 863 864 0
862 864 2004 0
862 896 898 0
862 2004 2006 0
863 860 864 0
863 862 898 0
864 853 2004 0
864 860 2789 0
865 866 2789 0
865 869 960 0
865 960 2784 0
866 864 2789 0
866 865 867 0
867 865 2784 0
867 2017 2018 0
867 2018 2020 0
868 855 905 0
868 905 939 0
869 865 2789 0
869 868 939 0
869 906 959 0
869 959 960 0
870 857 871 0
871 857 873 0
871 873 874 0
871 874 902 0
872 873 876 0
872 876 901 0
873 857 876 0
873 872 874 0
874 833 902 0
874 872 878 0
874 878 879 0
875 878 900 0
875 889 2786 0
876 854 877 0
876 877 901 0
877 854 898 0
877 881 901 0
878 872 901 0
878 875 879 0
878 881 900 0
879 875 2786 0
880 879 2786 0
880 2786 2787 0
881 877 891 0
881 878 901 0
881 891 892 0
881 892 900 0
882 1977 1994 0
883 893 2007 0
884 887 899 0
884 899 1975 0
884 1949 1979 0
885 887 889 0
885 889 900 0
885 892 899 0
886 887 2785 0
886 2785 2787 0
887 884 1979 0
887 885 899 0
887 886 889 0
887 1979 2785 0
888 1946 1955 0
888 1955 2785 0
889 875 900 0
889 886 2786 0
890 891 893 0
890 893 1974 0
890 1974 1975 0
891 877 897 0
891 890 892 0
892 885 900 0
892 890 899 0
893 883 1974 0
893 891 895 0
893 895 2007 0
894 895 896 0
894 896 2006 0
894 1996 2007 0
895 891 897 0
895 894 2007 0
896 862 2006 0
896 895 897 0
896 897 898 0
897 877 898 0
899 890 1975 0
903 904 909 0
903 909 938 0
903 936 937 0
904 848 908 0
904 903 905 0
904 908 909 0
905 903 906 0
905 906 939 0
906 869 939 0
906 903 937 0
906 937 941 0
906 941 959 0
907 908 919 0
907 915 938 0
907 919 921 0
908 848 919 0
908 907 909 0
909 907 938 0
911 2148 2863 0
911 2857 2861 0
912 965 2196 0
912 2189 2190 0
912 2190 2781 0
913 957 2766 0
914 915 2762 0
914 2198 2764 0
914 2764 2765 0
915 907 917 0
915 914 936 0
915 917 2762 0
915 936 938 0
916 917 2221 0
916 2216 2222 0
916 2222 2223 0
916 2223 2762 0
917 907 921 0
917 916 2762 0
917 918 2221 0
918 8 2220 0
918 917 921 0
918 2220 2221 0
919 8 921 0
919 848 920 0
920 845 930 0
922 2236 2746 0
922 2364 2745 0
923 2288 2351 0
923 2351 2352 0
923 2352 2747 0
924 2267 2268 0
924 2268 2309 0
924 2275 2278 0
924 2277 2348 0
925 928 2268 0
925 932 933 0
926 927 2307 0
926 2307 2308 0
926 2308 2309 0
927 837 2307 0
927 926 928 0
928 925 929 0
928 926 2268 0
929 925 933 0
930 929 933 0
930 933 934 0
931 934 2265 0
931 2255 2761 0
931 2257 2258 0
932 925 2266 0
932 2264 2265 0
933 932 934 0
934 931 2761 0
934 932 2265 0
934 2217 2220 0
935 936 2765 0
935 2765 2766 0
936 903 938 0
936 914 2765 0
936 935 937 0
937 935 941 0
940 941 944 0
940 944 946 0
940 946 947 0
940 947 960 0
941 935 943 0
941 940 959 0
941 943 944 0
942 944 958 0
943 935 2766 0
944 942 949 0
944 943 958 0
945 946 949 0
945 949 953 0
945 953 1006 0
945 1006 1008 0
946 944 949 0
946 945 947 0
947 945 1008 0
947 1007 2017 0
947 2017 2784 0
948 1011 1012 0
948 1012 1016 0
948 1016 1018 0
948 1017 2013 0
948 2013 2024 0
949 942 954 0
950 981 982 0
950 982 1134 0
950 1134 1135 0
950 1135 1155 0
951 962 963 0
951 963 964 0
951 964 970 0
951 970 972 0
951 972 975 0
951 975 976 0
952 954 956 0
952 956 2782 0
952 963 2783 0
953 949 954 0
953 954 2783 0
953 1005 1006 0
954 942 956 0
954 952 2783 0
955 956 957 0
955 957 2192 0
955 966 2782 0
955 2192 2196 0
956 942 958 0
956 955 2782 0
957 913 2192 0
957 956 958 0
957 958 2766 0
958 943 2766 0
959 940 960 0
960 947 2784 0
962 951 976 0
962 976 980 0
962 980 1005 0
962 1005 2783 0
963 952 2782 0
963 962 2783 0
964 963 2782 0
964 966 969 0
964 969 970 0
965 912 2780 0
965 966 2196 0
966 955 2196 0
966 964 2782 0
966 965 969 0
967 994 2774 0
967 2150 2152 0
968 969 2780 0
968 2160 2774 0
968 2780 2781 0
969 965 2780 0
969 968 991 0
970 969 991 0
970 991 992 0
971 974 995 0
971 993 999 0
971 999 1128 0
971 1128 1129 0
972 970 992 0
972 974 975 0
972 992 993 0
972 993 995 0
973 974 982 0
974 971 1129 0
974 972 995 0
974 973 975 0
975 973 976 0
976 973 979 0
976 979 980 0
977 984 989 0
977 989 1025 0
978 979 981 0
978 981 983 0
978 983 984 0
978 984 1002 0
979 973 981 0
979 978 980 0
980 978 1002 0
980 1002 1004 0
980 1004 1005 0
981 950 1153 0
981 973 982 0
982 974 1129 0
982 1129 1134 0
983 981 1153 0
984 977 1024 0
984 983 989 0
985 1002 1024 0
986 1041 1048 0
986 1046 1054 0
986 1054 1169 0
986 1169 1372 0
987 1027 1156 0
988 989 1152 0
988 1151 1156 0
989 983 1152 0
989 988 1021 0
989 1021 1025 0
990 991 994 0
990 994 1001 0
991 968 2774 0
991 990 992 0
992 990 993 0
993 971 995 0
993 990 999 0
994 967 1001 0
994 991 2774 0
996 1000 2151 0
997 2139 2142 0
997 2142 2144 0
998 999 1001 0
998 1001 2152 0
999 990 1001 0
999 998 1000 0
999 1000 1128 0
1000 996 1124 0
1000 998 2151 0
1000 1124 1126 0
1000 1126 1128 0
1001 967 2152 0
1002 984 1024 0
1002 985 1004 0
1003 1004 1010 0
1003 1010 2779 0
1004 985 1010 0
1004 1003 1005 0
1005 953 2783 0
1005 1003 1006 0
1006 1003 1008 0
1007 947 1008 0
1007 1008 2779 0
1008 1003 2779 0
1009 1010 1011 0
1009 1011 2024 0
1009 2024 2026 0
1009 2026 2779 0
1010 985 1013 0
1010 1009 2779 0
1011 948 2024 0
1011 1010 1013 0
1012 1011 1013 0
1012 1013 1024 0
1013 985 1024 0
1014 1175 1195 0
1014 1192 1202 0
1015 1016 1022 0
1015 1020 1030 0
1015 1029 1175 0
1016 1012 1022 0
1016 1015 1018 0
1017 948 1018 0
1017 1018 1019 0
1017 1019 1177 0
1017 1177 2011 0
1017 2011 2013 0
1018 1015 1019 0
1019 1015 1175 0
1019 1175 1180 0
1020 1015 1022 0
1020 1021 1028 0
1020 1022 1023 0
1020 1028 1030 0
1021 988 1027 0
1021 1020 1023 0
1021 1023 1025 0
1021 1027 1028 0
1022 1012 1023 0
1023 1012 1024 0
1023 1024 1025 0
1024 977 1025 0
1026 1027 1031 0
1026 1031 1173 0
1026 1173 1174 0
1027 987 1031 0
1027 988 1156 0
1027 1026 1028 0
1028 1026 1174 0
1029 1015 1030 0
1029 1030 1174 0
1029 1034 1195 0
1030 1028 1174 0
1031 987 1043 0
1031 1033 1173 0
1032 1035 1171 0
1032 1171 1172 0
1033 1031 1043 0
1033 1035 1173 0
1033 1043 1171 0
1034 1029 1174 0
1034 1035 1039 0
1034 1039 1194 0
1034 1194 1195 0
1035 1032 1038 0
1035 1033 1171 0
1035 1034 1173 0
1035 1038 1039 0
1036 1039 1189 0
1036 1188 1191 0
1036 1191 1192 0
1036 1192 1194 0
1037 1038 1040 0
1037 1040 1081 0
1037 1081 1186 0
1037 1186 1189 0
1038 1032 1040 0
1038 1037 1039 0
1039 1036 1194 0
1039 1037 1189 0
1040 1032 1172 0
1040 1172 2889 0
1040 2889 2890 0
1041 986 1372 0
1041 1042 1048 0
1041 1371 2889 0
1042 1041 1172 0
1042 1043 1047 0
1042 1047 1048 0
1043 987 1045 0
1043 1042 1171 0
1043 1045 1047 0
1044 1049 1138 0
1044 1138 1140 0
1044 1140 1146 0
1044 1146 1170 0
1045 987 1137 0
1045 1137 1138 0
1046 986 1048 0
1046 1047 1049 0
1046 1049 1170 0
1047 1045 1049 0
1047 1046 1048 0
1049 1044 1170 0
1049 1045 1138 0
1050 1060 2924 0
1052 1085 1086 0
1052 1086 1094 0
1053 1054 1170 0
1053 1170 2137 0
1053 2137 2924 0
1054 1046 1170 0
1054 1053 1058 0
1054 1058 1169 0
1055 1082 1083 0
1055 1083 2776 0
1056 1059 1064 0
1056 1064 1068 0
1056 1068 1070 0
1056 1070 1072 0
1056 1072 2778 0
1057 1058 1059 0
1057 1059 2778 0
1058 1053 2924 0
1058 1057 1169 0
1059 1056 2778 0
1059 1058 1060 0
1059 1060 1063 0
1059 1063 1064 0
1060 1050 1062 0
1060 1058 2924 0
1060 1062 1063 0
1061 1062 1097 0
1062 1050 1099 0
1062 1061 1063 0
1062 1099 1100 0
1063 1061 1064 0
1064 1061 1066 0
1064 1066 1084 0
1066 1061 1086 0
1066 1065 1084 0
1066 1085 1065 0
1067 1068 1084 0
1067 1084 2776 0
1068 1064 1084 0
1068 1067 1070 0
1069 1070 1074 0
1069 1074 1077 0
1069 1077 1367 0
1069 1367 1373 0
1070 1067 1083 0
1070 1069 1072 0
1071 1072 1370 0
1071 1370 1371 0
1071 1371 1372 0
1071 1372 2778 0
1072 1069 1370 0
1072 1071 2778 0
1073 851 1076 0
1074 1070 1083 0
1074 1073 1076 0
1074 1076 1077 0
1074 1082 1073 0
1075 1076 1381 0
1076 851 1381 0
1076 1075 1077 0
1077 1075 1367 0
1078 1204 2101 0
1078 1369 1376 0
1078 1374 1377 0
1079 1349 1351 0
1079 1351 1355 0
1080 1081 2890 0
1080 1369 2101 0
1081 1040 2890 0
1081 1080 1186 0
1082 1074 1083 0
1083 1067 2776 0
1084 2777 2776 0
1085 1066 1086 0
1086 1061 1097 0
1087 1090 1088 0
1087 1096 1117 0
1087 1160 1096 0
1089 1090 1092 0
1089 1092 1166 0
1090 1087 1092 0
1092 1087 1115 0
1092 1115 1163 0
1092 1163 1164 0
1092 1164 1166 0
1093 1094 1096 0
1094 1086 1097 0
1094 1095 1052 0
1095 1094 1093 0
1096 1094 1097 0
1096 1097 1100 0
1096 1100 1117 0
1096 1160 1093 0
1097 1062 1100 0
1098 1099 1102 0
1098 1102 1103 0
1098 1103 1116 0
1098 1116 1117 0
1099 1050 1102 0
1099 1098 1100 0
1100 1098 1117 0
1101 1102 1105 0
1101 1105 2136 0
1102 1050 1105 0
1102 1101 1103 0
1103 1101 1107 0
1103 1107 1110 0
1103 1110 1116 0
1104 1105 2137 0
1104 1141 1145 0
1104 1145 2136 0
1105 1050 2924 0
1105 1104 2136 0
1106 1107 1119 0
1106 1119 1120 0
1106 1120 2131 0
1106 2131 2775 0
1107 1101 1119 0
1107 1106 1109 0
1107 1109 1110 0
1108 1109 1112 0
1108 1112 1162 0
1108 1162 1163 0
1109 1106 2775 0
1109 1108 1110 0
1110 1108 1111 0
1110 1111 1116 0
1111 1108 1163 0
1111 1115 1117 0
1112 1091 1162 0
1112 1109 2775 0
1112 1114 1091 0
1113 1114 2775 0
1114 1112 2775 0
1115 1087 1117 0
1115 1111 1163 0
1116 1111 1117 0
1118 1119 1144 0
1118 1144 2104 0
1118 2104 2105 0
1119 1101 2136 0
1119 1118 1120 0
1120 1118 1159 0
1120 1159 2129 0
1120 2129 2131 0
1121 2102 2108 0
1122 1149 2135 0
1122 2112 2113 0
1122 2113 2116 0
1123 1124 1131 0
1123 1131 2118 0
1123 2118 2119 0
1124 996 1131 0
1124 1123 1126 0
1125 1126 1127 0
1125 1127 2138 0
1126 1123 1127 0
1126 1125 1128 0
1127 1123 2119 0
1127 2119 2135 0
1127 2134 2138 0
1128 1125 1129 0
1129 1125 1134 0
1130 1131 1132 0
1130 1132 2124 0
1130 2117 2118 0
1131 996 1132 0
1131 1130 2118 0
1132 996 2141 0
1132 1133 2124 0
1132 2139 1133 0
1132 2141 2142 0
1133 2123 2124 0
1134 1125 2138 0
1135 1134 2138 0
1136 1137 1151 0
1136 1147 1148 0
1136 1151 1154 0
1136 1154 2133 0
1137 987 1156 0
1137 1136 1148 0
1138 1137 1148 0
1139 1140 1147 0
1139 1147 1150 0
1139 1150 2126 0
1140 1138 1148 0
1140 1139 1142 0
1140 1142 1146 0
1141 1104 2137 0
1141 1142 1145 0
1142 1139 2125 0
1142 1141 1146 0
1142 1143 1145 0
1143 1142 2125 0
1143 1144 1145 0
1144 1119 2136 0
1144 1143 2104 0
1145 1144 2136 0
1146 1141 1170 0
1147 1136 2133 0
1147 1140 1148 0
1149 1122 2116 0
1149 1150 2133 0
1149 2116 2126 0
1149 2133 2134 0
1149 2134 2135 0
1150 1147 2133 0
1150 1149 2126 0
1151 988 1152 0
1151 1137 1156 0
1151 1152 1154 0
1152 983 1153 0
1152 1153 1154 0
1153 950 1155 0
1154 1153 1155 0
1154 1155 2133 0
1155 1135 2133 0
1158 1159 2105 0
1158 2105 2127 0
1158 2130 2129 0
1159 1118 2105 0
1159 1158 2129 0
1160 1087 1088 0
1162 1161 1164 0
1162 1168 1161 0
1163 1162 1164 0
1164 1165 1166 0
1165 1 1166 0
1165 1164 1161 0
1166 1167 1089 0
1167 1166 1 0
1168 1162 1091 0
1169 1057 1372 0
1170 1141 2137 0
1171 1042 1172 0
1172 1041 2889 0
1173 1034 1174 0
1175 1014 1180 0
1175 1029 1195 0
1176 1177 1179 0
1176 1179 1181 0
1176 1181 2010 0
1176 2010 2011 0
1177 1019 1179 0
1177 1176 2011 0
1178 1179 1202 0
1178 1198 2098 0
1179 1019 1180 0
1179 1178 1181 0
1179 1180 1202 0
1180 1014 1202 0
1181 852 2010 0
1181 1178 2098 0
1182 1181 2098 0
1182 1224 1228 0
1182 1228 2040 0
1183 1199 1206 0
1183 1201 1386 0
1183 1208 1211 0
1183 1211 1217 0
1183 1217 1229 0
1184 1187 1205 0
1185 1186 2101 0
1185 1204 1205 0
1186 1080 2101 0
1186 1185 1187 0
1186 1187 1188 0
1186 1188 1189 0
1187 1184 1193 0
1187 1185 1205 0
1188 1036 1189 0
1188 1187 1193 0
1190 1191 1193 0
1190 1193 1197 0
1190 1197 1198 0
1190 1198 1202 0
1191 1188 1193 0
1191 1190 1192 0
1192 1014 1195 0
1192 1190 1202 0
1193 1184 1200 0
1194 1192 1195 0
1196 1197 2099 0
1196 1223 1224 0
1196 1224 1225 0
1197 1193 1200 0
1197 1196 1225 0
1197 1199 2099 0
1198 1178 1202 0
1198 1197 1225 0
1198 1225 2098 0
1199 1183 1229 0
1199 1197 1200 0
1199 1200 1206 0
1199 1222 2099 0
1200 1184 1201 0
1200 1201 1206 0
1201 1183 1206 0
1201 1184 1205 0
1201 1205 2888 0
1203 1204 1377 0
1203 1377 1385 0
1203 1384 2888 0
1204 1078 1377 0
1204 1185 2101 0
1204 1203 1205 0
1205 1203 2888 0
1207 1350 1388 0
1207 1357 1358 0
1207 1388 2100 0
1208 1183 1386 0
1208 1382 2100 0
1209 1210 1342 0
1209 1342 1344 0
1210 1209 1212 0
1210 1211 2100 0
1211 1208 2100 0
1211 1210 1212 0
1211 1212 1217 0
1212 1209 1215 0
1212 1215 1217 0
1213 1232 1292 0
1213 1288 1294 0
1213 1294 1295 0
1214 1215 1235 0
1214 1235 1237 0
1214 1237 1238 0
1215 1209 1234 0
1215 1214 1218 0
1215 1216 1217 0
1215 1234 1235 0
1216 1215 1218 0
1216 1218 1221 0
1216 1221 1222 0
1216 1222 1229 0
1217 1216 1229 0
1218 1214 1220 0
1218 1220 1221 0
1219 1220 1231 0
1219 1231 2096 0
1219 2096 2097 0
1220 1214 1238 0
1220 1219 1221 0
1221 1219 1223 0
1222 1199 1229 0
1222 1221 1223 0
1222 1223 2099 0
1223 1196 2099 0
1223 1219 2097 0
1224 1182 2098 0
1224 1223 2097 0
1225 1224 2098 0
1226 1227 1296 0
1226 1296 1297 0
1226 1297 2033 0
1226 2033 2042 0
1226 2042 2043 0
1227 1226 2043 0
1227 1228 2097 0
1228 1224 2097 0
1228 1227 2040 0
1230 1231 1232 0
1230 1232 1295 0
1230 1295 1296 0
1230 1296 2096 0
1231 1220 1232 0
1231 1230 2096 0
1232 1213 1295 0
1232 1220 1238 0
1232 1238 1292 0
1233 1234 1245 0
1233 1241 1320 0
1233 1245 1247 0
1233 1247 1248 0
1234 1209 1338 0
1234 1233 1239 0
1235 1234 1239 0
1236 1237 1239 0
1236 1239 1320 0
1236 1285 1291 0
1236 1291 1292 0
1237 1235 1239 0
1237 1236 1292 0
1238 1237 1292 0
1239 1233 1320 0
1240 1241 2095 0
1240 1266 1276 0
1240 1276 1277 0
1240 1277 1282 0
1241 1233 1248 0
1241 1240 1282 0
1241 1248 2095 0
1241 1282 1320 0
1242 1249 1250 0
1242 1250 1345 0
1242 1345 2892 0
1243 1339 2891 0
1244 1245 1338 0
1244 1338 1344 0
1244 1343 1345 0
1245 1234 1338 0
1245 1244 1250 0
1246 1247 1249 0
1246 1249 1253 0
1246 1253 1260 0
1246 1260 1278 0
1247 1245 1250 0
1247 1246 1248 0
1248 1246 1278 0
1248 1261 2095 0
1249 1242 1252 0
1249 1247 1250 0
1249 1252 1253 0
1250 1244 1345 0
1251 1252 1337 0
1251 1337 2079 0
1252 1242 1336 0
1252 1251 1253 0
1252 1336 1337 0
1253 1251 2073 0
1253 1259 1260 0
1254 1406 1407 0
1254 1407 1418 0
1254 1418 1425 0
1254 1425 1428 0
1254 1428 2887 0
1255 2091 2092 0
1256 2058 2059 0
1256 2059 2064 0
1257 1412 1416 0
1257 1416 2075 0
1257 2075 2076 0
1258 1260 2077 0
1259 1253 2073 0
1259 2073 2074 0
1259 2074 2077 0
1260 1258 1262 0
1260 1259 2077 0
1260 1262 1278 0
1261 1248 1278 0
1261 1262 1265 0
1261 1265 2095 0
1262 1258 1264 0
1262 1261 1278 0
1262 1264 1265 0
1263 1264 1275 0
1264 1258 1417 0
1264 1263 1265 0
1265 1263 1266 0
1265 1266 2095 0
1266 1240 2095 0
1266 1263 1271 0
1266 1271 1276 0
1267 1469 2885 0
1268 1322 1327 0
1268 1327 1330 0
1268 1330 1462 0
1268 1462 2052 0
1269 1272 1321 0
1269 1321 1322 0
1269 1322 1326 0
1270 1271 1274 0
1270 1274 1331 0
1271 1263 1274 0
1271 1270 1321 0
1271 1272 1276 0
1272 1269 1279 0
1272 1271 1321 0
1273 1274 1275 0
1273 1275 1414 0
1274 1263 1275 0
1274 1273 1331 0
1275 1264 1417 0
1276 1272 1277 0
1277 1272 1279 0
1277 1279 1286 0
1279 1269 1281 0
1279 1281 1286 0
1280 1287 1289 0
1280 1289 2051 0
1280 1290 1304 0
1280 1302 1319 0
1281 1269 1326 0
1281 1323 2049 0
1281 2049 2051 0
1282 1277 1284 0
1282 1284 1285 0
1282 1285 1320 0
1283 1284 1286 0
1283 1286 1287 0
1283 1287 1288 0
1283 1288 1291 0
1284 1277 1286 0
1284 1283 1285 0
1285 1236 1320 0
1285 1283 1291 0
1286 1281 1289 0
1287 1280 1319 0
1287 1286 1289 0
1288 1213 1291 0
1288 1287 1319 0
1289 1281 2051 0
1290 1280 2051 0
1291 1213 1292 0
1293 1294 1302 0
1293 1302 1303 0
1294 1288 1319 0
1294 1293 1295 0
1295 1293 1297 0
1296 1227 2096 0
1296 1295 1297 0
1297 1293 1300 0
1297 1300 2033 0
1298 1315 1988 0
1298 1988 2029 0
1298 2028 2030 0
1298 2030 2035 0
1299 1300 1301 0
1299 1301 1314 0
1299 1314 1315 0
1299 1315 2034 0
1300 1293 1303 0
1300 1299 2033 0
1301 1300 1303 0
1301 1303 1304 0
1301 1304 1308 0
1301 1308 1313 0
1301 1313 1314 0
1302 1280 1304 0
1302 1294 1319 0
1303 1302 1304 0
1304 1290 1307 0
1304 1307 1308 0
1305 1493 1506 0
1306 1307 2045 0
1306 1504 1505 0
1307 1290 2050 0
1307 1306 1312 0
1308 1307 1312 0
1308 1312 1313 0
1309 1504 2045 0
1309 2045 2050 0
1310 1311 1318 0
1310 1318 1986 0
1310 1986 1987 0
1311 1310 1313 0
1311 1312 1505 0
1311 1505 1506 0
1312 1306 1505 0
1312 1311 1313 0
1313 1310 1316 0
1314 1313 1316 0
1315 1298 2034 0
1315 1314 1316 0
1315 1316 1988 0
1316 1310 1987 0
1316 1987 1988 0
1317 1318 1506 0
1317 1493 1500 0
1317 1500 1986 0
1318 1311 1506 0
1318 1317 1986 0
1321 1270 1327 0
1322 1268 1325 0
1322 1321 1327 0
1322 1325 1326 0
1323 1281 1326 0
1323 1324 2047 0
1323 2047 2048 0
1323 2048 2049 0
1324 1323 1326 0
1324 1325 2052 0
1324 1476 2047 0
1325 1268 2052 0
1325 1324 1326 0
1327 1270 1331 0
1328 1389 1391 0
1328 1391 1394 0
1328 1394 1397 0
1328 1397 1466 0
1329 1330 1331 0
1329 1331 1333 0
1329 1333 1389 0
1329 1389 1466 0
1330 1327 1331 0
1330 1329 1462 0
1331 1273 1333 0
1332 1333 1414 0
1332 1414 1457 0
1333 1273 1414 0
1333 1332 1389 0
1334 2893 2894 0
1335 1334 2894 0
1335 1336 2892 0
1335 1339 1334 0
1336 1242 2892 0
1336 1335 1337 0
1337 1335 2894 0
1338 1209 1344 0
1339 1335 2891 0
1340 1343 1387 0
1340 1348 2891 0
1340 2891 2892 0
1341 1342 1388 0
1341 1350 1387 0
1342 1210 1388 0
1342 1341 1343 0
1342 1343 1344 0
1343 1244 1344 0
1343 1340 1345 0
1343 1341 1387 0
1345 1340 2892 0
1346 1347 1348 0
1346 1348 1387 0
1346 1349 1347 0
1346 1350 1351 0
1347 1243 1348 0
1348 1243 2891 0
1348 1340 1387 0
1349 1346 1351 0
1350 1207 1358 0
1350 1341 1388 0
1350 1346 1387 0
1351 1350 1358 0
1352 1354 1361 0
1352 1361 1364 0
1353 1355 1357 0
1353 1356 1355 0
1353 1357 1360 0
1353 1360 1361 0
1354 1353 1361 0
1355 1351 1357 0
1355 1356 1079 0
1356 1353 1354 0
1357 1207 1382 0
1357 1351 1358 0
1357 1382 1383 0
1359 1360 1383 0
1359 1377 1378 0
1359 1383 1385 0
1360 1357 1383 0
1360 1359 1361 0
1361 1359 1364 0
1362 1363 1364 0
1362 1364 1378 0
1363 1352 1364 0
1363 1362 1375 0
1364 1359 1378 0
1365 1363 1375 0
1365 1375 1379 0
1365 1379 1381 0
1365 1380 1363 0
1366 1367 1379 0
1366 1368 1373 0
1366 1374 1376 0
1367 1075 1379 0
1367 1366 1373 0
1368 1366 1369 0
1368 1369 2890 0
1368 1370 1373 0
1369 1078 2101 0
1369 1080 2890 0
1369 1366 1376 0
1370 1069 1373 0
1370 1368 2889 0
1371 1041 1372 0
1371 1370 2889 0
1372 1057 2778 0
1374 1078 1376 0
1374 1366 1379 0
1374 1375 1378 0
1375 1362 1378 0
1375 1374 1379 0
1377 1359 1385 0
1377 1374 1378 0
1379 1075 1381 0
1380 1365 1381 0
1382 1207 2100 0
1382 1208 1386 0
1383 1382 1384 0
1383 1384 1385 0
1384 1203 1385 0
1384 1382 1386 0
1384 1386 2888 0
1386 1201 2888 0
1388 1210 2100 0
1389 1328 1466 0
1389 1332 1457 0
1390 1391 1413 0
1390 1407 1458 0
1391 1389 1457 0
1391 1390 1393 0
1391 1393 1394 0
1392 1393 1403 0
1392 1403 2094 0
1393 1390 1402 0
1393 1392 1394 0
1393 1402 1403 0
1394 1392 1398 0
1395 1459 1460 0
1395 1460 1725 0
1395 1567 1569 0
1395 1725 1726 0
1396 1397 1398 0
1396 1398 1400 0
1396 1400 1723 0
1396 1723 1725 0
1397 1394 1398 0
1397 1396 1460 0
1397 1460 1468 0
1398 1392 1400 0
1399 1400 2094 0
1399 1722 1723 0
1400 1392 2094 0
1400 1399 1723 0
1401 1403 1405 0
1401 1405 1435 0
1401 1435 2093 0
1401 2093 2094 0
1402 1390 1458 0
1403 1401 2094 0
1403 1402 1405 0
1404 1405 1406 0
1404 1406 2887 0
1404 1429 1434 0
1404 1434 1435 0
1405 1402 1406 0
1405 1404 1435 0
1406 1254 2887 0
1406 1402 1458 0
1407 1390 1409 0
1407 1406 1458 0
1407 1409 1411 0
1407 1410 1418 0
1408 1409 1413 0
1408 1413 1414 0
1408 1414 1415 0
1409 1390 1413 0
1409 1408 1411 0
1410 1407 1411 0
1410 1411 1412 0
1410 1412 1424 0
1411 1408 1412 0
1412 1257 1424 0
1412 1408 1415 0
1412 1415 1416 0
1413 1391 1457 0
1414 1275 1415 0
1414 1413 1457 0
1415 1275 1416 0
1416 1275 1417 0
1416 1417 2075 0
1417 1258 2075 0
1418 1410 1420 0
1418 1420 1421 0
1418 1421 1425 0
1419 1420 2083 0
1420 1410 1423 0
1420 1419 1421 0
1420 1423 2083 0
1421 1419 2056 0
1421 2056 2057 0
1422 1455 2053 0
1422 2085 2086 0
1423 1410 1424 0
1423 1424 2066 0
1423 2066 2067 0
1423 2067 2083 0
1424 1257 2066 0
1425 1421 1427 0
1425 1427 1428 0
1426 1427 1456 0
1426 1456 2084 0
1427 1421 2057 0
1427 1426 1428 0
1428 1426 1429 0
1428 1429 2887 0
1429 1404 2887 0
1429 1426 1432 0
1429 1432 1438 0
1430 1431 2089 0
1430 1442 1443 0
1430 2089 2090 0
1431 1430 1443 0
1431 1432 2084 0
1431 1437 1438 0
1431 2084 2089 0
1432 1426 2084 0
1432 1431 1438 0
1433 1434 1437 0
1433 1437 1441 0
1433 1441 1729 0
1433 1729 1730 0
1433 1730 1733 0
1434 1429 1438 0
1434 1433 1733 0
1435 1434 1733 0
1435 1436 2093 0
1436 1435 1733 0
1436 1727 2093 0
1437 1431 1443 0
1437 1434 1438 0
1439 1739 2882 0
1440 1441 1442 0
1440 1442 1447 0
1440 1444 2882 0
1441 1437 1442 0
1441 1440 1729 0
1442 1430 1446 0
1442 1437 1443 0
1442 1446 1447 0
1444 1440 1447 0
1444 1447 1451 0
1444 1451 1781 0
1444 1781 1782 0
1444 1782 2882 0
1445 1807 1808 0
1446 1430 1454 0
1446 1454 1833 0
1447 1446 1451 0
1448 1785 1840 0
1448 1800 1809 0
1449 1831 1835 0
1450 1451 1833 0
1450 1833 1834 0
1450 1834 1840 0
1451 1446 1833 0
1451 1450 1781 0
1452 1836 1837 0
1452 1837 2092 0
1453 1454 2090 0
1453 2090 2092 0
1454 1430 2090 0
1454 1453 1833 0
1455 1422 2086 0
1455 1456 2053 0
1456 1427 2053 0
1456 1455 2084 0
1459 1395 1569 0
1459 1467 1468 0
1460 1396 1725 0
1460 1459 1468 0
1461 1462 1466 0
1461 1466 1468 0
1462 1329 1466 0
1462 1461 1464 0
1462 1464 2052 0
1463 1464 1465 0
1463 1465 1469 0
1463 1469 1475 0
1463 1475 1476 0
1463 1476 2052 0
1464 1461 1465 0
1464 1463 2052 0
1465 1461 1467 0
1465 1467 1568 0
1465 1568 2885 0
1466 1397 1468 0
1467 1459 1568 0
1467 1461 1468 0
1469 1267 1472 0
1469 1465 2885 0
1469 1472 1475 0
1470 1482 2886 0
1471 1472 1474 0
1471 1474 1550 0
1471 1550 2886 0
1472 1267 1474 0
1472 1471 2046 0
1472 1473 1475 0
1473 1472 2046 0
1474 1267 1555 0
1474 1549 1550 0
1475 1473 1476 0
1476 1324 2052 0
1476 1473 1479 0
1476 1477 2047 0
1477 1476 1479 0
1477 1479 1483 0
1477 1483 2044 0
1477 2044 2048 0
1478 1479 2046 0
1478 1482 1483 0
1478 2046 2886 0
1479 1473 2046 0
1479 1478 1483 0
1480 1483 1502 0
1480 1502 1503 0
1480 1503 1504 0
1480 1504 2044 0
1481 1482 1486 0
1481 1486 1487 0
1481 1487 1502 0
1482 1470 1486 0
1482 1478 2886 0
1482 1481 1483 0
1483 1480 2044 0
1483 1481 1502 0
1484 1487 1491 0
1484 1491 1501 0
1484 1501 1503 0
1485 1486 1490 0
1485 1490 1547 0
1486 1470 1490 0
1486 1485 1487 0
1487 1484 1502 0
1487 1485 1489 0
1487 1489 1491 0
1488 1491 1499 0
1489 1485 1513 0
1489 1513 1980 0
1490 1470 1853 0
1490 1542 1546 0
1490 1546 1547 0
1491 1488 1492 0
1491 1489 1499 0
1491 1492 1501 0
1492 1488 1495 0
1492 1493 1501 0
1492 1495 1500 0
1493 1305 1501 0
1493 1317 1506 0
1493 1492 1500 0
1494 1495 1976 0
1494 1976 1977 0
1494 1977 1986 0
1495 1488 1497 0
1495 1494 1500 0
1495 1497 1978 0
1496 1509 1952 0
1496 1950 1951 0
1496 1951 1954 0
1496 1954 1976 0
1496 1976 1978 0
1497 1488 1499 0
1497 1498 1985 0
1497 1509 1978 0
1498 1497 1499 0
1498 1499 1980 0
1498 1972 1985 0
1499 1489 1980 0
1500 1494 1986 0
1501 1305 1503 0
1502 1484 1503 0
1503 1305 1505 0
1504 1306 2045 0
1504 1309 2044 0
1504 1503 1505 0
1505 1305 1506 0
1507 1510 1970 0
1507 1941 1945 0
1507 1945 1947 0
1508 1509 1985 0
1508 1942 1970 0
1509 1496 1978 0
1509 1497 1985 0
1509 1508 1510 0
1509 1510 1950 0
1509 1950 1952 0
1510 1507 1947 0
1510 1508 1970 0
1510 1947 1950 0
1511 1516 1519 0
1511 1519 1523 0
1511 1523 1939 0
1511 1939 1940 0
1511 1940 1971 0
1512 1515 1547 0
1513 1485 1547 0
1513 1515 1980 0
1514 1515 1516 0
1514 1516 1971 0
1514 1971 1972 0
1514 1972 1980 0
1515 1512 1516 0
1515 1513 1547 0
1515 1514 1980 0
1516 1511 1971 0
1516 1512 1544 0
1517 1524 1543 0
1518 1519 1544 0
1518 1541 1543 0
1518 1544 1545 0
1519 1516 1544 0
1519 1518 1522 0
1519 1522 1523 0
1520 1528 1933 0
1520 1933 1934 0
1520 1934 1935 0
1520 1935 1936 0
1520 1936 1984 0
1521 1522 1524 0
1521 1524 1527 0
1521 1527 1936 0
1522 1518 1543 0
1522 1521 1523 0
1523 1521 1936 0
1523 1935 1939 0
1524 1517 1526 0
1524 1522 1543 0
1524 1526 1527 0
1525 1526 1531 0
1525 1531 1532 0
1525 1532 1874 0
1526 1517 1533 0
1526 1525 1527 0
1527 1525 1528 0
1527 1528 1984 0
1528 1520 1984 0
1528 1525 1874 0
1528 1874 1876 0
1528 1876 1983 0
1529 1867 2877 0
1529 2877 2880 0
1530 1531 1533 0
1530 1533 1535 0
1530 1535 2868 0
1530 2867 2880 0
1531 1526 1533 0
1531 1530 2879 0
1532 19 1874 0
1532 1531 2879 0
1533 1517 1535 0
1534 1535 1538 0
1534 1538 1570 0
1534 1570 1575 0
1534 1575 2868 0
1535 1517 1537 0
1535 1534 2868 0
1535 1537 1538 0
1536 1537 1541 0
1536 1541 1542 0
1536 1542 1548 0
1537 1517 1543 0
1537 1536 1538 0
1538 1536 1540 0
1538 1540 1570 0
1539 1540 1549 0
1539 1549 1551 0
1539 1551 1578 0
1539 1578 1580 0
1540 1536 1548 0
1540 1539 1570 0
1540 1548 1549 0
1541 1518 1545 0
1541 1537 1543 0
1542 1490 1548 0
1542 1541 1545 0
1542 1545 1546 0
1544 1512 1546 0
1545 1544 1546 0
1546 1512 1547 0
1548 1490 1853 0
1548 1853 1854 0
1549 1474 1551 0
1549 1548 1854 0
1550 1549 1854 0
1550 1854 2886 0
1551 1474 1554 0
1551 1554 1578 0
1552 1559 1561 0
1552 1561 1563 0
1552 1563 1588 0
1553 1554 1555 0
1553 1555 1558 0
1553 1558 1579 0
1554 1474 1555 0
1554 1553 1578 0
1555 1267 1557 0
1555 1557 1558 0
1556 1557 1568 0
1556 1568 1569 0
1557 1267 2885 0
1557 1556 1558 0
1558 1556 1559 0
1558 1559 1579 0
1559 1552 1577 0
1559 1556 1567 0
1559 1577 1579 0
1560 1561 1567 0
1560 1567 1726 0
1561 1559 1567 0
1561 1560 1563 0
1562 1563 1565 0
1562 1565 1592 0
1563 1560 1565 0
1563 1562 1588 0
1564 1565 1844 0
1565 1560 1566 0
1565 1564 1592 0
1565 1566 1844 0
1566 1560 1726 0
1566 1721 1844 0
1567 1395 1726 0
1567 1556 1569 0
1568 1459 1569 0
1568 1557 2885 0
1570 1539 1580 0
1570 1572 1575 0
1571 1574 1581 0
1571 1581 1584 0
1571 1584 1586 0
1571 1586 1870 0
1571 1870 2865 0
1572 1570 1580 0
1572 1574 1575 0
1572 1580 1581 0
1573 1574 2865 0
1573 2865 2866 0
1573 2866 2867 0
1573 2867 2868 0
1574 1571 2865 0
1574 1572 1581 0
1574 1573 1575 0
1575 1573 2868 0
1576 1577 1583 0
1576 1583 1584 0
1577 1552 1583 0
1577 1576 1578 0
1577 1578 1579 0
1578 1553 1579 0
1578 1576 1580 0
1580 1576 1581 0
1581 1576 1584 0
1582 1583 1588 0
1582 1588 1852 0
1583 1552 1588 0
1583 1582 1584 0
1584 1582 1586 0
1585 1586 1587 0
1585 1587 2872 0
1585 1869 1870 0
1586 1582 1852 0
1586 1585 1870 0
1587 1586 1852 0
1587 1602 1605 0
1587 1605 2872 0
1588 1562 1589 0
1588 1589 1852 0
1589 1562 1591 0
1589 1591 1601 0
1589 1601 1602 0
1589 1602 1852 0
1590 1591 1592 0
1590 1592 1593 0
1590 1593 1851 0
1590 1599 1601 0
1591 1562 1592 0
1591 1590 1601 0
1592 1564 1717 0
1593 1592 1717 0
1593 1710 1851 0
1594 1634 1850 0
1594 1675 1676 0
1595 1598 1845 0
1595 1845 1846 0
1595 1846 1847 0
1596 1598 1599 0
1596 1599 1851 0
1596 1710 1845 0
1597 1600 1625 0
1597 1625 1627 0
1598 1595 1701 0
1598 1596 1845 0
1599 1590 1851 0
1599 1598 1600 0
1599 1600 1601 0
1600 1597 1603 0
1600 1598 1625 0
1601 1600 1603 0
1602 1587 1852 0
1602 1601 1603 0
1602 1603 1604 0
1602 1604 1605 0
1603 1597 1609 0
1604 18 1605 0
1604 1603 1609 0
1604 1609 1610 0
1605 18 2872 0
1606 1604 1610 0
1606 1607 2876 0
1607 254 1622 0
1607 255 2876 0
1607 1606 1610 0
1608 1607 1610 0
1608 1609 1627 0
1609 1597 1627 0
1609 1608 1610 0
1611 1617 1626 0
1611 1626 2884 0
1611 1629 1692 0
1612 1613 1627 0
1612 1625 1626 0
1613 1608 1627 0
1613 1612 1617 0
1614 1615 1617 0
1614 1617 1692 0
1615 1613 1617 0
1615 1614 1618 0
1616 1615 1618 0
1616 1618 1697 0
1617 1611 1692 0
1617 1612 1626 0
1618 138 1697 0
1618 1614 1620 0
1619 1620 1621 0
1619 1621 1683 0
1619 1683 1684 0
1619 1684 1693 0
1619 1693 1694 0
1620 1614 1692 0
1620 1619 1694 0
1621 1620 1692 0
1621 1629 1632 0
1621 1632 1683 0
1622 1616 1623 0
1623 1616 1697 0
1624 1625 1701 0
1624 1701 2883 0
1624 2883 2884 0
1625 1598 1701 0
1625 1612 1627 0
1625 1624 1626 0
1626 1624 2884 0
1628 1629 2884 0
1629 1611 2884 0
1629 1621 1692 0
1629 1628 1633 0
1630 1636 1638 0
1630 1638 1640 0
1630 1639 1680 0
1630 1680 1681 0
1630 1681 1682 0
1631 1632 1633 0
1631 1633 1634 0
1631 1634 1635 0
1631 1635 1636 0
1631 1636 1682 0
1632 1629 1633 0
1632 1631 1682 0
1632 1682 1683 0
1633 1628 1634 0
1634 1594 1676 0
1634 1628 1850 0
1635 1634 1676 0
1636 1630 1682 0
1636 1635 1638 0
1637 1638 1672 0
1638 1635 1671 0
1638 1637 1640 0
1638 1671 1672 0
1639 1630 1640 0
1639 1640 1641 0
1639 1641 1642 0
1639 1642 1679 0
1639 1679 1680 0
1640 1637 1641 0
1641 173 1642 0
1641 1637 1645 0
1641 1644 173 0
1642 171 1679 0
1643 171 1642 0
1643 1642 173 0
1644 1641 1645 0
1644 1645 1670 0
1645 1637 1667 0
1645 1667 1670 0
1646 1655 1812 0
1646 1766 1816 0
1647 1653 1664 0
1648 1651 1654 0
1648 1654 1658 0
1649 1650 1668 0
1650 1649 1651 0
1651 1649 1653 0
1651 1652 1650 0
1651 1653 1654 0
1652 1651 1648 0
1653 1647 1654 0
1653 1649 1665 0
1654 1647 1657 0
1654 1657 1658 0
1655 1648 1658 0
1655 1658 1812 0
1656 1657 1660 0
1656 1660 1760 0
1656 1760 1761 0
1656 1761 1811 0
1656 1811 1812 0
1657 1647 1660 0
1657 1656 1658 0
1658 1656 1812 0
1659 1660 1755 0
1659 1755 1756 0
1659 1756 1759 0
1659 1759 1760 0
1660 1647 1662 0
1660 1659 1760 0
1660 1662 1755 0
1661 1662 1664 0
1661 1664 1849 0
1661 1754 1755 0
1662 1647 1664 0
1662 1661 1755 0
1663 1664 1665 0
1663 1665 1666 0
1663 1666 1672 0
1663 1672 1677 0
1663 1677 1849 0
1664 1653 1665 0
1664 1663 1849 0
1665 1649 1666 0
1666 1649 1668 0
1666 1667 1672 0
1666 1668 1670 0
1667 1637 1672 0
1667 1666 1670 0
1668 1669 1670 0
1669 123 1670 0
1669 1668 1650 0
1671 1635 1674 0
1671 1674 1677 0
1672 1671 1677 0
1673 1674 1675 0
1673 1675 1708 0
1673 1708 1848 0
1673 1848 1849 0
1674 1635 1676 0
1674 1673 1677 0
1675 1594 1704 0
1675 1674 1676 0
1675 1704 1705 0
1675 1705 1708 0
1677 1673 1849 0
1678 1679 1688 0
1678 1685 1686 0
1678 1688 1690 0
1679 171 1689 0
1679 1678 1680 0
1680 1678 1681 0
1681 1678 1686 0
1682 1681 1683 0
1683 1681 1686 0
1684 145 1693 0
1684 1683 1686 0
1685 1678 1690 0
1685 1684 1686 0
1687 166 2829 0
1687 1685 1690 0
1688 175 1690 0
1688 1679 1689 0
1689 1691 174 0
1691 171 172 0
1693 145 2829 0
1693 146 1695 0
1694 1693 1695 0
1695 146 1700 0
1696 152 1698 0
1696 1695 1699 0
1697 1696 1698 0
1699 139 2831 0
1699 1695 1700 0
1701 1595 1847 0
1701 1702 2883 0
1702 1701 1847 0
1702 1706 1850 0
1702 1850 2883 0
1703 1704 1706 0
1703 1706 1707 0
1703 1707 1743 0
1703 1743 1842 0
1704 1594 1706 0
1704 1703 1705 0
1705 1703 1842 0
1705 1752 1753 0
1705 1753 1754 0
1706 1594 1850 0
1706 1702 1847 0
1707 1706 1847 0
1708 1705 1754 0
1708 1754 1848 0
1709 1710 1715 0
1709 1715 1746 0
1709 1746 1846 0
1710 1593 1713 0
1710 1596 1851 0
1710 1709 1845 0
1710 1713 1715 0
1711 1714 1843 0
1711 1734 1738 0
1711 1738 1748 0
1712 1713 1716 0
1712 1716 1719 0
1712 1719 1720 0
1712 1720 1843 0
1713 1593 1717 0
1713 1712 1714 0
1713 1714 1715 0
1714 1711 1748 0
1714 1712 1843 0
1715 1714 1747 0
1716 1713 1717 0
1716 1717 1844 0
1717 1564 1844 0
1718 1719 1721 0
1718 1721 1722 0
1718 1722 1727 0
1718 1727 1732 0
1719 1716 1721 0
1719 1718 1732 0
1720 1719 1732 0
1720 1728 1731 0
1720 1731 1734 0
1720 1734 1843 0
1721 1566 1724 0
1721 1716 1844 0
1722 1399 1727 0
1722 1721 1724 0
1723 1722 1724 0
1723 1724 1725 0
1724 1566 1726 0
1725 1724 1726 0
1727 1399 2093 0
1727 1436 1728 0
1727 1728 1732 0
1728 1436 1730 0
1728 1720 1732 0
1728 1729 1731 0
1729 1440 1736 0
1729 1728 1730 0
1730 1436 1733 0
1731 1729 1736 0
1731 1736 1740 0
1734 1711 1843 0
1734 1731 1740 0
1735 1736 2882 0
1735 1738 1740 0
1736 1440 2882 0
1736 1735 1740 0
1737 1738 1739 0
1737 1739 1777 0
1738 1734 1740 0
1738 1735 1739 0
1738 1737 1748 0
1739 1439 1777 0
1739 1735 2882 0
1741 1744 1746 0
1741 1746 1747 0
1741 1747 1748 0
1741 1748 1749 0
1742 1743 1744 0
1742 1744 1745 0
1742 1745 1751 0
1742 1751 1752 0
1742 1752 1842 0
1743 1707 1746 0
1743 1742 1842 0
1744 1741 1745 0
1744 1743 1746 0
1745 1741 1749 0
1745 1749 1776 0
1745 1775 1788 0
1746 1707 1846 0
1746 1715 1747 0
1747 1714 1748 0
1748 1737 1749 0
1749 1737 1776 0
1750 1751 1788 0
1750 1756 1841 0
1751 1745 1788 0
1751 1750 1841 0
1752 1705 1842 0
1752 1751 1841 0
1753 1752 1841 0
1754 1661 1848 0
1754 1753 1755 0
1755 1753 1756 0
1756 1750 1758 0
1756 1753 1841 0
1756 1758 1759 0
1757 1758 1769 0
1758 1750 1774 0
1758 1757 1759 0
1759 1757 1761 0
1760 1759 1761 0
1761 1757 1765 0
1761 1765 1766 0
1761 1766 1811 0
1762 1814 1828 0
1763 1817 1818 0
1764 1765 1813 0
1764 1813 1814 0
1764 1814 1815 0
1764 1815 1816 0
1765 1757 1768 0
1765 1764 1766 0
1765 1768 1813 0
1766 1646 1811 0
1766 1764 1816 0
1767 1646 1816 0
1768 1757 1769 0
1768 1769 1810 0
1768 1806 1813 0
1769 1758 1772 0
1769 1772 1773 0
1769 1773 1810 0
1770 1773 1787 0
1770 1783 1784 0
1770 1784 1797 0
1771 1772 1774 0
1771 1774 1775 0
1771 1775 1780 0
1771 1780 1783 0
1771 1783 1787 0
1772 1758 1774 0
1772 1771 1787 0
1773 1770 1789 0
1773 1772 1787 0
1773 1789 1810 0
1774 1750 1788 0
1775 1745 1776 0
1775 1774 1788 0
1775 1776 1780 0
1776 1737 1777 0
1776 1777 1780 0
1777 1439 1779 0
1777 1779 1780 0
1778 1779 1781 0
1778 1781 1785 0
1778 1785 1786 0
1779 1439 1782 0
1779 1778 1780 0
1780 1778 1786 0
1781 1450 1785 0
1781 1779 1782 0
1782 1439 2882 0
1783 1770 1787 0
1783 1780 1786 0
1784 1783 1786 0
1784 1785 1809 0
1785 1448 1809 0
1785 1450 1840 0
1785 1784 1786 0
1789 1770 1791 0
1789 1791 1829 0
1789 1806 1810 0
1790 1791 1797 0
1790 1797 1800 0
1790 1799 1808 0
1791 1770 1797 0
1791 1790 1794 0
1791 1794 1829 0
1792 1794 1796 0
1792 1796 1801 0
1792 1801 1804 0
1792 1804 1805 0
1792 1805 1829 0
1793 1824 1826 0
1794 1790 1796 0
1794 1792 1829 0
1796 1790 1808 0
1796 1802 1801 0
1796 1807 1795 0
1797 1784 1809 0
1799 1445 1808 0
1799 1790 1800 0
1799 1800 1838 0
1799 1839 1445 0
1800 1448 1830 0
1800 1797 1809 0
1800 1830 1838 0
1801 1793 1826 0
1801 1802 1793 0
1802 1796 1795 0
1803 1804 1826 0
1803 1821 1828 0
1804 1801 1826 0
1804 1803 1805 0
1805 1803 1828 0
1805 1806 1829 0
1806 1768 1810 0
1806 1789 1829 0
1806 1805 1813 0
1807 1796 1808 0
1811 1646 1812 0
1813 1805 1814 0
1814 1762 1815 0
1814 1805 1828 0
1815 1762 1818 0
1816 1817 1767 0
1817 1815 1818 0
1817 1816 1815 0
1818 1762 1820 0
1818 1827 1763 0
1819 1820 1825 0
1820 1762 1821 0
1820 1821 1823 0
1820 1823 1825 0
1821 1762 1828 0
1821 1803 1826 0
1822 2 1825 0
1823 1821 1826 0
1823 1822 1825 0
1823 1824 1822 0
1824 1823 1826 0
1827 1818 1820 0
1827 1820 1819 0
1830 1448 1834 0
1830 1831 1838 0
1830 1834 1835 0
1831 1798 1838 0
1831 1830 1835 0
1832 1833 1837 0
1833 1453 1837 0
1833 1832 1834 0
1834 1448 1840 0
1834 1832 1835 0
1835 1836 1449 0
1836 1832 1837 0
1836 1835 1832 0
1837 1453 2092 0
1838 1839 1799 0
1839 1838 1798 0
1845 1709 1846 0
1846 1707 1847 0
1848 1661 1849 0
1850 1628 2883 0
1853 1470 2886 0
1854 1853 2886 0
1855 1860 1873 0
1855 1873 1903 0
1855 1903 1904 0
1855 1904 2881 0
1856 1857 2878 0
1856 1896 1897 0
1856 2877 2881 0
1857 1532 2878 0
1857 1856 1897 0
1858 21 1872 0
1858 1860 1861 0
1858 1872 1873 0
1859 1860 1863 0
1859 1863 1868 0
1859 1868 2874 0
1859 2874 2875 0
1860 1855 1864 0
1860 1858 1873 0
1860 1859 1861 0
1861 1859 1862 0
1862 1859 2875 0
1863 1860 1864 0
1863 1864 2877 0
1863 1867 1868 0
1864 1855 2881 0
1865 1866 1869 0
1865 1869 2872 0
1865 2870 2874 0
1866 1865 1868 0
1866 1867 2866 0
1867 1529 2866 0
1867 1863 2877 0
1867 1866 1868 0
1868 1865 2874 0
1869 1585 2872 0
1869 1866 2865 0
1870 1869 2865 0
1871 1872 2864 0
1871 1902 1903 0
1872 246 2864 0
1872 1871 1873 0
1873 1871 1903 0
1874 19 1876 0
1875 1876 1913 0
1875 1882 1982 0
1875 1883 1983 0
1876 19 1877 0
1876 1875 1983 0
1876 1877 1913 0
1877 19 1897 0
1877 1888 1913 0
1878 1879 1889 0
1878 1889 1892 0
1878 1892 1914 0
1879 1878 1881 0
1879 1881 1882 0
1879 1882 1913 0
1879 1888 1889 0
1880 1881 1885 0
1880 1884 1921 0
1880 1921 1926 0
1880 1926 1981 0
1880 1981 1982 0
1881 1878 1885 0
1881 1880 1982 0
1882 1875 1913 0
1882 1881 1982 0
1883 1875 1982 0
1883 1933 1983 0
1884 1880 1885 0
1884 1885 1915 0
1884 1915 1923 0
1885 1878 1914 0
1885 1914 1915 0
1886 1892 1917 0
1887 1888 1901 0
1888 1877 1895 0
1888 1879 1913 0
1888 1887 1889 0
1888 1895 1901 0
1889 1887 1891 0
1889 1891 1892 0
1890 1891 1893 0
1890 1893 1908 0
1890 1908 1920 0
1891 1887 1893 0
1891 1890 1892 0
1892 1886 1914 0
1892 1890 1917 0
1893 22 1912 0
1893 1887 1898 0
1894 1895 1896 0
1894 1896 1902 0
1894 1899 1901 0
1895 1877 1896 0
1895 1894 1901 0
1896 1856 1904 0
1896 1877 1897 0
1898 1887 1901 0
1899 1894 1900 0
1899 1898 1901 0
1899 1900 1905 0
1900 1894 1902 0
1900 1902 2864 0
1902 1871 2864 0
1902 1896 1903 0
1903 1896 1904 0
1904 1856 2881 0
1905 235 1907 0
1905 1900 1906 0
1905 1907 2832 0
1906 1900 2864 0
1907 90 2832 0
1908 25 1920 0
1908 1893 1912 0
1909 94 1910 0
1909 1908 1912 0
1910 24 1911 0
1912 22 2832 0
1914 1886 1915 0
1915 795 1923 0
1915 1886 1916 0
1916 1886 1917 0
1916 1917 1919 0
1917 1890 1920 0
1917 1918 1919 0
1918 27 1919 0
1918 1917 1920 0
1921 810 1925 0
1921 1884 1922 0
1921 1925 1926 0
1922 797 2794 0
1922 1884 1923 0
1924 1925 1927 0
1924 1927 1929 0
1924 1929 1973 0
1925 810 1928 0
1925 1924 1926 0
1926 1924 1932 0
1926 1932 1981 0
1927 807 1930 0
1927 1925 1928 0
1929 1927 1930 0
1929 1930 1960 0
1929 1960 1961 0
1929 1961 1973 0
1930 14 1960 0
1931 1934 1973 0
1931 1961 1963 0
1932 1924 1973 0
1932 1933 1981 0
1933 1528 1983 0
1933 1883 1981 0
1933 1932 1934 0
1934 1931 1935 0
1934 1932 1973 0
1935 1523 1936 0
1935 1931 1963 0
1935 1938 1939 0
1936 1527 1984 0
1937 1938 1962 0
1938 1935 1963 0
1938 1937 1939 0
1938 1961 1962 0
1939 1937 1940 0
1940 1937 1941 0
1940 1941 1942 0
1940 1942 1971 0
1941 1507 1970 0
1941 1937 1944 0
1941 1944 1945 0
1942 1508 1972 0
1942 1941 1970 0
1943 1944 1964 0
1943 1964 1965 0
1944 1937 1962 0
1944 1943 1945 0
1944 1962 1964 0
1945 1943 1946 0
1945 1946 1947 0
1946 888 1948 0
1946 1943 1957 0
1947 1946 1948 0
1947 1948 1949 0
1947 1949 1950 0
1948 888 1979 0
1949 884 1951 0
1949 1948 1979 0
1950 1496 1952 0
1950 1949 1951 0
1951 884 1975 0
1953 1954 1974 0
1953 1974 1993 0
1953 1993 1994 0
1954 1951 1974 0
1954 1953 1976 0
1955 826 2785 0
1955 1946 1957 0
1956 831 2788 0
1956 1955 1957 0
1956 1957 1958 0
1957 1943 1965 0
1957 1965 1969 0
1958 1957 1969 0
1959 1960 1967 0
1960 14 1967 0
1960 1959 1961 0
1961 1931 1973 0
1961 1938 1963 0
1961 1959 1962 0
1962 1959 1964 0
1964 1959 1965 0
1965 1959 1966 0
1965 1966 1969 0
1966 813 1968 0
1966 829 1969 0
1966 1959 1967 0
1971 1942 1972 0
1972 1498 1980 0
1972 1508 1985 0
1974 883 1993 0
1974 1951 1975 0
1976 1495 1978 0
1976 1953 1994 0
1977 882 1986 0
1977 1976 1994 0
1979 888 2785 0
1981 1883 1982 0
1986 882 1987 0
1987 882 1991 0
1987 1991 2029 0
1988 1987 2029 0
1989 1990 1995 0
1989 1995 1997 0
1989 1997 1999 0
1989 1999 2001 0
1989 2001 2036 0
1990 1989 2028 0
1990 1991 1992 0
1990 1992 1995 0
1990 2028 2029 0
1991 882 1994 0
1991 1990 2029 0
1992 1991 1994 0
1992 1993 1996 0
1993 883 1996 0
1993 1992 1994 0
1995 1992 1996 0
1995 1996 1997 0
1996 883 2007 0
1996 894 1997 0
1997 894 2005 0
1998 1999 2003 0
1998 2003 2008 0
1998 2008 2019 0
1998 2019 2023 0
1999 1997 2005 0
1999 1998 2001 0
2000 2001 2002 0
2000 2002 2027 0
2000 2027 2031 0
2000 2030 2036 0
2001 1998 2023 0
2001 2000 2036 0
2002 2001 2023 0
2002 2012 2027 0
2003 1999 2005 0
2003 2004 2008 0
2003 2005 2006 0
2004 853 2008 0
2004 2003 2006 0
2005 894 2006 0
2008 853 2020 0
2009 2010 2041 0
2010 852 2041 0
2010 2009 2012 0
2011 2010 2012 0
2011 2012 2015 0
2011 2015 2025 0
2012 2002 2015 0
2012 2009 2027 0
2013 2011 2025 0
2014 2015 2021 0
2014 2021 2022 0
2014 2022 2025 0
2015 2002 2021 0
2015 2014 2025 0
2016 2017 2026 0
2016 2024 2025 0
2017 867 2784 0
2017 1007 2026 0
2017 2016 2018 0
2018 2016 2022 0
2018 2019 2020 0
2019 2008 2020 0
2019 2018 2021 0
2019 2021 2023 0
2021 2002 2023 0
2021 2018 2022 0
2022 2016 2025 0
2024 2013 2025 0
2024 2016 2026 0
2026 1007 2779 0
2027 2009 2031 0
2028 1298 2029 0
2028 1989 2036 0
2030 2000 2031 0
2030 2028 2036 0
2030 2031 2035 0
2031 2009 2038 0
2031 2032 2035 0
2032 2031 2038 0
2032 2033 2034 0
2032 2034 2035 0
2032 2038 2042 0
2033 1299 2034 0
2033 2032 2042 0
2034 1298 2035 0
2037 2038 2039 0
2037 2039 2040 0
2037 2040 2043 0
2038 2009 2041 0
2038 2037 2042 0
2039 852 2040 0
2039 2038 2041 0
2040 1227 2043 0
2042 2037 2043 0
2044 1309 2048 0
2045 1307 2050 0
2046 1471 2886 0
2047 1477 2048 0
2048 1309 2050 0
2049 2048 2050 0
2049 2050 2051 0
2050 1290 2051 0
2053 1427 2057 0
2053 2055 1422 0
2054 2055 2057 0
2055 2053 2057 0
2056 1419 2059 0
2056 2054 2057 0
2056 2058 2054 0
2058 2056 2059 0
2059 1419 2063 0
2059 2063 2064 0
2060 2062 2068 0
2060 2068 2082 0
2061 2062 2064 0
2061 2063 2067 0
2061 2066 2068 0
2062 2061 2068 0
2063 1419 2083 0
2063 2061 2064 0
2064 2065 1256 0
2065 2064 2062 0
2066 1257 2076 0
2066 2061 2067 0
2067 2063 2083 0
2068 2066 2071 0
2068 2071 2082 0
2069 2060 2082 0
2069 2078 2080 0
2070 2071 2076 0
2070 2074 2078 0
2070 2078 2082 0
2071 2066 2076 0
2071 2070 2082 0
2072 2073 2079 0
2072 2079 2080 0
2073 1251 2079 0
2073 2072 2074 0
2074 2070 2075 0
2074 2072 2078 0
2074 2075 2077 0
2075 1258 2077 0
2075 2070 2076 0
2078 2069 2082 0
2078 2072 2080 0
2079 1337 2894 0
2079 2081 2080 0
2079 2893 5 0
2080 2081 2069 0
2081 2079 5 0
2084 1455 2086 0
2084 2086 2087 0
2084 2087 2089 0
2086 2088 2087 0
2087 1255 2090 0
2087 2088 1255 0
2088 2086 2085 0
2089 2087 2090 0
2090 1255 2092 0
2091 1452 2092 0
2093 1399 2094 0
2096 1227 2097 0
2102 2105 2107 0
2102 2107 2108 0
2103 2104 2115 0
2104 1143 2115 0
2104 2103 2105 0
2105 2102 2127 0
2105 2103 2107 0
2106 2107 2114 0
2107 2103 2114 0
2107 2106 2108 0
2108 2106 2110 0
2108 2111 1121 0
2109 2110 2121 0
2110 2106 2112 0
2110 2111 2108 0
2110 2112 2117 0
2110 2117 2121 0
2111 2110 2109 0
2112 1122 2119 0
2112 2106 2113 0
2113 2106 2114 0
2113 2114 2116 0
2114 2103 2115 0
2114 2115 2116 0
2115 1143 2125 0
2115 2125 2126 0
2116 2115 2126 0
2117 1130 2120 0
2117 2112 2118 0
2117 2120 2121 0
2118 2112 2119 0
2119 1122 2135 0
2120 910 2121 0
2120 1130 2124 0
2120 2123 910 0
2121 2122 2109 0
2122 2121 910 0
2123 2120 2124 0
2125 1139 2126 0
2127 2128 1157 0
2128 2102 1121 0
2128 2127 2102 0
2129 1051 2131 0
2129 2130 1051 0
2130 1158 2127 0
2130 2127 1157 0
2131 1113 2775 0
2131 2132 1113 0
2132 2131 1051 0
2133 1135 2134 0
2134 1127 2135 0
2134 1135 2138 0
2137 1105 2924 0
2139 1132 2142 0
2140 2141 2151 0
2140 2151 2152 0
2141 996 2151 0
2141 2140 2142 0
2142 2140 2144 0
2143 2144 2147 0
2144 2140 2149 0
2144 2145 997 0
2145 2144 2143 0
2146 2147 2149 0
2146 2149 2150 0
2146 2150 2862 0
2146 2862 2863 0
2147 2144 2149 0
2147 2146 2863 0
2147 2148 2143 0
2148 2147 2863 0
2149 2140 2152 0
2150 967 2157 0
2150 2149 2152 0
2150 2157 2158 0
2150 2158 2862 0
2151 998 2152 0
2153 2159 2163 0
2153 2163 2168 0
2153 2168 2169 0
2153 2169 2771 0
2153 2771 2773 0
2154 2768 2770 0
2154 2858 2859 0
2155 2158 2772 0
2155 2772 2773 0
2155 2773 2860 0
2155 2857 2862 0
2156 2157 2774 0
2156 2160 2772 0
2157 967 2774 0
2157 2156 2158 0
2158 2155 2862 0
2158 2156 2772 0
2159 2153 2773 0
2159 2160 2162 0
2159 2162 2163 0
2160 968 2781 0
2160 2156 2774 0
2160 2159 2772 0
2161 2162 2190 0
2162 2160 2781 0
2162 2161 2163 0
2163 2161 2167 0
2163 2167 2168 0
2164 2199 2206 0
2164 2206 2208 0
2164 2208 2209 0
2164 2209 2245 0
2164 2245 2759 0
2165 2180 2181 0
2165 2181 2183 0
2165 2183 2186 0
2165 2186 2188 0
2165 2188 2201 0
2165 2201 2856 0
2166 2167 2183 0
2167 2161 2185 0
2167 2166 2168 0
2167 2185 2186 0
2168 2166 2169 0
2169 2166 2171 0
2169 2171 2179 0
2169 2179 2768 0
2169 2768 2771 0
2170 2174 2182 0
2170 2182 2757 0
2170 2757 2758 0
2170 2758 2767 0
2171 2166 2181 0
2171 2174 2179 0
2171 2181 2182 0
2172 2173 2175 0
2172 2769 2770 0
2173 2172 2770 0
2173 2174 2175 0
2174 2170 2767 0
2174 2171 2182 0
2174 2173 2179 0
2175 2174 2767 0
2176 2175 2767 0
2177 2705 2709 0
2177 2709 2721 0
2178 2752 2753 0
2179 2173 2768 0
2180 2165 2856 0
2181 2166 2183 0
2181 2180 2182 0
2182 2180 2757 0
2183 2167 2186 0
2184 2185 2189 0
2184 2189 2194 0
2184 2194 2195 0
2184 2195 2202 0
2184 2202 2203 0
2185 2161 2190 0
2185 2184 2203 0
2186 2185 2203 0
2187 2188 2202 0
2187 2202 2215 0
2188 2186 2203 0
2188 2187 2200 0
2188 2200 2201 0
2189 912 2193 0
2189 2185 2190 0
2189 2193 2194 0
2190 2162 2781 0
2191 2192 2197 0
2191 2197 2198 0
2191 2198 2763 0
2192 913 2197 0
2192 2191 2193 0
2192 2193 2196 0
2193 912 2196 0
2193 2191 2194 0
2194 2191 2763 0
2195 2194 2763 0
2195 2214 2215 0
2197 913 2764 0
2198 914 2223 0
2198 2197 2764 0
2198 2222 2763 0
2199 2164 2759 0
2199 2200 2206 0
2199 2759 2856 0
2200 2187 2205 0
2200 2199 2201 0
2200 2205 2206 0
2201 2199 2856 0
2202 2188 2203 0
2202 2195 2215 0
2204 2205 2225 0
2205 2187 2213 0
2205 2204 2206 0
2205 2213 2225 0
2206 2204 2208 0
2207 2208 2259 0
2207 2229 2760 0
2208 2204 2211 0
2208 2207 2209 0
2208 2211 2259 0
2209 2207 2237 0
2209 2237 2242 0
2209 2242 2245 0
2210 2211 2226 0
2210 2226 2256 0
2211 2204 2224 0
2211 2210 2229 0
2211 2224 2226 0
2211 2229 2259 0
2212 2213 2214 0
2212 2214 2216 0
2212 2216 2219 0
2212 2219 2228 0
2212 2224 2225 0
2213 2187 2215 0
2213 2212 2225 0
2214 2195 2222 0
2214 2213 2215 0
2216 916 2218 0
2216 2214 2222 0
2216 2218 2219 0
2217 934 2761 0
2217 2218 2220 0
2217 2227 2228 0
2218 916 2221 0
2218 2217 2219 0
2219 2217 2228 0
2220 2218 2221 0
2222 2195 2763 0
2222 2198 2223 0
2223 914 2762 0
2224 2204 2225 0
2224 2212 2228 0
2226 2224 2227 0
2226 2227 2256 0
2227 2217 2761 0
2227 2224 2228 0
2227 2255 2256 0
2229 2207 2259 0
2229 2210 2231 0
2229 2231 2234 0
2229 2234 2760 0
2230 2231 2252 0
2230 2252 2376 0
2230 2376 2746 0
2231 2210 2251 0
2231 2230 2233 0
2231 2233 2234 0
2231 2251 2252 0
2232 2233 2236 0
2232 2236 2690 0
2232 2690 2722 0
2233 2230 2746 0
2233 2232 2234 0
2234 2232 2722 0
2234 2722 2760 0
2235 2237 2760 0
2236 922 2690 0
2236 2233 2746 0
2237 2207 2760 0
2237 2235 2240 0
2237 2240 2247 0
2238 2239 2700 0
2238 2700 2710 0
2238 2707 2708 0
2239 2238 2708 0
2239 2240 2701 0
2239 2246 2247 0
2239 2692 2700 0
2240 2235 2701 0
2240 2239 2247 0
2241 2242 2246 0
2241 2246 2249 0
2241 2249 2756 0
2242 2237 2247 0
2242 2241 2244 0
2242 2244 2245 0
2243 2244 2754 0
2243 2754 2757 0
2243 2757 2759 0
2244 2241 2754 0
2244 2243 2245 0
2245 2243 2759 0
2246 2239 2708 0
2246 2242 2247 0
2248 2249 2707 0
2248 2706 2753 0
2249 2246 2708 0
2249 2248 2749 0
2249 2749 2756 0
2250 2251 2255 0
2250 2254 2378 0
2250 2255 2258 0
2250 2258 2260 0
2251 2210 2256 0
2251 2250 2252 0
2252 2250 2378 0
2253 2254 2272 0
2253 2263 2748 0
2253 2358 2377 0
2254 2250 2260 0
2254 2253 2377 0
2254 2260 2272 0
2254 2377 2378 0
2255 931 2258 0
2255 2227 2761 0
2255 2251 2256 0
2257 931 2265 0
2258 2257 2260 0
2260 2257 2262 0
2260 2262 2263 0
2260 2263 2272 0
2261 2262 2264 0
2261 2264 2266 0
2261 2266 2267 0
2261 2267 2269 0
2262 2257 2264 0
2262 2261 2263 0
2263 2253 2272 0
2263 2261 2269 0
2263 2269 2271 0
2263 2271 2748 0
2264 932 2266 0
2264 2257 2265 0
2266 925 2267 0
2267 924 2278 0
2267 925 2268 0
2268 926 2309 0
2269 2267 2278 0
2270 2271 2274 0
2270 2274 2291 0
2270 2291 2747 0
2270 2747 2748 0
2271 2269 2274 0
2271 2270 2748 0
2273 2274 2275 0
2273 2275 2348 0
2273 2279 2347 0
2273 2282 2290 0
2273 2290 2291 0
2274 2269 2278 0
2274 2273 2291 0
2275 924 2348 0
2275 2274 2278 0
2276 2279 2312 0
2276 2281 2347 0
2277 924 2309 0
2277 2279 2348 0
2277 2308 2310 0
2277 2310 2312 0
2279 2273 2348 0
2279 2276 2347 0
2279 2277 2312 0
2280 2283 2299 0
2281 2276 2303 0
2281 2283 2347 0
2281 2298 2299 0
2282 2273 2347 0
2282 2283 2289 0
2282 2289 2290 0
2283 2280 2286 0
2283 2281 2299 0
2283 2282 2347 0
2283 2286 2287 0
2283 2287 2289 0
2284 2287 2632 0
2284 2632 2633 0
2284 2633 2640 0
2285 2286 2293 0
2285 2293 2631 0
2285 2628 2632 0
2286 2280 2293 0
2286 2285 2287 0
2287 2284 2288 0
2287 2285 2632 0
2287 2288 2289 0
2288 923 2290 0
2288 2284 2351 0
2289 2288 2290 0
2290 923 2291 0
2291 923 2747 0
2292 2293 2295 0
2292 2294 2346 0
2292 2346 2629 0
2292 2629 2631 0
2293 2280 2295 0
2293 2292 2631 0
2294 2292 2295 0
2294 2295 2345 0
2294 2333 2334 0
2294 2334 2338 0
2294 2338 2346 0
2295 2280 2297 0
2295 2297 2345 0
2296 2297 2298 0
2296 2298 2301 0
2296 2301 2344 0
2297 2280 2299 0
2297 2296 2333 0
2297 2333 2345 0
2298 2281 2303 0
2298 2297 2299 0
2300 2301 2303 0
2300 2303 2304 0
2300 2304 2313 0
2300 2313 2316 0
2301 2298 2303 0
2301 2300 2302 0
2301 2302 2344 0
2302 2300 2316 0
2302 2316 2321 0
2302 2321 2342 0
2302 2342 2344 0
2303 2276 2304 0
2304 2276 2312 0
2304 2311 2328 0
2305 2306 2853 0
2305 2853 2854 0
2306 837 2853 0
2306 2305 2310 0
2307 2306 2308 0
2308 2277 2309 0
2308 2306 2310 0
2310 2305 2311 0
2310 2311 2312 0
2311 2304 2312 0
2311 2305 2327 0
2311 2327 2328 0
2313 15 2315 0
2313 2304 2328 0
2313 2315 2316 0
2314 2315 2320 0
2314 2319 2323 0
2315 15 2852 0
2315 2314 2316 0
2315 2317 2320 0
2316 2314 2322 0
2317 2315 2852 0
2317 2318 2320 0
2318 822 2319 0
2318 2317 2325 0
2318 2319 2320 0
2319 734 2323 0
2319 822 2324 0
2319 2314 2320 0
2321 738 2342 0
2321 2316 2322 0
2322 2314 2323 0
2322 2323 2331 0
2323 734 2792 0
2325 2317 2852 0
2326 2325 2852 0
2326 2327 2854 0
2327 15 2328 0
2327 2305 2854 0
2327 2326 2852 0
2329 838 2330 0
2329 2326 2854 0
2331 736 2343 0
2331 2323 2792 0
2332 747 2336 0
2332 2333 2344 0
2333 2294 2345 0
2333 2296 2344 0
2333 2332 2336 0
2334 2333 2336 0
2334 2335 2339 0
2335 679 2337 0
2335 681 2339 0
2335 2334 2336 0
2335 2336 2340 0
2336 747 2340 0
2338 685 2346 0
2338 2334 2339 0
2341 2332 2342 0
2341 2342 2343 0
2342 738 2343 0
2342 2332 2344 0
2346 12 2629 0
2346 685 2808 0
2349 2352 2355 0
2349 2355 2358 0
2349 2358 2748 0
2350 2351 2640 0
2350 2639 2641 0
2351 2284 2640 0
2351 2350 2352 0
2352 2349 2747 0
2352 2350 2354 0
2352 2354 2355 0
2353 2354 2366 0
2353 2366 2367 0
2354 2350 2366 0
2354 2353 2355 0
2355 2353 2357 0
2355 2357 2358 0
2356 2357 2360 0
2356 2360 2361 0
2356 2361 2364 0
2356 2364 2376 0
2356 2376 2377 0
2357 2353 2360 0
2357 2356 2358 0
2358 2253 2748 0
2358 2356 2377 0
2359 2360 2367 0
2359 2367 2368 0
2359 2368 2375 0
2359 2375 2738 0
2360 2353 2367 0
2360 2359 2361 0
2361 2359 2363 0
2361 2363 2745 0
2362 2363 2738 0
2362 2727 2739 0
2362 2739 2745 0
2363 2359 2738 0
2363 2362 2745 0
2364 922 2746 0
2364 2361 2745 0
2365 2366 2637 0
2365 2637 2645 0
2366 2350 2641 0
2366 2365 2367 0
2366 2636 2637 0
2367 2365 2368 0
2368 2365 2372 0
2368 2372 2373 0
2368 2373 2375 0
2369 2392 2427 0
2369 2427 2432 0
2370 2379 2386 0
2370 2386 2389 0
2370 2389 2733 0
2370 2732 2734 0
2371 2372 2744 0
2371 2379 2734 0
2371 2734 2735 0
2372 2365 2645 0
2372 2371 2735 0
2372 2374 2744 0
2373 2372 2735 0
2373 2729 2730 0
2373 2730 2738 0
2374 2372 2645 0
2374 2613 2743 0
2374 2645 2646 0
2374 2743 2744 0
2375 2373 2738 0
2376 2252 2378 0
2376 2364 2746 0
2377 2376 2378 0
2379 2370 2734 0
2379 2371 2744 0
2379 2384 2386 0
2380 2569 2742 0
2380 2614 2617 0
2381 2384 2743 0
2381 2613 2614 0
2381 2614 2742 0
2382 2385 2570 0
2382 2485 2486 0
2383 2384 2742 0
2383 2568 2570 0
2384 2379 2743 0
2384 2381 2742 0
2384 2383 2385 0
2384 2385 2386 0
2385 2382 2388 0
2385 2383 2570 0
2385 2388 2391 0
2386 2385 2391 0
2387 2388 2392 0
2387 2389 2391 0
2387 2392 2394 0
2387 2394 2395 0
2388 2382 2486 0
2388 2387 2391 0
2389 2386 2391 0
2389 2387 2395 0
2389 2395 2733 0
2390 2395 2404 0
2390 2404 2851 0
2390 2731 2732 0
2390 2732 2733 0
2392 2369 2394 0
2392 2388 2486 0
2393 2394 2401 0
2393 2401 2403 0
2393 2403 2404 0
2394 2369 2401 0
2394 2393 2395 0
2395 2390 2733 0
2395 2393 2404 0
2396 2405 2410 0
2396 2410 2413 0
2396 2413 2680 0
2396 2680 2681 0
2397 2437 2447 0
2397 2438 2439 0
2397 2447 2676 0
2398 2415 2417 0
2398 2417 2420 0
2398 2420 2423 0
2398 2423 2440 0
2398 2440 2442 0
2400 2401 2430 0
2401 2369 2430 0
2401 2400 2403 0
2402 2403 2405 0
2402 2405 2406 0
2402 2406 2408 0
2402 2408 2737 0
2402 2737 2851 0
2403 2400 2416 0
2403 2402 2404 0
2404 2402 2851 0
2405 2396 2406 0
2405 2403 2416 0
2406 2396 2681 0
2407 2728 2736 0
2407 2736 2737 0
2407 2737 2741 0
2408 2406 2681 0
2408 2681 2741 0
2409 2410 2415 0
2409 2415 2848 0
2409 2848 2849 0
2410 2405 2415 0
2410 2409 2413 0
2411 2713 2716 0
2412 2413 2414 0
2412 2414 2837 0
2412 2679 2680 0
2413 2409 2414 0
2413 2412 2680 0
2414 2409 2849 0
2414 2838 2837 0
2414 2847 10 0
2415 2398 2442 0
2415 2405 2416 0
2415 2416 2417 0
2415 2442 2848 0
2416 2400 2417 0
2417 2400 2429 0
2418 2424 2428 0
2418 2428 2479 0
2418 2448 2449 0
2419 2420 2429 0
2419 2429 2431 0
2420 2417 2429 0
2420 2419 2422 0
2420 2422 2423 0
2421 2422 2424 0
2421 2424 2449 0
2422 2419 2424 0
2422 2421 2423 0
2423 2421 2437 0
2423 2437 2439 0
2423 2439 2440 0
2424 2418 2449 0
2424 2419 2428 0
2425 2433 2675 0
2426 2427 2487 0
2426 2487 2675 0
2427 2392 2486 0
2427 2426 2432 0
2427 2486 2487 0
2428 2419 2431 0
2428 2431 2433 0
2428 2433 2436 0
2428 2436 2479 0
2429 2400 2430 0
2429 2430 2431 0
2430 2369 2432 0
2431 2430 2432 0
2431 2432 2433 0
2432 2426 2433 0
2433 2425 2436 0
2433 2426 2675 0
2434 2436 2473 0
2434 2469 2479 0
2436 2425 2473 0
2436 2434 2479 0
2437 2397 2439 0
2437 2421 2446 0
2437 2446 2447 0
2439 2441 2440 0
2440 2399 2442 0
2440 2441 2399 0
2441 2439 2438 0
2442 2850 2848 0
2443 2445 2465 0
2443 2453 2455 0
2444 2446 2448 0
2444 2448 2452 0
2444 2452 2453 0
2444 2453 2465 0
2444 2465 2676 0
2445 2397 2676 0
2446 2421 2449 0
2446 2444 2676 0
2447 2446 2676 0
2448 2418 2467 0
2448 2446 2449 0
2448 2467 2468 0
2450 2458 2664 0
2451 2452 2667 0
2451 2459 2463 0
2452 2448 2468 0
2452 2451 2463 0
2452 2468 2667 0
2453 2443 2465 0
2453 2452 2463 0
2454 2455 2457 0
2455 2453 2463 0
2455 2464 2443 0
2456 2457 2458 0
2457 2455 2459 0
2457 2461 2454 0
2458 2457 2459 0
2458 2459 2665 0
2458 2460 2456 0
2459 2451 2665 0
2459 2455 2463 0
2460 2458 2450 0
2461 2462 4 0
2462 2457 2456 0
2462 2461 2457 0
2464 2455 2454 0
2465 2445 2676 0
2466 2467 2469 0
2466 2469 2671 0
2466 2666 2667 0
2467 2418 2479 0
2467 2466 2667 0
2468 2467 2667 0
2469 2434 2472 0
2469 2467 2479 0
2469 2472 2670 0
2469 2670 2671 0
2470 2478 2654 0
2470 2654 2660 0
2470 2660 2662 0
2470 2662 2669 0
2470 2669 2672 0
2471 2472 2473 0
2471 2473 2477 0
2471 2477 2478 0
2471 2478 2672 0
2472 2434 2473 0
2472 2471 2670 0
2473 2425 2476 0
2473 2476 2477 0
2474 2482 2483 0
2474 2483 2489 0
2474 2489 2492 0
2474 2492 2495 0
2474 2495 2496 0
2475 2477 2484 0
2476 2425 2675 0
2477 2475 2481 0
2477 2476 2484 0
2478 2470 2672 0
2478 2477 2481 0
2478 2481 2655 0
2480 2481 2482 0
2480 2482 2496 0
2480 2496 2497 0
2480 2497 2674 0
2481 2475 2482 0
2481 2480 2655 0
2482 2474 2496 0
2482 2475 2483 0
2483 2475 2484 0
2483 2484 2485 0
2483 2485 2566 0
2484 2476 2485 0
2485 2382 2567 0
2485 2476 2487 0
2486 2485 2487 0
2487 2476 2675 0
2488 2489 2566 0
2488 2566 2567 0
2488 2567 2568 0
2489 2483 2566 0
2489 2488 2491 0
2489 2491 2492 0
2490 2491 2500 0
2490 2500 2506 0
2490 2506 2514 0
2491 2488 2502 0
2491 2490 2492 0
2492 2490 2499 0
2493 2498 2510 0
2493 2510 2911 0
2493 2911 2912 0
2494 2495 2499 0
2494 2499 2514 0
2494 2509 2510 0
2495 2492 2499 0
2495 2494 2498 0
2496 2495 2497 0
2497 2495 2498 0
2497 2498 2906 0
2497 2906 2907 0
2498 2493 2906 0
2498 2494 2510 0
2499 2490 2514 0
2500 662 2505 0
2500 2491 2502 0
2500 2502 2503 0
2500 2505 2506 0
2501 2502 2568 0
2501 2568 2569 0
2501 2569 2610 0
2502 2488 2568 0
2502 2501 2503 0
2503 2501 2610 0
2504 2505 2539 0
2504 2539 2540 0
2505 662 2539 0
2505 2504 2506 0
2506 2504 2508 0
2506 2508 2509 0
2506 2509 2514 0
2507 2508 2517 0
2507 2517 2519 0
2507 2519 2651 0
2508 2504 2516 0
2508 2507 2511 0
2508 2516 2517 0
2509 2494 2514 0
2509 2508 2511 0
2510 2509 2511 0
2510 2511 2911 0
2511 2507 2651 0
2511 2512 2911 0
2512 2511 2651 0
2512 2651 2920 0
2512 2910 2911 0
2513 2917 2922 0
2515 2516 2537 0
2516 2504 2536 0
2516 2515 2521 0
2516 2536 2537 0
2517 2516 2521 0
2518 2519 2521 0
2518 2521 2523 0
2518 2523 2525 0
2518 2524 2603 0
2518 2603 2604 0
2519 2517 2521 0
2519 2518 2604 0
2519 2520 2651 0
2520 2519 2604 0
2520 2604 2923 0
2521 2515 2523 0
2522 2523 2528 0
2522 2528 2530 0
2522 2530 2541 0
2522 2541 2553 0
2522 2553 2579 0
2523 2515 2527 0
2523 2522 2525 0
2523 2527 2528 0
2524 2518 2525 0
2524 2525 2579 0
2524 2579 2600 0
2524 2600 2603 0
2525 2522 2579 0
2526 2527 2534 0
2526 2534 2535 0
2526 2535 2560 0
2527 2515 2532 0
2527 2526 2528 0
2527 2532 2534 0
2528 2526 2530 0
2529 2530 2561 0
2529 2561 2562 0
2530 2526 2560 0
2530 2529 2541 0
2530 2560 2561 0
2531 2532 2533 0
2531 2533 2648 0
2531 2648 2649 0
2532 2515 2537 0
2532 2531 2534 0
2533 663 2648 0
2533 2532 2537 0
2533 2536 2540 0
2533 2540 2605 0
2534 2531 2535 0
2535 667 2559 0
2535 2531 2649 0
2535 2559 2560 0
2536 2504 2540 0
2536 2533 2537 0
2538 2539 2609 0
2539 662 2609 0
2539 2538 2540 0
2540 2538 2605 0
2541 2529 2544 0
2541 2544 2547 0
2541 2547 2553 0
2542 2544 2556 0
2542 2556 2580 0
2542 2580 2581 0
2542 2581 2589 0
2543 2550 2593 0
2544 2529 2555 0
2544 2542 2546 0
2544 2546 2547 0
2544 2555 2556 0
2545 2546 2549 0
2545 2549 2594 0
2545 2594 2595 0
2546 2542 2551 0
2546 2545 2547 0
2547 2545 2548 0
2547 2548 2553 0
2548 2545 2595 0
2548 2595 2599 0
2548 2599 2600 0
2549 2546 2551 0
2549 2550 2594 0
2549 2551 2589 0
2549 2589 2593 0
2550 2549 2593 0
2551 2542 2589 0
2552 2581 2582 0
2552 2582 2583 0
2552 2583 2586 0
2552 2586 2587 0
2552 2587 2589 0
2553 2548 2579 0
2554 2555 2557 0
2554 2557 2576 0
2554 2576 2592 0
2555 2529 2562 0
2555 2554 2556 0
2556 2554 2592 0
2557 590 2576 0
2557 2555 2562 0
2557 2562 2563 0
2557 2563 2565 0
2558 669 2564 0
2559 2558 2560 0
2560 2558 2561 0
2561 2558 2562 0
2562 2558 2563 0
2563 645 2565 0
2563 2558 2564 0
2565 645 2577 0
2566 2485 2567 0
2567 2382 2570 0
2568 2383 2569 0
2568 2567 2570 0
2569 2380 2617 0
2569 2383 2742 0
2571 2572 2578 0
2571 2578 2592 0
2572 608 2578 0
2572 2571 2574 0
2573 2572 2574 0
2573 2574 2575 0
2574 590 2575 0
2574 2571 2576 0
2575 590 2577 0
2576 2571 2592 0
2578 606 2580 0
2578 2580 2592 0
2579 2548 2600 0
2580 606 2582 0
2580 2556 2592 0
2581 2552 2589 0
2581 2580 2582 0
2582 606 2585 0
2583 2582 2585 0
2583 2585 2591 0
2585 625 2591 0
2586 2588 2587 0
2586 2590 2584 0
2587 2543 2593 0
2587 2588 2543 0
2588 2586 2584 0
2589 2587 2593 0
2590 2583 2591 0
2590 2586 2583 0
2594 2596 2595 0
2595 607 2599 0
2595 2596 607 0
2596 2594 2550 0
2597 2602 2922 0
2598 2597 2599 0
2599 2597 2600 0
2599 2601 2598 0
2600 2597 2603 0
2601 2599 607 0
2602 2513 2922 0
2602 2597 2598 0
2603 2597 2922 0
2604 2603 2922 0
2604 2922 2923 0
2605 2538 2607 0
2606 2607 2608 0
2606 2608 2647 0
2606 2647 2813 0
2606 2813 2814 0
2607 2538 2608 0
2607 2606 2814 0
2608 2538 2609 0
2608 2609 2618 0
2608 2618 2619 0
2608 2619 2647 0
2609 662 2610 0
2609 2610 2618 0
2610 2569 2617 0
2610 2617 2618 0
2611 2615 2635 0
2611 2635 2642 0
2612 2613 2646 0
2613 2374 2646 0
2613 2381 2743 0
2613 2612 2614 0
2614 2380 2742 0
2614 2612 2615 0
2614 2615 2616 0
2614 2616 2617 0
2615 2611 2616 0
2615 2612 2635 0
2616 2611 2620 0
2617 2616 2618 0
2618 2616 2620 0
2619 2618 2620 0
2619 2620 2622 0
2619 2622 2625 0
2619 2625 2647 0
2620 2611 2622 0
2621 2622 2643 0
2621 2643 2644 0
2622 2611 2642 0
2622 2621 2624 0
2622 2624 2625 0
2622 2642 2643 0
2623 2624 2627 0
2623 2627 2630 0
2623 2630 2812 0
2623 2812 2813 0
2624 2621 2627 0
2624 2623 2625 0
2625 2623 2813 0
2626 2627 2628 0
2626 2628 2631 0
2626 2629 2630 0
2627 2621 2628 0
2627 2626 2630 0
2628 2285 2631 0
2628 2621 2644 0
2629 12 2817 0
2629 2626 2631 0
2630 2629 2817 0
2632 2628 2644 0
2633 2632 2644 0
2633 2639 2640 0
2634 2635 2636 0
2634 2636 2639 0
2634 2639 2643 0
2635 2612 2638 0
2635 2634 2642 0
2636 2366 2641 0
2636 2635 2638 0
2637 2636 2638 0
2637 2638 2646 0
2638 2612 2646 0
2639 2350 2640 0
2639 2633 2643 0
2639 2636 2641 0
2642 2634 2643 0
2643 2633 2644 0
2645 2637 2646 0
2647 2625 2813 0
2648 663 2818 0
2649 664 2650 0
2649 2648 2818 0
2651 2520 2920 0
2652 2657 2659 0
2652 2659 2908 0
2652 2908 2909 0
2653 2654 2655 0
2653 2655 2674 0
2653 2674 2907 0
2653 2907 2908 0
2654 2478 2655 0
2654 2653 2658 0
2654 2658 2660 0
2655 2480 2674 0
2656 2661 2673 0
2657 2656 2658 0
2657 2658 2659 0
2658 2653 2659 0
2658 2656 2660 0
2659 2653 2908 0
2660 2656 2673 0
2661 2435 2673 0
2661 2656 2657 0
2662 2660 2673 0
2662 2668 2669 0
2662 2673 2841 0
2662 2841 2843 0
2663 2664 2665 0
2663 2665 2666 0
2663 2666 2668 0
2663 2668 2843 0
2663 2843 2844 0
2664 2458 2665 0
2664 2663 2844 0
2664 2845 2450 0
2665 2451 2666 0
2666 2451 2667 0
2666 2466 2671 0
2668 2662 2843 0
2668 2666 2671 0
2669 2668 2671 0
2669 2670 2672 0
2670 2471 2672 0
2670 2669 2671 0
2673 2435 2841 0
2674 2497 2907 0
2677 2679 2684 0
2678 2679 2837 0
2678 2716 2717 0
2678 2839 2716 0
2679 2412 2837 0
2679 2677 2680 0
2679 2678 2717 0
2679 2683 2684 0
2680 2677 2681 0
2681 2677 2684 0
2681 2682 2741 0
2682 2681 2684 0
2682 2684 2686 0
2682 2686 2740 0
2682 2740 2741 0
2683 2679 2717 0
2683 2717 2718 0
2684 2683 2686 0
2685 2686 2699 0
2685 2689 2723 0
2685 2723 2724 0
2686 2683 2718 0
2686 2685 2724 0
2686 2724 2740 0
2687 2688 2727 0
2687 2726 2728 0
2687 2728 2740 0
2688 2687 2723 0
2688 2723 2725 0
2688 2725 2739 0
2689 2685 2693 0
2689 2690 2725 0
2690 922 2725 0
2690 2689 2691 0
2690 2691 2722 0
2691 2689 2693 0
2691 2692 2701 0
2691 2701 2722 0
2692 2239 2701 0
2692 2691 2693 0
2692 2693 2695 0
2692 2695 2696 0
2692 2696 2700 0
2693 2685 2695 0
2694 2695 2699 0
2694 2699 2719 0
2695 2685 2699 0
2695 2694 2696 0
2696 2694 2698 0
2696 2698 2710 0
2697 2698 2712 0
2697 2709 2710 0
2697 2712 2721 0
2698 2694 2712 0
2698 2697 2710 0
2699 2686 2718 0
2699 2718 2719 0
2700 2696 2710 0
2701 2235 2722 0
2702 2703 2706 0
2702 2705 2703 0
2702 2706 2707 0
2702 2707 2710 0
2703 2704 2706 0
2704 2178 2706 0
2705 2702 2709 0
2706 2178 2753 0
2706 2248 2707 0
2707 2238 2710 0
2707 2249 2708 0
2709 2697 2721 0
2709 2702 2710 0
2711 2712 2713 0
2711 2720 2721 0
2712 2694 2719 0
2712 2711 2721 0
2713 2712 2715 0
2713 2714 2711 0
2713 2715 2716 0
2714 2713 2411 0
2715 2712 2719 0
2716 2715 2717 0
2716 2839 2411 0
2717 2715 2718 0
2718 2715 2719 0
2720 2177 2721 0
2722 2235 2760 0
2723 2687 2724 0
2723 2689 2725 0
2724 2687 2740 0
2725 922 2739 0
2726 2687 2727 0
2726 2727 2738 0
2727 2362 2738 0
2727 2688 2739 0
2728 2407 2740 0
2728 2726 2730 0
2728 2729 2736 0
2729 2373 2735 0
2729 2728 2730 0
2729 2732 2736 0
2730 2726 2738 0
2731 2390 2851 0
2732 2370 2733 0
2732 2729 2734 0
2732 2731 2736 0
2734 2729 2735 0
2736 2731 2737 0
2737 2408 2741 0
2737 2731 2851 0
2739 922 2745 0
2740 2407 2741 0
2743 2379 2744 0
2747 2349 2748 0
2749 2248 2753 0
2749 2751 2755 0
2749 2755 2756 0
2750 9 2751 0
2751 2176 2755 0
2751 2752 2750 0
2752 2749 2753 0
2752 2751 2749 0
2754 2241 2756 0
2754 2755 2758 0
2755 2176 2758 0
2755 2754 2756 0
2757 2180 2856 0
2757 2754 2758 0
2758 2176 2767 0
2759 2757 2856 0
2764 913 2766 0
2765 2764 2766 0
2768 2154 2859 0
2768 2173 2770 0
2769 2154 2770 0
2771 2768 2859 0
2771 2859 2860 0
2772 2159 2773 0
2773 2771 2860 0
2776 2777 1055 0
2777 1084 1065 0
2780 912 2781 0
2785 826 2787 0
2786 886 2787 0
2787 826 2788 0
2790 745 2791 0
2790 817 2793 0
2791 745 2805 0
2792 2791 2805 0
2793 741 2804 0
2794 797 2795 0
2799 55 2800 0
2799 772 2801 0
2801 75 2833 0
2808 673 2810 0
2810 665 2816 0
2811 664 2818 0
2811 2812 2815 0
2812 2630 2817 0
2812 2811 2813 0
2813 2811 2814 0
2814 2811 2818 0
2815 2812 2817 0
2816 2815 2817 0
2819 534 2820 0
2826 189 2827 0
2830 170 124 0
2833 75 2834 0
2833 2834 2835 0
2834 47 2835 0
2837 2838 2836 0
2837 2839 2678 0
2838 2414 10 0
2839 2837 2836 0
2841 2840 2843 0
2841 2842 2840 0
2842 2841 2435 0
2843 2840 2844 0
2845 2664 2844 0
2845 2844 2840 0
2846 2847 2849 0
2847 2414 2849 0
2848 2846 2849 0
2848 2850 2846 0
2850 2442 2399 0
2853 837 2855 0
2853 838 2854 0
2857 911 2863 0
2857 2155 2860 0
2857 2860 2861 0
2858 911 2861 0
2859 2858 2861 0
2860 2859 2861 0
2862 2857 2863 0
2865 1866 2866 0
2866 1529 2867 0
2867 1529 2880 0
2867 1530 2868 0
2869 247 2875 0
2869 2870 2871 0
2869 2871 2873 0
2870 18 2871 0
2870 1865 2872 0
2870 2869 2874 0
2871 1606 2876 0
2873 2871 2876 0
2874 2869 2875 0
2877 1856 2878 0
2877 1864 2881 0
2877 2878 2880 0
2878 1532 2879 0
2878 2879 2880 0
2879 1530 2880 0
2883 1628 2884 0
2889 1368 2890 0
2891 1335 2892 0
2893 2079 2894 0
2899 376 2898 0
2899 2898 379 0
2900 297 2902 0
2900 301 2901 0
2904 2652 2909 0
2904 2909 2918 0
2905 2906 2912 0
2905 2910 2913 0
2905 2913 2918 0
2906 2493 2912 0
2906 2905 2907 0
2907 2905 2909 0
2908 2907 2909 0
2909 2905 2918 0
2910 2512 2920 0
2910 2905 2912 0
2911 2910 2912 0
2913 11 2918 0
2913 2910 2915 0
2913 2916 11 0
2914 2915 2917 0
2915 2910 2920 0
2916 2913 2915 0
2916 2915 2914 0
2917 2915 2920 0
2917 2920 2923 0
2917 2921 2914 0
2918 2919 2904 0
2919 2918 11 0
2920 2520 2923 0
2921 2917 2513 0
2922 2917 2923 0

End
