MeshVersionFormatted 1

Dimension
2

Vertices
2005
0.0 0.0 1
0.5 0.0 1
0.5 0.5 1
0.0 0.5 1
0.25 0.0 1
0.5 0.25 1
0.25 0.5 1
0.0 0.25 1
0.0 0.375 1
0.125 0.5 1
0.36626706166080625 0.3667875735927805 0
0.26821813164913333 0.24035765550346902 0
0.19513382695862275 0.28979477387742025 0
0.3340294578657706 0.3008036110857261 0
0.3821847904058969 0.17122014755807274 0
0.32743606748674325 0.23131671516930674 0
0.424706142740996 0.2684773650958747 0
0.5 0.125 1
0.5 0.1875 1
0.4378865111120127 0.19608661500119617 0
0.36871601450036506 0.26511346995764734 0
0.26193355174768135 0.12393478506739063 0
0.28313683499623316 0.1975878220796226 0
0.375 0.0 1
0.3125 0.0 1
0.125 0.0 1
0.1851006520101735 0.09058193641949654 0
0.28070575220824123 0.3001234370690819 0
0.375 0.5 1
0.3125 0.5 1
0.1875 0.5 1
0.1407748072027967 0.4342830252016423 0
0.09364980658783212 0.3534037369824476 0
0.05729250270920862 0.43919676474304314 0
0.0625 0.5 1
0.09882099288470515 0.4549023895893926 0
0.0 0.125 1
0.0951473602283599 0.14263485431284048 0
0.1259988888780719 0.19061660237253886 0
0.05068128448486683 0.20216123929793137 0
0.0 0.1875 1
0.061210906536728754 0.24960637136427752 0
0.09094809928340003 0.3014747607323719 0
0.0 0.3125 1
0.0625 0.0 1
0.0 0.0625 1
0.13375854236737406 0.08080668470738925 0
0.08080537431260044 0.051430943533234526 0
0.1875 0.0 1
0.27721450334566544 0.04755967511005748 0
0.42123720523948205 0.06707458229858836 0
0.4289319510242707 0.11896260046507735 0
0.3995010492031528 0.09616086129793446 0
0.4375 0.0 1
0.05842868381866883 0.3755479687831681 0
0.5 0.375 1
0.43375026447202714 0.3380429903884202 0
0.5 0.3125 1
0.47755975775328835 0.2936211236453623 0
0.38701131624920093 0.3173727792400255 0
0.4594176703857347 0.3946443217696671 0
0.5 0.4375 1
0.4375 0.5 1
0.0 0.4375 1
0.34183760579113287 0.3266545041311614 0
0.3026441205106293 0.23207768352132266 0
0.40679606975665283 0.2507176712295779 0
0.5 0.21972537367528922 1
0.4825873598597696 0.18043241826346668 0
0.4190011510881272 0.19932569106692252 0
0.4038844082335935 0.2696052122963051 0
0.3018961708018328 0.20833800893097876 0
0.27382561102396885 0.15879953760674984 0
0.3528000778238333 0.15791320769041395 0
0.2969108349862985 0.173660753832315 0
0.283862131676934 0.13102449187868762 0
0.3414554808914246 0.0 1
0.2811162764189688 0.0 1
0.3326720109827473 0.09623954876954628 0
0.3249200856238527 0.017913235071762384 0
0.25138871194002377 0.14620251630005898 0
0.22475896488085798 0.10642602088520124 0
0.27383006020009126 0.32105807804886166 0
0.27770909605717836 0.2788850889348896 0
0.30347908754338865 0.3038099743525154 0
0.32580350778212697 0.3154339196178674 0
0.27003887452802267 0.4694567192822015 0
0.2821740039880751 0.5 1
0.3392807010584449 0.5 1
0.15647229048071953 0.5 1
0.2192470100698731 0.5 1
0.18380122455211462 0.47789982777432516 0
0.13536273589157308 0.4792828960515624 0
0.1616125111982734 0.4115818340849064 0
0.10900927552912841 0.36912934778269646 0
0.11208675786474649 0.33868580634235573 0
0.029343507138171326 0.5 1
0.09262084272366991 0.5 1
0.05702658959832816 0.472959903341692 0
0.10994248577199789 0.47923763911448 0
0.11791263340878036 0.4437738325530084 0
0.17627476102586118 0.11610767367793337 0
0.11435466787673873 0.14238517735840825 0
0.1342806574057559 0.20627888276051257 0
0.11218207941463977 0.16701461654528488 0
0.12896074271732752 0.17235753013781993 0
0.019755558926942224 0.23257413298135615 0
0.0855579735313618 0.19567022547413088 0
0.0 0.15701951620133373 1
0.0 0.2207630200607491 1
0.08310835117051954 0.25655827096527173 0
0.09710205718908047 0.3319183768392251 0
0.10803065566403963 0.310929750445125 0
0.07070989651116893 0.27146762587219314 0
0.0 0.2785926270529772 1
0.020801887325530413 0.14571177247026348 0
0.07073009253754646 0.13865053325684357 0
0.09217915789581402 0.0 1
0.0284968323277925 0.0 1
0.05033848667956734 0.01981199860757563 0
0.066120747696924 0.1020585702133249 0
0.0 0.027799539058052283 1
0.0 0.09164962021269481 1
0.1579312330864536 0.09269863097864176 0
0.12361391167634213 0.03435909767531444 0
0.11871513623107358 0.10184679905558794 0
0.06335175685601055 0.06984151271806943 0
0.0991628283525704 0.0614061968549951 0
0.22029281789333993 0.0 1
0.155269709347411 0.0 1
0.1475813883617493 0.06904581163611856 0
0.32449002290307205 0.06995540682935554 0
0.276303976164048 0.09943755901161576 0
0.27364454505623237 0.06331971024926587 0
0.4174592685643451 0.1368411698994331 0
0.44096145878786513 0.15980365705649532 0
0.4384313081344178 0.09432805174605283 0
0.3618694090422634 0.08787437549474295 0
0.4034288580989545 0.1118330827648975 0
0.44464313823695295 0.2289622751707233 0
0.20266532373549456 0.3236083269098364 0
0.5 0.09067335766100718 1
0.5 0.028165624151089433 1
0.4718343758489106 0.0 1
0.40861640253149084 0.0 1
0.03479360958775296 0.37222256331408365 0
0.06622404550572089 0.36684378397531386 0
0.05803995778230187 0.4130389279202634 0
0.42610602194010044 0.34791037652725926 0
0.5 0.3407775716197194 1
0.5 0.28178805017004876 1
0.448867075137588 0.28005428413379335 0
0.3767549877239927 0.3379877834829643 0
0.37865095679689303 0.2935831991640939 0
0.4091592642241005 0.28801852948792594 0
0.388754180848013 0.3980905196819676 0
0.4825502595101312 0.3716531967647956 0
0.4427531312934831 0.3666389197380189 0
0.5 0.46978637887020225 1
0.5 0.4058217057804553 1
0.35277225440428517 0.4085739403747384 0
0.30089932823281557 0.47759558664304297 0
0.29252160107680186 0.4479049054111027 0
0.3242606449083274 0.45965069797327146 0
0.4051753653376662 0.5 1
0.4716962875901069 0.5 1
0.0 0.40761938166267564 1
0.0 0.46986655451226705 1
0.028294925271050698 0.45584811785891405 0
0.2601926106622286 0.28072516320067203 0
0.33363208947620066 0.3121877206336611 0
0.3309753594648486 0.3380657627379072 0
0.36940881208859344 0.32481656056186375 0
0.28799403763351766 0.294887459486386 0
0.32234591115892036 0.28924937238319015 0
0.31643838415112957 0.2311512253079751 0
0.2990394984810788 0.25729377557611427 0
0.3381996960404594 0.2267721634135644 0
0.3522911812574718 0.21772466970615545 0
0.5 0.14264163178467848 1
0.4329482302532906 0.18341645567003187 0
0.46490727427966727 0.18191261931303143 0
0.47491735510230887 0.20356801742392622 0
0.3500231510718681 0.23797959040586847 0
0.3402911345248315 0.2947616290693946 0
0.3908637024849615 0.23399932618355826 0
0.27390507076315324 0.2097135715879495 0
0.28962492072290763 0.23033577684395098 0
0.30953472653355824 0.22002674187306545 0
0.2958556995042959 0.19869182066004742 0
0.32470860349603525 0.21841880601331545 0
0.2712397687097738 0.14236456248805524 0
0.25240216712018576 0.16051995529291288 0
0.2735094993334542 0.1723533484042912 0
0.3705592213214072 0.1613188085578955 0
0.3798475606435343 0.1189657418312385 0
0.33945152592803907 0.14666544391206804 0
0.2849721960526999 0.18606064169763545 0
0.30717608777518135 0.1959694246161715 0
0.3099089460754497 0.15848567588194934 0
0.2826660097973343 0.1667079664743024 0
0.2759412750426488 0.12440025261520019 0
0.2783399813419598 0.1493162495400268 0
0.30003796326459603 0.13458338469752787 0
0.3332617671132824 0.08369553564124287 0
0.31205104085356306 0.08882632969722969 0
0.3318581270071103 0.12000624898370625 0
0.3005972473687129 0.03234300084027935 0
0.3453460290112187 0.022309112029068705 0
0.27198415888728755 0.2266568664598523 0
0.2591151882467194 0.20258420909671096 0
0.27124303224636875 0.19759380713225322 0
0.24363145856465726 0.15262668926460002 0
0.2588933900140137 0.13720658943731007 0
0.2355038792651158 0.11355503091554023 0
0.21082214494274057 0.11038742843369846 0
0.14805875556320378 0.20127215617101546 0
0.28001754023953995 0.3145160293163932 0
0.269605543462721 0.32744845013988855 0
0.26366025082638955 0.2565286374622628 0
0.27786241271704404 0.2891460981444183 0
0.2881245007576439 0.2827569424872244 0
0.3152093334371419 0.3063114526143685 0
0.28762017197757456 0.30315762895646986 0
0.2889170365774399 0.3135081963459354 0
0.355826469919735 0.36293401907489214 0
0.3407332266753271 0.34138329485932933 0
0.27063545209099027 0.3425225332119044 0
0.3283209377077493 0.3044148767972016 0
0.3094297814518775 0.3086349212039283 0
0.32189448160063944 0.33748576420390913 0
0.2666313050715995 0.4432142977430222 0
0.2459792566635587 0.451636774342683 0
0.3556738107852583 0.5 1
0.2522755026369188 0.42996233533916783 0
0.17126442953729143 0.48377348488486177 0
0.18656719051519358 0.462793835713958 0
0.12227371124864869 0.4599229159838352 0
0.14888054912390622 0.4057650388552329 0
0.1488888170381468 0.4257591791409596 0
0.1918435543691242 0.42001077360316963 0
0.14046126495488853 0.4227249567568265 0
0.1491585692888359 0.41129463687372286 0
0.10058477944411184 0.36384516934819666 0
0.12085932104101614 0.333999078593723 0
0.10423876950176379 0.3542104100841319 0
0.15879655337277168 0.33653362762195327 0
0.08209833979276115 0.4770737847106417 0
0.13403907960094721 0.4467391545493785 0
0.12900225731005505 0.4346740040499594 0
0.08306264209815963 0.4356471276276755 0
0.16698722907784494 0.1304027790196009 0
0.17523623939186941 0.13669035964239876 0
0.18014722928496169 0.10039971581659503 0
0.10506202177822367 0.14415266596268608 0
0.12266759633532147 0.2016556652415805 0
0.13364919405778922 0.22737373798365684 0
0.14288921155264708 0.23168217283220296 0
0.1030779214493034 0.15451978818121473 0
0.11817904449666852 0.1745845070502782 0
0.11105645829470805 0.15880419421564973 0
0.12108271803997292 0.16678292777671327 0
0.13930444009270185 0.15855294344382093 0
0.12609947454941048 0.18126392269266411 0
0.14443711522127406 0.1691454629126243 0
0.10367552546286128 0.18923114664188673 0
0.09634820201287168 0.17986622597226953 0
0.07200141489938985 0.19743886350376458 0
0.10925848089658638 0.20232770341730105 0
0.026579867937690266 0.20380155844622394 0
0.0743620976474166 0.21191765028880122 0
0.06230621902069258 0.2135364008469363 0
0.04570282658855481 0.22619987994284216 0
0.03591437107896836 0.2482806321907942 0
0.11194371488818072 0.2527125264649903 0
0.09517618548632124 0.3215347398092241 0
0.09292193885745578 0.3423348661508218 0
0.10200567450064464 0.3396304902065535 0
0.1039306304334937 0.30124991651077443 0
0.13048654047331001 0.3150798679841589 0
0.0805258203674989 0.28974394605085035 0
0.1009890976748411 0.2615399994181189 0
0.09912736613557527 0.28814311174872137 0
0.04877177818896812 0.27285732095997434 0
0.06799622787835063 0.3440934444230567 0
0.07315487201798564 0.3323372418150669 0
0.03297991588398667 0.1579907969138914 0
0.08421393890006514 0.14043259349423984 0
0.04109882771582225 0.18593638499740792 0
0.024597048383857237 0.09971411096270094 0
0.054989449295231904 0.04594428203850946 0
0.07848402856123092 0.026156200366530172 0
0.09391866247358793 0.10884534184979681 0
0.049025964867463495 0.0902291082964251 0
0.028046203947397968 0.03903022998281002 0
0.15839668004983448 0.10245970979616333 0
0.13735634328478832 0.09264922769382657 0
0.1297462262070638 0.05348635544786824 0
0.13981533521708261 0.06035845077338389 0
0.10008801247659056 0.0418121928882791 0
0.11809270963656114 0.11206848077334232 0
0.1348243758150584 0.0987365454880765 0
0.11955397459850435 0.09332196718186173 0
0.25750053158181785 0.051935429062430344 0
0.2645565938241047 0.025087131492440906 0
0.2527413655531657 0.10892811034831126 0
0.23839143915113936 0.09901999792241195 0
0.20160882723308232 0.07285930746246466 0
0.14671188005616825 0.022358051830743502 0
0.14084739064185298 0.0772951073673103 0
0.14611890417687715 0.08052793089501985 0
0.1643210110154018 0.07800115040858698 0
0.3104211960536097 0.07408815297599439 0
0.34250421861320063 0.06853120296440848 0
0.2687098041569319 0.1114836480543265 0
0.28138111385525577 0.11088675641110307 0
0.2837571525719121 0.07814314711119977 0
0.26267729987989197 0.09809348516315969 0
0.2527665005759896 0.0734392446530205 0
0.25030453594157354 0.0903214688515075 0
0.292324140363072 0.060932524369010914 0
0.3942713051991467 0.025247758614317183 0
0.4284980495233392 0.13218582764463538 0
0.3993160496965525 0.15222506379765824 0
0.42844895837754815 0.15343986344848792 0
0.4387802283187132 0.17319491997738137 0
0.439524455317351 0.1438123295557896 0
0.43793415646945283 0.07251250710443406 0
0.4286783673673813 0.1057634288993213 0
0.347888548424461 0.08446183787194261 0
0.42319491711131113 0.08202048990141728 0
0.4175576331042479 0.11102655941283772 0
0.42028671924965016 0.09801009567619767 0
0.40922344098422475 0.1213375553982313 0
0.4288713556903701 0.20539589970782776 0
0.1971900118894572 0.34549558818188303 0
0.20199720743138397 0.3081703176016791 0
0.19325204880687513 0.30939904659987855 0
0.21818227366597617 0.3349908645133885 0
0.5 0.1069065073645617 1
0.47980176765908034 0.09287584236825068 0
0.06714780458809728 0.3919560922934877 0
0.04716147481661717 0.39465044534672067 0
0.46173496165461364 0.36753100152583545 0
0.3859800317753413 0.34461766575182784 0
0.37955143773011824 0.3286922529599436 0
0.3686008553055429 0.3445769330461011 0
0.3752567984777781 0.27808958191759725 0
0.3649592651968139 0.2902679334738831 0
0.3773212843544239 0.30910501555324493 0
0.3902799516614198 0.2832549495069634 0
0.39407338549054727 0.3015202524208787 0
0.42821042947313087 0.29793017302508 0
0.4278633267234519 0.3277913561219838 0
0.43670164874884576 0.3182845524711168 0
0.4190098412491669 0.33763938721272563 0
0.4001131277557883 0.3647961675511761 0
0.46714275716490317 0.38435046899831027 0
0.45224542520093086 0.3820295559242093 0
0.454496292244734 0.34685927515555326 0
0.4831964875051671 0.3892929985320778 0
0.35312505182641246 0.4380744265231312 0
0.36276561065050644 0.4263113134186508 0
0.3521030592296739 0.4215376889834432 0
0.35800515305945646 0.3892515719188363 0
0.3428666741759913 0.4130086084752244 0
0.3261888939808543 0.37115606304214355 0
0.334781552413467 0.44384826536953975 0
0.3243898122238334 0.4807874634148343 0
0.42105014581566685 0.5 1
0.48028700573630223 0.45050937406551994 0
0.45592818960919385 0.42389605212977577 0
0.03214347892402725 0.42052834292101104 0
0.20535599022380083 0.2932955666410259 0
0.2119689146256092 0.3023731558923162 0
0.27087651332328133 0.29685722635317113 0
0.26906863341838 0.28464777516526746 0
0.24620235283263878 0.2811557079312583 0
0.33901964752908675 0.31691832803774633 0
0.3290699766967634 0.313153759170044 0
0.376483563960435 0.31984283708434347 0
0.3654122149124847 0.3035243500998835 0
0.3564200929136871 0.33001921692548425 0
0.3702317177428245 0.3342155461371787 0
0.28825820527725415 0.27308240191643873 0
0.27918155008210405 0.26470350949773175 0
0.2955516428075706 0.29869666048988325 0
0.3070395938621261 0.28505297681485176 0
0.32618372160598547 0.29809370145217506 0
0.3372841074894273 0.2370869755153713 0
0.29296375822183507 0.24458974552148555 0
0.27816544642730306 0.2490275513954184 0
0.2874574771099393 0.25552998517561126 0
0.2988195100971432 0.26678511095657576 0
0.3096428619490167 0.2459465064635888 0
0.35903562633856373 0.17803345695022402 0
0.3932268925137229 0.1887295913519697 0
0.4000702160791821 0.2169359263458263 0
0.38275977373446374 0.21504965926113911 0
0.4484490326745181 0.2515441658176747 0
0.4121015786473892 0.2319081492361719 0
0.393555995467099 0.20257749699052763 0
0.3593587990939244 0.2756965889761277 0
0.33142996770455907 0.29185754163424543 0
0.3349658936200403 0.30720764391580524 0
0.36935262280581277 0.22723079062026652 0
0.3865181973050094 0.26129210704900696 0
0.28045630804298743 0.23473642489406274 0
0.2957413535733584 0.22101390001489468 0
0.2830221780774083 0.22126655497285952 0
0.33820249344731623 0.21043922296889622 0
0.2636147497888686 0.15155890884002224 0
0.23921234848909867 0.16338802269070613 0
0.26285866290240234 0.16684442328279273 0
0.35653767541255127 0.16022175683486817 0
0.39498716223461544 0.11168130116379245 0
0.3804342242105864 0.10232972159609001 0
0.3490148824475651 0.10706719860861945 0
0.33127045042358955 0.14439990432567504 0
0.29933190780454333 0.18926478473025982 0
0.3036161780704871 0.1820089002075101 0
0.315501146537333 0.2065730233785003 0
0.3211779994422938 0.1547998049865342 0
0.30017473935619693 0.165618538252997 0
0.3174565620301306 0.15044622815133865 0
0.2831435925219082 0.1786582011223311 0
0.2923372596105159 0.16482165486748565 0
0.2817014624188193 0.14078883063327471 0
0.2856511435394846 0.1573336302836919 0
0.2889776806002972 0.14842411162729696 0
0.30879358115066957 0.14721633062225048 0
0.2908552591681324 0.1377456603579205 0
0.31340380938857604 0.13547869652976352 0
0.32257442885947557 0.09359701874302051 0
0.30737657302112353 0.10862709791693821 0
0.3294147263058152 0.1292387174496369 0
0.3297231098885723 0.03746481993544563 0
0.3333245527547342 0.057509635152504214 0
0.351500364209841 0.047394566657604324 0
0.23819823941333845 0.2683414575351145 0
0.25764227461231953 0.23123549063145646 0
0.24695403024792667 0.20029856094856502 0
0.27426485890146507 0.18614627396488806 0
0.23781114502494058 0.18803776970203284 0
0.2538941895839479 0.18977798351733216 0
0.24830748360248822 0.17427918158741526 0
0.23296876053680507 0.2042984183254856 0
0.22486154352696391 0.1659335471468074 0
0.2089839871518586 0.19398268201856397 0
0.20261928290725917 0.10247172820212652 0
0.24820010795524539 0.12651468020330797 0
0.1340514956589013 0.24797952137554766 0
0.18912447520066897 0.2668369171591404 0
0.19344597419779516 0.27709082591013323 0
0.17944250826224428 0.20954904724491802 0
0.16443728570938546 0.20182575803027566 0
0.1409388079642956 0.18804418854673496 0
0.1418279327744665 0.2027422534828795 0
0.1732538058753808 0.24076657952064323 0
0.2319934890029723 0.22121863698931857 0
0.17430763640893848 0.2326121243069067 0
0.18371528979406535 0.23324269646596438 0
0.28305021461218927 0.3217174276720746 0
0.29494073000733334 0.3072280979975745 0
0.33064649206091795 0.3453076692375818 0
0.3451910149575387 0.35838047797408085 0
0.3602317175322897 0.36355566402078304 0
0.3425290073917033 0.33713032354711503 0
0.335437755230285 0.3393958445590374 0
0.28882237004401856 0.3277218945928948 0
0.2838403279399628 0.3478719484031276 0
0.3200354982007492 0.31018394983555375 0
0.3222474773697267 0.32588878458398746 0
0.3267971622477784 0.3365510089328059 0
0.33164860262277207 0.3179612492308385 0
0.23466432729840603 0.47423325860624677 0
0.2532203012464809 0.3830799699133221 0
0.2319401605584534 0.4341389033989601 0
0.20505295016192807 0.47257015609461206 0
0.2215575098652576 0.4536072087164559 0
0.15505718777983196 0.4753908436207871 0
0.1706889191036015 0.45291767527338 0
0.14775194320121607 0.44856874908892913 0
0.18898620629745866 0.40177097595677624 0
0.16334054402048515 0.3897499542849789 0
0.15500466631949505 0.40840494047595716 0
0.1553104968161324 0.4172415534943038 0
0.1992168775618417 0.41451968108493525 0
0.18420668368557913 0.4444013758522409 0
0.141839579012405 0.409448954904876 0
0.14325821625216667 0.40267398929743553 0
0.1464046582722784 0.41705004002826024 0
0.15534574373771184 0.38113090145361334 0
0.13284870359943046 0.3893011774046665 0
0.11443483836523162 0.3720353263720747 0
0.12689192597295454 0.357725415159399 0
0.11772343621127845 0.3382017149580855 0
0.18913789669352507 0.2991023857081994 0
0.1735826794301095 0.30750348802624344 0
0.1480500198317023 0.3301546021779591 0
0.07663406523840342 0.45616039541638376 0
0.13043231901542257 0.42431623420069015 0
0.1027580866752927 0.4324790487379823 0
0.1555725340254539 0.1441321986471045 0
0.15675842939273363 0.18827222728132276 0
0.16773061314156548 0.1233047341493333 0
0.16354196959295478 0.13772031649933156 0
0.17149399118578537 0.14505091070643694 0
0.18720176402893435 0.11841312283714919 0
0.12762444752211047 0.14338866756722624 0
0.13443670745271 0.23741391730947314 0
0.1411133905483724 0.24385353852052352 0
0.11151459448165942 0.15125002740732732 0
0.1188446654119602 0.14812892058017277 0
0.116468606739551 0.16147622688172197 0
0.12669155557634976 0.16492376806358022 0
0.13324439272897226 0.16589366837583067 0
0.15365993194124572 0.1557598385623869 0
0.14001089958884508 0.16434635047466353 0
0.1602841421385851 0.16252868136672638 0
0.13799816733377904 0.17077715576123098 0
0.11472453107371516 0.1932706759005279 0
0.10892299219699579 0.17714354209099079 0
0.10083048980943018 0.16901085975188346 0
0.10460810777976569 0.16238074128345312 0
0.05784163158758252 0.18944615248530064 0
0.12526855905974985 0.21169732579128742 0
0.09629172327064117 0.19804341831329847 0
0.023787818223063542 0.17293971890759735 0
0.0849073880355143 0.2054209010124134 0
0.06917470636838324 0.22728373117978237 0
0.1236697247618592 0.2444935473551902 0
0.09872786408746777 0.3115259167851308 0
0.1035161631578054 0.32604297857763875 0
0.12609573373164762 0.3259594195697066 0
0.11625940267948937 0.3101165501022108 0
0.11555276599886265 0.2652855162734612 0
0.08957837799761105 0.2745239041609797 0
0.11171478231585438 0.2934194658333517 0
0.019500496758831455 0.2992239279269237 0
0.08237754468770433 0.3517100061279828 0
0.08057390889331285 0.3384450010719787 0
0.08468119210477446 0.32879771358719057 0
0.06583083391011249 0.3292231555568105 0
0.027144895001924324 0.3198313305042144 0
0.04906245940832167 0.33921752995702975 0
0.05579588543148008 0.3601345135864453 0
0.0926574076699851 0.15095059162388452 0
0.08013336024505896 0.11397724178537141 0
0.07818515399540028 0.1692407342727007 0
0.061099338942830976 0.1501021601803097 0
0.048978923581122456 0.1603323791666809 0
0.031965423182444816 0.07125903811477946 0
0.08094238932799311 0.13057707175140515 0
0.08274344445441778 0.10030129805840597 0
0.09200282126886543 0.133249372160155 0
0.02675244986113653 0.12137642826612975 0
0.16574287741385993 0.11156060143854798 0
0.17303840800946713 0.10239943374495772 0
0.13616384528195266 0.07203070838012854 0
0.15423169539425316 0.05537017741278952 0
0.10294086476502567 0.0196280498668863 0
0.11565145547258973 0.12980807085416615 0
0.12877938810328568 0.13138456470966678 0
0.14682281888533794 0.09006875559418195 0
0.12638171302070222 0.09943157606965075 0
0.11377938973967681 0.0698817339507317 0
0.10194643902186575 0.10342519321848508 0
0.21336767569663784 0.09631942713462993 0
0.21662391368367465 0.08169454798814167 0
0.1857074219155048 0.06519192564355218 0
0.18419232180243994 0.047248860589836815 0
0.1690582863958418 0.05848026672762453 0
0.16578233106038723 0.08587458134696677 0
0.17647460218136599 0.08248174837086174 0
0.17350807806736157 0.0711018664858432 0
0.2863464988293698 0.12094387236515837 0
0.29580525865827145 0.08294231939270655 0
0.23647171809238293 0.056563017561935644 0
0.269406881912366 0.08534217078030783 0
0.17980901165957203 0.27551930985376344 0
0.18482822588034825 0.2879986321120247 0
0.16573199335960576 0.3089608243778211 0
0.17911372577514192 0.29778966871956764 0
0.43088731515951695 0.05216876263367245 0
0.42070509096102676 0.026755318251269013 0
0.4575616492499195 0.0816464431073706 0
0.47934174819436326 0.11561938129710192 0
0.4440799639772886 0.11260791200369541 0
0.40337984338903593 0.14535725636866864 0
0.39278723556982664 0.16280733114539406 0
0.4248392843325486 0.14353150734053918 0
0.4466092753539058 0.18326998503333156 0
0.3573305531066331 0.0697707761340417 0
0.34028517319090346 0.09282591480810402 0
0.3968402806988302 0.08377279775425019 0
0.4090218693228042 0.08964338989294192 0
0.4190206852944739 0.124448817471007 0
0.4088367597643025 0.10202237507502766 0
0.41136799465370666 0.12978424757749413 0
0.4132347358621459 0.2133916765837466 0
0.4699812801992064 0.23192401023641213 0
0.19748933226176574 0.36052499445270547 0
0.19903291851078123 0.3154534854773336 0
0.18455815660794886 0.3152399766155139 0
0.20800706617129788 0.3353586587450374 0
0.25870973153139465 0.3319758544646649 0
0.2633810029850801 0.31860179540457506 0
0.22500163384889946 0.3455682921195386 0
0.4785156001564641 0.06241436272543885 0
0.45150648679602096 0.05999818666860193 0
0.08671987551652667 0.3651461867900529 0
0.09606016054557621 0.37277564484226094 0
0.02143666273060845 0.3938062317334173 0
0.4516671491857267 0.32705146427965043 0
0.37938543785791273 0.35752799557485987 0
0.3955751156975873 0.3491926410808266 0
0.37863677602556145 0.34299960678742053 0
0.43739954533683306 0.35186424165044367 0
0.4735570867331658 0.2653152877577277 0
0.37260696169469143 0.3406983530292306 0
0.36893802310605456 0.35754687802380875 0
0.41152659155173343 0.302472786202786 0
0.45170829779930355 0.3069037096698673 0
0.4038760758561994 0.31757939065353447 0
0.39284424273171825 0.3282799008525033 0
0.34866867991059664 0.4579299955675191 0
0.36892131575982445 0.4382525521711565 0
0.4036854043591561 0.3550031693136811 0
0.3941522755625559 0.3586295668028052 0
0.40223561035228433 0.3867473559852582 0
0.42819600503457866 0.36070639309486735 0
0.4796965701082416 0.4767348904212801 0
0.3611075194632116 0.41608798912059736 0
0.3865368788512425 0.41334029872199024 0
0.3738246211311092 0.427805948998517 0
0.3655277633099776 0.38530704072850436 0
0.3558764378597384 0.40181803397270344 0
0.35662924373036636 0.3789983665129093 0
0.3283106024661663 0.41388193311864335 0
0.3470170674854608 0.40219880969605687 0
0.25959807835737053 0.405651097309532 0
0.2751903312980096 0.42517071850928323 0
0.31992875706107005 0.3797088543366688 0
0.3218000697066286 0.4002710059591681 0
0.3379785836572331 0.4266750575141598 0
0.29807974523674624 0.4190331536067767 0
0.46580353137955605 0.43695949606704565 0
0.4801536373689724 0.41109442442391503 0
0.45180749181325514 0.47917538081981503 0
0.25651511310506925 0.24399604390355734 0
0.2085818429604371 0.31415277982520395 0
0.1994436647802211 0.3001847470269791 0
0.2747976213445251 0.30625667156659847 0
0.267985407144883 0.2720439081402527 0
0.2535151056404926 0.2698580440034273 0
0.23137734757946885 0.2837539560799489 0
0.3280832402283172 0.34161115479610965 0
0.3672798843751068 0.31538902282153136 0
0.3446969496711497 0.3216908144523529 0
0.34886430520012907 0.3278408368596122 0
0.36358383800672894 0.3296472631966024 0
0.31264826554824504 0.2895687887077538 0
0.29979109764648065 0.2809602530675393 0
0.29107511836764827 0.2620142676330403 0
0.3244413437024344 0.24242806777763878 0
0.367641609919459 0.21140233950449022 0
0.37829294496336957 0.2014389198399621 0
0.35700935755918645 0.16841386902887948 0
0.36336748004923014 0.1809780701963095 0
0.38484540850910853 0.19380152410348925 0
0.3850266332878074 0.17767145781339908 0
0.45896115219087646 0.1218053064753186 0
0.48457502701388766 0.1584049623120321 0
0.4258036176077022 0.17819674168650018 0
0.39085515071793153 0.17155834405330125 0
0.3935549482265659 0.17959212598079313 0
0.3993211321730869 0.17645035099318923 0
0.4429693450408323 0.2120575640851086 0
0.40465004056401643 0.19560831225736924 0
0.3688258186685579 0.24588778341043255 0
0.33345857843362464 0.2650036948933066 0
0.32001462114957346 0.269428390294723 0
0.30751791202464707 0.261777794224336 0
0.2883068809414816 0.20926171599870275 0
0.3492642570338293 0.20652627195123824 0
0.3647042564557019 0.163369703079525 0
0.3449495759014062 0.12237313232638404 0
0.36590316891105773 0.12562424091285315 0
0.35964709470459527 0.14398588185711164 0
0.3847226244333229 0.11085036388441236 0
0.3987792836392812 0.11946863353366162 0
0.3921942417465293 0.10311817888887806 0
0.38760554167778505 0.0938262429118275 0
0.3419790394558154 0.10305003383604848 0
0.3661445551358519 0.10772094472558487 0
0.35150166407121747 0.09717895000179266 0
0.34196410139792993 0.1524866125510526 0
0.34903338047320975 0.15617131927837827 0
0.33337661768959814 0.14786386602645676 0
0.32588420215886665 0.14447430085383903 0
0.30482050167065566 0.17288062770323784 0
0.32705932787708375 0.2060318074951857 0
0.3335903121181508 0.15628020543945395 0
0.3205004183598084 0.19053955639530623 0
0.31694258348426907 0.15757253475818025 0
0.32335204025690817 0.1489952703221116 0
0.312808255344087 0.15279425898421195 0
0.3029141570002253 0.15924436685320578 0
0.2969043748687287 0.14316224840074607 0
0.29254341498742953 0.15687976166584205 0
0.30496177615476977 0.1414695275247127 0
0.30584873676433194 0.15273685806312073 0
0.31427737709426773 0.1460624532215677 0
0.30790459917514 0.1331410244152349 0
0.31146086504911746 0.1407612728385857 0
0.3171745894663968 0.13989590076440542 0
0.3186317759960397 0.08145513019402059 0
0.32020390211963 0.113909976241201 0
0.31447173743214335 0.10013769616685433 0
0.3091988254853679 0.11956056859486718 0
0.29711078279378267 0.10911606049678879 0
0.3292237264286727 0.11345975937308288 0
0.3290790588345217 0.1238687080360607 0
0.328747611070589 0.13485203609620336 0
0.3156469256619109 0.05395348390096891 0
0.24250462305304482 0.23618570264438574 0
0.21577893981966934 0.2231681771178807 0
0.247040631144513 0.25402957400886356 0
0.24812079671712683 0.21591005629663218 0
0.26246033131754304 0.21682691665011106 0
0.23484726973608397 0.17341091146840262 0
0.2641809938434838 0.1911118055134087 0
0.2185980002001632 0.20911688706326373 0
0.20248089243823014 0.18586986129891714 0
0.19546188297533426 0.18447825604995488 0
0.20126641424731526 0.18005170010890958 0
0.2169117846057853 0.18415695094403114 0
0.1883963782420298 0.10398824793563184 0
0.23128628529973094 0.1536675518609654 0
0.2397696955946425 0.1412893296357103 0
0.23213907135762865 0.12944874825795633 0
0.21910806382210288 0.15340554033925072 0
0.2113156452065669 0.12446561579715788 0
0.17781768064671838 0.26075426268066476 0
0.22310547193537172 0.2712492227339042 0
0.19088189224637664 0.25636675844800855 0
0.1985461510613744 0.19476222894503856 0
0.15485051303685055 0.20219567099827807 0
0.16918585189422577 0.20984851403232455 0
0.1740500431993599 0.20054823000895472 0
0.13690998541486887 0.17991713071732435 0
0.14382281583171394 0.19565983304581078 0
0.13314941515841328 0.18732380909338567 0
0.14591404566659527 0.18140439700207264 0
0.1335113923216818 0.21646563737423438 0
0.27836282402845086 0.32981444676300803 0
0.302649826624719 0.31064553795787864 0
0.33297615920603524 0.3548777928033596 0
0.33880324869309086 0.35868841444281835 0
0.33238723972425777 0.3417515343396205 0
0.33824394257384816 0.35098160696211356 0
0.3408954996501557 0.34640658820907266 0
0.3427302889408663 0.35406955112774124 0
0.28483954752307744 0.3385146975128897 0
0.29040859964810406 0.32062970885838593 0
0.30360041788854913 0.33031468809387954 0
0.31716862200594703 0.3192693825273615 0
0.3206028871606575 0.34188460633738016 0
0.329957197063076 0.3284477478755928 0
0.32295938777753946 0.33321370787908283 0
0.23705695535148813 0.41569170784476234 0
0.20979315594805314 0.4109110945358959 0
0.24844780962131044 0.362652411876236 0
0.14275437396339874 0.4610944581650942 0
0.17146710852847968 0.46896224017209126 0
0.15925541408920063 0.4469143696631053 0
0.15811817951877957 0.4589423521595988 0
0.17034874167870054 0.4012010170260564 0
0.1893805657996788 0.41005213029077353 0
0.19959130409288586 0.40383781489663073 0
0.17964283045254933 0.3991011892731427 0
0.16379410602130093 0.3839331200603826 0
0.20423104641488457 0.4224593343768949 0
0.16844382865543311 0.40991374015504295 0
0.16526932268041916 0.4185761210833222 0
0.1969726704420441 0.4337753782971645 0
0.18185817830097356 0.429662528364498 0
0.1397510018576187 0.38860879469186266 0
0.14102476194430066 0.3981101014571647 0
0.15342853486975128 0.38649049819574877 0
0.14892899259177825 0.3824504226831018 0
0.14658261486771118 0.3994382362573057 0
0.14361227198815008 0.3936131904079929 0
0.16485925728791645 0.3776729950865338 0
0.12401797809020326 0.3823877315113954 0
0.13775036226266393 0.3949285136123246 0
0.10961389047290382 0.36083767121710164 0
0.13035224219572394 0.3841388475628887 0
0.1149105697039197 0.3657784928064156 0
0.14173391755966913 0.34219381451019254 0
0.12436000732889878 0.34603220265488777 0
0.1584807492400141 0.3092435617976722 0
0.1449015905826784 0.3220616539229964 0
0.17000028287741648 0.31456978876254565 0
0.17981953703960765 0.3592866848952386 0
0.18045661558695367 0.36642340352656233 0
0.15875145119992884 0.3432352943029043 0
0.1698985019237095 0.33775904357972525 0
0.17031762208483384 0.32993193459419706 0
0.15349336707576258 0.3326703181881603 0
0.17315961738826272 0.36325934499358437 0
0.17224469781871984 0.35591082667597956 0
0.15883507630036786 0.3761154602352895 0
0.16264473167426033 0.37229777267304076 0
0.15132899643811934 0.37647597504044233 0
0.12847009395864922 0.4131540912982613 0
0.166212547496395 0.15293487844336034 0
0.16183086143784298 0.15062345985605466 0
0.1531848887892627 0.1788785296148103 0
0.15171043215381333 0.19515368032854974 0
0.16071648592272875 0.1952798923990439 0
0.19819491130557282 0.17566343059649606 0
0.19048523441013668 0.1764377502514388 0
0.1625758481540332 0.1332572716696347 0
0.15856369254134725 0.1364491468253737 0
0.17225569706700808 0.13354946067659929 0
0.17086112580387958 0.13894230348034864 0
0.1803188500157313 0.122270782646702 0
0.197284573311636 0.11476882720704401 0
0.18016843005268987 0.12877456396432713 0
0.14067466398189762 0.1407803881701819 0
0.14759148185207546 0.1414147306943408 0
0.15081942915240218 0.13815952474544752 0
0.15179721246650002 0.24899655076302765 0
0.1177676571619008 0.15528010267312856 0
0.1406830966030711 0.14632668874806423 0
0.13445352221331727 0.1558046879556982 0
0.13493734848869535 0.1434360117671452 0
0.13517933846279603 0.16088331169778713 0
0.12985892069504654 0.16036273138495336 0
0.15749549685589156 0.15310711471616642 0
0.14358962264963804 0.15900061093525594 0
0.1469442830641829 0.16364746227365065 0
0.15387367368950583 0.16192283576712613 0
0.1515746141201886 0.16807536349578003 0
0.11648070077306136 0.1838820721193261 0
0.05132788530206105 0.1762828983390113 0
0.12343853564814443 0.22102042415799958 0
0.040975210475863943 0.16890420095294703 0
0.0822557159220687 0.23853645857784112 0
0.10507270809740689 0.3186428663383531 0
0.1236353115163059 0.3203868511921336 0
0.11077623145219918 0.32531711440392314 0
0.12662263703410465 0.3324280032539495 0
0.13147004047041178 0.3270873414689211 0
0.11930852581247582 0.2977151477390951 0
0.12785334785017016 0.2570103725816187 0
0.11889365415761062 0.2766699995605467 0
0.1061973184103482 0.2755574307654012 0
0.022587370691507454 0.2709442320582399 0
0.06288932119993773 0.29216166559226214 0
0.0868172222872215 0.3148458218805786 0
0.07367333845118107 0.36148120071304707 0
0.09639933388836405 0.16140055105942072 0
0.0638811724591592 0.12460509210632824 0
0.04581138943970489 0.10985746809638199 0
0.0636416737252123 0.1658189368254192 0
0.06654061352704806 0.17956207535182803 0
0.08306645090948624 0.18299231999531484 0
0.09090673919998378 0.170287046552256 0
0.07660301018140409 0.15458067123501015 0
0.06633087566709078 0.08726961438227765 0
0.08336789813546348 0.07069190776203628 0
0.14111162859223772 0.09795496030055122 0
0.1618538934664268 0.11824845635749888 0
0.17323870038234485 0.0926070081607101 0
0.1633575406361337 0.041928527516432265 0
0.1002095776393905 0.13767082157060764 0
0.1105273830596891 0.1068182287493241 0
0.13149117287228398 0.13724403561638854 0
0.12493459447677739 0.13737282411584167 0
0.12482401810713331 0.10721993589365172 0
0.11255484479728706 0.08483401310346143 0
0.22574914108563646 0.09429480642869466 0
0.23349834195084693 0.07906447461742676 0
0.21742335386478914 0.06558929366918598 0
0.18533395141175837 0.0782628284971452 0
0.23864661110615298 0.02873917125344947 0
0.16074498561897047 0.06955388531192469 0
0.29514332891287975 0.1279319652382897 0
0.3021971037988033 0.09759775521201731 0
0.16715119046783236 0.26103409061265476 0
0.1507339922409039 0.26031400974648466 0
0.15966421951245732 0.29904939118243185 0
0.40618564982236627 0.07175172902732879 0
0.36838382133781417 0.02425383240977845 0
0.44296573338577266 0.12795862445782372 0
0.45994278469879946 0.10492088756828745 0
0.38974793882058073 0.11932552813480023 0
0.3891802857609056 0.14342328230263804 0
0.3743930043120669 0.1343378063545125 0
0.3802034964217864 0.16475896648931931 0
0.39482453540983103 0.15699118940939127 0
0.4010195790473492 0.1591843669259687 0
0.3999312676198866 0.16968724909647823 0
0.41357764903801747 0.14505557354016416 0
0.4189117990919695 0.16132398346366633 0
0.3999651659024098 0.1045830440394435 0
0.40792109184972314 0.13782620847783886 0
0.39522340171059606 0.13347898544426456 0
0.4278050228293529 0.24343248649501292 0
0.19673361037415216 0.3315645252050532 0
0.20537336879198617 0.3470912284663325 0
0.187312322621957 0.36130226708760393 0
0.18635458480121464 0.3689524160077317 0
0.1754839148106304 0.3198287980179056 0
0.1829886527244683 0.30706742689858124 0
0.26459225944946374 0.30584917830384395 0
0.2702927617759808 0.31412197617379944 0
0.21457075196613604 0.34252545810372204 0
0.2348515856687889 0.3766849533989856 0
0.23887671107862254 0.34716185853602816 0
0.10301802977227863 0.37384549406233375 0
0.07564731565606675 0.37552522573709163 0
0.09069555773641519 0.41830829773526634 0
0.07050117295321168 0.422099218303871 0
0.38714816233665095 0.3544372693463187 0
0.36997622026362065 0.3515043250224823 0
0.37396663018109544 0.36019299982398206 0
0.38216742645693136 0.3689512879950832 0
0.4126703696250191 0.34630886780260883 0
0.3737471955080407 0.3462133499251251 0
0.47917757633818286 0.3518777338881315 0
0.47306018536646516 0.3250314394444241 0
0.36516668006636976 0.334490062700678 0
0.3607748318264825 0.33352754885551866 0
0.3630924833797736 0.34353612220073315 0
0.3507021011503535 0.3436900751277198 0
0.35816825737033847 0.3548238382962465 0
0.3635873611524253 0.3621790238393716 0
0.34990899051510516 0.2880994771565877 0
0.4200612423648524 0.31583881718365575 0
0.38480921399069196 0.3357887535911716 0
0.391079621183679 0.48116056198931756 0
0.38875360011155985 0.39188366389632645 0
0.36968518137114825 0.3696736123065241 0
0.39355467703832037 0.40217157269090614 0
0.4150580050408731 0.40448036503039325 0
0.4260632360156581 0.40845586649316606 0
0.3976040563931435 0.37798482751095247 0
0.39523869027084385 0.37189228562160154 0
0.4041729754774532 0.3799615423281179 0
0.39953095997609717 0.38319758945852817 0
0.3985163152113451 0.3870164260457114 0
0.39920540965141443 0.39223305167778605 0
0.41575103645102623 0.35836744975817636 0
0.42807280287174143 0.3835140206997126 0
0.36979105704456233 0.4194451930174636 0
0.38272486005141654 0.40025946385622185 0
0.3921979463320358 0.40838994341841145 0
0.36375841233711903 0.4017109355553446 0
0.36880896627213655 0.3799697309333312 0
0.355341637584872 0.37101614047632947 0
0.3575569179403609 0.38343016699633253 0
0.3522200947777716 0.39550406263654525 0
0.33565068937293113 0.39907627010678937 0
0.319095519387967 0.3665432838486989 0
0.30353583312903193 0.39720770407188466 0
0.3367368882199565 0.3651416045942377 0
0.3315188174941465 0.36494741068359804 0
0.3181974759953543 0.4329164517220623 0
0.3139424585712297 0.4131948680338054 0
0.4582433629420138 0.4552336562933441 0
0.4513567216141022 0.4133681879348356 0
0.43468645798157607 0.4094904542351726 0
0.4830052474905973 0.429719487426076 0
0.4629137422735336 0.4097644716176503 0
0.3994780371470108 0.4537295193777202 0
0.42728168087434715 0.43573643509756294 0
0.20725370683585007 0.27510942490204404 0
0.21395898450416512 0.323875916560818 0
0.21521330607474717 0.28844341633393006 0
0.3600539513519116 0.3229353424047385 0
0.3402874939844211 0.3105851752715479 0
0.36543948186987824 0.2006182376264876 0
0.3577331620417283 0.20651550654798798 0
0.3734276056892534 0.18901897990495073 0
0.37828173322947295 0.1802065568250054 0
0.3790384782893136 0.17450316308754946 0
0.3766896649259279 0.17015805222460434 0
0.3588309129772182 0.18368249911688633 0
0.3532354220861814 0.16361881259383132 0
0.3605471077366948 0.17209914716520827 0
0.3590641697238214 0.1632325846558443 0
0.36576966951283607 0.16951277321408068 0
0.3707571790583396 0.17961936316736848 0
0.36458236287171575 0.17565951674421224 0
0.3840536046917301 0.18443454199786244 0
0.45479461522186293 0.1538189925369269 0
0.4525747670873324 0.16936406850487273 0
0.46807040341994 0.16402947350035918 0
0.42316609578469966 0.19010941666619458 0
0.4046238807622317 0.18309665635183586 0
0.3392339305091491 0.2856044801169217 0
0.3165683507565448 0.2822639518395203 0
0.3294835622309165 0.27954247288769635 0
0.308391180545761 0.2747525942589723 0
0.32223113261186165 0.25537545778098314 0
0.3523964693483844 0.25887765714577055 0
0.35488154063947186 0.19753657025586124 0
0.34961124340848415 0.11375624445535575 0
0.3607677218063496 0.13176029025523597 0
0.3391073805501311 0.12109863282455992 0
0.34334306017749183 0.14295565905113367 0
0.36310200466404674 0.14148019052092167 0
0.36094134525073085 0.15359419099626292 0
0.37512797013967103 0.0926814537254747 0
0.372501152224439 0.10163186165224608 0
0.36773162601111353 0.11672882972004799 0
0.3750386473679184 0.11062092162920521 0
0.36454784426261533 0.09943085432236352 0
0.3074419369646176 0.1648483094691019 0
0.327423018940928 0.15443069051182723 0
0.33187807156557303 0.15178531340194582 0
0.33688023082326335 0.15221037373554877 0
0.31510139928100134 0.1954731795820713 0
0.3242254621737078 0.19882965437322508 0
0.32193033860435727 0.17016678623151288 0
0.3131462749792058 0.18700628632552982 0
0.3118128402682972 0.17845105826263208 0
0.30259881736228383 0.14685082773200359 0
0.32043261779803034 0.14479435603775248 0
0.32412952747610374 0.10360997167456723 0
0.32621346965929726 0.11980536199546196 0
0.31576045570413963 0.12005786974932663 0
0.30723055756067646 0.1263974835507719 0
0.30104227130032657 0.12338284856736162 0
0.30475887284523984 0.11557566984984272 0
0.2893751094092051 0.1002521826363586 0
0.32328013235949327 0.13085486177604835 0
0.31899143817982706 0.13384344870688591 0
0.32357520355024566 0.13813498044996692 0
0.32843140022755424 0.14028569402085322 0
0.3841021425699757 0.08342091896626441 0
0.19667789537010863 0.22826767602182166 0
0.2116270516916558 0.25997816699398074 0
0.26369626694806964 0.18010160350527596 0
0.18500563682815055 0.1853220023834788 0
0.21569012216322014 0.1745906097215514 0
0.22391845505657418 0.19366132639046704 0
0.22521475049136053 0.18059404707638374 0
0.21206938296488465 0.1632081352311891 0
0.20153089892044043 0.16611443790108146 0
0.22176926097122202 0.1177053974238077 0
0.20111879073381633 0.12301712842463232 0
0.21913063428668791 0.12909321134030308 0
0.16036073123288694 0.2541578643520521 0
0.16217774550594125 0.24428517988620624 0
0.1410890797627703 0.25390534245416274 0
0.18223634605594616 0.24680556911616705 0
0.1659423242843038 0.26855295880238655 0
0.2008891775154316 0.20608936266650837 0
0.1668066091308062 0.231895258362816 0
0.15324920846799192 0.23792232851601058 0
0.17547141461356675 0.2160167093392879 0
0.18420555871709346 0.19930672705877375 0
0.13433852178177547 0.195054425100166 0
0.14287795115360957 0.1751925008894723 0
0.14241271990106466 0.2112233099657601 0
0.22270412375521134 0.23584650383400416 0
0.1954477173219111 0.2163700460124582 0
0.18520204780015484 0.21916053282197384 0
0.1886624089317049 0.20900616600288344 0
0.33577162618369244 0.3445810902942443 0
0.3474256860933028 0.3539000038809894 0
0.2965438902618749 0.3164958528213707 0
0.2917669388187318 0.3448630533912567 0
0.30896624812664875 0.33288818503223333 0
0.29731184311586345 0.33008064052450425 0
0.3090517013103891 0.3166702877925023 0
0.3139182132767588 0.3500491199129346 0
0.32368525702681245 0.34081267470046755 0
0.2631063843596648 0.3556829960705687 0
0.3168543863028234 0.3904762259672935 0
0.29126567053211083 0.35648194886708506 0
0.25473583103613084 0.3451438995130729 0
0.22086570551878476 0.40371370683205166 0
0.2190415178273124 0.42045751366716083 0
0.23777425796780383 0.3956646252222954 0
0.21056558117551727 0.39676700619041455 0
0.22069313947526134 0.38767422040828303 0
0.20277712487680588 0.3754753652757074 0
0.15467575544690657 0.4366611520185791 0
0.2006788112827022 0.44990716802368375 0
0.2145704468221425 0.3780415936023146 0
0.1781085150440203 0.4158998662245775 0
0.18183998982350977 0.4055202226970529 0
0.1984703582590164 0.3916104720294095 0
0.1720123006316531 0.39265526235241743 0
0.17955430990624552 0.39210893652396245 0
0.18641695243255185 0.3915535545246278 0
0.18672035562201264 0.37887817308703103 0
0.17642579239026707 0.38105561582897357 0
0.1517966984813964 0.39339446201786793 0
0.15431387716754133 0.4007620209095038 0
0.1655784208182526 0.3962664276309858 0
0.16058014853371386 0.38099131899122757 0
0.1712582400190646 0.42482309355672954 0
0.1687349173424893 0.4366030171715416 0
0.14322771709026744 0.3830493677290841 0
0.13621831221579464 0.3821825687842836 0
0.11801364911413771 0.3586165011896887 0
0.1201562390101711 0.37102518774748977 0
0.1242833719911036 0.3761133726059132 0
0.1433988859245695 0.33817648844858417 0
0.12844037802615738 0.3507565072102814 0
0.12142634527035828 0.3511765146716743 0
0.12421361898697302 0.3391550540071287 0
0.11751066619698324 0.3442392314588903 0
0.11331392218556546 0.35258687412937606 0
0.10705756577061554 0.332142096823132 0
0.13714732888383446 0.3246762578907325 0
0.14880715092730468 0.3031693563733044 0
0.15227910902453465 0.31431710029890303 0
0.1611674120894658 0.3215218917186804 0
0.1836835345088047 0.3726273356808647 0
0.16563940550655754 0.34400057363290765 0
0.16410906352725982 0.33334358918389456 0
0.17054964921171742 0.32463989294935924 0
0.15760534448729754 0.3258160178647357 0
0.1641608989734312 0.3265520404844943 0
0.15891599346672686 0.3311309661481355 0
0.1432921226829791 0.32757990243022816 0
0.165889463250581 0.3605978192642455 0
0.168943620118339 0.3504235817881797 0
0.14634900725590386 0.37923920579966935 0
0.11811246182393795 0.401686162890258 0
0.11811378063779814 0.4286555437869775 0
0.13737767434695777 0.416090655783598 0
0.1531583093880356 0.1512138412357988 0
0.15548862615511042 0.17294690466630594 0
0.1564470949000881 0.18267288440534935 0
0.15908676317656856 0.1779012142095756 0
0.16159208863558913 0.1831661038321102 0
0.16731905351344994 0.19530171727682277 0
0.19275830376256134 0.1679897797811292 0
0.16124547556489133 0.14588055597000643 0
0.1667051318336717 0.14797079155462725 0
0.1679670603219353 0.13529416410855238 0
0.16534127751526814 0.14247558369620356 0
0.17442116646814232 0.12725775961326224 0
0.15303429175729824 0.1348320923349504 0
0.14565037062746972 0.13898799444181187 0
0.14463419994659368 0.1429495796610135 0
0.1373388280880146 0.15008646324884833 0
0.12362791671745935 0.15229416481292035 0
0.12320201943042738 0.1590158018272715 0
0.16155867309521632 0.15443212203124956 0
0.15685729349587219 0.14887776665155175 0
0.17243885107114096 0.16599057767544587 0
0.169362485906259 0.16054130383485055 0
0.12300738203385748 0.23098437475742054 0
0.11408950214782346 0.21310689701591357 0
0.09808010826199988 0.24634614121488874 0
0.08482418541368568 0.22166310460830566 0
0.12345776211957174 0.31254936521244014 0
0.11498819859414171 0.3172920066775794 0
0.11894764310939299 0.3244493304751923 0
0.11629748982788457 0.33224744037176124 0
0.13031417927896433 0.3220164506108993 0
0.11341101227161629 0.3026915952656744 0
0.13902638791543084 0.3117584276202389 0
0.1370912904271094 0.31911437318787417 0
0.07484816354182082 0.30515167465766424 0
0.04016745427034946 0.29390456841429724 0
0.024852758668342655 0.3480140837985443 0
0.07689047463463418 0.09042075147822952 0
0.15020619126208481 0.12197829185799056 0
0.15237941256397963 0.10721498037586462 0
0.15133509002503764 0.10057370753376126 0
0.1616824467337692 0.12651601785299346 0
0.16786169239384252 0.019250528580746967 0
0.13820212001988286 0.13781282035810738 0
0.1373842430592869 0.10526212722291804 0
0.12609679484452366 0.11694391209846343 0
0.09817243247894014 0.07859397790769602 0
0.19897358634427045 0.04185372948552542 0
0.18578115787486418 0.025698819580969243 0
0.1600446112933939 0.26285536585816616 0
0.14477184563804124 0.30554250942374217 0
0.1719388666823081 0.2875623721275067 0
0.15923213841937486 0.2801109702416607 0
0.3691528592648368 0.060767434772148216 0
0.38531213871659636 0.12660186037891374 0
0.3912478137513786 0.1513580800823284 0
0.3955086995228874 0.1456698739266879 0
0.38585195293368496 0.13837354035464353 0
0.36807795320147624 0.13829002433758036 0
0.370786979169623 0.12819157750540908 0
0.3851667868413545 0.16129864596610657 0
0.4152472750596453 0.1804393277712836 0
0.4105272209123491 0.15474819394866954 0
0.39199773699609064 0.13866970267077233 0
0.38913668592460665 0.13322420932525733 0
0.39305216441101937 0.12728280755812088 0
0.4026319458329805 0.1292142572504176 0
0.4283408165943618 0.22327706861830188 0
0.20000631194531687 0.33922602104510147 0
0.1884393541449114 0.33238294399275115 0
0.1902899068551324 0.32648994440262835 0
0.17518140409450986 0.33373313728735227 0
0.1853822062928349 0.35352695139932055 0
0.19357705906543135 0.3641412234577353 0
0.2051158054099989 0.3581425492197899 0
0.1771744009473322 0.3275211293936124 0
0.17788725190819438 0.31389509733704446 0
0.24565284913942403 0.33337096765683005 0
0.2580907876712914 0.2930673330817266 0
0.22878160007451473 0.35982578136945503 0
0.45470392287328343 0.0318995250878315 0
0.11024076600036214 0.37759246959101017 0
0.08791301154928384 0.3779118622717341 0
0.10842567867601169 0.41719649068259373 0
0.37869983015847086 0.349857396672674 0
0.36919681069100624 0.36372903924711725 0
0.37388649555529413 0.3644658176272811 0
0.37796892332855814 0.364118389721357 0
0.376013390919948 0.36967307763252966 0
0.4164782817933266 0.3268204323445082 0
0.36672890667787444 0.3397486094907954 0
0.3620404827702994 0.3381493754376025 0
0.35728775588037504 0.3361717380441273 0
0.34713318963751383 0.33521536246600053 0
0.36500713758524433 0.34910058972438174 0
0.3451110429130591 0.3456932842298596 0
0.36140002967295876 0.35115580114918876 0
0.35895099846174827 0.35981296823761333 0
0.35565495443294987 0.34677727903508976 0
0.36291204459068555 0.3559660200197035 0
0.35721439095321605 0.29679044706167923 0
0.343459469032576 0.4786577573246766 0
0.3621970011065209 0.4509022818947156 0
0.3667565390456032 0.4719011516342698 0
0.3619826347946424 0.3745950342168291 0
0.42011047352015196 0.4116076592835823 0
0.41281059521834707 0.41115099180579945 0
0.42035061963246634 0.42114189232577515 0
0.38293739504232743 0.38049189480430445 0
0.3923775255506094 0.36608550938624584 0
0.39000424862915983 0.37782174404965685 0
0.3941107556916067 0.3878030542405175 0
0.39466137561134235 0.3926081194576886 0
0.4092083599072325 0.36393517382619434 0
0.4387501716900997 0.38253107886678317 0
0.42869858369977426 0.3737349940806109 0
0.42461225736830555 0.39491390537563736 0
0.42889330250576946 0.42342456688853974 0
0.38104338723867204 0.43515480640116094 0
0.38838872259382434 0.44837134699634773 0
0.37710300642023675 0.4507840051826611 0
0.3878730286995595 0.4638051998498304 0
0.40685877402546133 0.41082896569743976 0
0.407908193399374 0.4176822484121401 0
0.37637112320101695 0.41727421710518353 0
0.3870694978316513 0.40399699708741243 0
0.3831375165556175 0.3948507953686834 0
0.38374428424665263 0.4228402471345531 0
0.3985365581413873 0.40772120018304425 0
0.376322208635957 0.391064265544355 0
0.3782675438045075 0.3845088085617445 0
0.3668249721485806 0.39589461926222613 0
0.36814522825039936 0.4101541854898556 0
0.36158461784561147 0.4077732816430464 0
0.3601915793987959 0.3957105041276536 0
0.3620860884354965 0.37967457919292386 0
0.3725743041614203 0.37508618535534843 0
0.37256190126590044 0.38536247165726434 0
0.35795875901294744 0.3671628820728196 0
0.35380469510049667 0.36691521199620103 0
0.36147593957586155 0.38562899997401057 0
0.3452055473761657 0.39256737541220155 0
0.3353522862111697 0.37076020616205907 0
0.3463363576599812 0.36976142531707235 0
0.2719535179159574 0.3865309925211814 0
0.3278485299401179 0.35085871168107113 0
0.3162041756185889 0.3574556282300547 0
0.2829127701654954 0.4024760329570271 0
0.3280027796188197 0.3891019320749155 0
0.4501667512219976 0.40357856971818706 0
0.4720077743081289 0.3975225997612334 0
0.47031507651880644 0.42355868710548955 0
0.41248284389176404 0.45400980523182743 0
0.42999177678594236 0.4812048407877821 0
0.4179941955658376 0.46788672833771916 0
0.43742911849297494 0.4631712450605781 0
0.4415747798594747 0.43002257668941846 0
0.19833231867382847 0.26537248156332305 0
0.23575787563232783 0.30781253555478194 0
0.32176178605492667 0.352327002872473 0
0.351341310230469 0.320859742712084 0
0.34102575989321204 0.3028841129737145 0
0.33691596593516027 0.18603242585764462 0
0.361523720669866 0.19082385053667406 0
0.3616640499027316 0.16742839328545062 0
0.3748152435247415 0.17527462175351846 0
0.476274058255983 0.13984264478497505 0
0.45432802414745865 0.137693025055107 0
0.41374259784602546 0.19073329042404408 0
0.3439821451981784 0.2750872432705841 0
0.35990469622874793 0.11319735337918706 0
0.34988882481363737 0.1196202537865104 0
0.34405873105874896 0.1109781167474772 0
0.3635863254746013 0.13652134806286917 0
0.3586780188455582 0.13807780528897487 0
0.3433352456625573 0.1172545230138488 0
0.33499454973542364 0.12621784820111911 0
0.35114965354616123 0.13436558179694796 0
0.3454891758429313 0.12762688365659625 0
0.33827381384938315 0.13632973103069845 0
0.34877261016986427 0.1449892911841477 0
0.3525709338606963 0.15250954856825263 0
0.3690079006898168 0.14692383543900459 0
0.365898078160612 0.15876341195742733 0
0.36079778092223935 0.14894090323782588 0
0.3614829265152965 0.15861162208078447 0
0.35676397457522047 0.15574166552369614 0
0.3601947712469751 0.1201448202351366 0
0.33952168121342235 0.15709842370899585 0
0.352050127242794 0.16850472314367804 0
0.3448729995175937 0.156842983618124 0
0.3282868740653994 0.14851425844522764 0
0.325876751493 0.164921010668281 0
0.31175538868702746 0.17062577647819213 0
0.31234287025086055 0.12430695240405698 0
0.29563842779834393 0.11865771788156011 0
0.3132304836130371 0.129459788219967 0
0.20760557740553073 0.23227460636925853 0
0.20091054787881002 0.2529044830938045 0
0.21188323347046695 0.24532780519403188 0
0.22742368853383227 0.2531915243441971 0
0.1900143474947975 0.19330268200957346 0
0.2085915409174126 0.18232073367598114 0
0.19349687107189337 0.12417455040259183 0
0.20469163320190664 0.14087909727645112 0
0.22325313962225204 0.1409149711910823 0
0.1705567163818956 0.25118725152351024 0
0.20573546735347967 0.2198935220659707 0
0.15759090831663736 0.2118115385636155 0
0.14220832472452874 0.22070083586241288 0
0.33288396710214996 0.3504221138518046 0
0.3249762769981005 0.3458038027814436 0
0.31744248440282286 0.3380960740048304 0
0.31452456512209304 0.3267190284775593 0
0.29590750382109676 0.3238601477208979 0
0.29383436237520605 0.33678421200817066 0
0.30302708194099015 0.3170121666501613 0
0.308147935944011 0.32426358162815394 0
0.30526881593124444 0.34327320446512927 0
0.30452215492252505 0.33665174086014626 0
0.2993408036366984 0.3348119805414079 0
0.2985564862883431 0.34098126575505266 0
0.3200222972720475 0.3461274753621349 0
0.30970744858057436 0.383591077857153 0
0.28457861962993614 0.3732628181823372 0
0.30941937474964315 0.3733898913918358 0
0.27684999796095033 0.357647165098841 0
0.1606832833437565 0.4259687883111527 0
0.21264594189440464 0.43520196423127416 0
0.1947982587926035 0.3765818668498722 0
0.1761428450664409 0.40546733928560896 0
0.20677589065191818 0.3849307050174912 0
0.1821952443620895 0.3848605190207706 0
0.16999703371083014 0.384250896857647 0
0.1764302011123238 0.386569748172076 0
0.15902240202949344 0.3957498389271081 0
0.1625819425918814 0.4034400120321036 0
0.15905657256302355 0.38469864147232513 0
0.13079415251784224 0.377779002524393 0
0.12243570055405806 0.3645497626700752 0
0.15335359880584254 0.33946330495214133 0
0.14875814542181381 0.33619105143571265 0
0.1366332290876954 0.3344251979171516 0
0.13520632300455088 0.34017752411195296 0
0.12974546169743364 0.344146467384233 0
0.13600655591066324 0.34772883923344367 0
0.1478719143035068 0.34132801766265347 0
0.1498743186068098 0.3672704109559744 0
0.1751919196311741 0.34994836482673913 0
0.15444984044349316 0.3291260706013917 0
0.1528826936817361 0.326255589808894 0
0.14056440498009543 0.3221616928776093 0
0.16775858728623758 0.3674571777098048 0
0.1769003008418927 0.37407835552836544 0
0.12199258967714519 0.396009058696244 0
0.11822577268157441 0.40920401592549177 0
0.13061356792370518 0.3963095385338194 0
0.15227201289365114 0.14653952073471455 0
0.1749558960027035 0.1612059853858888 0
0.1774320815517561 0.15412106836025594 0
0.17200761559179265 0.15029513867780028 0
0.17056415712157794 0.15656521592638148 0
0.15789160767251068 0.1675461754879472 0
0.1492635344064776 0.17431730135039913 0
0.16553891117698968 0.17785361530520896 0
0.17321288273045254 0.1772493955306826 0
0.17728445461983847 0.17129305544989235 0
0.18399067662292876 0.17049355481389253 0
0.15544768071558754 0.13969673613004194 0
0.17552383467895608 0.1410232866209194 0
0.17756266574076449 0.13281372594689134 0
0.14866977829688766 0.14520177443440863 0
0.14052097315969528 0.15415372578428224 0
0.12867172745417427 0.15549844351284742 0
0.13003168182888017 0.1492729919701609 0
0.1586054112724985 0.157622373024202 0
0.11157529376443938 0.23851040874321894 0
0.09900042553975244 0.21372443147169382 0
0.1371112887774332 0.30341337537355895 0
0.13035626343840273 0.29788887033456773 0
0.13065507508468444 0.30727815654557 0
0.12166359356456181 0.30511079231388377 0
0.14179228228512103 0.31760145490664704 0
0.11159502175007346 0.28444085561765875 0
0.056684707130230445 0.313742934650448 0
0.08931650157013973 0.09010843644966231 0
0.14202021248894003 0.12691613271199803 0
0.14723681598057548 0.1289668390614232 0
0.15407380886201458 0.11585842244822504 0
0.1476670901761442 0.11198830427471536 0
0.13229231107331127 0.11086658282082824 0
0.0757468180872722 0.07950724922284383 0
0.21688150283627608 0.04534292077066469 0
0.14702458303855684 0.3128610731504784 0
0.1523310622238308 0.3005309400206128 0
0.1671072127916195 0.2997649489127296 0
0.16493700296565889 0.284522154591707 0
0.16854556245867838 0.2790562643402691 0
0.15218800505409671 0.28539014264402895 0
0.15456215499654924 0.29248484917179013 0
0.15399398134731823 0.2702866171430202 0
0.13898357905456898 0.2630680997586526 0
0.40735333327719125 0.051894801717742266 0
0.3720973044820347 0.07626068634318861 0
0.3824505680506919 0.13314566240437234 0
0.37768148077343927 0.1273947042644837 0
0.3797087403447233 0.13935656544980723 0
0.3868974714906669 0.16592568457724602 0
0.39018507722519985 0.15702709830396958 0
0.407612323498082 0.17255835608439044 0
0.42756361504780493 0.1657916055770155 0
0.3991632862436072 0.13850249902562362 0
0.18487873704113705 0.3395968626213116 0
0.1949047133847272 0.32276428521908107 0
0.1831006143682102 0.3216427092396716 0
0.19080095443670067 0.3187956512348365 0
0.1804520696534692 0.34711479780625015 0
0.177533483293198 0.33941719142732996 0
0.19253052799507817 0.35785607617197496 0
0.18960399451554347 0.37267721341730936 0
0.196229767020334 0.37091932281096673 0
0.20095114692475405 0.365751219655711 0
0.23130135740042793 0.3338105928516318 0
0.22183767541927313 0.3742712362009779 0
0.11880668407137125 0.37660643832636564 0
0.09909533591263284 0.3813826950151903 0
0.09988793175527229 0.3949302631681735 0
0.3855489574949996 0.36283566416096946 0
0.38840467641462273 0.370313322857711 0
0.3942890036604097 0.339774328488274 0
0.3459599086947409 0.34033932890128105 0
0.3425436157293904 0.3494749225925505 0
0.354582829122453 0.3581821265932196 0
0.3495031218231695 0.34788412831762044 0
0.3538969893632462 0.35387137065128244 0
0.4256873148557737 0.45291551049107964 0
0.4171440911844482 0.44379597974096396 0
0.41466037003798295 0.4339531720602966 0
0.3842568530095172 0.3743575238889146 0
0.36656281608586755 0.374970894635399 0
0.3641720368781179 0.3703981670803042 0
0.4032540538784775 0.40762147891388 0
0.4083710599069695 0.40617065554557635 0
0.4206072047319491 0.428024783844224 0
0.4286356374524452 0.41480021533555805 0
0.37860174940207 0.3747179397418077 0
0.39442457965353117 0.38295159789536404 0
0.38911431401991203 0.38516689556927974 0
0.4469235090787366 0.39324766267988964 0
0.43949603316031965 0.402386200536084 0
0.43011613235160606 0.4019186734169652 0
0.41711641499695346 0.36979773557111423 0
0.42113288527427345 0.4028367268274146 0
0.4173648559657715 0.38720805192190383 0
0.4083566255613626 0.38594835689747364 0
0.42105335122976867 0.37891869357901264 0
0.3948388809598453 0.4413428330401124 0
0.41266162890678 0.4239465467846908 0
0.40190596369487763 0.412485726787301 0
0.39430064376079416 0.413834501605143 0
0.40041053515591124 0.4213523037004001 0
0.3831821028967286 0.38849837400614506 0
0.37222548621330853 0.3951183688784931 0
0.36965603112227385 0.3904341504606714 0
0.36380728826971637 0.3902899642891207 0
0.37574838766253826 0.37993846090930644 0
0.3599148816802852 0.3708109912742939 0
0.36207148384275134 0.36687887542728115 0
0.3508537073069308 0.36209345526229486 0
0.3449755853208259 0.3830138320171402 0
0.3515733201425707 0.3876098414584512 0
0.3418396373343807 0.3726604233295277 0
0.3534574519282065 0.3753595257640475 0
0.3414911767809114 0.3678362176094344 0
0.3458807266356026 0.3646499255200639 0
0.3513499503415053 0.37128451040978044 0
0.3470456293779261 0.37551884056480145 0
0.28800636540958824 0.38720543645909794 0
0.40230863519067966 0.46725407791052326 0
0.44040743292398693 0.44603891476564983 0
0.4378846951862125 0.41722767209648 0
0.2266274382072793 0.2984876119271136 0
0.2412107186339323 0.29536872566459127 0
0.25044470668482316 0.3095403424593305 0
0.347139797849689 0.31425838745942264 0
0.3544507998280621 0.3049488296520368 0
0.370154477387385 0.17244712857849767 0
0.3437689793251449 0.18224647976900352 0
0.34003756651138434 0.17502202996822105 0
0.3304139742954238 0.18103046817072588 0
0.34299478878694944 0.19807770673096473 0
0.32892443174468927 0.19047765165089744 0
0.3496859015505032 0.12523718269335513 0
0.3382008989361758 0.1135386204625512 0
0.33525730440408563 0.14339683886794122 0
0.3408158315992636 0.12540847073566327 0
0.3336928780840439 0.13860922013102442 0
0.33868147732790554 0.14072108176704856 0
0.3424579052178488 0.13741092876145322 0
0.3344247812821375 0.13282225665650546 0
0.3541038880286307 0.14280823015741753 0
0.3487222609258908 0.139008799105403 0
0.3489078561611422 0.14881081210426944 0
0.379175079541397 0.1518099685136128 0
0.3647282732057473 0.15020314896885428 0
0.37302001988899586 0.14167834484716438 0
0.36706507871093214 0.14297988215176924 0
0.35743150193218637 0.15173487317326476 0
0.3573624090861985 0.10612285602147506 0
0.36761245668123343 0.13223896511513256 0
0.35492380667017664 0.1730790143019933 0
0.34885854166778246 0.16067655889563448 0
0.32975635363057937 0.16072508430804797 0
0.32352378524150194 0.1595962061922003 0
0.31442559328738073 0.16372610947189856 0
0.31857896065866553 0.12635656958649696 0
0.32052412140162245 0.12121746230945334 0
0.3244988336058216 0.12537399806641544 0
0.20538589747905187 0.17344891148783662 0
0.18624191962104597 0.1264232174060614 0
0.20552678941914354 0.14927423498141318 0
0.21223815931451911 0.13613486199961555 0
0.20346978457182105 0.13188757987468883 0
0.19594034817661882 0.241942827051584 0
0.17428356379722842 0.2250155811461497 0
0.1488843407506691 0.20727895354248085 0
0.14982617191560096 0.21524933637705046 0
0.3193730261487982 0.33392095182915943 0
0.31591103390723163 0.34376509130883176 0
0.30736458699609026 0.3490369390350081 0
0.29964389019018955 0.3489657919172485 0
0.2659130854662089 0.3693843457292361 0
0.15751959783918543 0.38987053738820565 0
0.14642804894622674 0.3882852290327054 0
0.1326010312079048 0.3318944531366446 0
0.13082324926118644 0.3372831180784935 0
0.13706726637727087 0.3292959368053089 0
0.14231300710618527 0.3340119640554208 0
0.1626572661893301 0.3492734276585823 0
0.1573655558357525 0.34980028462962376 0
0.15134345997453844 0.35117488014573933 0
0.15934067413424743 0.36013875791887967 0
0.1485454358893008 0.36154655464252544 0
0.154943320473498 0.36329416474399734 0
0.15572494947057536 0.3708375237827481 0
0.14603596514706324 0.3737642223163708 0
0.1465766641059394 0.36938045629811594 0
0.1402029044230944 0.37689419436150573 0
0.14426538204169514 0.3658959992695115 0
0.1356783441456912 0.37274418306225676 0
0.1400668173700318 0.3547826882452913 0
0.17168034919527256 0.3778741541897655 0
0.12689612751609125 0.3896505168409841 0
0.12067005983791386 0.4183523304456982 0
0.13732538348900908 0.4020338361453435 0
0.1344561562386794 0.4086041591161571 0
0.1510905435716369 0.14227557849384018 0
0.1805577574877132 0.1589035205162783 0
0.1649948452682192 0.16515457662536936 0
0.14905666959692773 0.18896729619836364 0
0.17888737605742203 0.16457967271716864 0
0.179543190859702 0.1860636294882046 0
0.17956523356904366 0.1786705668666775 0
0.14517567445729604 0.14711590181287457 0
0.1480382529798473 0.1497005204017145 0
0.16435412299981791 0.15843950273568694 0
0.09780681506075731 0.23061251210577352 0
0.14008991634212592 0.2998582861883723 0
0.07313562912885013 0.3199916431993337 0
0.041645577403585494 0.14243301302915298 0
0.1342420218195843 0.12142112706302922 0
0.14668512912666154 0.12413983012319507 0
0.13690930168070278 0.13132673062117847 0
0.14719661653332541 0.13405005919137808 0
0.15553460575597747 0.12743889328273453 0
0.14031817974077448 0.11380419333651547 0
0.2068568535424471 0.024095404261280637 0
0.14628548063107855 0.26854218286653103 0
0.1309074390307497 0.288896367772898 0
0.3801984571678728 0.04698631279523345 0
0.1893773389138962 0.346488046159714 0
0.19293049909427398 0.3388282223960528 0
0.1814489166436845 0.33325450053189903 0
0.18403696412695203 0.32808288216878034 0
0.17282113620180906 0.3447751269452504 0
0.25145090576123547 0.3235976719049241 0
0.21271372950988912 0.3667071862276891 0
0.21522362106602447 0.35353781708366533 0
0.11009570835038755 0.3865206847863531 0
0.11868294532889037 0.38867949200770324 0
0.11272247632750215 0.39541388095181657 0
0.08207421774542724 0.3870466379130988 0
0.07513894742346831 0.4069097865850759 0
0.34612609208173595 0.350278767880721 0
0.35057862861031414 0.3567966031406839 0
0.41420125479776615 0.41728153440185245 0
0.40000863862846536 0.40313607675887864 0
0.4350588780951659 0.3934589818841794 0
0.4127207684706559 0.3784229217777712 0
0.40444067667853284 0.40204760448366855 0
0.4165822689843152 0.3978355766693433 0
0.4014412799163435 0.3984572660397369 0
0.4106224051273406 0.39238796918941937 0
0.40765638604969817 0.3719167653092491 0
0.4077434440427373 0.4431865989505552 0
0.3917204601542828 0.4271883720719525 0
0.4033148533439929 0.4310837304508495 0
0.37747275507375344 0.3978948216765343 0
0.35883970198312803 0.37518461034708445 0
0.33911604961895264 0.37858918666423663 0
0.3518439095118145 0.38036339383079143 0
0.3414562059358425 0.36317767809057433 0
0.2979816525784184 0.37964069980119014 0
0.3264034290073136 0.36259235205923257 0
0.41237395710505415 0.4829312142794717 0
0.452187645226882 0.4380246077740499 0
0.34723145535466143 0.30674515209717607 0
0.3704234857795581 0.1665571099154251 0
0.3476065939371832 0.17340563197175238 0
0.3415800093408945 0.1683058331498591 0
0.3287883882692858 0.1724224800750179 0
0.3348710562441657 0.17598741256476247 0
0.34226277171647745 0.18914122296971916 0
0.3509386897366412 0.1881355971407423 0
0.33617662977384816 0.19211786385021157 0
0.3548412348130536 0.11645911758393909 0
0.34517184626636727 0.14783632776283212 0
0.34022022974760313 0.13134938349104958 0
0.35207410839122893 0.14723574299136696 0
0.385053416758089 0.15476487910689174 0
0.37436479333895345 0.15455009415285725 0
0.3738482798957432 0.14886728670591665 0
0.3787454069624326 0.14584051422274832 0
0.3844148701709831 0.14829847380424035 0
0.36431521018050295 0.14558395829209844 0
0.3749767599664714 0.16337024490304286 0
0.20403185192286663 0.15814796872141135 0
0.21064405273213857 0.15341328562175205 0
0.20054076526797512 0.14627498851087367 0
0.19664711370472318 0.13902074181425797 0
0.1899014275966703 0.13227760417473358 0
0.21282146101552757 0.14511091420645292 0
0.16696794682919205 0.2200130181720543 0
0.1537172942898042 0.2242495243162841 0
0.3113669959577393 0.33915714398605723 0
0.13965124533164355 0.33784041766372747 0
0.13351743063190827 0.355932546889966 0
0.15467253736098635 0.3565867124940721 0
0.16088548190528618 0.3655913273519479 0
0.14994891683831982 0.37184627912848983 0
0.14181490753128526 0.37118661515063667 0
0.14679777662244323 0.3550380008271886 0
0.17332596420291174 0.3683887284340558 0
0.12670550213897225 0.4032548366305593 0
0.15231590548009138 0.18404351176098865 0
0.169443275158818 0.18309920566576476 0
0.16472306110797966 0.189034092639615 0
0.16033943933795963 0.14117249843204985 0
0.14294106195570272 0.15041244131652343 0
0.11175735741597999 0.22513912882134218 0
0.14614393260436476 0.30077560234245065 0
0.146893913929703 0.29376526091860605 0
0.1429620344546734 0.13124146867265313 0
0.14231173892371946 0.1362304806544584 0
0.15551896843677265 0.12214498612093566 0
0.15131333495018107 0.1258746356337151 0
0.1573419121826049 0.13150002689215434 0
0.1517945020138912 0.13073138545582105 0
0.14944632128205473 0.2786936948716401 0
0.13860104525248065 0.27548435043422337 0
0.13537947196914865 0.28443855023709774 0
0.1377568491230678 0.29120672637230516 0
0.12815087944971337 0.2695419629951632 0
0.1221822732216404 0.2881886636009888 0
0.1282236772449362 0.2803885712060192 0
0.38775144973451964 0.06813680259868986 0
0.40921054369898346 0.16539808023316324 0
0.4173526166938653 0.17013111095167718 0
0.1789029136139431 0.35331157379109157 0
0.09277284949210969 0.38643197275435087 0
0.3506106636541071 0.35344039480279416 0
0.41019628750441495 0.40009061185178224 0
0.33149162376792846 0.3799100866458097 0
0.22374523200702498 0.3251350919532273 0
0.22293342857096968 0.3135836167523047 0
0.34835295164663754 0.2989441688702732 0
0.35292149708882176 0.17972599111859375 0
0.3480815161551459 0.16636305450300234 0
0.3362542068839828 0.16256189327476986 0
0.3308290513346031 0.16601351261992003 0
0.3475031106346939 0.15215463016219805 0
0.37038137006848243 0.15684449015771315 0
0.3652813074367666 0.15491726537430764 0
0.36934636292173506 0.15234125810240204 0
0.3835210579994827 0.1429997865067913 0
0.18351500831341397 0.13252570239777275 0
0.17989636575414145 0.13875238156296968 0
0.19303497797827246 0.1465233930656203 0
0.18748256642550895 0.13980313074844136 0
0.19695576786217875 0.13050353202624995 0
0.2991672555106758 0.3678403651064593 0
0.3095690387189188 0.3546667608749933 0
0.19163896197750727 0.3847835423468413 0
0.13089206807245926 0.36316902392991496 0
0.16627317999124663 0.3548323948351648 0
0.14246803094807356 0.360543710318884 0
0.16982189679080895 0.3730489917475132 0
0.11589429705173636 0.38208397468089617 0
0.08939807052749825 0.40373708345514864 0
0.18578220248191535 0.1610647171945194 0
0.16934647929067648 0.17143992169642697 0
0.16229895437937866 0.17229298778859484 0
0.1728694759109537 0.190317734017364 0
0.1812468152698052 0.19257476669719054 0
0.1751342935374828 0.18336524228749573 0
0.08922756489566543 0.3939362593924559 0
0.40483047426173785 0.390657278926706 0
0.3715700826323736 0.4006789473331945 0
0.3785697904089607 0.4071946310720868 0
0.2368249999019205 0.32052322883524126 0
0.35732057176137805 0.3132678292573733 0
0.33553164688983944 0.17015987435474444 0
0.3433250314325246 0.16177626142891022 0
0.3335331744913316 0.19955795917562535 0
0.3740277095454094 0.1592294061865232 0
0.19898267743306539 0.1696521071754546 0
0.18291220633513128 0.15585460362821157 0
0.18660073088701287 0.14760443129657871 0
0.18193205412042662 0.14428029567678077 0
0.17647190790647818 0.14689504800795214 0
0.17838808629814154 0.14278269532158522 0
0.3086523681608953 0.36251950739408256 0
0.16116575882410802 0.3550603763034472 0
0.13764118941949116 0.36633154797179307 0
0.12801348876371782 0.37069788086026495 0
0.1425923966483779 0.2847224254547221 0
0.1105704267963489 0.4050031521118431 0
0.10066818513012621 0.4067300296722092 0
0.08133541230961432 0.3976612439903803 0
0.4051456285594478 0.395578761845556 0
0.3381836194215251 0.3871208195773456 0
0.3788026677463415 0.15868143426267964 0
0.19764981950100774 0.15192329337268323 0
0.18196995097326968 0.1505679744611466 0
0.3033741658423915 0.35752912172556284 0
0.13690211463733962 0.3606504162265254 0
0.18888747251559582 0.15343640031523484 0
0.19438423543952948 0.1602855052056276 0
0.5 0.3578887858098597 1
0.0 0.1083248101063474 1
0.5 0.42166085289022764 1
0.0 0.32899767580907185 1
0.35822774044571226 0.0 1
0.5 0.1731468206295366 1
0.31031315511958774 0.3028344835937533 0
0.3165478518996525 0.29775829527499464 0
0.324714710016723 0.3102637192241011 0
0.3220362368010968 0.30468801214178926 0
0.179935636322877 0.10828552208472852 0
0.09320439586691567 0.18864589149745692 0
0.1311318810042205 0.08650674133932558 0
0.12721966628279022 0.06425664438337836 0
0.11462182284909972 0.0543432757072132 0
0.12892348670222997 0.09329333559924283 0
0.12304940689487166 0.08791327398766545 0
0.13927290746165333 0.08428147216875845 0
0.3392083270316718 0.3233312683883324 0
0.33531016782768003 0.3349832356614933 0
0.29192447656066167 0.1819220314077872 0
0.2892448865733369 0.17303874431694455 0
0.33803385107395795 0.33124272049289216 0
0.31485367566966616 0.31213336759467264 0
0.3350172499031 0.32196035447500404 0
0.3278968857503954 0.3167773853773866 0
0.32781229627003095 0.32049825643053304 0
0.12141136909774979 0.1421343377791951 0
0.09070531103769772 0.12241100484312399 0
0.11823805003886083 0.12158913440079268 0
0.11769535520723952 0.13578013976998882 0
0.0998497292512493 0.11889040924023109 0
0.1009193238102717 0.12941644138359867 0
0.10982248004243331 0.11603107419649791 0
0.10349849848888 0.10944856129744912 0
0.1219241923806235 0.1303464663703895 0
0.12618034265279193 0.0777613864238854 0
0.11021616314564116 0.09718389442084775 0
0.3040968553850034 0.2897497131248618 0
0.30814203660745926 0.29761695681125777 0
0.2974221307097755 0.16026589798997531 0
0.3194668806703842 0.3223687247944689 0
0.33073033860069523 0.33353974351452087 0
0.33407564592701794 0.3307861082455609 0
0.3357276658129348 0.3268148560779858 0
0.3264337068780031 0.32466390620622626 0
0.32701095756264176 0.3324872078818674 0
0.32039541880828054 0.32958940466011616 0
0.14838862329052777 0.15770297122900148 0
0.08621447137241778 0.16275933008784274 0
0.1085688813008462 0.13428698251096843 0
0.37412086896169133 0.3555004745246054 0
0.3543773325885027 0.3436026362893283 0
0.3561747612308134 0.1476274852995508 0
0.3176247981825332 0.18053105361510507 0
0.31740376484967797 0.1743333186815767 0
0.31331248370798104 0.3165614396879488 0
0.12426869633276491 0.14647821672818284 0
0.12151437540263141 0.32957661414433753 0
0.126832639580249 0.12450043758914402 0
0.35364214077191664 0.3394341937194864 0
0.3580216771250537 0.34082672194772407 0
0.35208009114081545 0.33431405345985943 0
0.3431266742863059 0.3326230480218449 0
0.36545475427338703 0.35346776593669516 0
0.36093102460926757 0.34779151936679265 0
0.3582553178418224 0.3456645029076767 0
0.352492466349656 0.3462018534737012 0
0.35722464875814575 0.3498755311405226 0
0.3530521227540013 0.11122339006295179 0
0.35589522537589857 0.13416894078749056 0
0.349679837381323 0.13008227323866411 0
0.3594559518355312 0.1259048976997413 0
0.31743281915048827 0.16791972888655904 0
0.31562218332693265 0.3240687141802714 0
0.3119694379112988 0.32933430318889295 0
0.3183934185620841 0.32640344027057316 0
0.29979027045868933 0.32071039793350303 0
0.30509806956193475 0.3215440883561181 0
0.3013102841666628 0.3259065142195936 0
0.30514943033639497 0.3261157943377738 0
0.31166996301283983 0.32552037500540076 0
0.09405685835615223 0.09887452081507557 0
0.1016927114910669 0.09191823683420942 0
0.14534022013665154 0.10633653597632267 0
0.13186884664466164 0.10327713218830906 0
0.34972773919114925 0.36704332705051024 0
0.32323555212769384 0.1770532728120056 0
0.3222246517415498 0.18490011722306257 0
0.35420349155233055 0.12934166274832687 0
0.35478571240467416 0.12257003359890091 0
0.31635690417789963 0.3293981569483095 0
0.14667896238234332 0.11838284583235015 0
0.14203236142524073 0.12113041110900319 0
0.3494108023410462 0.35110531570278797 0
0.35260990471485776 0.3499198717824433 0
0.26891543555330394 0.13164567324441784 0
0.3723959148665424 0.12227358530416707 0
0.2903399676105614 0.11082484495452156 0
0.3301248062819054 0.3093450508024589 0
0.2984535620100362 0.1527282925266986 0
0.3200656116642982 0.16406804605960074 0
0.31765798343077556 0.31524499802614897 0
0.33947263755013346 0.33621560341469237 0
0.324527219539944 0.3172537108888675 0
0.3233634539125835 0.32147628603071704 0
0.33116837123161874 0.3235656491656636 0
0.1458178678870359 0.1540783983219205 0
0.15007645596378166 0.15391403491331232 0
0.10963697633076949 0.12491442932171015 0
0.31155683798451833 0.32129122210376737 0
0.3498300645701365 0.33891413870690623 0
0.3462196240108569 0.1336933382840303 0
0.3143838581699418 0.33386547198000627 0
0.30853282407562077 0.32847045027254934 0
0.2766657269260053 0.1344776935746146 0
0.3200935522307654 0.31858348700489547 0
0.2720935532994678 0.1506818352502112 0
0.09980182341302211 0.1434594160882745 0
0.10020046894446352 0.3467899877725694 0
0.15326321370072402 0.08600214985161156 0
0.15950927748124397 0.08432001566695328 0
0.155553594239135 0.07740362505379167 0
0.2901745739354137 0.19156622779916616 0
0.19700965525117933 0.0959060344716926 0
0.3229812051663003 0.3147899356045352 0
0.08834192916285676 0.3358305675454452 0
0.17007990353156538 0.11698921896439304 0
0.16639476022354588 0.10612787536058502 0
0.17126355563884146 0.11033471946478397 0
0.16597265799502395 0.09785968849875888 0
0.29609098229751063 0.2909467819801001 0
0.45642691683835585 0.21454535337492156 0
0.3106931452301496 0.11447647283943486 0
0.3163013710002174 0.10908211982611427 0
0.1880406754427164 0.11218872561202187 0
0.16119789791764438 0.30382438885073326 0
0.1567577601634799 0.3039246924924453 0
0.40228237145635515 0.3445619617088193 0
0.40101091304961933 0.3737703286314968 0
0.4434292259592803 0.41090004153418314 0
0.2042269673527879 0.2844350535907189 0
0.3735948566040441 0.11700758974974222 0
0.3024597634998254 0.12925858437362467 0
0.2846067754919799 0.09062451616895316 0
0.2045922445987404 0.11887152253162397 0
0.31018163649022873 0.3140514836646206 0
0.17352076422295112 0.12094342837577465 0
0.15935885736736718 0.10898949647807309 0
0.3544751045265195 0.3255698727815444 0
0.3069003344757939 0.31345688572158587 0
0.08481294920149904 0.08350526073305825 0
0.4064684440109435 0.33504372393519166 0
0.33706932334227263 0.18010945295064132 0
0.13720927504606684 0.12451739064775863 0
0.1337702169469231 0.11687899134237045 0
0.1297674735968051 0.12057604680501958 0
0.13318520370660408 0.1246316079325048 0
0.13751015221641283 0.11974197000305793 0
0.3968733956021707 0.3974359608511234 0
0.32679437367557657 0.35646110151814225 0
0.35150716506025903 0.3104345656930661 0
0.3922559269904112 0.3955513831078075 0
0.2822151953992286 0.30804614721906265 0
0.2027545082702713 0.08934276666434877 0
0.24920967310218703 0.13742274976236002 0
0.1430610442104386 0.04503491224254982 0
0.15885932153256818 0.31684753968743207 0
0.3056041123839744 0.1886369665090869 0
0.0988931236028093 0.14616392742812132 0
0.4052072573646464 0.20639294941219358 0
0.16310599785848115 0.3134473147060835 0
0.3954091768590569 0.17409815785099844 0
0.3331522528056173 0.10484770763320503 0
0.1512876709193161 0.30719125662784114 0
0.16601353442619182 0.3225419850253054 0
0.10768949377237645 0.3467553317571252 0
0.20222237697545423 0.05729979109936577 0
0.4187021701863835 0.15084359963676136 0
0.1984794354200251 0.3528370220789514 0
0.3652651910055941 0.1842940673755286 0
0.33660128001617906 0.2492117281492031 0
0.1809883903153816 0.3790342632878191 0
0.14830893418699434 0.31897945145825807 0
0.1547623497293294 0.32139992463283035 0
0.16890755855945913 0.3198483113577113 0
0.0403684831739838 0.3556061897907933 0
0.1921091160309091 0.3519079979214879 0
0.18019097199611403 0.3176997816876932 0
0.4058649932317582 0.4238159807224189 0
0.44491333348935236 0.4189357716271326 0
0.453481437380616 0.19905547160018566 0
0.19230602007745037 0.2009617254339412 0
0.1486286717942444 0.3246393903737149 0
0.1638033130524973 0.33940728620772065 0
0.056356573977151714 0.13618351519111094 0
0.1619779458760061 0.2906623962715215 0
0.14511784331275102 0.34836115560381853 0
0.0479562012306558 0.1262470402196839 0
0.15239603023356907 0.3451913138933356 0
0.19889684294774757 0.38299714380576827 0
0.1358094842824677 0.377359646949728 0
0.13296645028250167 0.36808307686425623 0
0.3016201856533765 0.2956783854599048 0
0.32499533807525993 0.3290729155104027 0
0.35400442856489844 0.13764333906982865 0
0.18150989968048004 0.11504783256974785 0
0.39198550596477966 0.4206027971336067 0
0.31033342068830416 0.3449079142728023 0
0.5 0.05708773753739398 1
0.19414390905263465 0.08503258589741564 0
0.29326375480728395 0.09261414128724495 0
0.3217754813806278 0.35926713774260405 0
0.3324548567487987 0.3603183851570969 0
0.16428888746012169 0.31779795604345534 0
0.15141027462453563 0.3284144198280708 0
0.15951683243776726 0.28707419414513186 0

Edges
72
1 119 1
1 122 1
2 143 1
2 144 1
3 159 1
3 166 1
4 97 1
4 168 1
5 78 1
5 129 1
6 68 1
6 151 1
7 88 1
7 91 1
8 110 1
8 115 1
9 167 1
9 1792 1
10 90 1
10 98 1
18 180 1
18 340 1
19 68 1
19 1794 1
24 145 1
24 1793 1
25 77 1
25 78 1
26 118 1
26 130 1
29 165 1
29 234 1
30 88 1
30 89 1
31 90 1
31 91 1
35 97 1
35 98 1
37 109 1
37 1790 1
41 109 1
41 110 1
44 115 1
44 1792 1
45 118 1
45 119 1
46 122 1
46 123 1
49 129 1
49 130 1
54 144 1
54 145 1
56 160 1
56 1789 1
58 150 1
58 151 1
62 159 1
62 1791 1
63 166 1
63 370 1
64 167 1
64 168 1
77 1793 1
89 234 1
123 1790 1
142 340 1
142 1998 1
143 1998 1
150 1789 1
160 1791 1
165 370 1
180 1794 1

Triangles
3936
3 633 159 0
5 78 305 0
5 305 889 0
6 151 620 0
6 602 68 0
7 87 88 0
7 91 476 0
8 107 274 0
8 861 115 0
9 146 614 0
9 1792 1177 0
10 98 100 0
11 941 1226 0
11 947 1481 0
12 210 408 0
13 374 653 0
13 582 454 0
13 1930 374 0
14 389 404 0
14 1302 405 0
15 672 990 0
15 903 1448 0
16 176 191 0
16 191 178 0
16 666 176 0
17 152 353 0
17 155 71 0
17 912 400 0
18 180 1307 0
19 68 183 0
20 335 1003 0
20 593 1980 0
20 679 335 0
21 681 407 0
21 1010 681 0
22 202 1885 0
22 306 315 0
23 187 212 0
23 198 1912 0
23 212 443 0
23 685 187 0
24 145 322 0
24 322 897 0
25 77 80 0
25 80 208 0
25 208 78 0
26 125 562 0
26 130 309 0
27 254 877 0
27 888 1999 0
28 174 224 0
28 224 1952 0
30 88 162 0
30 162 369 0
31 90 236 0
31 92 479 0
32 240 1094 0
32 249 250 0
32 250 502 0
33 244 612 0
33 277 1908 0
35 248 98 0
36 100 248 0
36 101 238 0
36 248 501 0
36 251 503 0
37 557 116 0
38 288 556 0
38 556 879 0
38 879 1907 0
38 1907 1958 0
39 256 522 0
39 264 754 0
39 522 847 0
39 754 1068 0
40 268 272 0
40 272 273 0
41 109 529 0
42 111 114 0
42 114 284 0
44 545 1792 0
45 118 292 0
46 122 295 0
47 560 310 0
47 1806 1801 0
48 127 291 0
48 128 874 0
48 292 300 0
49 129 1617 0
49 1189 1183 0
49 1617 1189 0
50 304 305 0
50 305 208 0
50 321 134 0
51 328 331 0
51 331 896 0
51 1443 585 0
52 323 598 0
52 329 589 0
52 589 898 0
53 599 909 0
54 144 1221 0
55 146 547 0
55 147 925 0
55 342 343 0
55 547 147 0
56 160 361 0
57 354 355 0
57 355 615 0
57 356 354 0
57 360 619 0
58 59 151 0
60 346 381 0
60 350 352 0
60 352 625 0
60 625 626 0
61 358 1291 0
61 978 1290 0
61 1290 1489 0
62 159 371 0
62 371 977 0
63 650 166 0
64 373 169 0
65 660 661 0
65 661 1852 0
65 1811 1833 0
66 176 395 0
66 409 189 0
67 17 71 0
67 401 912 0
69 1002 674 0
70 601 1959 0
71 155 351 0
71 407 67 0
72 189 409 0
72 190 199 0
72 199 422 0
72 409 685 0
73 194 414 0
73 203 429 0
73 412 1906 0
74 699 1322 0
74 1322 1327 0
75 421 1809 0
75 424 702 0
75 1809 1810 0
76 202 577 0
76 428 1904 0
76 577 891 0
77 209 80 0
79 205 595 0
79 595 695 0
79 1034 434 0
80 209 437 0
81 193 213 0
81 213 741 0
81 214 412 0
81 741 1954 0
82 569 885 0
83 218 463 0
83 463 757 0
84 221 377 0
84 377 655 0
85 230 758 0
85 387 1992 0
86 380 1814 0
86 1814 1893 0
87 7 476 0
87 162 88 0
87 232 163 0
89 30 369 0
89 369 1242 0
90 10 93 0
90 93 481 0
91 31 479 0
92 31 236 0
92 776 237 0
93 10 100 0
93 100 238 0
94 486 1377 0
94 785 786 0
95 244 798 0
95 495 1222 0
95 800 495 0
96 278 1122 0
96 497 1120 0
97 4 168 0
99 35 97 0
99 169 34 0
100 36 238 0
100 98 248 0
101 36 503 0
101 1139 250 0
102 829 1936 0
102 1916 1918 0
102 1995 829 0
103 1839 1819 0
104 1068 458 0
104 1070 756 0
105 260 523 0
105 261 515 0
105 523 524 0
105 524 525 0
106 260 262 0
106 262 516 0
106 516 517 0
106 517 521 0
106 521 752 0
107 8 110 0
107 110 270 0
107 273 274 0
108 268 870 0
108 528 530 0
108 870 1800 0
109 37 116 0
110 41 270 0
111 282 538 0
111 851 1165 0
112 276 534 0
112 277 1915 0
112 534 1122 0
113 1168 852 0
114 111 538 0
114 281 862 0
115 540 44 0
116 529 109 0
116 1610 287 0
117 288 872 0
117 551 1984 0
118 26 562 0
119 45 120 0
119 120 295 0
119 122 1 0
120 45 292 0
120 291 295 0
121 294 873 0
121 866 867 0
121 873 1178 0
122 119 295 0
123 46 553 0
124 296 1181 0
124 565 1909 0
124 1909 1910 0
124 1919 296 0
125 26 309 0
125 298 1803 0
125 300 562 0
125 1955 298 0
126 301 880 0
126 303 566 0
126 566 883 0
126 1826 303 0
127 48 874 0
127 294 553 0
127 1432 873 0
128 48 300 0
128 300 1803 0
128 567 1187 0
129 5 889 0
130 49 1183 0
130 1183 309 0
131 310 560 0
131 890 1911 0
132 205 718 0
132 313 726 0
133 315 318 0
133 318 580 0
134 304 50 0
134 580 319 0
135 323 592 0
135 598 323 0
136 325 327 0
136 327 1000 0
137 329 333 0
137 587 899 0
137 589 329 0
138 594 1444 0
138 697 330 0
138 1018 1022 0
139 332 334 0
139 334 692 0
139 909 599 0
140 679 1921 0
140 1208 679 0
141 606 913 0
141 652 982 0
141 913 1454 0
142 610 1998 0
143 610 1221 0
144 2 143 0
144 143 1221 0
145 54 586 0
146 9 1177 0
146 55 343 0
146 343 614 0
146 1177 1975 0
148 34 373 0
148 927 34 0
149 632 957 0
150 935 58 0
152 59 624 0
153 346 944 0
153 618 621 0
154 348 351 0
154 350 382 0
154 352 350 0
155 17 353 0
155 352 351 0
155 353 623 0
155 623 352 0
156 948 1266 0
156 960 1267 0
156 1266 960 0
157 56 361 0
157 344 934 0
157 934 1789 0
158 344 359 0
158 359 1255 0
158 1256 632 0
161 638 1274 0
161 641 638 0
162 87 163 0
162 163 164 0
163 643 647 0
163 647 972 0
164 163 972 0
164 368 627 0
164 369 162 0
164 1242 369 0
165 29 945 0
166 650 633 0
167 9 614 0
167 373 64 0
168 64 169 0
169 97 168 0
169 99 97 0
169 373 34 0
170 377 1219 0
170 378 656 0
171 380 1888 0
171 405 985 0
171 475 380 0
172 469 761 0
172 474 1831 0
173 346 384 0
173 384 662 0
173 662 984 0
174 28 221 0
174 221 222 0
175 389 1796 0
175 1006 1007 0
176 66 189 0
176 189 191 0
177 391 395 0
177 394 665 0
177 395 684 0
178 179 184 0
178 191 411 0
178 390 16 0
179 406 184 0
179 411 686 0
179 667 406 0
180 674 1307 0
180 1794 674 0
181 593 20 0
182 69 183 0
182 183 1980 0
182 1001 1002 0
183 68 602 0
183 69 19 0
183 602 1921 0
184 390 178 0
184 681 1010 0
184 1010 1970 0
185 14 404 0
185 404 1005 0
185 1726 1302 0
186 67 407 0
186 398 401 0
186 399 398 0
186 401 67 0
186 407 681 0
187 210 731 0
187 211 212 0
188 66 391 0
188 408 410 0
189 422 191 0
190 23 1912 0
190 72 685 0
191 703 411 0
192 203 1906 0
192 214 1885 0
192 1885 1904 0
193 81 412 0
193 412 414 0
193 414 446 0
194 73 201 0
194 201 426 0
194 443 1048 0
195 1324 1732 0
195 1765 1676 0
196 900 1195 0
196 1021 691 0
196 1195 1446 0
196 1446 1886 0
196 1886 1931 0
197 698 1026 0
197 700 1535 0
197 1538 1015 0
198 23 443 0
199 190 420 0
199 420 1957 0
200 706 1555 0
200 709 713 0
201 73 429 0
201 427 1810 0
202 22 315 0
202 76 1904 0
203 73 1906 0
203 192 428 0
203 428 430 0
204 891 1932 0
205 79 434 0
205 132 314 0
205 330 595 0
206 434 720 0
206 720 892 0
207 724 1035 0
207 1014 1317 0
208 80 437 0
208 305 78 0
208 437 726 0
209 77 1793 0
209 1793 897 0
210 12 441 0
210 187 410 0
211 730 442 0
211 733 212 0
213 193 413 0
214 22 1885 0
214 81 1954 0
214 192 412 0
215 82 307 0
215 451 742 0
216 82 1055 0
216 450 569 0
216 744 1934 0
217 749 1566 0
217 753 821 0
218 83 920 0
218 225 463 0
219 608 83 0
220 392 386 0
220 729 651 0
221 28 376 0
221 84 222 0
221 376 377 0
222 84 385 0
222 1920 174 0
223 230 1795 0
223 472 1812 0
223 1795 1796 0
223 1796 1798 0
224 174 387 0
224 225 1952 0
224 387 464 0
225 218 1952 0
225 224 464 0
225 464 1077 0
226 1279 1280 0
226 1509 1473 0
227 468 1471 0
227 763 1075 0
227 1892 468 0
228 607 219 0
228 1084 1087 0
228 1087 607 0
228 1367 1084 0
229 14 405 0
229 389 14 0
229 405 1888 0
229 1797 1798 0
230 85 1795 0
230 223 1812 0
230 1812 1935 0
230 1935 1939 0
231 474 1083 0
231 769 1353 0
231 1353 1568 0
232 87 233 0
232 643 163 0
233 87 476 0
234 1242 1244 0
234 1244 29 0
235 232 233 0
235 642 643 0
235 772 642 0
236 90 481 0
236 481 776 0
237 479 92 0
237 482 489 0
237 489 1095 0
237 1095 479 0
238 775 93 0
239 243 490 0
239 490 491 0
239 491 793 0
239 793 1106 0
240 32 242 0
240 242 492 0
240 487 1368 0
241 784 787 0
241 787 788 0
242 32 502 0
242 1140 492 0
243 239 486 0
243 487 492 0
243 492 490 0
244 33 246 0
244 95 924 0
245 497 1170 0
245 1170 1847 0
246 33 1908 0
246 1908 1965 0
247 811 1133 0
247 1129 1983 0
247 1133 1129 0
248 35 99 0
248 99 501 0
249 32 483 0
249 101 250 0
249 238 101 0
249 483 775 0
249 775 238 0
250 1139 502 0
251 36 501 0
252 506 1152 0
252 825 1182 0
254 27 739 0
254 559 877 0
255 103 513 0
255 259 1958 0
255 879 1839 0
256 39 1068 0
256 104 527 0
256 527 1164 0
256 1164 269 0
257 511 1163 0
257 1350 258 0
258 511 257 0
259 255 513 0
259 525 865 0
259 548 1958 0
260 105 262 0
260 106 264 0
261 259 513 0
261 525 259 0
262 105 515 0
262 515 1158 0
263 838 1413 0
264 106 752 0
264 752 754 0
264 847 260 0
265 519 844 0
265 844 846 0
265 846 1404 0
266 267 523 0
266 269 528 0
266 523 847 0
266 528 1800 0
267 266 1800 0
267 870 871 0
267 871 524 0
268 40 526 0
268 108 530 0
268 271 272 0
268 526 869 0
268 869 870 0
269 266 522 0
269 522 256 0
269 1164 1418 0
271 268 530 0
271 530 1166 0
272 271 531 0
273 42 274 0
273 107 270 0
273 270 40 0
273 531 42 0
274 42 284 0
274 284 861 0
275 1165 1417 0
276 112 543 0
276 543 863 0
276 852 534 0
277 33 541 0
277 112 278 0
277 278 1908 0
277 541 542 0
277 542 1915 0
278 96 1965 0
278 112 1122 0
279 113 533 0
279 283 539 0
279 1172 113 0
280 853 1167 0
280 1171 853 0
280 1421 1173 0
281 114 538 0
281 283 43 0
282 275 537 0
282 1165 275 0
283 279 43 0
283 281 538 0
283 860 1424 0
284 114 862 0
284 862 1176 0
284 1176 861 0
285 286 542 0
285 541 864 0
285 544 286 0
285 547 546 0
286 544 1609 0
286 1609 543 0
288 38 548 0
288 117 554 0
288 548 872 0
288 554 556 0
289 40 270 0
289 529 850 0
289 850 848 0
290 123 553 0
290 294 867 0
290 867 557 0
290 1790 123 0
291 292 48 0
292 291 120 0
292 562 300 0
293 555 1871 0
294 121 867 0
294 290 553 0
295 291 553 0
296 1180 1181 0
296 1917 1937 0
297 302 1804 0
297 875 302 0
297 1801 1806 0
299 131 560 0
299 298 1955 0
299 561 131 0
299 1802 298 0
300 125 1803 0
301 126 883 0
301 883 1186 0
301 1186 1818 0
301 1818 1822 0
302 566 1804 0
302 1874 566 0
303 884 1805 0
303 1804 566 0
304 134 319 0
305 304 889 0
306 215 307 0
306 320 318 0
306 451 215 0
307 82 885 0
307 885 886 0
307 886 320 0
308 570 1953 0
308 571 1966 0
308 1953 1999 0
309 878 1955 0
309 1183 878 0
310 131 311 0
311 131 1911 0
311 1806 310 0
312 574 1910 0
312 1910 1911 0
313 206 578 0
313 321 726 0
313 718 206 0
314 132 438 0
314 330 205 0
314 438 439 0
315 133 316 0
315 306 318 0
316 133 1040 0
316 202 315 0
316 577 202 0
317 134 321 0
317 578 1933 0
317 580 134 0
318 320 580 0
319 579 304 0
319 580 320 0
320 306 307 0
321 50 208 0
321 208 726 0
322 145 586 0
322 1443 1620 0
323 327 592 0
323 898 327 0
324 904 1196 0
324 1196 1197 0
324 1203 905 0
325 908 1967 0
325 1451 908 0
326 181 675 0
326 593 181 0
326 675 1451 0
326 1451 136 0
327 325 592 0
327 898 1308 0
328 137 331 0
328 585 611 0
328 611 587 0
329 52 332 0
329 332 333 0
330 314 594 0
330 594 138 0
331 137 333 0
331 333 597 0
332 52 598 0
332 599 333 0
334 332 598 0
334 598 600 0
334 600 1207 0
336 914 1968 0
336 1968 1976 0
337 338 653 0
338 337 604 0
338 498 653 0
338 604 1456 0
338 605 918 0
339 606 982 0
339 982 1724 0
341 142 340 0
341 340 588 0
342 148 343 0
342 1633 148 0
343 148 373 0
343 373 614 0
344 157 358 0
344 360 934 0
345 618 944 0
345 928 1225 0
345 944 1470 0
346 60 626 0
346 153 384 0
346 173 381 0
346 626 944 0
347 621 933 0
347 938 1231 0
348 21 407 0
348 154 349 0
348 403 21 0
348 407 351 0
349 382 1241 0
349 1241 942 0
350 60 381 0
350 659 382 0
352 154 351 0
352 623 625 0
353 152 624 0
353 355 943 0
353 943 623 0
355 353 624 0
356 57 149 0
356 149 932 0
356 932 1941 0
356 1230 354 0
357 629 1254 0
357 630 629 0
357 1254 1644 0
357 1644 1928 0
358 359 344 0
359 61 1489 0
359 358 61 0
360 158 619 0
360 344 158 0
360 935 934 0
361 160 649 0
361 358 157 0
362 363 628 0
362 646 364 0
362 1243 627 0
363 362 364 0
363 634 959 0
364 366 161 0
364 634 363 0
365 965 1281 0
365 966 1511 0
365 1281 1505 0
366 640 967 0
366 641 161 0
367 968 1654 0
367 971 1283 0
367 1654 971 0
367 1723 644 0
368 164 972 0
368 646 362 0
370 165 1655 0
370 1294 63 0
371 974 648 0
372 648 1656 0
372 978 1292 0
372 1297 1979 0
372 1656 1297 0
373 167 614 0
374 375 653 0
375 337 653 0
375 652 337 0
375 983 1522 0
376 28 654 0
376 654 919 0
376 919 1219 0
377 376 1219 0
378 1219 1523 0
379 171 985 0
379 660 1807 0
379 1807 1813 0
380 86 1797 0
380 475 1814 0
381 173 659 0
382 349 154 0
382 1761 1526 0
383 661 1938 0
383 662 937 0
383 1233 1851 0
384 621 1231 0
385 664 222 0
386 84 655 0
386 385 84 0
386 392 393 0
386 655 220 0
386 665 385 0
387 85 464 0
387 174 1920 0
389 175 404 0
389 229 1798 0
390 184 1970 0
391 66 395 0
392 220 12 0
392 408 391 0
393 177 665 0
393 391 177 0
393 392 391 0
394 177 684 0
394 385 665 0
394 664 385 0
394 684 1008 0
395 176 666 0
395 666 1009 0
396 670 992 0
396 992 1727 0
396 994 998 0
396 1551 994 0
397 677 1004 0
398 601 401 0
398 1959 601 0
399 186 406 0
399 406 667 0
399 667 668 0
399 668 402 0
400 152 17 0
400 620 152 0
401 601 1208 0
402 397 680 0
402 398 399 0
402 671 397 0
402 680 1959 0
403 348 349 0
403 349 942 0
403 1010 21 0
404 175 1007 0
405 171 1888 0
406 186 681 0
406 681 184 0
407 71 351 0
408 188 391 0
408 210 410 0
408 392 12 0
409 66 188 0
409 410 685 0
410 187 685 0
410 409 188 0
411 179 178 0
411 703 1764 0
412 73 414 0
412 192 1906 0
413 193 446 0
413 740 213 0
414 194 1048 0
415 74 1327 0
416 139 692 0
416 692 900 0
417 694 693 0
417 1018 694 0
417 1021 1019 0
418 695 697 0
418 697 1549 0
418 1012 1313 0
418 1549 1858 0
419 701 1044 0
420 190 1912 0
420 421 1957 0
421 75 702 0
421 420 1809 0
421 702 1031 0
421 1030 1957 0
422 189 72 0
422 199 1027 0
422 1027 1028 0
423 425 707 0
423 707 1024 0
423 1024 1554 0
424 75 427 0
424 427 1829 0
424 709 1023 0
425 423 706 0
425 706 708 0
425 708 714 0
426 201 1810 0
426 443 194 0
426 1809 198 0
427 75 1810 0
427 429 711 0
427 711 1829 0
428 192 1904 0
428 432 430 0
429 427 201 0
429 430 711 0
430 429 203 0
430 432 710 0
430 710 1889 0
431 708 713 0
431 712 716 0
431 713 1032 0
432 76 891 0
432 204 710 0
432 428 76 0
433 715 1337 0
434 206 718 0
434 718 205 0
435 720 1923 0
435 722 892 0
436 724 1317 0
436 725 1041 0
436 1041 1558 0
436 1317 1540 0
437 438 726 0
437 439 438 0
438 132 726 0
439 209 897 0
439 437 209 0
439 1620 1194 0
440 378 657 0
440 656 378 0
440 729 656 0
440 1341 729 0
441 12 651 0
441 731 210 0
442 444 445 0
442 445 211 0
443 212 733 0
443 426 198 0
443 733 1048 0
444 442 447 0
444 447 1051 0
446 414 1048 0
446 445 444 0
446 732 413 0
446 1048 445 0
448 413 732 0
448 732 1052 0
448 743 740 0
448 1050 1053 0
448 1052 1050 0
449 735 1343 0
449 738 1051 0
449 1063 748 0
449 1343 738 0
450 216 830 0
450 739 1913 0
450 1913 1953 0
451 22 214 0
451 214 1954 0
451 306 22 0
451 741 742 0
452 511 512 0
452 512 1060 0
453 581 745 0
453 745 747 0
453 747 1298 0
454 453 1298 0
454 981 1930 0
455 1073 1066 0
456 749 822 0
456 822 1146 0
457 752 755 0
457 753 1068 0
457 755 1600 0
458 753 217 0
459 461 462 0
459 1061 1347 0
459 1064 461 0
460 447 730 0
460 728 734 0
460 730 727 0
460 734 447 0
460 1071 728 0
462 461 1565 0
462 1073 1046 0
463 225 766 0
463 470 757 0
463 766 470 0
464 85 758 0
464 758 1077 0
465 658 761 0
465 761 1075 0
466 764 1076 0
466 1509 1515 0
466 1515 1652 0
466 1652 760 0
467 1238 941 0
468 1234 1471 0
469 172 1808 0
469 227 1075 0
469 1808 1892 0
470 766 1355 0
470 1080 1356 0
471 228 765 0
471 1078 1086 0
471 1086 1367 0
471 1367 228 0
472 223 1798 0
472 1797 1914 0
473 1830 1894 0
473 1834 1993 0
473 1836 1865 0
474 172 658 0
474 231 771 0
474 658 1083 0
474 771 1835 0
475 171 379 0
475 379 1813 0
475 1813 1895 0
476 91 479 0
476 479 480 0
476 480 233 0
477 1572 1285 0
478 233 480 0
478 235 233 0
479 1095 480 0
480 1369 478 0
481 93 775 0
481 778 776 0
482 237 776 0
482 776 778 0
482 777 1110 0
483 777 778 0
483 1094 777 0
484 780 1098 0
484 1099 781 0
485 783 1374 0
485 1100 1107 0
485 1107 1376 0
486 239 1106 0
486 487 243 0
486 1106 1377 0
487 94 786 0
487 240 492 0
487 486 94 0
487 786 1368 0
489 482 1110 0
489 787 1095 0
490 492 1140 0
490 1140 1596 0
491 790 793 0
493 791 792 0
493 816 814 0
493 1108 1378 0
494 789 797 0
494 1397 1593 0
495 800 1114 0
496 1687 1744 0
497 245 1119 0
498 13 653 0
498 582 13 0
499 584 918 0
500 811 1382 0
500 1134 1982 0
500 1382 1578 0
500 1578 1134 0
500 1982 2004 0
501 34 251 0
501 99 34 0
502 1594 817 0
503 251 926 0
503 926 1224 0
504 1160 1398 0
504 1409 1698 0
505 1143 1145 0
505 1145 1697 0
505 1695 1143 0
506 252 1182 0
506 876 1916 0
507 828 1151 0
508 828 1410 0
508 1401 1149 0
509 829 1995 0
509 830 1344 0
509 1344 1560 0
510 839 1415 0
510 1415 1846 0
511 258 512 0
511 532 1163 0
512 1065 835 0
513 103 514 0
513 836 261 0
514 103 1816 0
515 261 836 0
515 836 1158 0
516 262 1158 0
517 519 521 0
517 841 840 0
518 842 1416 0
518 845 1837 0
518 1837 1897 0
519 263 843 0
519 265 521 0
519 840 263 0
519 843 844 0
520 1416 1606 0
521 265 1069 0
522 266 847 0
523 260 847 0
523 267 524 0
525 261 105 0
526 40 289 0
526 289 848 0
526 848 869 0
527 104 756 0
527 849 1164 0
528 108 1800 0
528 269 1418 0
528 1418 530 0
529 116 287 0
529 270 41 0
529 287 850 0
529 289 270 0
531 271 1166 0
531 273 272 0
532 275 1417 0
532 452 858 0
532 511 452 0
532 858 275 0
533 43 279 0
533 113 852 0
533 863 43 0
534 852 854 0
534 854 1122 0
535 853 1171 0
535 855 1847 0
536 113 1172 0
536 1167 1168 0
536 1172 1422 0
537 275 858 0
537 858 1713 0
537 860 282 0
538 282 860 0
539 1172 279 0
540 1176 545 0
541 33 612 0
541 285 542 0
542 286 543 0
542 543 1915 0
543 112 1915 0
543 1609 863 0
544 285 546 0
545 44 540 0
546 547 1975 0
546 1425 544 0
547 146 1975 0
547 285 864 0
547 864 147 0
548 38 1958 0
548 259 865 0
548 865 1838 0
549 293 1817 0
549 554 866 0
549 555 293 0
550 868 872 0
550 872 1838 0
551 117 872 0
551 1610 1984 0
552 551 868 0
553 46 295 0
553 291 127 0
554 117 866 0
554 549 1817 0
555 121 1178 0
555 549 121 0
556 554 1817 0
557 37 1790 0
557 867 1987 0
559 254 1799 0
559 1799 1918 0
559 1917 1919 0
560 1825 1802 0
561 299 1955 0
561 878 573 0
562 292 118 0
563 1818 1824 0
563 1819 1839 0
563 1839 1898 0
564 881 882 0
564 882 1824 0
564 1824 1848 0
564 1848 1946 0
565 297 1806 0
565 311 1909 0
565 1181 875 0
567 884 1187 0
567 1802 1825 0
568 293 1871 0
568 1823 293 0
568 1871 1872 0
569 82 216 0
569 570 885 0
569 1953 570 0
571 308 888 0
571 573 572 0
571 888 576 0
572 878 1189 0
572 1966 571 0
573 576 890 0
573 878 572 0
573 890 561 0
574 124 1910 0
574 312 575 0
574 575 877 0
574 877 1919 0
575 27 877 0
575 312 576 0
575 888 27 0
576 312 890 0
576 573 571 0
576 888 575 0
577 316 1887 0
578 206 892 0
578 317 321 0
578 321 313 0
578 892 2000 0
579 319 886 0
579 886 887 0
579 889 304 0
579 1433 889 0
580 1933 133 0
581 453 454 0
581 1062 745 0
582 581 454 0
582 584 1192 0
583 499 805 0
583 803 1925 0
583 805 1960 0
583 1436 499 0
584 582 498 0
584 1436 1192 0
585 328 51 0
585 1221 611 0
586 54 1221 0
586 585 1443 0
586 1443 322 0
587 137 328 0
587 341 899 0
587 611 610 0
588 340 18 0
589 673 898 0
590 324 1197 0
590 907 1203 0
590 1197 1452 0
591 904 905 0
591 1201 1449 0
592 325 1967 0
593 182 1980 0
593 326 1001 0
594 314 439 0
594 1194 1444 0
595 330 697 0
596 597 53 0
596 1716 896 0
598 135 600 0
599 53 597 0
599 332 139 0
599 597 333 0
600 135 910 0
601 70 335 0
602 140 1921 0
602 400 140 0
602 620 400 0
603 1214 1459 0
603 1459 1968 0
604 141 1454 0
604 652 141 0
604 1454 1456 0
605 338 1456 0
605 1455 1977 0
606 339 921 0
606 914 1209 0
606 921 914 0
607 1087 1218 0
608 219 607 0
608 607 1626 0
608 919 920 0
608 920 83 0
609 339 1463 0
609 1220 1628 0
609 1463 923 0
609 1628 921 0
610 142 341 0
610 143 1998 0
610 341 587 0
611 1221 610 0
612 244 613 0
612 613 1223 0
612 1223 925 0
613 244 924 0
613 924 1466 0
615 355 624 0
615 360 57 0
616 928 1468 0
616 930 1840 0
617 629 630 0
617 928 345 0
617 1470 1927 0
618 345 1225 0
619 149 57 0
619 632 149 0
620 59 152 0
620 151 59 0
620 602 6 0
621 347 1231 0
621 384 153 0
621 618 933 0
622 930 1226 0
622 941 1240 0
622 1840 930 0
624 935 615 0
625 623 943 0
625 943 1230 0
625 1230 1941 0
626 625 1941 0
626 1470 944 0
627 368 362 0
627 1244 1242 0
628 636 1259 0
629 617 1927 0
629 957 1254 0
630 357 1250 0
630 1468 928 0
632 619 158 0
632 1256 1492 0
633 3 166 0
633 371 159 0
634 161 1274 0
634 364 161 0
635 1996 1268 0
636 363 959 0
636 628 363 0
636 959 1265 0
637 963 1278 0
637 1278 1504 0
637 1504 1505 0
638 641 966 0
638 962 1274 0
639 965 1651 0
639 1513 1649 0
640 366 646 0
640 972 973 0
641 366 967 0
643 232 235 0
643 642 1288 0
645 967 640 0
645 973 969 0
646 366 364 0
646 368 972 0
647 969 973 0
647 1288 969 0
648 974 1656 0
648 977 371 0
649 160 1791 0
649 977 1292 0
649 1291 361 0
650 1294 1296 0
651 12 220 0
651 729 727 0
652 375 1725 0
652 604 337 0
654 218 920 0
654 1952 218 0
655 377 170 0
655 656 220 0
656 655 170 0
657 378 1523 0
657 746 440 0
657 983 746 0
657 1523 1522 0
658 172 761 0
658 465 1352 0
659 173 984 0
659 350 381 0
659 984 1761 0
660 65 1807 0
660 379 1525 0
661 383 1851 0
661 660 1301 0
661 1234 1852 0
661 1301 1938 0
662 383 984 0
662 384 936 0
662 936 937 0
663 175 1796 0
663 1006 175 0
663 1796 1828 0
664 1008 388 0
664 1827 1920 0
665 386 393 0
666 16 390 0
666 390 1970 0
667 179 987 0
668 667 986 0
668 986 988 0
669 993 995 0
669 994 1551 0
669 995 1305 0
670 396 998 0
670 997 1969 0
671 402 668 0
671 668 988 0
672 15 676 0
672 676 677 0
672 677 999 0
673 899 588 0
673 1307 1308 0
674 1794 69 0
675 1718 1451 0
676 15 1448 0
676 591 906 0
676 906 1961 0
676 1448 591 0
677 397 999 0
677 676 1961 0
678 677 1961 0
678 906 1450 0
678 1004 677 0
679 20 1980 0
680 70 1959 0
680 397 1004 0
680 1004 1309 0
682 1007 683 0
682 1009 1970 0
683 1006 1008 0
683 1009 682 0
684 395 1009 0
684 683 1008 0
685 23 190 0
686 1531 1011 0
687 996 1305 0
687 1658 996 0
688 1014 1316 0
688 1312 1533 0
688 1319 1536 0
689 1013 1861 0
689 1020 1886 0
689 1200 1550 0
690 1016 1675 0
690 1325 1842 0
691 416 900 0
691 693 416 0
692 334 1207 0
693 691 417 0
693 694 53 0
694 596 53 0
694 1018 1045 0
694 1045 596 0
695 418 1313 0
695 595 697 0
695 1313 1534 0
695 1962 79 0
696 1019 1021 0
696 1020 1311 0
696 1311 1549 0
697 138 1022 0
697 1022 1549 0
699 1552 1331 0
699 1731 1322 0
700 197 1026 0
700 419 1535 0
700 1332 419 0
701 419 1332 0
701 1033 1043 0
701 1043 1044 0
702 424 1023 0
702 1023 1334 0
703 191 422 0
703 422 1028 0
703 1028 1764 0
704 1024 1025 0
704 1025 1026 0
704 1026 1329 0
705 1027 1030 0
706 200 708 0
706 1554 1890 0
707 425 1033 0
707 701 1332 0
707 1033 701 0
708 200 713 0
708 431 714 0
709 200 1023 0
709 424 1829 0
710 204 712 0
710 712 1032 0
710 1032 1889 0
711 430 1889 0
712 204 715 0
712 431 1032 0
712 715 716 0
713 709 1889 0
714 431 716 0
714 716 717 0
714 1033 425 0
715 433 716 0
715 1037 1337 0
715 1932 1037 0
716 433 717 0
718 313 132 0
719 1034 723 0
719 1035 1557 0
719 1036 1922 0
719 1922 1923 0
720 434 1034 0
720 435 892 0
720 1034 1923 0
721 1036 1335 0
721 1037 1038 0
721 1922 1036 0
722 435 1039 0
722 1039 1336 0
722 1336 1887 0
723 207 1035 0
723 1034 1962 0
724 207 1317 0
724 436 1558 0
725 436 1540 0
727 441 651 0
727 730 441 0
727 1071 460 0
729 220 656 0
730 211 731 0
730 447 442 0
731 211 187 0
731 441 730 0
732 444 1052 0
732 446 444 0
733 211 445 0
734 449 1051 0
734 1063 449 0
735 736 737 0
736 748 1342 0
736 823 737 0
736 824 823 0
736 1342 1049 0
737 1343 735 0
738 1050 1052 0
739 27 1913 0
739 450 830 0
739 830 1924 0
739 1799 254 0
740 413 448 0
741 213 740 0
741 451 1954 0
742 1055 215 0
743 1346 740 0
744 216 1055 0
744 1056 1934 0
744 1057 1562 0
744 1563 1056 0
745 1347 1061 0
746 981 1047 0
747 1339 1298 0
748 735 449 0
748 736 735 0
748 1063 1981 0
749 217 821 0
749 456 1349 0
749 821 822 0
749 1349 1566 0
750 456 751 0
750 751 455 0
750 1066 1683 0
750 1349 456 0
751 456 1146 0
751 1067 455 0
752 457 754 0
752 1069 755 0
753 457 1600 0
753 458 1068 0
754 457 1068 0
755 820 1695 0
755 1069 1404 0
756 257 849 0
756 1070 1350 0
757 219 83 0
757 228 219 0
757 765 228 0
758 230 1939 0
759 1351 762 0
760 759 762 0
760 2002 759 0
761 469 1075 0
762 763 1472 0
762 764 760 0
762 1075 763 0
762 1351 1075 0
763 227 1236 0
764 466 760 0
765 470 1356 0
765 757 470 0
765 1078 471 0
765 1356 1078 0
766 225 1077 0
766 1077 1355 0
767 1079 1360 0
767 1360 1361 0
767 1868 1869 0
767 1869 1903 0
768 1830 1863 0
768 1845 1891 0
768 1863 1899 0
768 1891 1905 0
769 1083 1352 0
770 1831 1835 0
770 1834 1895 0
770 1993 1834 0
771 231 1568 0
771 1568 1836 0
771 1836 1993 0
772 235 478 0
772 478 1089 0
772 1088 1090 0
772 1090 642 0
773 784 488 0
773 1088 1089 0
773 1089 784 0
773 1091 1088 0
774 477 922 0
774 923 1087 0
774 1087 1084 0
775 483 778 0
776 92 236 0
777 482 778 0
778 481 775 0
779 1107 1100 0
779 1371 785 0
780 241 1097 0
780 484 781 0
780 488 241 0
780 1097 1098 0
781 488 780 0
781 773 488 0
781 1091 773 0
782 779 1100 0
782 1371 779 0
783 1378 1108 0
784 241 488 0
786 1097 1109 0
786 1109 1368 0
787 489 788 0
787 784 1369 0
788 489 1110 0
789 494 1112 0
789 1111 1574 0
790 797 794 0
791 493 1378 0
791 1378 1573 0
791 1574 792 0
792 816 493 0
793 790 794 0
793 794 1105 0
793 1105 1106 0
794 789 1574 0
794 1574 1105 0
795 783 1108 0
795 815 1747 0
795 1108 814 0
795 1374 783 0
796 799 1593 0
796 1593 1630 0
797 789 794 0
797 790 1595 0
798 244 246 0
799 1379 1112 0
800 95 798 0
800 798 1113 0
801 1116 1387 0
801 1387 1986 0
802 1117 1118 0
802 1118 1120 0
803 583 1960 0
803 1125 1963 0
804 1972 1982 0
805 499 1217 0
805 917 1974 0
805 1974 2003 0
806 812 813 0
806 915 807 0
806 1719 1213 0
807 812 806 0
807 1127 1394 0
807 1394 1693 0
808 247 1983 0
808 1579 1580 0
808 1580 1988 0
809 1128 1983 0
809 1129 810 0
809 1212 1458 0
809 1625 1128 0
811 247 1381 0
811 1381 1382 0
811 2004 1390 0
814 816 1585 0
814 1585 815 0
815 795 814 0
815 1689 1393 0
816 792 1137 0
816 1137 1586 0
816 1586 1690 0
817 1140 502 0
817 1694 1596 0
818 1149 1401 0
818 1606 1159 0
819 842 1160 0
819 1149 818 0
820 755 1404 0
820 1143 1695 0
821 505 822 0
821 753 1600 0
821 1600 505 0
823 1147 1766 0
823 1766 1559 0
824 736 1049 0
824 1147 823 0
825 252 1150 0
825 826 1707 0
825 1150 507 0
826 507 1698 0
826 825 507 0
826 1698 1409 0
827 828 1150 0
828 253 1410 0
828 507 1150 0
828 827 253 0
829 509 1560 0
829 831 1152 0
829 1152 1936 0
830 216 1934 0
830 509 1924 0
830 1056 1344 0
831 829 1560 0
831 1560 1736 0
832 837 839 0
832 1155 837 0
832 1184 1704 0
832 1704 1154 0
834 833 1154 0
834 1409 1597 0
834 1597 833 0
835 1059 1058 0
836 513 514 0
836 514 1157 0
836 1157 1158 0
837 1155 1604 0
837 1604 1699 0
838 840 841 0
838 1156 1413 0
840 519 517 0
840 838 263 0
841 516 1158 0
841 517 516 0
841 1158 1414 0
842 518 1141 0
842 1141 1160 0
842 1159 1416 0
843 263 1413 0
843 1413 1896 0
844 843 1837 0
844 845 846 0
845 518 1416 0
845 844 1837 0
845 1403 846 0
846 1142 1404 0
847 264 39 0
848 850 552 0
848 868 869 0
849 257 1163 0
849 527 756 0
850 287 552 0
851 42 531 0
851 111 42 0
851 531 1166 0
851 1166 1607 0
852 276 533 0
853 535 1169 0
853 1168 1167 0
854 852 1168 0
854 1168 1169 0
854 1169 1170 0
855 245 1847 0
855 535 856 0
855 1119 245 0
855 1575 1576 0
856 535 1171 0
856 1577 1575 0
857 539 1714 0
857 1422 1172 0
859 537 1713 0
859 1424 860 0
859 1713 1715 0
859 1714 1424 0
860 283 538 0
860 537 859 0
861 8 274 0
861 540 115 0
862 281 1175 0
862 1175 1425 0
863 533 276 0
863 1175 43 0
864 541 612 0
864 612 925 0
864 925 147 0
865 524 871 0
865 525 524 0
866 117 1984 0
866 121 549 0
866 1984 1987 0
867 866 1987 0
868 550 869 0
868 551 872 0
868 848 552 0
869 550 870 0
870 267 1800 0
870 550 871 0
871 1838 865 0
872 548 1838 0
873 294 127 0
874 128 1187 0
874 1187 1940 0
875 297 565 0
875 1185 302 0
876 506 1182 0
876 558 1916 0
876 1182 1705 0
876 1937 558 0
877 559 1919 0
878 561 1955 0
878 1183 1189 0
879 255 1907 0
879 556 1821 0
879 1821 1839 0
880 301 1822 0
880 1822 1823 0
880 1826 126 0
881 510 882 0
881 564 1613 0
881 839 510 0
881 1184 839 0
882 510 1816 0
882 1816 1819 0
882 1819 1824 0
883 566 1874 0
884 303 1826 0
884 567 1825 0
885 570 886 0
886 319 320 0
886 570 887 0
887 308 1966 0
887 570 308 0
887 1433 579 0
888 308 1999 0
890 131 561 0
890 312 1911 0
891 204 432 0
891 577 1336 0
891 1038 1932 0
892 722 1040 0
892 1040 2000 0
893 1058 1347 0
893 1062 1190 0
894 835 1058 0
894 1190 1441 0
894 1441 1618 0
895 1435 1440 0
895 1436 1925 0
895 1925 1926 0
896 331 597 0
896 597 596 0
898 323 52 0
899 341 588 0
899 589 137 0
899 673 589 0
900 196 691 0
900 692 1206 0
901 1196 1674 0
901 1198 1204 0
901 1674 1735 0
902 1445 1447 0
902 1446 1445 0
902 1550 1200 0
903 15 991 0
903 1201 1448 0
903 1676 1782 0
903 1782 1201 0
904 591 1449 0
905 904 324 0
905 1203 1717 0
906 591 905 0
906 678 1961 0
906 905 1717 0
907 135 592 0
907 592 1967 0
907 910 135 0
908 1203 1967 0
908 1718 1717 0
909 139 416 0
909 416 693 0
909 693 53 0
910 590 1452 0
910 907 590 0
910 1207 600 0
911 1204 1205 0
911 1205 1206 0
911 1206 1207 0
911 1207 1452 0
912 17 67 0
912 140 400 0
912 401 1208 0
913 1209 1622 0
913 1210 1211 0
913 1211 1454 0
914 1215 1968 0
914 1628 1215 0
915 916 807 0
915 1213 1459 0
915 1214 916 0
916 1214 1460 0
917 1130 1974 0
917 1217 1977 0
918 498 338 0
918 584 498 0
918 605 1217 0
919 608 1524 0
919 654 920 0
919 1524 1219 0
921 339 609 0
922 1092 1464 0
922 1220 774 0
922 1464 1220 0
923 774 1220 0
924 95 1222 0
924 1222 1466 0
925 342 55 0
925 1632 342 0
926 251 927 0
926 1633 1749 0
927 148 1633 0
927 251 34 0
928 616 1225 0
928 617 630 0
929 347 933 0
929 933 1225 0
929 1225 1840 0
929 1235 347 0
929 1853 1235 0
930 616 1228 0
931 1228 1468 0
931 1469 1479 0
931 1479 1486 0
931 1486 1229 0
932 629 1927 0
932 957 629 0
932 1927 1941 0
933 618 1225 0
935 59 58 0
935 150 934 0
935 360 615 0
935 624 59 0
936 384 1231 0
936 1231 1232 0
937 936 1232 0
937 1232 1233 0
938 347 1235 0
938 1235 1854 0
938 1850 1232 0
939 1471 1900 0
939 1841 1856 0
939 1849 1841 0
940 1237 1240 0
940 1473 1475 0
940 1475 1857 0
941 622 1226 0
941 1508 467 0
942 1241 1726 0
942 1310 403 0
943 354 1230 0
943 355 354 0
944 618 153 0
945 29 1244 0
946 156 1267 0
946 1951 156 0
947 11 1226 0
947 1226 1227 0
947 1227 1229 0
947 1229 1277 0
947 1277 1480 0
947 1480 1481 0
948 156 1951 0
949 1247 1483 0
949 1641 1493 0
950 1493 1491 0
951 952 1928 0
951 953 954 0
951 1487 1251 0
952 357 1928 0
952 1251 1469 0
953 631 954 0
953 951 1928 0
953 1495 631 0
953 1644 1639 0
954 631 955 0
954 955 1487 0
955 631 956 0
955 956 1252 0
956 1642 1948 0
956 1780 1642 0
957 632 1492 0
957 932 149 0
958 1256 1255 0
958 1257 1494 0
958 1494 1496 0
958 1496 1256 0
958 1638 1257 0
959 634 1273 0
961 635 1266 0
961 948 1269 0
961 1266 948 0
961 1269 1500 0
962 638 1275 0
962 1272 1758 0
962 1273 1274 0
963 637 1276 0
963 1276 1480 0
963 1277 1506 0
964 1279 1507 0
964 1507 1649 0
964 1513 1516 0
965 365 1511 0
965 639 1276 0
965 1276 1281 0
965 1511 1651 0
966 641 1282 0
966 1275 638 0
966 1282 1511 0
967 645 1289 0
967 1282 641 0
967 1289 1781 0
968 367 644 0
968 644 1366 0
968 1287 2001 0
968 1772 1287 0
969 1364 1085 0
970 971 2002 0
970 1283 971 0
971 1654 2002 0
972 640 646 0
972 647 973 0
973 645 640 0
974 371 633 0
974 633 650 0
974 650 1296 0
974 1296 1520 0
975 372 1979 0
975 978 372 0
976 1485 950 0
976 1490 1929 0
976 1491 1490 0
977 648 1292 0
977 649 1791 0
977 1791 62 0
978 61 1291 0
978 649 1292 0
978 1291 649 0
979 1645 1293 0
980 1258 1297 0
980 1476 1477 0
980 1477 1478 0
980 1520 1476 0
981 454 1298 0
981 746 983 0
981 983 1930 0
982 606 141 0
982 652 1725 0
982 1725 1724 0
983 374 1930 0
983 375 374 0
983 657 1522 0
984 383 1938 0
985 405 1302 0
985 1302 1657 0
985 1525 379 0
986 667 987 0
986 987 1011 0
986 1304 988 0
987 179 686 0
988 999 671 0
988 1304 1969 0
990 672 989 0
990 989 1306 0
990 991 15 0
990 1306 991 0
991 1306 1527 0
991 1658 1676 0
991 1676 903 0
992 670 1969 0
993 74 415 0
993 669 1330 0
993 1552 74 0
993 1728 1552 0
994 669 1305 0
994 1305 996 0
995 687 1305 0
995 993 415 0
995 1326 687 0
996 998 994 0
996 1527 998 0
997 670 998 0
997 988 1969 0
997 989 988 0
997 998 1527 0
999 397 671 0
999 988 989 0
999 989 672 0
1000 327 1308 0
1000 1001 136 0
1000 1002 1001 0
1000 1308 1307 0
1001 182 593 0
1001 326 136 0
1002 69 182 0
1003 70 1309 0
1003 181 20 0
1003 335 70 0
1003 675 181 0
1003 1309 1202 0
1005 404 1007 0
1005 942 185 0
1005 1007 1310 0
1005 1310 942 0
1006 388 1008 0
1006 663 388 0
1006 683 1007 0
1007 682 1310 0
1008 664 394 0
1009 666 1970 0
1009 683 684 0
1010 682 1970 0
1010 1310 682 0
1011 987 686 0
1011 1304 986 0
1011 1664 1304 0
1012 418 1858 0
1012 1312 1316 0
1013 689 1550 0
1013 1315 1859 0
1013 1859 1878 0
1014 688 1536 0
1015 1321 1667 0
1015 1538 1539 0
1015 1667 197 0
1016 690 1315 0
1016 1315 1314 0
1016 1547 1675 0
1017 1325 1545 0
1017 1326 1327 0
1017 1327 1548 0
1017 1545 1733 0
1018 417 1019 0
1018 1444 1045 0
1019 696 1022 0
1020 689 1328 0
1020 696 1021 0
1020 1021 1931 0
1021 196 1931 0
1021 417 691 0
1022 696 1549 0
1022 1018 1019 0
1023 200 1555 0
1024 704 1553 0
1024 707 1332 0
1024 1553 1554 0
1025 700 1026 0
1025 1024 1332 0
1026 698 1329 0
1027 199 1030 0
1027 705 1028 0
1028 705 1532 0
1028 1532 1764 0
1029 1333 1661 0
1029 1661 1876 0
1029 1844 1862 0
1029 1862 1890 0
1030 199 1957 0
1030 421 1031 0
1030 1031 1843 0
1030 1877 705 0
1031 702 1334 0
1031 1334 1844 0
1033 714 717 0
1033 717 1043 0
1034 79 1962 0
1034 719 1923 0
1035 719 723 0
1035 724 1558 0
1036 719 1557 0
1036 1556 1335 0
1037 721 1335 0
1037 1335 1337 0
1038 891 1336 0
1038 1037 1932 0
1038 1039 721 0
1039 1038 1336 0
1039 1922 721 0
1040 133 1933 0
1040 1887 316 0
1040 1933 2000 0
1041 1043 1042 0
1041 1556 1558 0
1042 433 1337 0
1042 717 433 0
1042 1043 717 0
1042 1337 1556 0
1042 1556 1041 0
1043 725 1044 0
1043 1041 725 0
1044 725 1537 0
1045 1444 1716 0
1046 1073 1072 0
1046 1338 1564 0
1046 1564 462 0
1047 981 1298 0
1047 1340 1341 0
1048 733 445 0
1049 1603 824 0
1050 738 1343 0
1051 447 734 0
1051 1052 444 0
1052 1051 738 0
1053 743 448 0
1053 1050 1559 0
1053 1054 1677 0
1054 1053 1559 0
1054 1147 1788 0
1055 82 215 0
1055 742 1057 0
1055 1057 744 0
1056 830 1934 0
1056 1740 1344 0
1057 742 1346 0
1058 1059 1347 0
1059 459 1347 0
1059 1064 459 0
1060 512 835 0
1060 835 894 0
1060 858 452 0
1060 1442 858 0
1061 459 462 0
1061 462 1564 0
1061 747 745 0
1062 581 1438 0
1062 893 745 0
1062 1438 1193 0
1063 734 1348 0
1063 1072 1074 0
1063 1074 1981 0
1063 1348 1072 0
1064 1059 1065 0
1065 258 1684 0
1065 512 258 0
1065 1059 835 0
1065 1684 1064 0
1066 750 455 0
1066 1565 1683 0
1067 1074 455 0
1067 1342 1981 0
1068 104 256 0
1069 265 1404 0
1069 752 521 0
1070 104 458 0
1070 458 1566 0
1070 1566 1567 0
1071 727 1341 0
1072 1073 1074 0
1073 455 1074 0
1073 462 1565 0
1073 1565 1066 0
1074 1067 1981 0
1075 1351 465 0
1076 764 1634 0
1076 1634 1883 0
1076 1635 466 0
1077 758 1357 0
1077 1357 1866 0
1079 767 1903 0
1079 1864 1902 0
1080 470 1355 0
1080 767 1361 0
1080 1868 767 0
1081 1357 1939 0
1081 1845 1899 0
1082 1300 1287 0
1082 1997 1569 0
1083 658 1352 0
1083 769 231 0
1085 645 969 0
1085 1364 644 0
1086 1078 1571 0
1086 1571 1785 0
1086 1741 1365 0
1086 1785 1741 0
1088 1091 1092 0
1089 1088 772 0
1089 1369 784 0
1090 477 642 0
1090 922 477 0
1090 1092 922 0
1091 781 1099 0
1092 1090 1088 0
1092 1372 1096 0
1093 1989 1370 0
1094 240 1368 0
1094 483 32 0
1094 1110 777 0
1095 787 1369 0
1095 1369 480 0
1096 1627 1464 0
1097 241 788 0
1097 786 785 0
1097 788 1109 0
1098 782 484 0
1098 1371 782 0
1099 484 1102 0
1099 1102 1743 0
1099 1743 1989 0
1100 1101 782 0
1101 1100 1375 0
1101 1102 782 0
1101 1375 1373 0
1102 484 782 0
1102 1373 1743 0
1103 1373 1971 0
1103 1460 1370 0
1105 791 1573 0
1107 1377 1376 0
1108 493 814 0
1109 788 1110 0
1109 1110 1368 0
1110 1094 1368 0
1111 789 1112 0
1111 792 1574 0
1111 1112 1588 0
1111 1588 1137 0
1112 494 799 0
1112 1379 1990 0
1113 496 1380 0
1113 1118 496 0
1113 1380 800 0
1114 800 1380 0
1114 1380 1775 0
1114 1465 495 0
1115 1379 796 0
1115 1465 1114 0
1116 801 1686 0
1117 496 1118 0
1117 1385 1386 0
1118 1113 1121 0
1119 1120 497 0
1120 1119 802 0
1120 1965 96 0
1121 246 1965 0
1121 798 246 0
1121 1113 798 0
1121 1120 1118 0
1122 854 1170 0
1123 856 1171 0
1124 1701 1435 0
1125 803 1956 0
1125 1434 1963 0
1125 1956 1973 0
1126 1132 1131 0
1126 1956 2003 0
1127 807 916 0
1127 1103 1971 0
1127 1460 1103 0
1128 808 1983 0
1128 1579 808 0
1129 809 1983 0
1130 810 1132 0
1130 1132 1964 0
1130 1216 810 0
1130 1964 1974 0
1131 1133 1390 0
1131 1390 1391 0
1131 1973 1126 0
1132 810 1129 0
1132 1126 1964 0
1133 811 1390 0
1133 1131 1132 0
1133 1132 1129 0
1134 804 1982 0
1134 1123 1392 0
1134 1392 804 0
1135 813 812 0
1135 1773 1745 0
1136 813 1745 0
1136 1128 1625 0
1136 1389 813 0
1137 792 1111 0
1139 101 503 0
1139 503 1224 0
1139 1224 1594 0
1140 242 502 0
1140 817 1596 0
1141 518 1897 0
1142 820 1404 0
1142 846 1403 0
1142 1403 1752 0
1143 820 1144 0
1143 1144 1145 0
1144 820 1142 0
1144 1142 1752 0
1145 1144 1405 0
1146 822 1697 0
1147 1054 1766 0
1148 504 1698 0
1148 1160 504 0
1149 819 1148 0
1150 252 827 0
1151 508 1149 0
1151 828 508 0
1151 1148 1698 0
1151 1149 1148 0
1152 506 1936 0
1152 827 252 0
1152 831 1411 0
1152 1411 827 0
1153 826 1409 0
1153 834 1614 0
1153 1409 834 0
1153 1614 1708 0
1154 1155 832 0
1154 1614 834 0
1155 833 1412 0
1155 1154 833 0
1155 1412 1604 0
1156 837 1699 0
1156 838 1415 0
1156 839 837 0
1157 514 1846 0
1158 1157 1414 0
1159 819 818 0
1159 842 819 0
1160 1141 1398 0
1160 1148 819 0
1161 1162 1399 0
1161 1407 1751 0
1161 1751 1599 0
1162 1161 1599 0
1162 1599 1606 0
1163 532 1417 0
1163 1417 1700 0
1163 1700 849 0
1165 282 111 0
1165 851 1607 0
1166 530 1418 0
1166 1418 1607 0
1167 536 1422 0
1167 1421 280 0
1168 113 536 0
1168 853 1169 0
1169 535 1847 0
1170 96 1122 0
1170 497 96 0
1170 1169 1847 0
1172 539 857 0
1173 1419 1191 0
1173 1423 1174 0
1174 280 1173 0
1174 1123 1171 0
1174 1171 280 0
1175 281 43 0
1176 540 861 0
1177 545 546 0
1177 546 1975 0
1178 873 1432 0
1178 1432 1940 0
1180 296 1937 0
1180 1873 1181 0
1181 565 124 0
1182 825 1707 0
1182 1615 1705 0
1184 832 839 0
1184 881 1613 0
1184 1613 1704 0
1185 875 1873 0
1185 1431 1874 0
1186 883 1431 0
1186 1431 1944 0
1186 1944 1945 0
1187 884 1872 0
1187 1426 1940 0
1188 572 1189 0
1188 1433 1966 0
1190 894 1058 0
1190 1058 893 0
1190 1062 1441 0
1191 1701 1124 0
1191 1963 1434 0
1192 581 582 0
1192 1436 1985 0
1192 1438 581 0
1193 1441 1062 0
1193 1709 1441 0
1193 2005 1439 0
1194 594 439 0
1194 1716 1444 0
1195 900 1206 0
1195 1205 1445 0
1195 1445 1446 0
1196 901 1197 0
1197 901 1204 0
1197 1204 1452 0
1198 901 1735 0
1198 1445 1205 0
1198 1447 1445 0
1199 902 1546 0
1199 1016 1314 0
1199 1546 1547 0
1199 1547 1016 0
1200 1886 1446 0
1201 591 1448 0
1202 675 1003 0
1202 1450 1718 0
1203 324 590 0
1203 907 1967 0
1203 908 1717 0
1204 911 1452 0
1204 1198 1205 0
1206 692 1207 0
1206 1205 1195 0
1207 910 1452 0
1208 140 912 0
1208 335 679 0
1208 601 335 0
1209 913 606 0
1209 914 336 0
1210 913 1622 0
1210 1453 1623 0
1211 1210 1624 0
1211 1455 1456 0
1212 809 810 0
1212 810 1216 0
1212 1216 1623 0
1213 915 806 0
1213 1621 1976 0
1214 603 1462 0
1214 915 1459 0
1215 603 1968 0
1215 1628 1627 0
1216 917 1455 0
1216 1130 917 0
1217 499 918 0
1217 605 1977 0
1217 917 805 0
1218 1087 923 0
1218 1626 607 0
1218 1760 1626 0
1219 378 170 0
1220 609 923 0
1220 1464 1627 0
1221 585 586 0
1222 495 1465 0
1222 1465 1748 0
1223 613 1466 0
1223 1466 1720 0
1223 1632 925 0
1225 616 1840 0
1226 930 1227 0
1227 930 1228 0
1228 616 1468 0
1228 1229 1227 0
1229 1228 931 0
1230 356 1941 0
1231 938 1232 0
1233 383 937 0
1233 1232 1850 0
1233 1849 1851 0
1234 468 1852 0
1234 661 1851 0
1234 1851 1900 0
1235 1237 1854 0
1236 939 1474 0
1236 1471 939 0
1236 1634 1472 0
1237 940 1857 0
1237 1235 1853 0
1238 226 1473 0
1238 467 226 0
1238 1240 941 0
1239 1855 1857 0
1240 1237 1853 0
1240 1238 940 0
1241 1526 1726 0
1242 164 627 0
1242 234 89 0
1243 362 628 0
1243 628 1261 0
1244 627 1243 0
1244 1243 1261 0
1245 1276 1649 0
1246 949 1493 0
1246 950 1485 0
1246 1247 949 0
1246 1248 1636 0
1247 1246 1636 0
1248 1498 1636 0
1249 1271 1506 0
1249 1479 1251 0
1249 1502 1271 0
1250 357 952 0
1250 952 1469 0
1251 952 951 0
1251 1487 1488 0
1251 1488 1249 0
1252 946 1488 0
1252 956 1253 0
1252 1253 946 0
1253 956 1948 0
1253 1948 1951 0
1254 957 1492 0
1254 1492 1644 0
1255 359 1489 0
1255 1489 1638 0
1255 1638 958 0
1256 158 1255 0
1257 1491 1493 0
1258 1521 1297 0
1259 1261 628 0
1259 1268 1646 0
1259 1497 1260 0
1261 1259 1260 0
1261 1260 1262 0
1262 945 1244 0
1262 1244 1261 0
1262 1260 979 0
1262 1519 945 0
1263 1483 1247 0
1264 1247 1636 0
1264 1263 1247 0
1264 1498 1978 0
1264 1499 1263 0
1265 1268 636 0
1266 635 1759 0
1267 960 1648 0
1267 1270 1502 0
1267 1502 946 0
1268 1259 636 0
1268 1265 635 0
1269 948 1637 0
1270 1267 1648 0
1270 1504 1278 0
1271 1270 1278 0
1271 1278 1506 0
1271 1502 1270 0
1272 962 1275 0
1272 1275 1505 0
1272 1503 1758 0
1273 634 1274 0
1273 1265 959 0
1273 1758 1759 0
1275 365 1505 0
1275 966 365 0
1276 637 1281 0
1276 639 1649 0
1276 1245 1480 0
1277 963 1480 0
1278 963 1506 0
1279 226 467 0
1279 467 1508 0
1279 964 1280 0
1280 964 1516 0
1280 1516 1875 0
1281 637 1505 0
1282 967 1781 0
1282 1510 1511 0
1282 1781 1510 0
1283 970 1514 0
1283 1512 1650 0
1283 1514 1512 0
1283 1650 1723 0
1284 1514 1515 0
1284 1516 1517 0
1284 1875 1516 0
1285 642 477 0
1285 1288 642 0
1285 1365 1518 0
1286 465 1351 0
1286 759 1949 0
1286 1300 1352 0
1286 1351 759 0
1287 1300 2001 0
1288 647 643 0
1289 644 1723 0
1289 645 1085 0
1289 1085 644 0
1289 1723 1781 0
1290 978 975 0
1290 1929 1490 0
1291 358 361 0
1292 648 372 0
1293 1477 1476 0
1293 1519 979 0
1294 370 1655 0
1294 650 63 0
1295 1293 1476 0
1295 1296 1294 0
1295 1476 1296 0
1295 1655 1519 0
1296 1476 1520 0
1297 1520 980 0
1297 1521 1979 0
1298 1339 1047 0
1299 1522 1523 0
1299 1523 1524 0
1299 1524 1760 0
1300 1082 1363 0
1300 1286 1949 0
1300 1949 2001 0
1301 660 1525 0
1301 984 1938 0
1301 1950 1761 0
1302 14 185 0
1303 1528 1663 0
1303 1663 1665 0
1304 992 1969 0
1306 989 997 0
1306 997 1527 0
1307 588 18 0
1307 673 588 0
1307 674 1002 0
1307 1002 1000 0
1308 898 673 0
1309 70 680 0
1309 1004 1202 0
1310 1010 403 0
1311 1020 1328 0
1311 1328 1666 0
1311 1666 1858 0
1312 688 1316 0
1312 1012 1666 0
1312 1879 1533 0
1313 1012 1316 0
1314 1013 1550 0
1314 1550 1199 0
1315 690 1541 0
1315 1013 1314 0
1315 1541 1994 0
1316 1014 1534 0
1317 1014 1536 0
1317 1536 1668 0
1318 1859 1994 0
1318 1901 1860 0
1319 1533 1860 0
1319 1860 1901 0
1320 1537 1540 0
1320 1540 1668 0
1321 1015 1542 0
1321 1541 1669 0
1321 1543 1667 0
1322 1669 1842 0
1322 1731 1543 0
1323 1545 1675 0
1323 1546 1672 0
1323 1672 1734 0
1324 195 687 0
1324 687 1326 0
1324 1326 1733 0
1325 690 1675 0
1325 1017 1548 0
1325 1548 1842 0
1326 415 1327 0
1326 995 415 0
1326 1017 1733 0
1327 1322 1548 0
1328 689 1861 0
1328 1861 1879 0
1329 698 1331 0
1329 1729 704 0
1329 1763 1729 0
1330 669 1551 0
1330 1551 1659 0
1330 1659 1728 0
1331 698 1731 0
1331 1552 1763 0
1331 1731 699 0
1331 1763 1329 0
1332 700 1025 0
1333 1029 1890 0
1333 1553 1730 0
1334 1023 1555 0
1334 1555 1862 0
1336 577 1887 0
1337 1335 1556 0
1338 728 1071 0
1338 1348 728 0
1340 1047 1339 0
1340 1338 1071 0
1340 1564 1338 0
1341 440 746 0
1341 727 729 0
1341 746 1047 0
1341 1340 1071 0
1342 748 1981 0
1342 1067 1754 0
1342 1754 1049 0
1343 1559 1050 0
1344 1681 1560 0
1345 1561 1679 0
1345 1679 1680 0
1346 741 740 0
1346 742 741 0
1346 1682 1562 0
1347 745 893 0
1348 734 728 0
1348 1046 1072 0
1348 1338 1046 0
1349 1683 1684 0
1349 1684 1567 0
1350 257 756 0
1350 1070 1567 0
1350 1684 258 0
1352 465 1286 0
1352 1300 1363 0
1353 769 1569 0
1353 1569 1685 0
1353 1685 1902 0
1354 1863 1865 0
1354 1864 1870 0
1354 1865 1880 0
1355 1077 1866 0
1355 1866 1868 0
1356 1080 1361 0
1356 1361 1362 0
1356 1362 1078 0
1357 758 1939 0
1357 1081 1867 0
1358 1867 1899 0
1358 1870 1903 0
1359 1571 1362 0
1359 1685 1997 0
1360 1079 1685 0
1360 1362 1361 0
1362 1360 1359 0
1363 769 1352 0
1363 1569 769 0
1364 969 1653 0
1365 1285 1572 0
1365 1367 1086 0
1366 644 1364 0
1366 1653 1741 0
1367 1365 1572 0
1369 1089 478 0
1370 1461 1093 0
1371 1097 785 0
1371 1098 1097 0
1372 1091 1099 0
1372 1092 1091 0
1372 1093 1096 0
1372 1099 1989 0
1373 1102 1101 0
1373 1104 1971 0
1374 1100 485 0
1374 1592 1104 0
1375 1100 1374 0
1375 1104 1373 0
1375 1374 1104 0
1376 1105 1573 0
1376 1106 1105 0
1376 1377 1106 0
1376 1573 485 0
1377 779 785 0
1377 785 94 0
1377 1107 779 0
1378 783 485 0
1379 799 796 0
1379 1590 1990 0
1380 1744 1775 0
1381 247 808 0
1381 808 1988 0
1382 1116 1578 0
1382 1387 1116 0
1383 1384 1576 0
1383 1575 1577 0
1383 1577 1578 0
1383 1578 1686 0
1384 801 1386 0
1384 1383 1686 0
1385 802 1119 0
1385 1117 802 0
1385 1119 1576 0
1385 1384 1386 0
1386 801 1986 0
1386 1687 1117 0
1387 1381 1988 0
1387 1382 1381 0
1388 1585 1690 0
1389 1136 1625 0
1389 1719 813 0
1391 1390 2004 0
1392 1123 1174 0
1393 1135 812 0
1393 1689 1135 0
1393 1693 1747 0
1393 1747 815 0
1394 1592 1747 0
1394 1747 1693 0
1394 1971 1104 0
1395 1138 1631 0
1395 1630 1593 0
1395 1694 1138 0
1396 817 1594 0
1396 1138 1694 0
1396 1594 1224 0
1396 1777 1138 0
1397 494 797 0
1397 797 1595 0
1397 1395 1593 0
1397 1595 1694 0
1398 1412 1597 0
1398 1597 504 0
1398 1605 1412 0
1399 1162 1402 0
1399 1400 1598 0
1399 1601 1161 0
1400 1401 1770 0
1400 1770 1784 0
1401 1400 1402 0
1402 818 1401 0
1402 1400 1399 0
1402 1606 818 0
1403 520 1599 0
1403 845 520 0
1403 1599 1752 0
1405 1696 1145 0
1405 1752 1751 0
1406 1405 1751 0
1406 1751 1407 0
1406 1755 1696 0
1407 1161 1601 0
1408 1147 824 0
1409 504 1597 0
1410 253 1737 0
1410 1737 1771 0
1410 1770 508 0
1410 1771 1770 0
1411 253 827 0
1411 831 1736 0
1411 1737 253 0
1412 833 1597 0
1413 1156 1699 0
1413 1699 1896 0
1414 838 841 0
1414 1157 1415 0
1415 838 1414 0
1415 839 1156 0
1415 1157 1846 0
1416 520 845 0
1416 1159 1606 0
1417 1165 1607 0
1417 1607 1700 0
1418 1164 1700 0
1419 1608 1191 0
1420 1419 1421 0
1420 1619 1712 0
1421 1167 1422 0
1421 1419 1173 0
1421 1422 1420 0
1422 857 1420 0
1423 804 1392 0
1423 1392 1174 0
1423 1972 804 0
1424 539 283 0
1424 1714 539 0
1425 545 1176 0
1425 546 545 0
1425 1175 1609 0
1425 1176 862 0
1425 1609 544 0
1426 555 1178 0
1426 1178 1940 0
1426 1187 1872 0
1427 1428 1703 0
1427 1613 1943 0
1428 1427 1612 0
1428 1612 1706 0
1428 1614 1703 0
1428 1706 1708 0
1429 876 1705 0
1429 1180 1937 0
1429 1430 1180 0
1429 1881 1430 0
1430 1873 1180 0
1431 883 1874 0
1431 1185 1616 0
1431 1616 1944 0
1432 127 874 0
1432 874 1940 0
1433 887 1966 0
1433 1617 889 0
1434 1125 1972 0
1434 1173 1191 0
1434 1423 1173 0
1435 1701 1702 0
1435 1963 1124 0
1436 583 1925 0
1436 584 499 0
1436 895 1985 0
1437 1192 1985 0
1437 1193 1438 0
1437 1438 1192 0
1437 1985 2005 0
1440 1439 2005 0
1440 1702 1439 0
1440 1985 895 0
1442 1060 894 0
1443 51 896 0
1444 1018 138 0
1446 902 1200 0
1447 1198 1735 0
1447 1546 902 0
1449 1196 904 0
1449 1670 1196 0
1450 906 1717 0
1450 1004 678 0
1450 1202 1004 0
1450 1717 1718 0
1451 325 136 0
1453 1210 1622 0
1453 1458 1623 0
1454 1211 1456 0
1455 605 1456 0
1455 917 1977 0
1457 1213 1719 0
1457 1453 1621 0
1457 1625 1458 0
1457 1719 1389 0
1458 1212 1623 0
1458 1453 1457 0
1459 1213 1976 0
1460 1127 916 0
1460 1214 1461 0
1461 1214 1462 0
1461 1370 1460 0
1462 603 1215 0
1462 1093 1461 0
1462 1627 1093 0
1463 1218 923 0
1464 1092 1096 0
1465 1115 796 0
1466 1222 1629 0
1466 1467 1720 0
1467 1631 1777 0
1467 1778 1749 0
1468 630 1250 0
1468 1250 1469 0
1469 931 1468 0
1469 1251 1479 0
1470 617 345 0
1470 626 1941 0
1471 1234 1900 0
1471 1236 227 0
1472 763 1236 0
1472 764 762 0
1472 1634 764 0
1473 940 1238 0
1474 939 1856 0
1475 1635 1721 0
1475 1721 1884 0
1477 1293 1645 0
1478 1477 1645 0
1478 1647 1498 0
1480 1245 1481 0
1481 1245 1507 0
1481 1508 11 0
1482 1263 1499 0
1482 1499 1269 0
1483 1263 1482 0
1483 1482 1640 0
1484 980 1478 0
1484 1248 1258 0
1484 1258 980 0
1485 976 1521 0
1485 1248 1246 0
1485 1258 1248 0
1486 1277 1229 0
1486 1479 1249 0
1487 951 954 0
1487 955 1252 0
1487 1252 1488 0
1488 946 1502 0
1489 1490 1638 0
1490 1489 1290 0
1491 976 950 0
1492 1496 1639 0
1492 1639 1644 0
1493 950 1246 0
1494 1257 1641 0
1494 1495 1639 0
1494 1639 1496 0
1494 1641 1643 0
1495 1643 1757 0
1496 1492 1256 0
1497 979 1260 0
1497 1259 1646 0
1497 1645 979 0
1497 1646 1647 0
1498 1248 1484 0
1498 1264 1636 0
1498 1484 1478 0
1498 1647 1978 0
1499 1264 1501 0
1499 1500 1269 0
1499 1501 1500 0
1500 635 961 0
1500 1501 1996 0
1501 1264 1978 0
1501 1646 1996 0
1501 1647 1646 0
1502 1249 1488 0
1503 1270 1648 0
1503 1272 1504 0
1503 1648 1758 0
1504 1270 1503 0
1504 1272 1505 0
1506 1277 1486 0
1506 1486 1249 0
1507 1245 1649 0
1507 1279 1508 0
1508 941 11 0
1508 1481 1507 0
1509 226 1280 0
1509 1280 1875 0
1509 1635 1473 0
1510 1650 1517 0
1510 1651 1511 0
1512 1514 1284 0
1513 639 1651 0
1513 964 1649 0
1515 1509 1875 0
1516 1513 1517 0
1517 1512 1284 0
1517 1651 1510 0
1518 969 1288 0
1518 1288 1285 0
1518 1365 1653 0
1518 1653 969 0
1519 1262 979 0
1519 1293 1295 0
1520 1297 1656 0
1521 976 1929 0
1521 1258 1485 0
1522 1299 1725 0
1522 1725 375 0
1524 608 1626 0
1524 1523 1219 0
1525 985 1657 0
1525 1657 1950 0
1526 1241 382 0
1526 1657 1726 0
1526 1761 1950 0
1527 996 1658 0
1528 1303 1942 0
1528 1529 1659 0
1528 1659 1727 0
1528 1664 1663 0
1528 1727 1664 0
1529 1528 1942 0
1529 1662 1762 0
1530 1661 1662 0
1530 1942 1303 0
1531 411 1764 0
1531 686 411 0
1531 1663 1664 0
1531 1664 1011 0
1532 1303 1665 0
1532 1530 1303 0
1532 1665 1764 0
1533 1319 688 0
1534 207 723 0
1534 723 1962 0
1534 1014 207 0
1534 1313 1316 0
1536 1319 1668 0
1537 419 1044 0
1537 725 1540 0
1537 1320 1538 0
1537 1535 419 0
1538 197 1535 0
1538 1320 1539 0
1538 1535 1537 0
1539 1320 1668 0
1539 1542 1015 0
1539 1668 1901 0
1540 1317 1668 0
1541 1321 1542 0
1541 1542 1994 0
1541 1842 1669 0
1542 1318 1994 0
1542 1539 1901 0
1543 1321 1669 0
1544 1670 1782 0
1544 1671 1672 0
1544 1672 1673 0
1544 1673 1674 0
1544 1782 1671 0
1545 1323 1734 0
1545 1325 1675 0
1546 1323 1547 0
1546 1447 1673 0
1547 1323 1675 0
1549 1311 1858 0
1550 902 1199 0
1551 396 1727 0
1552 699 74 0
1552 1728 1763 0
1553 1333 1554 0
1553 1729 1730 0
1554 706 423 0
1554 1333 1890 0
1556 1036 1557 0
1556 1557 1558 0
1557 1035 1558 0
1559 737 823 0
1559 1343 737 0
1559 1766 1054 0
1560 1681 1736 0
1561 1345 1682 0
1561 1783 1679 0
1562 1057 1346 0
1562 1345 1563 0
1563 744 1562 0
1563 1345 1680 0
1563 1680 1740 0
1564 747 1061 0
1564 1339 747 0
1564 1340 1339 0
1565 461 1064 0
1566 458 217 0
1566 1349 1567 0
1568 1353 1902 0
1569 1363 1082 0
1570 1082 1742 0
1570 1359 1997 0
1571 1078 1362 0
1571 1359 1570 0
1571 1570 1785 0
1572 477 774 0
1572 774 1084 0
1572 1084 1367 0
1573 1378 485 0
1574 791 1105 0
1575 855 856 0
1575 1383 1576 0
1576 1119 855 0
1576 1384 1385 0
1577 856 1123 0
1577 1123 1134 0
1578 1116 1686 0
1578 1577 1134 0
1579 1128 1136 0
1579 1745 1773 0
1579 1773 1580 0
1580 1581 1988 0
1580 1688 1581 0
1581 1986 1988 0
1583 1584 1388 0
1583 1589 1746 0
1584 1585 1388 0
1584 1688 1582 0
1584 1689 1585 0
1585 816 1690 0
1586 1137 1588 0
1586 1587 1690 0
1586 1588 1691 0
1586 1691 1587 0
1587 1388 1690 0
1587 1589 1388 0
1588 1112 1990 0
1589 1583 1388 0
1589 1587 1691 0
1590 1379 1775 0
1590 1588 1990 0
1590 1691 1588 0
1590 1775 1991 0
1591 1386 1986 0
1591 1746 1786 0
1591 1786 1687 0
1592 1374 795 0
1592 1394 1104 0
1593 799 494 0
1594 502 1139 0
1595 491 490 0
1595 790 491 0
1596 1595 490 0
1596 1694 1595 0
1598 1400 1767 0
1598 1601 1399 0
1599 520 1606 0
1600 755 1695 0
1601 1408 1407 0
1601 1598 1750 0
1603 1049 1602 0
1603 1406 1407 0
1603 1407 1408 0
1603 1408 824 0
1604 1605 1699 0
1605 1141 1897 0
1605 1398 1141 0
1605 1604 1412 0
1606 1402 1162 0
1607 1418 1700 0
1608 1419 1420 0
1608 1420 1712 0
1608 1701 1191 0
1608 1702 1701 0
1608 1712 1702 0
1609 1175 863 0
1610 116 557 0
1610 551 552 0
1610 552 287 0
1610 557 1987 0
1611 1944 1947 0
1611 1946 1945 0
1612 1427 1882 0
1613 564 1946 0
1614 1428 1708 0
1614 1704 1703 0
1615 1182 1707 0
1615 1707 1708 0
1616 1430 1881 0
1616 1873 1430 0
1616 1881 1882 0
1616 1882 1947 0
1617 129 889 0
1617 1188 1189 0
1617 1433 1188 0
1618 1442 894 0
1619 1711 1712 0
1619 1715 1711 0
1620 439 897 0
1620 897 322 0
1621 336 1976 0
1621 1213 1457 0
1621 1453 1622 0
1622 336 1621 0
1622 1209 336 0
1623 1216 1624 0
1623 1624 1210 0
1624 1216 1455 0
1624 1455 1211 0
1625 809 1458 0
1625 1457 1389 0
1627 1096 1093 0
1627 1462 1215 0
1627 1628 1220 0
1628 914 921 0
1629 1222 1748 0
1629 1467 1466 0
1629 1631 1467 0
1630 1395 1631 0
1630 1629 1748 0
1630 1748 796 0
1631 1629 1630 0
1632 1223 1720 0
1632 1720 1756 0
1632 1779 342 0
1633 926 927 0
1634 1236 1474 0
1634 1474 1883 0
1635 1076 1721 0
1635 1475 1473 0
1635 1509 466 0
1637 948 1948 0
1637 1482 1269 0
1637 1640 1482 0
1638 1490 1491 0
1638 1491 1257 0
1639 1495 953 0
1640 1642 1780 0
1641 949 1722 0
1641 1257 1493 0
1642 1637 1948 0
1642 1640 1637 0
1643 1495 1494 0
1643 1722 1780 0
1644 953 1928 0
1646 1268 1996 0
1647 1478 1645 0
1647 1501 1978 0
1647 1645 1497 0
1650 1510 1781 0
1650 1512 1517 0
1650 1781 1723 0
1651 1517 1513 0
1652 970 760 0
1652 1514 970 0
1652 1515 1514 0
1653 1365 1741 0
1653 1366 1364 0
1654 968 2001 0
1654 1949 2002 0
1655 165 945 0
1655 945 1519 0
1655 1295 1294 0
1656 974 1520 0
1657 1302 1726 0
1657 1526 1950 0
1658 687 195 0
1658 991 1527 0
1659 1529 1660 0
1659 1551 1727 0
1659 1660 1728 0
1660 1529 1762 0
1660 1729 1763 0
1661 1333 1730 0
1661 1530 1876 0
1661 1730 1762 0
1662 1529 1942 0
1662 1661 1762 0
1663 1531 1665 0
1664 992 1304 0
1664 1727 992 0
1666 1012 1858 0
1666 1328 1879 0
1667 698 197 0
1667 1543 1731 0
1667 1731 698 0
1668 1319 1901 0
1669 1322 1543 0
1670 1201 1782 0
1670 1449 1201 0
1670 1544 1674 0
1670 1674 1196 0
1672 1546 1673 0
1672 1671 1734 0
1673 1447 1735 0
1674 1673 1735 0
1676 1658 195 0
1677 1054 1788 0
1677 1561 1678 0
1677 1783 1561 0
1677 1788 1783 0
1678 743 1053 0
1678 1053 1677 0
1678 1561 1682 0
1680 1679 1738 0
1680 1681 1740 0
1681 1344 1740 0
1681 1680 1739 0
1681 1739 1736 0
1682 743 1678 0
1682 1345 1562 0
1682 1346 743 0
1683 1064 1684 0
1683 1349 750 0
1683 1565 1064 0
1684 1350 1567 0
1685 1079 1902 0
1685 1359 1360 0
1685 1569 1997 0
1686 801 1384 0
1687 496 1117 0
1687 1386 1591 0
1688 1580 1773 0
1688 1584 1583 0
1689 815 1585 0
1689 1582 1135 0
1689 1584 1582 0
1691 1590 1774 0
1692 1581 1688 0
1692 1688 1583 0
1692 1986 1581 0
1693 812 807 0
1693 1393 812 0
1694 817 1396 0
1694 1395 1397 0
1695 505 1600 0
1696 1405 1406 0
1696 1697 1145 0
1696 1753 1697 0
1697 822 505 0
1698 507 1151 0
1699 1605 1896 0
1700 1164 849 0
1702 1440 1435 0
1702 1776 1439 0
1703 1613 1427 0
1703 1704 1613 0
1704 1614 1154 0
1705 1179 1429 0
1705 1615 1706 0
1706 1179 1705 0
1706 1612 1179 0
1706 1615 1708 0
1707 826 1153 0
1707 1153 1708 0
1709 1193 1439 0
1709 1439 1776 0
1709 1618 1441 0
1710 1442 1618 0
1710 1618 1709 0
1710 1709 1776 0
1710 1715 1713 0
1710 1776 1711 0
1713 858 1442 0
1713 1442 1710 0
1714 859 1715 0
1714 1420 857 0
1714 1619 1420 0
1715 1619 1714 0
1715 1710 1711 0
1716 596 1045 0
1716 1194 1620 0
1716 1443 896 0
1716 1620 1443 0
1718 675 1202 0
1718 908 1451 0
1719 806 813 0
1721 1076 1883 0
1721 1883 1884 0
1722 949 1483 0
1722 1483 1640 0
1722 1640 1780 0
1722 1643 1641 0
1723 367 1283 0
1724 1463 339 0
1724 1725 1760 0
1725 1299 1760 0
1726 185 942 0
1728 993 1330 0
1729 1553 704 0
1729 1660 1762 0
1730 1729 1762 0
1732 1324 1733 0
1732 1671 1765 0
1732 1734 1671 0
1733 1545 1734 0
1734 1732 1733 0
1737 1411 1736 0
1737 1736 1739 0
1738 1739 1680 0
1738 1787 1768 0
1740 1056 1563 0
1741 1772 1366 0
1742 1082 1287 0
1742 1287 1772 0
1742 1772 1785 0
1743 1103 1370 0
1743 1370 1989 0
1743 1373 1103 0
1744 1380 496 0
1744 1687 1786 0
1744 1774 1991 0
1745 813 1135 0
1745 1579 1136 0
1746 1591 1692 0
1746 1692 1583 0
1747 1592 795 0
1748 1465 796 0
1749 1633 1779 0
1749 1756 1467 0
1749 1779 1756 0
1750 1147 1408 0
1750 1408 1601 0
1750 1767 1787 0
1750 1787 1788 0
1751 1752 1599 0
1752 1405 1144 0
1753 751 1146 0
1753 1146 1697 0
1753 1602 1754 0
1753 1696 1755 0
1753 1754 751 0
1753 1755 1602 0
1754 1067 751 0
1754 1602 1049 0
1755 1406 1603 0
1755 1603 1602 0
1756 1720 1467 0
1757 631 1495 0
1757 956 631 0
1757 1643 1780 0
1758 1273 962 0
1758 1648 1759 0
1759 635 1265 0
1759 960 1266 0
1759 1265 1273 0
1759 1648 960 0
1760 1218 1463 0
1760 1463 1724 0
1760 1524 1626 0
1761 382 659 0
1761 984 1301 0
1763 1728 1660 0
1764 1665 1531 0
1765 195 1732 0
1765 1671 1782 0
1767 1400 1784 0
1767 1750 1598 0
1767 1784 1787 0
1768 1739 1738 0
1769 1737 1739 0
1769 1739 1768 0
1769 1770 1771 0
1769 1771 1737 0
1770 1401 508 0
1770 1769 1784 0
1772 968 1366 0
1773 1135 1582 0
1773 1582 1688 0
1774 1589 1691 0
1774 1590 1991 0
1774 1746 1589 0
1775 1115 1114 0
1775 1379 1115 0
1775 1744 1991 0
1776 1702 1712 0
1776 1712 1711 0
1777 1224 1778 0
1777 1396 1224 0
1777 1631 1138 0
1778 926 1749 0
1778 1224 926 0
1778 1467 1777 0
1779 1632 1756 0
1779 1633 342 0
1780 956 1757 0
1782 1676 1765 0
1783 1738 1679 0
1784 1769 1768 0
1785 1570 1742 0
1785 1772 1741 0
1786 1746 1774 0
1786 1774 1744 0
1787 1738 1783 0
1787 1783 1788 0
1787 1784 1768 0
1788 1147 1750 0
1789 56 157 0
1789 934 150 0
1790 290 557 0
1792 545 1177 0
1793 24 897 0
1794 19 69 0
1795 85 1828 0
1796 389 1798 0
1796 1795 1828 0
1797 86 1914 0
1797 472 1798 0
1797 1888 380 0
1799 102 1918 0
1799 739 1924 0
1799 1924 1995 0
1801 297 1804 0
1801 1804 1805 0
1801 1825 47 0
1802 299 560 0
1802 1803 298 0
1803 567 128 0
1803 1802 567 0
1804 303 1805 0
1805 884 1825 0
1806 47 310 0
1806 311 565 0
1807 1833 1813 0
1808 172 1831 0
1808 1831 1832 0
1808 1832 1811 0
1809 426 1810 0
1809 1912 198 0
1811 65 1852 0
1813 1833 1895 0
1814 475 1815 0
1814 1815 1893 0
1815 475 1895 0
1815 1834 1894 0
1816 103 1819 0
1816 1846 514 0
1817 293 1820 0
1817 1821 556 0
1818 563 1898 0
1818 1186 1848 0
1819 563 1824 0
1820 293 1823 0
1820 1822 1898 0
1821 1817 1820 0
1821 1820 1898 0
1822 1818 1898 0
1822 1820 1823 0
1823 568 880 0
1824 1818 1848 0
1825 560 47 0
1825 1801 1805 0
1826 880 568 0
1826 1872 884 0
1827 388 663 0
1827 663 1828 0
1827 664 388 0
1827 1828 1992 0
1828 85 1992 0
1830 473 1865 0
1830 768 1905 0
1831 474 1835 0
1831 770 1832 0
1832 770 1833 0
1832 1833 1811 0
1833 770 1895 0
1833 1807 65 0
1834 473 1894 0
1834 1815 1895 0
1835 771 1993 0
1836 473 1993 0
1836 1568 1880 0
1837 843 1896 0
1837 1896 1897 0
1838 871 550 0
1839 103 255 0
1839 1821 1898 0
1840 622 929 0
1841 1239 1856 0
1841 1849 1850 0
1841 1855 1239 0
1842 1541 690 0
1842 1548 1322 0
1843 1031 1844 0
1843 1844 1876 0
1844 1029 1876 0
1844 1334 1862 0
1845 768 1899 0
1845 1812 1891 0
1845 1935 1812 0
1846 1816 510 0
1848 1186 1945 0
1848 1945 1946 0
1849 939 1900 0
1849 1233 1850 0
1850 938 1855 0
1850 1855 1841 0
1851 1849 1900 0
1852 1892 1811 0
1853 622 1240 0
1853 929 622 0
1854 1855 938 0
1854 1857 1855 0
1856 1884 1474 0
1857 1854 1237 0
1857 1884 1239 0
1859 1315 1994 0
1859 1318 1878 0
1860 1878 1318 0
1861 1013 1878 0
1861 1878 1879 0
1862 1555 1890 0
1863 1354 1870 0
1863 1830 1865 0
1863 1870 1899 0
1864 1079 1903 0
1864 1354 1880 0
1864 1880 1902 0
1865 1836 1880 0
1866 1357 1867 0
1866 1867 1868 0
1867 1081 1899 0
1867 1869 1868 0
1868 1080 1355 0
1869 1358 1903 0
1869 1867 1358 0
1870 1358 1899 0
1870 1864 1903 0
1871 555 1426 0
1871 1426 1872 0
1872 1826 568 0
1873 875 1181 0
1873 1616 1185 0
1874 302 1185 0
1875 1284 1515 0
1876 1877 1843 0
1877 1030 1843 0
1877 1530 1532 0
1877 1532 705 0
1877 1876 1530 0
1878 1533 1879 0
1878 1860 1533 0
1879 1312 1666 0
1880 1568 1902 0
1881 1179 1612 0
1881 1429 1179 0
1881 1612 1882 0
1882 1427 1943 0
1882 1943 1947 0
1883 1474 1884 0
1884 1856 1239 0
1884 1857 1475 0
1885 202 1904 0
1886 1020 1931 0
1886 1200 689 0
1887 1040 722 0
1888 1797 229 0
1889 709 1829 0
1889 1032 713 0
1889 1829 711 0
1890 1555 706 0
1891 472 1914 0
1891 1812 472 0
1892 227 469 0
1892 1808 1811 0
1892 1852 468 0
1893 1815 1894 0
1893 1894 1905 0
1893 1914 86 0
1894 1830 1905 0
1896 1605 1897 0
1901 1318 1542 0
1907 255 1958 0
1908 278 1965 0
1909 311 1911 0
1910 1909 1911 0
1912 1809 420 0
1913 27 1999 0
1914 1893 1905 0
1914 1905 1891 0
1916 558 1918 0
1916 1936 506 0
1917 296 1919 0
1917 558 1937 0
1917 1918 558 0
1918 1917 559 0
1919 124 574 0
1920 222 664 0
1920 1992 387 0
1921 1980 183 0
1922 435 1923 0
1922 1039 435 0
1924 509 1995 0
1925 803 1926 0
1926 803 1963 0
1926 1435 895 0
1927 1470 1941 0
1929 1290 975 0
1929 1979 1521 0
1930 13 454 0
1932 715 204 0
1933 578 2000 0
1933 580 317 0
1935 1081 1939 0
1935 1845 1081 0
1936 1916 102 0
1937 876 1429 0
1942 1530 1662 0
1943 1611 1947 0
1943 1613 1946 0
1944 1611 1945 0
1944 1616 1947 0
1946 1611 1943 0
1948 948 1951 0
1949 759 2002 0
1949 1654 2001 0
1950 1301 1525 0
1951 946 1253 0
1952 654 28 0
1953 569 450 0
1953 1913 1999 0
1955 125 309 0
1956 803 1960 0
1956 1126 1973 0
1956 1960 2003 0
1959 398 402 0
1960 805 2003 0
1962 695 1534 0
1963 1191 1124 0
1963 1435 1926 0
1964 1126 2003 0
1965 1120 1121 0
1966 572 1188 0
1968 1459 1976 0
1971 1394 1127 0
1972 1423 1434 0
1973 1131 1391 0
1973 1972 1125 0
1973 1982 1972 0
1974 1964 2003 0
1979 1929 975 0
1980 1921 679 0
1982 1391 2004 0
1982 1973 1391 0
1984 1610 1987 0
1985 1440 2005 0
1986 1387 1988 0
1986 1692 1591 0
1989 1093 1372 0
1992 1920 1827 0
1993 770 1835 0
1995 102 1799 0
1996 635 1500 0
1997 1082 1570 0
2002 760 970 0
2004 811 500 0
2005 1193 1437 0

End
